model,layer,normalized_depth,pooling,condition,status,metric,value,n_train,n_eval,directions
trillionlabs/Tri-0.5B-Base,0,0.0,last_token,raw,ok,r1,0.0029296875,256,512,12
trillionlabs/Tri-0.5B-Base,0,0.0,last_token,aligned,ok,r1,0.0009765625,256,512,12
trillionlabs/Tri-0.5B-Base,0,0.0,last_token,delta,ok,r1,-0.001953125,256,512,12
trillionlabs/Tri-0.5B-Base,0,0.0,last_token,raw,ok,r5,0.013020833333333334,256,512,12
trillionlabs/Tri-0.5B-Base,0,0.0,last_token,aligned,ok,r5,0.0126953125,256,512,12
trillionlabs/Tri-0.5B-Base,0,0.0,last_token,delta,ok,r5,-0.0003255208333333333,256,512,12
trillionlabs/Tri-0.5B-Base,0,0.0,last_token,raw,ok,r10,0.022623697916666668,256,512,12
trillionlabs/Tri-0.5B-Base,0,0.0,last_token,aligned,ok,r10,0.02490234375,256,512,12
trillionlabs/Tri-0.5B-Base,0,0.0,last_token,delta,ok,r10,0.0022786458333333335,256,512,12
trillionlabs/Tri-0.5B-Base,0,0.0,last_token,raw,ok,mrr,0.012879829674285566,256,512,12
trillionlabs/Tri-0.5B-Base,0,0.0,last_token,aligned,ok,mrr,0.012738555796859103,256,512,12
trillionlabs/Tri-0.5B-Base,0,0.0,last_token,delta,ok,mrr,-0.00014127387742646655,256,512,12
trillionlabs/Tri-0.5B-Base,1,0.041666666666666664,last_token,raw,ok,r1,0.011393229166666666,256,512,12
trillionlabs/Tri-0.5B-Base,1,0.041666666666666664,last_token,aligned,ok,r1,0.014811197916666666,256,512,12
trillionlabs/Tri-0.5B-Base,1,0.041666666666666664,last_token,delta,ok,r1,0.00341796875,256,512,12
trillionlabs/Tri-0.5B-Base,1,0.041666666666666664,last_token,raw,ok,r5,0.036458333333333336,256,512,12
trillionlabs/Tri-0.5B-Base,1,0.041666666666666664,last_token,aligned,ok,r5,0.053385416666666664,256,512,12
trillionlabs/Tri-0.5B-Base,1,0.041666666666666664,last_token,delta,ok,r5,0.016927083333333332,256,512,12
trillionlabs/Tri-0.5B-Base,1,0.041666666666666664,last_token,raw,ok,r10,0.055989583333333336,256,512,12
trillionlabs/Tri-0.5B-Base,1,0.041666666666666664,last_token,aligned,ok,r10,0.08723958333333333,256,512,12
trillionlabs/Tri-0.5B-Base,1,0.041666666666666664,last_token,delta,ok,r10,0.03125,256,512,12
trillionlabs/Tri-0.5B-Base,1,0.041666666666666664,last_token,raw,ok,mrr,0.03257109091254651,256,512,12
trillionlabs/Tri-0.5B-Base,1,0.041666666666666664,last_token,aligned,ok,mrr,0.0447645844954726,256,512,12
trillionlabs/Tri-0.5B-Base,1,0.041666666666666664,last_token,delta,ok,mrr,0.012193493582926075,256,512,12
trillionlabs/Tri-0.5B-Base,2,0.08333333333333333,last_token,raw,ok,r1,0.024739583333333332,256,512,12
trillionlabs/Tri-0.5B-Base,2,0.08333333333333333,last_token,aligned,ok,r1,0.023600260416666668,256,512,12
trillionlabs/Tri-0.5B-Base,2,0.08333333333333333,last_token,delta,ok,r1,-0.0011393229166666667,256,512,12
trillionlabs/Tri-0.5B-Base,2,0.08333333333333333,last_token,raw,ok,r5,0.061848958333333336,256,512,12
trillionlabs/Tri-0.5B-Base,2,0.08333333333333333,last_token,aligned,ok,r5,0.07861328125,256,512,12
trillionlabs/Tri-0.5B-Base,2,0.08333333333333333,last_token,delta,ok,r5,0.016764322916666668,256,512,12
trillionlabs/Tri-0.5B-Base,2,0.08333333333333333,last_token,raw,ok,r10,0.09309895833333333,256,512,12
trillionlabs/Tri-0.5B-Base,2,0.08333333333333333,last_token,aligned,ok,r10,0.12320963541666667,256,512,12
trillionlabs/Tri-0.5B-Base,2,0.08333333333333333,last_token,delta,ok,r10,0.030110677083333332,256,512,12
trillionlabs/Tri-0.5B-Base,2,0.08333333333333333,last_token,raw,ok,mrr,0.05293150466542634,256,512,12
trillionlabs/Tri-0.5B-Base,2,0.08333333333333333,last_token,aligned,ok,mrr,0.060097314016036484,256,512,12
trillionlabs/Tri-0.5B-Base,2,0.08333333333333333,last_token,delta,ok,mrr,0.007165809350610139,256,512,12
trillionlabs/Tri-0.5B-Base,3,0.125,last_token,raw,ok,r1,0.032063802083333336,256,512,12
trillionlabs/Tri-0.5B-Base,3,0.125,last_token,aligned,ok,r1,0.031901041666666664,256,512,12
trillionlabs/Tri-0.5B-Base,3,0.125,last_token,delta,ok,r1,-0.00016276041666666666,256,512,12
trillionlabs/Tri-0.5B-Base,3,0.125,last_token,raw,ok,r5,0.08219401041666667,256,512,12
trillionlabs/Tri-0.5B-Base,3,0.125,last_token,aligned,ok,r5,0.08968098958333333,256,512,12
trillionlabs/Tri-0.5B-Base,3,0.125,last_token,delta,ok,r5,0.007486979166666667,256,512,12
trillionlabs/Tri-0.5B-Base,3,0.125,last_token,raw,ok,r10,0.123046875,256,512,12
trillionlabs/Tri-0.5B-Base,3,0.125,last_token,aligned,ok,r10,0.13395182291666666,256,512,12
trillionlabs/Tri-0.5B-Base,3,0.125,last_token,delta,ok,r10,0.010904947916666666,256,512,12
trillionlabs/Tri-0.5B-Base,3,0.125,last_token,raw,ok,mrr,0.06687215904549722,256,512,12
trillionlabs/Tri-0.5B-Base,3,0.125,last_token,aligned,ok,mrr,0.07103924507633273,256,512,12
trillionlabs/Tri-0.5B-Base,3,0.125,last_token,delta,ok,mrr,0.004167086030835525,256,512,12
trillionlabs/Tri-0.5B-Base,4,0.16666666666666666,last_token,raw,ok,r1,0.03271484375,256,512,12
trillionlabs/Tri-0.5B-Base,4,0.16666666666666666,last_token,aligned,ok,r1,0.032389322916666664,256,512,12
trillionlabs/Tri-0.5B-Base,4,0.16666666666666666,last_token,delta,ok,r1,-0.0003255208333333333,256,512,12
trillionlabs/Tri-0.5B-Base,4,0.16666666666666666,last_token,raw,ok,r5,0.08317057291666667,256,512,12
trillionlabs/Tri-0.5B-Base,4,0.16666666666666666,last_token,aligned,ok,r5,0.09895833333333333,256,512,12
trillionlabs/Tri-0.5B-Base,4,0.16666666666666666,last_token,delta,ok,r5,0.015787760416666668,256,512,12
trillionlabs/Tri-0.5B-Base,4,0.16666666666666666,last_token,raw,ok,r10,0.12288411458333333,256,512,12
trillionlabs/Tri-0.5B-Base,4,0.16666666666666666,last_token,aligned,ok,r10,0.14615885416666666,256,512,12
trillionlabs/Tri-0.5B-Base,4,0.16666666666666666,last_token,delta,ok,r10,0.023274739583333332,256,512,12
trillionlabs/Tri-0.5B-Base,4,0.16666666666666666,last_token,raw,ok,mrr,0.06716845885184365,256,512,12
trillionlabs/Tri-0.5B-Base,4,0.16666666666666666,last_token,aligned,ok,mrr,0.07435036668836077,256,512,12
trillionlabs/Tri-0.5B-Base,4,0.16666666666666666,last_token,delta,ok,mrr,0.007181907836517139,256,512,12
trillionlabs/Tri-0.5B-Base,5,0.20833333333333334,last_token,raw,ok,r1,0.0361328125,256,512,12
trillionlabs/Tri-0.5B-Base,5,0.20833333333333334,last_token,aligned,ok,r1,0.038899739583333336,256,512,12
trillionlabs/Tri-0.5B-Base,5,0.20833333333333334,last_token,delta,ok,r1,0.0027669270833333335,256,512,12
trillionlabs/Tri-0.5B-Base,5,0.20833333333333334,last_token,raw,ok,r5,0.08951822916666667,256,512,12
trillionlabs/Tri-0.5B-Base,5,0.20833333333333334,last_token,aligned,ok,r5,0.10807291666666667,256,512,12
trillionlabs/Tri-0.5B-Base,5,0.20833333333333334,last_token,delta,ok,r5,0.0185546875,256,512,12
trillionlabs/Tri-0.5B-Base,5,0.20833333333333334,last_token,raw,ok,r10,0.13199869791666666,256,512,12
trillionlabs/Tri-0.5B-Base,5,0.20833333333333334,last_token,aligned,ok,r10,0.15804036458333334,256,512,12
trillionlabs/Tri-0.5B-Base,5,0.20833333333333334,last_token,delta,ok,r10,0.026041666666666668,256,512,12
trillionlabs/Tri-0.5B-Base,5,0.20833333333333334,last_token,raw,ok,mrr,0.07208340332977772,256,512,12
trillionlabs/Tri-0.5B-Base,5,0.20833333333333334,last_token,aligned,ok,mrr,0.08177624494868567,256,512,12
trillionlabs/Tri-0.5B-Base,5,0.20833333333333334,last_token,delta,ok,mrr,0.00969284161890795,256,512,12
trillionlabs/Tri-0.5B-Base,6,0.25,last_token,raw,ok,r1,0.06982421875,256,512,12
trillionlabs/Tri-0.5B-Base,6,0.25,last_token,aligned,ok,r1,0.06526692708333333,256,512,12
trillionlabs/Tri-0.5B-Base,6,0.25,last_token,delta,ok,r1,-0.004557291666666667,256,512,12
trillionlabs/Tri-0.5B-Base,6,0.25,last_token,raw,ok,r5,0.14778645833333334,256,512,12
trillionlabs/Tri-0.5B-Base,6,0.25,last_token,aligned,ok,r5,0.17122395833333334,256,512,12
trillionlabs/Tri-0.5B-Base,6,0.25,last_token,delta,ok,r5,0.0234375,256,512,12
trillionlabs/Tri-0.5B-Base,6,0.25,last_token,raw,ok,r10,0.19840494791666666,256,512,12
trillionlabs/Tri-0.5B-Base,6,0.25,last_token,aligned,ok,r10,0.2392578125,256,512,12
trillionlabs/Tri-0.5B-Base,6,0.25,last_token,delta,ok,r10,0.040852864583333336,256,512,12
trillionlabs/Tri-0.5B-Base,6,0.25,last_token,raw,ok,mrr,0.1166512150309938,256,512,12
trillionlabs/Tri-0.5B-Base,6,0.25,last_token,aligned,ok,mrr,0.12524486126108123,256,512,12
trillionlabs/Tri-0.5B-Base,6,0.25,last_token,delta,ok,mrr,0.008593646230087439,256,512,12
trillionlabs/Tri-0.5B-Base,7,0.2916666666666667,last_token,raw,ok,r1,0.4373372395833333,256,512,12
trillionlabs/Tri-0.5B-Base,7,0.2916666666666667,last_token,aligned,ok,r1,0.4373372395833333,256,512,12
trillionlabs/Tri-0.5B-Base,7,0.2916666666666667,last_token,delta,ok,r1,0.0,256,512,12
trillionlabs/Tri-0.5B-Base,7,0.2916666666666667,last_token,raw,ok,r5,0.6126302083333334,256,512,12
trillionlabs/Tri-0.5B-Base,7,0.2916666666666667,last_token,aligned,ok,r5,0.6892903645833334,256,512,12
trillionlabs/Tri-0.5B-Base,7,0.2916666666666667,last_token,delta,ok,r5,0.07666015625,256,512,12
trillionlabs/Tri-0.5B-Base,7,0.2916666666666667,last_token,raw,ok,r10,0.6775716145833334,256,512,12
trillionlabs/Tri-0.5B-Base,7,0.2916666666666667,last_token,aligned,ok,r10,0.77880859375,256,512,12
trillionlabs/Tri-0.5B-Base,7,0.2916666666666667,last_token,delta,ok,r10,0.10123697916666667,256,512,12
trillionlabs/Tri-0.5B-Base,7,0.2916666666666667,last_token,raw,ok,mrr,0.5206143108906894,256,512,12
trillionlabs/Tri-0.5B-Base,7,0.2916666666666667,last_token,aligned,ok,mrr,0.552461565030996,256,512,12
trillionlabs/Tri-0.5B-Base,7,0.2916666666666667,last_token,delta,ok,mrr,0.03184725414030657,256,512,12
trillionlabs/Tri-0.5B-Base,8,0.3333333333333333,last_token,raw,ok,r1,0.46240234375,256,512,12
trillionlabs/Tri-0.5B-Base,8,0.3333333333333333,last_token,aligned,ok,r1,0.4521484375,256,512,12
trillionlabs/Tri-0.5B-Base,8,0.3333333333333333,last_token,delta,ok,r1,-0.01025390625,256,512,12
trillionlabs/Tri-0.5B-Base,8,0.3333333333333333,last_token,raw,ok,r5,0.6437174479166666,256,512,12
trillionlabs/Tri-0.5B-Base,8,0.3333333333333333,last_token,aligned,ok,r5,0.7044270833333334,256,512,12
trillionlabs/Tri-0.5B-Base,8,0.3333333333333333,last_token,delta,ok,r5,0.060709635416666664,256,512,12
trillionlabs/Tri-0.5B-Base,8,0.3333333333333333,last_token,raw,ok,r10,0.7032877604166666,256,512,12
trillionlabs/Tri-0.5B-Base,8,0.3333333333333333,last_token,aligned,ok,r10,0.7950846354166666,256,512,12
trillionlabs/Tri-0.5B-Base,8,0.3333333333333333,last_token,delta,ok,r10,0.091796875,256,512,12
trillionlabs/Tri-0.5B-Base,8,0.3333333333333333,last_token,raw,ok,mrr,0.5478460620688901,256,512,12
trillionlabs/Tri-0.5B-Base,8,0.3333333333333333,last_token,aligned,ok,mrr,0.567138193575028,256,512,12
trillionlabs/Tri-0.5B-Base,8,0.3333333333333333,last_token,delta,ok,mrr,0.01929213150613793,256,512,12
trillionlabs/Tri-0.5B-Base,9,0.375,last_token,raw,ok,r1,0.5576171875,256,512,12
trillionlabs/Tri-0.5B-Base,9,0.375,last_token,aligned,ok,r1,0.5413411458333334,256,512,12
trillionlabs/Tri-0.5B-Base,9,0.375,last_token,delta,ok,r1,-0.016276041666666668,256,512,12
trillionlabs/Tri-0.5B-Base,9,0.375,last_token,raw,ok,r5,0.7281901041666666,256,512,12
trillionlabs/Tri-0.5B-Base,9,0.375,last_token,aligned,ok,r5,0.77392578125,256,512,12
trillionlabs/Tri-0.5B-Base,9,0.375,last_token,delta,ok,r5,0.045735677083333336,256,512,12
trillionlabs/Tri-0.5B-Base,9,0.375,last_token,raw,ok,r10,0.783203125,256,512,12
trillionlabs/Tri-0.5B-Base,9,0.375,last_token,aligned,ok,r10,0.8450520833333334,256,512,12
trillionlabs/Tri-0.5B-Base,9,0.375,last_token,delta,ok,r10,0.061848958333333336,256,512,12
trillionlabs/Tri-0.5B-Base,9,0.375,last_token,raw,ok,mrr,0.6367140876295528,256,512,12
trillionlabs/Tri-0.5B-Base,9,0.375,last_token,aligned,ok,mrr,0.647262185176921,256,512,12
trillionlabs/Tri-0.5B-Base,9,0.375,last_token,delta,ok,mrr,0.010548097547368249,256,512,12
trillionlabs/Tri-0.5B-Base,10,0.4166666666666667,last_token,raw,ok,r1,0.6009114583333334,256,512,12
trillionlabs/Tri-0.5B-Base,10,0.4166666666666667,last_token,aligned,ok,r1,0.55126953125,256,512,12
trillionlabs/Tri-0.5B-Base,10,0.4166666666666667,last_token,delta,ok,r1,-0.049641927083333336,256,512,12
trillionlabs/Tri-0.5B-Base,10,0.4166666666666667,last_token,raw,ok,r5,0.7576497395833334,256,512,12
trillionlabs/Tri-0.5B-Base,10,0.4166666666666667,last_token,aligned,ok,r5,0.7877604166666666,256,512,12
trillionlabs/Tri-0.5B-Base,10,0.4166666666666667,last_token,delta,ok,r5,0.030110677083333332,256,512,12
trillionlabs/Tri-0.5B-Base,10,0.4166666666666667,last_token,raw,ok,r10,0.8050130208333334,256,512,12
trillionlabs/Tri-0.5B-Base,10,0.4166666666666667,last_token,aligned,ok,r10,0.8505859375,256,512,12
trillionlabs/Tri-0.5B-Base,10,0.4166666666666667,last_token,delta,ok,r10,0.045572916666666664,256,512,12
trillionlabs/Tri-0.5B-Base,10,0.4166666666666667,last_token,raw,ok,mrr,0.6732044217177663,256,512,12
trillionlabs/Tri-0.5B-Base,10,0.4166666666666667,last_token,aligned,ok,mrr,0.6566863341914696,256,512,12
trillionlabs/Tri-0.5B-Base,10,0.4166666666666667,last_token,delta,ok,mrr,-0.01651808752629665,256,512,12
trillionlabs/Tri-0.5B-Base,11,0.4583333333333333,last_token,raw,ok,r1,0.6083984375,256,512,12
trillionlabs/Tri-0.5B-Base,11,0.4583333333333333,last_token,aligned,ok,r1,0.5496419270833334,256,512,12
trillionlabs/Tri-0.5B-Base,11,0.4583333333333333,last_token,delta,ok,r1,-0.058756510416666664,256,512,12
trillionlabs/Tri-0.5B-Base,11,0.4583333333333333,last_token,raw,ok,r5,0.76806640625,256,512,12
trillionlabs/Tri-0.5B-Base,11,0.4583333333333333,last_token,aligned,ok,r5,0.7880859375,256,512,12
trillionlabs/Tri-0.5B-Base,11,0.4583333333333333,last_token,delta,ok,r5,0.02001953125,256,512,12
trillionlabs/Tri-0.5B-Base,11,0.4583333333333333,last_token,raw,ok,r10,0.810546875,256,512,12
trillionlabs/Tri-0.5B-Base,11,0.4583333333333333,last_token,aligned,ok,r10,0.8541666666666666,256,512,12
trillionlabs/Tri-0.5B-Base,11,0.4583333333333333,last_token,delta,ok,r10,0.043619791666666664,256,512,12
trillionlabs/Tri-0.5B-Base,11,0.4583333333333333,last_token,raw,ok,mrr,0.6812292017848018,256,512,12
trillionlabs/Tri-0.5B-Base,11,0.4583333333333333,last_token,aligned,ok,mrr,0.6568380039120273,256,512,12
trillionlabs/Tri-0.5B-Base,11,0.4583333333333333,last_token,delta,ok,mrr,-0.024391197872774533,256,512,12
trillionlabs/Tri-0.5B-Base,12,0.5,last_token,raw,ok,r1,0.6598307291666666,256,512,12
trillionlabs/Tri-0.5B-Base,12,0.5,last_token,aligned,ok,r1,0.5974934895833334,256,512,12
trillionlabs/Tri-0.5B-Base,12,0.5,last_token,delta,ok,r1,-0.062337239583333336,256,512,12
trillionlabs/Tri-0.5B-Base,12,0.5,last_token,raw,ok,r5,0.80908203125,256,512,12
trillionlabs/Tri-0.5B-Base,12,0.5,last_token,aligned,ok,r5,0.8175455729166666,256,512,12
trillionlabs/Tri-0.5B-Base,12,0.5,last_token,delta,ok,r5,0.008463541666666666,256,512,12
trillionlabs/Tri-0.5B-Base,12,0.5,last_token,raw,ok,r10,0.8513997395833334,256,512,12
trillionlabs/Tri-0.5B-Base,12,0.5,last_token,aligned,ok,r10,0.8777669270833334,256,512,12
trillionlabs/Tri-0.5B-Base,12,0.5,last_token,delta,ok,r10,0.0263671875,256,512,12
trillionlabs/Tri-0.5B-Base,12,0.5,last_token,raw,ok,mrr,0.7282375295869318,256,512,12
trillionlabs/Tri-0.5B-Base,12,0.5,last_token,aligned,ok,mrr,0.6956250551232018,256,512,12
trillionlabs/Tri-0.5B-Base,12,0.5,last_token,delta,ok,mrr,-0.03261247446372978,256,512,12
trillionlabs/Tri-0.5B-Base,13,0.5416666666666666,last_token,raw,ok,r1,0.68701171875,256,512,12
trillionlabs/Tri-0.5B-Base,13,0.5416666666666666,last_token,aligned,ok,r1,0.6316731770833334,256,512,12
trillionlabs/Tri-0.5B-Base,13,0.5416666666666666,last_token,delta,ok,r1,-0.055338541666666664,256,512,12
trillionlabs/Tri-0.5B-Base,13,0.5416666666666666,last_token,raw,ok,r5,0.8356119791666666,256,512,12
trillionlabs/Tri-0.5B-Base,13,0.5416666666666666,last_token,aligned,ok,r5,0.8470052083333334,256,512,12
trillionlabs/Tri-0.5B-Base,13,0.5416666666666666,last_token,delta,ok,r5,0.011393229166666666,256,512,12
trillionlabs/Tri-0.5B-Base,13,0.5416666666666666,last_token,raw,ok,r10,0.8728841145833334,256,512,12
trillionlabs/Tri-0.5B-Base,13,0.5416666666666666,last_token,aligned,ok,r10,0.89697265625,256,512,12
trillionlabs/Tri-0.5B-Base,13,0.5416666666666666,last_token,delta,ok,r10,0.024088541666666668,256,512,12
trillionlabs/Tri-0.5B-Base,13,0.5416666666666666,last_token,raw,ok,mrr,0.7542277009492314,256,512,12
trillionlabs/Tri-0.5B-Base,13,0.5416666666666666,last_token,aligned,ok,mrr,0.7272785672685053,256,512,12
trillionlabs/Tri-0.5B-Base,13,0.5416666666666666,last_token,delta,ok,mrr,-0.026949133680726073,256,512,12
trillionlabs/Tri-0.5B-Base,14,0.5833333333333334,last_token,raw,ok,r1,0.6572265625,256,512,12
trillionlabs/Tri-0.5B-Base,14,0.5833333333333334,last_token,aligned,ok,r1,0.62158203125,256,512,12
trillionlabs/Tri-0.5B-Base,14,0.5833333333333334,last_token,delta,ok,r1,-0.03564453125,256,512,12
trillionlabs/Tri-0.5B-Base,14,0.5833333333333334,last_token,raw,ok,r5,0.8107096354166666,256,512,12
trillionlabs/Tri-0.5B-Base,14,0.5833333333333334,last_token,aligned,ok,r5,0.8336588541666666,256,512,12
trillionlabs/Tri-0.5B-Base,14,0.5833333333333334,last_token,delta,ok,r5,0.02294921875,256,512,12
trillionlabs/Tri-0.5B-Base,14,0.5833333333333334,last_token,raw,ok,r10,0.8541666666666666,256,512,12
trillionlabs/Tri-0.5B-Base,14,0.5833333333333334,last_token,aligned,ok,r10,0.8932291666666666,256,512,12
trillionlabs/Tri-0.5B-Base,14,0.5833333333333334,last_token,delta,ok,r10,0.0390625,256,512,12
trillionlabs/Tri-0.5B-Base,14,0.5833333333333334,last_token,raw,ok,mrr,0.7282069965906669,256,512,12
trillionlabs/Tri-0.5B-Base,14,0.5833333333333334,last_token,aligned,ok,mrr,0.7174686792933848,256,512,12
trillionlabs/Tri-0.5B-Base,14,0.5833333333333334,last_token,delta,ok,mrr,-0.01073831729728226,256,512,12
trillionlabs/Tri-0.5B-Base,15,0.625,last_token,raw,ok,r1,0.6290690104166666,256,512,12
trillionlabs/Tri-0.5B-Base,15,0.625,last_token,aligned,ok,r1,0.6287434895833334,256,512,12
trillionlabs/Tri-0.5B-Base,15,0.625,last_token,delta,ok,r1,-0.0003255208333333333,256,512,12
trillionlabs/Tri-0.5B-Base,15,0.625,last_token,raw,ok,r5,0.79296875,256,512,12
trillionlabs/Tri-0.5B-Base,15,0.625,last_token,aligned,ok,r5,0.83740234375,256,512,12
trillionlabs/Tri-0.5B-Base,15,0.625,last_token,delta,ok,r5,0.04443359375,256,512,12
trillionlabs/Tri-0.5B-Base,15,0.625,last_token,raw,ok,r10,0.8406575520833334,256,512,12
trillionlabs/Tri-0.5B-Base,15,0.625,last_token,aligned,ok,r10,0.8912760416666666,256,512,12
trillionlabs/Tri-0.5B-Base,15,0.625,last_token,delta,ok,r10,0.050618489583333336,256,512,12
trillionlabs/Tri-0.5B-Base,15,0.625,last_token,raw,ok,mrr,0.7054701984129403,256,512,12
trillionlabs/Tri-0.5B-Base,15,0.625,last_token,aligned,ok,mrr,0.722878485796152,256,512,12
trillionlabs/Tri-0.5B-Base,15,0.625,last_token,delta,ok,mrr,0.017408287383211717,256,512,12
trillionlabs/Tri-0.5B-Base,16,0.6666666666666666,last_token,raw,ok,r1,0.6666666666666666,256,512,12
trillionlabs/Tri-0.5B-Base,16,0.6666666666666666,last_token,aligned,ok,r1,0.6533203125,256,512,12
trillionlabs/Tri-0.5B-Base,16,0.6666666666666666,last_token,delta,ok,r1,-0.013346354166666666,256,512,12
trillionlabs/Tri-0.5B-Base,16,0.6666666666666666,last_token,raw,ok,r5,0.82177734375,256,512,12
trillionlabs/Tri-0.5B-Base,16,0.6666666666666666,last_token,aligned,ok,r5,0.8551432291666666,256,512,12
trillionlabs/Tri-0.5B-Base,16,0.6666666666666666,last_token,delta,ok,r5,0.033365885416666664,256,512,12
trillionlabs/Tri-0.5B-Base,16,0.6666666666666666,last_token,raw,ok,r10,0.86328125,256,512,12
trillionlabs/Tri-0.5B-Base,16,0.6666666666666666,last_token,aligned,ok,r10,0.90234375,256,512,12
trillionlabs/Tri-0.5B-Base,16,0.6666666666666666,last_token,delta,ok,r10,0.0390625,256,512,12
trillionlabs/Tri-0.5B-Base,16,0.6666666666666666,last_token,raw,ok,mrr,0.7371766951996949,256,512,12
trillionlabs/Tri-0.5B-Base,16,0.6666666666666666,last_token,aligned,ok,mrr,0.7440376619458333,256,512,12
trillionlabs/Tri-0.5B-Base,16,0.6666666666666666,last_token,delta,ok,mrr,0.006860966746138314,256,512,12
trillionlabs/Tri-0.5B-Base,17,0.7083333333333334,last_token,raw,ok,r1,0.6012369791666666,256,512,12
trillionlabs/Tri-0.5B-Base,17,0.7083333333333334,last_token,aligned,ok,r1,0.62939453125,256,512,12
trillionlabs/Tri-0.5B-Base,17,0.7083333333333334,last_token,delta,ok,r1,0.028157552083333332,256,512,12
trillionlabs/Tri-0.5B-Base,17,0.7083333333333334,last_token,raw,ok,r5,0.7877604166666666,256,512,12
trillionlabs/Tri-0.5B-Base,17,0.7083333333333334,last_token,aligned,ok,r5,0.84228515625,256,512,12
trillionlabs/Tri-0.5B-Base,17,0.7083333333333334,last_token,delta,ok,r5,0.054524739583333336,256,512,12
trillionlabs/Tri-0.5B-Base,17,0.7083333333333334,last_token,raw,ok,r10,0.8372395833333334,256,512,12
trillionlabs/Tri-0.5B-Base,17,0.7083333333333334,last_token,aligned,ok,r10,0.8870442708333334,256,512,12
trillionlabs/Tri-0.5B-Base,17,0.7083333333333334,last_token,delta,ok,r10,0.0498046875,256,512,12
trillionlabs/Tri-0.5B-Base,17,0.7083333333333334,last_token,raw,ok,mrr,0.6851102314123612,256,512,12
trillionlabs/Tri-0.5B-Base,17,0.7083333333333334,last_token,aligned,ok,mrr,0.7232830398151434,256,512,12
trillionlabs/Tri-0.5B-Base,17,0.7083333333333334,last_token,delta,ok,mrr,0.038172808402782345,256,512,12
trillionlabs/Tri-0.5B-Base,18,0.75,last_token,raw,ok,r1,0.55029296875,256,512,12
trillionlabs/Tri-0.5B-Base,18,0.75,last_token,aligned,ok,r1,0.580078125,256,512,12
trillionlabs/Tri-0.5B-Base,18,0.75,last_token,delta,ok,r1,0.02978515625,256,512,12
trillionlabs/Tri-0.5B-Base,18,0.75,last_token,raw,ok,r5,0.74951171875,256,512,12
trillionlabs/Tri-0.5B-Base,18,0.75,last_token,aligned,ok,r5,0.7991536458333334,256,512,12
trillionlabs/Tri-0.5B-Base,18,0.75,last_token,delta,ok,r5,0.049641927083333336,256,512,12
trillionlabs/Tri-0.5B-Base,18,0.75,last_token,raw,ok,r10,0.8082682291666666,256,512,12
trillionlabs/Tri-0.5B-Base,18,0.75,last_token,aligned,ok,r10,0.85986328125,256,512,12
trillionlabs/Tri-0.5B-Base,18,0.75,last_token,delta,ok,r10,0.051595052083333336,256,512,12
trillionlabs/Tri-0.5B-Base,18,0.75,last_token,raw,ok,mrr,0.6415068043295803,256,512,12
trillionlabs/Tri-0.5B-Base,18,0.75,last_token,aligned,ok,mrr,0.678961589654194,256,512,12
trillionlabs/Tri-0.5B-Base,18,0.75,last_token,delta,ok,mrr,0.03745478532461361,256,512,12
trillionlabs/Tri-0.5B-Base,19,0.7916666666666666,last_token,raw,ok,r1,0.578125,256,512,12
trillionlabs/Tri-0.5B-Base,19,0.7916666666666666,last_token,aligned,ok,r1,0.5904947916666666,256,512,12
trillionlabs/Tri-0.5B-Base,19,0.7916666666666666,last_token,delta,ok,r1,0.012369791666666666,256,512,12
trillionlabs/Tri-0.5B-Base,19,0.7916666666666666,last_token,raw,ok,r5,0.7755533854166666,256,512,12
trillionlabs/Tri-0.5B-Base,19,0.7916666666666666,last_token,aligned,ok,r5,0.8068033854166666,256,512,12
trillionlabs/Tri-0.5B-Base,19,0.7916666666666666,last_token,delta,ok,r5,0.03125,256,512,12
trillionlabs/Tri-0.5B-Base,19,0.7916666666666666,last_token,raw,ok,r10,0.82666015625,256,512,12
trillionlabs/Tri-0.5B-Base,19,0.7916666666666666,last_token,aligned,ok,r10,0.8702799479166666,256,512,12
trillionlabs/Tri-0.5B-Base,19,0.7916666666666666,last_token,delta,ok,r10,0.043619791666666664,256,512,12
trillionlabs/Tri-0.5B-Base,19,0.7916666666666666,last_token,raw,ok,mrr,0.667479590264268,256,512,12
trillionlabs/Tri-0.5B-Base,19,0.7916666666666666,last_token,aligned,ok,mrr,0.6879137690238318,256,512,12
trillionlabs/Tri-0.5B-Base,19,0.7916666666666666,last_token,delta,ok,mrr,0.020434178759563878,256,512,12
trillionlabs/Tri-0.5B-Base,20,0.8333333333333334,last_token,raw,ok,r1,0.6897786458333334,256,512,12
trillionlabs/Tri-0.5B-Base,20,0.8333333333333334,last_token,aligned,ok,r1,0.6354166666666666,256,512,12
trillionlabs/Tri-0.5B-Base,20,0.8333333333333334,last_token,delta,ok,r1,-0.054361979166666664,256,512,12
trillionlabs/Tri-0.5B-Base,20,0.8333333333333334,last_token,raw,ok,r5,0.8439127604166666,256,512,12
trillionlabs/Tri-0.5B-Base,20,0.8333333333333334,last_token,aligned,ok,r5,0.8440755208333334,256,512,12
trillionlabs/Tri-0.5B-Base,20,0.8333333333333334,last_token,delta,ok,r5,0.00016276041666666666,256,512,12
trillionlabs/Tri-0.5B-Base,20,0.8333333333333334,last_token,raw,ok,r10,0.875,256,512,12
trillionlabs/Tri-0.5B-Base,20,0.8333333333333334,last_token,aligned,ok,r10,0.8981119791666666,256,512,12
trillionlabs/Tri-0.5B-Base,20,0.8333333333333334,last_token,delta,ok,r10,0.023111979166666668,256,512,12
trillionlabs/Tri-0.5B-Base,20,0.8333333333333334,last_token,raw,ok,mrr,0.7593153107625067,256,512,12
trillionlabs/Tri-0.5B-Base,20,0.8333333333333334,last_token,aligned,ok,mrr,0.7294521565547906,256,512,12
trillionlabs/Tri-0.5B-Base,20,0.8333333333333334,last_token,delta,ok,mrr,-0.02986315420771604,256,512,12
trillionlabs/Tri-0.5B-Base,21,0.875,last_token,raw,ok,r1,0.6443684895833334,256,512,12
trillionlabs/Tri-0.5B-Base,21,0.875,last_token,aligned,ok,r1,0.6106770833333334,256,512,12
trillionlabs/Tri-0.5B-Base,21,0.875,last_token,delta,ok,r1,-0.03369140625,256,512,12
trillionlabs/Tri-0.5B-Base,21,0.875,last_token,raw,ok,r5,0.82763671875,256,512,12
trillionlabs/Tri-0.5B-Base,21,0.875,last_token,aligned,ok,r5,0.8287760416666666,256,512,12
trillionlabs/Tri-0.5B-Base,21,0.875,last_token,delta,ok,r5,0.0011393229166666667,256,512,12
trillionlabs/Tri-0.5B-Base,21,0.875,last_token,raw,ok,r10,0.87109375,256,512,12
trillionlabs/Tri-0.5B-Base,21,0.875,last_token,aligned,ok,r10,0.8859049479166666,256,512,12
trillionlabs/Tri-0.5B-Base,21,0.875,last_token,delta,ok,r10,0.014811197916666666,256,512,12
trillionlabs/Tri-0.5B-Base,21,0.875,last_token,raw,ok,mrr,0.7271594951847602,256,512,12
trillionlabs/Tri-0.5B-Base,21,0.875,last_token,aligned,ok,mrr,0.7088034622364708,256,512,12
trillionlabs/Tri-0.5B-Base,21,0.875,last_token,delta,ok,mrr,-0.018356032948289247,256,512,12
trillionlabs/Tri-0.5B-Base,22,0.9166666666666666,last_token,raw,ok,r1,0.6461588541666666,256,512,12
trillionlabs/Tri-0.5B-Base,22,0.9166666666666666,last_token,aligned,ok,r1,0.61865234375,256,512,12
trillionlabs/Tri-0.5B-Base,22,0.9166666666666666,last_token,delta,ok,r1,-0.027506510416666668,256,512,12
trillionlabs/Tri-0.5B-Base,22,0.9166666666666666,last_token,raw,ok,r5,0.833984375,256,512,12
trillionlabs/Tri-0.5B-Base,22,0.9166666666666666,last_token,aligned,ok,r5,0.8351236979166666,256,512,12
trillionlabs/Tri-0.5B-Base,22,0.9166666666666666,last_token,delta,ok,r5,0.0011393229166666667,256,512,12
trillionlabs/Tri-0.5B-Base,22,0.9166666666666666,last_token,raw,ok,r10,0.8806966145833334,256,512,12
trillionlabs/Tri-0.5B-Base,22,0.9166666666666666,last_token,aligned,ok,r10,0.89208984375,256,512,12
trillionlabs/Tri-0.5B-Base,22,0.9166666666666666,last_token,delta,ok,r10,0.011393229166666666,256,512,12
trillionlabs/Tri-0.5B-Base,22,0.9166666666666666,last_token,raw,ok,mrr,0.7306941396584518,256,512,12
trillionlabs/Tri-0.5B-Base,22,0.9166666666666666,last_token,aligned,ok,mrr,0.7159385560715147,256,512,12
trillionlabs/Tri-0.5B-Base,22,0.9166666666666666,last_token,delta,ok,mrr,-0.014755583586937016,256,512,12
trillionlabs/Tri-0.5B-Base,23,0.9583333333333334,last_token,raw,ok,r1,0.46826171875,256,512,12
trillionlabs/Tri-0.5B-Base,23,0.9583333333333334,last_token,aligned,ok,r1,0.5970052083333334,256,512,12
trillionlabs/Tri-0.5B-Base,23,0.9583333333333334,last_token,delta,ok,r1,0.12874348958333334,256,512,12
trillionlabs/Tri-0.5B-Base,23,0.9583333333333334,last_token,raw,ok,r5,0.697265625,256,512,12
trillionlabs/Tri-0.5B-Base,23,0.9583333333333334,last_token,aligned,ok,r5,0.8212890625,256,512,12
trillionlabs/Tri-0.5B-Base,23,0.9583333333333334,last_token,delta,ok,r5,0.1240234375,256,512,12
trillionlabs/Tri-0.5B-Base,23,0.9583333333333334,last_token,raw,ok,r10,0.7732747395833334,256,512,12
trillionlabs/Tri-0.5B-Base,23,0.9583333333333334,last_token,aligned,ok,r10,0.8834635416666666,256,512,12
trillionlabs/Tri-0.5B-Base,23,0.9583333333333334,last_token,delta,ok,r10,0.11018880208333333,256,512,12
trillionlabs/Tri-0.5B-Base,23,0.9583333333333334,last_token,raw,ok,mrr,0.5761906875705753,256,512,12
trillionlabs/Tri-0.5B-Base,23,0.9583333333333334,last_token,aligned,ok,mrr,0.6986308417222231,256,512,12
trillionlabs/Tri-0.5B-Base,23,0.9583333333333334,last_token,delta,ok,mrr,0.12244015415164788,256,512,12
trillionlabs/Tri-0.5B-Base,24,1.0,last_token,raw,ok,r1,0.23567708333333334,256,512,12
trillionlabs/Tri-0.5B-Base,24,1.0,last_token,aligned,ok,r1,0.6318359375,256,512,12
trillionlabs/Tri-0.5B-Base,24,1.0,last_token,delta,ok,r1,0.3961588541666667,256,512,12
trillionlabs/Tri-0.5B-Base,24,1.0,last_token,raw,ok,r5,0.4527994791666667,256,512,12
trillionlabs/Tri-0.5B-Base,24,1.0,last_token,aligned,ok,r5,0.8592122395833334,256,512,12
trillionlabs/Tri-0.5B-Base,24,1.0,last_token,delta,ok,r5,0.4064127604166667,256,512,12
trillionlabs/Tri-0.5B-Base,24,1.0,last_token,raw,ok,r10,0.54248046875,256,512,12
trillionlabs/Tri-0.5B-Base,24,1.0,last_token,aligned,ok,r10,0.9181315104166666,256,512,12
trillionlabs/Tri-0.5B-Base,24,1.0,last_token,delta,ok,r10,0.3756510416666667,256,512,12
trillionlabs/Tri-0.5B-Base,24,1.0,last_token,raw,ok,mrr,0.34083116234091726,256,512,12
trillionlabs/Tri-0.5B-Base,24,1.0,last_token,aligned,ok,mrr,0.7344140585556939,256,512,12
trillionlabs/Tri-0.5B-Base,24,1.0,last_token,delta,ok,mrr,0.39358289621477666,256,512,12
trillionlabs/Tri-0.5B-Base,0,0.0,mean,raw,ok,r1,0.62939453125,256,512,12
trillionlabs/Tri-0.5B-Base,0,0.0,mean,aligned,ok,r1,0.2688802083333333,256,512,12
trillionlabs/Tri-0.5B-Base,0,0.0,mean,delta,ok,r1,-0.3605143229166667,256,512,12
trillionlabs/Tri-0.5B-Base,0,0.0,mean,raw,ok,r5,0.8167317708333334,256,512,12
trillionlabs/Tri-0.5B-Base,0,0.0,mean,aligned,ok,r5,0.505859375,256,512,12
trillionlabs/Tri-0.5B-Base,0,0.0,mean,delta,ok,r5,-0.3108723958333333,256,512,12
trillionlabs/Tri-0.5B-Base,0,0.0,mean,raw,ok,r10,0.87744140625,256,512,12
trillionlabs/Tri-0.5B-Base,0,0.0,mean,aligned,ok,r10,0.6163736979166666,256,512,12
trillionlabs/Tri-0.5B-Base,0,0.0,mean,delta,ok,r10,-0.2610677083333333,256,512,12
trillionlabs/Tri-0.5B-Base,0,0.0,mean,raw,ok,mrr,0.7145479299730543,256,512,12
trillionlabs/Tri-0.5B-Base,0,0.0,mean,aligned,ok,mrr,0.3841296488804349,256,512,12
trillionlabs/Tri-0.5B-Base,0,0.0,mean,delta,ok,mrr,-0.33041828109261945,256,512,12
trillionlabs/Tri-0.5B-Base,1,0.041666666666666664,mean,raw,ok,r1,0.4383138020833333,256,512,12
trillionlabs/Tri-0.5B-Base,1,0.041666666666666664,mean,aligned,ok,r1,0.4033203125,256,512,12
trillionlabs/Tri-0.5B-Base,1,0.041666666666666664,mean,delta,ok,r1,-0.034993489583333336,256,512,12
trillionlabs/Tri-0.5B-Base,1,0.041666666666666664,mean,raw,ok,r5,0.6053059895833334,256,512,12
trillionlabs/Tri-0.5B-Base,1,0.041666666666666664,mean,aligned,ok,r5,0.6590169270833334,256,512,12
trillionlabs/Tri-0.5B-Base,1,0.041666666666666664,mean,delta,ok,r5,0.0537109375,256,512,12
trillionlabs/Tri-0.5B-Base,1,0.041666666666666664,mean,raw,ok,r10,0.6634114583333334,256,512,12
trillionlabs/Tri-0.5B-Base,1,0.041666666666666664,mean,aligned,ok,r10,0.75732421875,256,512,12
trillionlabs/Tri-0.5B-Base,1,0.041666666666666664,mean,delta,ok,r10,0.09391276041666667,256,512,12
trillionlabs/Tri-0.5B-Base,1,0.041666666666666664,mean,raw,ok,mrr,0.5182036698024111,256,512,12
trillionlabs/Tri-0.5B-Base,1,0.041666666666666664,mean,aligned,ok,mrr,0.5218983032435413,256,512,12
trillionlabs/Tri-0.5B-Base,1,0.041666666666666664,mean,delta,ok,mrr,0.003694633441130038,256,512,12
trillionlabs/Tri-0.5B-Base,2,0.08333333333333333,mean,raw,ok,r1,0.4733072916666667,256,512,12
trillionlabs/Tri-0.5B-Base,2,0.08333333333333333,mean,aligned,ok,r1,0.3834635416666667,256,512,12
trillionlabs/Tri-0.5B-Base,2,0.08333333333333333,mean,delta,ok,r1,-0.08984375,256,512,12
trillionlabs/Tri-0.5B-Base,2,0.08333333333333333,mean,raw,ok,r5,0.6453450520833334,256,512,12
trillionlabs/Tri-0.5B-Base,2,0.08333333333333333,mean,aligned,ok,r5,0.6223958333333334,256,512,12
trillionlabs/Tri-0.5B-Base,2,0.08333333333333333,mean,delta,ok,r5,-0.02294921875,256,512,12
trillionlabs/Tri-0.5B-Base,2,0.08333333333333333,mean,raw,ok,r10,0.7102864583333334,256,512,12
trillionlabs/Tri-0.5B-Base,2,0.08333333333333333,mean,aligned,ok,r10,0.7111002604166666,256,512,12
trillionlabs/Tri-0.5B-Base,2,0.08333333333333333,mean,delta,ok,r10,0.0008138020833333334,256,512,12
trillionlabs/Tri-0.5B-Base,2,0.08333333333333333,mean,raw,ok,mrr,0.5558958861862846,256,512,12
trillionlabs/Tri-0.5B-Base,2,0.08333333333333333,mean,aligned,ok,mrr,0.49604295637936974,256,512,12
trillionlabs/Tri-0.5B-Base,2,0.08333333333333333,mean,delta,ok,mrr,-0.059852929806914805,256,512,12
trillionlabs/Tri-0.5B-Base,3,0.125,mean,raw,ok,r1,0.515625,256,512,12
trillionlabs/Tri-0.5B-Base,3,0.125,mean,aligned,ok,r1,0.4847005208333333,256,512,12
trillionlabs/Tri-0.5B-Base,3,0.125,mean,delta,ok,r1,-0.030924479166666668,256,512,12
trillionlabs/Tri-0.5B-Base,3,0.125,mean,raw,ok,r5,0.6897786458333334,256,512,12
trillionlabs/Tri-0.5B-Base,3,0.125,mean,aligned,ok,r5,0.7228190104166666,256,512,12
trillionlabs/Tri-0.5B-Base,3,0.125,mean,delta,ok,r5,0.033040364583333336,256,512,12
trillionlabs/Tri-0.5B-Base,3,0.125,mean,raw,ok,r10,0.7501627604166666,256,512,12
trillionlabs/Tri-0.5B-Base,3,0.125,mean,aligned,ok,r10,0.8009440104166666,256,512,12
trillionlabs/Tri-0.5B-Base,3,0.125,mean,delta,ok,r10,0.05078125,256,512,12
trillionlabs/Tri-0.5B-Base,3,0.125,mean,raw,ok,mrr,0.5968132703466731,256,512,12
trillionlabs/Tri-0.5B-Base,3,0.125,mean,aligned,ok,mrr,0.5954243765387035,256,512,12
trillionlabs/Tri-0.5B-Base,3,0.125,mean,delta,ok,mrr,-0.0013888938079695868,256,512,12
trillionlabs/Tri-0.5B-Base,4,0.16666666666666666,mean,raw,ok,r1,0.6404622395833334,256,512,12
trillionlabs/Tri-0.5B-Base,4,0.16666666666666666,mean,aligned,ok,r1,0.607421875,256,512,12
trillionlabs/Tri-0.5B-Base,4,0.16666666666666666,mean,delta,ok,r1,-0.033040364583333336,256,512,12
trillionlabs/Tri-0.5B-Base,4,0.16666666666666666,mean,raw,ok,r5,0.7942708333333334,256,512,12
trillionlabs/Tri-0.5B-Base,4,0.16666666666666666,mean,aligned,ok,r5,0.8212890625,256,512,12
trillionlabs/Tri-0.5B-Base,4,0.16666666666666666,mean,delta,ok,r5,0.027018229166666668,256,512,12
trillionlabs/Tri-0.5B-Base,4,0.16666666666666666,mean,raw,ok,r10,0.8411458333333334,256,512,12
trillionlabs/Tri-0.5B-Base,4,0.16666666666666666,mean,aligned,ok,r10,0.8829752604166666,256,512,12
trillionlabs/Tri-0.5B-Base,4,0.16666666666666666,mean,delta,ok,r10,0.041829427083333336,256,512,12
trillionlabs/Tri-0.5B-Base,4,0.16666666666666666,mean,raw,ok,mrr,0.7116267291487476,256,512,12
trillionlabs/Tri-0.5B-Base,4,0.16666666666666666,mean,aligned,ok,mrr,0.7043566794191944,256,512,12
trillionlabs/Tri-0.5B-Base,4,0.16666666666666666,mean,delta,ok,mrr,-0.007270049729553206,256,512,12
trillionlabs/Tri-0.5B-Base,5,0.20833333333333334,mean,raw,ok,r1,0.685546875,256,512,12
trillionlabs/Tri-0.5B-Base,5,0.20833333333333334,mean,aligned,ok,r1,0.6678059895833334,256,512,12
trillionlabs/Tri-0.5B-Base,5,0.20833333333333334,mean,delta,ok,r1,-0.017740885416666668,256,512,12
trillionlabs/Tri-0.5B-Base,5,0.20833333333333334,mean,raw,ok,r5,0.8292643229166666,256,512,12
trillionlabs/Tri-0.5B-Base,5,0.20833333333333334,mean,aligned,ok,r5,0.8658854166666666,256,512,12
trillionlabs/Tri-0.5B-Base,5,0.20833333333333334,mean,delta,ok,r5,0.03662109375,256,512,12
trillionlabs/Tri-0.5B-Base,5,0.20833333333333334,mean,raw,ok,r10,0.86962890625,256,512,12
trillionlabs/Tri-0.5B-Base,5,0.20833333333333334,mean,aligned,ok,r10,0.9140625,256,512,12
trillionlabs/Tri-0.5B-Base,5,0.20833333333333334,mean,delta,ok,r10,0.04443359375,256,512,12
trillionlabs/Tri-0.5B-Base,5,0.20833333333333334,mean,raw,ok,mrr,0.7516455392069962,256,512,12
trillionlabs/Tri-0.5B-Base,5,0.20833333333333334,mean,aligned,ok,mrr,0.7555337839336348,256,512,12
trillionlabs/Tri-0.5B-Base,5,0.20833333333333334,mean,delta,ok,mrr,0.003888244726638771,256,512,12
trillionlabs/Tri-0.5B-Base,6,0.25,mean,raw,ok,r1,0.767578125,256,512,12
trillionlabs/Tri-0.5B-Base,6,0.25,mean,aligned,ok,r1,0.7644856770833334,256,512,12
trillionlabs/Tri-0.5B-Base,6,0.25,mean,delta,ok,r1,-0.0030924479166666665,256,512,12
trillionlabs/Tri-0.5B-Base,6,0.25,mean,raw,ok,r5,0.88330078125,256,512,12
trillionlabs/Tri-0.5B-Base,6,0.25,mean,aligned,ok,r5,0.9168294270833334,256,512,12
trillionlabs/Tri-0.5B-Base,6,0.25,mean,delta,ok,r5,0.033528645833333336,256,512,12
trillionlabs/Tri-0.5B-Base,6,0.25,mean,raw,ok,r10,0.916015625,256,512,12
trillionlabs/Tri-0.5B-Base,6,0.25,mean,aligned,ok,r10,0.9521484375,256,512,12
trillionlabs/Tri-0.5B-Base,6,0.25,mean,delta,ok,r10,0.0361328125,256,512,12
trillionlabs/Tri-0.5B-Base,6,0.25,mean,raw,ok,mrr,0.8210519336537735,256,512,12
trillionlabs/Tri-0.5B-Base,6,0.25,mean,aligned,ok,mrr,0.8326967861551834,256,512,12
trillionlabs/Tri-0.5B-Base,6,0.25,mean,delta,ok,mrr,0.011644852501409833,256,512,12
trillionlabs/Tri-0.5B-Base,7,0.2916666666666667,mean,raw,ok,r1,0.2936197916666667,256,512,12
trillionlabs/Tri-0.5B-Base,7,0.2916666666666667,mean,aligned,ok,r1,0.24837239583333334,256,512,12
trillionlabs/Tri-0.5B-Base,7,0.2916666666666667,mean,delta,ok,r1,-0.045247395833333336,256,512,12
trillionlabs/Tri-0.5B-Base,7,0.2916666666666667,mean,raw,ok,r5,0.41162109375,256,512,12
trillionlabs/Tri-0.5B-Base,7,0.2916666666666667,mean,aligned,ok,r5,0.3245442708333333,256,512,12
trillionlabs/Tri-0.5B-Base,7,0.2916666666666667,mean,delta,ok,r5,-0.08707682291666667,256,512,12
trillionlabs/Tri-0.5B-Base,7,0.2916666666666667,mean,raw,ok,r10,0.46875,256,512,12
trillionlabs/Tri-0.5B-Base,7,0.2916666666666667,mean,aligned,ok,r10,0.3640950520833333,256,512,12
trillionlabs/Tri-0.5B-Base,7,0.2916666666666667,mean,delta,ok,r10,-0.10465494791666667,256,512,12
trillionlabs/Tri-0.5B-Base,7,0.2916666666666667,mean,raw,ok,mrr,0.3549295021461185,256,512,12
trillionlabs/Tri-0.5B-Base,7,0.2916666666666667,mean,aligned,ok,mrr,0.29104438989432946,256,512,12
trillionlabs/Tri-0.5B-Base,7,0.2916666666666667,mean,delta,ok,mrr,-0.0638851122517891,256,512,12
trillionlabs/Tri-0.5B-Base,8,0.3333333333333333,mean,raw,ok,r1,0.3077799479166667,256,512,12
trillionlabs/Tri-0.5B-Base,8,0.3333333333333333,mean,aligned,ok,r1,0.25537109375,256,512,12
trillionlabs/Tri-0.5B-Base,8,0.3333333333333333,mean,delta,ok,r1,-0.052408854166666664,256,512,12
trillionlabs/Tri-0.5B-Base,8,0.3333333333333333,mean,raw,ok,r5,0.42626953125,256,512,12
trillionlabs/Tri-0.5B-Base,8,0.3333333333333333,mean,aligned,ok,r5,0.3347981770833333,256,512,12
trillionlabs/Tri-0.5B-Base,8,0.3333333333333333,mean,delta,ok,r5,-0.09147135416666667,256,512,12
trillionlabs/Tri-0.5B-Base,8,0.3333333333333333,mean,raw,ok,r10,0.4798177083333333,256,512,12
trillionlabs/Tri-0.5B-Base,8,0.3333333333333333,mean,aligned,ok,r10,0.37353515625,256,512,12
trillionlabs/Tri-0.5B-Base,8,0.3333333333333333,mean,delta,ok,r10,-0.10628255208333333,256,512,12
trillionlabs/Tri-0.5B-Base,8,0.3333333333333333,mean,raw,ok,mrr,0.3687217660184153,256,512,12
trillionlabs/Tri-0.5B-Base,8,0.3333333333333333,mean,aligned,ok,mrr,0.29893518390080737,256,512,12
trillionlabs/Tri-0.5B-Base,8,0.3333333333333333,mean,delta,ok,mrr,-0.0697865821176079,256,512,12
trillionlabs/Tri-0.5B-Base,9,0.375,mean,raw,ok,r1,0.3258463541666667,256,512,12
trillionlabs/Tri-0.5B-Base,9,0.375,mean,aligned,ok,r1,0.26708984375,256,512,12
trillionlabs/Tri-0.5B-Base,9,0.375,mean,delta,ok,r1,-0.058756510416666664,256,512,12
trillionlabs/Tri-0.5B-Base,9,0.375,mean,raw,ok,r5,0.4444986979166667,256,512,12
trillionlabs/Tri-0.5B-Base,9,0.375,mean,aligned,ok,r5,0.3479817708333333,256,512,12
trillionlabs/Tri-0.5B-Base,9,0.375,mean,delta,ok,r5,-0.09651692708333333,256,512,12
trillionlabs/Tri-0.5B-Base,9,0.375,mean,raw,ok,r10,0.4959309895833333,256,512,12
trillionlabs/Tri-0.5B-Base,9,0.375,mean,aligned,ok,r10,0.3859049479166667,256,512,12
trillionlabs/Tri-0.5B-Base,9,0.375,mean,delta,ok,r10,-0.11002604166666667,256,512,12
trillionlabs/Tri-0.5B-Base,9,0.375,mean,raw,ok,mrr,0.38586618023416025,256,512,12
trillionlabs/Tri-0.5B-Base,9,0.375,mean,aligned,ok,mrr,0.31143187223664165,256,512,12
trillionlabs/Tri-0.5B-Base,9,0.375,mean,delta,ok,mrr,-0.0744343079975186,256,512,12
trillionlabs/Tri-0.5B-Base,10,0.4166666666666667,mean,raw,ok,r1,0.3492838541666667,256,512,12
trillionlabs/Tri-0.5B-Base,10,0.4166666666666667,mean,aligned,ok,r1,0.2775065104166667,256,512,12
trillionlabs/Tri-0.5B-Base,10,0.4166666666666667,mean,delta,ok,r1,-0.07177734375,256,512,12
trillionlabs/Tri-0.5B-Base,10,0.4166666666666667,mean,raw,ok,r5,0.4674479166666667,256,512,12
trillionlabs/Tri-0.5B-Base,10,0.4166666666666667,mean,aligned,ok,r5,0.357421875,256,512,12
trillionlabs/Tri-0.5B-Base,10,0.4166666666666667,mean,delta,ok,r5,-0.11002604166666667,256,512,12
trillionlabs/Tri-0.5B-Base,10,0.4166666666666667,mean,raw,ok,r10,0.5166015625,256,512,12
trillionlabs/Tri-0.5B-Base,10,0.4166666666666667,mean,aligned,ok,r10,0.3955078125,256,512,12
trillionlabs/Tri-0.5B-Base,10,0.4166666666666667,mean,delta,ok,r10,-0.12109375,256,512,12
trillionlabs/Tri-0.5B-Base,10,0.4166666666666667,mean,raw,ok,mrr,0.409543788104113,256,512,12
trillionlabs/Tri-0.5B-Base,10,0.4166666666666667,mean,aligned,ok,mrr,0.3208048450128909,256,512,12
trillionlabs/Tri-0.5B-Base,10,0.4166666666666667,mean,delta,ok,mrr,-0.08873894309122203,256,512,12
trillionlabs/Tri-0.5B-Base,11,0.4583333333333333,mean,raw,ok,r1,0.35986328125,256,512,12
trillionlabs/Tri-0.5B-Base,11,0.4583333333333333,mean,aligned,ok,r1,0.2823893229166667,256,512,12
trillionlabs/Tri-0.5B-Base,11,0.4583333333333333,mean,delta,ok,r1,-0.07747395833333333,256,512,12
trillionlabs/Tri-0.5B-Base,11,0.4583333333333333,mean,raw,ok,r5,0.4767252604166667,256,512,12
trillionlabs/Tri-0.5B-Base,11,0.4583333333333333,mean,aligned,ok,r5,0.3662109375,256,512,12
trillionlabs/Tri-0.5B-Base,11,0.4583333333333333,mean,delta,ok,r5,-0.11051432291666667,256,512,12
trillionlabs/Tri-0.5B-Base,11,0.4583333333333333,mean,raw,ok,r10,0.5263671875,256,512,12
trillionlabs/Tri-0.5B-Base,11,0.4583333333333333,mean,aligned,ok,r10,0.40234375,256,512,12
trillionlabs/Tri-0.5B-Base,11,0.4583333333333333,mean,delta,ok,r10,-0.1240234375,256,512,12
trillionlabs/Tri-0.5B-Base,11,0.4583333333333333,mean,raw,ok,mrr,0.41950797353669733,256,512,12
trillionlabs/Tri-0.5B-Base,11,0.4583333333333333,mean,aligned,ok,mrr,0.3263325857773503,256,512,12
trillionlabs/Tri-0.5B-Base,11,0.4583333333333333,mean,delta,ok,mrr,-0.09317538775934697,256,512,12
trillionlabs/Tri-0.5B-Base,12,0.5,mean,raw,ok,r1,0.3800455729166667,256,512,12
trillionlabs/Tri-0.5B-Base,12,0.5,mean,aligned,ok,r1,0.2923177083333333,256,512,12
trillionlabs/Tri-0.5B-Base,12,0.5,mean,delta,ok,r1,-0.08772786458333333,256,512,12
trillionlabs/Tri-0.5B-Base,12,0.5,mean,raw,ok,r5,0.4969075520833333,256,512,12
trillionlabs/Tri-0.5B-Base,12,0.5,mean,aligned,ok,r5,0.38037109375,256,512,12
trillionlabs/Tri-0.5B-Base,12,0.5,mean,delta,ok,r5,-0.11653645833333333,256,512,12
trillionlabs/Tri-0.5B-Base,12,0.5,mean,raw,ok,r10,0.5457356770833334,256,512,12
trillionlabs/Tri-0.5B-Base,12,0.5,mean,aligned,ok,r10,0.4148763020833333,256,512,12
trillionlabs/Tri-0.5B-Base,12,0.5,mean,delta,ok,r10,-0.130859375,256,512,12
trillionlabs/Tri-0.5B-Base,12,0.5,mean,raw,ok,mrr,0.4393810210768189,256,512,12
trillionlabs/Tri-0.5B-Base,12,0.5,mean,aligned,ok,mrr,0.3368552913650773,256,512,12
trillionlabs/Tri-0.5B-Base,12,0.5,mean,delta,ok,mrr,-0.10252572971174156,256,512,12
trillionlabs/Tri-0.5B-Base,13,0.5416666666666666,mean,raw,ok,r1,0.41943359375,256,512,12
trillionlabs/Tri-0.5B-Base,13,0.5416666666666666,mean,aligned,ok,r1,0.3076171875,256,512,12
trillionlabs/Tri-0.5B-Base,13,0.5416666666666666,mean,delta,ok,r1,-0.11181640625,256,512,12
trillionlabs/Tri-0.5B-Base,13,0.5416666666666666,mean,raw,ok,r5,0.5275065104166666,256,512,12
trillionlabs/Tri-0.5B-Base,13,0.5416666666666666,mean,aligned,ok,r5,0.3955078125,256,512,12
trillionlabs/Tri-0.5B-Base,13,0.5416666666666666,mean,delta,ok,r5,-0.13199869791666666,256,512,12
trillionlabs/Tri-0.5B-Base,13,0.5416666666666666,mean,raw,ok,r10,0.5730794270833334,256,512,12
trillionlabs/Tri-0.5B-Base,13,0.5416666666666666,mean,aligned,ok,r10,0.4303385416666667,256,512,12
trillionlabs/Tri-0.5B-Base,13,0.5416666666666666,mean,delta,ok,r10,-0.14274088541666666,256,512,12
trillionlabs/Tri-0.5B-Base,13,0.5416666666666666,mean,raw,ok,mrr,0.4737218317641441,256,512,12
trillionlabs/Tri-0.5B-Base,13,0.5416666666666666,mean,aligned,ok,mrr,0.3520060617560404,256,512,12
trillionlabs/Tri-0.5B-Base,13,0.5416666666666666,mean,delta,ok,mrr,-0.12171577000810378,256,512,12
trillionlabs/Tri-0.5B-Base,14,0.5833333333333334,mean,raw,ok,r1,0.4290364583333333,256,512,12
trillionlabs/Tri-0.5B-Base,14,0.5833333333333334,mean,aligned,ok,r1,0.3111979166666667,256,512,12
trillionlabs/Tri-0.5B-Base,14,0.5833333333333334,mean,delta,ok,r1,-0.11783854166666667,256,512,12
trillionlabs/Tri-0.5B-Base,14,0.5833333333333334,mean,raw,ok,r5,0.5398763020833334,256,512,12
trillionlabs/Tri-0.5B-Base,14,0.5833333333333334,mean,aligned,ok,r5,0.3976236979166667,256,512,12
trillionlabs/Tri-0.5B-Base,14,0.5833333333333334,mean,delta,ok,r5,-0.14225260416666666,256,512,12
trillionlabs/Tri-0.5B-Base,14,0.5833333333333334,mean,raw,ok,r10,0.5836588541666666,256,512,12
trillionlabs/Tri-0.5B-Base,14,0.5833333333333334,mean,aligned,ok,r10,0.4298502604166667,256,512,12
trillionlabs/Tri-0.5B-Base,14,0.5833333333333334,mean,delta,ok,r10,-0.15380859375,256,512,12
trillionlabs/Tri-0.5B-Base,14,0.5833333333333334,mean,raw,ok,mrr,0.48344281427492003,256,512,12
trillionlabs/Tri-0.5B-Base,14,0.5833333333333334,mean,aligned,ok,mrr,0.3549820054209148,256,512,12
trillionlabs/Tri-0.5B-Base,14,0.5833333333333334,mean,delta,ok,mrr,-0.12846080885400524,256,512,12
trillionlabs/Tri-0.5B-Base,15,0.625,mean,raw,ok,r1,0.4537760416666667,256,512,12
trillionlabs/Tri-0.5B-Base,15,0.625,mean,aligned,ok,r1,0.32080078125,256,512,12
trillionlabs/Tri-0.5B-Base,15,0.625,mean,delta,ok,r1,-0.13297526041666666,256,512,12
trillionlabs/Tri-0.5B-Base,15,0.625,mean,raw,ok,r5,0.5660807291666666,256,512,12
trillionlabs/Tri-0.5B-Base,15,0.625,mean,aligned,ok,r5,0.40771484375,256,512,12
trillionlabs/Tri-0.5B-Base,15,0.625,mean,delta,ok,r5,-0.15836588541666666,256,512,12
trillionlabs/Tri-0.5B-Base,15,0.625,mean,raw,ok,r10,0.60595703125,256,512,12
trillionlabs/Tri-0.5B-Base,15,0.625,mean,aligned,ok,r10,0.4388020833333333,256,512,12
trillionlabs/Tri-0.5B-Base,15,0.625,mean,delta,ok,r10,-0.16715494791666666,256,512,12
trillionlabs/Tri-0.5B-Base,15,0.625,mean,raw,ok,mrr,0.5082741863039125,256,512,12
trillionlabs/Tri-0.5B-Base,15,0.625,mean,aligned,ok,mrr,0.36429981183976995,256,512,12
trillionlabs/Tri-0.5B-Base,15,0.625,mean,delta,ok,mrr,-0.1439743744641426,256,512,12
trillionlabs/Tri-0.5B-Base,16,0.6666666666666666,mean,raw,ok,r1,0.4894205729166667,256,512,12
trillionlabs/Tri-0.5B-Base,16,0.6666666666666666,mean,aligned,ok,r1,0.33447265625,256,512,12
trillionlabs/Tri-0.5B-Base,16,0.6666666666666666,mean,delta,ok,r1,-0.15494791666666666,256,512,12
trillionlabs/Tri-0.5B-Base,16,0.6666666666666666,mean,raw,ok,r5,0.5978190104166666,256,512,12
trillionlabs/Tri-0.5B-Base,16,0.6666666666666666,mean,aligned,ok,r5,0.4236653645833333,256,512,12
trillionlabs/Tri-0.5B-Base,16,0.6666666666666666,mean,delta,ok,r5,-0.17415364583333334,256,512,12
trillionlabs/Tri-0.5B-Base,16,0.6666666666666666,mean,raw,ok,r10,0.6409505208333334,256,512,12
trillionlabs/Tri-0.5B-Base,16,0.6666666666666666,mean,aligned,ok,r10,0.45458984375,256,512,12
trillionlabs/Tri-0.5B-Base,16,0.6666666666666666,mean,delta,ok,r10,-0.18636067708333334,256,512,12
trillionlabs/Tri-0.5B-Base,16,0.6666666666666666,mean,raw,ok,mrr,0.5433375934963065,256,512,12
trillionlabs/Tri-0.5B-Base,16,0.6666666666666666,mean,aligned,ok,mrr,0.379690227162693,256,512,12
trillionlabs/Tri-0.5B-Base,16,0.6666666666666666,mean,delta,ok,mrr,-0.16364736633361351,256,512,12
trillionlabs/Tri-0.5B-Base,17,0.7083333333333334,mean,raw,ok,r1,0.4850260416666667,256,512,12
trillionlabs/Tri-0.5B-Base,17,0.7083333333333334,mean,aligned,ok,r1,0.33837890625,256,512,12
trillionlabs/Tri-0.5B-Base,17,0.7083333333333334,mean,delta,ok,r1,-0.14664713541666666,256,512,12
trillionlabs/Tri-0.5B-Base,17,0.7083333333333334,mean,raw,ok,r5,0.5926106770833334,256,512,12
trillionlabs/Tri-0.5B-Base,17,0.7083333333333334,mean,aligned,ok,r5,0.4274088541666667,256,512,12
trillionlabs/Tri-0.5B-Base,17,0.7083333333333334,mean,delta,ok,r5,-0.16520182291666666,256,512,12
trillionlabs/Tri-0.5B-Base,17,0.7083333333333334,mean,raw,ok,r10,0.6375325520833334,256,512,12
trillionlabs/Tri-0.5B-Base,17,0.7083333333333334,mean,aligned,ok,r10,0.4593098958333333,256,512,12
trillionlabs/Tri-0.5B-Base,17,0.7083333333333334,mean,delta,ok,r10,-0.17822265625,256,512,12
trillionlabs/Tri-0.5B-Base,17,0.7083333333333334,mean,raw,ok,mrr,0.5385977972924403,256,512,12
trillionlabs/Tri-0.5B-Base,17,0.7083333333333334,mean,aligned,ok,mrr,0.38387334631160236,256,512,12
trillionlabs/Tri-0.5B-Base,17,0.7083333333333334,mean,delta,ok,mrr,-0.1547244509808379,256,512,12
trillionlabs/Tri-0.5B-Base,18,0.75,mean,raw,ok,r1,0.4803059895833333,256,512,12
trillionlabs/Tri-0.5B-Base,18,0.75,mean,aligned,ok,r1,0.33740234375,256,512,12
trillionlabs/Tri-0.5B-Base,18,0.75,mean,delta,ok,r1,-0.14290364583333334,256,512,12
trillionlabs/Tri-0.5B-Base,18,0.75,mean,raw,ok,r5,0.5841471354166666,256,512,12
trillionlabs/Tri-0.5B-Base,18,0.75,mean,aligned,ok,r5,0.4288736979166667,256,512,12
trillionlabs/Tri-0.5B-Base,18,0.75,mean,delta,ok,r5,-0.1552734375,256,512,12
trillionlabs/Tri-0.5B-Base,18,0.75,mean,raw,ok,r10,0.6271158854166666,256,512,12
trillionlabs/Tri-0.5B-Base,18,0.75,mean,aligned,ok,r10,0.4630533854166667,256,512,12
trillionlabs/Tri-0.5B-Base,18,0.75,mean,delta,ok,r10,-0.1640625,256,512,12
trillionlabs/Tri-0.5B-Base,18,0.75,mean,raw,ok,mrr,0.5330049856875793,256,512,12
trillionlabs/Tri-0.5B-Base,18,0.75,mean,aligned,ok,mrr,0.384426858360053,256,512,12
trillionlabs/Tri-0.5B-Base,18,0.75,mean,delta,ok,mrr,-0.1485781273275262,256,512,12
trillionlabs/Tri-0.5B-Base,19,0.7916666666666666,mean,raw,ok,r1,0.4537760416666667,256,512,12
trillionlabs/Tri-0.5B-Base,19,0.7916666666666666,mean,aligned,ok,r1,0.3404947916666667,256,512,12
trillionlabs/Tri-0.5B-Base,19,0.7916666666666666,mean,delta,ok,r1,-0.11328125,256,512,12
trillionlabs/Tri-0.5B-Base,19,0.7916666666666666,mean,raw,ok,r5,0.5633138020833334,256,512,12
trillionlabs/Tri-0.5B-Base,19,0.7916666666666666,mean,aligned,ok,r5,0.4327799479166667,256,512,12
trillionlabs/Tri-0.5B-Base,19,0.7916666666666666,mean,delta,ok,r5,-0.13053385416666666,256,512,12
trillionlabs/Tri-0.5B-Base,19,0.7916666666666666,mean,raw,ok,r10,0.6046549479166666,256,512,12
trillionlabs/Tri-0.5B-Base,19,0.7916666666666666,mean,aligned,ok,r10,0.46630859375,256,512,12
trillionlabs/Tri-0.5B-Base,19,0.7916666666666666,mean,delta,ok,r10,-0.13834635416666666,256,512,12
trillionlabs/Tri-0.5B-Base,19,0.7916666666666666,mean,raw,ok,mrr,0.5090385710619323,256,512,12
trillionlabs/Tri-0.5B-Base,19,0.7916666666666666,mean,aligned,ok,mrr,0.3882338972910003,256,512,12
trillionlabs/Tri-0.5B-Base,19,0.7916666666666666,mean,delta,ok,mrr,-0.12080467377093207,256,512,12
trillionlabs/Tri-0.5B-Base,20,0.8333333333333334,mean,raw,ok,r1,0.48193359375,256,512,12
trillionlabs/Tri-0.5B-Base,20,0.8333333333333334,mean,aligned,ok,r1,0.35791015625,256,512,12
trillionlabs/Tri-0.5B-Base,20,0.8333333333333334,mean,delta,ok,r1,-0.1240234375,256,512,12
trillionlabs/Tri-0.5B-Base,20,0.8333333333333334,mean,raw,ok,r5,0.5865885416666666,256,512,12
trillionlabs/Tri-0.5B-Base,20,0.8333333333333334,mean,aligned,ok,r5,0.4508463541666667,256,512,12
trillionlabs/Tri-0.5B-Base,20,0.8333333333333334,mean,delta,ok,r5,-0.1357421875,256,512,12
trillionlabs/Tri-0.5B-Base,20,0.8333333333333334,mean,raw,ok,r10,0.62451171875,256,512,12
trillionlabs/Tri-0.5B-Base,20,0.8333333333333334,mean,aligned,ok,r10,0.48095703125,256,512,12
trillionlabs/Tri-0.5B-Base,20,0.8333333333333334,mean,delta,ok,r10,-0.1435546875,256,512,12
trillionlabs/Tri-0.5B-Base,20,0.8333333333333334,mean,raw,ok,mrr,0.5349308085595693,256,512,12
trillionlabs/Tri-0.5B-Base,20,0.8333333333333334,mean,aligned,ok,mrr,0.40502797092205234,256,512,12
trillionlabs/Tri-0.5B-Base,20,0.8333333333333334,mean,delta,ok,mrr,-0.12990283763751695,256,512,12
trillionlabs/Tri-0.5B-Base,21,0.875,mean,raw,ok,r1,0.412109375,256,512,12
trillionlabs/Tri-0.5B-Base,21,0.875,mean,aligned,ok,r1,0.34716796875,256,512,12
trillionlabs/Tri-0.5B-Base,21,0.875,mean,delta,ok,r1,-0.06494140625,256,512,12
trillionlabs/Tri-0.5B-Base,21,0.875,mean,raw,ok,r5,0.5369466145833334,256,512,12
trillionlabs/Tri-0.5B-Base,21,0.875,mean,aligned,ok,r5,0.44384765625,256,512,12
trillionlabs/Tri-0.5B-Base,21,0.875,mean,delta,ok,r5,-0.09309895833333333,256,512,12
trillionlabs/Tri-0.5B-Base,21,0.875,mean,raw,ok,r10,0.5704752604166666,256,512,12
trillionlabs/Tri-0.5B-Base,21,0.875,mean,aligned,ok,r10,0.4791666666666667,256,512,12
trillionlabs/Tri-0.5B-Base,21,0.875,mean,delta,ok,r10,-0.09130859375,256,512,12
trillionlabs/Tri-0.5B-Base,21,0.875,mean,raw,ok,mrr,0.47282139564776626,256,512,12
trillionlabs/Tri-0.5B-Base,21,0.875,mean,aligned,ok,mrr,0.3966759581323985,256,512,12
trillionlabs/Tri-0.5B-Base,21,0.875,mean,delta,ok,mrr,-0.07614543751536774,256,512,12
trillionlabs/Tri-0.5B-Base,22,0.9166666666666666,mean,raw,ok,r1,0.31494140625,256,512,12
trillionlabs/Tri-0.5B-Base,22,0.9166666666666666,mean,aligned,ok,r1,0.34521484375,256,512,12
trillionlabs/Tri-0.5B-Base,22,0.9166666666666666,mean,delta,ok,r1,0.0302734375,256,512,12
trillionlabs/Tri-0.5B-Base,22,0.9166666666666666,mean,raw,ok,r5,0.46484375,256,512,12
trillionlabs/Tri-0.5B-Base,22,0.9166666666666666,mean,aligned,ok,r5,0.4444986979166667,256,512,12
trillionlabs/Tri-0.5B-Base,22,0.9166666666666666,mean,delta,ok,r5,-0.020345052083333332,256,512,12
trillionlabs/Tri-0.5B-Base,22,0.9166666666666666,mean,raw,ok,r10,0.5203450520833334,256,512,12
trillionlabs/Tri-0.5B-Base,22,0.9166666666666666,mean,aligned,ok,r10,0.4807942708333333,256,512,12
trillionlabs/Tri-0.5B-Base,22,0.9166666666666666,mean,delta,ok,r10,-0.03955078125,256,512,12
trillionlabs/Tri-0.5B-Base,22,0.9166666666666666,mean,raw,ok,mrr,0.38802132972781944,256,512,12
trillionlabs/Tri-0.5B-Base,22,0.9166666666666666,mean,aligned,ok,mrr,0.39596830274532363,256,512,12
trillionlabs/Tri-0.5B-Base,22,0.9166666666666666,mean,delta,ok,mrr,0.007946973017504258,256,512,12
trillionlabs/Tri-0.5B-Base,23,0.9583333333333334,mean,raw,ok,r1,0.14208984375,256,512,12
trillionlabs/Tri-0.5B-Base,23,0.9583333333333334,mean,aligned,ok,r1,0.3328450520833333,256,512,12
trillionlabs/Tri-0.5B-Base,23,0.9583333333333334,mean,delta,ok,r1,0.19075520833333334,256,512,12
trillionlabs/Tri-0.5B-Base,23,0.9583333333333334,mean,raw,ok,r5,0.23974609375,256,512,12
trillionlabs/Tri-0.5B-Base,23,0.9583333333333334,mean,aligned,ok,r5,0.4365234375,256,512,12
trillionlabs/Tri-0.5B-Base,23,0.9583333333333334,mean,delta,ok,r5,0.19677734375,256,512,12
trillionlabs/Tri-0.5B-Base,23,0.9583333333333334,mean,raw,ok,r10,0.29931640625,256,512,12
trillionlabs/Tri-0.5B-Base,23,0.9583333333333334,mean,aligned,ok,r10,0.47119140625,256,512,12
trillionlabs/Tri-0.5B-Base,23,0.9583333333333334,mean,delta,ok,r10,0.171875,256,512,12
trillionlabs/Tri-0.5B-Base,23,0.9583333333333334,mean,raw,ok,mrr,0.19788025335364257,256,512,12
trillionlabs/Tri-0.5B-Base,23,0.9583333333333334,mean,aligned,ok,mrr,0.38514238309750565,256,512,12
trillionlabs/Tri-0.5B-Base,23,0.9583333333333334,mean,delta,ok,mrr,0.18726212974386305,256,512,12
trillionlabs/Tri-0.5B-Base,24,1.0,mean,raw,ok,r1,0.12369791666666667,256,512,12
trillionlabs/Tri-0.5B-Base,24,1.0,mean,aligned,ok,r1,0.72265625,256,512,12
trillionlabs/Tri-0.5B-Base,24,1.0,mean,delta,ok,r1,0.5989583333333334,256,512,12
trillionlabs/Tri-0.5B-Base,24,1.0,mean,raw,ok,r5,0.3776041666666667,256,512,12
trillionlabs/Tri-0.5B-Base,24,1.0,mean,aligned,ok,r5,0.9091796875,256,512,12
trillionlabs/Tri-0.5B-Base,24,1.0,mean,delta,ok,r5,0.5315755208333334,256,512,12
trillionlabs/Tri-0.5B-Base,24,1.0,mean,raw,ok,r10,0.51953125,256,512,12
trillionlabs/Tri-0.5B-Base,24,1.0,mean,aligned,ok,r10,0.95068359375,256,512,12
trillionlabs/Tri-0.5B-Base,24,1.0,mean,delta,ok,r10,0.43115234375,256,512,12
trillionlabs/Tri-0.5B-Base,24,1.0,mean,raw,ok,mrr,0.24828495667081316,256,512,12
trillionlabs/Tri-0.5B-Base,24,1.0,mean,aligned,ok,mrr,0.8063873946594918,256,512,12
trillionlabs/Tri-0.5B-Base,24,1.0,mean,delta,ok,mrr,0.5581024379886786,256,512,12
Qwen/Qwen2.5-0.5B,0,0.0,last_token,raw,ok,r1,0.0030924479166666665,256,512,12
Qwen/Qwen2.5-0.5B,0,0.0,last_token,aligned,ok,r1,0.0017903645833333333,256,512,12
Qwen/Qwen2.5-0.5B,0,0.0,last_token,delta,ok,r1,-0.0013020833333333333,256,512,12
Qwen/Qwen2.5-0.5B,0,0.0,last_token,raw,ok,r5,0.012369791666666666,256,512,12
Qwen/Qwen2.5-0.5B,0,0.0,last_token,aligned,ok,r5,0.01220703125,256,512,12
Qwen/Qwen2.5-0.5B,0,0.0,last_token,delta,ok,r5,-0.00016276041666666666,256,512,12
Qwen/Qwen2.5-0.5B,0,0.0,last_token,raw,ok,r10,0.02197265625,256,512,12
Qwen/Qwen2.5-0.5B,0,0.0,last_token,aligned,ok,r10,0.021809895833333332,256,512,12
Qwen/Qwen2.5-0.5B,0,0.0,last_token,delta,ok,r10,-0.00016276041666666666,256,512,12
Qwen/Qwen2.5-0.5B,0,0.0,last_token,raw,ok,mrr,0.01459107386158356,256,512,12
Qwen/Qwen2.5-0.5B,0,0.0,last_token,aligned,ok,mrr,0.013074701303495624,256,512,12
Qwen/Qwen2.5-0.5B,0,0.0,last_token,delta,ok,mrr,-0.001516372558087932,256,512,12
Qwen/Qwen2.5-0.5B,1,0.041666666666666664,last_token,raw,ok,r1,0.017740885416666668,256,512,12
Qwen/Qwen2.5-0.5B,1,0.041666666666666664,last_token,aligned,ok,r1,0.03955078125,256,512,12
Qwen/Qwen2.5-0.5B,1,0.041666666666666664,last_token,delta,ok,r1,0.021809895833333332,256,512,12
Qwen/Qwen2.5-0.5B,1,0.041666666666666664,last_token,raw,ok,r5,0.0478515625,256,512,12
Qwen/Qwen2.5-0.5B,1,0.041666666666666664,last_token,aligned,ok,r5,0.1123046875,256,512,12
Qwen/Qwen2.5-0.5B,1,0.041666666666666664,last_token,delta,ok,r5,0.064453125,256,512,12
Qwen/Qwen2.5-0.5B,1,0.041666666666666664,last_token,raw,ok,r10,0.07340494791666667,256,512,12
Qwen/Qwen2.5-0.5B,1,0.041666666666666664,last_token,aligned,ok,r10,0.17350260416666666,256,512,12
Qwen/Qwen2.5-0.5B,1,0.041666666666666664,last_token,delta,ok,r10,0.10009765625,256,512,12
Qwen/Qwen2.5-0.5B,1,0.041666666666666664,last_token,raw,ok,mrr,0.042420460358805256,256,512,12
Qwen/Qwen2.5-0.5B,1,0.041666666666666664,last_token,aligned,ok,mrr,0.08781186873375924,256,512,12
Qwen/Qwen2.5-0.5B,1,0.041666666666666664,last_token,delta,ok,mrr,0.04539140837495398,256,512,12
Qwen/Qwen2.5-0.5B,2,0.08333333333333333,last_token,raw,ok,r1,0.036946614583333336,256,512,12
Qwen/Qwen2.5-0.5B,2,0.08333333333333333,last_token,aligned,ok,r1,0.10791015625,256,512,12
Qwen/Qwen2.5-0.5B,2,0.08333333333333333,last_token,delta,ok,r1,0.07096354166666667,256,512,12
Qwen/Qwen2.5-0.5B,2,0.08333333333333333,last_token,raw,ok,r5,0.09537760416666667,256,512,12
Qwen/Qwen2.5-0.5B,2,0.08333333333333333,last_token,aligned,ok,r5,0.26708984375,256,512,12
Qwen/Qwen2.5-0.5B,2,0.08333333333333333,last_token,delta,ok,r5,0.17171223958333334,256,512,12
Qwen/Qwen2.5-0.5B,2,0.08333333333333333,last_token,raw,ok,r10,0.13720703125,256,512,12
Qwen/Qwen2.5-0.5B,2,0.08333333333333333,last_token,aligned,ok,r10,0.357421875,256,512,12
Qwen/Qwen2.5-0.5B,2,0.08333333333333333,last_token,delta,ok,r10,0.22021484375,256,512,12
Qwen/Qwen2.5-0.5B,2,0.08333333333333333,last_token,raw,ok,mrr,0.07490460166028512,256,512,12
Qwen/Qwen2.5-0.5B,2,0.08333333333333333,last_token,aligned,ok,mrr,0.19293381943949772,256,512,12
Qwen/Qwen2.5-0.5B,2,0.08333333333333333,last_token,delta,ok,mrr,0.11802921777921262,256,512,12
Qwen/Qwen2.5-0.5B,3,0.125,last_token,raw,ok,r1,0.048014322916666664,256,512,12
Qwen/Qwen2.5-0.5B,3,0.125,last_token,aligned,ok,r1,0.12972005208333334,256,512,12
Qwen/Qwen2.5-0.5B,3,0.125,last_token,delta,ok,r1,0.08170572916666667,256,512,12
Qwen/Qwen2.5-0.5B,3,0.125,last_token,raw,ok,r5,0.11100260416666667,256,512,12
Qwen/Qwen2.5-0.5B,3,0.125,last_token,aligned,ok,r5,0.29638671875,256,512,12
Qwen/Qwen2.5-0.5B,3,0.125,last_token,delta,ok,r5,0.18538411458333334,256,512,12
Qwen/Qwen2.5-0.5B,3,0.125,last_token,raw,ok,r10,0.15673828125,256,512,12
Qwen/Qwen2.5-0.5B,3,0.125,last_token,aligned,ok,r10,0.4029947916666667,256,512,12
Qwen/Qwen2.5-0.5B,3,0.125,last_token,delta,ok,r10,0.24625651041666666,256,512,12
Qwen/Qwen2.5-0.5B,3,0.125,last_token,raw,ok,mrr,0.08854879308627685,256,512,12
Qwen/Qwen2.5-0.5B,3,0.125,last_token,aligned,ok,mrr,0.21969015699506153,256,512,12
Qwen/Qwen2.5-0.5B,3,0.125,last_token,delta,ok,mrr,0.1311413639087847,256,512,12
Qwen/Qwen2.5-0.5B,4,0.16666666666666666,last_token,raw,ok,r1,0.08821614583333333,256,512,12
Qwen/Qwen2.5-0.5B,4,0.16666666666666666,last_token,aligned,ok,r1,0.19319661458333334,256,512,12
Qwen/Qwen2.5-0.5B,4,0.16666666666666666,last_token,delta,ok,r1,0.10498046875,256,512,12
Qwen/Qwen2.5-0.5B,4,0.16666666666666666,last_token,raw,ok,r5,0.19596354166666666,256,512,12
Qwen/Qwen2.5-0.5B,4,0.16666666666666666,last_token,aligned,ok,r5,0.4070638020833333,256,512,12
Qwen/Qwen2.5-0.5B,4,0.16666666666666666,last_token,delta,ok,r5,0.21110026041666666,256,512,12
Qwen/Qwen2.5-0.5B,4,0.16666666666666666,last_token,raw,ok,r10,0.2626953125,256,512,12
Qwen/Qwen2.5-0.5B,4,0.16666666666666666,last_token,aligned,ok,r10,0.51416015625,256,512,12
Qwen/Qwen2.5-0.5B,4,0.16666666666666666,last_token,delta,ok,r10,0.25146484375,256,512,12
Qwen/Qwen2.5-0.5B,4,0.16666666666666666,last_token,raw,ok,mrr,0.14916743525952925,256,512,12
Qwen/Qwen2.5-0.5B,4,0.16666666666666666,last_token,aligned,ok,mrr,0.2998184683169252,256,512,12
Qwen/Qwen2.5-0.5B,4,0.16666666666666666,last_token,delta,ok,mrr,0.15065103305739597,256,512,12
Qwen/Qwen2.5-0.5B,5,0.20833333333333334,last_token,raw,ok,r1,0.2724609375,256,512,12
Qwen/Qwen2.5-0.5B,5,0.20833333333333334,last_token,aligned,ok,r1,0.3854166666666667,256,512,12
Qwen/Qwen2.5-0.5B,5,0.20833333333333334,last_token,delta,ok,r1,0.11295572916666667,256,512,12
Qwen/Qwen2.5-0.5B,5,0.20833333333333334,last_token,raw,ok,r5,0.4825846354166667,256,512,12
Qwen/Qwen2.5-0.5B,5,0.20833333333333334,last_token,aligned,ok,r5,0.6552734375,256,512,12
Qwen/Qwen2.5-0.5B,5,0.20833333333333334,last_token,delta,ok,r5,0.17268880208333334,256,512,12
Qwen/Qwen2.5-0.5B,5,0.20833333333333334,last_token,raw,ok,r10,0.5787760416666666,256,512,12
Qwen/Qwen2.5-0.5B,5,0.20833333333333334,last_token,aligned,ok,r10,0.7548828125,256,512,12
Qwen/Qwen2.5-0.5B,5,0.20833333333333334,last_token,delta,ok,r10,0.17610677083333334,256,512,12
Qwen/Qwen2.5-0.5B,5,0.20833333333333334,last_token,raw,ok,mrr,0.37494285353353024,256,512,12
Qwen/Qwen2.5-0.5B,5,0.20833333333333334,last_token,aligned,ok,mrr,0.5105459334124522,256,512,12
Qwen/Qwen2.5-0.5B,5,0.20833333333333334,last_token,delta,ok,mrr,0.13560307987892198,256,512,12
Qwen/Qwen2.5-0.5B,6,0.25,last_token,raw,ok,r1,0.22639973958333334,256,512,12
Qwen/Qwen2.5-0.5B,6,0.25,last_token,aligned,ok,r1,0.3121744791666667,256,512,12
Qwen/Qwen2.5-0.5B,6,0.25,last_token,delta,ok,r1,0.08577473958333333,256,512,12
Qwen/Qwen2.5-0.5B,6,0.25,last_token,raw,ok,r5,0.400390625,256,512,12
Qwen/Qwen2.5-0.5B,6,0.25,last_token,aligned,ok,r5,0.5758463541666666,256,512,12
Qwen/Qwen2.5-0.5B,6,0.25,last_token,delta,ok,r5,0.17545572916666666,256,512,12
Qwen/Qwen2.5-0.5B,6,0.25,last_token,raw,ok,r10,0.4944661458333333,256,512,12
Qwen/Qwen2.5-0.5B,6,0.25,last_token,aligned,ok,r10,0.6917317708333334,256,512,12
Qwen/Qwen2.5-0.5B,6,0.25,last_token,delta,ok,r10,0.197265625,256,512,12
Qwen/Qwen2.5-0.5B,6,0.25,last_token,raw,ok,mrr,0.3152223391405564,256,512,12
Qwen/Qwen2.5-0.5B,6,0.25,last_token,aligned,ok,mrr,0.4368370038018781,256,512,12
Qwen/Qwen2.5-0.5B,6,0.25,last_token,delta,ok,mrr,0.12161466466132174,256,512,12
Qwen/Qwen2.5-0.5B,7,0.2916666666666667,last_token,raw,ok,r1,0.2724609375,256,512,12
Qwen/Qwen2.5-0.5B,7,0.2916666666666667,last_token,aligned,ok,r1,0.373046875,256,512,12
Qwen/Qwen2.5-0.5B,7,0.2916666666666667,last_token,delta,ok,r1,0.1005859375,256,512,12
Qwen/Qwen2.5-0.5B,7,0.2916666666666667,last_token,raw,ok,r5,0.46435546875,256,512,12
Qwen/Qwen2.5-0.5B,7,0.2916666666666667,last_token,aligned,ok,r5,0.642578125,256,512,12
Qwen/Qwen2.5-0.5B,7,0.2916666666666667,last_token,delta,ok,r5,0.17822265625,256,512,12
Qwen/Qwen2.5-0.5B,7,0.2916666666666667,last_token,raw,ok,r10,0.5613606770833334,256,512,12
Qwen/Qwen2.5-0.5B,7,0.2916666666666667,last_token,aligned,ok,r10,0.7454427083333334,256,512,12
Qwen/Qwen2.5-0.5B,7,0.2916666666666667,last_token,delta,ok,r10,0.18408203125,256,512,12
Qwen/Qwen2.5-0.5B,7,0.2916666666666667,last_token,raw,ok,mrr,0.36829138681680584,256,512,12
Qwen/Qwen2.5-0.5B,7,0.2916666666666667,last_token,aligned,ok,mrr,0.4984652677445787,256,512,12
Qwen/Qwen2.5-0.5B,7,0.2916666666666667,last_token,delta,ok,mrr,0.1301738809277729,256,512,12
Qwen/Qwen2.5-0.5B,8,0.3333333333333333,last_token,raw,ok,r1,0.3611653645833333,256,512,12
Qwen/Qwen2.5-0.5B,8,0.3333333333333333,last_token,aligned,ok,r1,0.4625651041666667,256,512,12
Qwen/Qwen2.5-0.5B,8,0.3333333333333333,last_token,delta,ok,r1,0.10139973958333333,256,512,12
Qwen/Qwen2.5-0.5B,8,0.3333333333333333,last_token,raw,ok,r5,0.5677083333333334,256,512,12
Qwen/Qwen2.5-0.5B,8,0.3333333333333333,last_token,aligned,ok,r5,0.72705078125,256,512,12
Qwen/Qwen2.5-0.5B,8,0.3333333333333333,last_token,delta,ok,r5,0.15934244791666666,256,512,12
Qwen/Qwen2.5-0.5B,8,0.3333333333333333,last_token,raw,ok,r10,0.6552734375,256,512,12
Qwen/Qwen2.5-0.5B,8,0.3333333333333333,last_token,aligned,ok,r10,0.8136393229166666,256,512,12
Qwen/Qwen2.5-0.5B,8,0.3333333333333333,last_token,delta,ok,r10,0.15836588541666666,256,512,12
Qwen/Qwen2.5-0.5B,8,0.3333333333333333,last_token,raw,ok,mrr,0.4599455067900951,256,512,12
Qwen/Qwen2.5-0.5B,8,0.3333333333333333,last_token,aligned,ok,mrr,0.582430198744189,256,512,12
Qwen/Qwen2.5-0.5B,8,0.3333333333333333,last_token,delta,ok,mrr,0.1224846919540938,256,512,12
Qwen/Qwen2.5-0.5B,9,0.375,last_token,raw,ok,r1,0.4597981770833333,256,512,12
Qwen/Qwen2.5-0.5B,9,0.375,last_token,aligned,ok,r1,0.52392578125,256,512,12
Qwen/Qwen2.5-0.5B,9,0.375,last_token,delta,ok,r1,0.06412760416666667,256,512,12
Qwen/Qwen2.5-0.5B,9,0.375,last_token,raw,ok,r5,0.6705729166666666,256,512,12
Qwen/Qwen2.5-0.5B,9,0.375,last_token,aligned,ok,r5,0.77685546875,256,512,12
Qwen/Qwen2.5-0.5B,9,0.375,last_token,delta,ok,r5,0.10628255208333333,256,512,12
Qwen/Qwen2.5-0.5B,9,0.375,last_token,raw,ok,r10,0.748046875,256,512,12
Qwen/Qwen2.5-0.5B,9,0.375,last_token,aligned,ok,r10,0.8484700520833334,256,512,12
Qwen/Qwen2.5-0.5B,9,0.375,last_token,delta,ok,r10,0.10042317708333333,256,512,12
Qwen/Qwen2.5-0.5B,9,0.375,last_token,raw,ok,mrr,0.5560377101246757,256,512,12
Qwen/Qwen2.5-0.5B,9,0.375,last_token,aligned,ok,mrr,0.6370159809317298,256,512,12
Qwen/Qwen2.5-0.5B,9,0.375,last_token,delta,ok,mrr,0.08097827080705415,256,512,12
Qwen/Qwen2.5-0.5B,10,0.4166666666666667,last_token,raw,ok,r1,0.5008138020833334,256,512,12
Qwen/Qwen2.5-0.5B,10,0.4166666666666667,last_token,aligned,ok,r1,0.5494791666666666,256,512,12
Qwen/Qwen2.5-0.5B,10,0.4166666666666667,last_token,delta,ok,r1,0.048665364583333336,256,512,12
Qwen/Qwen2.5-0.5B,10,0.4166666666666667,last_token,raw,ok,r5,0.7119140625,256,512,12
Qwen/Qwen2.5-0.5B,10,0.4166666666666667,last_token,aligned,ok,r5,0.7908528645833334,256,512,12
Qwen/Qwen2.5-0.5B,10,0.4166666666666667,last_token,delta,ok,r5,0.07893880208333333,256,512,12
Qwen/Qwen2.5-0.5B,10,0.4166666666666667,last_token,raw,ok,r10,0.7835286458333334,256,512,12
Qwen/Qwen2.5-0.5B,10,0.4166666666666667,last_token,aligned,ok,r10,0.8583984375,256,512,12
Qwen/Qwen2.5-0.5B,10,0.4166666666666667,last_token,delta,ok,r10,0.07486979166666667,256,512,12
Qwen/Qwen2.5-0.5B,10,0.4166666666666667,last_token,raw,ok,mrr,0.5977973982398334,256,512,12
Qwen/Qwen2.5-0.5B,10,0.4166666666666667,last_token,aligned,ok,mrr,0.6594981077759602,256,512,12
Qwen/Qwen2.5-0.5B,10,0.4166666666666667,last_token,delta,ok,mrr,0.061700709536126774,256,512,12
Qwen/Qwen2.5-0.5B,11,0.4583333333333333,last_token,raw,ok,r1,0.7272135416666666,256,512,12
Qwen/Qwen2.5-0.5B,11,0.4583333333333333,last_token,aligned,ok,r1,0.7242838541666666,256,512,12
Qwen/Qwen2.5-0.5B,11,0.4583333333333333,last_token,delta,ok,r1,-0.0029296875,256,512,12
Qwen/Qwen2.5-0.5B,11,0.4583333333333333,last_token,raw,ok,r5,0.8684895833333334,256,512,12
Qwen/Qwen2.5-0.5B,11,0.4583333333333333,last_token,aligned,ok,r5,0.89501953125,256,512,12
Qwen/Qwen2.5-0.5B,11,0.4583333333333333,last_token,delta,ok,r5,0.026529947916666668,256,512,12
Qwen/Qwen2.5-0.5B,11,0.4583333333333333,last_token,raw,ok,r10,0.9000651041666666,256,512,12
Qwen/Qwen2.5-0.5B,11,0.4583333333333333,last_token,aligned,ok,r10,0.9314778645833334,256,512,12
Qwen/Qwen2.5-0.5B,11,0.4583333333333333,last_token,delta,ok,r10,0.031412760416666664,256,512,12
Qwen/Qwen2.5-0.5B,11,0.4583333333333333,last_token,raw,ok,mrr,0.7915860942979785,256,512,12
Qwen/Qwen2.5-0.5B,11,0.4583333333333333,last_token,aligned,ok,mrr,0.8011810351286721,256,512,12
Qwen/Qwen2.5-0.5B,11,0.4583333333333333,last_token,delta,ok,mrr,0.009594940830693408,256,512,12
Qwen/Qwen2.5-0.5B,12,0.5,last_token,raw,ok,r1,0.6834309895833334,256,512,12
Qwen/Qwen2.5-0.5B,12,0.5,last_token,aligned,ok,r1,0.6943359375,256,512,12
Qwen/Qwen2.5-0.5B,12,0.5,last_token,delta,ok,r1,0.010904947916666666,256,512,12
Qwen/Qwen2.5-0.5B,12,0.5,last_token,raw,ok,r5,0.8411458333333334,256,512,12
Qwen/Qwen2.5-0.5B,12,0.5,last_token,aligned,ok,r5,0.87841796875,256,512,12
Qwen/Qwen2.5-0.5B,12,0.5,last_token,delta,ok,r5,0.037272135416666664,256,512,12
Qwen/Qwen2.5-0.5B,12,0.5,last_token,raw,ok,r10,0.8790690104166666,256,512,12
Qwen/Qwen2.5-0.5B,12,0.5,last_token,aligned,ok,r10,0.9239908854166666,256,512,12
Qwen/Qwen2.5-0.5B,12,0.5,last_token,delta,ok,r10,0.044921875,256,512,12
Qwen/Qwen2.5-0.5B,12,0.5,last_token,raw,ok,mrr,0.7547374080158921,256,512,12
Qwen/Qwen2.5-0.5B,12,0.5,last_token,aligned,ok,mrr,0.7769655451972813,256,512,12
Qwen/Qwen2.5-0.5B,12,0.5,last_token,delta,ok,mrr,0.022228137181389218,256,512,12
Qwen/Qwen2.5-0.5B,13,0.5416666666666666,last_token,raw,ok,r1,0.6951497395833334,256,512,12
Qwen/Qwen2.5-0.5B,13,0.5416666666666666,last_token,aligned,ok,r1,0.7132161458333334,256,512,12
Qwen/Qwen2.5-0.5B,13,0.5416666666666666,last_token,delta,ok,r1,0.01806640625,256,512,12
Qwen/Qwen2.5-0.5B,13,0.5416666666666666,last_token,raw,ok,r5,0.8505859375,256,512,12
Qwen/Qwen2.5-0.5B,13,0.5416666666666666,last_token,aligned,ok,r5,0.8875325520833334,256,512,12
Qwen/Qwen2.5-0.5B,13,0.5416666666666666,last_token,delta,ok,r5,0.036946614583333336,256,512,12
Qwen/Qwen2.5-0.5B,13,0.5416666666666666,last_token,raw,ok,r10,0.8863932291666666,256,512,12
Qwen/Qwen2.5-0.5B,13,0.5416666666666666,last_token,aligned,ok,r10,0.92529296875,256,512,12
Qwen/Qwen2.5-0.5B,13,0.5416666666666666,last_token,delta,ok,r10,0.038899739583333336,256,512,12
Qwen/Qwen2.5-0.5B,13,0.5416666666666666,last_token,raw,ok,mrr,0.7655068143342504,256,512,12
Qwen/Qwen2.5-0.5B,13,0.5416666666666666,last_token,aligned,ok,mrr,0.7917648755983416,256,512,12
Qwen/Qwen2.5-0.5B,13,0.5416666666666666,last_token,delta,ok,mrr,0.026258061264091376,256,512,12
Qwen/Qwen2.5-0.5B,14,0.5833333333333334,last_token,raw,ok,r1,0.64892578125,256,512,12
Qwen/Qwen2.5-0.5B,14,0.5833333333333334,last_token,aligned,ok,r1,0.6761067708333334,256,512,12
Qwen/Qwen2.5-0.5B,14,0.5833333333333334,last_token,delta,ok,r1,0.027180989583333332,256,512,12
Qwen/Qwen2.5-0.5B,14,0.5833333333333334,last_token,raw,ok,r5,0.818359375,256,512,12
Qwen/Qwen2.5-0.5B,14,0.5833333333333334,last_token,aligned,ok,r5,0.8640950520833334,256,512,12
Qwen/Qwen2.5-0.5B,14,0.5833333333333334,last_token,delta,ok,r5,0.045735677083333336,256,512,12
Qwen/Qwen2.5-0.5B,14,0.5833333333333334,last_token,raw,ok,r10,0.8673502604166666,256,512,12
Qwen/Qwen2.5-0.5B,14,0.5833333333333334,last_token,aligned,ok,r10,0.90966796875,256,512,12
Qwen/Qwen2.5-0.5B,14,0.5833333333333334,last_token,delta,ok,r10,0.042317708333333336,256,512,12
Qwen/Qwen2.5-0.5B,14,0.5833333333333334,last_token,raw,ok,mrr,0.7262556675812273,256,512,12
Qwen/Qwen2.5-0.5B,14,0.5833333333333334,last_token,aligned,ok,mrr,0.7608468282859006,256,512,12
Qwen/Qwen2.5-0.5B,14,0.5833333333333334,last_token,delta,ok,mrr,0.03459116070467331,256,512,12
Qwen/Qwen2.5-0.5B,15,0.625,last_token,raw,ok,r1,0.7718098958333334,256,512,12
Qwen/Qwen2.5-0.5B,15,0.625,last_token,aligned,ok,r1,0.783203125,256,512,12
Qwen/Qwen2.5-0.5B,15,0.625,last_token,delta,ok,r1,0.011393229166666666,256,512,12
Qwen/Qwen2.5-0.5B,15,0.625,last_token,raw,ok,r5,0.9021809895833334,256,512,12
Qwen/Qwen2.5-0.5B,15,0.625,last_token,aligned,ok,r5,0.9163411458333334,256,512,12
Qwen/Qwen2.5-0.5B,15,0.625,last_token,delta,ok,r5,0.01416015625,256,512,12
Qwen/Qwen2.5-0.5B,15,0.625,last_token,raw,ok,r10,0.9264322916666666,256,512,12
Qwen/Qwen2.5-0.5B,15,0.625,last_token,aligned,ok,r10,0.94580078125,256,512,12
Qwen/Qwen2.5-0.5B,15,0.625,last_token,delta,ok,r10,0.019368489583333332,256,512,12
Qwen/Qwen2.5-0.5B,15,0.625,last_token,raw,ok,mrr,0.8302837712219735,256,512,12
Qwen/Qwen2.5-0.5B,15,0.625,last_token,aligned,ok,mrr,0.8436835725416545,256,512,12
Qwen/Qwen2.5-0.5B,15,0.625,last_token,delta,ok,mrr,0.013399801319681104,256,512,12
Qwen/Qwen2.5-0.5B,16,0.6666666666666666,last_token,raw,ok,r1,0.7029622395833334,256,512,12
Qwen/Qwen2.5-0.5B,16,0.6666666666666666,last_token,aligned,ok,r1,0.7325846354166666,256,512,12
Qwen/Qwen2.5-0.5B,16,0.6666666666666666,last_token,delta,ok,r1,0.029622395833333332,256,512,12
Qwen/Qwen2.5-0.5B,16,0.6666666666666666,last_token,raw,ok,r5,0.85302734375,256,512,12
Qwen/Qwen2.5-0.5B,16,0.6666666666666666,last_token,aligned,ok,r5,0.8894856770833334,256,512,12
Qwen/Qwen2.5-0.5B,16,0.6666666666666666,last_token,delta,ok,r5,0.036458333333333336,256,512,12
Qwen/Qwen2.5-0.5B,16,0.6666666666666666,last_token,raw,ok,r10,0.8894856770833334,256,512,12
Qwen/Qwen2.5-0.5B,16,0.6666666666666666,last_token,aligned,ok,r10,0.9288736979166666,256,512,12
Qwen/Qwen2.5-0.5B,16,0.6666666666666666,last_token,delta,ok,r10,0.039388020833333336,256,512,12
Qwen/Qwen2.5-0.5B,16,0.6666666666666666,last_token,raw,ok,mrr,0.7712017729521182,256,512,12
Qwen/Qwen2.5-0.5B,16,0.6666666666666666,last_token,aligned,ok,mrr,0.803898769955958,256,512,12
Qwen/Qwen2.5-0.5B,16,0.6666666666666666,last_token,delta,ok,mrr,0.03269699700383987,256,512,12
Qwen/Qwen2.5-0.5B,17,0.7083333333333334,last_token,raw,ok,r1,0.65576171875,256,512,12
Qwen/Qwen2.5-0.5B,17,0.7083333333333334,last_token,aligned,ok,r1,0.689453125,256,512,12
Qwen/Qwen2.5-0.5B,17,0.7083333333333334,last_token,delta,ok,r1,0.03369140625,256,512,12
Qwen/Qwen2.5-0.5B,17,0.7083333333333334,last_token,raw,ok,r5,0.8199869791666666,256,512,12
Qwen/Qwen2.5-0.5B,17,0.7083333333333334,last_token,aligned,ok,r5,0.86669921875,256,512,12
Qwen/Qwen2.5-0.5B,17,0.7083333333333334,last_token,delta,ok,r5,0.046712239583333336,256,512,12
Qwen/Qwen2.5-0.5B,17,0.7083333333333334,last_token,raw,ok,r10,0.8631184895833334,256,512,12
Qwen/Qwen2.5-0.5B,17,0.7083333333333334,last_token,aligned,ok,r10,0.9117838541666666,256,512,12
Qwen/Qwen2.5-0.5B,17,0.7083333333333334,last_token,delta,ok,r10,0.048665364583333336,256,512,12
Qwen/Qwen2.5-0.5B,17,0.7083333333333334,last_token,raw,ok,mrr,0.7306732805270642,256,512,12
Qwen/Qwen2.5-0.5B,17,0.7083333333333334,last_token,aligned,ok,mrr,0.769938520437627,256,512,12
Qwen/Qwen2.5-0.5B,17,0.7083333333333334,last_token,delta,ok,mrr,0.03926523991056283,256,512,12
Qwen/Qwen2.5-0.5B,18,0.75,last_token,raw,ok,r1,0.5437825520833334,256,512,12
Qwen/Qwen2.5-0.5B,18,0.75,last_token,aligned,ok,r1,0.64208984375,256,512,12
Qwen/Qwen2.5-0.5B,18,0.75,last_token,delta,ok,r1,0.09830729166666667,256,512,12
Qwen/Qwen2.5-0.5B,18,0.75,last_token,raw,ok,r5,0.7513020833333334,256,512,12
Qwen/Qwen2.5-0.5B,18,0.75,last_token,aligned,ok,r5,0.84033203125,256,512,12
Qwen/Qwen2.5-0.5B,18,0.75,last_token,delta,ok,r5,0.08902994791666667,256,512,12
Qwen/Qwen2.5-0.5B,18,0.75,last_token,raw,ok,r10,0.8076171875,256,512,12
Qwen/Qwen2.5-0.5B,18,0.75,last_token,aligned,ok,r10,0.8909505208333334,256,512,12
Qwen/Qwen2.5-0.5B,18,0.75,last_token,delta,ok,r10,0.08333333333333333,256,512,12
Qwen/Qwen2.5-0.5B,18,0.75,last_token,raw,ok,mrr,0.6376832063687412,256,512,12
Qwen/Qwen2.5-0.5B,18,0.75,last_token,aligned,ok,mrr,0.7312728263141497,256,512,12
Qwen/Qwen2.5-0.5B,18,0.75,last_token,delta,ok,mrr,0.09358961994540842,256,512,12
Qwen/Qwen2.5-0.5B,19,0.7916666666666666,last_token,raw,ok,r1,0.5144856770833334,256,512,12
Qwen/Qwen2.5-0.5B,19,0.7916666666666666,last_token,aligned,ok,r1,0.6578776041666666,256,512,12
Qwen/Qwen2.5-0.5B,19,0.7916666666666666,last_token,delta,ok,r1,0.14339192708333334,256,512,12
Qwen/Qwen2.5-0.5B,19,0.7916666666666666,last_token,raw,ok,r5,0.728515625,256,512,12
Qwen/Qwen2.5-0.5B,19,0.7916666666666666,last_token,aligned,ok,r5,0.84619140625,256,512,12
Qwen/Qwen2.5-0.5B,19,0.7916666666666666,last_token,delta,ok,r5,0.11767578125,256,512,12
Qwen/Qwen2.5-0.5B,19,0.7916666666666666,last_token,raw,ok,r10,0.7957356770833334,256,512,12
Qwen/Qwen2.5-0.5B,19,0.7916666666666666,last_token,aligned,ok,r10,0.8955078125,256,512,12
Qwen/Qwen2.5-0.5B,19,0.7916666666666666,last_token,delta,ok,r10,0.09977213541666667,256,512,12
Qwen/Qwen2.5-0.5B,19,0.7916666666666666,last_token,raw,ok,mrr,0.6133639071560834,256,512,12
Qwen/Qwen2.5-0.5B,19,0.7916666666666666,last_token,aligned,ok,mrr,0.7436635422763013,256,512,12
Qwen/Qwen2.5-0.5B,19,0.7916666666666666,last_token,delta,ok,mrr,0.13029963512021778,256,512,12
Qwen/Qwen2.5-0.5B,20,0.8333333333333334,last_token,raw,ok,r1,0.482421875,256,512,12
Qwen/Qwen2.5-0.5B,20,0.8333333333333334,last_token,aligned,ok,r1,0.6492513020833334,256,512,12
Qwen/Qwen2.5-0.5B,20,0.8333333333333334,last_token,delta,ok,r1,0.16682942708333334,256,512,12
Qwen/Qwen2.5-0.5B,20,0.8333333333333334,last_token,raw,ok,r5,0.7141927083333334,256,512,12
Qwen/Qwen2.5-0.5B,20,0.8333333333333334,last_token,aligned,ok,r5,0.84619140625,256,512,12
Qwen/Qwen2.5-0.5B,20,0.8333333333333334,last_token,delta,ok,r5,0.13199869791666666,256,512,12
Qwen/Qwen2.5-0.5B,20,0.8333333333333334,last_token,raw,ok,r10,0.7828776041666666,256,512,12
Qwen/Qwen2.5-0.5B,20,0.8333333333333334,last_token,aligned,ok,r10,0.8951822916666666,256,512,12
Qwen/Qwen2.5-0.5B,20,0.8333333333333334,last_token,delta,ok,r10,0.1123046875,256,512,12
Qwen/Qwen2.5-0.5B,20,0.8333333333333334,last_token,raw,ok,mrr,0.5883537395124857,256,512,12
Qwen/Qwen2.5-0.5B,20,0.8333333333333334,last_token,aligned,ok,mrr,0.7369807530907911,256,512,12
Qwen/Qwen2.5-0.5B,20,0.8333333333333334,last_token,delta,ok,mrr,0.14862701357830546,256,512,12
Qwen/Qwen2.5-0.5B,21,0.875,last_token,raw,ok,r1,0.5706380208333334,256,512,12
Qwen/Qwen2.5-0.5B,21,0.875,last_token,aligned,ok,r1,0.7286783854166666,256,512,12
Qwen/Qwen2.5-0.5B,21,0.875,last_token,delta,ok,r1,0.15804036458333334,256,512,12
Qwen/Qwen2.5-0.5B,21,0.875,last_token,raw,ok,r5,0.78857421875,256,512,12
Qwen/Qwen2.5-0.5B,21,0.875,last_token,aligned,ok,r5,0.8933919270833334,256,512,12
Qwen/Qwen2.5-0.5B,21,0.875,last_token,delta,ok,r5,0.10481770833333333,256,512,12
Qwen/Qwen2.5-0.5B,21,0.875,last_token,raw,ok,r10,0.8466796875,256,512,12
Qwen/Qwen2.5-0.5B,21,0.875,last_token,aligned,ok,r10,0.93310546875,256,512,12
Qwen/Qwen2.5-0.5B,21,0.875,last_token,delta,ok,r10,0.08642578125,256,512,12
Qwen/Qwen2.5-0.5B,21,0.875,last_token,raw,ok,mrr,0.6694818091258338,256,512,12
Qwen/Qwen2.5-0.5B,21,0.875,last_token,aligned,ok,mrr,0.8031309553837959,256,512,12
Qwen/Qwen2.5-0.5B,21,0.875,last_token,delta,ok,mrr,0.13364914625796206,256,512,12
Qwen/Qwen2.5-0.5B,22,0.9166666666666666,last_token,raw,ok,r1,0.6070963541666666,256,512,12
Qwen/Qwen2.5-0.5B,22,0.9166666666666666,last_token,aligned,ok,r1,0.7390950520833334,256,512,12
Qwen/Qwen2.5-0.5B,22,0.9166666666666666,last_token,delta,ok,r1,0.13199869791666666,256,512,12
Qwen/Qwen2.5-0.5B,22,0.9166666666666666,last_token,raw,ok,r5,0.8128255208333334,256,512,12
Qwen/Qwen2.5-0.5B,22,0.9166666666666666,last_token,aligned,ok,r5,0.9012044270833334,256,512,12
Qwen/Qwen2.5-0.5B,22,0.9166666666666666,last_token,delta,ok,r5,0.08837890625,256,512,12
Qwen/Qwen2.5-0.5B,22,0.9166666666666666,last_token,raw,ok,r10,0.86474609375,256,512,12
Qwen/Qwen2.5-0.5B,22,0.9166666666666666,last_token,aligned,ok,r10,0.9412434895833334,256,512,12
Qwen/Qwen2.5-0.5B,22,0.9166666666666666,last_token,delta,ok,r10,0.07649739583333333,256,512,12
Qwen/Qwen2.5-0.5B,22,0.9166666666666666,last_token,raw,ok,mrr,0.7005119651632192,256,512,12
Qwen/Qwen2.5-0.5B,22,0.9166666666666666,last_token,aligned,ok,mrr,0.8128819589806525,256,512,12
Qwen/Qwen2.5-0.5B,22,0.9166666666666666,last_token,delta,ok,mrr,0.11236999381743314,256,512,12
Qwen/Qwen2.5-0.5B,23,0.9583333333333334,last_token,raw,ok,r1,0.51953125,256,512,12
Qwen/Qwen2.5-0.5B,23,0.9583333333333334,last_token,aligned,ok,r1,0.7195638020833334,256,512,12
Qwen/Qwen2.5-0.5B,23,0.9583333333333334,last_token,delta,ok,r1,0.20003255208333334,256,512,12
Qwen/Qwen2.5-0.5B,23,0.9583333333333334,last_token,raw,ok,r5,0.7311197916666666,256,512,12
Qwen/Qwen2.5-0.5B,23,0.9583333333333334,last_token,aligned,ok,r5,0.8982747395833334,256,512,12
Qwen/Qwen2.5-0.5B,23,0.9583333333333334,last_token,delta,ok,r5,0.16715494791666666,256,512,12
Qwen/Qwen2.5-0.5B,23,0.9583333333333334,last_token,raw,ok,r10,0.79736328125,256,512,12
Qwen/Qwen2.5-0.5B,23,0.9583333333333334,last_token,aligned,ok,r10,0.93603515625,256,512,12
Qwen/Qwen2.5-0.5B,23,0.9583333333333334,last_token,delta,ok,r10,0.138671875,256,512,12
Qwen/Qwen2.5-0.5B,23,0.9583333333333334,last_token,raw,ok,mrr,0.6167978710706198,256,512,12
Qwen/Qwen2.5-0.5B,23,0.9583333333333334,last_token,aligned,ok,mrr,0.7988338056521412,256,512,12
Qwen/Qwen2.5-0.5B,23,0.9583333333333334,last_token,delta,ok,mrr,0.18203593458152145,256,512,12
Qwen/Qwen2.5-0.5B,24,1.0,last_token,raw,ok,r1,0.028971354166666668,256,512,12
Qwen/Qwen2.5-0.5B,24,1.0,last_token,aligned,ok,r1,0.5877278645833334,256,512,12
Qwen/Qwen2.5-0.5B,24,1.0,last_token,delta,ok,r1,0.5587565104166666,256,512,12
Qwen/Qwen2.5-0.5B,24,1.0,last_token,raw,ok,r5,0.12093098958333333,256,512,12
Qwen/Qwen2.5-0.5B,24,1.0,last_token,aligned,ok,r5,0.8271484375,256,512,12
Qwen/Qwen2.5-0.5B,24,1.0,last_token,delta,ok,r5,0.7062174479166666,256,512,12
Qwen/Qwen2.5-0.5B,24,1.0,last_token,raw,ok,r10,0.20149739583333334,256,512,12
Qwen/Qwen2.5-0.5B,24,1.0,last_token,aligned,ok,r10,0.8893229166666666,256,512,12
Qwen/Qwen2.5-0.5B,24,1.0,last_token,delta,ok,r10,0.6878255208333334,256,512,12
Qwen/Qwen2.5-0.5B,24,1.0,last_token,raw,ok,mrr,0.08770896273248298,256,512,12
Qwen/Qwen2.5-0.5B,24,1.0,last_token,aligned,ok,mrr,0.6954047959980326,256,512,12
Qwen/Qwen2.5-0.5B,24,1.0,last_token,delta,ok,mrr,0.6076958332655495,256,512,12
Qwen/Qwen2.5-0.5B,0,0.0,mean,raw,ok,r1,0.14469401041666666,256,512,12
Qwen/Qwen2.5-0.5B,0,0.0,mean,aligned,ok,r1,0.15283203125,256,512,12
Qwen/Qwen2.5-0.5B,0,0.0,mean,delta,ok,r1,0.008138020833333334,256,512,12
Qwen/Qwen2.5-0.5B,0,0.0,mean,raw,ok,r5,0.24137369791666666,256,512,12
Qwen/Qwen2.5-0.5B,0,0.0,mean,aligned,ok,r5,0.3125,256,512,12
Qwen/Qwen2.5-0.5B,0,0.0,mean,delta,ok,r5,0.07112630208333333,256,512,12
Qwen/Qwen2.5-0.5B,0,0.0,mean,raw,ok,r10,0.3077799479166667,256,512,12
Qwen/Qwen2.5-0.5B,0,0.0,mean,aligned,ok,r10,0.41650390625,256,512,12
Qwen/Qwen2.5-0.5B,0,0.0,mean,delta,ok,r10,0.10872395833333333,256,512,12
Qwen/Qwen2.5-0.5B,0,0.0,mean,raw,ok,mrr,0.20202576588353846,256,512,12
Qwen/Qwen2.5-0.5B,0,0.0,mean,aligned,ok,mrr,0.24028569007156372,256,512,12
Qwen/Qwen2.5-0.5B,0,0.0,mean,delta,ok,mrr,0.038259924188025284,256,512,12
Qwen/Qwen2.5-0.5B,1,0.041666666666666664,mean,raw,ok,r1,0.3349609375,256,512,12
Qwen/Qwen2.5-0.5B,1,0.041666666666666664,mean,aligned,ok,r1,0.3826497395833333,256,512,12
Qwen/Qwen2.5-0.5B,1,0.041666666666666664,mean,delta,ok,r1,0.047688802083333336,256,512,12
Qwen/Qwen2.5-0.5B,1,0.041666666666666664,mean,raw,ok,r5,0.48681640625,256,512,12
Qwen/Qwen2.5-0.5B,1,0.041666666666666664,mean,aligned,ok,r5,0.59521484375,256,512,12
Qwen/Qwen2.5-0.5B,1,0.041666666666666664,mean,delta,ok,r5,0.1083984375,256,512,12
Qwen/Qwen2.5-0.5B,1,0.041666666666666664,mean,raw,ok,r10,0.560546875,256,512,12
Qwen/Qwen2.5-0.5B,1,0.041666666666666664,mean,aligned,ok,r10,0.69384765625,256,512,12
Qwen/Qwen2.5-0.5B,1,0.041666666666666664,mean,delta,ok,r10,0.13330078125,256,512,12
Qwen/Qwen2.5-0.5B,1,0.041666666666666664,mean,raw,ok,mrr,0.4134625445932693,256,512,12
Qwen/Qwen2.5-0.5B,1,0.041666666666666664,mean,aligned,ok,mrr,0.4840585326603659,256,512,12
Qwen/Qwen2.5-0.5B,1,0.041666666666666664,mean,delta,ok,mrr,0.07059598806709669,256,512,12
Qwen/Qwen2.5-0.5B,2,0.08333333333333333,mean,raw,ok,r1,0.3221028645833333,256,512,12
Qwen/Qwen2.5-0.5B,2,0.08333333333333333,mean,aligned,ok,r1,0.4466145833333333,256,512,12
Qwen/Qwen2.5-0.5B,2,0.08333333333333333,mean,delta,ok,r1,0.12451171875,256,512,12
Qwen/Qwen2.5-0.5B,2,0.08333333333333333,mean,raw,ok,r5,0.4679361979166667,256,512,12
Qwen/Qwen2.5-0.5B,2,0.08333333333333333,mean,aligned,ok,r5,0.6883138020833334,256,512,12
Qwen/Qwen2.5-0.5B,2,0.08333333333333333,mean,delta,ok,r5,0.22037760416666666,256,512,12
Qwen/Qwen2.5-0.5B,2,0.08333333333333333,mean,raw,ok,r10,0.544921875,256,512,12
Qwen/Qwen2.5-0.5B,2,0.08333333333333333,mean,aligned,ok,r10,0.77490234375,256,512,12
Qwen/Qwen2.5-0.5B,2,0.08333333333333333,mean,delta,ok,r10,0.22998046875,256,512,12
Qwen/Qwen2.5-0.5B,2,0.08333333333333333,mean,raw,ok,mrr,0.39823401345292425,256,512,12
Qwen/Qwen2.5-0.5B,2,0.08333333333333333,mean,aligned,ok,mrr,0.5584329372207875,256,512,12
Qwen/Qwen2.5-0.5B,2,0.08333333333333333,mean,delta,ok,mrr,0.16019892376786316,256,512,12
Qwen/Qwen2.5-0.5B,3,0.125,mean,raw,ok,r1,0.28564453125,256,512,12
Qwen/Qwen2.5-0.5B,3,0.125,mean,aligned,ok,r1,0.1357421875,256,512,12
Qwen/Qwen2.5-0.5B,3,0.125,mean,delta,ok,r1,-0.14990234375,256,512,12
Qwen/Qwen2.5-0.5B,3,0.125,mean,raw,ok,r5,0.404296875,256,512,12
Qwen/Qwen2.5-0.5B,3,0.125,mean,aligned,ok,r5,0.22867838541666666,256,512,12
Qwen/Qwen2.5-0.5B,3,0.125,mean,delta,ok,r5,-0.17561848958333334,256,512,12
Qwen/Qwen2.5-0.5B,3,0.125,mean,raw,ok,r10,0.4562174479166667,256,512,12
Qwen/Qwen2.5-0.5B,3,0.125,mean,aligned,ok,r10,0.2770182291666667,256,512,12
Qwen/Qwen2.5-0.5B,3,0.125,mean,delta,ok,r10,-0.17919921875,256,512,12
Qwen/Qwen2.5-0.5B,3,0.125,mean,raw,ok,mrr,0.34638835812637564,256,512,12
Qwen/Qwen2.5-0.5B,3,0.125,mean,aligned,ok,mrr,0.18670800268326349,256,512,12
Qwen/Qwen2.5-0.5B,3,0.125,mean,delta,ok,mrr,-0.1596803554431122,256,512,12
Qwen/Qwen2.5-0.5B,4,0.16666666666666666,mean,raw,ok,r1,0.35595703125,256,512,12
Qwen/Qwen2.5-0.5B,4,0.16666666666666666,mean,aligned,ok,r1,0.17399088541666666,256,512,12
Qwen/Qwen2.5-0.5B,4,0.16666666666666666,mean,delta,ok,r1,-0.18196614583333334,256,512,12
Qwen/Qwen2.5-0.5B,4,0.16666666666666666,mean,raw,ok,r5,0.46142578125,256,512,12
Qwen/Qwen2.5-0.5B,4,0.16666666666666666,mean,aligned,ok,r5,0.27783203125,256,512,12
Qwen/Qwen2.5-0.5B,4,0.16666666666666666,mean,delta,ok,r5,-0.18359375,256,512,12
Qwen/Qwen2.5-0.5B,4,0.16666666666666666,mean,raw,ok,r10,0.5050455729166666,256,512,12
Qwen/Qwen2.5-0.5B,4,0.16666666666666666,mean,aligned,ok,r10,0.32861328125,256,512,12
Qwen/Qwen2.5-0.5B,4,0.16666666666666666,mean,delta,ok,r10,-0.17643229166666666,256,512,12
Qwen/Qwen2.5-0.5B,4,0.16666666666666666,mean,raw,ok,mrr,0.4094021064874372,256,512,12
Qwen/Qwen2.5-0.5B,4,0.16666666666666666,mean,aligned,ok,mrr,0.228827832083784,256,512,12
Qwen/Qwen2.5-0.5B,4,0.16666666666666666,mean,delta,ok,mrr,-0.18057427440365323,256,512,12
Qwen/Qwen2.5-0.5B,5,0.20833333333333334,mean,raw,ok,r1,0.4451497395833333,256,512,12
Qwen/Qwen2.5-0.5B,5,0.20833333333333334,mean,aligned,ok,r1,0.24576822916666666,256,512,12
Qwen/Qwen2.5-0.5B,5,0.20833333333333334,mean,delta,ok,r1,-0.19938151041666666,256,512,12
Qwen/Qwen2.5-0.5B,5,0.20833333333333334,mean,raw,ok,r5,0.55029296875,256,512,12
Qwen/Qwen2.5-0.5B,5,0.20833333333333334,mean,aligned,ok,r5,0.3489583333333333,256,512,12
Qwen/Qwen2.5-0.5B,5,0.20833333333333334,mean,delta,ok,r5,-0.20133463541666666,256,512,12
Qwen/Qwen2.5-0.5B,5,0.20833333333333334,mean,raw,ok,r10,0.5836588541666666,256,512,12
Qwen/Qwen2.5-0.5B,5,0.20833333333333334,mean,aligned,ok,r10,0.3974609375,256,512,12
Qwen/Qwen2.5-0.5B,5,0.20833333333333334,mean,delta,ok,r10,-0.18619791666666666,256,512,12
Qwen/Qwen2.5-0.5B,5,0.20833333333333334,mean,raw,ok,mrr,0.49717066267014925,256,512,12
Qwen/Qwen2.5-0.5B,5,0.20833333333333334,mean,aligned,ok,mrr,0.3002977737396442,256,512,12
Qwen/Qwen2.5-0.5B,5,0.20833333333333334,mean,delta,ok,mrr,-0.19687288893050514,256,512,12
Qwen/Qwen2.5-0.5B,6,0.25,mean,raw,ok,r1,0.4943033854166667,256,512,12
Qwen/Qwen2.5-0.5B,6,0.25,mean,aligned,ok,r1,0.2882486979166667,256,512,12
Qwen/Qwen2.5-0.5B,6,0.25,mean,delta,ok,r1,-0.2060546875,256,512,12
Qwen/Qwen2.5-0.5B,6,0.25,mean,raw,ok,r5,0.5927734375,256,512,12
Qwen/Qwen2.5-0.5B,6,0.25,mean,aligned,ok,r5,0.400390625,256,512,12
Qwen/Qwen2.5-0.5B,6,0.25,mean,delta,ok,r5,-0.1923828125,256,512,12
Qwen/Qwen2.5-0.5B,6,0.25,mean,raw,ok,r10,0.6280924479166666,256,512,12
Qwen/Qwen2.5-0.5B,6,0.25,mean,aligned,ok,r10,0.43994140625,256,512,12
Qwen/Qwen2.5-0.5B,6,0.25,mean,delta,ok,r10,-0.18815104166666666,256,512,12
Qwen/Qwen2.5-0.5B,6,0.25,mean,raw,ok,mrr,0.5435243730977609,256,512,12
Qwen/Qwen2.5-0.5B,6,0.25,mean,aligned,ok,mrr,0.3438666468606612,256,512,12
Qwen/Qwen2.5-0.5B,6,0.25,mean,delta,ok,mrr,-0.1996577262370998,256,512,12
Qwen/Qwen2.5-0.5B,7,0.2916666666666667,mean,raw,ok,r1,0.4640299479166667,256,512,12
Qwen/Qwen2.5-0.5B,7,0.2916666666666667,mean,aligned,ok,r1,0.3321940104166667,256,512,12
Qwen/Qwen2.5-0.5B,7,0.2916666666666667,mean,delta,ok,r1,-0.1318359375,256,512,12
Qwen/Qwen2.5-0.5B,7,0.2916666666666667,mean,raw,ok,r5,0.56982421875,256,512,12
Qwen/Qwen2.5-0.5B,7,0.2916666666666667,mean,aligned,ok,r5,0.4353841145833333,256,512,12
Qwen/Qwen2.5-0.5B,7,0.2916666666666667,mean,delta,ok,r5,-0.13444010416666666,256,512,12
Qwen/Qwen2.5-0.5B,7,0.2916666666666667,mean,raw,ok,r10,0.6057942708333334,256,512,12
Qwen/Qwen2.5-0.5B,7,0.2916666666666667,mean,aligned,ok,r10,0.4724934895833333,256,512,12
Qwen/Qwen2.5-0.5B,7,0.2916666666666667,mean,delta,ok,r10,-0.13330078125,256,512,12
Qwen/Qwen2.5-0.5B,7,0.2916666666666667,mean,raw,ok,mrr,0.5162853395623024,256,512,12
Qwen/Qwen2.5-0.5B,7,0.2916666666666667,mean,aligned,ok,mrr,0.38463650800058485,256,512,12
Qwen/Qwen2.5-0.5B,7,0.2916666666666667,mean,delta,ok,mrr,-0.1316488315617176,256,512,12
Qwen/Qwen2.5-0.5B,8,0.3333333333333333,mean,raw,ok,r1,0.4939778645833333,256,512,12
Qwen/Qwen2.5-0.5B,8,0.3333333333333333,mean,aligned,ok,r1,0.3590494791666667,256,512,12
Qwen/Qwen2.5-0.5B,8,0.3333333333333333,mean,delta,ok,r1,-0.13492838541666666,256,512,12
Qwen/Qwen2.5-0.5B,8,0.3333333333333333,mean,raw,ok,r5,0.5970052083333334,256,512,12
Qwen/Qwen2.5-0.5B,8,0.3333333333333333,mean,aligned,ok,r5,0.4560546875,256,512,12
Qwen/Qwen2.5-0.5B,8,0.3333333333333333,mean,delta,ok,r5,-0.14095052083333334,256,512,12
Qwen/Qwen2.5-0.5B,8,0.3333333333333333,mean,raw,ok,r10,0.62841796875,256,512,12
Qwen/Qwen2.5-0.5B,8,0.3333333333333333,mean,aligned,ok,r10,0.4933268229166667,256,512,12
Qwen/Qwen2.5-0.5B,8,0.3333333333333333,mean,delta,ok,r10,-0.13509114583333334,256,512,12
Qwen/Qwen2.5-0.5B,8,0.3333333333333333,mean,raw,ok,mrr,0.5443836742295058,256,512,12
Qwen/Qwen2.5-0.5B,8,0.3333333333333333,mean,aligned,ok,mrr,0.40907161280558063,256,512,12
Qwen/Qwen2.5-0.5B,8,0.3333333333333333,mean,delta,ok,mrr,-0.13531206142392516,256,512,12
Qwen/Qwen2.5-0.5B,9,0.375,mean,raw,ok,r1,0.5149739583333334,256,512,12
Qwen/Qwen2.5-0.5B,9,0.375,mean,aligned,ok,r1,0.3777669270833333,256,512,12
Qwen/Qwen2.5-0.5B,9,0.375,mean,delta,ok,r1,-0.13720703125,256,512,12
Qwen/Qwen2.5-0.5B,9,0.375,mean,raw,ok,r5,0.6103515625,256,512,12
Qwen/Qwen2.5-0.5B,9,0.375,mean,aligned,ok,r5,0.46826171875,256,512,12
Qwen/Qwen2.5-0.5B,9,0.375,mean,delta,ok,r5,-0.14208984375,256,512,12
Qwen/Qwen2.5-0.5B,9,0.375,mean,raw,ok,r10,0.64013671875,256,512,12
Qwen/Qwen2.5-0.5B,9,0.375,mean,aligned,ok,r10,0.5052083333333334,256,512,12
Qwen/Qwen2.5-0.5B,9,0.375,mean,delta,ok,r10,-0.13492838541666666,256,512,12
Qwen/Qwen2.5-0.5B,9,0.375,mean,raw,ok,mrr,0.5610868120782114,256,512,12
Qwen/Qwen2.5-0.5B,9,0.375,mean,aligned,ok,mrr,0.4240217693037078,256,512,12
Qwen/Qwen2.5-0.5B,9,0.375,mean,delta,ok,mrr,-0.13706504277450368,256,512,12
Qwen/Qwen2.5-0.5B,10,0.4166666666666667,mean,raw,ok,r1,0.525390625,256,512,12
Qwen/Qwen2.5-0.5B,10,0.4166666666666667,mean,aligned,ok,r1,0.38720703125,256,512,12
Qwen/Qwen2.5-0.5B,10,0.4166666666666667,mean,delta,ok,r1,-0.13818359375,256,512,12
Qwen/Qwen2.5-0.5B,10,0.4166666666666667,mean,raw,ok,r5,0.6248372395833334,256,512,12
Qwen/Qwen2.5-0.5B,10,0.4166666666666667,mean,aligned,ok,r5,0.4817708333333333,256,512,12
Qwen/Qwen2.5-0.5B,10,0.4166666666666667,mean,delta,ok,r5,-0.14306640625,256,512,12
Qwen/Qwen2.5-0.5B,10,0.4166666666666667,mean,raw,ok,r10,0.6534830729166666,256,512,12
Qwen/Qwen2.5-0.5B,10,0.4166666666666667,mean,aligned,ok,r10,0.51513671875,256,512,12
Qwen/Qwen2.5-0.5B,10,0.4166666666666667,mean,delta,ok,r10,-0.13834635416666666,256,512,12
Qwen/Qwen2.5-0.5B,10,0.4166666666666667,mean,raw,ok,mrr,0.572408684929783,256,512,12
Qwen/Qwen2.5-0.5B,10,0.4166666666666667,mean,aligned,ok,mrr,0.4354405847268125,256,512,12
Qwen/Qwen2.5-0.5B,10,0.4166666666666667,mean,delta,ok,mrr,-0.1369681002029704,256,512,12
Qwen/Qwen2.5-0.5B,11,0.4583333333333333,mean,raw,ok,r1,0.5236002604166666,256,512,12
Qwen/Qwen2.5-0.5B,11,0.4583333333333333,mean,aligned,ok,r1,0.40576171875,256,512,12
Qwen/Qwen2.5-0.5B,11,0.4583333333333333,mean,delta,ok,r1,-0.11783854166666667,256,512,12
Qwen/Qwen2.5-0.5B,11,0.4583333333333333,mean,raw,ok,r5,0.6207682291666666,256,512,12
Qwen/Qwen2.5-0.5B,11,0.4583333333333333,mean,aligned,ok,r5,0.49658203125,256,512,12
Qwen/Qwen2.5-0.5B,11,0.4583333333333333,mean,delta,ok,r5,-0.12418619791666667,256,512,12
Qwen/Qwen2.5-0.5B,11,0.4583333333333333,mean,raw,ok,r10,0.6510416666666666,256,512,12
Qwen/Qwen2.5-0.5B,11,0.4583333333333333,mean,aligned,ok,r10,0.5276692708333334,256,512,12
Qwen/Qwen2.5-0.5B,11,0.4583333333333333,mean,delta,ok,r10,-0.12337239583333333,256,512,12
Qwen/Qwen2.5-0.5B,11,0.4583333333333333,mean,raw,ok,mrr,0.5704846736005004,256,512,12
Qwen/Qwen2.5-0.5B,11,0.4583333333333333,mean,aligned,ok,mrr,0.45169830209702017,256,512,12
Qwen/Qwen2.5-0.5B,11,0.4583333333333333,mean,delta,ok,mrr,-0.11878637150348031,256,512,12
Qwen/Qwen2.5-0.5B,12,0.5,mean,raw,ok,r1,0.5276692708333334,256,512,12
Qwen/Qwen2.5-0.5B,12,0.5,mean,aligned,ok,r1,0.3987630208333333,256,512,12
Qwen/Qwen2.5-0.5B,12,0.5,mean,delta,ok,r1,-0.12890625,256,512,12
Qwen/Qwen2.5-0.5B,12,0.5,mean,raw,ok,r5,0.6223958333333334,256,512,12
Qwen/Qwen2.5-0.5B,12,0.5,mean,aligned,ok,r5,0.4949544270833333,256,512,12
Qwen/Qwen2.5-0.5B,12,0.5,mean,delta,ok,r5,-0.12744140625,256,512,12
Qwen/Qwen2.5-0.5B,12,0.5,mean,raw,ok,r10,0.654296875,256,512,12
Qwen/Qwen2.5-0.5B,12,0.5,mean,aligned,ok,r10,0.525390625,256,512,12
Qwen/Qwen2.5-0.5B,12,0.5,mean,delta,ok,r10,-0.12890625,256,512,12
Qwen/Qwen2.5-0.5B,12,0.5,mean,raw,ok,mrr,0.5740759860448951,256,512,12
Qwen/Qwen2.5-0.5B,12,0.5,mean,aligned,ok,mrr,0.44704300929014945,256,512,12
Qwen/Qwen2.5-0.5B,12,0.5,mean,delta,ok,mrr,-0.12703297675474554,256,512,12
Qwen/Qwen2.5-0.5B,13,0.5416666666666666,mean,raw,ok,r1,0.52294921875,256,512,12
Qwen/Qwen2.5-0.5B,13,0.5416666666666666,mean,aligned,ok,r1,0.40478515625,256,512,12
Qwen/Qwen2.5-0.5B,13,0.5416666666666666,mean,delta,ok,r1,-0.1181640625,256,512,12
Qwen/Qwen2.5-0.5B,13,0.5416666666666666,mean,raw,ok,r5,0.62109375,256,512,12
Qwen/Qwen2.5-0.5B,13,0.5416666666666666,mean,aligned,ok,r5,0.4993489583333333,256,512,12
Qwen/Qwen2.5-0.5B,13,0.5416666666666666,mean,delta,ok,r5,-0.12174479166666667,256,512,12
Qwen/Qwen2.5-0.5B,13,0.5416666666666666,mean,raw,ok,r10,0.65283203125,256,512,12
Qwen/Qwen2.5-0.5B,13,0.5416666666666666,mean,aligned,ok,r10,0.5333658854166666,256,512,12
Qwen/Qwen2.5-0.5B,13,0.5416666666666666,mean,delta,ok,r10,-0.11946614583333333,256,512,12
Qwen/Qwen2.5-0.5B,13,0.5416666666666666,mean,raw,ok,mrr,0.5705703568457677,256,512,12
Qwen/Qwen2.5-0.5B,13,0.5416666666666666,mean,aligned,ok,mrr,0.45254231069226186,256,512,12
Qwen/Qwen2.5-0.5B,13,0.5416666666666666,mean,delta,ok,mrr,-0.11802804615350582,256,512,12
Qwen/Qwen2.5-0.5B,14,0.5833333333333334,mean,raw,ok,r1,0.51318359375,256,512,12
Qwen/Qwen2.5-0.5B,14,0.5833333333333334,mean,aligned,ok,r1,0.4108072916666667,256,512,12
Qwen/Qwen2.5-0.5B,14,0.5833333333333334,mean,delta,ok,r1,-0.10237630208333333,256,512,12
Qwen/Qwen2.5-0.5B,14,0.5833333333333334,mean,raw,ok,r5,0.6158854166666666,256,512,12
Qwen/Qwen2.5-0.5B,14,0.5833333333333334,mean,aligned,ok,r5,0.5091145833333334,256,512,12
Qwen/Qwen2.5-0.5B,14,0.5833333333333334,mean,delta,ok,r5,-0.10677083333333333,256,512,12
Qwen/Qwen2.5-0.5B,14,0.5833333333333334,mean,raw,ok,r10,0.6456705729166666,256,512,12
Qwen/Qwen2.5-0.5B,14,0.5833333333333334,mean,aligned,ok,r10,0.54150390625,256,512,12
Qwen/Qwen2.5-0.5B,14,0.5833333333333334,mean,delta,ok,r10,-0.10416666666666667,256,512,12
Qwen/Qwen2.5-0.5B,14,0.5833333333333334,mean,raw,ok,mrr,0.5624373868958753,256,512,12
Qwen/Qwen2.5-0.5B,14,0.5833333333333334,mean,aligned,ok,mrr,0.4591074714567744,256,512,12
Qwen/Qwen2.5-0.5B,14,0.5833333333333334,mean,delta,ok,mrr,-0.10332991543910086,256,512,12
Qwen/Qwen2.5-0.5B,15,0.625,mean,raw,ok,r1,0.5732421875,256,512,12
Qwen/Qwen2.5-0.5B,15,0.625,mean,aligned,ok,r1,0.4451497395833333,256,512,12
Qwen/Qwen2.5-0.5B,15,0.625,mean,delta,ok,r1,-0.12809244791666666,256,512,12
Qwen/Qwen2.5-0.5B,15,0.625,mean,raw,ok,r5,0.6640625,256,512,12
Qwen/Qwen2.5-0.5B,15,0.625,mean,aligned,ok,r5,0.5431315104166666,256,512,12
Qwen/Qwen2.5-0.5B,15,0.625,mean,delta,ok,r5,-0.12093098958333333,256,512,12
Qwen/Qwen2.5-0.5B,15,0.625,mean,raw,ok,r10,0.6930338541666666,256,512,12
Qwen/Qwen2.5-0.5B,15,0.625,mean,aligned,ok,r10,0.5758463541666666,256,512,12
Qwen/Qwen2.5-0.5B,15,0.625,mean,delta,ok,r10,-0.1171875,256,512,12
Qwen/Qwen2.5-0.5B,15,0.625,mean,raw,ok,mrr,0.6175538051727091,256,512,12
Qwen/Qwen2.5-0.5B,15,0.625,mean,aligned,ok,mrr,0.4940423270219767,256,512,12
Qwen/Qwen2.5-0.5B,15,0.625,mean,delta,ok,mrr,-0.1235114781507325,256,512,12
Qwen/Qwen2.5-0.5B,16,0.6666666666666666,mean,raw,ok,r1,0.5045572916666666,256,512,12
Qwen/Qwen2.5-0.5B,16,0.6666666666666666,mean,aligned,ok,r1,0.4383138020833333,256,512,12
Qwen/Qwen2.5-0.5B,16,0.6666666666666666,mean,delta,ok,r1,-0.06624348958333333,256,512,12
Qwen/Qwen2.5-0.5B,16,0.6666666666666666,mean,raw,ok,r5,0.6129557291666666,256,512,12
Qwen/Qwen2.5-0.5B,16,0.6666666666666666,mean,aligned,ok,r5,0.5437825520833334,256,512,12
Qwen/Qwen2.5-0.5B,16,0.6666666666666666,mean,delta,ok,r5,-0.06917317708333333,256,512,12
Qwen/Qwen2.5-0.5B,16,0.6666666666666666,mean,raw,ok,r10,0.65087890625,256,512,12
Qwen/Qwen2.5-0.5B,16,0.6666666666666666,mean,aligned,ok,r10,0.5753580729166666,256,512,12
Qwen/Qwen2.5-0.5B,16,0.6666666666666666,mean,delta,ok,r10,-0.07552083333333333,256,512,12
Qwen/Qwen2.5-0.5B,16,0.6666666666666666,mean,raw,ok,mrr,0.5572268020320924,256,512,12
Qwen/Qwen2.5-0.5B,16,0.6666666666666666,mean,aligned,ok,mrr,0.4904366282071359,256,512,12
Qwen/Qwen2.5-0.5B,16,0.6666666666666666,mean,delta,ok,mrr,-0.06679017382495674,256,512,12
Qwen/Qwen2.5-0.5B,17,0.7083333333333334,mean,raw,ok,r1,0.5577799479166666,256,512,12
Qwen/Qwen2.5-0.5B,17,0.7083333333333334,mean,aligned,ok,r1,0.4296875,256,512,12
Qwen/Qwen2.5-0.5B,17,0.7083333333333334,mean,delta,ok,r1,-0.12809244791666666,256,512,12
Qwen/Qwen2.5-0.5B,17,0.7083333333333334,mean,raw,ok,r5,0.6590169270833334,256,512,12
Qwen/Qwen2.5-0.5B,17,0.7083333333333334,mean,aligned,ok,r5,0.5362955729166666,256,512,12
Qwen/Qwen2.5-0.5B,17,0.7083333333333334,mean,delta,ok,r5,-0.12272135416666667,256,512,12
Qwen/Qwen2.5-0.5B,17,0.7083333333333334,mean,raw,ok,r10,0.6904296875,256,512,12
Qwen/Qwen2.5-0.5B,17,0.7083333333333334,mean,aligned,ok,r10,0.576171875,256,512,12
Qwen/Qwen2.5-0.5B,17,0.7083333333333334,mean,delta,ok,r10,-0.1142578125,256,512,12
Qwen/Qwen2.5-0.5B,17,0.7083333333333334,mean,raw,ok,mrr,0.6063663720317658,256,512,12
Qwen/Qwen2.5-0.5B,17,0.7083333333333334,mean,aligned,ok,mrr,0.4831690845772067,256,512,12
Qwen/Qwen2.5-0.5B,17,0.7083333333333334,mean,delta,ok,mrr,-0.12319728745455906,256,512,12
Qwen/Qwen2.5-0.5B,18,0.75,mean,raw,ok,r1,0.4788411458333333,256,512,12
Qwen/Qwen2.5-0.5B,18,0.75,mean,aligned,ok,r1,0.4142252604166667,256,512,12
Qwen/Qwen2.5-0.5B,18,0.75,mean,delta,ok,r1,-0.06461588541666667,256,512,12
Qwen/Qwen2.5-0.5B,18,0.75,mean,raw,ok,r5,0.58154296875,256,512,12
Qwen/Qwen2.5-0.5B,18,0.75,mean,aligned,ok,r5,0.53564453125,256,512,12
Qwen/Qwen2.5-0.5B,18,0.75,mean,delta,ok,r5,-0.0458984375,256,512,12
Qwen/Qwen2.5-0.5B,18,0.75,mean,raw,ok,r10,0.6183268229166666,256,512,12
Qwen/Qwen2.5-0.5B,18,0.75,mean,aligned,ok,r10,0.5769856770833334,256,512,12
Qwen/Qwen2.5-0.5B,18,0.75,mean,delta,ok,r10,-0.041341145833333336,256,512,12
Qwen/Qwen2.5-0.5B,18,0.75,mean,raw,ok,mrr,0.5299539283737872,256,512,12
Qwen/Qwen2.5-0.5B,18,0.75,mean,aligned,ok,mrr,0.47270192347328294,256,512,12
Qwen/Qwen2.5-0.5B,18,0.75,mean,delta,ok,mrr,-0.057252004900504305,256,512,12
Qwen/Qwen2.5-0.5B,19,0.7916666666666666,mean,raw,ok,r1,0.4814453125,256,512,12
Qwen/Qwen2.5-0.5B,19,0.7916666666666666,mean,aligned,ok,r1,0.4241536458333333,256,512,12
Qwen/Qwen2.5-0.5B,19,0.7916666666666666,mean,delta,ok,r1,-0.057291666666666664,256,512,12
Qwen/Qwen2.5-0.5B,19,0.7916666666666666,mean,raw,ok,r5,0.5900065104166666,256,512,12
Qwen/Qwen2.5-0.5B,19,0.7916666666666666,mean,aligned,ok,r5,0.5491536458333334,256,512,12
Qwen/Qwen2.5-0.5B,19,0.7916666666666666,mean,delta,ok,r5,-0.040852864583333336,256,512,12
Qwen/Qwen2.5-0.5B,19,0.7916666666666666,mean,raw,ok,r10,0.6209309895833334,256,512,12
Qwen/Qwen2.5-0.5B,19,0.7916666666666666,mean,aligned,ok,r10,0.5929361979166666,256,512,12
Qwen/Qwen2.5-0.5B,19,0.7916666666666666,mean,delta,ok,r10,-0.027994791666666668,256,512,12
Qwen/Qwen2.5-0.5B,19,0.7916666666666666,mean,raw,ok,mrr,0.533462698832277,256,512,12
Qwen/Qwen2.5-0.5B,19,0.7916666666666666,mean,aligned,ok,mrr,0.48598760750112935,256,512,12
Qwen/Qwen2.5-0.5B,19,0.7916666666666666,mean,delta,ok,mrr,-0.047475091331147724,256,512,12
Qwen/Qwen2.5-0.5B,20,0.8333333333333334,mean,raw,ok,r1,0.45361328125,256,512,12
Qwen/Qwen2.5-0.5B,20,0.8333333333333334,mean,aligned,ok,r1,0.4651692708333333,256,512,12
Qwen/Qwen2.5-0.5B,20,0.8333333333333334,mean,delta,ok,r1,0.011555989583333334,256,512,12
Qwen/Qwen2.5-0.5B,20,0.8333333333333334,mean,raw,ok,r5,0.56689453125,256,512,12
Qwen/Qwen2.5-0.5B,20,0.8333333333333334,mean,aligned,ok,r5,0.5986328125,256,512,12
Qwen/Qwen2.5-0.5B,20,0.8333333333333334,mean,delta,ok,r5,0.03173828125,256,512,12
Qwen/Qwen2.5-0.5B,20,0.8333333333333334,mean,raw,ok,r10,0.6072591145833334,256,512,12
Qwen/Qwen2.5-0.5B,20,0.8333333333333334,mean,aligned,ok,r10,0.64404296875,256,512,12
Qwen/Qwen2.5-0.5B,20,0.8333333333333334,mean,delta,ok,r10,0.036783854166666664,256,512,12
Qwen/Qwen2.5-0.5B,20,0.8333333333333334,mean,raw,ok,mrr,0.5090491990758483,256,512,12
Qwen/Qwen2.5-0.5B,20,0.8333333333333334,mean,aligned,ok,mrr,0.5295217645413184,256,512,12
Qwen/Qwen2.5-0.5B,20,0.8333333333333334,mean,delta,ok,mrr,0.02047256546546995,256,512,12
Qwen/Qwen2.5-0.5B,21,0.875,mean,raw,ok,r1,0.3868815104166667,256,512,12
Qwen/Qwen2.5-0.5B,21,0.875,mean,aligned,ok,r1,0.5257161458333334,256,512,12
Qwen/Qwen2.5-0.5B,21,0.875,mean,delta,ok,r1,0.13883463541666666,256,512,12
Qwen/Qwen2.5-0.5B,21,0.875,mean,raw,ok,r5,0.5260416666666666,256,512,12
Qwen/Qwen2.5-0.5B,21,0.875,mean,aligned,ok,r5,0.67578125,256,512,12
Qwen/Qwen2.5-0.5B,21,0.875,mean,delta,ok,r5,0.14973958333333334,256,512,12
Qwen/Qwen2.5-0.5B,21,0.875,mean,raw,ok,r10,0.57568359375,256,512,12
Qwen/Qwen2.5-0.5B,21,0.875,mean,aligned,ok,r10,0.71728515625,256,512,12
Qwen/Qwen2.5-0.5B,21,0.875,mean,delta,ok,r10,0.1416015625,256,512,12
Qwen/Qwen2.5-0.5B,21,0.875,mean,raw,ok,mrr,0.45415576159259,256,512,12
Qwen/Qwen2.5-0.5B,21,0.875,mean,aligned,ok,mrr,0.5969795792629928,256,512,12
Qwen/Qwen2.5-0.5B,21,0.875,mean,delta,ok,mrr,0.14282381767040273,256,512,12
Qwen/Qwen2.5-0.5B,22,0.9166666666666666,mean,raw,ok,r1,0.5169270833333334,256,512,12
Qwen/Qwen2.5-0.5B,22,0.9166666666666666,mean,aligned,ok,r1,0.82421875,256,512,12
Qwen/Qwen2.5-0.5B,22,0.9166666666666666,mean,delta,ok,r1,0.3072916666666667,256,512,12
Qwen/Qwen2.5-0.5B,22,0.9166666666666666,mean,raw,ok,r5,0.7706705729166666,256,512,12
Qwen/Qwen2.5-0.5B,22,0.9166666666666666,mean,aligned,ok,r5,0.96044921875,256,512,12
Qwen/Qwen2.5-0.5B,22,0.9166666666666666,mean,delta,ok,r5,0.18977864583333334,256,512,12
Qwen/Qwen2.5-0.5B,22,0.9166666666666666,mean,raw,ok,r10,0.8616536458333334,256,512,12
Qwen/Qwen2.5-0.5B,22,0.9166666666666666,mean,aligned,ok,r10,0.9827473958333334,256,512,12
Qwen/Qwen2.5-0.5B,22,0.9166666666666666,mean,delta,ok,r10,0.12109375,256,512,12
Qwen/Qwen2.5-0.5B,22,0.9166666666666666,mean,raw,ok,mrr,0.6291414481139559,256,512,12
Qwen/Qwen2.5-0.5B,22,0.9166666666666666,mean,aligned,ok,mrr,0.8842505453661832,256,512,12
Qwen/Qwen2.5-0.5B,22,0.9166666666666666,mean,delta,ok,mrr,0.2551090972522272,256,512,12
Qwen/Qwen2.5-0.5B,23,0.9583333333333334,mean,raw,ok,r1,0.3489583333333333,256,512,12
Qwen/Qwen2.5-0.5B,23,0.9583333333333334,mean,aligned,ok,r1,0.8076171875,256,512,12
Qwen/Qwen2.5-0.5B,23,0.9583333333333334,mean,delta,ok,r1,0.4586588541666667,256,512,12
Qwen/Qwen2.5-0.5B,23,0.9583333333333334,mean,raw,ok,r5,0.5712890625,256,512,12
Qwen/Qwen2.5-0.5B,23,0.9583333333333334,mean,aligned,ok,r5,0.953125,256,512,12
Qwen/Qwen2.5-0.5B,23,0.9583333333333334,mean,delta,ok,r5,0.3818359375,256,512,12
Qwen/Qwen2.5-0.5B,23,0.9583333333333334,mean,raw,ok,r10,0.6931966145833334,256,512,12
Qwen/Qwen2.5-0.5B,23,0.9583333333333334,mean,aligned,ok,r10,0.9807942708333334,256,512,12
Qwen/Qwen2.5-0.5B,23,0.9583333333333334,mean,delta,ok,r10,0.28759765625,256,512,12
Qwen/Qwen2.5-0.5B,23,0.9583333333333334,mean,raw,ok,mrr,0.4587765941323095,256,512,12
Qwen/Qwen2.5-0.5B,23,0.9583333333333334,mean,aligned,ok,mrr,0.8729936764650824,256,512,12
Qwen/Qwen2.5-0.5B,23,0.9583333333333334,mean,delta,ok,mrr,0.41421708233277305,256,512,12
Qwen/Qwen2.5-0.5B,24,1.0,mean,raw,ok,r1,0.043131510416666664,256,512,12
Qwen/Qwen2.5-0.5B,24,1.0,mean,aligned,ok,r1,0.6201171875,256,512,12
Qwen/Qwen2.5-0.5B,24,1.0,mean,delta,ok,r1,0.5769856770833334,256,512,12
Qwen/Qwen2.5-0.5B,24,1.0,mean,raw,ok,r5,0.12141927083333333,256,512,12
Qwen/Qwen2.5-0.5B,24,1.0,mean,aligned,ok,r5,0.833984375,256,512,12
Qwen/Qwen2.5-0.5B,24,1.0,mean,delta,ok,r5,0.7125651041666666,256,512,12
Qwen/Qwen2.5-0.5B,24,1.0,mean,raw,ok,r10,0.18375651041666666,256,512,12
Qwen/Qwen2.5-0.5B,24,1.0,mean,aligned,ok,r10,0.89208984375,256,512,12
Qwen/Qwen2.5-0.5B,24,1.0,mean,delta,ok,r10,0.7083333333333334,256,512,12
Qwen/Qwen2.5-0.5B,24,1.0,mean,raw,ok,mrr,0.09459685939717162,256,512,12
Qwen/Qwen2.5-0.5B,24,1.0,mean,aligned,ok,mrr,0.7172395324826993,256,512,12
Qwen/Qwen2.5-0.5B,24,1.0,mean,delta,ok,mrr,0.6226426730855277,256,512,12
