model,layer,normalized_depth,pooling,condition,seed,source_language,target_language,metric,value,n_train,n_eval,record_type,comparison,ci_lower,ci_upper,n_resamples
Qwen/Qwen2.5-0.5B,7,0.2916666666666667,last_token,normal,,en,ko,r1,0.296875,1024,2048,metric,,,,
Qwen/Qwen2.5-0.5B,7,0.2916666666666667,last_token,normal,,en,ko,mrr,0.3909211628820859,1024,2048,metric,,,,
Qwen/Qwen2.5-0.5B,7,0.2916666666666667,last_token,normal,,en,ja,r1,0.21875,1024,2048,metric,,,,
Qwen/Qwen2.5-0.5B,7,0.2916666666666667,last_token,normal,,en,ja,mrr,0.3165331470113334,1024,2048,metric,,,,
Qwen/Qwen2.5-0.5B,7,0.2916666666666667,last_token,normal,,en,zh,r1,0.439453125,1024,2048,metric,,,,
Qwen/Qwen2.5-0.5B,7,0.2916666666666667,last_token,normal,,en,zh,mrr,0.542217302007904,1024,2048,metric,,,,
Qwen/Qwen2.5-0.5B,7,0.2916666666666667,last_token,normal,,ko,en,r1,0.234375,1024,2048,metric,,,,
Qwen/Qwen2.5-0.5B,7,0.2916666666666667,last_token,normal,,ko,en,mrr,0.33134613819375514,1024,2048,metric,,,,
Qwen/Qwen2.5-0.5B,7,0.2916666666666667,last_token,normal,,ko,ja,r1,0.357421875,1024,2048,metric,,,,
Qwen/Qwen2.5-0.5B,7,0.2916666666666667,last_token,normal,,ko,ja,mrr,0.4745403759780712,1024,2048,metric,,,,
Qwen/Qwen2.5-0.5B,7,0.2916666666666667,last_token,normal,,ko,zh,r1,0.171875,1024,2048,metric,,,,
Qwen/Qwen2.5-0.5B,7,0.2916666666666667,last_token,normal,,ko,zh,mrr,0.2498430576686126,1024,2048,metric,,,,
Qwen/Qwen2.5-0.5B,7,0.2916666666666667,last_token,normal,,ja,en,r1,0.193359375,1024,2048,metric,,,,
Qwen/Qwen2.5-0.5B,7,0.2916666666666667,last_token,normal,,ja,en,mrr,0.28365758035007865,1024,2048,metric,,,,
Qwen/Qwen2.5-0.5B,7,0.2916666666666667,last_token,normal,,ja,ko,r1,0.32421875,1024,2048,metric,,,,
Qwen/Qwen2.5-0.5B,7,0.2916666666666667,last_token,normal,,ja,ko,mrr,0.4334183379352006,1024,2048,metric,,,,
Qwen/Qwen2.5-0.5B,7,0.2916666666666667,last_token,normal,,ja,zh,r1,0.177734375,1024,2048,metric,,,,
Qwen/Qwen2.5-0.5B,7,0.2916666666666667,last_token,normal,,ja,zh,mrr,0.25589639607741677,1024,2048,metric,,,,
Qwen/Qwen2.5-0.5B,7,0.2916666666666667,last_token,normal,,zh,en,r1,0.470703125,1024,2048,metric,,,,
Qwen/Qwen2.5-0.5B,7,0.2916666666666667,last_token,normal,,zh,en,mrr,0.5699332473840647,1024,2048,metric,,,,
Qwen/Qwen2.5-0.5B,7,0.2916666666666667,last_token,normal,,zh,ko,r1,0.22265625,1024,2048,metric,,,,
Qwen/Qwen2.5-0.5B,7,0.2916666666666667,last_token,normal,,zh,ko,mrr,0.31352175776698354,1024,2048,metric,,,,
Qwen/Qwen2.5-0.5B,7,0.2916666666666667,last_token,normal,,zh,ja,r1,0.1640625,1024,2048,metric,,,,
Qwen/Qwen2.5-0.5B,7,0.2916666666666667,last_token,normal,,zh,ja,mrr,0.2488102394962617,1024,2048,metric,,,,
Qwen/Qwen2.5-0.5B,8,0.3333333333333333,last_token,normal,,en,ko,r1,0.3984375,1024,2048,metric,,,,
Qwen/Qwen2.5-0.5B,8,0.3333333333333333,last_token,normal,,en,ko,mrr,0.4981684107493734,1024,2048,metric,,,,
Qwen/Qwen2.5-0.5B,8,0.3333333333333333,last_token,normal,,en,ja,r1,0.328125,1024,2048,metric,,,,
Qwen/Qwen2.5-0.5B,8,0.3333333333333333,last_token,normal,,en,ja,mrr,0.4275583426392452,1024,2048,metric,,,,
Qwen/Qwen2.5-0.5B,8,0.3333333333333333,last_token,normal,,en,zh,r1,0.515625,1024,2048,metric,,,,
Qwen/Qwen2.5-0.5B,8,0.3333333333333333,last_token,normal,,en,zh,mrr,0.6091215137883981,1024,2048,metric,,,,
Qwen/Qwen2.5-0.5B,8,0.3333333333333333,last_token,normal,,ko,en,r1,0.291015625,1024,2048,metric,,,,
Qwen/Qwen2.5-0.5B,8,0.3333333333333333,last_token,normal,,ko,en,mrr,0.39883245887927427,1024,2048,metric,,,,
Qwen/Qwen2.5-0.5B,8,0.3333333333333333,last_token,normal,,ko,ja,r1,0.453125,1024,2048,metric,,,,
Qwen/Qwen2.5-0.5B,8,0.3333333333333333,last_token,normal,,ko,ja,mrr,0.5660559197973994,1024,2048,metric,,,,
Qwen/Qwen2.5-0.5B,8,0.3333333333333333,last_token,normal,,ko,zh,r1,0.23828125,1024,2048,metric,,,,
Qwen/Qwen2.5-0.5B,8,0.3333333333333333,last_token,normal,,ko,zh,mrr,0.3153854834197458,1024,2048,metric,,,,
Qwen/Qwen2.5-0.5B,8,0.3333333333333333,last_token,normal,,ja,en,r1,0.263671875,1024,2048,metric,,,,
Qwen/Qwen2.5-0.5B,8,0.3333333333333333,last_token,normal,,ja,en,mrr,0.3538067285023463,1024,2048,metric,,,,
Qwen/Qwen2.5-0.5B,8,0.3333333333333333,last_token,normal,,ja,ko,r1,0.408203125,1024,2048,metric,,,,
Qwen/Qwen2.5-0.5B,8,0.3333333333333333,last_token,normal,,ja,ko,mrr,0.513044696300672,1024,2048,metric,,,,
Qwen/Qwen2.5-0.5B,8,0.3333333333333333,last_token,normal,,ja,zh,r1,0.25,1024,2048,metric,,,,
Qwen/Qwen2.5-0.5B,8,0.3333333333333333,last_token,normal,,ja,zh,mrr,0.33869336899530467,1024,2048,metric,,,,
Qwen/Qwen2.5-0.5B,8,0.3333333333333333,last_token,normal,,zh,en,r1,0.5703125,1024,2048,metric,,,,
Qwen/Qwen2.5-0.5B,8,0.3333333333333333,last_token,normal,,zh,en,mrr,0.6578682103501584,1024,2048,metric,,,,
Qwen/Qwen2.5-0.5B,8,0.3333333333333333,last_token,normal,,zh,ko,r1,0.310546875,1024,2048,metric,,,,
Qwen/Qwen2.5-0.5B,8,0.3333333333333333,last_token,normal,,zh,ko,mrr,0.4261527374664189,1024,2048,metric,,,,
Qwen/Qwen2.5-0.5B,8,0.3333333333333333,last_token,normal,,zh,ja,r1,0.26953125,1024,2048,metric,,,,
Qwen/Qwen2.5-0.5B,8,0.3333333333333333,last_token,normal,,zh,ja,mrr,0.3789945864999863,1024,2048,metric,,,,
Qwen/Qwen2.5-0.5B,9,0.375,last_token,normal,,en,ko,r1,0.4765625,1024,2048,metric,,,,
Qwen/Qwen2.5-0.5B,9,0.375,last_token,normal,,en,ko,mrr,0.5754305975878384,1024,2048,metric,,,,
Qwen/Qwen2.5-0.5B,9,0.375,last_token,normal,,en,ja,r1,0.44921875,1024,2048,metric,,,,
Qwen/Qwen2.5-0.5B,9,0.375,last_token,normal,,en,ja,mrr,0.5587360133602548,1024,2048,metric,,,,
Qwen/Qwen2.5-0.5B,9,0.375,last_token,normal,,en,zh,r1,0.681640625,1024,2048,metric,,,,
Qwen/Qwen2.5-0.5B,9,0.375,last_token,normal,,en,zh,mrr,0.7558081447449203,1024,2048,metric,,,,
Qwen/Qwen2.5-0.5B,9,0.375,last_token,normal,,ko,en,r1,0.353515625,1024,2048,metric,,,,
Qwen/Qwen2.5-0.5B,9,0.375,last_token,normal,,ko,en,mrr,0.45281154108610283,1024,2048,metric,,,,
Qwen/Qwen2.5-0.5B,9,0.375,last_token,normal,,ko,ja,r1,0.5625,1024,2048,metric,,,,
Qwen/Qwen2.5-0.5B,9,0.375,last_token,normal,,ko,ja,mrr,0.657106947961983,1024,2048,metric,,,,
Qwen/Qwen2.5-0.5B,9,0.375,last_token,normal,,ko,zh,r1,0.279296875,1024,2048,metric,,,,
Qwen/Qwen2.5-0.5B,9,0.375,last_token,normal,,ko,zh,mrr,0.37632066784643686,1024,2048,metric,,,,
Qwen/Qwen2.5-0.5B,9,0.375,last_token,normal,,ja,en,r1,0.337890625,1024,2048,metric,,,,
Qwen/Qwen2.5-0.5B,9,0.375,last_token,normal,,ja,en,mrr,0.4407246714556081,1024,2048,metric,,,,
Qwen/Qwen2.5-0.5B,9,0.375,last_token,normal,,ja,ko,r1,0.51953125,1024,2048,metric,,,,
Qwen/Qwen2.5-0.5B,9,0.375,last_token,normal,,ja,ko,mrr,0.6022439782601621,1024,2048,metric,,,,
Qwen/Qwen2.5-0.5B,9,0.375,last_token,normal,,ja,zh,r1,0.314453125,1024,2048,metric,,,,
Qwen/Qwen2.5-0.5B,9,0.375,last_token,normal,,ja,zh,mrr,0.4173266968157213,1024,2048,metric,,,,
Qwen/Qwen2.5-0.5B,9,0.375,last_token,normal,,zh,en,r1,0.673828125,1024,2048,metric,,,,
Qwen/Qwen2.5-0.5B,9,0.375,last_token,normal,,zh,en,mrr,0.756138400373783,1024,2048,metric,,,,
Qwen/Qwen2.5-0.5B,9,0.375,last_token,normal,,zh,ko,r1,0.455078125,1024,2048,metric,,,,
Qwen/Qwen2.5-0.5B,9,0.375,last_token,normal,,zh,ko,mrr,0.5515850620872588,1024,2048,metric,,,,
Qwen/Qwen2.5-0.5B,9,0.375,last_token,normal,,zh,ja,r1,0.380859375,1024,2048,metric,,,,
Qwen/Qwen2.5-0.5B,9,0.375,last_token,normal,,zh,ja,mrr,0.4996665074438923,1024,2048,metric,,,,
Qwen/Qwen2.5-0.5B,10,0.4166666666666667,last_token,normal,,en,ko,r1,0.515625,1024,2048,metric,,,,
Qwen/Qwen2.5-0.5B,10,0.4166666666666667,last_token,normal,,en,ko,mrr,0.6101189704724519,1024,2048,metric,,,,
Qwen/Qwen2.5-0.5B,10,0.4166666666666667,last_token,normal,,en,ja,r1,0.49609375,1024,2048,metric,,,,
Qwen/Qwen2.5-0.5B,10,0.4166666666666667,last_token,normal,,en,ja,mrr,0.6107919446459692,1024,2048,metric,,,,
Qwen/Qwen2.5-0.5B,10,0.4166666666666667,last_token,normal,,en,zh,r1,0.705078125,1024,2048,metric,,,,
Qwen/Qwen2.5-0.5B,10,0.4166666666666667,last_token,normal,,en,zh,mrr,0.7749544151815808,1024,2048,metric,,,,
Qwen/Qwen2.5-0.5B,10,0.4166666666666667,last_token,normal,,ko,en,r1,0.44140625,1024,2048,metric,,,,
Qwen/Qwen2.5-0.5B,10,0.4166666666666667,last_token,normal,,ko,en,mrr,0.5341507985578349,1024,2048,metric,,,,
Qwen/Qwen2.5-0.5B,10,0.4166666666666667,last_token,normal,,ko,ja,r1,0.583984375,1024,2048,metric,,,,
Qwen/Qwen2.5-0.5B,10,0.4166666666666667,last_token,normal,,ko,ja,mrr,0.686201071241284,1024,2048,metric,,,,
Qwen/Qwen2.5-0.5B,10,0.4166666666666667,last_token,normal,,ko,zh,r1,0.310546875,1024,2048,metric,,,,
Qwen/Qwen2.5-0.5B,10,0.4166666666666667,last_token,normal,,ko,zh,mrr,0.4182857584609474,1024,2048,metric,,,,
Qwen/Qwen2.5-0.5B,10,0.4166666666666667,last_token,normal,,ja,en,r1,0.4296875,1024,2048,metric,,,,
Qwen/Qwen2.5-0.5B,10,0.4166666666666667,last_token,normal,,ja,en,mrr,0.5321743803983042,1024,2048,metric,,,,
Qwen/Qwen2.5-0.5B,10,0.4166666666666667,last_token,normal,,ja,ko,r1,0.54296875,1024,2048,metric,,,,
Qwen/Qwen2.5-0.5B,10,0.4166666666666667,last_token,normal,,ja,ko,mrr,0.6268512229062544,1024,2048,metric,,,,
Qwen/Qwen2.5-0.5B,10,0.4166666666666667,last_token,normal,,ja,zh,r1,0.3828125,1024,2048,metric,,,,
Qwen/Qwen2.5-0.5B,10,0.4166666666666667,last_token,normal,,ja,zh,mrr,0.4823452158341588,1024,2048,metric,,,,
Qwen/Qwen2.5-0.5B,10,0.4166666666666667,last_token,normal,,zh,en,r1,0.72265625,1024,2048,metric,,,,
Qwen/Qwen2.5-0.5B,10,0.4166666666666667,last_token,normal,,zh,en,mrr,0.7931538790260864,1024,2048,metric,,,,
Qwen/Qwen2.5-0.5B,10,0.4166666666666667,last_token,normal,,zh,ko,r1,0.466796875,1024,2048,metric,,,,
Qwen/Qwen2.5-0.5B,10,0.4166666666666667,last_token,normal,,zh,ko,mrr,0.5646056086638622,1024,2048,metric,,,,
Qwen/Qwen2.5-0.5B,10,0.4166666666666667,last_token,normal,,zh,ja,r1,0.419921875,1024,2048,metric,,,,
Qwen/Qwen2.5-0.5B,10,0.4166666666666667,last_token,normal,,zh,ja,mrr,0.5445050004945351,1024,2048,metric,,,,
Qwen/Qwen2.5-0.5B,11,0.4583333333333333,last_token,normal,,en,ko,r1,0.77734375,1024,2048,metric,,,,
Qwen/Qwen2.5-0.5B,11,0.4583333333333333,last_token,normal,,en,ko,mrr,0.8260845730806687,1024,2048,metric,,,,
Qwen/Qwen2.5-0.5B,11,0.4583333333333333,last_token,normal,,en,ja,r1,0.78515625,1024,2048,metric,,,,
Qwen/Qwen2.5-0.5B,11,0.4583333333333333,last_token,normal,,en,ja,mrr,0.8563416981590621,1024,2048,metric,,,,
Qwen/Qwen2.5-0.5B,11,0.4583333333333333,last_token,normal,,en,zh,r1,0.853515625,1024,2048,metric,,,,
Qwen/Qwen2.5-0.5B,11,0.4583333333333333,last_token,normal,,en,zh,mrr,0.896615728023414,1024,2048,metric,,,,
Qwen/Qwen2.5-0.5B,11,0.4583333333333333,last_token,normal,,ko,en,r1,0.677734375,1024,2048,metric,,,,
Qwen/Qwen2.5-0.5B,11,0.4583333333333333,last_token,normal,,ko,en,mrr,0.7463843320938152,1024,2048,metric,,,,
Qwen/Qwen2.5-0.5B,11,0.4583333333333333,last_token,normal,,ko,ja,r1,0.78515625,1024,2048,metric,,,,
Qwen/Qwen2.5-0.5B,11,0.4583333333333333,last_token,normal,,ko,ja,mrr,0.8368360037986792,1024,2048,metric,,,,
Qwen/Qwen2.5-0.5B,11,0.4583333333333333,last_token,normal,,ko,zh,r1,0.513671875,1024,2048,metric,,,,
Qwen/Qwen2.5-0.5B,11,0.4583333333333333,last_token,normal,,ko,zh,mrr,0.6103184119695189,1024,2048,metric,,,,
Qwen/Qwen2.5-0.5B,11,0.4583333333333333,last_token,normal,,ja,en,r1,0.697265625,1024,2048,metric,,,,
Qwen/Qwen2.5-0.5B,11,0.4583333333333333,last_token,normal,,ja,en,mrr,0.7618099694571099,1024,2048,metric,,,,
Qwen/Qwen2.5-0.5B,11,0.4583333333333333,last_token,normal,,ja,ko,r1,0.71484375,1024,2048,metric,,,,
Qwen/Qwen2.5-0.5B,11,0.4583333333333333,last_token,normal,,ja,ko,mrr,0.7790494071545762,1024,2048,metric,,,,
Qwen/Qwen2.5-0.5B,11,0.4583333333333333,last_token,normal,,ja,zh,r1,0.6015625,1024,2048,metric,,,,
Qwen/Qwen2.5-0.5B,11,0.4583333333333333,last_token,normal,,ja,zh,mrr,0.6839412808614616,1024,2048,metric,,,,
Qwen/Qwen2.5-0.5B,11,0.4583333333333333,last_token,normal,,zh,en,r1,0.88671875,1024,2048,metric,,,,
Qwen/Qwen2.5-0.5B,11,0.4583333333333333,last_token,normal,,zh,en,mrr,0.9198418265207033,1024,2048,metric,,,,
Qwen/Qwen2.5-0.5B,11,0.4583333333333333,last_token,normal,,zh,ko,r1,0.6953125,1024,2048,metric,,,,
Qwen/Qwen2.5-0.5B,11,0.4583333333333333,last_token,normal,,zh,ko,mrr,0.7667988469662054,1024,2048,metric,,,,
Qwen/Qwen2.5-0.5B,11,0.4583333333333333,last_token,normal,,zh,ja,r1,0.7265625,1024,2048,metric,,,,
Qwen/Qwen2.5-0.5B,11,0.4583333333333333,last_token,normal,,zh,ja,mrr,0.8060045577741373,1024,2048,metric,,,,
Qwen/Qwen2.5-0.5B,12,0.5,last_token,normal,,en,ko,r1,0.71875,1024,2048,metric,,,,
Qwen/Qwen2.5-0.5B,12,0.5,last_token,normal,,en,ko,mrr,0.7831675241879033,1024,2048,metric,,,,
Qwen/Qwen2.5-0.5B,12,0.5,last_token,normal,,en,ja,r1,0.75,1024,2048,metric,,,,
Qwen/Qwen2.5-0.5B,12,0.5,last_token,normal,,en,ja,mrr,0.8253989954786007,1024,2048,metric,,,,
Qwen/Qwen2.5-0.5B,12,0.5,last_token,normal,,en,zh,r1,0.8125,1024,2048,metric,,,,
Qwen/Qwen2.5-0.5B,12,0.5,last_token,normal,,en,zh,mrr,0.8624426152606199,1024,2048,metric,,,,
Qwen/Qwen2.5-0.5B,12,0.5,last_token,normal,,ko,en,r1,0.6484375,1024,2048,metric,,,,
Qwen/Qwen2.5-0.5B,12,0.5,last_token,normal,,ko,en,mrr,0.721078475844278,1024,2048,metric,,,,
Qwen/Qwen2.5-0.5B,12,0.5,last_token,normal,,ko,ja,r1,0.732421875,1024,2048,metric,,,,
Qwen/Qwen2.5-0.5B,12,0.5,last_token,normal,,ko,ja,mrr,0.7985712660561078,1024,2048,metric,,,,
Qwen/Qwen2.5-0.5B,12,0.5,last_token,normal,,ko,zh,r1,0.486328125,1024,2048,metric,,,,
Qwen/Qwen2.5-0.5B,12,0.5,last_token,normal,,ko,zh,mrr,0.5774489440932201,1024,2048,metric,,,,
Qwen/Qwen2.5-0.5B,12,0.5,last_token,normal,,ja,en,r1,0.6484375,1024,2048,metric,,,,
Qwen/Qwen2.5-0.5B,12,0.5,last_token,normal,,ja,en,mrr,0.7183149791664822,1024,2048,metric,,,,
Qwen/Qwen2.5-0.5B,12,0.5,last_token,normal,,ja,ko,r1,0.6953125,1024,2048,metric,,,,
Qwen/Qwen2.5-0.5B,12,0.5,last_token,normal,,ja,ko,mrr,0.765395320992335,1024,2048,metric,,,,
Qwen/Qwen2.5-0.5B,12,0.5,last_token,normal,,ja,zh,r1,0.552734375,1024,2048,metric,,,,
Qwen/Qwen2.5-0.5B,12,0.5,last_token,normal,,ja,zh,mrr,0.6389074693959165,1024,2048,metric,,,,
Qwen/Qwen2.5-0.5B,12,0.5,last_token,normal,,zh,en,r1,0.818359375,1024,2048,metric,,,,
Qwen/Qwen2.5-0.5B,12,0.5,last_token,normal,,zh,en,mrr,0.8669190547695269,1024,2048,metric,,,,
Qwen/Qwen2.5-0.5B,12,0.5,last_token,normal,,zh,ko,r1,0.646484375,1024,2048,metric,,,,
Qwen/Qwen2.5-0.5B,12,0.5,last_token,normal,,zh,ko,mrr,0.7229751618949556,1024,2048,metric,,,,
Qwen/Qwen2.5-0.5B,12,0.5,last_token,normal,,zh,ja,r1,0.65234375,1024,2048,metric,,,,
Qwen/Qwen2.5-0.5B,12,0.5,last_token,normal,,zh,ja,mrr,0.7487061597939733,1024,2048,metric,,,,
Qwen/Qwen2.5-0.5B,13,0.5416666666666666,last_token,normal,,en,ko,r1,0.6953125,1024,2048,metric,,,,
Qwen/Qwen2.5-0.5B,13,0.5416666666666666,last_token,normal,,en,ko,mrr,0.7687748179570375,1024,2048,metric,,,,
Qwen/Qwen2.5-0.5B,13,0.5416666666666666,last_token,normal,,en,ja,r1,0.72265625,1024,2048,metric,,,,
Qwen/Qwen2.5-0.5B,13,0.5416666666666666,last_token,normal,,en,ja,mrr,0.8074446778200827,1024,2048,metric,,,,
Qwen/Qwen2.5-0.5B,13,0.5416666666666666,last_token,normal,,en,zh,r1,0.845703125,1024,2048,metric,,,,
Qwen/Qwen2.5-0.5B,13,0.5416666666666666,last_token,normal,,en,zh,mrr,0.8839678135407919,1024,2048,metric,,,,
Qwen/Qwen2.5-0.5B,13,0.5416666666666666,last_token,normal,,ko,en,r1,0.66015625,1024,2048,metric,,,,
Qwen/Qwen2.5-0.5B,13,0.5416666666666666,last_token,normal,,ko,en,mrr,0.7211019605640948,1024,2048,metric,,,,
Qwen/Qwen2.5-0.5B,13,0.5416666666666666,last_token,normal,,ko,ja,r1,0.759765625,1024,2048,metric,,,,
Qwen/Qwen2.5-0.5B,13,0.5416666666666666,last_token,normal,,ko,ja,mrr,0.8207697883853009,1024,2048,metric,,,,
Qwen/Qwen2.5-0.5B,13,0.5416666666666666,last_token,normal,,ko,zh,r1,0.52734375,1024,2048,metric,,,,
Qwen/Qwen2.5-0.5B,13,0.5416666666666666,last_token,normal,,ko,zh,mrr,0.6201690326704521,1024,2048,metric,,,,
Qwen/Qwen2.5-0.5B,13,0.5416666666666666,last_token,normal,,ja,en,r1,0.68359375,1024,2048,metric,,,,
Qwen/Qwen2.5-0.5B,13,0.5416666666666666,last_token,normal,,ja,en,mrr,0.7511424156399131,1024,2048,metric,,,,
Qwen/Qwen2.5-0.5B,13,0.5416666666666666,last_token,normal,,ja,ko,r1,0.693359375,1024,2048,metric,,,,
Qwen/Qwen2.5-0.5B,13,0.5416666666666666,last_token,normal,,ja,ko,mrr,0.7618973152711022,1024,2048,metric,,,,
Qwen/Qwen2.5-0.5B,13,0.5416666666666666,last_token,normal,,ja,zh,r1,0.611328125,1024,2048,metric,,,,
Qwen/Qwen2.5-0.5B,13,0.5416666666666666,last_token,normal,,ja,zh,mrr,0.6863513079854879,1024,2048,metric,,,,
Qwen/Qwen2.5-0.5B,13,0.5416666666666666,last_token,normal,,zh,en,r1,0.83984375,1024,2048,metric,,,,
Qwen/Qwen2.5-0.5B,13,0.5416666666666666,last_token,normal,,zh,en,mrr,0.8842867454428658,1024,2048,metric,,,,
Qwen/Qwen2.5-0.5B,13,0.5416666666666666,last_token,normal,,zh,ko,r1,0.65234375,1024,2048,metric,,,,
Qwen/Qwen2.5-0.5B,13,0.5416666666666666,last_token,normal,,zh,ko,mrr,0.7296544133618991,1024,2048,metric,,,,
Qwen/Qwen2.5-0.5B,13,0.5416666666666666,last_token,normal,,zh,ja,r1,0.638671875,1024,2048,metric,,,,
Qwen/Qwen2.5-0.5B,13,0.5416666666666666,last_token,normal,,zh,ja,mrr,0.7406148283501366,1024,2048,metric,,,,
Qwen/Qwen2.5-0.5B,14,0.5833333333333334,last_token,normal,,en,ko,r1,0.634765625,1024,2048,metric,,,,
Qwen/Qwen2.5-0.5B,14,0.5833333333333334,last_token,normal,,en,ko,mrr,0.7229649983203917,1024,2048,metric,,,,
Qwen/Qwen2.5-0.5B,14,0.5833333333333334,last_token,normal,,en,ja,r1,0.6484375,1024,2048,metric,,,,
Qwen/Qwen2.5-0.5B,14,0.5833333333333334,last_token,normal,,en,ja,mrr,0.7488732928720974,1024,2048,metric,,,,
Qwen/Qwen2.5-0.5B,14,0.5833333333333334,last_token,normal,,en,zh,r1,0.802734375,1024,2048,metric,,,,
Qwen/Qwen2.5-0.5B,14,0.5833333333333334,last_token,normal,,en,zh,mrr,0.8549243394895321,1024,2048,metric,,,,
Qwen/Qwen2.5-0.5B,14,0.5833333333333334,last_token,normal,,ko,en,r1,0.60546875,1024,2048,metric,,,,
Qwen/Qwen2.5-0.5B,14,0.5833333333333334,last_token,normal,,ko,en,mrr,0.6819664718128885,1024,2048,metric,,,,
Qwen/Qwen2.5-0.5B,14,0.5833333333333334,last_token,normal,,ko,ja,r1,0.70703125,1024,2048,metric,,,,
Qwen/Qwen2.5-0.5B,14,0.5833333333333334,last_token,normal,,ko,ja,mrr,0.7772708463442547,1024,2048,metric,,,,
Qwen/Qwen2.5-0.5B,14,0.5833333333333334,last_token,normal,,ko,zh,r1,0.5,1024,2048,metric,,,,
Qwen/Qwen2.5-0.5B,14,0.5833333333333334,last_token,normal,,ko,zh,mrr,0.5802827817700615,1024,2048,metric,,,,
Qwen/Qwen2.5-0.5B,14,0.5833333333333334,last_token,normal,,ja,en,r1,0.66796875,1024,2048,metric,,,,
Qwen/Qwen2.5-0.5B,14,0.5833333333333334,last_token,normal,,ja,en,mrr,0.7256920829549405,1024,2048,metric,,,,
Qwen/Qwen2.5-0.5B,14,0.5833333333333334,last_token,normal,,ja,ko,r1,0.654296875,1024,2048,metric,,,,
Qwen/Qwen2.5-0.5B,14,0.5833333333333334,last_token,normal,,ja,ko,mrr,0.7282492478142204,1024,2048,metric,,,,
Qwen/Qwen2.5-0.5B,14,0.5833333333333334,last_token,normal,,ja,zh,r1,0.525390625,1024,2048,metric,,,,
Qwen/Qwen2.5-0.5B,14,0.5833333333333334,last_token,normal,,ja,zh,mrr,0.6161099694636204,1024,2048,metric,,,,
Qwen/Qwen2.5-0.5B,14,0.5833333333333334,last_token,normal,,zh,en,r1,0.828125,1024,2048,metric,,,,
Qwen/Qwen2.5-0.5B,14,0.5833333333333334,last_token,normal,,zh,en,mrr,0.8723685734557522,1024,2048,metric,,,,
Qwen/Qwen2.5-0.5B,14,0.5833333333333334,last_token,normal,,zh,ko,r1,0.611328125,1024,2048,metric,,,,
Qwen/Qwen2.5-0.5B,14,0.5833333333333334,last_token,normal,,zh,ko,mrr,0.6927594227942074,1024,2048,metric,,,,
Qwen/Qwen2.5-0.5B,14,0.5833333333333334,last_token,normal,,zh,ja,r1,0.59765625,1024,2048,metric,,,,
Qwen/Qwen2.5-0.5B,14,0.5833333333333334,last_token,normal,,zh,ja,mrr,0.7017652344999498,1024,2048,metric,,,,
Qwen/Qwen2.5-0.5B,15,0.625,last_token,normal,,en,ko,r1,0.751953125,1024,2048,metric,,,,
Qwen/Qwen2.5-0.5B,15,0.625,last_token,normal,,en,ko,mrr,0.8143701309761131,1024,2048,metric,,,,
Qwen/Qwen2.5-0.5B,15,0.625,last_token,normal,,en,ja,r1,0.810546875,1024,2048,metric,,,,
Qwen/Qwen2.5-0.5B,15,0.625,last_token,normal,,en,ja,mrr,0.8752838174559561,1024,2048,metric,,,,
Qwen/Qwen2.5-0.5B,15,0.625,last_token,normal,,en,zh,r1,0.89453125,1024,2048,metric,,,,
Qwen/Qwen2.5-0.5B,15,0.625,last_token,normal,,en,zh,mrr,0.9243402859128523,1024,2048,metric,,,,
Qwen/Qwen2.5-0.5B,15,0.625,last_token,normal,,ko,en,r1,0.693359375,1024,2048,metric,,,,
Qwen/Qwen2.5-0.5B,15,0.625,last_token,normal,,ko,en,mrr,0.7589384975242299,1024,2048,metric,,,,
Qwen/Qwen2.5-0.5B,15,0.625,last_token,normal,,ko,ja,r1,0.810546875,1024,2048,metric,,,,
Qwen/Qwen2.5-0.5B,15,0.625,last_token,normal,,ko,ja,mrr,0.8618212079695822,1024,2048,metric,,,,
Qwen/Qwen2.5-0.5B,15,0.625,last_token,normal,,ko,zh,r1,0.61328125,1024,2048,metric,,,,
Qwen/Qwen2.5-0.5B,15,0.625,last_token,normal,,ko,zh,mrr,0.6972561638416177,1024,2048,metric,,,,
Qwen/Qwen2.5-0.5B,15,0.625,last_token,normal,,ja,en,r1,0.76953125,1024,2048,metric,,,,
Qwen/Qwen2.5-0.5B,15,0.625,last_token,normal,,ja,en,mrr,0.8244493710783165,1024,2048,metric,,,,
Qwen/Qwen2.5-0.5B,15,0.625,last_token,normal,,ja,ko,r1,0.7890625,1024,2048,metric,,,,
Qwen/Qwen2.5-0.5B,15,0.625,last_token,normal,,ja,ko,mrr,0.839106171400658,1024,2048,metric,,,,
Qwen/Qwen2.5-0.5B,15,0.625,last_token,normal,,ja,zh,r1,0.7265625,1024,2048,metric,,,,
Qwen/Qwen2.5-0.5B,15,0.625,last_token,normal,,ja,zh,mrr,0.7959367549852623,1024,2048,metric,,,,
Qwen/Qwen2.5-0.5B,15,0.625,last_token,normal,,zh,en,r1,0.888671875,1024,2048,metric,,,,
Qwen/Qwen2.5-0.5B,15,0.625,last_token,normal,,zh,en,mrr,0.9225895767937549,1024,2048,metric,,,,
Qwen/Qwen2.5-0.5B,15,0.625,last_token,normal,,zh,ko,r1,0.72265625,1024,2048,metric,,,,
Qwen/Qwen2.5-0.5B,15,0.625,last_token,normal,,zh,ko,mrr,0.786715421239464,1024,2048,metric,,,,
Qwen/Qwen2.5-0.5B,15,0.625,last_token,normal,,zh,ja,r1,0.775390625,1024,2048,metric,,,,
Qwen/Qwen2.5-0.5B,15,0.625,last_token,normal,,zh,ja,mrr,0.8503460867071612,1024,2048,metric,,,,
Qwen/Qwen2.5-0.5B,16,0.6666666666666666,last_token,normal,,en,ko,r1,0.685546875,1024,2048,metric,,,,
Qwen/Qwen2.5-0.5B,16,0.6666666666666666,last_token,normal,,en,ko,mrr,0.7664621405038351,1024,2048,metric,,,,
Qwen/Qwen2.5-0.5B,16,0.6666666666666666,last_token,normal,,en,ja,r1,0.767578125,1024,2048,metric,,,,
Qwen/Qwen2.5-0.5B,16,0.6666666666666666,last_token,normal,,en,ja,mrr,0.8495926548119015,1024,2048,metric,,,,
Qwen/Qwen2.5-0.5B,16,0.6666666666666666,last_token,normal,,en,zh,r1,0.83203125,1024,2048,metric,,,,
Qwen/Qwen2.5-0.5B,16,0.6666666666666666,last_token,normal,,en,zh,mrr,0.8758765971002789,1024,2048,metric,,,,
Qwen/Qwen2.5-0.5B,16,0.6666666666666666,last_token,normal,,ko,en,r1,0.568359375,1024,2048,metric,,,,
Qwen/Qwen2.5-0.5B,16,0.6666666666666666,last_token,normal,,ko,en,mrr,0.6490455796923412,1024,2048,metric,,,,
Qwen/Qwen2.5-0.5B,16,0.6666666666666666,last_token,normal,,ko,ja,r1,0.78125,1024,2048,metric,,,,
Qwen/Qwen2.5-0.5B,16,0.6666666666666666,last_token,normal,,ko,ja,mrr,0.8357352389762926,1024,2048,metric,,,,
Qwen/Qwen2.5-0.5B,16,0.6666666666666666,last_token,normal,,ko,zh,r1,0.529296875,1024,2048,metric,,,,
Qwen/Qwen2.5-0.5B,16,0.6666666666666666,last_token,normal,,ko,zh,mrr,0.6002969218455627,1024,2048,metric,,,,
Qwen/Qwen2.5-0.5B,16,0.6666666666666666,last_token,normal,,ja,en,r1,0.638671875,1024,2048,metric,,,,
Qwen/Qwen2.5-0.5B,16,0.6666666666666666,last_token,normal,,ja,en,mrr,0.7145834251780372,1024,2048,metric,,,,
Qwen/Qwen2.5-0.5B,16,0.6666666666666666,last_token,normal,,ja,ko,r1,0.755859375,1024,2048,metric,,,,
Qwen/Qwen2.5-0.5B,16,0.6666666666666666,last_token,normal,,ja,ko,mrr,0.8118482682547341,1024,2048,metric,,,,
Qwen/Qwen2.5-0.5B,16,0.6666666666666666,last_token,normal,,ja,zh,r1,0.603515625,1024,2048,metric,,,,
Qwen/Qwen2.5-0.5B,16,0.6666666666666666,last_token,normal,,ja,zh,mrr,0.6800989258651566,1024,2048,metric,,,,
Qwen/Qwen2.5-0.5B,16,0.6666666666666666,last_token,normal,,zh,en,r1,0.830078125,1024,2048,metric,,,,
Qwen/Qwen2.5-0.5B,16,0.6666666666666666,last_token,normal,,zh,en,mrr,0.8813421406345878,1024,2048,metric,,,,
Qwen/Qwen2.5-0.5B,16,0.6666666666666666,last_token,normal,,zh,ko,r1,0.673828125,1024,2048,metric,,,,
Qwen/Qwen2.5-0.5B,16,0.6666666666666666,last_token,normal,,zh,ko,mrr,0.747780030346858,1024,2048,metric,,,,
Qwen/Qwen2.5-0.5B,16,0.6666666666666666,last_token,normal,,zh,ja,r1,0.73828125,1024,2048,metric,,,,
Qwen/Qwen2.5-0.5B,16,0.6666666666666666,last_token,normal,,zh,ja,mrr,0.819184095079096,1024,2048,metric,,,,
Qwen/Qwen2.5-0.5B,17,0.7083333333333334,last_token,normal,,en,ko,r1,0.638671875,1024,2048,metric,,,,
Qwen/Qwen2.5-0.5B,17,0.7083333333333334,last_token,normal,,en,ko,mrr,0.7301908833590305,1024,2048,metric,,,,
Qwen/Qwen2.5-0.5B,17,0.7083333333333334,last_token,normal,,en,ja,r1,0.72265625,1024,2048,metric,,,,
Qwen/Qwen2.5-0.5B,17,0.7083333333333334,last_token,normal,,en,ja,mrr,0.8157755937205324,1024,2048,metric,,,,
Qwen/Qwen2.5-0.5B,17,0.7083333333333334,last_token,normal,,en,zh,r1,0.76171875,1024,2048,metric,,,,
Qwen/Qwen2.5-0.5B,17,0.7083333333333334,last_token,normal,,en,zh,mrr,0.8153628157296073,1024,2048,metric,,,,
Qwen/Qwen2.5-0.5B,17,0.7083333333333334,last_token,normal,,ko,en,r1,0.5078125,1024,2048,metric,,,,
Qwen/Qwen2.5-0.5B,17,0.7083333333333334,last_token,normal,,ko,en,mrr,0.5993347279148123,1024,2048,metric,,,,
Qwen/Qwen2.5-0.5B,17,0.7083333333333334,last_token,normal,,ko,ja,r1,0.734375,1024,2048,metric,,,,
Qwen/Qwen2.5-0.5B,17,0.7083333333333334,last_token,normal,,ko,ja,mrr,0.8034641582081852,1024,2048,metric,,,,
Qwen/Qwen2.5-0.5B,17,0.7083333333333334,last_token,normal,,ko,zh,r1,0.470703125,1024,2048,metric,,,,
Qwen/Qwen2.5-0.5B,17,0.7083333333333334,last_token,normal,,ko,zh,mrr,0.5465298086905885,1024,2048,metric,,,,
Qwen/Qwen2.5-0.5B,17,0.7083333333333334,last_token,normal,,ja,en,r1,0.583984375,1024,2048,metric,,,,
Qwen/Qwen2.5-0.5B,17,0.7083333333333334,last_token,normal,,ja,en,mrr,0.6675239526857958,1024,2048,metric,,,,
Qwen/Qwen2.5-0.5B,17,0.7083333333333334,last_token,normal,,ja,ko,r1,0.720703125,1024,2048,metric,,,,
Qwen/Qwen2.5-0.5B,17,0.7083333333333334,last_token,normal,,ja,ko,mrr,0.7828805693794711,1024,2048,metric,,,,
Qwen/Qwen2.5-0.5B,17,0.7083333333333334,last_token,normal,,ja,zh,r1,0.552734375,1024,2048,metric,,,,
Qwen/Qwen2.5-0.5B,17,0.7083333333333334,last_token,normal,,ja,zh,mrr,0.6245824999768481,1024,2048,metric,,,,
Qwen/Qwen2.5-0.5B,17,0.7083333333333334,last_token,normal,,zh,en,r1,0.76953125,1024,2048,metric,,,,
Qwen/Qwen2.5-0.5B,17,0.7083333333333334,last_token,normal,,zh,en,mrr,0.8279222096200111,1024,2048,metric,,,,
Qwen/Qwen2.5-0.5B,17,0.7083333333333334,last_token,normal,,zh,ko,r1,0.650390625,1024,2048,metric,,,,
Qwen/Qwen2.5-0.5B,17,0.7083333333333334,last_token,normal,,zh,ko,mrr,0.724773915458328,1024,2048,metric,,,,
Qwen/Qwen2.5-0.5B,17,0.7083333333333334,last_token,normal,,zh,ja,r1,0.728515625,1024,2048,metric,,,,
Qwen/Qwen2.5-0.5B,17,0.7083333333333334,last_token,normal,,zh,ja,mrr,0.8105982614520428,1024,2048,metric,,,,
Qwen/Qwen2.5-0.5B,18,0.75,last_token,normal,,en,ko,r1,0.529296875,1024,2048,metric,,,,
Qwen/Qwen2.5-0.5B,18,0.75,last_token,normal,,en,ko,mrr,0.6348098895109692,1024,2048,metric,,,,
Qwen/Qwen2.5-0.5B,18,0.75,last_token,normal,,en,ja,r1,0.578125,1024,2048,metric,,,,
Qwen/Qwen2.5-0.5B,18,0.75,last_token,normal,,en,ja,mrr,0.6969668415950719,1024,2048,metric,,,,
Qwen/Qwen2.5-0.5B,18,0.75,last_token,normal,,en,zh,r1,0.7109375,1024,2048,metric,,,,
Qwen/Qwen2.5-0.5B,18,0.75,last_token,normal,,en,zh,mrr,0.7687554492070345,1024,2048,metric,,,,
Qwen/Qwen2.5-0.5B,18,0.75,last_token,normal,,ko,en,r1,0.376953125,1024,2048,metric,,,,
Qwen/Qwen2.5-0.5B,18,0.75,last_token,normal,,ko,en,mrr,0.48179008734129025,1024,2048,metric,,,,
Qwen/Qwen2.5-0.5B,18,0.75,last_token,normal,,ko,ja,r1,0.671875,1024,2048,metric,,,,
Qwen/Qwen2.5-0.5B,18,0.75,last_token,normal,,ko,ja,mrr,0.7544659817702188,1024,2048,metric,,,,
Qwen/Qwen2.5-0.5B,18,0.75,last_token,normal,,ko,zh,r1,0.392578125,1024,2048,metric,,,,
Qwen/Qwen2.5-0.5B,18,0.75,last_token,normal,,ko,zh,mrr,0.48195420027980795,1024,2048,metric,,,,
Qwen/Qwen2.5-0.5B,18,0.75,last_token,normal,,ja,en,r1,0.44140625,1024,2048,metric,,,,
Qwen/Qwen2.5-0.5B,18,0.75,last_token,normal,,ja,en,mrr,0.5529439665511563,1024,2048,metric,,,,
Qwen/Qwen2.5-0.5B,18,0.75,last_token,normal,,ja,ko,r1,0.634765625,1024,2048,metric,,,,
Qwen/Qwen2.5-0.5B,18,0.75,last_token,normal,,ja,ko,mrr,0.7124816259463531,1024,2048,metric,,,,
Qwen/Qwen2.5-0.5B,18,0.75,last_token,normal,,ja,zh,r1,0.482421875,1024,2048,metric,,,,
Qwen/Qwen2.5-0.5B,18,0.75,last_token,normal,,ja,zh,mrr,0.5630932342315973,1024,2048,metric,,,,
Qwen/Qwen2.5-0.5B,18,0.75,last_token,normal,,zh,en,r1,0.67578125,1024,2048,metric,,,,
Qwen/Qwen2.5-0.5B,18,0.75,last_token,normal,,zh,en,mrr,0.7497966133478409,1024,2048,metric,,,,
Qwen/Qwen2.5-0.5B,18,0.75,last_token,normal,,zh,ko,r1,0.54296875,1024,2048,metric,,,,
Qwen/Qwen2.5-0.5B,18,0.75,last_token,normal,,zh,ko,mrr,0.6328728626349807,1024,2048,metric,,,,
Qwen/Qwen2.5-0.5B,18,0.75,last_token,normal,,zh,ja,r1,0.513671875,1024,2048,metric,,,,
Qwen/Qwen2.5-0.5B,18,0.75,last_token,normal,,zh,ja,mrr,0.6281705166219342,1024,2048,metric,,,,
Qwen/Qwen2.5-0.5B,19,0.7916666666666666,last_token,normal,,en,ko,r1,0.39453125,1024,2048,metric,,,,
Qwen/Qwen2.5-0.5B,19,0.7916666666666666,last_token,normal,,en,ko,mrr,0.5197880427145947,1024,2048,metric,,,,
Qwen/Qwen2.5-0.5B,19,0.7916666666666666,last_token,normal,,en,ja,r1,0.583984375,1024,2048,metric,,,,
Qwen/Qwen2.5-0.5B,19,0.7916666666666666,last_token,normal,,en,ja,mrr,0.7001805559324872,1024,2048,metric,,,,
Qwen/Qwen2.5-0.5B,19,0.7916666666666666,last_token,normal,,en,zh,r1,0.724609375,1024,2048,metric,,,,
Qwen/Qwen2.5-0.5B,19,0.7916666666666666,last_token,normal,,en,zh,mrr,0.7844159970127917,1024,2048,metric,,,,
Qwen/Qwen2.5-0.5B,19,0.7916666666666666,last_token,normal,,ko,en,r1,0.357421875,1024,2048,metric,,,,
Qwen/Qwen2.5-0.5B,19,0.7916666666666666,last_token,normal,,ko,en,mrr,0.4638790109967804,1024,2048,metric,,,,
Qwen/Qwen2.5-0.5B,19,0.7916666666666666,last_token,normal,,ko,ja,r1,0.66796875,1024,2048,metric,,,,
Qwen/Qwen2.5-0.5B,19,0.7916666666666666,last_token,normal,,ko,ja,mrr,0.7461623957301242,1024,2048,metric,,,,
Qwen/Qwen2.5-0.5B,19,0.7916666666666666,last_token,normal,,ko,zh,r1,0.380859375,1024,2048,metric,,,,
Qwen/Qwen2.5-0.5B,19,0.7916666666666666,last_token,normal,,ko,zh,mrr,0.4747932298521586,1024,2048,metric,,,,
Qwen/Qwen2.5-0.5B,19,0.7916666666666666,last_token,normal,,ja,en,r1,0.4296875,1024,2048,metric,,,,
Qwen/Qwen2.5-0.5B,19,0.7916666666666666,last_token,normal,,ja,en,mrr,0.5456238882476369,1024,2048,metric,,,,
Qwen/Qwen2.5-0.5B,19,0.7916666666666666,last_token,normal,,ja,ko,r1,0.6015625,1024,2048,metric,,,,
Qwen/Qwen2.5-0.5B,19,0.7916666666666666,last_token,normal,,ja,ko,mrr,0.6873527335418703,1024,2048,metric,,,,
Qwen/Qwen2.5-0.5B,19,0.7916666666666666,last_token,normal,,ja,zh,r1,0.46484375,1024,2048,metric,,,,
Qwen/Qwen2.5-0.5B,19,0.7916666666666666,last_token,normal,,ja,zh,mrr,0.5580083341874056,1024,2048,metric,,,,
Qwen/Qwen2.5-0.5B,19,0.7916666666666666,last_token,normal,,zh,en,r1,0.67578125,1024,2048,metric,,,,
Qwen/Qwen2.5-0.5B,19,0.7916666666666666,last_token,normal,,zh,en,mrr,0.7569006837718372,1024,2048,metric,,,,
Qwen/Qwen2.5-0.5B,19,0.7916666666666666,last_token,normal,,zh,ko,r1,0.39453125,1024,2048,metric,,,,
Qwen/Qwen2.5-0.5B,19,0.7916666666666666,last_token,normal,,zh,ko,mrr,0.50934949904841,1024,2048,metric,,,,
Qwen/Qwen2.5-0.5B,19,0.7916666666666666,last_token,normal,,zh,ja,r1,0.4921875,1024,2048,metric,,,,
Qwen/Qwen2.5-0.5B,19,0.7916666666666666,last_token,normal,,zh,ja,mrr,0.6053047845369053,1024,2048,metric,,,,
Qwen/Qwen2.5-0.5B,20,0.8333333333333334,last_token,normal,,en,ko,r1,0.380859375,1024,2048,metric,,,,
Qwen/Qwen2.5-0.5B,20,0.8333333333333334,last_token,normal,,en,ko,mrr,0.5171607465915574,1024,2048,metric,,,,
Qwen/Qwen2.5-0.5B,20,0.8333333333333334,last_token,normal,,en,ja,r1,0.630859375,1024,2048,metric,,,,
Qwen/Qwen2.5-0.5B,20,0.8333333333333334,last_token,normal,,en,ja,mrr,0.7331602988303181,1024,2048,metric,,,,
Qwen/Qwen2.5-0.5B,20,0.8333333333333334,last_token,normal,,en,zh,r1,0.71875,1024,2048,metric,,,,
Qwen/Qwen2.5-0.5B,20,0.8333333333333334,last_token,normal,,en,zh,mrr,0.7878000848410615,1024,2048,metric,,,,
Qwen/Qwen2.5-0.5B,20,0.8333333333333334,last_token,normal,,ko,en,r1,0.302734375,1024,2048,metric,,,,
Qwen/Qwen2.5-0.5B,20,0.8333333333333334,last_token,normal,,ko,en,mrr,0.3947049240376588,1024,2048,metric,,,,
Qwen/Qwen2.5-0.5B,20,0.8333333333333334,last_token,normal,,ko,ja,r1,0.609375,1024,2048,metric,,,,
Qwen/Qwen2.5-0.5B,20,0.8333333333333334,last_token,normal,,ko,ja,mrr,0.7041673432807956,1024,2048,metric,,,,
Qwen/Qwen2.5-0.5B,20,0.8333333333333334,last_token,normal,,ko,zh,r1,0.30078125,1024,2048,metric,,,,
Qwen/Qwen2.5-0.5B,20,0.8333333333333334,last_token,normal,,ko,zh,mrr,0.41670674653011053,1024,2048,metric,,,,
Qwen/Qwen2.5-0.5B,20,0.8333333333333334,last_token,normal,,ja,en,r1,0.33203125,1024,2048,metric,,,,
Qwen/Qwen2.5-0.5B,20,0.8333333333333334,last_token,normal,,ja,en,mrr,0.445415218296919,1024,2048,metric,,,,
Qwen/Qwen2.5-0.5B,20,0.8333333333333334,last_token,normal,,ja,ko,r1,0.4765625,1024,2048,metric,,,,
Qwen/Qwen2.5-0.5B,20,0.8333333333333334,last_token,normal,,ja,ko,mrr,0.5968256218901036,1024,2048,metric,,,,
Qwen/Qwen2.5-0.5B,20,0.8333333333333334,last_token,normal,,ja,zh,r1,0.455078125,1024,2048,metric,,,,
Qwen/Qwen2.5-0.5B,20,0.8333333333333334,last_token,normal,,ja,zh,mrr,0.554601894056546,1024,2048,metric,,,,
Qwen/Qwen2.5-0.5B,20,0.8333333333333334,last_token,normal,,zh,en,r1,0.615234375,1024,2048,metric,,,,
Qwen/Qwen2.5-0.5B,20,0.8333333333333334,last_token,normal,,zh,en,mrr,0.7012259746294869,1024,2048,metric,,,,
Qwen/Qwen2.5-0.5B,20,0.8333333333333334,last_token,normal,,zh,ko,r1,0.38671875,1024,2048,metric,,,,
Qwen/Qwen2.5-0.5B,20,0.8333333333333334,last_token,normal,,zh,ko,mrr,0.5123173822356014,1024,2048,metric,,,,
Qwen/Qwen2.5-0.5B,20,0.8333333333333334,last_token,normal,,zh,ja,r1,0.556640625,1024,2048,metric,,,,
Qwen/Qwen2.5-0.5B,20,0.8333333333333334,last_token,normal,,zh,ja,mrr,0.672960398802214,1024,2048,metric,,,,
Qwen/Qwen2.5-0.5B,21,0.875,last_token,normal,,en,ko,r1,0.5234375,1024,2048,metric,,,,
Qwen/Qwen2.5-0.5B,21,0.875,last_token,normal,,en,ko,mrr,0.6384197569385878,1024,2048,metric,,,,
Qwen/Qwen2.5-0.5B,21,0.875,last_token,normal,,en,ja,r1,0.59375,1024,2048,metric,,,,
Qwen/Qwen2.5-0.5B,21,0.875,last_token,normal,,en,ja,mrr,0.7123149038173573,1024,2048,metric,,,,
Qwen/Qwen2.5-0.5B,21,0.875,last_token,normal,,en,zh,r1,0.837890625,1024,2048,metric,,,,
Qwen/Qwen2.5-0.5B,21,0.875,last_token,normal,,en,zh,mrr,0.8911315879456388,1024,2048,metric,,,,
Qwen/Qwen2.5-0.5B,21,0.875,last_token,normal,,ko,en,r1,0.283203125,1024,2048,metric,,,,
Qwen/Qwen2.5-0.5B,21,0.875,last_token,normal,,ko,en,mrr,0.39504841056800133,1024,2048,metric,,,,
Qwen/Qwen2.5-0.5B,21,0.875,last_token,normal,,ko,ja,r1,0.439453125,1024,2048,metric,,,,
Qwen/Qwen2.5-0.5B,21,0.875,last_token,normal,,ko,ja,mrr,0.558994256277761,1024,2048,metric,,,,
Qwen/Qwen2.5-0.5B,21,0.875,last_token,normal,,ko,zh,r1,0.423828125,1024,2048,metric,,,,
Qwen/Qwen2.5-0.5B,21,0.875,last_token,normal,,ko,zh,mrr,0.5335652281145624,1024,2048,metric,,,,
Qwen/Qwen2.5-0.5B,21,0.875,last_token,normal,,ja,en,r1,0.4765625,1024,2048,metric,,,,
Qwen/Qwen2.5-0.5B,21,0.875,last_token,normal,,ja,en,mrr,0.5992536372253926,1024,2048,metric,,,,
Qwen/Qwen2.5-0.5B,21,0.875,last_token,normal,,ja,ko,r1,0.677734375,1024,2048,metric,,,,
Qwen/Qwen2.5-0.5B,21,0.875,last_token,normal,,ja,ko,mrr,0.7651188030163381,1024,2048,metric,,,,
Qwen/Qwen2.5-0.5B,21,0.875,last_token,normal,,ja,zh,r1,0.677734375,1024,2048,metric,,,,
Qwen/Qwen2.5-0.5B,21,0.875,last_token,normal,,ja,zh,mrr,0.7583794578675811,1024,2048,metric,,,,
Qwen/Qwen2.5-0.5B,21,0.875,last_token,normal,,zh,en,r1,0.73828125,1024,2048,metric,,,,
Qwen/Qwen2.5-0.5B,21,0.875,last_token,normal,,zh,en,mrr,0.820328451972764,1024,2048,metric,,,,
Qwen/Qwen2.5-0.5B,21,0.875,last_token,normal,,zh,ko,r1,0.5546875,1024,2048,metric,,,,
Qwen/Qwen2.5-0.5B,21,0.875,last_token,normal,,zh,ko,mrr,0.6582510351292832,1024,2048,metric,,,,
Qwen/Qwen2.5-0.5B,21,0.875,last_token,normal,,zh,ja,r1,0.546875,1024,2048,metric,,,,
Qwen/Qwen2.5-0.5B,21,0.875,last_token,normal,,zh,ja,mrr,0.6622730640302775,1024,2048,metric,,,,
Qwen/Qwen2.5-0.5B,22,0.9166666666666666,last_token,normal,,en,ko,r1,0.560546875,1024,2048,metric,,,,
Qwen/Qwen2.5-0.5B,22,0.9166666666666666,last_token,normal,,en,ko,mrr,0.6799383635752078,1024,2048,metric,,,,
Qwen/Qwen2.5-0.5B,22,0.9166666666666666,last_token,normal,,en,ja,r1,0.693359375,1024,2048,metric,,,,
Qwen/Qwen2.5-0.5B,22,0.9166666666666666,last_token,normal,,en,ja,mrr,0.7904402941662543,1024,2048,metric,,,,
Qwen/Qwen2.5-0.5B,22,0.9166666666666666,last_token,normal,,en,zh,r1,0.861328125,1024,2048,metric,,,,
Qwen/Qwen2.5-0.5B,22,0.9166666666666666,last_token,normal,,en,zh,mrr,0.9112075188145778,1024,2048,metric,,,,
Qwen/Qwen2.5-0.5B,22,0.9166666666666666,last_token,normal,,ko,en,r1,0.259765625,1024,2048,metric,,,,
Qwen/Qwen2.5-0.5B,22,0.9166666666666666,last_token,normal,,ko,en,mrr,0.3521068451256352,1024,2048,metric,,,,
Qwen/Qwen2.5-0.5B,22,0.9166666666666666,last_token,normal,,ko,ja,r1,0.505859375,1024,2048,metric,,,,
Qwen/Qwen2.5-0.5B,22,0.9166666666666666,last_token,normal,,ko,ja,mrr,0.620130389033301,1024,2048,metric,,,,
Qwen/Qwen2.5-0.5B,22,0.9166666666666666,last_token,normal,,ko,zh,r1,0.421875,1024,2048,metric,,,,
Qwen/Qwen2.5-0.5B,22,0.9166666666666666,last_token,normal,,ko,zh,mrr,0.539308521576397,1024,2048,metric,,,,
Qwen/Qwen2.5-0.5B,22,0.9166666666666666,last_token,normal,,ja,en,r1,0.49609375,1024,2048,metric,,,,
Qwen/Qwen2.5-0.5B,22,0.9166666666666666,last_token,normal,,ja,en,mrr,0.6082637852137671,1024,2048,metric,,,,
Qwen/Qwen2.5-0.5B,22,0.9166666666666666,last_token,normal,,ja,ko,r1,0.728515625,1024,2048,metric,,,,
Qwen/Qwen2.5-0.5B,22,0.9166666666666666,last_token,normal,,ja,ko,mrr,0.7933719627882894,1024,2048,metric,,,,
Qwen/Qwen2.5-0.5B,22,0.9166666666666666,last_token,normal,,ja,zh,r1,0.732421875,1024,2048,metric,,,,
Qwen/Qwen2.5-0.5B,22,0.9166666666666666,last_token,normal,,ja,zh,mrr,0.8045451685328651,1024,2048,metric,,,,
Qwen/Qwen2.5-0.5B,22,0.9166666666666666,last_token,normal,,zh,en,r1,0.7578125,1024,2048,metric,,,,
Qwen/Qwen2.5-0.5B,22,0.9166666666666666,last_token,normal,,zh,en,mrr,0.8296961797525817,1024,2048,metric,,,,
Qwen/Qwen2.5-0.5B,22,0.9166666666666666,last_token,normal,,zh,ko,r1,0.578125,1024,2048,metric,,,,
Qwen/Qwen2.5-0.5B,22,0.9166666666666666,last_token,normal,,zh,ko,mrr,0.6887150851434244,1024,2048,metric,,,,
Qwen/Qwen2.5-0.5B,22,0.9166666666666666,last_token,normal,,zh,ja,r1,0.6640625,1024,2048,metric,,,,
Qwen/Qwen2.5-0.5B,22,0.9166666666666666,last_token,normal,,zh,ja,mrr,0.7661806546105527,1024,2048,metric,,,,
Qwen/Qwen2.5-0.5B,23,0.9583333333333334,last_token,normal,,en,ko,r1,0.171875,1024,2048,metric,,,,
Qwen/Qwen2.5-0.5B,23,0.9583333333333334,last_token,normal,,en,ko,mrr,0.27470544034983235,1024,2048,metric,,,,
Qwen/Qwen2.5-0.5B,23,0.9583333333333334,last_token,normal,,en,ja,r1,0.6796875,1024,2048,metric,,,,
Qwen/Qwen2.5-0.5B,23,0.9583333333333334,last_token,normal,,en,ja,mrr,0.7849249628049534,1024,2048,metric,,,,
Qwen/Qwen2.5-0.5B,23,0.9583333333333334,last_token,normal,,en,zh,r1,0.830078125,1024,2048,metric,,,,
Qwen/Qwen2.5-0.5B,23,0.9583333333333334,last_token,normal,,en,zh,mrr,0.8841731533151518,1024,2048,metric,,,,
Qwen/Qwen2.5-0.5B,23,0.9583333333333334,last_token,normal,,ko,en,r1,0.361328125,1024,2048,metric,,,,
Qwen/Qwen2.5-0.5B,23,0.9583333333333334,last_token,normal,,ko,en,mrr,0.46764864024332764,1024,2048,metric,,,,
Qwen/Qwen2.5-0.5B,23,0.9583333333333334,last_token,normal,,ko,ja,r1,0.5703125,1024,2048,metric,,,,
Qwen/Qwen2.5-0.5B,23,0.9583333333333334,last_token,normal,,ko,ja,mrr,0.6742021890420345,1024,2048,metric,,,,
Qwen/Qwen2.5-0.5B,23,0.9583333333333334,last_token,normal,,ko,zh,r1,0.40625,1024,2048,metric,,,,
Qwen/Qwen2.5-0.5B,23,0.9583333333333334,last_token,normal,,ko,zh,mrr,0.5188392400922022,1024,2048,metric,,,,
Qwen/Qwen2.5-0.5B,23,0.9583333333333334,last_token,normal,,ja,en,r1,0.439453125,1024,2048,metric,,,,
Qwen/Qwen2.5-0.5B,23,0.9583333333333334,last_token,normal,,ja,en,mrr,0.5679333864087015,1024,2048,metric,,,,
Qwen/Qwen2.5-0.5B,23,0.9583333333333334,last_token,normal,,ja,ko,r1,0.375,1024,2048,metric,,,,
Qwen/Qwen2.5-0.5B,23,0.9583333333333334,last_token,normal,,ja,ko,mrr,0.48381750317656025,1024,2048,metric,,,,
Qwen/Qwen2.5-0.5B,23,0.9583333333333334,last_token,normal,,ja,zh,r1,0.751953125,1024,2048,metric,,,,
Qwen/Qwen2.5-0.5B,23,0.9583333333333334,last_token,normal,,ja,zh,mrr,0.8272622997528127,1024,2048,metric,,,,
Qwen/Qwen2.5-0.5B,23,0.9583333333333334,last_token,normal,,zh,en,r1,0.703125,1024,2048,metric,,,,
Qwen/Qwen2.5-0.5B,23,0.9583333333333334,last_token,normal,,zh,en,mrr,0.7865832420330305,1024,2048,metric,,,,
Qwen/Qwen2.5-0.5B,23,0.9583333333333334,last_token,normal,,zh,ko,r1,0.212890625,1024,2048,metric,,,,
Qwen/Qwen2.5-0.5B,23,0.9583333333333334,last_token,normal,,zh,ko,mrr,0.3142987455752206,1024,2048,metric,,,,
Qwen/Qwen2.5-0.5B,23,0.9583333333333334,last_token,normal,,zh,ja,r1,0.67578125,1024,2048,metric,,,,
Qwen/Qwen2.5-0.5B,23,0.9583333333333334,last_token,normal,,zh,ja,mrr,0.7683955817491437,1024,2048,metric,,,,
Qwen/Qwen2.5-0.5B,24,1.0,last_token,normal,,en,ko,r1,0.00390625,1024,2048,metric,,,,
Qwen/Qwen2.5-0.5B,24,1.0,last_token,normal,,en,ko,mrr,0.03665829019571684,1024,2048,metric,,,,
Qwen/Qwen2.5-0.5B,24,1.0,last_token,normal,,en,ja,r1,0.029296875,1024,2048,metric,,,,
Qwen/Qwen2.5-0.5B,24,1.0,last_token,normal,,en,ja,mrr,0.07597735550845935,1024,2048,metric,,,,
Qwen/Qwen2.5-0.5B,24,1.0,last_token,normal,,en,zh,r1,0.00390625,1024,2048,metric,,,,
Qwen/Qwen2.5-0.5B,24,1.0,last_token,normal,,en,zh,mrr,0.043598689584160015,1024,2048,metric,,,,
Qwen/Qwen2.5-0.5B,24,1.0,last_token,normal,,ko,en,r1,0.005859375,1024,2048,metric,,,,
Qwen/Qwen2.5-0.5B,24,1.0,last_token,normal,,ko,en,mrr,0.057881120576703915,1024,2048,metric,,,,
Qwen/Qwen2.5-0.5B,24,1.0,last_token,normal,,ko,ja,r1,0.021484375,1024,2048,metric,,,,
Qwen/Qwen2.5-0.5B,24,1.0,last_token,normal,,ko,ja,mrr,0.061712274011326805,1024,2048,metric,,,,
Qwen/Qwen2.5-0.5B,24,1.0,last_token,normal,,ko,zh,r1,0.009765625,1024,2048,metric,,,,
Qwen/Qwen2.5-0.5B,24,1.0,last_token,normal,,ko,zh,mrr,0.040295488657775325,1024,2048,metric,,,,
Qwen/Qwen2.5-0.5B,24,1.0,last_token,normal,,ja,en,r1,0.001953125,1024,2048,metric,,,,
Qwen/Qwen2.5-0.5B,24,1.0,last_token,normal,,ja,en,mrr,0.04577168986320759,1024,2048,metric,,,,
Qwen/Qwen2.5-0.5B,24,1.0,last_token,normal,,ja,ko,r1,0.001953125,1024,2048,metric,,,,
Qwen/Qwen2.5-0.5B,24,1.0,last_token,normal,,ja,ko,mrr,0.04748493923331133,1024,2048,metric,,,,
Qwen/Qwen2.5-0.5B,24,1.0,last_token,normal,,ja,zh,r1,0.0703125,1024,2048,metric,,,,
Qwen/Qwen2.5-0.5B,24,1.0,last_token,normal,,ja,zh,mrr,0.15530407045940886,1024,2048,metric,,,,
Qwen/Qwen2.5-0.5B,24,1.0,last_token,normal,,zh,en,r1,0.017578125,1024,2048,metric,,,,
Qwen/Qwen2.5-0.5B,24,1.0,last_token,normal,,zh,en,mrr,0.09618382133483952,1024,2048,metric,,,,
Qwen/Qwen2.5-0.5B,24,1.0,last_token,normal,,zh,ko,r1,0.00390625,1024,2048,metric,,,,
Qwen/Qwen2.5-0.5B,24,1.0,last_token,normal,,zh,ko,mrr,0.08726857002188787,1024,2048,metric,,,,
Qwen/Qwen2.5-0.5B,24,1.0,last_token,normal,,zh,ja,r1,0.138671875,1024,2048,metric,,,,
Qwen/Qwen2.5-0.5B,24,1.0,last_token,normal,,zh,ja,mrr,0.26992827667504243,1024,2048,metric,,,,
Qwen/Qwen2.5-0.5B,7,0.2916666666666667,mean,normal,,en,ko,r1,0.009765625,1024,2048,metric,,,,
Qwen/Qwen2.5-0.5B,7,0.2916666666666667,mean,normal,,en,ko,mrr,0.03497657987902706,1024,2048,metric,,,,
Qwen/Qwen2.5-0.5B,7,0.2916666666666667,mean,normal,,en,ja,r1,0.044921875,1024,2048,metric,,,,
Qwen/Qwen2.5-0.5B,7,0.2916666666666667,mean,normal,,en,ja,mrr,0.08207938219050277,1024,2048,metric,,,,
Qwen/Qwen2.5-0.5B,7,0.2916666666666667,mean,normal,,en,zh,r1,0.76953125,1024,2048,metric,,,,
Qwen/Qwen2.5-0.5B,7,0.2916666666666667,mean,normal,,en,zh,mrr,0.7965135485454118,1024,2048,metric,,,,
Qwen/Qwen2.5-0.5B,7,0.2916666666666667,mean,normal,,ko,en,r1,0.556640625,1024,2048,metric,,,,
Qwen/Qwen2.5-0.5B,7,0.2916666666666667,mean,normal,,ko,en,mrr,0.6533674010556669,1024,2048,metric,,,,
Qwen/Qwen2.5-0.5B,7,0.2916666666666667,mean,normal,,ko,ja,r1,0.767578125,1024,2048,metric,,,,
Qwen/Qwen2.5-0.5B,7,0.2916666666666667,mean,normal,,ko,ja,mrr,0.8153987397740285,1024,2048,metric,,,,
Qwen/Qwen2.5-0.5B,7,0.2916666666666667,mean,normal,,ko,zh,r1,0.38671875,1024,2048,metric,,,,
Qwen/Qwen2.5-0.5B,7,0.2916666666666667,mean,normal,,ko,zh,mrr,0.48519396412416016,1024,2048,metric,,,,
Qwen/Qwen2.5-0.5B,7,0.2916666666666667,mean,normal,,ja,en,r1,0.76171875,1024,2048,metric,,,,
Qwen/Qwen2.5-0.5B,7,0.2916666666666667,mean,normal,,ja,en,mrr,0.8233614760606245,1024,2048,metric,,,,
Qwen/Qwen2.5-0.5B,7,0.2916666666666667,mean,normal,,ja,ko,r1,0.5703125,1024,2048,metric,,,,
Qwen/Qwen2.5-0.5B,7,0.2916666666666667,mean,normal,,ja,ko,mrr,0.6270584970722923,1024,2048,metric,,,,
Qwen/Qwen2.5-0.5B,7,0.2916666666666667,mean,normal,,ja,zh,r1,0.677734375,1024,2048,metric,,,,
Qwen/Qwen2.5-0.5B,7,0.2916666666666667,mean,normal,,ja,zh,mrr,0.7435792114895353,1024,2048,metric,,,,
Qwen/Qwen2.5-0.5B,7,0.2916666666666667,mean,normal,,zh,en,r1,0.837890625,1024,2048,metric,,,,
Qwen/Qwen2.5-0.5B,7,0.2916666666666667,mean,normal,,zh,en,mrr,0.8689098474323332,1024,2048,metric,,,,
Qwen/Qwen2.5-0.5B,7,0.2916666666666667,mean,normal,,zh,ko,r1,0.0390625,1024,2048,metric,,,,
Qwen/Qwen2.5-0.5B,7,0.2916666666666667,mean,normal,,zh,ko,mrr,0.07418439703464981,1024,2048,metric,,,,
Qwen/Qwen2.5-0.5B,7,0.2916666666666667,mean,normal,,zh,ja,r1,0.126953125,1024,2048,metric,,,,
Qwen/Qwen2.5-0.5B,7,0.2916666666666667,mean,normal,,zh,ja,mrr,0.1776086522545252,1024,2048,metric,,,,
Qwen/Qwen2.5-0.5B,8,0.3333333333333333,mean,normal,,en,ko,r1,0.01171875,1024,2048,metric,,,,
Qwen/Qwen2.5-0.5B,8,0.3333333333333333,mean,normal,,en,ko,mrr,0.03747563506397486,1024,2048,metric,,,,
Qwen/Qwen2.5-0.5B,8,0.3333333333333333,mean,normal,,en,ja,r1,0.048828125,1024,2048,metric,,,,
Qwen/Qwen2.5-0.5B,8,0.3333333333333333,mean,normal,,en,ja,mrr,0.0830753713252875,1024,2048,metric,,,,
Qwen/Qwen2.5-0.5B,8,0.3333333333333333,mean,normal,,en,zh,r1,0.796875,1024,2048,metric,,,,
Qwen/Qwen2.5-0.5B,8,0.3333333333333333,mean,normal,,en,zh,mrr,0.8203453655254287,1024,2048,metric,,,,
Qwen/Qwen2.5-0.5B,8,0.3333333333333333,mean,normal,,ko,en,r1,0.619140625,1024,2048,metric,,,,
Qwen/Qwen2.5-0.5B,8,0.3333333333333333,mean,normal,,ko,en,mrr,0.7173973442196582,1024,2048,metric,,,,
Qwen/Qwen2.5-0.5B,8,0.3333333333333333,mean,normal,,ko,ja,r1,0.814453125,1024,2048,metric,,,,
Qwen/Qwen2.5-0.5B,8,0.3333333333333333,mean,normal,,ko,ja,mrr,0.8524296250094137,1024,2048,metric,,,,
Qwen/Qwen2.5-0.5B,8,0.3333333333333333,mean,normal,,ko,zh,r1,0.46875,1024,2048,metric,,,,
Qwen/Qwen2.5-0.5B,8,0.3333333333333333,mean,normal,,ko,zh,mrr,0.575221008916944,1024,2048,metric,,,,
Qwen/Qwen2.5-0.5B,8,0.3333333333333333,mean,normal,,ja,en,r1,0.80859375,1024,2048,metric,,,,
Qwen/Qwen2.5-0.5B,8,0.3333333333333333,mean,normal,,ja,en,mrr,0.8581546857457741,1024,2048,metric,,,,
Qwen/Qwen2.5-0.5B,8,0.3333333333333333,mean,normal,,ja,ko,r1,0.60546875,1024,2048,metric,,,,
Qwen/Qwen2.5-0.5B,8,0.3333333333333333,mean,normal,,ja,ko,mrr,0.6575035065248573,1024,2048,metric,,,,
Qwen/Qwen2.5-0.5B,8,0.3333333333333333,mean,normal,,ja,zh,r1,0.734375,1024,2048,metric,,,,
Qwen/Qwen2.5-0.5B,8,0.3333333333333333,mean,normal,,ja,zh,mrr,0.8014957224359387,1024,2048,metric,,,,
Qwen/Qwen2.5-0.5B,8,0.3333333333333333,mean,normal,,zh,en,r1,0.85546875,1024,2048,metric,,,,
Qwen/Qwen2.5-0.5B,8,0.3333333333333333,mean,normal,,zh,en,mrr,0.8841895877964204,1024,2048,metric,,,,
Qwen/Qwen2.5-0.5B,8,0.3333333333333333,mean,normal,,zh,ko,r1,0.0390625,1024,2048,metric,,,,
Qwen/Qwen2.5-0.5B,8,0.3333333333333333,mean,normal,,zh,ko,mrr,0.07284407515719021,1024,2048,metric,,,,
Qwen/Qwen2.5-0.5B,8,0.3333333333333333,mean,normal,,zh,ja,r1,0.12890625,1024,2048,metric,,,,
Qwen/Qwen2.5-0.5B,8,0.3333333333333333,mean,normal,,zh,ja,mrr,0.17284288539002457,1024,2048,metric,,,,
Qwen/Qwen2.5-0.5B,9,0.375,mean,normal,,en,ko,r1,0.017578125,1024,2048,metric,,,,
Qwen/Qwen2.5-0.5B,9,0.375,mean,normal,,en,ko,mrr,0.04356474038847697,1024,2048,metric,,,,
Qwen/Qwen2.5-0.5B,9,0.375,mean,normal,,en,ja,r1,0.068359375,1024,2048,metric,,,,
Qwen/Qwen2.5-0.5B,9,0.375,mean,normal,,en,ja,mrr,0.10184690889206766,1024,2048,metric,,,,
Qwen/Qwen2.5-0.5B,9,0.375,mean,normal,,en,zh,r1,0.818359375,1024,2048,metric,,,,
Qwen/Qwen2.5-0.5B,9,0.375,mean,normal,,en,zh,mrr,0.839183034302194,1024,2048,metric,,,,
Qwen/Qwen2.5-0.5B,9,0.375,mean,normal,,ko,en,r1,0.66796875,1024,2048,metric,,,,
Qwen/Qwen2.5-0.5B,9,0.375,mean,normal,,ko,en,mrr,0.7505058277278935,1024,2048,metric,,,,
Qwen/Qwen2.5-0.5B,9,0.375,mean,normal,,ko,ja,r1,0.828125,1024,2048,metric,,,,
Qwen/Qwen2.5-0.5B,9,0.375,mean,normal,,ko,ja,mrr,0.8633750358817427,1024,2048,metric,,,,
Qwen/Qwen2.5-0.5B,9,0.375,mean,normal,,ko,zh,r1,0.513671875,1024,2048,metric,,,,
Qwen/Qwen2.5-0.5B,9,0.375,mean,normal,,ko,zh,mrr,0.6077550352477508,1024,2048,metric,,,,
Qwen/Qwen2.5-0.5B,9,0.375,mean,normal,,ja,en,r1,0.806640625,1024,2048,metric,,,,
Qwen/Qwen2.5-0.5B,9,0.375,mean,normal,,ja,en,mrr,0.8590737946190883,1024,2048,metric,,,,
Qwen/Qwen2.5-0.5B,9,0.375,mean,normal,,ja,ko,r1,0.646484375,1024,2048,metric,,,,
Qwen/Qwen2.5-0.5B,9,0.375,mean,normal,,ja,ko,mrr,0.6879057873635489,1024,2048,metric,,,,
Qwen/Qwen2.5-0.5B,9,0.375,mean,normal,,ja,zh,r1,0.755859375,1024,2048,metric,,,,
Qwen/Qwen2.5-0.5B,9,0.375,mean,normal,,ja,zh,mrr,0.8083868390496041,1024,2048,metric,,,,
Qwen/Qwen2.5-0.5B,9,0.375,mean,normal,,zh,en,r1,0.84765625,1024,2048,metric,,,,
Qwen/Qwen2.5-0.5B,9,0.375,mean,normal,,zh,en,mrr,0.8792145451638148,1024,2048,metric,,,,
Qwen/Qwen2.5-0.5B,9,0.375,mean,normal,,zh,ko,r1,0.04296875,1024,2048,metric,,,,
Qwen/Qwen2.5-0.5B,9,0.375,mean,normal,,zh,ko,mrr,0.08263059738816775,1024,2048,metric,,,,
Qwen/Qwen2.5-0.5B,9,0.375,mean,normal,,zh,ja,r1,0.14453125,1024,2048,metric,,,,
Qwen/Qwen2.5-0.5B,9,0.375,mean,normal,,zh,ja,mrr,0.1952160199644017,1024,2048,metric,,,,
Qwen/Qwen2.5-0.5B,10,0.4166666666666667,mean,normal,,en,ko,r1,0.015625,1024,2048,metric,,,,
Qwen/Qwen2.5-0.5B,10,0.4166666666666667,mean,normal,,en,ko,mrr,0.04615683608561462,1024,2048,metric,,,,
Qwen/Qwen2.5-0.5B,10,0.4166666666666667,mean,normal,,en,ja,r1,0.083984375,1024,2048,metric,,,,
Qwen/Qwen2.5-0.5B,10,0.4166666666666667,mean,normal,,en,ja,mrr,0.11734375048887874,1024,2048,metric,,,,
Qwen/Qwen2.5-0.5B,10,0.4166666666666667,mean,normal,,en,zh,r1,0.83203125,1024,2048,metric,,,,
Qwen/Qwen2.5-0.5B,10,0.4166666666666667,mean,normal,,en,zh,mrr,0.8507929693190418,1024,2048,metric,,,,
Qwen/Qwen2.5-0.5B,10,0.4166666666666667,mean,normal,,ko,en,r1,0.69140625,1024,2048,metric,,,,
Qwen/Qwen2.5-0.5B,10,0.4166666666666667,mean,normal,,ko,en,mrr,0.7769502250322406,1024,2048,metric,,,,
Qwen/Qwen2.5-0.5B,10,0.4166666666666667,mean,normal,,ko,ja,r1,0.841796875,1024,2048,metric,,,,
Qwen/Qwen2.5-0.5B,10,0.4166666666666667,mean,normal,,ko,ja,mrr,0.872948533722143,1024,2048,metric,,,,
Qwen/Qwen2.5-0.5B,10,0.4166666666666667,mean,normal,,ko,zh,r1,0.5390625,1024,2048,metric,,,,
Qwen/Qwen2.5-0.5B,10,0.4166666666666667,mean,normal,,ko,zh,mrr,0.6339941277026797,1024,2048,metric,,,,
Qwen/Qwen2.5-0.5B,10,0.4166666666666667,mean,normal,,ja,en,r1,0.828125,1024,2048,metric,,,,
Qwen/Qwen2.5-0.5B,10,0.4166666666666667,mean,normal,,ja,en,mrr,0.8759084271935934,1024,2048,metric,,,,
Qwen/Qwen2.5-0.5B,10,0.4166666666666667,mean,normal,,ja,ko,r1,0.65625,1024,2048,metric,,,,
Qwen/Qwen2.5-0.5B,10,0.4166666666666667,mean,normal,,ja,ko,mrr,0.6983232252088823,1024,2048,metric,,,,
Qwen/Qwen2.5-0.5B,10,0.4166666666666667,mean,normal,,ja,zh,r1,0.76953125,1024,2048,metric,,,,
Qwen/Qwen2.5-0.5B,10,0.4166666666666667,mean,normal,,ja,zh,mrr,0.8215941185750394,1024,2048,metric,,,,
Qwen/Qwen2.5-0.5B,10,0.4166666666666667,mean,normal,,zh,en,r1,0.849609375,1024,2048,metric,,,,
Qwen/Qwen2.5-0.5B,10,0.4166666666666667,mean,normal,,zh,en,mrr,0.8813906640918834,1024,2048,metric,,,,
Qwen/Qwen2.5-0.5B,10,0.4166666666666667,mean,normal,,zh,ko,r1,0.044921875,1024,2048,metric,,,,
Qwen/Qwen2.5-0.5B,10,0.4166666666666667,mean,normal,,zh,ko,mrr,0.08700295965609708,1024,2048,metric,,,,
Qwen/Qwen2.5-0.5B,10,0.4166666666666667,mean,normal,,zh,ja,r1,0.154296875,1024,2048,metric,,,,
Qwen/Qwen2.5-0.5B,10,0.4166666666666667,mean,normal,,zh,ja,mrr,0.2069787600865815,1024,2048,metric,,,,
Qwen/Qwen2.5-0.5B,11,0.4583333333333333,mean,normal,,en,ko,r1,0.02734375,1024,2048,metric,,,,
Qwen/Qwen2.5-0.5B,11,0.4583333333333333,mean,normal,,en,ko,mrr,0.05509714436465155,1024,2048,metric,,,,
Qwen/Qwen2.5-0.5B,11,0.4583333333333333,mean,normal,,en,ja,r1,0.091796875,1024,2048,metric,,,,
Qwen/Qwen2.5-0.5B,11,0.4583333333333333,mean,normal,,en,ja,mrr,0.12953096085400045,1024,2048,metric,,,,
Qwen/Qwen2.5-0.5B,11,0.4583333333333333,mean,normal,,en,zh,r1,0.841796875,1024,2048,metric,,,,
Qwen/Qwen2.5-0.5B,11,0.4583333333333333,mean,normal,,en,zh,mrr,0.8596915202384848,1024,2048,metric,,,,
Qwen/Qwen2.5-0.5B,11,0.4583333333333333,mean,normal,,ko,en,r1,0.673828125,1024,2048,metric,,,,
Qwen/Qwen2.5-0.5B,11,0.4583333333333333,mean,normal,,ko,en,mrr,0.7575121866347747,1024,2048,metric,,,,
Qwen/Qwen2.5-0.5B,11,0.4583333333333333,mean,normal,,ko,ja,r1,0.849609375,1024,2048,metric,,,,
Qwen/Qwen2.5-0.5B,11,0.4583333333333333,mean,normal,,ko,ja,mrr,0.8822133663889825,1024,2048,metric,,,,
Qwen/Qwen2.5-0.5B,11,0.4583333333333333,mean,normal,,ko,zh,r1,0.50390625,1024,2048,metric,,,,
Qwen/Qwen2.5-0.5B,11,0.4583333333333333,mean,normal,,ko,zh,mrr,0.597229904511039,1024,2048,metric,,,,
Qwen/Qwen2.5-0.5B,11,0.4583333333333333,mean,normal,,ja,en,r1,0.826171875,1024,2048,metric,,,,
Qwen/Qwen2.5-0.5B,11,0.4583333333333333,mean,normal,,ja,en,mrr,0.8703478354752209,1024,2048,metric,,,,
Qwen/Qwen2.5-0.5B,11,0.4583333333333333,mean,normal,,ja,ko,r1,0.671875,1024,2048,metric,,,,
Qwen/Qwen2.5-0.5B,11,0.4583333333333333,mean,normal,,ja,ko,mrr,0.7147224287242808,1024,2048,metric,,,,
Qwen/Qwen2.5-0.5B,11,0.4583333333333333,mean,normal,,ja,zh,r1,0.740234375,1024,2048,metric,,,,
Qwen/Qwen2.5-0.5B,11,0.4583333333333333,mean,normal,,ja,zh,mrr,0.7937117850834188,1024,2048,metric,,,,
Qwen/Qwen2.5-0.5B,11,0.4583333333333333,mean,normal,,zh,en,r1,0.83984375,1024,2048,metric,,,,
Qwen/Qwen2.5-0.5B,11,0.4583333333333333,mean,normal,,zh,en,mrr,0.8718307376807525,1024,2048,metric,,,,
Qwen/Qwen2.5-0.5B,11,0.4583333333333333,mean,normal,,zh,ko,r1,0.05859375,1024,2048,metric,,,,
Qwen/Qwen2.5-0.5B,11,0.4583333333333333,mean,normal,,zh,ko,mrr,0.09867716465553371,1024,2048,metric,,,,
Qwen/Qwen2.5-0.5B,11,0.4583333333333333,mean,normal,,zh,ja,r1,0.166015625,1024,2048,metric,,,,
Qwen/Qwen2.5-0.5B,11,0.4583333333333333,mean,normal,,zh,ja,mrr,0.21861839999431903,1024,2048,metric,,,,
Qwen/Qwen2.5-0.5B,12,0.5,mean,normal,,en,ko,r1,0.0234375,1024,2048,metric,,,,
Qwen/Qwen2.5-0.5B,12,0.5,mean,normal,,en,ko,mrr,0.0508828096637447,1024,2048,metric,,,,
Qwen/Qwen2.5-0.5B,12,0.5,mean,normal,,en,ja,r1,0.078125,1024,2048,metric,,,,
Qwen/Qwen2.5-0.5B,12,0.5,mean,normal,,en,ja,mrr,0.11575917609576777,1024,2048,metric,,,,
Qwen/Qwen2.5-0.5B,12,0.5,mean,normal,,en,zh,r1,0.830078125,1024,2048,metric,,,,
Qwen/Qwen2.5-0.5B,12,0.5,mean,normal,,en,zh,mrr,0.8511693038379713,1024,2048,metric,,,,
Qwen/Qwen2.5-0.5B,12,0.5,mean,normal,,ko,en,r1,0.701171875,1024,2048,metric,,,,
Qwen/Qwen2.5-0.5B,12,0.5,mean,normal,,ko,en,mrr,0.782115093056638,1024,2048,metric,,,,
Qwen/Qwen2.5-0.5B,12,0.5,mean,normal,,ko,ja,r1,0.849609375,1024,2048,metric,,,,
Qwen/Qwen2.5-0.5B,12,0.5,mean,normal,,ko,ja,mrr,0.8800585428833605,1024,2048,metric,,,,
Qwen/Qwen2.5-0.5B,12,0.5,mean,normal,,ko,zh,r1,0.53125,1024,2048,metric,,,,
Qwen/Qwen2.5-0.5B,12,0.5,mean,normal,,ko,zh,mrr,0.6264525046272922,1024,2048,metric,,,,
Qwen/Qwen2.5-0.5B,12,0.5,mean,normal,,ja,en,r1,0.8359375,1024,2048,metric,,,,
Qwen/Qwen2.5-0.5B,12,0.5,mean,normal,,ja,en,mrr,0.8804788448976935,1024,2048,metric,,,,
Qwen/Qwen2.5-0.5B,12,0.5,mean,normal,,ja,ko,r1,0.669921875,1024,2048,metric,,,,
Qwen/Qwen2.5-0.5B,12,0.5,mean,normal,,ja,ko,mrr,0.7104722717881338,1024,2048,metric,,,,
Qwen/Qwen2.5-0.5B,12,0.5,mean,normal,,ja,zh,r1,0.763671875,1024,2048,metric,,,,
Qwen/Qwen2.5-0.5B,12,0.5,mean,normal,,ja,zh,mrr,0.8168173821258969,1024,2048,metric,,,,
Qwen/Qwen2.5-0.5B,12,0.5,mean,normal,,zh,en,r1,0.83984375,1024,2048,metric,,,,
Qwen/Qwen2.5-0.5B,12,0.5,mean,normal,,zh,en,mrr,0.871923549110498,1024,2048,metric,,,,
Qwen/Qwen2.5-0.5B,12,0.5,mean,normal,,zh,ko,r1,0.05078125,1024,2048,metric,,,,
Qwen/Qwen2.5-0.5B,12,0.5,mean,normal,,zh,ko,mrr,0.09249065400883143,1024,2048,metric,,,,
Qwen/Qwen2.5-0.5B,12,0.5,mean,normal,,zh,ja,r1,0.154296875,1024,2048,metric,,,,
Qwen/Qwen2.5-0.5B,12,0.5,mean,normal,,zh,ja,mrr,0.20698564703211747,1024,2048,metric,,,,
Qwen/Qwen2.5-0.5B,13,0.5416666666666666,mean,normal,,en,ko,r1,0.025390625,1024,2048,metric,,,,
Qwen/Qwen2.5-0.5B,13,0.5416666666666666,mean,normal,,en,ko,mrr,0.052461396514332154,1024,2048,metric,,,,
Qwen/Qwen2.5-0.5B,13,0.5416666666666666,mean,normal,,en,ja,r1,0.07421875,1024,2048,metric,,,,
Qwen/Qwen2.5-0.5B,13,0.5416666666666666,mean,normal,,en,ja,mrr,0.11431910621879256,1024,2048,metric,,,,
Qwen/Qwen2.5-0.5B,13,0.5416666666666666,mean,normal,,en,zh,r1,0.828125,1024,2048,metric,,,,
Qwen/Qwen2.5-0.5B,13,0.5416666666666666,mean,normal,,en,zh,mrr,0.8491529860336615,1024,2048,metric,,,,
Qwen/Qwen2.5-0.5B,13,0.5416666666666666,mean,normal,,ko,en,r1,0.693359375,1024,2048,metric,,,,
Qwen/Qwen2.5-0.5B,13,0.5416666666666666,mean,normal,,ko,en,mrr,0.7776502296517174,1024,2048,metric,,,,
Qwen/Qwen2.5-0.5B,13,0.5416666666666666,mean,normal,,ko,ja,r1,0.841796875,1024,2048,metric,,,,
Qwen/Qwen2.5-0.5B,13,0.5416666666666666,mean,normal,,ko,ja,mrr,0.8752210622037996,1024,2048,metric,,,,
Qwen/Qwen2.5-0.5B,13,0.5416666666666666,mean,normal,,ko,zh,r1,0.53125,1024,2048,metric,,,,
Qwen/Qwen2.5-0.5B,13,0.5416666666666666,mean,normal,,ko,zh,mrr,0.6238532438463973,1024,2048,metric,,,,
Qwen/Qwen2.5-0.5B,13,0.5416666666666666,mean,normal,,ja,en,r1,0.814453125,1024,2048,metric,,,,
Qwen/Qwen2.5-0.5B,13,0.5416666666666666,mean,normal,,ja,en,mrr,0.8649739440463158,1024,2048,metric,,,,
Qwen/Qwen2.5-0.5B,13,0.5416666666666666,mean,normal,,ja,ko,r1,0.677734375,1024,2048,metric,,,,
Qwen/Qwen2.5-0.5B,13,0.5416666666666666,mean,normal,,ja,ko,mrr,0.721207243410839,1024,2048,metric,,,,
Qwen/Qwen2.5-0.5B,13,0.5416666666666666,mean,normal,,ja,zh,r1,0.7421875,1024,2048,metric,,,,
Qwen/Qwen2.5-0.5B,13,0.5416666666666666,mean,normal,,ja,zh,mrr,0.7970034343003886,1024,2048,metric,,,,
Qwen/Qwen2.5-0.5B,13,0.5416666666666666,mean,normal,,zh,en,r1,0.8359375,1024,2048,metric,,,,
Qwen/Qwen2.5-0.5B,13,0.5416666666666666,mean,normal,,zh,en,mrr,0.8672730861756146,1024,2048,metric,,,,
Qwen/Qwen2.5-0.5B,13,0.5416666666666666,mean,normal,,zh,ko,r1,0.056640625,1024,2048,metric,,,,
Qwen/Qwen2.5-0.5B,13,0.5416666666666666,mean,normal,,zh,ko,mrr,0.09799855652511477,1024,2048,metric,,,,
Qwen/Qwen2.5-0.5B,13,0.5416666666666666,mean,normal,,zh,ja,r1,0.142578125,1024,2048,metric,,,,
Qwen/Qwen2.5-0.5B,13,0.5416666666666666,mean,normal,,zh,ja,mrr,0.1995433557260825,1024,2048,metric,,,,
Qwen/Qwen2.5-0.5B,14,0.5833333333333334,mean,normal,,en,ko,r1,0.0234375,1024,2048,metric,,,,
Qwen/Qwen2.5-0.5B,14,0.5833333333333334,mean,normal,,en,ko,mrr,0.050285439446041386,1024,2048,metric,,,,
Qwen/Qwen2.5-0.5B,14,0.5833333333333334,mean,normal,,en,ja,r1,0.0703125,1024,2048,metric,,,,
Qwen/Qwen2.5-0.5B,14,0.5833333333333334,mean,normal,,en,ja,mrr,0.11078207922280561,1024,2048,metric,,,,
Qwen/Qwen2.5-0.5B,14,0.5833333333333334,mean,normal,,en,zh,r1,0.82421875,1024,2048,metric,,,,
Qwen/Qwen2.5-0.5B,14,0.5833333333333334,mean,normal,,en,zh,mrr,0.849369742340425,1024,2048,metric,,,,
Qwen/Qwen2.5-0.5B,14,0.5833333333333334,mean,normal,,ko,en,r1,0.6875,1024,2048,metric,,,,
Qwen/Qwen2.5-0.5B,14,0.5833333333333334,mean,normal,,ko,en,mrr,0.7711483791732832,1024,2048,metric,,,,
Qwen/Qwen2.5-0.5B,14,0.5833333333333334,mean,normal,,ko,ja,r1,0.8359375,1024,2048,metric,,,,
Qwen/Qwen2.5-0.5B,14,0.5833333333333334,mean,normal,,ko,ja,mrr,0.8726722737045668,1024,2048,metric,,,,
Qwen/Qwen2.5-0.5B,14,0.5833333333333334,mean,normal,,ko,zh,r1,0.49609375,1024,2048,metric,,,,
Qwen/Qwen2.5-0.5B,14,0.5833333333333334,mean,normal,,ko,zh,mrr,0.589652974313059,1024,2048,metric,,,,
Qwen/Qwen2.5-0.5B,14,0.5833333333333334,mean,normal,,ja,en,r1,0.8046875,1024,2048,metric,,,,
Qwen/Qwen2.5-0.5B,14,0.5833333333333334,mean,normal,,ja,en,mrr,0.8569615799451475,1024,2048,metric,,,,
Qwen/Qwen2.5-0.5B,14,0.5833333333333334,mean,normal,,ja,ko,r1,0.671875,1024,2048,metric,,,,
Qwen/Qwen2.5-0.5B,14,0.5833333333333334,mean,normal,,ja,ko,mrr,0.7188135558475628,1024,2048,metric,,,,
Qwen/Qwen2.5-0.5B,14,0.5833333333333334,mean,normal,,ja,zh,r1,0.708984375,1024,2048,metric,,,,
Qwen/Qwen2.5-0.5B,14,0.5833333333333334,mean,normal,,ja,zh,mrr,0.7692231476931489,1024,2048,metric,,,,
Qwen/Qwen2.5-0.5B,14,0.5833333333333334,mean,normal,,zh,en,r1,0.828125,1024,2048,metric,,,,
Qwen/Qwen2.5-0.5B,14,0.5833333333333334,mean,normal,,zh,en,mrr,0.8613106316871955,1024,2048,metric,,,,
Qwen/Qwen2.5-0.5B,14,0.5833333333333334,mean,normal,,zh,ko,r1,0.05859375,1024,2048,metric,,,,
Qwen/Qwen2.5-0.5B,14,0.5833333333333334,mean,normal,,zh,ko,mrr,0.09878986750181157,1024,2048,metric,,,,
Qwen/Qwen2.5-0.5B,14,0.5833333333333334,mean,normal,,zh,ja,r1,0.138671875,1024,2048,metric,,,,
Qwen/Qwen2.5-0.5B,14,0.5833333333333334,mean,normal,,zh,ja,mrr,0.19340323756944594,1024,2048,metric,,,,
Qwen/Qwen2.5-0.5B,15,0.625,mean,normal,,en,ko,r1,0.033203125,1024,2048,metric,,,,
Qwen/Qwen2.5-0.5B,15,0.625,mean,normal,,en,ko,mrr,0.06473522378294472,1024,2048,metric,,,,
Qwen/Qwen2.5-0.5B,15,0.625,mean,normal,,en,ja,r1,0.12109375,1024,2048,metric,,,,
Qwen/Qwen2.5-0.5B,15,0.625,mean,normal,,en,ja,mrr,0.16831824420844999,1024,2048,metric,,,,
Qwen/Qwen2.5-0.5B,15,0.625,mean,normal,,en,zh,r1,0.85546875,1024,2048,metric,,,,
Qwen/Qwen2.5-0.5B,15,0.625,mean,normal,,en,zh,mrr,0.8769004627253464,1024,2048,metric,,,,
Qwen/Qwen2.5-0.5B,15,0.625,mean,normal,,ko,en,r1,0.78515625,1024,2048,metric,,,,
Qwen/Qwen2.5-0.5B,15,0.625,mean,normal,,ko,en,mrr,0.8472515117433979,1024,2048,metric,,,,
Qwen/Qwen2.5-0.5B,15,0.625,mean,normal,,ko,ja,r1,0.87109375,1024,2048,metric,,,,
Qwen/Qwen2.5-0.5B,15,0.625,mean,normal,,ko,ja,mrr,0.8988297222499166,1024,2048,metric,,,,
Qwen/Qwen2.5-0.5B,15,0.625,mean,normal,,ko,zh,r1,0.625,1024,2048,metric,,,,
Qwen/Qwen2.5-0.5B,15,0.625,mean,normal,,ko,zh,mrr,0.708865460892852,1024,2048,metric,,,,
Qwen/Qwen2.5-0.5B,15,0.625,mean,normal,,ja,en,r1,0.86328125,1024,2048,metric,,,,
Qwen/Qwen2.5-0.5B,15,0.625,mean,normal,,ja,en,mrr,0.9054915477974187,1024,2048,metric,,,,
Qwen/Qwen2.5-0.5B,15,0.625,mean,normal,,ja,ko,r1,0.740234375,1024,2048,metric,,,,
Qwen/Qwen2.5-0.5B,15,0.625,mean,normal,,ja,ko,mrr,0.7822053547448014,1024,2048,metric,,,,
Qwen/Qwen2.5-0.5B,15,0.625,mean,normal,,ja,zh,r1,0.810546875,1024,2048,metric,,,,
Qwen/Qwen2.5-0.5B,15,0.625,mean,normal,,ja,zh,mrr,0.8573254755854988,1024,2048,metric,,,,
Qwen/Qwen2.5-0.5B,15,0.625,mean,normal,,zh,en,r1,0.869140625,1024,2048,metric,,,,
Qwen/Qwen2.5-0.5B,15,0.625,mean,normal,,zh,en,mrr,0.8974429192416356,1024,2048,metric,,,,
Qwen/Qwen2.5-0.5B,15,0.625,mean,normal,,zh,ko,r1,0.080078125,1024,2048,metric,,,,
Qwen/Qwen2.5-0.5B,15,0.625,mean,normal,,zh,ko,mrr,0.12734793078258388,1024,2048,metric,,,,
Qwen/Qwen2.5-0.5B,15,0.625,mean,normal,,zh,ja,r1,0.21484375,1024,2048,metric,,,,
Qwen/Qwen2.5-0.5B,15,0.625,mean,normal,,zh,ja,mrr,0.27308038279260893,1024,2048,metric,,,,
Qwen/Qwen2.5-0.5B,16,0.6666666666666666,mean,normal,,en,ko,r1,0.033203125,1024,2048,metric,,,,
Qwen/Qwen2.5-0.5B,16,0.6666666666666666,mean,normal,,en,ko,mrr,0.059699120371757265,1024,2048,metric,,,,
Qwen/Qwen2.5-0.5B,16,0.6666666666666666,mean,normal,,en,ja,r1,0.10546875,1024,2048,metric,,,,
Qwen/Qwen2.5-0.5B,16,0.6666666666666666,mean,normal,,en,ja,mrr,0.152934970580562,1024,2048,metric,,,,
Qwen/Qwen2.5-0.5B,16,0.6666666666666666,mean,normal,,en,zh,r1,0.83203125,1024,2048,metric,,,,
Qwen/Qwen2.5-0.5B,16,0.6666666666666666,mean,normal,,en,zh,mrr,0.8593379441715165,1024,2048,metric,,,,
Qwen/Qwen2.5-0.5B,16,0.6666666666666666,mean,normal,,ko,en,r1,0.564453125,1024,2048,metric,,,,
Qwen/Qwen2.5-0.5B,16,0.6666666666666666,mean,normal,,ko,en,mrr,0.6681479386483392,1024,2048,metric,,,,
Qwen/Qwen2.5-0.5B,16,0.6666666666666666,mean,normal,,ko,ja,r1,0.810546875,1024,2048,metric,,,,
Qwen/Qwen2.5-0.5B,16,0.6666666666666666,mean,normal,,ko,ja,mrr,0.85469413890977,1024,2048,metric,,,,
Qwen/Qwen2.5-0.5B,16,0.6666666666666666,mean,normal,,ko,zh,r1,0.458984375,1024,2048,metric,,,,
Qwen/Qwen2.5-0.5B,16,0.6666666666666666,mean,normal,,ko,zh,mrr,0.542992624063233,1024,2048,metric,,,,
Qwen/Qwen2.5-0.5B,16,0.6666666666666666,mean,normal,,ja,en,r1,0.744140625,1024,2048,metric,,,,
Qwen/Qwen2.5-0.5B,16,0.6666666666666666,mean,normal,,ja,en,mrr,0.8109675753903067,1024,2048,metric,,,,
Qwen/Qwen2.5-0.5B,16,0.6666666666666666,mean,normal,,ja,ko,r1,0.69921875,1024,2048,metric,,,,
Qwen/Qwen2.5-0.5B,16,0.6666666666666666,mean,normal,,ja,ko,mrr,0.7408300342621104,1024,2048,metric,,,,
Qwen/Qwen2.5-0.5B,16,0.6666666666666666,mean,normal,,ja,zh,r1,0.685546875,1024,2048,metric,,,,
Qwen/Qwen2.5-0.5B,16,0.6666666666666666,mean,normal,,ja,zh,mrr,0.7499738293787364,1024,2048,metric,,,,
Qwen/Qwen2.5-0.5B,16,0.6666666666666666,mean,normal,,zh,en,r1,0.826171875,1024,2048,metric,,,,
Qwen/Qwen2.5-0.5B,16,0.6666666666666666,mean,normal,,zh,en,mrr,0.8630478711819152,1024,2048,metric,,,,
Qwen/Qwen2.5-0.5B,16,0.6666666666666666,mean,normal,,zh,ko,r1,0.08203125,1024,2048,metric,,,,
Qwen/Qwen2.5-0.5B,16,0.6666666666666666,mean,normal,,zh,ko,mrr,0.12187181366681654,1024,2048,metric,,,,
Qwen/Qwen2.5-0.5B,16,0.6666666666666666,mean,normal,,zh,ja,r1,0.19921875,1024,2048,metric,,,,
Qwen/Qwen2.5-0.5B,16,0.6666666666666666,mean,normal,,zh,ja,mrr,0.2517998975450978,1024,2048,metric,,,,
Qwen/Qwen2.5-0.5B,17,0.7083333333333334,mean,normal,,en,ko,r1,0.04296875,1024,2048,metric,,,,
Qwen/Qwen2.5-0.5B,17,0.7083333333333334,mean,normal,,en,ko,mrr,0.07801542009282258,1024,2048,metric,,,,
Qwen/Qwen2.5-0.5B,17,0.7083333333333334,mean,normal,,en,ja,r1,0.123046875,1024,2048,metric,,,,
Qwen/Qwen2.5-0.5B,17,0.7083333333333334,mean,normal,,en,ja,mrr,0.1775391309316561,1024,2048,metric,,,,
Qwen/Qwen2.5-0.5B,17,0.7083333333333334,mean,normal,,en,zh,r1,0.828125,1024,2048,metric,,,,
Qwen/Qwen2.5-0.5B,17,0.7083333333333334,mean,normal,,en,zh,mrr,0.8551052099819564,1024,2048,metric,,,,
Qwen/Qwen2.5-0.5B,17,0.7083333333333334,mean,normal,,ko,en,r1,0.740234375,1024,2048,metric,,,,
Qwen/Qwen2.5-0.5B,17,0.7083333333333334,mean,normal,,ko,en,mrr,0.8114988507563875,1024,2048,metric,,,,
Qwen/Qwen2.5-0.5B,17,0.7083333333333334,mean,normal,,ko,ja,r1,0.8515625,1024,2048,metric,,,,
Qwen/Qwen2.5-0.5B,17,0.7083333333333334,mean,normal,,ko,ja,mrr,0.8843544157343798,1024,2048,metric,,,,
Qwen/Qwen2.5-0.5B,17,0.7083333333333334,mean,normal,,ko,zh,r1,0.64453125,1024,2048,metric,,,,
Qwen/Qwen2.5-0.5B,17,0.7083333333333334,mean,normal,,ko,zh,mrr,0.7144217642456836,1024,2048,metric,,,,
Qwen/Qwen2.5-0.5B,17,0.7083333333333334,mean,normal,,ja,en,r1,0.837890625,1024,2048,metric,,,,
Qwen/Qwen2.5-0.5B,17,0.7083333333333334,mean,normal,,ja,en,mrr,0.8836091843179065,1024,2048,metric,,,,
Qwen/Qwen2.5-0.5B,17,0.7083333333333334,mean,normal,,ja,ko,r1,0.69140625,1024,2048,metric,,,,
Qwen/Qwen2.5-0.5B,17,0.7083333333333334,mean,normal,,ja,ko,mrr,0.7472139845640042,1024,2048,metric,,,,
Qwen/Qwen2.5-0.5B,17,0.7083333333333334,mean,normal,,ja,zh,r1,0.806640625,1024,2048,metric,,,,
Qwen/Qwen2.5-0.5B,17,0.7083333333333334,mean,normal,,ja,zh,mrr,0.8492758171862986,1024,2048,metric,,,,
Qwen/Qwen2.5-0.5B,17,0.7083333333333334,mean,normal,,zh,en,r1,0.81640625,1024,2048,metric,,,,
Qwen/Qwen2.5-0.5B,17,0.7083333333333334,mean,normal,,zh,en,mrr,0.8536644975259131,1024,2048,metric,,,,
Qwen/Qwen2.5-0.5B,17,0.7083333333333334,mean,normal,,zh,ko,r1,0.095703125,1024,2048,metric,,,,
Qwen/Qwen2.5-0.5B,17,0.7083333333333334,mean,normal,,zh,ko,mrr,0.1420380838088605,1024,2048,metric,,,,
Qwen/Qwen2.5-0.5B,17,0.7083333333333334,mean,normal,,zh,ja,r1,0.216796875,1024,2048,metric,,,,
Qwen/Qwen2.5-0.5B,17,0.7083333333333334,mean,normal,,zh,ja,mrr,0.2834311380366721,1024,2048,metric,,,,
Qwen/Qwen2.5-0.5B,18,0.75,mean,normal,,en,ko,r1,0.009765625,1024,2048,metric,,,,
Qwen/Qwen2.5-0.5B,18,0.75,mean,normal,,en,ko,mrr,0.03470549008314387,1024,2048,metric,,,,
Qwen/Qwen2.5-0.5B,18,0.75,mean,normal,,en,ja,r1,0.017578125,1024,2048,metric,,,,
Qwen/Qwen2.5-0.5B,18,0.75,mean,normal,,en,ja,mrr,0.05133757090251209,1024,2048,metric,,,,
Qwen/Qwen2.5-0.5B,18,0.75,mean,normal,,en,zh,r1,0.72265625,1024,2048,metric,,,,
Qwen/Qwen2.5-0.5B,18,0.75,mean,normal,,en,zh,mrr,0.7618803437452337,1024,2048,metric,,,,
Qwen/Qwen2.5-0.5B,18,0.75,mean,normal,,ko,en,r1,0.64453125,1024,2048,metric,,,,
Qwen/Qwen2.5-0.5B,18,0.75,mean,normal,,ko,en,mrr,0.7261048621130295,1024,2048,metric,,,,
Qwen/Qwen2.5-0.5B,18,0.75,mean,normal,,ko,ja,r1,0.814453125,1024,2048,metric,,,,
Qwen/Qwen2.5-0.5B,18,0.75,mean,normal,,ko,ja,mrr,0.8481852216868854,1024,2048,metric,,,,
Qwen/Qwen2.5-0.5B,18,0.75,mean,normal,,ko,zh,r1,0.5546875,1024,2048,metric,,,,
Qwen/Qwen2.5-0.5B,18,0.75,mean,normal,,ko,zh,mrr,0.6464713930995172,1024,2048,metric,,,,
Qwen/Qwen2.5-0.5B,18,0.75,mean,normal,,ja,en,r1,0.74609375,1024,2048,metric,,,,
Qwen/Qwen2.5-0.5B,18,0.75,mean,normal,,ja,en,mrr,0.8111542356207238,1024,2048,metric,,,,
Qwen/Qwen2.5-0.5B,18,0.75,mean,normal,,ja,ko,r1,0.65234375,1024,2048,metric,,,,
Qwen/Qwen2.5-0.5B,18,0.75,mean,normal,,ja,ko,mrr,0.708910459793495,1024,2048,metric,,,,
Qwen/Qwen2.5-0.5B,18,0.75,mean,normal,,ja,zh,r1,0.70703125,1024,2048,metric,,,,
Qwen/Qwen2.5-0.5B,18,0.75,mean,normal,,ja,zh,mrr,0.7737682237539161,1024,2048,metric,,,,
Qwen/Qwen2.5-0.5B,18,0.75,mean,normal,,zh,en,r1,0.7890625,1024,2048,metric,,,,
Qwen/Qwen2.5-0.5B,18,0.75,mean,normal,,zh,en,mrr,0.8281836578652914,1024,2048,metric,,,,
Qwen/Qwen2.5-0.5B,18,0.75,mean,normal,,zh,ko,r1,0.041015625,1024,2048,metric,,,,
Qwen/Qwen2.5-0.5B,18,0.75,mean,normal,,zh,ko,mrr,0.07451879596981015,1024,2048,metric,,,,
Qwen/Qwen2.5-0.5B,18,0.75,mean,normal,,zh,ja,r1,0.0625,1024,2048,metric,,,,
Qwen/Qwen2.5-0.5B,18,0.75,mean,normal,,zh,ja,mrr,0.10479030823828438,1024,2048,metric,,,,
Qwen/Qwen2.5-0.5B,19,0.7916666666666666,mean,normal,,en,ko,r1,0.005859375,1024,2048,metric,,,,
Qwen/Qwen2.5-0.5B,19,0.7916666666666666,mean,normal,,en,ko,mrr,0.030761666994421913,1024,2048,metric,,,,
Qwen/Qwen2.5-0.5B,19,0.7916666666666666,mean,normal,,en,ja,r1,0.0234375,1024,2048,metric,,,,
Qwen/Qwen2.5-0.5B,19,0.7916666666666666,mean,normal,,en,ja,mrr,0.054688857173297654,1024,2048,metric,,,,
Qwen/Qwen2.5-0.5B,19,0.7916666666666666,mean,normal,,en,zh,r1,0.73828125,1024,2048,metric,,,,
Qwen/Qwen2.5-0.5B,19,0.7916666666666666,mean,normal,,en,zh,mrr,0.77309611296378,1024,2048,metric,,,,
Qwen/Qwen2.5-0.5B,19,0.7916666666666666,mean,normal,,ko,en,r1,0.6953125,1024,2048,metric,,,,
Qwen/Qwen2.5-0.5B,19,0.7916666666666666,mean,normal,,ko,en,mrr,0.7696814540820489,1024,2048,metric,,,,
Qwen/Qwen2.5-0.5B,19,0.7916666666666666,mean,normal,,ko,ja,r1,0.73046875,1024,2048,metric,,,,
Qwen/Qwen2.5-0.5B,19,0.7916666666666666,mean,normal,,ko,ja,mrr,0.7820174454998647,1024,2048,metric,,,,
Qwen/Qwen2.5-0.5B,19,0.7916666666666666,mean,normal,,ko,zh,r1,0.669921875,1024,2048,metric,,,,
Qwen/Qwen2.5-0.5B,19,0.7916666666666666,mean,normal,,ko,zh,mrr,0.7498118813956238,1024,2048,metric,,,,
Qwen/Qwen2.5-0.5B,19,0.7916666666666666,mean,normal,,ja,en,r1,0.73046875,1024,2048,metric,,,,
Qwen/Qwen2.5-0.5B,19,0.7916666666666666,mean,normal,,ja,en,mrr,0.8009369741693827,1024,2048,metric,,,,
Qwen/Qwen2.5-0.5B,19,0.7916666666666666,mean,normal,,ja,ko,r1,0.53125,1024,2048,metric,,,,
Qwen/Qwen2.5-0.5B,19,0.7916666666666666,mean,normal,,ja,ko,mrr,0.6142916398384912,1024,2048,metric,,,,
Qwen/Qwen2.5-0.5B,19,0.7916666666666666,mean,normal,,ja,zh,r1,0.744140625,1024,2048,metric,,,,
Qwen/Qwen2.5-0.5B,19,0.7916666666666666,mean,normal,,ja,zh,mrr,0.8065863608978658,1024,2048,metric,,,,
Qwen/Qwen2.5-0.5B,19,0.7916666666666666,mean,normal,,zh,en,r1,0.82421875,1024,2048,metric,,,,
Qwen/Qwen2.5-0.5B,19,0.7916666666666666,mean,normal,,zh,en,mrr,0.8597292418848268,1024,2048,metric,,,,
Qwen/Qwen2.5-0.5B,19,0.7916666666666666,mean,normal,,zh,ko,r1,0.03125,1024,2048,metric,,,,
Qwen/Qwen2.5-0.5B,19,0.7916666666666666,mean,normal,,zh,ko,mrr,0.06184509733702845,1024,2048,metric,,,,
Qwen/Qwen2.5-0.5B,19,0.7916666666666666,mean,normal,,zh,ja,r1,0.0625,1024,2048,metric,,,,
Qwen/Qwen2.5-0.5B,19,0.7916666666666666,mean,normal,,zh,ja,mrr,0.10694419792080702,1024,2048,metric,,,,
Qwen/Qwen2.5-0.5B,20,0.8333333333333334,mean,normal,,en,ko,r1,0.005859375,1024,2048,metric,,,,
Qwen/Qwen2.5-0.5B,20,0.8333333333333334,mean,normal,,en,ko,mrr,0.02743321356654098,1024,2048,metric,,,,
Qwen/Qwen2.5-0.5B,20,0.8333333333333334,mean,normal,,en,ja,r1,0.029296875,1024,2048,metric,,,,
Qwen/Qwen2.5-0.5B,20,0.8333333333333334,mean,normal,,en,ja,mrr,0.06044354739188307,1024,2048,metric,,,,
Qwen/Qwen2.5-0.5B,20,0.8333333333333334,mean,normal,,en,zh,r1,0.73828125,1024,2048,metric,,,,
Qwen/Qwen2.5-0.5B,20,0.8333333333333334,mean,normal,,en,zh,mrr,0.7786517652033365,1024,2048,metric,,,,
Qwen/Qwen2.5-0.5B,20,0.8333333333333334,mean,normal,,ko,en,r1,0.619140625,1024,2048,metric,,,,
Qwen/Qwen2.5-0.5B,20,0.8333333333333334,mean,normal,,ko,en,mrr,0.7056695831801405,1024,2048,metric,,,,
Qwen/Qwen2.5-0.5B,20,0.8333333333333334,mean,normal,,ko,ja,r1,0.744140625,1024,2048,metric,,,,
Qwen/Qwen2.5-0.5B,20,0.8333333333333334,mean,normal,,ko,ja,mrr,0.7986883257375915,1024,2048,metric,,,,
Qwen/Qwen2.5-0.5B,20,0.8333333333333334,mean,normal,,ko,zh,r1,0.603515625,1024,2048,metric,,,,
Qwen/Qwen2.5-0.5B,20,0.8333333333333334,mean,normal,,ko,zh,mrr,0.7019249447510172,1024,2048,metric,,,,
Qwen/Qwen2.5-0.5B,20,0.8333333333333334,mean,normal,,ja,en,r1,0.685546875,1024,2048,metric,,,,
Qwen/Qwen2.5-0.5B,20,0.8333333333333334,mean,normal,,ja,en,mrr,0.7590191796279677,1024,2048,metric,,,,
Qwen/Qwen2.5-0.5B,20,0.8333333333333334,mean,normal,,ja,ko,r1,0.392578125,1024,2048,metric,,,,
Qwen/Qwen2.5-0.5B,20,0.8333333333333334,mean,normal,,ja,ko,mrr,0.47896386473538705,1024,2048,metric,,,,
Qwen/Qwen2.5-0.5B,20,0.8333333333333334,mean,normal,,ja,zh,r1,0.693359375,1024,2048,metric,,,,
Qwen/Qwen2.5-0.5B,20,0.8333333333333334,mean,normal,,ja,zh,mrr,0.7564759471642161,1024,2048,metric,,,,
Qwen/Qwen2.5-0.5B,20,0.8333333333333334,mean,normal,,zh,en,r1,0.845703125,1024,2048,metric,,,,
Qwen/Qwen2.5-0.5B,20,0.8333333333333334,mean,normal,,zh,en,mrr,0.8770783539552426,1024,2048,metric,,,,
Qwen/Qwen2.5-0.5B,20,0.8333333333333334,mean,normal,,zh,ko,r1,0.017578125,1024,2048,metric,,,,
Qwen/Qwen2.5-0.5B,20,0.8333333333333334,mean,normal,,zh,ko,mrr,0.04558770042971778,1024,2048,metric,,,,
Qwen/Qwen2.5-0.5B,20,0.8333333333333334,mean,normal,,zh,ja,r1,0.068359375,1024,2048,metric,,,,
Qwen/Qwen2.5-0.5B,20,0.8333333333333334,mean,normal,,zh,ja,mrr,0.11890171380164022,1024,2048,metric,,,,
Qwen/Qwen2.5-0.5B,21,0.875,mean,normal,,en,ko,r1,0.01171875,1024,2048,metric,,,,
Qwen/Qwen2.5-0.5B,21,0.875,mean,normal,,en,ko,mrr,0.036722746013030834,1024,2048,metric,,,,
Qwen/Qwen2.5-0.5B,21,0.875,mean,normal,,en,ja,r1,0.01953125,1024,2048,metric,,,,
Qwen/Qwen2.5-0.5B,21,0.875,mean,normal,,en,ja,mrr,0.05295744372277508,1024,2048,metric,,,,
Qwen/Qwen2.5-0.5B,21,0.875,mean,normal,,en,zh,r1,0.802734375,1024,2048,metric,,,,
Qwen/Qwen2.5-0.5B,21,0.875,mean,normal,,en,zh,mrr,0.8480224026710892,1024,2048,metric,,,,
Qwen/Qwen2.5-0.5B,21,0.875,mean,normal,,ko,en,r1,0.361328125,1024,2048,metric,,,,
Qwen/Qwen2.5-0.5B,21,0.875,mean,normal,,ko,en,mrr,0.46858703985544203,1024,2048,metric,,,,
Qwen/Qwen2.5-0.5B,21,0.875,mean,normal,,ko,ja,r1,0.3515625,1024,2048,metric,,,,
Qwen/Qwen2.5-0.5B,21,0.875,mean,normal,,ko,ja,mrr,0.4853030552815636,1024,2048,metric,,,,
Qwen/Qwen2.5-0.5B,21,0.875,mean,normal,,ko,zh,r1,0.357421875,1024,2048,metric,,,,
Qwen/Qwen2.5-0.5B,21,0.875,mean,normal,,ko,zh,mrr,0.4701258787116982,1024,2048,metric,,,,
Qwen/Qwen2.5-0.5B,21,0.875,mean,normal,,ja,en,r1,0.6484375,1024,2048,metric,,,,
Qwen/Qwen2.5-0.5B,21,0.875,mean,normal,,ja,en,mrr,0.7384451637836433,1024,2048,metric,,,,
Qwen/Qwen2.5-0.5B,21,0.875,mean,normal,,ja,ko,r1,0.458984375,1024,2048,metric,,,,
Qwen/Qwen2.5-0.5B,21,0.875,mean,normal,,ja,ko,mrr,0.5408772435136313,1024,2048,metric,,,,
Qwen/Qwen2.5-0.5B,21,0.875,mean,normal,,ja,zh,r1,0.685546875,1024,2048,metric,,,,
Qwen/Qwen2.5-0.5B,21,0.875,mean,normal,,ja,zh,mrr,0.7610800819200214,1024,2048,metric,,,,
Qwen/Qwen2.5-0.5B,21,0.875,mean,normal,,zh,en,r1,0.84375,1024,2048,metric,,,,
Qwen/Qwen2.5-0.5B,21,0.875,mean,normal,,zh,en,mrr,0.8791839472094236,1024,2048,metric,,,,
Qwen/Qwen2.5-0.5B,21,0.875,mean,normal,,zh,ko,r1,0.0390625,1024,2048,metric,,,,
Qwen/Qwen2.5-0.5B,21,0.875,mean,normal,,zh,ko,mrr,0.0730462633787797,1024,2048,metric,,,,
Qwen/Qwen2.5-0.5B,21,0.875,mean,normal,,zh,ja,r1,0.052734375,1024,2048,metric,,,,
Qwen/Qwen2.5-0.5B,21,0.875,mean,normal,,zh,ja,mrr,0.09757354887816869,1024,2048,metric,,,,
Qwen/Qwen2.5-0.5B,22,0.9166666666666666,mean,normal,,en,ko,r1,0.392578125,1024,2048,metric,,,,
Qwen/Qwen2.5-0.5B,22,0.9166666666666666,mean,normal,,en,ko,mrr,0.5498172242601971,1024,2048,metric,,,,
Qwen/Qwen2.5-0.5B,22,0.9166666666666666,mean,normal,,en,ja,r1,0.087890625,1024,2048,metric,,,,
Qwen/Qwen2.5-0.5B,22,0.9166666666666666,mean,normal,,en,ja,mrr,0.2638299557062176,1024,2048,metric,,,,
Qwen/Qwen2.5-0.5B,22,0.9166666666666666,mean,normal,,en,zh,r1,0.94921875,1024,2048,metric,,,,
Qwen/Qwen2.5-0.5B,22,0.9166666666666666,mean,normal,,en,zh,mrr,0.9678905404491343,1024,2048,metric,,,,
Qwen/Qwen2.5-0.5B,22,0.9166666666666666,mean,normal,,ko,en,r1,0.35546875,1024,2048,metric,,,,
Qwen/Qwen2.5-0.5B,22,0.9166666666666666,mean,normal,,ko,en,mrr,0.46275006300921667,1024,2048,metric,,,,
Qwen/Qwen2.5-0.5B,22,0.9166666666666666,mean,normal,,ko,ja,r1,0.22265625,1024,2048,metric,,,,
Qwen/Qwen2.5-0.5B,22,0.9166666666666666,mean,normal,,ko,ja,mrr,0.39955967177660834,1024,2048,metric,,,,
Qwen/Qwen2.5-0.5B,22,0.9166666666666666,mean,normal,,ko,zh,r1,0.427734375,1024,2048,metric,,,,
Qwen/Qwen2.5-0.5B,22,0.9166666666666666,mean,normal,,ko,zh,mrr,0.5553352635895872,1024,2048,metric,,,,
Qwen/Qwen2.5-0.5B,22,0.9166666666666666,mean,normal,,ja,en,r1,0.548828125,1024,2048,metric,,,,
Qwen/Qwen2.5-0.5B,22,0.9166666666666666,mean,normal,,ja,en,mrr,0.6533569768451204,1024,2048,metric,,,,
Qwen/Qwen2.5-0.5B,22,0.9166666666666666,mean,normal,,ja,ko,r1,0.7734375,1024,2048,metric,,,,
Qwen/Qwen2.5-0.5B,22,0.9166666666666666,mean,normal,,ja,ko,mrr,0.8394821140038191,1024,2048,metric,,,,
Qwen/Qwen2.5-0.5B,22,0.9166666666666666,mean,normal,,ja,zh,r1,0.767578125,1024,2048,metric,,,,
Qwen/Qwen2.5-0.5B,22,0.9166666666666666,mean,normal,,ja,zh,mrr,0.8460172878874153,1024,2048,metric,,,,
Qwen/Qwen2.5-0.5B,22,0.9166666666666666,mean,normal,,zh,en,r1,0.958984375,1024,2048,metric,,,,
Qwen/Qwen2.5-0.5B,22,0.9166666666666666,mean,normal,,zh,en,mrr,0.9735056046060451,1024,2048,metric,,,,
Qwen/Qwen2.5-0.5B,22,0.9166666666666666,mean,normal,,zh,ko,r1,0.517578125,1024,2048,metric,,,,
Qwen/Qwen2.5-0.5B,22,0.9166666666666666,mean,normal,,zh,ko,mrr,0.6461970006008798,1024,2048,metric,,,,
Qwen/Qwen2.5-0.5B,22,0.9166666666666666,mean,normal,,zh,ja,r1,0.21875,1024,2048,metric,,,,
Qwen/Qwen2.5-0.5B,22,0.9166666666666666,mean,normal,,zh,ja,mrr,0.38853531867151453,1024,2048,metric,,,,
Qwen/Qwen2.5-0.5B,23,0.9583333333333334,mean,normal,,en,ko,r1,0.0546875,1024,2048,metric,,,,
Qwen/Qwen2.5-0.5B,23,0.9583333333333334,mean,normal,,en,ko,mrr,0.12181211645266193,1024,2048,metric,,,,
Qwen/Qwen2.5-0.5B,23,0.9583333333333334,mean,normal,,en,ja,r1,0.04296875,1024,2048,metric,,,,
Qwen/Qwen2.5-0.5B,23,0.9583333333333334,mean,normal,,en,ja,mrr,0.2059836718158127,1024,2048,metric,,,,
Qwen/Qwen2.5-0.5B,23,0.9583333333333334,mean,normal,,en,zh,r1,0.814453125,1024,2048,metric,,,,
Qwen/Qwen2.5-0.5B,23,0.9583333333333334,mean,normal,,en,zh,mrr,0.8805354259455822,1024,2048,metric,,,,
Qwen/Qwen2.5-0.5B,23,0.9583333333333334,mean,normal,,ko,en,r1,0.25390625,1024,2048,metric,,,,
Qwen/Qwen2.5-0.5B,23,0.9583333333333334,mean,normal,,ko,en,mrr,0.3966981553257553,1024,2048,metric,,,,
Qwen/Qwen2.5-0.5B,23,0.9583333333333334,mean,normal,,ko,ja,r1,0.23828125,1024,2048,metric,,,,
Qwen/Qwen2.5-0.5B,23,0.9583333333333334,mean,normal,,ko,ja,mrr,0.4118805390924753,1024,2048,metric,,,,
Qwen/Qwen2.5-0.5B,23,0.9583333333333334,mean,normal,,ko,zh,r1,0.359375,1024,2048,metric,,,,
Qwen/Qwen2.5-0.5B,23,0.9583333333333334,mean,normal,,ko,zh,mrr,0.47627171654771483,1024,2048,metric,,,,
Qwen/Qwen2.5-0.5B,23,0.9583333333333334,mean,normal,,ja,en,r1,0.388671875,1024,2048,metric,,,,
Qwen/Qwen2.5-0.5B,23,0.9583333333333334,mean,normal,,ja,en,mrr,0.5183026804920733,1024,2048,metric,,,,
Qwen/Qwen2.5-0.5B,23,0.9583333333333334,mean,normal,,ja,ko,r1,0.080078125,1024,2048,metric,,,,
Qwen/Qwen2.5-0.5B,23,0.9583333333333334,mean,normal,,ja,ko,mrr,0.18121426906307886,1024,2048,metric,,,,
Qwen/Qwen2.5-0.5B,23,0.9583333333333334,mean,normal,,ja,zh,r1,0.708984375,1024,2048,metric,,,,
Qwen/Qwen2.5-0.5B,23,0.9583333333333334,mean,normal,,ja,zh,mrr,0.7968515746352036,1024,2048,metric,,,,
Qwen/Qwen2.5-0.5B,23,0.9583333333333334,mean,normal,,zh,en,r1,0.951171875,1024,2048,metric,,,,
Qwen/Qwen2.5-0.5B,23,0.9583333333333334,mean,normal,,zh,en,mrr,0.9691297645870652,1024,2048,metric,,,,
Qwen/Qwen2.5-0.5B,23,0.9583333333333334,mean,normal,,zh,ko,r1,0.07421875,1024,2048,metric,,,,
Qwen/Qwen2.5-0.5B,23,0.9583333333333334,mean,normal,,zh,ko,mrr,0.16066358724164426,1024,2048,metric,,,,
Qwen/Qwen2.5-0.5B,23,0.9583333333333334,mean,normal,,zh,ja,r1,0.193359375,1024,2048,metric,,,,
Qwen/Qwen2.5-0.5B,23,0.9583333333333334,mean,normal,,zh,ja,mrr,0.3646700152899443,1024,2048,metric,,,,
Qwen/Qwen2.5-0.5B,24,1.0,mean,normal,,en,ko,r1,0.00390625,1024,2048,metric,,,,
Qwen/Qwen2.5-0.5B,24,1.0,mean,normal,,en,ko,mrr,0.03718469092666364,1024,2048,metric,,,,
Qwen/Qwen2.5-0.5B,24,1.0,mean,normal,,en,ja,r1,0.001953125,1024,2048,metric,,,,
Qwen/Qwen2.5-0.5B,24,1.0,mean,normal,,en,ja,mrr,0.03995642536339147,1024,2048,metric,,,,
Qwen/Qwen2.5-0.5B,24,1.0,mean,normal,,en,zh,r1,0.001953125,1024,2048,metric,,,,
Qwen/Qwen2.5-0.5B,24,1.0,mean,normal,,en,zh,mrr,0.03151967035100478,1024,2048,metric,,,,
Qwen/Qwen2.5-0.5B,24,1.0,mean,normal,,ko,en,r1,0.013671875,1024,2048,metric,,,,
Qwen/Qwen2.5-0.5B,24,1.0,mean,normal,,ko,en,mrr,0.05047240833201811,1024,2048,metric,,,,
Qwen/Qwen2.5-0.5B,24,1.0,mean,normal,,ko,ja,r1,0.068359375,1024,2048,metric,,,,
Qwen/Qwen2.5-0.5B,24,1.0,mean,normal,,ko,ja,mrr,0.11090432082909289,1024,2048,metric,,,,
Qwen/Qwen2.5-0.5B,24,1.0,mean,normal,,ko,zh,r1,0.033203125,1024,2048,metric,,,,
Qwen/Qwen2.5-0.5B,24,1.0,mean,normal,,ko,zh,mrr,0.05802702225502217,1024,2048,metric,,,,
Qwen/Qwen2.5-0.5B,24,1.0,mean,normal,,ja,en,r1,0.1015625,1024,2048,metric,,,,
Qwen/Qwen2.5-0.5B,24,1.0,mean,normal,,ja,en,mrr,0.16036188339327323,1024,2048,metric,,,,
Qwen/Qwen2.5-0.5B,24,1.0,mean,normal,,ja,ko,r1,0.015625,1024,2048,metric,,,,
Qwen/Qwen2.5-0.5B,24,1.0,mean,normal,,ja,ko,mrr,0.056259814259745036,1024,2048,metric,,,,
Qwen/Qwen2.5-0.5B,24,1.0,mean,normal,,ja,zh,r1,0.0703125,1024,2048,metric,,,,
Qwen/Qwen2.5-0.5B,24,1.0,mean,normal,,ja,zh,mrr,0.13737283753741736,1024,2048,metric,,,,
Qwen/Qwen2.5-0.5B,24,1.0,mean,normal,,zh,en,r1,0.1875,1024,2048,metric,,,,
Qwen/Qwen2.5-0.5B,24,1.0,mean,normal,,zh,en,mrr,0.32564540510534745,1024,2048,metric,,,,
Qwen/Qwen2.5-0.5B,24,1.0,mean,normal,,zh,ko,r1,0.017578125,1024,2048,metric,,,,
Qwen/Qwen2.5-0.5B,24,1.0,mean,normal,,zh,ko,mrr,0.08995286082723752,1024,2048,metric,,,,
Qwen/Qwen2.5-0.5B,24,1.0,mean,normal,,zh,ja,r1,0.00390625,1024,2048,metric,,,,
Qwen/Qwen2.5-0.5B,24,1.0,mean,normal,,zh,ja,mrr,0.04047837273240151,1024,2048,metric,,,,
Qwen/Qwen2.5-0.5B,7,0.2916666666666667,last_token,remove_language,,en,ko,r1,0.296875,1024,2048,metric,,,,
Qwen/Qwen2.5-0.5B,7,0.2916666666666667,last_token,remove_language,,en,ko,mrr,0.3909211628820859,1024,2048,metric,,,,
Qwen/Qwen2.5-0.5B,7,0.2916666666666667,last_token,remove_language,,en,ja,r1,0.21875,1024,2048,metric,,,,
Qwen/Qwen2.5-0.5B,7,0.2916666666666667,last_token,remove_language,,en,ja,mrr,0.3165331470113334,1024,2048,metric,,,,
Qwen/Qwen2.5-0.5B,7,0.2916666666666667,last_token,remove_language,,en,zh,r1,0.439453125,1024,2048,metric,,,,
Qwen/Qwen2.5-0.5B,7,0.2916666666666667,last_token,remove_language,,en,zh,mrr,0.542217302007904,1024,2048,metric,,,,
Qwen/Qwen2.5-0.5B,7,0.2916666666666667,last_token,remove_language,,ko,en,r1,0.234375,1024,2048,metric,,,,
Qwen/Qwen2.5-0.5B,7,0.2916666666666667,last_token,remove_language,,ko,en,mrr,0.33134613819375514,1024,2048,metric,,,,
Qwen/Qwen2.5-0.5B,7,0.2916666666666667,last_token,remove_language,,ko,ja,r1,0.357421875,1024,2048,metric,,,,
Qwen/Qwen2.5-0.5B,7,0.2916666666666667,last_token,remove_language,,ko,ja,mrr,0.4745403759780712,1024,2048,metric,,,,
Qwen/Qwen2.5-0.5B,7,0.2916666666666667,last_token,remove_language,,ko,zh,r1,0.171875,1024,2048,metric,,,,
Qwen/Qwen2.5-0.5B,7,0.2916666666666667,last_token,remove_language,,ko,zh,mrr,0.2498430576686126,1024,2048,metric,,,,
Qwen/Qwen2.5-0.5B,7,0.2916666666666667,last_token,remove_language,,ja,en,r1,0.193359375,1024,2048,metric,,,,
Qwen/Qwen2.5-0.5B,7,0.2916666666666667,last_token,remove_language,,ja,en,mrr,0.28365758035007865,1024,2048,metric,,,,
Qwen/Qwen2.5-0.5B,7,0.2916666666666667,last_token,remove_language,,ja,ko,r1,0.32421875,1024,2048,metric,,,,
Qwen/Qwen2.5-0.5B,7,0.2916666666666667,last_token,remove_language,,ja,ko,mrr,0.4334183379352006,1024,2048,metric,,,,
Qwen/Qwen2.5-0.5B,7,0.2916666666666667,last_token,remove_language,,ja,zh,r1,0.177734375,1024,2048,metric,,,,
Qwen/Qwen2.5-0.5B,7,0.2916666666666667,last_token,remove_language,,ja,zh,mrr,0.25589639607741677,1024,2048,metric,,,,
Qwen/Qwen2.5-0.5B,7,0.2916666666666667,last_token,remove_language,,zh,en,r1,0.470703125,1024,2048,metric,,,,
Qwen/Qwen2.5-0.5B,7,0.2916666666666667,last_token,remove_language,,zh,en,mrr,0.5699332473840647,1024,2048,metric,,,,
Qwen/Qwen2.5-0.5B,7,0.2916666666666667,last_token,remove_language,,zh,ko,r1,0.22265625,1024,2048,metric,,,,
Qwen/Qwen2.5-0.5B,7,0.2916666666666667,last_token,remove_language,,zh,ko,mrr,0.31352175776698354,1024,2048,metric,,,,
Qwen/Qwen2.5-0.5B,7,0.2916666666666667,last_token,remove_language,,zh,ja,r1,0.1640625,1024,2048,metric,,,,
Qwen/Qwen2.5-0.5B,7,0.2916666666666667,last_token,remove_language,,zh,ja,mrr,0.2488102394962617,1024,2048,metric,,,,
Qwen/Qwen2.5-0.5B,8,0.3333333333333333,last_token,remove_language,,en,ko,r1,0.498046875,1024,2048,metric,,,,
Qwen/Qwen2.5-0.5B,8,0.3333333333333333,last_token,remove_language,,en,ko,mrr,0.5888703698326628,1024,2048,metric,,,,
Qwen/Qwen2.5-0.5B,8,0.3333333333333333,last_token,remove_language,,en,ja,r1,0.45703125,1024,2048,metric,,,,
Qwen/Qwen2.5-0.5B,8,0.3333333333333333,last_token,remove_language,,en,ja,mrr,0.5767851574090758,1024,2048,metric,,,,
Qwen/Qwen2.5-0.5B,8,0.3333333333333333,last_token,remove_language,,en,zh,r1,0.640625,1024,2048,metric,,,,
Qwen/Qwen2.5-0.5B,8,0.3333333333333333,last_token,remove_language,,en,zh,mrr,0.7201366911815388,1024,2048,metric,,,,
Qwen/Qwen2.5-0.5B,8,0.3333333333333333,last_token,remove_language,,ko,en,r1,0.365234375,1024,2048,metric,,,,
Qwen/Qwen2.5-0.5B,8,0.3333333333333333,last_token,remove_language,,ko,en,mrr,0.46568539877021686,1024,2048,metric,,,,
Qwen/Qwen2.5-0.5B,8,0.3333333333333333,last_token,remove_language,,ko,ja,r1,0.580078125,1024,2048,metric,,,,
Qwen/Qwen2.5-0.5B,8,0.3333333333333333,last_token,remove_language,,ko,ja,mrr,0.6676918491654704,1024,2048,metric,,,,
Qwen/Qwen2.5-0.5B,8,0.3333333333333333,last_token,remove_language,,ko,zh,r1,0.244140625,1024,2048,metric,,,,
Qwen/Qwen2.5-0.5B,8,0.3333333333333333,last_token,remove_language,,ko,zh,mrr,0.33764630656355765,1024,2048,metric,,,,
Qwen/Qwen2.5-0.5B,8,0.3333333333333333,last_token,remove_language,,ja,en,r1,0.37890625,1024,2048,metric,,,,
Qwen/Qwen2.5-0.5B,8,0.3333333333333333,last_token,remove_language,,ja,en,mrr,0.47018363641561817,1024,2048,metric,,,,
Qwen/Qwen2.5-0.5B,8,0.3333333333333333,last_token,remove_language,,ja,ko,r1,0.54296875,1024,2048,metric,,,,
Qwen/Qwen2.5-0.5B,8,0.3333333333333333,last_token,remove_language,,ja,ko,mrr,0.6398801855413319,1024,2048,metric,,,,
Qwen/Qwen2.5-0.5B,8,0.3333333333333333,last_token,remove_language,,ja,zh,r1,0.349609375,1024,2048,metric,,,,
Qwen/Qwen2.5-0.5B,8,0.3333333333333333,last_token,remove_language,,ja,zh,mrr,0.4428321635578427,1024,2048,metric,,,,
Qwen/Qwen2.5-0.5B,8,0.3333333333333333,last_token,remove_language,,zh,en,r1,0.701171875,1024,2048,metric,,,,
Qwen/Qwen2.5-0.5B,8,0.3333333333333333,last_token,remove_language,,zh,en,mrr,0.7686566377767396,1024,2048,metric,,,,
Qwen/Qwen2.5-0.5B,8,0.3333333333333333,last_token,remove_language,,zh,ko,r1,0.359375,1024,2048,metric,,,,
Qwen/Qwen2.5-0.5B,8,0.3333333333333333,last_token,remove_language,,zh,ko,mrr,0.47540856742057463,1024,2048,metric,,,,
Qwen/Qwen2.5-0.5B,8,0.3333333333333333,last_token,remove_language,,zh,ja,r1,0.376953125,1024,2048,metric,,,,
Qwen/Qwen2.5-0.5B,8,0.3333333333333333,last_token,remove_language,,zh,ja,mrr,0.4831200675901057,1024,2048,metric,,,,
Qwen/Qwen2.5-0.5B,9,0.375,last_token,remove_language,,en,ko,r1,0.3984375,1024,2048,metric,,,,
Qwen/Qwen2.5-0.5B,9,0.375,last_token,remove_language,,en,ko,mrr,0.5051191153329546,1024,2048,metric,,,,
Qwen/Qwen2.5-0.5B,9,0.375,last_token,remove_language,,en,ja,r1,0.48828125,1024,2048,metric,,,,
Qwen/Qwen2.5-0.5B,9,0.375,last_token,remove_language,,en,ja,mrr,0.5894541631547121,1024,2048,metric,,,,
Qwen/Qwen2.5-0.5B,9,0.375,last_token,remove_language,,en,zh,r1,0.65625,1024,2048,metric,,,,
Qwen/Qwen2.5-0.5B,9,0.375,last_token,remove_language,,en,zh,mrr,0.735875926523435,1024,2048,metric,,,,
Qwen/Qwen2.5-0.5B,9,0.375,last_token,remove_language,,ko,en,r1,0.25,1024,2048,metric,,,,
Qwen/Qwen2.5-0.5B,9,0.375,last_token,remove_language,,ko,en,mrr,0.3477893417868641,1024,2048,metric,,,,
Qwen/Qwen2.5-0.5B,9,0.375,last_token,remove_language,,ko,ja,r1,0.583984375,1024,2048,metric,,,,
Qwen/Qwen2.5-0.5B,9,0.375,last_token,remove_language,,ko,ja,mrr,0.6809111271170213,1024,2048,metric,,,,
Qwen/Qwen2.5-0.5B,9,0.375,last_token,remove_language,,ko,zh,r1,0.23046875,1024,2048,metric,,,,
Qwen/Qwen2.5-0.5B,9,0.375,last_token,remove_language,,ko,zh,mrr,0.32016066703631085,1024,2048,metric,,,,
Qwen/Qwen2.5-0.5B,9,0.375,last_token,remove_language,,ja,en,r1,0.25390625,1024,2048,metric,,,,
Qwen/Qwen2.5-0.5B,9,0.375,last_token,remove_language,,ja,en,mrr,0.35892518834255804,1024,2048,metric,,,,
Qwen/Qwen2.5-0.5B,9,0.375,last_token,remove_language,,ja,ko,r1,0.5078125,1024,2048,metric,,,,
Qwen/Qwen2.5-0.5B,9,0.375,last_token,remove_language,,ja,ko,mrr,0.5943550162023734,1024,2048,metric,,,,
Qwen/Qwen2.5-0.5B,9,0.375,last_token,remove_language,,ja,zh,r1,0.3046875,1024,2048,metric,,,,
Qwen/Qwen2.5-0.5B,9,0.375,last_token,remove_language,,ja,zh,mrr,0.39292757660780303,1024,2048,metric,,,,
Qwen/Qwen2.5-0.5B,9,0.375,last_token,remove_language,,zh,en,r1,0.67578125,1024,2048,metric,,,,
Qwen/Qwen2.5-0.5B,9,0.375,last_token,remove_language,,zh,en,mrr,0.7469170462141643,1024,2048,metric,,,,
Qwen/Qwen2.5-0.5B,9,0.375,last_token,remove_language,,zh,ko,r1,0.39453125,1024,2048,metric,,,,
Qwen/Qwen2.5-0.5B,9,0.375,last_token,remove_language,,zh,ko,mrr,0.4911357494429899,1024,2048,metric,,,,
Qwen/Qwen2.5-0.5B,9,0.375,last_token,remove_language,,zh,ja,r1,0.41796875,1024,2048,metric,,,,
Qwen/Qwen2.5-0.5B,9,0.375,last_token,remove_language,,zh,ja,mrr,0.526830466514528,1024,2048,metric,,,,
Qwen/Qwen2.5-0.5B,10,0.4166666666666667,last_token,remove_language,,en,ko,r1,0.412109375,1024,2048,metric,,,,
Qwen/Qwen2.5-0.5B,10,0.4166666666666667,last_token,remove_language,,en,ko,mrr,0.5086763205293593,1024,2048,metric,,,,
Qwen/Qwen2.5-0.5B,10,0.4166666666666667,last_token,remove_language,,en,ja,r1,0.49609375,1024,2048,metric,,,,
Qwen/Qwen2.5-0.5B,10,0.4166666666666667,last_token,remove_language,,en,ja,mrr,0.5892327457044886,1024,2048,metric,,,,
Qwen/Qwen2.5-0.5B,10,0.4166666666666667,last_token,remove_language,,en,zh,r1,0.67578125,1024,2048,metric,,,,
Qwen/Qwen2.5-0.5B,10,0.4166666666666667,last_token,remove_language,,en,zh,mrr,0.747572480356101,1024,2048,metric,,,,
Qwen/Qwen2.5-0.5B,10,0.4166666666666667,last_token,remove_language,,ko,en,r1,0.30078125,1024,2048,metric,,,,
Qwen/Qwen2.5-0.5B,10,0.4166666666666667,last_token,remove_language,,ko,en,mrr,0.4069333289934874,1024,2048,metric,,,,
Qwen/Qwen2.5-0.5B,10,0.4166666666666667,last_token,remove_language,,ko,ja,r1,0.603515625,1024,2048,metric,,,,
Qwen/Qwen2.5-0.5B,10,0.4166666666666667,last_token,remove_language,,ko,ja,mrr,0.6800334451352316,1024,2048,metric,,,,
Qwen/Qwen2.5-0.5B,10,0.4166666666666667,last_token,remove_language,,ko,zh,r1,0.2578125,1024,2048,metric,,,,
Qwen/Qwen2.5-0.5B,10,0.4166666666666667,last_token,remove_language,,ko,zh,mrr,0.3557169588554061,1024,2048,metric,,,,
Qwen/Qwen2.5-0.5B,10,0.4166666666666667,last_token,remove_language,,ja,en,r1,0.35546875,1024,2048,metric,,,,
Qwen/Qwen2.5-0.5B,10,0.4166666666666667,last_token,remove_language,,ja,en,mrr,0.4584457938073184,1024,2048,metric,,,,
Qwen/Qwen2.5-0.5B,10,0.4166666666666667,last_token,remove_language,,ja,ko,r1,0.515625,1024,2048,metric,,,,
Qwen/Qwen2.5-0.5B,10,0.4166666666666667,last_token,remove_language,,ja,ko,mrr,0.5981288738491267,1024,2048,metric,,,,
Qwen/Qwen2.5-0.5B,10,0.4166666666666667,last_token,remove_language,,ja,zh,r1,0.373046875,1024,2048,metric,,,,
Qwen/Qwen2.5-0.5B,10,0.4166666666666667,last_token,remove_language,,ja,zh,mrr,0.4680545863956926,1024,2048,metric,,,,
Qwen/Qwen2.5-0.5B,10,0.4166666666666667,last_token,remove_language,,zh,en,r1,0.7265625,1024,2048,metric,,,,
Qwen/Qwen2.5-0.5B,10,0.4166666666666667,last_token,remove_language,,zh,en,mrr,0.7915868134125912,1024,2048,metric,,,,
Qwen/Qwen2.5-0.5B,10,0.4166666666666667,last_token,remove_language,,zh,ko,r1,0.376953125,1024,2048,metric,,,,
Qwen/Qwen2.5-0.5B,10,0.4166666666666667,last_token,remove_language,,zh,ko,mrr,0.4763391867207726,1024,2048,metric,,,,
Qwen/Qwen2.5-0.5B,10,0.4166666666666667,last_token,remove_language,,zh,ja,r1,0.462890625,1024,2048,metric,,,,
Qwen/Qwen2.5-0.5B,10,0.4166666666666667,last_token,remove_language,,zh,ja,mrr,0.5647873664404942,1024,2048,metric,,,,
Qwen/Qwen2.5-0.5B,11,0.4583333333333333,last_token,remove_language,,en,ko,r1,0.4609375,1024,2048,metric,,,,
Qwen/Qwen2.5-0.5B,11,0.4583333333333333,last_token,remove_language,,en,ko,mrr,0.5562585684944348,1024,2048,metric,,,,
Qwen/Qwen2.5-0.5B,11,0.4583333333333333,last_token,remove_language,,en,ja,r1,0.548828125,1024,2048,metric,,,,
Qwen/Qwen2.5-0.5B,11,0.4583333333333333,last_token,remove_language,,en,ja,mrr,0.6364988397910902,1024,2048,metric,,,,
Qwen/Qwen2.5-0.5B,11,0.4583333333333333,last_token,remove_language,,en,zh,r1,0.7578125,1024,2048,metric,,,,
Qwen/Qwen2.5-0.5B,11,0.4583333333333333,last_token,remove_language,,en,zh,mrr,0.8135401326155889,1024,2048,metric,,,,
Qwen/Qwen2.5-0.5B,11,0.4583333333333333,last_token,remove_language,,ko,en,r1,0.30859375,1024,2048,metric,,,,
Qwen/Qwen2.5-0.5B,11,0.4583333333333333,last_token,remove_language,,ko,en,mrr,0.4200760165968672,1024,2048,metric,,,,
Qwen/Qwen2.5-0.5B,11,0.4583333333333333,last_token,remove_language,,ko,ja,r1,0.646484375,1024,2048,metric,,,,
Qwen/Qwen2.5-0.5B,11,0.4583333333333333,last_token,remove_language,,ko,ja,mrr,0.7205241125757802,1024,2048,metric,,,,
Qwen/Qwen2.5-0.5B,11,0.4583333333333333,last_token,remove_language,,ko,zh,r1,0.314453125,1024,2048,metric,,,,
Qwen/Qwen2.5-0.5B,11,0.4583333333333333,last_token,remove_language,,ko,zh,mrr,0.4144751540531737,1024,2048,metric,,,,
Qwen/Qwen2.5-0.5B,11,0.4583333333333333,last_token,remove_language,,ja,en,r1,0.384765625,1024,2048,metric,,,,
Qwen/Qwen2.5-0.5B,11,0.4583333333333333,last_token,remove_language,,ja,en,mrr,0.4817587214261266,1024,2048,metric,,,,
Qwen/Qwen2.5-0.5B,11,0.4583333333333333,last_token,remove_language,,ja,ko,r1,0.59375,1024,2048,metric,,,,
Qwen/Qwen2.5-0.5B,11,0.4583333333333333,last_token,remove_language,,ja,ko,mrr,0.6623777748284998,1024,2048,metric,,,,
Qwen/Qwen2.5-0.5B,11,0.4583333333333333,last_token,remove_language,,ja,zh,r1,0.458984375,1024,2048,metric,,,,
Qwen/Qwen2.5-0.5B,11,0.4583333333333333,last_token,remove_language,,ja,zh,mrr,0.53709273516493,1024,2048,metric,,,,
Qwen/Qwen2.5-0.5B,11,0.4583333333333333,last_token,remove_language,,zh,en,r1,0.775390625,1024,2048,metric,,,,
Qwen/Qwen2.5-0.5B,11,0.4583333333333333,last_token,remove_language,,zh,en,mrr,0.8300082630521919,1024,2048,metric,,,,
Qwen/Qwen2.5-0.5B,11,0.4583333333333333,last_token,remove_language,,zh,ko,r1,0.4609375,1024,2048,metric,,,,
Qwen/Qwen2.5-0.5B,11,0.4583333333333333,last_token,remove_language,,zh,ko,mrr,0.5434475625849507,1024,2048,metric,,,,
Qwen/Qwen2.5-0.5B,11,0.4583333333333333,last_token,remove_language,,zh,ja,r1,0.546875,1024,2048,metric,,,,
Qwen/Qwen2.5-0.5B,11,0.4583333333333333,last_token,remove_language,,zh,ja,mrr,0.6381333090679336,1024,2048,metric,,,,
Qwen/Qwen2.5-0.5B,12,0.5,last_token,remove_language,,en,ko,r1,0.353515625,1024,2048,metric,,,,
Qwen/Qwen2.5-0.5B,12,0.5,last_token,remove_language,,en,ko,mrr,0.44715358061893407,1024,2048,metric,,,,
Qwen/Qwen2.5-0.5B,12,0.5,last_token,remove_language,,en,ja,r1,0.421875,1024,2048,metric,,,,
Qwen/Qwen2.5-0.5B,12,0.5,last_token,remove_language,,en,ja,mrr,0.5171988630555949,1024,2048,metric,,,,
Qwen/Qwen2.5-0.5B,12,0.5,last_token,remove_language,,en,zh,r1,0.69921875,1024,2048,metric,,,,
Qwen/Qwen2.5-0.5B,12,0.5,last_token,remove_language,,en,zh,mrr,0.7627376567917745,1024,2048,metric,,,,
Qwen/Qwen2.5-0.5B,12,0.5,last_token,remove_language,,ko,en,r1,0.3203125,1024,2048,metric,,,,
Qwen/Qwen2.5-0.5B,12,0.5,last_token,remove_language,,ko,en,mrr,0.4123013285721785,1024,2048,metric,,,,
Qwen/Qwen2.5-0.5B,12,0.5,last_token,remove_language,,ko,ja,r1,0.46875,1024,2048,metric,,,,
Qwen/Qwen2.5-0.5B,12,0.5,last_token,remove_language,,ko,ja,mrr,0.5608627886192025,1024,2048,metric,,,,
Qwen/Qwen2.5-0.5B,12,0.5,last_token,remove_language,,ko,zh,r1,0.2734375,1024,2048,metric,,,,
Qwen/Qwen2.5-0.5B,12,0.5,last_token,remove_language,,ko,zh,mrr,0.36032185173851805,1024,2048,metric,,,,
Qwen/Qwen2.5-0.5B,12,0.5,last_token,remove_language,,ja,en,r1,0.3828125,1024,2048,metric,,,,
Qwen/Qwen2.5-0.5B,12,0.5,last_token,remove_language,,ja,en,mrr,0.4770527431249548,1024,2048,metric,,,,
Qwen/Qwen2.5-0.5B,12,0.5,last_token,remove_language,,ja,ko,r1,0.45703125,1024,2048,metric,,,,
Qwen/Qwen2.5-0.5B,12,0.5,last_token,remove_language,,ja,ko,mrr,0.5378044238761025,1024,2048,metric,,,,
Qwen/Qwen2.5-0.5B,12,0.5,last_token,remove_language,,ja,zh,r1,0.4140625,1024,2048,metric,,,,
Qwen/Qwen2.5-0.5B,12,0.5,last_token,remove_language,,ja,zh,mrr,0.49736700903064235,1024,2048,metric,,,,
Qwen/Qwen2.5-0.5B,12,0.5,last_token,remove_language,,zh,en,r1,0.681640625,1024,2048,metric,,,,
Qwen/Qwen2.5-0.5B,12,0.5,last_token,remove_language,,zh,en,mrr,0.7459025687098536,1024,2048,metric,,,,
Qwen/Qwen2.5-0.5B,12,0.5,last_token,remove_language,,zh,ko,r1,0.330078125,1024,2048,metric,,,,
Qwen/Qwen2.5-0.5B,12,0.5,last_token,remove_language,,zh,ko,mrr,0.4173263844307512,1024,2048,metric,,,,
Qwen/Qwen2.5-0.5B,12,0.5,last_token,remove_language,,zh,ja,r1,0.431640625,1024,2048,metric,,,,
Qwen/Qwen2.5-0.5B,12,0.5,last_token,remove_language,,zh,ja,mrr,0.5124935307078986,1024,2048,metric,,,,
Qwen/Qwen2.5-0.5B,13,0.5416666666666666,last_token,remove_language,,en,ko,r1,0.341796875,1024,2048,metric,,,,
Qwen/Qwen2.5-0.5B,13,0.5416666666666666,last_token,remove_language,,en,ko,mrr,0.4380038149362707,1024,2048,metric,,,,
Qwen/Qwen2.5-0.5B,13,0.5416666666666666,last_token,remove_language,,en,ja,r1,0.40234375,1024,2048,metric,,,,
Qwen/Qwen2.5-0.5B,13,0.5416666666666666,last_token,remove_language,,en,ja,mrr,0.4930780203766716,1024,2048,metric,,,,
Qwen/Qwen2.5-0.5B,13,0.5416666666666666,last_token,remove_language,,en,zh,r1,0.69921875,1024,2048,metric,,,,
Qwen/Qwen2.5-0.5B,13,0.5416666666666666,last_token,remove_language,,en,zh,mrr,0.7612274648388039,1024,2048,metric,,,,
Qwen/Qwen2.5-0.5B,13,0.5416666666666666,last_token,remove_language,,ko,en,r1,0.310546875,1024,2048,metric,,,,
Qwen/Qwen2.5-0.5B,13,0.5416666666666666,last_token,remove_language,,ko,en,mrr,0.4044535511274085,1024,2048,metric,,,,
Qwen/Qwen2.5-0.5B,13,0.5416666666666666,last_token,remove_language,,ko,ja,r1,0.51171875,1024,2048,metric,,,,
Qwen/Qwen2.5-0.5B,13,0.5416666666666666,last_token,remove_language,,ko,ja,mrr,0.5904486385928278,1024,2048,metric,,,,
Qwen/Qwen2.5-0.5B,13,0.5416666666666666,last_token,remove_language,,ko,zh,r1,0.2578125,1024,2048,metric,,,,
Qwen/Qwen2.5-0.5B,13,0.5416666666666666,last_token,remove_language,,ko,zh,mrr,0.3557182976976997,1024,2048,metric,,,,
Qwen/Qwen2.5-0.5B,13,0.5416666666666666,last_token,remove_language,,ja,en,r1,0.365234375,1024,2048,metric,,,,
Qwen/Qwen2.5-0.5B,13,0.5416666666666666,last_token,remove_language,,ja,en,mrr,0.4607626155785297,1024,2048,metric,,,,
Qwen/Qwen2.5-0.5B,13,0.5416666666666666,last_token,remove_language,,ja,ko,r1,0.50390625,1024,2048,metric,,,,
Qwen/Qwen2.5-0.5B,13,0.5416666666666666,last_token,remove_language,,ja,ko,mrr,0.5799534515908681,1024,2048,metric,,,,
Qwen/Qwen2.5-0.5B,13,0.5416666666666666,last_token,remove_language,,ja,zh,r1,0.400390625,1024,2048,metric,,,,
Qwen/Qwen2.5-0.5B,13,0.5416666666666666,last_token,remove_language,,ja,zh,mrr,0.4810902812334717,1024,2048,metric,,,,
Qwen/Qwen2.5-0.5B,13,0.5416666666666666,last_token,remove_language,,zh,en,r1,0.703125,1024,2048,metric,,,,
Qwen/Qwen2.5-0.5B,13,0.5416666666666666,last_token,remove_language,,zh,en,mrr,0.7609485028148419,1024,2048,metric,,,,
Qwen/Qwen2.5-0.5B,13,0.5416666666666666,last_token,remove_language,,zh,ko,r1,0.328125,1024,2048,metric,,,,
Qwen/Qwen2.5-0.5B,13,0.5416666666666666,last_token,remove_language,,zh,ko,mrr,0.42469942342686134,1024,2048,metric,,,,
Qwen/Qwen2.5-0.5B,13,0.5416666666666666,last_token,remove_language,,zh,ja,r1,0.43359375,1024,2048,metric,,,,
Qwen/Qwen2.5-0.5B,13,0.5416666666666666,last_token,remove_language,,zh,ja,mrr,0.5236169914608265,1024,2048,metric,,,,
Qwen/Qwen2.5-0.5B,14,0.5833333333333334,last_token,remove_language,,en,ko,r1,0.35546875,1024,2048,metric,,,,
Qwen/Qwen2.5-0.5B,14,0.5833333333333334,last_token,remove_language,,en,ko,mrr,0.4326634128309709,1024,2048,metric,,,,
Qwen/Qwen2.5-0.5B,14,0.5833333333333334,last_token,remove_language,,en,ja,r1,0.40625,1024,2048,metric,,,,
Qwen/Qwen2.5-0.5B,14,0.5833333333333334,last_token,remove_language,,en,ja,mrr,0.4944319582579344,1024,2048,metric,,,,
Qwen/Qwen2.5-0.5B,14,0.5833333333333334,last_token,remove_language,,en,zh,r1,0.69140625,1024,2048,metric,,,,
Qwen/Qwen2.5-0.5B,14,0.5833333333333334,last_token,remove_language,,en,zh,mrr,0.7515692077393871,1024,2048,metric,,,,
Qwen/Qwen2.5-0.5B,14,0.5833333333333334,last_token,remove_language,,ko,en,r1,0.28515625,1024,2048,metric,,,,
Qwen/Qwen2.5-0.5B,14,0.5833333333333334,last_token,remove_language,,ko,en,mrr,0.38016357037226234,1024,2048,metric,,,,
Qwen/Qwen2.5-0.5B,14,0.5833333333333334,last_token,remove_language,,ko,ja,r1,0.48046875,1024,2048,metric,,,,
Qwen/Qwen2.5-0.5B,14,0.5833333333333334,last_token,remove_language,,ko,ja,mrr,0.5604279626329007,1024,2048,metric,,,,
Qwen/Qwen2.5-0.5B,14,0.5833333333333334,last_token,remove_language,,ko,zh,r1,0.236328125,1024,2048,metric,,,,
Qwen/Qwen2.5-0.5B,14,0.5833333333333334,last_token,remove_language,,ko,zh,mrr,0.3406131620311349,1024,2048,metric,,,,
Qwen/Qwen2.5-0.5B,14,0.5833333333333334,last_token,remove_language,,ja,en,r1,0.330078125,1024,2048,metric,,,,
Qwen/Qwen2.5-0.5B,14,0.5833333333333334,last_token,remove_language,,ja,en,mrr,0.4258912088907615,1024,2048,metric,,,,
Qwen/Qwen2.5-0.5B,14,0.5833333333333334,last_token,remove_language,,ja,ko,r1,0.484375,1024,2048,metric,,,,
Qwen/Qwen2.5-0.5B,14,0.5833333333333334,last_token,remove_language,,ja,ko,mrr,0.5616290332507644,1024,2048,metric,,,,
Qwen/Qwen2.5-0.5B,14,0.5833333333333334,last_token,remove_language,,ja,zh,r1,0.376953125,1024,2048,metric,,,,
Qwen/Qwen2.5-0.5B,14,0.5833333333333334,last_token,remove_language,,ja,zh,mrr,0.4586351077105265,1024,2048,metric,,,,
Qwen/Qwen2.5-0.5B,14,0.5833333333333334,last_token,remove_language,,zh,en,r1,0.693359375,1024,2048,metric,,,,
Qwen/Qwen2.5-0.5B,14,0.5833333333333334,last_token,remove_language,,zh,en,mrr,0.7519454049210255,1024,2048,metric,,,,
Qwen/Qwen2.5-0.5B,14,0.5833333333333334,last_token,remove_language,,zh,ko,r1,0.3046875,1024,2048,metric,,,,
Qwen/Qwen2.5-0.5B,14,0.5833333333333334,last_token,remove_language,,zh,ko,mrr,0.3985197546163285,1024,2048,metric,,,,
Qwen/Qwen2.5-0.5B,14,0.5833333333333334,last_token,remove_language,,zh,ja,r1,0.41796875,1024,2048,metric,,,,
Qwen/Qwen2.5-0.5B,14,0.5833333333333334,last_token,remove_language,,zh,ja,mrr,0.5079643722475914,1024,2048,metric,,,,
Qwen/Qwen2.5-0.5B,15,0.625,last_token,remove_language,,en,ko,r1,0.48046875,1024,2048,metric,,,,
Qwen/Qwen2.5-0.5B,15,0.625,last_token,remove_language,,en,ko,mrr,0.573040505635623,1024,2048,metric,,,,
Qwen/Qwen2.5-0.5B,15,0.625,last_token,remove_language,,en,ja,r1,0.57421875,1024,2048,metric,,,,
Qwen/Qwen2.5-0.5B,15,0.625,last_token,remove_language,,en,ja,mrr,0.6538248630592931,1024,2048,metric,,,,
Qwen/Qwen2.5-0.5B,15,0.625,last_token,remove_language,,en,zh,r1,0.8203125,1024,2048,metric,,,,
Qwen/Qwen2.5-0.5B,15,0.625,last_token,remove_language,,en,zh,mrr,0.869739340033419,1024,2048,metric,,,,
Qwen/Qwen2.5-0.5B,15,0.625,last_token,remove_language,,ko,en,r1,0.384765625,1024,2048,metric,,,,
Qwen/Qwen2.5-0.5B,15,0.625,last_token,remove_language,,ko,en,mrr,0.47891427893571165,1024,2048,metric,,,,
Qwen/Qwen2.5-0.5B,15,0.625,last_token,remove_language,,ko,ja,r1,0.583984375,1024,2048,metric,,,,
Qwen/Qwen2.5-0.5B,15,0.625,last_token,remove_language,,ko,ja,mrr,0.654183819586791,1024,2048,metric,,,,
Qwen/Qwen2.5-0.5B,15,0.625,last_token,remove_language,,ko,zh,r1,0.3671875,1024,2048,metric,,,,
Qwen/Qwen2.5-0.5B,15,0.625,last_token,remove_language,,ko,zh,mrr,0.4692528308392345,1024,2048,metric,,,,
Qwen/Qwen2.5-0.5B,15,0.625,last_token,remove_language,,ja,en,r1,0.486328125,1024,2048,metric,,,,
Qwen/Qwen2.5-0.5B,15,0.625,last_token,remove_language,,ja,en,mrr,0.5768484618306009,1024,2048,metric,,,,
Qwen/Qwen2.5-0.5B,15,0.625,last_token,remove_language,,ja,ko,r1,0.5859375,1024,2048,metric,,,,
Qwen/Qwen2.5-0.5B,15,0.625,last_token,remove_language,,ja,ko,mrr,0.6612599323677235,1024,2048,metric,,,,
Qwen/Qwen2.5-0.5B,15,0.625,last_token,remove_language,,ja,zh,r1,0.53515625,1024,2048,metric,,,,
Qwen/Qwen2.5-0.5B,15,0.625,last_token,remove_language,,ja,zh,mrr,0.610702144612544,1024,2048,metric,,,,
Qwen/Qwen2.5-0.5B,15,0.625,last_token,remove_language,,zh,en,r1,0.818359375,1024,2048,metric,,,,
Qwen/Qwen2.5-0.5B,15,0.625,last_token,remove_language,,zh,en,mrr,0.8615655847039769,1024,2048,metric,,,,
Qwen/Qwen2.5-0.5B,15,0.625,last_token,remove_language,,zh,ko,r1,0.48046875,1024,2048,metric,,,,
Qwen/Qwen2.5-0.5B,15,0.625,last_token,remove_language,,zh,ko,mrr,0.5661808816639633,1024,2048,metric,,,,
Qwen/Qwen2.5-0.5B,15,0.625,last_token,remove_language,,zh,ja,r1,0.556640625,1024,2048,metric,,,,
Qwen/Qwen2.5-0.5B,15,0.625,last_token,remove_language,,zh,ja,mrr,0.6525502116157823,1024,2048,metric,,,,
Qwen/Qwen2.5-0.5B,16,0.6666666666666666,last_token,remove_language,,en,ko,r1,0.3046875,1024,2048,metric,,,,
Qwen/Qwen2.5-0.5B,16,0.6666666666666666,last_token,remove_language,,en,ko,mrr,0.3924340451592944,1024,2048,metric,,,,
Qwen/Qwen2.5-0.5B,16,0.6666666666666666,last_token,remove_language,,en,ja,r1,0.392578125,1024,2048,metric,,,,
Qwen/Qwen2.5-0.5B,16,0.6666666666666666,last_token,remove_language,,en,ja,mrr,0.47730677848524533,1024,2048,metric,,,,
Qwen/Qwen2.5-0.5B,16,0.6666666666666666,last_token,remove_language,,en,zh,r1,0.66015625,1024,2048,metric,,,,
Qwen/Qwen2.5-0.5B,16,0.6666666666666666,last_token,remove_language,,en,zh,mrr,0.7209865758940116,1024,2048,metric,,,,
Qwen/Qwen2.5-0.5B,16,0.6666666666666666,last_token,remove_language,,ko,en,r1,0.173828125,1024,2048,metric,,,,
Qwen/Qwen2.5-0.5B,16,0.6666666666666666,last_token,remove_language,,ko,en,mrr,0.2628023759325908,1024,2048,metric,,,,
Qwen/Qwen2.5-0.5B,16,0.6666666666666666,last_token,remove_language,,ko,ja,r1,0.41015625,1024,2048,metric,,,,
Qwen/Qwen2.5-0.5B,16,0.6666666666666666,last_token,remove_language,,ko,ja,mrr,0.4917650241364352,1024,2048,metric,,,,
Qwen/Qwen2.5-0.5B,16,0.6666666666666666,last_token,remove_language,,ko,zh,r1,0.19921875,1024,2048,metric,,,,
Qwen/Qwen2.5-0.5B,16,0.6666666666666666,last_token,remove_language,,ko,zh,mrr,0.2902726245076855,1024,2048,metric,,,,
Qwen/Qwen2.5-0.5B,16,0.6666666666666666,last_token,remove_language,,ja,en,r1,0.263671875,1024,2048,metric,,,,
Qwen/Qwen2.5-0.5B,16,0.6666666666666666,last_token,remove_language,,ja,en,mrr,0.3463529767210736,1024,2048,metric,,,,
Qwen/Qwen2.5-0.5B,16,0.6666666666666666,last_token,remove_language,,ja,ko,r1,0.39453125,1024,2048,metric,,,,
Qwen/Qwen2.5-0.5B,16,0.6666666666666666,last_token,remove_language,,ja,ko,mrr,0.4937471092535813,1024,2048,metric,,,,
Qwen/Qwen2.5-0.5B,16,0.6666666666666666,last_token,remove_language,,ja,zh,r1,0.30859375,1024,2048,metric,,,,
Qwen/Qwen2.5-0.5B,16,0.6666666666666666,last_token,remove_language,,ja,zh,mrr,0.39585773240615063,1024,2048,metric,,,,
Qwen/Qwen2.5-0.5B,16,0.6666666666666666,last_token,remove_language,,zh,en,r1,0.6796875,1024,2048,metric,,,,
Qwen/Qwen2.5-0.5B,16,0.6666666666666666,last_token,remove_language,,zh,en,mrr,0.7321324208961939,1024,2048,metric,,,,
Qwen/Qwen2.5-0.5B,16,0.6666666666666666,last_token,remove_language,,zh,ko,r1,0.302734375,1024,2048,metric,,,,
Qwen/Qwen2.5-0.5B,16,0.6666666666666666,last_token,remove_language,,zh,ko,mrr,0.39063944194988004,1024,2048,metric,,,,
Qwen/Qwen2.5-0.5B,16,0.6666666666666666,last_token,remove_language,,zh,ja,r1,0.41015625,1024,2048,metric,,,,
Qwen/Qwen2.5-0.5B,16,0.6666666666666666,last_token,remove_language,,zh,ja,mrr,0.49356677203118227,1024,2048,metric,,,,
Qwen/Qwen2.5-0.5B,17,0.7083333333333334,last_token,remove_language,,en,ko,r1,0.146484375,1024,2048,metric,,,,
Qwen/Qwen2.5-0.5B,17,0.7083333333333334,last_token,remove_language,,en,ko,mrr,0.22151677260495545,1024,2048,metric,,,,
Qwen/Qwen2.5-0.5B,17,0.7083333333333334,last_token,remove_language,,en,ja,r1,0.201171875,1024,2048,metric,,,,
Qwen/Qwen2.5-0.5B,17,0.7083333333333334,last_token,remove_language,,en,ja,mrr,0.266960362123994,1024,2048,metric,,,,
Qwen/Qwen2.5-0.5B,17,0.7083333333333334,last_token,remove_language,,en,zh,r1,0.419921875,1024,2048,metric,,,,
Qwen/Qwen2.5-0.5B,17,0.7083333333333334,last_token,remove_language,,en,zh,mrr,0.49595318450279113,1024,2048,metric,,,,
Qwen/Qwen2.5-0.5B,17,0.7083333333333334,last_token,remove_language,,ko,en,r1,0.138671875,1024,2048,metric,,,,
Qwen/Qwen2.5-0.5B,17,0.7083333333333334,last_token,remove_language,,ko,en,mrr,0.20663955754483795,1024,2048,metric,,,,
Qwen/Qwen2.5-0.5B,17,0.7083333333333334,last_token,remove_language,,ko,ja,r1,0.16796875,1024,2048,metric,,,,
Qwen/Qwen2.5-0.5B,17,0.7083333333333334,last_token,remove_language,,ko,ja,mrr,0.24656819660651907,1024,2048,metric,,,,
Qwen/Qwen2.5-0.5B,17,0.7083333333333334,last_token,remove_language,,ko,zh,r1,0.09765625,1024,2048,metric,,,,
Qwen/Qwen2.5-0.5B,17,0.7083333333333334,last_token,remove_language,,ko,zh,mrr,0.16630238849669793,1024,2048,metric,,,,
Qwen/Qwen2.5-0.5B,17,0.7083333333333334,last_token,remove_language,,ja,en,r1,0.18359375,1024,2048,metric,,,,
Qwen/Qwen2.5-0.5B,17,0.7083333333333334,last_token,remove_language,,ja,en,mrr,0.2627866447689428,1024,2048,metric,,,,
Qwen/Qwen2.5-0.5B,17,0.7083333333333334,last_token,remove_language,,ja,ko,r1,0.20703125,1024,2048,metric,,,,
Qwen/Qwen2.5-0.5B,17,0.7083333333333334,last_token,remove_language,,ja,ko,mrr,0.274496828500036,1024,2048,metric,,,,
Qwen/Qwen2.5-0.5B,17,0.7083333333333334,last_token,remove_language,,ja,zh,r1,0.185546875,1024,2048,metric,,,,
Qwen/Qwen2.5-0.5B,17,0.7083333333333334,last_token,remove_language,,ja,zh,mrr,0.2577193630045176,1024,2048,metric,,,,
Qwen/Qwen2.5-0.5B,17,0.7083333333333334,last_token,remove_language,,zh,en,r1,0.51171875,1024,2048,metric,,,,
Qwen/Qwen2.5-0.5B,17,0.7083333333333334,last_token,remove_language,,zh,en,mrr,0.5849293916152226,1024,2048,metric,,,,
Qwen/Qwen2.5-0.5B,17,0.7083333333333334,last_token,remove_language,,zh,ko,r1,0.154296875,1024,2048,metric,,,,
Qwen/Qwen2.5-0.5B,17,0.7083333333333334,last_token,remove_language,,zh,ko,mrr,0.2174304905956637,1024,2048,metric,,,,
Qwen/Qwen2.5-0.5B,17,0.7083333333333334,last_token,remove_language,,zh,ja,r1,0.21875,1024,2048,metric,,,,
Qwen/Qwen2.5-0.5B,17,0.7083333333333334,last_token,remove_language,,zh,ja,mrr,0.29480796165610257,1024,2048,metric,,,,
Qwen/Qwen2.5-0.5B,18,0.75,last_token,remove_language,,en,ko,r1,0.13671875,1024,2048,metric,,,,
Qwen/Qwen2.5-0.5B,18,0.75,last_token,remove_language,,en,ko,mrr,0.2167631183525947,1024,2048,metric,,,,
Qwen/Qwen2.5-0.5B,18,0.75,last_token,remove_language,,en,ja,r1,0.208984375,1024,2048,metric,,,,
Qwen/Qwen2.5-0.5B,18,0.75,last_token,remove_language,,en,ja,mrr,0.27949422294628995,1024,2048,metric,,,,
Qwen/Qwen2.5-0.5B,18,0.75,last_token,remove_language,,en,zh,r1,0.4453125,1024,2048,metric,,,,
Qwen/Qwen2.5-0.5B,18,0.75,last_token,remove_language,,en,zh,mrr,0.5205442941702563,1024,2048,metric,,,,
Qwen/Qwen2.5-0.5B,18,0.75,last_token,remove_language,,ko,en,r1,0.142578125,1024,2048,metric,,,,
Qwen/Qwen2.5-0.5B,18,0.75,last_token,remove_language,,ko,en,mrr,0.21090386607182698,1024,2048,metric,,,,
Qwen/Qwen2.5-0.5B,18,0.75,last_token,remove_language,,ko,ja,r1,0.203125,1024,2048,metric,,,,
Qwen/Qwen2.5-0.5B,18,0.75,last_token,remove_language,,ko,ja,mrr,0.26945530433034287,1024,2048,metric,,,,
Qwen/Qwen2.5-0.5B,18,0.75,last_token,remove_language,,ko,zh,r1,0.08984375,1024,2048,metric,,,,
Qwen/Qwen2.5-0.5B,18,0.75,last_token,remove_language,,ko,zh,mrr,0.14422655604542495,1024,2048,metric,,,,
Qwen/Qwen2.5-0.5B,18,0.75,last_token,remove_language,,ja,en,r1,0.162109375,1024,2048,metric,,,,
Qwen/Qwen2.5-0.5B,18,0.75,last_token,remove_language,,ja,en,mrr,0.2490011398532784,1024,2048,metric,,,,
Qwen/Qwen2.5-0.5B,18,0.75,last_token,remove_language,,ja,ko,r1,0.21484375,1024,2048,metric,,,,
Qwen/Qwen2.5-0.5B,18,0.75,last_token,remove_language,,ja,ko,mrr,0.28991226111580504,1024,2048,metric,,,,
Qwen/Qwen2.5-0.5B,18,0.75,last_token,remove_language,,ja,zh,r1,0.189453125,1024,2048,metric,,,,
Qwen/Qwen2.5-0.5B,18,0.75,last_token,remove_language,,ja,zh,mrr,0.24643694999700236,1024,2048,metric,,,,
Qwen/Qwen2.5-0.5B,18,0.75,last_token,remove_language,,zh,en,r1,0.501953125,1024,2048,metric,,,,
Qwen/Qwen2.5-0.5B,18,0.75,last_token,remove_language,,zh,en,mrr,0.5913515821252937,1024,2048,metric,,,,
Qwen/Qwen2.5-0.5B,18,0.75,last_token,remove_language,,zh,ko,r1,0.095703125,1024,2048,metric,,,,
Qwen/Qwen2.5-0.5B,18,0.75,last_token,remove_language,,zh,ko,mrr,0.16386565864311065,1024,2048,metric,,,,
Qwen/Qwen2.5-0.5B,18,0.75,last_token,remove_language,,zh,ja,r1,0.173828125,1024,2048,metric,,,,
Qwen/Qwen2.5-0.5B,18,0.75,last_token,remove_language,,zh,ja,mrr,0.2540429226683344,1024,2048,metric,,,,
Qwen/Qwen2.5-0.5B,19,0.7916666666666666,last_token,remove_language,,en,ko,r1,0.16015625,1024,2048,metric,,,,
Qwen/Qwen2.5-0.5B,19,0.7916666666666666,last_token,remove_language,,en,ko,mrr,0.24450658076497286,1024,2048,metric,,,,
Qwen/Qwen2.5-0.5B,19,0.7916666666666666,last_token,remove_language,,en,ja,r1,0.234375,1024,2048,metric,,,,
Qwen/Qwen2.5-0.5B,19,0.7916666666666666,last_token,remove_language,,en,ja,mrr,0.32349891761178295,1024,2048,metric,,,,
Qwen/Qwen2.5-0.5B,19,0.7916666666666666,last_token,remove_language,,en,zh,r1,0.5234375,1024,2048,metric,,,,
Qwen/Qwen2.5-0.5B,19,0.7916666666666666,last_token,remove_language,,en,zh,mrr,0.6014863406176156,1024,2048,metric,,,,
Qwen/Qwen2.5-0.5B,19,0.7916666666666666,last_token,remove_language,,ko,en,r1,0.146484375,1024,2048,metric,,,,
Qwen/Qwen2.5-0.5B,19,0.7916666666666666,last_token,remove_language,,ko,en,mrr,0.22188101694549842,1024,2048,metric,,,,
Qwen/Qwen2.5-0.5B,19,0.7916666666666666,last_token,remove_language,,ko,ja,r1,0.203125,1024,2048,metric,,,,
Qwen/Qwen2.5-0.5B,19,0.7916666666666666,last_token,remove_language,,ko,ja,mrr,0.27848783267926236,1024,2048,metric,,,,
Qwen/Qwen2.5-0.5B,19,0.7916666666666666,last_token,remove_language,,ko,zh,r1,0.1015625,1024,2048,metric,,,,
Qwen/Qwen2.5-0.5B,19,0.7916666666666666,last_token,remove_language,,ko,zh,mrr,0.1752754163704277,1024,2048,metric,,,,
Qwen/Qwen2.5-0.5B,19,0.7916666666666666,last_token,remove_language,,ja,en,r1,0.19921875,1024,2048,metric,,,,
Qwen/Qwen2.5-0.5B,19,0.7916666666666666,last_token,remove_language,,ja,en,mrr,0.28595482524999494,1024,2048,metric,,,,
Qwen/Qwen2.5-0.5B,19,0.7916666666666666,last_token,remove_language,,ja,ko,r1,0.232421875,1024,2048,metric,,,,
Qwen/Qwen2.5-0.5B,19,0.7916666666666666,last_token,remove_language,,ja,ko,mrr,0.30200996943864483,1024,2048,metric,,,,
Qwen/Qwen2.5-0.5B,19,0.7916666666666666,last_token,remove_language,,ja,zh,r1,0.2109375,1024,2048,metric,,,,
Qwen/Qwen2.5-0.5B,19,0.7916666666666666,last_token,remove_language,,ja,zh,mrr,0.2820429744838765,1024,2048,metric,,,,
Qwen/Qwen2.5-0.5B,19,0.7916666666666666,last_token,remove_language,,zh,en,r1,0.55078125,1024,2048,metric,,,,
Qwen/Qwen2.5-0.5B,19,0.7916666666666666,last_token,remove_language,,zh,en,mrr,0.63230817749093,1024,2048,metric,,,,
Qwen/Qwen2.5-0.5B,19,0.7916666666666666,last_token,remove_language,,zh,ko,r1,0.125,1024,2048,metric,,,,
Qwen/Qwen2.5-0.5B,19,0.7916666666666666,last_token,remove_language,,zh,ko,mrr,0.19207946616481036,1024,2048,metric,,,,
Qwen/Qwen2.5-0.5B,19,0.7916666666666666,last_token,remove_language,,zh,ja,r1,0.2109375,1024,2048,metric,,,,
Qwen/Qwen2.5-0.5B,19,0.7916666666666666,last_token,remove_language,,zh,ja,mrr,0.2908642710901521,1024,2048,metric,,,,
Qwen/Qwen2.5-0.5B,20,0.8333333333333334,last_token,remove_language,,en,ko,r1,0.16015625,1024,2048,metric,,,,
Qwen/Qwen2.5-0.5B,20,0.8333333333333334,last_token,remove_language,,en,ko,mrr,0.24457965289311176,1024,2048,metric,,,,
Qwen/Qwen2.5-0.5B,20,0.8333333333333334,last_token,remove_language,,en,ja,r1,0.21484375,1024,2048,metric,,,,
Qwen/Qwen2.5-0.5B,20,0.8333333333333334,last_token,remove_language,,en,ja,mrr,0.3040905884533903,1024,2048,metric,,,,
Qwen/Qwen2.5-0.5B,20,0.8333333333333334,last_token,remove_language,,en,zh,r1,0.50390625,1024,2048,metric,,,,
Qwen/Qwen2.5-0.5B,20,0.8333333333333334,last_token,remove_language,,en,zh,mrr,0.5718808542991602,1024,2048,metric,,,,
Qwen/Qwen2.5-0.5B,20,0.8333333333333334,last_token,remove_language,,ko,en,r1,0.13671875,1024,2048,metric,,,,
Qwen/Qwen2.5-0.5B,20,0.8333333333333334,last_token,remove_language,,ko,en,mrr,0.20650760212753125,1024,2048,metric,,,,
Qwen/Qwen2.5-0.5B,20,0.8333333333333334,last_token,remove_language,,ko,ja,r1,0.16015625,1024,2048,metric,,,,
Qwen/Qwen2.5-0.5B,20,0.8333333333333334,last_token,remove_language,,ko,ja,mrr,0.2396514779167505,1024,2048,metric,,,,
Qwen/Qwen2.5-0.5B,20,0.8333333333333334,last_token,remove_language,,ko,zh,r1,0.083984375,1024,2048,metric,,,,
Qwen/Qwen2.5-0.5B,20,0.8333333333333334,last_token,remove_language,,ko,zh,mrr,0.1523264315994167,1024,2048,metric,,,,
Qwen/Qwen2.5-0.5B,20,0.8333333333333334,last_token,remove_language,,ja,en,r1,0.16796875,1024,2048,metric,,,,
Qwen/Qwen2.5-0.5B,20,0.8333333333333334,last_token,remove_language,,ja,en,mrr,0.2566640471775823,1024,2048,metric,,,,
Qwen/Qwen2.5-0.5B,20,0.8333333333333334,last_token,remove_language,,ja,ko,r1,0.2265625,1024,2048,metric,,,,
Qwen/Qwen2.5-0.5B,20,0.8333333333333334,last_token,remove_language,,ja,ko,mrr,0.2912918841093809,1024,2048,metric,,,,
Qwen/Qwen2.5-0.5B,20,0.8333333333333334,last_token,remove_language,,ja,zh,r1,0.1796875,1024,2048,metric,,,,
Qwen/Qwen2.5-0.5B,20,0.8333333333333334,last_token,remove_language,,ja,zh,mrr,0.25577427275036735,1024,2048,metric,,,,
Qwen/Qwen2.5-0.5B,20,0.8333333333333334,last_token,remove_language,,zh,en,r1,0.52734375,1024,2048,metric,,,,
Qwen/Qwen2.5-0.5B,20,0.8333333333333334,last_token,remove_language,,zh,en,mrr,0.611219249107875,1024,2048,metric,,,,
Qwen/Qwen2.5-0.5B,20,0.8333333333333334,last_token,remove_language,,zh,ko,r1,0.126953125,1024,2048,metric,,,,
Qwen/Qwen2.5-0.5B,20,0.8333333333333334,last_token,remove_language,,zh,ko,mrr,0.1996699916085833,1024,2048,metric,,,,
Qwen/Qwen2.5-0.5B,20,0.8333333333333334,last_token,remove_language,,zh,ja,r1,0.185546875,1024,2048,metric,,,,
Qwen/Qwen2.5-0.5B,20,0.8333333333333334,last_token,remove_language,,zh,ja,mrr,0.271945062165008,1024,2048,metric,,,,
Qwen/Qwen2.5-0.5B,21,0.875,last_token,remove_language,,en,ko,r1,0.275390625,1024,2048,metric,,,,
Qwen/Qwen2.5-0.5B,21,0.875,last_token,remove_language,,en,ko,mrr,0.361586975914936,1024,2048,metric,,,,
Qwen/Qwen2.5-0.5B,21,0.875,last_token,remove_language,,en,ja,r1,0.390625,1024,2048,metric,,,,
Qwen/Qwen2.5-0.5B,21,0.875,last_token,remove_language,,en,ja,mrr,0.48139123194936473,1024,2048,metric,,,,
Qwen/Qwen2.5-0.5B,21,0.875,last_token,remove_language,,en,zh,r1,0.654296875,1024,2048,metric,,,,
Qwen/Qwen2.5-0.5B,21,0.875,last_token,remove_language,,en,zh,mrr,0.7218488819741244,1024,2048,metric,,,,
Qwen/Qwen2.5-0.5B,21,0.875,last_token,remove_language,,ko,en,r1,0.19140625,1024,2048,metric,,,,
Qwen/Qwen2.5-0.5B,21,0.875,last_token,remove_language,,ko,en,mrr,0.2699680696459822,1024,2048,metric,,,,
Qwen/Qwen2.5-0.5B,21,0.875,last_token,remove_language,,ko,ja,r1,0.28515625,1024,2048,metric,,,,
Qwen/Qwen2.5-0.5B,21,0.875,last_token,remove_language,,ko,ja,mrr,0.3636491159093368,1024,2048,metric,,,,
Qwen/Qwen2.5-0.5B,21,0.875,last_token,remove_language,,ko,zh,r1,0.12890625,1024,2048,metric,,,,
Qwen/Qwen2.5-0.5B,21,0.875,last_token,remove_language,,ko,zh,mrr,0.22484888150626192,1024,2048,metric,,,,
Qwen/Qwen2.5-0.5B,21,0.875,last_token,remove_language,,ja,en,r1,0.337890625,1024,2048,metric,,,,
Qwen/Qwen2.5-0.5B,21,0.875,last_token,remove_language,,ja,en,mrr,0.445108264303377,1024,2048,metric,,,,
Qwen/Qwen2.5-0.5B,21,0.875,last_token,remove_language,,ja,ko,r1,0.341796875,1024,2048,metric,,,,
Qwen/Qwen2.5-0.5B,21,0.875,last_token,remove_language,,ja,ko,mrr,0.42428928650251774,1024,2048,metric,,,,
Qwen/Qwen2.5-0.5B,21,0.875,last_token,remove_language,,ja,zh,r1,0.322265625,1024,2048,metric,,,,
Qwen/Qwen2.5-0.5B,21,0.875,last_token,remove_language,,ja,zh,mrr,0.4322573418467305,1024,2048,metric,,,,
Qwen/Qwen2.5-0.5B,21,0.875,last_token,remove_language,,zh,en,r1,0.73046875,1024,2048,metric,,,,
Qwen/Qwen2.5-0.5B,21,0.875,last_token,remove_language,,zh,en,mrr,0.7878933002781074,1024,2048,metric,,,,
Qwen/Qwen2.5-0.5B,21,0.875,last_token,remove_language,,zh,ko,r1,0.236328125,1024,2048,metric,,,,
Qwen/Qwen2.5-0.5B,21,0.875,last_token,remove_language,,zh,ko,mrr,0.31989431199731344,1024,2048,metric,,,,
Qwen/Qwen2.5-0.5B,21,0.875,last_token,remove_language,,zh,ja,r1,0.34375,1024,2048,metric,,,,
Qwen/Qwen2.5-0.5B,21,0.875,last_token,remove_language,,zh,ja,mrr,0.4458407168297422,1024,2048,metric,,,,
Qwen/Qwen2.5-0.5B,22,0.9166666666666666,last_token,remove_language,,en,ko,r1,0.31640625,1024,2048,metric,,,,
Qwen/Qwen2.5-0.5B,22,0.9166666666666666,last_token,remove_language,,en,ko,mrr,0.4022178469278146,1024,2048,metric,,,,
Qwen/Qwen2.5-0.5B,22,0.9166666666666666,last_token,remove_language,,en,ja,r1,0.4765625,1024,2048,metric,,,,
Qwen/Qwen2.5-0.5B,22,0.9166666666666666,last_token,remove_language,,en,ja,mrr,0.5593910293734909,1024,2048,metric,,,,
Qwen/Qwen2.5-0.5B,22,0.9166666666666666,last_token,remove_language,,en,zh,r1,0.74609375,1024,2048,metric,,,,
Qwen/Qwen2.5-0.5B,22,0.9166666666666666,last_token,remove_language,,en,zh,mrr,0.7982868995925099,1024,2048,metric,,,,
Qwen/Qwen2.5-0.5B,22,0.9166666666666666,last_token,remove_language,,ko,en,r1,0.19921875,1024,2048,metric,,,,
Qwen/Qwen2.5-0.5B,22,0.9166666666666666,last_token,remove_language,,ko,en,mrr,0.2821913267762662,1024,2048,metric,,,,
Qwen/Qwen2.5-0.5B,22,0.9166666666666666,last_token,remove_language,,ko,ja,r1,0.265625,1024,2048,metric,,,,
Qwen/Qwen2.5-0.5B,22,0.9166666666666666,last_token,remove_language,,ko,ja,mrr,0.3379240638935237,1024,2048,metric,,,,
Qwen/Qwen2.5-0.5B,22,0.9166666666666666,last_token,remove_language,,ko,zh,r1,0.185546875,1024,2048,metric,,,,
Qwen/Qwen2.5-0.5B,22,0.9166666666666666,last_token,remove_language,,ko,zh,mrr,0.26716304488843345,1024,2048,metric,,,,
Qwen/Qwen2.5-0.5B,22,0.9166666666666666,last_token,remove_language,,ja,en,r1,0.419921875,1024,2048,metric,,,,
Qwen/Qwen2.5-0.5B,22,0.9166666666666666,last_token,remove_language,,ja,en,mrr,0.5245970452314594,1024,2048,metric,,,,
Qwen/Qwen2.5-0.5B,22,0.9166666666666666,last_token,remove_language,,ja,ko,r1,0.400390625,1024,2048,metric,,,,
Qwen/Qwen2.5-0.5B,22,0.9166666666666666,last_token,remove_language,,ja,ko,mrr,0.479332550153852,1024,2048,metric,,,,
Qwen/Qwen2.5-0.5B,22,0.9166666666666666,last_token,remove_language,,ja,zh,r1,0.439453125,1024,2048,metric,,,,
Qwen/Qwen2.5-0.5B,22,0.9166666666666666,last_token,remove_language,,ja,zh,mrr,0.540920124574954,1024,2048,metric,,,,
Qwen/Qwen2.5-0.5B,22,0.9166666666666666,last_token,remove_language,,zh,en,r1,0.796875,1024,2048,metric,,,,
Qwen/Qwen2.5-0.5B,22,0.9166666666666666,last_token,remove_language,,zh,en,mrr,0.8498586262271579,1024,2048,metric,,,,
Qwen/Qwen2.5-0.5B,22,0.9166666666666666,last_token,remove_language,,zh,ko,r1,0.294921875,1024,2048,metric,,,,
Qwen/Qwen2.5-0.5B,22,0.9166666666666666,last_token,remove_language,,zh,ko,mrr,0.38465981486800405,1024,2048,metric,,,,
Qwen/Qwen2.5-0.5B,22,0.9166666666666666,last_token,remove_language,,zh,ja,r1,0.501953125,1024,2048,metric,,,,
Qwen/Qwen2.5-0.5B,22,0.9166666666666666,last_token,remove_language,,zh,ja,mrr,0.5888660133195034,1024,2048,metric,,,,
Qwen/Qwen2.5-0.5B,23,0.9583333333333334,last_token,remove_language,,en,ko,r1,0.212890625,1024,2048,metric,,,,
Qwen/Qwen2.5-0.5B,23,0.9583333333333334,last_token,remove_language,,en,ko,mrr,0.3021553146969998,1024,2048,metric,,,,
Qwen/Qwen2.5-0.5B,23,0.9583333333333334,last_token,remove_language,,en,ja,r1,0.392578125,1024,2048,metric,,,,
Qwen/Qwen2.5-0.5B,23,0.9583333333333334,last_token,remove_language,,en,ja,mrr,0.48376460849756514,1024,2048,metric,,,,
Qwen/Qwen2.5-0.5B,23,0.9583333333333334,last_token,remove_language,,en,zh,r1,0.732421875,1024,2048,metric,,,,
Qwen/Qwen2.5-0.5B,23,0.9583333333333334,last_token,remove_language,,en,zh,mrr,0.7932887617713567,1024,2048,metric,,,,
Qwen/Qwen2.5-0.5B,23,0.9583333333333334,last_token,remove_language,,ko,en,r1,0.150390625,1024,2048,metric,,,,
Qwen/Qwen2.5-0.5B,23,0.9583333333333334,last_token,remove_language,,ko,en,mrr,0.22949175671365823,1024,2048,metric,,,,
Qwen/Qwen2.5-0.5B,23,0.9583333333333334,last_token,remove_language,,ko,ja,r1,0.23828125,1024,2048,metric,,,,
Qwen/Qwen2.5-0.5B,23,0.9583333333333334,last_token,remove_language,,ko,ja,mrr,0.301060868434388,1024,2048,metric,,,,
Qwen/Qwen2.5-0.5B,23,0.9583333333333334,last_token,remove_language,,ko,zh,r1,0.162109375,1024,2048,metric,,,,
Qwen/Qwen2.5-0.5B,23,0.9583333333333334,last_token,remove_language,,ko,zh,mrr,0.24422022940327776,1024,2048,metric,,,,
Qwen/Qwen2.5-0.5B,23,0.9583333333333334,last_token,remove_language,,ja,en,r1,0.400390625,1024,2048,metric,,,,
Qwen/Qwen2.5-0.5B,23,0.9583333333333334,last_token,remove_language,,ja,en,mrr,0.5041806496234705,1024,2048,metric,,,,
Qwen/Qwen2.5-0.5B,23,0.9583333333333334,last_token,remove_language,,ja,ko,r1,0.33203125,1024,2048,metric,,,,
Qwen/Qwen2.5-0.5B,23,0.9583333333333334,last_token,remove_language,,ja,ko,mrr,0.40439379729826586,1024,2048,metric,,,,
Qwen/Qwen2.5-0.5B,23,0.9583333333333334,last_token,remove_language,,ja,zh,r1,0.423828125,1024,2048,metric,,,,
Qwen/Qwen2.5-0.5B,23,0.9583333333333334,last_token,remove_language,,ja,zh,mrr,0.5239229709689274,1024,2048,metric,,,,
Qwen/Qwen2.5-0.5B,23,0.9583333333333334,last_token,remove_language,,zh,en,r1,0.8046875,1024,2048,metric,,,,
Qwen/Qwen2.5-0.5B,23,0.9583333333333334,last_token,remove_language,,zh,en,mrr,0.8557843727315182,1024,2048,metric,,,,
Qwen/Qwen2.5-0.5B,23,0.9583333333333334,last_token,remove_language,,zh,ko,r1,0.20703125,1024,2048,metric,,,,
Qwen/Qwen2.5-0.5B,23,0.9583333333333334,last_token,remove_language,,zh,ko,mrr,0.2894286554388946,1024,2048,metric,,,,
Qwen/Qwen2.5-0.5B,23,0.9583333333333334,last_token,remove_language,,zh,ja,r1,0.43359375,1024,2048,metric,,,,
Qwen/Qwen2.5-0.5B,23,0.9583333333333334,last_token,remove_language,,zh,ja,mrr,0.5233734984533629,1024,2048,metric,,,,
Qwen/Qwen2.5-0.5B,24,1.0,last_token,remove_language,,en,ko,r1,0.013671875,1024,2048,metric,,,,
Qwen/Qwen2.5-0.5B,24,1.0,last_token,remove_language,,en,ko,mrr,0.039917175178519754,1024,2048,metric,,,,
Qwen/Qwen2.5-0.5B,24,1.0,last_token,remove_language,,en,ja,r1,0.052734375,1024,2048,metric,,,,
Qwen/Qwen2.5-0.5B,24,1.0,last_token,remove_language,,en,ja,mrr,0.0860417847524173,1024,2048,metric,,,,
Qwen/Qwen2.5-0.5B,24,1.0,last_token,remove_language,,en,zh,r1,0.490234375,1024,2048,metric,,,,
Qwen/Qwen2.5-0.5B,24,1.0,last_token,remove_language,,en,zh,mrr,0.5629357174765666,1024,2048,metric,,,,
Qwen/Qwen2.5-0.5B,24,1.0,last_token,remove_language,,ko,en,r1,0.0234375,1024,2048,metric,,,,
Qwen/Qwen2.5-0.5B,24,1.0,last_token,remove_language,,ko,en,mrr,0.050644209323789546,1024,2048,metric,,,,
Qwen/Qwen2.5-0.5B,24,1.0,last_token,remove_language,,ko,ja,r1,0.13671875,1024,2048,metric,,,,
Qwen/Qwen2.5-0.5B,24,1.0,last_token,remove_language,,ko,ja,mrr,0.1875521811284056,1024,2048,metric,,,,
Qwen/Qwen2.5-0.5B,24,1.0,last_token,remove_language,,ko,zh,r1,0.017578125,1024,2048,metric,,,,
Qwen/Qwen2.5-0.5B,24,1.0,last_token,remove_language,,ko,zh,mrr,0.04313314100072941,1024,2048,metric,,,,
Qwen/Qwen2.5-0.5B,24,1.0,last_token,remove_language,,ja,en,r1,0.0546875,1024,2048,metric,,,,
Qwen/Qwen2.5-0.5B,24,1.0,last_token,remove_language,,ja,en,mrr,0.1019149278834233,1024,2048,metric,,,,
Qwen/Qwen2.5-0.5B,24,1.0,last_token,remove_language,,ja,ko,r1,0.1875,1024,2048,metric,,,,
Qwen/Qwen2.5-0.5B,24,1.0,last_token,remove_language,,ja,ko,mrr,0.24305430548521673,1024,2048,metric,,,,
Qwen/Qwen2.5-0.5B,24,1.0,last_token,remove_language,,ja,zh,r1,0.041015625,1024,2048,metric,,,,
Qwen/Qwen2.5-0.5B,24,1.0,last_token,remove_language,,ja,zh,mrr,0.09163224855611549,1024,2048,metric,,,,
Qwen/Qwen2.5-0.5B,24,1.0,last_token,remove_language,,zh,en,r1,0.53125,1024,2048,metric,,,,
Qwen/Qwen2.5-0.5B,24,1.0,last_token,remove_language,,zh,en,mrr,0.604256531720778,1024,2048,metric,,,,
Qwen/Qwen2.5-0.5B,24,1.0,last_token,remove_language,,zh,ko,r1,0.009765625,1024,2048,metric,,,,
Qwen/Qwen2.5-0.5B,24,1.0,last_token,remove_language,,zh,ko,mrr,0.03624704234283688,1024,2048,metric,,,,
Qwen/Qwen2.5-0.5B,24,1.0,last_token,remove_language,,zh,ja,r1,0.033203125,1024,2048,metric,,,,
Qwen/Qwen2.5-0.5B,24,1.0,last_token,remove_language,,zh,ja,mrr,0.07509968932768246,1024,2048,metric,,,,
Qwen/Qwen2.5-0.5B,7,0.2916666666666667,mean,remove_language,,en,ko,r1,0.009765625,1024,2048,metric,,,,
Qwen/Qwen2.5-0.5B,7,0.2916666666666667,mean,remove_language,,en,ko,mrr,0.03497657987902706,1024,2048,metric,,,,
Qwen/Qwen2.5-0.5B,7,0.2916666666666667,mean,remove_language,,en,ja,r1,0.044921875,1024,2048,metric,,,,
Qwen/Qwen2.5-0.5B,7,0.2916666666666667,mean,remove_language,,en,ja,mrr,0.08207938219050277,1024,2048,metric,,,,
Qwen/Qwen2.5-0.5B,7,0.2916666666666667,mean,remove_language,,en,zh,r1,0.76953125,1024,2048,metric,,,,
Qwen/Qwen2.5-0.5B,7,0.2916666666666667,mean,remove_language,,en,zh,mrr,0.7965135485454118,1024,2048,metric,,,,
Qwen/Qwen2.5-0.5B,7,0.2916666666666667,mean,remove_language,,ko,en,r1,0.556640625,1024,2048,metric,,,,
Qwen/Qwen2.5-0.5B,7,0.2916666666666667,mean,remove_language,,ko,en,mrr,0.6533674010556669,1024,2048,metric,,,,
Qwen/Qwen2.5-0.5B,7,0.2916666666666667,mean,remove_language,,ko,ja,r1,0.767578125,1024,2048,metric,,,,
Qwen/Qwen2.5-0.5B,7,0.2916666666666667,mean,remove_language,,ko,ja,mrr,0.8153987397740285,1024,2048,metric,,,,
Qwen/Qwen2.5-0.5B,7,0.2916666666666667,mean,remove_language,,ko,zh,r1,0.38671875,1024,2048,metric,,,,
Qwen/Qwen2.5-0.5B,7,0.2916666666666667,mean,remove_language,,ko,zh,mrr,0.48519396412416016,1024,2048,metric,,,,
Qwen/Qwen2.5-0.5B,7,0.2916666666666667,mean,remove_language,,ja,en,r1,0.76171875,1024,2048,metric,,,,
Qwen/Qwen2.5-0.5B,7,0.2916666666666667,mean,remove_language,,ja,en,mrr,0.8233614760606245,1024,2048,metric,,,,
Qwen/Qwen2.5-0.5B,7,0.2916666666666667,mean,remove_language,,ja,ko,r1,0.5703125,1024,2048,metric,,,,
Qwen/Qwen2.5-0.5B,7,0.2916666666666667,mean,remove_language,,ja,ko,mrr,0.6270584970722923,1024,2048,metric,,,,
Qwen/Qwen2.5-0.5B,7,0.2916666666666667,mean,remove_language,,ja,zh,r1,0.677734375,1024,2048,metric,,,,
Qwen/Qwen2.5-0.5B,7,0.2916666666666667,mean,remove_language,,ja,zh,mrr,0.7435792114895353,1024,2048,metric,,,,
Qwen/Qwen2.5-0.5B,7,0.2916666666666667,mean,remove_language,,zh,en,r1,0.837890625,1024,2048,metric,,,,
Qwen/Qwen2.5-0.5B,7,0.2916666666666667,mean,remove_language,,zh,en,mrr,0.8689098474323332,1024,2048,metric,,,,
Qwen/Qwen2.5-0.5B,7,0.2916666666666667,mean,remove_language,,zh,ko,r1,0.0390625,1024,2048,metric,,,,
Qwen/Qwen2.5-0.5B,7,0.2916666666666667,mean,remove_language,,zh,ko,mrr,0.07418439703464981,1024,2048,metric,,,,
Qwen/Qwen2.5-0.5B,7,0.2916666666666667,mean,remove_language,,zh,ja,r1,0.126953125,1024,2048,metric,,,,
Qwen/Qwen2.5-0.5B,7,0.2916666666666667,mean,remove_language,,zh,ja,mrr,0.1776086522545252,1024,2048,metric,,,,
Qwen/Qwen2.5-0.5B,8,0.3333333333333333,mean,remove_language,,en,ko,r1,0.90234375,1024,2048,metric,,,,
Qwen/Qwen2.5-0.5B,8,0.3333333333333333,mean,remove_language,,en,ko,mrr,0.9247209705024669,1024,2048,metric,,,,
Qwen/Qwen2.5-0.5B,8,0.3333333333333333,mean,remove_language,,en,ja,r1,0.95703125,1024,2048,metric,,,,
Qwen/Qwen2.5-0.5B,8,0.3333333333333333,mean,remove_language,,en,ja,mrr,0.9669163781719282,1024,2048,metric,,,,
Qwen/Qwen2.5-0.5B,8,0.3333333333333333,mean,remove_language,,en,zh,r1,0.947265625,1024,2048,metric,,,,
Qwen/Qwen2.5-0.5B,8,0.3333333333333333,mean,remove_language,,en,zh,mrr,0.9625146194690837,1024,2048,metric,,,,
Qwen/Qwen2.5-0.5B,8,0.3333333333333333,mean,remove_language,,ko,en,r1,0.7109375,1024,2048,metric,,,,
Qwen/Qwen2.5-0.5B,8,0.3333333333333333,mean,remove_language,,ko,en,mrr,0.7733766324335934,1024,2048,metric,,,,
Qwen/Qwen2.5-0.5B,8,0.3333333333333333,mean,remove_language,,ko,ja,r1,0.904296875,1024,2048,metric,,,,
Qwen/Qwen2.5-0.5B,8,0.3333333333333333,mean,remove_language,,ko,ja,mrr,0.933766095993445,1024,2048,metric,,,,
Qwen/Qwen2.5-0.5B,8,0.3333333333333333,mean,remove_language,,ko,zh,r1,0.654296875,1024,2048,metric,,,,
Qwen/Qwen2.5-0.5B,8,0.3333333333333333,mean,remove_language,,ko,zh,mrr,0.70986313001305,1024,2048,metric,,,,
Qwen/Qwen2.5-0.5B,8,0.3333333333333333,mean,remove_language,,ja,en,r1,0.87890625,1024,2048,metric,,,,
Qwen/Qwen2.5-0.5B,8,0.3333333333333333,mean,remove_language,,ja,en,mrr,0.9144088636483172,1024,2048,metric,,,,
Qwen/Qwen2.5-0.5B,8,0.3333333333333333,mean,remove_language,,ja,ko,r1,0.927734375,1024,2048,metric,,,,
Qwen/Qwen2.5-0.5B,8,0.3333333333333333,mean,remove_language,,ja,ko,mrr,0.9454007146595049,1024,2048,metric,,,,
Qwen/Qwen2.5-0.5B,8,0.3333333333333333,mean,remove_language,,ja,zh,r1,0.845703125,1024,2048,metric,,,,
Qwen/Qwen2.5-0.5B,8,0.3333333333333333,mean,remove_language,,ja,zh,mrr,0.8805135225762213,1024,2048,metric,,,,
Qwen/Qwen2.5-0.5B,8,0.3333333333333333,mean,remove_language,,zh,en,r1,0.958984375,1024,2048,metric,,,,
Qwen/Qwen2.5-0.5B,8,0.3333333333333333,mean,remove_language,,zh,en,mrr,0.9696753604468449,1024,2048,metric,,,,
Qwen/Qwen2.5-0.5B,8,0.3333333333333333,mean,remove_language,,zh,ko,r1,0.796875,1024,2048,metric,,,,
Qwen/Qwen2.5-0.5B,8,0.3333333333333333,mean,remove_language,,zh,ko,mrr,0.8502373770208729,1024,2048,metric,,,,
Qwen/Qwen2.5-0.5B,8,0.3333333333333333,mean,remove_language,,zh,ja,r1,0.92578125,1024,2048,metric,,,,
Qwen/Qwen2.5-0.5B,8,0.3333333333333333,mean,remove_language,,zh,ja,mrr,0.9451176317936328,1024,2048,metric,,,,
Qwen/Qwen2.5-0.5B,9,0.375,mean,remove_language,,en,ko,r1,0.87890625,1024,2048,metric,,,,
Qwen/Qwen2.5-0.5B,9,0.375,mean,remove_language,,en,ko,mrr,0.9108515663529236,1024,2048,metric,,,,
Qwen/Qwen2.5-0.5B,9,0.375,mean,remove_language,,en,ja,r1,0.943359375,1024,2048,metric,,,,
Qwen/Qwen2.5-0.5B,9,0.375,mean,remove_language,,en,ja,mrr,0.9582338568337996,1024,2048,metric,,,,
Qwen/Qwen2.5-0.5B,9,0.375,mean,remove_language,,en,zh,r1,0.955078125,1024,2048,metric,,,,
Qwen/Qwen2.5-0.5B,9,0.375,mean,remove_language,,en,zh,mrr,0.9685021971763874,1024,2048,metric,,,,
Qwen/Qwen2.5-0.5B,9,0.375,mean,remove_language,,ko,en,r1,0.763671875,1024,2048,metric,,,,
Qwen/Qwen2.5-0.5B,9,0.375,mean,remove_language,,ko,en,mrr,0.8160854997588148,1024,2048,metric,,,,
Qwen/Qwen2.5-0.5B,9,0.375,mean,remove_language,,ko,ja,r1,0.916015625,1024,2048,metric,,,,
Qwen/Qwen2.5-0.5B,9,0.375,mean,remove_language,,ko,ja,mrr,0.9385419005498337,1024,2048,metric,,,,
Qwen/Qwen2.5-0.5B,9,0.375,mean,remove_language,,ko,zh,r1,0.705078125,1024,2048,metric,,,,
Qwen/Qwen2.5-0.5B,9,0.375,mean,remove_language,,ko,zh,mrr,0.7556457861146093,1024,2048,metric,,,,
Qwen/Qwen2.5-0.5B,9,0.375,mean,remove_language,,ja,en,r1,0.896484375,1024,2048,metric,,,,
Qwen/Qwen2.5-0.5B,9,0.375,mean,remove_language,,ja,en,mrr,0.9270502882071159,1024,2048,metric,,,,
Qwen/Qwen2.5-0.5B,9,0.375,mean,remove_language,,ja,ko,r1,0.916015625,1024,2048,metric,,,,
Qwen/Qwen2.5-0.5B,9,0.375,mean,remove_language,,ja,ko,mrr,0.9382089186436203,1024,2048,metric,,,,
Qwen/Qwen2.5-0.5B,9,0.375,mean,remove_language,,ja,zh,r1,0.8828125,1024,2048,metric,,,,
Qwen/Qwen2.5-0.5B,9,0.375,mean,remove_language,,ja,zh,mrr,0.9117134600624239,1024,2048,metric,,,,
Qwen/Qwen2.5-0.5B,9,0.375,mean,remove_language,,zh,en,r1,0.95703125,1024,2048,metric,,,,
Qwen/Qwen2.5-0.5B,9,0.375,mean,remove_language,,zh,en,mrr,0.969555581383043,1024,2048,metric,,,,
Qwen/Qwen2.5-0.5B,9,0.375,mean,remove_language,,zh,ko,r1,0.794921875,1024,2048,metric,,,,
Qwen/Qwen2.5-0.5B,9,0.375,mean,remove_language,,zh,ko,mrr,0.850683208757248,1024,2048,metric,,,,
Qwen/Qwen2.5-0.5B,9,0.375,mean,remove_language,,zh,ja,r1,0.91796875,1024,2048,metric,,,,
Qwen/Qwen2.5-0.5B,9,0.375,mean,remove_language,,zh,ja,mrr,0.9411314202383357,1024,2048,metric,,,,
Qwen/Qwen2.5-0.5B,10,0.4166666666666667,mean,remove_language,,en,ko,r1,0.8671875,1024,2048,metric,,,,
Qwen/Qwen2.5-0.5B,10,0.4166666666666667,mean,remove_language,,en,ko,mrr,0.898986723005455,1024,2048,metric,,,,
Qwen/Qwen2.5-0.5B,10,0.4166666666666667,mean,remove_language,,en,ja,r1,0.9375,1024,2048,metric,,,,
Qwen/Qwen2.5-0.5B,10,0.4166666666666667,mean,remove_language,,en,ja,mrr,0.9542797123852166,1024,2048,metric,,,,
Qwen/Qwen2.5-0.5B,10,0.4166666666666667,mean,remove_language,,en,zh,r1,0.94921875,1024,2048,metric,,,,
Qwen/Qwen2.5-0.5B,10,0.4166666666666667,mean,remove_language,,en,zh,mrr,0.9650920940625182,1024,2048,metric,,,,
Qwen/Qwen2.5-0.5B,10,0.4166666666666667,mean,remove_language,,ko,en,r1,0.759765625,1024,2048,metric,,,,
Qwen/Qwen2.5-0.5B,10,0.4166666666666667,mean,remove_language,,ko,en,mrr,0.817443751494354,1024,2048,metric,,,,
Qwen/Qwen2.5-0.5B,10,0.4166666666666667,mean,remove_language,,ko,ja,r1,0.900390625,1024,2048,metric,,,,
Qwen/Qwen2.5-0.5B,10,0.4166666666666667,mean,remove_language,,ko,ja,mrr,0.9286607373593478,1024,2048,metric,,,,
Qwen/Qwen2.5-0.5B,10,0.4166666666666667,mean,remove_language,,ko,zh,r1,0.708984375,1024,2048,metric,,,,
Qwen/Qwen2.5-0.5B,10,0.4166666666666667,mean,remove_language,,ko,zh,mrr,0.7599776802325289,1024,2048,metric,,,,
Qwen/Qwen2.5-0.5B,10,0.4166666666666667,mean,remove_language,,ja,en,r1,0.89453125,1024,2048,metric,,,,
Qwen/Qwen2.5-0.5B,10,0.4166666666666667,mean,remove_language,,ja,en,mrr,0.9228345744986632,1024,2048,metric,,,,
Qwen/Qwen2.5-0.5B,10,0.4166666666666667,mean,remove_language,,ja,ko,r1,0.904296875,1024,2048,metric,,,,
Qwen/Qwen2.5-0.5B,10,0.4166666666666667,mean,remove_language,,ja,ko,mrr,0.9269760588204996,1024,2048,metric,,,,
Qwen/Qwen2.5-0.5B,10,0.4166666666666667,mean,remove_language,,ja,zh,r1,0.896484375,1024,2048,metric,,,,
Qwen/Qwen2.5-0.5B,10,0.4166666666666667,mean,remove_language,,ja,zh,mrr,0.9183373999226436,1024,2048,metric,,,,
Qwen/Qwen2.5-0.5B,10,0.4166666666666667,mean,remove_language,,zh,en,r1,0.951171875,1024,2048,metric,,,,
Qwen/Qwen2.5-0.5B,10,0.4166666666666667,mean,remove_language,,zh,en,mrr,0.9641573808828601,1024,2048,metric,,,,
Qwen/Qwen2.5-0.5B,10,0.4166666666666667,mean,remove_language,,zh,ko,r1,0.779296875,1024,2048,metric,,,,
Qwen/Qwen2.5-0.5B,10,0.4166666666666667,mean,remove_language,,zh,ko,mrr,0.8355212573493385,1024,2048,metric,,,,
Qwen/Qwen2.5-0.5B,10,0.4166666666666667,mean,remove_language,,zh,ja,r1,0.9140625,1024,2048,metric,,,,
Qwen/Qwen2.5-0.5B,10,0.4166666666666667,mean,remove_language,,zh,ja,mrr,0.9344344573873473,1024,2048,metric,,,,
Qwen/Qwen2.5-0.5B,11,0.4583333333333333,mean,remove_language,,en,ko,r1,0.84375,1024,2048,metric,,,,
Qwen/Qwen2.5-0.5B,11,0.4583333333333333,mean,remove_language,,en,ko,mrr,0.8848346443054763,1024,2048,metric,,,,
Qwen/Qwen2.5-0.5B,11,0.4583333333333333,mean,remove_language,,en,ja,r1,0.92578125,1024,2048,metric,,,,
Qwen/Qwen2.5-0.5B,11,0.4583333333333333,mean,remove_language,,en,ja,mrr,0.9459996659269152,1024,2048,metric,,,,
Qwen/Qwen2.5-0.5B,11,0.4583333333333333,mean,remove_language,,en,zh,r1,0.958984375,1024,2048,metric,,,,
Qwen/Qwen2.5-0.5B,11,0.4583333333333333,mean,remove_language,,en,zh,mrr,0.9692878132038288,1024,2048,metric,,,,
Qwen/Qwen2.5-0.5B,11,0.4583333333333333,mean,remove_language,,ko,en,r1,0.740234375,1024,2048,metric,,,,
Qwen/Qwen2.5-0.5B,11,0.4583333333333333,mean,remove_language,,ko,en,mrr,0.8021492136938958,1024,2048,metric,,,,
Qwen/Qwen2.5-0.5B,11,0.4583333333333333,mean,remove_language,,ko,ja,r1,0.896484375,1024,2048,metric,,,,
Qwen/Qwen2.5-0.5B,11,0.4583333333333333,mean,remove_language,,ko,ja,mrr,0.9242435242031694,1024,2048,metric,,,,
Qwen/Qwen2.5-0.5B,11,0.4583333333333333,mean,remove_language,,ko,zh,r1,0.716796875,1024,2048,metric,,,,
Qwen/Qwen2.5-0.5B,11,0.4583333333333333,mean,remove_language,,ko,zh,mrr,0.7677190028079898,1024,2048,metric,,,,
Qwen/Qwen2.5-0.5B,11,0.4583333333333333,mean,remove_language,,ja,en,r1,0.892578125,1024,2048,metric,,,,
Qwen/Qwen2.5-0.5B,11,0.4583333333333333,mean,remove_language,,ja,en,mrr,0.9229852585184452,1024,2048,metric,,,,
Qwen/Qwen2.5-0.5B,11,0.4583333333333333,mean,remove_language,,ja,ko,r1,0.890625,1024,2048,metric,,,,
Qwen/Qwen2.5-0.5B,11,0.4583333333333333,mean,remove_language,,ja,ko,mrr,0.9182724211342728,1024,2048,metric,,,,
Qwen/Qwen2.5-0.5B,11,0.4583333333333333,mean,remove_language,,ja,zh,r1,0.900390625,1024,2048,metric,,,,
Qwen/Qwen2.5-0.5B,11,0.4583333333333333,mean,remove_language,,ja,zh,mrr,0.9222624918882212,1024,2048,metric,,,,
Qwen/Qwen2.5-0.5B,11,0.4583333333333333,mean,remove_language,,zh,en,r1,0.951171875,1024,2048,metric,,,,
Qwen/Qwen2.5-0.5B,11,0.4583333333333333,mean,remove_language,,zh,en,mrr,0.9657711860592719,1024,2048,metric,,,,
Qwen/Qwen2.5-0.5B,11,0.4583333333333333,mean,remove_language,,zh,ko,r1,0.783203125,1024,2048,metric,,,,
Qwen/Qwen2.5-0.5B,11,0.4583333333333333,mean,remove_language,,zh,ko,mrr,0.8319361799193576,1024,2048,metric,,,,
Qwen/Qwen2.5-0.5B,11,0.4583333333333333,mean,remove_language,,zh,ja,r1,0.912109375,1024,2048,metric,,,,
Qwen/Qwen2.5-0.5B,11,0.4583333333333333,mean,remove_language,,zh,ja,mrr,0.9331887019550178,1024,2048,metric,,,,
Qwen/Qwen2.5-0.5B,12,0.5,mean,remove_language,,en,ko,r1,0.779296875,1024,2048,metric,,,,
Qwen/Qwen2.5-0.5B,12,0.5,mean,remove_language,,en,ko,mrr,0.8294466982711398,1024,2048,metric,,,,
Qwen/Qwen2.5-0.5B,12,0.5,mean,remove_language,,en,ja,r1,0.8671875,1024,2048,metric,,,,
Qwen/Qwen2.5-0.5B,12,0.5,mean,remove_language,,en,ja,mrr,0.9029566824172849,1024,2048,metric,,,,
Qwen/Qwen2.5-0.5B,12,0.5,mean,remove_language,,en,zh,r1,0.9375,1024,2048,metric,,,,
Qwen/Qwen2.5-0.5B,12,0.5,mean,remove_language,,en,zh,mrr,0.9525309696258835,1024,2048,metric,,,,
Qwen/Qwen2.5-0.5B,12,0.5,mean,remove_language,,ko,en,r1,0.67578125,1024,2048,metric,,,,
Qwen/Qwen2.5-0.5B,12,0.5,mean,remove_language,,ko,en,mrr,0.7530774139646932,1024,2048,metric,,,,
Qwen/Qwen2.5-0.5B,12,0.5,mean,remove_language,,ko,ja,r1,0.859375,1024,2048,metric,,,,
Qwen/Qwen2.5-0.5B,12,0.5,mean,remove_language,,ko,ja,mrr,0.8902361713095424,1024,2048,metric,,,,
Qwen/Qwen2.5-0.5B,12,0.5,mean,remove_language,,ko,zh,r1,0.654296875,1024,2048,metric,,,,
Qwen/Qwen2.5-0.5B,12,0.5,mean,remove_language,,ko,zh,mrr,0.7207752872285832,1024,2048,metric,,,,
Qwen/Qwen2.5-0.5B,12,0.5,mean,remove_language,,ja,en,r1,0.83984375,1024,2048,metric,,,,
Qwen/Qwen2.5-0.5B,12,0.5,mean,remove_language,,ja,en,mrr,0.880725046401297,1024,2048,metric,,,,
Qwen/Qwen2.5-0.5B,12,0.5,mean,remove_language,,ja,ko,r1,0.8515625,1024,2048,metric,,,,
Qwen/Qwen2.5-0.5B,12,0.5,mean,remove_language,,ja,ko,mrr,0.8846214164078979,1024,2048,metric,,,,
Qwen/Qwen2.5-0.5B,12,0.5,mean,remove_language,,ja,zh,r1,0.84375,1024,2048,metric,,,,
Qwen/Qwen2.5-0.5B,12,0.5,mean,remove_language,,ja,zh,mrr,0.8799230713838078,1024,2048,metric,,,,
Qwen/Qwen2.5-0.5B,12,0.5,mean,remove_language,,zh,en,r1,0.935546875,1024,2048,metric,,,,
Qwen/Qwen2.5-0.5B,12,0.5,mean,remove_language,,zh,en,mrr,0.950333741544712,1024,2048,metric,,,,
Qwen/Qwen2.5-0.5B,12,0.5,mean,remove_language,,zh,ko,r1,0.70703125,1024,2048,metric,,,,
Qwen/Qwen2.5-0.5B,12,0.5,mean,remove_language,,zh,ko,mrr,0.7693048614633138,1024,2048,metric,,,,
Qwen/Qwen2.5-0.5B,12,0.5,mean,remove_language,,zh,ja,r1,0.84765625,1024,2048,metric,,,,
Qwen/Qwen2.5-0.5B,12,0.5,mean,remove_language,,zh,ja,mrr,0.8853040899803002,1024,2048,metric,,,,
Qwen/Qwen2.5-0.5B,13,0.5416666666666666,mean,remove_language,,en,ko,r1,0.685546875,1024,2048,metric,,,,
Qwen/Qwen2.5-0.5B,13,0.5416666666666666,mean,remove_language,,en,ko,mrr,0.754089784128332,1024,2048,metric,,,,
Qwen/Qwen2.5-0.5B,13,0.5416666666666666,mean,remove_language,,en,ja,r1,0.787109375,1024,2048,metric,,,,
Qwen/Qwen2.5-0.5B,13,0.5416666666666666,mean,remove_language,,en,ja,mrr,0.8463590225802635,1024,2048,metric,,,,
Qwen/Qwen2.5-0.5B,13,0.5416666666666666,mean,remove_language,,en,zh,r1,0.919921875,1024,2048,metric,,,,
Qwen/Qwen2.5-0.5B,13,0.5416666666666666,mean,remove_language,,en,zh,mrr,0.9378215394560082,1024,2048,metric,,,,
Qwen/Qwen2.5-0.5B,13,0.5416666666666666,mean,remove_language,,ko,en,r1,0.5859375,1024,2048,metric,,,,
Qwen/Qwen2.5-0.5B,13,0.5416666666666666,mean,remove_language,,ko,en,mrr,0.6599448965344252,1024,2048,metric,,,,
Qwen/Qwen2.5-0.5B,13,0.5416666666666666,mean,remove_language,,ko,ja,r1,0.787109375,1024,2048,metric,,,,
Qwen/Qwen2.5-0.5B,13,0.5416666666666666,mean,remove_language,,ko,ja,mrr,0.8401677500556103,1024,2048,metric,,,,
Qwen/Qwen2.5-0.5B,13,0.5416666666666666,mean,remove_language,,ko,zh,r1,0.541015625,1024,2048,metric,,,,
Qwen/Qwen2.5-0.5B,13,0.5416666666666666,mean,remove_language,,ko,zh,mrr,0.6179560234302717,1024,2048,metric,,,,
Qwen/Qwen2.5-0.5B,13,0.5416666666666666,mean,remove_language,,ja,en,r1,0.751953125,1024,2048,metric,,,,
Qwen/Qwen2.5-0.5B,13,0.5416666666666666,mean,remove_language,,ja,en,mrr,0.8086748676420435,1024,2048,metric,,,,
Qwen/Qwen2.5-0.5B,13,0.5416666666666666,mean,remove_language,,ja,ko,r1,0.796875,1024,2048,metric,,,,
Qwen/Qwen2.5-0.5B,13,0.5416666666666666,mean,remove_language,,ja,ko,mrr,0.843576344603262,1024,2048,metric,,,,
Qwen/Qwen2.5-0.5B,13,0.5416666666666666,mean,remove_language,,ja,zh,r1,0.751953125,1024,2048,metric,,,,
Qwen/Qwen2.5-0.5B,13,0.5416666666666666,mean,remove_language,,ja,zh,mrr,0.8058003203943174,1024,2048,metric,,,,
Qwen/Qwen2.5-0.5B,13,0.5416666666666666,mean,remove_language,,zh,en,r1,0.9140625,1024,2048,metric,,,,
Qwen/Qwen2.5-0.5B,13,0.5416666666666666,mean,remove_language,,zh,en,mrr,0.9305903598498696,1024,2048,metric,,,,
Qwen/Qwen2.5-0.5B,13,0.5416666666666666,mean,remove_language,,zh,ko,r1,0.611328125,1024,2048,metric,,,,
Qwen/Qwen2.5-0.5B,13,0.5416666666666666,mean,remove_language,,zh,ko,mrr,0.6897803951289259,1024,2048,metric,,,,
Qwen/Qwen2.5-0.5B,13,0.5416666666666666,mean,remove_language,,zh,ja,r1,0.796875,1024,2048,metric,,,,
Qwen/Qwen2.5-0.5B,13,0.5416666666666666,mean,remove_language,,zh,ja,mrr,0.852197788801418,1024,2048,metric,,,,
Qwen/Qwen2.5-0.5B,14,0.5833333333333334,mean,remove_language,,en,ko,r1,0.623046875,1024,2048,metric,,,,
Qwen/Qwen2.5-0.5B,14,0.5833333333333334,mean,remove_language,,en,ko,mrr,0.7093361428081361,1024,2048,metric,,,,
Qwen/Qwen2.5-0.5B,14,0.5833333333333334,mean,remove_language,,en,ja,r1,0.765625,1024,2048,metric,,,,
Qwen/Qwen2.5-0.5B,14,0.5833333333333334,mean,remove_language,,en,ja,mrr,0.825845719311965,1024,2048,metric,,,,
Qwen/Qwen2.5-0.5B,14,0.5833333333333334,mean,remove_language,,en,zh,r1,0.916015625,1024,2048,metric,,,,
Qwen/Qwen2.5-0.5B,14,0.5833333333333334,mean,remove_language,,en,zh,mrr,0.9363883203100105,1024,2048,metric,,,,
Qwen/Qwen2.5-0.5B,14,0.5833333333333334,mean,remove_language,,ko,en,r1,0.51953125,1024,2048,metric,,,,
Qwen/Qwen2.5-0.5B,14,0.5833333333333334,mean,remove_language,,ko,en,mrr,0.6060802026636352,1024,2048,metric,,,,
Qwen/Qwen2.5-0.5B,14,0.5833333333333334,mean,remove_language,,ko,ja,r1,0.751953125,1024,2048,metric,,,,
Qwen/Qwen2.5-0.5B,14,0.5833333333333334,mean,remove_language,,ko,ja,mrr,0.8092031807909172,1024,2048,metric,,,,
Qwen/Qwen2.5-0.5B,14,0.5833333333333334,mean,remove_language,,ko,zh,r1,0.46875,1024,2048,metric,,,,
Qwen/Qwen2.5-0.5B,14,0.5833333333333334,mean,remove_language,,ko,zh,mrr,0.5619932489053265,1024,2048,metric,,,,
Qwen/Qwen2.5-0.5B,14,0.5833333333333334,mean,remove_language,,ja,en,r1,0.701171875,1024,2048,metric,,,,
Qwen/Qwen2.5-0.5B,14,0.5833333333333334,mean,remove_language,,ja,en,mrr,0.7680161431029287,1024,2048,metric,,,,
Qwen/Qwen2.5-0.5B,14,0.5833333333333334,mean,remove_language,,ja,ko,r1,0.759765625,1024,2048,metric,,,,
Qwen/Qwen2.5-0.5B,14,0.5833333333333334,mean,remove_language,,ja,ko,mrr,0.8155864916717585,1024,2048,metric,,,,
Qwen/Qwen2.5-0.5B,14,0.5833333333333334,mean,remove_language,,ja,zh,r1,0.701171875,1024,2048,metric,,,,
Qwen/Qwen2.5-0.5B,14,0.5833333333333334,mean,remove_language,,ja,zh,mrr,0.7745374664999896,1024,2048,metric,,,,
Qwen/Qwen2.5-0.5B,14,0.5833333333333334,mean,remove_language,,zh,en,r1,0.908203125,1024,2048,metric,,,,
Qwen/Qwen2.5-0.5B,14,0.5833333333333334,mean,remove_language,,zh,en,mrr,0.9299605448511814,1024,2048,metric,,,,
Qwen/Qwen2.5-0.5B,14,0.5833333333333334,mean,remove_language,,zh,ko,r1,0.58203125,1024,2048,metric,,,,
Qwen/Qwen2.5-0.5B,14,0.5833333333333334,mean,remove_language,,zh,ko,mrr,0.6614828617900239,1024,2048,metric,,,,
Qwen/Qwen2.5-0.5B,14,0.5833333333333334,mean,remove_language,,zh,ja,r1,0.779296875,1024,2048,metric,,,,
Qwen/Qwen2.5-0.5B,14,0.5833333333333334,mean,remove_language,,zh,ja,mrr,0.8324633531120751,1024,2048,metric,,,,
Qwen/Qwen2.5-0.5B,15,0.625,mean,remove_language,,en,ko,r1,0.73828125,1024,2048,metric,,,,
Qwen/Qwen2.5-0.5B,15,0.625,mean,remove_language,,en,ko,mrr,0.8095573585943839,1024,2048,metric,,,,
Qwen/Qwen2.5-0.5B,15,0.625,mean,remove_language,,en,ja,r1,0.859375,1024,2048,metric,,,,
Qwen/Qwen2.5-0.5B,15,0.625,mean,remove_language,,en,ja,mrr,0.9057823338104054,1024,2048,metric,,,,
Qwen/Qwen2.5-0.5B,15,0.625,mean,remove_language,,en,zh,r1,0.943359375,1024,2048,metric,,,,
Qwen/Qwen2.5-0.5B,15,0.625,mean,remove_language,,en,zh,mrr,0.9614618621576629,1024,2048,metric,,,,
Qwen/Qwen2.5-0.5B,15,0.625,mean,remove_language,,ko,en,r1,0.591796875,1024,2048,metric,,,,
Qwen/Qwen2.5-0.5B,15,0.625,mean,remove_language,,ko,en,mrr,0.6711556401370186,1024,2048,metric,,,,
Qwen/Qwen2.5-0.5B,15,0.625,mean,remove_language,,ko,ja,r1,0.80859375,1024,2048,metric,,,,
Qwen/Qwen2.5-0.5B,15,0.625,mean,remove_language,,ko,ja,mrr,0.861125322378865,1024,2048,metric,,,,
Qwen/Qwen2.5-0.5B,15,0.625,mean,remove_language,,ko,zh,r1,0.576171875,1024,2048,metric,,,,
Qwen/Qwen2.5-0.5B,15,0.625,mean,remove_language,,ko,zh,mrr,0.6585381679006477,1024,2048,metric,,,,
Qwen/Qwen2.5-0.5B,15,0.625,mean,remove_language,,ja,en,r1,0.76953125,1024,2048,metric,,,,
Qwen/Qwen2.5-0.5B,15,0.625,mean,remove_language,,ja,en,mrr,0.8308947259668148,1024,2048,metric,,,,
Qwen/Qwen2.5-0.5B,15,0.625,mean,remove_language,,ja,ko,r1,0.830078125,1024,2048,metric,,,,
Qwen/Qwen2.5-0.5B,15,0.625,mean,remove_language,,ja,ko,mrr,0.8703460178067113,1024,2048,metric,,,,
Qwen/Qwen2.5-0.5B,15,0.625,mean,remove_language,,ja,zh,r1,0.76953125,1024,2048,metric,,,,
Qwen/Qwen2.5-0.5B,15,0.625,mean,remove_language,,ja,zh,mrr,0.8362103487329923,1024,2048,metric,,,,
Qwen/Qwen2.5-0.5B,15,0.625,mean,remove_language,,zh,en,r1,0.9453125,1024,2048,metric,,,,
Qwen/Qwen2.5-0.5B,15,0.625,mean,remove_language,,zh,en,mrr,0.9634299045138889,1024,2048,metric,,,,
Qwen/Qwen2.5-0.5B,15,0.625,mean,remove_language,,zh,ko,r1,0.69921875,1024,2048,metric,,,,
Qwen/Qwen2.5-0.5B,15,0.625,mean,remove_language,,zh,ko,mrr,0.7650903110190659,1024,2048,metric,,,,
Qwen/Qwen2.5-0.5B,15,0.625,mean,remove_language,,zh,ja,r1,0.86328125,1024,2048,metric,,,,
Qwen/Qwen2.5-0.5B,15,0.625,mean,remove_language,,zh,ja,mrr,0.8993421716908208,1024,2048,metric,,,,
Qwen/Qwen2.5-0.5B,16,0.6666666666666666,mean,remove_language,,en,ko,r1,0.599609375,1024,2048,metric,,,,
Qwen/Qwen2.5-0.5B,16,0.6666666666666666,mean,remove_language,,en,ko,mrr,0.6836361911554542,1024,2048,metric,,,,
Qwen/Qwen2.5-0.5B,16,0.6666666666666666,mean,remove_language,,en,ja,r1,0.73046875,1024,2048,metric,,,,
Qwen/Qwen2.5-0.5B,16,0.6666666666666666,mean,remove_language,,en,ja,mrr,0.7991749612487181,1024,2048,metric,,,,
Qwen/Qwen2.5-0.5B,16,0.6666666666666666,mean,remove_language,,en,zh,r1,0.892578125,1024,2048,metric,,,,
Qwen/Qwen2.5-0.5B,16,0.6666666666666666,mean,remove_language,,en,zh,mrr,0.9129227549168226,1024,2048,metric,,,,
Qwen/Qwen2.5-0.5B,16,0.6666666666666666,mean,remove_language,,ko,en,r1,0.455078125,1024,2048,metric,,,,
Qwen/Qwen2.5-0.5B,16,0.6666666666666666,mean,remove_language,,ko,en,mrr,0.5475845463093042,1024,2048,metric,,,,
Qwen/Qwen2.5-0.5B,16,0.6666666666666666,mean,remove_language,,ko,ja,r1,0.6953125,1024,2048,metric,,,,
Qwen/Qwen2.5-0.5B,16,0.6666666666666666,mean,remove_language,,ko,ja,mrr,0.7652138385866845,1024,2048,metric,,,,
Qwen/Qwen2.5-0.5B,16,0.6666666666666666,mean,remove_language,,ko,zh,r1,0.416015625,1024,2048,metric,,,,
Qwen/Qwen2.5-0.5B,16,0.6666666666666666,mean,remove_language,,ko,zh,mrr,0.5201112678884996,1024,2048,metric,,,,
Qwen/Qwen2.5-0.5B,16,0.6666666666666666,mean,remove_language,,ja,en,r1,0.625,1024,2048,metric,,,,
Qwen/Qwen2.5-0.5B,16,0.6666666666666666,mean,remove_language,,ja,en,mrr,0.7029449415521636,1024,2048,metric,,,,
Qwen/Qwen2.5-0.5B,16,0.6666666666666666,mean,remove_language,,ja,ko,r1,0.71484375,1024,2048,metric,,,,
Qwen/Qwen2.5-0.5B,16,0.6666666666666666,mean,remove_language,,ja,ko,mrr,0.7758387892671306,1024,2048,metric,,,,
Qwen/Qwen2.5-0.5B,16,0.6666666666666666,mean,remove_language,,ja,zh,r1,0.642578125,1024,2048,metric,,,,
Qwen/Qwen2.5-0.5B,16,0.6666666666666666,mean,remove_language,,ja,zh,mrr,0.7254274690021933,1024,2048,metric,,,,
Qwen/Qwen2.5-0.5B,16,0.6666666666666666,mean,remove_language,,zh,en,r1,0.900390625,1024,2048,metric,,,,
Qwen/Qwen2.5-0.5B,16,0.6666666666666666,mean,remove_language,,zh,en,mrr,0.9223466839957448,1024,2048,metric,,,,
Qwen/Qwen2.5-0.5B,16,0.6666666666666666,mean,remove_language,,zh,ko,r1,0.552734375,1024,2048,metric,,,,
Qwen/Qwen2.5-0.5B,16,0.6666666666666666,mean,remove_language,,zh,ko,mrr,0.6428184575262381,1024,2048,metric,,,,
Qwen/Qwen2.5-0.5B,16,0.6666666666666666,mean,remove_language,,zh,ja,r1,0.728515625,1024,2048,metric,,,,
Qwen/Qwen2.5-0.5B,16,0.6666666666666666,mean,remove_language,,zh,ja,mrr,0.7902520635823249,1024,2048,metric,,,,
Qwen/Qwen2.5-0.5B,17,0.7083333333333334,mean,remove_language,,en,ko,r1,0.578125,1024,2048,metric,,,,
Qwen/Qwen2.5-0.5B,17,0.7083333333333334,mean,remove_language,,en,ko,mrr,0.673121037984834,1024,2048,metric,,,,
Qwen/Qwen2.5-0.5B,17,0.7083333333333334,mean,remove_language,,en,ja,r1,0.78515625,1024,2048,metric,,,,
Qwen/Qwen2.5-0.5B,17,0.7083333333333334,mean,remove_language,,en,ja,mrr,0.8416042663237373,1024,2048,metric,,,,
Qwen/Qwen2.5-0.5B,17,0.7083333333333334,mean,remove_language,,en,zh,r1,0.94140625,1024,2048,metric,,,,
Qwen/Qwen2.5-0.5B,17,0.7083333333333334,mean,remove_language,,en,zh,mrr,0.9558355335840075,1024,2048,metric,,,,
Qwen/Qwen2.5-0.5B,17,0.7083333333333334,mean,remove_language,,ko,en,r1,0.412109375,1024,2048,metric,,,,
Qwen/Qwen2.5-0.5B,17,0.7083333333333334,mean,remove_language,,ko,en,mrr,0.525989083520686,1024,2048,metric,,,,
Qwen/Qwen2.5-0.5B,17,0.7083333333333334,mean,remove_language,,ko,ja,r1,0.72265625,1024,2048,metric,,,,
Qwen/Qwen2.5-0.5B,17,0.7083333333333334,mean,remove_language,,ko,ja,mrr,0.7903002502978591,1024,2048,metric,,,,
Qwen/Qwen2.5-0.5B,17,0.7083333333333334,mean,remove_language,,ko,zh,r1,0.416015625,1024,2048,metric,,,,
Qwen/Qwen2.5-0.5B,17,0.7083333333333334,mean,remove_language,,ko,zh,mrr,0.5213677543880576,1024,2048,metric,,,,
Qwen/Qwen2.5-0.5B,17,0.7083333333333334,mean,remove_language,,ja,en,r1,0.646484375,1024,2048,metric,,,,
Qwen/Qwen2.5-0.5B,17,0.7083333333333334,mean,remove_language,,ja,en,mrr,0.7371356192931378,1024,2048,metric,,,,
Qwen/Qwen2.5-0.5B,17,0.7083333333333334,mean,remove_language,,ja,ko,r1,0.75,1024,2048,metric,,,,
Qwen/Qwen2.5-0.5B,17,0.7083333333333334,mean,remove_language,,ja,ko,mrr,0.8092948414441427,1024,2048,metric,,,,
Qwen/Qwen2.5-0.5B,17,0.7083333333333334,mean,remove_language,,ja,zh,r1,0.708984375,1024,2048,metric,,,,
Qwen/Qwen2.5-0.5B,17,0.7083333333333334,mean,remove_language,,ja,zh,mrr,0.7823722234667282,1024,2048,metric,,,,
Qwen/Qwen2.5-0.5B,17,0.7083333333333334,mean,remove_language,,zh,en,r1,0.939453125,1024,2048,metric,,,,
Qwen/Qwen2.5-0.5B,17,0.7083333333333334,mean,remove_language,,zh,en,mrr,0.9575276021493127,1024,2048,metric,,,,
Qwen/Qwen2.5-0.5B,17,0.7083333333333334,mean,remove_language,,zh,ko,r1,0.5546875,1024,2048,metric,,,,
Qwen/Qwen2.5-0.5B,17,0.7083333333333334,mean,remove_language,,zh,ko,mrr,0.6487537261841293,1024,2048,metric,,,,
Qwen/Qwen2.5-0.5B,17,0.7083333333333334,mean,remove_language,,zh,ja,r1,0.771484375,1024,2048,metric,,,,
Qwen/Qwen2.5-0.5B,17,0.7083333333333334,mean,remove_language,,zh,ja,mrr,0.8357512880099407,1024,2048,metric,,,,
Qwen/Qwen2.5-0.5B,18,0.75,mean,remove_language,,en,ko,r1,0.431640625,1024,2048,metric,,,,
Qwen/Qwen2.5-0.5B,18,0.75,mean,remove_language,,en,ko,mrr,0.5471667854885567,1024,2048,metric,,,,
Qwen/Qwen2.5-0.5B,18,0.75,mean,remove_language,,en,ja,r1,0.6328125,1024,2048,metric,,,,
Qwen/Qwen2.5-0.5B,18,0.75,mean,remove_language,,en,ja,mrr,0.7265437693641198,1024,2048,metric,,,,
Qwen/Qwen2.5-0.5B,18,0.75,mean,remove_language,,en,zh,r1,0.9296875,1024,2048,metric,,,,
Qwen/Qwen2.5-0.5B,18,0.75,mean,remove_language,,en,zh,mrr,0.9511481514362374,1024,2048,metric,,,,
Qwen/Qwen2.5-0.5B,18,0.75,mean,remove_language,,ko,en,r1,0.18359375,1024,2048,metric,,,,
Qwen/Qwen2.5-0.5B,18,0.75,mean,remove_language,,ko,en,mrr,0.27658307728040143,1024,2048,metric,,,,
Qwen/Qwen2.5-0.5B,18,0.75,mean,remove_language,,ko,ja,r1,0.701171875,1024,2048,metric,,,,
Qwen/Qwen2.5-0.5B,18,0.75,mean,remove_language,,ko,ja,mrr,0.7634344186967935,1024,2048,metric,,,,
Qwen/Qwen2.5-0.5B,18,0.75,mean,remove_language,,ko,zh,r1,0.162109375,1024,2048,metric,,,,
Qwen/Qwen2.5-0.5B,18,0.75,mean,remove_language,,ko,zh,mrr,0.25040891300563894,1024,2048,metric,,,,
Qwen/Qwen2.5-0.5B,18,0.75,mean,remove_language,,ja,en,r1,0.359375,1024,2048,metric,,,,
Qwen/Qwen2.5-0.5B,18,0.75,mean,remove_language,,ja,en,mrr,0.48237903791193504,1024,2048,metric,,,,
Qwen/Qwen2.5-0.5B,18,0.75,mean,remove_language,,ja,ko,r1,0.767578125,1024,2048,metric,,,,
Qwen/Qwen2.5-0.5B,18,0.75,mean,remove_language,,ja,ko,mrr,0.8201393175498746,1024,2048,metric,,,,
Qwen/Qwen2.5-0.5B,18,0.75,mean,remove_language,,ja,zh,r1,0.421875,1024,2048,metric,,,,
Qwen/Qwen2.5-0.5B,18,0.75,mean,remove_language,,ja,zh,mrr,0.5292280576536308,1024,2048,metric,,,,
Qwen/Qwen2.5-0.5B,18,0.75,mean,remove_language,,zh,en,r1,0.939453125,1024,2048,metric,,,,
Qwen/Qwen2.5-0.5B,18,0.75,mean,remove_language,,zh,en,mrr,0.9592266763567314,1024,2048,metric,,,,
Qwen/Qwen2.5-0.5B,18,0.75,mean,remove_language,,zh,ko,r1,0.376953125,1024,2048,metric,,,,
Qwen/Qwen2.5-0.5B,18,0.75,mean,remove_language,,zh,ko,mrr,0.48671046762374015,1024,2048,metric,,,,
Qwen/Qwen2.5-0.5B,18,0.75,mean,remove_language,,zh,ja,r1,0.60546875,1024,2048,metric,,,,
Qwen/Qwen2.5-0.5B,18,0.75,mean,remove_language,,zh,ja,mrr,0.6996774626530207,1024,2048,metric,,,,
Qwen/Qwen2.5-0.5B,19,0.7916666666666666,mean,remove_language,,en,ko,r1,0.44140625,1024,2048,metric,,,,
Qwen/Qwen2.5-0.5B,19,0.7916666666666666,mean,remove_language,,en,ko,mrr,0.5602677608486522,1024,2048,metric,,,,
Qwen/Qwen2.5-0.5B,19,0.7916666666666666,mean,remove_language,,en,ja,r1,0.6875,1024,2048,metric,,,,
Qwen/Qwen2.5-0.5B,19,0.7916666666666666,mean,remove_language,,en,ja,mrr,0.7628355183639882,1024,2048,metric,,,,
Qwen/Qwen2.5-0.5B,19,0.7916666666666666,mean,remove_language,,en,zh,r1,0.947265625,1024,2048,metric,,,,
Qwen/Qwen2.5-0.5B,19,0.7916666666666666,mean,remove_language,,en,zh,mrr,0.9662450396825397,1024,2048,metric,,,,
Qwen/Qwen2.5-0.5B,19,0.7916666666666666,mean,remove_language,,ko,en,r1,0.294921875,1024,2048,metric,,,,
Qwen/Qwen2.5-0.5B,19,0.7916666666666666,mean,remove_language,,ko,en,mrr,0.41102136185858656,1024,2048,metric,,,,
Qwen/Qwen2.5-0.5B,19,0.7916666666666666,mean,remove_language,,ko,ja,r1,0.72265625,1024,2048,metric,,,,
Qwen/Qwen2.5-0.5B,19,0.7916666666666666,mean,remove_language,,ko,ja,mrr,0.7851027811990023,1024,2048,metric,,,,
Qwen/Qwen2.5-0.5B,19,0.7916666666666666,mean,remove_language,,ko,zh,r1,0.271484375,1024,2048,metric,,,,
Qwen/Qwen2.5-0.5B,19,0.7916666666666666,mean,remove_language,,ko,zh,mrr,0.37981663707214813,1024,2048,metric,,,,
Qwen/Qwen2.5-0.5B,19,0.7916666666666666,mean,remove_language,,ja,en,r1,0.568359375,1024,2048,metric,,,,
Qwen/Qwen2.5-0.5B,19,0.7916666666666666,mean,remove_language,,ja,en,mrr,0.6705394545509862,1024,2048,metric,,,,
Qwen/Qwen2.5-0.5B,19,0.7916666666666666,mean,remove_language,,ja,ko,r1,0.734375,1024,2048,metric,,,,
Qwen/Qwen2.5-0.5B,19,0.7916666666666666,mean,remove_language,,ja,ko,mrr,0.8047534187507575,1024,2048,metric,,,,
Qwen/Qwen2.5-0.5B,19,0.7916666666666666,mean,remove_language,,ja,zh,r1,0.58984375,1024,2048,metric,,,,
Qwen/Qwen2.5-0.5B,19,0.7916666666666666,mean,remove_language,,ja,zh,mrr,0.6955134914305815,1024,2048,metric,,,,
Qwen/Qwen2.5-0.5B,19,0.7916666666666666,mean,remove_language,,zh,en,r1,0.95703125,1024,2048,metric,,,,
Qwen/Qwen2.5-0.5B,19,0.7916666666666666,mean,remove_language,,zh,en,mrr,0.9722846137152777,1024,2048,metric,,,,
Qwen/Qwen2.5-0.5B,19,0.7916666666666666,mean,remove_language,,zh,ko,r1,0.396484375,1024,2048,metric,,,,
Qwen/Qwen2.5-0.5B,19,0.7916666666666666,mean,remove_language,,zh,ko,mrr,0.5073528807939598,1024,2048,metric,,,,
Qwen/Qwen2.5-0.5B,19,0.7916666666666666,mean,remove_language,,zh,ja,r1,0.671875,1024,2048,metric,,,,
Qwen/Qwen2.5-0.5B,19,0.7916666666666666,mean,remove_language,,zh,ja,mrr,0.754636344223456,1024,2048,metric,,,,
Qwen/Qwen2.5-0.5B,20,0.8333333333333334,mean,remove_language,,en,ko,r1,0.49609375,1024,2048,metric,,,,
Qwen/Qwen2.5-0.5B,20,0.8333333333333334,mean,remove_language,,en,ko,mrr,0.5984836557636422,1024,2048,metric,,,,
Qwen/Qwen2.5-0.5B,20,0.8333333333333334,mean,remove_language,,en,ja,r1,0.662109375,1024,2048,metric,,,,
Qwen/Qwen2.5-0.5B,20,0.8333333333333334,mean,remove_language,,en,ja,mrr,0.756561215079951,1024,2048,metric,,,,
Qwen/Qwen2.5-0.5B,20,0.8333333333333334,mean,remove_language,,en,zh,r1,0.9453125,1024,2048,metric,,,,
Qwen/Qwen2.5-0.5B,20,0.8333333333333334,mean,remove_language,,en,zh,mrr,0.9634715544871795,1024,2048,metric,,,,
Qwen/Qwen2.5-0.5B,20,0.8333333333333334,mean,remove_language,,ko,en,r1,0.294921875,1024,2048,metric,,,,
Qwen/Qwen2.5-0.5B,20,0.8333333333333334,mean,remove_language,,ko,en,mrr,0.4077885477216151,1024,2048,metric,,,,
Qwen/Qwen2.5-0.5B,20,0.8333333333333334,mean,remove_language,,ko,ja,r1,0.689453125,1024,2048,metric,,,,
Qwen/Qwen2.5-0.5B,20,0.8333333333333334,mean,remove_language,,ko,ja,mrr,0.755657140081573,1024,2048,metric,,,,
Qwen/Qwen2.5-0.5B,20,0.8333333333333334,mean,remove_language,,ko,zh,r1,0.248046875,1024,2048,metric,,,,
Qwen/Qwen2.5-0.5B,20,0.8333333333333334,mean,remove_language,,ko,zh,mrr,0.35427392226750276,1024,2048,metric,,,,
Qwen/Qwen2.5-0.5B,20,0.8333333333333334,mean,remove_language,,ja,en,r1,0.517578125,1024,2048,metric,,,,
Qwen/Qwen2.5-0.5B,20,0.8333333333333334,mean,remove_language,,ja,en,mrr,0.6334391105716086,1024,2048,metric,,,,
Qwen/Qwen2.5-0.5B,20,0.8333333333333334,mean,remove_language,,ja,ko,r1,0.703125,1024,2048,metric,,,,
Qwen/Qwen2.5-0.5B,20,0.8333333333333334,mean,remove_language,,ja,ko,mrr,0.773164668583141,1024,2048,metric,,,,
Qwen/Qwen2.5-0.5B,20,0.8333333333333334,mean,remove_language,,ja,zh,r1,0.5546875,1024,2048,metric,,,,
Qwen/Qwen2.5-0.5B,20,0.8333333333333334,mean,remove_language,,ja,zh,mrr,0.6587660233767575,1024,2048,metric,,,,
Qwen/Qwen2.5-0.5B,20,0.8333333333333334,mean,remove_language,,zh,en,r1,0.951171875,1024,2048,metric,,,,
Qwen/Qwen2.5-0.5B,20,0.8333333333333334,mean,remove_language,,zh,en,mrr,0.968828417219659,1024,2048,metric,,,,
Qwen/Qwen2.5-0.5B,20,0.8333333333333334,mean,remove_language,,zh,ko,r1,0.416015625,1024,2048,metric,,,,
Qwen/Qwen2.5-0.5B,20,0.8333333333333334,mean,remove_language,,zh,ko,mrr,0.5248200582694762,1024,2048,metric,,,,
Qwen/Qwen2.5-0.5B,20,0.8333333333333334,mean,remove_language,,zh,ja,r1,0.65234375,1024,2048,metric,,,,
Qwen/Qwen2.5-0.5B,20,0.8333333333333334,mean,remove_language,,zh,ja,mrr,0.7489733415034838,1024,2048,metric,,,,
Qwen/Qwen2.5-0.5B,21,0.875,mean,remove_language,,en,ko,r1,0.685546875,1024,2048,metric,,,,
Qwen/Qwen2.5-0.5B,21,0.875,mean,remove_language,,en,ko,mrr,0.7644746986599837,1024,2048,metric,,,,
Qwen/Qwen2.5-0.5B,21,0.875,mean,remove_language,,en,ja,r1,0.859375,1024,2048,metric,,,,
Qwen/Qwen2.5-0.5B,21,0.875,mean,remove_language,,en,ja,mrr,0.906848007285878,1024,2048,metric,,,,
Qwen/Qwen2.5-0.5B,21,0.875,mean,remove_language,,en,zh,r1,0.978515625,1024,2048,metric,,,,
Qwen/Qwen2.5-0.5B,21,0.875,mean,remove_language,,en,zh,mrr,0.9866536458333333,1024,2048,metric,,,,
Qwen/Qwen2.5-0.5B,21,0.875,mean,remove_language,,ko,en,r1,0.392578125,1024,2048,metric,,,,
Qwen/Qwen2.5-0.5B,21,0.875,mean,remove_language,,ko,en,mrr,0.5197049782859376,1024,2048,metric,,,,
Qwen/Qwen2.5-0.5B,21,0.875,mean,remove_language,,ko,ja,r1,0.7890625,1024,2048,metric,,,,
Qwen/Qwen2.5-0.5B,21,0.875,mean,remove_language,,ko,ja,mrr,0.841853589288058,1024,2048,metric,,,,
Qwen/Qwen2.5-0.5B,21,0.875,mean,remove_language,,ko,zh,r1,0.298828125,1024,2048,metric,,,,
Qwen/Qwen2.5-0.5B,21,0.875,mean,remove_language,,ko,zh,mrr,0.4239100099476917,1024,2048,metric,,,,
Qwen/Qwen2.5-0.5B,21,0.875,mean,remove_language,,ja,en,r1,0.72265625,1024,2048,metric,,,,
Qwen/Qwen2.5-0.5B,21,0.875,mean,remove_language,,ja,en,mrr,0.8032135082442718,1024,2048,metric,,,,
Qwen/Qwen2.5-0.5B,21,0.875,mean,remove_language,,ja,ko,r1,0.818359375,1024,2048,metric,,,,
Qwen/Qwen2.5-0.5B,21,0.875,mean,remove_language,,ja,ko,mrr,0.8621693233385147,1024,2048,metric,,,,
Qwen/Qwen2.5-0.5B,21,0.875,mean,remove_language,,ja,zh,r1,0.6953125,1024,2048,metric,,,,
Qwen/Qwen2.5-0.5B,21,0.875,mean,remove_language,,ja,zh,mrr,0.7786975329382532,1024,2048,metric,,,,
Qwen/Qwen2.5-0.5B,21,0.875,mean,remove_language,,zh,en,r1,0.984375,1024,2048,metric,,,,
Qwen/Qwen2.5-0.5B,21,0.875,mean,remove_language,,zh,en,mrr,0.9892578125,1024,2048,metric,,,,
Qwen/Qwen2.5-0.5B,21,0.875,mean,remove_language,,zh,ko,r1,0.6171875,1024,2048,metric,,,,
Qwen/Qwen2.5-0.5B,21,0.875,mean,remove_language,,zh,ko,mrr,0.7120029356933615,1024,2048,metric,,,,
Qwen/Qwen2.5-0.5B,21,0.875,mean,remove_language,,zh,ja,r1,0.853515625,1024,2048,metric,,,,
Qwen/Qwen2.5-0.5B,21,0.875,mean,remove_language,,zh,ja,mrr,0.902882007773286,1024,2048,metric,,,,
Qwen/Qwen2.5-0.5B,22,0.9166666666666666,mean,remove_language,,en,ko,r1,0.697265625,1024,2048,metric,,,,
Qwen/Qwen2.5-0.5B,22,0.9166666666666666,mean,remove_language,,en,ko,mrr,0.7744365551131932,1024,2048,metric,,,,
Qwen/Qwen2.5-0.5B,22,0.9166666666666666,mean,remove_language,,en,ja,r1,0.861328125,1024,2048,metric,,,,
Qwen/Qwen2.5-0.5B,22,0.9166666666666666,mean,remove_language,,en,ja,mrr,0.9048906537402679,1024,2048,metric,,,,
Qwen/Qwen2.5-0.5B,22,0.9166666666666666,mean,remove_language,,en,zh,r1,0.970703125,1024,2048,metric,,,,
Qwen/Qwen2.5-0.5B,22,0.9166666666666666,mean,remove_language,,en,zh,mrr,0.9821118551587302,1024,2048,metric,,,,
Qwen/Qwen2.5-0.5B,22,0.9166666666666666,mean,remove_language,,ko,en,r1,0.36328125,1024,2048,metric,,,,
Qwen/Qwen2.5-0.5B,22,0.9166666666666666,mean,remove_language,,ko,en,mrr,0.478951148172678,1024,2048,metric,,,,
Qwen/Qwen2.5-0.5B,22,0.9166666666666666,mean,remove_language,,ko,ja,r1,0.75390625,1024,2048,metric,,,,
Qwen/Qwen2.5-0.5B,22,0.9166666666666666,mean,remove_language,,ko,ja,mrr,0.8127277209547624,1024,2048,metric,,,,
Qwen/Qwen2.5-0.5B,22,0.9166666666666666,mean,remove_language,,ko,zh,r1,0.255859375,1024,2048,metric,,,,
Qwen/Qwen2.5-0.5B,22,0.9166666666666666,mean,remove_language,,ko,zh,mrr,0.36969404991116783,1024,2048,metric,,,,
Qwen/Qwen2.5-0.5B,22,0.9166666666666666,mean,remove_language,,ja,en,r1,0.712890625,1024,2048,metric,,,,
Qwen/Qwen2.5-0.5B,22,0.9166666666666666,mean,remove_language,,ja,en,mrr,0.7881084689819062,1024,2048,metric,,,,
Qwen/Qwen2.5-0.5B,22,0.9166666666666666,mean,remove_language,,ja,ko,r1,0.81640625,1024,2048,metric,,,,
Qwen/Qwen2.5-0.5B,22,0.9166666666666666,mean,remove_language,,ja,ko,mrr,0.8638590174096452,1024,2048,metric,,,,
Qwen/Qwen2.5-0.5B,22,0.9166666666666666,mean,remove_language,,ja,zh,r1,0.669921875,1024,2048,metric,,,,
Qwen/Qwen2.5-0.5B,22,0.9166666666666666,mean,remove_language,,ja,zh,mrr,0.7603698050147019,1024,2048,metric,,,,
Qwen/Qwen2.5-0.5B,22,0.9166666666666666,mean,remove_language,,zh,en,r1,0.96875,1024,2048,metric,,,,
Qwen/Qwen2.5-0.5B,22,0.9166666666666666,mean,remove_language,,zh,en,mrr,0.9773337448142135,1024,2048,metric,,,,
Qwen/Qwen2.5-0.5B,22,0.9166666666666666,mean,remove_language,,zh,ko,r1,0.646484375,1024,2048,metric,,,,
Qwen/Qwen2.5-0.5B,22,0.9166666666666666,mean,remove_language,,zh,ko,mrr,0.7365534089678554,1024,2048,metric,,,,
Qwen/Qwen2.5-0.5B,22,0.9166666666666666,mean,remove_language,,zh,ja,r1,0.859375,1024,2048,metric,,,,
Qwen/Qwen2.5-0.5B,22,0.9166666666666666,mean,remove_language,,zh,ja,mrr,0.9061174409042227,1024,2048,metric,,,,
Qwen/Qwen2.5-0.5B,23,0.9583333333333334,mean,remove_language,,en,ko,r1,0.634765625,1024,2048,metric,,,,
Qwen/Qwen2.5-0.5B,23,0.9583333333333334,mean,remove_language,,en,ko,mrr,0.7282586297915654,1024,2048,metric,,,,
Qwen/Qwen2.5-0.5B,23,0.9583333333333334,mean,remove_language,,en,ja,r1,0.7890625,1024,2048,metric,,,,
Qwen/Qwen2.5-0.5B,23,0.9583333333333334,mean,remove_language,,en,ja,mrr,0.8504088219200916,1024,2048,metric,,,,
Qwen/Qwen2.5-0.5B,23,0.9583333333333334,mean,remove_language,,en,zh,r1,0.96484375,1024,2048,metric,,,,
Qwen/Qwen2.5-0.5B,23,0.9583333333333334,mean,remove_language,,en,zh,mrr,0.9781945998508099,1024,2048,metric,,,,
Qwen/Qwen2.5-0.5B,23,0.9583333333333334,mean,remove_language,,ko,en,r1,0.236328125,1024,2048,metric,,,,
Qwen/Qwen2.5-0.5B,23,0.9583333333333334,mean,remove_language,,ko,en,mrr,0.3424594809589009,1024,2048,metric,,,,
Qwen/Qwen2.5-0.5B,23,0.9583333333333334,mean,remove_language,,ko,ja,r1,0.671875,1024,2048,metric,,,,
Qwen/Qwen2.5-0.5B,23,0.9583333333333334,mean,remove_language,,ko,ja,mrr,0.743925491859438,1024,2048,metric,,,,
Qwen/Qwen2.5-0.5B,23,0.9583333333333334,mean,remove_language,,ko,zh,r1,0.1953125,1024,2048,metric,,,,
Qwen/Qwen2.5-0.5B,23,0.9583333333333334,mean,remove_language,,ko,zh,mrr,0.2935940577157192,1024,2048,metric,,,,
Qwen/Qwen2.5-0.5B,23,0.9583333333333334,mean,remove_language,,ja,en,r1,0.5546875,1024,2048,metric,,,,
Qwen/Qwen2.5-0.5B,23,0.9583333333333334,mean,remove_language,,ja,en,mrr,0.65587597710469,1024,2048,metric,,,,
Qwen/Qwen2.5-0.5B,23,0.9583333333333334,mean,remove_language,,ja,ko,r1,0.759765625,1024,2048,metric,,,,
Qwen/Qwen2.5-0.5B,23,0.9583333333333334,mean,remove_language,,ja,ko,mrr,0.8130269504528984,1024,2048,metric,,,,
Qwen/Qwen2.5-0.5B,23,0.9583333333333334,mean,remove_language,,ja,zh,r1,0.5390625,1024,2048,metric,,,,
Qwen/Qwen2.5-0.5B,23,0.9583333333333334,mean,remove_language,,ja,zh,mrr,0.651746760054671,1024,2048,metric,,,,
Qwen/Qwen2.5-0.5B,23,0.9583333333333334,mean,remove_language,,zh,en,r1,0.96875,1024,2048,metric,,,,
Qwen/Qwen2.5-0.5B,23,0.9583333333333334,mean,remove_language,,zh,en,mrr,0.9771174474770918,1024,2048,metric,,,,
Qwen/Qwen2.5-0.5B,23,0.9583333333333334,mean,remove_language,,zh,ko,r1,0.625,1024,2048,metric,,,,
Qwen/Qwen2.5-0.5B,23,0.9583333333333334,mean,remove_language,,zh,ko,mrr,0.7169467274202288,1024,2048,metric,,,,
Qwen/Qwen2.5-0.5B,23,0.9583333333333334,mean,remove_language,,zh,ja,r1,0.787109375,1024,2048,metric,,,,
Qwen/Qwen2.5-0.5B,23,0.9583333333333334,mean,remove_language,,zh,ja,mrr,0.852980680087058,1024,2048,metric,,,,
Qwen/Qwen2.5-0.5B,24,1.0,mean,remove_language,,en,ko,r1,0.0078125,1024,2048,metric,,,,
Qwen/Qwen2.5-0.5B,24,1.0,mean,remove_language,,en,ko,mrr,0.03530704902139499,1024,2048,metric,,,,
Qwen/Qwen2.5-0.5B,24,1.0,mean,remove_language,,en,ja,r1,0.01953125,1024,2048,metric,,,,
Qwen/Qwen2.5-0.5B,24,1.0,mean,remove_language,,en,ja,mrr,0.050396400019870474,1024,2048,metric,,,,
Qwen/Qwen2.5-0.5B,24,1.0,mean,remove_language,,en,zh,r1,0.85546875,1024,2048,metric,,,,
Qwen/Qwen2.5-0.5B,24,1.0,mean,remove_language,,en,zh,mrr,0.8895303812956881,1024,2048,metric,,,,
Qwen/Qwen2.5-0.5B,24,1.0,mean,remove_language,,ko,en,r1,0.009765625,1024,2048,metric,,,,
Qwen/Qwen2.5-0.5B,24,1.0,mean,remove_language,,ko,en,mrr,0.0296137344859054,1024,2048,metric,,,,
Qwen/Qwen2.5-0.5B,24,1.0,mean,remove_language,,ko,ja,r1,0.259765625,1024,2048,metric,,,,
Qwen/Qwen2.5-0.5B,24,1.0,mean,remove_language,,ko,ja,mrr,0.32833970427167103,1024,2048,metric,,,,
Qwen/Qwen2.5-0.5B,24,1.0,mean,remove_language,,ko,zh,r1,0.01171875,1024,2048,metric,,,,
Qwen/Qwen2.5-0.5B,24,1.0,mean,remove_language,,ko,zh,mrr,0.032171048578663965,1024,2048,metric,,,,
Qwen/Qwen2.5-0.5B,24,1.0,mean,remove_language,,ja,en,r1,0.005859375,1024,2048,metric,,,,
Qwen/Qwen2.5-0.5B,24,1.0,mean,remove_language,,ja,en,mrr,0.03517394073776904,1024,2048,metric,,,,
Qwen/Qwen2.5-0.5B,24,1.0,mean,remove_language,,ja,ko,r1,0.328125,1024,2048,metric,,,,
Qwen/Qwen2.5-0.5B,24,1.0,mean,remove_language,,ja,ko,mrr,0.4154126350002355,1024,2048,metric,,,,
Qwen/Qwen2.5-0.5B,24,1.0,mean,remove_language,,ja,zh,r1,0.017578125,1024,2048,metric,,,,
Qwen/Qwen2.5-0.5B,24,1.0,mean,remove_language,,ja,zh,mrr,0.050341550528954226,1024,2048,metric,,,,
Qwen/Qwen2.5-0.5B,24,1.0,mean,remove_language,,zh,en,r1,0.8046875,1024,2048,metric,,,,
Qwen/Qwen2.5-0.5B,24,1.0,mean,remove_language,,zh,en,mrr,0.843590101482353,1024,2048,metric,,,,
Qwen/Qwen2.5-0.5B,24,1.0,mean,remove_language,,zh,ko,r1,0.001953125,1024,2048,metric,,,,
Qwen/Qwen2.5-0.5B,24,1.0,mean,remove_language,,zh,ko,mrr,0.0297489515987526,1024,2048,metric,,,,
Qwen/Qwen2.5-0.5B,24,1.0,mean,remove_language,,zh,ja,r1,0.017578125,1024,2048,metric,,,,
Qwen/Qwen2.5-0.5B,24,1.0,mean,remove_language,,zh,ja,mrr,0.05318169299963712,1024,2048,metric,,,,
Qwen/Qwen2.5-0.5B,7,0.2916666666666667,last_token,remove_pca,,en,ko,r1,0.296875,1024,2048,metric,,,,
Qwen/Qwen2.5-0.5B,7,0.2916666666666667,last_token,remove_pca,,en,ko,mrr,0.3909211628820859,1024,2048,metric,,,,
Qwen/Qwen2.5-0.5B,7,0.2916666666666667,last_token,remove_pca,,en,ja,r1,0.21875,1024,2048,metric,,,,
Qwen/Qwen2.5-0.5B,7,0.2916666666666667,last_token,remove_pca,,en,ja,mrr,0.3165331470113334,1024,2048,metric,,,,
Qwen/Qwen2.5-0.5B,7,0.2916666666666667,last_token,remove_pca,,en,zh,r1,0.439453125,1024,2048,metric,,,,
Qwen/Qwen2.5-0.5B,7,0.2916666666666667,last_token,remove_pca,,en,zh,mrr,0.542217302007904,1024,2048,metric,,,,
Qwen/Qwen2.5-0.5B,7,0.2916666666666667,last_token,remove_pca,,ko,en,r1,0.234375,1024,2048,metric,,,,
Qwen/Qwen2.5-0.5B,7,0.2916666666666667,last_token,remove_pca,,ko,en,mrr,0.33134613819375514,1024,2048,metric,,,,
Qwen/Qwen2.5-0.5B,7,0.2916666666666667,last_token,remove_pca,,ko,ja,r1,0.357421875,1024,2048,metric,,,,
Qwen/Qwen2.5-0.5B,7,0.2916666666666667,last_token,remove_pca,,ko,ja,mrr,0.4745403759780712,1024,2048,metric,,,,
Qwen/Qwen2.5-0.5B,7,0.2916666666666667,last_token,remove_pca,,ko,zh,r1,0.171875,1024,2048,metric,,,,
Qwen/Qwen2.5-0.5B,7,0.2916666666666667,last_token,remove_pca,,ko,zh,mrr,0.2498430576686126,1024,2048,metric,,,,
Qwen/Qwen2.5-0.5B,7,0.2916666666666667,last_token,remove_pca,,ja,en,r1,0.193359375,1024,2048,metric,,,,
Qwen/Qwen2.5-0.5B,7,0.2916666666666667,last_token,remove_pca,,ja,en,mrr,0.28365758035007865,1024,2048,metric,,,,
Qwen/Qwen2.5-0.5B,7,0.2916666666666667,last_token,remove_pca,,ja,ko,r1,0.32421875,1024,2048,metric,,,,
Qwen/Qwen2.5-0.5B,7,0.2916666666666667,last_token,remove_pca,,ja,ko,mrr,0.4334183379352006,1024,2048,metric,,,,
Qwen/Qwen2.5-0.5B,7,0.2916666666666667,last_token,remove_pca,,ja,zh,r1,0.177734375,1024,2048,metric,,,,
Qwen/Qwen2.5-0.5B,7,0.2916666666666667,last_token,remove_pca,,ja,zh,mrr,0.25589639607741677,1024,2048,metric,,,,
Qwen/Qwen2.5-0.5B,7,0.2916666666666667,last_token,remove_pca,,zh,en,r1,0.470703125,1024,2048,metric,,,,
Qwen/Qwen2.5-0.5B,7,0.2916666666666667,last_token,remove_pca,,zh,en,mrr,0.5699332473840647,1024,2048,metric,,,,
Qwen/Qwen2.5-0.5B,7,0.2916666666666667,last_token,remove_pca,,zh,ko,r1,0.22265625,1024,2048,metric,,,,
Qwen/Qwen2.5-0.5B,7,0.2916666666666667,last_token,remove_pca,,zh,ko,mrr,0.31352175776698354,1024,2048,metric,,,,
Qwen/Qwen2.5-0.5B,7,0.2916666666666667,last_token,remove_pca,,zh,ja,r1,0.1640625,1024,2048,metric,,,,
Qwen/Qwen2.5-0.5B,7,0.2916666666666667,last_token,remove_pca,,zh,ja,mrr,0.2488102394962617,1024,2048,metric,,,,
Qwen/Qwen2.5-0.5B,8,0.3333333333333333,last_token,remove_pca,,en,ko,r1,0.51171875,1024,2048,metric,,,,
Qwen/Qwen2.5-0.5B,8,0.3333333333333333,last_token,remove_pca,,en,ko,mrr,0.6072878333216963,1024,2048,metric,,,,
Qwen/Qwen2.5-0.5B,8,0.3333333333333333,last_token,remove_pca,,en,ja,r1,0.490234375,1024,2048,metric,,,,
Qwen/Qwen2.5-0.5B,8,0.3333333333333333,last_token,remove_pca,,en,ja,mrr,0.6110429882028596,1024,2048,metric,,,,
Qwen/Qwen2.5-0.5B,8,0.3333333333333333,last_token,remove_pca,,en,zh,r1,0.642578125,1024,2048,metric,,,,
Qwen/Qwen2.5-0.5B,8,0.3333333333333333,last_token,remove_pca,,en,zh,mrr,0.72229275824106,1024,2048,metric,,,,
Qwen/Qwen2.5-0.5B,8,0.3333333333333333,last_token,remove_pca,,ko,en,r1,0.384765625,1024,2048,metric,,,,
Qwen/Qwen2.5-0.5B,8,0.3333333333333333,last_token,remove_pca,,ko,en,mrr,0.47784009741396655,1024,2048,metric,,,,
Qwen/Qwen2.5-0.5B,8,0.3333333333333333,last_token,remove_pca,,ko,ja,r1,0.525390625,1024,2048,metric,,,,
Qwen/Qwen2.5-0.5B,8,0.3333333333333333,last_token,remove_pca,,ko,ja,mrr,0.6277935503053288,1024,2048,metric,,,,
Qwen/Qwen2.5-0.5B,8,0.3333333333333333,last_token,remove_pca,,ko,zh,r1,0.248046875,1024,2048,metric,,,,
Qwen/Qwen2.5-0.5B,8,0.3333333333333333,last_token,remove_pca,,ko,zh,mrr,0.34007783259519797,1024,2048,metric,,,,
Qwen/Qwen2.5-0.5B,8,0.3333333333333333,last_token,remove_pca,,ja,en,r1,0.361328125,1024,2048,metric,,,,
Qwen/Qwen2.5-0.5B,8,0.3333333333333333,last_token,remove_pca,,ja,en,mrr,0.44254585843687627,1024,2048,metric,,,,
Qwen/Qwen2.5-0.5B,8,0.3333333333333333,last_token,remove_pca,,ja,ko,r1,0.484375,1024,2048,metric,,,,
Qwen/Qwen2.5-0.5B,8,0.3333333333333333,last_token,remove_pca,,ja,ko,mrr,0.5865036136159105,1024,2048,metric,,,,
Qwen/Qwen2.5-0.5B,8,0.3333333333333333,last_token,remove_pca,,ja,zh,r1,0.302734375,1024,2048,metric,,,,
Qwen/Qwen2.5-0.5B,8,0.3333333333333333,last_token,remove_pca,,ja,zh,mrr,0.3946310162729237,1024,2048,metric,,,,
Qwen/Qwen2.5-0.5B,8,0.3333333333333333,last_token,remove_pca,,zh,en,r1,0.701171875,1024,2048,metric,,,,
Qwen/Qwen2.5-0.5B,8,0.3333333333333333,last_token,remove_pca,,zh,en,mrr,0.7733265589765186,1024,2048,metric,,,,
Qwen/Qwen2.5-0.5B,8,0.3333333333333333,last_token,remove_pca,,zh,ko,r1,0.40625,1024,2048,metric,,,,
Qwen/Qwen2.5-0.5B,8,0.3333333333333333,last_token,remove_pca,,zh,ko,mrr,0.5204554248793511,1024,2048,metric,,,,
Qwen/Qwen2.5-0.5B,8,0.3333333333333333,last_token,remove_pca,,zh,ja,r1,0.439453125,1024,2048,metric,,,,
Qwen/Qwen2.5-0.5B,8,0.3333333333333333,last_token,remove_pca,,zh,ja,mrr,0.5490242451746326,1024,2048,metric,,,,
Qwen/Qwen2.5-0.5B,9,0.375,last_token,remove_pca,,en,ko,r1,0.3984375,1024,2048,metric,,,,
Qwen/Qwen2.5-0.5B,9,0.375,last_token,remove_pca,,en,ko,mrr,0.5065190196186931,1024,2048,metric,,,,
Qwen/Qwen2.5-0.5B,9,0.375,last_token,remove_pca,,en,ja,r1,0.498046875,1024,2048,metric,,,,
Qwen/Qwen2.5-0.5B,9,0.375,last_token,remove_pca,,en,ja,mrr,0.592363413217134,1024,2048,metric,,,,
Qwen/Qwen2.5-0.5B,9,0.375,last_token,remove_pca,,en,zh,r1,0.66796875,1024,2048,metric,,,,
Qwen/Qwen2.5-0.5B,9,0.375,last_token,remove_pca,,en,zh,mrr,0.7481738423386428,1024,2048,metric,,,,
Qwen/Qwen2.5-0.5B,9,0.375,last_token,remove_pca,,ko,en,r1,0.24609375,1024,2048,metric,,,,
Qwen/Qwen2.5-0.5B,9,0.375,last_token,remove_pca,,ko,en,mrr,0.35462604125522706,1024,2048,metric,,,,
Qwen/Qwen2.5-0.5B,9,0.375,last_token,remove_pca,,ko,ja,r1,0.53125,1024,2048,metric,,,,
Qwen/Qwen2.5-0.5B,9,0.375,last_token,remove_pca,,ko,ja,mrr,0.6311223252971214,1024,2048,metric,,,,
Qwen/Qwen2.5-0.5B,9,0.375,last_token,remove_pca,,ko,zh,r1,0.244140625,1024,2048,metric,,,,
Qwen/Qwen2.5-0.5B,9,0.375,last_token,remove_pca,,ko,zh,mrr,0.3299213809926699,1024,2048,metric,,,,
Qwen/Qwen2.5-0.5B,9,0.375,last_token,remove_pca,,ja,en,r1,0.2578125,1024,2048,metric,,,,
Qwen/Qwen2.5-0.5B,9,0.375,last_token,remove_pca,,ja,en,mrr,0.3566870356013711,1024,2048,metric,,,,
Qwen/Qwen2.5-0.5B,9,0.375,last_token,remove_pca,,ja,ko,r1,0.439453125,1024,2048,metric,,,,
Qwen/Qwen2.5-0.5B,9,0.375,last_token,remove_pca,,ja,ko,mrr,0.5275363008504632,1024,2048,metric,,,,
Qwen/Qwen2.5-0.5B,9,0.375,last_token,remove_pca,,ja,zh,r1,0.296875,1024,2048,metric,,,,
Qwen/Qwen2.5-0.5B,9,0.375,last_token,remove_pca,,ja,zh,mrr,0.3844547482163523,1024,2048,metric,,,,
Qwen/Qwen2.5-0.5B,9,0.375,last_token,remove_pca,,zh,en,r1,0.681640625,1024,2048,metric,,,,
Qwen/Qwen2.5-0.5B,9,0.375,last_token,remove_pca,,zh,en,mrr,0.7535272143572529,1024,2048,metric,,,,
Qwen/Qwen2.5-0.5B,9,0.375,last_token,remove_pca,,zh,ko,r1,0.390625,1024,2048,metric,,,,
Qwen/Qwen2.5-0.5B,9,0.375,last_token,remove_pca,,zh,ko,mrr,0.49693769297354373,1024,2048,metric,,,,
Qwen/Qwen2.5-0.5B,9,0.375,last_token,remove_pca,,zh,ja,r1,0.470703125,1024,2048,metric,,,,
Qwen/Qwen2.5-0.5B,9,0.375,last_token,remove_pca,,zh,ja,mrr,0.57379464488909,1024,2048,metric,,,,
Qwen/Qwen2.5-0.5B,10,0.4166666666666667,last_token,remove_pca,,en,ko,r1,0.37109375,1024,2048,metric,,,,
Qwen/Qwen2.5-0.5B,10,0.4166666666666667,last_token,remove_pca,,en,ko,mrr,0.4754989568863625,1024,2048,metric,,,,
Qwen/Qwen2.5-0.5B,10,0.4166666666666667,last_token,remove_pca,,en,ja,r1,0.46484375,1024,2048,metric,,,,
Qwen/Qwen2.5-0.5B,10,0.4166666666666667,last_token,remove_pca,,en,ja,mrr,0.5694537821668735,1024,2048,metric,,,,
Qwen/Qwen2.5-0.5B,10,0.4166666666666667,last_token,remove_pca,,en,zh,r1,0.70703125,1024,2048,metric,,,,
Qwen/Qwen2.5-0.5B,10,0.4166666666666667,last_token,remove_pca,,en,zh,mrr,0.7690038622921089,1024,2048,metric,,,,
Qwen/Qwen2.5-0.5B,10,0.4166666666666667,last_token,remove_pca,,ko,en,r1,0.3046875,1024,2048,metric,,,,
Qwen/Qwen2.5-0.5B,10,0.4166666666666667,last_token,remove_pca,,ko,en,mrr,0.4007826589871999,1024,2048,metric,,,,
Qwen/Qwen2.5-0.5B,10,0.4166666666666667,last_token,remove_pca,,ko,ja,r1,0.498046875,1024,2048,metric,,,,
Qwen/Qwen2.5-0.5B,10,0.4166666666666667,last_token,remove_pca,,ko,ja,mrr,0.5925881282436639,1024,2048,metric,,,,
Qwen/Qwen2.5-0.5B,10,0.4166666666666667,last_token,remove_pca,,ko,zh,r1,0.236328125,1024,2048,metric,,,,
Qwen/Qwen2.5-0.5B,10,0.4166666666666667,last_token,remove_pca,,ko,zh,mrr,0.3427933891603651,1024,2048,metric,,,,
Qwen/Qwen2.5-0.5B,10,0.4166666666666667,last_token,remove_pca,,ja,en,r1,0.306640625,1024,2048,metric,,,,
Qwen/Qwen2.5-0.5B,10,0.4166666666666667,last_token,remove_pca,,ja,en,mrr,0.4227335212396325,1024,2048,metric,,,,
Qwen/Qwen2.5-0.5B,10,0.4166666666666667,last_token,remove_pca,,ja,ko,r1,0.427734375,1024,2048,metric,,,,
Qwen/Qwen2.5-0.5B,10,0.4166666666666667,last_token,remove_pca,,ja,ko,mrr,0.5224188862147264,1024,2048,metric,,,,
Qwen/Qwen2.5-0.5B,10,0.4166666666666667,last_token,remove_pca,,ja,zh,r1,0.34375,1024,2048,metric,,,,
Qwen/Qwen2.5-0.5B,10,0.4166666666666667,last_token,remove_pca,,ja,zh,mrr,0.4332455677863347,1024,2048,metric,,,,
Qwen/Qwen2.5-0.5B,10,0.4166666666666667,last_token,remove_pca,,zh,en,r1,0.736328125,1024,2048,metric,,,,
Qwen/Qwen2.5-0.5B,10,0.4166666666666667,last_token,remove_pca,,zh,en,mrr,0.7963183703855787,1024,2048,metric,,,,
Qwen/Qwen2.5-0.5B,10,0.4166666666666667,last_token,remove_pca,,zh,ko,r1,0.359375,1024,2048,metric,,,,
Qwen/Qwen2.5-0.5B,10,0.4166666666666667,last_token,remove_pca,,zh,ko,mrr,0.4633656709847058,1024,2048,metric,,,,
Qwen/Qwen2.5-0.5B,10,0.4166666666666667,last_token,remove_pca,,zh,ja,r1,0.484375,1024,2048,metric,,,,
Qwen/Qwen2.5-0.5B,10,0.4166666666666667,last_token,remove_pca,,zh,ja,mrr,0.5861701526709641,1024,2048,metric,,,,
Qwen/Qwen2.5-0.5B,11,0.4583333333333333,last_token,remove_pca,,en,ko,r1,0.4375,1024,2048,metric,,,,
Qwen/Qwen2.5-0.5B,11,0.4583333333333333,last_token,remove_pca,,en,ko,mrr,0.5276544467236821,1024,2048,metric,,,,
Qwen/Qwen2.5-0.5B,11,0.4583333333333333,last_token,remove_pca,,en,ja,r1,0.51953125,1024,2048,metric,,,,
Qwen/Qwen2.5-0.5B,11,0.4583333333333333,last_token,remove_pca,,en,ja,mrr,0.6142924594275532,1024,2048,metric,,,,
Qwen/Qwen2.5-0.5B,11,0.4583333333333333,last_token,remove_pca,,en,zh,r1,0.771484375,1024,2048,metric,,,,
Qwen/Qwen2.5-0.5B,11,0.4583333333333333,last_token,remove_pca,,en,zh,mrr,0.8174921878569479,1024,2048,metric,,,,
Qwen/Qwen2.5-0.5B,11,0.4583333333333333,last_token,remove_pca,,ko,en,r1,0.28125,1024,2048,metric,,,,
Qwen/Qwen2.5-0.5B,11,0.4583333333333333,last_token,remove_pca,,ko,en,mrr,0.3699290772313261,1024,2048,metric,,,,
Qwen/Qwen2.5-0.5B,11,0.4583333333333333,last_token,remove_pca,,ko,ja,r1,0.49609375,1024,2048,metric,,,,
Qwen/Qwen2.5-0.5B,11,0.4583333333333333,last_token,remove_pca,,ko,ja,mrr,0.5905609436852075,1024,2048,metric,,,,
Qwen/Qwen2.5-0.5B,11,0.4583333333333333,last_token,remove_pca,,ko,zh,r1,0.267578125,1024,2048,metric,,,,
Qwen/Qwen2.5-0.5B,11,0.4583333333333333,last_token,remove_pca,,ko,zh,mrr,0.36748620901051643,1024,2048,metric,,,,
Qwen/Qwen2.5-0.5B,11,0.4583333333333333,last_token,remove_pca,,ja,en,r1,0.349609375,1024,2048,metric,,,,
Qwen/Qwen2.5-0.5B,11,0.4583333333333333,last_token,remove_pca,,ja,en,mrr,0.4403705307547553,1024,2048,metric,,,,
Qwen/Qwen2.5-0.5B,11,0.4583333333333333,last_token,remove_pca,,ja,ko,r1,0.453125,1024,2048,metric,,,,
Qwen/Qwen2.5-0.5B,11,0.4583333333333333,last_token,remove_pca,,ja,ko,mrr,0.5341296662125611,1024,2048,metric,,,,
Qwen/Qwen2.5-0.5B,11,0.4583333333333333,last_token,remove_pca,,ja,zh,r1,0.3671875,1024,2048,metric,,,,
Qwen/Qwen2.5-0.5B,11,0.4583333333333333,last_token,remove_pca,,ja,zh,mrr,0.4633196733476638,1024,2048,metric,,,,
Qwen/Qwen2.5-0.5B,11,0.4583333333333333,last_token,remove_pca,,zh,en,r1,0.763671875,1024,2048,metric,,,,
Qwen/Qwen2.5-0.5B,11,0.4583333333333333,last_token,remove_pca,,zh,en,mrr,0.8119838904571572,1024,2048,metric,,,,
Qwen/Qwen2.5-0.5B,11,0.4583333333333333,last_token,remove_pca,,zh,ko,r1,0.41015625,1024,2048,metric,,,,
Qwen/Qwen2.5-0.5B,11,0.4583333333333333,last_token,remove_pca,,zh,ko,mrr,0.4967305347795354,1024,2048,metric,,,,
Qwen/Qwen2.5-0.5B,11,0.4583333333333333,last_token,remove_pca,,zh,ja,r1,0.537109375,1024,2048,metric,,,,
Qwen/Qwen2.5-0.5B,11,0.4583333333333333,last_token,remove_pca,,zh,ja,mrr,0.6280629384328076,1024,2048,metric,,,,
Qwen/Qwen2.5-0.5B,12,0.5,last_token,remove_pca,,en,ko,r1,0.22265625,1024,2048,metric,,,,
Qwen/Qwen2.5-0.5B,12,0.5,last_token,remove_pca,,en,ko,mrr,0.3059232738036418,1024,2048,metric,,,,
Qwen/Qwen2.5-0.5B,12,0.5,last_token,remove_pca,,en,ja,r1,0.26953125,1024,2048,metric,,,,
Qwen/Qwen2.5-0.5B,12,0.5,last_token,remove_pca,,en,ja,mrr,0.36367150105961943,1024,2048,metric,,,,
Qwen/Qwen2.5-0.5B,12,0.5,last_token,remove_pca,,en,zh,r1,0.533203125,1024,2048,metric,,,,
Qwen/Qwen2.5-0.5B,12,0.5,last_token,remove_pca,,en,zh,mrr,0.6263417544530168,1024,2048,metric,,,,
Qwen/Qwen2.5-0.5B,12,0.5,last_token,remove_pca,,ko,en,r1,0.1796875,1024,2048,metric,,,,
Qwen/Qwen2.5-0.5B,12,0.5,last_token,remove_pca,,ko,en,mrr,0.2567090677520967,1024,2048,metric,,,,
Qwen/Qwen2.5-0.5B,12,0.5,last_token,remove_pca,,ko,ja,r1,0.291015625,1024,2048,metric,,,,
Qwen/Qwen2.5-0.5B,12,0.5,last_token,remove_pca,,ko,ja,mrr,0.37766273039644244,1024,2048,metric,,,,
Qwen/Qwen2.5-0.5B,12,0.5,last_token,remove_pca,,ko,zh,r1,0.1640625,1024,2048,metric,,,,
Qwen/Qwen2.5-0.5B,12,0.5,last_token,remove_pca,,ko,zh,mrr,0.23847817877335725,1024,2048,metric,,,,
Qwen/Qwen2.5-0.5B,12,0.5,last_token,remove_pca,,ja,en,r1,0.193359375,1024,2048,metric,,,,
Qwen/Qwen2.5-0.5B,12,0.5,last_token,remove_pca,,ja,en,mrr,0.27919916031910563,1024,2048,metric,,,,
Qwen/Qwen2.5-0.5B,12,0.5,last_token,remove_pca,,ja,ko,r1,0.287109375,1024,2048,metric,,,,
Qwen/Qwen2.5-0.5B,12,0.5,last_token,remove_pca,,ja,ko,mrr,0.36054449724119514,1024,2048,metric,,,,
Qwen/Qwen2.5-0.5B,12,0.5,last_token,remove_pca,,ja,zh,r1,0.248046875,1024,2048,metric,,,,
Qwen/Qwen2.5-0.5B,12,0.5,last_token,remove_pca,,ja,zh,mrr,0.33718332650601124,1024,2048,metric,,,,
Qwen/Qwen2.5-0.5B,12,0.5,last_token,remove_pca,,zh,en,r1,0.55859375,1024,2048,metric,,,,
Qwen/Qwen2.5-0.5B,12,0.5,last_token,remove_pca,,zh,en,mrr,0.624097543087901,1024,2048,metric,,,,
Qwen/Qwen2.5-0.5B,12,0.5,last_token,remove_pca,,zh,ko,r1,0.20703125,1024,2048,metric,,,,
Qwen/Qwen2.5-0.5B,12,0.5,last_token,remove_pca,,zh,ko,mrr,0.27905294779657436,1024,2048,metric,,,,
Qwen/Qwen2.5-0.5B,12,0.5,last_token,remove_pca,,zh,ja,r1,0.267578125,1024,2048,metric,,,,
Qwen/Qwen2.5-0.5B,12,0.5,last_token,remove_pca,,zh,ja,mrr,0.36955277482947924,1024,2048,metric,,,,
Qwen/Qwen2.5-0.5B,13,0.5416666666666666,last_token,remove_pca,,en,ko,r1,0.234375,1024,2048,metric,,,,
Qwen/Qwen2.5-0.5B,13,0.5416666666666666,last_token,remove_pca,,en,ko,mrr,0.3139187707907338,1024,2048,metric,,,,
Qwen/Qwen2.5-0.5B,13,0.5416666666666666,last_token,remove_pca,,en,ja,r1,0.2421875,1024,2048,metric,,,,
Qwen/Qwen2.5-0.5B,13,0.5416666666666666,last_token,remove_pca,,en,ja,mrr,0.3477108859135567,1024,2048,metric,,,,
Qwen/Qwen2.5-0.5B,13,0.5416666666666666,last_token,remove_pca,,en,zh,r1,0.51171875,1024,2048,metric,,,,
Qwen/Qwen2.5-0.5B,13,0.5416666666666666,last_token,remove_pca,,en,zh,mrr,0.6048855525136914,1024,2048,metric,,,,
Qwen/Qwen2.5-0.5B,13,0.5416666666666666,last_token,remove_pca,,ko,en,r1,0.150390625,1024,2048,metric,,,,
Qwen/Qwen2.5-0.5B,13,0.5416666666666666,last_token,remove_pca,,ko,en,mrr,0.24070474795326313,1024,2048,metric,,,,
Qwen/Qwen2.5-0.5B,13,0.5416666666666666,last_token,remove_pca,,ko,ja,r1,0.28515625,1024,2048,metric,,,,
Qwen/Qwen2.5-0.5B,13,0.5416666666666666,last_token,remove_pca,,ko,ja,mrr,0.3838811592159793,1024,2048,metric,,,,
Qwen/Qwen2.5-0.5B,13,0.5416666666666666,last_token,remove_pca,,ko,zh,r1,0.12890625,1024,2048,metric,,,,
Qwen/Qwen2.5-0.5B,13,0.5416666666666666,last_token,remove_pca,,ko,zh,mrr,0.21030226455220483,1024,2048,metric,,,,
Qwen/Qwen2.5-0.5B,13,0.5416666666666666,last_token,remove_pca,,ja,en,r1,0.208984375,1024,2048,metric,,,,
Qwen/Qwen2.5-0.5B,13,0.5416666666666666,last_token,remove_pca,,ja,en,mrr,0.2899032279966891,1024,2048,metric,,,,
Qwen/Qwen2.5-0.5B,13,0.5416666666666666,last_token,remove_pca,,ja,ko,r1,0.291015625,1024,2048,metric,,,,
Qwen/Qwen2.5-0.5B,13,0.5416666666666666,last_token,remove_pca,,ja,ko,mrr,0.3791710176205174,1024,2048,metric,,,,
Qwen/Qwen2.5-0.5B,13,0.5416666666666666,last_token,remove_pca,,ja,zh,r1,0.23046875,1024,2048,metric,,,,
Qwen/Qwen2.5-0.5B,13,0.5416666666666666,last_token,remove_pca,,ja,zh,mrr,0.31805306774304654,1024,2048,metric,,,,
Qwen/Qwen2.5-0.5B,13,0.5416666666666666,last_token,remove_pca,,zh,en,r1,0.501953125,1024,2048,metric,,,,
Qwen/Qwen2.5-0.5B,13,0.5416666666666666,last_token,remove_pca,,zh,en,mrr,0.5880206051260232,1024,2048,metric,,,,
Qwen/Qwen2.5-0.5B,13,0.5416666666666666,last_token,remove_pca,,zh,ko,r1,0.205078125,1024,2048,metric,,,,
Qwen/Qwen2.5-0.5B,13,0.5416666666666666,last_token,remove_pca,,zh,ko,mrr,0.2906145122292647,1024,2048,metric,,,,
Qwen/Qwen2.5-0.5B,13,0.5416666666666666,last_token,remove_pca,,zh,ja,r1,0.294921875,1024,2048,metric,,,,
Qwen/Qwen2.5-0.5B,13,0.5416666666666666,last_token,remove_pca,,zh,ja,mrr,0.3880207568860037,1024,2048,metric,,,,
Qwen/Qwen2.5-0.5B,14,0.5833333333333334,last_token,remove_pca,,en,ko,r1,0.203125,1024,2048,metric,,,,
Qwen/Qwen2.5-0.5B,14,0.5833333333333334,last_token,remove_pca,,en,ko,mrr,0.27996556344103685,1024,2048,metric,,,,
Qwen/Qwen2.5-0.5B,14,0.5833333333333334,last_token,remove_pca,,en,ja,r1,0.240234375,1024,2048,metric,,,,
Qwen/Qwen2.5-0.5B,14,0.5833333333333334,last_token,remove_pca,,en,ja,mrr,0.33141983206169745,1024,2048,metric,,,,
Qwen/Qwen2.5-0.5B,14,0.5833333333333334,last_token,remove_pca,,en,zh,r1,0.49609375,1024,2048,metric,,,,
Qwen/Qwen2.5-0.5B,14,0.5833333333333334,last_token,remove_pca,,en,zh,mrr,0.5800382819872503,1024,2048,metric,,,,
Qwen/Qwen2.5-0.5B,14,0.5833333333333334,last_token,remove_pca,,ko,en,r1,0.142578125,1024,2048,metric,,,,
Qwen/Qwen2.5-0.5B,14,0.5833333333333334,last_token,remove_pca,,ko,en,mrr,0.22313604225345685,1024,2048,metric,,,,
Qwen/Qwen2.5-0.5B,14,0.5833333333333334,last_token,remove_pca,,ko,ja,r1,0.2734375,1024,2048,metric,,,,
Qwen/Qwen2.5-0.5B,14,0.5833333333333334,last_token,remove_pca,,ko,ja,mrr,0.3642713727425289,1024,2048,metric,,,,
Qwen/Qwen2.5-0.5B,14,0.5833333333333334,last_token,remove_pca,,ko,zh,r1,0.140625,1024,2048,metric,,,,
Qwen/Qwen2.5-0.5B,14,0.5833333333333334,last_token,remove_pca,,ko,zh,mrr,0.21521909611879275,1024,2048,metric,,,,
Qwen/Qwen2.5-0.5B,14,0.5833333333333334,last_token,remove_pca,,ja,en,r1,0.173828125,1024,2048,metric,,,,
Qwen/Qwen2.5-0.5B,14,0.5833333333333334,last_token,remove_pca,,ja,en,mrr,0.26551934738143035,1024,2048,metric,,,,
Qwen/Qwen2.5-0.5B,14,0.5833333333333334,last_token,remove_pca,,ja,ko,r1,0.287109375,1024,2048,metric,,,,
Qwen/Qwen2.5-0.5B,14,0.5833333333333334,last_token,remove_pca,,ja,ko,mrr,0.36309727371276157,1024,2048,metric,,,,
Qwen/Qwen2.5-0.5B,14,0.5833333333333334,last_token,remove_pca,,ja,zh,r1,0.220703125,1024,2048,metric,,,,
Qwen/Qwen2.5-0.5B,14,0.5833333333333334,last_token,remove_pca,,ja,zh,mrr,0.30309691702519814,1024,2048,metric,,,,
Qwen/Qwen2.5-0.5B,14,0.5833333333333334,last_token,remove_pca,,zh,en,r1,0.49609375,1024,2048,metric,,,,
Qwen/Qwen2.5-0.5B,14,0.5833333333333334,last_token,remove_pca,,zh,en,mrr,0.575134710103434,1024,2048,metric,,,,
Qwen/Qwen2.5-0.5B,14,0.5833333333333334,last_token,remove_pca,,zh,ko,r1,0.189453125,1024,2048,metric,,,,
Qwen/Qwen2.5-0.5B,14,0.5833333333333334,last_token,remove_pca,,zh,ko,mrr,0.26486267185893236,1024,2048,metric,,,,
Qwen/Qwen2.5-0.5B,14,0.5833333333333334,last_token,remove_pca,,zh,ja,r1,0.263671875,1024,2048,metric,,,,
Qwen/Qwen2.5-0.5B,14,0.5833333333333334,last_token,remove_pca,,zh,ja,mrr,0.3521032594099104,1024,2048,metric,,,,
Qwen/Qwen2.5-0.5B,15,0.625,last_token,remove_pca,,en,ko,r1,0.25,1024,2048,metric,,,,
Qwen/Qwen2.5-0.5B,15,0.625,last_token,remove_pca,,en,ko,mrr,0.3327005442890759,1024,2048,metric,,,,
Qwen/Qwen2.5-0.5B,15,0.625,last_token,remove_pca,,en,ja,r1,0.328125,1024,2048,metric,,,,
Qwen/Qwen2.5-0.5B,15,0.625,last_token,remove_pca,,en,ja,mrr,0.41970980505014893,1024,2048,metric,,,,
Qwen/Qwen2.5-0.5B,15,0.625,last_token,remove_pca,,en,zh,r1,0.587890625,1024,2048,metric,,,,
Qwen/Qwen2.5-0.5B,15,0.625,last_token,remove_pca,,en,zh,mrr,0.662958236079159,1024,2048,metric,,,,
Qwen/Qwen2.5-0.5B,15,0.625,last_token,remove_pca,,ko,en,r1,0.189453125,1024,2048,metric,,,,
Qwen/Qwen2.5-0.5B,15,0.625,last_token,remove_pca,,ko,en,mrr,0.2790551878092218,1024,2048,metric,,,,
Qwen/Qwen2.5-0.5B,15,0.625,last_token,remove_pca,,ko,ja,r1,0.322265625,1024,2048,metric,,,,
Qwen/Qwen2.5-0.5B,15,0.625,last_token,remove_pca,,ko,ja,mrr,0.404405907278659,1024,2048,metric,,,,
Qwen/Qwen2.5-0.5B,15,0.625,last_token,remove_pca,,ko,zh,r1,0.173828125,1024,2048,metric,,,,
Qwen/Qwen2.5-0.5B,15,0.625,last_token,remove_pca,,ko,zh,mrr,0.2607263643167521,1024,2048,metric,,,,
Qwen/Qwen2.5-0.5B,15,0.625,last_token,remove_pca,,ja,en,r1,0.2890625,1024,2048,metric,,,,
Qwen/Qwen2.5-0.5B,15,0.625,last_token,remove_pca,,ja,en,mrr,0.37436135577911533,1024,2048,metric,,,,
Qwen/Qwen2.5-0.5B,15,0.625,last_token,remove_pca,,ja,ko,r1,0.328125,1024,2048,metric,,,,
Qwen/Qwen2.5-0.5B,15,0.625,last_token,remove_pca,,ja,ko,mrr,0.4025580781014212,1024,2048,metric,,,,
Qwen/Qwen2.5-0.5B,15,0.625,last_token,remove_pca,,ja,zh,r1,0.291015625,1024,2048,metric,,,,
Qwen/Qwen2.5-0.5B,15,0.625,last_token,remove_pca,,ja,zh,mrr,0.3794398005994497,1024,2048,metric,,,,
Qwen/Qwen2.5-0.5B,15,0.625,last_token,remove_pca,,zh,en,r1,0.5625,1024,2048,metric,,,,
Qwen/Qwen2.5-0.5B,15,0.625,last_token,remove_pca,,zh,en,mrr,0.6394232306490979,1024,2048,metric,,,,
Qwen/Qwen2.5-0.5B,15,0.625,last_token,remove_pca,,zh,ko,r1,0.23046875,1024,2048,metric,,,,
Qwen/Qwen2.5-0.5B,15,0.625,last_token,remove_pca,,zh,ko,mrr,0.3045708854343298,1024,2048,metric,,,,
Qwen/Qwen2.5-0.5B,15,0.625,last_token,remove_pca,,zh,ja,r1,0.3359375,1024,2048,metric,,,,
Qwen/Qwen2.5-0.5B,15,0.625,last_token,remove_pca,,zh,ja,mrr,0.42842391412249226,1024,2048,metric,,,,
Qwen/Qwen2.5-0.5B,16,0.6666666666666666,last_token,remove_pca,,en,ko,r1,0.099609375,1024,2048,metric,,,,
Qwen/Qwen2.5-0.5B,16,0.6666666666666666,last_token,remove_pca,,en,ko,mrr,0.16500021694907263,1024,2048,metric,,,,
Qwen/Qwen2.5-0.5B,16,0.6666666666666666,last_token,remove_pca,,en,ja,r1,0.15234375,1024,2048,metric,,,,
Qwen/Qwen2.5-0.5B,16,0.6666666666666666,last_token,remove_pca,,en,ja,mrr,0.2246279687805656,1024,2048,metric,,,,
Qwen/Qwen2.5-0.5B,16,0.6666666666666666,last_token,remove_pca,,en,zh,r1,0.423828125,1024,2048,metric,,,,
Qwen/Qwen2.5-0.5B,16,0.6666666666666666,last_token,remove_pca,,en,zh,mrr,0.5019793677797493,1024,2048,metric,,,,
Qwen/Qwen2.5-0.5B,16,0.6666666666666666,last_token,remove_pca,,ko,en,r1,0.08984375,1024,2048,metric,,,,
Qwen/Qwen2.5-0.5B,16,0.6666666666666666,last_token,remove_pca,,ko,en,mrr,0.14928222306754413,1024,2048,metric,,,,
Qwen/Qwen2.5-0.5B,16,0.6666666666666666,last_token,remove_pca,,ko,ja,r1,0.1953125,1024,2048,metric,,,,
Qwen/Qwen2.5-0.5B,16,0.6666666666666666,last_token,remove_pca,,ko,ja,mrr,0.2697988502618361,1024,2048,metric,,,,
Qwen/Qwen2.5-0.5B,16,0.6666666666666666,last_token,remove_pca,,ko,zh,r1,0.07421875,1024,2048,metric,,,,
Qwen/Qwen2.5-0.5B,16,0.6666666666666666,last_token,remove_pca,,ko,zh,mrr,0.13802327718778407,1024,2048,metric,,,,
Qwen/Qwen2.5-0.5B,16,0.6666666666666666,last_token,remove_pca,,ja,en,r1,0.125,1024,2048,metric,,,,
Qwen/Qwen2.5-0.5B,16,0.6666666666666666,last_token,remove_pca,,ja,en,mrr,0.20526085771383518,1024,2048,metric,,,,
Qwen/Qwen2.5-0.5B,16,0.6666666666666666,last_token,remove_pca,,ja,ko,r1,0.208984375,1024,2048,metric,,,,
Qwen/Qwen2.5-0.5B,16,0.6666666666666666,last_token,remove_pca,,ja,ko,mrr,0.2825638504877964,1024,2048,metric,,,,
Qwen/Qwen2.5-0.5B,16,0.6666666666666666,last_token,remove_pca,,ja,zh,r1,0.16015625,1024,2048,metric,,,,
Qwen/Qwen2.5-0.5B,16,0.6666666666666666,last_token,remove_pca,,ja,zh,mrr,0.2487658695341217,1024,2048,metric,,,,
Qwen/Qwen2.5-0.5B,16,0.6666666666666666,last_token,remove_pca,,zh,en,r1,0.431640625,1024,2048,metric,,,,
Qwen/Qwen2.5-0.5B,16,0.6666666666666666,last_token,remove_pca,,zh,en,mrr,0.5117742012191291,1024,2048,metric,,,,
Qwen/Qwen2.5-0.5B,16,0.6666666666666666,last_token,remove_pca,,zh,ko,r1,0.087890625,1024,2048,metric,,,,
Qwen/Qwen2.5-0.5B,16,0.6666666666666666,last_token,remove_pca,,zh,ko,mrr,0.15855794438292775,1024,2048,metric,,,,
Qwen/Qwen2.5-0.5B,16,0.6666666666666666,last_token,remove_pca,,zh,ja,r1,0.21484375,1024,2048,metric,,,,
Qwen/Qwen2.5-0.5B,16,0.6666666666666666,last_token,remove_pca,,zh,ja,mrr,0.2957732063371456,1024,2048,metric,,,,
Qwen/Qwen2.5-0.5B,17,0.7083333333333334,last_token,remove_pca,,en,ko,r1,0.078125,1024,2048,metric,,,,
Qwen/Qwen2.5-0.5B,17,0.7083333333333334,last_token,remove_pca,,en,ko,mrr,0.1310140796653059,1024,2048,metric,,,,
Qwen/Qwen2.5-0.5B,17,0.7083333333333334,last_token,remove_pca,,en,ja,r1,0.095703125,1024,2048,metric,,,,
Qwen/Qwen2.5-0.5B,17,0.7083333333333334,last_token,remove_pca,,en,ja,mrr,0.1531832762263685,1024,2048,metric,,,,
Qwen/Qwen2.5-0.5B,17,0.7083333333333334,last_token,remove_pca,,en,zh,r1,0.20703125,1024,2048,metric,,,,
Qwen/Qwen2.5-0.5B,17,0.7083333333333334,last_token,remove_pca,,en,zh,mrr,0.27652577365310727,1024,2048,metric,,,,
Qwen/Qwen2.5-0.5B,17,0.7083333333333334,last_token,remove_pca,,ko,en,r1,0.060546875,1024,2048,metric,,,,
Qwen/Qwen2.5-0.5B,17,0.7083333333333334,last_token,remove_pca,,ko,en,mrr,0.11105760827548908,1024,2048,metric,,,,
Qwen/Qwen2.5-0.5B,17,0.7083333333333334,last_token,remove_pca,,ko,ja,r1,0.12109375,1024,2048,metric,,,,
Qwen/Qwen2.5-0.5B,17,0.7083333333333334,last_token,remove_pca,,ko,ja,mrr,0.18159388082333694,1024,2048,metric,,,,
Qwen/Qwen2.5-0.5B,17,0.7083333333333334,last_token,remove_pca,,ko,zh,r1,0.041015625,1024,2048,metric,,,,
Qwen/Qwen2.5-0.5B,17,0.7083333333333334,last_token,remove_pca,,ko,zh,mrr,0.08746534966789721,1024,2048,metric,,,,
Qwen/Qwen2.5-0.5B,17,0.7083333333333334,last_token,remove_pca,,ja,en,r1,0.08984375,1024,2048,metric,,,,
Qwen/Qwen2.5-0.5B,17,0.7083333333333334,last_token,remove_pca,,ja,en,mrr,0.13540628214236494,1024,2048,metric,,,,
Qwen/Qwen2.5-0.5B,17,0.7083333333333334,last_token,remove_pca,,ja,ko,r1,0.119140625,1024,2048,metric,,,,
Qwen/Qwen2.5-0.5B,17,0.7083333333333334,last_token,remove_pca,,ja,ko,mrr,0.18168675535649711,1024,2048,metric,,,,
Qwen/Qwen2.5-0.5B,17,0.7083333333333334,last_token,remove_pca,,ja,zh,r1,0.095703125,1024,2048,metric,,,,
Qwen/Qwen2.5-0.5B,17,0.7083333333333334,last_token,remove_pca,,ja,zh,mrr,0.14823805716919422,1024,2048,metric,,,,
Qwen/Qwen2.5-0.5B,17,0.7083333333333334,last_token,remove_pca,,zh,en,r1,0.263671875,1024,2048,metric,,,,
Qwen/Qwen2.5-0.5B,17,0.7083333333333334,last_token,remove_pca,,zh,en,mrr,0.33778233587646456,1024,2048,metric,,,,
Qwen/Qwen2.5-0.5B,17,0.7083333333333334,last_token,remove_pca,,zh,ko,r1,0.0625,1024,2048,metric,,,,
Qwen/Qwen2.5-0.5B,17,0.7083333333333334,last_token,remove_pca,,zh,ko,mrr,0.1108114680674765,1024,2048,metric,,,,
Qwen/Qwen2.5-0.5B,17,0.7083333333333334,last_token,remove_pca,,zh,ja,r1,0.126953125,1024,2048,metric,,,,
Qwen/Qwen2.5-0.5B,17,0.7083333333333334,last_token,remove_pca,,zh,ja,mrr,0.18523938966876463,1024,2048,metric,,,,
Qwen/Qwen2.5-0.5B,18,0.75,last_token,remove_pca,,en,ko,r1,0.0859375,1024,2048,metric,,,,
Qwen/Qwen2.5-0.5B,18,0.75,last_token,remove_pca,,en,ko,mrr,0.1412668749426106,1024,2048,metric,,,,
Qwen/Qwen2.5-0.5B,18,0.75,last_token,remove_pca,,en,ja,r1,0.12109375,1024,2048,metric,,,,
Qwen/Qwen2.5-0.5B,18,0.75,last_token,remove_pca,,en,ja,mrr,0.173697900140607,1024,2048,metric,,,,
Qwen/Qwen2.5-0.5B,18,0.75,last_token,remove_pca,,en,zh,r1,0.228515625,1024,2048,metric,,,,
Qwen/Qwen2.5-0.5B,18,0.75,last_token,remove_pca,,en,zh,mrr,0.2994347629865698,1024,2048,metric,,,,
Qwen/Qwen2.5-0.5B,18,0.75,last_token,remove_pca,,ko,en,r1,0.076171875,1024,2048,metric,,,,
Qwen/Qwen2.5-0.5B,18,0.75,last_token,remove_pca,,ko,en,mrr,0.12616758581903956,1024,2048,metric,,,,
Qwen/Qwen2.5-0.5B,18,0.75,last_token,remove_pca,,ko,ja,r1,0.142578125,1024,2048,metric,,,,
Qwen/Qwen2.5-0.5B,18,0.75,last_token,remove_pca,,ko,ja,mrr,0.1967083168101949,1024,2048,metric,,,,
Qwen/Qwen2.5-0.5B,18,0.75,last_token,remove_pca,,ko,zh,r1,0.046875,1024,2048,metric,,,,
Qwen/Qwen2.5-0.5B,18,0.75,last_token,remove_pca,,ko,zh,mrr,0.09192837409014808,1024,2048,metric,,,,
Qwen/Qwen2.5-0.5B,18,0.75,last_token,remove_pca,,ja,en,r1,0.091796875,1024,2048,metric,,,,
Qwen/Qwen2.5-0.5B,18,0.75,last_token,remove_pca,,ja,en,mrr,0.14700387548082586,1024,2048,metric,,,,
Qwen/Qwen2.5-0.5B,18,0.75,last_token,remove_pca,,ja,ko,r1,0.126953125,1024,2048,metric,,,,
Qwen/Qwen2.5-0.5B,18,0.75,last_token,remove_pca,,ja,ko,mrr,0.18981821225599976,1024,2048,metric,,,,
Qwen/Qwen2.5-0.5B,18,0.75,last_token,remove_pca,,ja,zh,r1,0.095703125,1024,2048,metric,,,,
Qwen/Qwen2.5-0.5B,18,0.75,last_token,remove_pca,,ja,zh,mrr,0.14787827711537174,1024,2048,metric,,,,
Qwen/Qwen2.5-0.5B,18,0.75,last_token,remove_pca,,zh,en,r1,0.27734375,1024,2048,metric,,,,
Qwen/Qwen2.5-0.5B,18,0.75,last_token,remove_pca,,zh,en,mrr,0.35487157201272496,1024,2048,metric,,,,
Qwen/Qwen2.5-0.5B,18,0.75,last_token,remove_pca,,zh,ko,r1,0.064453125,1024,2048,metric,,,,
Qwen/Qwen2.5-0.5B,18,0.75,last_token,remove_pca,,zh,ko,mrr,0.1226205809333826,1024,2048,metric,,,,
Qwen/Qwen2.5-0.5B,18,0.75,last_token,remove_pca,,zh,ja,r1,0.142578125,1024,2048,metric,,,,
Qwen/Qwen2.5-0.5B,18,0.75,last_token,remove_pca,,zh,ja,mrr,0.19827257987522623,1024,2048,metric,,,,
Qwen/Qwen2.5-0.5B,19,0.7916666666666666,last_token,remove_pca,,en,ko,r1,0.111328125,1024,2048,metric,,,,
Qwen/Qwen2.5-0.5B,19,0.7916666666666666,last_token,remove_pca,,en,ko,mrr,0.18049050469839306,1024,2048,metric,,,,
Qwen/Qwen2.5-0.5B,19,0.7916666666666666,last_token,remove_pca,,en,ja,r1,0.138671875,1024,2048,metric,,,,
Qwen/Qwen2.5-0.5B,19,0.7916666666666666,last_token,remove_pca,,en,ja,mrr,0.21003082648330562,1024,2048,metric,,,,
Qwen/Qwen2.5-0.5B,19,0.7916666666666666,last_token,remove_pca,,en,zh,r1,0.259765625,1024,2048,metric,,,,
Qwen/Qwen2.5-0.5B,19,0.7916666666666666,last_token,remove_pca,,en,zh,mrr,0.3336782489769272,1024,2048,metric,,,,
Qwen/Qwen2.5-0.5B,19,0.7916666666666666,last_token,remove_pca,,ko,en,r1,0.08984375,1024,2048,metric,,,,
Qwen/Qwen2.5-0.5B,19,0.7916666666666666,last_token,remove_pca,,ko,en,mrr,0.14757873477473,1024,2048,metric,,,,
Qwen/Qwen2.5-0.5B,19,0.7916666666666666,last_token,remove_pca,,ko,ja,r1,0.16796875,1024,2048,metric,,,,
Qwen/Qwen2.5-0.5B,19,0.7916666666666666,last_token,remove_pca,,ko,ja,mrr,0.22502191352691264,1024,2048,metric,,,,
Qwen/Qwen2.5-0.5B,19,0.7916666666666666,last_token,remove_pca,,ko,zh,r1,0.046875,1024,2048,metric,,,,
Qwen/Qwen2.5-0.5B,19,0.7916666666666666,last_token,remove_pca,,ko,zh,mrr,0.09780524609051577,1024,2048,metric,,,,
Qwen/Qwen2.5-0.5B,19,0.7916666666666666,last_token,remove_pca,,ja,en,r1,0.115234375,1024,2048,metric,,,,
Qwen/Qwen2.5-0.5B,19,0.7916666666666666,last_token,remove_pca,,ja,en,mrr,0.17067479253016168,1024,2048,metric,,,,
Qwen/Qwen2.5-0.5B,19,0.7916666666666666,last_token,remove_pca,,ja,ko,r1,0.1484375,1024,2048,metric,,,,
Qwen/Qwen2.5-0.5B,19,0.7916666666666666,last_token,remove_pca,,ja,ko,mrr,0.21365847030781454,1024,2048,metric,,,,
Qwen/Qwen2.5-0.5B,19,0.7916666666666666,last_token,remove_pca,,ja,zh,r1,0.099609375,1024,2048,metric,,,,
Qwen/Qwen2.5-0.5B,19,0.7916666666666666,last_token,remove_pca,,ja,zh,mrr,0.15929639637714757,1024,2048,metric,,,,
Qwen/Qwen2.5-0.5B,19,0.7916666666666666,last_token,remove_pca,,zh,en,r1,0.33984375,1024,2048,metric,,,,
Qwen/Qwen2.5-0.5B,19,0.7916666666666666,last_token,remove_pca,,zh,en,mrr,0.4160300894289758,1024,2048,metric,,,,
Qwen/Qwen2.5-0.5B,19,0.7916666666666666,last_token,remove_pca,,zh,ko,r1,0.083984375,1024,2048,metric,,,,
Qwen/Qwen2.5-0.5B,19,0.7916666666666666,last_token,remove_pca,,zh,ko,mrr,0.15279824066452705,1024,2048,metric,,,,
Qwen/Qwen2.5-0.5B,19,0.7916666666666666,last_token,remove_pca,,zh,ja,r1,0.162109375,1024,2048,metric,,,,
Qwen/Qwen2.5-0.5B,19,0.7916666666666666,last_token,remove_pca,,zh,ja,mrr,0.23405410015543515,1024,2048,metric,,,,
Qwen/Qwen2.5-0.5B,20,0.8333333333333334,last_token,remove_pca,,en,ko,r1,0.095703125,1024,2048,metric,,,,
Qwen/Qwen2.5-0.5B,20,0.8333333333333334,last_token,remove_pca,,en,ko,mrr,0.1638159828872822,1024,2048,metric,,,,
Qwen/Qwen2.5-0.5B,20,0.8333333333333334,last_token,remove_pca,,en,ja,r1,0.12109375,1024,2048,metric,,,,
Qwen/Qwen2.5-0.5B,20,0.8333333333333334,last_token,remove_pca,,en,ja,mrr,0.1887859409862175,1024,2048,metric,,,,
Qwen/Qwen2.5-0.5B,20,0.8333333333333334,last_token,remove_pca,,en,zh,r1,0.21484375,1024,2048,metric,,,,
Qwen/Qwen2.5-0.5B,20,0.8333333333333334,last_token,remove_pca,,en,zh,mrr,0.29553679588807236,1024,2048,metric,,,,
Qwen/Qwen2.5-0.5B,20,0.8333333333333334,last_token,remove_pca,,ko,en,r1,0.08984375,1024,2048,metric,,,,
Qwen/Qwen2.5-0.5B,20,0.8333333333333334,last_token,remove_pca,,ko,en,mrr,0.14175517519011205,1024,2048,metric,,,,
Qwen/Qwen2.5-0.5B,20,0.8333333333333334,last_token,remove_pca,,ko,ja,r1,0.11328125,1024,2048,metric,,,,
Qwen/Qwen2.5-0.5B,20,0.8333333333333334,last_token,remove_pca,,ko,ja,mrr,0.1758662842033928,1024,2048,metric,,,,
Qwen/Qwen2.5-0.5B,20,0.8333333333333334,last_token,remove_pca,,ko,zh,r1,0.048828125,1024,2048,metric,,,,
Qwen/Qwen2.5-0.5B,20,0.8333333333333334,last_token,remove_pca,,ko,zh,mrr,0.09125774622122898,1024,2048,metric,,,,
Qwen/Qwen2.5-0.5B,20,0.8333333333333334,last_token,remove_pca,,ja,en,r1,0.099609375,1024,2048,metric,,,,
Qwen/Qwen2.5-0.5B,20,0.8333333333333334,last_token,remove_pca,,ja,en,mrr,0.1513858417707064,1024,2048,metric,,,,
Qwen/Qwen2.5-0.5B,20,0.8333333333333334,last_token,remove_pca,,ja,ko,r1,0.123046875,1024,2048,metric,,,,
Qwen/Qwen2.5-0.5B,20,0.8333333333333334,last_token,remove_pca,,ja,ko,mrr,0.18809294719576164,1024,2048,metric,,,,
Qwen/Qwen2.5-0.5B,20,0.8333333333333334,last_token,remove_pca,,ja,zh,r1,0.107421875,1024,2048,metric,,,,
Qwen/Qwen2.5-0.5B,20,0.8333333333333334,last_token,remove_pca,,ja,zh,mrr,0.15927283946009613,1024,2048,metric,,,,
Qwen/Qwen2.5-0.5B,20,0.8333333333333334,last_token,remove_pca,,zh,en,r1,0.3203125,1024,2048,metric,,,,
Qwen/Qwen2.5-0.5B,20,0.8333333333333334,last_token,remove_pca,,zh,en,mrr,0.3852492185543803,1024,2048,metric,,,,
Qwen/Qwen2.5-0.5B,20,0.8333333333333334,last_token,remove_pca,,zh,ko,r1,0.078125,1024,2048,metric,,,,
Qwen/Qwen2.5-0.5B,20,0.8333333333333334,last_token,remove_pca,,zh,ko,mrr,0.1377742556287357,1024,2048,metric,,,,
Qwen/Qwen2.5-0.5B,20,0.8333333333333334,last_token,remove_pca,,zh,ja,r1,0.16015625,1024,2048,metric,,,,
Qwen/Qwen2.5-0.5B,20,0.8333333333333334,last_token,remove_pca,,zh,ja,mrr,0.2230942088003115,1024,2048,metric,,,,
Qwen/Qwen2.5-0.5B,21,0.875,last_token,remove_pca,,en,ko,r1,0.2109375,1024,2048,metric,,,,
Qwen/Qwen2.5-0.5B,21,0.875,last_token,remove_pca,,en,ko,mrr,0.28697914393112767,1024,2048,metric,,,,
Qwen/Qwen2.5-0.5B,21,0.875,last_token,remove_pca,,en,ja,r1,0.244140625,1024,2048,metric,,,,
Qwen/Qwen2.5-0.5B,21,0.875,last_token,remove_pca,,en,ja,mrr,0.339441408221906,1024,2048,metric,,,,
Qwen/Qwen2.5-0.5B,21,0.875,last_token,remove_pca,,en,zh,r1,0.390625,1024,2048,metric,,,,
Qwen/Qwen2.5-0.5B,21,0.875,last_token,remove_pca,,en,zh,mrr,0.47363650413935504,1024,2048,metric,,,,
Qwen/Qwen2.5-0.5B,21,0.875,last_token,remove_pca,,ko,en,r1,0.158203125,1024,2048,metric,,,,
Qwen/Qwen2.5-0.5B,21,0.875,last_token,remove_pca,,ko,en,mrr,0.2218396661444193,1024,2048,metric,,,,
Qwen/Qwen2.5-0.5B,21,0.875,last_token,remove_pca,,ko,ja,r1,0.1875,1024,2048,metric,,,,
Qwen/Qwen2.5-0.5B,21,0.875,last_token,remove_pca,,ko,ja,mrr,0.25627089064891145,1024,2048,metric,,,,
Qwen/Qwen2.5-0.5B,21,0.875,last_token,remove_pca,,ko,zh,r1,0.0859375,1024,2048,metric,,,,
Qwen/Qwen2.5-0.5B,21,0.875,last_token,remove_pca,,ko,zh,mrr,0.14697442511855072,1024,2048,metric,,,,
Qwen/Qwen2.5-0.5B,21,0.875,last_token,remove_pca,,ja,en,r1,0.169921875,1024,2048,metric,,,,
Qwen/Qwen2.5-0.5B,21,0.875,last_token,remove_pca,,ja,en,mrr,0.2588255252377396,1024,2048,metric,,,,
Qwen/Qwen2.5-0.5B,21,0.875,last_token,remove_pca,,ja,ko,r1,0.22265625,1024,2048,metric,,,,
Qwen/Qwen2.5-0.5B,21,0.875,last_token,remove_pca,,ja,ko,mrr,0.2842335179437725,1024,2048,metric,,,,
Qwen/Qwen2.5-0.5B,21,0.875,last_token,remove_pca,,ja,zh,r1,0.185546875,1024,2048,metric,,,,
Qwen/Qwen2.5-0.5B,21,0.875,last_token,remove_pca,,ja,zh,mrr,0.26152952784445926,1024,2048,metric,,,,
Qwen/Qwen2.5-0.5B,21,0.875,last_token,remove_pca,,zh,en,r1,0.451171875,1024,2048,metric,,,,
Qwen/Qwen2.5-0.5B,21,0.875,last_token,remove_pca,,zh,en,mrr,0.5250139978895177,1024,2048,metric,,,,
Qwen/Qwen2.5-0.5B,21,0.875,last_token,remove_pca,,zh,ko,r1,0.15625,1024,2048,metric,,,,
Qwen/Qwen2.5-0.5B,21,0.875,last_token,remove_pca,,zh,ko,mrr,0.2307905459417586,1024,2048,metric,,,,
Qwen/Qwen2.5-0.5B,21,0.875,last_token,remove_pca,,zh,ja,r1,0.271484375,1024,2048,metric,,,,
Qwen/Qwen2.5-0.5B,21,0.875,last_token,remove_pca,,zh,ja,mrr,0.3541525801395704,1024,2048,metric,,,,
Qwen/Qwen2.5-0.5B,22,0.9166666666666666,last_token,remove_pca,,en,ko,r1,0.267578125,1024,2048,metric,,,,
Qwen/Qwen2.5-0.5B,22,0.9166666666666666,last_token,remove_pca,,en,ko,mrr,0.35784716383507514,1024,2048,metric,,,,
Qwen/Qwen2.5-0.5B,22,0.9166666666666666,last_token,remove_pca,,en,ja,r1,0.380859375,1024,2048,metric,,,,
Qwen/Qwen2.5-0.5B,22,0.9166666666666666,last_token,remove_pca,,en,ja,mrr,0.47156167171160107,1024,2048,metric,,,,
Qwen/Qwen2.5-0.5B,22,0.9166666666666666,last_token,remove_pca,,en,zh,r1,0.53125,1024,2048,metric,,,,
Qwen/Qwen2.5-0.5B,22,0.9166666666666666,last_token,remove_pca,,en,zh,mrr,0.6061147260120336,1024,2048,metric,,,,
Qwen/Qwen2.5-0.5B,22,0.9166666666666666,last_token,remove_pca,,ko,en,r1,0.208984375,1024,2048,metric,,,,
Qwen/Qwen2.5-0.5B,22,0.9166666666666666,last_token,remove_pca,,ko,en,mrr,0.27781128994398896,1024,2048,metric,,,,
Qwen/Qwen2.5-0.5B,22,0.9166666666666666,last_token,remove_pca,,ko,ja,r1,0.232421875,1024,2048,metric,,,,
Qwen/Qwen2.5-0.5B,22,0.9166666666666666,last_token,remove_pca,,ko,ja,mrr,0.306049494117696,1024,2048,metric,,,,
Qwen/Qwen2.5-0.5B,22,0.9166666666666666,last_token,remove_pca,,ko,zh,r1,0.103515625,1024,2048,metric,,,,
Qwen/Qwen2.5-0.5B,22,0.9166666666666666,last_token,remove_pca,,ko,zh,mrr,0.17706438564126592,1024,2048,metric,,,,
Qwen/Qwen2.5-0.5B,22,0.9166666666666666,last_token,remove_pca,,ja,en,r1,0.318359375,1024,2048,metric,,,,
Qwen/Qwen2.5-0.5B,22,0.9166666666666666,last_token,remove_pca,,ja,en,mrr,0.39950945162444207,1024,2048,metric,,,,
Qwen/Qwen2.5-0.5B,22,0.9166666666666666,last_token,remove_pca,,ja,ko,r1,0.28125,1024,2048,metric,,,,
Qwen/Qwen2.5-0.5B,22,0.9166666666666666,last_token,remove_pca,,ja,ko,mrr,0.355400398465772,1024,2048,metric,,,,
Qwen/Qwen2.5-0.5B,22,0.9166666666666666,last_token,remove_pca,,ja,zh,r1,0.298828125,1024,2048,metric,,,,
Qwen/Qwen2.5-0.5B,22,0.9166666666666666,last_token,remove_pca,,ja,zh,mrr,0.37066410795410265,1024,2048,metric,,,,
Qwen/Qwen2.5-0.5B,22,0.9166666666666666,last_token,remove_pca,,zh,en,r1,0.60546875,1024,2048,metric,,,,
Qwen/Qwen2.5-0.5B,22,0.9166666666666666,last_token,remove_pca,,zh,en,mrr,0.6727699772346861,1024,2048,metric,,,,
Qwen/Qwen2.5-0.5B,22,0.9166666666666666,last_token,remove_pca,,zh,ko,r1,0.2265625,1024,2048,metric,,,,
Qwen/Qwen2.5-0.5B,22,0.9166666666666666,last_token,remove_pca,,zh,ko,mrr,0.310691783115435,1024,2048,metric,,,,
Qwen/Qwen2.5-0.5B,22,0.9166666666666666,last_token,remove_pca,,zh,ja,r1,0.392578125,1024,2048,metric,,,,
Qwen/Qwen2.5-0.5B,22,0.9166666666666666,last_token,remove_pca,,zh,ja,mrr,0.48145031345654843,1024,2048,metric,,,,
Qwen/Qwen2.5-0.5B,23,0.9583333333333334,last_token,remove_pca,,en,ko,r1,0.251953125,1024,2048,metric,,,,
Qwen/Qwen2.5-0.5B,23,0.9583333333333334,last_token,remove_pca,,en,ko,mrr,0.3312344383904101,1024,2048,metric,,,,
Qwen/Qwen2.5-0.5B,23,0.9583333333333334,last_token,remove_pca,,en,ja,r1,0.353515625,1024,2048,metric,,,,
Qwen/Qwen2.5-0.5B,23,0.9583333333333334,last_token,remove_pca,,en,ja,mrr,0.4409841556670821,1024,2048,metric,,,,
Qwen/Qwen2.5-0.5B,23,0.9583333333333334,last_token,remove_pca,,en,zh,r1,0.4921875,1024,2048,metric,,,,
Qwen/Qwen2.5-0.5B,23,0.9583333333333334,last_token,remove_pca,,en,zh,mrr,0.5719332458679052,1024,2048,metric,,,,
Qwen/Qwen2.5-0.5B,23,0.9583333333333334,last_token,remove_pca,,ko,en,r1,0.212890625,1024,2048,metric,,,,
Qwen/Qwen2.5-0.5B,23,0.9583333333333334,last_token,remove_pca,,ko,en,mrr,0.27701610044422276,1024,2048,metric,,,,
Qwen/Qwen2.5-0.5B,23,0.9583333333333334,last_token,remove_pca,,ko,ja,r1,0.208984375,1024,2048,metric,,,,
Qwen/Qwen2.5-0.5B,23,0.9583333333333334,last_token,remove_pca,,ko,ja,mrr,0.27891701472864144,1024,2048,metric,,,,
Qwen/Qwen2.5-0.5B,23,0.9583333333333334,last_token,remove_pca,,ko,zh,r1,0.1015625,1024,2048,metric,,,,
Qwen/Qwen2.5-0.5B,23,0.9583333333333334,last_token,remove_pca,,ko,zh,mrr,0.17799247264513116,1024,2048,metric,,,,
Qwen/Qwen2.5-0.5B,23,0.9583333333333334,last_token,remove_pca,,ja,en,r1,0.287109375,1024,2048,metric,,,,
Qwen/Qwen2.5-0.5B,23,0.9583333333333334,last_token,remove_pca,,ja,en,mrr,0.37032153292585485,1024,2048,metric,,,,
Qwen/Qwen2.5-0.5B,23,0.9583333333333334,last_token,remove_pca,,ja,ko,r1,0.248046875,1024,2048,metric,,,,
Qwen/Qwen2.5-0.5B,23,0.9583333333333334,last_token,remove_pca,,ja,ko,mrr,0.31854455458133346,1024,2048,metric,,,,
Qwen/Qwen2.5-0.5B,23,0.9583333333333334,last_token,remove_pca,,ja,zh,r1,0.298828125,1024,2048,metric,,,,
Qwen/Qwen2.5-0.5B,23,0.9583333333333334,last_token,remove_pca,,ja,zh,mrr,0.3683257429050541,1024,2048,metric,,,,
Qwen/Qwen2.5-0.5B,23,0.9583333333333334,last_token,remove_pca,,zh,en,r1,0.5703125,1024,2048,metric,,,,
Qwen/Qwen2.5-0.5B,23,0.9583333333333334,last_token,remove_pca,,zh,en,mrr,0.6424353975219125,1024,2048,metric,,,,
Qwen/Qwen2.5-0.5B,23,0.9583333333333334,last_token,remove_pca,,zh,ko,r1,0.20703125,1024,2048,metric,,,,
Qwen/Qwen2.5-0.5B,23,0.9583333333333334,last_token,remove_pca,,zh,ko,mrr,0.2857753810774256,1024,2048,metric,,,,
Qwen/Qwen2.5-0.5B,23,0.9583333333333334,last_token,remove_pca,,zh,ja,r1,0.361328125,1024,2048,metric,,,,
Qwen/Qwen2.5-0.5B,23,0.9583333333333334,last_token,remove_pca,,zh,ja,mrr,0.4466302848204145,1024,2048,metric,,,,
Qwen/Qwen2.5-0.5B,24,1.0,last_token,remove_pca,,en,ko,r1,0.111328125,1024,2048,metric,,,,
Qwen/Qwen2.5-0.5B,24,1.0,last_token,remove_pca,,en,ko,mrr,0.1724436897661038,1024,2048,metric,,,,
Qwen/Qwen2.5-0.5B,24,1.0,last_token,remove_pca,,en,ja,r1,0.134765625,1024,2048,metric,,,,
Qwen/Qwen2.5-0.5B,24,1.0,last_token,remove_pca,,en,ja,mrr,0.20633061741198794,1024,2048,metric,,,,
Qwen/Qwen2.5-0.5B,24,1.0,last_token,remove_pca,,en,zh,r1,0.236328125,1024,2048,metric,,,,
Qwen/Qwen2.5-0.5B,24,1.0,last_token,remove_pca,,en,zh,mrr,0.3031095926478478,1024,2048,metric,,,,
Qwen/Qwen2.5-0.5B,24,1.0,last_token,remove_pca,,ko,en,r1,0.072265625,1024,2048,metric,,,,
Qwen/Qwen2.5-0.5B,24,1.0,last_token,remove_pca,,ko,en,mrr,0.12585381797652587,1024,2048,metric,,,,
Qwen/Qwen2.5-0.5B,24,1.0,last_token,remove_pca,,ko,ja,r1,0.064453125,1024,2048,metric,,,,
Qwen/Qwen2.5-0.5B,24,1.0,last_token,remove_pca,,ko,ja,mrr,0.11727330656827503,1024,2048,metric,,,,
Qwen/Qwen2.5-0.5B,24,1.0,last_token,remove_pca,,ko,zh,r1,0.03515625,1024,2048,metric,,,,
Qwen/Qwen2.5-0.5B,24,1.0,last_token,remove_pca,,ko,zh,mrr,0.0785413241481155,1024,2048,metric,,,,
Qwen/Qwen2.5-0.5B,24,1.0,last_token,remove_pca,,ja,en,r1,0.130859375,1024,2048,metric,,,,
Qwen/Qwen2.5-0.5B,24,1.0,last_token,remove_pca,,ja,en,mrr,0.18802740129991558,1024,2048,metric,,,,
Qwen/Qwen2.5-0.5B,24,1.0,last_token,remove_pca,,ja,ko,r1,0.08984375,1024,2048,metric,,,,
Qwen/Qwen2.5-0.5B,24,1.0,last_token,remove_pca,,ja,ko,mrr,0.13914740813835694,1024,2048,metric,,,,
Qwen/Qwen2.5-0.5B,24,1.0,last_token,remove_pca,,ja,zh,r1,0.134765625,1024,2048,metric,,,,
Qwen/Qwen2.5-0.5B,24,1.0,last_token,remove_pca,,ja,zh,mrr,0.19365307458697545,1024,2048,metric,,,,
Qwen/Qwen2.5-0.5B,24,1.0,last_token,remove_pca,,zh,en,r1,0.330078125,1024,2048,metric,,,,
Qwen/Qwen2.5-0.5B,24,1.0,last_token,remove_pca,,zh,en,mrr,0.4037524702453116,1024,2048,metric,,,,
Qwen/Qwen2.5-0.5B,24,1.0,last_token,remove_pca,,zh,ko,r1,0.10546875,1024,2048,metric,,,,
Qwen/Qwen2.5-0.5B,24,1.0,last_token,remove_pca,,zh,ko,mrr,0.15997566401580096,1024,2048,metric,,,,
Qwen/Qwen2.5-0.5B,24,1.0,last_token,remove_pca,,zh,ja,r1,0.1875,1024,2048,metric,,,,
Qwen/Qwen2.5-0.5B,24,1.0,last_token,remove_pca,,zh,ja,mrr,0.27039733395667465,1024,2048,metric,,,,
Qwen/Qwen2.5-0.5B,7,0.2916666666666667,mean,remove_pca,,en,ko,r1,0.009765625,1024,2048,metric,,,,
Qwen/Qwen2.5-0.5B,7,0.2916666666666667,mean,remove_pca,,en,ko,mrr,0.03497657987902706,1024,2048,metric,,,,
Qwen/Qwen2.5-0.5B,7,0.2916666666666667,mean,remove_pca,,en,ja,r1,0.044921875,1024,2048,metric,,,,
Qwen/Qwen2.5-0.5B,7,0.2916666666666667,mean,remove_pca,,en,ja,mrr,0.08207938219050277,1024,2048,metric,,,,
Qwen/Qwen2.5-0.5B,7,0.2916666666666667,mean,remove_pca,,en,zh,r1,0.76953125,1024,2048,metric,,,,
Qwen/Qwen2.5-0.5B,7,0.2916666666666667,mean,remove_pca,,en,zh,mrr,0.7965135485454118,1024,2048,metric,,,,
Qwen/Qwen2.5-0.5B,7,0.2916666666666667,mean,remove_pca,,ko,en,r1,0.556640625,1024,2048,metric,,,,
Qwen/Qwen2.5-0.5B,7,0.2916666666666667,mean,remove_pca,,ko,en,mrr,0.6533674010556669,1024,2048,metric,,,,
Qwen/Qwen2.5-0.5B,7,0.2916666666666667,mean,remove_pca,,ko,ja,r1,0.767578125,1024,2048,metric,,,,
Qwen/Qwen2.5-0.5B,7,0.2916666666666667,mean,remove_pca,,ko,ja,mrr,0.8153987397740285,1024,2048,metric,,,,
Qwen/Qwen2.5-0.5B,7,0.2916666666666667,mean,remove_pca,,ko,zh,r1,0.38671875,1024,2048,metric,,,,
Qwen/Qwen2.5-0.5B,7,0.2916666666666667,mean,remove_pca,,ko,zh,mrr,0.48519396412416016,1024,2048,metric,,,,
Qwen/Qwen2.5-0.5B,7,0.2916666666666667,mean,remove_pca,,ja,en,r1,0.76171875,1024,2048,metric,,,,
Qwen/Qwen2.5-0.5B,7,0.2916666666666667,mean,remove_pca,,ja,en,mrr,0.8233614760606245,1024,2048,metric,,,,
Qwen/Qwen2.5-0.5B,7,0.2916666666666667,mean,remove_pca,,ja,ko,r1,0.5703125,1024,2048,metric,,,,
Qwen/Qwen2.5-0.5B,7,0.2916666666666667,mean,remove_pca,,ja,ko,mrr,0.6270584970722923,1024,2048,metric,,,,
Qwen/Qwen2.5-0.5B,7,0.2916666666666667,mean,remove_pca,,ja,zh,r1,0.677734375,1024,2048,metric,,,,
Qwen/Qwen2.5-0.5B,7,0.2916666666666667,mean,remove_pca,,ja,zh,mrr,0.7435792114895353,1024,2048,metric,,,,
Qwen/Qwen2.5-0.5B,7,0.2916666666666667,mean,remove_pca,,zh,en,r1,0.837890625,1024,2048,metric,,,,
Qwen/Qwen2.5-0.5B,7,0.2916666666666667,mean,remove_pca,,zh,en,mrr,0.8689098474323332,1024,2048,metric,,,,
Qwen/Qwen2.5-0.5B,7,0.2916666666666667,mean,remove_pca,,zh,ko,r1,0.0390625,1024,2048,metric,,,,
Qwen/Qwen2.5-0.5B,7,0.2916666666666667,mean,remove_pca,,zh,ko,mrr,0.07418439703464981,1024,2048,metric,,,,
Qwen/Qwen2.5-0.5B,7,0.2916666666666667,mean,remove_pca,,zh,ja,r1,0.126953125,1024,2048,metric,,,,
Qwen/Qwen2.5-0.5B,7,0.2916666666666667,mean,remove_pca,,zh,ja,mrr,0.1776086522545252,1024,2048,metric,,,,
Qwen/Qwen2.5-0.5B,8,0.3333333333333333,mean,remove_pca,,en,ko,r1,0.923828125,1024,2048,metric,,,,
Qwen/Qwen2.5-0.5B,8,0.3333333333333333,mean,remove_pca,,en,ko,mrr,0.9471979837256541,1024,2048,metric,,,,
Qwen/Qwen2.5-0.5B,8,0.3333333333333333,mean,remove_pca,,en,ja,r1,0.990234375,1024,2048,metric,,,,
Qwen/Qwen2.5-0.5B,8,0.3333333333333333,mean,remove_pca,,en,ja,mrr,0.9938151041666666,1024,2048,metric,,,,
Qwen/Qwen2.5-0.5B,8,0.3333333333333333,mean,remove_pca,,en,zh,r1,0.994140625,1024,2048,metric,,,,
Qwen/Qwen2.5-0.5B,8,0.3333333333333333,mean,remove_pca,,en,zh,mrr,0.99658203125,1024,2048,metric,,,,
Qwen/Qwen2.5-0.5B,8,0.3333333333333333,mean,remove_pca,,ko,en,r1,0.755859375,1024,2048,metric,,,,
Qwen/Qwen2.5-0.5B,8,0.3333333333333333,mean,remove_pca,,ko,en,mrr,0.8217380129835832,1024,2048,metric,,,,
Qwen/Qwen2.5-0.5B,8,0.3333333333333333,mean,remove_pca,,ko,ja,r1,0.873046875,1024,2048,metric,,,,
Qwen/Qwen2.5-0.5B,8,0.3333333333333333,mean,remove_pca,,ko,ja,mrr,0.9098568557554392,1024,2048,metric,,,,
Qwen/Qwen2.5-0.5B,8,0.3333333333333333,mean,remove_pca,,ko,zh,r1,0.66015625,1024,2048,metric,,,,
Qwen/Qwen2.5-0.5B,8,0.3333333333333333,mean,remove_pca,,ko,zh,mrr,0.7448080802612913,1024,2048,metric,,,,
Qwen/Qwen2.5-0.5B,8,0.3333333333333333,mean,remove_pca,,ja,en,r1,0.869140625,1024,2048,metric,,,,
Qwen/Qwen2.5-0.5B,8,0.3333333333333333,mean,remove_pca,,ja,en,mrr,0.9075337872147949,1024,2048,metric,,,,
Qwen/Qwen2.5-0.5B,8,0.3333333333333333,mean,remove_pca,,ja,ko,r1,0.90234375,1024,2048,metric,,,,
Qwen/Qwen2.5-0.5B,8,0.3333333333333333,mean,remove_pca,,ja,ko,mrr,0.9273732319576093,1024,2048,metric,,,,
Qwen/Qwen2.5-0.5B,8,0.3333333333333333,mean,remove_pca,,ja,zh,r1,0.87890625,1024,2048,metric,,,,
Qwen/Qwen2.5-0.5B,8,0.3333333333333333,mean,remove_pca,,ja,zh,mrr,0.919464642656088,1024,2048,metric,,,,
Qwen/Qwen2.5-0.5B,8,0.3333333333333333,mean,remove_pca,,zh,en,r1,0.994140625,1024,2048,metric,,,,
Qwen/Qwen2.5-0.5B,8,0.3333333333333333,mean,remove_pca,,zh,en,mrr,0.9953167993317611,1024,2048,metric,,,,
Qwen/Qwen2.5-0.5B,8,0.3333333333333333,mean,remove_pca,,zh,ko,r1,0.89453125,1024,2048,metric,,,,
Qwen/Qwen2.5-0.5B,8,0.3333333333333333,mean,remove_pca,,zh,ko,mrr,0.9288245317569619,1024,2048,metric,,,,
Qwen/Qwen2.5-0.5B,8,0.3333333333333333,mean,remove_pca,,zh,ja,r1,0.974609375,1024,2048,metric,,,,
Qwen/Qwen2.5-0.5B,8,0.3333333333333333,mean,remove_pca,,zh,ja,mrr,0.9860387731481481,1024,2048,metric,,,,
Qwen/Qwen2.5-0.5B,9,0.375,mean,remove_pca,,en,ko,r1,0.8984375,1024,2048,metric,,,,
Qwen/Qwen2.5-0.5B,9,0.375,mean,remove_pca,,en,ko,mrr,0.9299382554055455,1024,2048,metric,,,,
Qwen/Qwen2.5-0.5B,9,0.375,mean,remove_pca,,en,ja,r1,0.98828125,1024,2048,metric,,,,
Qwen/Qwen2.5-0.5B,9,0.375,mean,remove_pca,,en,ja,mrr,0.9930826822916667,1024,2048,metric,,,,
Qwen/Qwen2.5-0.5B,9,0.375,mean,remove_pca,,en,zh,r1,0.998046875,1024,2048,metric,,,,
Qwen/Qwen2.5-0.5B,9,0.375,mean,remove_pca,,en,zh,mrr,0.9990234375,1024,2048,metric,,,,
Qwen/Qwen2.5-0.5B,9,0.375,mean,remove_pca,,ko,en,r1,0.78515625,1024,2048,metric,,,,
Qwen/Qwen2.5-0.5B,9,0.375,mean,remove_pca,,ko,en,mrr,0.8449147857132164,1024,2048,metric,,,,
Qwen/Qwen2.5-0.5B,9,0.375,mean,remove_pca,,ko,ja,r1,0.888671875,1024,2048,metric,,,,
Qwen/Qwen2.5-0.5B,9,0.375,mean,remove_pca,,ko,ja,mrr,0.921254939406711,1024,2048,metric,,,,
Qwen/Qwen2.5-0.5B,9,0.375,mean,remove_pca,,ko,zh,r1,0.6953125,1024,2048,metric,,,,
Qwen/Qwen2.5-0.5B,9,0.375,mean,remove_pca,,ko,zh,mrr,0.7757423946099546,1024,2048,metric,,,,
Qwen/Qwen2.5-0.5B,9,0.375,mean,remove_pca,,ja,en,r1,0.861328125,1024,2048,metric,,,,
Qwen/Qwen2.5-0.5B,9,0.375,mean,remove_pca,,ja,en,mrr,0.9045705780364823,1024,2048,metric,,,,
Qwen/Qwen2.5-0.5B,9,0.375,mean,remove_pca,,ja,ko,r1,0.890625,1024,2048,metric,,,,
Qwen/Qwen2.5-0.5B,9,0.375,mean,remove_pca,,ja,ko,mrr,0.9196569389061242,1024,2048,metric,,,,
Qwen/Qwen2.5-0.5B,9,0.375,mean,remove_pca,,ja,zh,r1,0.89453125,1024,2048,metric,,,,
Qwen/Qwen2.5-0.5B,9,0.375,mean,remove_pca,,ja,zh,mrr,0.9266222433165792,1024,2048,metric,,,,
Qwen/Qwen2.5-0.5B,9,0.375,mean,remove_pca,,zh,en,r1,0.990234375,1024,2048,metric,,,,
Qwen/Qwen2.5-0.5B,9,0.375,mean,remove_pca,,zh,en,mrr,0.9935108129528986,1024,2048,metric,,,,
Qwen/Qwen2.5-0.5B,9,0.375,mean,remove_pca,,zh,ko,r1,0.8828125,1024,2048,metric,,,,
Qwen/Qwen2.5-0.5B,9,0.375,mean,remove_pca,,zh,ko,mrr,0.9184987672554994,1024,2048,metric,,,,
Qwen/Qwen2.5-0.5B,9,0.375,mean,remove_pca,,zh,ja,r1,0.97265625,1024,2048,metric,,,,
Qwen/Qwen2.5-0.5B,9,0.375,mean,remove_pca,,zh,ja,mrr,0.9839425223214286,1024,2048,metric,,,,
Qwen/Qwen2.5-0.5B,10,0.4166666666666667,mean,remove_pca,,en,ko,r1,0.880859375,1024,2048,metric,,,,
Qwen/Qwen2.5-0.5B,10,0.4166666666666667,mean,remove_pca,,en,ko,mrr,0.9167535112953971,1024,2048,metric,,,,
Qwen/Qwen2.5-0.5B,10,0.4166666666666667,mean,remove_pca,,en,ja,r1,0.978515625,1024,2048,metric,,,,
Qwen/Qwen2.5-0.5B,10,0.4166666666666667,mean,remove_pca,,en,ja,mrr,0.9848380234462095,1024,2048,metric,,,,
Qwen/Qwen2.5-0.5B,10,0.4166666666666667,mean,remove_pca,,en,zh,r1,0.9921875,1024,2048,metric,,,,
Qwen/Qwen2.5-0.5B,10,0.4166666666666667,mean,remove_pca,,en,zh,mrr,0.9954427083333333,1024,2048,metric,,,,
Qwen/Qwen2.5-0.5B,10,0.4166666666666667,mean,remove_pca,,ko,en,r1,0.732421875,1024,2048,metric,,,,
Qwen/Qwen2.5-0.5B,10,0.4166666666666667,mean,remove_pca,,ko,en,mrr,0.816207999909643,1024,2048,metric,,,,
Qwen/Qwen2.5-0.5B,10,0.4166666666666667,mean,remove_pca,,ko,ja,r1,0.8671875,1024,2048,metric,,,,
Qwen/Qwen2.5-0.5B,10,0.4166666666666667,mean,remove_pca,,ko,ja,mrr,0.9025516530887171,1024,2048,metric,,,,
Qwen/Qwen2.5-0.5B,10,0.4166666666666667,mean,remove_pca,,ko,zh,r1,0.650390625,1024,2048,metric,,,,
Qwen/Qwen2.5-0.5B,10,0.4166666666666667,mean,remove_pca,,ko,zh,mrr,0.7462330716511638,1024,2048,metric,,,,
Qwen/Qwen2.5-0.5B,10,0.4166666666666667,mean,remove_pca,,ja,en,r1,0.853515625,1024,2048,metric,,,,
Qwen/Qwen2.5-0.5B,10,0.4166666666666667,mean,remove_pca,,ja,en,mrr,0.896470665057247,1024,2048,metric,,,,
Qwen/Qwen2.5-0.5B,10,0.4166666666666667,mean,remove_pca,,ja,ko,r1,0.87109375,1024,2048,metric,,,,
Qwen/Qwen2.5-0.5B,10,0.4166666666666667,mean,remove_pca,,ja,ko,mrr,0.9052800897657547,1024,2048,metric,,,,
Qwen/Qwen2.5-0.5B,10,0.4166666666666667,mean,remove_pca,,ja,zh,r1,0.86328125,1024,2048,metric,,,,
Qwen/Qwen2.5-0.5B,10,0.4166666666666667,mean,remove_pca,,ja,zh,mrr,0.9067252723247219,1024,2048,metric,,,,
Qwen/Qwen2.5-0.5B,10,0.4166666666666667,mean,remove_pca,,zh,en,r1,0.9921875,1024,2048,metric,,,,
Qwen/Qwen2.5-0.5B,10,0.4166666666666667,mean,remove_pca,,zh,en,mrr,0.9948037978778468,1024,2048,metric,,,,
Qwen/Qwen2.5-0.5B,10,0.4166666666666667,mean,remove_pca,,zh,ko,r1,0.841796875,1024,2048,metric,,,,
Qwen/Qwen2.5-0.5B,10,0.4166666666666667,mean,remove_pca,,zh,ko,mrr,0.8857361151196159,1024,2048,metric,,,,
Qwen/Qwen2.5-0.5B,10,0.4166666666666667,mean,remove_pca,,zh,ja,r1,0.966796875,1024,2048,metric,,,,
Qwen/Qwen2.5-0.5B,10,0.4166666666666667,mean,remove_pca,,zh,ja,mrr,0.9796311556962901,1024,2048,metric,,,,
Qwen/Qwen2.5-0.5B,11,0.4583333333333333,mean,remove_pca,,en,ko,r1,0.794921875,1024,2048,metric,,,,
Qwen/Qwen2.5-0.5B,11,0.4583333333333333,mean,remove_pca,,en,ko,mrr,0.8469167220522809,1024,2048,metric,,,,
Qwen/Qwen2.5-0.5B,11,0.4583333333333333,mean,remove_pca,,en,ja,r1,0.91796875,1024,2048,metric,,,,
Qwen/Qwen2.5-0.5B,11,0.4583333333333333,mean,remove_pca,,en,ja,mrr,0.9392308331194157,1024,2048,metric,,,,
Qwen/Qwen2.5-0.5B,11,0.4583333333333333,mean,remove_pca,,en,zh,r1,0.958984375,1024,2048,metric,,,,
Qwen/Qwen2.5-0.5B,11,0.4583333333333333,mean,remove_pca,,en,zh,mrr,0.9721935453869047,1024,2048,metric,,,,
Qwen/Qwen2.5-0.5B,11,0.4583333333333333,mean,remove_pca,,ko,en,r1,0.580078125,1024,2048,metric,,,,
Qwen/Qwen2.5-0.5B,11,0.4583333333333333,mean,remove_pca,,ko,en,mrr,0.6707077816866267,1024,2048,metric,,,,
Qwen/Qwen2.5-0.5B,11,0.4583333333333333,mean,remove_pca,,ko,ja,r1,0.78515625,1024,2048,metric,,,,
Qwen/Qwen2.5-0.5B,11,0.4583333333333333,mean,remove_pca,,ko,ja,mrr,0.8320973912898194,1024,2048,metric,,,,
Qwen/Qwen2.5-0.5B,11,0.4583333333333333,mean,remove_pca,,ko,zh,r1,0.564453125,1024,2048,metric,,,,
Qwen/Qwen2.5-0.5B,11,0.4583333333333333,mean,remove_pca,,ko,zh,mrr,0.6543914376430542,1024,2048,metric,,,,
Qwen/Qwen2.5-0.5B,11,0.4583333333333333,mean,remove_pca,,ja,en,r1,0.73828125,1024,2048,metric,,,,
Qwen/Qwen2.5-0.5B,11,0.4583333333333333,mean,remove_pca,,ja,en,mrr,0.8041537942494541,1024,2048,metric,,,,
Qwen/Qwen2.5-0.5B,11,0.4583333333333333,mean,remove_pca,,ja,ko,r1,0.791015625,1024,2048,metric,,,,
Qwen/Qwen2.5-0.5B,11,0.4583333333333333,mean,remove_pca,,ja,ko,mrr,0.8416738281500128,1024,2048,metric,,,,
Qwen/Qwen2.5-0.5B,11,0.4583333333333333,mean,remove_pca,,ja,zh,r1,0.78515625,1024,2048,metric,,,,
Qwen/Qwen2.5-0.5B,11,0.4583333333333333,mean,remove_pca,,ja,zh,mrr,0.8428756668187529,1024,2048,metric,,,,
Qwen/Qwen2.5-0.5B,11,0.4583333333333333,mean,remove_pca,,zh,en,r1,0.958984375,1024,2048,metric,,,,
Qwen/Qwen2.5-0.5B,11,0.4583333333333333,mean,remove_pca,,zh,en,mrr,0.9707522299810261,1024,2048,metric,,,,
Qwen/Qwen2.5-0.5B,11,0.4583333333333333,mean,remove_pca,,zh,ko,r1,0.744140625,1024,2048,metric,,,,
Qwen/Qwen2.5-0.5B,11,0.4583333333333333,mean,remove_pca,,zh,ko,mrr,0.8123735937522311,1024,2048,metric,,,,
Qwen/Qwen2.5-0.5B,11,0.4583333333333333,mean,remove_pca,,zh,ja,r1,0.896484375,1024,2048,metric,,,,
Qwen/Qwen2.5-0.5B,11,0.4583333333333333,mean,remove_pca,,zh,ja,mrr,0.9272240521367574,1024,2048,metric,,,,
Qwen/Qwen2.5-0.5B,12,0.5,mean,remove_pca,,en,ko,r1,0.63671875,1024,2048,metric,,,,
Qwen/Qwen2.5-0.5B,12,0.5,mean,remove_pca,,en,ko,mrr,0.7193089487163913,1024,2048,metric,,,,
Qwen/Qwen2.5-0.5B,12,0.5,mean,remove_pca,,en,ja,r1,0.8125,1024,2048,metric,,,,
Qwen/Qwen2.5-0.5B,12,0.5,mean,remove_pca,,en,ja,mrr,0.8583043897798699,1024,2048,metric,,,,
Qwen/Qwen2.5-0.5B,12,0.5,mean,remove_pca,,en,zh,r1,0.919921875,1024,2048,metric,,,,
Qwen/Qwen2.5-0.5B,12,0.5,mean,remove_pca,,en,zh,mrr,0.9359585409282882,1024,2048,metric,,,,
Qwen/Qwen2.5-0.5B,12,0.5,mean,remove_pca,,ko,en,r1,0.3671875,1024,2048,metric,,,,
Qwen/Qwen2.5-0.5B,12,0.5,mean,remove_pca,,ko,en,mrr,0.4671037529442993,1024,2048,metric,,,,
Qwen/Qwen2.5-0.5B,12,0.5,mean,remove_pca,,ko,ja,r1,0.625,1024,2048,metric,,,,
Qwen/Qwen2.5-0.5B,12,0.5,mean,remove_pca,,ko,ja,mrr,0.7029960462567371,1024,2048,metric,,,,
Qwen/Qwen2.5-0.5B,12,0.5,mean,remove_pca,,ko,zh,r1,0.37109375,1024,2048,metric,,,,
Qwen/Qwen2.5-0.5B,12,0.5,mean,remove_pca,,ko,zh,mrr,0.4737085284311546,1024,2048,metric,,,,
Qwen/Qwen2.5-0.5B,12,0.5,mean,remove_pca,,ja,en,r1,0.564453125,1024,2048,metric,,,,
Qwen/Qwen2.5-0.5B,12,0.5,mean,remove_pca,,ja,en,mrr,0.6494046071310406,1024,2048,metric,,,,
Qwen/Qwen2.5-0.5B,12,0.5,mean,remove_pca,,ja,ko,r1,0.658203125,1024,2048,metric,,,,
Qwen/Qwen2.5-0.5B,12,0.5,mean,remove_pca,,ja,ko,mrr,0.7204513707154063,1024,2048,metric,,,,
Qwen/Qwen2.5-0.5B,12,0.5,mean,remove_pca,,ja,zh,r1,0.60546875,1024,2048,metric,,,,
Qwen/Qwen2.5-0.5B,12,0.5,mean,remove_pca,,ja,zh,mrr,0.6850052954796226,1024,2048,metric,,,,
Qwen/Qwen2.5-0.5B,12,0.5,mean,remove_pca,,zh,en,r1,0.912109375,1024,2048,metric,,,,
Qwen/Qwen2.5-0.5B,12,0.5,mean,remove_pca,,zh,en,mrr,0.9311389920823316,1024,2048,metric,,,,
Qwen/Qwen2.5-0.5B,12,0.5,mean,remove_pca,,zh,ko,r1,0.6015625,1024,2048,metric,,,,
Qwen/Qwen2.5-0.5B,12,0.5,mean,remove_pca,,zh,ko,mrr,0.6854116669578374,1024,2048,metric,,,,
Qwen/Qwen2.5-0.5B,12,0.5,mean,remove_pca,,zh,ja,r1,0.80078125,1024,2048,metric,,,,
Qwen/Qwen2.5-0.5B,12,0.5,mean,remove_pca,,zh,ja,mrr,0.8495520981940514,1024,2048,metric,,,,
Qwen/Qwen2.5-0.5B,13,0.5416666666666666,mean,remove_pca,,en,ko,r1,0.388671875,1024,2048,metric,,,,
Qwen/Qwen2.5-0.5B,13,0.5416666666666666,mean,remove_pca,,en,ko,mrr,0.4889459316210314,1024,2048,metric,,,,
Qwen/Qwen2.5-0.5B,13,0.5416666666666666,mean,remove_pca,,en,ja,r1,0.51953125,1024,2048,metric,,,,
Qwen/Qwen2.5-0.5B,13,0.5416666666666666,mean,remove_pca,,en,ja,mrr,0.6140172600815987,1024,2048,metric,,,,
Qwen/Qwen2.5-0.5B,13,0.5416666666666666,mean,remove_pca,,en,zh,r1,0.755859375,1024,2048,metric,,,,
Qwen/Qwen2.5-0.5B,13,0.5416666666666666,mean,remove_pca,,en,zh,mrr,0.8091903670220564,1024,2048,metric,,,,
Qwen/Qwen2.5-0.5B,13,0.5416666666666666,mean,remove_pca,,ko,en,r1,0.294921875,1024,2048,metric,,,,
Qwen/Qwen2.5-0.5B,13,0.5416666666666666,mean,remove_pca,,ko,en,mrr,0.3861961827554137,1024,2048,metric,,,,
Qwen/Qwen2.5-0.5B,13,0.5416666666666666,mean,remove_pca,,ko,ja,r1,0.443359375,1024,2048,metric,,,,
Qwen/Qwen2.5-0.5B,13,0.5416666666666666,mean,remove_pca,,ko,ja,mrr,0.5219028825596581,1024,2048,metric,,,,
Qwen/Qwen2.5-0.5B,13,0.5416666666666666,mean,remove_pca,,ko,zh,r1,0.26171875,1024,2048,metric,,,,
Qwen/Qwen2.5-0.5B,13,0.5416666666666666,mean,remove_pca,,ko,zh,mrr,0.35950059256415057,1024,2048,metric,,,,
Qwen/Qwen2.5-0.5B,13,0.5416666666666666,mean,remove_pca,,ja,en,r1,0.388671875,1024,2048,metric,,,,
Qwen/Qwen2.5-0.5B,13,0.5416666666666666,mean,remove_pca,,ja,en,mrr,0.49150766788431866,1024,2048,metric,,,,
Qwen/Qwen2.5-0.5B,13,0.5416666666666666,mean,remove_pca,,ja,ko,r1,0.458984375,1024,2048,metric,,,,
Qwen/Qwen2.5-0.5B,13,0.5416666666666666,mean,remove_pca,,ja,ko,mrr,0.5427253323461388,1024,2048,metric,,,,
Qwen/Qwen2.5-0.5B,13,0.5416666666666666,mean,remove_pca,,ja,zh,r1,0.44140625,1024,2048,metric,,,,
Qwen/Qwen2.5-0.5B,13,0.5416666666666666,mean,remove_pca,,ja,zh,mrr,0.5326294863270218,1024,2048,metric,,,,
Qwen/Qwen2.5-0.5B,13,0.5416666666666666,mean,remove_pca,,zh,en,r1,0.7578125,1024,2048,metric,,,,
Qwen/Qwen2.5-0.5B,13,0.5416666666666666,mean,remove_pca,,zh,en,mrr,0.8059168422950067,1024,2048,metric,,,,
Qwen/Qwen2.5-0.5B,13,0.5416666666666666,mean,remove_pca,,zh,ko,r1,0.365234375,1024,2048,metric,,,,
Qwen/Qwen2.5-0.5B,13,0.5416666666666666,mean,remove_pca,,zh,ko,mrr,0.4570783683609956,1024,2048,metric,,,,
Qwen/Qwen2.5-0.5B,13,0.5416666666666666,mean,remove_pca,,zh,ja,r1,0.55078125,1024,2048,metric,,,,
Qwen/Qwen2.5-0.5B,13,0.5416666666666666,mean,remove_pca,,zh,ja,mrr,0.6426681825004006,1024,2048,metric,,,,
Qwen/Qwen2.5-0.5B,14,0.5833333333333334,mean,remove_pca,,en,ko,r1,0.3515625,1024,2048,metric,,,,
Qwen/Qwen2.5-0.5B,14,0.5833333333333334,mean,remove_pca,,en,ko,mrr,0.45849544124226377,1024,2048,metric,,,,
Qwen/Qwen2.5-0.5B,14,0.5833333333333334,mean,remove_pca,,en,ja,r1,0.515625,1024,2048,metric,,,,
Qwen/Qwen2.5-0.5B,14,0.5833333333333334,mean,remove_pca,,en,ja,mrr,0.6129557134116078,1024,2048,metric,,,,
Qwen/Qwen2.5-0.5B,14,0.5833333333333334,mean,remove_pca,,en,zh,r1,0.767578125,1024,2048,metric,,,,
Qwen/Qwen2.5-0.5B,14,0.5833333333333334,mean,remove_pca,,en,zh,mrr,0.8118249809364115,1024,2048,metric,,,,
Qwen/Qwen2.5-0.5B,14,0.5833333333333334,mean,remove_pca,,ko,en,r1,0.28515625,1024,2048,metric,,,,
Qwen/Qwen2.5-0.5B,14,0.5833333333333334,mean,remove_pca,,ko,en,mrr,0.3831987877731833,1024,2048,metric,,,,
Qwen/Qwen2.5-0.5B,14,0.5833333333333334,mean,remove_pca,,ko,ja,r1,0.447265625,1024,2048,metric,,,,
Qwen/Qwen2.5-0.5B,14,0.5833333333333334,mean,remove_pca,,ko,ja,mrr,0.5316616846872269,1024,2048,metric,,,,
Qwen/Qwen2.5-0.5B,14,0.5833333333333334,mean,remove_pca,,ko,zh,r1,0.248046875,1024,2048,metric,,,,
Qwen/Qwen2.5-0.5B,14,0.5833333333333334,mean,remove_pca,,ko,zh,mrr,0.35527309030216697,1024,2048,metric,,,,
Qwen/Qwen2.5-0.5B,14,0.5833333333333334,mean,remove_pca,,ja,en,r1,0.423828125,1024,2048,metric,,,,
Qwen/Qwen2.5-0.5B,14,0.5833333333333334,mean,remove_pca,,ja,en,mrr,0.5312215638134804,1024,2048,metric,,,,
Qwen/Qwen2.5-0.5B,14,0.5833333333333334,mean,remove_pca,,ja,ko,r1,0.470703125,1024,2048,metric,,,,
Qwen/Qwen2.5-0.5B,14,0.5833333333333334,mean,remove_pca,,ja,ko,mrr,0.5506582176153235,1024,2048,metric,,,,
Qwen/Qwen2.5-0.5B,14,0.5833333333333334,mean,remove_pca,,ja,zh,r1,0.44921875,1024,2048,metric,,,,
Qwen/Qwen2.5-0.5B,14,0.5833333333333334,mean,remove_pca,,ja,zh,mrr,0.5381189424902101,1024,2048,metric,,,,
Qwen/Qwen2.5-0.5B,14,0.5833333333333334,mean,remove_pca,,zh,en,r1,0.736328125,1024,2048,metric,,,,
Qwen/Qwen2.5-0.5B,14,0.5833333333333334,mean,remove_pca,,zh,en,mrr,0.7940357902757087,1024,2048,metric,,,,
Qwen/Qwen2.5-0.5B,14,0.5833333333333334,mean,remove_pca,,zh,ko,r1,0.375,1024,2048,metric,,,,
Qwen/Qwen2.5-0.5B,14,0.5833333333333334,mean,remove_pca,,zh,ko,mrr,0.46268544307822546,1024,2048,metric,,,,
Qwen/Qwen2.5-0.5B,14,0.5833333333333334,mean,remove_pca,,zh,ja,r1,0.556640625,1024,2048,metric,,,,
Qwen/Qwen2.5-0.5B,14,0.5833333333333334,mean,remove_pca,,zh,ja,mrr,0.6422974515087407,1024,2048,metric,,,,
Qwen/Qwen2.5-0.5B,15,0.625,mean,remove_pca,,en,ko,r1,0.384765625,1024,2048,metric,,,,
Qwen/Qwen2.5-0.5B,15,0.625,mean,remove_pca,,en,ko,mrr,0.4847400864021433,1024,2048,metric,,,,
Qwen/Qwen2.5-0.5B,15,0.625,mean,remove_pca,,en,ja,r1,0.572265625,1024,2048,metric,,,,
Qwen/Qwen2.5-0.5B,15,0.625,mean,remove_pca,,en,ja,mrr,0.6604847795241409,1024,2048,metric,,,,
Qwen/Qwen2.5-0.5B,15,0.625,mean,remove_pca,,en,zh,r1,0.7890625,1024,2048,metric,,,,
Qwen/Qwen2.5-0.5B,15,0.625,mean,remove_pca,,en,zh,mrr,0.8252499443304042,1024,2048,metric,,,,
Qwen/Qwen2.5-0.5B,15,0.625,mean,remove_pca,,ko,en,r1,0.33984375,1024,2048,metric,,,,
Qwen/Qwen2.5-0.5B,15,0.625,mean,remove_pca,,ko,en,mrr,0.44281906509908475,1024,2048,metric,,,,
Qwen/Qwen2.5-0.5B,15,0.625,mean,remove_pca,,ko,ja,r1,0.484375,1024,2048,metric,,,,
Qwen/Qwen2.5-0.5B,15,0.625,mean,remove_pca,,ko,ja,mrr,0.57441394967028,1024,2048,metric,,,,
Qwen/Qwen2.5-0.5B,15,0.625,mean,remove_pca,,ko,zh,r1,0.31640625,1024,2048,metric,,,,
Qwen/Qwen2.5-0.5B,15,0.625,mean,remove_pca,,ko,zh,mrr,0.41532439981394487,1024,2048,metric,,,,
Qwen/Qwen2.5-0.5B,15,0.625,mean,remove_pca,,ja,en,r1,0.505859375,1024,2048,metric,,,,
Qwen/Qwen2.5-0.5B,15,0.625,mean,remove_pca,,ja,en,mrr,0.6015754799511025,1024,2048,metric,,,,
Qwen/Qwen2.5-0.5B,15,0.625,mean,remove_pca,,ja,ko,r1,0.490234375,1024,2048,metric,,,,
Qwen/Qwen2.5-0.5B,15,0.625,mean,remove_pca,,ja,ko,mrr,0.5739439227486642,1024,2048,metric,,,,
Qwen/Qwen2.5-0.5B,15,0.625,mean,remove_pca,,ja,zh,r1,0.505859375,1024,2048,metric,,,,
Qwen/Qwen2.5-0.5B,15,0.625,mean,remove_pca,,ja,zh,mrr,0.5973014736500726,1024,2048,metric,,,,
Qwen/Qwen2.5-0.5B,15,0.625,mean,remove_pca,,zh,en,r1,0.7578125,1024,2048,metric,,,,
Qwen/Qwen2.5-0.5B,15,0.625,mean,remove_pca,,zh,en,mrr,0.8055650822093934,1024,2048,metric,,,,
Qwen/Qwen2.5-0.5B,15,0.625,mean,remove_pca,,zh,ko,r1,0.380859375,1024,2048,metric,,,,
Qwen/Qwen2.5-0.5B,15,0.625,mean,remove_pca,,zh,ko,mrr,0.46995710706706584,1024,2048,metric,,,,
Qwen/Qwen2.5-0.5B,15,0.625,mean,remove_pca,,zh,ja,r1,0.609375,1024,2048,metric,,,,
Qwen/Qwen2.5-0.5B,15,0.625,mean,remove_pca,,zh,ja,mrr,0.6848210994768532,1024,2048,metric,,,,
Qwen/Qwen2.5-0.5B,16,0.6666666666666666,mean,remove_pca,,en,ko,r1,0.19140625,1024,2048,metric,,,,
Qwen/Qwen2.5-0.5B,16,0.6666666666666666,mean,remove_pca,,en,ko,mrr,0.2732242182977631,1024,2048,metric,,,,
Qwen/Qwen2.5-0.5B,16,0.6666666666666666,mean,remove_pca,,en,ja,r1,0.322265625,1024,2048,metric,,,,
Qwen/Qwen2.5-0.5B,16,0.6666666666666666,mean,remove_pca,,en,ja,mrr,0.4020497058912102,1024,2048,metric,,,,
Qwen/Qwen2.5-0.5B,16,0.6666666666666666,mean,remove_pca,,en,zh,r1,0.5390625,1024,2048,metric,,,,
Qwen/Qwen2.5-0.5B,16,0.6666666666666666,mean,remove_pca,,en,zh,mrr,0.6189419837627599,1024,2048,metric,,,,
Qwen/Qwen2.5-0.5B,16,0.6666666666666666,mean,remove_pca,,ko,en,r1,0.15625,1024,2048,metric,,,,
Qwen/Qwen2.5-0.5B,16,0.6666666666666666,mean,remove_pca,,ko,en,mrr,0.23605764947670638,1024,2048,metric,,,,
Qwen/Qwen2.5-0.5B,16,0.6666666666666666,mean,remove_pca,,ko,ja,r1,0.314453125,1024,2048,metric,,,,
Qwen/Qwen2.5-0.5B,16,0.6666666666666666,mean,remove_pca,,ko,ja,mrr,0.3949083415723248,1024,2048,metric,,,,
Qwen/Qwen2.5-0.5B,16,0.6666666666666666,mean,remove_pca,,ko,zh,r1,0.154296875,1024,2048,metric,,,,
Qwen/Qwen2.5-0.5B,16,0.6666666666666666,mean,remove_pca,,ko,zh,mrr,0.236307248851152,1024,2048,metric,,,,
Qwen/Qwen2.5-0.5B,16,0.6666666666666666,mean,remove_pca,,ja,en,r1,0.25,1024,2048,metric,,,,
Qwen/Qwen2.5-0.5B,16,0.6666666666666666,mean,remove_pca,,ja,en,mrr,0.3358843784432924,1024,2048,metric,,,,
Qwen/Qwen2.5-0.5B,16,0.6666666666666666,mean,remove_pca,,ja,ko,r1,0.328125,1024,2048,metric,,,,
Qwen/Qwen2.5-0.5B,16,0.6666666666666666,mean,remove_pca,,ja,ko,mrr,0.40444572858813094,1024,2048,metric,,,,
Qwen/Qwen2.5-0.5B,16,0.6666666666666666,mean,remove_pca,,ja,zh,r1,0.310546875,1024,2048,metric,,,,
Qwen/Qwen2.5-0.5B,16,0.6666666666666666,mean,remove_pca,,ja,zh,mrr,0.4022470552557329,1024,2048,metric,,,,
Qwen/Qwen2.5-0.5B,16,0.6666666666666666,mean,remove_pca,,zh,en,r1,0.5625,1024,2048,metric,,,,
Qwen/Qwen2.5-0.5B,16,0.6666666666666666,mean,remove_pca,,zh,en,mrr,0.6349829483300717,1024,2048,metric,,,,
Qwen/Qwen2.5-0.5B,16,0.6666666666666666,mean,remove_pca,,zh,ko,r1,0.2265625,1024,2048,metric,,,,
Qwen/Qwen2.5-0.5B,16,0.6666666666666666,mean,remove_pca,,zh,ko,mrr,0.3050612076856433,1024,2048,metric,,,,
Qwen/Qwen2.5-0.5B,16,0.6666666666666666,mean,remove_pca,,zh,ja,r1,0.3828125,1024,2048,metric,,,,
Qwen/Qwen2.5-0.5B,16,0.6666666666666666,mean,remove_pca,,zh,ja,mrr,0.4784110027546339,1024,2048,metric,,,,
Qwen/Qwen2.5-0.5B,17,0.7083333333333334,mean,remove_pca,,en,ko,r1,0.30078125,1024,2048,metric,,,,
Qwen/Qwen2.5-0.5B,17,0.7083333333333334,mean,remove_pca,,en,ko,mrr,0.3930430346414031,1024,2048,metric,,,,
Qwen/Qwen2.5-0.5B,17,0.7083333333333334,mean,remove_pca,,en,ja,r1,0.470703125,1024,2048,metric,,,,
Qwen/Qwen2.5-0.5B,17,0.7083333333333334,mean,remove_pca,,en,ja,mrr,0.5632697028093974,1024,2048,metric,,,,
Qwen/Qwen2.5-0.5B,17,0.7083333333333334,mean,remove_pca,,en,zh,r1,0.66796875,1024,2048,metric,,,,
Qwen/Qwen2.5-0.5B,17,0.7083333333333334,mean,remove_pca,,en,zh,mrr,0.737011007728849,1024,2048,metric,,,,
Qwen/Qwen2.5-0.5B,17,0.7083333333333334,mean,remove_pca,,ko,en,r1,0.234375,1024,2048,metric,,,,
Qwen/Qwen2.5-0.5B,17,0.7083333333333334,mean,remove_pca,,ko,en,mrr,0.3301919757387173,1024,2048,metric,,,,
Qwen/Qwen2.5-0.5B,17,0.7083333333333334,mean,remove_pca,,ko,ja,r1,0.41796875,1024,2048,metric,,,,
Qwen/Qwen2.5-0.5B,17,0.7083333333333334,mean,remove_pca,,ko,ja,mrr,0.49269487630732245,1024,2048,metric,,,,
Qwen/Qwen2.5-0.5B,17,0.7083333333333334,mean,remove_pca,,ko,zh,r1,0.20703125,1024,2048,metric,,,,
Qwen/Qwen2.5-0.5B,17,0.7083333333333334,mean,remove_pca,,ko,zh,mrr,0.3019692158927394,1024,2048,metric,,,,
Qwen/Qwen2.5-0.5B,17,0.7083333333333334,mean,remove_pca,,ja,en,r1,0.36328125,1024,2048,metric,,,,
Qwen/Qwen2.5-0.5B,17,0.7083333333333334,mean,remove_pca,,ja,en,mrr,0.4672970798201991,1024,2048,metric,,,,
Qwen/Qwen2.5-0.5B,17,0.7083333333333334,mean,remove_pca,,ja,ko,r1,0.38671875,1024,2048,metric,,,,
Qwen/Qwen2.5-0.5B,17,0.7083333333333334,mean,remove_pca,,ja,ko,mrr,0.46741029772094533,1024,2048,metric,,,,
Qwen/Qwen2.5-0.5B,17,0.7083333333333334,mean,remove_pca,,ja,zh,r1,0.4140625,1024,2048,metric,,,,
Qwen/Qwen2.5-0.5B,17,0.7083333333333334,mean,remove_pca,,ja,zh,mrr,0.49645761237278185,1024,2048,metric,,,,
Qwen/Qwen2.5-0.5B,17,0.7083333333333334,mean,remove_pca,,zh,en,r1,0.68359375,1024,2048,metric,,,,
Qwen/Qwen2.5-0.5B,17,0.7083333333333334,mean,remove_pca,,zh,en,mrr,0.7427696417303912,1024,2048,metric,,,,
Qwen/Qwen2.5-0.5B,17,0.7083333333333334,mean,remove_pca,,zh,ko,r1,0.2890625,1024,2048,metric,,,,
Qwen/Qwen2.5-0.5B,17,0.7083333333333334,mean,remove_pca,,zh,ko,mrr,0.3850034230312287,1024,2048,metric,,,,
Qwen/Qwen2.5-0.5B,17,0.7083333333333334,mean,remove_pca,,zh,ja,r1,0.498046875,1024,2048,metric,,,,
Qwen/Qwen2.5-0.5B,17,0.7083333333333334,mean,remove_pca,,zh,ja,mrr,0.585786193160467,1024,2048,metric,,,,
Qwen/Qwen2.5-0.5B,18,0.75,mean,remove_pca,,en,ko,r1,0.294921875,1024,2048,metric,,,,
Qwen/Qwen2.5-0.5B,18,0.75,mean,remove_pca,,en,ko,mrr,0.39308830048724486,1024,2048,metric,,,,
Qwen/Qwen2.5-0.5B,18,0.75,mean,remove_pca,,en,ja,r1,0.44140625,1024,2048,metric,,,,
Qwen/Qwen2.5-0.5B,18,0.75,mean,remove_pca,,en,ja,mrr,0.533119537060589,1024,2048,metric,,,,
Qwen/Qwen2.5-0.5B,18,0.75,mean,remove_pca,,en,zh,r1,0.6484375,1024,2048,metric,,,,
Qwen/Qwen2.5-0.5B,18,0.75,mean,remove_pca,,en,zh,mrr,0.7226323257894447,1024,2048,metric,,,,
Qwen/Qwen2.5-0.5B,18,0.75,mean,remove_pca,,ko,en,r1,0.224609375,1024,2048,metric,,,,
Qwen/Qwen2.5-0.5B,18,0.75,mean,remove_pca,,ko,en,mrr,0.319978087400471,1024,2048,metric,,,,
Qwen/Qwen2.5-0.5B,18,0.75,mean,remove_pca,,ko,ja,r1,0.34765625,1024,2048,metric,,,,
Qwen/Qwen2.5-0.5B,18,0.75,mean,remove_pca,,ko,ja,mrr,0.43178777819633246,1024,2048,metric,,,,
Qwen/Qwen2.5-0.5B,18,0.75,mean,remove_pca,,ko,zh,r1,0.177734375,1024,2048,metric,,,,
Qwen/Qwen2.5-0.5B,18,0.75,mean,remove_pca,,ko,zh,mrr,0.2728815805025756,1024,2048,metric,,,,
Qwen/Qwen2.5-0.5B,18,0.75,mean,remove_pca,,ja,en,r1,0.345703125,1024,2048,metric,,,,
Qwen/Qwen2.5-0.5B,18,0.75,mean,remove_pca,,ja,en,mrr,0.45067398510262413,1024,2048,metric,,,,
Qwen/Qwen2.5-0.5B,18,0.75,mean,remove_pca,,ja,ko,r1,0.35546875,1024,2048,metric,,,,
Qwen/Qwen2.5-0.5B,18,0.75,mean,remove_pca,,ja,ko,mrr,0.43806683460506457,1024,2048,metric,,,,
Qwen/Qwen2.5-0.5B,18,0.75,mean,remove_pca,,ja,zh,r1,0.390625,1024,2048,metric,,,,
Qwen/Qwen2.5-0.5B,18,0.75,mean,remove_pca,,ja,zh,mrr,0.4740988483228287,1024,2048,metric,,,,
Qwen/Qwen2.5-0.5B,18,0.75,mean,remove_pca,,zh,en,r1,0.662109375,1024,2048,metric,,,,
Qwen/Qwen2.5-0.5B,18,0.75,mean,remove_pca,,zh,en,mrr,0.7305475280496941,1024,2048,metric,,,,
Qwen/Qwen2.5-0.5B,18,0.75,mean,remove_pca,,zh,ko,r1,0.263671875,1024,2048,metric,,,,
Qwen/Qwen2.5-0.5B,18,0.75,mean,remove_pca,,zh,ko,mrr,0.35532687178819145,1024,2048,metric,,,,
Qwen/Qwen2.5-0.5B,18,0.75,mean,remove_pca,,zh,ja,r1,0.49609375,1024,2048,metric,,,,
Qwen/Qwen2.5-0.5B,18,0.75,mean,remove_pca,,zh,ja,mrr,0.577797970554597,1024,2048,metric,,,,
Qwen/Qwen2.5-0.5B,19,0.7916666666666666,mean,remove_pca,,en,ko,r1,0.365234375,1024,2048,metric,,,,
Qwen/Qwen2.5-0.5B,19,0.7916666666666666,mean,remove_pca,,en,ko,mrr,0.4689027318158697,1024,2048,metric,,,,
Qwen/Qwen2.5-0.5B,19,0.7916666666666666,mean,remove_pca,,en,ja,r1,0.533203125,1024,2048,metric,,,,
Qwen/Qwen2.5-0.5B,19,0.7916666666666666,mean,remove_pca,,en,ja,mrr,0.6256088955151018,1024,2048,metric,,,,
Qwen/Qwen2.5-0.5B,19,0.7916666666666666,mean,remove_pca,,en,zh,r1,0.724609375,1024,2048,metric,,,,
Qwen/Qwen2.5-0.5B,19,0.7916666666666666,mean,remove_pca,,en,zh,mrr,0.7861770233536551,1024,2048,metric,,,,
Qwen/Qwen2.5-0.5B,19,0.7916666666666666,mean,remove_pca,,ko,en,r1,0.310546875,1024,2048,metric,,,,
Qwen/Qwen2.5-0.5B,19,0.7916666666666666,mean,remove_pca,,ko,en,mrr,0.40529182776326556,1024,2048,metric,,,,
Qwen/Qwen2.5-0.5B,19,0.7916666666666666,mean,remove_pca,,ko,ja,r1,0.4140625,1024,2048,metric,,,,
Qwen/Qwen2.5-0.5B,19,0.7916666666666666,mean,remove_pca,,ko,ja,mrr,0.5030904644878937,1024,2048,metric,,,,
Qwen/Qwen2.5-0.5B,19,0.7916666666666666,mean,remove_pca,,ko,zh,r1,0.232421875,1024,2048,metric,,,,
Qwen/Qwen2.5-0.5B,19,0.7916666666666666,mean,remove_pca,,ko,zh,mrr,0.3306213426478193,1024,2048,metric,,,,
Qwen/Qwen2.5-0.5B,19,0.7916666666666666,mean,remove_pca,,ja,en,r1,0.423828125,1024,2048,metric,,,,
Qwen/Qwen2.5-0.5B,19,0.7916666666666666,mean,remove_pca,,ja,en,mrr,0.5356969011593985,1024,2048,metric,,,,
Qwen/Qwen2.5-0.5B,19,0.7916666666666666,mean,remove_pca,,ja,ko,r1,0.42578125,1024,2048,metric,,,,
Qwen/Qwen2.5-0.5B,19,0.7916666666666666,mean,remove_pca,,ja,ko,mrr,0.5081586056941436,1024,2048,metric,,,,
Qwen/Qwen2.5-0.5B,19,0.7916666666666666,mean,remove_pca,,ja,zh,r1,0.43359375,1024,2048,metric,,,,
Qwen/Qwen2.5-0.5B,19,0.7916666666666666,mean,remove_pca,,ja,zh,mrr,0.5204849704767738,1024,2048,metric,,,,
Qwen/Qwen2.5-0.5B,19,0.7916666666666666,mean,remove_pca,,zh,en,r1,0.76171875,1024,2048,metric,,,,
Qwen/Qwen2.5-0.5B,19,0.7916666666666666,mean,remove_pca,,zh,en,mrr,0.8068146862140008,1024,2048,metric,,,,
Qwen/Qwen2.5-0.5B,19,0.7916666666666666,mean,remove_pca,,zh,ko,r1,0.33984375,1024,2048,metric,,,,
Qwen/Qwen2.5-0.5B,19,0.7916666666666666,mean,remove_pca,,zh,ko,mrr,0.436093611603827,1024,2048,metric,,,,
Qwen/Qwen2.5-0.5B,19,0.7916666666666666,mean,remove_pca,,zh,ja,r1,0.55859375,1024,2048,metric,,,,
Qwen/Qwen2.5-0.5B,19,0.7916666666666666,mean,remove_pca,,zh,ja,mrr,0.645353672801298,1024,2048,metric,,,,
Qwen/Qwen2.5-0.5B,20,0.8333333333333334,mean,remove_pca,,en,ko,r1,0.333984375,1024,2048,metric,,,,
Qwen/Qwen2.5-0.5B,20,0.8333333333333334,mean,remove_pca,,en,ko,mrr,0.44341401512371315,1024,2048,metric,,,,
Qwen/Qwen2.5-0.5B,20,0.8333333333333334,mean,remove_pca,,en,ja,r1,0.46875,1024,2048,metric,,,,
Qwen/Qwen2.5-0.5B,20,0.8333333333333334,mean,remove_pca,,en,ja,mrr,0.5736427091880174,1024,2048,metric,,,,
Qwen/Qwen2.5-0.5B,20,0.8333333333333334,mean,remove_pca,,en,zh,r1,0.701171875,1024,2048,metric,,,,
Qwen/Qwen2.5-0.5B,20,0.8333333333333334,mean,remove_pca,,en,zh,mrr,0.7679560479559769,1024,2048,metric,,,,
Qwen/Qwen2.5-0.5B,20,0.8333333333333334,mean,remove_pca,,ko,en,r1,0.248046875,1024,2048,metric,,,,
Qwen/Qwen2.5-0.5B,20,0.8333333333333334,mean,remove_pca,,ko,en,mrr,0.33734042579289475,1024,2048,metric,,,,
Qwen/Qwen2.5-0.5B,20,0.8333333333333334,mean,remove_pca,,ko,ja,r1,0.361328125,1024,2048,metric,,,,
Qwen/Qwen2.5-0.5B,20,0.8333333333333334,mean,remove_pca,,ko,ja,mrr,0.44714812125904263,1024,2048,metric,,,,
Qwen/Qwen2.5-0.5B,20,0.8333333333333334,mean,remove_pca,,ko,zh,r1,0.19140625,1024,2048,metric,,,,
Qwen/Qwen2.5-0.5B,20,0.8333333333333334,mean,remove_pca,,ko,zh,mrr,0.28442373578149727,1024,2048,metric,,,,
Qwen/Qwen2.5-0.5B,20,0.8333333333333334,mean,remove_pca,,ja,en,r1,0.353515625,1024,2048,metric,,,,
Qwen/Qwen2.5-0.5B,20,0.8333333333333334,mean,remove_pca,,ja,en,mrr,0.46059507943646544,1024,2048,metric,,,,
Qwen/Qwen2.5-0.5B,20,0.8333333333333334,mean,remove_pca,,ja,ko,r1,0.3828125,1024,2048,metric,,,,
Qwen/Qwen2.5-0.5B,20,0.8333333333333334,mean,remove_pca,,ja,ko,mrr,0.47636669273813237,1024,2048,metric,,,,
Qwen/Qwen2.5-0.5B,20,0.8333333333333334,mean,remove_pca,,ja,zh,r1,0.400390625,1024,2048,metric,,,,
Qwen/Qwen2.5-0.5B,20,0.8333333333333334,mean,remove_pca,,ja,zh,mrr,0.48411209416440154,1024,2048,metric,,,,
Qwen/Qwen2.5-0.5B,20,0.8333333333333334,mean,remove_pca,,zh,en,r1,0.708984375,1024,2048,metric,,,,
Qwen/Qwen2.5-0.5B,20,0.8333333333333334,mean,remove_pca,,zh,en,mrr,0.7739137211328991,1024,2048,metric,,,,
Qwen/Qwen2.5-0.5B,20,0.8333333333333334,mean,remove_pca,,zh,ko,r1,0.306640625,1024,2048,metric,,,,
Qwen/Qwen2.5-0.5B,20,0.8333333333333334,mean,remove_pca,,zh,ko,mrr,0.40841549417683376,1024,2048,metric,,,,
Qwen/Qwen2.5-0.5B,20,0.8333333333333334,mean,remove_pca,,zh,ja,r1,0.5390625,1024,2048,metric,,,,
Qwen/Qwen2.5-0.5B,20,0.8333333333333334,mean,remove_pca,,zh,ja,mrr,0.6302791192050718,1024,2048,metric,,,,
Qwen/Qwen2.5-0.5B,21,0.875,mean,remove_pca,,en,ko,r1,0.556640625,1024,2048,metric,,,,
Qwen/Qwen2.5-0.5B,21,0.875,mean,remove_pca,,en,ko,mrr,0.642329901838212,1024,2048,metric,,,,
Qwen/Qwen2.5-0.5B,21,0.875,mean,remove_pca,,en,ja,r1,0.712890625,1024,2048,metric,,,,
Qwen/Qwen2.5-0.5B,21,0.875,mean,remove_pca,,en,ja,mrr,0.7916281784508552,1024,2048,metric,,,,
Qwen/Qwen2.5-0.5B,21,0.875,mean,remove_pca,,en,zh,r1,0.84765625,1024,2048,metric,,,,
Qwen/Qwen2.5-0.5B,21,0.875,mean,remove_pca,,en,zh,mrr,0.8911168055875305,1024,2048,metric,,,,
Qwen/Qwen2.5-0.5B,21,0.875,mean,remove_pca,,ko,en,r1,0.3671875,1024,2048,metric,,,,
Qwen/Qwen2.5-0.5B,21,0.875,mean,remove_pca,,ko,en,mrr,0.4664855426164015,1024,2048,metric,,,,
Qwen/Qwen2.5-0.5B,21,0.875,mean,remove_pca,,ko,ja,r1,0.4765625,1024,2048,metric,,,,
Qwen/Qwen2.5-0.5B,21,0.875,mean,remove_pca,,ko,ja,mrr,0.5766117798351895,1024,2048,metric,,,,
Qwen/Qwen2.5-0.5B,21,0.875,mean,remove_pca,,ko,zh,r1,0.306640625,1024,2048,metric,,,,
Qwen/Qwen2.5-0.5B,21,0.875,mean,remove_pca,,ko,zh,mrr,0.3995396245897712,1024,2048,metric,,,,
Qwen/Qwen2.5-0.5B,21,0.875,mean,remove_pca,,ja,en,r1,0.560546875,1024,2048,metric,,,,
Qwen/Qwen2.5-0.5B,21,0.875,mean,remove_pca,,ja,en,mrr,0.6539660382436661,1024,2048,metric,,,,
Qwen/Qwen2.5-0.5B,21,0.875,mean,remove_pca,,ja,ko,r1,0.548828125,1024,2048,metric,,,,
Qwen/Qwen2.5-0.5B,21,0.875,mean,remove_pca,,ja,ko,mrr,0.6310614087845081,1024,2048,metric,,,,
Qwen/Qwen2.5-0.5B,21,0.875,mean,remove_pca,,ja,zh,r1,0.5625,1024,2048,metric,,,,
Qwen/Qwen2.5-0.5B,21,0.875,mean,remove_pca,,ja,zh,mrr,0.6409175171326669,1024,2048,metric,,,,
Qwen/Qwen2.5-0.5B,21,0.875,mean,remove_pca,,zh,en,r1,0.8671875,1024,2048,metric,,,,
Qwen/Qwen2.5-0.5B,21,0.875,mean,remove_pca,,zh,en,mrr,0.90060706282813,1024,2048,metric,,,,
Qwen/Qwen2.5-0.5B,21,0.875,mean,remove_pca,,zh,ko,r1,0.498046875,1024,2048,metric,,,,
Qwen/Qwen2.5-0.5B,21,0.875,mean,remove_pca,,zh,ko,mrr,0.5964906899440934,1024,2048,metric,,,,
Qwen/Qwen2.5-0.5B,21,0.875,mean,remove_pca,,zh,ja,r1,0.732421875,1024,2048,metric,,,,
Qwen/Qwen2.5-0.5B,21,0.875,mean,remove_pca,,zh,ja,mrr,0.7967718765111504,1024,2048,metric,,,,
Qwen/Qwen2.5-0.5B,22,0.9166666666666666,mean,remove_pca,,en,ko,r1,0.6171875,1024,2048,metric,,,,
Qwen/Qwen2.5-0.5B,22,0.9166666666666666,mean,remove_pca,,en,ko,mrr,0.7019860004026821,1024,2048,metric,,,,
Qwen/Qwen2.5-0.5B,22,0.9166666666666666,mean,remove_pca,,en,ja,r1,0.765625,1024,2048,metric,,,,
Qwen/Qwen2.5-0.5B,22,0.9166666666666666,mean,remove_pca,,en,ja,mrr,0.8312913335048919,1024,2048,metric,,,,
Qwen/Qwen2.5-0.5B,22,0.9166666666666666,mean,remove_pca,,en,zh,r1,0.91015625,1024,2048,metric,,,,
Qwen/Qwen2.5-0.5B,22,0.9166666666666666,mean,remove_pca,,en,zh,mrr,0.9313671277386445,1024,2048,metric,,,,
Qwen/Qwen2.5-0.5B,22,0.9166666666666666,mean,remove_pca,,ko,en,r1,0.40234375,1024,2048,metric,,,,
Qwen/Qwen2.5-0.5B,22,0.9166666666666666,mean,remove_pca,,ko,en,mrr,0.5056797302208242,1024,2048,metric,,,,
Qwen/Qwen2.5-0.5B,22,0.9166666666666666,mean,remove_pca,,ko,ja,r1,0.505859375,1024,2048,metric,,,,
Qwen/Qwen2.5-0.5B,22,0.9166666666666666,mean,remove_pca,,ko,ja,mrr,0.6141086494513622,1024,2048,metric,,,,
Qwen/Qwen2.5-0.5B,22,0.9166666666666666,mean,remove_pca,,ko,zh,r1,0.341796875,1024,2048,metric,,,,
Qwen/Qwen2.5-0.5B,22,0.9166666666666666,mean,remove_pca,,ko,zh,mrr,0.43446906943318286,1024,2048,metric,,,,
Qwen/Qwen2.5-0.5B,22,0.9166666666666666,mean,remove_pca,,ja,en,r1,0.63671875,1024,2048,metric,,,,
Qwen/Qwen2.5-0.5B,22,0.9166666666666666,mean,remove_pca,,ja,en,mrr,0.7159088063480172,1024,2048,metric,,,,
Qwen/Qwen2.5-0.5B,22,0.9166666666666666,mean,remove_pca,,ja,ko,r1,0.630859375,1024,2048,metric,,,,
Qwen/Qwen2.5-0.5B,22,0.9166666666666666,mean,remove_pca,,ja,ko,mrr,0.6996440956633052,1024,2048,metric,,,,
Qwen/Qwen2.5-0.5B,22,0.9166666666666666,mean,remove_pca,,ja,zh,r1,0.619140625,1024,2048,metric,,,,
Qwen/Qwen2.5-0.5B,22,0.9166666666666666,mean,remove_pca,,ja,zh,mrr,0.6992672208587214,1024,2048,metric,,,,
Qwen/Qwen2.5-0.5B,22,0.9166666666666666,mean,remove_pca,,zh,en,r1,0.904296875,1024,2048,metric,,,,
Qwen/Qwen2.5-0.5B,22,0.9166666666666666,mean,remove_pca,,zh,en,mrr,0.9302321725366327,1024,2048,metric,,,,
Qwen/Qwen2.5-0.5B,22,0.9166666666666666,mean,remove_pca,,zh,ko,r1,0.58984375,1024,2048,metric,,,,
Qwen/Qwen2.5-0.5B,22,0.9166666666666666,mean,remove_pca,,zh,ko,mrr,0.6846027265563804,1024,2048,metric,,,,
Qwen/Qwen2.5-0.5B,22,0.9166666666666666,mean,remove_pca,,zh,ja,r1,0.787109375,1024,2048,metric,,,,
Qwen/Qwen2.5-0.5B,22,0.9166666666666666,mean,remove_pca,,zh,ja,mrr,0.8442331307691997,1024,2048,metric,,,,
Qwen/Qwen2.5-0.5B,23,0.9583333333333334,mean,remove_pca,,en,ko,r1,0.541015625,1024,2048,metric,,,,
Qwen/Qwen2.5-0.5B,23,0.9583333333333334,mean,remove_pca,,en,ko,mrr,0.6398767387540276,1024,2048,metric,,,,
Qwen/Qwen2.5-0.5B,23,0.9583333333333334,mean,remove_pca,,en,ja,r1,0.716796875,1024,2048,metric,,,,
Qwen/Qwen2.5-0.5B,23,0.9583333333333334,mean,remove_pca,,en,ja,mrr,0.789190048099458,1024,2048,metric,,,,
Qwen/Qwen2.5-0.5B,23,0.9583333333333334,mean,remove_pca,,en,zh,r1,0.869140625,1024,2048,metric,,,,
Qwen/Qwen2.5-0.5B,23,0.9583333333333334,mean,remove_pca,,en,zh,mrr,0.9040558583946888,1024,2048,metric,,,,
Qwen/Qwen2.5-0.5B,23,0.9583333333333334,mean,remove_pca,,ko,en,r1,0.37109375,1024,2048,metric,,,,
Qwen/Qwen2.5-0.5B,23,0.9583333333333334,mean,remove_pca,,ko,en,mrr,0.46754614678556883,1024,2048,metric,,,,
Qwen/Qwen2.5-0.5B,23,0.9583333333333334,mean,remove_pca,,ko,ja,r1,0.501953125,1024,2048,metric,,,,
Qwen/Qwen2.5-0.5B,23,0.9583333333333334,mean,remove_pca,,ko,ja,mrr,0.5931952561047636,1024,2048,metric,,,,
Qwen/Qwen2.5-0.5B,23,0.9583333333333334,mean,remove_pca,,ko,zh,r1,0.298828125,1024,2048,metric,,,,
Qwen/Qwen2.5-0.5B,23,0.9583333333333334,mean,remove_pca,,ko,zh,mrr,0.39971401092994524,1024,2048,metric,,,,
Qwen/Qwen2.5-0.5B,23,0.9583333333333334,mean,remove_pca,,ja,en,r1,0.58203125,1024,2048,metric,,,,
Qwen/Qwen2.5-0.5B,23,0.9583333333333334,mean,remove_pca,,ja,en,mrr,0.665324884584878,1024,2048,metric,,,,
Qwen/Qwen2.5-0.5B,23,0.9583333333333334,mean,remove_pca,,ja,ko,r1,0.533203125,1024,2048,metric,,,,
Qwen/Qwen2.5-0.5B,23,0.9583333333333334,mean,remove_pca,,ja,ko,mrr,0.6256441593270754,1024,2048,metric,,,,
Qwen/Qwen2.5-0.5B,23,0.9583333333333334,mean,remove_pca,,ja,zh,r1,0.591796875,1024,2048,metric,,,,
Qwen/Qwen2.5-0.5B,23,0.9583333333333334,mean,remove_pca,,ja,zh,mrr,0.6660319649598907,1024,2048,metric,,,,
Qwen/Qwen2.5-0.5B,23,0.9583333333333334,mean,remove_pca,,zh,en,r1,0.87109375,1024,2048,metric,,,,
Qwen/Qwen2.5-0.5B,23,0.9583333333333334,mean,remove_pca,,zh,en,mrr,0.906895378127968,1024,2048,metric,,,,
Qwen/Qwen2.5-0.5B,23,0.9583333333333334,mean,remove_pca,,zh,ko,r1,0.52734375,1024,2048,metric,,,,
Qwen/Qwen2.5-0.5B,23,0.9583333333333334,mean,remove_pca,,zh,ko,mrr,0.621686694297922,1024,2048,metric,,,,
Qwen/Qwen2.5-0.5B,23,0.9583333333333334,mean,remove_pca,,zh,ja,r1,0.73046875,1024,2048,metric,,,,
Qwen/Qwen2.5-0.5B,23,0.9583333333333334,mean,remove_pca,,zh,ja,mrr,0.7975419789259475,1024,2048,metric,,,,
Qwen/Qwen2.5-0.5B,24,1.0,mean,remove_pca,,en,ko,r1,0.30078125,1024,2048,metric,,,,
Qwen/Qwen2.5-0.5B,24,1.0,mean,remove_pca,,en,ko,mrr,0.39290818556760326,1024,2048,metric,,,,
Qwen/Qwen2.5-0.5B,24,1.0,mean,remove_pca,,en,ja,r1,0.3984375,1024,2048,metric,,,,
Qwen/Qwen2.5-0.5B,24,1.0,mean,remove_pca,,en,ja,mrr,0.48946385516244656,1024,2048,metric,,,,
Qwen/Qwen2.5-0.5B,24,1.0,mean,remove_pca,,en,zh,r1,0.552734375,1024,2048,metric,,,,
Qwen/Qwen2.5-0.5B,24,1.0,mean,remove_pca,,en,zh,mrr,0.5944847937465403,1024,2048,metric,,,,
Qwen/Qwen2.5-0.5B,24,1.0,mean,remove_pca,,ko,en,r1,0.171875,1024,2048,metric,,,,
Qwen/Qwen2.5-0.5B,24,1.0,mean,remove_pca,,ko,en,mrr,0.250424392991756,1024,2048,metric,,,,
Qwen/Qwen2.5-0.5B,24,1.0,mean,remove_pca,,ko,ja,r1,0.251953125,1024,2048,metric,,,,
Qwen/Qwen2.5-0.5B,24,1.0,mean,remove_pca,,ko,ja,mrr,0.3385010623286871,1024,2048,metric,,,,
Qwen/Qwen2.5-0.5B,24,1.0,mean,remove_pca,,ko,zh,r1,0.119140625,1024,2048,metric,,,,
Qwen/Qwen2.5-0.5B,24,1.0,mean,remove_pca,,ko,zh,mrr,0.1861844998855096,1024,2048,metric,,,,
Qwen/Qwen2.5-0.5B,24,1.0,mean,remove_pca,,ja,en,r1,0.291015625,1024,2048,metric,,,,
Qwen/Qwen2.5-0.5B,24,1.0,mean,remove_pca,,ja,en,mrr,0.37059320456331857,1024,2048,metric,,,,
Qwen/Qwen2.5-0.5B,24,1.0,mean,remove_pca,,ja,ko,r1,0.314453125,1024,2048,metric,,,,
Qwen/Qwen2.5-0.5B,24,1.0,mean,remove_pca,,ja,ko,mrr,0.38344592635531627,1024,2048,metric,,,,
Qwen/Qwen2.5-0.5B,24,1.0,mean,remove_pca,,ja,zh,r1,0.2578125,1024,2048,metric,,,,
Qwen/Qwen2.5-0.5B,24,1.0,mean,remove_pca,,ja,zh,mrr,0.3219136035648679,1024,2048,metric,,,,
Qwen/Qwen2.5-0.5B,24,1.0,mean,remove_pca,,zh,en,r1,0.62890625,1024,2048,metric,,,,
Qwen/Qwen2.5-0.5B,24,1.0,mean,remove_pca,,zh,en,mrr,0.6950594813660312,1024,2048,metric,,,,
Qwen/Qwen2.5-0.5B,24,1.0,mean,remove_pca,,zh,ko,r1,0.26953125,1024,2048,metric,,,,
Qwen/Qwen2.5-0.5B,24,1.0,mean,remove_pca,,zh,ko,mrr,0.36571822089823075,1024,2048,metric,,,,
Qwen/Qwen2.5-0.5B,24,1.0,mean,remove_pca,,zh,ja,r1,0.4375,1024,2048,metric,,,,
Qwen/Qwen2.5-0.5B,24,1.0,mean,remove_pca,,zh,ja,mrr,0.5347632287763051,1024,2048,metric,,,,
Qwen/Qwen2.5-0.5B,7,0.2916666666666667,last_token,remove_random,0,en,ko,r1,0.296875,1024,2048,metric,,,,
Qwen/Qwen2.5-0.5B,7,0.2916666666666667,last_token,remove_random,0,en,ko,mrr,0.3909211628820859,1024,2048,metric,,,,
Qwen/Qwen2.5-0.5B,7,0.2916666666666667,last_token,remove_random,0,en,ja,r1,0.21875,1024,2048,metric,,,,
Qwen/Qwen2.5-0.5B,7,0.2916666666666667,last_token,remove_random,0,en,ja,mrr,0.3165331470113334,1024,2048,metric,,,,
Qwen/Qwen2.5-0.5B,7,0.2916666666666667,last_token,remove_random,0,en,zh,r1,0.439453125,1024,2048,metric,,,,
Qwen/Qwen2.5-0.5B,7,0.2916666666666667,last_token,remove_random,0,en,zh,mrr,0.542217302007904,1024,2048,metric,,,,
Qwen/Qwen2.5-0.5B,7,0.2916666666666667,last_token,remove_random,0,ko,en,r1,0.234375,1024,2048,metric,,,,
Qwen/Qwen2.5-0.5B,7,0.2916666666666667,last_token,remove_random,0,ko,en,mrr,0.33134613819375514,1024,2048,metric,,,,
Qwen/Qwen2.5-0.5B,7,0.2916666666666667,last_token,remove_random,0,ko,ja,r1,0.357421875,1024,2048,metric,,,,
Qwen/Qwen2.5-0.5B,7,0.2916666666666667,last_token,remove_random,0,ko,ja,mrr,0.4745403759780712,1024,2048,metric,,,,
Qwen/Qwen2.5-0.5B,7,0.2916666666666667,last_token,remove_random,0,ko,zh,r1,0.171875,1024,2048,metric,,,,
Qwen/Qwen2.5-0.5B,7,0.2916666666666667,last_token,remove_random,0,ko,zh,mrr,0.2498430576686126,1024,2048,metric,,,,
Qwen/Qwen2.5-0.5B,7,0.2916666666666667,last_token,remove_random,0,ja,en,r1,0.193359375,1024,2048,metric,,,,
Qwen/Qwen2.5-0.5B,7,0.2916666666666667,last_token,remove_random,0,ja,en,mrr,0.28365758035007865,1024,2048,metric,,,,
Qwen/Qwen2.5-0.5B,7,0.2916666666666667,last_token,remove_random,0,ja,ko,r1,0.32421875,1024,2048,metric,,,,
Qwen/Qwen2.5-0.5B,7,0.2916666666666667,last_token,remove_random,0,ja,ko,mrr,0.4334183379352006,1024,2048,metric,,,,
Qwen/Qwen2.5-0.5B,7,0.2916666666666667,last_token,remove_random,0,ja,zh,r1,0.177734375,1024,2048,metric,,,,
Qwen/Qwen2.5-0.5B,7,0.2916666666666667,last_token,remove_random,0,ja,zh,mrr,0.25589639607741677,1024,2048,metric,,,,
Qwen/Qwen2.5-0.5B,7,0.2916666666666667,last_token,remove_random,0,zh,en,r1,0.470703125,1024,2048,metric,,,,
Qwen/Qwen2.5-0.5B,7,0.2916666666666667,last_token,remove_random,0,zh,en,mrr,0.5699332473840647,1024,2048,metric,,,,
Qwen/Qwen2.5-0.5B,7,0.2916666666666667,last_token,remove_random,0,zh,ko,r1,0.22265625,1024,2048,metric,,,,
Qwen/Qwen2.5-0.5B,7,0.2916666666666667,last_token,remove_random,0,zh,ko,mrr,0.31352175776698354,1024,2048,metric,,,,
Qwen/Qwen2.5-0.5B,7,0.2916666666666667,last_token,remove_random,0,zh,ja,r1,0.1640625,1024,2048,metric,,,,
Qwen/Qwen2.5-0.5B,7,0.2916666666666667,last_token,remove_random,0,zh,ja,mrr,0.2488102394962617,1024,2048,metric,,,,
Qwen/Qwen2.5-0.5B,8,0.3333333333333333,last_token,remove_random,0,en,ko,r1,0.39453125,1024,2048,metric,,,,
Qwen/Qwen2.5-0.5B,8,0.3333333333333333,last_token,remove_random,0,en,ko,mrr,0.4920791276122928,1024,2048,metric,,,,
Qwen/Qwen2.5-0.5B,8,0.3333333333333333,last_token,remove_random,0,en,ja,r1,0.32421875,1024,2048,metric,,,,
Qwen/Qwen2.5-0.5B,8,0.3333333333333333,last_token,remove_random,0,en,ja,mrr,0.4263196484307602,1024,2048,metric,,,,
Qwen/Qwen2.5-0.5B,8,0.3333333333333333,last_token,remove_random,0,en,zh,r1,0.517578125,1024,2048,metric,,,,
Qwen/Qwen2.5-0.5B,8,0.3333333333333333,last_token,remove_random,0,en,zh,mrr,0.6101161637159379,1024,2048,metric,,,,
Qwen/Qwen2.5-0.5B,8,0.3333333333333333,last_token,remove_random,0,ko,en,r1,0.28515625,1024,2048,metric,,,,
Qwen/Qwen2.5-0.5B,8,0.3333333333333333,last_token,remove_random,0,ko,en,mrr,0.3923872634804526,1024,2048,metric,,,,
Qwen/Qwen2.5-0.5B,8,0.3333333333333333,last_token,remove_random,0,ko,ja,r1,0.4609375,1024,2048,metric,,,,
Qwen/Qwen2.5-0.5B,8,0.3333333333333333,last_token,remove_random,0,ko,ja,mrr,0.5692212351306444,1024,2048,metric,,,,
Qwen/Qwen2.5-0.5B,8,0.3333333333333333,last_token,remove_random,0,ko,zh,r1,0.232421875,1024,2048,metric,,,,
Qwen/Qwen2.5-0.5B,8,0.3333333333333333,last_token,remove_random,0,ko,zh,mrr,0.3108580137196123,1024,2048,metric,,,,
Qwen/Qwen2.5-0.5B,8,0.3333333333333333,last_token,remove_random,0,ja,en,r1,0.2578125,1024,2048,metric,,,,
Qwen/Qwen2.5-0.5B,8,0.3333333333333333,last_token,remove_random,0,ja,en,mrr,0.34788795794395233,1024,2048,metric,,,,
Qwen/Qwen2.5-0.5B,8,0.3333333333333333,last_token,remove_random,0,ja,ko,r1,0.40234375,1024,2048,metric,,,,
Qwen/Qwen2.5-0.5B,8,0.3333333333333333,last_token,remove_random,0,ja,ko,mrr,0.5072400423742689,1024,2048,metric,,,,
Qwen/Qwen2.5-0.5B,8,0.3333333333333333,last_token,remove_random,0,ja,zh,r1,0.251953125,1024,2048,metric,,,,
Qwen/Qwen2.5-0.5B,8,0.3333333333333333,last_token,remove_random,0,ja,zh,mrr,0.33670343301591943,1024,2048,metric,,,,
Qwen/Qwen2.5-0.5B,8,0.3333333333333333,last_token,remove_random,0,zh,en,r1,0.560546875,1024,2048,metric,,,,
Qwen/Qwen2.5-0.5B,8,0.3333333333333333,last_token,remove_random,0,zh,en,mrr,0.6513116611890466,1024,2048,metric,,,,
Qwen/Qwen2.5-0.5B,8,0.3333333333333333,last_token,remove_random,0,zh,ko,r1,0.3046875,1024,2048,metric,,,,
Qwen/Qwen2.5-0.5B,8,0.3333333333333333,last_token,remove_random,0,zh,ko,mrr,0.41946800628504244,1024,2048,metric,,,,
Qwen/Qwen2.5-0.5B,8,0.3333333333333333,last_token,remove_random,0,zh,ja,r1,0.26171875,1024,2048,metric,,,,
Qwen/Qwen2.5-0.5B,8,0.3333333333333333,last_token,remove_random,0,zh,ja,mrr,0.373064666570331,1024,2048,metric,,,,
Qwen/Qwen2.5-0.5B,9,0.375,last_token,remove_random,0,en,ko,r1,0.46875,1024,2048,metric,,,,
Qwen/Qwen2.5-0.5B,9,0.375,last_token,remove_random,0,en,ko,mrr,0.565793175024864,1024,2048,metric,,,,
Qwen/Qwen2.5-0.5B,9,0.375,last_token,remove_random,0,en,ja,r1,0.4375,1024,2048,metric,,,,
Qwen/Qwen2.5-0.5B,9,0.375,last_token,remove_random,0,en,ja,mrr,0.5502229856705985,1024,2048,metric,,,,
Qwen/Qwen2.5-0.5B,9,0.375,last_token,remove_random,0,en,zh,r1,0.67578125,1024,2048,metric,,,,
Qwen/Qwen2.5-0.5B,9,0.375,last_token,remove_random,0,en,zh,mrr,0.7524285295865183,1024,2048,metric,,,,
Qwen/Qwen2.5-0.5B,9,0.375,last_token,remove_random,0,ko,en,r1,0.341796875,1024,2048,metric,,,,
Qwen/Qwen2.5-0.5B,9,0.375,last_token,remove_random,0,ko,en,mrr,0.44348198395794836,1024,2048,metric,,,,
Qwen/Qwen2.5-0.5B,9,0.375,last_token,remove_random,0,ko,ja,r1,0.5703125,1024,2048,metric,,,,
Qwen/Qwen2.5-0.5B,9,0.375,last_token,remove_random,0,ko,ja,mrr,0.660833125966061,1024,2048,metric,,,,
Qwen/Qwen2.5-0.5B,9,0.375,last_token,remove_random,0,ko,zh,r1,0.263671875,1024,2048,metric,,,,
Qwen/Qwen2.5-0.5B,9,0.375,last_token,remove_random,0,ko,zh,mrr,0.36908954091480206,1024,2048,metric,,,,
Qwen/Qwen2.5-0.5B,9,0.375,last_token,remove_random,0,ja,en,r1,0.33203125,1024,2048,metric,,,,
Qwen/Qwen2.5-0.5B,9,0.375,last_token,remove_random,0,ja,en,mrr,0.43436158627738153,1024,2048,metric,,,,
Qwen/Qwen2.5-0.5B,9,0.375,last_token,remove_random,0,ja,ko,r1,0.5234375,1024,2048,metric,,,,
Qwen/Qwen2.5-0.5B,9,0.375,last_token,remove_random,0,ja,ko,mrr,0.6015645328285557,1024,2048,metric,,,,
Qwen/Qwen2.5-0.5B,9,0.375,last_token,remove_random,0,ja,zh,r1,0.314453125,1024,2048,metric,,,,
Qwen/Qwen2.5-0.5B,9,0.375,last_token,remove_random,0,ja,zh,mrr,0.4157501385887783,1024,2048,metric,,,,
Qwen/Qwen2.5-0.5B,9,0.375,last_token,remove_random,0,zh,en,r1,0.658203125,1024,2048,metric,,,,
Qwen/Qwen2.5-0.5B,9,0.375,last_token,remove_random,0,zh,en,mrr,0.7450971426178458,1024,2048,metric,,,,
Qwen/Qwen2.5-0.5B,9,0.375,last_token,remove_random,0,zh,ko,r1,0.443359375,1024,2048,metric,,,,
Qwen/Qwen2.5-0.5B,9,0.375,last_token,remove_random,0,zh,ko,mrr,0.540959779254703,1024,2048,metric,,,,
Qwen/Qwen2.5-0.5B,9,0.375,last_token,remove_random,0,zh,ja,r1,0.38671875,1024,2048,metric,,,,
Qwen/Qwen2.5-0.5B,9,0.375,last_token,remove_random,0,zh,ja,mrr,0.4974555807406771,1024,2048,metric,,,,
Qwen/Qwen2.5-0.5B,10,0.4166666666666667,last_token,remove_random,0,en,ko,r1,0.498046875,1024,2048,metric,,,,
Qwen/Qwen2.5-0.5B,10,0.4166666666666667,last_token,remove_random,0,en,ko,mrr,0.5999906497748138,1024,2048,metric,,,,
Qwen/Qwen2.5-0.5B,10,0.4166666666666667,last_token,remove_random,0,en,ja,r1,0.49609375,1024,2048,metric,,,,
Qwen/Qwen2.5-0.5B,10,0.4166666666666667,last_token,remove_random,0,en,ja,mrr,0.6066418046275958,1024,2048,metric,,,,
Qwen/Qwen2.5-0.5B,10,0.4166666666666667,last_token,remove_random,0,en,zh,r1,0.703125,1024,2048,metric,,,,
Qwen/Qwen2.5-0.5B,10,0.4166666666666667,last_token,remove_random,0,en,zh,mrr,0.7722299525721147,1024,2048,metric,,,,
Qwen/Qwen2.5-0.5B,10,0.4166666666666667,last_token,remove_random,0,ko,en,r1,0.423828125,1024,2048,metric,,,,
Qwen/Qwen2.5-0.5B,10,0.4166666666666667,last_token,remove_random,0,ko,en,mrr,0.523661542131824,1024,2048,metric,,,,
Qwen/Qwen2.5-0.5B,10,0.4166666666666667,last_token,remove_random,0,ko,ja,r1,0.58984375,1024,2048,metric,,,,
Qwen/Qwen2.5-0.5B,10,0.4166666666666667,last_token,remove_random,0,ko,ja,mrr,0.6880581612456067,1024,2048,metric,,,,
Qwen/Qwen2.5-0.5B,10,0.4166666666666667,last_token,remove_random,0,ko,zh,r1,0.306640625,1024,2048,metric,,,,
Qwen/Qwen2.5-0.5B,10,0.4166666666666667,last_token,remove_random,0,ko,zh,mrr,0.41616181047627476,1024,2048,metric,,,,
Qwen/Qwen2.5-0.5B,10,0.4166666666666667,last_token,remove_random,0,ja,en,r1,0.4296875,1024,2048,metric,,,,
Qwen/Qwen2.5-0.5B,10,0.4166666666666667,last_token,remove_random,0,ja,en,mrr,0.5259572117691993,1024,2048,metric,,,,
Qwen/Qwen2.5-0.5B,10,0.4166666666666667,last_token,remove_random,0,ja,ko,r1,0.533203125,1024,2048,metric,,,,
Qwen/Qwen2.5-0.5B,10,0.4166666666666667,last_token,remove_random,0,ja,ko,mrr,0.6197227509675307,1024,2048,metric,,,,
Qwen/Qwen2.5-0.5B,10,0.4166666666666667,last_token,remove_random,0,ja,zh,r1,0.37890625,1024,2048,metric,,,,
Qwen/Qwen2.5-0.5B,10,0.4166666666666667,last_token,remove_random,0,ja,zh,mrr,0.4796275583090188,1024,2048,metric,,,,
Qwen/Qwen2.5-0.5B,10,0.4166666666666667,last_token,remove_random,0,zh,en,r1,0.705078125,1024,2048,metric,,,,
Qwen/Qwen2.5-0.5B,10,0.4166666666666667,last_token,remove_random,0,zh,en,mrr,0.7817614204605772,1024,2048,metric,,,,
Qwen/Qwen2.5-0.5B,10,0.4166666666666667,last_token,remove_random,0,zh,ko,r1,0.451171875,1024,2048,metric,,,,
Qwen/Qwen2.5-0.5B,10,0.4166666666666667,last_token,remove_random,0,zh,ko,mrr,0.5538574212642695,1024,2048,metric,,,,
Qwen/Qwen2.5-0.5B,10,0.4166666666666667,last_token,remove_random,0,zh,ja,r1,0.408203125,1024,2048,metric,,,,
Qwen/Qwen2.5-0.5B,10,0.4166666666666667,last_token,remove_random,0,zh,ja,mrr,0.5356454384693363,1024,2048,metric,,,,
Qwen/Qwen2.5-0.5B,11,0.4583333333333333,last_token,remove_random,0,en,ko,r1,0.783203125,1024,2048,metric,,,,
Qwen/Qwen2.5-0.5B,11,0.4583333333333333,last_token,remove_random,0,en,ko,mrr,0.8282816525819473,1024,2048,metric,,,,
Qwen/Qwen2.5-0.5B,11,0.4583333333333333,last_token,remove_random,0,en,ja,r1,0.791015625,1024,2048,metric,,,,
Qwen/Qwen2.5-0.5B,11,0.4583333333333333,last_token,remove_random,0,en,ja,mrr,0.8593704010407365,1024,2048,metric,,,,
Qwen/Qwen2.5-0.5B,11,0.4583333333333333,last_token,remove_random,0,en,zh,r1,0.861328125,1024,2048,metric,,,,
Qwen/Qwen2.5-0.5B,11,0.4583333333333333,last_token,remove_random,0,en,zh,mrr,0.9019831311013999,1024,2048,metric,,,,
Qwen/Qwen2.5-0.5B,11,0.4583333333333333,last_token,remove_random,0,ko,en,r1,0.671875,1024,2048,metric,,,,
Qwen/Qwen2.5-0.5B,11,0.4583333333333333,last_token,remove_random,0,ko,en,mrr,0.7424275422466142,1024,2048,metric,,,,
Qwen/Qwen2.5-0.5B,11,0.4583333333333333,last_token,remove_random,0,ko,ja,r1,0.7890625,1024,2048,metric,,,,
Qwen/Qwen2.5-0.5B,11,0.4583333333333333,last_token,remove_random,0,ko,ja,mrr,0.837717146728729,1024,2048,metric,,,,
Qwen/Qwen2.5-0.5B,11,0.4583333333333333,last_token,remove_random,0,ko,zh,r1,0.51953125,1024,2048,metric,,,,
Qwen/Qwen2.5-0.5B,11,0.4583333333333333,last_token,remove_random,0,ko,zh,mrr,0.6160143104157538,1024,2048,metric,,,,
Qwen/Qwen2.5-0.5B,11,0.4583333333333333,last_token,remove_random,0,ja,en,r1,0.69140625,1024,2048,metric,,,,
Qwen/Qwen2.5-0.5B,11,0.4583333333333333,last_token,remove_random,0,ja,en,mrr,0.7546164318493769,1024,2048,metric,,,,
Qwen/Qwen2.5-0.5B,11,0.4583333333333333,last_token,remove_random,0,ja,ko,r1,0.7109375,1024,2048,metric,,,,
Qwen/Qwen2.5-0.5B,11,0.4583333333333333,last_token,remove_random,0,ja,ko,mrr,0.7769392232717668,1024,2048,metric,,,,
Qwen/Qwen2.5-0.5B,11,0.4583333333333333,last_token,remove_random,0,ja,zh,r1,0.599609375,1024,2048,metric,,,,
Qwen/Qwen2.5-0.5B,11,0.4583333333333333,last_token,remove_random,0,ja,zh,mrr,0.6846376926974469,1024,2048,metric,,,,
Qwen/Qwen2.5-0.5B,11,0.4583333333333333,last_token,remove_random,0,zh,en,r1,0.884765625,1024,2048,metric,,,,
Qwen/Qwen2.5-0.5B,11,0.4583333333333333,last_token,remove_random,0,zh,en,mrr,0.9182527372000191,1024,2048,metric,,,,
Qwen/Qwen2.5-0.5B,11,0.4583333333333333,last_token,remove_random,0,zh,ko,r1,0.7109375,1024,2048,metric,,,,
Qwen/Qwen2.5-0.5B,11,0.4583333333333333,last_token,remove_random,0,zh,ko,mrr,0.7769293470087911,1024,2048,metric,,,,
Qwen/Qwen2.5-0.5B,11,0.4583333333333333,last_token,remove_random,0,zh,ja,r1,0.728515625,1024,2048,metric,,,,
Qwen/Qwen2.5-0.5B,11,0.4583333333333333,last_token,remove_random,0,zh,ja,mrr,0.8061031608617296,1024,2048,metric,,,,
Qwen/Qwen2.5-0.5B,12,0.5,last_token,remove_random,0,en,ko,r1,0.724609375,1024,2048,metric,,,,
Qwen/Qwen2.5-0.5B,12,0.5,last_token,remove_random,0,en,ko,mrr,0.7867120115698853,1024,2048,metric,,,,
Qwen/Qwen2.5-0.5B,12,0.5,last_token,remove_random,0,en,ja,r1,0.75,1024,2048,metric,,,,
Qwen/Qwen2.5-0.5B,12,0.5,last_token,remove_random,0,en,ja,mrr,0.8276534304195386,1024,2048,metric,,,,
Qwen/Qwen2.5-0.5B,12,0.5,last_token,remove_random,0,en,zh,r1,0.81640625,1024,2048,metric,,,,
Qwen/Qwen2.5-0.5B,12,0.5,last_token,remove_random,0,en,zh,mrr,0.8663940329192409,1024,2048,metric,,,,
Qwen/Qwen2.5-0.5B,12,0.5,last_token,remove_random,0,ko,en,r1,0.64453125,1024,2048,metric,,,,
Qwen/Qwen2.5-0.5B,12,0.5,last_token,remove_random,0,ko,en,mrr,0.7158049499017893,1024,2048,metric,,,,
Qwen/Qwen2.5-0.5B,12,0.5,last_token,remove_random,0,ko,ja,r1,0.740234375,1024,2048,metric,,,,
Qwen/Qwen2.5-0.5B,12,0.5,last_token,remove_random,0,ko,ja,mrr,0.8039700985463132,1024,2048,metric,,,,
Qwen/Qwen2.5-0.5B,12,0.5,last_token,remove_random,0,ko,zh,r1,0.48046875,1024,2048,metric,,,,
Qwen/Qwen2.5-0.5B,12,0.5,last_token,remove_random,0,ko,zh,mrr,0.5755246742517408,1024,2048,metric,,,,
Qwen/Qwen2.5-0.5B,12,0.5,last_token,remove_random,0,ja,en,r1,0.646484375,1024,2048,metric,,,,
Qwen/Qwen2.5-0.5B,12,0.5,last_token,remove_random,0,ja,en,mrr,0.7136197090911713,1024,2048,metric,,,,
Qwen/Qwen2.5-0.5B,12,0.5,last_token,remove_random,0,ja,ko,r1,0.703125,1024,2048,metric,,,,
Qwen/Qwen2.5-0.5B,12,0.5,last_token,remove_random,0,ja,ko,mrr,0.7696897309880145,1024,2048,metric,,,,
Qwen/Qwen2.5-0.5B,12,0.5,last_token,remove_random,0,ja,zh,r1,0.546875,1024,2048,metric,,,,
Qwen/Qwen2.5-0.5B,12,0.5,last_token,remove_random,0,ja,zh,mrr,0.6355302923798225,1024,2048,metric,,,,
Qwen/Qwen2.5-0.5B,12,0.5,last_token,remove_random,0,zh,en,r1,0.818359375,1024,2048,metric,,,,
Qwen/Qwen2.5-0.5B,12,0.5,last_token,remove_random,0,zh,en,mrr,0.8681959280459124,1024,2048,metric,,,,
Qwen/Qwen2.5-0.5B,12,0.5,last_token,remove_random,0,zh,ko,r1,0.646484375,1024,2048,metric,,,,
Qwen/Qwen2.5-0.5B,12,0.5,last_token,remove_random,0,zh,ko,mrr,0.7263250138196494,1024,2048,metric,,,,
Qwen/Qwen2.5-0.5B,12,0.5,last_token,remove_random,0,zh,ja,r1,0.65625,1024,2048,metric,,,,
Qwen/Qwen2.5-0.5B,12,0.5,last_token,remove_random,0,zh,ja,mrr,0.7510153679610765,1024,2048,metric,,,,
Qwen/Qwen2.5-0.5B,13,0.5416666666666666,last_token,remove_random,0,en,ko,r1,0.701171875,1024,2048,metric,,,,
Qwen/Qwen2.5-0.5B,13,0.5416666666666666,last_token,remove_random,0,en,ko,mrr,0.7721416557256382,1024,2048,metric,,,,
Qwen/Qwen2.5-0.5B,13,0.5416666666666666,last_token,remove_random,0,en,ja,r1,0.720703125,1024,2048,metric,,,,
Qwen/Qwen2.5-0.5B,13,0.5416666666666666,last_token,remove_random,0,en,ja,mrr,0.8084588926732225,1024,2048,metric,,,,
Qwen/Qwen2.5-0.5B,13,0.5416666666666666,last_token,remove_random,0,en,zh,r1,0.8515625,1024,2048,metric,,,,
Qwen/Qwen2.5-0.5B,13,0.5416666666666666,last_token,remove_random,0,en,zh,mrr,0.8899811923750368,1024,2048,metric,,,,
Qwen/Qwen2.5-0.5B,13,0.5416666666666666,last_token,remove_random,0,ko,en,r1,0.640625,1024,2048,metric,,,,
Qwen/Qwen2.5-0.5B,13,0.5416666666666666,last_token,remove_random,0,ko,en,mrr,0.7089036193786281,1024,2048,metric,,,,
Qwen/Qwen2.5-0.5B,13,0.5416666666666666,last_token,remove_random,0,ko,ja,r1,0.767578125,1024,2048,metric,,,,
Qwen/Qwen2.5-0.5B,13,0.5416666666666666,last_token,remove_random,0,ko,ja,mrr,0.8245135732644677,1024,2048,metric,,,,
Qwen/Qwen2.5-0.5B,13,0.5416666666666666,last_token,remove_random,0,ko,zh,r1,0.533203125,1024,2048,metric,,,,
Qwen/Qwen2.5-0.5B,13,0.5416666666666666,last_token,remove_random,0,ko,zh,mrr,0.6233195245425804,1024,2048,metric,,,,
Qwen/Qwen2.5-0.5B,13,0.5416666666666666,last_token,remove_random,0,ja,en,r1,0.681640625,1024,2048,metric,,,,
Qwen/Qwen2.5-0.5B,13,0.5416666666666666,last_token,remove_random,0,ja,en,mrr,0.7473140362339706,1024,2048,metric,,,,
Qwen/Qwen2.5-0.5B,13,0.5416666666666666,last_token,remove_random,0,ja,ko,r1,0.69921875,1024,2048,metric,,,,
Qwen/Qwen2.5-0.5B,13,0.5416666666666666,last_token,remove_random,0,ja,ko,mrr,0.7658491037601631,1024,2048,metric,,,,
Qwen/Qwen2.5-0.5B,13,0.5416666666666666,last_token,remove_random,0,ja,zh,r1,0.59765625,1024,2048,metric,,,,
Qwen/Qwen2.5-0.5B,13,0.5416666666666666,last_token,remove_random,0,ja,zh,mrr,0.6801725448384667,1024,2048,metric,,,,
Qwen/Qwen2.5-0.5B,13,0.5416666666666666,last_token,remove_random,0,zh,en,r1,0.83984375,1024,2048,metric,,,,
Qwen/Qwen2.5-0.5B,13,0.5416666666666666,last_token,remove_random,0,zh,en,mrr,0.8848265296037569,1024,2048,metric,,,,
Qwen/Qwen2.5-0.5B,13,0.5416666666666666,last_token,remove_random,0,zh,ko,r1,0.6484375,1024,2048,metric,,,,
Qwen/Qwen2.5-0.5B,13,0.5416666666666666,last_token,remove_random,0,zh,ko,mrr,0.7274748910409707,1024,2048,metric,,,,
Qwen/Qwen2.5-0.5B,13,0.5416666666666666,last_token,remove_random,0,zh,ja,r1,0.63671875,1024,2048,metric,,,,
Qwen/Qwen2.5-0.5B,13,0.5416666666666666,last_token,remove_random,0,zh,ja,mrr,0.7393469626327518,1024,2048,metric,,,,
Qwen/Qwen2.5-0.5B,14,0.5833333333333334,last_token,remove_random,0,en,ko,r1,0.642578125,1024,2048,metric,,,,
Qwen/Qwen2.5-0.5B,14,0.5833333333333334,last_token,remove_random,0,en,ko,mrr,0.7291993150508291,1024,2048,metric,,,,
Qwen/Qwen2.5-0.5B,14,0.5833333333333334,last_token,remove_random,0,en,ja,r1,0.6484375,1024,2048,metric,,,,
Qwen/Qwen2.5-0.5B,14,0.5833333333333334,last_token,remove_random,0,en,ja,mrr,0.753806456206251,1024,2048,metric,,,,
Qwen/Qwen2.5-0.5B,14,0.5833333333333334,last_token,remove_random,0,en,zh,r1,0.814453125,1024,2048,metric,,,,
Qwen/Qwen2.5-0.5B,14,0.5833333333333334,last_token,remove_random,0,en,zh,mrr,0.8614331999300145,1024,2048,metric,,,,
Qwen/Qwen2.5-0.5B,14,0.5833333333333334,last_token,remove_random,0,ko,en,r1,0.595703125,1024,2048,metric,,,,
Qwen/Qwen2.5-0.5B,14,0.5833333333333334,last_token,remove_random,0,ko,en,mrr,0.6760678942023862,1024,2048,metric,,,,
Qwen/Qwen2.5-0.5B,14,0.5833333333333334,last_token,remove_random,0,ko,ja,r1,0.705078125,1024,2048,metric,,,,
Qwen/Qwen2.5-0.5B,14,0.5833333333333334,last_token,remove_random,0,ko,ja,mrr,0.7814835415235786,1024,2048,metric,,,,
Qwen/Qwen2.5-0.5B,14,0.5833333333333334,last_token,remove_random,0,ko,zh,r1,0.490234375,1024,2048,metric,,,,
Qwen/Qwen2.5-0.5B,14,0.5833333333333334,last_token,remove_random,0,ko,zh,mrr,0.5796901906346072,1024,2048,metric,,,,
Qwen/Qwen2.5-0.5B,14,0.5833333333333334,last_token,remove_random,0,ja,en,r1,0.6484375,1024,2048,metric,,,,
Qwen/Qwen2.5-0.5B,14,0.5833333333333334,last_token,remove_random,0,ja,en,mrr,0.7146805828879145,1024,2048,metric,,,,
Qwen/Qwen2.5-0.5B,14,0.5833333333333334,last_token,remove_random,0,ja,ko,r1,0.666015625,1024,2048,metric,,,,
Qwen/Qwen2.5-0.5B,14,0.5833333333333334,last_token,remove_random,0,ja,ko,mrr,0.7386180828058684,1024,2048,metric,,,,
Qwen/Qwen2.5-0.5B,14,0.5833333333333334,last_token,remove_random,0,ja,zh,r1,0.5234375,1024,2048,metric,,,,
Qwen/Qwen2.5-0.5B,14,0.5833333333333334,last_token,remove_random,0,ja,zh,mrr,0.6144161829582914,1024,2048,metric,,,,
Qwen/Qwen2.5-0.5B,14,0.5833333333333334,last_token,remove_random,0,zh,en,r1,0.826171875,1024,2048,metric,,,,
Qwen/Qwen2.5-0.5B,14,0.5833333333333334,last_token,remove_random,0,zh,en,mrr,0.8725189577907928,1024,2048,metric,,,,
Qwen/Qwen2.5-0.5B,14,0.5833333333333334,last_token,remove_random,0,zh,ko,r1,0.623046875,1024,2048,metric,,,,
Qwen/Qwen2.5-0.5B,14,0.5833333333333334,last_token,remove_random,0,zh,ko,mrr,0.7018717738712593,1024,2048,metric,,,,
Qwen/Qwen2.5-0.5B,14,0.5833333333333334,last_token,remove_random,0,zh,ja,r1,0.61328125,1024,2048,metric,,,,
Qwen/Qwen2.5-0.5B,14,0.5833333333333334,last_token,remove_random,0,zh,ja,mrr,0.7128991312139059,1024,2048,metric,,,,
Qwen/Qwen2.5-0.5B,15,0.625,last_token,remove_random,0,en,ko,r1,0.7578125,1024,2048,metric,,,,
Qwen/Qwen2.5-0.5B,15,0.625,last_token,remove_random,0,en,ko,mrr,0.8170947196734183,1024,2048,metric,,,,
Qwen/Qwen2.5-0.5B,15,0.625,last_token,remove_random,0,en,ja,r1,0.814453125,1024,2048,metric,,,,
Qwen/Qwen2.5-0.5B,15,0.625,last_token,remove_random,0,en,ja,mrr,0.8809871906085402,1024,2048,metric,,,,
Qwen/Qwen2.5-0.5B,15,0.625,last_token,remove_random,0,en,zh,r1,0.88671875,1024,2048,metric,,,,
Qwen/Qwen2.5-0.5B,15,0.625,last_token,remove_random,0,en,zh,mrr,0.9213285147265237,1024,2048,metric,,,,
Qwen/Qwen2.5-0.5B,15,0.625,last_token,remove_random,0,ko,en,r1,0.6796875,1024,2048,metric,,,,
Qwen/Qwen2.5-0.5B,15,0.625,last_token,remove_random,0,ko,en,mrr,0.7501594603530776,1024,2048,metric,,,,
Qwen/Qwen2.5-0.5B,15,0.625,last_token,remove_random,0,ko,ja,r1,0.8125,1024,2048,metric,,,,
Qwen/Qwen2.5-0.5B,15,0.625,last_token,remove_random,0,ko,ja,mrr,0.8613264352381738,1024,2048,metric,,,,
Qwen/Qwen2.5-0.5B,15,0.625,last_token,remove_random,0,ko,zh,r1,0.623046875,1024,2048,metric,,,,
Qwen/Qwen2.5-0.5B,15,0.625,last_token,remove_random,0,ko,zh,mrr,0.7029718019105922,1024,2048,metric,,,,
Qwen/Qwen2.5-0.5B,15,0.625,last_token,remove_random,0,ja,en,r1,0.755859375,1024,2048,metric,,,,
Qwen/Qwen2.5-0.5B,15,0.625,last_token,remove_random,0,ja,en,mrr,0.813386502739856,1024,2048,metric,,,,
Qwen/Qwen2.5-0.5B,15,0.625,last_token,remove_random,0,ja,ko,r1,0.79296875,1024,2048,metric,,,,
Qwen/Qwen2.5-0.5B,15,0.625,last_token,remove_random,0,ja,ko,mrr,0.8388429656612091,1024,2048,metric,,,,
Qwen/Qwen2.5-0.5B,15,0.625,last_token,remove_random,0,ja,zh,r1,0.71875,1024,2048,metric,,,,
Qwen/Qwen2.5-0.5B,15,0.625,last_token,remove_random,0,ja,zh,mrr,0.792815947192784,1024,2048,metric,,,,
Qwen/Qwen2.5-0.5B,15,0.625,last_token,remove_random,0,zh,en,r1,0.8828125,1024,2048,metric,,,,
Qwen/Qwen2.5-0.5B,15,0.625,last_token,remove_random,0,zh,en,mrr,0.917771808568811,1024,2048,metric,,,,
Qwen/Qwen2.5-0.5B,15,0.625,last_token,remove_random,0,zh,ko,r1,0.72265625,1024,2048,metric,,,,
Qwen/Qwen2.5-0.5B,15,0.625,last_token,remove_random,0,zh,ko,mrr,0.7876189494978728,1024,2048,metric,,,,
Qwen/Qwen2.5-0.5B,15,0.625,last_token,remove_random,0,zh,ja,r1,0.76171875,1024,2048,metric,,,,
Qwen/Qwen2.5-0.5B,15,0.625,last_token,remove_random,0,zh,ja,mrr,0.8433970084999345,1024,2048,metric,,,,
Qwen/Qwen2.5-0.5B,16,0.6666666666666666,last_token,remove_random,0,en,ko,r1,0.685546875,1024,2048,metric,,,,
Qwen/Qwen2.5-0.5B,16,0.6666666666666666,last_token,remove_random,0,en,ko,mrr,0.7672135056907222,1024,2048,metric,,,,
Qwen/Qwen2.5-0.5B,16,0.6666666666666666,last_token,remove_random,0,en,ja,r1,0.748046875,1024,2048,metric,,,,
Qwen/Qwen2.5-0.5B,16,0.6666666666666666,last_token,remove_random,0,en,ja,mrr,0.841193226467152,1024,2048,metric,,,,
Qwen/Qwen2.5-0.5B,16,0.6666666666666666,last_token,remove_random,0,en,zh,r1,0.837890625,1024,2048,metric,,,,
Qwen/Qwen2.5-0.5B,16,0.6666666666666666,last_token,remove_random,0,en,zh,mrr,0.8790769016667925,1024,2048,metric,,,,
Qwen/Qwen2.5-0.5B,16,0.6666666666666666,last_token,remove_random,0,ko,en,r1,0.57421875,1024,2048,metric,,,,
Qwen/Qwen2.5-0.5B,16,0.6666666666666666,last_token,remove_random,0,ko,en,mrr,0.6501737407721924,1024,2048,metric,,,,
Qwen/Qwen2.5-0.5B,16,0.6666666666666666,last_token,remove_random,0,ko,ja,r1,0.79296875,1024,2048,metric,,,,
Qwen/Qwen2.5-0.5B,16,0.6666666666666666,last_token,remove_random,0,ko,ja,mrr,0.8432558388128859,1024,2048,metric,,,,
Qwen/Qwen2.5-0.5B,16,0.6666666666666666,last_token,remove_random,0,ko,zh,r1,0.533203125,1024,2048,metric,,,,
Qwen/Qwen2.5-0.5B,16,0.6666666666666666,last_token,remove_random,0,ko,zh,mrr,0.6058612794725363,1024,2048,metric,,,,
Qwen/Qwen2.5-0.5B,16,0.6666666666666666,last_token,remove_random,0,ja,en,r1,0.630859375,1024,2048,metric,,,,
Qwen/Qwen2.5-0.5B,16,0.6666666666666666,last_token,remove_random,0,ja,en,mrr,0.7073190727406821,1024,2048,metric,,,,
Qwen/Qwen2.5-0.5B,16,0.6666666666666666,last_token,remove_random,0,ja,ko,r1,0.76171875,1024,2048,metric,,,,
Qwen/Qwen2.5-0.5B,16,0.6666666666666666,last_token,remove_random,0,ja,ko,mrr,0.8164606953137533,1024,2048,metric,,,,
Qwen/Qwen2.5-0.5B,16,0.6666666666666666,last_token,remove_random,0,ja,zh,r1,0.591796875,1024,2048,metric,,,,
Qwen/Qwen2.5-0.5B,16,0.6666666666666666,last_token,remove_random,0,ja,zh,mrr,0.6730371617038994,1024,2048,metric,,,,
Qwen/Qwen2.5-0.5B,16,0.6666666666666666,last_token,remove_random,0,zh,en,r1,0.828125,1024,2048,metric,,,,
Qwen/Qwen2.5-0.5B,16,0.6666666666666666,last_token,remove_random,0,zh,en,mrr,0.8803044267264106,1024,2048,metric,,,,
Qwen/Qwen2.5-0.5B,16,0.6666666666666666,last_token,remove_random,0,zh,ko,r1,0.69140625,1024,2048,metric,,,,
Qwen/Qwen2.5-0.5B,16,0.6666666666666666,last_token,remove_random,0,zh,ko,mrr,0.7575836156570583,1024,2048,metric,,,,
Qwen/Qwen2.5-0.5B,16,0.6666666666666666,last_token,remove_random,0,zh,ja,r1,0.736328125,1024,2048,metric,,,,
Qwen/Qwen2.5-0.5B,16,0.6666666666666666,last_token,remove_random,0,zh,ja,mrr,0.8179995699846309,1024,2048,metric,,,,
Qwen/Qwen2.5-0.5B,17,0.7083333333333334,last_token,remove_random,0,en,ko,r1,0.638671875,1024,2048,metric,,,,
Qwen/Qwen2.5-0.5B,17,0.7083333333333334,last_token,remove_random,0,en,ko,mrr,0.7277145781609764,1024,2048,metric,,,,
Qwen/Qwen2.5-0.5B,17,0.7083333333333334,last_token,remove_random,0,en,ja,r1,0.7265625,1024,2048,metric,,,,
Qwen/Qwen2.5-0.5B,17,0.7083333333333334,last_token,remove_random,0,en,ja,mrr,0.8186457248349459,1024,2048,metric,,,,
Qwen/Qwen2.5-0.5B,17,0.7083333333333334,last_token,remove_random,0,en,zh,r1,0.763671875,1024,2048,metric,,,,
Qwen/Qwen2.5-0.5B,17,0.7083333333333334,last_token,remove_random,0,en,zh,mrr,0.8157469153864847,1024,2048,metric,,,,
Qwen/Qwen2.5-0.5B,17,0.7083333333333334,last_token,remove_random,0,ko,en,r1,0.5078125,1024,2048,metric,,,,
Qwen/Qwen2.5-0.5B,17,0.7083333333333334,last_token,remove_random,0,ko,en,mrr,0.600254922827725,1024,2048,metric,,,,
Qwen/Qwen2.5-0.5B,17,0.7083333333333334,last_token,remove_random,0,ko,ja,r1,0.7421875,1024,2048,metric,,,,
Qwen/Qwen2.5-0.5B,17,0.7083333333333334,last_token,remove_random,0,ko,ja,mrr,0.8080592586066042,1024,2048,metric,,,,
Qwen/Qwen2.5-0.5B,17,0.7083333333333334,last_token,remove_random,0,ko,zh,r1,0.486328125,1024,2048,metric,,,,
Qwen/Qwen2.5-0.5B,17,0.7083333333333334,last_token,remove_random,0,ko,zh,mrr,0.5573597580788765,1024,2048,metric,,,,
Qwen/Qwen2.5-0.5B,17,0.7083333333333334,last_token,remove_random,0,ja,en,r1,0.587890625,1024,2048,metric,,,,
Qwen/Qwen2.5-0.5B,17,0.7083333333333334,last_token,remove_random,0,ja,en,mrr,0.6658366011172524,1024,2048,metric,,,,
Qwen/Qwen2.5-0.5B,17,0.7083333333333334,last_token,remove_random,0,ja,ko,r1,0.72265625,1024,2048,metric,,,,
Qwen/Qwen2.5-0.5B,17,0.7083333333333334,last_token,remove_random,0,ja,ko,mrr,0.7843792710924893,1024,2048,metric,,,,
Qwen/Qwen2.5-0.5B,17,0.7083333333333334,last_token,remove_random,0,ja,zh,r1,0.5390625,1024,2048,metric,,,,
Qwen/Qwen2.5-0.5B,17,0.7083333333333334,last_token,remove_random,0,ja,zh,mrr,0.622111146933604,1024,2048,metric,,,,
Qwen/Qwen2.5-0.5B,17,0.7083333333333334,last_token,remove_random,0,zh,en,r1,0.767578125,1024,2048,metric,,,,
Qwen/Qwen2.5-0.5B,17,0.7083333333333334,last_token,remove_random,0,zh,en,mrr,0.8287233592290049,1024,2048,metric,,,,
Qwen/Qwen2.5-0.5B,17,0.7083333333333334,last_token,remove_random,0,zh,ko,r1,0.6640625,1024,2048,metric,,,,
Qwen/Qwen2.5-0.5B,17,0.7083333333333334,last_token,remove_random,0,zh,ko,mrr,0.7316350291261751,1024,2048,metric,,,,
Qwen/Qwen2.5-0.5B,17,0.7083333333333334,last_token,remove_random,0,zh,ja,r1,0.740234375,1024,2048,metric,,,,
Qwen/Qwen2.5-0.5B,17,0.7083333333333334,last_token,remove_random,0,zh,ja,mrr,0.8163626722906299,1024,2048,metric,,,,
Qwen/Qwen2.5-0.5B,18,0.75,last_token,remove_random,0,en,ko,r1,0.521484375,1024,2048,metric,,,,
Qwen/Qwen2.5-0.5B,18,0.75,last_token,remove_random,0,en,ko,mrr,0.6264719814626454,1024,2048,metric,,,,
Qwen/Qwen2.5-0.5B,18,0.75,last_token,remove_random,0,en,ja,r1,0.572265625,1024,2048,metric,,,,
Qwen/Qwen2.5-0.5B,18,0.75,last_token,remove_random,0,en,ja,mrr,0.6929649407027305,1024,2048,metric,,,,
Qwen/Qwen2.5-0.5B,18,0.75,last_token,remove_random,0,en,zh,r1,0.71484375,1024,2048,metric,,,,
Qwen/Qwen2.5-0.5B,18,0.75,last_token,remove_random,0,en,zh,mrr,0.7715467743948732,1024,2048,metric,,,,
Qwen/Qwen2.5-0.5B,18,0.75,last_token,remove_random,0,ko,en,r1,0.37890625,1024,2048,metric,,,,
Qwen/Qwen2.5-0.5B,18,0.75,last_token,remove_random,0,ko,en,mrr,0.47897601007569374,1024,2048,metric,,,,
Qwen/Qwen2.5-0.5B,18,0.75,last_token,remove_random,0,ko,ja,r1,0.666015625,1024,2048,metric,,,,
Qwen/Qwen2.5-0.5B,18,0.75,last_token,remove_random,0,ko,ja,mrr,0.7527275967768257,1024,2048,metric,,,,
Qwen/Qwen2.5-0.5B,18,0.75,last_token,remove_random,0,ko,zh,r1,0.380859375,1024,2048,metric,,,,
Qwen/Qwen2.5-0.5B,18,0.75,last_token,remove_random,0,ko,zh,mrr,0.48159849347852124,1024,2048,metric,,,,
Qwen/Qwen2.5-0.5B,18,0.75,last_token,remove_random,0,ja,en,r1,0.4453125,1024,2048,metric,,,,
Qwen/Qwen2.5-0.5B,18,0.75,last_token,remove_random,0,ja,en,mrr,0.54830833520098,1024,2048,metric,,,,
Qwen/Qwen2.5-0.5B,18,0.75,last_token,remove_random,0,ja,ko,r1,0.623046875,1024,2048,metric,,,,
Qwen/Qwen2.5-0.5B,18,0.75,last_token,remove_random,0,ja,ko,mrr,0.7068466451412481,1024,2048,metric,,,,
Qwen/Qwen2.5-0.5B,18,0.75,last_token,remove_random,0,ja,zh,r1,0.45703125,1024,2048,metric,,,,
Qwen/Qwen2.5-0.5B,18,0.75,last_token,remove_random,0,ja,zh,mrr,0.5486812474836401,1024,2048,metric,,,,
Qwen/Qwen2.5-0.5B,18,0.75,last_token,remove_random,0,zh,en,r1,0.67578125,1024,2048,metric,,,,
Qwen/Qwen2.5-0.5B,18,0.75,last_token,remove_random,0,zh,en,mrr,0.7528825654962819,1024,2048,metric,,,,
Qwen/Qwen2.5-0.5B,18,0.75,last_token,remove_random,0,zh,ko,r1,0.560546875,1024,2048,metric,,,,
Qwen/Qwen2.5-0.5B,18,0.75,last_token,remove_random,0,zh,ko,mrr,0.648550584696352,1024,2048,metric,,,,
Qwen/Qwen2.5-0.5B,18,0.75,last_token,remove_random,0,zh,ja,r1,0.505859375,1024,2048,metric,,,,
Qwen/Qwen2.5-0.5B,18,0.75,last_token,remove_random,0,zh,ja,mrr,0.6236957620815455,1024,2048,metric,,,,
Qwen/Qwen2.5-0.5B,19,0.7916666666666666,last_token,remove_random,0,en,ko,r1,0.39453125,1024,2048,metric,,,,
Qwen/Qwen2.5-0.5B,19,0.7916666666666666,last_token,remove_random,0,en,ko,mrr,0.5160546600607107,1024,2048,metric,,,,
Qwen/Qwen2.5-0.5B,19,0.7916666666666666,last_token,remove_random,0,en,ja,r1,0.556640625,1024,2048,metric,,,,
Qwen/Qwen2.5-0.5B,19,0.7916666666666666,last_token,remove_random,0,en,ja,mrr,0.6819342214151161,1024,2048,metric,,,,
Qwen/Qwen2.5-0.5B,19,0.7916666666666666,last_token,remove_random,0,en,zh,r1,0.734375,1024,2048,metric,,,,
Qwen/Qwen2.5-0.5B,19,0.7916666666666666,last_token,remove_random,0,en,zh,mrr,0.7911725608587168,1024,2048,metric,,,,
Qwen/Qwen2.5-0.5B,19,0.7916666666666666,last_token,remove_random,0,ko,en,r1,0.35546875,1024,2048,metric,,,,
Qwen/Qwen2.5-0.5B,19,0.7916666666666666,last_token,remove_random,0,ko,en,mrr,0.45744296638292303,1024,2048,metric,,,,
Qwen/Qwen2.5-0.5B,19,0.7916666666666666,last_token,remove_random,0,ko,ja,r1,0.65625,1024,2048,metric,,,,
Qwen/Qwen2.5-0.5B,19,0.7916666666666666,last_token,remove_random,0,ko,ja,mrr,0.7446676030160277,1024,2048,metric,,,,
Qwen/Qwen2.5-0.5B,19,0.7916666666666666,last_token,remove_random,0,ko,zh,r1,0.353515625,1024,2048,metric,,,,
Qwen/Qwen2.5-0.5B,19,0.7916666666666666,last_token,remove_random,0,ko,zh,mrr,0.4627036438768096,1024,2048,metric,,,,
Qwen/Qwen2.5-0.5B,19,0.7916666666666666,last_token,remove_random,0,ja,en,r1,0.41796875,1024,2048,metric,,,,
Qwen/Qwen2.5-0.5B,19,0.7916666666666666,last_token,remove_random,0,ja,en,mrr,0.5366497424272528,1024,2048,metric,,,,
Qwen/Qwen2.5-0.5B,19,0.7916666666666666,last_token,remove_random,0,ja,ko,r1,0.568359375,1024,2048,metric,,,,
Qwen/Qwen2.5-0.5B,19,0.7916666666666666,last_token,remove_random,0,ja,ko,mrr,0.6659485118355153,1024,2048,metric,,,,
Qwen/Qwen2.5-0.5B,19,0.7916666666666666,last_token,remove_random,0,ja,zh,r1,0.4453125,1024,2048,metric,,,,
Qwen/Qwen2.5-0.5B,19,0.7916666666666666,last_token,remove_random,0,ja,zh,mrr,0.5475593200160496,1024,2048,metric,,,,
Qwen/Qwen2.5-0.5B,19,0.7916666666666666,last_token,remove_random,0,zh,en,r1,0.681640625,1024,2048,metric,,,,
Qwen/Qwen2.5-0.5B,19,0.7916666666666666,last_token,remove_random,0,zh,en,mrr,0.7608986625902232,1024,2048,metric,,,,
Qwen/Qwen2.5-0.5B,19,0.7916666666666666,last_token,remove_random,0,zh,ko,r1,0.40625,1024,2048,metric,,,,
Qwen/Qwen2.5-0.5B,19,0.7916666666666666,last_token,remove_random,0,zh,ko,mrr,0.5141352808269631,1024,2048,metric,,,,
Qwen/Qwen2.5-0.5B,19,0.7916666666666666,last_token,remove_random,0,zh,ja,r1,0.470703125,1024,2048,metric,,,,
Qwen/Qwen2.5-0.5B,19,0.7916666666666666,last_token,remove_random,0,zh,ja,mrr,0.595734039547608,1024,2048,metric,,,,
Qwen/Qwen2.5-0.5B,20,0.8333333333333334,last_token,remove_random,0,en,ko,r1,0.375,1024,2048,metric,,,,
Qwen/Qwen2.5-0.5B,20,0.8333333333333334,last_token,remove_random,0,en,ko,mrr,0.506083714290193,1024,2048,metric,,,,
Qwen/Qwen2.5-0.5B,20,0.8333333333333334,last_token,remove_random,0,en,ja,r1,0.609375,1024,2048,metric,,,,
Qwen/Qwen2.5-0.5B,20,0.8333333333333334,last_token,remove_random,0,en,ja,mrr,0.7193837565256831,1024,2048,metric,,,,
Qwen/Qwen2.5-0.5B,20,0.8333333333333334,last_token,remove_random,0,en,zh,r1,0.716796875,1024,2048,metric,,,,
Qwen/Qwen2.5-0.5B,20,0.8333333333333334,last_token,remove_random,0,en,zh,mrr,0.7864611251204827,1024,2048,metric,,,,
Qwen/Qwen2.5-0.5B,20,0.8333333333333334,last_token,remove_random,0,ko,en,r1,0.287109375,1024,2048,metric,,,,
Qwen/Qwen2.5-0.5B,20,0.8333333333333334,last_token,remove_random,0,ko,en,mrr,0.38462962716015897,1024,2048,metric,,,,
Qwen/Qwen2.5-0.5B,20,0.8333333333333334,last_token,remove_random,0,ko,ja,r1,0.611328125,1024,2048,metric,,,,
Qwen/Qwen2.5-0.5B,20,0.8333333333333334,last_token,remove_random,0,ko,ja,mrr,0.7062509370946166,1024,2048,metric,,,,
Qwen/Qwen2.5-0.5B,20,0.8333333333333334,last_token,remove_random,0,ko,zh,r1,0.29296875,1024,2048,metric,,,,
Qwen/Qwen2.5-0.5B,20,0.8333333333333334,last_token,remove_random,0,ko,zh,mrr,0.4122813773324596,1024,2048,metric,,,,
Qwen/Qwen2.5-0.5B,20,0.8333333333333334,last_token,remove_random,0,ja,en,r1,0.333984375,1024,2048,metric,,,,
Qwen/Qwen2.5-0.5B,20,0.8333333333333334,last_token,remove_random,0,ja,en,mrr,0.4402958388842546,1024,2048,metric,,,,
Qwen/Qwen2.5-0.5B,20,0.8333333333333334,last_token,remove_random,0,ja,ko,r1,0.4609375,1024,2048,metric,,,,
Qwen/Qwen2.5-0.5B,20,0.8333333333333334,last_token,remove_random,0,ja,ko,mrr,0.5794606065666761,1024,2048,metric,,,,
Qwen/Qwen2.5-0.5B,20,0.8333333333333334,last_token,remove_random,0,ja,zh,r1,0.421875,1024,2048,metric,,,,
Qwen/Qwen2.5-0.5B,20,0.8333333333333334,last_token,remove_random,0,ja,zh,mrr,0.5330184493923682,1024,2048,metric,,,,
Qwen/Qwen2.5-0.5B,20,0.8333333333333334,last_token,remove_random,0,zh,en,r1,0.615234375,1024,2048,metric,,,,
Qwen/Qwen2.5-0.5B,20,0.8333333333333334,last_token,remove_random,0,zh,en,mrr,0.7039309717069426,1024,2048,metric,,,,
Qwen/Qwen2.5-0.5B,20,0.8333333333333334,last_token,remove_random,0,zh,ko,r1,0.37109375,1024,2048,metric,,,,
Qwen/Qwen2.5-0.5B,20,0.8333333333333334,last_token,remove_random,0,zh,ko,mrr,0.49613711647174497,1024,2048,metric,,,,
Qwen/Qwen2.5-0.5B,20,0.8333333333333334,last_token,remove_random,0,zh,ja,r1,0.53515625,1024,2048,metric,,,,
Qwen/Qwen2.5-0.5B,20,0.8333333333333334,last_token,remove_random,0,zh,ja,mrr,0.6550988458272191,1024,2048,metric,,,,
Qwen/Qwen2.5-0.5B,21,0.875,last_token,remove_random,0,en,ko,r1,0.4921875,1024,2048,metric,,,,
Qwen/Qwen2.5-0.5B,21,0.875,last_token,remove_random,0,en,ko,mrr,0.6101269285969763,1024,2048,metric,,,,
Qwen/Qwen2.5-0.5B,21,0.875,last_token,remove_random,0,en,ja,r1,0.58984375,1024,2048,metric,,,,
Qwen/Qwen2.5-0.5B,21,0.875,last_token,remove_random,0,en,ja,mrr,0.7075817526062075,1024,2048,metric,,,,
Qwen/Qwen2.5-0.5B,21,0.875,last_token,remove_random,0,en,zh,r1,0.830078125,1024,2048,metric,,,,
Qwen/Qwen2.5-0.5B,21,0.875,last_token,remove_random,0,en,zh,mrr,0.8868030238626108,1024,2048,metric,,,,
Qwen/Qwen2.5-0.5B,21,0.875,last_token,remove_random,0,ko,en,r1,0.291015625,1024,2048,metric,,,,
Qwen/Qwen2.5-0.5B,21,0.875,last_token,remove_random,0,ko,en,mrr,0.395280155164452,1024,2048,metric,,,,
Qwen/Qwen2.5-0.5B,21,0.875,last_token,remove_random,0,ko,ja,r1,0.4375,1024,2048,metric,,,,
Qwen/Qwen2.5-0.5B,21,0.875,last_token,remove_random,0,ko,ja,mrr,0.5655292866971476,1024,2048,metric,,,,
Qwen/Qwen2.5-0.5B,21,0.875,last_token,remove_random,0,ko,zh,r1,0.41015625,1024,2048,metric,,,,
Qwen/Qwen2.5-0.5B,21,0.875,last_token,remove_random,0,ko,zh,mrr,0.5266761123941548,1024,2048,metric,,,,
Qwen/Qwen2.5-0.5B,21,0.875,last_token,remove_random,0,ja,en,r1,0.453125,1024,2048,metric,,,,
Qwen/Qwen2.5-0.5B,21,0.875,last_token,remove_random,0,ja,en,mrr,0.576307122206739,1024,2048,metric,,,,
Qwen/Qwen2.5-0.5B,21,0.875,last_token,remove_random,0,ja,ko,r1,0.666015625,1024,2048,metric,,,,
Qwen/Qwen2.5-0.5B,21,0.875,last_token,remove_random,0,ja,ko,mrr,0.7538838979791374,1024,2048,metric,,,,
Qwen/Qwen2.5-0.5B,21,0.875,last_token,remove_random,0,ja,zh,r1,0.6640625,1024,2048,metric,,,,
Qwen/Qwen2.5-0.5B,21,0.875,last_token,remove_random,0,ja,zh,mrr,0.7451284165547853,1024,2048,metric,,,,
Qwen/Qwen2.5-0.5B,21,0.875,last_token,remove_random,0,zh,en,r1,0.736328125,1024,2048,metric,,,,
Qwen/Qwen2.5-0.5B,21,0.875,last_token,remove_random,0,zh,en,mrr,0.8166049136658723,1024,2048,metric,,,,
Qwen/Qwen2.5-0.5B,21,0.875,last_token,remove_random,0,zh,ko,r1,0.541015625,1024,2048,metric,,,,
Qwen/Qwen2.5-0.5B,21,0.875,last_token,remove_random,0,zh,ko,mrr,0.6488475352662662,1024,2048,metric,,,,
Qwen/Qwen2.5-0.5B,21,0.875,last_token,remove_random,0,zh,ja,r1,0.529296875,1024,2048,metric,,,,
Qwen/Qwen2.5-0.5B,21,0.875,last_token,remove_random,0,zh,ja,mrr,0.6438235485493347,1024,2048,metric,,,,
Qwen/Qwen2.5-0.5B,22,0.9166666666666666,last_token,remove_random,0,en,ko,r1,0.5625,1024,2048,metric,,,,
Qwen/Qwen2.5-0.5B,22,0.9166666666666666,last_token,remove_random,0,en,ko,mrr,0.6709952665255119,1024,2048,metric,,,,
Qwen/Qwen2.5-0.5B,22,0.9166666666666666,last_token,remove_random,0,en,ja,r1,0.69140625,1024,2048,metric,,,,
Qwen/Qwen2.5-0.5B,22,0.9166666666666666,last_token,remove_random,0,en,ja,mrr,0.7864636807631249,1024,2048,metric,,,,
Qwen/Qwen2.5-0.5B,22,0.9166666666666666,last_token,remove_random,0,en,zh,r1,0.83203125,1024,2048,metric,,,,
Qwen/Qwen2.5-0.5B,22,0.9166666666666666,last_token,remove_random,0,en,zh,mrr,0.8937645171623443,1024,2048,metric,,,,
Qwen/Qwen2.5-0.5B,22,0.9166666666666666,last_token,remove_random,0,ko,en,r1,0.265625,1024,2048,metric,,,,
Qwen/Qwen2.5-0.5B,22,0.9166666666666666,last_token,remove_random,0,ko,en,mrr,0.3560797249333003,1024,2048,metric,,,,
Qwen/Qwen2.5-0.5B,22,0.9166666666666666,last_token,remove_random,0,ko,ja,r1,0.498046875,1024,2048,metric,,,,
Qwen/Qwen2.5-0.5B,22,0.9166666666666666,last_token,remove_random,0,ko,ja,mrr,0.619110672240689,1024,2048,metric,,,,
Qwen/Qwen2.5-0.5B,22,0.9166666666666666,last_token,remove_random,0,ko,zh,r1,0.416015625,1024,2048,metric,,,,
Qwen/Qwen2.5-0.5B,22,0.9166666666666666,last_token,remove_random,0,ko,zh,mrr,0.5386708984492666,1024,2048,metric,,,,
Qwen/Qwen2.5-0.5B,22,0.9166666666666666,last_token,remove_random,0,ja,en,r1,0.486328125,1024,2048,metric,,,,
Qwen/Qwen2.5-0.5B,22,0.9166666666666666,last_token,remove_random,0,ja,en,mrr,0.5966842252068733,1024,2048,metric,,,,
Qwen/Qwen2.5-0.5B,22,0.9166666666666666,last_token,remove_random,0,ja,ko,r1,0.70703125,1024,2048,metric,,,,
Qwen/Qwen2.5-0.5B,22,0.9166666666666666,last_token,remove_random,0,ja,ko,mrr,0.7803322095051102,1024,2048,metric,,,,
Qwen/Qwen2.5-0.5B,22,0.9166666666666666,last_token,remove_random,0,ja,zh,r1,0.71875,1024,2048,metric,,,,
Qwen/Qwen2.5-0.5B,22,0.9166666666666666,last_token,remove_random,0,ja,zh,mrr,0.7974375242451189,1024,2048,metric,,,,
Qwen/Qwen2.5-0.5B,22,0.9166666666666666,last_token,remove_random,0,zh,en,r1,0.771484375,1024,2048,metric,,,,
Qwen/Qwen2.5-0.5B,22,0.9166666666666666,last_token,remove_random,0,zh,en,mrr,0.8348390516905233,1024,2048,metric,,,,
Qwen/Qwen2.5-0.5B,22,0.9166666666666666,last_token,remove_random,0,zh,ko,r1,0.58203125,1024,2048,metric,,,,
Qwen/Qwen2.5-0.5B,22,0.9166666666666666,last_token,remove_random,0,zh,ko,mrr,0.6915593176980275,1024,2048,metric,,,,
Qwen/Qwen2.5-0.5B,22,0.9166666666666666,last_token,remove_random,0,zh,ja,r1,0.638671875,1024,2048,metric,,,,
Qwen/Qwen2.5-0.5B,22,0.9166666666666666,last_token,remove_random,0,zh,ja,mrr,0.7501344999751862,1024,2048,metric,,,,
Qwen/Qwen2.5-0.5B,23,0.9583333333333334,last_token,remove_random,0,en,ko,r1,0.181640625,1024,2048,metric,,,,
Qwen/Qwen2.5-0.5B,23,0.9583333333333334,last_token,remove_random,0,en,ko,mrr,0.2759347106279477,1024,2048,metric,,,,
Qwen/Qwen2.5-0.5B,23,0.9583333333333334,last_token,remove_random,0,en,ja,r1,0.697265625,1024,2048,metric,,,,
Qwen/Qwen2.5-0.5B,23,0.9583333333333334,last_token,remove_random,0,en,ja,mrr,0.7900496512290471,1024,2048,metric,,,,
Qwen/Qwen2.5-0.5B,23,0.9583333333333334,last_token,remove_random,0,en,zh,r1,0.8125,1024,2048,metric,,,,
Qwen/Qwen2.5-0.5B,23,0.9583333333333334,last_token,remove_random,0,en,zh,mrr,0.8740218522701453,1024,2048,metric,,,,
Qwen/Qwen2.5-0.5B,23,0.9583333333333334,last_token,remove_random,0,ko,en,r1,0.34765625,1024,2048,metric,,,,
Qwen/Qwen2.5-0.5B,23,0.9583333333333334,last_token,remove_random,0,ko,en,mrr,0.4566122667648085,1024,2048,metric,,,,
Qwen/Qwen2.5-0.5B,23,0.9583333333333334,last_token,remove_random,0,ko,ja,r1,0.572265625,1024,2048,metric,,,,
Qwen/Qwen2.5-0.5B,23,0.9583333333333334,last_token,remove_random,0,ko,ja,mrr,0.6723112781882152,1024,2048,metric,,,,
Qwen/Qwen2.5-0.5B,23,0.9583333333333334,last_token,remove_random,0,ko,zh,r1,0.3828125,1024,2048,metric,,,,
Qwen/Qwen2.5-0.5B,23,0.9583333333333334,last_token,remove_random,0,ko,zh,mrr,0.5070298077642892,1024,2048,metric,,,,
Qwen/Qwen2.5-0.5B,23,0.9583333333333334,last_token,remove_random,0,ja,en,r1,0.447265625,1024,2048,metric,,,,
Qwen/Qwen2.5-0.5B,23,0.9583333333333334,last_token,remove_random,0,ja,en,mrr,0.5616532473974122,1024,2048,metric,,,,
Qwen/Qwen2.5-0.5B,23,0.9583333333333334,last_token,remove_random,0,ja,ko,r1,0.35546875,1024,2048,metric,,,,
Qwen/Qwen2.5-0.5B,23,0.9583333333333334,last_token,remove_random,0,ja,ko,mrr,0.4637719890150818,1024,2048,metric,,,,
Qwen/Qwen2.5-0.5B,23,0.9583333333333334,last_token,remove_random,0,ja,zh,r1,0.748046875,1024,2048,metric,,,,
Qwen/Qwen2.5-0.5B,23,0.9583333333333334,last_token,remove_random,0,ja,zh,mrr,0.8223453285396305,1024,2048,metric,,,,
Qwen/Qwen2.5-0.5B,23,0.9583333333333334,last_token,remove_random,0,zh,en,r1,0.685546875,1024,2048,metric,,,,
Qwen/Qwen2.5-0.5B,23,0.9583333333333334,last_token,remove_random,0,zh,en,mrr,0.7767092150083803,1024,2048,metric,,,,
Qwen/Qwen2.5-0.5B,23,0.9583333333333334,last_token,remove_random,0,zh,ko,r1,0.205078125,1024,2048,metric,,,,
Qwen/Qwen2.5-0.5B,23,0.9583333333333334,last_token,remove_random,0,zh,ko,mrr,0.3007698217031327,1024,2048,metric,,,,
Qwen/Qwen2.5-0.5B,23,0.9583333333333334,last_token,remove_random,0,zh,ja,r1,0.662109375,1024,2048,metric,,,,
Qwen/Qwen2.5-0.5B,23,0.9583333333333334,last_token,remove_random,0,zh,ja,mrr,0.7571655651560905,1024,2048,metric,,,,
Qwen/Qwen2.5-0.5B,24,1.0,last_token,remove_random,0,en,ko,r1,0.00390625,1024,2048,metric,,,,
Qwen/Qwen2.5-0.5B,24,1.0,last_token,remove_random,0,en,ko,mrr,0.03473413455806062,1024,2048,metric,,,,
Qwen/Qwen2.5-0.5B,24,1.0,last_token,remove_random,0,en,ja,r1,0.025390625,1024,2048,metric,,,,
Qwen/Qwen2.5-0.5B,24,1.0,last_token,remove_random,0,en,ja,mrr,0.07161761482036622,1024,2048,metric,,,,
Qwen/Qwen2.5-0.5B,24,1.0,last_token,remove_random,0,en,zh,r1,0.00390625,1024,2048,metric,,,,
Qwen/Qwen2.5-0.5B,24,1.0,last_token,remove_random,0,en,zh,mrr,0.043657083639625976,1024,2048,metric,,,,
Qwen/Qwen2.5-0.5B,24,1.0,last_token,remove_random,0,ko,en,r1,0.005859375,1024,2048,metric,,,,
Qwen/Qwen2.5-0.5B,24,1.0,last_token,remove_random,0,ko,en,mrr,0.05532522046587811,1024,2048,metric,,,,
Qwen/Qwen2.5-0.5B,24,1.0,last_token,remove_random,0,ko,ja,r1,0.029296875,1024,2048,metric,,,,
Qwen/Qwen2.5-0.5B,24,1.0,last_token,remove_random,0,ko,ja,mrr,0.0654501500288427,1024,2048,metric,,,,
Qwen/Qwen2.5-0.5B,24,1.0,last_token,remove_random,0,ko,zh,r1,0.0078125,1024,2048,metric,,,,
Qwen/Qwen2.5-0.5B,24,1.0,last_token,remove_random,0,ko,zh,mrr,0.03844974385739644,1024,2048,metric,,,,
Qwen/Qwen2.5-0.5B,24,1.0,last_token,remove_random,0,ja,en,r1,0.001953125,1024,2048,metric,,,,
Qwen/Qwen2.5-0.5B,24,1.0,last_token,remove_random,0,ja,en,mrr,0.04407135818422234,1024,2048,metric,,,,
Qwen/Qwen2.5-0.5B,24,1.0,last_token,remove_random,0,ja,ko,r1,0.001953125,1024,2048,metric,,,,
Qwen/Qwen2.5-0.5B,24,1.0,last_token,remove_random,0,ja,ko,mrr,0.04303910633496906,1024,2048,metric,,,,
Qwen/Qwen2.5-0.5B,24,1.0,last_token,remove_random,0,ja,zh,r1,0.068359375,1024,2048,metric,,,,
Qwen/Qwen2.5-0.5B,24,1.0,last_token,remove_random,0,ja,zh,mrr,0.14868635493944615,1024,2048,metric,,,,
Qwen/Qwen2.5-0.5B,24,1.0,last_token,remove_random,0,zh,en,r1,0.01953125,1024,2048,metric,,,,
Qwen/Qwen2.5-0.5B,24,1.0,last_token,remove_random,0,zh,en,mrr,0.08774117398855476,1024,2048,metric,,,,
Qwen/Qwen2.5-0.5B,24,1.0,last_token,remove_random,0,zh,ko,r1,0.001953125,1024,2048,metric,,,,
Qwen/Qwen2.5-0.5B,24,1.0,last_token,remove_random,0,zh,ko,mrr,0.07476082654759586,1024,2048,metric,,,,
Qwen/Qwen2.5-0.5B,24,1.0,last_token,remove_random,0,zh,ja,r1,0.140625,1024,2048,metric,,,,
Qwen/Qwen2.5-0.5B,24,1.0,last_token,remove_random,0,zh,ja,mrr,0.2592176207497845,1024,2048,metric,,,,
Qwen/Qwen2.5-0.5B,7,0.2916666666666667,mean,remove_random,0,en,ko,r1,0.009765625,1024,2048,metric,,,,
Qwen/Qwen2.5-0.5B,7,0.2916666666666667,mean,remove_random,0,en,ko,mrr,0.03497657987902706,1024,2048,metric,,,,
Qwen/Qwen2.5-0.5B,7,0.2916666666666667,mean,remove_random,0,en,ja,r1,0.044921875,1024,2048,metric,,,,
Qwen/Qwen2.5-0.5B,7,0.2916666666666667,mean,remove_random,0,en,ja,mrr,0.08207938219050277,1024,2048,metric,,,,
Qwen/Qwen2.5-0.5B,7,0.2916666666666667,mean,remove_random,0,en,zh,r1,0.76953125,1024,2048,metric,,,,
Qwen/Qwen2.5-0.5B,7,0.2916666666666667,mean,remove_random,0,en,zh,mrr,0.7965135485454118,1024,2048,metric,,,,
Qwen/Qwen2.5-0.5B,7,0.2916666666666667,mean,remove_random,0,ko,en,r1,0.556640625,1024,2048,metric,,,,
Qwen/Qwen2.5-0.5B,7,0.2916666666666667,mean,remove_random,0,ko,en,mrr,0.6533674010556669,1024,2048,metric,,,,
Qwen/Qwen2.5-0.5B,7,0.2916666666666667,mean,remove_random,0,ko,ja,r1,0.767578125,1024,2048,metric,,,,
Qwen/Qwen2.5-0.5B,7,0.2916666666666667,mean,remove_random,0,ko,ja,mrr,0.8153987397740285,1024,2048,metric,,,,
Qwen/Qwen2.5-0.5B,7,0.2916666666666667,mean,remove_random,0,ko,zh,r1,0.38671875,1024,2048,metric,,,,
Qwen/Qwen2.5-0.5B,7,0.2916666666666667,mean,remove_random,0,ko,zh,mrr,0.48519396412416016,1024,2048,metric,,,,
Qwen/Qwen2.5-0.5B,7,0.2916666666666667,mean,remove_random,0,ja,en,r1,0.76171875,1024,2048,metric,,,,
Qwen/Qwen2.5-0.5B,7,0.2916666666666667,mean,remove_random,0,ja,en,mrr,0.8233614760606245,1024,2048,metric,,,,
Qwen/Qwen2.5-0.5B,7,0.2916666666666667,mean,remove_random,0,ja,ko,r1,0.5703125,1024,2048,metric,,,,
Qwen/Qwen2.5-0.5B,7,0.2916666666666667,mean,remove_random,0,ja,ko,mrr,0.6270584970722923,1024,2048,metric,,,,
Qwen/Qwen2.5-0.5B,7,0.2916666666666667,mean,remove_random,0,ja,zh,r1,0.677734375,1024,2048,metric,,,,
Qwen/Qwen2.5-0.5B,7,0.2916666666666667,mean,remove_random,0,ja,zh,mrr,0.7435792114895353,1024,2048,metric,,,,
Qwen/Qwen2.5-0.5B,7,0.2916666666666667,mean,remove_random,0,zh,en,r1,0.837890625,1024,2048,metric,,,,
Qwen/Qwen2.5-0.5B,7,0.2916666666666667,mean,remove_random,0,zh,en,mrr,0.8689098474323332,1024,2048,metric,,,,
Qwen/Qwen2.5-0.5B,7,0.2916666666666667,mean,remove_random,0,zh,ko,r1,0.0390625,1024,2048,metric,,,,
Qwen/Qwen2.5-0.5B,7,0.2916666666666667,mean,remove_random,0,zh,ko,mrr,0.07418439703464981,1024,2048,metric,,,,
Qwen/Qwen2.5-0.5B,7,0.2916666666666667,mean,remove_random,0,zh,ja,r1,0.126953125,1024,2048,metric,,,,
Qwen/Qwen2.5-0.5B,7,0.2916666666666667,mean,remove_random,0,zh,ja,mrr,0.1776086522545252,1024,2048,metric,,,,
Qwen/Qwen2.5-0.5B,8,0.3333333333333333,mean,remove_random,0,en,ko,r1,0.009765625,1024,2048,metric,,,,
Qwen/Qwen2.5-0.5B,8,0.3333333333333333,mean,remove_random,0,en,ko,mrr,0.03676264080681162,1024,2048,metric,,,,
Qwen/Qwen2.5-0.5B,8,0.3333333333333333,mean,remove_random,0,en,ja,r1,0.052734375,1024,2048,metric,,,,
Qwen/Qwen2.5-0.5B,8,0.3333333333333333,mean,remove_random,0,en,ja,mrr,0.08496528977251389,1024,2048,metric,,,,
Qwen/Qwen2.5-0.5B,8,0.3333333333333333,mean,remove_random,0,en,zh,r1,0.794921875,1024,2048,metric,,,,
Qwen/Qwen2.5-0.5B,8,0.3333333333333333,mean,remove_random,0,en,zh,mrr,0.8180967642674546,1024,2048,metric,,,,
Qwen/Qwen2.5-0.5B,8,0.3333333333333333,mean,remove_random,0,ko,en,r1,0.6015625,1024,2048,metric,,,,
Qwen/Qwen2.5-0.5B,8,0.3333333333333333,mean,remove_random,0,ko,en,mrr,0.7018543385728964,1024,2048,metric,,,,
Qwen/Qwen2.5-0.5B,8,0.3333333333333333,mean,remove_random,0,ko,ja,r1,0.80859375,1024,2048,metric,,,,
Qwen/Qwen2.5-0.5B,8,0.3333333333333333,mean,remove_random,0,ko,ja,mrr,0.8488635084755461,1024,2048,metric,,,,
Qwen/Qwen2.5-0.5B,8,0.3333333333333333,mean,remove_random,0,ko,zh,r1,0.46484375,1024,2048,metric,,,,
Qwen/Qwen2.5-0.5B,8,0.3333333333333333,mean,remove_random,0,ko,zh,mrr,0.56992906025701,1024,2048,metric,,,,
Qwen/Qwen2.5-0.5B,8,0.3333333333333333,mean,remove_random,0,ja,en,r1,0.80859375,1024,2048,metric,,,,
Qwen/Qwen2.5-0.5B,8,0.3333333333333333,mean,remove_random,0,ja,en,mrr,0.8559064681215014,1024,2048,metric,,,,
Qwen/Qwen2.5-0.5B,8,0.3333333333333333,mean,remove_random,0,ja,ko,r1,0.607421875,1024,2048,metric,,,,
Qwen/Qwen2.5-0.5B,8,0.3333333333333333,mean,remove_random,0,ja,ko,mrr,0.6581303419877104,1024,2048,metric,,,,
Qwen/Qwen2.5-0.5B,8,0.3333333333333333,mean,remove_random,0,ja,zh,r1,0.732421875,1024,2048,metric,,,,
Qwen/Qwen2.5-0.5B,8,0.3333333333333333,mean,remove_random,0,ja,zh,mrr,0.7982675691563609,1024,2048,metric,,,,
Qwen/Qwen2.5-0.5B,8,0.3333333333333333,mean,remove_random,0,zh,en,r1,0.853515625,1024,2048,metric,,,,
Qwen/Qwen2.5-0.5B,8,0.3333333333333333,mean,remove_random,0,zh,en,mrr,0.8832912538952519,1024,2048,metric,,,,
Qwen/Qwen2.5-0.5B,8,0.3333333333333333,mean,remove_random,0,zh,ko,r1,0.041015625,1024,2048,metric,,,,
Qwen/Qwen2.5-0.5B,8,0.3333333333333333,mean,remove_random,0,zh,ko,mrr,0.07401558925118137,1024,2048,metric,,,,
Qwen/Qwen2.5-0.5B,8,0.3333333333333333,mean,remove_random,0,zh,ja,r1,0.125,1024,2048,metric,,,,
Qwen/Qwen2.5-0.5B,8,0.3333333333333333,mean,remove_random,0,zh,ja,mrr,0.17087236811101048,1024,2048,metric,,,,
Qwen/Qwen2.5-0.5B,9,0.375,mean,remove_random,0,en,ko,r1,0.015625,1024,2048,metric,,,,
Qwen/Qwen2.5-0.5B,9,0.375,mean,remove_random,0,en,ko,mrr,0.043112396424361314,1024,2048,metric,,,,
Qwen/Qwen2.5-0.5B,9,0.375,mean,remove_random,0,en,ja,r1,0.06640625,1024,2048,metric,,,,
Qwen/Qwen2.5-0.5B,9,0.375,mean,remove_random,0,en,ja,mrr,0.10147601888520999,1024,2048,metric,,,,
Qwen/Qwen2.5-0.5B,9,0.375,mean,remove_random,0,en,zh,r1,0.8125,1024,2048,metric,,,,
Qwen/Qwen2.5-0.5B,9,0.375,mean,remove_random,0,en,zh,mrr,0.8352130210667411,1024,2048,metric,,,,
Qwen/Qwen2.5-0.5B,9,0.375,mean,remove_random,0,ko,en,r1,0.64453125,1024,2048,metric,,,,
Qwen/Qwen2.5-0.5B,9,0.375,mean,remove_random,0,ko,en,mrr,0.7311091193928662,1024,2048,metric,,,,
Qwen/Qwen2.5-0.5B,9,0.375,mean,remove_random,0,ko,ja,r1,0.828125,1024,2048,metric,,,,
Qwen/Qwen2.5-0.5B,9,0.375,mean,remove_random,0,ko,ja,mrr,0.8615889417635414,1024,2048,metric,,,,
Qwen/Qwen2.5-0.5B,9,0.375,mean,remove_random,0,ko,zh,r1,0.48828125,1024,2048,metric,,,,
Qwen/Qwen2.5-0.5B,9,0.375,mean,remove_random,0,ko,zh,mrr,0.5895036056653715,1024,2048,metric,,,,
Qwen/Qwen2.5-0.5B,9,0.375,mean,remove_random,0,ja,en,r1,0.80078125,1024,2048,metric,,,,
Qwen/Qwen2.5-0.5B,9,0.375,mean,remove_random,0,ja,en,mrr,0.8515918835696841,1024,2048,metric,,,,
Qwen/Qwen2.5-0.5B,9,0.375,mean,remove_random,0,ja,ko,r1,0.6484375,1024,2048,metric,,,,
Qwen/Qwen2.5-0.5B,9,0.375,mean,remove_random,0,ja,ko,mrr,0.6871359337304882,1024,2048,metric,,,,
Qwen/Qwen2.5-0.5B,9,0.375,mean,remove_random,0,ja,zh,r1,0.734375,1024,2048,metric,,,,
Qwen/Qwen2.5-0.5B,9,0.375,mean,remove_random,0,ja,zh,mrr,0.7935250642018584,1024,2048,metric,,,,
Qwen/Qwen2.5-0.5B,9,0.375,mean,remove_random,0,zh,en,r1,0.84765625,1024,2048,metric,,,,
Qwen/Qwen2.5-0.5B,9,0.375,mean,remove_random,0,zh,en,mrr,0.8801011082246314,1024,2048,metric,,,,
Qwen/Qwen2.5-0.5B,9,0.375,mean,remove_random,0,zh,ko,r1,0.041015625,1024,2048,metric,,,,
Qwen/Qwen2.5-0.5B,9,0.375,mean,remove_random,0,zh,ko,mrr,0.08097750662577423,1024,2048,metric,,,,
Qwen/Qwen2.5-0.5B,9,0.375,mean,remove_random,0,zh,ja,r1,0.14453125,1024,2048,metric,,,,
Qwen/Qwen2.5-0.5B,9,0.375,mean,remove_random,0,zh,ja,mrr,0.19402351422888786,1024,2048,metric,,,,
Qwen/Qwen2.5-0.5B,10,0.4166666666666667,mean,remove_random,0,en,ko,r1,0.017578125,1024,2048,metric,,,,
Qwen/Qwen2.5-0.5B,10,0.4166666666666667,mean,remove_random,0,en,ko,mrr,0.047159507472085985,1024,2048,metric,,,,
Qwen/Qwen2.5-0.5B,10,0.4166666666666667,mean,remove_random,0,en,ja,r1,0.083984375,1024,2048,metric,,,,
Qwen/Qwen2.5-0.5B,10,0.4166666666666667,mean,remove_random,0,en,ja,mrr,0.1174142499897054,1024,2048,metric,,,,
Qwen/Qwen2.5-0.5B,10,0.4166666666666667,mean,remove_random,0,en,zh,r1,0.83203125,1024,2048,metric,,,,
Qwen/Qwen2.5-0.5B,10,0.4166666666666667,mean,remove_random,0,en,zh,mrr,0.851268205691748,1024,2048,metric,,,,
Qwen/Qwen2.5-0.5B,10,0.4166666666666667,mean,remove_random,0,ko,en,r1,0.66015625,1024,2048,metric,,,,
Qwen/Qwen2.5-0.5B,10,0.4166666666666667,mean,remove_random,0,ko,en,mrr,0.7565389966233673,1024,2048,metric,,,,
Qwen/Qwen2.5-0.5B,10,0.4166666666666667,mean,remove_random,0,ko,ja,r1,0.837890625,1024,2048,metric,,,,
Qwen/Qwen2.5-0.5B,10,0.4166666666666667,mean,remove_random,0,ko,ja,mrr,0.8711774959696407,1024,2048,metric,,,,
Qwen/Qwen2.5-0.5B,10,0.4166666666666667,mean,remove_random,0,ko,zh,r1,0.5234375,1024,2048,metric,,,,
Qwen/Qwen2.5-0.5B,10,0.4166666666666667,mean,remove_random,0,ko,zh,mrr,0.6196050756920871,1024,2048,metric,,,,
Qwen/Qwen2.5-0.5B,10,0.4166666666666667,mean,remove_random,0,ja,en,r1,0.818359375,1024,2048,metric,,,,
Qwen/Qwen2.5-0.5B,10,0.4166666666666667,mean,remove_random,0,ja,en,mrr,0.8698646381693376,1024,2048,metric,,,,
Qwen/Qwen2.5-0.5B,10,0.4166666666666667,mean,remove_random,0,ja,ko,r1,0.654296875,1024,2048,metric,,,,
Qwen/Qwen2.5-0.5B,10,0.4166666666666667,mean,remove_random,0,ja,ko,mrr,0.6966242700388161,1024,2048,metric,,,,
Qwen/Qwen2.5-0.5B,10,0.4166666666666667,mean,remove_random,0,ja,zh,r1,0.76171875,1024,2048,metric,,,,
Qwen/Qwen2.5-0.5B,10,0.4166666666666667,mean,remove_random,0,ja,zh,mrr,0.8150922660847347,1024,2048,metric,,,,
Qwen/Qwen2.5-0.5B,10,0.4166666666666667,mean,remove_random,0,zh,en,r1,0.8515625,1024,2048,metric,,,,
Qwen/Qwen2.5-0.5B,10,0.4166666666666667,mean,remove_random,0,zh,en,mrr,0.8821477860273519,1024,2048,metric,,,,
Qwen/Qwen2.5-0.5B,10,0.4166666666666667,mean,remove_random,0,zh,ko,r1,0.046875,1024,2048,metric,,,,
Qwen/Qwen2.5-0.5B,10,0.4166666666666667,mean,remove_random,0,zh,ko,mrr,0.08842401250634246,1024,2048,metric,,,,
Qwen/Qwen2.5-0.5B,10,0.4166666666666667,mean,remove_random,0,zh,ja,r1,0.15625,1024,2048,metric,,,,
Qwen/Qwen2.5-0.5B,10,0.4166666666666667,mean,remove_random,0,zh,ja,mrr,0.20929920713447867,1024,2048,metric,,,,
Qwen/Qwen2.5-0.5B,11,0.4583333333333333,mean,remove_random,0,en,ko,r1,0.03125,1024,2048,metric,,,,
Qwen/Qwen2.5-0.5B,11,0.4583333333333333,mean,remove_random,0,en,ko,mrr,0.056952844293658114,1024,2048,metric,,,,
Qwen/Qwen2.5-0.5B,11,0.4583333333333333,mean,remove_random,0,en,ja,r1,0.09765625,1024,2048,metric,,,,
Qwen/Qwen2.5-0.5B,11,0.4583333333333333,mean,remove_random,0,en,ja,mrr,0.13429587042476,1024,2048,metric,,,,
Qwen/Qwen2.5-0.5B,11,0.4583333333333333,mean,remove_random,0,en,zh,r1,0.841796875,1024,2048,metric,,,,
Qwen/Qwen2.5-0.5B,11,0.4583333333333333,mean,remove_random,0,en,zh,mrr,0.860731399106554,1024,2048,metric,,,,
Qwen/Qwen2.5-0.5B,11,0.4583333333333333,mean,remove_random,0,ko,en,r1,0.65234375,1024,2048,metric,,,,
Qwen/Qwen2.5-0.5B,11,0.4583333333333333,mean,remove_random,0,ko,en,mrr,0.7426347849564302,1024,2048,metric,,,,
Qwen/Qwen2.5-0.5B,11,0.4583333333333333,mean,remove_random,0,ko,ja,r1,0.84765625,1024,2048,metric,,,,
Qwen/Qwen2.5-0.5B,11,0.4583333333333333,mean,remove_random,0,ko,ja,mrr,0.8797073780614437,1024,2048,metric,,,,
Qwen/Qwen2.5-0.5B,11,0.4583333333333333,mean,remove_random,0,ko,zh,r1,0.47265625,1024,2048,metric,,,,
Qwen/Qwen2.5-0.5B,11,0.4583333333333333,mean,remove_random,0,ko,zh,mrr,0.5727021831219752,1024,2048,metric,,,,
Qwen/Qwen2.5-0.5B,11,0.4583333333333333,mean,remove_random,0,ja,en,r1,0.806640625,1024,2048,metric,,,,
Qwen/Qwen2.5-0.5B,11,0.4583333333333333,mean,remove_random,0,ja,en,mrr,0.8583886454047092,1024,2048,metric,,,,
Qwen/Qwen2.5-0.5B,11,0.4583333333333333,mean,remove_random,0,ja,ko,r1,0.67578125,1024,2048,metric,,,,
Qwen/Qwen2.5-0.5B,11,0.4583333333333333,mean,remove_random,0,ja,ko,mrr,0.7156253915015394,1024,2048,metric,,,,
Qwen/Qwen2.5-0.5B,11,0.4583333333333333,mean,remove_random,0,ja,zh,r1,0.728515625,1024,2048,metric,,,,
Qwen/Qwen2.5-0.5B,11,0.4583333333333333,mean,remove_random,0,ja,zh,mrr,0.7840194113079186,1024,2048,metric,,,,
Qwen/Qwen2.5-0.5B,11,0.4583333333333333,mean,remove_random,0,zh,en,r1,0.841796875,1024,2048,metric,,,,
Qwen/Qwen2.5-0.5B,11,0.4583333333333333,mean,remove_random,0,zh,en,mrr,0.8729798218533106,1024,2048,metric,,,,
Qwen/Qwen2.5-0.5B,11,0.4583333333333333,mean,remove_random,0,zh,ko,r1,0.05859375,1024,2048,metric,,,,
Qwen/Qwen2.5-0.5B,11,0.4583333333333333,mean,remove_random,0,zh,ko,mrr,0.09848880274022004,1024,2048,metric,,,,
Qwen/Qwen2.5-0.5B,11,0.4583333333333333,mean,remove_random,0,zh,ja,r1,0.16796875,1024,2048,metric,,,,
Qwen/Qwen2.5-0.5B,11,0.4583333333333333,mean,remove_random,0,zh,ja,mrr,0.22050525291594658,1024,2048,metric,,,,
Qwen/Qwen2.5-0.5B,12,0.5,mean,remove_random,0,en,ko,r1,0.02734375,1024,2048,metric,,,,
Qwen/Qwen2.5-0.5B,12,0.5,mean,remove_random,0,en,ko,mrr,0.05378630392113151,1024,2048,metric,,,,
Qwen/Qwen2.5-0.5B,12,0.5,mean,remove_random,0,en,ja,r1,0.083984375,1024,2048,metric,,,,
Qwen/Qwen2.5-0.5B,12,0.5,mean,remove_random,0,en,ja,mrr,0.12040366976426167,1024,2048,metric,,,,
Qwen/Qwen2.5-0.5B,12,0.5,mean,remove_random,0,en,zh,r1,0.8359375,1024,2048,metric,,,,
Qwen/Qwen2.5-0.5B,12,0.5,mean,remove_random,0,en,zh,mrr,0.8553295190940446,1024,2048,metric,,,,
Qwen/Qwen2.5-0.5B,12,0.5,mean,remove_random,0,ko,en,r1,0.68359375,1024,2048,metric,,,,
Qwen/Qwen2.5-0.5B,12,0.5,mean,remove_random,0,ko,en,mrr,0.768294774868798,1024,2048,metric,,,,
Qwen/Qwen2.5-0.5B,12,0.5,mean,remove_random,0,ko,ja,r1,0.849609375,1024,2048,metric,,,,
Qwen/Qwen2.5-0.5B,12,0.5,mean,remove_random,0,ko,ja,mrr,0.8802338392472858,1024,2048,metric,,,,
Qwen/Qwen2.5-0.5B,12,0.5,mean,remove_random,0,ko,zh,r1,0.5234375,1024,2048,metric,,,,
Qwen/Qwen2.5-0.5B,12,0.5,mean,remove_random,0,ko,zh,mrr,0.6173732444989541,1024,2048,metric,,,,
Qwen/Qwen2.5-0.5B,12,0.5,mean,remove_random,0,ja,en,r1,0.8203125,1024,2048,metric,,,,
Qwen/Qwen2.5-0.5B,12,0.5,mean,remove_random,0,ja,en,mrr,0.870861183686291,1024,2048,metric,,,,
Qwen/Qwen2.5-0.5B,12,0.5,mean,remove_random,0,ja,ko,r1,0.67578125,1024,2048,metric,,,,
Qwen/Qwen2.5-0.5B,12,0.5,mean,remove_random,0,ja,ko,mrr,0.7152432632568408,1024,2048,metric,,,,
Qwen/Qwen2.5-0.5B,12,0.5,mean,remove_random,0,ja,zh,r1,0.751953125,1024,2048,metric,,,,
Qwen/Qwen2.5-0.5B,12,0.5,mean,remove_random,0,ja,zh,mrr,0.8081915034647592,1024,2048,metric,,,,
Qwen/Qwen2.5-0.5B,12,0.5,mean,remove_random,0,zh,en,r1,0.837890625,1024,2048,metric,,,,
Qwen/Qwen2.5-0.5B,12,0.5,mean,remove_random,0,zh,en,mrr,0.8718464363865452,1024,2048,metric,,,,
Qwen/Qwen2.5-0.5B,12,0.5,mean,remove_random,0,zh,ko,r1,0.05078125,1024,2048,metric,,,,
Qwen/Qwen2.5-0.5B,12,0.5,mean,remove_random,0,zh,ko,mrr,0.09271153378197772,1024,2048,metric,,,,
Qwen/Qwen2.5-0.5B,12,0.5,mean,remove_random,0,zh,ja,r1,0.16015625,1024,2048,metric,,,,
Qwen/Qwen2.5-0.5B,12,0.5,mean,remove_random,0,zh,ja,mrr,0.2108669626096475,1024,2048,metric,,,,
Qwen/Qwen2.5-0.5B,13,0.5416666666666666,mean,remove_random,0,en,ko,r1,0.0234375,1024,2048,metric,,,,
Qwen/Qwen2.5-0.5B,13,0.5416666666666666,mean,remove_random,0,en,ko,mrr,0.0516600436924087,1024,2048,metric,,,,
Qwen/Qwen2.5-0.5B,13,0.5416666666666666,mean,remove_random,0,en,ja,r1,0.076171875,1024,2048,metric,,,,
Qwen/Qwen2.5-0.5B,13,0.5416666666666666,mean,remove_random,0,en,ja,mrr,0.11585810658479911,1024,2048,metric,,,,
Qwen/Qwen2.5-0.5B,13,0.5416666666666666,mean,remove_random,0,en,zh,r1,0.82421875,1024,2048,metric,,,,
Qwen/Qwen2.5-0.5B,13,0.5416666666666666,mean,remove_random,0,en,zh,mrr,0.8493145921541085,1024,2048,metric,,,,
Qwen/Qwen2.5-0.5B,13,0.5416666666666666,mean,remove_random,0,ko,en,r1,0.66796875,1024,2048,metric,,,,
Qwen/Qwen2.5-0.5B,13,0.5416666666666666,mean,remove_random,0,ko,en,mrr,0.7581611606516204,1024,2048,metric,,,,
Qwen/Qwen2.5-0.5B,13,0.5416666666666666,mean,remove_random,0,ko,ja,r1,0.841796875,1024,2048,metric,,,,
Qwen/Qwen2.5-0.5B,13,0.5416666666666666,mean,remove_random,0,ko,ja,mrr,0.8754617947840198,1024,2048,metric,,,,
Qwen/Qwen2.5-0.5B,13,0.5416666666666666,mean,remove_random,0,ko,zh,r1,0.515625,1024,2048,metric,,,,
Qwen/Qwen2.5-0.5B,13,0.5416666666666666,mean,remove_random,0,ko,zh,mrr,0.6088645268735124,1024,2048,metric,,,,
Qwen/Qwen2.5-0.5B,13,0.5416666666666666,mean,remove_random,0,ja,en,r1,0.798828125,1024,2048,metric,,,,
Qwen/Qwen2.5-0.5B,13,0.5416666666666666,mean,remove_random,0,ja,en,mrr,0.8531919091594649,1024,2048,metric,,,,
Qwen/Qwen2.5-0.5B,13,0.5416666666666666,mean,remove_random,0,ja,ko,r1,0.6796875,1024,2048,metric,,,,
Qwen/Qwen2.5-0.5B,13,0.5416666666666666,mean,remove_random,0,ja,ko,mrr,0.7256401657005169,1024,2048,metric,,,,
Qwen/Qwen2.5-0.5B,13,0.5416666666666666,mean,remove_random,0,ja,zh,r1,0.7265625,1024,2048,metric,,,,
Qwen/Qwen2.5-0.5B,13,0.5416666666666666,mean,remove_random,0,ja,zh,mrr,0.7861874892383924,1024,2048,metric,,,,
Qwen/Qwen2.5-0.5B,13,0.5416666666666666,mean,remove_random,0,zh,en,r1,0.84375,1024,2048,metric,,,,
Qwen/Qwen2.5-0.5B,13,0.5416666666666666,mean,remove_random,0,zh,en,mrr,0.8727541755221894,1024,2048,metric,,,,
Qwen/Qwen2.5-0.5B,13,0.5416666666666666,mean,remove_random,0,zh,ko,r1,0.0546875,1024,2048,metric,,,,
Qwen/Qwen2.5-0.5B,13,0.5416666666666666,mean,remove_random,0,zh,ko,mrr,0.0979032591031581,1024,2048,metric,,,,
Qwen/Qwen2.5-0.5B,13,0.5416666666666666,mean,remove_random,0,zh,ja,r1,0.146484375,1024,2048,metric,,,,
Qwen/Qwen2.5-0.5B,13,0.5416666666666666,mean,remove_random,0,zh,ja,mrr,0.20205944582159163,1024,2048,metric,,,,
Qwen/Qwen2.5-0.5B,14,0.5833333333333334,mean,remove_random,0,en,ko,r1,0.0234375,1024,2048,metric,,,,
Qwen/Qwen2.5-0.5B,14,0.5833333333333334,mean,remove_random,0,en,ko,mrr,0.05049959836539339,1024,2048,metric,,,,
Qwen/Qwen2.5-0.5B,14,0.5833333333333334,mean,remove_random,0,en,ja,r1,0.0703125,1024,2048,metric,,,,
Qwen/Qwen2.5-0.5B,14,0.5833333333333334,mean,remove_random,0,en,ja,mrr,0.11081368650056286,1024,2048,metric,,,,
Qwen/Qwen2.5-0.5B,14,0.5833333333333334,mean,remove_random,0,en,zh,r1,0.822265625,1024,2048,metric,,,,
Qwen/Qwen2.5-0.5B,14,0.5833333333333334,mean,remove_random,0,en,zh,mrr,0.8480587676318869,1024,2048,metric,,,,
Qwen/Qwen2.5-0.5B,14,0.5833333333333334,mean,remove_random,0,ko,en,r1,0.6640625,1024,2048,metric,,,,
Qwen/Qwen2.5-0.5B,14,0.5833333333333334,mean,remove_random,0,ko,en,mrr,0.7508789287270021,1024,2048,metric,,,,
Qwen/Qwen2.5-0.5B,14,0.5833333333333334,mean,remove_random,0,ko,ja,r1,0.826171875,1024,2048,metric,,,,
Qwen/Qwen2.5-0.5B,14,0.5833333333333334,mean,remove_random,0,ko,ja,mrr,0.8677008490147142,1024,2048,metric,,,,
Qwen/Qwen2.5-0.5B,14,0.5833333333333334,mean,remove_random,0,ko,zh,r1,0.490234375,1024,2048,metric,,,,
Qwen/Qwen2.5-0.5B,14,0.5833333333333334,mean,remove_random,0,ko,zh,mrr,0.5803647273158294,1024,2048,metric,,,,
Qwen/Qwen2.5-0.5B,14,0.5833333333333334,mean,remove_random,0,ja,en,r1,0.78515625,1024,2048,metric,,,,
Qwen/Qwen2.5-0.5B,14,0.5833333333333334,mean,remove_random,0,ja,en,mrr,0.8427314484953261,1024,2048,metric,,,,
Qwen/Qwen2.5-0.5B,14,0.5833333333333334,mean,remove_random,0,ja,ko,r1,0.677734375,1024,2048,metric,,,,
Qwen/Qwen2.5-0.5B,14,0.5833333333333334,mean,remove_random,0,ja,ko,mrr,0.7231438246076503,1024,2048,metric,,,,
Qwen/Qwen2.5-0.5B,14,0.5833333333333334,mean,remove_random,0,ja,zh,r1,0.697265625,1024,2048,metric,,,,
Qwen/Qwen2.5-0.5B,14,0.5833333333333334,mean,remove_random,0,ja,zh,mrr,0.7596424248307045,1024,2048,metric,,,,
Qwen/Qwen2.5-0.5B,14,0.5833333333333334,mean,remove_random,0,zh,en,r1,0.82421875,1024,2048,metric,,,,
Qwen/Qwen2.5-0.5B,14,0.5833333333333334,mean,remove_random,0,zh,en,mrr,0.8575546909970476,1024,2048,metric,,,,
Qwen/Qwen2.5-0.5B,14,0.5833333333333334,mean,remove_random,0,zh,ko,r1,0.05859375,1024,2048,metric,,,,
Qwen/Qwen2.5-0.5B,14,0.5833333333333334,mean,remove_random,0,zh,ko,mrr,0.0989142046432465,1024,2048,metric,,,,
Qwen/Qwen2.5-0.5B,14,0.5833333333333334,mean,remove_random,0,zh,ja,r1,0.142578125,1024,2048,metric,,,,
Qwen/Qwen2.5-0.5B,14,0.5833333333333334,mean,remove_random,0,zh,ja,mrr,0.1954461782108882,1024,2048,metric,,,,
Qwen/Qwen2.5-0.5B,15,0.625,mean,remove_random,0,en,ko,r1,0.033203125,1024,2048,metric,,,,
Qwen/Qwen2.5-0.5B,15,0.625,mean,remove_random,0,en,ko,mrr,0.06297959795262141,1024,2048,metric,,,,
Qwen/Qwen2.5-0.5B,15,0.625,mean,remove_random,0,en,ja,r1,0.11328125,1024,2048,metric,,,,
Qwen/Qwen2.5-0.5B,15,0.625,mean,remove_random,0,en,ja,mrr,0.16240810212969314,1024,2048,metric,,,,
Qwen/Qwen2.5-0.5B,15,0.625,mean,remove_random,0,en,zh,r1,0.853515625,1024,2048,metric,,,,
Qwen/Qwen2.5-0.5B,15,0.625,mean,remove_random,0,en,zh,mrr,0.8756055228219735,1024,2048,metric,,,,
Qwen/Qwen2.5-0.5B,15,0.625,mean,remove_random,0,ko,en,r1,0.765625,1024,2048,metric,,,,
Qwen/Qwen2.5-0.5B,15,0.625,mean,remove_random,0,ko,en,mrr,0.8326757526939333,1024,2048,metric,,,,
Qwen/Qwen2.5-0.5B,15,0.625,mean,remove_random,0,ko,ja,r1,0.873046875,1024,2048,metric,,,,
Qwen/Qwen2.5-0.5B,15,0.625,mean,remove_random,0,ko,ja,mrr,0.900606708495266,1024,2048,metric,,,,
Qwen/Qwen2.5-0.5B,15,0.625,mean,remove_random,0,ko,zh,r1,0.61328125,1024,2048,metric,,,,
Qwen/Qwen2.5-0.5B,15,0.625,mean,remove_random,0,ko,zh,mrr,0.6938743074941258,1024,2048,metric,,,,
Qwen/Qwen2.5-0.5B,15,0.625,mean,remove_random,0,ja,en,r1,0.85546875,1024,2048,metric,,,,
Qwen/Qwen2.5-0.5B,15,0.625,mean,remove_random,0,ja,en,mrr,0.8987116752093913,1024,2048,metric,,,,
Qwen/Qwen2.5-0.5B,15,0.625,mean,remove_random,0,ja,ko,r1,0.740234375,1024,2048,metric,,,,
Qwen/Qwen2.5-0.5B,15,0.625,mean,remove_random,0,ja,ko,mrr,0.7808422842668206,1024,2048,metric,,,,
Qwen/Qwen2.5-0.5B,15,0.625,mean,remove_random,0,ja,zh,r1,0.80078125,1024,2048,metric,,,,
Qwen/Qwen2.5-0.5B,15,0.625,mean,remove_random,0,ja,zh,mrr,0.8509547571752645,1024,2048,metric,,,,
Qwen/Qwen2.5-0.5B,15,0.625,mean,remove_random,0,zh,en,r1,0.869140625,1024,2048,metric,,,,
Qwen/Qwen2.5-0.5B,15,0.625,mean,remove_random,0,zh,en,mrr,0.8991926648306173,1024,2048,metric,,,,
Qwen/Qwen2.5-0.5B,15,0.625,mean,remove_random,0,zh,ko,r1,0.080078125,1024,2048,metric,,,,
Qwen/Qwen2.5-0.5B,15,0.625,mean,remove_random,0,zh,ko,mrr,0.12733825604784937,1024,2048,metric,,,,
Qwen/Qwen2.5-0.5B,15,0.625,mean,remove_random,0,zh,ja,r1,0.212890625,1024,2048,metric,,,,
Qwen/Qwen2.5-0.5B,15,0.625,mean,remove_random,0,zh,ja,mrr,0.27047236570401634,1024,2048,metric,,,,
Qwen/Qwen2.5-0.5B,16,0.6666666666666666,mean,remove_random,0,en,ko,r1,0.033203125,1024,2048,metric,,,,
Qwen/Qwen2.5-0.5B,16,0.6666666666666666,mean,remove_random,0,en,ko,mrr,0.05870430801132885,1024,2048,metric,,,,
Qwen/Qwen2.5-0.5B,16,0.6666666666666666,mean,remove_random,0,en,ja,r1,0.103515625,1024,2048,metric,,,,
Qwen/Qwen2.5-0.5B,16,0.6666666666666666,mean,remove_random,0,en,ja,mrr,0.15057359943662857,1024,2048,metric,,,,
Qwen/Qwen2.5-0.5B,16,0.6666666666666666,mean,remove_random,0,en,zh,r1,0.828125,1024,2048,metric,,,,
Qwen/Qwen2.5-0.5B,16,0.6666666666666666,mean,remove_random,0,en,zh,mrr,0.8550671087779036,1024,2048,metric,,,,
Qwen/Qwen2.5-0.5B,16,0.6666666666666666,mean,remove_random,0,ko,en,r1,0.54296875,1024,2048,metric,,,,
Qwen/Qwen2.5-0.5B,16,0.6666666666666666,mean,remove_random,0,ko,en,mrr,0.6479772206311651,1024,2048,metric,,,,
Qwen/Qwen2.5-0.5B,16,0.6666666666666666,mean,remove_random,0,ko,ja,r1,0.80859375,1024,2048,metric,,,,
Qwen/Qwen2.5-0.5B,16,0.6666666666666666,mean,remove_random,0,ko,ja,mrr,0.8542158068219743,1024,2048,metric,,,,
Qwen/Qwen2.5-0.5B,16,0.6666666666666666,mean,remove_random,0,ko,zh,r1,0.453125,1024,2048,metric,,,,
Qwen/Qwen2.5-0.5B,16,0.6666666666666666,mean,remove_random,0,ko,zh,mrr,0.5384275886001935,1024,2048,metric,,,,
Qwen/Qwen2.5-0.5B,16,0.6666666666666666,mean,remove_random,0,ja,en,r1,0.71875,1024,2048,metric,,,,
Qwen/Qwen2.5-0.5B,16,0.6666666666666666,mean,remove_random,0,ja,en,mrr,0.793288850061436,1024,2048,metric,,,,
Qwen/Qwen2.5-0.5B,16,0.6666666666666666,mean,remove_random,0,ja,ko,r1,0.689453125,1024,2048,metric,,,,
Qwen/Qwen2.5-0.5B,16,0.6666666666666666,mean,remove_random,0,ja,ko,mrr,0.7357484107960851,1024,2048,metric,,,,
Qwen/Qwen2.5-0.5B,16,0.6666666666666666,mean,remove_random,0,ja,zh,r1,0.6796875,1024,2048,metric,,,,
Qwen/Qwen2.5-0.5B,16,0.6666666666666666,mean,remove_random,0,ja,zh,mrr,0.7408909389785037,1024,2048,metric,,,,
Qwen/Qwen2.5-0.5B,16,0.6666666666666666,mean,remove_random,0,zh,en,r1,0.8203125,1024,2048,metric,,,,
Qwen/Qwen2.5-0.5B,16,0.6666666666666666,mean,remove_random,0,zh,en,mrr,0.8582121492162899,1024,2048,metric,,,,
Qwen/Qwen2.5-0.5B,16,0.6666666666666666,mean,remove_random,0,zh,ko,r1,0.08203125,1024,2048,metric,,,,
Qwen/Qwen2.5-0.5B,16,0.6666666666666666,mean,remove_random,0,zh,ko,mrr,0.11998647206481514,1024,2048,metric,,,,
Qwen/Qwen2.5-0.5B,16,0.6666666666666666,mean,remove_random,0,zh,ja,r1,0.1953125,1024,2048,metric,,,,
Qwen/Qwen2.5-0.5B,16,0.6666666666666666,mean,remove_random,0,zh,ja,mrr,0.24816424088425232,1024,2048,metric,,,,
Qwen/Qwen2.5-0.5B,17,0.7083333333333334,mean,remove_random,0,en,ko,r1,0.04296875,1024,2048,metric,,,,
Qwen/Qwen2.5-0.5B,17,0.7083333333333334,mean,remove_random,0,en,ko,mrr,0.07779518595725063,1024,2048,metric,,,,
Qwen/Qwen2.5-0.5B,17,0.7083333333333334,mean,remove_random,0,en,ja,r1,0.12109375,1024,2048,metric,,,,
Qwen/Qwen2.5-0.5B,17,0.7083333333333334,mean,remove_random,0,en,ja,mrr,0.17432848234582385,1024,2048,metric,,,,
Qwen/Qwen2.5-0.5B,17,0.7083333333333334,mean,remove_random,0,en,zh,r1,0.830078125,1024,2048,metric,,,,
Qwen/Qwen2.5-0.5B,17,0.7083333333333334,mean,remove_random,0,en,zh,mrr,0.8560318150461333,1024,2048,metric,,,,
Qwen/Qwen2.5-0.5B,17,0.7083333333333334,mean,remove_random,0,ko,en,r1,0.7421875,1024,2048,metric,,,,
Qwen/Qwen2.5-0.5B,17,0.7083333333333334,mean,remove_random,0,ko,en,mrr,0.8073931980163365,1024,2048,metric,,,,
Qwen/Qwen2.5-0.5B,17,0.7083333333333334,mean,remove_random,0,ko,ja,r1,0.853515625,1024,2048,metric,,,,
Qwen/Qwen2.5-0.5B,17,0.7083333333333334,mean,remove_random,0,ko,ja,mrr,0.8845058990114286,1024,2048,metric,,,,
Qwen/Qwen2.5-0.5B,17,0.7083333333333334,mean,remove_random,0,ko,zh,r1,0.623046875,1024,2048,metric,,,,
Qwen/Qwen2.5-0.5B,17,0.7083333333333334,mean,remove_random,0,ko,zh,mrr,0.6979375397794263,1024,2048,metric,,,,
Qwen/Qwen2.5-0.5B,17,0.7083333333333334,mean,remove_random,0,ja,en,r1,0.833984375,1024,2048,metric,,,,
Qwen/Qwen2.5-0.5B,17,0.7083333333333334,mean,remove_random,0,ja,en,mrr,0.8794876667163776,1024,2048,metric,,,,
Qwen/Qwen2.5-0.5B,17,0.7083333333333334,mean,remove_random,0,ja,ko,r1,0.697265625,1024,2048,metric,,,,
Qwen/Qwen2.5-0.5B,17,0.7083333333333334,mean,remove_random,0,ja,ko,mrr,0.749332717991612,1024,2048,metric,,,,
Qwen/Qwen2.5-0.5B,17,0.7083333333333334,mean,remove_random,0,ja,zh,r1,0.80078125,1024,2048,metric,,,,
Qwen/Qwen2.5-0.5B,17,0.7083333333333334,mean,remove_random,0,ja,zh,mrr,0.8432190000102493,1024,2048,metric,,,,
Qwen/Qwen2.5-0.5B,17,0.7083333333333334,mean,remove_random,0,zh,en,r1,0.814453125,1024,2048,metric,,,,
Qwen/Qwen2.5-0.5B,17,0.7083333333333334,mean,remove_random,0,zh,en,mrr,0.8528440596152798,1024,2048,metric,,,,
Qwen/Qwen2.5-0.5B,17,0.7083333333333334,mean,remove_random,0,zh,ko,r1,0.095703125,1024,2048,metric,,,,
Qwen/Qwen2.5-0.5B,17,0.7083333333333334,mean,remove_random,0,zh,ko,mrr,0.14036681971879725,1024,2048,metric,,,,
Qwen/Qwen2.5-0.5B,17,0.7083333333333334,mean,remove_random,0,zh,ja,r1,0.208984375,1024,2048,metric,,,,
Qwen/Qwen2.5-0.5B,17,0.7083333333333334,mean,remove_random,0,zh,ja,mrr,0.2765344478273132,1024,2048,metric,,,,
Qwen/Qwen2.5-0.5B,18,0.75,mean,remove_random,0,en,ko,r1,0.009765625,1024,2048,metric,,,,
Qwen/Qwen2.5-0.5B,18,0.75,mean,remove_random,0,en,ko,mrr,0.034140050395012805,1024,2048,metric,,,,
Qwen/Qwen2.5-0.5B,18,0.75,mean,remove_random,0,en,ja,r1,0.01953125,1024,2048,metric,,,,
Qwen/Qwen2.5-0.5B,18,0.75,mean,remove_random,0,en,ja,mrr,0.05150145221367609,1024,2048,metric,,,,
Qwen/Qwen2.5-0.5B,18,0.75,mean,remove_random,0,en,zh,r1,0.716796875,1024,2048,metric,,,,
Qwen/Qwen2.5-0.5B,18,0.75,mean,remove_random,0,en,zh,mrr,0.7543393740750732,1024,2048,metric,,,,
Qwen/Qwen2.5-0.5B,18,0.75,mean,remove_random,0,ko,en,r1,0.611328125,1024,2048,metric,,,,
Qwen/Qwen2.5-0.5B,18,0.75,mean,remove_random,0,ko,en,mrr,0.7010961719474786,1024,2048,metric,,,,
Qwen/Qwen2.5-0.5B,18,0.75,mean,remove_random,0,ko,ja,r1,0.80859375,1024,2048,metric,,,,
Qwen/Qwen2.5-0.5B,18,0.75,mean,remove_random,0,ko,ja,mrr,0.8460566350121972,1024,2048,metric,,,,
Qwen/Qwen2.5-0.5B,18,0.75,mean,remove_random,0,ko,zh,r1,0.53125,1024,2048,metric,,,,
Qwen/Qwen2.5-0.5B,18,0.75,mean,remove_random,0,ko,zh,mrr,0.629535572822155,1024,2048,metric,,,,
Qwen/Qwen2.5-0.5B,18,0.75,mean,remove_random,0,ja,en,r1,0.708984375,1024,2048,metric,,,,
Qwen/Qwen2.5-0.5B,18,0.75,mean,remove_random,0,ja,en,mrr,0.7882852033285355,1024,2048,metric,,,,
Qwen/Qwen2.5-0.5B,18,0.75,mean,remove_random,0,ja,ko,r1,0.65234375,1024,2048,metric,,,,
Qwen/Qwen2.5-0.5B,18,0.75,mean,remove_random,0,ja,ko,mrr,0.7072388170615141,1024,2048,metric,,,,
Qwen/Qwen2.5-0.5B,18,0.75,mean,remove_random,0,ja,zh,r1,0.697265625,1024,2048,metric,,,,
Qwen/Qwen2.5-0.5B,18,0.75,mean,remove_random,0,ja,zh,mrr,0.7682086339347879,1024,2048,metric,,,,
Qwen/Qwen2.5-0.5B,18,0.75,mean,remove_random,0,zh,en,r1,0.78125,1024,2048,metric,,,,
Qwen/Qwen2.5-0.5B,18,0.75,mean,remove_random,0,zh,en,mrr,0.8234887867233898,1024,2048,metric,,,,
Qwen/Qwen2.5-0.5B,18,0.75,mean,remove_random,0,zh,ko,r1,0.041015625,1024,2048,metric,,,,
Qwen/Qwen2.5-0.5B,18,0.75,mean,remove_random,0,zh,ko,mrr,0.07328507946274201,1024,2048,metric,,,,
Qwen/Qwen2.5-0.5B,18,0.75,mean,remove_random,0,zh,ja,r1,0.060546875,1024,2048,metric,,,,
Qwen/Qwen2.5-0.5B,18,0.75,mean,remove_random,0,zh,ja,mrr,0.10179465812090438,1024,2048,metric,,,,
Qwen/Qwen2.5-0.5B,19,0.7916666666666666,mean,remove_random,0,en,ko,r1,0.0078125,1024,2048,metric,,,,
Qwen/Qwen2.5-0.5B,19,0.7916666666666666,mean,remove_random,0,en,ko,mrr,0.030764626925829826,1024,2048,metric,,,,
Qwen/Qwen2.5-0.5B,19,0.7916666666666666,mean,remove_random,0,en,ja,r1,0.0234375,1024,2048,metric,,,,
Qwen/Qwen2.5-0.5B,19,0.7916666666666666,mean,remove_random,0,en,ja,mrr,0.05334146684082846,1024,2048,metric,,,,
Qwen/Qwen2.5-0.5B,19,0.7916666666666666,mean,remove_random,0,en,zh,r1,0.72265625,1024,2048,metric,,,,
Qwen/Qwen2.5-0.5B,19,0.7916666666666666,mean,remove_random,0,en,zh,mrr,0.76017380910568,1024,2048,metric,,,,
Qwen/Qwen2.5-0.5B,19,0.7916666666666666,mean,remove_random,0,ko,en,r1,0.658203125,1024,2048,metric,,,,
Qwen/Qwen2.5-0.5B,19,0.7916666666666666,mean,remove_random,0,ko,en,mrr,0.7469090923979904,1024,2048,metric,,,,
Qwen/Qwen2.5-0.5B,19,0.7916666666666666,mean,remove_random,0,ko,ja,r1,0.7265625,1024,2048,metric,,,,
Qwen/Qwen2.5-0.5B,19,0.7916666666666666,mean,remove_random,0,ko,ja,mrr,0.7775122796057604,1024,2048,metric,,,,
Qwen/Qwen2.5-0.5B,19,0.7916666666666666,mean,remove_random,0,ko,zh,r1,0.65234375,1024,2048,metric,,,,
Qwen/Qwen2.5-0.5B,19,0.7916666666666666,mean,remove_random,0,ko,zh,mrr,0.7368167520694884,1024,2048,metric,,,,
Qwen/Qwen2.5-0.5B,19,0.7916666666666666,mean,remove_random,0,ja,en,r1,0.71484375,1024,2048,metric,,,,
Qwen/Qwen2.5-0.5B,19,0.7916666666666666,mean,remove_random,0,ja,en,mrr,0.7899357690164379,1024,2048,metric,,,,
Qwen/Qwen2.5-0.5B,19,0.7916666666666666,mean,remove_random,0,ja,ko,r1,0.515625,1024,2048,metric,,,,
Qwen/Qwen2.5-0.5B,19,0.7916666666666666,mean,remove_random,0,ja,ko,mrr,0.6036893593546735,1024,2048,metric,,,,
Qwen/Qwen2.5-0.5B,19,0.7916666666666666,mean,remove_random,0,ja,zh,r1,0.7265625,1024,2048,metric,,,,
Qwen/Qwen2.5-0.5B,19,0.7916666666666666,mean,remove_random,0,ja,zh,mrr,0.7962195788384485,1024,2048,metric,,,,
Qwen/Qwen2.5-0.5B,19,0.7916666666666666,mean,remove_random,0,zh,en,r1,0.826171875,1024,2048,metric,,,,
Qwen/Qwen2.5-0.5B,19,0.7916666666666666,mean,remove_random,0,zh,en,mrr,0.8593124525968339,1024,2048,metric,,,,
Qwen/Qwen2.5-0.5B,19,0.7916666666666666,mean,remove_random,0,zh,ko,r1,0.033203125,1024,2048,metric,,,,
Qwen/Qwen2.5-0.5B,19,0.7916666666666666,mean,remove_random,0,zh,ko,mrr,0.06255045366616807,1024,2048,metric,,,,
Qwen/Qwen2.5-0.5B,19,0.7916666666666666,mean,remove_random,0,zh,ja,r1,0.0625,1024,2048,metric,,,,
Qwen/Qwen2.5-0.5B,19,0.7916666666666666,mean,remove_random,0,zh,ja,mrr,0.10505861505480277,1024,2048,metric,,,,
Qwen/Qwen2.5-0.5B,20,0.8333333333333334,mean,remove_random,0,en,ko,r1,0.005859375,1024,2048,metric,,,,
Qwen/Qwen2.5-0.5B,20,0.8333333333333334,mean,remove_random,0,en,ko,mrr,0.027200471149611785,1024,2048,metric,,,,
Qwen/Qwen2.5-0.5B,20,0.8333333333333334,mean,remove_random,0,en,ja,r1,0.02734375,1024,2048,metric,,,,
Qwen/Qwen2.5-0.5B,20,0.8333333333333334,mean,remove_random,0,en,ja,mrr,0.058770641812524026,1024,2048,metric,,,,
Qwen/Qwen2.5-0.5B,20,0.8333333333333334,mean,remove_random,0,en,zh,r1,0.728515625,1024,2048,metric,,,,
Qwen/Qwen2.5-0.5B,20,0.8333333333333334,mean,remove_random,0,en,zh,mrr,0.7708390871107296,1024,2048,metric,,,,
Qwen/Qwen2.5-0.5B,20,0.8333333333333334,mean,remove_random,0,ko,en,r1,0.6015625,1024,2048,metric,,,,
Qwen/Qwen2.5-0.5B,20,0.8333333333333334,mean,remove_random,0,ko,en,mrr,0.6902894172687838,1024,2048,metric,,,,
Qwen/Qwen2.5-0.5B,20,0.8333333333333334,mean,remove_random,0,ko,ja,r1,0.74609375,1024,2048,metric,,,,
Qwen/Qwen2.5-0.5B,20,0.8333333333333334,mean,remove_random,0,ko,ja,mrr,0.7961667885347828,1024,2048,metric,,,,
Qwen/Qwen2.5-0.5B,20,0.8333333333333334,mean,remove_random,0,ko,zh,r1,0.59765625,1024,2048,metric,,,,
Qwen/Qwen2.5-0.5B,20,0.8333333333333334,mean,remove_random,0,ko,zh,mrr,0.695820637474915,1024,2048,metric,,,,
Qwen/Qwen2.5-0.5B,20,0.8333333333333334,mean,remove_random,0,ja,en,r1,0.6640625,1024,2048,metric,,,,
Qwen/Qwen2.5-0.5B,20,0.8333333333333334,mean,remove_random,0,ja,en,mrr,0.7419604464557217,1024,2048,metric,,,,
Qwen/Qwen2.5-0.5B,20,0.8333333333333334,mean,remove_random,0,ja,ko,r1,0.390625,1024,2048,metric,,,,
Qwen/Qwen2.5-0.5B,20,0.8333333333333334,mean,remove_random,0,ja,ko,mrr,0.47657885692695817,1024,2048,metric,,,,
Qwen/Qwen2.5-0.5B,20,0.8333333333333334,mean,remove_random,0,ja,zh,r1,0.689453125,1024,2048,metric,,,,
Qwen/Qwen2.5-0.5B,20,0.8333333333333334,mean,remove_random,0,ja,zh,mrr,0.7500692355197023,1024,2048,metric,,,,
Qwen/Qwen2.5-0.5B,20,0.8333333333333334,mean,remove_random,0,zh,en,r1,0.837890625,1024,2048,metric,,,,
Qwen/Qwen2.5-0.5B,20,0.8333333333333334,mean,remove_random,0,zh,en,mrr,0.8723030427674554,1024,2048,metric,,,,
Qwen/Qwen2.5-0.5B,20,0.8333333333333334,mean,remove_random,0,zh,ko,r1,0.017578125,1024,2048,metric,,,,
Qwen/Qwen2.5-0.5B,20,0.8333333333333334,mean,remove_random,0,zh,ko,mrr,0.04475787615717812,1024,2048,metric,,,,
Qwen/Qwen2.5-0.5B,20,0.8333333333333334,mean,remove_random,0,zh,ja,r1,0.0703125,1024,2048,metric,,,,
Qwen/Qwen2.5-0.5B,20,0.8333333333333334,mean,remove_random,0,zh,ja,mrr,0.11757676281544434,1024,2048,metric,,,,
Qwen/Qwen2.5-0.5B,21,0.875,mean,remove_random,0,en,ko,r1,0.009765625,1024,2048,metric,,,,
Qwen/Qwen2.5-0.5B,21,0.875,mean,remove_random,0,en,ko,mrr,0.03542732208587841,1024,2048,metric,,,,
Qwen/Qwen2.5-0.5B,21,0.875,mean,remove_random,0,en,ja,r1,0.01953125,1024,2048,metric,,,,
Qwen/Qwen2.5-0.5B,21,0.875,mean,remove_random,0,en,ja,mrr,0.050963051977370374,1024,2048,metric,,,,
Qwen/Qwen2.5-0.5B,21,0.875,mean,remove_random,0,en,zh,r1,0.802734375,1024,2048,metric,,,,
Qwen/Qwen2.5-0.5B,21,0.875,mean,remove_random,0,en,zh,mrr,0.8447093992977276,1024,2048,metric,,,,
Qwen/Qwen2.5-0.5B,21,0.875,mean,remove_random,0,ko,en,r1,0.34375,1024,2048,metric,,,,
Qwen/Qwen2.5-0.5B,21,0.875,mean,remove_random,0,ko,en,mrr,0.4509236476132718,1024,2048,metric,,,,
Qwen/Qwen2.5-0.5B,21,0.875,mean,remove_random,0,ko,ja,r1,0.365234375,1024,2048,metric,,,,
Qwen/Qwen2.5-0.5B,21,0.875,mean,remove_random,0,ko,ja,mrr,0.4934269097934969,1024,2048,metric,,,,
Qwen/Qwen2.5-0.5B,21,0.875,mean,remove_random,0,ko,zh,r1,0.359375,1024,2048,metric,,,,
Qwen/Qwen2.5-0.5B,21,0.875,mean,remove_random,0,ko,zh,mrr,0.4686486817214332,1024,2048,metric,,,,
Qwen/Qwen2.5-0.5B,21,0.875,mean,remove_random,0,ja,en,r1,0.6328125,1024,2048,metric,,,,
Qwen/Qwen2.5-0.5B,21,0.875,mean,remove_random,0,ja,en,mrr,0.7215056073618933,1024,2048,metric,,,,
Qwen/Qwen2.5-0.5B,21,0.875,mean,remove_random,0,ja,ko,r1,0.46484375,1024,2048,metric,,,,
Qwen/Qwen2.5-0.5B,21,0.875,mean,remove_random,0,ja,ko,mrr,0.5409494804845332,1024,2048,metric,,,,
Qwen/Qwen2.5-0.5B,21,0.875,mean,remove_random,0,ja,zh,r1,0.681640625,1024,2048,metric,,,,
Qwen/Qwen2.5-0.5B,21,0.875,mean,remove_random,0,ja,zh,mrr,0.7560078062938701,1024,2048,metric,,,,
Qwen/Qwen2.5-0.5B,21,0.875,mean,remove_random,0,zh,en,r1,0.84765625,1024,2048,metric,,,,
Qwen/Qwen2.5-0.5B,21,0.875,mean,remove_random,0,zh,en,mrr,0.8821801101533255,1024,2048,metric,,,,
Qwen/Qwen2.5-0.5B,21,0.875,mean,remove_random,0,zh,ko,r1,0.0390625,1024,2048,metric,,,,
Qwen/Qwen2.5-0.5B,21,0.875,mean,remove_random,0,zh,ko,mrr,0.07335336141093789,1024,2048,metric,,,,
Qwen/Qwen2.5-0.5B,21,0.875,mean,remove_random,0,zh,ja,r1,0.0546875,1024,2048,metric,,,,
Qwen/Qwen2.5-0.5B,21,0.875,mean,remove_random,0,zh,ja,mrr,0.09783257058691844,1024,2048,metric,,,,
Qwen/Qwen2.5-0.5B,22,0.9166666666666666,mean,remove_random,0,en,ko,r1,0.37890625,1024,2048,metric,,,,
Qwen/Qwen2.5-0.5B,22,0.9166666666666666,mean,remove_random,0,en,ko,mrr,0.5348647270707051,1024,2048,metric,,,,
Qwen/Qwen2.5-0.5B,22,0.9166666666666666,mean,remove_random,0,en,ja,r1,0.080078125,1024,2048,metric,,,,
Qwen/Qwen2.5-0.5B,22,0.9166666666666666,mean,remove_random,0,en,ja,mrr,0.25176951661250285,1024,2048,metric,,,,
Qwen/Qwen2.5-0.5B,22,0.9166666666666666,mean,remove_random,0,en,zh,r1,0.953125,1024,2048,metric,,,,
Qwen/Qwen2.5-0.5B,22,0.9166666666666666,mean,remove_random,0,en,zh,mrr,0.9707906568258131,1024,2048,metric,,,,
Qwen/Qwen2.5-0.5B,22,0.9166666666666666,mean,remove_random,0,ko,en,r1,0.3359375,1024,2048,metric,,,,
Qwen/Qwen2.5-0.5B,22,0.9166666666666666,mean,remove_random,0,ko,en,mrr,0.4485374229848964,1024,2048,metric,,,,
Qwen/Qwen2.5-0.5B,22,0.9166666666666666,mean,remove_random,0,ko,ja,r1,0.22265625,1024,2048,metric,,,,
Qwen/Qwen2.5-0.5B,22,0.9166666666666666,mean,remove_random,0,ko,ja,mrr,0.3987171217321175,1024,2048,metric,,,,
Qwen/Qwen2.5-0.5B,22,0.9166666666666666,mean,remove_random,0,ko,zh,r1,0.4375,1024,2048,metric,,,,
Qwen/Qwen2.5-0.5B,22,0.9166666666666666,mean,remove_random,0,ko,zh,mrr,0.5594694755680925,1024,2048,metric,,,,
Qwen/Qwen2.5-0.5B,22,0.9166666666666666,mean,remove_random,0,ja,en,r1,0.548828125,1024,2048,metric,,,,
Qwen/Qwen2.5-0.5B,22,0.9166666666666666,mean,remove_random,0,ja,en,mrr,0.6513465714606343,1024,2048,metric,,,,
Qwen/Qwen2.5-0.5B,22,0.9166666666666666,mean,remove_random,0,ja,ko,r1,0.755859375,1024,2048,metric,,,,
Qwen/Qwen2.5-0.5B,22,0.9166666666666666,mean,remove_random,0,ja,ko,mrr,0.8274642174746987,1024,2048,metric,,,,
Qwen/Qwen2.5-0.5B,22,0.9166666666666666,mean,remove_random,0,ja,zh,r1,0.728515625,1024,2048,metric,,,,
Qwen/Qwen2.5-0.5B,22,0.9166666666666666,mean,remove_random,0,ja,zh,mrr,0.8244182865344389,1024,2048,metric,,,,
Qwen/Qwen2.5-0.5B,22,0.9166666666666666,mean,remove_random,0,zh,en,r1,0.9609375,1024,2048,metric,,,,
Qwen/Qwen2.5-0.5B,22,0.9166666666666666,mean,remove_random,0,zh,en,mrr,0.9743072113433442,1024,2048,metric,,,,
Qwen/Qwen2.5-0.5B,22,0.9166666666666666,mean,remove_random,0,zh,ko,r1,0.51953125,1024,2048,metric,,,,
Qwen/Qwen2.5-0.5B,22,0.9166666666666666,mean,remove_random,0,zh,ko,mrr,0.6457484746480362,1024,2048,metric,,,,
Qwen/Qwen2.5-0.5B,22,0.9166666666666666,mean,remove_random,0,zh,ja,r1,0.203125,1024,2048,metric,,,,
Qwen/Qwen2.5-0.5B,22,0.9166666666666666,mean,remove_random,0,zh,ja,mrr,0.37222654079977996,1024,2048,metric,,,,
Qwen/Qwen2.5-0.5B,23,0.9583333333333334,mean,remove_random,0,en,ko,r1,0.056640625,1024,2048,metric,,,,
Qwen/Qwen2.5-0.5B,23,0.9583333333333334,mean,remove_random,0,en,ko,mrr,0.12427714603509164,1024,2048,metric,,,,
Qwen/Qwen2.5-0.5B,23,0.9583333333333334,mean,remove_random,0,en,ja,r1,0.041015625,1024,2048,metric,,,,
Qwen/Qwen2.5-0.5B,23,0.9583333333333334,mean,remove_random,0,en,ja,mrr,0.19922902582946012,1024,2048,metric,,,,
Qwen/Qwen2.5-0.5B,23,0.9583333333333334,mean,remove_random,0,en,zh,r1,0.83203125,1024,2048,metric,,,,
Qwen/Qwen2.5-0.5B,23,0.9583333333333334,mean,remove_random,0,en,zh,mrr,0.8912933455816039,1024,2048,metric,,,,
Qwen/Qwen2.5-0.5B,23,0.9583333333333334,mean,remove_random,0,ko,en,r1,0.2265625,1024,2048,metric,,,,
Qwen/Qwen2.5-0.5B,23,0.9583333333333334,mean,remove_random,0,ko,en,mrr,0.37352457546168927,1024,2048,metric,,,,
Qwen/Qwen2.5-0.5B,23,0.9583333333333334,mean,remove_random,0,ko,ja,r1,0.251953125,1024,2048,metric,,,,
Qwen/Qwen2.5-0.5B,23,0.9583333333333334,mean,remove_random,0,ko,ja,mrr,0.41970923746608396,1024,2048,metric,,,,
Qwen/Qwen2.5-0.5B,23,0.9583333333333334,mean,remove_random,0,ko,zh,r1,0.37109375,1024,2048,metric,,,,
Qwen/Qwen2.5-0.5B,23,0.9583333333333334,mean,remove_random,0,ko,zh,mrr,0.4818185462645591,1024,2048,metric,,,,
Qwen/Qwen2.5-0.5B,23,0.9583333333333334,mean,remove_random,0,ja,en,r1,0.380859375,1024,2048,metric,,,,
Qwen/Qwen2.5-0.5B,23,0.9583333333333334,mean,remove_random,0,ja,en,mrr,0.5145022941573582,1024,2048,metric,,,,
Qwen/Qwen2.5-0.5B,23,0.9583333333333334,mean,remove_random,0,ja,ko,r1,0.103515625,1024,2048,metric,,,,
Qwen/Qwen2.5-0.5B,23,0.9583333333333334,mean,remove_random,0,ja,ko,mrr,0.20417779080860216,1024,2048,metric,,,,
Qwen/Qwen2.5-0.5B,23,0.9583333333333334,mean,remove_random,0,ja,zh,r1,0.693359375,1024,2048,metric,,,,
Qwen/Qwen2.5-0.5B,23,0.9583333333333334,mean,remove_random,0,ja,zh,mrr,0.7866518770326902,1024,2048,metric,,,,
Qwen/Qwen2.5-0.5B,23,0.9583333333333334,mean,remove_random,0,zh,en,r1,0.95703125,1024,2048,metric,,,,
Qwen/Qwen2.5-0.5B,23,0.9583333333333334,mean,remove_random,0,zh,en,mrr,0.9730734513543073,1024,2048,metric,,,,
Qwen/Qwen2.5-0.5B,23,0.9583333333333334,mean,remove_random,0,zh,ko,r1,0.091796875,1024,2048,metric,,,,
Qwen/Qwen2.5-0.5B,23,0.9583333333333334,mean,remove_random,0,zh,ko,mrr,0.1754480493170723,1024,2048,metric,,,,
Qwen/Qwen2.5-0.5B,23,0.9583333333333334,mean,remove_random,0,zh,ja,r1,0.173828125,1024,2048,metric,,,,
Qwen/Qwen2.5-0.5B,23,0.9583333333333334,mean,remove_random,0,zh,ja,mrr,0.3458303261564051,1024,2048,metric,,,,
Qwen/Qwen2.5-0.5B,24,1.0,mean,remove_random,0,en,ko,r1,0.00390625,1024,2048,metric,,,,
Qwen/Qwen2.5-0.5B,24,1.0,mean,remove_random,0,en,ko,mrr,0.03773295672782583,1024,2048,metric,,,,
Qwen/Qwen2.5-0.5B,24,1.0,mean,remove_random,0,en,ja,r1,0.001953125,1024,2048,metric,,,,
Qwen/Qwen2.5-0.5B,24,1.0,mean,remove_random,0,en,ja,mrr,0.04013780818237599,1024,2048,metric,,,,
Qwen/Qwen2.5-0.5B,24,1.0,mean,remove_random,0,en,zh,r1,0.001953125,1024,2048,metric,,,,
Qwen/Qwen2.5-0.5B,24,1.0,mean,remove_random,0,en,zh,mrr,0.03203392593007011,1024,2048,metric,,,,
Qwen/Qwen2.5-0.5B,24,1.0,mean,remove_random,0,ko,en,r1,0.015625,1024,2048,metric,,,,
Qwen/Qwen2.5-0.5B,24,1.0,mean,remove_random,0,ko,en,mrr,0.05312524829523328,1024,2048,metric,,,,
Qwen/Qwen2.5-0.5B,24,1.0,mean,remove_random,0,ko,ja,r1,0.068359375,1024,2048,metric,,,,
Qwen/Qwen2.5-0.5B,24,1.0,mean,remove_random,0,ko,ja,mrr,0.11687578561222722,1024,2048,metric,,,,
Qwen/Qwen2.5-0.5B,24,1.0,mean,remove_random,0,ko,zh,r1,0.03125,1024,2048,metric,,,,
Qwen/Qwen2.5-0.5B,24,1.0,mean,remove_random,0,ko,zh,mrr,0.061509061641166644,1024,2048,metric,,,,
Qwen/Qwen2.5-0.5B,24,1.0,mean,remove_random,0,ja,en,r1,0.083984375,1024,2048,metric,,,,
Qwen/Qwen2.5-0.5B,24,1.0,mean,remove_random,0,ja,en,mrr,0.142749174051727,1024,2048,metric,,,,
Qwen/Qwen2.5-0.5B,24,1.0,mean,remove_random,0,ja,ko,r1,0.021484375,1024,2048,metric,,,,
Qwen/Qwen2.5-0.5B,24,1.0,mean,remove_random,0,ja,ko,mrr,0.06301186915462245,1024,2048,metric,,,,
Qwen/Qwen2.5-0.5B,24,1.0,mean,remove_random,0,ja,zh,r1,0.05859375,1024,2048,metric,,,,
Qwen/Qwen2.5-0.5B,24,1.0,mean,remove_random,0,ja,zh,mrr,0.13104131734392288,1024,2048,metric,,,,
Qwen/Qwen2.5-0.5B,24,1.0,mean,remove_random,0,zh,en,r1,0.119140625,1024,2048,metric,,,,
Qwen/Qwen2.5-0.5B,24,1.0,mean,remove_random,0,zh,en,mrr,0.26714843065863203,1024,2048,metric,,,,
Qwen/Qwen2.5-0.5B,24,1.0,mean,remove_random,0,zh,ko,r1,0.0234375,1024,2048,metric,,,,
Qwen/Qwen2.5-0.5B,24,1.0,mean,remove_random,0,zh,ko,mrr,0.11036248919399244,1024,2048,metric,,,,
Qwen/Qwen2.5-0.5B,24,1.0,mean,remove_random,0,zh,ja,r1,0.00390625,1024,2048,metric,,,,
Qwen/Qwen2.5-0.5B,24,1.0,mean,remove_random,0,zh,ja,mrr,0.04153774254532427,1024,2048,metric,,,,
Qwen/Qwen2.5-0.5B,7,0.2916666666666667,last_token,remove_random,1,en,ko,r1,0.296875,1024,2048,metric,,,,
Qwen/Qwen2.5-0.5B,7,0.2916666666666667,last_token,remove_random,1,en,ko,mrr,0.3909211628820859,1024,2048,metric,,,,
Qwen/Qwen2.5-0.5B,7,0.2916666666666667,last_token,remove_random,1,en,ja,r1,0.21875,1024,2048,metric,,,,
Qwen/Qwen2.5-0.5B,7,0.2916666666666667,last_token,remove_random,1,en,ja,mrr,0.3165331470113334,1024,2048,metric,,,,
Qwen/Qwen2.5-0.5B,7,0.2916666666666667,last_token,remove_random,1,en,zh,r1,0.439453125,1024,2048,metric,,,,
Qwen/Qwen2.5-0.5B,7,0.2916666666666667,last_token,remove_random,1,en,zh,mrr,0.542217302007904,1024,2048,metric,,,,
Qwen/Qwen2.5-0.5B,7,0.2916666666666667,last_token,remove_random,1,ko,en,r1,0.234375,1024,2048,metric,,,,
Qwen/Qwen2.5-0.5B,7,0.2916666666666667,last_token,remove_random,1,ko,en,mrr,0.33134613819375514,1024,2048,metric,,,,
Qwen/Qwen2.5-0.5B,7,0.2916666666666667,last_token,remove_random,1,ko,ja,r1,0.357421875,1024,2048,metric,,,,
Qwen/Qwen2.5-0.5B,7,0.2916666666666667,last_token,remove_random,1,ko,ja,mrr,0.4745403759780712,1024,2048,metric,,,,
Qwen/Qwen2.5-0.5B,7,0.2916666666666667,last_token,remove_random,1,ko,zh,r1,0.171875,1024,2048,metric,,,,
Qwen/Qwen2.5-0.5B,7,0.2916666666666667,last_token,remove_random,1,ko,zh,mrr,0.2498430576686126,1024,2048,metric,,,,
Qwen/Qwen2.5-0.5B,7,0.2916666666666667,last_token,remove_random,1,ja,en,r1,0.193359375,1024,2048,metric,,,,
Qwen/Qwen2.5-0.5B,7,0.2916666666666667,last_token,remove_random,1,ja,en,mrr,0.28365758035007865,1024,2048,metric,,,,
Qwen/Qwen2.5-0.5B,7,0.2916666666666667,last_token,remove_random,1,ja,ko,r1,0.32421875,1024,2048,metric,,,,
Qwen/Qwen2.5-0.5B,7,0.2916666666666667,last_token,remove_random,1,ja,ko,mrr,0.4334183379352006,1024,2048,metric,,,,
Qwen/Qwen2.5-0.5B,7,0.2916666666666667,last_token,remove_random,1,ja,zh,r1,0.177734375,1024,2048,metric,,,,
Qwen/Qwen2.5-0.5B,7,0.2916666666666667,last_token,remove_random,1,ja,zh,mrr,0.25589639607741677,1024,2048,metric,,,,
Qwen/Qwen2.5-0.5B,7,0.2916666666666667,last_token,remove_random,1,zh,en,r1,0.470703125,1024,2048,metric,,,,
Qwen/Qwen2.5-0.5B,7,0.2916666666666667,last_token,remove_random,1,zh,en,mrr,0.5699332473840647,1024,2048,metric,,,,
Qwen/Qwen2.5-0.5B,7,0.2916666666666667,last_token,remove_random,1,zh,ko,r1,0.22265625,1024,2048,metric,,,,
Qwen/Qwen2.5-0.5B,7,0.2916666666666667,last_token,remove_random,1,zh,ko,mrr,0.31352175776698354,1024,2048,metric,,,,
Qwen/Qwen2.5-0.5B,7,0.2916666666666667,last_token,remove_random,1,zh,ja,r1,0.1640625,1024,2048,metric,,,,
Qwen/Qwen2.5-0.5B,7,0.2916666666666667,last_token,remove_random,1,zh,ja,mrr,0.2488102394962617,1024,2048,metric,,,,
Qwen/Qwen2.5-0.5B,8,0.3333333333333333,last_token,remove_random,1,en,ko,r1,0.392578125,1024,2048,metric,,,,
Qwen/Qwen2.5-0.5B,8,0.3333333333333333,last_token,remove_random,1,en,ko,mrr,0.48985134056433877,1024,2048,metric,,,,
Qwen/Qwen2.5-0.5B,8,0.3333333333333333,last_token,remove_random,1,en,ja,r1,0.3125,1024,2048,metric,,,,
Qwen/Qwen2.5-0.5B,8,0.3333333333333333,last_token,remove_random,1,en,ja,mrr,0.4129154527301402,1024,2048,metric,,,,
Qwen/Qwen2.5-0.5B,8,0.3333333333333333,last_token,remove_random,1,en,zh,r1,0.51171875,1024,2048,metric,,,,
Qwen/Qwen2.5-0.5B,8,0.3333333333333333,last_token,remove_random,1,en,zh,mrr,0.6037432541965773,1024,2048,metric,,,,
Qwen/Qwen2.5-0.5B,8,0.3333333333333333,last_token,remove_random,1,ko,en,r1,0.30078125,1024,2048,metric,,,,
Qwen/Qwen2.5-0.5B,8,0.3333333333333333,last_token,remove_random,1,ko,en,mrr,0.4011285585095209,1024,2048,metric,,,,
Qwen/Qwen2.5-0.5B,8,0.3333333333333333,last_token,remove_random,1,ko,ja,r1,0.453125,1024,2048,metric,,,,
Qwen/Qwen2.5-0.5B,8,0.3333333333333333,last_token,remove_random,1,ko,ja,mrr,0.560574484515095,1024,2048,metric,,,,
Qwen/Qwen2.5-0.5B,8,0.3333333333333333,last_token,remove_random,1,ko,zh,r1,0.23046875,1024,2048,metric,,,,
Qwen/Qwen2.5-0.5B,8,0.3333333333333333,last_token,remove_random,1,ko,zh,mrr,0.3097640874291647,1024,2048,metric,,,,
Qwen/Qwen2.5-0.5B,8,0.3333333333333333,last_token,remove_random,1,ja,en,r1,0.24609375,1024,2048,metric,,,,
Qwen/Qwen2.5-0.5B,8,0.3333333333333333,last_token,remove_random,1,ja,en,mrr,0.34273134503167946,1024,2048,metric,,,,
Qwen/Qwen2.5-0.5B,8,0.3333333333333333,last_token,remove_random,1,ja,ko,r1,0.390625,1024,2048,metric,,,,
Qwen/Qwen2.5-0.5B,8,0.3333333333333333,last_token,remove_random,1,ja,ko,mrr,0.4984053944093023,1024,2048,metric,,,,
Qwen/Qwen2.5-0.5B,8,0.3333333333333333,last_token,remove_random,1,ja,zh,r1,0.24609375,1024,2048,metric,,,,
Qwen/Qwen2.5-0.5B,8,0.3333333333333333,last_token,remove_random,1,ja,zh,mrr,0.33362656435848126,1024,2048,metric,,,,
Qwen/Qwen2.5-0.5B,8,0.3333333333333333,last_token,remove_random,1,zh,en,r1,0.564453125,1024,2048,metric,,,,
Qwen/Qwen2.5-0.5B,8,0.3333333333333333,last_token,remove_random,1,zh,en,mrr,0.654278939369995,1024,2048,metric,,,,
Qwen/Qwen2.5-0.5B,8,0.3333333333333333,last_token,remove_random,1,zh,ko,r1,0.296875,1024,2048,metric,,,,
Qwen/Qwen2.5-0.5B,8,0.3333333333333333,last_token,remove_random,1,zh,ko,mrr,0.41254254574538846,1024,2048,metric,,,,
Qwen/Qwen2.5-0.5B,8,0.3333333333333333,last_token,remove_random,1,zh,ja,r1,0.26171875,1024,2048,metric,,,,
Qwen/Qwen2.5-0.5B,8,0.3333333333333333,last_token,remove_random,1,zh,ja,mrr,0.3709402001831723,1024,2048,metric,,,,
Qwen/Qwen2.5-0.5B,9,0.375,last_token,remove_random,1,en,ko,r1,0.474609375,1024,2048,metric,,,,
Qwen/Qwen2.5-0.5B,9,0.375,last_token,remove_random,1,en,ko,mrr,0.5731472163269642,1024,2048,metric,,,,
Qwen/Qwen2.5-0.5B,9,0.375,last_token,remove_random,1,en,ja,r1,0.416015625,1024,2048,metric,,,,
Qwen/Qwen2.5-0.5B,9,0.375,last_token,remove_random,1,en,ja,mrr,0.5381257842238537,1024,2048,metric,,,,
Qwen/Qwen2.5-0.5B,9,0.375,last_token,remove_random,1,en,zh,r1,0.67578125,1024,2048,metric,,,,
Qwen/Qwen2.5-0.5B,9,0.375,last_token,remove_random,1,en,zh,mrr,0.7516022776131244,1024,2048,metric,,,,
Qwen/Qwen2.5-0.5B,9,0.375,last_token,remove_random,1,ko,en,r1,0.34765625,1024,2048,metric,,,,
Qwen/Qwen2.5-0.5B,9,0.375,last_token,remove_random,1,ko,en,mrr,0.45100972280525664,1024,2048,metric,,,,
Qwen/Qwen2.5-0.5B,9,0.375,last_token,remove_random,1,ko,ja,r1,0.5625,1024,2048,metric,,,,
Qwen/Qwen2.5-0.5B,9,0.375,last_token,remove_random,1,ko,ja,mrr,0.6549553020492838,1024,2048,metric,,,,
Qwen/Qwen2.5-0.5B,9,0.375,last_token,remove_random,1,ko,zh,r1,0.27734375,1024,2048,metric,,,,
Qwen/Qwen2.5-0.5B,9,0.375,last_token,remove_random,1,ko,zh,mrr,0.37471889019607074,1024,2048,metric,,,,
Qwen/Qwen2.5-0.5B,9,0.375,last_token,remove_random,1,ja,en,r1,0.3359375,1024,2048,metric,,,,
Qwen/Qwen2.5-0.5B,9,0.375,last_token,remove_random,1,ja,en,mrr,0.44074882036247887,1024,2048,metric,,,,
Qwen/Qwen2.5-0.5B,9,0.375,last_token,remove_random,1,ja,ko,r1,0.501953125,1024,2048,metric,,,,
Qwen/Qwen2.5-0.5B,9,0.375,last_token,remove_random,1,ja,ko,mrr,0.5909798418495542,1024,2048,metric,,,,
Qwen/Qwen2.5-0.5B,9,0.375,last_token,remove_random,1,ja,zh,r1,0.318359375,1024,2048,metric,,,,
Qwen/Qwen2.5-0.5B,9,0.375,last_token,remove_random,1,ja,zh,mrr,0.4176865752045657,1024,2048,metric,,,,
Qwen/Qwen2.5-0.5B,9,0.375,last_token,remove_random,1,zh,en,r1,0.671875,1024,2048,metric,,,,
Qwen/Qwen2.5-0.5B,9,0.375,last_token,remove_random,1,zh,en,mrr,0.7562777466866808,1024,2048,metric,,,,
Qwen/Qwen2.5-0.5B,9,0.375,last_token,remove_random,1,zh,ko,r1,0.44140625,1024,2048,metric,,,,
Qwen/Qwen2.5-0.5B,9,0.375,last_token,remove_random,1,zh,ko,mrr,0.5404177695823493,1024,2048,metric,,,,
Qwen/Qwen2.5-0.5B,9,0.375,last_token,remove_random,1,zh,ja,r1,0.37890625,1024,2048,metric,,,,
Qwen/Qwen2.5-0.5B,9,0.375,last_token,remove_random,1,zh,ja,mrr,0.4902703857961503,1024,2048,metric,,,,
Qwen/Qwen2.5-0.5B,10,0.4166666666666667,last_token,remove_random,1,en,ko,r1,0.509765625,1024,2048,metric,,,,
Qwen/Qwen2.5-0.5B,10,0.4166666666666667,last_token,remove_random,1,en,ko,mrr,0.6073130407904588,1024,2048,metric,,,,
Qwen/Qwen2.5-0.5B,10,0.4166666666666667,last_token,remove_random,1,en,ja,r1,0.5,1024,2048,metric,,,,
Qwen/Qwen2.5-0.5B,10,0.4166666666666667,last_token,remove_random,1,en,ja,mrr,0.611126229972872,1024,2048,metric,,,,
Qwen/Qwen2.5-0.5B,10,0.4166666666666667,last_token,remove_random,1,en,zh,r1,0.703125,1024,2048,metric,,,,
Qwen/Qwen2.5-0.5B,10,0.4166666666666667,last_token,remove_random,1,en,zh,mrr,0.7734144020469282,1024,2048,metric,,,,
Qwen/Qwen2.5-0.5B,10,0.4166666666666667,last_token,remove_random,1,ko,en,r1,0.443359375,1024,2048,metric,,,,
Qwen/Qwen2.5-0.5B,10,0.4166666666666667,last_token,remove_random,1,ko,en,mrr,0.5349210713980678,1024,2048,metric,,,,
Qwen/Qwen2.5-0.5B,10,0.4166666666666667,last_token,remove_random,1,ko,ja,r1,0.587890625,1024,2048,metric,,,,
Qwen/Qwen2.5-0.5B,10,0.4166666666666667,last_token,remove_random,1,ko,ja,mrr,0.6887752137910145,1024,2048,metric,,,,
Qwen/Qwen2.5-0.5B,10,0.4166666666666667,last_token,remove_random,1,ko,zh,r1,0.31640625,1024,2048,metric,,,,
Qwen/Qwen2.5-0.5B,10,0.4166666666666667,last_token,remove_random,1,ko,zh,mrr,0.4223099578915152,1024,2048,metric,,,,
Qwen/Qwen2.5-0.5B,10,0.4166666666666667,last_token,remove_random,1,ja,en,r1,0.4375,1024,2048,metric,,,,
Qwen/Qwen2.5-0.5B,10,0.4166666666666667,last_token,remove_random,1,ja,en,mrr,0.5349761110338056,1024,2048,metric,,,,
Qwen/Qwen2.5-0.5B,10,0.4166666666666667,last_token,remove_random,1,ja,ko,r1,0.53125,1024,2048,metric,,,,
Qwen/Qwen2.5-0.5B,10,0.4166666666666667,last_token,remove_random,1,ja,ko,mrr,0.622202696065446,1024,2048,metric,,,,
Qwen/Qwen2.5-0.5B,10,0.4166666666666667,last_token,remove_random,1,ja,zh,r1,0.365234375,1024,2048,metric,,,,
Qwen/Qwen2.5-0.5B,10,0.4166666666666667,last_token,remove_random,1,ja,zh,mrr,0.4719600249240994,1024,2048,metric,,,,
Qwen/Qwen2.5-0.5B,10,0.4166666666666667,last_token,remove_random,1,zh,en,r1,0.71875,1024,2048,metric,,,,
Qwen/Qwen2.5-0.5B,10,0.4166666666666667,last_token,remove_random,1,zh,en,mrr,0.7918375283003625,1024,2048,metric,,,,
Qwen/Qwen2.5-0.5B,10,0.4166666666666667,last_token,remove_random,1,zh,ko,r1,0.46875,1024,2048,metric,,,,
Qwen/Qwen2.5-0.5B,10,0.4166666666666667,last_token,remove_random,1,zh,ko,mrr,0.563995881819191,1024,2048,metric,,,,
Qwen/Qwen2.5-0.5B,10,0.4166666666666667,last_token,remove_random,1,zh,ja,r1,0.4140625,1024,2048,metric,,,,
Qwen/Qwen2.5-0.5B,10,0.4166666666666667,last_token,remove_random,1,zh,ja,mrr,0.5400852142816558,1024,2048,metric,,,,
Qwen/Qwen2.5-0.5B,11,0.4583333333333333,last_token,remove_random,1,en,ko,r1,0.779296875,1024,2048,metric,,,,
Qwen/Qwen2.5-0.5B,11,0.4583333333333333,last_token,remove_random,1,en,ko,mrr,0.8253151503573126,1024,2048,metric,,,,
Qwen/Qwen2.5-0.5B,11,0.4583333333333333,last_token,remove_random,1,en,ja,r1,0.78125,1024,2048,metric,,,,
Qwen/Qwen2.5-0.5B,11,0.4583333333333333,last_token,remove_random,1,en,ja,mrr,0.8542398683542851,1024,2048,metric,,,,
Qwen/Qwen2.5-0.5B,11,0.4583333333333333,last_token,remove_random,1,en,zh,r1,0.857421875,1024,2048,metric,,,,
Qwen/Qwen2.5-0.5B,11,0.4583333333333333,last_token,remove_random,1,en,zh,mrr,0.8990650867877551,1024,2048,metric,,,,
Qwen/Qwen2.5-0.5B,11,0.4583333333333333,last_token,remove_random,1,ko,en,r1,0.68359375,1024,2048,metric,,,,
Qwen/Qwen2.5-0.5B,11,0.4583333333333333,last_token,remove_random,1,ko,en,mrr,0.7529058759315228,1024,2048,metric,,,,
Qwen/Qwen2.5-0.5B,11,0.4583333333333333,last_token,remove_random,1,ko,ja,r1,0.787109375,1024,2048,metric,,,,
Qwen/Qwen2.5-0.5B,11,0.4583333333333333,last_token,remove_random,1,ko,ja,mrr,0.8398731401362123,1024,2048,metric,,,,
Qwen/Qwen2.5-0.5B,11,0.4583333333333333,last_token,remove_random,1,ko,zh,r1,0.5234375,1024,2048,metric,,,,
Qwen/Qwen2.5-0.5B,11,0.4583333333333333,last_token,remove_random,1,ko,zh,mrr,0.6158339176361473,1024,2048,metric,,,,
Qwen/Qwen2.5-0.5B,11,0.4583333333333333,last_token,remove_random,1,ja,en,r1,0.712890625,1024,2048,metric,,,,
Qwen/Qwen2.5-0.5B,11,0.4583333333333333,last_token,remove_random,1,ja,en,mrr,0.7724134668527205,1024,2048,metric,,,,
Qwen/Qwen2.5-0.5B,11,0.4583333333333333,last_token,remove_random,1,ja,ko,r1,0.708984375,1024,2048,metric,,,,
Qwen/Qwen2.5-0.5B,11,0.4583333333333333,last_token,remove_random,1,ja,ko,mrr,0.7779330323923302,1024,2048,metric,,,,
Qwen/Qwen2.5-0.5B,11,0.4583333333333333,last_token,remove_random,1,ja,zh,r1,0.603515625,1024,2048,metric,,,,
Qwen/Qwen2.5-0.5B,11,0.4583333333333333,last_token,remove_random,1,ja,zh,mrr,0.6874615648944002,1024,2048,metric,,,,
Qwen/Qwen2.5-0.5B,11,0.4583333333333333,last_token,remove_random,1,zh,en,r1,0.890625,1024,2048,metric,,,,
Qwen/Qwen2.5-0.5B,11,0.4583333333333333,last_token,remove_random,1,zh,en,mrr,0.9215416041532116,1024,2048,metric,,,,
Qwen/Qwen2.5-0.5B,11,0.4583333333333333,last_token,remove_random,1,zh,ko,r1,0.681640625,1024,2048,metric,,,,
Qwen/Qwen2.5-0.5B,11,0.4583333333333333,last_token,remove_random,1,zh,ko,mrr,0.7577394272354125,1024,2048,metric,,,,
Qwen/Qwen2.5-0.5B,11,0.4583333333333333,last_token,remove_random,1,zh,ja,r1,0.736328125,1024,2048,metric,,,,
Qwen/Qwen2.5-0.5B,11,0.4583333333333333,last_token,remove_random,1,zh,ja,mrr,0.809101181577264,1024,2048,metric,,,,
Qwen/Qwen2.5-0.5B,12,0.5,last_token,remove_random,1,en,ko,r1,0.72265625,1024,2048,metric,,,,
Qwen/Qwen2.5-0.5B,12,0.5,last_token,remove_random,1,en,ko,mrr,0.7828727290533799,1024,2048,metric,,,,
Qwen/Qwen2.5-0.5B,12,0.5,last_token,remove_random,1,en,ja,r1,0.751953125,1024,2048,metric,,,,
Qwen/Qwen2.5-0.5B,12,0.5,last_token,remove_random,1,en,ja,mrr,0.82653469377974,1024,2048,metric,,,,
Qwen/Qwen2.5-0.5B,12,0.5,last_token,remove_random,1,en,zh,r1,0.810546875,1024,2048,metric,,,,
Qwen/Qwen2.5-0.5B,12,0.5,last_token,remove_random,1,en,zh,mrr,0.8642605720487582,1024,2048,metric,,,,
Qwen/Qwen2.5-0.5B,12,0.5,last_token,remove_random,1,ko,en,r1,0.646484375,1024,2048,metric,,,,
Qwen/Qwen2.5-0.5B,12,0.5,last_token,remove_random,1,ko,en,mrr,0.7203797826223555,1024,2048,metric,,,,
Qwen/Qwen2.5-0.5B,12,0.5,last_token,remove_random,1,ko,ja,r1,0.728515625,1024,2048,metric,,,,
Qwen/Qwen2.5-0.5B,12,0.5,last_token,remove_random,1,ko,ja,mrr,0.7973374347248434,1024,2048,metric,,,,
Qwen/Qwen2.5-0.5B,12,0.5,last_token,remove_random,1,ko,zh,r1,0.48828125,1024,2048,metric,,,,
Qwen/Qwen2.5-0.5B,12,0.5,last_token,remove_random,1,ko,zh,mrr,0.5826427547385495,1024,2048,metric,,,,
Qwen/Qwen2.5-0.5B,12,0.5,last_token,remove_random,1,ja,en,r1,0.669921875,1024,2048,metric,,,,
Qwen/Qwen2.5-0.5B,12,0.5,last_token,remove_random,1,ja,en,mrr,0.7342371817832437,1024,2048,metric,,,,
Qwen/Qwen2.5-0.5B,12,0.5,last_token,remove_random,1,ja,ko,r1,0.697265625,1024,2048,metric,,,,
Qwen/Qwen2.5-0.5B,12,0.5,last_token,remove_random,1,ja,ko,mrr,0.7609685579209702,1024,2048,metric,,,,
Qwen/Qwen2.5-0.5B,12,0.5,last_token,remove_random,1,ja,zh,r1,0.5546875,1024,2048,metric,,,,
Qwen/Qwen2.5-0.5B,12,0.5,last_token,remove_random,1,ja,zh,mrr,0.6405219631071413,1024,2048,metric,,,,
Qwen/Qwen2.5-0.5B,12,0.5,last_token,remove_random,1,zh,en,r1,0.83203125,1024,2048,metric,,,,
Qwen/Qwen2.5-0.5B,12,0.5,last_token,remove_random,1,zh,en,mrr,0.8759099662718719,1024,2048,metric,,,,
Qwen/Qwen2.5-0.5B,12,0.5,last_token,remove_random,1,zh,ko,r1,0.650390625,1024,2048,metric,,,,
Qwen/Qwen2.5-0.5B,12,0.5,last_token,remove_random,1,zh,ko,mrr,0.7254817114589316,1024,2048,metric,,,,
Qwen/Qwen2.5-0.5B,12,0.5,last_token,remove_random,1,zh,ja,r1,0.65234375,1024,2048,metric,,,,
Qwen/Qwen2.5-0.5B,12,0.5,last_token,remove_random,1,zh,ja,mrr,0.7493981880120144,1024,2048,metric,,,,
Qwen/Qwen2.5-0.5B,13,0.5416666666666666,last_token,remove_random,1,en,ko,r1,0.693359375,1024,2048,metric,,,,
Qwen/Qwen2.5-0.5B,13,0.5416666666666666,last_token,remove_random,1,en,ko,mrr,0.7673034012181777,1024,2048,metric,,,,
Qwen/Qwen2.5-0.5B,13,0.5416666666666666,last_token,remove_random,1,en,ja,r1,0.6953125,1024,2048,metric,,,,
Qwen/Qwen2.5-0.5B,13,0.5416666666666666,last_token,remove_random,1,en,ja,mrr,0.7978106892558103,1024,2048,metric,,,,
Qwen/Qwen2.5-0.5B,13,0.5416666666666666,last_token,remove_random,1,en,zh,r1,0.830078125,1024,2048,metric,,,,
Qwen/Qwen2.5-0.5B,13,0.5416666666666666,last_token,remove_random,1,en,zh,mrr,0.8775785267223434,1024,2048,metric,,,,
Qwen/Qwen2.5-0.5B,13,0.5416666666666666,last_token,remove_random,1,ko,en,r1,0.654296875,1024,2048,metric,,,,
Qwen/Qwen2.5-0.5B,13,0.5416666666666666,last_token,remove_random,1,ko,en,mrr,0.7196843579683521,1024,2048,metric,,,,
Qwen/Qwen2.5-0.5B,13,0.5416666666666666,last_token,remove_random,1,ko,ja,r1,0.76171875,1024,2048,metric,,,,
Qwen/Qwen2.5-0.5B,13,0.5416666666666666,last_token,remove_random,1,ko,ja,mrr,0.8250571108259117,1024,2048,metric,,,,
Qwen/Qwen2.5-0.5B,13,0.5416666666666666,last_token,remove_random,1,ko,zh,r1,0.546875,1024,2048,metric,,,,
Qwen/Qwen2.5-0.5B,13,0.5416666666666666,last_token,remove_random,1,ko,zh,mrr,0.6338868094768216,1024,2048,metric,,,,
Qwen/Qwen2.5-0.5B,13,0.5416666666666666,last_token,remove_random,1,ja,en,r1,0.703125,1024,2048,metric,,,,
Qwen/Qwen2.5-0.5B,13,0.5416666666666666,last_token,remove_random,1,ja,en,mrr,0.7627113771746362,1024,2048,metric,,,,
Qwen/Qwen2.5-0.5B,13,0.5416666666666666,last_token,remove_random,1,ja,ko,r1,0.705078125,1024,2048,metric,,,,
Qwen/Qwen2.5-0.5B,13,0.5416666666666666,last_token,remove_random,1,ja,ko,mrr,0.7711369162311968,1024,2048,metric,,,,
Qwen/Qwen2.5-0.5B,13,0.5416666666666666,last_token,remove_random,1,ja,zh,r1,0.60546875,1024,2048,metric,,,,
Qwen/Qwen2.5-0.5B,13,0.5416666666666666,last_token,remove_random,1,ja,zh,mrr,0.6867447842056913,1024,2048,metric,,,,
Qwen/Qwen2.5-0.5B,13,0.5416666666666666,last_token,remove_random,1,zh,en,r1,0.86328125,1024,2048,metric,,,,
Qwen/Qwen2.5-0.5B,13,0.5416666666666666,last_token,remove_random,1,zh,en,mrr,0.8995335424883583,1024,2048,metric,,,,
Qwen/Qwen2.5-0.5B,13,0.5416666666666666,last_token,remove_random,1,zh,ko,r1,0.65625,1024,2048,metric,,,,
Qwen/Qwen2.5-0.5B,13,0.5416666666666666,last_token,remove_random,1,zh,ko,mrr,0.7320452352655149,1024,2048,metric,,,,
Qwen/Qwen2.5-0.5B,13,0.5416666666666666,last_token,remove_random,1,zh,ja,r1,0.638671875,1024,2048,metric,,,,
Qwen/Qwen2.5-0.5B,13,0.5416666666666666,last_token,remove_random,1,zh,ja,mrr,0.7432720761710625,1024,2048,metric,,,,
Qwen/Qwen2.5-0.5B,14,0.5833333333333334,last_token,remove_random,1,en,ko,r1,0.626953125,1024,2048,metric,,,,
Qwen/Qwen2.5-0.5B,14,0.5833333333333334,last_token,remove_random,1,en,ko,mrr,0.7162262307562761,1024,2048,metric,,,,
Qwen/Qwen2.5-0.5B,14,0.5833333333333334,last_token,remove_random,1,en,ja,r1,0.630859375,1024,2048,metric,,,,
Qwen/Qwen2.5-0.5B,14,0.5833333333333334,last_token,remove_random,1,en,ja,mrr,0.7371417143069862,1024,2048,metric,,,,
Qwen/Qwen2.5-0.5B,14,0.5833333333333334,last_token,remove_random,1,en,zh,r1,0.794921875,1024,2048,metric,,,,
Qwen/Qwen2.5-0.5B,14,0.5833333333333334,last_token,remove_random,1,en,zh,mrr,0.8497386864597363,1024,2048,metric,,,,
Qwen/Qwen2.5-0.5B,14,0.5833333333333334,last_token,remove_random,1,ko,en,r1,0.603515625,1024,2048,metric,,,,
Qwen/Qwen2.5-0.5B,14,0.5833333333333334,last_token,remove_random,1,ko,en,mrr,0.6823617163343327,1024,2048,metric,,,,
Qwen/Qwen2.5-0.5B,14,0.5833333333333334,last_token,remove_random,1,ko,ja,r1,0.71484375,1024,2048,metric,,,,
Qwen/Qwen2.5-0.5B,14,0.5833333333333334,last_token,remove_random,1,ko,ja,mrr,0.7839924158922488,1024,2048,metric,,,,
Qwen/Qwen2.5-0.5B,14,0.5833333333333334,last_token,remove_random,1,ko,zh,r1,0.5078125,1024,2048,metric,,,,
Qwen/Qwen2.5-0.5B,14,0.5833333333333334,last_token,remove_random,1,ko,zh,mrr,0.5907899560922183,1024,2048,metric,,,,
Qwen/Qwen2.5-0.5B,14,0.5833333333333334,last_token,remove_random,1,ja,en,r1,0.662109375,1024,2048,metric,,,,
Qwen/Qwen2.5-0.5B,14,0.5833333333333334,last_token,remove_random,1,ja,en,mrr,0.7243757700693707,1024,2048,metric,,,,
Qwen/Qwen2.5-0.5B,14,0.5833333333333334,last_token,remove_random,1,ja,ko,r1,0.673828125,1024,2048,metric,,,,
Qwen/Qwen2.5-0.5B,14,0.5833333333333334,last_token,remove_random,1,ja,ko,mrr,0.7401927970549858,1024,2048,metric,,,,
Qwen/Qwen2.5-0.5B,14,0.5833333333333334,last_token,remove_random,1,ja,zh,r1,0.517578125,1024,2048,metric,,,,
Qwen/Qwen2.5-0.5B,14,0.5833333333333334,last_token,remove_random,1,ja,zh,mrr,0.6165955853701881,1024,2048,metric,,,,
Qwen/Qwen2.5-0.5B,14,0.5833333333333334,last_token,remove_random,1,zh,en,r1,0.833984375,1024,2048,metric,,,,
Qwen/Qwen2.5-0.5B,14,0.5833333333333334,last_token,remove_random,1,zh,en,mrr,0.8796736250154098,1024,2048,metric,,,,
Qwen/Qwen2.5-0.5B,14,0.5833333333333334,last_token,remove_random,1,zh,ko,r1,0.607421875,1024,2048,metric,,,,
Qwen/Qwen2.5-0.5B,14,0.5833333333333334,last_token,remove_random,1,zh,ko,mrr,0.6921267522717802,1024,2048,metric,,,,
Qwen/Qwen2.5-0.5B,14,0.5833333333333334,last_token,remove_random,1,zh,ja,r1,0.591796875,1024,2048,metric,,,,
Qwen/Qwen2.5-0.5B,14,0.5833333333333334,last_token,remove_random,1,zh,ja,mrr,0.7003799994986077,1024,2048,metric,,,,
Qwen/Qwen2.5-0.5B,15,0.625,last_token,remove_random,1,en,ko,r1,0.73828125,1024,2048,metric,,,,
Qwen/Qwen2.5-0.5B,15,0.625,last_token,remove_random,1,en,ko,mrr,0.8039723611715572,1024,2048,metric,,,,
Qwen/Qwen2.5-0.5B,15,0.625,last_token,remove_random,1,en,ja,r1,0.796875,1024,2048,metric,,,,
Qwen/Qwen2.5-0.5B,15,0.625,last_token,remove_random,1,en,ja,mrr,0.8681645119527504,1024,2048,metric,,,,
Qwen/Qwen2.5-0.5B,15,0.625,last_token,remove_random,1,en,zh,r1,0.88671875,1024,2048,metric,,,,
Qwen/Qwen2.5-0.5B,15,0.625,last_token,remove_random,1,en,zh,mrr,0.9214072601288341,1024,2048,metric,,,,
Qwen/Qwen2.5-0.5B,15,0.625,last_token,remove_random,1,ko,en,r1,0.69921875,1024,2048,metric,,,,
Qwen/Qwen2.5-0.5B,15,0.625,last_token,remove_random,1,ko,en,mrr,0.7621987152630922,1024,2048,metric,,,,
Qwen/Qwen2.5-0.5B,15,0.625,last_token,remove_random,1,ko,ja,r1,0.80859375,1024,2048,metric,,,,
Qwen/Qwen2.5-0.5B,15,0.625,last_token,remove_random,1,ko,ja,mrr,0.860380457630498,1024,2048,metric,,,,
Qwen/Qwen2.5-0.5B,15,0.625,last_token,remove_random,1,ko,zh,r1,0.623046875,1024,2048,metric,,,,
Qwen/Qwen2.5-0.5B,15,0.625,last_token,remove_random,1,ko,zh,mrr,0.7065855624720463,1024,2048,metric,,,,
Qwen/Qwen2.5-0.5B,15,0.625,last_token,remove_random,1,ja,en,r1,0.76953125,1024,2048,metric,,,,
Qwen/Qwen2.5-0.5B,15,0.625,last_token,remove_random,1,ja,en,mrr,0.826003974982308,1024,2048,metric,,,,
Qwen/Qwen2.5-0.5B,15,0.625,last_token,remove_random,1,ja,ko,r1,0.787109375,1024,2048,metric,,,,
Qwen/Qwen2.5-0.5B,15,0.625,last_token,remove_random,1,ja,ko,mrr,0.8366737621045671,1024,2048,metric,,,,
Qwen/Qwen2.5-0.5B,15,0.625,last_token,remove_random,1,ja,zh,r1,0.72265625,1024,2048,metric,,,,
Qwen/Qwen2.5-0.5B,15,0.625,last_token,remove_random,1,ja,zh,mrr,0.7932671842012476,1024,2048,metric,,,,
Qwen/Qwen2.5-0.5B,15,0.625,last_token,remove_random,1,zh,en,r1,0.8828125,1024,2048,metric,,,,
Qwen/Qwen2.5-0.5B,15,0.625,last_token,remove_random,1,zh,en,mrr,0.921660371875799,1024,2048,metric,,,,
Qwen/Qwen2.5-0.5B,15,0.625,last_token,remove_random,1,zh,ko,r1,0.716796875,1024,2048,metric,,,,
Qwen/Qwen2.5-0.5B,15,0.625,last_token,remove_random,1,zh,ko,mrr,0.7829538871669937,1024,2048,metric,,,,
Qwen/Qwen2.5-0.5B,15,0.625,last_token,remove_random,1,zh,ja,r1,0.771484375,1024,2048,metric,,,,
Qwen/Qwen2.5-0.5B,15,0.625,last_token,remove_random,1,zh,ja,mrr,0.849965310529655,1024,2048,metric,,,,
Qwen/Qwen2.5-0.5B,16,0.6666666666666666,last_token,remove_random,1,en,ko,r1,0.6796875,1024,2048,metric,,,,
Qwen/Qwen2.5-0.5B,16,0.6666666666666666,last_token,remove_random,1,en,ko,mrr,0.763510263095729,1024,2048,metric,,,,
Qwen/Qwen2.5-0.5B,16,0.6666666666666666,last_token,remove_random,1,en,ja,r1,0.76953125,1024,2048,metric,,,,
Qwen/Qwen2.5-0.5B,16,0.6666666666666666,last_token,remove_random,1,en,ja,mrr,0.8495051774840865,1024,2048,metric,,,,
Qwen/Qwen2.5-0.5B,16,0.6666666666666666,last_token,remove_random,1,en,zh,r1,0.84765625,1024,2048,metric,,,,
Qwen/Qwen2.5-0.5B,16,0.6666666666666666,last_token,remove_random,1,en,zh,mrr,0.8845735206482073,1024,2048,metric,,,,
Qwen/Qwen2.5-0.5B,16,0.6666666666666666,last_token,remove_random,1,ko,en,r1,0.55859375,1024,2048,metric,,,,
Qwen/Qwen2.5-0.5B,16,0.6666666666666666,last_token,remove_random,1,ko,en,mrr,0.6481760582823932,1024,2048,metric,,,,
Qwen/Qwen2.5-0.5B,16,0.6666666666666666,last_token,remove_random,1,ko,ja,r1,0.7734375,1024,2048,metric,,,,
Qwen/Qwen2.5-0.5B,16,0.6666666666666666,last_token,remove_random,1,ko,ja,mrr,0.8310650284047181,1024,2048,metric,,,,
Qwen/Qwen2.5-0.5B,16,0.6666666666666666,last_token,remove_random,1,ko,zh,r1,0.53125,1024,2048,metric,,,,
Qwen/Qwen2.5-0.5B,16,0.6666666666666666,last_token,remove_random,1,ko,zh,mrr,0.6102576214488333,1024,2048,metric,,,,
Qwen/Qwen2.5-0.5B,16,0.6666666666666666,last_token,remove_random,1,ja,en,r1,0.66015625,1024,2048,metric,,,,
Qwen/Qwen2.5-0.5B,16,0.6666666666666666,last_token,remove_random,1,ja,en,mrr,0.7309493855091443,1024,2048,metric,,,,
Qwen/Qwen2.5-0.5B,16,0.6666666666666666,last_token,remove_random,1,ja,ko,r1,0.76953125,1024,2048,metric,,,,
Qwen/Qwen2.5-0.5B,16,0.6666666666666666,last_token,remove_random,1,ja,ko,mrr,0.8186249392237492,1024,2048,metric,,,,
Qwen/Qwen2.5-0.5B,16,0.6666666666666666,last_token,remove_random,1,ja,zh,r1,0.615234375,1024,2048,metric,,,,
Qwen/Qwen2.5-0.5B,16,0.6666666666666666,last_token,remove_random,1,ja,zh,mrr,0.6931030333303152,1024,2048,metric,,,,
Qwen/Qwen2.5-0.5B,16,0.6666666666666666,last_token,remove_random,1,zh,en,r1,0.83984375,1024,2048,metric,,,,
Qwen/Qwen2.5-0.5B,16,0.6666666666666666,last_token,remove_random,1,zh,en,mrr,0.8898222434369975,1024,2048,metric,,,,
Qwen/Qwen2.5-0.5B,16,0.6666666666666666,last_token,remove_random,1,zh,ko,r1,0.6796875,1024,2048,metric,,,,
Qwen/Qwen2.5-0.5B,16,0.6666666666666666,last_token,remove_random,1,zh,ko,mrr,0.7514424651186626,1024,2048,metric,,,,
Qwen/Qwen2.5-0.5B,16,0.6666666666666666,last_token,remove_random,1,zh,ja,r1,0.75,1024,2048,metric,,,,
Qwen/Qwen2.5-0.5B,16,0.6666666666666666,last_token,remove_random,1,zh,ja,mrr,0.8286268683086577,1024,2048,metric,,,,
Qwen/Qwen2.5-0.5B,17,0.7083333333333334,last_token,remove_random,1,en,ko,r1,0.650390625,1024,2048,metric,,,,
Qwen/Qwen2.5-0.5B,17,0.7083333333333334,last_token,remove_random,1,en,ko,mrr,0.7377664418484777,1024,2048,metric,,,,
Qwen/Qwen2.5-0.5B,17,0.7083333333333334,last_token,remove_random,1,en,ja,r1,0.736328125,1024,2048,metric,,,,
Qwen/Qwen2.5-0.5B,17,0.7083333333333334,last_token,remove_random,1,en,ja,mrr,0.8282515874269655,1024,2048,metric,,,,
Qwen/Qwen2.5-0.5B,17,0.7083333333333334,last_token,remove_random,1,en,zh,r1,0.7578125,1024,2048,metric,,,,
Qwen/Qwen2.5-0.5B,17,0.7083333333333334,last_token,remove_random,1,en,zh,mrr,0.813462028397619,1024,2048,metric,,,,
Qwen/Qwen2.5-0.5B,17,0.7083333333333334,last_token,remove_random,1,ko,en,r1,0.509765625,1024,2048,metric,,,,
Qwen/Qwen2.5-0.5B,17,0.7083333333333334,last_token,remove_random,1,ko,en,mrr,0.605822697926766,1024,2048,metric,,,,
Qwen/Qwen2.5-0.5B,17,0.7083333333333334,last_token,remove_random,1,ko,ja,r1,0.73828125,1024,2048,metric,,,,
Qwen/Qwen2.5-0.5B,17,0.7083333333333334,last_token,remove_random,1,ko,ja,mrr,0.8039184447908937,1024,2048,metric,,,,
Qwen/Qwen2.5-0.5B,17,0.7083333333333334,last_token,remove_random,1,ko,zh,r1,0.4765625,1024,2048,metric,,,,
Qwen/Qwen2.5-0.5B,17,0.7083333333333334,last_token,remove_random,1,ko,zh,mrr,0.5563273534773079,1024,2048,metric,,,,
Qwen/Qwen2.5-0.5B,17,0.7083333333333334,last_token,remove_random,1,ja,en,r1,0.599609375,1024,2048,metric,,,,
Qwen/Qwen2.5-0.5B,17,0.7083333333333334,last_token,remove_random,1,ja,en,mrr,0.6828161232978702,1024,2048,metric,,,,
Qwen/Qwen2.5-0.5B,17,0.7083333333333334,last_token,remove_random,1,ja,ko,r1,0.73046875,1024,2048,metric,,,,
Qwen/Qwen2.5-0.5B,17,0.7083333333333334,last_token,remove_random,1,ja,ko,mrr,0.7892257548747859,1024,2048,metric,,,,
Qwen/Qwen2.5-0.5B,17,0.7083333333333334,last_token,remove_random,1,ja,zh,r1,0.5625,1024,2048,metric,,,,
Qwen/Qwen2.5-0.5B,17,0.7083333333333334,last_token,remove_random,1,ja,zh,mrr,0.6366195876597156,1024,2048,metric,,,,
Qwen/Qwen2.5-0.5B,17,0.7083333333333334,last_token,remove_random,1,zh,en,r1,0.779296875,1024,2048,metric,,,,
Qwen/Qwen2.5-0.5B,17,0.7083333333333334,last_token,remove_random,1,zh,en,mrr,0.83977191847695,1024,2048,metric,,,,
Qwen/Qwen2.5-0.5B,17,0.7083333333333334,last_token,remove_random,1,zh,ko,r1,0.638671875,1024,2048,metric,,,,
Qwen/Qwen2.5-0.5B,17,0.7083333333333334,last_token,remove_random,1,zh,ko,mrr,0.7192468132444072,1024,2048,metric,,,,
Qwen/Qwen2.5-0.5B,17,0.7083333333333334,last_token,remove_random,1,zh,ja,r1,0.75,1024,2048,metric,,,,
Qwen/Qwen2.5-0.5B,17,0.7083333333333334,last_token,remove_random,1,zh,ja,mrr,0.8223933052789052,1024,2048,metric,,,,
Qwen/Qwen2.5-0.5B,18,0.75,last_token,remove_random,1,en,ko,r1,0.537109375,1024,2048,metric,,,,
Qwen/Qwen2.5-0.5B,18,0.75,last_token,remove_random,1,en,ko,mrr,0.6442792190995741,1024,2048,metric,,,,
Qwen/Qwen2.5-0.5B,18,0.75,last_token,remove_random,1,en,ja,r1,0.5703125,1024,2048,metric,,,,
Qwen/Qwen2.5-0.5B,18,0.75,last_token,remove_random,1,en,ja,mrr,0.6943362511564037,1024,2048,metric,,,,
Qwen/Qwen2.5-0.5B,18,0.75,last_token,remove_random,1,en,zh,r1,0.708984375,1024,2048,metric,,,,
Qwen/Qwen2.5-0.5B,18,0.75,last_token,remove_random,1,en,zh,mrr,0.775593947719427,1024,2048,metric,,,,
Qwen/Qwen2.5-0.5B,18,0.75,last_token,remove_random,1,ko,en,r1,0.373046875,1024,2048,metric,,,,
Qwen/Qwen2.5-0.5B,18,0.75,last_token,remove_random,1,ko,en,mrr,0.4795281743248543,1024,2048,metric,,,,
Qwen/Qwen2.5-0.5B,18,0.75,last_token,remove_random,1,ko,ja,r1,0.6796875,1024,2048,metric,,,,
Qwen/Qwen2.5-0.5B,18,0.75,last_token,remove_random,1,ko,ja,mrr,0.758890159027842,1024,2048,metric,,,,
Qwen/Qwen2.5-0.5B,18,0.75,last_token,remove_random,1,ko,zh,r1,0.39453125,1024,2048,metric,,,,
Qwen/Qwen2.5-0.5B,18,0.75,last_token,remove_random,1,ko,zh,mrr,0.487785968136482,1024,2048,metric,,,,
Qwen/Qwen2.5-0.5B,18,0.75,last_token,remove_random,1,ja,en,r1,0.43359375,1024,2048,metric,,,,
Qwen/Qwen2.5-0.5B,18,0.75,last_token,remove_random,1,ja,en,mrr,0.5490820998580184,1024,2048,metric,,,,
Qwen/Qwen2.5-0.5B,18,0.75,last_token,remove_random,1,ja,ko,r1,0.62890625,1024,2048,metric,,,,
Qwen/Qwen2.5-0.5B,18,0.75,last_token,remove_random,1,ja,ko,mrr,0.711930936318567,1024,2048,metric,,,,
Qwen/Qwen2.5-0.5B,18,0.75,last_token,remove_random,1,ja,zh,r1,0.45703125,1024,2048,metric,,,,
Qwen/Qwen2.5-0.5B,18,0.75,last_token,remove_random,1,ja,zh,mrr,0.5526212267687161,1024,2048,metric,,,,
Qwen/Qwen2.5-0.5B,18,0.75,last_token,remove_random,1,zh,en,r1,0.677734375,1024,2048,metric,,,,
Qwen/Qwen2.5-0.5B,18,0.75,last_token,remove_random,1,zh,en,mrr,0.755443651911246,1024,2048,metric,,,,
Qwen/Qwen2.5-0.5B,18,0.75,last_token,remove_random,1,zh,ko,r1,0.552734375,1024,2048,metric,,,,
Qwen/Qwen2.5-0.5B,18,0.75,last_token,remove_random,1,zh,ko,mrr,0.6391014676038064,1024,2048,metric,,,,
Qwen/Qwen2.5-0.5B,18,0.75,last_token,remove_random,1,zh,ja,r1,0.517578125,1024,2048,metric,,,,
Qwen/Qwen2.5-0.5B,18,0.75,last_token,remove_random,1,zh,ja,mrr,0.6292277994506345,1024,2048,metric,,,,
Qwen/Qwen2.5-0.5B,19,0.7916666666666666,last_token,remove_random,1,en,ko,r1,0.384765625,1024,2048,metric,,,,
Qwen/Qwen2.5-0.5B,19,0.7916666666666666,last_token,remove_random,1,en,ko,mrr,0.5184644083149328,1024,2048,metric,,,,
Qwen/Qwen2.5-0.5B,19,0.7916666666666666,last_token,remove_random,1,en,ja,r1,0.58984375,1024,2048,metric,,,,
Qwen/Qwen2.5-0.5B,19,0.7916666666666666,last_token,remove_random,1,en,ja,mrr,0.7045993706410585,1024,2048,metric,,,,
Qwen/Qwen2.5-0.5B,19,0.7916666666666666,last_token,remove_random,1,en,zh,r1,0.736328125,1024,2048,metric,,,,
Qwen/Qwen2.5-0.5B,19,0.7916666666666666,last_token,remove_random,1,en,zh,mrr,0.7973083539205537,1024,2048,metric,,,,
Qwen/Qwen2.5-0.5B,19,0.7916666666666666,last_token,remove_random,1,ko,en,r1,0.333984375,1024,2048,metric,,,,
Qwen/Qwen2.5-0.5B,19,0.7916666666666666,last_token,remove_random,1,ko,en,mrr,0.452754208082582,1024,2048,metric,,,,
Qwen/Qwen2.5-0.5B,19,0.7916666666666666,last_token,remove_random,1,ko,ja,r1,0.669921875,1024,2048,metric,,,,
Qwen/Qwen2.5-0.5B,19,0.7916666666666666,last_token,remove_random,1,ko,ja,mrr,0.7480116976508807,1024,2048,metric,,,,
Qwen/Qwen2.5-0.5B,19,0.7916666666666666,last_token,remove_random,1,ko,zh,r1,0.3671875,1024,2048,metric,,,,
Qwen/Qwen2.5-0.5B,19,0.7916666666666666,last_token,remove_random,1,ko,zh,mrr,0.46933154681114875,1024,2048,metric,,,,
Qwen/Qwen2.5-0.5B,19,0.7916666666666666,last_token,remove_random,1,ja,en,r1,0.439453125,1024,2048,metric,,,,
Qwen/Qwen2.5-0.5B,19,0.7916666666666666,last_token,remove_random,1,ja,en,mrr,0.5536372264084888,1024,2048,metric,,,,
Qwen/Qwen2.5-0.5B,19,0.7916666666666666,last_token,remove_random,1,ja,ko,r1,0.591796875,1024,2048,metric,,,,
Qwen/Qwen2.5-0.5B,19,0.7916666666666666,last_token,remove_random,1,ja,ko,mrr,0.6804178717059954,1024,2048,metric,,,,
Qwen/Qwen2.5-0.5B,19,0.7916666666666666,last_token,remove_random,1,ja,zh,r1,0.443359375,1024,2048,metric,,,,
Qwen/Qwen2.5-0.5B,19,0.7916666666666666,last_token,remove_random,1,ja,zh,mrr,0.550745198019215,1024,2048,metric,,,,
Qwen/Qwen2.5-0.5B,19,0.7916666666666666,last_token,remove_random,1,zh,en,r1,0.689453125,1024,2048,metric,,,,
Qwen/Qwen2.5-0.5B,19,0.7916666666666666,last_token,remove_random,1,zh,en,mrr,0.7655056159077094,1024,2048,metric,,,,
Qwen/Qwen2.5-0.5B,19,0.7916666666666666,last_token,remove_random,1,zh,ko,r1,0.38671875,1024,2048,metric,,,,
Qwen/Qwen2.5-0.5B,19,0.7916666666666666,last_token,remove_random,1,zh,ko,mrr,0.5037770979590361,1024,2048,metric,,,,
Qwen/Qwen2.5-0.5B,19,0.7916666666666666,last_token,remove_random,1,zh,ja,r1,0.486328125,1024,2048,metric,,,,
Qwen/Qwen2.5-0.5B,19,0.7916666666666666,last_token,remove_random,1,zh,ja,mrr,0.6065345462155427,1024,2048,metric,,,,
Qwen/Qwen2.5-0.5B,20,0.8333333333333334,last_token,remove_random,1,en,ko,r1,0.390625,1024,2048,metric,,,,
Qwen/Qwen2.5-0.5B,20,0.8333333333333334,last_token,remove_random,1,en,ko,mrr,0.5224864998276302,1024,2048,metric,,,,
Qwen/Qwen2.5-0.5B,20,0.8333333333333334,last_token,remove_random,1,en,ja,r1,0.630859375,1024,2048,metric,,,,
Qwen/Qwen2.5-0.5B,20,0.8333333333333334,last_token,remove_random,1,en,ja,mrr,0.7346737696953691,1024,2048,metric,,,,
Qwen/Qwen2.5-0.5B,20,0.8333333333333334,last_token,remove_random,1,en,zh,r1,0.732421875,1024,2048,metric,,,,
Qwen/Qwen2.5-0.5B,20,0.8333333333333334,last_token,remove_random,1,en,zh,mrr,0.8012428421999906,1024,2048,metric,,,,
Qwen/Qwen2.5-0.5B,20,0.8333333333333334,last_token,remove_random,1,ko,en,r1,0.2890625,1024,2048,metric,,,,
Qwen/Qwen2.5-0.5B,20,0.8333333333333334,last_token,remove_random,1,ko,en,mrr,0.3955882075864458,1024,2048,metric,,,,
Qwen/Qwen2.5-0.5B,20,0.8333333333333334,last_token,remove_random,1,ko,ja,r1,0.611328125,1024,2048,metric,,,,
Qwen/Qwen2.5-0.5B,20,0.8333333333333334,last_token,remove_random,1,ko,ja,mrr,0.7095572268044817,1024,2048,metric,,,,
Qwen/Qwen2.5-0.5B,20,0.8333333333333334,last_token,remove_random,1,ko,zh,r1,0.310546875,1024,2048,metric,,,,
Qwen/Qwen2.5-0.5B,20,0.8333333333333334,last_token,remove_random,1,ko,zh,mrr,0.42391959274596785,1024,2048,metric,,,,
Qwen/Qwen2.5-0.5B,20,0.8333333333333334,last_token,remove_random,1,ja,en,r1,0.35546875,1024,2048,metric,,,,
Qwen/Qwen2.5-0.5B,20,0.8333333333333334,last_token,remove_random,1,ja,en,mrr,0.4634404701406424,1024,2048,metric,,,,
Qwen/Qwen2.5-0.5B,20,0.8333333333333334,last_token,remove_random,1,ja,ko,r1,0.478515625,1024,2048,metric,,,,
Qwen/Qwen2.5-0.5B,20,0.8333333333333334,last_token,remove_random,1,ja,ko,mrr,0.5978144291663293,1024,2048,metric,,,,
Qwen/Qwen2.5-0.5B,20,0.8333333333333334,last_token,remove_random,1,ja,zh,r1,0.443359375,1024,2048,metric,,,,
Qwen/Qwen2.5-0.5B,20,0.8333333333333334,last_token,remove_random,1,ja,zh,mrr,0.5535129756516763,1024,2048,metric,,,,
Qwen/Qwen2.5-0.5B,20,0.8333333333333334,last_token,remove_random,1,zh,en,r1,0.611328125,1024,2048,metric,,,,
Qwen/Qwen2.5-0.5B,20,0.8333333333333334,last_token,remove_random,1,zh,en,mrr,0.70967765333668,1024,2048,metric,,,,
Qwen/Qwen2.5-0.5B,20,0.8333333333333334,last_token,remove_random,1,zh,ko,r1,0.39453125,1024,2048,metric,,,,
Qwen/Qwen2.5-0.5B,20,0.8333333333333334,last_token,remove_random,1,zh,ko,mrr,0.5175858117483232,1024,2048,metric,,,,
Qwen/Qwen2.5-0.5B,20,0.8333333333333334,last_token,remove_random,1,zh,ja,r1,0.552734375,1024,2048,metric,,,,
Qwen/Qwen2.5-0.5B,20,0.8333333333333334,last_token,remove_random,1,zh,ja,mrr,0.6708801623658647,1024,2048,metric,,,,
Qwen/Qwen2.5-0.5B,21,0.875,last_token,remove_random,1,en,ko,r1,0.521484375,1024,2048,metric,,,,
Qwen/Qwen2.5-0.5B,21,0.875,last_token,remove_random,1,en,ko,mrr,0.6411982334604283,1024,2048,metric,,,,
Qwen/Qwen2.5-0.5B,21,0.875,last_token,remove_random,1,en,ja,r1,0.609375,1024,2048,metric,,,,
Qwen/Qwen2.5-0.5B,21,0.875,last_token,remove_random,1,en,ja,mrr,0.7201507714727149,1024,2048,metric,,,,
Qwen/Qwen2.5-0.5B,21,0.875,last_token,remove_random,1,en,zh,r1,0.841796875,1024,2048,metric,,,,
Qwen/Qwen2.5-0.5B,21,0.875,last_token,remove_random,1,en,zh,mrr,0.8945829570713641,1024,2048,metric,,,,
Qwen/Qwen2.5-0.5B,21,0.875,last_token,remove_random,1,ko,en,r1,0.28125,1024,2048,metric,,,,
Qwen/Qwen2.5-0.5B,21,0.875,last_token,remove_random,1,ko,en,mrr,0.38860626254413894,1024,2048,metric,,,,
Qwen/Qwen2.5-0.5B,21,0.875,last_token,remove_random,1,ko,ja,r1,0.443359375,1024,2048,metric,,,,
Qwen/Qwen2.5-0.5B,21,0.875,last_token,remove_random,1,ko,ja,mrr,0.5614498410787019,1024,2048,metric,,,,
Qwen/Qwen2.5-0.5B,21,0.875,last_token,remove_random,1,ko,zh,r1,0.42578125,1024,2048,metric,,,,
Qwen/Qwen2.5-0.5B,21,0.875,last_token,remove_random,1,ko,zh,mrr,0.5388789187188692,1024,2048,metric,,,,
Qwen/Qwen2.5-0.5B,21,0.875,last_token,remove_random,1,ja,en,r1,0.50390625,1024,2048,metric,,,,
Qwen/Qwen2.5-0.5B,21,0.875,last_token,remove_random,1,ja,en,mrr,0.6168686947616674,1024,2048,metric,,,,
Qwen/Qwen2.5-0.5B,21,0.875,last_token,remove_random,1,ja,ko,r1,0.677734375,1024,2048,metric,,,,
Qwen/Qwen2.5-0.5B,21,0.875,last_token,remove_random,1,ja,ko,mrr,0.7669470150650546,1024,2048,metric,,,,
Qwen/Qwen2.5-0.5B,21,0.875,last_token,remove_random,1,ja,zh,r1,0.662109375,1024,2048,metric,,,,
Qwen/Qwen2.5-0.5B,21,0.875,last_token,remove_random,1,ja,zh,mrr,0.7526646394788983,1024,2048,metric,,,,
Qwen/Qwen2.5-0.5B,21,0.875,last_token,remove_random,1,zh,en,r1,0.7734375,1024,2048,metric,,,,
Qwen/Qwen2.5-0.5B,21,0.875,last_token,remove_random,1,zh,en,mrr,0.8438307654905854,1024,2048,metric,,,,
Qwen/Qwen2.5-0.5B,21,0.875,last_token,remove_random,1,zh,ko,r1,0.55078125,1024,2048,metric,,,,
Qwen/Qwen2.5-0.5B,21,0.875,last_token,remove_random,1,zh,ko,mrr,0.6571057895863097,1024,2048,metric,,,,
Qwen/Qwen2.5-0.5B,21,0.875,last_token,remove_random,1,zh,ja,r1,0.5546875,1024,2048,metric,,,,
Qwen/Qwen2.5-0.5B,21,0.875,last_token,remove_random,1,zh,ja,mrr,0.6672348096997265,1024,2048,metric,,,,
Qwen/Qwen2.5-0.5B,22,0.9166666666666666,last_token,remove_random,1,en,ko,r1,0.5859375,1024,2048,metric,,,,
Qwen/Qwen2.5-0.5B,22,0.9166666666666666,last_token,remove_random,1,en,ko,mrr,0.6961394310561348,1024,2048,metric,,,,
Qwen/Qwen2.5-0.5B,22,0.9166666666666666,last_token,remove_random,1,en,ja,r1,0.71875,1024,2048,metric,,,,
Qwen/Qwen2.5-0.5B,22,0.9166666666666666,last_token,remove_random,1,en,ja,mrr,0.8083332715738492,1024,2048,metric,,,,
Qwen/Qwen2.5-0.5B,22,0.9166666666666666,last_token,remove_random,1,en,zh,r1,0.875,1024,2048,metric,,,,
Qwen/Qwen2.5-0.5B,22,0.9166666666666666,last_token,remove_random,1,en,zh,mrr,0.9202961190327505,1024,2048,metric,,,,
Qwen/Qwen2.5-0.5B,22,0.9166666666666666,last_token,remove_random,1,ko,en,r1,0.24609375,1024,2048,metric,,,,
Qwen/Qwen2.5-0.5B,22,0.9166666666666666,last_token,remove_random,1,ko,en,mrr,0.3383446712635043,1024,2048,metric,,,,
Qwen/Qwen2.5-0.5B,22,0.9166666666666666,last_token,remove_random,1,ko,ja,r1,0.513671875,1024,2048,metric,,,,
Qwen/Qwen2.5-0.5B,22,0.9166666666666666,last_token,remove_random,1,ko,ja,mrr,0.6263756505882236,1024,2048,metric,,,,
Qwen/Qwen2.5-0.5B,22,0.9166666666666666,last_token,remove_random,1,ko,zh,r1,0.427734375,1024,2048,metric,,,,
Qwen/Qwen2.5-0.5B,22,0.9166666666666666,last_token,remove_random,1,ko,zh,mrr,0.5396640889238629,1024,2048,metric,,,,
Qwen/Qwen2.5-0.5B,22,0.9166666666666666,last_token,remove_random,1,ja,en,r1,0.494140625,1024,2048,metric,,,,
Qwen/Qwen2.5-0.5B,22,0.9166666666666666,last_token,remove_random,1,ja,en,mrr,0.6079379954584652,1024,2048,metric,,,,
Qwen/Qwen2.5-0.5B,22,0.9166666666666666,last_token,remove_random,1,ja,ko,r1,0.720703125,1024,2048,metric,,,,
Qwen/Qwen2.5-0.5B,22,0.9166666666666666,last_token,remove_random,1,ja,ko,mrr,0.7922184583906419,1024,2048,metric,,,,
Qwen/Qwen2.5-0.5B,22,0.9166666666666666,last_token,remove_random,1,ja,zh,r1,0.748046875,1024,2048,metric,,,,
Qwen/Qwen2.5-0.5B,22,0.9166666666666666,last_token,remove_random,1,ja,zh,mrr,0.8187814234319346,1024,2048,metric,,,,
Qwen/Qwen2.5-0.5B,22,0.9166666666666666,last_token,remove_random,1,zh,en,r1,0.791015625,1024,2048,metric,,,,
Qwen/Qwen2.5-0.5B,22,0.9166666666666666,last_token,remove_random,1,zh,en,mrr,0.8541532574651591,1024,2048,metric,,,,
Qwen/Qwen2.5-0.5B,22,0.9166666666666666,last_token,remove_random,1,zh,ko,r1,0.591796875,1024,2048,metric,,,,
Qwen/Qwen2.5-0.5B,22,0.9166666666666666,last_token,remove_random,1,zh,ko,mrr,0.6970533548203262,1024,2048,metric,,,,
Qwen/Qwen2.5-0.5B,22,0.9166666666666666,last_token,remove_random,1,zh,ja,r1,0.67578125,1024,2048,metric,,,,
Qwen/Qwen2.5-0.5B,22,0.9166666666666666,last_token,remove_random,1,zh,ja,mrr,0.778237498174746,1024,2048,metric,,,,
Qwen/Qwen2.5-0.5B,23,0.9583333333333334,last_token,remove_random,1,en,ko,r1,0.193359375,1024,2048,metric,,,,
Qwen/Qwen2.5-0.5B,23,0.9583333333333334,last_token,remove_random,1,en,ko,mrr,0.3014404712051624,1024,2048,metric,,,,
Qwen/Qwen2.5-0.5B,23,0.9583333333333334,last_token,remove_random,1,en,ja,r1,0.708984375,1024,2048,metric,,,,
Qwen/Qwen2.5-0.5B,23,0.9583333333333334,last_token,remove_random,1,en,ja,mrr,0.80555040621262,1024,2048,metric,,,,
Qwen/Qwen2.5-0.5B,23,0.9583333333333334,last_token,remove_random,1,en,zh,r1,0.8359375,1024,2048,metric,,,,
Qwen/Qwen2.5-0.5B,23,0.9583333333333334,last_token,remove_random,1,en,zh,mrr,0.8909419250987736,1024,2048,metric,,,,
Qwen/Qwen2.5-0.5B,23,0.9583333333333334,last_token,remove_random,1,ko,en,r1,0.359375,1024,2048,metric,,,,
Qwen/Qwen2.5-0.5B,23,0.9583333333333334,last_token,remove_random,1,ko,en,mrr,0.45466678917542547,1024,2048,metric,,,,
Qwen/Qwen2.5-0.5B,23,0.9583333333333334,last_token,remove_random,1,ko,ja,r1,0.55859375,1024,2048,metric,,,,
Qwen/Qwen2.5-0.5B,23,0.9583333333333334,last_token,remove_random,1,ko,ja,mrr,0.654892849375608,1024,2048,metric,,,,
Qwen/Qwen2.5-0.5B,23,0.9583333333333334,last_token,remove_random,1,ko,zh,r1,0.412109375,1024,2048,metric,,,,
Qwen/Qwen2.5-0.5B,23,0.9583333333333334,last_token,remove_random,1,ko,zh,mrr,0.5222718119559968,1024,2048,metric,,,,
Qwen/Qwen2.5-0.5B,23,0.9583333333333334,last_token,remove_random,1,ja,en,r1,0.439453125,1024,2048,metric,,,,
Qwen/Qwen2.5-0.5B,23,0.9583333333333334,last_token,remove_random,1,ja,en,mrr,0.5576269724055563,1024,2048,metric,,,,
Qwen/Qwen2.5-0.5B,23,0.9583333333333334,last_token,remove_random,1,ja,ko,r1,0.376953125,1024,2048,metric,,,,
Qwen/Qwen2.5-0.5B,23,0.9583333333333334,last_token,remove_random,1,ja,ko,mrr,0.4828363273668806,1024,2048,metric,,,,
Qwen/Qwen2.5-0.5B,23,0.9583333333333334,last_token,remove_random,1,ja,zh,r1,0.765625,1024,2048,metric,,,,
Qwen/Qwen2.5-0.5B,23,0.9583333333333334,last_token,remove_random,1,ja,zh,mrr,0.8372570312848167,1024,2048,metric,,,,
Qwen/Qwen2.5-0.5B,23,0.9583333333333334,last_token,remove_random,1,zh,en,r1,0.734375,1024,2048,metric,,,,
Qwen/Qwen2.5-0.5B,23,0.9583333333333334,last_token,remove_random,1,zh,en,mrr,0.8090980839091223,1024,2048,metric,,,,
Qwen/Qwen2.5-0.5B,23,0.9583333333333334,last_token,remove_random,1,zh,ko,r1,0.232421875,1024,2048,metric,,,,
Qwen/Qwen2.5-0.5B,23,0.9583333333333334,last_token,remove_random,1,zh,ko,mrr,0.33922465005398905,1024,2048,metric,,,,
Qwen/Qwen2.5-0.5B,23,0.9583333333333334,last_token,remove_random,1,zh,ja,r1,0.68359375,1024,2048,metric,,,,
Qwen/Qwen2.5-0.5B,23,0.9583333333333334,last_token,remove_random,1,zh,ja,mrr,0.7794446185492809,1024,2048,metric,,,,
Qwen/Qwen2.5-0.5B,24,1.0,last_token,remove_random,1,en,ko,r1,0.001953125,1024,2048,metric,,,,
Qwen/Qwen2.5-0.5B,24,1.0,last_token,remove_random,1,en,ko,mrr,0.036213772707060415,1024,2048,metric,,,,
Qwen/Qwen2.5-0.5B,24,1.0,last_token,remove_random,1,en,ja,r1,0.044921875,1024,2048,metric,,,,
Qwen/Qwen2.5-0.5B,24,1.0,last_token,remove_random,1,en,ja,mrr,0.08869804461993266,1024,2048,metric,,,,
Qwen/Qwen2.5-0.5B,24,1.0,last_token,remove_random,1,en,zh,r1,0.005859375,1024,2048,metric,,,,
Qwen/Qwen2.5-0.5B,24,1.0,last_token,remove_random,1,en,zh,mrr,0.0458651353432193,1024,2048,metric,,,,
Qwen/Qwen2.5-0.5B,24,1.0,last_token,remove_random,1,ko,en,r1,0.0078125,1024,2048,metric,,,,
Qwen/Qwen2.5-0.5B,24,1.0,last_token,remove_random,1,ko,en,mrr,0.05777021851620281,1024,2048,metric,,,,
Qwen/Qwen2.5-0.5B,24,1.0,last_token,remove_random,1,ko,ja,r1,0.02734375,1024,2048,metric,,,,
Qwen/Qwen2.5-0.5B,24,1.0,last_token,remove_random,1,ko,ja,mrr,0.06445561249002336,1024,2048,metric,,,,
Qwen/Qwen2.5-0.5B,24,1.0,last_token,remove_random,1,ko,zh,r1,0.009765625,1024,2048,metric,,,,
Qwen/Qwen2.5-0.5B,24,1.0,last_token,remove_random,1,ko,zh,mrr,0.04126023552113206,1024,2048,metric,,,,
Qwen/Qwen2.5-0.5B,24,1.0,last_token,remove_random,1,ja,en,r1,0.00390625,1024,2048,metric,,,,
Qwen/Qwen2.5-0.5B,24,1.0,last_token,remove_random,1,ja,en,mrr,0.04665396378022206,1024,2048,metric,,,,
Qwen/Qwen2.5-0.5B,24,1.0,last_token,remove_random,1,ja,ko,r1,0.001953125,1024,2048,metric,,,,
Qwen/Qwen2.5-0.5B,24,1.0,last_token,remove_random,1,ja,ko,mrr,0.05091742052716906,1024,2048,metric,,,,
Qwen/Qwen2.5-0.5B,24,1.0,last_token,remove_random,1,ja,zh,r1,0.044921875,1024,2048,metric,,,,
Qwen/Qwen2.5-0.5B,24,1.0,last_token,remove_random,1,ja,zh,mrr,0.11326451762724377,1024,2048,metric,,,,
Qwen/Qwen2.5-0.5B,24,1.0,last_token,remove_random,1,zh,en,r1,0.013671875,1024,2048,metric,,,,
Qwen/Qwen2.5-0.5B,24,1.0,last_token,remove_random,1,zh,en,mrr,0.10304925715062342,1024,2048,metric,,,,
Qwen/Qwen2.5-0.5B,24,1.0,last_token,remove_random,1,zh,ko,r1,0.015625,1024,2048,metric,,,,
Qwen/Qwen2.5-0.5B,24,1.0,last_token,remove_random,1,zh,ko,mrr,0.10240002335893263,1024,2048,metric,,,,
Qwen/Qwen2.5-0.5B,24,1.0,last_token,remove_random,1,zh,ja,r1,0.1875,1024,2048,metric,,,,
Qwen/Qwen2.5-0.5B,24,1.0,last_token,remove_random,1,zh,ja,mrr,0.3062045628718925,1024,2048,metric,,,,
Qwen/Qwen2.5-0.5B,7,0.2916666666666667,mean,remove_random,1,en,ko,r1,0.009765625,1024,2048,metric,,,,
Qwen/Qwen2.5-0.5B,7,0.2916666666666667,mean,remove_random,1,en,ko,mrr,0.03497657987902706,1024,2048,metric,,,,
Qwen/Qwen2.5-0.5B,7,0.2916666666666667,mean,remove_random,1,en,ja,r1,0.044921875,1024,2048,metric,,,,
Qwen/Qwen2.5-0.5B,7,0.2916666666666667,mean,remove_random,1,en,ja,mrr,0.08207938219050277,1024,2048,metric,,,,
Qwen/Qwen2.5-0.5B,7,0.2916666666666667,mean,remove_random,1,en,zh,r1,0.76953125,1024,2048,metric,,,,
Qwen/Qwen2.5-0.5B,7,0.2916666666666667,mean,remove_random,1,en,zh,mrr,0.7965135485454118,1024,2048,metric,,,,
Qwen/Qwen2.5-0.5B,7,0.2916666666666667,mean,remove_random,1,ko,en,r1,0.556640625,1024,2048,metric,,,,
Qwen/Qwen2.5-0.5B,7,0.2916666666666667,mean,remove_random,1,ko,en,mrr,0.6533674010556669,1024,2048,metric,,,,
Qwen/Qwen2.5-0.5B,7,0.2916666666666667,mean,remove_random,1,ko,ja,r1,0.767578125,1024,2048,metric,,,,
Qwen/Qwen2.5-0.5B,7,0.2916666666666667,mean,remove_random,1,ko,ja,mrr,0.8153987397740285,1024,2048,metric,,,,
Qwen/Qwen2.5-0.5B,7,0.2916666666666667,mean,remove_random,1,ko,zh,r1,0.38671875,1024,2048,metric,,,,
Qwen/Qwen2.5-0.5B,7,0.2916666666666667,mean,remove_random,1,ko,zh,mrr,0.48519396412416016,1024,2048,metric,,,,
Qwen/Qwen2.5-0.5B,7,0.2916666666666667,mean,remove_random,1,ja,en,r1,0.76171875,1024,2048,metric,,,,
Qwen/Qwen2.5-0.5B,7,0.2916666666666667,mean,remove_random,1,ja,en,mrr,0.8233614760606245,1024,2048,metric,,,,
Qwen/Qwen2.5-0.5B,7,0.2916666666666667,mean,remove_random,1,ja,ko,r1,0.5703125,1024,2048,metric,,,,
Qwen/Qwen2.5-0.5B,7,0.2916666666666667,mean,remove_random,1,ja,ko,mrr,0.6270584970722923,1024,2048,metric,,,,
Qwen/Qwen2.5-0.5B,7,0.2916666666666667,mean,remove_random,1,ja,zh,r1,0.677734375,1024,2048,metric,,,,
Qwen/Qwen2.5-0.5B,7,0.2916666666666667,mean,remove_random,1,ja,zh,mrr,0.7435792114895353,1024,2048,metric,,,,
Qwen/Qwen2.5-0.5B,7,0.2916666666666667,mean,remove_random,1,zh,en,r1,0.837890625,1024,2048,metric,,,,
Qwen/Qwen2.5-0.5B,7,0.2916666666666667,mean,remove_random,1,zh,en,mrr,0.8689098474323332,1024,2048,metric,,,,
Qwen/Qwen2.5-0.5B,7,0.2916666666666667,mean,remove_random,1,zh,ko,r1,0.0390625,1024,2048,metric,,,,
Qwen/Qwen2.5-0.5B,7,0.2916666666666667,mean,remove_random,1,zh,ko,mrr,0.07418439703464981,1024,2048,metric,,,,
Qwen/Qwen2.5-0.5B,7,0.2916666666666667,mean,remove_random,1,zh,ja,r1,0.126953125,1024,2048,metric,,,,
Qwen/Qwen2.5-0.5B,7,0.2916666666666667,mean,remove_random,1,zh,ja,mrr,0.1776086522545252,1024,2048,metric,,,,
Qwen/Qwen2.5-0.5B,8,0.3333333333333333,mean,remove_random,1,en,ko,r1,0.013671875,1024,2048,metric,,,,
Qwen/Qwen2.5-0.5B,8,0.3333333333333333,mean,remove_random,1,en,ko,mrr,0.0393284043700526,1024,2048,metric,,,,
Qwen/Qwen2.5-0.5B,8,0.3333333333333333,mean,remove_random,1,en,ja,r1,0.048828125,1024,2048,metric,,,,
Qwen/Qwen2.5-0.5B,8,0.3333333333333333,mean,remove_random,1,en,ja,mrr,0.08418411845504578,1024,2048,metric,,,,
Qwen/Qwen2.5-0.5B,8,0.3333333333333333,mean,remove_random,1,en,zh,r1,0.796875,1024,2048,metric,,,,
Qwen/Qwen2.5-0.5B,8,0.3333333333333333,mean,remove_random,1,en,zh,mrr,0.8199250821095048,1024,2048,metric,,,,
Qwen/Qwen2.5-0.5B,8,0.3333333333333333,mean,remove_random,1,ko,en,r1,0.619140625,1024,2048,metric,,,,
Qwen/Qwen2.5-0.5B,8,0.3333333333333333,mean,remove_random,1,ko,en,mrr,0.7156405730479138,1024,2048,metric,,,,
Qwen/Qwen2.5-0.5B,8,0.3333333333333333,mean,remove_random,1,ko,ja,r1,0.8125,1024,2048,metric,,,,
Qwen/Qwen2.5-0.5B,8,0.3333333333333333,mean,remove_random,1,ko,ja,mrr,0.8526114613897628,1024,2048,metric,,,,
Qwen/Qwen2.5-0.5B,8,0.3333333333333333,mean,remove_random,1,ko,zh,r1,0.470703125,1024,2048,metric,,,,
Qwen/Qwen2.5-0.5B,8,0.3333333333333333,mean,remove_random,1,ko,zh,mrr,0.5793949618247032,1024,2048,metric,,,,
Qwen/Qwen2.5-0.5B,8,0.3333333333333333,mean,remove_random,1,ja,en,r1,0.80859375,1024,2048,metric,,,,
Qwen/Qwen2.5-0.5B,8,0.3333333333333333,mean,remove_random,1,ja,en,mrr,0.8572225499778567,1024,2048,metric,,,,
Qwen/Qwen2.5-0.5B,8,0.3333333333333333,mean,remove_random,1,ja,ko,r1,0.607421875,1024,2048,metric,,,,
Qwen/Qwen2.5-0.5B,8,0.3333333333333333,mean,remove_random,1,ja,ko,mrr,0.6598953262971295,1024,2048,metric,,,,
Qwen/Qwen2.5-0.5B,8,0.3333333333333333,mean,remove_random,1,ja,zh,r1,0.732421875,1024,2048,metric,,,,
Qwen/Qwen2.5-0.5B,8,0.3333333333333333,mean,remove_random,1,ja,zh,mrr,0.8009664187915112,1024,2048,metric,,,,
Qwen/Qwen2.5-0.5B,8,0.3333333333333333,mean,remove_random,1,zh,en,r1,0.857421875,1024,2048,metric,,,,
Qwen/Qwen2.5-0.5B,8,0.3333333333333333,mean,remove_random,1,zh,en,mrr,0.8851003723332259,1024,2048,metric,,,,
Qwen/Qwen2.5-0.5B,8,0.3333333333333333,mean,remove_random,1,zh,ko,r1,0.041015625,1024,2048,metric,,,,
Qwen/Qwen2.5-0.5B,8,0.3333333333333333,mean,remove_random,1,zh,ko,mrr,0.07460045894065945,1024,2048,metric,,,,
Qwen/Qwen2.5-0.5B,8,0.3333333333333333,mean,remove_random,1,zh,ja,r1,0.12890625,1024,2048,metric,,,,
Qwen/Qwen2.5-0.5B,8,0.3333333333333333,mean,remove_random,1,zh,ja,mrr,0.17448554886990866,1024,2048,metric,,,,
Qwen/Qwen2.5-0.5B,9,0.375,mean,remove_random,1,en,ko,r1,0.015625,1024,2048,metric,,,,
Qwen/Qwen2.5-0.5B,9,0.375,mean,remove_random,1,en,ko,mrr,0.043588726400522707,1024,2048,metric,,,,
Qwen/Qwen2.5-0.5B,9,0.375,mean,remove_random,1,en,ja,r1,0.072265625,1024,2048,metric,,,,
Qwen/Qwen2.5-0.5B,9,0.375,mean,remove_random,1,en,ja,mrr,0.10381595595613496,1024,2048,metric,,,,
Qwen/Qwen2.5-0.5B,9,0.375,mean,remove_random,1,en,zh,r1,0.8125,1024,2048,metric,,,,
Qwen/Qwen2.5-0.5B,9,0.375,mean,remove_random,1,en,zh,mrr,0.8353938740183925,1024,2048,metric,,,,
Qwen/Qwen2.5-0.5B,9,0.375,mean,remove_random,1,ko,en,r1,0.6796875,1024,2048,metric,,,,
Qwen/Qwen2.5-0.5B,9,0.375,mean,remove_random,1,ko,en,mrr,0.7548804303143999,1024,2048,metric,,,,
Qwen/Qwen2.5-0.5B,9,0.375,mean,remove_random,1,ko,ja,r1,0.830078125,1024,2048,metric,,,,
Qwen/Qwen2.5-0.5B,9,0.375,mean,remove_random,1,ko,ja,mrr,0.8644599252424249,1024,2048,metric,,,,
Qwen/Qwen2.5-0.5B,9,0.375,mean,remove_random,1,ko,zh,r1,0.51953125,1024,2048,metric,,,,
Qwen/Qwen2.5-0.5B,9,0.375,mean,remove_random,1,ko,zh,mrr,0.6132348929676188,1024,2048,metric,,,,
Qwen/Qwen2.5-0.5B,9,0.375,mean,remove_random,1,ja,en,r1,0.810546875,1024,2048,metric,,,,
Qwen/Qwen2.5-0.5B,9,0.375,mean,remove_random,1,ja,en,mrr,0.8597060979210835,1024,2048,metric,,,,
Qwen/Qwen2.5-0.5B,9,0.375,mean,remove_random,1,ja,ko,r1,0.6484375,1024,2048,metric,,,,
Qwen/Qwen2.5-0.5B,9,0.375,mean,remove_random,1,ja,ko,mrr,0.6888862489377212,1024,2048,metric,,,,
Qwen/Qwen2.5-0.5B,9,0.375,mean,remove_random,1,ja,zh,r1,0.755859375,1024,2048,metric,,,,
Qwen/Qwen2.5-0.5B,9,0.375,mean,remove_random,1,ja,zh,mrr,0.8091030598538528,1024,2048,metric,,,,
Qwen/Qwen2.5-0.5B,9,0.375,mean,remove_random,1,zh,en,r1,0.853515625,1024,2048,metric,,,,
Qwen/Qwen2.5-0.5B,9,0.375,mean,remove_random,1,zh,en,mrr,0.8840897636710893,1024,2048,metric,,,,
Qwen/Qwen2.5-0.5B,9,0.375,mean,remove_random,1,zh,ko,r1,0.04296875,1024,2048,metric,,,,
Qwen/Qwen2.5-0.5B,9,0.375,mean,remove_random,1,zh,ko,mrr,0.08439692286136666,1024,2048,metric,,,,
Qwen/Qwen2.5-0.5B,9,0.375,mean,remove_random,1,zh,ja,r1,0.142578125,1024,2048,metric,,,,
Qwen/Qwen2.5-0.5B,9,0.375,mean,remove_random,1,zh,ja,mrr,0.1963796277046927,1024,2048,metric,,,,
Qwen/Qwen2.5-0.5B,10,0.4166666666666667,mean,remove_random,1,en,ko,r1,0.01953125,1024,2048,metric,,,,
Qwen/Qwen2.5-0.5B,10,0.4166666666666667,mean,remove_random,1,en,ko,mrr,0.04882553295202971,1024,2048,metric,,,,
Qwen/Qwen2.5-0.5B,10,0.4166666666666667,mean,remove_random,1,en,ja,r1,0.0859375,1024,2048,metric,,,,
Qwen/Qwen2.5-0.5B,10,0.4166666666666667,mean,remove_random,1,en,ja,mrr,0.1196572499875023,1024,2048,metric,,,,
Qwen/Qwen2.5-0.5B,10,0.4166666666666667,mean,remove_random,1,en,zh,r1,0.837890625,1024,2048,metric,,,,
Qwen/Qwen2.5-0.5B,10,0.4166666666666667,mean,remove_random,1,en,zh,mrr,0.8557144414495491,1024,2048,metric,,,,
Qwen/Qwen2.5-0.5B,10,0.4166666666666667,mean,remove_random,1,ko,en,r1,0.701171875,1024,2048,metric,,,,
Qwen/Qwen2.5-0.5B,10,0.4166666666666667,mean,remove_random,1,ko,en,mrr,0.7837878070941235,1024,2048,metric,,,,
Qwen/Qwen2.5-0.5B,10,0.4166666666666667,mean,remove_random,1,ko,ja,r1,0.841796875,1024,2048,metric,,,,
Qwen/Qwen2.5-0.5B,10,0.4166666666666667,mean,remove_random,1,ko,ja,mrr,0.873827516510277,1024,2048,metric,,,,
Qwen/Qwen2.5-0.5B,10,0.4166666666666667,mean,remove_random,1,ko,zh,r1,0.544921875,1024,2048,metric,,,,
Qwen/Qwen2.5-0.5B,10,0.4166666666666667,mean,remove_random,1,ko,zh,mrr,0.6396471096785926,1024,2048,metric,,,,
Qwen/Qwen2.5-0.5B,10,0.4166666666666667,mean,remove_random,1,ja,en,r1,0.828125,1024,2048,metric,,,,
Qwen/Qwen2.5-0.5B,10,0.4166666666666667,mean,remove_random,1,ja,en,mrr,0.8769734310462877,1024,2048,metric,,,,
Qwen/Qwen2.5-0.5B,10,0.4166666666666667,mean,remove_random,1,ja,ko,r1,0.662109375,1024,2048,metric,,,,
Qwen/Qwen2.5-0.5B,10,0.4166666666666667,mean,remove_random,1,ja,ko,mrr,0.7040894194600975,1024,2048,metric,,,,
Qwen/Qwen2.5-0.5B,10,0.4166666666666667,mean,remove_random,1,ja,zh,r1,0.77734375,1024,2048,metric,,,,
Qwen/Qwen2.5-0.5B,10,0.4166666666666667,mean,remove_random,1,ja,zh,mrr,0.825828489295553,1024,2048,metric,,,,
Qwen/Qwen2.5-0.5B,10,0.4166666666666667,mean,remove_random,1,zh,en,r1,0.8515625,1024,2048,metric,,,,
Qwen/Qwen2.5-0.5B,10,0.4166666666666667,mean,remove_random,1,zh,en,mrr,0.8821281375745287,1024,2048,metric,,,,
Qwen/Qwen2.5-0.5B,10,0.4166666666666667,mean,remove_random,1,zh,ko,r1,0.046875,1024,2048,metric,,,,
Qwen/Qwen2.5-0.5B,10,0.4166666666666667,mean,remove_random,1,zh,ko,mrr,0.09080063933816271,1024,2048,metric,,,,
Qwen/Qwen2.5-0.5B,10,0.4166666666666667,mean,remove_random,1,zh,ja,r1,0.15625,1024,2048,metric,,,,
Qwen/Qwen2.5-0.5B,10,0.4166666666666667,mean,remove_random,1,zh,ja,mrr,0.21057004664748585,1024,2048,metric,,,,
Qwen/Qwen2.5-0.5B,11,0.4583333333333333,mean,remove_random,1,en,ko,r1,0.029296875,1024,2048,metric,,,,
Qwen/Qwen2.5-0.5B,11,0.4583333333333333,mean,remove_random,1,en,ko,mrr,0.05684605314348819,1024,2048,metric,,,,
Qwen/Qwen2.5-0.5B,11,0.4583333333333333,mean,remove_random,1,en,ja,r1,0.09765625,1024,2048,metric,,,,
Qwen/Qwen2.5-0.5B,11,0.4583333333333333,mean,remove_random,1,en,ja,mrr,0.13454921480762022,1024,2048,metric,,,,
Qwen/Qwen2.5-0.5B,11,0.4583333333333333,mean,remove_random,1,en,zh,r1,0.83984375,1024,2048,metric,,,,
Qwen/Qwen2.5-0.5B,11,0.4583333333333333,mean,remove_random,1,en,zh,mrr,0.8596390916509937,1024,2048,metric,,,,
Qwen/Qwen2.5-0.5B,11,0.4583333333333333,mean,remove_random,1,ko,en,r1,0.6953125,1024,2048,metric,,,,
Qwen/Qwen2.5-0.5B,11,0.4583333333333333,mean,remove_random,1,ko,en,mrr,0.774694474174569,1024,2048,metric,,,,
Qwen/Qwen2.5-0.5B,11,0.4583333333333333,mean,remove_random,1,ko,ja,r1,0.8515625,1024,2048,metric,,,,
Qwen/Qwen2.5-0.5B,11,0.4583333333333333,mean,remove_random,1,ko,ja,mrr,0.8825052526646233,1024,2048,metric,,,,
Qwen/Qwen2.5-0.5B,11,0.4583333333333333,mean,remove_random,1,ko,zh,r1,0.529296875,1024,2048,metric,,,,
Qwen/Qwen2.5-0.5B,11,0.4583333333333333,mean,remove_random,1,ko,zh,mrr,0.6179503278826736,1024,2048,metric,,,,
Qwen/Qwen2.5-0.5B,11,0.4583333333333333,mean,remove_random,1,ja,en,r1,0.833984375,1024,2048,metric,,,,
Qwen/Qwen2.5-0.5B,11,0.4583333333333333,mean,remove_random,1,ja,en,mrr,0.8776448535651324,1024,2048,metric,,,,
Qwen/Qwen2.5-0.5B,11,0.4583333333333333,mean,remove_random,1,ja,ko,r1,0.67578125,1024,2048,metric,,,,
Qwen/Qwen2.5-0.5B,11,0.4583333333333333,mean,remove_random,1,ja,ko,mrr,0.7201793403974406,1024,2048,metric,,,,
Qwen/Qwen2.5-0.5B,11,0.4583333333333333,mean,remove_random,1,ja,zh,r1,0.75,1024,2048,metric,,,,
Qwen/Qwen2.5-0.5B,11,0.4583333333333333,mean,remove_random,1,ja,zh,mrr,0.8060894093241211,1024,2048,metric,,,,
Qwen/Qwen2.5-0.5B,11,0.4583333333333333,mean,remove_random,1,zh,en,r1,0.841796875,1024,2048,metric,,,,
Qwen/Qwen2.5-0.5B,11,0.4583333333333333,mean,remove_random,1,zh,en,mrr,0.8743945626637262,1024,2048,metric,,,,
Qwen/Qwen2.5-0.5B,11,0.4583333333333333,mean,remove_random,1,zh,ko,r1,0.05859375,1024,2048,metric,,,,
Qwen/Qwen2.5-0.5B,11,0.4583333333333333,mean,remove_random,1,zh,ko,mrr,0.10034909114913038,1024,2048,metric,,,,
Qwen/Qwen2.5-0.5B,11,0.4583333333333333,mean,remove_random,1,zh,ja,r1,0.169921875,1024,2048,metric,,,,
Qwen/Qwen2.5-0.5B,11,0.4583333333333333,mean,remove_random,1,zh,ja,mrr,0.22499767717997404,1024,2048,metric,,,,
Qwen/Qwen2.5-0.5B,12,0.5,mean,remove_random,1,en,ko,r1,0.025390625,1024,2048,metric,,,,
Qwen/Qwen2.5-0.5B,12,0.5,mean,remove_random,1,en,ko,mrr,0.05325052871948184,1024,2048,metric,,,,
Qwen/Qwen2.5-0.5B,12,0.5,mean,remove_random,1,en,ja,r1,0.083984375,1024,2048,metric,,,,
Qwen/Qwen2.5-0.5B,12,0.5,mean,remove_random,1,en,ja,mrr,0.12067803924386625,1024,2048,metric,,,,
Qwen/Qwen2.5-0.5B,12,0.5,mean,remove_random,1,en,zh,r1,0.83203125,1024,2048,metric,,,,
Qwen/Qwen2.5-0.5B,12,0.5,mean,remove_random,1,en,zh,mrr,0.8525723266870835,1024,2048,metric,,,,
Qwen/Qwen2.5-0.5B,12,0.5,mean,remove_random,1,ko,en,r1,0.70703125,1024,2048,metric,,,,
Qwen/Qwen2.5-0.5B,12,0.5,mean,remove_random,1,ko,en,mrr,0.7884398017678715,1024,2048,metric,,,,
Qwen/Qwen2.5-0.5B,12,0.5,mean,remove_random,1,ko,ja,r1,0.853515625,1024,2048,metric,,,,
Qwen/Qwen2.5-0.5B,12,0.5,mean,remove_random,1,ko,ja,mrr,0.881955791072607,1024,2048,metric,,,,
Qwen/Qwen2.5-0.5B,12,0.5,mean,remove_random,1,ko,zh,r1,0.541015625,1024,2048,metric,,,,
Qwen/Qwen2.5-0.5B,12,0.5,mean,remove_random,1,ko,zh,mrr,0.6355892001371427,1024,2048,metric,,,,
Qwen/Qwen2.5-0.5B,12,0.5,mean,remove_random,1,ja,en,r1,0.8359375,1024,2048,metric,,,,
Qwen/Qwen2.5-0.5B,12,0.5,mean,remove_random,1,ja,en,mrr,0.8813913114960876,1024,2048,metric,,,,
Qwen/Qwen2.5-0.5B,12,0.5,mean,remove_random,1,ja,ko,r1,0.67578125,1024,2048,metric,,,,
Qwen/Qwen2.5-0.5B,12,0.5,mean,remove_random,1,ja,ko,mrr,0.7174640696792774,1024,2048,metric,,,,
Qwen/Qwen2.5-0.5B,12,0.5,mean,remove_random,1,ja,zh,r1,0.765625,1024,2048,metric,,,,
Qwen/Qwen2.5-0.5B,12,0.5,mean,remove_random,1,ja,zh,mrr,0.8198687276655509,1024,2048,metric,,,,
Qwen/Qwen2.5-0.5B,12,0.5,mean,remove_random,1,zh,en,r1,0.841796875,1024,2048,metric,,,,
Qwen/Qwen2.5-0.5B,12,0.5,mean,remove_random,1,zh,en,mrr,0.8724667791751252,1024,2048,metric,,,,
Qwen/Qwen2.5-0.5B,12,0.5,mean,remove_random,1,zh,ko,r1,0.052734375,1024,2048,metric,,,,
Qwen/Qwen2.5-0.5B,12,0.5,mean,remove_random,1,zh,ko,mrr,0.09643819667769124,1024,2048,metric,,,,
Qwen/Qwen2.5-0.5B,12,0.5,mean,remove_random,1,zh,ja,r1,0.15625,1024,2048,metric,,,,
Qwen/Qwen2.5-0.5B,12,0.5,mean,remove_random,1,zh,ja,mrr,0.21047673920241255,1024,2048,metric,,,,
Qwen/Qwen2.5-0.5B,13,0.5416666666666666,mean,remove_random,1,en,ko,r1,0.025390625,1024,2048,metric,,,,
Qwen/Qwen2.5-0.5B,13,0.5416666666666666,mean,remove_random,1,en,ko,mrr,0.05319386445068919,1024,2048,metric,,,,
Qwen/Qwen2.5-0.5B,13,0.5416666666666666,mean,remove_random,1,en,ja,r1,0.076171875,1024,2048,metric,,,,
Qwen/Qwen2.5-0.5B,13,0.5416666666666666,mean,remove_random,1,en,ja,mrr,0.11634715020331886,1024,2048,metric,,,,
Qwen/Qwen2.5-0.5B,13,0.5416666666666666,mean,remove_random,1,en,zh,r1,0.830078125,1024,2048,metric,,,,
Qwen/Qwen2.5-0.5B,13,0.5416666666666666,mean,remove_random,1,en,zh,mrr,0.8506046677751395,1024,2048,metric,,,,
Qwen/Qwen2.5-0.5B,13,0.5416666666666666,mean,remove_random,1,ko,en,r1,0.697265625,1024,2048,metric,,,,
Qwen/Qwen2.5-0.5B,13,0.5416666666666666,mean,remove_random,1,ko,en,mrr,0.7831909588384381,1024,2048,metric,,,,
Qwen/Qwen2.5-0.5B,13,0.5416666666666666,mean,remove_random,1,ko,ja,r1,0.845703125,1024,2048,metric,,,,
Qwen/Qwen2.5-0.5B,13,0.5416666666666666,mean,remove_random,1,ko,ja,mrr,0.8774977102851451,1024,2048,metric,,,,
Qwen/Qwen2.5-0.5B,13,0.5416666666666666,mean,remove_random,1,ko,zh,r1,0.552734375,1024,2048,metric,,,,
Qwen/Qwen2.5-0.5B,13,0.5416666666666666,mean,remove_random,1,ko,zh,mrr,0.6410625679217659,1024,2048,metric,,,,
Qwen/Qwen2.5-0.5B,13,0.5416666666666666,mean,remove_random,1,ja,en,r1,0.80859375,1024,2048,metric,,,,
Qwen/Qwen2.5-0.5B,13,0.5416666666666666,mean,remove_random,1,ja,en,mrr,0.8625185755373862,1024,2048,metric,,,,
Qwen/Qwen2.5-0.5B,13,0.5416666666666666,mean,remove_random,1,ja,ko,r1,0.68359375,1024,2048,metric,,,,
Qwen/Qwen2.5-0.5B,13,0.5416666666666666,mean,remove_random,1,ja,ko,mrr,0.7274995005890859,1024,2048,metric,,,,
Qwen/Qwen2.5-0.5B,13,0.5416666666666666,mean,remove_random,1,ja,zh,r1,0.74609375,1024,2048,metric,,,,
Qwen/Qwen2.5-0.5B,13,0.5416666666666666,mean,remove_random,1,ja,zh,mrr,0.8015324011444984,1024,2048,metric,,,,
Qwen/Qwen2.5-0.5B,13,0.5416666666666666,mean,remove_random,1,zh,en,r1,0.837890625,1024,2048,metric,,,,
Qwen/Qwen2.5-0.5B,13,0.5416666666666666,mean,remove_random,1,zh,en,mrr,0.8692174748340724,1024,2048,metric,,,,
Qwen/Qwen2.5-0.5B,13,0.5416666666666666,mean,remove_random,1,zh,ko,r1,0.05859375,1024,2048,metric,,,,
Qwen/Qwen2.5-0.5B,13,0.5416666666666666,mean,remove_random,1,zh,ko,mrr,0.10022803823456611,1024,2048,metric,,,,
Qwen/Qwen2.5-0.5B,13,0.5416666666666666,mean,remove_random,1,zh,ja,r1,0.1484375,1024,2048,metric,,,,
Qwen/Qwen2.5-0.5B,13,0.5416666666666666,mean,remove_random,1,zh,ja,mrr,0.20495562482053156,1024,2048,metric,,,,
Qwen/Qwen2.5-0.5B,14,0.5833333333333334,mean,remove_random,1,en,ko,r1,0.025390625,1024,2048,metric,,,,
Qwen/Qwen2.5-0.5B,14,0.5833333333333334,mean,remove_random,1,en,ko,mrr,0.05161303685521736,1024,2048,metric,,,,
Qwen/Qwen2.5-0.5B,14,0.5833333333333334,mean,remove_random,1,en,ja,r1,0.076171875,1024,2048,metric,,,,
Qwen/Qwen2.5-0.5B,14,0.5833333333333334,mean,remove_random,1,en,ja,mrr,0.11448439753755046,1024,2048,metric,,,,
Qwen/Qwen2.5-0.5B,14,0.5833333333333334,mean,remove_random,1,en,zh,r1,0.8203125,1024,2048,metric,,,,
Qwen/Qwen2.5-0.5B,14,0.5833333333333334,mean,remove_random,1,en,zh,mrr,0.8471762490455317,1024,2048,metric,,,,
Qwen/Qwen2.5-0.5B,14,0.5833333333333334,mean,remove_random,1,ko,en,r1,0.681640625,1024,2048,metric,,,,
Qwen/Qwen2.5-0.5B,14,0.5833333333333334,mean,remove_random,1,ko,en,mrr,0.7656248083454928,1024,2048,metric,,,,
Qwen/Qwen2.5-0.5B,14,0.5833333333333334,mean,remove_random,1,ko,ja,r1,0.841796875,1024,2048,metric,,,,
Qwen/Qwen2.5-0.5B,14,0.5833333333333334,mean,remove_random,1,ko,ja,mrr,0.873923699129284,1024,2048,metric,,,,
Qwen/Qwen2.5-0.5B,14,0.5833333333333334,mean,remove_random,1,ko,zh,r1,0.5078125,1024,2048,metric,,,,
Qwen/Qwen2.5-0.5B,14,0.5833333333333334,mean,remove_random,1,ko,zh,mrr,0.596089077473476,1024,2048,metric,,,,
Qwen/Qwen2.5-0.5B,14,0.5833333333333334,mean,remove_random,1,ja,en,r1,0.798828125,1024,2048,metric,,,,
Qwen/Qwen2.5-0.5B,14,0.5833333333333334,mean,remove_random,1,ja,en,mrr,0.8534067771382212,1024,2048,metric,,,,
Qwen/Qwen2.5-0.5B,14,0.5833333333333334,mean,remove_random,1,ja,ko,r1,0.681640625,1024,2048,metric,,,,
Qwen/Qwen2.5-0.5B,14,0.5833333333333334,mean,remove_random,1,ja,ko,mrr,0.7256399612429614,1024,2048,metric,,,,
Qwen/Qwen2.5-0.5B,14,0.5833333333333334,mean,remove_random,1,ja,zh,r1,0.703125,1024,2048,metric,,,,
Qwen/Qwen2.5-0.5B,14,0.5833333333333334,mean,remove_random,1,ja,zh,mrr,0.7652323914628822,1024,2048,metric,,,,
Qwen/Qwen2.5-0.5B,14,0.5833333333333334,mean,remove_random,1,zh,en,r1,0.82421875,1024,2048,metric,,,,
Qwen/Qwen2.5-0.5B,14,0.5833333333333334,mean,remove_random,1,zh,en,mrr,0.8589169124685285,1024,2048,metric,,,,
Qwen/Qwen2.5-0.5B,14,0.5833333333333334,mean,remove_random,1,zh,ko,r1,0.05859375,1024,2048,metric,,,,
Qwen/Qwen2.5-0.5B,14,0.5833333333333334,mean,remove_random,1,zh,ko,mrr,0.10076628528947834,1024,2048,metric,,,,
Qwen/Qwen2.5-0.5B,14,0.5833333333333334,mean,remove_random,1,zh,ja,r1,0.14453125,1024,2048,metric,,,,
Qwen/Qwen2.5-0.5B,14,0.5833333333333334,mean,remove_random,1,zh,ja,mrr,0.19888110897637956,1024,2048,metric,,,,
Qwen/Qwen2.5-0.5B,15,0.625,mean,remove_random,1,en,ko,r1,0.033203125,1024,2048,metric,,,,
Qwen/Qwen2.5-0.5B,15,0.625,mean,remove_random,1,en,ko,mrr,0.0646200143969611,1024,2048,metric,,,,
Qwen/Qwen2.5-0.5B,15,0.625,mean,remove_random,1,en,ja,r1,0.126953125,1024,2048,metric,,,,
Qwen/Qwen2.5-0.5B,15,0.625,mean,remove_random,1,en,ja,mrr,0.1727884609948805,1024,2048,metric,,,,
Qwen/Qwen2.5-0.5B,15,0.625,mean,remove_random,1,en,zh,r1,0.8515625,1024,2048,metric,,,,
Qwen/Qwen2.5-0.5B,15,0.625,mean,remove_random,1,en,zh,mrr,0.8747512358975309,1024,2048,metric,,,,
Qwen/Qwen2.5-0.5B,15,0.625,mean,remove_random,1,ko,en,r1,0.765625,1024,2048,metric,,,,
Qwen/Qwen2.5-0.5B,15,0.625,mean,remove_random,1,ko,en,mrr,0.8357844316316316,1024,2048,metric,,,,
Qwen/Qwen2.5-0.5B,15,0.625,mean,remove_random,1,ko,ja,r1,0.869140625,1024,2048,metric,,,,
Qwen/Qwen2.5-0.5B,15,0.625,mean,remove_random,1,ko,ja,mrr,0.8980320538776945,1024,2048,metric,,,,
Qwen/Qwen2.5-0.5B,15,0.625,mean,remove_random,1,ko,zh,r1,0.625,1024,2048,metric,,,,
Qwen/Qwen2.5-0.5B,15,0.625,mean,remove_random,1,ko,zh,mrr,0.7096892972947799,1024,2048,metric,,,,
Qwen/Qwen2.5-0.5B,15,0.625,mean,remove_random,1,ja,en,r1,0.8671875,1024,2048,metric,,,,
Qwen/Qwen2.5-0.5B,15,0.625,mean,remove_random,1,ja,en,mrr,0.9062909328700393,1024,2048,metric,,,,
Qwen/Qwen2.5-0.5B,15,0.625,mean,remove_random,1,ja,ko,r1,0.744140625,1024,2048,metric,,,,
Qwen/Qwen2.5-0.5B,15,0.625,mean,remove_random,1,ja,ko,mrr,0.7854825797402671,1024,2048,metric,,,,
Qwen/Qwen2.5-0.5B,15,0.625,mean,remove_random,1,ja,zh,r1,0.810546875,1024,2048,metric,,,,
Qwen/Qwen2.5-0.5B,15,0.625,mean,remove_random,1,ja,zh,mrr,0.8593943655646963,1024,2048,metric,,,,
Qwen/Qwen2.5-0.5B,15,0.625,mean,remove_random,1,zh,en,r1,0.87109375,1024,2048,metric,,,,
Qwen/Qwen2.5-0.5B,15,0.625,mean,remove_random,1,zh,en,mrr,0.9007192599742767,1024,2048,metric,,,,
Qwen/Qwen2.5-0.5B,15,0.625,mean,remove_random,1,zh,ko,r1,0.08203125,1024,2048,metric,,,,
Qwen/Qwen2.5-0.5B,15,0.625,mean,remove_random,1,zh,ko,mrr,0.13236444938067915,1024,2048,metric,,,,
Qwen/Qwen2.5-0.5B,15,0.625,mean,remove_random,1,zh,ja,r1,0.21875,1024,2048,metric,,,,
Qwen/Qwen2.5-0.5B,15,0.625,mean,remove_random,1,zh,ja,mrr,0.2781706199174248,1024,2048,metric,,,,
Qwen/Qwen2.5-0.5B,16,0.6666666666666666,mean,remove_random,1,en,ko,r1,0.033203125,1024,2048,metric,,,,
Qwen/Qwen2.5-0.5B,16,0.6666666666666666,mean,remove_random,1,en,ko,mrr,0.05991660652044824,1024,2048,metric,,,,
Qwen/Qwen2.5-0.5B,16,0.6666666666666666,mean,remove_random,1,en,ja,r1,0.10546875,1024,2048,metric,,,,
Qwen/Qwen2.5-0.5B,16,0.6666666666666666,mean,remove_random,1,en,ja,mrr,0.15217683887290473,1024,2048,metric,,,,
Qwen/Qwen2.5-0.5B,16,0.6666666666666666,mean,remove_random,1,en,zh,r1,0.83203125,1024,2048,metric,,,,
Qwen/Qwen2.5-0.5B,16,0.6666666666666666,mean,remove_random,1,en,zh,mrr,0.8582916877020824,1024,2048,metric,,,,
Qwen/Qwen2.5-0.5B,16,0.6666666666666666,mean,remove_random,1,ko,en,r1,0.56640625,1024,2048,metric,,,,
Qwen/Qwen2.5-0.5B,16,0.6666666666666666,mean,remove_random,1,ko,en,mrr,0.6660914779104107,1024,2048,metric,,,,
Qwen/Qwen2.5-0.5B,16,0.6666666666666666,mean,remove_random,1,ko,ja,r1,0.802734375,1024,2048,metric,,,,
Qwen/Qwen2.5-0.5B,16,0.6666666666666666,mean,remove_random,1,ko,ja,mrr,0.8499067569216175,1024,2048,metric,,,,
Qwen/Qwen2.5-0.5B,16,0.6666666666666666,mean,remove_random,1,ko,zh,r1,0.455078125,1024,2048,metric,,,,
Qwen/Qwen2.5-0.5B,16,0.6666666666666666,mean,remove_random,1,ko,zh,mrr,0.540043296812335,1024,2048,metric,,,,
Qwen/Qwen2.5-0.5B,16,0.6666666666666666,mean,remove_random,1,ja,en,r1,0.736328125,1024,2048,metric,,,,
Qwen/Qwen2.5-0.5B,16,0.6666666666666666,mean,remove_random,1,ja,en,mrr,0.806023867009637,1024,2048,metric,,,,
Qwen/Qwen2.5-0.5B,16,0.6666666666666666,mean,remove_random,1,ja,ko,r1,0.69921875,1024,2048,metric,,,,
Qwen/Qwen2.5-0.5B,16,0.6666666666666666,mean,remove_random,1,ja,ko,mrr,0.7408979579301429,1024,2048,metric,,,,
Qwen/Qwen2.5-0.5B,16,0.6666666666666666,mean,remove_random,1,ja,zh,r1,0.67578125,1024,2048,metric,,,,
Qwen/Qwen2.5-0.5B,16,0.6666666666666666,mean,remove_random,1,ja,zh,mrr,0.7420524286983625,1024,2048,metric,,,,
Qwen/Qwen2.5-0.5B,16,0.6666666666666666,mean,remove_random,1,zh,en,r1,0.82421875,1024,2048,metric,,,,
Qwen/Qwen2.5-0.5B,16,0.6666666666666666,mean,remove_random,1,zh,en,mrr,0.8622836342305359,1024,2048,metric,,,,
Qwen/Qwen2.5-0.5B,16,0.6666666666666666,mean,remove_random,1,zh,ko,r1,0.08203125,1024,2048,metric,,,,
Qwen/Qwen2.5-0.5B,16,0.6666666666666666,mean,remove_random,1,zh,ko,mrr,0.12464847242986465,1024,2048,metric,,,,
Qwen/Qwen2.5-0.5B,16,0.6666666666666666,mean,remove_random,1,zh,ja,r1,0.203125,1024,2048,metric,,,,
Qwen/Qwen2.5-0.5B,16,0.6666666666666666,mean,remove_random,1,zh,ja,mrr,0.25672541965455004,1024,2048,metric,,,,
Qwen/Qwen2.5-0.5B,17,0.7083333333333334,mean,remove_random,1,en,ko,r1,0.04296875,1024,2048,metric,,,,
Qwen/Qwen2.5-0.5B,17,0.7083333333333334,mean,remove_random,1,en,ko,mrr,0.0778977352289959,1024,2048,metric,,,,
Qwen/Qwen2.5-0.5B,17,0.7083333333333334,mean,remove_random,1,en,ja,r1,0.119140625,1024,2048,metric,,,,
Qwen/Qwen2.5-0.5B,17,0.7083333333333334,mean,remove_random,1,en,ja,mrr,0.17309023479485552,1024,2048,metric,,,,
Qwen/Qwen2.5-0.5B,17,0.7083333333333334,mean,remove_random,1,en,zh,r1,0.830078125,1024,2048,metric,,,,
Qwen/Qwen2.5-0.5B,17,0.7083333333333334,mean,remove_random,1,en,zh,mrr,0.8559590338654279,1024,2048,metric,,,,
Qwen/Qwen2.5-0.5B,17,0.7083333333333334,mean,remove_random,1,ko,en,r1,0.720703125,1024,2048,metric,,,,
Qwen/Qwen2.5-0.5B,17,0.7083333333333334,mean,remove_random,1,ko,en,mrr,0.7957946061160726,1024,2048,metric,,,,
Qwen/Qwen2.5-0.5B,17,0.7083333333333334,mean,remove_random,1,ko,ja,r1,0.85546875,1024,2048,metric,,,,
Qwen/Qwen2.5-0.5B,17,0.7083333333333334,mean,remove_random,1,ko,ja,mrr,0.8859867266703338,1024,2048,metric,,,,
Qwen/Qwen2.5-0.5B,17,0.7083333333333334,mean,remove_random,1,ko,zh,r1,0.623046875,1024,2048,metric,,,,
Qwen/Qwen2.5-0.5B,17,0.7083333333333334,mean,remove_random,1,ko,zh,mrr,0.7001890052767927,1024,2048,metric,,,,
Qwen/Qwen2.5-0.5B,17,0.7083333333333334,mean,remove_random,1,ja,en,r1,0.83203125,1024,2048,metric,,,,
Qwen/Qwen2.5-0.5B,17,0.7083333333333334,mean,remove_random,1,ja,en,mrr,0.8797587497264916,1024,2048,metric,,,,
Qwen/Qwen2.5-0.5B,17,0.7083333333333334,mean,remove_random,1,ja,ko,r1,0.701171875,1024,2048,metric,,,,
Qwen/Qwen2.5-0.5B,17,0.7083333333333334,mean,remove_random,1,ja,ko,mrr,0.7526898824470507,1024,2048,metric,,,,
Qwen/Qwen2.5-0.5B,17,0.7083333333333334,mean,remove_random,1,ja,zh,r1,0.7890625,1024,2048,metric,,,,
Qwen/Qwen2.5-0.5B,17,0.7083333333333334,mean,remove_random,1,ja,zh,mrr,0.8377893577916975,1024,2048,metric,,,,
Qwen/Qwen2.5-0.5B,17,0.7083333333333334,mean,remove_random,1,zh,en,r1,0.828125,1024,2048,metric,,,,
Qwen/Qwen2.5-0.5B,17,0.7083333333333334,mean,remove_random,1,zh,en,mrr,0.8619082350512,1024,2048,metric,,,,
Qwen/Qwen2.5-0.5B,17,0.7083333333333334,mean,remove_random,1,zh,ko,r1,0.095703125,1024,2048,metric,,,,
Qwen/Qwen2.5-0.5B,17,0.7083333333333334,mean,remove_random,1,zh,ko,mrr,0.14203107618391916,1024,2048,metric,,,,
Qwen/Qwen2.5-0.5B,17,0.7083333333333334,mean,remove_random,1,zh,ja,r1,0.2109375,1024,2048,metric,,,,
Qwen/Qwen2.5-0.5B,17,0.7083333333333334,mean,remove_random,1,zh,ja,mrr,0.27860851131225206,1024,2048,metric,,,,
Qwen/Qwen2.5-0.5B,18,0.75,mean,remove_random,1,en,ko,r1,0.009765625,1024,2048,metric,,,,
Qwen/Qwen2.5-0.5B,18,0.75,mean,remove_random,1,en,ko,mrr,0.03507281400351478,1024,2048,metric,,,,
Qwen/Qwen2.5-0.5B,18,0.75,mean,remove_random,1,en,ja,r1,0.01953125,1024,2048,metric,,,,
Qwen/Qwen2.5-0.5B,18,0.75,mean,remove_random,1,en,ja,mrr,0.0530911629394816,1024,2048,metric,,,,
Qwen/Qwen2.5-0.5B,18,0.75,mean,remove_random,1,en,zh,r1,0.716796875,1024,2048,metric,,,,
Qwen/Qwen2.5-0.5B,18,0.75,mean,remove_random,1,en,zh,mrr,0.7583743254149216,1024,2048,metric,,,,
Qwen/Qwen2.5-0.5B,18,0.75,mean,remove_random,1,ko,en,r1,0.615234375,1024,2048,metric,,,,
Qwen/Qwen2.5-0.5B,18,0.75,mean,remove_random,1,ko,en,mrr,0.7068390369716744,1024,2048,metric,,,,
Qwen/Qwen2.5-0.5B,18,0.75,mean,remove_random,1,ko,ja,r1,0.810546875,1024,2048,metric,,,,
Qwen/Qwen2.5-0.5B,18,0.75,mean,remove_random,1,ko,ja,mrr,0.8463930116797713,1024,2048,metric,,,,
Qwen/Qwen2.5-0.5B,18,0.75,mean,remove_random,1,ko,zh,r1,0.529296875,1024,2048,metric,,,,
Qwen/Qwen2.5-0.5B,18,0.75,mean,remove_random,1,ko,zh,mrr,0.6274042879943356,1024,2048,metric,,,,
Qwen/Qwen2.5-0.5B,18,0.75,mean,remove_random,1,ja,en,r1,0.73828125,1024,2048,metric,,,,
Qwen/Qwen2.5-0.5B,18,0.75,mean,remove_random,1,ja,en,mrr,0.8040261091764276,1024,2048,metric,,,,
Qwen/Qwen2.5-0.5B,18,0.75,mean,remove_random,1,ja,ko,r1,0.658203125,1024,2048,metric,,,,
Qwen/Qwen2.5-0.5B,18,0.75,mean,remove_random,1,ja,ko,mrr,0.7118219491520934,1024,2048,metric,,,,
Qwen/Qwen2.5-0.5B,18,0.75,mean,remove_random,1,ja,zh,r1,0.68359375,1024,2048,metric,,,,
Qwen/Qwen2.5-0.5B,18,0.75,mean,remove_random,1,ja,zh,mrr,0.7562805893392468,1024,2048,metric,,,,
Qwen/Qwen2.5-0.5B,18,0.75,mean,remove_random,1,zh,en,r1,0.796875,1024,2048,metric,,,,
Qwen/Qwen2.5-0.5B,18,0.75,mean,remove_random,1,zh,en,mrr,0.8331658185951507,1024,2048,metric,,,,
Qwen/Qwen2.5-0.5B,18,0.75,mean,remove_random,1,zh,ko,r1,0.041015625,1024,2048,metric,,,,
Qwen/Qwen2.5-0.5B,18,0.75,mean,remove_random,1,zh,ko,mrr,0.07510139533193949,1024,2048,metric,,,,
Qwen/Qwen2.5-0.5B,18,0.75,mean,remove_random,1,zh,ja,r1,0.0625,1024,2048,metric,,,,
Qwen/Qwen2.5-0.5B,18,0.75,mean,remove_random,1,zh,ja,mrr,0.10599920979222419,1024,2048,metric,,,,
Qwen/Qwen2.5-0.5B,19,0.7916666666666666,mean,remove_random,1,en,ko,r1,0.005859375,1024,2048,metric,,,,
Qwen/Qwen2.5-0.5B,19,0.7916666666666666,mean,remove_random,1,en,ko,mrr,0.030566776488465272,1024,2048,metric,,,,
Qwen/Qwen2.5-0.5B,19,0.7916666666666666,mean,remove_random,1,en,ja,r1,0.0234375,1024,2048,metric,,,,
Qwen/Qwen2.5-0.5B,19,0.7916666666666666,mean,remove_random,1,en,ja,mrr,0.05463037586361956,1024,2048,metric,,,,
Qwen/Qwen2.5-0.5B,19,0.7916666666666666,mean,remove_random,1,en,zh,r1,0.7265625,1024,2048,metric,,,,
Qwen/Qwen2.5-0.5B,19,0.7916666666666666,mean,remove_random,1,en,zh,mrr,0.764992300937557,1024,2048,metric,,,,
Qwen/Qwen2.5-0.5B,19,0.7916666666666666,mean,remove_random,1,ko,en,r1,0.6796875,1024,2048,metric,,,,
Qwen/Qwen2.5-0.5B,19,0.7916666666666666,mean,remove_random,1,ko,en,mrr,0.7598648270883115,1024,2048,metric,,,,
Qwen/Qwen2.5-0.5B,19,0.7916666666666666,mean,remove_random,1,ko,ja,r1,0.7265625,1024,2048,metric,,,,
Qwen/Qwen2.5-0.5B,19,0.7916666666666666,mean,remove_random,1,ko,ja,mrr,0.781673015522429,1024,2048,metric,,,,
Qwen/Qwen2.5-0.5B,19,0.7916666666666666,mean,remove_random,1,ko,zh,r1,0.65625,1024,2048,metric,,,,
Qwen/Qwen2.5-0.5B,19,0.7916666666666666,mean,remove_random,1,ko,zh,mrr,0.739605143450782,1024,2048,metric,,,,
Qwen/Qwen2.5-0.5B,19,0.7916666666666666,mean,remove_random,1,ja,en,r1,0.724609375,1024,2048,metric,,,,
Qwen/Qwen2.5-0.5B,19,0.7916666666666666,mean,remove_random,1,ja,en,mrr,0.7967032202735247,1024,2048,metric,,,,
Qwen/Qwen2.5-0.5B,19,0.7916666666666666,mean,remove_random,1,ja,ko,r1,0.52734375,1024,2048,metric,,,,
Qwen/Qwen2.5-0.5B,19,0.7916666666666666,mean,remove_random,1,ja,ko,mrr,0.6140703597035925,1024,2048,metric,,,,
Qwen/Qwen2.5-0.5B,19,0.7916666666666666,mean,remove_random,1,ja,zh,r1,0.72265625,1024,2048,metric,,,,
Qwen/Qwen2.5-0.5B,19,0.7916666666666666,mean,remove_random,1,ja,zh,mrr,0.7919540188103499,1024,2048,metric,,,,
Qwen/Qwen2.5-0.5B,19,0.7916666666666666,mean,remove_random,1,zh,en,r1,0.83203125,1024,2048,metric,,,,
Qwen/Qwen2.5-0.5B,19,0.7916666666666666,mean,remove_random,1,zh,en,mrr,0.8647519673224681,1024,2048,metric,,,,
Qwen/Qwen2.5-0.5B,19,0.7916666666666666,mean,remove_random,1,zh,ko,r1,0.03515625,1024,2048,metric,,,,
Qwen/Qwen2.5-0.5B,19,0.7916666666666666,mean,remove_random,1,zh,ko,mrr,0.06529542331954583,1024,2048,metric,,,,
Qwen/Qwen2.5-0.5B,19,0.7916666666666666,mean,remove_random,1,zh,ja,r1,0.06640625,1024,2048,metric,,,,
Qwen/Qwen2.5-0.5B,19,0.7916666666666666,mean,remove_random,1,zh,ja,mrr,0.10995364797706676,1024,2048,metric,,,,
Qwen/Qwen2.5-0.5B,20,0.8333333333333334,mean,remove_random,1,en,ko,r1,0.005859375,1024,2048,metric,,,,
Qwen/Qwen2.5-0.5B,20,0.8333333333333334,mean,remove_random,1,en,ko,mrr,0.027210263354049143,1024,2048,metric,,,,
Qwen/Qwen2.5-0.5B,20,0.8333333333333334,mean,remove_random,1,en,ja,r1,0.03125,1024,2048,metric,,,,
Qwen/Qwen2.5-0.5B,20,0.8333333333333334,mean,remove_random,1,en,ja,mrr,0.06221804763320404,1024,2048,metric,,,,
Qwen/Qwen2.5-0.5B,20,0.8333333333333334,mean,remove_random,1,en,zh,r1,0.736328125,1024,2048,metric,,,,
Qwen/Qwen2.5-0.5B,20,0.8333333333333334,mean,remove_random,1,en,zh,mrr,0.7780049773850909,1024,2048,metric,,,,
Qwen/Qwen2.5-0.5B,20,0.8333333333333334,mean,remove_random,1,ko,en,r1,0.609375,1024,2048,metric,,,,
Qwen/Qwen2.5-0.5B,20,0.8333333333333334,mean,remove_random,1,ko,en,mrr,0.6963908999273122,1024,2048,metric,,,,
Qwen/Qwen2.5-0.5B,20,0.8333333333333334,mean,remove_random,1,ko,ja,r1,0.748046875,1024,2048,metric,,,,
Qwen/Qwen2.5-0.5B,20,0.8333333333333334,mean,remove_random,1,ko,ja,mrr,0.7996527349007354,1024,2048,metric,,,,
Qwen/Qwen2.5-0.5B,20,0.8333333333333334,mean,remove_random,1,ko,zh,r1,0.59765625,1024,2048,metric,,,,
Qwen/Qwen2.5-0.5B,20,0.8333333333333334,mean,remove_random,1,ko,zh,mrr,0.6920306023093886,1024,2048,metric,,,,
Qwen/Qwen2.5-0.5B,20,0.8333333333333334,mean,remove_random,1,ja,en,r1,0.669921875,1024,2048,metric,,,,
Qwen/Qwen2.5-0.5B,20,0.8333333333333334,mean,remove_random,1,ja,en,mrr,0.746202767668259,1024,2048,metric,,,,
Qwen/Qwen2.5-0.5B,20,0.8333333333333334,mean,remove_random,1,ja,ko,r1,0.384765625,1024,2048,metric,,,,
Qwen/Qwen2.5-0.5B,20,0.8333333333333334,mean,remove_random,1,ja,ko,mrr,0.47052295136049177,1024,2048,metric,,,,
Qwen/Qwen2.5-0.5B,20,0.8333333333333334,mean,remove_random,1,ja,zh,r1,0.67578125,1024,2048,metric,,,,
Qwen/Qwen2.5-0.5B,20,0.8333333333333334,mean,remove_random,1,ja,zh,mrr,0.742580859266006,1024,2048,metric,,,,
Qwen/Qwen2.5-0.5B,20,0.8333333333333334,mean,remove_random,1,zh,en,r1,0.845703125,1024,2048,metric,,,,
Qwen/Qwen2.5-0.5B,20,0.8333333333333334,mean,remove_random,1,zh,en,mrr,0.8783210281606144,1024,2048,metric,,,,
Qwen/Qwen2.5-0.5B,20,0.8333333333333334,mean,remove_random,1,zh,ko,r1,0.017578125,1024,2048,metric,,,,
Qwen/Qwen2.5-0.5B,20,0.8333333333333334,mean,remove_random,1,zh,ko,mrr,0.045680414902400546,1024,2048,metric,,,,
Qwen/Qwen2.5-0.5B,20,0.8333333333333334,mean,remove_random,1,zh,ja,r1,0.0703125,1024,2048,metric,,,,
Qwen/Qwen2.5-0.5B,20,0.8333333333333334,mean,remove_random,1,zh,ja,mrr,0.1200645094824479,1024,2048,metric,,,,
Qwen/Qwen2.5-0.5B,21,0.875,mean,remove_random,1,en,ko,r1,0.01171875,1024,2048,metric,,,,
Qwen/Qwen2.5-0.5B,21,0.875,mean,remove_random,1,en,ko,mrr,0.03656084802957534,1024,2048,metric,,,,
Qwen/Qwen2.5-0.5B,21,0.875,mean,remove_random,1,en,ja,r1,0.01953125,1024,2048,metric,,,,
Qwen/Qwen2.5-0.5B,21,0.875,mean,remove_random,1,en,ja,mrr,0.05335862743772262,1024,2048,metric,,,,
Qwen/Qwen2.5-0.5B,21,0.875,mean,remove_random,1,en,zh,r1,0.8046875,1024,2048,metric,,,,
Qwen/Qwen2.5-0.5B,21,0.875,mean,remove_random,1,en,zh,mrr,0.8498680931008641,1024,2048,metric,,,,
Qwen/Qwen2.5-0.5B,21,0.875,mean,remove_random,1,ko,en,r1,0.349609375,1024,2048,metric,,,,
Qwen/Qwen2.5-0.5B,21,0.875,mean,remove_random,1,ko,en,mrr,0.4540407857096192,1024,2048,metric,,,,
Qwen/Qwen2.5-0.5B,21,0.875,mean,remove_random,1,ko,ja,r1,0.37109375,1024,2048,metric,,,,
Qwen/Qwen2.5-0.5B,21,0.875,mean,remove_random,1,ko,ja,mrr,0.5038247274774076,1024,2048,metric,,,,
Qwen/Qwen2.5-0.5B,21,0.875,mean,remove_random,1,ko,zh,r1,0.349609375,1024,2048,metric,,,,
Qwen/Qwen2.5-0.5B,21,0.875,mean,remove_random,1,ko,zh,mrr,0.4600189360370956,1024,2048,metric,,,,
Qwen/Qwen2.5-0.5B,21,0.875,mean,remove_random,1,ja,en,r1,0.630859375,1024,2048,metric,,,,
Qwen/Qwen2.5-0.5B,21,0.875,mean,remove_random,1,ja,en,mrr,0.7240110812266072,1024,2048,metric,,,,
Qwen/Qwen2.5-0.5B,21,0.875,mean,remove_random,1,ja,ko,r1,0.458984375,1024,2048,metric,,,,
Qwen/Qwen2.5-0.5B,21,0.875,mean,remove_random,1,ja,ko,mrr,0.5384708393496549,1024,2048,metric,,,,
Qwen/Qwen2.5-0.5B,21,0.875,mean,remove_random,1,ja,zh,r1,0.669921875,1024,2048,metric,,,,
Qwen/Qwen2.5-0.5B,21,0.875,mean,remove_random,1,ja,zh,mrr,0.7471105210685359,1024,2048,metric,,,,
Qwen/Qwen2.5-0.5B,21,0.875,mean,remove_random,1,zh,en,r1,0.849609375,1024,2048,metric,,,,
Qwen/Qwen2.5-0.5B,21,0.875,mean,remove_random,1,zh,en,mrr,0.8829233875820576,1024,2048,metric,,,,
Qwen/Qwen2.5-0.5B,21,0.875,mean,remove_random,1,zh,ko,r1,0.0390625,1024,2048,metric,,,,
Qwen/Qwen2.5-0.5B,21,0.875,mean,remove_random,1,zh,ko,mrr,0.07260878263334253,1024,2048,metric,,,,
Qwen/Qwen2.5-0.5B,21,0.875,mean,remove_random,1,zh,ja,r1,0.056640625,1024,2048,metric,,,,
Qwen/Qwen2.5-0.5B,21,0.875,mean,remove_random,1,zh,ja,mrr,0.10284155099550049,1024,2048,metric,,,,
Qwen/Qwen2.5-0.5B,22,0.9166666666666666,mean,remove_random,1,en,ko,r1,0.408203125,1024,2048,metric,,,,
Qwen/Qwen2.5-0.5B,22,0.9166666666666666,mean,remove_random,1,en,ko,mrr,0.5618828613061746,1024,2048,metric,,,,
Qwen/Qwen2.5-0.5B,22,0.9166666666666666,mean,remove_random,1,en,ja,r1,0.115234375,1024,2048,metric,,,,
Qwen/Qwen2.5-0.5B,22,0.9166666666666666,mean,remove_random,1,en,ja,mrr,0.29660919418351483,1024,2048,metric,,,,
Qwen/Qwen2.5-0.5B,22,0.9166666666666666,mean,remove_random,1,en,zh,r1,0.953125,1024,2048,metric,,,,
Qwen/Qwen2.5-0.5B,22,0.9166666666666666,mean,remove_random,1,en,zh,mrr,0.9707823624241363,1024,2048,metric,,,,
Qwen/Qwen2.5-0.5B,22,0.9166666666666666,mean,remove_random,1,ko,en,r1,0.34375,1024,2048,metric,,,,
Qwen/Qwen2.5-0.5B,22,0.9166666666666666,mean,remove_random,1,ko,en,mrr,0.4551963192138886,1024,2048,metric,,,,
Qwen/Qwen2.5-0.5B,22,0.9166666666666666,mean,remove_random,1,ko,ja,r1,0.232421875,1024,2048,metric,,,,
Qwen/Qwen2.5-0.5B,22,0.9166666666666666,mean,remove_random,1,ko,ja,mrr,0.4120109651024657,1024,2048,metric,,,,
Qwen/Qwen2.5-0.5B,22,0.9166666666666666,mean,remove_random,1,ko,zh,r1,0.423828125,1024,2048,metric,,,,
Qwen/Qwen2.5-0.5B,22,0.9166666666666666,mean,remove_random,1,ko,zh,mrr,0.5489490517200457,1024,2048,metric,,,,
Qwen/Qwen2.5-0.5B,22,0.9166666666666666,mean,remove_random,1,ja,en,r1,0.546875,1024,2048,metric,,,,
Qwen/Qwen2.5-0.5B,22,0.9166666666666666,mean,remove_random,1,ja,en,mrr,0.6544527250557723,1024,2048,metric,,,,
Qwen/Qwen2.5-0.5B,22,0.9166666666666666,mean,remove_random,1,ja,ko,r1,0.76171875,1024,2048,metric,,,,
Qwen/Qwen2.5-0.5B,22,0.9166666666666666,mean,remove_random,1,ja,ko,mrr,0.8333258819250601,1024,2048,metric,,,,
Qwen/Qwen2.5-0.5B,22,0.9166666666666666,mean,remove_random,1,ja,zh,r1,0.751953125,1024,2048,metric,,,,
Qwen/Qwen2.5-0.5B,22,0.9166666666666666,mean,remove_random,1,ja,zh,mrr,0.8365730457563803,1024,2048,metric,,,,
Qwen/Qwen2.5-0.5B,22,0.9166666666666666,mean,remove_random,1,zh,en,r1,0.96484375,1024,2048,metric,,,,
Qwen/Qwen2.5-0.5B,22,0.9166666666666666,mean,remove_random,1,zh,en,mrr,0.9758867447401456,1024,2048,metric,,,,
Qwen/Qwen2.5-0.5B,22,0.9166666666666666,mean,remove_random,1,zh,ko,r1,0.517578125,1024,2048,metric,,,,
Qwen/Qwen2.5-0.5B,22,0.9166666666666666,mean,remove_random,1,zh,ko,mrr,0.6517049004822588,1024,2048,metric,,,,
Qwen/Qwen2.5-0.5B,22,0.9166666666666666,mean,remove_random,1,zh,ja,r1,0.25,1024,2048,metric,,,,
Qwen/Qwen2.5-0.5B,22,0.9166666666666666,mean,remove_random,1,zh,ja,mrr,0.42470460288063794,1024,2048,metric,,,,
Qwen/Qwen2.5-0.5B,23,0.9583333333333334,mean,remove_random,1,en,ko,r1,0.052734375,1024,2048,metric,,,,
Qwen/Qwen2.5-0.5B,23,0.9583333333333334,mean,remove_random,1,en,ko,mrr,0.12478181191227536,1024,2048,metric,,,,
Qwen/Qwen2.5-0.5B,23,0.9583333333333334,mean,remove_random,1,en,ja,r1,0.056640625,1024,2048,metric,,,,
Qwen/Qwen2.5-0.5B,23,0.9583333333333334,mean,remove_random,1,en,ja,mrr,0.22806105909386848,1024,2048,metric,,,,
Qwen/Qwen2.5-0.5B,23,0.9583333333333334,mean,remove_random,1,en,zh,r1,0.83203125,1024,2048,metric,,,,
Qwen/Qwen2.5-0.5B,23,0.9583333333333334,mean,remove_random,1,en,zh,mrr,0.8928989213682881,1024,2048,metric,,,,
Qwen/Qwen2.5-0.5B,23,0.9583333333333334,mean,remove_random,1,ko,en,r1,0.26171875,1024,2048,metric,,,,
Qwen/Qwen2.5-0.5B,23,0.9583333333333334,mean,remove_random,1,ko,en,mrr,0.39641109502951055,1024,2048,metric,,,,
Qwen/Qwen2.5-0.5B,23,0.9583333333333334,mean,remove_random,1,ko,ja,r1,0.244140625,1024,2048,metric,,,,
Qwen/Qwen2.5-0.5B,23,0.9583333333333334,mean,remove_random,1,ko,ja,mrr,0.40642305318214633,1024,2048,metric,,,,
Qwen/Qwen2.5-0.5B,23,0.9583333333333334,mean,remove_random,1,ko,zh,r1,0.357421875,1024,2048,metric,,,,
Qwen/Qwen2.5-0.5B,23,0.9583333333333334,mean,remove_random,1,ko,zh,mrr,0.4734923424631965,1024,2048,metric,,,,
Qwen/Qwen2.5-0.5B,23,0.9583333333333334,mean,remove_random,1,ja,en,r1,0.392578125,1024,2048,metric,,,,
Qwen/Qwen2.5-0.5B,23,0.9583333333333334,mean,remove_random,1,ja,en,mrr,0.528507692790843,1024,2048,metric,,,,
Qwen/Qwen2.5-0.5B,23,0.9583333333333334,mean,remove_random,1,ja,ko,r1,0.08984375,1024,2048,metric,,,,
Qwen/Qwen2.5-0.5B,23,0.9583333333333334,mean,remove_random,1,ja,ko,mrr,0.19413824961515055,1024,2048,metric,,,,
Qwen/Qwen2.5-0.5B,23,0.9583333333333334,mean,remove_random,1,ja,zh,r1,0.7109375,1024,2048,metric,,,,
Qwen/Qwen2.5-0.5B,23,0.9583333333333334,mean,remove_random,1,ja,zh,mrr,0.7959982467528746,1024,2048,metric,,,,
Qwen/Qwen2.5-0.5B,23,0.9583333333333334,mean,remove_random,1,zh,en,r1,0.9609375,1024,2048,metric,,,,
Qwen/Qwen2.5-0.5B,23,0.9583333333333334,mean,remove_random,1,zh,en,mrr,0.9748394845545977,1024,2048,metric,,,,
Qwen/Qwen2.5-0.5B,23,0.9583333333333334,mean,remove_random,1,zh,ko,r1,0.0859375,1024,2048,metric,,,,
Qwen/Qwen2.5-0.5B,23,0.9583333333333334,mean,remove_random,1,zh,ko,mrr,0.1756211512712219,1024,2048,metric,,,,
Qwen/Qwen2.5-0.5B,23,0.9583333333333334,mean,remove_random,1,zh,ja,r1,0.2109375,1024,2048,metric,,,,
Qwen/Qwen2.5-0.5B,23,0.9583333333333334,mean,remove_random,1,zh,ja,mrr,0.3940513864805157,1024,2048,metric,,,,
Qwen/Qwen2.5-0.5B,24,1.0,mean,remove_random,1,en,ko,r1,0.00390625,1024,2048,metric,,,,
Qwen/Qwen2.5-0.5B,24,1.0,mean,remove_random,1,en,ko,mrr,0.03843859254131276,1024,2048,metric,,,,
Qwen/Qwen2.5-0.5B,24,1.0,mean,remove_random,1,en,ja,r1,0.00390625,1024,2048,metric,,,,
Qwen/Qwen2.5-0.5B,24,1.0,mean,remove_random,1,en,ja,mrr,0.04453707359695784,1024,2048,metric,,,,
Qwen/Qwen2.5-0.5B,24,1.0,mean,remove_random,1,en,zh,r1,0.001953125,1024,2048,metric,,,,
Qwen/Qwen2.5-0.5B,24,1.0,mean,remove_random,1,en,zh,mrr,0.03285407421719866,1024,2048,metric,,,,
Qwen/Qwen2.5-0.5B,24,1.0,mean,remove_random,1,ko,en,r1,0.0078125,1024,2048,metric,,,,
Qwen/Qwen2.5-0.5B,24,1.0,mean,remove_random,1,ko,en,mrr,0.05376010426324224,1024,2048,metric,,,,
Qwen/Qwen2.5-0.5B,24,1.0,mean,remove_random,1,ko,ja,r1,0.0546875,1024,2048,metric,,,,
Qwen/Qwen2.5-0.5B,24,1.0,mean,remove_random,1,ko,ja,mrr,0.10702869522043088,1024,2048,metric,,,,
Qwen/Qwen2.5-0.5B,24,1.0,mean,remove_random,1,ko,zh,r1,0.02734375,1024,2048,metric,,,,
Qwen/Qwen2.5-0.5B,24,1.0,mean,remove_random,1,ko,zh,mrr,0.055439078653797116,1024,2048,metric,,,,
Qwen/Qwen2.5-0.5B,24,1.0,mean,remove_random,1,ja,en,r1,0.080078125,1024,2048,metric,,,,
Qwen/Qwen2.5-0.5B,24,1.0,mean,remove_random,1,ja,en,mrr,0.13822562800873642,1024,2048,metric,,,,
Qwen/Qwen2.5-0.5B,24,1.0,mean,remove_random,1,ja,ko,r1,0.015625,1024,2048,metric,,,,
Qwen/Qwen2.5-0.5B,24,1.0,mean,remove_random,1,ja,ko,mrr,0.0544614792431344,1024,2048,metric,,,,
Qwen/Qwen2.5-0.5B,24,1.0,mean,remove_random,1,ja,zh,r1,0.05078125,1024,2048,metric,,,,
Qwen/Qwen2.5-0.5B,24,1.0,mean,remove_random,1,ja,zh,mrr,0.11128980741320771,1024,2048,metric,,,,
Qwen/Qwen2.5-0.5B,24,1.0,mean,remove_random,1,zh,en,r1,0.173828125,1024,2048,metric,,,,
Qwen/Qwen2.5-0.5B,24,1.0,mean,remove_random,1,zh,en,mrr,0.3262829930589677,1024,2048,metric,,,,
Qwen/Qwen2.5-0.5B,24,1.0,mean,remove_random,1,zh,ko,r1,0.01953125,1024,2048,metric,,,,
Qwen/Qwen2.5-0.5B,24,1.0,mean,remove_random,1,zh,ko,mrr,0.10175161147672274,1024,2048,metric,,,,
Qwen/Qwen2.5-0.5B,24,1.0,mean,remove_random,1,zh,ja,r1,0.00390625,1024,2048,metric,,,,
Qwen/Qwen2.5-0.5B,24,1.0,mean,remove_random,1,zh,ja,mrr,0.046775151626783515,1024,2048,metric,,,,
Qwen/Qwen2.5-0.5B,7,0.2916666666666667,last_token,remove_random,2,en,ko,r1,0.296875,1024,2048,metric,,,,
Qwen/Qwen2.5-0.5B,7,0.2916666666666667,last_token,remove_random,2,en,ko,mrr,0.3909211628820859,1024,2048,metric,,,,
Qwen/Qwen2.5-0.5B,7,0.2916666666666667,last_token,remove_random,2,en,ja,r1,0.21875,1024,2048,metric,,,,
Qwen/Qwen2.5-0.5B,7,0.2916666666666667,last_token,remove_random,2,en,ja,mrr,0.3165331470113334,1024,2048,metric,,,,
Qwen/Qwen2.5-0.5B,7,0.2916666666666667,last_token,remove_random,2,en,zh,r1,0.439453125,1024,2048,metric,,,,
Qwen/Qwen2.5-0.5B,7,0.2916666666666667,last_token,remove_random,2,en,zh,mrr,0.542217302007904,1024,2048,metric,,,,
Qwen/Qwen2.5-0.5B,7,0.2916666666666667,last_token,remove_random,2,ko,en,r1,0.234375,1024,2048,metric,,,,
Qwen/Qwen2.5-0.5B,7,0.2916666666666667,last_token,remove_random,2,ko,en,mrr,0.33134613819375514,1024,2048,metric,,,,
Qwen/Qwen2.5-0.5B,7,0.2916666666666667,last_token,remove_random,2,ko,ja,r1,0.357421875,1024,2048,metric,,,,
Qwen/Qwen2.5-0.5B,7,0.2916666666666667,last_token,remove_random,2,ko,ja,mrr,0.4745403759780712,1024,2048,metric,,,,
Qwen/Qwen2.5-0.5B,7,0.2916666666666667,last_token,remove_random,2,ko,zh,r1,0.171875,1024,2048,metric,,,,
Qwen/Qwen2.5-0.5B,7,0.2916666666666667,last_token,remove_random,2,ko,zh,mrr,0.2498430576686126,1024,2048,metric,,,,
Qwen/Qwen2.5-0.5B,7,0.2916666666666667,last_token,remove_random,2,ja,en,r1,0.193359375,1024,2048,metric,,,,
Qwen/Qwen2.5-0.5B,7,0.2916666666666667,last_token,remove_random,2,ja,en,mrr,0.28365758035007865,1024,2048,metric,,,,
Qwen/Qwen2.5-0.5B,7,0.2916666666666667,last_token,remove_random,2,ja,ko,r1,0.32421875,1024,2048,metric,,,,
Qwen/Qwen2.5-0.5B,7,0.2916666666666667,last_token,remove_random,2,ja,ko,mrr,0.4334183379352006,1024,2048,metric,,,,
Qwen/Qwen2.5-0.5B,7,0.2916666666666667,last_token,remove_random,2,ja,zh,r1,0.177734375,1024,2048,metric,,,,
Qwen/Qwen2.5-0.5B,7,0.2916666666666667,last_token,remove_random,2,ja,zh,mrr,0.25589639607741677,1024,2048,metric,,,,
Qwen/Qwen2.5-0.5B,7,0.2916666666666667,last_token,remove_random,2,zh,en,r1,0.470703125,1024,2048,metric,,,,
Qwen/Qwen2.5-0.5B,7,0.2916666666666667,last_token,remove_random,2,zh,en,mrr,0.5699332473840647,1024,2048,metric,,,,
Qwen/Qwen2.5-0.5B,7,0.2916666666666667,last_token,remove_random,2,zh,ko,r1,0.22265625,1024,2048,metric,,,,
Qwen/Qwen2.5-0.5B,7,0.2916666666666667,last_token,remove_random,2,zh,ko,mrr,0.31352175776698354,1024,2048,metric,,,,
Qwen/Qwen2.5-0.5B,7,0.2916666666666667,last_token,remove_random,2,zh,ja,r1,0.1640625,1024,2048,metric,,,,
Qwen/Qwen2.5-0.5B,7,0.2916666666666667,last_token,remove_random,2,zh,ja,mrr,0.2488102394962617,1024,2048,metric,,,,
Qwen/Qwen2.5-0.5B,8,0.3333333333333333,last_token,remove_random,2,en,ko,r1,0.39453125,1024,2048,metric,,,,
Qwen/Qwen2.5-0.5B,8,0.3333333333333333,last_token,remove_random,2,en,ko,mrr,0.4952671420495057,1024,2048,metric,,,,
Qwen/Qwen2.5-0.5B,8,0.3333333333333333,last_token,remove_random,2,en,ja,r1,0.32421875,1024,2048,metric,,,,
Qwen/Qwen2.5-0.5B,8,0.3333333333333333,last_token,remove_random,2,en,ja,mrr,0.4262046801467655,1024,2048,metric,,,,
Qwen/Qwen2.5-0.5B,8,0.3333333333333333,last_token,remove_random,2,en,zh,r1,0.517578125,1024,2048,metric,,,,
Qwen/Qwen2.5-0.5B,8,0.3333333333333333,last_token,remove_random,2,en,zh,mrr,0.608348360708188,1024,2048,metric,,,,
Qwen/Qwen2.5-0.5B,8,0.3333333333333333,last_token,remove_random,2,ko,en,r1,0.28515625,1024,2048,metric,,,,
Qwen/Qwen2.5-0.5B,8,0.3333333333333333,last_token,remove_random,2,ko,en,mrr,0.3932448376040084,1024,2048,metric,,,,
Qwen/Qwen2.5-0.5B,8,0.3333333333333333,last_token,remove_random,2,ko,ja,r1,0.44921875,1024,2048,metric,,,,
Qwen/Qwen2.5-0.5B,8,0.3333333333333333,last_token,remove_random,2,ko,ja,mrr,0.5650171959488495,1024,2048,metric,,,,
Qwen/Qwen2.5-0.5B,8,0.3333333333333333,last_token,remove_random,2,ko,zh,r1,0.234375,1024,2048,metric,,,,
Qwen/Qwen2.5-0.5B,8,0.3333333333333333,last_token,remove_random,2,ko,zh,mrr,0.31031138597131824,1024,2048,metric,,,,
Qwen/Qwen2.5-0.5B,8,0.3333333333333333,last_token,remove_random,2,ja,en,r1,0.26171875,1024,2048,metric,,,,
Qwen/Qwen2.5-0.5B,8,0.3333333333333333,last_token,remove_random,2,ja,en,mrr,0.3499072354678666,1024,2048,metric,,,,
Qwen/Qwen2.5-0.5B,8,0.3333333333333333,last_token,remove_random,2,ja,ko,r1,0.404296875,1024,2048,metric,,,,
Qwen/Qwen2.5-0.5B,8,0.3333333333333333,last_token,remove_random,2,ja,ko,mrr,0.5097312727243939,1024,2048,metric,,,,
Qwen/Qwen2.5-0.5B,8,0.3333333333333333,last_token,remove_random,2,ja,zh,r1,0.234375,1024,2048,metric,,,,
Qwen/Qwen2.5-0.5B,8,0.3333333333333333,last_token,remove_random,2,ja,zh,mrr,0.3274029591613471,1024,2048,metric,,,,
Qwen/Qwen2.5-0.5B,8,0.3333333333333333,last_token,remove_random,2,zh,en,r1,0.5625,1024,2048,metric,,,,
Qwen/Qwen2.5-0.5B,8,0.3333333333333333,last_token,remove_random,2,zh,en,mrr,0.6525280796110409,1024,2048,metric,,,,
Qwen/Qwen2.5-0.5B,8,0.3333333333333333,last_token,remove_random,2,zh,ko,r1,0.302734375,1024,2048,metric,,,,
Qwen/Qwen2.5-0.5B,8,0.3333333333333333,last_token,remove_random,2,zh,ko,mrr,0.41978522648601074,1024,2048,metric,,,,
Qwen/Qwen2.5-0.5B,8,0.3333333333333333,last_token,remove_random,2,zh,ja,r1,0.26171875,1024,2048,metric,,,,
Qwen/Qwen2.5-0.5B,8,0.3333333333333333,last_token,remove_random,2,zh,ja,mrr,0.3749728545020953,1024,2048,metric,,,,
Qwen/Qwen2.5-0.5B,9,0.375,last_token,remove_random,2,en,ko,r1,0.48046875,1024,2048,metric,,,,
Qwen/Qwen2.5-0.5B,9,0.375,last_token,remove_random,2,en,ko,mrr,0.5786030978559916,1024,2048,metric,,,,
Qwen/Qwen2.5-0.5B,9,0.375,last_token,remove_random,2,en,ja,r1,0.439453125,1024,2048,metric,,,,
Qwen/Qwen2.5-0.5B,9,0.375,last_token,remove_random,2,en,ja,mrr,0.5531985781514162,1024,2048,metric,,,,
Qwen/Qwen2.5-0.5B,9,0.375,last_token,remove_random,2,en,zh,r1,0.669921875,1024,2048,metric,,,,
Qwen/Qwen2.5-0.5B,9,0.375,last_token,remove_random,2,en,zh,mrr,0.7473283658154375,1024,2048,metric,,,,
Qwen/Qwen2.5-0.5B,9,0.375,last_token,remove_random,2,ko,en,r1,0.345703125,1024,2048,metric,,,,
Qwen/Qwen2.5-0.5B,9,0.375,last_token,remove_random,2,ko,en,mrr,0.4456338103619377,1024,2048,metric,,,,
Qwen/Qwen2.5-0.5B,9,0.375,last_token,remove_random,2,ko,ja,r1,0.568359375,1024,2048,metric,,,,
Qwen/Qwen2.5-0.5B,9,0.375,last_token,remove_random,2,ko,ja,mrr,0.6630338747974147,1024,2048,metric,,,,
Qwen/Qwen2.5-0.5B,9,0.375,last_token,remove_random,2,ko,zh,r1,0.267578125,1024,2048,metric,,,,
Qwen/Qwen2.5-0.5B,9,0.375,last_token,remove_random,2,ko,zh,mrr,0.36716492455696054,1024,2048,metric,,,,
Qwen/Qwen2.5-0.5B,9,0.375,last_token,remove_random,2,ja,en,r1,0.337890625,1024,2048,metric,,,,
Qwen/Qwen2.5-0.5B,9,0.375,last_token,remove_random,2,ja,en,mrr,0.4378898290062997,1024,2048,metric,,,,
Qwen/Qwen2.5-0.5B,9,0.375,last_token,remove_random,2,ja,ko,r1,0.50390625,1024,2048,metric,,,,
Qwen/Qwen2.5-0.5B,9,0.375,last_token,remove_random,2,ja,ko,mrr,0.5935981502612704,1024,2048,metric,,,,
Qwen/Qwen2.5-0.5B,9,0.375,last_token,remove_random,2,ja,zh,r1,0.3125,1024,2048,metric,,,,
Qwen/Qwen2.5-0.5B,9,0.375,last_token,remove_random,2,ja,zh,mrr,0.4120549861048165,1024,2048,metric,,,,
Qwen/Qwen2.5-0.5B,9,0.375,last_token,remove_random,2,zh,en,r1,0.666015625,1024,2048,metric,,,,
Qwen/Qwen2.5-0.5B,9,0.375,last_token,remove_random,2,zh,en,mrr,0.7496667700072545,1024,2048,metric,,,,
Qwen/Qwen2.5-0.5B,9,0.375,last_token,remove_random,2,zh,ko,r1,0.443359375,1024,2048,metric,,,,
Qwen/Qwen2.5-0.5B,9,0.375,last_token,remove_random,2,zh,ko,mrr,0.5411114899623418,1024,2048,metric,,,,
Qwen/Qwen2.5-0.5B,9,0.375,last_token,remove_random,2,zh,ja,r1,0.380859375,1024,2048,metric,,,,
Qwen/Qwen2.5-0.5B,9,0.375,last_token,remove_random,2,zh,ja,mrr,0.4973631707125526,1024,2048,metric,,,,
Qwen/Qwen2.5-0.5B,10,0.4166666666666667,last_token,remove_random,2,en,ko,r1,0.521484375,1024,2048,metric,,,,
Qwen/Qwen2.5-0.5B,10,0.4166666666666667,last_token,remove_random,2,en,ko,mrr,0.6135383182061205,1024,2048,metric,,,,
Qwen/Qwen2.5-0.5B,10,0.4166666666666667,last_token,remove_random,2,en,ja,r1,0.498046875,1024,2048,metric,,,,
Qwen/Qwen2.5-0.5B,10,0.4166666666666667,last_token,remove_random,2,en,ja,mrr,0.6121430866962367,1024,2048,metric,,,,
Qwen/Qwen2.5-0.5B,10,0.4166666666666667,last_token,remove_random,2,en,zh,r1,0.69921875,1024,2048,metric,,,,
Qwen/Qwen2.5-0.5B,10,0.4166666666666667,last_token,remove_random,2,en,zh,mrr,0.7697078722224258,1024,2048,metric,,,,
Qwen/Qwen2.5-0.5B,10,0.4166666666666667,last_token,remove_random,2,ko,en,r1,0.44140625,1024,2048,metric,,,,
Qwen/Qwen2.5-0.5B,10,0.4166666666666667,last_token,remove_random,2,ko,en,mrr,0.5331679411696582,1024,2048,metric,,,,
Qwen/Qwen2.5-0.5B,10,0.4166666666666667,last_token,remove_random,2,ko,ja,r1,0.58984375,1024,2048,metric,,,,
Qwen/Qwen2.5-0.5B,10,0.4166666666666667,last_token,remove_random,2,ko,ja,mrr,0.6910440067762436,1024,2048,metric,,,,
Qwen/Qwen2.5-0.5B,10,0.4166666666666667,last_token,remove_random,2,ko,zh,r1,0.310546875,1024,2048,metric,,,,
Qwen/Qwen2.5-0.5B,10,0.4166666666666667,last_token,remove_random,2,ko,zh,mrr,0.41277690055563876,1024,2048,metric,,,,
Qwen/Qwen2.5-0.5B,10,0.4166666666666667,last_token,remove_random,2,ja,en,r1,0.421875,1024,2048,metric,,,,
Qwen/Qwen2.5-0.5B,10,0.4166666666666667,last_token,remove_random,2,ja,en,mrr,0.5234180662697121,1024,2048,metric,,,,
Qwen/Qwen2.5-0.5B,10,0.4166666666666667,last_token,remove_random,2,ja,ko,r1,0.5390625,1024,2048,metric,,,,
Qwen/Qwen2.5-0.5B,10,0.4166666666666667,last_token,remove_random,2,ja,ko,mrr,0.6247325948194826,1024,2048,metric,,,,
Qwen/Qwen2.5-0.5B,10,0.4166666666666667,last_token,remove_random,2,ja,zh,r1,0.365234375,1024,2048,metric,,,,
Qwen/Qwen2.5-0.5B,10,0.4166666666666667,last_token,remove_random,2,ja,zh,mrr,0.46740365845521303,1024,2048,metric,,,,
Qwen/Qwen2.5-0.5B,10,0.4166666666666667,last_token,remove_random,2,zh,en,r1,0.720703125,1024,2048,metric,,,,
Qwen/Qwen2.5-0.5B,10,0.4166666666666667,last_token,remove_random,2,zh,en,mrr,0.7915192688692604,1024,2048,metric,,,,
Qwen/Qwen2.5-0.5B,10,0.4166666666666667,last_token,remove_random,2,zh,ko,r1,0.458984375,1024,2048,metric,,,,
Qwen/Qwen2.5-0.5B,10,0.4166666666666667,last_token,remove_random,2,zh,ko,mrr,0.5574720690456393,1024,2048,metric,,,,
Qwen/Qwen2.5-0.5B,10,0.4166666666666667,last_token,remove_random,2,zh,ja,r1,0.42578125,1024,2048,metric,,,,
Qwen/Qwen2.5-0.5B,10,0.4166666666666667,last_token,remove_random,2,zh,ja,mrr,0.5475897975987515,1024,2048,metric,,,,
Qwen/Qwen2.5-0.5B,11,0.4583333333333333,last_token,remove_random,2,en,ko,r1,0.779296875,1024,2048,metric,,,,
Qwen/Qwen2.5-0.5B,11,0.4583333333333333,last_token,remove_random,2,en,ko,mrr,0.8262919717734604,1024,2048,metric,,,,
Qwen/Qwen2.5-0.5B,11,0.4583333333333333,last_token,remove_random,2,en,ja,r1,0.787109375,1024,2048,metric,,,,
Qwen/Qwen2.5-0.5B,11,0.4583333333333333,last_token,remove_random,2,en,ja,mrr,0.857636989933775,1024,2048,metric,,,,
Qwen/Qwen2.5-0.5B,11,0.4583333333333333,last_token,remove_random,2,en,zh,r1,0.853515625,1024,2048,metric,,,,
Qwen/Qwen2.5-0.5B,11,0.4583333333333333,last_token,remove_random,2,en,zh,mrr,0.8951812625954267,1024,2048,metric,,,,
Qwen/Qwen2.5-0.5B,11,0.4583333333333333,last_token,remove_random,2,ko,en,r1,0.67578125,1024,2048,metric,,,,
Qwen/Qwen2.5-0.5B,11,0.4583333333333333,last_token,remove_random,2,ko,en,mrr,0.7442801699622965,1024,2048,metric,,,,
Qwen/Qwen2.5-0.5B,11,0.4583333333333333,last_token,remove_random,2,ko,ja,r1,0.7890625,1024,2048,metric,,,,
Qwen/Qwen2.5-0.5B,11,0.4583333333333333,last_token,remove_random,2,ko,ja,mrr,0.8386182334262254,1024,2048,metric,,,,
Qwen/Qwen2.5-0.5B,11,0.4583333333333333,last_token,remove_random,2,ko,zh,r1,0.5078125,1024,2048,metric,,,,
Qwen/Qwen2.5-0.5B,11,0.4583333333333333,last_token,remove_random,2,ko,zh,mrr,0.6052790492294058,1024,2048,metric,,,,
Qwen/Qwen2.5-0.5B,11,0.4583333333333333,last_token,remove_random,2,ja,en,r1,0.6953125,1024,2048,metric,,,,
Qwen/Qwen2.5-0.5B,11,0.4583333333333333,last_token,remove_random,2,ja,en,mrr,0.757905714492878,1024,2048,metric,,,,
Qwen/Qwen2.5-0.5B,11,0.4583333333333333,last_token,remove_random,2,ja,ko,r1,0.705078125,1024,2048,metric,,,,
Qwen/Qwen2.5-0.5B,11,0.4583333333333333,last_token,remove_random,2,ja,ko,mrr,0.7746530396724026,1024,2048,metric,,,,
Qwen/Qwen2.5-0.5B,11,0.4583333333333333,last_token,remove_random,2,ja,zh,r1,0.578125,1024,2048,metric,,,,
Qwen/Qwen2.5-0.5B,11,0.4583333333333333,last_token,remove_random,2,ja,zh,mrr,0.6651935106695955,1024,2048,metric,,,,
Qwen/Qwen2.5-0.5B,11,0.4583333333333333,last_token,remove_random,2,zh,en,r1,0.8828125,1024,2048,metric,,,,
Qwen/Qwen2.5-0.5B,11,0.4583333333333333,last_token,remove_random,2,zh,en,mrr,0.9155356773487263,1024,2048,metric,,,,
Qwen/Qwen2.5-0.5B,11,0.4583333333333333,last_token,remove_random,2,zh,ko,r1,0.69921875,1024,2048,metric,,,,
Qwen/Qwen2.5-0.5B,11,0.4583333333333333,last_token,remove_random,2,zh,ko,mrr,0.7671921979187912,1024,2048,metric,,,,
Qwen/Qwen2.5-0.5B,11,0.4583333333333333,last_token,remove_random,2,zh,ja,r1,0.732421875,1024,2048,metric,,,,
Qwen/Qwen2.5-0.5B,11,0.4583333333333333,last_token,remove_random,2,zh,ja,mrr,0.8088282466128498,1024,2048,metric,,,,
Qwen/Qwen2.5-0.5B,12,0.5,last_token,remove_random,2,en,ko,r1,0.728515625,1024,2048,metric,,,,
Qwen/Qwen2.5-0.5B,12,0.5,last_token,remove_random,2,en,ko,mrr,0.7873948655417831,1024,2048,metric,,,,
Qwen/Qwen2.5-0.5B,12,0.5,last_token,remove_random,2,en,ja,r1,0.75,1024,2048,metric,,,,
Qwen/Qwen2.5-0.5B,12,0.5,last_token,remove_random,2,en,ja,mrr,0.8285882123315784,1024,2048,metric,,,,
Qwen/Qwen2.5-0.5B,12,0.5,last_token,remove_random,2,en,zh,r1,0.8125,1024,2048,metric,,,,
Qwen/Qwen2.5-0.5B,12,0.5,last_token,remove_random,2,en,zh,mrr,0.8626591598059588,1024,2048,metric,,,,
Qwen/Qwen2.5-0.5B,12,0.5,last_token,remove_random,2,ko,en,r1,0.638671875,1024,2048,metric,,,,
Qwen/Qwen2.5-0.5B,12,0.5,last_token,remove_random,2,ko,en,mrr,0.7120340056942573,1024,2048,metric,,,,
Qwen/Qwen2.5-0.5B,12,0.5,last_token,remove_random,2,ko,ja,r1,0.728515625,1024,2048,metric,,,,
Qwen/Qwen2.5-0.5B,12,0.5,last_token,remove_random,2,ko,ja,mrr,0.799451391544868,1024,2048,metric,,,,
Qwen/Qwen2.5-0.5B,12,0.5,last_token,remove_random,2,ko,zh,r1,0.478515625,1024,2048,metric,,,,
Qwen/Qwen2.5-0.5B,12,0.5,last_token,remove_random,2,ko,zh,mrr,0.571585357054456,1024,2048,metric,,,,
Qwen/Qwen2.5-0.5B,12,0.5,last_token,remove_random,2,ja,en,r1,0.65234375,1024,2048,metric,,,,
Qwen/Qwen2.5-0.5B,12,0.5,last_token,remove_random,2,ja,en,mrr,0.715820782195851,1024,2048,metric,,,,
Qwen/Qwen2.5-0.5B,12,0.5,last_token,remove_random,2,ja,ko,r1,0.693359375,1024,2048,metric,,,,
Qwen/Qwen2.5-0.5B,12,0.5,last_token,remove_random,2,ja,ko,mrr,0.7624532940281692,1024,2048,metric,,,,
Qwen/Qwen2.5-0.5B,12,0.5,last_token,remove_random,2,ja,zh,r1,0.5390625,1024,2048,metric,,,,
Qwen/Qwen2.5-0.5B,12,0.5,last_token,remove_random,2,ja,zh,mrr,0.6251720249988575,1024,2048,metric,,,,
Qwen/Qwen2.5-0.5B,12,0.5,last_token,remove_random,2,zh,en,r1,0.818359375,1024,2048,metric,,,,
Qwen/Qwen2.5-0.5B,12,0.5,last_token,remove_random,2,zh,en,mrr,0.8653424641177587,1024,2048,metric,,,,
Qwen/Qwen2.5-0.5B,12,0.5,last_token,remove_random,2,zh,ko,r1,0.65234375,1024,2048,metric,,,,
Qwen/Qwen2.5-0.5B,12,0.5,last_token,remove_random,2,zh,ko,mrr,0.7268885173372057,1024,2048,metric,,,,
Qwen/Qwen2.5-0.5B,12,0.5,last_token,remove_random,2,zh,ja,r1,0.65234375,1024,2048,metric,,,,
Qwen/Qwen2.5-0.5B,12,0.5,last_token,remove_random,2,zh,ja,mrr,0.7491774538536796,1024,2048,metric,,,,
Qwen/Qwen2.5-0.5B,13,0.5416666666666666,last_token,remove_random,2,en,ko,r1,0.6953125,1024,2048,metric,,,,
Qwen/Qwen2.5-0.5B,13,0.5416666666666666,last_token,remove_random,2,en,ko,mrr,0.7675452537403509,1024,2048,metric,,,,
Qwen/Qwen2.5-0.5B,13,0.5416666666666666,last_token,remove_random,2,en,ja,r1,0.73046875,1024,2048,metric,,,,
Qwen/Qwen2.5-0.5B,13,0.5416666666666666,last_token,remove_random,2,en,ja,mrr,0.8139153459938677,1024,2048,metric,,,,
Qwen/Qwen2.5-0.5B,13,0.5416666666666666,last_token,remove_random,2,en,zh,r1,0.83203125,1024,2048,metric,,,,
Qwen/Qwen2.5-0.5B,13,0.5416666666666666,last_token,remove_random,2,en,zh,mrr,0.8784089283748338,1024,2048,metric,,,,
Qwen/Qwen2.5-0.5B,13,0.5416666666666666,last_token,remove_random,2,ko,en,r1,0.65234375,1024,2048,metric,,,,
Qwen/Qwen2.5-0.5B,13,0.5416666666666666,last_token,remove_random,2,ko,en,mrr,0.7157371848315608,1024,2048,metric,,,,
Qwen/Qwen2.5-0.5B,13,0.5416666666666666,last_token,remove_random,2,ko,ja,r1,0.7578125,1024,2048,metric,,,,
Qwen/Qwen2.5-0.5B,13,0.5416666666666666,last_token,remove_random,2,ko,ja,mrr,0.8206803326864465,1024,2048,metric,,,,
Qwen/Qwen2.5-0.5B,13,0.5416666666666666,last_token,remove_random,2,ko,zh,r1,0.525390625,1024,2048,metric,,,,
Qwen/Qwen2.5-0.5B,13,0.5416666666666666,last_token,remove_random,2,ko,zh,mrr,0.6154225606881696,1024,2048,metric,,,,
Qwen/Qwen2.5-0.5B,13,0.5416666666666666,last_token,remove_random,2,ja,en,r1,0.669921875,1024,2048,metric,,,,
Qwen/Qwen2.5-0.5B,13,0.5416666666666666,last_token,remove_random,2,ja,en,mrr,0.7384829810378011,1024,2048,metric,,,,
Qwen/Qwen2.5-0.5B,13,0.5416666666666666,last_token,remove_random,2,ja,ko,r1,0.69140625,1024,2048,metric,,,,
Qwen/Qwen2.5-0.5B,13,0.5416666666666666,last_token,remove_random,2,ja,ko,mrr,0.7626059083173187,1024,2048,metric,,,,
Qwen/Qwen2.5-0.5B,13,0.5416666666666666,last_token,remove_random,2,ja,zh,r1,0.59765625,1024,2048,metric,,,,
Qwen/Qwen2.5-0.5B,13,0.5416666666666666,last_token,remove_random,2,ja,zh,mrr,0.6733092836913702,1024,2048,metric,,,,
Qwen/Qwen2.5-0.5B,13,0.5416666666666666,last_token,remove_random,2,zh,en,r1,0.837890625,1024,2048,metric,,,,
Qwen/Qwen2.5-0.5B,13,0.5416666666666666,last_token,remove_random,2,zh,en,mrr,0.8811623088843381,1024,2048,metric,,,,
Qwen/Qwen2.5-0.5B,13,0.5416666666666666,last_token,remove_random,2,zh,ko,r1,0.6484375,1024,2048,metric,,,,
Qwen/Qwen2.5-0.5B,13,0.5416666666666666,last_token,remove_random,2,zh,ko,mrr,0.7265526130732041,1024,2048,metric,,,,
Qwen/Qwen2.5-0.5B,13,0.5416666666666666,last_token,remove_random,2,zh,ja,r1,0.640625,1024,2048,metric,,,,
Qwen/Qwen2.5-0.5B,13,0.5416666666666666,last_token,remove_random,2,zh,ja,mrr,0.7442525459280596,1024,2048,metric,,,,
Qwen/Qwen2.5-0.5B,14,0.5833333333333334,last_token,remove_random,2,en,ko,r1,0.619140625,1024,2048,metric,,,,
Qwen/Qwen2.5-0.5B,14,0.5833333333333334,last_token,remove_random,2,en,ko,mrr,0.7114021946029069,1024,2048,metric,,,,
Qwen/Qwen2.5-0.5B,14,0.5833333333333334,last_token,remove_random,2,en,ja,r1,0.64453125,1024,2048,metric,,,,
Qwen/Qwen2.5-0.5B,14,0.5833333333333334,last_token,remove_random,2,en,ja,mrr,0.7478324150766587,1024,2048,metric,,,,
Qwen/Qwen2.5-0.5B,14,0.5833333333333334,last_token,remove_random,2,en,zh,r1,0.787109375,1024,2048,metric,,,,
Qwen/Qwen2.5-0.5B,14,0.5833333333333334,last_token,remove_random,2,en,zh,mrr,0.8443839901400579,1024,2048,metric,,,,
Qwen/Qwen2.5-0.5B,14,0.5833333333333334,last_token,remove_random,2,ko,en,r1,0.599609375,1024,2048,metric,,,,
Qwen/Qwen2.5-0.5B,14,0.5833333333333334,last_token,remove_random,2,ko,en,mrr,0.6760333322801717,1024,2048,metric,,,,
Qwen/Qwen2.5-0.5B,14,0.5833333333333334,last_token,remove_random,2,ko,ja,r1,0.69921875,1024,2048,metric,,,,
Qwen/Qwen2.5-0.5B,14,0.5833333333333334,last_token,remove_random,2,ko,ja,mrr,0.7760583684537732,1024,2048,metric,,,,
Qwen/Qwen2.5-0.5B,14,0.5833333333333334,last_token,remove_random,2,ko,zh,r1,0.48828125,1024,2048,metric,,,,
Qwen/Qwen2.5-0.5B,14,0.5833333333333334,last_token,remove_random,2,ko,zh,mrr,0.5711528656603255,1024,2048,metric,,,,
Qwen/Qwen2.5-0.5B,14,0.5833333333333334,last_token,remove_random,2,ja,en,r1,0.642578125,1024,2048,metric,,,,
Qwen/Qwen2.5-0.5B,14,0.5833333333333334,last_token,remove_random,2,ja,en,mrr,0.7068916881537777,1024,2048,metric,,,,
Qwen/Qwen2.5-0.5B,14,0.5833333333333334,last_token,remove_random,2,ja,ko,r1,0.658203125,1024,2048,metric,,,,
Qwen/Qwen2.5-0.5B,14,0.5833333333333334,last_token,remove_random,2,ja,ko,mrr,0.7312484397246188,1024,2048,metric,,,,
Qwen/Qwen2.5-0.5B,14,0.5833333333333334,last_token,remove_random,2,ja,zh,r1,0.5,1024,2048,metric,,,,
Qwen/Qwen2.5-0.5B,14,0.5833333333333334,last_token,remove_random,2,ja,zh,mrr,0.5938429515718173,1024,2048,metric,,,,
Qwen/Qwen2.5-0.5B,14,0.5833333333333334,last_token,remove_random,2,zh,en,r1,0.818359375,1024,2048,metric,,,,
Qwen/Qwen2.5-0.5B,14,0.5833333333333334,last_token,remove_random,2,zh,en,mrr,0.8659089813414824,1024,2048,metric,,,,
Qwen/Qwen2.5-0.5B,14,0.5833333333333334,last_token,remove_random,2,zh,ko,r1,0.603515625,1024,2048,metric,,,,
Qwen/Qwen2.5-0.5B,14,0.5833333333333334,last_token,remove_random,2,zh,ko,mrr,0.6892544615968255,1024,2048,metric,,,,
Qwen/Qwen2.5-0.5B,14,0.5833333333333334,last_token,remove_random,2,zh,ja,r1,0.60546875,1024,2048,metric,,,,
Qwen/Qwen2.5-0.5B,14,0.5833333333333334,last_token,remove_random,2,zh,ja,mrr,0.7075096978099537,1024,2048,metric,,,,
Qwen/Qwen2.5-0.5B,15,0.625,last_token,remove_random,2,en,ko,r1,0.73828125,1024,2048,metric,,,,
Qwen/Qwen2.5-0.5B,15,0.625,last_token,remove_random,2,en,ko,mrr,0.8067184125078064,1024,2048,metric,,,,
Qwen/Qwen2.5-0.5B,15,0.625,last_token,remove_random,2,en,ja,r1,0.8203125,1024,2048,metric,,,,
Qwen/Qwen2.5-0.5B,15,0.625,last_token,remove_random,2,en,ja,mrr,0.8831463425076833,1024,2048,metric,,,,
Qwen/Qwen2.5-0.5B,15,0.625,last_token,remove_random,2,en,zh,r1,0.890625,1024,2048,metric,,,,
Qwen/Qwen2.5-0.5B,15,0.625,last_token,remove_random,2,en,zh,mrr,0.9205448620788952,1024,2048,metric,,,,
Qwen/Qwen2.5-0.5B,15,0.625,last_token,remove_random,2,ko,en,r1,0.689453125,1024,2048,metric,,,,
Qwen/Qwen2.5-0.5B,15,0.625,last_token,remove_random,2,ko,en,mrr,0.7576131887284373,1024,2048,metric,,,,
Qwen/Qwen2.5-0.5B,15,0.625,last_token,remove_random,2,ko,ja,r1,0.818359375,1024,2048,metric,,,,
Qwen/Qwen2.5-0.5B,15,0.625,last_token,remove_random,2,ko,ja,mrr,0.8680820423077691,1024,2048,metric,,,,
Qwen/Qwen2.5-0.5B,15,0.625,last_token,remove_random,2,ko,zh,r1,0.611328125,1024,2048,metric,,,,
Qwen/Qwen2.5-0.5B,15,0.625,last_token,remove_random,2,ko,zh,mrr,0.6936025926855107,1024,2048,metric,,,,
Qwen/Qwen2.5-0.5B,15,0.625,last_token,remove_random,2,ja,en,r1,0.75390625,1024,2048,metric,,,,
Qwen/Qwen2.5-0.5B,15,0.625,last_token,remove_random,2,ja,en,mrr,0.8122942450172514,1024,2048,metric,,,,
Qwen/Qwen2.5-0.5B,15,0.625,last_token,remove_random,2,ja,ko,r1,0.794921875,1024,2048,metric,,,,
Qwen/Qwen2.5-0.5B,15,0.625,last_token,remove_random,2,ja,ko,mrr,0.8416245201853203,1024,2048,metric,,,,
Qwen/Qwen2.5-0.5B,15,0.625,last_token,remove_random,2,ja,zh,r1,0.708984375,1024,2048,metric,,,,
Qwen/Qwen2.5-0.5B,15,0.625,last_token,remove_random,2,ja,zh,mrr,0.7827954431602187,1024,2048,metric,,,,
Qwen/Qwen2.5-0.5B,15,0.625,last_token,remove_random,2,zh,en,r1,0.8828125,1024,2048,metric,,,,
Qwen/Qwen2.5-0.5B,15,0.625,last_token,remove_random,2,zh,en,mrr,0.91962044571835,1024,2048,metric,,,,
Qwen/Qwen2.5-0.5B,15,0.625,last_token,remove_random,2,zh,ko,r1,0.716796875,1024,2048,metric,,,,
Qwen/Qwen2.5-0.5B,15,0.625,last_token,remove_random,2,zh,ko,mrr,0.7805078064320713,1024,2048,metric,,,,
Qwen/Qwen2.5-0.5B,15,0.625,last_token,remove_random,2,zh,ja,r1,0.77734375,1024,2048,metric,,,,
Qwen/Qwen2.5-0.5B,15,0.625,last_token,remove_random,2,zh,ja,mrr,0.8514904692130669,1024,2048,metric,,,,
Qwen/Qwen2.5-0.5B,16,0.6666666666666666,last_token,remove_random,2,en,ko,r1,0.6875,1024,2048,metric,,,,
Qwen/Qwen2.5-0.5B,16,0.6666666666666666,last_token,remove_random,2,en,ko,mrr,0.7649660632388855,1024,2048,metric,,,,
Qwen/Qwen2.5-0.5B,16,0.6666666666666666,last_token,remove_random,2,en,ja,r1,0.76953125,1024,2048,metric,,,,
Qwen/Qwen2.5-0.5B,16,0.6666666666666666,last_token,remove_random,2,en,ja,mrr,0.8475151313266944,1024,2048,metric,,,,
Qwen/Qwen2.5-0.5B,16,0.6666666666666666,last_token,remove_random,2,en,zh,r1,0.828125,1024,2048,metric,,,,
Qwen/Qwen2.5-0.5B,16,0.6666666666666666,last_token,remove_random,2,en,zh,mrr,0.8728608012723684,1024,2048,metric,,,,
Qwen/Qwen2.5-0.5B,16,0.6666666666666666,last_token,remove_random,2,ko,en,r1,0.56640625,1024,2048,metric,,,,
Qwen/Qwen2.5-0.5B,16,0.6666666666666666,last_token,remove_random,2,ko,en,mrr,0.648802907050674,1024,2048,metric,,,,
Qwen/Qwen2.5-0.5B,16,0.6666666666666666,last_token,remove_random,2,ko,ja,r1,0.7890625,1024,2048,metric,,,,
Qwen/Qwen2.5-0.5B,16,0.6666666666666666,last_token,remove_random,2,ko,ja,mrr,0.8413058574327659,1024,2048,metric,,,,
Qwen/Qwen2.5-0.5B,16,0.6666666666666666,last_token,remove_random,2,ko,zh,r1,0.51953125,1024,2048,metric,,,,
Qwen/Qwen2.5-0.5B,16,0.6666666666666666,last_token,remove_random,2,ko,zh,mrr,0.596254299186017,1024,2048,metric,,,,
Qwen/Qwen2.5-0.5B,16,0.6666666666666666,last_token,remove_random,2,ja,en,r1,0.6328125,1024,2048,metric,,,,
Qwen/Qwen2.5-0.5B,16,0.6666666666666666,last_token,remove_random,2,ja,en,mrr,0.7069733048789921,1024,2048,metric,,,,
Qwen/Qwen2.5-0.5B,16,0.6666666666666666,last_token,remove_random,2,ja,ko,r1,0.76171875,1024,2048,metric,,,,
Qwen/Qwen2.5-0.5B,16,0.6666666666666666,last_token,remove_random,2,ja,ko,mrr,0.8149008917892591,1024,2048,metric,,,,
Qwen/Qwen2.5-0.5B,16,0.6666666666666666,last_token,remove_random,2,ja,zh,r1,0.58203125,1024,2048,metric,,,,
Qwen/Qwen2.5-0.5B,16,0.6666666666666666,last_token,remove_random,2,ja,zh,mrr,0.6623910495035998,1024,2048,metric,,,,
Qwen/Qwen2.5-0.5B,16,0.6666666666666666,last_token,remove_random,2,zh,en,r1,0.830078125,1024,2048,metric,,,,
Qwen/Qwen2.5-0.5B,16,0.6666666666666666,last_token,remove_random,2,zh,en,mrr,0.8798226146052468,1024,2048,metric,,,,
Qwen/Qwen2.5-0.5B,16,0.6666666666666666,last_token,remove_random,2,zh,ko,r1,0.662109375,1024,2048,metric,,,,
Qwen/Qwen2.5-0.5B,16,0.6666666666666666,last_token,remove_random,2,zh,ko,mrr,0.7385702983495375,1024,2048,metric,,,,
Qwen/Qwen2.5-0.5B,16,0.6666666666666666,last_token,remove_random,2,zh,ja,r1,0.744140625,1024,2048,metric,,,,
Qwen/Qwen2.5-0.5B,16,0.6666666666666666,last_token,remove_random,2,zh,ja,mrr,0.8254288360822885,1024,2048,metric,,,,
Qwen/Qwen2.5-0.5B,17,0.7083333333333334,last_token,remove_random,2,en,ko,r1,0.634765625,1024,2048,metric,,,,
Qwen/Qwen2.5-0.5B,17,0.7083333333333334,last_token,remove_random,2,en,ko,mrr,0.7254873910863027,1024,2048,metric,,,,
Qwen/Qwen2.5-0.5B,17,0.7083333333333334,last_token,remove_random,2,en,ja,r1,0.72265625,1024,2048,metric,,,,
Qwen/Qwen2.5-0.5B,17,0.7083333333333334,last_token,remove_random,2,en,ja,mrr,0.8158421736164329,1024,2048,metric,,,,
Qwen/Qwen2.5-0.5B,17,0.7083333333333334,last_token,remove_random,2,en,zh,r1,0.759765625,1024,2048,metric,,,,
Qwen/Qwen2.5-0.5B,17,0.7083333333333334,last_token,remove_random,2,en,zh,mrr,0.8095107799613042,1024,2048,metric,,,,
Qwen/Qwen2.5-0.5B,17,0.7083333333333334,last_token,remove_random,2,ko,en,r1,0.51171875,1024,2048,metric,,,,
Qwen/Qwen2.5-0.5B,17,0.7083333333333334,last_token,remove_random,2,ko,en,mrr,0.6015426683813505,1024,2048,metric,,,,
Qwen/Qwen2.5-0.5B,17,0.7083333333333334,last_token,remove_random,2,ko,ja,r1,0.755859375,1024,2048,metric,,,,
Qwen/Qwen2.5-0.5B,17,0.7083333333333334,last_token,remove_random,2,ko,ja,mrr,0.8167026777375089,1024,2048,metric,,,,
Qwen/Qwen2.5-0.5B,17,0.7083333333333334,last_token,remove_random,2,ko,zh,r1,0.474609375,1024,2048,metric,,,,
Qwen/Qwen2.5-0.5B,17,0.7083333333333334,last_token,remove_random,2,ko,zh,mrr,0.5449806161796769,1024,2048,metric,,,,
Qwen/Qwen2.5-0.5B,17,0.7083333333333334,last_token,remove_random,2,ja,en,r1,0.578125,1024,2048,metric,,,,
Qwen/Qwen2.5-0.5B,17,0.7083333333333334,last_token,remove_random,2,ja,en,mrr,0.6642643257747111,1024,2048,metric,,,,
Qwen/Qwen2.5-0.5B,17,0.7083333333333334,last_token,remove_random,2,ja,ko,r1,0.73046875,1024,2048,metric,,,,
Qwen/Qwen2.5-0.5B,17,0.7083333333333334,last_token,remove_random,2,ja,ko,mrr,0.7879237098098039,1024,2048,metric,,,,
Qwen/Qwen2.5-0.5B,17,0.7083333333333334,last_token,remove_random,2,ja,zh,r1,0.54296875,1024,2048,metric,,,,
Qwen/Qwen2.5-0.5B,17,0.7083333333333334,last_token,remove_random,2,ja,zh,mrr,0.6170088604600902,1024,2048,metric,,,,
Qwen/Qwen2.5-0.5B,17,0.7083333333333334,last_token,remove_random,2,zh,en,r1,0.751953125,1024,2048,metric,,,,
Qwen/Qwen2.5-0.5B,17,0.7083333333333334,last_token,remove_random,2,zh,en,mrr,0.8184068315506087,1024,2048,metric,,,,
Qwen/Qwen2.5-0.5B,17,0.7083333333333334,last_token,remove_random,2,zh,ko,r1,0.646484375,1024,2048,metric,,,,
Qwen/Qwen2.5-0.5B,17,0.7083333333333334,last_token,remove_random,2,zh,ko,mrr,0.7196598215249712,1024,2048,metric,,,,
Qwen/Qwen2.5-0.5B,17,0.7083333333333334,last_token,remove_random,2,zh,ja,r1,0.736328125,1024,2048,metric,,,,
Qwen/Qwen2.5-0.5B,17,0.7083333333333334,last_token,remove_random,2,zh,ja,mrr,0.8161092883109891,1024,2048,metric,,,,
Qwen/Qwen2.5-0.5B,18,0.75,last_token,remove_random,2,en,ko,r1,0.5078125,1024,2048,metric,,,,
Qwen/Qwen2.5-0.5B,18,0.75,last_token,remove_random,2,en,ko,mrr,0.6161268983722435,1024,2048,metric,,,,
Qwen/Qwen2.5-0.5B,18,0.75,last_token,remove_random,2,en,ja,r1,0.576171875,1024,2048,metric,,,,
Qwen/Qwen2.5-0.5B,18,0.75,last_token,remove_random,2,en,ja,mrr,0.6991370259306637,1024,2048,metric,,,,
Qwen/Qwen2.5-0.5B,18,0.75,last_token,remove_random,2,en,zh,r1,0.689453125,1024,2048,metric,,,,
Qwen/Qwen2.5-0.5B,18,0.75,last_token,remove_random,2,en,zh,mrr,0.7540118832115222,1024,2048,metric,,,,
Qwen/Qwen2.5-0.5B,18,0.75,last_token,remove_random,2,ko,en,r1,0.376953125,1024,2048,metric,,,,
Qwen/Qwen2.5-0.5B,18,0.75,last_token,remove_random,2,ko,en,mrr,0.48449868093906734,1024,2048,metric,,,,
Qwen/Qwen2.5-0.5B,18,0.75,last_token,remove_random,2,ko,ja,r1,0.6796875,1024,2048,metric,,,,
Qwen/Qwen2.5-0.5B,18,0.75,last_token,remove_random,2,ko,ja,mrr,0.7613878927069219,1024,2048,metric,,,,
Qwen/Qwen2.5-0.5B,18,0.75,last_token,remove_random,2,ko,zh,r1,0.388671875,1024,2048,metric,,,,
Qwen/Qwen2.5-0.5B,18,0.75,last_token,remove_random,2,ko,zh,mrr,0.4781780083751279,1024,2048,metric,,,,
Qwen/Qwen2.5-0.5B,18,0.75,last_token,remove_random,2,ja,en,r1,0.435546875,1024,2048,metric,,,,
Qwen/Qwen2.5-0.5B,18,0.75,last_token,remove_random,2,ja,en,mrr,0.5478492188338158,1024,2048,metric,,,,
Qwen/Qwen2.5-0.5B,18,0.75,last_token,remove_random,2,ja,ko,r1,0.64453125,1024,2048,metric,,,,
Qwen/Qwen2.5-0.5B,18,0.75,last_token,remove_random,2,ja,ko,mrr,0.7215300432053267,1024,2048,metric,,,,
Qwen/Qwen2.5-0.5B,18,0.75,last_token,remove_random,2,ja,zh,r1,0.466796875,1024,2048,metric,,,,
Qwen/Qwen2.5-0.5B,18,0.75,last_token,remove_random,2,ja,zh,mrr,0.5490675812063178,1024,2048,metric,,,,
Qwen/Qwen2.5-0.5B,18,0.75,last_token,remove_random,2,zh,en,r1,0.673828125,1024,2048,metric,,,,
Qwen/Qwen2.5-0.5B,18,0.75,last_token,remove_random,2,zh,en,mrr,0.7450206879253006,1024,2048,metric,,,,
Qwen/Qwen2.5-0.5B,18,0.75,last_token,remove_random,2,zh,ko,r1,0.544921875,1024,2048,metric,,,,
Qwen/Qwen2.5-0.5B,18,0.75,last_token,remove_random,2,zh,ko,mrr,0.6330275692574852,1024,2048,metric,,,,
Qwen/Qwen2.5-0.5B,18,0.75,last_token,remove_random,2,zh,ja,r1,0.51953125,1024,2048,metric,,,,
Qwen/Qwen2.5-0.5B,18,0.75,last_token,remove_random,2,zh,ja,mrr,0.6349300097984808,1024,2048,metric,,,,
Qwen/Qwen2.5-0.5B,19,0.7916666666666666,last_token,remove_random,2,en,ko,r1,0.388671875,1024,2048,metric,,,,
Qwen/Qwen2.5-0.5B,19,0.7916666666666666,last_token,remove_random,2,en,ko,mrr,0.5075425001559412,1024,2048,metric,,,,
Qwen/Qwen2.5-0.5B,19,0.7916666666666666,last_token,remove_random,2,en,ja,r1,0.57421875,1024,2048,metric,,,,
Qwen/Qwen2.5-0.5B,19,0.7916666666666666,last_token,remove_random,2,en,ja,mrr,0.6939075839941128,1024,2048,metric,,,,
Qwen/Qwen2.5-0.5B,19,0.7916666666666666,last_token,remove_random,2,en,zh,r1,0.708984375,1024,2048,metric,,,,
Qwen/Qwen2.5-0.5B,19,0.7916666666666666,last_token,remove_random,2,en,zh,mrr,0.7709861582436416,1024,2048,metric,,,,
Qwen/Qwen2.5-0.5B,19,0.7916666666666666,last_token,remove_random,2,ko,en,r1,0.341796875,1024,2048,metric,,,,
Qwen/Qwen2.5-0.5B,19,0.7916666666666666,last_token,remove_random,2,ko,en,mrr,0.4521758405234274,1024,2048,metric,,,,
Qwen/Qwen2.5-0.5B,19,0.7916666666666666,last_token,remove_random,2,ko,ja,r1,0.677734375,1024,2048,metric,,,,
Qwen/Qwen2.5-0.5B,19,0.7916666666666666,last_token,remove_random,2,ko,ja,mrr,0.7549203553537911,1024,2048,metric,,,,
Qwen/Qwen2.5-0.5B,19,0.7916666666666666,last_token,remove_random,2,ko,zh,r1,0.375,1024,2048,metric,,,,
Qwen/Qwen2.5-0.5B,19,0.7916666666666666,last_token,remove_random,2,ko,zh,mrr,0.4675544327600237,1024,2048,metric,,,,
Qwen/Qwen2.5-0.5B,19,0.7916666666666666,last_token,remove_random,2,ja,en,r1,0.431640625,1024,2048,metric,,,,
Qwen/Qwen2.5-0.5B,19,0.7916666666666666,last_token,remove_random,2,ja,en,mrr,0.5466654178172276,1024,2048,metric,,,,
Qwen/Qwen2.5-0.5B,19,0.7916666666666666,last_token,remove_random,2,ja,ko,r1,0.609375,1024,2048,metric,,,,
Qwen/Qwen2.5-0.5B,19,0.7916666666666666,last_token,remove_random,2,ja,ko,mrr,0.6912388710839013,1024,2048,metric,,,,
Qwen/Qwen2.5-0.5B,19,0.7916666666666666,last_token,remove_random,2,ja,zh,r1,0.447265625,1024,2048,metric,,,,
Qwen/Qwen2.5-0.5B,19,0.7916666666666666,last_token,remove_random,2,ja,zh,mrr,0.5429754459238784,1024,2048,metric,,,,
Qwen/Qwen2.5-0.5B,19,0.7916666666666666,last_token,remove_random,2,zh,en,r1,0.669921875,1024,2048,metric,,,,
Qwen/Qwen2.5-0.5B,19,0.7916666666666666,last_token,remove_random,2,zh,en,mrr,0.750702149985887,1024,2048,metric,,,,
Qwen/Qwen2.5-0.5B,19,0.7916666666666666,last_token,remove_random,2,zh,ko,r1,0.3984375,1024,2048,metric,,,,
Qwen/Qwen2.5-0.5B,19,0.7916666666666666,last_token,remove_random,2,zh,ko,mrr,0.5055519187836766,1024,2048,metric,,,,
Qwen/Qwen2.5-0.5B,19,0.7916666666666666,last_token,remove_random,2,zh,ja,r1,0.478515625,1024,2048,metric,,,,
Qwen/Qwen2.5-0.5B,19,0.7916666666666666,last_token,remove_random,2,zh,ja,mrr,0.6034785551867672,1024,2048,metric,,,,
Qwen/Qwen2.5-0.5B,20,0.8333333333333334,last_token,remove_random,2,en,ko,r1,0.392578125,1024,2048,metric,,,,
Qwen/Qwen2.5-0.5B,20,0.8333333333333334,last_token,remove_random,2,en,ko,mrr,0.5153043924641552,1024,2048,metric,,,,
Qwen/Qwen2.5-0.5B,20,0.8333333333333334,last_token,remove_random,2,en,ja,r1,0.630859375,1024,2048,metric,,,,
Qwen/Qwen2.5-0.5B,20,0.8333333333333334,last_token,remove_random,2,en,ja,mrr,0.7307216676105561,1024,2048,metric,,,,
Qwen/Qwen2.5-0.5B,20,0.8333333333333334,last_token,remove_random,2,en,zh,r1,0.70703125,1024,2048,metric,,,,
Qwen/Qwen2.5-0.5B,20,0.8333333333333334,last_token,remove_random,2,en,zh,mrr,0.7749666663622641,1024,2048,metric,,,,
Qwen/Qwen2.5-0.5B,20,0.8333333333333334,last_token,remove_random,2,ko,en,r1,0.28515625,1024,2048,metric,,,,
Qwen/Qwen2.5-0.5B,20,0.8333333333333334,last_token,remove_random,2,ko,en,mrr,0.38761600199822654,1024,2048,metric,,,,
Qwen/Qwen2.5-0.5B,20,0.8333333333333334,last_token,remove_random,2,ko,ja,r1,0.6171875,1024,2048,metric,,,,
Qwen/Qwen2.5-0.5B,20,0.8333333333333334,last_token,remove_random,2,ko,ja,mrr,0.7129234511773617,1024,2048,metric,,,,
Qwen/Qwen2.5-0.5B,20,0.8333333333333334,last_token,remove_random,2,ko,zh,r1,0.314453125,1024,2048,metric,,,,
Qwen/Qwen2.5-0.5B,20,0.8333333333333334,last_token,remove_random,2,ko,zh,mrr,0.42058912765821876,1024,2048,metric,,,,
Qwen/Qwen2.5-0.5B,20,0.8333333333333334,last_token,remove_random,2,ja,en,r1,0.345703125,1024,2048,metric,,,,
Qwen/Qwen2.5-0.5B,20,0.8333333333333334,last_token,remove_random,2,ja,en,mrr,0.45115227919592354,1024,2048,metric,,,,
Qwen/Qwen2.5-0.5B,20,0.8333333333333334,last_token,remove_random,2,ja,ko,r1,0.4921875,1024,2048,metric,,,,
Qwen/Qwen2.5-0.5B,20,0.8333333333333334,last_token,remove_random,2,ja,ko,mrr,0.6032094530736134,1024,2048,metric,,,,
Qwen/Qwen2.5-0.5B,20,0.8333333333333334,last_token,remove_random,2,ja,zh,r1,0.435546875,1024,2048,metric,,,,
Qwen/Qwen2.5-0.5B,20,0.8333333333333334,last_token,remove_random,2,ja,zh,mrr,0.5374378171881269,1024,2048,metric,,,,
Qwen/Qwen2.5-0.5B,20,0.8333333333333334,last_token,remove_random,2,zh,en,r1,0.615234375,1024,2048,metric,,,,
Qwen/Qwen2.5-0.5B,20,0.8333333333333334,last_token,remove_random,2,zh,en,mrr,0.701043411271709,1024,2048,metric,,,,
Qwen/Qwen2.5-0.5B,20,0.8333333333333334,last_token,remove_random,2,zh,ko,r1,0.39453125,1024,2048,metric,,,,
Qwen/Qwen2.5-0.5B,20,0.8333333333333334,last_token,remove_random,2,zh,ko,mrr,0.5114721663668693,1024,2048,metric,,,,
Qwen/Qwen2.5-0.5B,20,0.8333333333333334,last_token,remove_random,2,zh,ja,r1,0.55078125,1024,2048,metric,,,,
Qwen/Qwen2.5-0.5B,20,0.8333333333333334,last_token,remove_random,2,zh,ja,mrr,0.6703943946050434,1024,2048,metric,,,,
Qwen/Qwen2.5-0.5B,21,0.875,last_token,remove_random,2,en,ko,r1,0.501953125,1024,2048,metric,,,,
Qwen/Qwen2.5-0.5B,21,0.875,last_token,remove_random,2,en,ko,mrr,0.623987809855298,1024,2048,metric,,,,
Qwen/Qwen2.5-0.5B,21,0.875,last_token,remove_random,2,en,ja,r1,0.587890625,1024,2048,metric,,,,
Qwen/Qwen2.5-0.5B,21,0.875,last_token,remove_random,2,en,ja,mrr,0.7083466378834885,1024,2048,metric,,,,
Qwen/Qwen2.5-0.5B,21,0.875,last_token,remove_random,2,en,zh,r1,0.822265625,1024,2048,metric,,,,
Qwen/Qwen2.5-0.5B,21,0.875,last_token,remove_random,2,en,zh,mrr,0.880331289881912,1024,2048,metric,,,,
Qwen/Qwen2.5-0.5B,21,0.875,last_token,remove_random,2,ko,en,r1,0.314453125,1024,2048,metric,,,,
Qwen/Qwen2.5-0.5B,21,0.875,last_token,remove_random,2,ko,en,mrr,0.4205747110425742,1024,2048,metric,,,,
Qwen/Qwen2.5-0.5B,21,0.875,last_token,remove_random,2,ko,ja,r1,0.44140625,1024,2048,metric,,,,
Qwen/Qwen2.5-0.5B,21,0.875,last_token,remove_random,2,ko,ja,mrr,0.5636974978347105,1024,2048,metric,,,,
Qwen/Qwen2.5-0.5B,21,0.875,last_token,remove_random,2,ko,zh,r1,0.421875,1024,2048,metric,,,,
Qwen/Qwen2.5-0.5B,21,0.875,last_token,remove_random,2,ko,zh,mrr,0.5318288206993328,1024,2048,metric,,,,
Qwen/Qwen2.5-0.5B,21,0.875,last_token,remove_random,2,ja,en,r1,0.505859375,1024,2048,metric,,,,
Qwen/Qwen2.5-0.5B,21,0.875,last_token,remove_random,2,ja,en,mrr,0.6191154714981707,1024,2048,metric,,,,
Qwen/Qwen2.5-0.5B,21,0.875,last_token,remove_random,2,ja,ko,r1,0.67578125,1024,2048,metric,,,,
Qwen/Qwen2.5-0.5B,21,0.875,last_token,remove_random,2,ja,ko,mrr,0.7625046429205291,1024,2048,metric,,,,
Qwen/Qwen2.5-0.5B,21,0.875,last_token,remove_random,2,ja,zh,r1,0.654296875,1024,2048,metric,,,,
Qwen/Qwen2.5-0.5B,21,0.875,last_token,remove_random,2,ja,zh,mrr,0.7431662033259308,1024,2048,metric,,,,
Qwen/Qwen2.5-0.5B,21,0.875,last_token,remove_random,2,zh,en,r1,0.7578125,1024,2048,metric,,,,
Qwen/Qwen2.5-0.5B,21,0.875,last_token,remove_random,2,zh,en,mrr,0.8276779838044068,1024,2048,metric,,,,
Qwen/Qwen2.5-0.5B,21,0.875,last_token,remove_random,2,zh,ko,r1,0.548828125,1024,2048,metric,,,,
Qwen/Qwen2.5-0.5B,21,0.875,last_token,remove_random,2,zh,ko,mrr,0.6513002975920886,1024,2048,metric,,,,
Qwen/Qwen2.5-0.5B,21,0.875,last_token,remove_random,2,zh,ja,r1,0.517578125,1024,2048,metric,,,,
Qwen/Qwen2.5-0.5B,21,0.875,last_token,remove_random,2,zh,ja,mrr,0.6464794505568017,1024,2048,metric,,,,
Qwen/Qwen2.5-0.5B,22,0.9166666666666666,last_token,remove_random,2,en,ko,r1,0.55859375,1024,2048,metric,,,,
Qwen/Qwen2.5-0.5B,22,0.9166666666666666,last_token,remove_random,2,en,ko,mrr,0.6752219447957737,1024,2048,metric,,,,
Qwen/Qwen2.5-0.5B,22,0.9166666666666666,last_token,remove_random,2,en,ja,r1,0.689453125,1024,2048,metric,,,,
Qwen/Qwen2.5-0.5B,22,0.9166666666666666,last_token,remove_random,2,en,ja,mrr,0.7885182545483854,1024,2048,metric,,,,
Qwen/Qwen2.5-0.5B,22,0.9166666666666666,last_token,remove_random,2,en,zh,r1,0.830078125,1024,2048,metric,,,,
Qwen/Qwen2.5-0.5B,22,0.9166666666666666,last_token,remove_random,2,en,zh,mrr,0.8924723220034427,1024,2048,metric,,,,
Qwen/Qwen2.5-0.5B,22,0.9166666666666666,last_token,remove_random,2,ko,en,r1,0.267578125,1024,2048,metric,,,,
Qwen/Qwen2.5-0.5B,22,0.9166666666666666,last_token,remove_random,2,ko,en,mrr,0.36212887196384935,1024,2048,metric,,,,
Qwen/Qwen2.5-0.5B,22,0.9166666666666666,last_token,remove_random,2,ko,ja,r1,0.50390625,1024,2048,metric,,,,
Qwen/Qwen2.5-0.5B,22,0.9166666666666666,last_token,remove_random,2,ko,ja,mrr,0.6192713245901841,1024,2048,metric,,,,
Qwen/Qwen2.5-0.5B,22,0.9166666666666666,last_token,remove_random,2,ko,zh,r1,0.423828125,1024,2048,metric,,,,
Qwen/Qwen2.5-0.5B,22,0.9166666666666666,last_token,remove_random,2,ko,zh,mrr,0.5388581054842616,1024,2048,metric,,,,
Qwen/Qwen2.5-0.5B,22,0.9166666666666666,last_token,remove_random,2,ja,en,r1,0.51171875,1024,2048,metric,,,,
Qwen/Qwen2.5-0.5B,22,0.9166666666666666,last_token,remove_random,2,ja,en,mrr,0.6161048269175502,1024,2048,metric,,,,
Qwen/Qwen2.5-0.5B,22,0.9166666666666666,last_token,remove_random,2,ja,ko,r1,0.712890625,1024,2048,metric,,,,
Qwen/Qwen2.5-0.5B,22,0.9166666666666666,last_token,remove_random,2,ja,ko,mrr,0.7881992338272084,1024,2048,metric,,,,
Qwen/Qwen2.5-0.5B,22,0.9166666666666666,last_token,remove_random,2,ja,zh,r1,0.71484375,1024,2048,metric,,,,
Qwen/Qwen2.5-0.5B,22,0.9166666666666666,last_token,remove_random,2,ja,zh,mrr,0.7906865222213516,1024,2048,metric,,,,
Qwen/Qwen2.5-0.5B,22,0.9166666666666666,last_token,remove_random,2,zh,en,r1,0.759765625,1024,2048,metric,,,,
Qwen/Qwen2.5-0.5B,22,0.9166666666666666,last_token,remove_random,2,zh,en,mrr,0.8282215974427818,1024,2048,metric,,,,
Qwen/Qwen2.5-0.5B,22,0.9166666666666666,last_token,remove_random,2,zh,ko,r1,0.57421875,1024,2048,metric,,,,
Qwen/Qwen2.5-0.5B,22,0.9166666666666666,last_token,remove_random,2,zh,ko,mrr,0.6829256128457132,1024,2048,metric,,,,
Qwen/Qwen2.5-0.5B,22,0.9166666666666666,last_token,remove_random,2,zh,ja,r1,0.66796875,1024,2048,metric,,,,
Qwen/Qwen2.5-0.5B,22,0.9166666666666666,last_token,remove_random,2,zh,ja,mrr,0.7643451119279392,1024,2048,metric,,,,
Qwen/Qwen2.5-0.5B,23,0.9583333333333334,last_token,remove_random,2,en,ko,r1,0.140625,1024,2048,metric,,,,
Qwen/Qwen2.5-0.5B,23,0.9583333333333334,last_token,remove_random,2,en,ko,mrr,0.2348245930547387,1024,2048,metric,,,,
Qwen/Qwen2.5-0.5B,23,0.9583333333333334,last_token,remove_random,2,en,ja,r1,0.662109375,1024,2048,metric,,,,
Qwen/Qwen2.5-0.5B,23,0.9583333333333334,last_token,remove_random,2,en,ja,mrr,0.7734679397480528,1024,2048,metric,,,,
Qwen/Qwen2.5-0.5B,23,0.9583333333333334,last_token,remove_random,2,en,zh,r1,0.8046875,1024,2048,metric,,,,
Qwen/Qwen2.5-0.5B,23,0.9583333333333334,last_token,remove_random,2,en,zh,mrr,0.8694193470419138,1024,2048,metric,,,,
Qwen/Qwen2.5-0.5B,23,0.9583333333333334,last_token,remove_random,2,ko,en,r1,0.36328125,1024,2048,metric,,,,
Qwen/Qwen2.5-0.5B,23,0.9583333333333334,last_token,remove_random,2,ko,en,mrr,0.46855967502780493,1024,2048,metric,,,,
Qwen/Qwen2.5-0.5B,23,0.9583333333333334,last_token,remove_random,2,ko,ja,r1,0.580078125,1024,2048,metric,,,,
Qwen/Qwen2.5-0.5B,23,0.9583333333333334,last_token,remove_random,2,ko,ja,mrr,0.6805129079839287,1024,2048,metric,,,,
Qwen/Qwen2.5-0.5B,23,0.9583333333333334,last_token,remove_random,2,ko,zh,r1,0.4140625,1024,2048,metric,,,,
Qwen/Qwen2.5-0.5B,23,0.9583333333333334,last_token,remove_random,2,ko,zh,mrr,0.5231944720128715,1024,2048,metric,,,,
Qwen/Qwen2.5-0.5B,23,0.9583333333333334,last_token,remove_random,2,ja,en,r1,0.431640625,1024,2048,metric,,,,
Qwen/Qwen2.5-0.5B,23,0.9583333333333334,last_token,remove_random,2,ja,en,mrr,0.5566297149053889,1024,2048,metric,,,,
Qwen/Qwen2.5-0.5B,23,0.9583333333333334,last_token,remove_random,2,ja,ko,r1,0.3515625,1024,2048,metric,,,,
Qwen/Qwen2.5-0.5B,23,0.9583333333333334,last_token,remove_random,2,ja,ko,mrr,0.46161722294895785,1024,2048,metric,,,,
Qwen/Qwen2.5-0.5B,23,0.9583333333333334,last_token,remove_random,2,ja,zh,r1,0.75,1024,2048,metric,,,,
Qwen/Qwen2.5-0.5B,23,0.9583333333333334,last_token,remove_random,2,ja,zh,mrr,0.8221710944899848,1024,2048,metric,,,,
Qwen/Qwen2.5-0.5B,23,0.9583333333333334,last_token,remove_random,2,zh,en,r1,0.705078125,1024,2048,metric,,,,
Qwen/Qwen2.5-0.5B,23,0.9583333333333334,last_token,remove_random,2,zh,en,mrr,0.7882557529676095,1024,2048,metric,,,,
Qwen/Qwen2.5-0.5B,23,0.9583333333333334,last_token,remove_random,2,zh,ko,r1,0.1796875,1024,2048,metric,,,,
Qwen/Qwen2.5-0.5B,23,0.9583333333333334,last_token,remove_random,2,zh,ko,mrr,0.27392828734259417,1024,2048,metric,,,,
Qwen/Qwen2.5-0.5B,23,0.9583333333333334,last_token,remove_random,2,zh,ja,r1,0.677734375,1024,2048,metric,,,,
Qwen/Qwen2.5-0.5B,23,0.9583333333333334,last_token,remove_random,2,zh,ja,mrr,0.7696060131219147,1024,2048,metric,,,,
Qwen/Qwen2.5-0.5B,24,1.0,last_token,remove_random,2,en,ko,r1,0.001953125,1024,2048,metric,,,,
Qwen/Qwen2.5-0.5B,24,1.0,last_token,remove_random,2,en,ko,mrr,0.03488055652110713,1024,2048,metric,,,,
Qwen/Qwen2.5-0.5B,24,1.0,last_token,remove_random,2,en,ja,r1,0.02734375,1024,2048,metric,,,,
Qwen/Qwen2.5-0.5B,24,1.0,last_token,remove_random,2,en,ja,mrr,0.07593355642721654,1024,2048,metric,,,,
Qwen/Qwen2.5-0.5B,24,1.0,last_token,remove_random,2,en,zh,r1,0.00390625,1024,2048,metric,,,,
Qwen/Qwen2.5-0.5B,24,1.0,last_token,remove_random,2,en,zh,mrr,0.04293809717604762,1024,2048,metric,,,,
Qwen/Qwen2.5-0.5B,24,1.0,last_token,remove_random,2,ko,en,r1,0.0078125,1024,2048,metric,,,,
Qwen/Qwen2.5-0.5B,24,1.0,last_token,remove_random,2,ko,en,mrr,0.05645351225176696,1024,2048,metric,,,,
Qwen/Qwen2.5-0.5B,24,1.0,last_token,remove_random,2,ko,ja,r1,0.02734375,1024,2048,metric,,,,
Qwen/Qwen2.5-0.5B,24,1.0,last_token,remove_random,2,ko,ja,mrr,0.0618971410169387,1024,2048,metric,,,,
Qwen/Qwen2.5-0.5B,24,1.0,last_token,remove_random,2,ko,zh,r1,0.009765625,1024,2048,metric,,,,
Qwen/Qwen2.5-0.5B,24,1.0,last_token,remove_random,2,ko,zh,mrr,0.04076910470225967,1024,2048,metric,,,,
Qwen/Qwen2.5-0.5B,24,1.0,last_token,remove_random,2,ja,en,r1,0.001953125,1024,2048,metric,,,,
Qwen/Qwen2.5-0.5B,24,1.0,last_token,remove_random,2,ja,en,mrr,0.048095606607061095,1024,2048,metric,,,,
Qwen/Qwen2.5-0.5B,24,1.0,last_token,remove_random,2,ja,ko,r1,0.001953125,1024,2048,metric,,,,
Qwen/Qwen2.5-0.5B,24,1.0,last_token,remove_random,2,ja,ko,mrr,0.04564239018398053,1024,2048,metric,,,,
Qwen/Qwen2.5-0.5B,24,1.0,last_token,remove_random,2,ja,zh,r1,0.060546875,1024,2048,metric,,,,
Qwen/Qwen2.5-0.5B,24,1.0,last_token,remove_random,2,ja,zh,mrr,0.14466164044394697,1024,2048,metric,,,,
Qwen/Qwen2.5-0.5B,24,1.0,last_token,remove_random,2,zh,en,r1,0.02734375,1024,2048,metric,,,,
Qwen/Qwen2.5-0.5B,24,1.0,last_token,remove_random,2,zh,en,mrr,0.11186643951622985,1024,2048,metric,,,,
Qwen/Qwen2.5-0.5B,24,1.0,last_token,remove_random,2,zh,ko,r1,0.0078125,1024,2048,metric,,,,
Qwen/Qwen2.5-0.5B,24,1.0,last_token,remove_random,2,zh,ko,mrr,0.09037883640804618,1024,2048,metric,,,,
Qwen/Qwen2.5-0.5B,24,1.0,last_token,remove_random,2,zh,ja,r1,0.150390625,1024,2048,metric,,,,
Qwen/Qwen2.5-0.5B,24,1.0,last_token,remove_random,2,zh,ja,mrr,0.27556263580000206,1024,2048,metric,,,,
Qwen/Qwen2.5-0.5B,7,0.2916666666666667,mean,remove_random,2,en,ko,r1,0.009765625,1024,2048,metric,,,,
Qwen/Qwen2.5-0.5B,7,0.2916666666666667,mean,remove_random,2,en,ko,mrr,0.03497657987902706,1024,2048,metric,,,,
Qwen/Qwen2.5-0.5B,7,0.2916666666666667,mean,remove_random,2,en,ja,r1,0.044921875,1024,2048,metric,,,,
Qwen/Qwen2.5-0.5B,7,0.2916666666666667,mean,remove_random,2,en,ja,mrr,0.08207938219050277,1024,2048,metric,,,,
Qwen/Qwen2.5-0.5B,7,0.2916666666666667,mean,remove_random,2,en,zh,r1,0.76953125,1024,2048,metric,,,,
Qwen/Qwen2.5-0.5B,7,0.2916666666666667,mean,remove_random,2,en,zh,mrr,0.7965135485454118,1024,2048,metric,,,,
Qwen/Qwen2.5-0.5B,7,0.2916666666666667,mean,remove_random,2,ko,en,r1,0.556640625,1024,2048,metric,,,,
Qwen/Qwen2.5-0.5B,7,0.2916666666666667,mean,remove_random,2,ko,en,mrr,0.6533674010556669,1024,2048,metric,,,,
Qwen/Qwen2.5-0.5B,7,0.2916666666666667,mean,remove_random,2,ko,ja,r1,0.767578125,1024,2048,metric,,,,
Qwen/Qwen2.5-0.5B,7,0.2916666666666667,mean,remove_random,2,ko,ja,mrr,0.8153987397740285,1024,2048,metric,,,,
Qwen/Qwen2.5-0.5B,7,0.2916666666666667,mean,remove_random,2,ko,zh,r1,0.38671875,1024,2048,metric,,,,
Qwen/Qwen2.5-0.5B,7,0.2916666666666667,mean,remove_random,2,ko,zh,mrr,0.48519396412416016,1024,2048,metric,,,,
Qwen/Qwen2.5-0.5B,7,0.2916666666666667,mean,remove_random,2,ja,en,r1,0.76171875,1024,2048,metric,,,,
Qwen/Qwen2.5-0.5B,7,0.2916666666666667,mean,remove_random,2,ja,en,mrr,0.8233614760606245,1024,2048,metric,,,,
Qwen/Qwen2.5-0.5B,7,0.2916666666666667,mean,remove_random,2,ja,ko,r1,0.5703125,1024,2048,metric,,,,
Qwen/Qwen2.5-0.5B,7,0.2916666666666667,mean,remove_random,2,ja,ko,mrr,0.6270584970722923,1024,2048,metric,,,,
Qwen/Qwen2.5-0.5B,7,0.2916666666666667,mean,remove_random,2,ja,zh,r1,0.677734375,1024,2048,metric,,,,
Qwen/Qwen2.5-0.5B,7,0.2916666666666667,mean,remove_random,2,ja,zh,mrr,0.7435792114895353,1024,2048,metric,,,,
Qwen/Qwen2.5-0.5B,7,0.2916666666666667,mean,remove_random,2,zh,en,r1,0.837890625,1024,2048,metric,,,,
Qwen/Qwen2.5-0.5B,7,0.2916666666666667,mean,remove_random,2,zh,en,mrr,0.8689098474323332,1024,2048,metric,,,,
Qwen/Qwen2.5-0.5B,7,0.2916666666666667,mean,remove_random,2,zh,ko,r1,0.0390625,1024,2048,metric,,,,
Qwen/Qwen2.5-0.5B,7,0.2916666666666667,mean,remove_random,2,zh,ko,mrr,0.07418439703464981,1024,2048,metric,,,,
Qwen/Qwen2.5-0.5B,7,0.2916666666666667,mean,remove_random,2,zh,ja,r1,0.126953125,1024,2048,metric,,,,
Qwen/Qwen2.5-0.5B,7,0.2916666666666667,mean,remove_random,2,zh,ja,mrr,0.1776086522545252,1024,2048,metric,,,,
Qwen/Qwen2.5-0.5B,8,0.3333333333333333,mean,remove_random,2,en,ko,r1,0.01171875,1024,2048,metric,,,,
Qwen/Qwen2.5-0.5B,8,0.3333333333333333,mean,remove_random,2,en,ko,mrr,0.037272814894208146,1024,2048,metric,,,,
Qwen/Qwen2.5-0.5B,8,0.3333333333333333,mean,remove_random,2,en,ja,r1,0.05078125,1024,2048,metric,,,,
Qwen/Qwen2.5-0.5B,8,0.3333333333333333,mean,remove_random,2,en,ja,mrr,0.0839642587593287,1024,2048,metric,,,,
Qwen/Qwen2.5-0.5B,8,0.3333333333333333,mean,remove_random,2,en,zh,r1,0.79296875,1024,2048,metric,,,,
Qwen/Qwen2.5-0.5B,8,0.3333333333333333,mean,remove_random,2,en,zh,mrr,0.8179217721954057,1024,2048,metric,,,,
Qwen/Qwen2.5-0.5B,8,0.3333333333333333,mean,remove_random,2,ko,en,r1,0.619140625,1024,2048,metric,,,,
Qwen/Qwen2.5-0.5B,8,0.3333333333333333,mean,remove_random,2,ko,en,mrr,0.7157351086360714,1024,2048,metric,,,,
Qwen/Qwen2.5-0.5B,8,0.3333333333333333,mean,remove_random,2,ko,ja,r1,0.81640625,1024,2048,metric,,,,
Qwen/Qwen2.5-0.5B,8,0.3333333333333333,mean,remove_random,2,ko,ja,mrr,0.8531577848096195,1024,2048,metric,,,,
Qwen/Qwen2.5-0.5B,8,0.3333333333333333,mean,remove_random,2,ko,zh,r1,0.466796875,1024,2048,metric,,,,
Qwen/Qwen2.5-0.5B,8,0.3333333333333333,mean,remove_random,2,ko,zh,mrr,0.5739430671387032,1024,2048,metric,,,,
Qwen/Qwen2.5-0.5B,8,0.3333333333333333,mean,remove_random,2,ja,en,r1,0.80859375,1024,2048,metric,,,,
Qwen/Qwen2.5-0.5B,8,0.3333333333333333,mean,remove_random,2,ja,en,mrr,0.8573205133381424,1024,2048,metric,,,,
Qwen/Qwen2.5-0.5B,8,0.3333333333333333,mean,remove_random,2,ja,ko,r1,0.60546875,1024,2048,metric,,,,
Qwen/Qwen2.5-0.5B,8,0.3333333333333333,mean,remove_random,2,ja,ko,mrr,0.6574456270942366,1024,2048,metric,,,,
Qwen/Qwen2.5-0.5B,8,0.3333333333333333,mean,remove_random,2,ja,zh,r1,0.734375,1024,2048,metric,,,,
Qwen/Qwen2.5-0.5B,8,0.3333333333333333,mean,remove_random,2,ja,zh,mrr,0.8012687902304948,1024,2048,metric,,,,
Qwen/Qwen2.5-0.5B,8,0.3333333333333333,mean,remove_random,2,zh,en,r1,0.85546875,1024,2048,metric,,,,
Qwen/Qwen2.5-0.5B,8,0.3333333333333333,mean,remove_random,2,zh,en,mrr,0.8840372623400778,1024,2048,metric,,,,
Qwen/Qwen2.5-0.5B,8,0.3333333333333333,mean,remove_random,2,zh,ko,r1,0.0390625,1024,2048,metric,,,,
Qwen/Qwen2.5-0.5B,8,0.3333333333333333,mean,remove_random,2,zh,ko,mrr,0.07274223165081824,1024,2048,metric,,,,
Qwen/Qwen2.5-0.5B,8,0.3333333333333333,mean,remove_random,2,zh,ja,r1,0.12890625,1024,2048,metric,,,,
Qwen/Qwen2.5-0.5B,8,0.3333333333333333,mean,remove_random,2,zh,ja,mrr,0.17237933660852167,1024,2048,metric,,,,
Qwen/Qwen2.5-0.5B,9,0.375,mean,remove_random,2,en,ko,r1,0.017578125,1024,2048,metric,,,,
Qwen/Qwen2.5-0.5B,9,0.375,mean,remove_random,2,en,ko,mrr,0.04359048075807284,1024,2048,metric,,,,
Qwen/Qwen2.5-0.5B,9,0.375,mean,remove_random,2,en,ja,r1,0.06640625,1024,2048,metric,,,,
Qwen/Qwen2.5-0.5B,9,0.375,mean,remove_random,2,en,ja,mrr,0.09998910575534996,1024,2048,metric,,,,
Qwen/Qwen2.5-0.5B,9,0.375,mean,remove_random,2,en,zh,r1,0.810546875,1024,2048,metric,,,,
Qwen/Qwen2.5-0.5B,9,0.375,mean,remove_random,2,en,zh,mrr,0.8344498540060747,1024,2048,metric,,,,
Qwen/Qwen2.5-0.5B,9,0.375,mean,remove_random,2,ko,en,r1,0.66796875,1024,2048,metric,,,,
Qwen/Qwen2.5-0.5B,9,0.375,mean,remove_random,2,ko,en,mrr,0.7507819357872337,1024,2048,metric,,,,
Qwen/Qwen2.5-0.5B,9,0.375,mean,remove_random,2,ko,ja,r1,0.828125,1024,2048,metric,,,,
Qwen/Qwen2.5-0.5B,9,0.375,mean,remove_random,2,ko,ja,mrr,0.862813084292574,1024,2048,metric,,,,
Qwen/Qwen2.5-0.5B,9,0.375,mean,remove_random,2,ko,zh,r1,0.513671875,1024,2048,metric,,,,
Qwen/Qwen2.5-0.5B,9,0.375,mean,remove_random,2,ko,zh,mrr,0.6078315454033476,1024,2048,metric,,,,
Qwen/Qwen2.5-0.5B,9,0.375,mean,remove_random,2,ja,en,r1,0.806640625,1024,2048,metric,,,,
Qwen/Qwen2.5-0.5B,9,0.375,mean,remove_random,2,ja,en,mrr,0.8594057502298398,1024,2048,metric,,,,
Qwen/Qwen2.5-0.5B,9,0.375,mean,remove_random,2,ja,ko,r1,0.646484375,1024,2048,metric,,,,
Qwen/Qwen2.5-0.5B,9,0.375,mean,remove_random,2,ja,ko,mrr,0.6880323391556666,1024,2048,metric,,,,
Qwen/Qwen2.5-0.5B,9,0.375,mean,remove_random,2,ja,zh,r1,0.7578125,1024,2048,metric,,,,
Qwen/Qwen2.5-0.5B,9,0.375,mean,remove_random,2,ja,zh,mrr,0.8086254653824327,1024,2048,metric,,,,
Qwen/Qwen2.5-0.5B,9,0.375,mean,remove_random,2,zh,en,r1,0.849609375,1024,2048,metric,,,,
Qwen/Qwen2.5-0.5B,9,0.375,mean,remove_random,2,zh,en,mrr,0.8808813764361175,1024,2048,metric,,,,
Qwen/Qwen2.5-0.5B,9,0.375,mean,remove_random,2,zh,ko,r1,0.044921875,1024,2048,metric,,,,
Qwen/Qwen2.5-0.5B,9,0.375,mean,remove_random,2,zh,ko,mrr,0.08371325256363057,1024,2048,metric,,,,
Qwen/Qwen2.5-0.5B,9,0.375,mean,remove_random,2,zh,ja,r1,0.140625,1024,2048,metric,,,,
Qwen/Qwen2.5-0.5B,9,0.375,mean,remove_random,2,zh,ja,mrr,0.1932750522951414,1024,2048,metric,,,,
Qwen/Qwen2.5-0.5B,10,0.4166666666666667,mean,remove_random,2,en,ko,r1,0.015625,1024,2048,metric,,,,
Qwen/Qwen2.5-0.5B,10,0.4166666666666667,mean,remove_random,2,en,ko,mrr,0.04569054141766519,1024,2048,metric,,,,
Qwen/Qwen2.5-0.5B,10,0.4166666666666667,mean,remove_random,2,en,ja,r1,0.083984375,1024,2048,metric,,,,
Qwen/Qwen2.5-0.5B,10,0.4166666666666667,mean,remove_random,2,en,ja,mrr,0.11688651565398937,1024,2048,metric,,,,
Qwen/Qwen2.5-0.5B,10,0.4166666666666667,mean,remove_random,2,en,zh,r1,0.830078125,1024,2048,metric,,,,
Qwen/Qwen2.5-0.5B,10,0.4166666666666667,mean,remove_random,2,en,zh,mrr,0.8494018492957158,1024,2048,metric,,,,
Qwen/Qwen2.5-0.5B,10,0.4166666666666667,mean,remove_random,2,ko,en,r1,0.693359375,1024,2048,metric,,,,
Qwen/Qwen2.5-0.5B,10,0.4166666666666667,mean,remove_random,2,ko,en,mrr,0.7782026899187321,1024,2048,metric,,,,
Qwen/Qwen2.5-0.5B,10,0.4166666666666667,mean,remove_random,2,ko,ja,r1,0.83984375,1024,2048,metric,,,,
Qwen/Qwen2.5-0.5B,10,0.4166666666666667,mean,remove_random,2,ko,ja,mrr,0.8725061447605004,1024,2048,metric,,,,
Qwen/Qwen2.5-0.5B,10,0.4166666666666667,mean,remove_random,2,ko,zh,r1,0.5390625,1024,2048,metric,,,,
Qwen/Qwen2.5-0.5B,10,0.4166666666666667,mean,remove_random,2,ko,zh,mrr,0.633848554878453,1024,2048,metric,,,,
Qwen/Qwen2.5-0.5B,10,0.4166666666666667,mean,remove_random,2,ja,en,r1,0.830078125,1024,2048,metric,,,,
Qwen/Qwen2.5-0.5B,10,0.4166666666666667,mean,remove_random,2,ja,en,mrr,0.8772915165680018,1024,2048,metric,,,,
Qwen/Qwen2.5-0.5B,10,0.4166666666666667,mean,remove_random,2,ja,ko,r1,0.654296875,1024,2048,metric,,,,
Qwen/Qwen2.5-0.5B,10,0.4166666666666667,mean,remove_random,2,ja,ko,mrr,0.6967591869830974,1024,2048,metric,,,,
Qwen/Qwen2.5-0.5B,10,0.4166666666666667,mean,remove_random,2,ja,zh,r1,0.767578125,1024,2048,metric,,,,
Qwen/Qwen2.5-0.5B,10,0.4166666666666667,mean,remove_random,2,ja,zh,mrr,0.8207589272985361,1024,2048,metric,,,,
Qwen/Qwen2.5-0.5B,10,0.4166666666666667,mean,remove_random,2,zh,en,r1,0.8515625,1024,2048,metric,,,,
Qwen/Qwen2.5-0.5B,10,0.4166666666666667,mean,remove_random,2,zh,en,mrr,0.8824717061515133,1024,2048,metric,,,,
Qwen/Qwen2.5-0.5B,10,0.4166666666666667,mean,remove_random,2,zh,ko,r1,0.048828125,1024,2048,metric,,,,
Qwen/Qwen2.5-0.5B,10,0.4166666666666667,mean,remove_random,2,zh,ko,mrr,0.08852005498657348,1024,2048,metric,,,,
Qwen/Qwen2.5-0.5B,10,0.4166666666666667,mean,remove_random,2,zh,ja,r1,0.154296875,1024,2048,metric,,,,
Qwen/Qwen2.5-0.5B,10,0.4166666666666667,mean,remove_random,2,zh,ja,mrr,0.20686488259318098,1024,2048,metric,,,,
Qwen/Qwen2.5-0.5B,11,0.4583333333333333,mean,remove_random,2,en,ko,r1,0.029296875,1024,2048,metric,,,,
Qwen/Qwen2.5-0.5B,11,0.4583333333333333,mean,remove_random,2,en,ko,mrr,0.05576848666633222,1024,2048,metric,,,,
Qwen/Qwen2.5-0.5B,11,0.4583333333333333,mean,remove_random,2,en,ja,r1,0.091796875,1024,2048,metric,,,,
Qwen/Qwen2.5-0.5B,11,0.4583333333333333,mean,remove_random,2,en,ja,mrr,0.13001965681570785,1024,2048,metric,,,,
Qwen/Qwen2.5-0.5B,11,0.4583333333333333,mean,remove_random,2,en,zh,r1,0.845703125,1024,2048,metric,,,,
Qwen/Qwen2.5-0.5B,11,0.4583333333333333,mean,remove_random,2,en,zh,mrr,0.8627005120543692,1024,2048,metric,,,,
Qwen/Qwen2.5-0.5B,11,0.4583333333333333,mean,remove_random,2,ko,en,r1,0.693359375,1024,2048,metric,,,,
Qwen/Qwen2.5-0.5B,11,0.4583333333333333,mean,remove_random,2,ko,en,mrr,0.768943344062897,1024,2048,metric,,,,
Qwen/Qwen2.5-0.5B,11,0.4583333333333333,mean,remove_random,2,ko,ja,r1,0.849609375,1024,2048,metric,,,,
Qwen/Qwen2.5-0.5B,11,0.4583333333333333,mean,remove_random,2,ko,ja,mrr,0.8813723300984617,1024,2048,metric,,,,
Qwen/Qwen2.5-0.5B,11,0.4583333333333333,mean,remove_random,2,ko,zh,r1,0.51171875,1024,2048,metric,,,,
Qwen/Qwen2.5-0.5B,11,0.4583333333333333,mean,remove_random,2,ko,zh,mrr,0.602722466518144,1024,2048,metric,,,,
Qwen/Qwen2.5-0.5B,11,0.4583333333333333,mean,remove_random,2,ja,en,r1,0.826171875,1024,2048,metric,,,,
Qwen/Qwen2.5-0.5B,11,0.4583333333333333,mean,remove_random,2,ja,en,mrr,0.8717253773223661,1024,2048,metric,,,,
Qwen/Qwen2.5-0.5B,11,0.4583333333333333,mean,remove_random,2,ja,ko,r1,0.6796875,1024,2048,metric,,,,
Qwen/Qwen2.5-0.5B,11,0.4583333333333333,mean,remove_random,2,ja,ko,mrr,0.7184441945420772,1024,2048,metric,,,,
Qwen/Qwen2.5-0.5B,11,0.4583333333333333,mean,remove_random,2,ja,zh,r1,0.744140625,1024,2048,metric,,,,
Qwen/Qwen2.5-0.5B,11,0.4583333333333333,mean,remove_random,2,ja,zh,mrr,0.7975981723105812,1024,2048,metric,,,,
Qwen/Qwen2.5-0.5B,11,0.4583333333333333,mean,remove_random,2,zh,en,r1,0.841796875,1024,2048,metric,,,,
Qwen/Qwen2.5-0.5B,11,0.4583333333333333,mean,remove_random,2,zh,en,mrr,0.8724512617388953,1024,2048,metric,,,,
Qwen/Qwen2.5-0.5B,11,0.4583333333333333,mean,remove_random,2,zh,ko,r1,0.05859375,1024,2048,metric,,,,
Qwen/Qwen2.5-0.5B,11,0.4583333333333333,mean,remove_random,2,zh,ko,mrr,0.0982411774214563,1024,2048,metric,,,,
Qwen/Qwen2.5-0.5B,11,0.4583333333333333,mean,remove_random,2,zh,ja,r1,0.162109375,1024,2048,metric,,,,
Qwen/Qwen2.5-0.5B,11,0.4583333333333333,mean,remove_random,2,zh,ja,mrr,0.21678957356288586,1024,2048,metric,,,,
Qwen/Qwen2.5-0.5B,12,0.5,mean,remove_random,2,en,ko,r1,0.025390625,1024,2048,metric,,,,
Qwen/Qwen2.5-0.5B,12,0.5,mean,remove_random,2,en,ko,mrr,0.05184556375984177,1024,2048,metric,,,,
Qwen/Qwen2.5-0.5B,12,0.5,mean,remove_random,2,en,ja,r1,0.078125,1024,2048,metric,,,,
Qwen/Qwen2.5-0.5B,12,0.5,mean,remove_random,2,en,ja,mrr,0.11629814315539888,1024,2048,metric,,,,
Qwen/Qwen2.5-0.5B,12,0.5,mean,remove_random,2,en,zh,r1,0.833984375,1024,2048,metric,,,,
Qwen/Qwen2.5-0.5B,12,0.5,mean,remove_random,2,en,zh,mrr,0.8543683154001935,1024,2048,metric,,,,
Qwen/Qwen2.5-0.5B,12,0.5,mean,remove_random,2,ko,en,r1,0.70703125,1024,2048,metric,,,,
Qwen/Qwen2.5-0.5B,12,0.5,mean,remove_random,2,ko,en,mrr,0.7857137083905696,1024,2048,metric,,,,
Qwen/Qwen2.5-0.5B,12,0.5,mean,remove_random,2,ko,ja,r1,0.849609375,1024,2048,metric,,,,
Qwen/Qwen2.5-0.5B,12,0.5,mean,remove_random,2,ko,ja,mrr,0.8794439714193354,1024,2048,metric,,,,
Qwen/Qwen2.5-0.5B,12,0.5,mean,remove_random,2,ko,zh,r1,0.521484375,1024,2048,metric,,,,
Qwen/Qwen2.5-0.5B,12,0.5,mean,remove_random,2,ko,zh,mrr,0.6210471825984629,1024,2048,metric,,,,
Qwen/Qwen2.5-0.5B,12,0.5,mean,remove_random,2,ja,en,r1,0.83203125,1024,2048,metric,,,,
Qwen/Qwen2.5-0.5B,12,0.5,mean,remove_random,2,ja,en,mrr,0.8789326939961191,1024,2048,metric,,,,
Qwen/Qwen2.5-0.5B,12,0.5,mean,remove_random,2,ja,ko,r1,0.662109375,1024,2048,metric,,,,
Qwen/Qwen2.5-0.5B,12,0.5,mean,remove_random,2,ja,ko,mrr,0.7071995855153661,1024,2048,metric,,,,
Qwen/Qwen2.5-0.5B,12,0.5,mean,remove_random,2,ja,zh,r1,0.7578125,1024,2048,metric,,,,
Qwen/Qwen2.5-0.5B,12,0.5,mean,remove_random,2,ja,zh,mrr,0.8127584182917844,1024,2048,metric,,,,
Qwen/Qwen2.5-0.5B,12,0.5,mean,remove_random,2,zh,en,r1,0.841796875,1024,2048,metric,,,,
Qwen/Qwen2.5-0.5B,12,0.5,mean,remove_random,2,zh,en,mrr,0.8725509472494186,1024,2048,metric,,,,
Qwen/Qwen2.5-0.5B,12,0.5,mean,remove_random,2,zh,ko,r1,0.05078125,1024,2048,metric,,,,
Qwen/Qwen2.5-0.5B,12,0.5,mean,remove_random,2,zh,ko,mrr,0.0913483558283529,1024,2048,metric,,,,
Qwen/Qwen2.5-0.5B,12,0.5,mean,remove_random,2,zh,ja,r1,0.15234375,1024,2048,metric,,,,
Qwen/Qwen2.5-0.5B,12,0.5,mean,remove_random,2,zh,ja,mrr,0.20482123605038238,1024,2048,metric,,,,
Qwen/Qwen2.5-0.5B,13,0.5416666666666666,mean,remove_random,2,en,ko,r1,0.025390625,1024,2048,metric,,,,
Qwen/Qwen2.5-0.5B,13,0.5416666666666666,mean,remove_random,2,en,ko,mrr,0.05245039164889258,1024,2048,metric,,,,
Qwen/Qwen2.5-0.5B,13,0.5416666666666666,mean,remove_random,2,en,ja,r1,0.076171875,1024,2048,metric,,,,
Qwen/Qwen2.5-0.5B,13,0.5416666666666666,mean,remove_random,2,en,ja,mrr,0.11430276650354038,1024,2048,metric,,,,
Qwen/Qwen2.5-0.5B,13,0.5416666666666666,mean,remove_random,2,en,zh,r1,0.833984375,1024,2048,metric,,,,
Qwen/Qwen2.5-0.5B,13,0.5416666666666666,mean,remove_random,2,en,zh,mrr,0.8524079296583755,1024,2048,metric,,,,
Qwen/Qwen2.5-0.5B,13,0.5416666666666666,mean,remove_random,2,ko,en,r1,0.677734375,1024,2048,metric,,,,
Qwen/Qwen2.5-0.5B,13,0.5416666666666666,mean,remove_random,2,ko,en,mrr,0.7714565679369518,1024,2048,metric,,,,
Qwen/Qwen2.5-0.5B,13,0.5416666666666666,mean,remove_random,2,ko,ja,r1,0.841796875,1024,2048,metric,,,,
Qwen/Qwen2.5-0.5B,13,0.5416666666666666,mean,remove_random,2,ko,ja,mrr,0.8749311782862856,1024,2048,metric,,,,
Qwen/Qwen2.5-0.5B,13,0.5416666666666666,mean,remove_random,2,ko,zh,r1,0.525390625,1024,2048,metric,,,,
Qwen/Qwen2.5-0.5B,13,0.5416666666666666,mean,remove_random,2,ko,zh,mrr,0.6183305555626719,1024,2048,metric,,,,
Qwen/Qwen2.5-0.5B,13,0.5416666666666666,mean,remove_random,2,ja,en,r1,0.818359375,1024,2048,metric,,,,
Qwen/Qwen2.5-0.5B,13,0.5416666666666666,mean,remove_random,2,ja,en,mrr,0.8667473546414269,1024,2048,metric,,,,
Qwen/Qwen2.5-0.5B,13,0.5416666666666666,mean,remove_random,2,ja,ko,r1,0.6796875,1024,2048,metric,,,,
Qwen/Qwen2.5-0.5B,13,0.5416666666666666,mean,remove_random,2,ja,ko,mrr,0.7217551960008232,1024,2048,metric,,,,
Qwen/Qwen2.5-0.5B,13,0.5416666666666666,mean,remove_random,2,ja,zh,r1,0.73828125,1024,2048,metric,,,,
Qwen/Qwen2.5-0.5B,13,0.5416666666666666,mean,remove_random,2,ja,zh,mrr,0.7945168574659541,1024,2048,metric,,,,
Qwen/Qwen2.5-0.5B,13,0.5416666666666666,mean,remove_random,2,zh,en,r1,0.837890625,1024,2048,metric,,,,
Qwen/Qwen2.5-0.5B,13,0.5416666666666666,mean,remove_random,2,zh,en,mrr,0.8683529603656004,1024,2048,metric,,,,
Qwen/Qwen2.5-0.5B,13,0.5416666666666666,mean,remove_random,2,zh,ko,r1,0.056640625,1024,2048,metric,,,,
Qwen/Qwen2.5-0.5B,13,0.5416666666666666,mean,remove_random,2,zh,ko,mrr,0.09737333843729218,1024,2048,metric,,,,
Qwen/Qwen2.5-0.5B,13,0.5416666666666666,mean,remove_random,2,zh,ja,r1,0.142578125,1024,2048,metric,,,,
Qwen/Qwen2.5-0.5B,13,0.5416666666666666,mean,remove_random,2,zh,ja,mrr,0.19690758515141354,1024,2048,metric,,,,
Qwen/Qwen2.5-0.5B,14,0.5833333333333334,mean,remove_random,2,en,ko,r1,0.021484375,1024,2048,metric,,,,
Qwen/Qwen2.5-0.5B,14,0.5833333333333334,mean,remove_random,2,en,ko,mrr,0.04954698726307534,1024,2048,metric,,,,
Qwen/Qwen2.5-0.5B,14,0.5833333333333334,mean,remove_random,2,en,ja,r1,0.076171875,1024,2048,metric,,,,
Qwen/Qwen2.5-0.5B,14,0.5833333333333334,mean,remove_random,2,en,ja,mrr,0.11287822302409241,1024,2048,metric,,,,
Qwen/Qwen2.5-0.5B,14,0.5833333333333334,mean,remove_random,2,en,zh,r1,0.82421875,1024,2048,metric,,,,
Qwen/Qwen2.5-0.5B,14,0.5833333333333334,mean,remove_random,2,en,zh,mrr,0.8489095980021664,1024,2048,metric,,,,
Qwen/Qwen2.5-0.5B,14,0.5833333333333334,mean,remove_random,2,ko,en,r1,0.6796875,1024,2048,metric,,,,
Qwen/Qwen2.5-0.5B,14,0.5833333333333334,mean,remove_random,2,ko,en,mrr,0.7660904126713135,1024,2048,metric,,,,
Qwen/Qwen2.5-0.5B,14,0.5833333333333334,mean,remove_random,2,ko,ja,r1,0.837890625,1024,2048,metric,,,,
Qwen/Qwen2.5-0.5B,14,0.5833333333333334,mean,remove_random,2,ko,ja,mrr,0.8730495149110941,1024,2048,metric,,,,
Qwen/Qwen2.5-0.5B,14,0.5833333333333334,mean,remove_random,2,ko,zh,r1,0.494140625,1024,2048,metric,,,,
Qwen/Qwen2.5-0.5B,14,0.5833333333333334,mean,remove_random,2,ko,zh,mrr,0.5851912550808025,1024,2048,metric,,,,
Qwen/Qwen2.5-0.5B,14,0.5833333333333334,mean,remove_random,2,ja,en,r1,0.798828125,1024,2048,metric,,,,
Qwen/Qwen2.5-0.5B,14,0.5833333333333334,mean,remove_random,2,ja,en,mrr,0.8530569836623318,1024,2048,metric,,,,
Qwen/Qwen2.5-0.5B,14,0.5833333333333334,mean,remove_random,2,ja,ko,r1,0.671875,1024,2048,metric,,,,
Qwen/Qwen2.5-0.5B,14,0.5833333333333334,mean,remove_random,2,ja,ko,mrr,0.717155303267668,1024,2048,metric,,,,
Qwen/Qwen2.5-0.5B,14,0.5833333333333334,mean,remove_random,2,ja,zh,r1,0.69921875,1024,2048,metric,,,,
Qwen/Qwen2.5-0.5B,14,0.5833333333333334,mean,remove_random,2,ja,zh,mrr,0.7630327343659669,1024,2048,metric,,,,
Qwen/Qwen2.5-0.5B,14,0.5833333333333334,mean,remove_random,2,zh,en,r1,0.826171875,1024,2048,metric,,,,
Qwen/Qwen2.5-0.5B,14,0.5833333333333334,mean,remove_random,2,zh,en,mrr,0.8596585480007423,1024,2048,metric,,,,
Qwen/Qwen2.5-0.5B,14,0.5833333333333334,mean,remove_random,2,zh,ko,r1,0.05859375,1024,2048,metric,,,,
Qwen/Qwen2.5-0.5B,14,0.5833333333333334,mean,remove_random,2,zh,ko,mrr,0.0980418888466908,1024,2048,metric,,,,
Qwen/Qwen2.5-0.5B,14,0.5833333333333334,mean,remove_random,2,zh,ja,r1,0.140625,1024,2048,metric,,,,
Qwen/Qwen2.5-0.5B,14,0.5833333333333334,mean,remove_random,2,zh,ja,mrr,0.19345071381219764,1024,2048,metric,,,,
Qwen/Qwen2.5-0.5B,15,0.625,mean,remove_random,2,en,ko,r1,0.033203125,1024,2048,metric,,,,
Qwen/Qwen2.5-0.5B,15,0.625,mean,remove_random,2,en,ko,mrr,0.06502096249302154,1024,2048,metric,,,,
Qwen/Qwen2.5-0.5B,15,0.625,mean,remove_random,2,en,ja,r1,0.1171875,1024,2048,metric,,,,
Qwen/Qwen2.5-0.5B,15,0.625,mean,remove_random,2,en,ja,mrr,0.1662633196128602,1024,2048,metric,,,,
Qwen/Qwen2.5-0.5B,15,0.625,mean,remove_random,2,en,zh,r1,0.853515625,1024,2048,metric,,,,
Qwen/Qwen2.5-0.5B,15,0.625,mean,remove_random,2,en,zh,mrr,0.8767604011636633,1024,2048,metric,,,,
Qwen/Qwen2.5-0.5B,15,0.625,mean,remove_random,2,ko,en,r1,0.76953125,1024,2048,metric,,,,
Qwen/Qwen2.5-0.5B,15,0.625,mean,remove_random,2,ko,en,mrr,0.8404372515333254,1024,2048,metric,,,,
Qwen/Qwen2.5-0.5B,15,0.625,mean,remove_random,2,ko,ja,r1,0.869140625,1024,2048,metric,,,,
Qwen/Qwen2.5-0.5B,15,0.625,mean,remove_random,2,ko,ja,mrr,0.8978343483241896,1024,2048,metric,,,,
Qwen/Qwen2.5-0.5B,15,0.625,mean,remove_random,2,ko,zh,r1,0.625,1024,2048,metric,,,,
Qwen/Qwen2.5-0.5B,15,0.625,mean,remove_random,2,ko,zh,mrr,0.7078445266810551,1024,2048,metric,,,,
Qwen/Qwen2.5-0.5B,15,0.625,mean,remove_random,2,ja,en,r1,0.865234375,1024,2048,metric,,,,
Qwen/Qwen2.5-0.5B,15,0.625,mean,remove_random,2,ja,en,mrr,0.9064159969256634,1024,2048,metric,,,,
Qwen/Qwen2.5-0.5B,15,0.625,mean,remove_random,2,ja,ko,r1,0.73046875,1024,2048,metric,,,,
Qwen/Qwen2.5-0.5B,15,0.625,mean,remove_random,2,ja,ko,mrr,0.7774991207962944,1024,2048,metric,,,,
Qwen/Qwen2.5-0.5B,15,0.625,mean,remove_random,2,ja,zh,r1,0.8046875,1024,2048,metric,,,,
Qwen/Qwen2.5-0.5B,15,0.625,mean,remove_random,2,ja,zh,mrr,0.8553674451498747,1024,2048,metric,,,,
Qwen/Qwen2.5-0.5B,15,0.625,mean,remove_random,2,zh,en,r1,0.8671875,1024,2048,metric,,,,
Qwen/Qwen2.5-0.5B,15,0.625,mean,remove_random,2,zh,en,mrr,0.8974378997786605,1024,2048,metric,,,,
Qwen/Qwen2.5-0.5B,15,0.625,mean,remove_random,2,zh,ko,r1,0.08203125,1024,2048,metric,,,,
Qwen/Qwen2.5-0.5B,15,0.625,mean,remove_random,2,zh,ko,mrr,0.12859747641171004,1024,2048,metric,,,,
Qwen/Qwen2.5-0.5B,15,0.625,mean,remove_random,2,zh,ja,r1,0.2109375,1024,2048,metric,,,,
Qwen/Qwen2.5-0.5B,15,0.625,mean,remove_random,2,zh,ja,mrr,0.26956114611212123,1024,2048,metric,,,,
Qwen/Qwen2.5-0.5B,16,0.6666666666666666,mean,remove_random,2,en,ko,r1,0.033203125,1024,2048,metric,,,,
Qwen/Qwen2.5-0.5B,16,0.6666666666666666,mean,remove_random,2,en,ko,mrr,0.06007775616007004,1024,2048,metric,,,,
Qwen/Qwen2.5-0.5B,16,0.6666666666666666,mean,remove_random,2,en,ja,r1,0.103515625,1024,2048,metric,,,,
Qwen/Qwen2.5-0.5B,16,0.6666666666666666,mean,remove_random,2,en,ja,mrr,0.15209633248764182,1024,2048,metric,,,,
Qwen/Qwen2.5-0.5B,16,0.6666666666666666,mean,remove_random,2,en,zh,r1,0.833984375,1024,2048,metric,,,,
Qwen/Qwen2.5-0.5B,16,0.6666666666666666,mean,remove_random,2,en,zh,mrr,0.861534497987086,1024,2048,metric,,,,
Qwen/Qwen2.5-0.5B,16,0.6666666666666666,mean,remove_random,2,ko,en,r1,0.56640625,1024,2048,metric,,,,
Qwen/Qwen2.5-0.5B,16,0.6666666666666666,mean,remove_random,2,ko,en,mrr,0.6728527837118627,1024,2048,metric,,,,
Qwen/Qwen2.5-0.5B,16,0.6666666666666666,mean,remove_random,2,ko,ja,r1,0.810546875,1024,2048,metric,,,,
Qwen/Qwen2.5-0.5B,16,0.6666666666666666,mean,remove_random,2,ko,ja,mrr,0.8555050218466923,1024,2048,metric,,,,
Qwen/Qwen2.5-0.5B,16,0.6666666666666666,mean,remove_random,2,ko,zh,r1,0.470703125,1024,2048,metric,,,,
Qwen/Qwen2.5-0.5B,16,0.6666666666666666,mean,remove_random,2,ko,zh,mrr,0.5513163601711035,1024,2048,metric,,,,
Qwen/Qwen2.5-0.5B,16,0.6666666666666666,mean,remove_random,2,ja,en,r1,0.755859375,1024,2048,metric,,,,
Qwen/Qwen2.5-0.5B,16,0.6666666666666666,mean,remove_random,2,ja,en,mrr,0.8201712145525071,1024,2048,metric,,,,
Qwen/Qwen2.5-0.5B,16,0.6666666666666666,mean,remove_random,2,ja,ko,r1,0.697265625,1024,2048,metric,,,,
Qwen/Qwen2.5-0.5B,16,0.6666666666666666,mean,remove_random,2,ja,ko,mrr,0.7395664746905029,1024,2048,metric,,,,
Qwen/Qwen2.5-0.5B,16,0.6666666666666666,mean,remove_random,2,ja,zh,r1,0.689453125,1024,2048,metric,,,,
Qwen/Qwen2.5-0.5B,16,0.6666666666666666,mean,remove_random,2,ja,zh,mrr,0.7516680833421078,1024,2048,metric,,,,
Qwen/Qwen2.5-0.5B,16,0.6666666666666666,mean,remove_random,2,zh,en,r1,0.822265625,1024,2048,metric,,,,
Qwen/Qwen2.5-0.5B,16,0.6666666666666666,mean,remove_random,2,zh,en,mrr,0.8596908721297537,1024,2048,metric,,,,
Qwen/Qwen2.5-0.5B,16,0.6666666666666666,mean,remove_random,2,zh,ko,r1,0.08203125,1024,2048,metric,,,,
Qwen/Qwen2.5-0.5B,16,0.6666666666666666,mean,remove_random,2,zh,ko,mrr,0.1211298176106022,1024,2048,metric,,,,
Qwen/Qwen2.5-0.5B,16,0.6666666666666666,mean,remove_random,2,zh,ja,r1,0.197265625,1024,2048,metric,,,,
Qwen/Qwen2.5-0.5B,16,0.6666666666666666,mean,remove_random,2,zh,ja,mrr,0.25103777587942167,1024,2048,metric,,,,
Qwen/Qwen2.5-0.5B,17,0.7083333333333334,mean,remove_random,2,en,ko,r1,0.044921875,1024,2048,metric,,,,
Qwen/Qwen2.5-0.5B,17,0.7083333333333334,mean,remove_random,2,en,ko,mrr,0.07855304487214229,1024,2048,metric,,,,
Qwen/Qwen2.5-0.5B,17,0.7083333333333334,mean,remove_random,2,en,ja,r1,0.123046875,1024,2048,metric,,,,
Qwen/Qwen2.5-0.5B,17,0.7083333333333334,mean,remove_random,2,en,ja,mrr,0.17751081930518015,1024,2048,metric,,,,
Qwen/Qwen2.5-0.5B,17,0.7083333333333334,mean,remove_random,2,en,zh,r1,0.83203125,1024,2048,metric,,,,
Qwen/Qwen2.5-0.5B,17,0.7083333333333334,mean,remove_random,2,en,zh,mrr,0.8578982439365156,1024,2048,metric,,,,
Qwen/Qwen2.5-0.5B,17,0.7083333333333334,mean,remove_random,2,ko,en,r1,0.7421875,1024,2048,metric,,,,
Qwen/Qwen2.5-0.5B,17,0.7083333333333334,mean,remove_random,2,ko,en,mrr,0.8107315390275704,1024,2048,metric,,,,
Qwen/Qwen2.5-0.5B,17,0.7083333333333334,mean,remove_random,2,ko,ja,r1,0.853515625,1024,2048,metric,,,,
Qwen/Qwen2.5-0.5B,17,0.7083333333333334,mean,remove_random,2,ko,ja,mrr,0.885193249329987,1024,2048,metric,,,,
Qwen/Qwen2.5-0.5B,17,0.7083333333333334,mean,remove_random,2,ko,zh,r1,0.630859375,1024,2048,metric,,,,
Qwen/Qwen2.5-0.5B,17,0.7083333333333334,mean,remove_random,2,ko,zh,mrr,0.7062294255625545,1024,2048,metric,,,,
Qwen/Qwen2.5-0.5B,17,0.7083333333333334,mean,remove_random,2,ja,en,r1,0.83203125,1024,2048,metric,,,,
Qwen/Qwen2.5-0.5B,17,0.7083333333333334,mean,remove_random,2,ja,en,mrr,0.8785048700609854,1024,2048,metric,,,,
Qwen/Qwen2.5-0.5B,17,0.7083333333333334,mean,remove_random,2,ja,ko,r1,0.693359375,1024,2048,metric,,,,
Qwen/Qwen2.5-0.5B,17,0.7083333333333334,mean,remove_random,2,ja,ko,mrr,0.7498902393571851,1024,2048,metric,,,,
Qwen/Qwen2.5-0.5B,17,0.7083333333333334,mean,remove_random,2,ja,zh,r1,0.794921875,1024,2048,metric,,,,
Qwen/Qwen2.5-0.5B,17,0.7083333333333334,mean,remove_random,2,ja,zh,mrr,0.8409293332494621,1024,2048,metric,,,,
Qwen/Qwen2.5-0.5B,17,0.7083333333333334,mean,remove_random,2,zh,en,r1,0.818359375,1024,2048,metric,,,,
Qwen/Qwen2.5-0.5B,17,0.7083333333333334,mean,remove_random,2,zh,en,mrr,0.854349238407899,1024,2048,metric,,,,
Qwen/Qwen2.5-0.5B,17,0.7083333333333334,mean,remove_random,2,zh,ko,r1,0.09375,1024,2048,metric,,,,
Qwen/Qwen2.5-0.5B,17,0.7083333333333334,mean,remove_random,2,zh,ko,mrr,0.1404821332277847,1024,2048,metric,,,,
Qwen/Qwen2.5-0.5B,17,0.7083333333333334,mean,remove_random,2,zh,ja,r1,0.2109375,1024,2048,metric,,,,
Qwen/Qwen2.5-0.5B,17,0.7083333333333334,mean,remove_random,2,zh,ja,mrr,0.2789536740995212,1024,2048,metric,,,,
Qwen/Qwen2.5-0.5B,18,0.75,mean,remove_random,2,en,ko,r1,0.009765625,1024,2048,metric,,,,
Qwen/Qwen2.5-0.5B,18,0.75,mean,remove_random,2,en,ko,mrr,0.03502748688753778,1024,2048,metric,,,,
Qwen/Qwen2.5-0.5B,18,0.75,mean,remove_random,2,en,ja,r1,0.01953125,1024,2048,metric,,,,
Qwen/Qwen2.5-0.5B,18,0.75,mean,remove_random,2,en,ja,mrr,0.05248126293629089,1024,2048,metric,,,,
Qwen/Qwen2.5-0.5B,18,0.75,mean,remove_random,2,en,zh,r1,0.728515625,1024,2048,metric,,,,
Qwen/Qwen2.5-0.5B,18,0.75,mean,remove_random,2,en,zh,mrr,0.764427570089607,1024,2048,metric,,,,
Qwen/Qwen2.5-0.5B,18,0.75,mean,remove_random,2,ko,en,r1,0.6328125,1024,2048,metric,,,,
Qwen/Qwen2.5-0.5B,18,0.75,mean,remove_random,2,ko,en,mrr,0.7189970189984805,1024,2048,metric,,,,
Qwen/Qwen2.5-0.5B,18,0.75,mean,remove_random,2,ko,ja,r1,0.814453125,1024,2048,metric,,,,
Qwen/Qwen2.5-0.5B,18,0.75,mean,remove_random,2,ko,ja,mrr,0.8496645087386989,1024,2048,metric,,,,
Qwen/Qwen2.5-0.5B,18,0.75,mean,remove_random,2,ko,zh,r1,0.544921875,1024,2048,metric,,,,
Qwen/Qwen2.5-0.5B,18,0.75,mean,remove_random,2,ko,zh,mrr,0.6402994036472933,1024,2048,metric,,,,
Qwen/Qwen2.5-0.5B,18,0.75,mean,remove_random,2,ja,en,r1,0.736328125,1024,2048,metric,,,,
Qwen/Qwen2.5-0.5B,18,0.75,mean,remove_random,2,ja,en,mrr,0.8049839975121681,1024,2048,metric,,,,
Qwen/Qwen2.5-0.5B,18,0.75,mean,remove_random,2,ja,ko,r1,0.654296875,1024,2048,metric,,,,
Qwen/Qwen2.5-0.5B,18,0.75,mean,remove_random,2,ja,ko,mrr,0.7093266722467477,1024,2048,metric,,,,
Qwen/Qwen2.5-0.5B,18,0.75,mean,remove_random,2,ja,zh,r1,0.6953125,1024,2048,metric,,,,
Qwen/Qwen2.5-0.5B,18,0.75,mean,remove_random,2,ja,zh,mrr,0.7668266868614149,1024,2048,metric,,,,
Qwen/Qwen2.5-0.5B,18,0.75,mean,remove_random,2,zh,en,r1,0.787109375,1024,2048,metric,,,,
Qwen/Qwen2.5-0.5B,18,0.75,mean,remove_random,2,zh,en,mrr,0.8271063295273281,1024,2048,metric,,,,
Qwen/Qwen2.5-0.5B,18,0.75,mean,remove_random,2,zh,ko,r1,0.04296875,1024,2048,metric,,,,
Qwen/Qwen2.5-0.5B,18,0.75,mean,remove_random,2,zh,ko,mrr,0.07518737223805032,1024,2048,metric,,,,
Qwen/Qwen2.5-0.5B,18,0.75,mean,remove_random,2,zh,ja,r1,0.0625,1024,2048,metric,,,,
Qwen/Qwen2.5-0.5B,18,0.75,mean,remove_random,2,zh,ja,mrr,0.10494998741965234,1024,2048,metric,,,,
Qwen/Qwen2.5-0.5B,19,0.7916666666666666,mean,remove_random,2,en,ko,r1,0.0078125,1024,2048,metric,,,,
Qwen/Qwen2.5-0.5B,19,0.7916666666666666,mean,remove_random,2,en,ko,mrr,0.031400839936738784,1024,2048,metric,,,,
Qwen/Qwen2.5-0.5B,19,0.7916666666666666,mean,remove_random,2,en,ja,r1,0.021484375,1024,2048,metric,,,,
Qwen/Qwen2.5-0.5B,19,0.7916666666666666,mean,remove_random,2,en,ja,mrr,0.05391480675167605,1024,2048,metric,,,,
Qwen/Qwen2.5-0.5B,19,0.7916666666666666,mean,remove_random,2,en,zh,r1,0.744140625,1024,2048,metric,,,,
Qwen/Qwen2.5-0.5B,19,0.7916666666666666,mean,remove_random,2,en,zh,mrr,0.7768771222414415,1024,2048,metric,,,,
Qwen/Qwen2.5-0.5B,19,0.7916666666666666,mean,remove_random,2,ko,en,r1,0.693359375,1024,2048,metric,,,,
Qwen/Qwen2.5-0.5B,19,0.7916666666666666,mean,remove_random,2,ko,en,mrr,0.7703862360965006,1024,2048,metric,,,,
Qwen/Qwen2.5-0.5B,19,0.7916666666666666,mean,remove_random,2,ko,ja,r1,0.73828125,1024,2048,metric,,,,
Qwen/Qwen2.5-0.5B,19,0.7916666666666666,mean,remove_random,2,ko,ja,mrr,0.7863174267220583,1024,2048,metric,,,,
Qwen/Qwen2.5-0.5B,19,0.7916666666666666,mean,remove_random,2,ko,zh,r1,0.6640625,1024,2048,metric,,,,
Qwen/Qwen2.5-0.5B,19,0.7916666666666666,mean,remove_random,2,ko,zh,mrr,0.7454453611679019,1024,2048,metric,,,,
Qwen/Qwen2.5-0.5B,19,0.7916666666666666,mean,remove_random,2,ja,en,r1,0.736328125,1024,2048,metric,,,,
Qwen/Qwen2.5-0.5B,19,0.7916666666666666,mean,remove_random,2,ja,en,mrr,0.8046418488539865,1024,2048,metric,,,,
Qwen/Qwen2.5-0.5B,19,0.7916666666666666,mean,remove_random,2,ja,ko,r1,0.53125,1024,2048,metric,,,,
Qwen/Qwen2.5-0.5B,19,0.7916666666666666,mean,remove_random,2,ja,ko,mrr,0.6147195725709469,1024,2048,metric,,,,
Qwen/Qwen2.5-0.5B,19,0.7916666666666666,mean,remove_random,2,ja,zh,r1,0.7421875,1024,2048,metric,,,,
Qwen/Qwen2.5-0.5B,19,0.7916666666666666,mean,remove_random,2,ja,zh,mrr,0.8039801088552219,1024,2048,metric,,,,
Qwen/Qwen2.5-0.5B,19,0.7916666666666666,mean,remove_random,2,zh,en,r1,0.8203125,1024,2048,metric,,,,
Qwen/Qwen2.5-0.5B,19,0.7916666666666666,mean,remove_random,2,zh,en,mrr,0.8572745822530929,1024,2048,metric,,,,
Qwen/Qwen2.5-0.5B,19,0.7916666666666666,mean,remove_random,2,zh,ko,r1,0.033203125,1024,2048,metric,,,,
Qwen/Qwen2.5-0.5B,19,0.7916666666666666,mean,remove_random,2,zh,ko,mrr,0.06275645656777515,1024,2048,metric,,,,
Qwen/Qwen2.5-0.5B,19,0.7916666666666666,mean,remove_random,2,zh,ja,r1,0.06640625,1024,2048,metric,,,,
Qwen/Qwen2.5-0.5B,19,0.7916666666666666,mean,remove_random,2,zh,ja,mrr,0.10861571626983442,1024,2048,metric,,,,
Qwen/Qwen2.5-0.5B,20,0.8333333333333334,mean,remove_random,2,en,ko,r1,0.005859375,1024,2048,metric,,,,
Qwen/Qwen2.5-0.5B,20,0.8333333333333334,mean,remove_random,2,en,ko,mrr,0.02674023193845235,1024,2048,metric,,,,
Qwen/Qwen2.5-0.5B,20,0.8333333333333334,mean,remove_random,2,en,ja,r1,0.029296875,1024,2048,metric,,,,
Qwen/Qwen2.5-0.5B,20,0.8333333333333334,mean,remove_random,2,en,ja,mrr,0.06059024302422965,1024,2048,metric,,,,
Qwen/Qwen2.5-0.5B,20,0.8333333333333334,mean,remove_random,2,en,zh,r1,0.740234375,1024,2048,metric,,,,
Qwen/Qwen2.5-0.5B,20,0.8333333333333334,mean,remove_random,2,en,zh,mrr,0.7793341874277705,1024,2048,metric,,,,
Qwen/Qwen2.5-0.5B,20,0.8333333333333334,mean,remove_random,2,ko,en,r1,0.625,1024,2048,metric,,,,
Qwen/Qwen2.5-0.5B,20,0.8333333333333334,mean,remove_random,2,ko,en,mrr,0.7097940725640034,1024,2048,metric,,,,
Qwen/Qwen2.5-0.5B,20,0.8333333333333334,mean,remove_random,2,ko,ja,r1,0.740234375,1024,2048,metric,,,,
Qwen/Qwen2.5-0.5B,20,0.8333333333333334,mean,remove_random,2,ko,ja,mrr,0.7965155833773809,1024,2048,metric,,,,
Qwen/Qwen2.5-0.5B,20,0.8333333333333334,mean,remove_random,2,ko,zh,r1,0.6171875,1024,2048,metric,,,,
Qwen/Qwen2.5-0.5B,20,0.8333333333333334,mean,remove_random,2,ko,zh,mrr,0.7093746583667417,1024,2048,metric,,,,
Qwen/Qwen2.5-0.5B,20,0.8333333333333334,mean,remove_random,2,ja,en,r1,0.681640625,1024,2048,metric,,,,
Qwen/Qwen2.5-0.5B,20,0.8333333333333334,mean,remove_random,2,ja,en,mrr,0.7575557867925532,1024,2048,metric,,,,
Qwen/Qwen2.5-0.5B,20,0.8333333333333334,mean,remove_random,2,ja,ko,r1,0.396484375,1024,2048,metric,,,,
Qwen/Qwen2.5-0.5B,20,0.8333333333333334,mean,remove_random,2,ja,ko,mrr,0.478559699946713,1024,2048,metric,,,,
Qwen/Qwen2.5-0.5B,20,0.8333333333333334,mean,remove_random,2,ja,zh,r1,0.69140625,1024,2048,metric,,,,
Qwen/Qwen2.5-0.5B,20,0.8333333333333334,mean,remove_random,2,ja,zh,mrr,0.7553815932333116,1024,2048,metric,,,,
Qwen/Qwen2.5-0.5B,20,0.8333333333333334,mean,remove_random,2,zh,en,r1,0.84375,1024,2048,metric,,,,
Qwen/Qwen2.5-0.5B,20,0.8333333333333334,mean,remove_random,2,zh,en,mrr,0.8771357188465914,1024,2048,metric,,,,
Qwen/Qwen2.5-0.5B,20,0.8333333333333334,mean,remove_random,2,zh,ko,r1,0.017578125,1024,2048,metric,,,,
Qwen/Qwen2.5-0.5B,20,0.8333333333333334,mean,remove_random,2,zh,ko,mrr,0.045440468469300846,1024,2048,metric,,,,
Qwen/Qwen2.5-0.5B,20,0.8333333333333334,mean,remove_random,2,zh,ja,r1,0.068359375,1024,2048,metric,,,,
Qwen/Qwen2.5-0.5B,20,0.8333333333333334,mean,remove_random,2,zh,ja,mrr,0.11776554592539845,1024,2048,metric,,,,
Qwen/Qwen2.5-0.5B,21,0.875,mean,remove_random,2,en,ko,r1,0.009765625,1024,2048,metric,,,,
Qwen/Qwen2.5-0.5B,21,0.875,mean,remove_random,2,en,ko,mrr,0.035430134622250156,1024,2048,metric,,,,
Qwen/Qwen2.5-0.5B,21,0.875,mean,remove_random,2,en,ja,r1,0.01953125,1024,2048,metric,,,,
Qwen/Qwen2.5-0.5B,21,0.875,mean,remove_random,2,en,ja,mrr,0.05163948130780442,1024,2048,metric,,,,
Qwen/Qwen2.5-0.5B,21,0.875,mean,remove_random,2,en,zh,r1,0.798828125,1024,2048,metric,,,,
Qwen/Qwen2.5-0.5B,21,0.875,mean,remove_random,2,en,zh,mrr,0.8444294319857945,1024,2048,metric,,,,
Qwen/Qwen2.5-0.5B,21,0.875,mean,remove_random,2,ko,en,r1,0.365234375,1024,2048,metric,,,,
Qwen/Qwen2.5-0.5B,21,0.875,mean,remove_random,2,ko,en,mrr,0.47116081337180404,1024,2048,metric,,,,
Qwen/Qwen2.5-0.5B,21,0.875,mean,remove_random,2,ko,ja,r1,0.361328125,1024,2048,metric,,,,
Qwen/Qwen2.5-0.5B,21,0.875,mean,remove_random,2,ko,ja,mrr,0.48812513689840425,1024,2048,metric,,,,
Qwen/Qwen2.5-0.5B,21,0.875,mean,remove_random,2,ko,zh,r1,0.36328125,1024,2048,metric,,,,
Qwen/Qwen2.5-0.5B,21,0.875,mean,remove_random,2,ko,zh,mrr,0.4730059362565067,1024,2048,metric,,,,
Qwen/Qwen2.5-0.5B,21,0.875,mean,remove_random,2,ja,en,r1,0.642578125,1024,2048,metric,,,,
Qwen/Qwen2.5-0.5B,21,0.875,mean,remove_random,2,ja,en,mrr,0.7346010997295167,1024,2048,metric,,,,
Qwen/Qwen2.5-0.5B,21,0.875,mean,remove_random,2,ja,ko,r1,0.466796875,1024,2048,metric,,,,
Qwen/Qwen2.5-0.5B,21,0.875,mean,remove_random,2,ja,ko,mrr,0.5432540548662637,1024,2048,metric,,,,
Qwen/Qwen2.5-0.5B,21,0.875,mean,remove_random,2,ja,zh,r1,0.685546875,1024,2048,metric,,,,
Qwen/Qwen2.5-0.5B,21,0.875,mean,remove_random,2,ja,zh,mrr,0.7607186778925634,1024,2048,metric,,,,
Qwen/Qwen2.5-0.5B,21,0.875,mean,remove_random,2,zh,en,r1,0.841796875,1024,2048,metric,,,,
Qwen/Qwen2.5-0.5B,21,0.875,mean,remove_random,2,zh,en,mrr,0.8779726168191248,1024,2048,metric,,,,
Qwen/Qwen2.5-0.5B,21,0.875,mean,remove_random,2,zh,ko,r1,0.0390625,1024,2048,metric,,,,
Qwen/Qwen2.5-0.5B,21,0.875,mean,remove_random,2,zh,ko,mrr,0.07259211002685191,1024,2048,metric,,,,
Qwen/Qwen2.5-0.5B,21,0.875,mean,remove_random,2,zh,ja,r1,0.0546875,1024,2048,metric,,,,
Qwen/Qwen2.5-0.5B,21,0.875,mean,remove_random,2,zh,ja,mrr,0.09741727024630933,1024,2048,metric,,,,
Qwen/Qwen2.5-0.5B,22,0.9166666666666666,mean,remove_random,2,en,ko,r1,0.396484375,1024,2048,metric,,,,
Qwen/Qwen2.5-0.5B,22,0.9166666666666666,mean,remove_random,2,en,ko,mrr,0.5521989530483778,1024,2048,metric,,,,
Qwen/Qwen2.5-0.5B,22,0.9166666666666666,mean,remove_random,2,en,ja,r1,0.091796875,1024,2048,metric,,,,
Qwen/Qwen2.5-0.5B,22,0.9166666666666666,mean,remove_random,2,en,ja,mrr,0.2659356232043408,1024,2048,metric,,,,
Qwen/Qwen2.5-0.5B,22,0.9166666666666666,mean,remove_random,2,en,zh,r1,0.953125,1024,2048,metric,,,,
Qwen/Qwen2.5-0.5B,22,0.9166666666666666,mean,remove_random,2,en,zh,mrr,0.9694303743131868,1024,2048,metric,,,,
Qwen/Qwen2.5-0.5B,22,0.9166666666666666,mean,remove_random,2,ko,en,r1,0.34765625,1024,2048,metric,,,,
Qwen/Qwen2.5-0.5B,22,0.9166666666666666,mean,remove_random,2,ko,en,mrr,0.45989737892744426,1024,2048,metric,,,,
Qwen/Qwen2.5-0.5B,22,0.9166666666666666,mean,remove_random,2,ko,ja,r1,0.2109375,1024,2048,metric,,,,
Qwen/Qwen2.5-0.5B,22,0.9166666666666666,mean,remove_random,2,ko,ja,mrr,0.38915098794591146,1024,2048,metric,,,,
Qwen/Qwen2.5-0.5B,22,0.9166666666666666,mean,remove_random,2,ko,zh,r1,0.435546875,1024,2048,metric,,,,
Qwen/Qwen2.5-0.5B,22,0.9166666666666666,mean,remove_random,2,ko,zh,mrr,0.5638865417420003,1024,2048,metric,,,,
Qwen/Qwen2.5-0.5B,22,0.9166666666666666,mean,remove_random,2,ja,en,r1,0.552734375,1024,2048,metric,,,,
Qwen/Qwen2.5-0.5B,22,0.9166666666666666,mean,remove_random,2,ja,en,mrr,0.6558114575486533,1024,2048,metric,,,,
Qwen/Qwen2.5-0.5B,22,0.9166666666666666,mean,remove_random,2,ja,ko,r1,0.779296875,1024,2048,metric,,,,
Qwen/Qwen2.5-0.5B,22,0.9166666666666666,mean,remove_random,2,ja,ko,mrr,0.8431932522447046,1024,2048,metric,,,,
Qwen/Qwen2.5-0.5B,22,0.9166666666666666,mean,remove_random,2,ja,zh,r1,0.765625,1024,2048,metric,,,,
Qwen/Qwen2.5-0.5B,22,0.9166666666666666,mean,remove_random,2,ja,zh,mrr,0.8465580743800426,1024,2048,metric,,,,
Qwen/Qwen2.5-0.5B,22,0.9166666666666666,mean,remove_random,2,zh,en,r1,0.958984375,1024,2048,metric,,,,
Qwen/Qwen2.5-0.5B,22,0.9166666666666666,mean,remove_random,2,zh,en,mrr,0.9720526199620683,1024,2048,metric,,,,
Qwen/Qwen2.5-0.5B,22,0.9166666666666666,mean,remove_random,2,zh,ko,r1,0.5234375,1024,2048,metric,,,,
Qwen/Qwen2.5-0.5B,22,0.9166666666666666,mean,remove_random,2,zh,ko,mrr,0.6525245138611712,1024,2048,metric,,,,
Qwen/Qwen2.5-0.5B,22,0.9166666666666666,mean,remove_random,2,zh,ja,r1,0.220703125,1024,2048,metric,,,,
Qwen/Qwen2.5-0.5B,22,0.9166666666666666,mean,remove_random,2,zh,ja,mrr,0.39166983523162147,1024,2048,metric,,,,
Qwen/Qwen2.5-0.5B,23,0.9583333333333334,mean,remove_random,2,en,ko,r1,0.052734375,1024,2048,metric,,,,
Qwen/Qwen2.5-0.5B,23,0.9583333333333334,mean,remove_random,2,en,ko,mrr,0.11922450353160652,1024,2048,metric,,,,
Qwen/Qwen2.5-0.5B,23,0.9583333333333334,mean,remove_random,2,en,ja,r1,0.041015625,1024,2048,metric,,,,
Qwen/Qwen2.5-0.5B,23,0.9583333333333334,mean,remove_random,2,en,ja,mrr,0.20424817431074532,1024,2048,metric,,,,
Qwen/Qwen2.5-0.5B,23,0.9583333333333334,mean,remove_random,2,en,zh,r1,0.83203125,1024,2048,metric,,,,
Qwen/Qwen2.5-0.5B,23,0.9583333333333334,mean,remove_random,2,en,zh,mrr,0.8926090095130941,1024,2048,metric,,,,
Qwen/Qwen2.5-0.5B,23,0.9583333333333334,mean,remove_random,2,ko,en,r1,0.279296875,1024,2048,metric,,,,
Qwen/Qwen2.5-0.5B,23,0.9583333333333334,mean,remove_random,2,ko,en,mrr,0.4202849212257303,1024,2048,metric,,,,
Qwen/Qwen2.5-0.5B,23,0.9583333333333334,mean,remove_random,2,ko,ja,r1,0.2265625,1024,2048,metric,,,,
Qwen/Qwen2.5-0.5B,23,0.9583333333333334,mean,remove_random,2,ko,ja,mrr,0.39929202396426944,1024,2048,metric,,,,
Qwen/Qwen2.5-0.5B,23,0.9583333333333334,mean,remove_random,2,ko,zh,r1,0.390625,1024,2048,metric,,,,
Qwen/Qwen2.5-0.5B,23,0.9583333333333334,mean,remove_random,2,ko,zh,mrr,0.4998805184950049,1024,2048,metric,,,,
Qwen/Qwen2.5-0.5B,23,0.9583333333333334,mean,remove_random,2,ja,en,r1,0.392578125,1024,2048,metric,,,,
Qwen/Qwen2.5-0.5B,23,0.9583333333333334,mean,remove_random,2,ja,en,mrr,0.52291278385322,1024,2048,metric,,,,
Qwen/Qwen2.5-0.5B,23,0.9583333333333334,mean,remove_random,2,ja,ko,r1,0.08984375,1024,2048,metric,,,,
Qwen/Qwen2.5-0.5B,23,0.9583333333333334,mean,remove_random,2,ja,ko,mrr,0.18374473788800547,1024,2048,metric,,,,
Qwen/Qwen2.5-0.5B,23,0.9583333333333334,mean,remove_random,2,ja,zh,r1,0.716796875,1024,2048,metric,,,,
Qwen/Qwen2.5-0.5B,23,0.9583333333333334,mean,remove_random,2,ja,zh,mrr,0.8015745375793965,1024,2048,metric,,,,
Qwen/Qwen2.5-0.5B,23,0.9583333333333334,mean,remove_random,2,zh,en,r1,0.9609375,1024,2048,metric,,,,
Qwen/Qwen2.5-0.5B,23,0.9583333333333334,mean,remove_random,2,zh,en,mrr,0.9744006928943452,1024,2048,metric,,,,
Qwen/Qwen2.5-0.5B,23,0.9583333333333334,mean,remove_random,2,zh,ko,r1,0.07421875,1024,2048,metric,,,,
Qwen/Qwen2.5-0.5B,23,0.9583333333333334,mean,remove_random,2,zh,ko,mrr,0.15745513860015947,1024,2048,metric,,,,
Qwen/Qwen2.5-0.5B,23,0.9583333333333334,mean,remove_random,2,zh,ja,r1,0.19140625,1024,2048,metric,,,,
Qwen/Qwen2.5-0.5B,23,0.9583333333333334,mean,remove_random,2,zh,ja,mrr,0.36641052285391534,1024,2048,metric,,,,
Qwen/Qwen2.5-0.5B,24,1.0,mean,remove_random,2,en,ko,r1,0.00390625,1024,2048,metric,,,,
Qwen/Qwen2.5-0.5B,24,1.0,mean,remove_random,2,en,ko,mrr,0.03796444242328377,1024,2048,metric,,,,
Qwen/Qwen2.5-0.5B,24,1.0,mean,remove_random,2,en,ja,r1,0.001953125,1024,2048,metric,,,,
Qwen/Qwen2.5-0.5B,24,1.0,mean,remove_random,2,en,ja,mrr,0.04133320038688476,1024,2048,metric,,,,
Qwen/Qwen2.5-0.5B,24,1.0,mean,remove_random,2,en,zh,r1,0.001953125,1024,2048,metric,,,,
Qwen/Qwen2.5-0.5B,24,1.0,mean,remove_random,2,en,zh,mrr,0.03266573995843333,1024,2048,metric,,,,
Qwen/Qwen2.5-0.5B,24,1.0,mean,remove_random,2,ko,en,r1,0.01171875,1024,2048,metric,,,,
Qwen/Qwen2.5-0.5B,24,1.0,mean,remove_random,2,ko,en,mrr,0.05102350124002132,1024,2048,metric,,,,
Qwen/Qwen2.5-0.5B,24,1.0,mean,remove_random,2,ko,ja,r1,0.0390625,1024,2048,metric,,,,
Qwen/Qwen2.5-0.5B,24,1.0,mean,remove_random,2,ko,ja,mrr,0.0892715731626434,1024,2048,metric,,,,
Qwen/Qwen2.5-0.5B,24,1.0,mean,remove_random,2,ko,zh,r1,0.03125,1024,2048,metric,,,,
Qwen/Qwen2.5-0.5B,24,1.0,mean,remove_random,2,ko,zh,mrr,0.058009900379895826,1024,2048,metric,,,,
Qwen/Qwen2.5-0.5B,24,1.0,mean,remove_random,2,ja,en,r1,0.091796875,1024,2048,metric,,,,
Qwen/Qwen2.5-0.5B,24,1.0,mean,remove_random,2,ja,en,mrr,0.152888834134972,1024,2048,metric,,,,
Qwen/Qwen2.5-0.5B,24,1.0,mean,remove_random,2,ja,ko,r1,0.0078125,1024,2048,metric,,,,
Qwen/Qwen2.5-0.5B,24,1.0,mean,remove_random,2,ja,ko,mrr,0.055927502096229265,1024,2048,metric,,,,
Qwen/Qwen2.5-0.5B,24,1.0,mean,remove_random,2,ja,zh,r1,0.048828125,1024,2048,metric,,,,
Qwen/Qwen2.5-0.5B,24,1.0,mean,remove_random,2,ja,zh,mrr,0.11075025341637311,1024,2048,metric,,,,
Qwen/Qwen2.5-0.5B,24,1.0,mean,remove_random,2,zh,en,r1,0.212890625,1024,2048,metric,,,,
Qwen/Qwen2.5-0.5B,24,1.0,mean,remove_random,2,zh,en,mrr,0.35378223227531347,1024,2048,metric,,,,
Qwen/Qwen2.5-0.5B,24,1.0,mean,remove_random,2,zh,ko,r1,0.0234375,1024,2048,metric,,,,
Qwen/Qwen2.5-0.5B,24,1.0,mean,remove_random,2,zh,ko,mrr,0.1089764706799119,1024,2048,metric,,,,
Qwen/Qwen2.5-0.5B,24,1.0,mean,remove_random,2,zh,ja,r1,0.00390625,1024,2048,metric,,,,
Qwen/Qwen2.5-0.5B,24,1.0,mean,remove_random,2,zh,ja,mrr,0.04622774485922699,1024,2048,metric,,,,
Qwen/Qwen2.5-0.5B,7,0.2916666666666667,last_token,remove_random,3,en,ko,r1,0.296875,1024,2048,metric,,,,
Qwen/Qwen2.5-0.5B,7,0.2916666666666667,last_token,remove_random,3,en,ko,mrr,0.3909211628820859,1024,2048,metric,,,,
Qwen/Qwen2.5-0.5B,7,0.2916666666666667,last_token,remove_random,3,en,ja,r1,0.21875,1024,2048,metric,,,,
Qwen/Qwen2.5-0.5B,7,0.2916666666666667,last_token,remove_random,3,en,ja,mrr,0.3165331470113334,1024,2048,metric,,,,
Qwen/Qwen2.5-0.5B,7,0.2916666666666667,last_token,remove_random,3,en,zh,r1,0.439453125,1024,2048,metric,,,,
Qwen/Qwen2.5-0.5B,7,0.2916666666666667,last_token,remove_random,3,en,zh,mrr,0.542217302007904,1024,2048,metric,,,,
Qwen/Qwen2.5-0.5B,7,0.2916666666666667,last_token,remove_random,3,ko,en,r1,0.234375,1024,2048,metric,,,,
Qwen/Qwen2.5-0.5B,7,0.2916666666666667,last_token,remove_random,3,ko,en,mrr,0.33134613819375514,1024,2048,metric,,,,
Qwen/Qwen2.5-0.5B,7,0.2916666666666667,last_token,remove_random,3,ko,ja,r1,0.357421875,1024,2048,metric,,,,
Qwen/Qwen2.5-0.5B,7,0.2916666666666667,last_token,remove_random,3,ko,ja,mrr,0.4745403759780712,1024,2048,metric,,,,
Qwen/Qwen2.5-0.5B,7,0.2916666666666667,last_token,remove_random,3,ko,zh,r1,0.171875,1024,2048,metric,,,,
Qwen/Qwen2.5-0.5B,7,0.2916666666666667,last_token,remove_random,3,ko,zh,mrr,0.2498430576686126,1024,2048,metric,,,,
Qwen/Qwen2.5-0.5B,7,0.2916666666666667,last_token,remove_random,3,ja,en,r1,0.193359375,1024,2048,metric,,,,
Qwen/Qwen2.5-0.5B,7,0.2916666666666667,last_token,remove_random,3,ja,en,mrr,0.28365758035007865,1024,2048,metric,,,,
Qwen/Qwen2.5-0.5B,7,0.2916666666666667,last_token,remove_random,3,ja,ko,r1,0.32421875,1024,2048,metric,,,,
Qwen/Qwen2.5-0.5B,7,0.2916666666666667,last_token,remove_random,3,ja,ko,mrr,0.4334183379352006,1024,2048,metric,,,,
Qwen/Qwen2.5-0.5B,7,0.2916666666666667,last_token,remove_random,3,ja,zh,r1,0.177734375,1024,2048,metric,,,,
Qwen/Qwen2.5-0.5B,7,0.2916666666666667,last_token,remove_random,3,ja,zh,mrr,0.25589639607741677,1024,2048,metric,,,,
Qwen/Qwen2.5-0.5B,7,0.2916666666666667,last_token,remove_random,3,zh,en,r1,0.470703125,1024,2048,metric,,,,
Qwen/Qwen2.5-0.5B,7,0.2916666666666667,last_token,remove_random,3,zh,en,mrr,0.5699332473840647,1024,2048,metric,,,,
Qwen/Qwen2.5-0.5B,7,0.2916666666666667,last_token,remove_random,3,zh,ko,r1,0.22265625,1024,2048,metric,,,,
Qwen/Qwen2.5-0.5B,7,0.2916666666666667,last_token,remove_random,3,zh,ko,mrr,0.31352175776698354,1024,2048,metric,,,,
Qwen/Qwen2.5-0.5B,7,0.2916666666666667,last_token,remove_random,3,zh,ja,r1,0.1640625,1024,2048,metric,,,,
Qwen/Qwen2.5-0.5B,7,0.2916666666666667,last_token,remove_random,3,zh,ja,mrr,0.2488102394962617,1024,2048,metric,,,,
Qwen/Qwen2.5-0.5B,8,0.3333333333333333,last_token,remove_random,3,en,ko,r1,0.392578125,1024,2048,metric,,,,
Qwen/Qwen2.5-0.5B,8,0.3333333333333333,last_token,remove_random,3,en,ko,mrr,0.49406056216394706,1024,2048,metric,,,,
Qwen/Qwen2.5-0.5B,8,0.3333333333333333,last_token,remove_random,3,en,ja,r1,0.328125,1024,2048,metric,,,,
Qwen/Qwen2.5-0.5B,8,0.3333333333333333,last_token,remove_random,3,en,ja,mrr,0.4255272232023759,1024,2048,metric,,,,
Qwen/Qwen2.5-0.5B,8,0.3333333333333333,last_token,remove_random,3,en,zh,r1,0.51171875,1024,2048,metric,,,,
Qwen/Qwen2.5-0.5B,8,0.3333333333333333,last_token,remove_random,3,en,zh,mrr,0.6052650790362899,1024,2048,metric,,,,
Qwen/Qwen2.5-0.5B,8,0.3333333333333333,last_token,remove_random,3,ko,en,r1,0.29296875,1024,2048,metric,,,,
Qwen/Qwen2.5-0.5B,8,0.3333333333333333,last_token,remove_random,3,ko,en,mrr,0.399330462259518,1024,2048,metric,,,,
Qwen/Qwen2.5-0.5B,8,0.3333333333333333,last_token,remove_random,3,ko,ja,r1,0.455078125,1024,2048,metric,,,,
Qwen/Qwen2.5-0.5B,8,0.3333333333333333,last_token,remove_random,3,ko,ja,mrr,0.5648660299806468,1024,2048,metric,,,,
Qwen/Qwen2.5-0.5B,8,0.3333333333333333,last_token,remove_random,3,ko,zh,r1,0.236328125,1024,2048,metric,,,,
Qwen/Qwen2.5-0.5B,8,0.3333333333333333,last_token,remove_random,3,ko,zh,mrr,0.3143719758772733,1024,2048,metric,,,,
Qwen/Qwen2.5-0.5B,8,0.3333333333333333,last_token,remove_random,3,ja,en,r1,0.251953125,1024,2048,metric,,,,
Qwen/Qwen2.5-0.5B,8,0.3333333333333333,last_token,remove_random,3,ja,en,mrr,0.3464021622909098,1024,2048,metric,,,,
Qwen/Qwen2.5-0.5B,8,0.3333333333333333,last_token,remove_random,3,ja,ko,r1,0.396484375,1024,2048,metric,,,,
Qwen/Qwen2.5-0.5B,8,0.3333333333333333,last_token,remove_random,3,ja,ko,mrr,0.5043684653215218,1024,2048,metric,,,,
Qwen/Qwen2.5-0.5B,8,0.3333333333333333,last_token,remove_random,3,ja,zh,r1,0.248046875,1024,2048,metric,,,,
Qwen/Qwen2.5-0.5B,8,0.3333333333333333,last_token,remove_random,3,ja,zh,mrr,0.3358764028122412,1024,2048,metric,,,,
Qwen/Qwen2.5-0.5B,8,0.3333333333333333,last_token,remove_random,3,zh,en,r1,0.568359375,1024,2048,metric,,,,
Qwen/Qwen2.5-0.5B,8,0.3333333333333333,last_token,remove_random,3,zh,en,mrr,0.6562020430871467,1024,2048,metric,,,,
Qwen/Qwen2.5-0.5B,8,0.3333333333333333,last_token,remove_random,3,zh,ko,r1,0.302734375,1024,2048,metric,,,,
Qwen/Qwen2.5-0.5B,8,0.3333333333333333,last_token,remove_random,3,zh,ko,mrr,0.4189510683100167,1024,2048,metric,,,,
Qwen/Qwen2.5-0.5B,8,0.3333333333333333,last_token,remove_random,3,zh,ja,r1,0.265625,1024,2048,metric,,,,
Qwen/Qwen2.5-0.5B,8,0.3333333333333333,last_token,remove_random,3,zh,ja,mrr,0.3748884441173891,1024,2048,metric,,,,
Qwen/Qwen2.5-0.5B,9,0.375,last_token,remove_random,3,en,ko,r1,0.46484375,1024,2048,metric,,,,
Qwen/Qwen2.5-0.5B,9,0.375,last_token,remove_random,3,en,ko,mrr,0.5688464400169619,1024,2048,metric,,,,
Qwen/Qwen2.5-0.5B,9,0.375,last_token,remove_random,3,en,ja,r1,0.4453125,1024,2048,metric,,,,
Qwen/Qwen2.5-0.5B,9,0.375,last_token,remove_random,3,en,ja,mrr,0.555700758660067,1024,2048,metric,,,,
Qwen/Qwen2.5-0.5B,9,0.375,last_token,remove_random,3,en,zh,r1,0.6875,1024,2048,metric,,,,
Qwen/Qwen2.5-0.5B,9,0.375,last_token,remove_random,3,en,zh,mrr,0.7590008189764681,1024,2048,metric,,,,
Qwen/Qwen2.5-0.5B,9,0.375,last_token,remove_random,3,ko,en,r1,0.3359375,1024,2048,metric,,,,
Qwen/Qwen2.5-0.5B,9,0.375,last_token,remove_random,3,ko,en,mrr,0.4423081551106758,1024,2048,metric,,,,
Qwen/Qwen2.5-0.5B,9,0.375,last_token,remove_random,3,ko,ja,r1,0.564453125,1024,2048,metric,,,,
Qwen/Qwen2.5-0.5B,9,0.375,last_token,remove_random,3,ko,ja,mrr,0.6574780408878393,1024,2048,metric,,,,
Qwen/Qwen2.5-0.5B,9,0.375,last_token,remove_random,3,ko,zh,r1,0.279296875,1024,2048,metric,,,,
Qwen/Qwen2.5-0.5B,9,0.375,last_token,remove_random,3,ko,zh,mrr,0.37656033462807387,1024,2048,metric,,,,
Qwen/Qwen2.5-0.5B,9,0.375,last_token,remove_random,3,ja,en,r1,0.333984375,1024,2048,metric,,,,
Qwen/Qwen2.5-0.5B,9,0.375,last_token,remove_random,3,ja,en,mrr,0.4371025278419055,1024,2048,metric,,,,
Qwen/Qwen2.5-0.5B,9,0.375,last_token,remove_random,3,ja,ko,r1,0.51171875,1024,2048,metric,,,,
Qwen/Qwen2.5-0.5B,9,0.375,last_token,remove_random,3,ja,ko,mrr,0.5954888340652796,1024,2048,metric,,,,
Qwen/Qwen2.5-0.5B,9,0.375,last_token,remove_random,3,ja,zh,r1,0.3125,1024,2048,metric,,,,
Qwen/Qwen2.5-0.5B,9,0.375,last_token,remove_random,3,ja,zh,mrr,0.4145802334941166,1024,2048,metric,,,,
Qwen/Qwen2.5-0.5B,9,0.375,last_token,remove_random,3,zh,en,r1,0.662109375,1024,2048,metric,,,,
Qwen/Qwen2.5-0.5B,9,0.375,last_token,remove_random,3,zh,en,mrr,0.7482799283220047,1024,2048,metric,,,,
Qwen/Qwen2.5-0.5B,9,0.375,last_token,remove_random,3,zh,ko,r1,0.447265625,1024,2048,metric,,,,
Qwen/Qwen2.5-0.5B,9,0.375,last_token,remove_random,3,zh,ko,mrr,0.5454099975866091,1024,2048,metric,,,,
Qwen/Qwen2.5-0.5B,9,0.375,last_token,remove_random,3,zh,ja,r1,0.38671875,1024,2048,metric,,,,
Qwen/Qwen2.5-0.5B,9,0.375,last_token,remove_random,3,zh,ja,mrr,0.5030854722193328,1024,2048,metric,,,,
Qwen/Qwen2.5-0.5B,10,0.4166666666666667,last_token,remove_random,3,en,ko,r1,0.51171875,1024,2048,metric,,,,
Qwen/Qwen2.5-0.5B,10,0.4166666666666667,last_token,remove_random,3,en,ko,mrr,0.6114723365168186,1024,2048,metric,,,,
Qwen/Qwen2.5-0.5B,10,0.4166666666666667,last_token,remove_random,3,en,ja,r1,0.501953125,1024,2048,metric,,,,
Qwen/Qwen2.5-0.5B,10,0.4166666666666667,last_token,remove_random,3,en,ja,mrr,0.6137373709955884,1024,2048,metric,,,,
Qwen/Qwen2.5-0.5B,10,0.4166666666666667,last_token,remove_random,3,en,zh,r1,0.708984375,1024,2048,metric,,,,
Qwen/Qwen2.5-0.5B,10,0.4166666666666667,last_token,remove_random,3,en,zh,mrr,0.7781953132846502,1024,2048,metric,,,,
Qwen/Qwen2.5-0.5B,10,0.4166666666666667,last_token,remove_random,3,ko,en,r1,0.435546875,1024,2048,metric,,,,
Qwen/Qwen2.5-0.5B,10,0.4166666666666667,last_token,remove_random,3,ko,en,mrr,0.5310215347660256,1024,2048,metric,,,,
Qwen/Qwen2.5-0.5B,10,0.4166666666666667,last_token,remove_random,3,ko,ja,r1,0.576171875,1024,2048,metric,,,,
Qwen/Qwen2.5-0.5B,10,0.4166666666666667,last_token,remove_random,3,ko,ja,mrr,0.6812196941780477,1024,2048,metric,,,,
Qwen/Qwen2.5-0.5B,10,0.4166666666666667,last_token,remove_random,3,ko,zh,r1,0.32421875,1024,2048,metric,,,,
Qwen/Qwen2.5-0.5B,10,0.4166666666666667,last_token,remove_random,3,ko,zh,mrr,0.4247689066510747,1024,2048,metric,,,,
Qwen/Qwen2.5-0.5B,10,0.4166666666666667,last_token,remove_random,3,ja,en,r1,0.419921875,1024,2048,metric,,,,
Qwen/Qwen2.5-0.5B,10,0.4166666666666667,last_token,remove_random,3,ja,en,mrr,0.5256623213802764,1024,2048,metric,,,,
Qwen/Qwen2.5-0.5B,10,0.4166666666666667,last_token,remove_random,3,ja,ko,r1,0.533203125,1024,2048,metric,,,,
Qwen/Qwen2.5-0.5B,10,0.4166666666666667,last_token,remove_random,3,ja,ko,mrr,0.6191306606621042,1024,2048,metric,,,,
Qwen/Qwen2.5-0.5B,10,0.4166666666666667,last_token,remove_random,3,ja,zh,r1,0.376953125,1024,2048,metric,,,,
Qwen/Qwen2.5-0.5B,10,0.4166666666666667,last_token,remove_random,3,ja,zh,mrr,0.47849958332381715,1024,2048,metric,,,,
Qwen/Qwen2.5-0.5B,10,0.4166666666666667,last_token,remove_random,3,zh,en,r1,0.716796875,1024,2048,metric,,,,
Qwen/Qwen2.5-0.5B,10,0.4166666666666667,last_token,remove_random,3,zh,en,mrr,0.7895806048065217,1024,2048,metric,,,,
Qwen/Qwen2.5-0.5B,10,0.4166666666666667,last_token,remove_random,3,zh,ko,r1,0.46875,1024,2048,metric,,,,
Qwen/Qwen2.5-0.5B,10,0.4166666666666667,last_token,remove_random,3,zh,ko,mrr,0.5621388475958038,1024,2048,metric,,,,
Qwen/Qwen2.5-0.5B,10,0.4166666666666667,last_token,remove_random,3,zh,ja,r1,0.421875,1024,2048,metric,,,,
Qwen/Qwen2.5-0.5B,10,0.4166666666666667,last_token,remove_random,3,zh,ja,mrr,0.5445456327121692,1024,2048,metric,,,,
Qwen/Qwen2.5-0.5B,11,0.4583333333333333,last_token,remove_random,3,en,ko,r1,0.7890625,1024,2048,metric,,,,
Qwen/Qwen2.5-0.5B,11,0.4583333333333333,last_token,remove_random,3,en,ko,mrr,0.8334384372370427,1024,2048,metric,,,,
Qwen/Qwen2.5-0.5B,11,0.4583333333333333,last_token,remove_random,3,en,ja,r1,0.791015625,1024,2048,metric,,,,
Qwen/Qwen2.5-0.5B,11,0.4583333333333333,last_token,remove_random,3,en,ja,mrr,0.8604872812189257,1024,2048,metric,,,,
Qwen/Qwen2.5-0.5B,11,0.4583333333333333,last_token,remove_random,3,en,zh,r1,0.86328125,1024,2048,metric,,,,
Qwen/Qwen2.5-0.5B,11,0.4583333333333333,last_token,remove_random,3,en,zh,mrr,0.9027097044023682,1024,2048,metric,,,,
Qwen/Qwen2.5-0.5B,11,0.4583333333333333,last_token,remove_random,3,ko,en,r1,0.68359375,1024,2048,metric,,,,
Qwen/Qwen2.5-0.5B,11,0.4583333333333333,last_token,remove_random,3,ko,en,mrr,0.7522063261252977,1024,2048,metric,,,,
Qwen/Qwen2.5-0.5B,11,0.4583333333333333,last_token,remove_random,3,ko,ja,r1,0.783203125,1024,2048,metric,,,,
Qwen/Qwen2.5-0.5B,11,0.4583333333333333,last_token,remove_random,3,ko,ja,mrr,0.8354590218917838,1024,2048,metric,,,,
Qwen/Qwen2.5-0.5B,11,0.4583333333333333,last_token,remove_random,3,ko,zh,r1,0.517578125,1024,2048,metric,,,,
Qwen/Qwen2.5-0.5B,11,0.4583333333333333,last_token,remove_random,3,ko,zh,mrr,0.612921076762972,1024,2048,metric,,,,
Qwen/Qwen2.5-0.5B,11,0.4583333333333333,last_token,remove_random,3,ja,en,r1,0.697265625,1024,2048,metric,,,,
Qwen/Qwen2.5-0.5B,11,0.4583333333333333,last_token,remove_random,3,ja,en,mrr,0.7619477777023287,1024,2048,metric,,,,
Qwen/Qwen2.5-0.5B,11,0.4583333333333333,last_token,remove_random,3,ja,ko,r1,0.703125,1024,2048,metric,,,,
Qwen/Qwen2.5-0.5B,11,0.4583333333333333,last_token,remove_random,3,ja,ko,mrr,0.7745046029514782,1024,2048,metric,,,,
Qwen/Qwen2.5-0.5B,11,0.4583333333333333,last_token,remove_random,3,ja,zh,r1,0.607421875,1024,2048,metric,,,,
Qwen/Qwen2.5-0.5B,11,0.4583333333333333,last_token,remove_random,3,ja,zh,mrr,0.6870434654419328,1024,2048,metric,,,,
Qwen/Qwen2.5-0.5B,11,0.4583333333333333,last_token,remove_random,3,zh,en,r1,0.87890625,1024,2048,metric,,,,
Qwen/Qwen2.5-0.5B,11,0.4583333333333333,last_token,remove_random,3,zh,en,mrr,0.916322574254641,1024,2048,metric,,,,
Qwen/Qwen2.5-0.5B,11,0.4583333333333333,last_token,remove_random,3,zh,ko,r1,0.70703125,1024,2048,metric,,,,
Qwen/Qwen2.5-0.5B,11,0.4583333333333333,last_token,remove_random,3,zh,ko,mrr,0.7722294556241998,1024,2048,metric,,,,
Qwen/Qwen2.5-0.5B,11,0.4583333333333333,last_token,remove_random,3,zh,ja,r1,0.734375,1024,2048,metric,,,,
Qwen/Qwen2.5-0.5B,11,0.4583333333333333,last_token,remove_random,3,zh,ja,mrr,0.8107342853143084,1024,2048,metric,,,,
Qwen/Qwen2.5-0.5B,12,0.5,last_token,remove_random,3,en,ko,r1,0.72265625,1024,2048,metric,,,,
Qwen/Qwen2.5-0.5B,12,0.5,last_token,remove_random,3,en,ko,mrr,0.788126610406819,1024,2048,metric,,,,
Qwen/Qwen2.5-0.5B,12,0.5,last_token,remove_random,3,en,ja,r1,0.751953125,1024,2048,metric,,,,
Qwen/Qwen2.5-0.5B,12,0.5,last_token,remove_random,3,en,ja,mrr,0.8311456649775283,1024,2048,metric,,,,
Qwen/Qwen2.5-0.5B,12,0.5,last_token,remove_random,3,en,zh,r1,0.8203125,1024,2048,metric,,,,
Qwen/Qwen2.5-0.5B,12,0.5,last_token,remove_random,3,en,zh,mrr,0.869636192048931,1024,2048,metric,,,,
Qwen/Qwen2.5-0.5B,12,0.5,last_token,remove_random,3,ko,en,r1,0.654296875,1024,2048,metric,,,,
Qwen/Qwen2.5-0.5B,12,0.5,last_token,remove_random,3,ko,en,mrr,0.721638337566215,1024,2048,metric,,,,
Qwen/Qwen2.5-0.5B,12,0.5,last_token,remove_random,3,ko,ja,r1,0.734375,1024,2048,metric,,,,
Qwen/Qwen2.5-0.5B,12,0.5,last_token,remove_random,3,ko,ja,mrr,0.7997482951122841,1024,2048,metric,,,,
Qwen/Qwen2.5-0.5B,12,0.5,last_token,remove_random,3,ko,zh,r1,0.48828125,1024,2048,metric,,,,
Qwen/Qwen2.5-0.5B,12,0.5,last_token,remove_random,3,ko,zh,mrr,0.5794078196227088,1024,2048,metric,,,,
Qwen/Qwen2.5-0.5B,12,0.5,last_token,remove_random,3,ja,en,r1,0.65234375,1024,2048,metric,,,,
Qwen/Qwen2.5-0.5B,12,0.5,last_token,remove_random,3,ja,en,mrr,0.7199217321214764,1024,2048,metric,,,,
Qwen/Qwen2.5-0.5B,12,0.5,last_token,remove_random,3,ja,ko,r1,0.69921875,1024,2048,metric,,,,
Qwen/Qwen2.5-0.5B,12,0.5,last_token,remove_random,3,ja,ko,mrr,0.7669176944190272,1024,2048,metric,,,,
Qwen/Qwen2.5-0.5B,12,0.5,last_token,remove_random,3,ja,zh,r1,0.54296875,1024,2048,metric,,,,
Qwen/Qwen2.5-0.5B,12,0.5,last_token,remove_random,3,ja,zh,mrr,0.6350534520283508,1024,2048,metric,,,,
Qwen/Qwen2.5-0.5B,12,0.5,last_token,remove_random,3,zh,en,r1,0.8203125,1024,2048,metric,,,,
Qwen/Qwen2.5-0.5B,12,0.5,last_token,remove_random,3,zh,en,mrr,0.8689224251836201,1024,2048,metric,,,,
Qwen/Qwen2.5-0.5B,12,0.5,last_token,remove_random,3,zh,ko,r1,0.654296875,1024,2048,metric,,,,
Qwen/Qwen2.5-0.5B,12,0.5,last_token,remove_random,3,zh,ko,mrr,0.7266918025000118,1024,2048,metric,,,,
Qwen/Qwen2.5-0.5B,12,0.5,last_token,remove_random,3,zh,ja,r1,0.646484375,1024,2048,metric,,,,
Qwen/Qwen2.5-0.5B,12,0.5,last_token,remove_random,3,zh,ja,mrr,0.7463319862586923,1024,2048,metric,,,,
Qwen/Qwen2.5-0.5B,13,0.5416666666666666,last_token,remove_random,3,en,ko,r1,0.701171875,1024,2048,metric,,,,
Qwen/Qwen2.5-0.5B,13,0.5416666666666666,last_token,remove_random,3,en,ko,mrr,0.7723565132781095,1024,2048,metric,,,,
Qwen/Qwen2.5-0.5B,13,0.5416666666666666,last_token,remove_random,3,en,ja,r1,0.72265625,1024,2048,metric,,,,
Qwen/Qwen2.5-0.5B,13,0.5416666666666666,last_token,remove_random,3,en,ja,mrr,0.8107759436088117,1024,2048,metric,,,,
Qwen/Qwen2.5-0.5B,13,0.5416666666666666,last_token,remove_random,3,en,zh,r1,0.849609375,1024,2048,metric,,,,
Qwen/Qwen2.5-0.5B,13,0.5416666666666666,last_token,remove_random,3,en,zh,mrr,0.8890936838994651,1024,2048,metric,,,,
Qwen/Qwen2.5-0.5B,13,0.5416666666666666,last_token,remove_random,3,ko,en,r1,0.65234375,1024,2048,metric,,,,
Qwen/Qwen2.5-0.5B,13,0.5416666666666666,last_token,remove_random,3,ko,en,mrr,0.7179213140906716,1024,2048,metric,,,,
Qwen/Qwen2.5-0.5B,13,0.5416666666666666,last_token,remove_random,3,ko,ja,r1,0.751953125,1024,2048,metric,,,,
Qwen/Qwen2.5-0.5B,13,0.5416666666666666,last_token,remove_random,3,ko,ja,mrr,0.8179851147538993,1024,2048,metric,,,,
Qwen/Qwen2.5-0.5B,13,0.5416666666666666,last_token,remove_random,3,ko,zh,r1,0.525390625,1024,2048,metric,,,,
Qwen/Qwen2.5-0.5B,13,0.5416666666666666,last_token,remove_random,3,ko,zh,mrr,0.6182586307550624,1024,2048,metric,,,,
Qwen/Qwen2.5-0.5B,13,0.5416666666666666,last_token,remove_random,3,ja,en,r1,0.681640625,1024,2048,metric,,,,
Qwen/Qwen2.5-0.5B,13,0.5416666666666666,last_token,remove_random,3,ja,en,mrr,0.7513364570675907,1024,2048,metric,,,,
Qwen/Qwen2.5-0.5B,13,0.5416666666666666,last_token,remove_random,3,ja,ko,r1,0.703125,1024,2048,metric,,,,
Qwen/Qwen2.5-0.5B,13,0.5416666666666666,last_token,remove_random,3,ja,ko,mrr,0.7688532519408583,1024,2048,metric,,,,
Qwen/Qwen2.5-0.5B,13,0.5416666666666666,last_token,remove_random,3,ja,zh,r1,0.607421875,1024,2048,metric,,,,
Qwen/Qwen2.5-0.5B,13,0.5416666666666666,last_token,remove_random,3,ja,zh,mrr,0.6835038528450551,1024,2048,metric,,,,
Qwen/Qwen2.5-0.5B,13,0.5416666666666666,last_token,remove_random,3,zh,en,r1,0.853515625,1024,2048,metric,,,,
Qwen/Qwen2.5-0.5B,13,0.5416666666666666,last_token,remove_random,3,zh,en,mrr,0.891504853346061,1024,2048,metric,,,,
Qwen/Qwen2.5-0.5B,13,0.5416666666666666,last_token,remove_random,3,zh,ko,r1,0.646484375,1024,2048,metric,,,,
Qwen/Qwen2.5-0.5B,13,0.5416666666666666,last_token,remove_random,3,zh,ko,mrr,0.7258214050207406,1024,2048,metric,,,,
Qwen/Qwen2.5-0.5B,13,0.5416666666666666,last_token,remove_random,3,zh,ja,r1,0.634765625,1024,2048,metric,,,,
Qwen/Qwen2.5-0.5B,13,0.5416666666666666,last_token,remove_random,3,zh,ja,mrr,0.7373421975552894,1024,2048,metric,,,,
Qwen/Qwen2.5-0.5B,14,0.5833333333333334,last_token,remove_random,3,en,ko,r1,0.6328125,1024,2048,metric,,,,
Qwen/Qwen2.5-0.5B,14,0.5833333333333334,last_token,remove_random,3,en,ko,mrr,0.7240846831974876,1024,2048,metric,,,,
Qwen/Qwen2.5-0.5B,14,0.5833333333333334,last_token,remove_random,3,en,ja,r1,0.6484375,1024,2048,metric,,,,
Qwen/Qwen2.5-0.5B,14,0.5833333333333334,last_token,remove_random,3,en,ja,mrr,0.7501651222693824,1024,2048,metric,,,,
Qwen/Qwen2.5-0.5B,14,0.5833333333333334,last_token,remove_random,3,en,zh,r1,0.8125,1024,2048,metric,,,,
Qwen/Qwen2.5-0.5B,14,0.5833333333333334,last_token,remove_random,3,en,zh,mrr,0.8630813668924686,1024,2048,metric,,,,
Qwen/Qwen2.5-0.5B,14,0.5833333333333334,last_token,remove_random,3,ko,en,r1,0.60546875,1024,2048,metric,,,,
Qwen/Qwen2.5-0.5B,14,0.5833333333333334,last_token,remove_random,3,ko,en,mrr,0.6812417115476151,1024,2048,metric,,,,
Qwen/Qwen2.5-0.5B,14,0.5833333333333334,last_token,remove_random,3,ko,ja,r1,0.705078125,1024,2048,metric,,,,
Qwen/Qwen2.5-0.5B,14,0.5833333333333334,last_token,remove_random,3,ko,ja,mrr,0.777791300574703,1024,2048,metric,,,,
Qwen/Qwen2.5-0.5B,14,0.5833333333333334,last_token,remove_random,3,ko,zh,r1,0.490234375,1024,2048,metric,,,,
Qwen/Qwen2.5-0.5B,14,0.5833333333333334,last_token,remove_random,3,ko,zh,mrr,0.5746944694563582,1024,2048,metric,,,,
Qwen/Qwen2.5-0.5B,14,0.5833333333333334,last_token,remove_random,3,ja,en,r1,0.64453125,1024,2048,metric,,,,
Qwen/Qwen2.5-0.5B,14,0.5833333333333334,last_token,remove_random,3,ja,en,mrr,0.71425491452689,1024,2048,metric,,,,
Qwen/Qwen2.5-0.5B,14,0.5833333333333334,last_token,remove_random,3,ja,ko,r1,0.65234375,1024,2048,metric,,,,
Qwen/Qwen2.5-0.5B,14,0.5833333333333334,last_token,remove_random,3,ja,ko,mrr,0.726941494052026,1024,2048,metric,,,,
Qwen/Qwen2.5-0.5B,14,0.5833333333333334,last_token,remove_random,3,ja,zh,r1,0.515625,1024,2048,metric,,,,
Qwen/Qwen2.5-0.5B,14,0.5833333333333334,last_token,remove_random,3,ja,zh,mrr,0.6084814130708183,1024,2048,metric,,,,
Qwen/Qwen2.5-0.5B,14,0.5833333333333334,last_token,remove_random,3,zh,en,r1,0.8359375,1024,2048,metric,,,,
Qwen/Qwen2.5-0.5B,14,0.5833333333333334,last_token,remove_random,3,zh,en,mrr,0.8776063189540488,1024,2048,metric,,,,
Qwen/Qwen2.5-0.5B,14,0.5833333333333334,last_token,remove_random,3,zh,ko,r1,0.609375,1024,2048,metric,,,,
Qwen/Qwen2.5-0.5B,14,0.5833333333333334,last_token,remove_random,3,zh,ko,mrr,0.6909159446091,1024,2048,metric,,,,
Qwen/Qwen2.5-0.5B,14,0.5833333333333334,last_token,remove_random,3,zh,ja,r1,0.599609375,1024,2048,metric,,,,
Qwen/Qwen2.5-0.5B,14,0.5833333333333334,last_token,remove_random,3,zh,ja,mrr,0.7003428990441847,1024,2048,metric,,,,
Qwen/Qwen2.5-0.5B,15,0.625,last_token,remove_random,3,en,ko,r1,0.751953125,1024,2048,metric,,,,
Qwen/Qwen2.5-0.5B,15,0.625,last_token,remove_random,3,en,ko,mrr,0.8133408249731625,1024,2048,metric,,,,
Qwen/Qwen2.5-0.5B,15,0.625,last_token,remove_random,3,en,ja,r1,0.8203125,1024,2048,metric,,,,
Qwen/Qwen2.5-0.5B,15,0.625,last_token,remove_random,3,en,ja,mrr,0.8825344578475947,1024,2048,metric,,,,
Qwen/Qwen2.5-0.5B,15,0.625,last_token,remove_random,3,en,zh,r1,0.896484375,1024,2048,metric,,,,
Qwen/Qwen2.5-0.5B,15,0.625,last_token,remove_random,3,en,zh,mrr,0.9278778647937205,1024,2048,metric,,,,
Qwen/Qwen2.5-0.5B,15,0.625,last_token,remove_random,3,ko,en,r1,0.69921875,1024,2048,metric,,,,
Qwen/Qwen2.5-0.5B,15,0.625,last_token,remove_random,3,ko,en,mrr,0.7631532828229559,1024,2048,metric,,,,
Qwen/Qwen2.5-0.5B,15,0.625,last_token,remove_random,3,ko,ja,r1,0.806640625,1024,2048,metric,,,,
Qwen/Qwen2.5-0.5B,15,0.625,last_token,remove_random,3,ko,ja,mrr,0.8593784726921272,1024,2048,metric,,,,
Qwen/Qwen2.5-0.5B,15,0.625,last_token,remove_random,3,ko,zh,r1,0.607421875,1024,2048,metric,,,,
Qwen/Qwen2.5-0.5B,15,0.625,last_token,remove_random,3,ko,zh,mrr,0.6942702717125915,1024,2048,metric,,,,
Qwen/Qwen2.5-0.5B,15,0.625,last_token,remove_random,3,ja,en,r1,0.76953125,1024,2048,metric,,,,
Qwen/Qwen2.5-0.5B,15,0.625,last_token,remove_random,3,ja,en,mrr,0.8234796861203322,1024,2048,metric,,,,
Qwen/Qwen2.5-0.5B,15,0.625,last_token,remove_random,3,ja,ko,r1,0.787109375,1024,2048,metric,,,,
Qwen/Qwen2.5-0.5B,15,0.625,last_token,remove_random,3,ja,ko,mrr,0.8374650528952599,1024,2048,metric,,,,
Qwen/Qwen2.5-0.5B,15,0.625,last_token,remove_random,3,ja,zh,r1,0.720703125,1024,2048,metric,,,,
Qwen/Qwen2.5-0.5B,15,0.625,last_token,remove_random,3,ja,zh,mrr,0.7940685265290899,1024,2048,metric,,,,
Qwen/Qwen2.5-0.5B,15,0.625,last_token,remove_random,3,zh,en,r1,0.89453125,1024,2048,metric,,,,
Qwen/Qwen2.5-0.5B,15,0.625,last_token,remove_random,3,zh,en,mrr,0.9261953348879101,1024,2048,metric,,,,
Qwen/Qwen2.5-0.5B,15,0.625,last_token,remove_random,3,zh,ko,r1,0.724609375,1024,2048,metric,,,,
Qwen/Qwen2.5-0.5B,15,0.625,last_token,remove_random,3,zh,ko,mrr,0.7860760487065384,1024,2048,metric,,,,
Qwen/Qwen2.5-0.5B,15,0.625,last_token,remove_random,3,zh,ja,r1,0.77734375,1024,2048,metric,,,,
Qwen/Qwen2.5-0.5B,15,0.625,last_token,remove_random,3,zh,ja,mrr,0.8493719278099532,1024,2048,metric,,,,
Qwen/Qwen2.5-0.5B,16,0.6666666666666666,last_token,remove_random,3,en,ko,r1,0.68359375,1024,2048,metric,,,,
Qwen/Qwen2.5-0.5B,16,0.6666666666666666,last_token,remove_random,3,en,ko,mrr,0.7689243414466626,1024,2048,metric,,,,
Qwen/Qwen2.5-0.5B,16,0.6666666666666666,last_token,remove_random,3,en,ja,r1,0.765625,1024,2048,metric,,,,
Qwen/Qwen2.5-0.5B,16,0.6666666666666666,last_token,remove_random,3,en,ja,mrr,0.8462451319861561,1024,2048,metric,,,,
Qwen/Qwen2.5-0.5B,16,0.6666666666666666,last_token,remove_random,3,en,zh,r1,0.83984375,1024,2048,metric,,,,
Qwen/Qwen2.5-0.5B,16,0.6666666666666666,last_token,remove_random,3,en,zh,mrr,0.8832033576450133,1024,2048,metric,,,,
Qwen/Qwen2.5-0.5B,16,0.6666666666666666,last_token,remove_random,3,ko,en,r1,0.55859375,1024,2048,metric,,,,
Qwen/Qwen2.5-0.5B,16,0.6666666666666666,last_token,remove_random,3,ko,en,mrr,0.6444386128398404,1024,2048,metric,,,,
Qwen/Qwen2.5-0.5B,16,0.6666666666666666,last_token,remove_random,3,ko,ja,r1,0.783203125,1024,2048,metric,,,,
Qwen/Qwen2.5-0.5B,16,0.6666666666666666,last_token,remove_random,3,ko,ja,mrr,0.8354208020795186,1024,2048,metric,,,,
Qwen/Qwen2.5-0.5B,16,0.6666666666666666,last_token,remove_random,3,ko,zh,r1,0.5234375,1024,2048,metric,,,,
Qwen/Qwen2.5-0.5B,16,0.6666666666666666,last_token,remove_random,3,ko,zh,mrr,0.5958983555214423,1024,2048,metric,,,,
Qwen/Qwen2.5-0.5B,16,0.6666666666666666,last_token,remove_random,3,ja,en,r1,0.650390625,1024,2048,metric,,,,
Qwen/Qwen2.5-0.5B,16,0.6666666666666666,last_token,remove_random,3,ja,en,mrr,0.7219533567980115,1024,2048,metric,,,,
Qwen/Qwen2.5-0.5B,16,0.6666666666666666,last_token,remove_random,3,ja,ko,r1,0.7578125,1024,2048,metric,,,,
Qwen/Qwen2.5-0.5B,16,0.6666666666666666,last_token,remove_random,3,ja,ko,mrr,0.8124011233062397,1024,2048,metric,,,,
Qwen/Qwen2.5-0.5B,16,0.6666666666666666,last_token,remove_random,3,ja,zh,r1,0.59765625,1024,2048,metric,,,,
Qwen/Qwen2.5-0.5B,16,0.6666666666666666,last_token,remove_random,3,ja,zh,mrr,0.6762678445941445,1024,2048,metric,,,,
Qwen/Qwen2.5-0.5B,16,0.6666666666666666,last_token,remove_random,3,zh,en,r1,0.830078125,1024,2048,metric,,,,
Qwen/Qwen2.5-0.5B,16,0.6666666666666666,last_token,remove_random,3,zh,en,mrr,0.8842334100280569,1024,2048,metric,,,,
Qwen/Qwen2.5-0.5B,16,0.6666666666666666,last_token,remove_random,3,zh,ko,r1,0.666015625,1024,2048,metric,,,,
Qwen/Qwen2.5-0.5B,16,0.6666666666666666,last_token,remove_random,3,zh,ko,mrr,0.7434641821450034,1024,2048,metric,,,,
Qwen/Qwen2.5-0.5B,16,0.6666666666666666,last_token,remove_random,3,zh,ja,r1,0.734375,1024,2048,metric,,,,
Qwen/Qwen2.5-0.5B,16,0.6666666666666666,last_token,remove_random,3,zh,ja,mrr,0.8173747741945199,1024,2048,metric,,,,
Qwen/Qwen2.5-0.5B,17,0.7083333333333334,last_token,remove_random,3,en,ko,r1,0.6484375,1024,2048,metric,,,,
Qwen/Qwen2.5-0.5B,17,0.7083333333333334,last_token,remove_random,3,en,ko,mrr,0.7354937715745542,1024,2048,metric,,,,
Qwen/Qwen2.5-0.5B,17,0.7083333333333334,last_token,remove_random,3,en,ja,r1,0.724609375,1024,2048,metric,,,,
Qwen/Qwen2.5-0.5B,17,0.7083333333333334,last_token,remove_random,3,en,ja,mrr,0.8173975675152649,1024,2048,metric,,,,
Qwen/Qwen2.5-0.5B,17,0.7083333333333334,last_token,remove_random,3,en,zh,r1,0.76171875,1024,2048,metric,,,,
Qwen/Qwen2.5-0.5B,17,0.7083333333333334,last_token,remove_random,3,en,zh,mrr,0.816986892035592,1024,2048,metric,,,,
Qwen/Qwen2.5-0.5B,17,0.7083333333333334,last_token,remove_random,3,ko,en,r1,0.5,1024,2048,metric,,,,
Qwen/Qwen2.5-0.5B,17,0.7083333333333334,last_token,remove_random,3,ko,en,mrr,0.5929643480183244,1024,2048,metric,,,,
Qwen/Qwen2.5-0.5B,17,0.7083333333333334,last_token,remove_random,3,ko,ja,r1,0.736328125,1024,2048,metric,,,,
Qwen/Qwen2.5-0.5B,17,0.7083333333333334,last_token,remove_random,3,ko,ja,mrr,0.8027640562236569,1024,2048,metric,,,,
Qwen/Qwen2.5-0.5B,17,0.7083333333333334,last_token,remove_random,3,ko,zh,r1,0.455078125,1024,2048,metric,,,,
Qwen/Qwen2.5-0.5B,17,0.7083333333333334,last_token,remove_random,3,ko,zh,mrr,0.5370234557324164,1024,2048,metric,,,,
Qwen/Qwen2.5-0.5B,17,0.7083333333333334,last_token,remove_random,3,ja,en,r1,0.58984375,1024,2048,metric,,,,
Qwen/Qwen2.5-0.5B,17,0.7083333333333334,last_token,remove_random,3,ja,en,mrr,0.6735056844284573,1024,2048,metric,,,,
Qwen/Qwen2.5-0.5B,17,0.7083333333333334,last_token,remove_random,3,ja,ko,r1,0.71875,1024,2048,metric,,,,
Qwen/Qwen2.5-0.5B,17,0.7083333333333334,last_token,remove_random,3,ja,ko,mrr,0.7812215644595775,1024,2048,metric,,,,
Qwen/Qwen2.5-0.5B,17,0.7083333333333334,last_token,remove_random,3,ja,zh,r1,0.541015625,1024,2048,metric,,,,
Qwen/Qwen2.5-0.5B,17,0.7083333333333334,last_token,remove_random,3,ja,zh,mrr,0.6190087457922013,1024,2048,metric,,,,
Qwen/Qwen2.5-0.5B,17,0.7083333333333334,last_token,remove_random,3,zh,en,r1,0.767578125,1024,2048,metric,,,,
Qwen/Qwen2.5-0.5B,17,0.7083333333333334,last_token,remove_random,3,zh,en,mrr,0.8287973355425698,1024,2048,metric,,,,
Qwen/Qwen2.5-0.5B,17,0.7083333333333334,last_token,remove_random,3,zh,ko,r1,0.6328125,1024,2048,metric,,,,
Qwen/Qwen2.5-0.5B,17,0.7083333333333334,last_token,remove_random,3,zh,ko,mrr,0.7150499696636485,1024,2048,metric,,,,
Qwen/Qwen2.5-0.5B,17,0.7083333333333334,last_token,remove_random,3,zh,ja,r1,0.728515625,1024,2048,metric,,,,
Qwen/Qwen2.5-0.5B,17,0.7083333333333334,last_token,remove_random,3,zh,ja,mrr,0.808915033178546,1024,2048,metric,,,,
Qwen/Qwen2.5-0.5B,18,0.75,last_token,remove_random,3,en,ko,r1,0.53515625,1024,2048,metric,,,,
Qwen/Qwen2.5-0.5B,18,0.75,last_token,remove_random,3,en,ko,mrr,0.6408099028613934,1024,2048,metric,,,,
Qwen/Qwen2.5-0.5B,18,0.75,last_token,remove_random,3,en,ja,r1,0.576171875,1024,2048,metric,,,,
Qwen/Qwen2.5-0.5B,18,0.75,last_token,remove_random,3,en,ja,mrr,0.6925958660227118,1024,2048,metric,,,,
Qwen/Qwen2.5-0.5B,18,0.75,last_token,remove_random,3,en,zh,r1,0.712890625,1024,2048,metric,,,,
Qwen/Qwen2.5-0.5B,18,0.75,last_token,remove_random,3,en,zh,mrr,0.7714956624002096,1024,2048,metric,,,,
Qwen/Qwen2.5-0.5B,18,0.75,last_token,remove_random,3,ko,en,r1,0.380859375,1024,2048,metric,,,,
Qwen/Qwen2.5-0.5B,18,0.75,last_token,remove_random,3,ko,en,mrr,0.48306032598830034,1024,2048,metric,,,,
Qwen/Qwen2.5-0.5B,18,0.75,last_token,remove_random,3,ko,ja,r1,0.671875,1024,2048,metric,,,,
Qwen/Qwen2.5-0.5B,18,0.75,last_token,remove_random,3,ko,ja,mrr,0.7526351095992093,1024,2048,metric,,,,
Qwen/Qwen2.5-0.5B,18,0.75,last_token,remove_random,3,ko,zh,r1,0.38671875,1024,2048,metric,,,,
Qwen/Qwen2.5-0.5B,18,0.75,last_token,remove_random,3,ko,zh,mrr,0.4757606445780389,1024,2048,metric,,,,
Qwen/Qwen2.5-0.5B,18,0.75,last_token,remove_random,3,ja,en,r1,0.4609375,1024,2048,metric,,,,
Qwen/Qwen2.5-0.5B,18,0.75,last_token,remove_random,3,ja,en,mrr,0.5631437841700824,1024,2048,metric,,,,
Qwen/Qwen2.5-0.5B,18,0.75,last_token,remove_random,3,ja,ko,r1,0.62890625,1024,2048,metric,,,,
Qwen/Qwen2.5-0.5B,18,0.75,last_token,remove_random,3,ja,ko,mrr,0.7093397890008968,1024,2048,metric,,,,
Qwen/Qwen2.5-0.5B,18,0.75,last_token,remove_random,3,ja,zh,r1,0.462890625,1024,2048,metric,,,,
Qwen/Qwen2.5-0.5B,18,0.75,last_token,remove_random,3,ja,zh,mrr,0.5494283804263635,1024,2048,metric,,,,
Qwen/Qwen2.5-0.5B,18,0.75,last_token,remove_random,3,zh,en,r1,0.673828125,1024,2048,metric,,,,
Qwen/Qwen2.5-0.5B,18,0.75,last_token,remove_random,3,zh,en,mrr,0.747733054014185,1024,2048,metric,,,,
Qwen/Qwen2.5-0.5B,18,0.75,last_token,remove_random,3,zh,ko,r1,0.53125,1024,2048,metric,,,,
Qwen/Qwen2.5-0.5B,18,0.75,last_token,remove_random,3,zh,ko,mrr,0.6250388527654333,1024,2048,metric,,,,
Qwen/Qwen2.5-0.5B,18,0.75,last_token,remove_random,3,zh,ja,r1,0.494140625,1024,2048,metric,,,,
Qwen/Qwen2.5-0.5B,18,0.75,last_token,remove_random,3,zh,ja,mrr,0.6099329302451679,1024,2048,metric,,,,
Qwen/Qwen2.5-0.5B,19,0.7916666666666666,last_token,remove_random,3,en,ko,r1,0.4140625,1024,2048,metric,,,,
Qwen/Qwen2.5-0.5B,19,0.7916666666666666,last_token,remove_random,3,en,ko,mrr,0.531093419076964,1024,2048,metric,,,,
Qwen/Qwen2.5-0.5B,19,0.7916666666666666,last_token,remove_random,3,en,ja,r1,0.564453125,1024,2048,metric,,,,
Qwen/Qwen2.5-0.5B,19,0.7916666666666666,last_token,remove_random,3,en,ja,mrr,0.6877428277886877,1024,2048,metric,,,,
Qwen/Qwen2.5-0.5B,19,0.7916666666666666,last_token,remove_random,3,en,zh,r1,0.73046875,1024,2048,metric,,,,
Qwen/Qwen2.5-0.5B,19,0.7916666666666666,last_token,remove_random,3,en,zh,mrr,0.7895722874527804,1024,2048,metric,,,,
Qwen/Qwen2.5-0.5B,19,0.7916666666666666,last_token,remove_random,3,ko,en,r1,0.3515625,1024,2048,metric,,,,
Qwen/Qwen2.5-0.5B,19,0.7916666666666666,last_token,remove_random,3,ko,en,mrr,0.45874245248645634,1024,2048,metric,,,,
Qwen/Qwen2.5-0.5B,19,0.7916666666666666,last_token,remove_random,3,ko,ja,r1,0.65625,1024,2048,metric,,,,
Qwen/Qwen2.5-0.5B,19,0.7916666666666666,last_token,remove_random,3,ko,ja,mrr,0.7390909067668932,1024,2048,metric,,,,
Qwen/Qwen2.5-0.5B,19,0.7916666666666666,last_token,remove_random,3,ko,zh,r1,0.3671875,1024,2048,metric,,,,
Qwen/Qwen2.5-0.5B,19,0.7916666666666666,last_token,remove_random,3,ko,zh,mrr,0.4625799363970304,1024,2048,metric,,,,
Qwen/Qwen2.5-0.5B,19,0.7916666666666666,last_token,remove_random,3,ja,en,r1,0.427734375,1024,2048,metric,,,,
Qwen/Qwen2.5-0.5B,19,0.7916666666666666,last_token,remove_random,3,ja,en,mrr,0.5475372886660788,1024,2048,metric,,,,
Qwen/Qwen2.5-0.5B,19,0.7916666666666666,last_token,remove_random,3,ja,ko,r1,0.59765625,1024,2048,metric,,,,
Qwen/Qwen2.5-0.5B,19,0.7916666666666666,last_token,remove_random,3,ja,ko,mrr,0.6826085243157191,1024,2048,metric,,,,
Qwen/Qwen2.5-0.5B,19,0.7916666666666666,last_token,remove_random,3,ja,zh,r1,0.453125,1024,2048,metric,,,,
Qwen/Qwen2.5-0.5B,19,0.7916666666666666,last_token,remove_random,3,ja,zh,mrr,0.5493349958928797,1024,2048,metric,,,,
Qwen/Qwen2.5-0.5B,19,0.7916666666666666,last_token,remove_random,3,zh,en,r1,0.666015625,1024,2048,metric,,,,
Qwen/Qwen2.5-0.5B,19,0.7916666666666666,last_token,remove_random,3,zh,en,mrr,0.7524847791807616,1024,2048,metric,,,,
Qwen/Qwen2.5-0.5B,19,0.7916666666666666,last_token,remove_random,3,zh,ko,r1,0.384765625,1024,2048,metric,,,,
Qwen/Qwen2.5-0.5B,19,0.7916666666666666,last_token,remove_random,3,zh,ko,mrr,0.5020174562964785,1024,2048,metric,,,,
Qwen/Qwen2.5-0.5B,19,0.7916666666666666,last_token,remove_random,3,zh,ja,r1,0.470703125,1024,2048,metric,,,,
Qwen/Qwen2.5-0.5B,19,0.7916666666666666,last_token,remove_random,3,zh,ja,mrr,0.5898834984713364,1024,2048,metric,,,,
Qwen/Qwen2.5-0.5B,20,0.8333333333333334,last_token,remove_random,3,en,ko,r1,0.384765625,1024,2048,metric,,,,
Qwen/Qwen2.5-0.5B,20,0.8333333333333334,last_token,remove_random,3,en,ko,mrr,0.516983418061457,1024,2048,metric,,,,
Qwen/Qwen2.5-0.5B,20,0.8333333333333334,last_token,remove_random,3,en,ja,r1,0.625,1024,2048,metric,,,,
Qwen/Qwen2.5-0.5B,20,0.8333333333333334,last_token,remove_random,3,en,ja,mrr,0.7272885779451972,1024,2048,metric,,,,
Qwen/Qwen2.5-0.5B,20,0.8333333333333334,last_token,remove_random,3,en,zh,r1,0.7265625,1024,2048,metric,,,,
Qwen/Qwen2.5-0.5B,20,0.8333333333333334,last_token,remove_random,3,en,zh,mrr,0.7931408698603248,1024,2048,metric,,,,
Qwen/Qwen2.5-0.5B,20,0.8333333333333334,last_token,remove_random,3,ko,en,r1,0.28125,1024,2048,metric,,,,
Qwen/Qwen2.5-0.5B,20,0.8333333333333334,last_token,remove_random,3,ko,en,mrr,0.38291030280275296,1024,2048,metric,,,,
Qwen/Qwen2.5-0.5B,20,0.8333333333333334,last_token,remove_random,3,ko,ja,r1,0.60546875,1024,2048,metric,,,,
Qwen/Qwen2.5-0.5B,20,0.8333333333333334,last_token,remove_random,3,ko,ja,mrr,0.7048583958077553,1024,2048,metric,,,,
Qwen/Qwen2.5-0.5B,20,0.8333333333333334,last_token,remove_random,3,ko,zh,r1,0.30859375,1024,2048,metric,,,,
Qwen/Qwen2.5-0.5B,20,0.8333333333333334,last_token,remove_random,3,ko,zh,mrr,0.41880067887601985,1024,2048,metric,,,,
Qwen/Qwen2.5-0.5B,20,0.8333333333333334,last_token,remove_random,3,ja,en,r1,0.328125,1024,2048,metric,,,,
Qwen/Qwen2.5-0.5B,20,0.8333333333333334,last_token,remove_random,3,ja,en,mrr,0.44018943407882294,1024,2048,metric,,,,
Qwen/Qwen2.5-0.5B,20,0.8333333333333334,last_token,remove_random,3,ja,ko,r1,0.478515625,1024,2048,metric,,,,
Qwen/Qwen2.5-0.5B,20,0.8333333333333334,last_token,remove_random,3,ja,ko,mrr,0.5991277497554865,1024,2048,metric,,,,
Qwen/Qwen2.5-0.5B,20,0.8333333333333334,last_token,remove_random,3,ja,zh,r1,0.439453125,1024,2048,metric,,,,
Qwen/Qwen2.5-0.5B,20,0.8333333333333334,last_token,remove_random,3,ja,zh,mrr,0.5424851666459174,1024,2048,metric,,,,
Qwen/Qwen2.5-0.5B,20,0.8333333333333334,last_token,remove_random,3,zh,en,r1,0.6015625,1024,2048,metric,,,,
Qwen/Qwen2.5-0.5B,20,0.8333333333333334,last_token,remove_random,3,zh,en,mrr,0.6982065260502615,1024,2048,metric,,,,
Qwen/Qwen2.5-0.5B,20,0.8333333333333334,last_token,remove_random,3,zh,ko,r1,0.392578125,1024,2048,metric,,,,
Qwen/Qwen2.5-0.5B,20,0.8333333333333334,last_token,remove_random,3,zh,ko,mrr,0.5113027598285187,1024,2048,metric,,,,
Qwen/Qwen2.5-0.5B,20,0.8333333333333334,last_token,remove_random,3,zh,ja,r1,0.544921875,1024,2048,metric,,,,
Qwen/Qwen2.5-0.5B,20,0.8333333333333334,last_token,remove_random,3,zh,ja,mrr,0.6612797353972383,1024,2048,metric,,,,
Qwen/Qwen2.5-0.5B,21,0.875,last_token,remove_random,3,en,ko,r1,0.515625,1024,2048,metric,,,,
Qwen/Qwen2.5-0.5B,21,0.875,last_token,remove_random,3,en,ko,mrr,0.6334386606169529,1024,2048,metric,,,,
Qwen/Qwen2.5-0.5B,21,0.875,last_token,remove_random,3,en,ja,r1,0.595703125,1024,2048,metric,,,,
Qwen/Qwen2.5-0.5B,21,0.875,last_token,remove_random,3,en,ja,mrr,0.711407513999819,1024,2048,metric,,,,
Qwen/Qwen2.5-0.5B,21,0.875,last_token,remove_random,3,en,zh,r1,0.83984375,1024,2048,metric,,,,
Qwen/Qwen2.5-0.5B,21,0.875,last_token,remove_random,3,en,zh,mrr,0.8926394650108512,1024,2048,metric,,,,
Qwen/Qwen2.5-0.5B,21,0.875,last_token,remove_random,3,ko,en,r1,0.2734375,1024,2048,metric,,,,
Qwen/Qwen2.5-0.5B,21,0.875,last_token,remove_random,3,ko,en,mrr,0.38694094144241553,1024,2048,metric,,,,
Qwen/Qwen2.5-0.5B,21,0.875,last_token,remove_random,3,ko,ja,r1,0.443359375,1024,2048,metric,,,,
Qwen/Qwen2.5-0.5B,21,0.875,last_token,remove_random,3,ko,ja,mrr,0.5615336641242876,1024,2048,metric,,,,
Qwen/Qwen2.5-0.5B,21,0.875,last_token,remove_random,3,ko,zh,r1,0.423828125,1024,2048,metric,,,,
Qwen/Qwen2.5-0.5B,21,0.875,last_token,remove_random,3,ko,zh,mrr,0.5332432099680522,1024,2048,metric,,,,
Qwen/Qwen2.5-0.5B,21,0.875,last_token,remove_random,3,ja,en,r1,0.482421875,1024,2048,metric,,,,
Qwen/Qwen2.5-0.5B,21,0.875,last_token,remove_random,3,ja,en,mrr,0.6005337095153647,1024,2048,metric,,,,
Qwen/Qwen2.5-0.5B,21,0.875,last_token,remove_random,3,ja,ko,r1,0.677734375,1024,2048,metric,,,,
Qwen/Qwen2.5-0.5B,21,0.875,last_token,remove_random,3,ja,ko,mrr,0.7633957223521418,1024,2048,metric,,,,
Qwen/Qwen2.5-0.5B,21,0.875,last_token,remove_random,3,ja,zh,r1,0.666015625,1024,2048,metric,,,,
Qwen/Qwen2.5-0.5B,21,0.875,last_token,remove_random,3,ja,zh,mrr,0.7516548363953325,1024,2048,metric,,,,
Qwen/Qwen2.5-0.5B,21,0.875,last_token,remove_random,3,zh,en,r1,0.740234375,1024,2048,metric,,,,
Qwen/Qwen2.5-0.5B,21,0.875,last_token,remove_random,3,zh,en,mrr,0.8211875422303814,1024,2048,metric,,,,
Qwen/Qwen2.5-0.5B,21,0.875,last_token,remove_random,3,zh,ko,r1,0.5546875,1024,2048,metric,,,,
Qwen/Qwen2.5-0.5B,21,0.875,last_token,remove_random,3,zh,ko,mrr,0.6588840855358611,1024,2048,metric,,,,
Qwen/Qwen2.5-0.5B,21,0.875,last_token,remove_random,3,zh,ja,r1,0.537109375,1024,2048,metric,,,,
Qwen/Qwen2.5-0.5B,21,0.875,last_token,remove_random,3,zh,ja,mrr,0.6530743751953951,1024,2048,metric,,,,
Qwen/Qwen2.5-0.5B,22,0.9166666666666666,last_token,remove_random,3,en,ko,r1,0.580078125,1024,2048,metric,,,,
Qwen/Qwen2.5-0.5B,22,0.9166666666666666,last_token,remove_random,3,en,ko,mrr,0.692957894111053,1024,2048,metric,,,,
Qwen/Qwen2.5-0.5B,22,0.9166666666666666,last_token,remove_random,3,en,ja,r1,0.6875,1024,2048,metric,,,,
Qwen/Qwen2.5-0.5B,22,0.9166666666666666,last_token,remove_random,3,en,ja,mrr,0.7865831204938696,1024,2048,metric,,,,
Qwen/Qwen2.5-0.5B,22,0.9166666666666666,last_token,remove_random,3,en,zh,r1,0.865234375,1024,2048,metric,,,,
Qwen/Qwen2.5-0.5B,22,0.9166666666666666,last_token,remove_random,3,en,zh,mrr,0.9144867774399031,1024,2048,metric,,,,
Qwen/Qwen2.5-0.5B,22,0.9166666666666666,last_token,remove_random,3,ko,en,r1,0.259765625,1024,2048,metric,,,,
Qwen/Qwen2.5-0.5B,22,0.9166666666666666,last_token,remove_random,3,ko,en,mrr,0.35127792626332044,1024,2048,metric,,,,
Qwen/Qwen2.5-0.5B,22,0.9166666666666666,last_token,remove_random,3,ko,ja,r1,0.498046875,1024,2048,metric,,,,
Qwen/Qwen2.5-0.5B,22,0.9166666666666666,last_token,remove_random,3,ko,ja,mrr,0.617951657507184,1024,2048,metric,,,,
Qwen/Qwen2.5-0.5B,22,0.9166666666666666,last_token,remove_random,3,ko,zh,r1,0.423828125,1024,2048,metric,,,,
Qwen/Qwen2.5-0.5B,22,0.9166666666666666,last_token,remove_random,3,ko,zh,mrr,0.5375647748072063,1024,2048,metric,,,,
Qwen/Qwen2.5-0.5B,22,0.9166666666666666,last_token,remove_random,3,ja,en,r1,0.4921875,1024,2048,metric,,,,
Qwen/Qwen2.5-0.5B,22,0.9166666666666666,last_token,remove_random,3,ja,en,mrr,0.6072545898644772,1024,2048,metric,,,,
Qwen/Qwen2.5-0.5B,22,0.9166666666666666,last_token,remove_random,3,ja,ko,r1,0.72265625,1024,2048,metric,,,,
Qwen/Qwen2.5-0.5B,22,0.9166666666666666,last_token,remove_random,3,ja,ko,mrr,0.7909322610257803,1024,2048,metric,,,,
Qwen/Qwen2.5-0.5B,22,0.9166666666666666,last_token,remove_random,3,ja,zh,r1,0.7265625,1024,2048,metric,,,,
Qwen/Qwen2.5-0.5B,22,0.9166666666666666,last_token,remove_random,3,ja,zh,mrr,0.8001692827474227,1024,2048,metric,,,,
Qwen/Qwen2.5-0.5B,22,0.9166666666666666,last_token,remove_random,3,zh,en,r1,0.7734375,1024,2048,metric,,,,
Qwen/Qwen2.5-0.5B,22,0.9166666666666666,last_token,remove_random,3,zh,en,mrr,0.8390191905750519,1024,2048,metric,,,,
Qwen/Qwen2.5-0.5B,22,0.9166666666666666,last_token,remove_random,3,zh,ko,r1,0.59765625,1024,2048,metric,,,,
Qwen/Qwen2.5-0.5B,22,0.9166666666666666,last_token,remove_random,3,zh,ko,mrr,0.7009516420584634,1024,2048,metric,,,,
Qwen/Qwen2.5-0.5B,22,0.9166666666666666,last_token,remove_random,3,zh,ja,r1,0.662109375,1024,2048,metric,,,,
Qwen/Qwen2.5-0.5B,22,0.9166666666666666,last_token,remove_random,3,zh,ja,mrr,0.7643692183083881,1024,2048,metric,,,,
Qwen/Qwen2.5-0.5B,23,0.9583333333333334,last_token,remove_random,3,en,ko,r1,0.1640625,1024,2048,metric,,,,
Qwen/Qwen2.5-0.5B,23,0.9583333333333334,last_token,remove_random,3,en,ko,mrr,0.26571429388926626,1024,2048,metric,,,,
Qwen/Qwen2.5-0.5B,23,0.9583333333333334,last_token,remove_random,3,en,ja,r1,0.67578125,1024,2048,metric,,,,
Qwen/Qwen2.5-0.5B,23,0.9583333333333334,last_token,remove_random,3,en,ja,mrr,0.783714754527692,1024,2048,metric,,,,
Qwen/Qwen2.5-0.5B,23,0.9583333333333334,last_token,remove_random,3,en,zh,r1,0.830078125,1024,2048,metric,,,,
Qwen/Qwen2.5-0.5B,23,0.9583333333333334,last_token,remove_random,3,en,zh,mrr,0.8839483043968661,1024,2048,metric,,,,
Qwen/Qwen2.5-0.5B,23,0.9583333333333334,last_token,remove_random,3,ko,en,r1,0.3671875,1024,2048,metric,,,,
Qwen/Qwen2.5-0.5B,23,0.9583333333333334,last_token,remove_random,3,ko,en,mrr,0.469763041119978,1024,2048,metric,,,,
Qwen/Qwen2.5-0.5B,23,0.9583333333333334,last_token,remove_random,3,ko,ja,r1,0.564453125,1024,2048,metric,,,,
Qwen/Qwen2.5-0.5B,23,0.9583333333333334,last_token,remove_random,3,ko,ja,mrr,0.6684634471906966,1024,2048,metric,,,,
Qwen/Qwen2.5-0.5B,23,0.9583333333333334,last_token,remove_random,3,ko,zh,r1,0.40625,1024,2048,metric,,,,
Qwen/Qwen2.5-0.5B,23,0.9583333333333334,last_token,remove_random,3,ko,zh,mrr,0.5195280051586051,1024,2048,metric,,,,
Qwen/Qwen2.5-0.5B,23,0.9583333333333334,last_token,remove_random,3,ja,en,r1,0.45703125,1024,2048,metric,,,,
Qwen/Qwen2.5-0.5B,23,0.9583333333333334,last_token,remove_random,3,ja,en,mrr,0.579505470382625,1024,2048,metric,,,,
Qwen/Qwen2.5-0.5B,23,0.9583333333333334,last_token,remove_random,3,ja,ko,r1,0.357421875,1024,2048,metric,,,,
Qwen/Qwen2.5-0.5B,23,0.9583333333333334,last_token,remove_random,3,ja,ko,mrr,0.47284404365348487,1024,2048,metric,,,,
Qwen/Qwen2.5-0.5B,23,0.9583333333333334,last_token,remove_random,3,ja,zh,r1,0.75390625,1024,2048,metric,,,,
Qwen/Qwen2.5-0.5B,23,0.9583333333333334,last_token,remove_random,3,ja,zh,mrr,0.828515080185501,1024,2048,metric,,,,
Qwen/Qwen2.5-0.5B,23,0.9583333333333334,last_token,remove_random,3,zh,en,r1,0.71875,1024,2048,metric,,,,
Qwen/Qwen2.5-0.5B,23,0.9583333333333334,last_token,remove_random,3,zh,en,mrr,0.7974144971438111,1024,2048,metric,,,,
Qwen/Qwen2.5-0.5B,23,0.9583333333333334,last_token,remove_random,3,zh,ko,r1,0.208984375,1024,2048,metric,,,,
Qwen/Qwen2.5-0.5B,23,0.9583333333333334,last_token,remove_random,3,zh,ko,mrr,0.3116852907257787,1024,2048,metric,,,,
Qwen/Qwen2.5-0.5B,23,0.9583333333333334,last_token,remove_random,3,zh,ja,r1,0.650390625,1024,2048,metric,,,,
Qwen/Qwen2.5-0.5B,23,0.9583333333333334,last_token,remove_random,3,zh,ja,mrr,0.7563835971733044,1024,2048,metric,,,,
Qwen/Qwen2.5-0.5B,24,1.0,last_token,remove_random,3,en,ko,r1,0.001953125,1024,2048,metric,,,,
Qwen/Qwen2.5-0.5B,24,1.0,last_token,remove_random,3,en,ko,mrr,0.034886341988090694,1024,2048,metric,,,,
Qwen/Qwen2.5-0.5B,24,1.0,last_token,remove_random,3,en,ja,r1,0.02734375,1024,2048,metric,,,,
Qwen/Qwen2.5-0.5B,24,1.0,last_token,remove_random,3,en,ja,mrr,0.07420283931566368,1024,2048,metric,,,,
Qwen/Qwen2.5-0.5B,24,1.0,last_token,remove_random,3,en,zh,r1,0.00390625,1024,2048,metric,,,,
Qwen/Qwen2.5-0.5B,24,1.0,last_token,remove_random,3,en,zh,mrr,0.04416334830333879,1024,2048,metric,,,,
Qwen/Qwen2.5-0.5B,24,1.0,last_token,remove_random,3,ko,en,r1,0.005859375,1024,2048,metric,,,,
Qwen/Qwen2.5-0.5B,24,1.0,last_token,remove_random,3,ko,en,mrr,0.05723882206477078,1024,2048,metric,,,,
Qwen/Qwen2.5-0.5B,24,1.0,last_token,remove_random,3,ko,ja,r1,0.02734375,1024,2048,metric,,,,
Qwen/Qwen2.5-0.5B,24,1.0,last_token,remove_random,3,ko,ja,mrr,0.06368974309908729,1024,2048,metric,,,,
Qwen/Qwen2.5-0.5B,24,1.0,last_token,remove_random,3,ko,zh,r1,0.009765625,1024,2048,metric,,,,
Qwen/Qwen2.5-0.5B,24,1.0,last_token,remove_random,3,ko,zh,mrr,0.039820910085459564,1024,2048,metric,,,,
Qwen/Qwen2.5-0.5B,24,1.0,last_token,remove_random,3,ja,en,r1,0.00390625,1024,2048,metric,,,,
Qwen/Qwen2.5-0.5B,24,1.0,last_token,remove_random,3,ja,en,mrr,0.04753844833520138,1024,2048,metric,,,,
Qwen/Qwen2.5-0.5B,24,1.0,last_token,remove_random,3,ja,ko,r1,0.001953125,1024,2048,metric,,,,
Qwen/Qwen2.5-0.5B,24,1.0,last_token,remove_random,3,ja,ko,mrr,0.04569696990044116,1024,2048,metric,,,,
Qwen/Qwen2.5-0.5B,24,1.0,last_token,remove_random,3,ja,zh,r1,0.0625,1024,2048,metric,,,,
Qwen/Qwen2.5-0.5B,24,1.0,last_token,remove_random,3,ja,zh,mrr,0.1541293079799745,1024,2048,metric,,,,
Qwen/Qwen2.5-0.5B,24,1.0,last_token,remove_random,3,zh,en,r1,0.013671875,1024,2048,metric,,,,
Qwen/Qwen2.5-0.5B,24,1.0,last_token,remove_random,3,zh,en,mrr,0.09303683695345882,1024,2048,metric,,,,
Qwen/Qwen2.5-0.5B,24,1.0,last_token,remove_random,3,zh,ko,r1,0.00390625,1024,2048,metric,,,,
Qwen/Qwen2.5-0.5B,24,1.0,last_token,remove_random,3,zh,ko,mrr,0.08400306713685446,1024,2048,metric,,,,
Qwen/Qwen2.5-0.5B,24,1.0,last_token,remove_random,3,zh,ja,r1,0.173828125,1024,2048,metric,,,,
Qwen/Qwen2.5-0.5B,24,1.0,last_token,remove_random,3,zh,ja,mrr,0.29223094178395737,1024,2048,metric,,,,
Qwen/Qwen2.5-0.5B,7,0.2916666666666667,mean,remove_random,3,en,ko,r1,0.009765625,1024,2048,metric,,,,
Qwen/Qwen2.5-0.5B,7,0.2916666666666667,mean,remove_random,3,en,ko,mrr,0.03497657987902706,1024,2048,metric,,,,
Qwen/Qwen2.5-0.5B,7,0.2916666666666667,mean,remove_random,3,en,ja,r1,0.044921875,1024,2048,metric,,,,
Qwen/Qwen2.5-0.5B,7,0.2916666666666667,mean,remove_random,3,en,ja,mrr,0.08207938219050277,1024,2048,metric,,,,
Qwen/Qwen2.5-0.5B,7,0.2916666666666667,mean,remove_random,3,en,zh,r1,0.76953125,1024,2048,metric,,,,
Qwen/Qwen2.5-0.5B,7,0.2916666666666667,mean,remove_random,3,en,zh,mrr,0.7965135485454118,1024,2048,metric,,,,
Qwen/Qwen2.5-0.5B,7,0.2916666666666667,mean,remove_random,3,ko,en,r1,0.556640625,1024,2048,metric,,,,
Qwen/Qwen2.5-0.5B,7,0.2916666666666667,mean,remove_random,3,ko,en,mrr,0.6533674010556669,1024,2048,metric,,,,
Qwen/Qwen2.5-0.5B,7,0.2916666666666667,mean,remove_random,3,ko,ja,r1,0.767578125,1024,2048,metric,,,,
Qwen/Qwen2.5-0.5B,7,0.2916666666666667,mean,remove_random,3,ko,ja,mrr,0.8153987397740285,1024,2048,metric,,,,
Qwen/Qwen2.5-0.5B,7,0.2916666666666667,mean,remove_random,3,ko,zh,r1,0.38671875,1024,2048,metric,,,,
Qwen/Qwen2.5-0.5B,7,0.2916666666666667,mean,remove_random,3,ko,zh,mrr,0.48519396412416016,1024,2048,metric,,,,
Qwen/Qwen2.5-0.5B,7,0.2916666666666667,mean,remove_random,3,ja,en,r1,0.76171875,1024,2048,metric,,,,
Qwen/Qwen2.5-0.5B,7,0.2916666666666667,mean,remove_random,3,ja,en,mrr,0.8233614760606245,1024,2048,metric,,,,
Qwen/Qwen2.5-0.5B,7,0.2916666666666667,mean,remove_random,3,ja,ko,r1,0.5703125,1024,2048,metric,,,,
Qwen/Qwen2.5-0.5B,7,0.2916666666666667,mean,remove_random,3,ja,ko,mrr,0.6270584970722923,1024,2048,metric,,,,
Qwen/Qwen2.5-0.5B,7,0.2916666666666667,mean,remove_random,3,ja,zh,r1,0.677734375,1024,2048,metric,,,,
Qwen/Qwen2.5-0.5B,7,0.2916666666666667,mean,remove_random,3,ja,zh,mrr,0.7435792114895353,1024,2048,metric,,,,
Qwen/Qwen2.5-0.5B,7,0.2916666666666667,mean,remove_random,3,zh,en,r1,0.837890625,1024,2048,metric,,,,
Qwen/Qwen2.5-0.5B,7,0.2916666666666667,mean,remove_random,3,zh,en,mrr,0.8689098474323332,1024,2048,metric,,,,
Qwen/Qwen2.5-0.5B,7,0.2916666666666667,mean,remove_random,3,zh,ko,r1,0.0390625,1024,2048,metric,,,,
Qwen/Qwen2.5-0.5B,7,0.2916666666666667,mean,remove_random,3,zh,ko,mrr,0.07418439703464981,1024,2048,metric,,,,
Qwen/Qwen2.5-0.5B,7,0.2916666666666667,mean,remove_random,3,zh,ja,r1,0.126953125,1024,2048,metric,,,,
Qwen/Qwen2.5-0.5B,7,0.2916666666666667,mean,remove_random,3,zh,ja,mrr,0.1776086522545252,1024,2048,metric,,,,
Qwen/Qwen2.5-0.5B,8,0.3333333333333333,mean,remove_random,3,en,ko,r1,0.01171875,1024,2048,metric,,,,
Qwen/Qwen2.5-0.5B,8,0.3333333333333333,mean,remove_random,3,en,ko,mrr,0.03756891924014734,1024,2048,metric,,,,
Qwen/Qwen2.5-0.5B,8,0.3333333333333333,mean,remove_random,3,en,ja,r1,0.048828125,1024,2048,metric,,,,
Qwen/Qwen2.5-0.5B,8,0.3333333333333333,mean,remove_random,3,en,ja,mrr,0.08266120208074874,1024,2048,metric,,,,
Qwen/Qwen2.5-0.5B,8,0.3333333333333333,mean,remove_random,3,en,zh,r1,0.7890625,1024,2048,metric,,,,
Qwen/Qwen2.5-0.5B,8,0.3333333333333333,mean,remove_random,3,en,zh,mrr,0.8152004797706383,1024,2048,metric,,,,
Qwen/Qwen2.5-0.5B,8,0.3333333333333333,mean,remove_random,3,ko,en,r1,0.609375,1024,2048,metric,,,,
Qwen/Qwen2.5-0.5B,8,0.3333333333333333,mean,remove_random,3,ko,en,mrr,0.7098802304459764,1024,2048,metric,,,,
Qwen/Qwen2.5-0.5B,8,0.3333333333333333,mean,remove_random,3,ko,ja,r1,0.810546875,1024,2048,metric,,,,
Qwen/Qwen2.5-0.5B,8,0.3333333333333333,mean,remove_random,3,ko,ja,mrr,0.8509272149597096,1024,2048,metric,,,,
Qwen/Qwen2.5-0.5B,8,0.3333333333333333,mean,remove_random,3,ko,zh,r1,0.46875,1024,2048,metric,,,,
Qwen/Qwen2.5-0.5B,8,0.3333333333333333,mean,remove_random,3,ko,zh,mrr,0.5754274117895546,1024,2048,metric,,,,
Qwen/Qwen2.5-0.5B,8,0.3333333333333333,mean,remove_random,3,ja,en,r1,0.810546875,1024,2048,metric,,,,
Qwen/Qwen2.5-0.5B,8,0.3333333333333333,mean,remove_random,3,ja,en,mrr,0.8587864179454922,1024,2048,metric,,,,
Qwen/Qwen2.5-0.5B,8,0.3333333333333333,mean,remove_random,3,ja,ko,r1,0.603515625,1024,2048,metric,,,,
Qwen/Qwen2.5-0.5B,8,0.3333333333333333,mean,remove_random,3,ja,ko,mrr,0.6557658759247594,1024,2048,metric,,,,
Qwen/Qwen2.5-0.5B,8,0.3333333333333333,mean,remove_random,3,ja,zh,r1,0.73046875,1024,2048,metric,,,,
Qwen/Qwen2.5-0.5B,8,0.3333333333333333,mean,remove_random,3,ja,zh,mrr,0.7989353220479657,1024,2048,metric,,,,
Qwen/Qwen2.5-0.5B,8,0.3333333333333333,mean,remove_random,3,zh,en,r1,0.859375,1024,2048,metric,,,,
Qwen/Qwen2.5-0.5B,8,0.3333333333333333,mean,remove_random,3,zh,en,mrr,0.8874877546943531,1024,2048,metric,,,,
Qwen/Qwen2.5-0.5B,8,0.3333333333333333,mean,remove_random,3,zh,ko,r1,0.041015625,1024,2048,metric,,,,
Qwen/Qwen2.5-0.5B,8,0.3333333333333333,mean,remove_random,3,zh,ko,mrr,0.07376450740052141,1024,2048,metric,,,,
Qwen/Qwen2.5-0.5B,8,0.3333333333333333,mean,remove_random,3,zh,ja,r1,0.125,1024,2048,metric,,,,
Qwen/Qwen2.5-0.5B,8,0.3333333333333333,mean,remove_random,3,zh,ja,mrr,0.17031807775822924,1024,2048,metric,,,,
Qwen/Qwen2.5-0.5B,9,0.375,mean,remove_random,3,en,ko,r1,0.017578125,1024,2048,metric,,,,
Qwen/Qwen2.5-0.5B,9,0.375,mean,remove_random,3,en,ko,mrr,0.043786539529932514,1024,2048,metric,,,,
Qwen/Qwen2.5-0.5B,9,0.375,mean,remove_random,3,en,ja,r1,0.060546875,1024,2048,metric,,,,
Qwen/Qwen2.5-0.5B,9,0.375,mean,remove_random,3,en,ja,mrr,0.09680172473328125,1024,2048,metric,,,,
Qwen/Qwen2.5-0.5B,9,0.375,mean,remove_random,3,en,zh,r1,0.8125,1024,2048,metric,,,,
Qwen/Qwen2.5-0.5B,9,0.375,mean,remove_random,3,en,zh,mrr,0.835273959898136,1024,2048,metric,,,,
Qwen/Qwen2.5-0.5B,9,0.375,mean,remove_random,3,ko,en,r1,0.67578125,1024,2048,metric,,,,
Qwen/Qwen2.5-0.5B,9,0.375,mean,remove_random,3,ko,en,mrr,0.7517276712891481,1024,2048,metric,,,,
Qwen/Qwen2.5-0.5B,9,0.375,mean,remove_random,3,ko,ja,r1,0.82421875,1024,2048,metric,,,,
Qwen/Qwen2.5-0.5B,9,0.375,mean,remove_random,3,ko,ja,mrr,0.8619529399623309,1024,2048,metric,,,,
Qwen/Qwen2.5-0.5B,9,0.375,mean,remove_random,3,ko,zh,r1,0.51171875,1024,2048,metric,,,,
Qwen/Qwen2.5-0.5B,9,0.375,mean,remove_random,3,ko,zh,mrr,0.6060319573314688,1024,2048,metric,,,,
Qwen/Qwen2.5-0.5B,9,0.375,mean,remove_random,3,ja,en,r1,0.8046875,1024,2048,metric,,,,
Qwen/Qwen2.5-0.5B,9,0.375,mean,remove_random,3,ja,en,mrr,0.8571430812139564,1024,2048,metric,,,,
Qwen/Qwen2.5-0.5B,9,0.375,mean,remove_random,3,ja,ko,r1,0.642578125,1024,2048,metric,,,,
Qwen/Qwen2.5-0.5B,9,0.375,mean,remove_random,3,ja,ko,mrr,0.6838661378169795,1024,2048,metric,,,,
Qwen/Qwen2.5-0.5B,9,0.375,mean,remove_random,3,ja,zh,r1,0.75,1024,2048,metric,,,,
Qwen/Qwen2.5-0.5B,9,0.375,mean,remove_random,3,ja,zh,mrr,0.8044669218326566,1024,2048,metric,,,,
Qwen/Qwen2.5-0.5B,9,0.375,mean,remove_random,3,zh,en,r1,0.85546875,1024,2048,metric,,,,
Qwen/Qwen2.5-0.5B,9,0.375,mean,remove_random,3,zh,en,mrr,0.8854686931288624,1024,2048,metric,,,,
Qwen/Qwen2.5-0.5B,9,0.375,mean,remove_random,3,zh,ko,r1,0.04296875,1024,2048,metric,,,,
Qwen/Qwen2.5-0.5B,9,0.375,mean,remove_random,3,zh,ko,mrr,0.08293654305136922,1024,2048,metric,,,,
Qwen/Qwen2.5-0.5B,9,0.375,mean,remove_random,3,zh,ja,r1,0.142578125,1024,2048,metric,,,,
Qwen/Qwen2.5-0.5B,9,0.375,mean,remove_random,3,zh,ja,mrr,0.19399527890079263,1024,2048,metric,,,,
Qwen/Qwen2.5-0.5B,10,0.4166666666666667,mean,remove_random,3,en,ko,r1,0.017578125,1024,2048,metric,,,,
Qwen/Qwen2.5-0.5B,10,0.4166666666666667,mean,remove_random,3,en,ko,mrr,0.047110461053405855,1024,2048,metric,,,,
Qwen/Qwen2.5-0.5B,10,0.4166666666666667,mean,remove_random,3,en,ja,r1,0.08203125,1024,2048,metric,,,,
Qwen/Qwen2.5-0.5B,10,0.4166666666666667,mean,remove_random,3,en,ja,mrr,0.11547623038730243,1024,2048,metric,,,,
Qwen/Qwen2.5-0.5B,10,0.4166666666666667,mean,remove_random,3,en,zh,r1,0.828125,1024,2048,metric,,,,
Qwen/Qwen2.5-0.5B,10,0.4166666666666667,mean,remove_random,3,en,zh,mrr,0.8484959440815176,1024,2048,metric,,,,
Qwen/Qwen2.5-0.5B,10,0.4166666666666667,mean,remove_random,3,ko,en,r1,0.6875,1024,2048,metric,,,,
Qwen/Qwen2.5-0.5B,10,0.4166666666666667,mean,remove_random,3,ko,en,mrr,0.7735268138995589,1024,2048,metric,,,,
Qwen/Qwen2.5-0.5B,10,0.4166666666666667,mean,remove_random,3,ko,ja,r1,0.84375,1024,2048,metric,,,,
Qwen/Qwen2.5-0.5B,10,0.4166666666666667,mean,remove_random,3,ko,ja,mrr,0.8744164523845328,1024,2048,metric,,,,
Qwen/Qwen2.5-0.5B,10,0.4166666666666667,mean,remove_random,3,ko,zh,r1,0.533203125,1024,2048,metric,,,,
Qwen/Qwen2.5-0.5B,10,0.4166666666666667,mean,remove_random,3,ko,zh,mrr,0.6296220849960596,1024,2048,metric,,,,
Qwen/Qwen2.5-0.5B,10,0.4166666666666667,mean,remove_random,3,ja,en,r1,0.82421875,1024,2048,metric,,,,
Qwen/Qwen2.5-0.5B,10,0.4166666666666667,mean,remove_random,3,ja,en,mrr,0.8732425708800878,1024,2048,metric,,,,
Qwen/Qwen2.5-0.5B,10,0.4166666666666667,mean,remove_random,3,ja,ko,r1,0.65625,1024,2048,metric,,,,
Qwen/Qwen2.5-0.5B,10,0.4166666666666667,mean,remove_random,3,ja,ko,mrr,0.6961841129012213,1024,2048,metric,,,,
Qwen/Qwen2.5-0.5B,10,0.4166666666666667,mean,remove_random,3,ja,zh,r1,0.767578125,1024,2048,metric,,,,
Qwen/Qwen2.5-0.5B,10,0.4166666666666667,mean,remove_random,3,ja,zh,mrr,0.8209405567579898,1024,2048,metric,,,,
Qwen/Qwen2.5-0.5B,10,0.4166666666666667,mean,remove_random,3,zh,en,r1,0.85546875,1024,2048,metric,,,,
Qwen/Qwen2.5-0.5B,10,0.4166666666666667,mean,remove_random,3,zh,en,mrr,0.8865517493969146,1024,2048,metric,,,,
Qwen/Qwen2.5-0.5B,10,0.4166666666666667,mean,remove_random,3,zh,ko,r1,0.044921875,1024,2048,metric,,,,
Qwen/Qwen2.5-0.5B,10,0.4166666666666667,mean,remove_random,3,zh,ko,mrr,0.08764771374934976,1024,2048,metric,,,,
Qwen/Qwen2.5-0.5B,10,0.4166666666666667,mean,remove_random,3,zh,ja,r1,0.15234375,1024,2048,metric,,,,
Qwen/Qwen2.5-0.5B,10,0.4166666666666667,mean,remove_random,3,zh,ja,mrr,0.20609137813290054,1024,2048,metric,,,,
Qwen/Qwen2.5-0.5B,11,0.4583333333333333,mean,remove_random,3,en,ko,r1,0.029296875,1024,2048,metric,,,,
Qwen/Qwen2.5-0.5B,11,0.4583333333333333,mean,remove_random,3,en,ko,mrr,0.0558488230388678,1024,2048,metric,,,,
Qwen/Qwen2.5-0.5B,11,0.4583333333333333,mean,remove_random,3,en,ja,r1,0.09375,1024,2048,metric,,,,
Qwen/Qwen2.5-0.5B,11,0.4583333333333333,mean,remove_random,3,en,ja,mrr,0.1297321794971172,1024,2048,metric,,,,
Qwen/Qwen2.5-0.5B,11,0.4583333333333333,mean,remove_random,3,en,zh,r1,0.84375,1024,2048,metric,,,,
Qwen/Qwen2.5-0.5B,11,0.4583333333333333,mean,remove_random,3,en,zh,mrr,0.8606384094639827,1024,2048,metric,,,,
Qwen/Qwen2.5-0.5B,11,0.4583333333333333,mean,remove_random,3,ko,en,r1,0.671875,1024,2048,metric,,,,
Qwen/Qwen2.5-0.5B,11,0.4583333333333333,mean,remove_random,3,ko,en,mrr,0.7546738073037742,1024,2048,metric,,,,
Qwen/Qwen2.5-0.5B,11,0.4583333333333333,mean,remove_random,3,ko,ja,r1,0.849609375,1024,2048,metric,,,,
Qwen/Qwen2.5-0.5B,11,0.4583333333333333,mean,remove_random,3,ko,ja,mrr,0.8815573787187756,1024,2048,metric,,,,
Qwen/Qwen2.5-0.5B,11,0.4583333333333333,mean,remove_random,3,ko,zh,r1,0.501953125,1024,2048,metric,,,,
Qwen/Qwen2.5-0.5B,11,0.4583333333333333,mean,remove_random,3,ko,zh,mrr,0.595306285933149,1024,2048,metric,,,,
Qwen/Qwen2.5-0.5B,11,0.4583333333333333,mean,remove_random,3,ja,en,r1,0.822265625,1024,2048,metric,,,,
Qwen/Qwen2.5-0.5B,11,0.4583333333333333,mean,remove_random,3,ja,en,mrr,0.8678074432237992,1024,2048,metric,,,,
Qwen/Qwen2.5-0.5B,11,0.4583333333333333,mean,remove_random,3,ja,ko,r1,0.673828125,1024,2048,metric,,,,
Qwen/Qwen2.5-0.5B,11,0.4583333333333333,mean,remove_random,3,ja,ko,mrr,0.7151364273409537,1024,2048,metric,,,,
Qwen/Qwen2.5-0.5B,11,0.4583333333333333,mean,remove_random,3,ja,zh,r1,0.73828125,1024,2048,metric,,,,
Qwen/Qwen2.5-0.5B,11,0.4583333333333333,mean,remove_random,3,ja,zh,mrr,0.7947450512952565,1024,2048,metric,,,,
Qwen/Qwen2.5-0.5B,11,0.4583333333333333,mean,remove_random,3,zh,en,r1,0.837890625,1024,2048,metric,,,,
Qwen/Qwen2.5-0.5B,11,0.4583333333333333,mean,remove_random,3,zh,en,mrr,0.8724007729526448,1024,2048,metric,,,,
Qwen/Qwen2.5-0.5B,11,0.4583333333333333,mean,remove_random,3,zh,ko,r1,0.05859375,1024,2048,metric,,,,
Qwen/Qwen2.5-0.5B,11,0.4583333333333333,mean,remove_random,3,zh,ko,mrr,0.09874002990780231,1024,2048,metric,,,,
Qwen/Qwen2.5-0.5B,11,0.4583333333333333,mean,remove_random,3,zh,ja,r1,0.166015625,1024,2048,metric,,,,
Qwen/Qwen2.5-0.5B,11,0.4583333333333333,mean,remove_random,3,zh,ja,mrr,0.22021419393455682,1024,2048,metric,,,,
Qwen/Qwen2.5-0.5B,12,0.5,mean,remove_random,3,en,ko,r1,0.0234375,1024,2048,metric,,,,
Qwen/Qwen2.5-0.5B,12,0.5,mean,remove_random,3,en,ko,mrr,0.05136143705540215,1024,2048,metric,,,,
Qwen/Qwen2.5-0.5B,12,0.5,mean,remove_random,3,en,ja,r1,0.076171875,1024,2048,metric,,,,
Qwen/Qwen2.5-0.5B,12,0.5,mean,remove_random,3,en,ja,mrr,0.11368589901996519,1024,2048,metric,,,,
Qwen/Qwen2.5-0.5B,12,0.5,mean,remove_random,3,en,zh,r1,0.8359375,1024,2048,metric,,,,
Qwen/Qwen2.5-0.5B,12,0.5,mean,remove_random,3,en,zh,mrr,0.8539121360018169,1024,2048,metric,,,,
Qwen/Qwen2.5-0.5B,12,0.5,mean,remove_random,3,ko,en,r1,0.68359375,1024,2048,metric,,,,
Qwen/Qwen2.5-0.5B,12,0.5,mean,remove_random,3,ko,en,mrr,0.7703141433752485,1024,2048,metric,,,,
Qwen/Qwen2.5-0.5B,12,0.5,mean,remove_random,3,ko,ja,r1,0.849609375,1024,2048,metric,,,,
Qwen/Qwen2.5-0.5B,12,0.5,mean,remove_random,3,ko,ja,mrr,0.880203840887077,1024,2048,metric,,,,
Qwen/Qwen2.5-0.5B,12,0.5,mean,remove_random,3,ko,zh,r1,0.51953125,1024,2048,metric,,,,
Qwen/Qwen2.5-0.5B,12,0.5,mean,remove_random,3,ko,zh,mrr,0.6171096150799191,1024,2048,metric,,,,
Qwen/Qwen2.5-0.5B,12,0.5,mean,remove_random,3,ja,en,r1,0.830078125,1024,2048,metric,,,,
Qwen/Qwen2.5-0.5B,12,0.5,mean,remove_random,3,ja,en,mrr,0.8766409026270279,1024,2048,metric,,,,
Qwen/Qwen2.5-0.5B,12,0.5,mean,remove_random,3,ja,ko,r1,0.669921875,1024,2048,metric,,,,
Qwen/Qwen2.5-0.5B,12,0.5,mean,remove_random,3,ja,ko,mrr,0.7099217368200048,1024,2048,metric,,,,
Qwen/Qwen2.5-0.5B,12,0.5,mean,remove_random,3,ja,zh,r1,0.759765625,1024,2048,metric,,,,
Qwen/Qwen2.5-0.5B,12,0.5,mean,remove_random,3,ja,zh,mrr,0.8141364991013393,1024,2048,metric,,,,
Qwen/Qwen2.5-0.5B,12,0.5,mean,remove_random,3,zh,en,r1,0.841796875,1024,2048,metric,,,,
Qwen/Qwen2.5-0.5B,12,0.5,mean,remove_random,3,zh,en,mrr,0.8748394258944311,1024,2048,metric,,,,
Qwen/Qwen2.5-0.5B,12,0.5,mean,remove_random,3,zh,ko,r1,0.05078125,1024,2048,metric,,,,
Qwen/Qwen2.5-0.5B,12,0.5,mean,remove_random,3,zh,ko,mrr,0.09200717288938248,1024,2048,metric,,,,
Qwen/Qwen2.5-0.5B,12,0.5,mean,remove_random,3,zh,ja,r1,0.15625,1024,2048,metric,,,,
Qwen/Qwen2.5-0.5B,12,0.5,mean,remove_random,3,zh,ja,mrr,0.20875015366479993,1024,2048,metric,,,,
Qwen/Qwen2.5-0.5B,13,0.5416666666666666,mean,remove_random,3,en,ko,r1,0.025390625,1024,2048,metric,,,,
Qwen/Qwen2.5-0.5B,13,0.5416666666666666,mean,remove_random,3,en,ko,mrr,0.052481125375296915,1024,2048,metric,,,,
Qwen/Qwen2.5-0.5B,13,0.5416666666666666,mean,remove_random,3,en,ja,r1,0.076171875,1024,2048,metric,,,,
Qwen/Qwen2.5-0.5B,13,0.5416666666666666,mean,remove_random,3,en,ja,mrr,0.1154360565687124,1024,2048,metric,,,,
Qwen/Qwen2.5-0.5B,13,0.5416666666666666,mean,remove_random,3,en,zh,r1,0.830078125,1024,2048,metric,,,,
Qwen/Qwen2.5-0.5B,13,0.5416666666666666,mean,remove_random,3,en,zh,mrr,0.8493154757481639,1024,2048,metric,,,,
Qwen/Qwen2.5-0.5B,13,0.5416666666666666,mean,remove_random,3,ko,en,r1,0.6875,1024,2048,metric,,,,
Qwen/Qwen2.5-0.5B,13,0.5416666666666666,mean,remove_random,3,ko,en,mrr,0.7738221775070948,1024,2048,metric,,,,
Qwen/Qwen2.5-0.5B,13,0.5416666666666666,mean,remove_random,3,ko,ja,r1,0.841796875,1024,2048,metric,,,,
Qwen/Qwen2.5-0.5B,13,0.5416666666666666,mean,remove_random,3,ko,ja,mrr,0.875724525789725,1024,2048,metric,,,,
Qwen/Qwen2.5-0.5B,13,0.5416666666666666,mean,remove_random,3,ko,zh,r1,0.5390625,1024,2048,metric,,,,
Qwen/Qwen2.5-0.5B,13,0.5416666666666666,mean,remove_random,3,ko,zh,mrr,0.6275678866729374,1024,2048,metric,,,,
Qwen/Qwen2.5-0.5B,13,0.5416666666666666,mean,remove_random,3,ja,en,r1,0.818359375,1024,2048,metric,,,,
Qwen/Qwen2.5-0.5B,13,0.5416666666666666,mean,remove_random,3,ja,en,mrr,0.8675645404738909,1024,2048,metric,,,,
Qwen/Qwen2.5-0.5B,13,0.5416666666666666,mean,remove_random,3,ja,ko,r1,0.677734375,1024,2048,metric,,,,
Qwen/Qwen2.5-0.5B,13,0.5416666666666666,mean,remove_random,3,ja,ko,mrr,0.7216749786721776,1024,2048,metric,,,,
Qwen/Qwen2.5-0.5B,13,0.5416666666666666,mean,remove_random,3,ja,zh,r1,0.74609375,1024,2048,metric,,,,
Qwen/Qwen2.5-0.5B,13,0.5416666666666666,mean,remove_random,3,ja,zh,mrr,0.8010539138451791,1024,2048,metric,,,,
Qwen/Qwen2.5-0.5B,13,0.5416666666666666,mean,remove_random,3,zh,en,r1,0.83984375,1024,2048,metric,,,,
Qwen/Qwen2.5-0.5B,13,0.5416666666666666,mean,remove_random,3,zh,en,mrr,0.8699458211577346,1024,2048,metric,,,,
Qwen/Qwen2.5-0.5B,13,0.5416666666666666,mean,remove_random,3,zh,ko,r1,0.05859375,1024,2048,metric,,,,
Qwen/Qwen2.5-0.5B,13,0.5416666666666666,mean,remove_random,3,zh,ko,mrr,0.09903835641765663,1024,2048,metric,,,,
Qwen/Qwen2.5-0.5B,13,0.5416666666666666,mean,remove_random,3,zh,ja,r1,0.1484375,1024,2048,metric,,,,
Qwen/Qwen2.5-0.5B,13,0.5416666666666666,mean,remove_random,3,zh,ja,mrr,0.204048023510249,1024,2048,metric,,,,
Qwen/Qwen2.5-0.5B,14,0.5833333333333334,mean,remove_random,3,en,ko,r1,0.0234375,1024,2048,metric,,,,
Qwen/Qwen2.5-0.5B,14,0.5833333333333334,mean,remove_random,3,en,ko,mrr,0.05002444486561271,1024,2048,metric,,,,
Qwen/Qwen2.5-0.5B,14,0.5833333333333334,mean,remove_random,3,en,ja,r1,0.068359375,1024,2048,metric,,,,
Qwen/Qwen2.5-0.5B,14,0.5833333333333334,mean,remove_random,3,en,ja,mrr,0.10945259537908159,1024,2048,metric,,,,
Qwen/Qwen2.5-0.5B,14,0.5833333333333334,mean,remove_random,3,en,zh,r1,0.814453125,1024,2048,metric,,,,
Qwen/Qwen2.5-0.5B,14,0.5833333333333334,mean,remove_random,3,en,zh,mrr,0.8443431145794702,1024,2048,metric,,,,
Qwen/Qwen2.5-0.5B,14,0.5833333333333334,mean,remove_random,3,ko,en,r1,0.673828125,1024,2048,metric,,,,
Qwen/Qwen2.5-0.5B,14,0.5833333333333334,mean,remove_random,3,ko,en,mrr,0.7592035818212166,1024,2048,metric,,,,
Qwen/Qwen2.5-0.5B,14,0.5833333333333334,mean,remove_random,3,ko,ja,r1,0.83203125,1024,2048,metric,,,,
Qwen/Qwen2.5-0.5B,14,0.5833333333333334,mean,remove_random,3,ko,ja,mrr,0.8708432425418892,1024,2048,metric,,,,
Qwen/Qwen2.5-0.5B,14,0.5833333333333334,mean,remove_random,3,ko,zh,r1,0.5,1024,2048,metric,,,,
Qwen/Qwen2.5-0.5B,14,0.5833333333333334,mean,remove_random,3,ko,zh,mrr,0.58999879699682,1024,2048,metric,,,,
Qwen/Qwen2.5-0.5B,14,0.5833333333333334,mean,remove_random,3,ja,en,r1,0.79296875,1024,2048,metric,,,,
Qwen/Qwen2.5-0.5B,14,0.5833333333333334,mean,remove_random,3,ja,en,mrr,0.851256213359383,1024,2048,metric,,,,
Qwen/Qwen2.5-0.5B,14,0.5833333333333334,mean,remove_random,3,ja,ko,r1,0.67578125,1024,2048,metric,,,,
Qwen/Qwen2.5-0.5B,14,0.5833333333333334,mean,remove_random,3,ja,ko,mrr,0.7210356912544547,1024,2048,metric,,,,
Qwen/Qwen2.5-0.5B,14,0.5833333333333334,mean,remove_random,3,ja,zh,r1,0.7109375,1024,2048,metric,,,,
Qwen/Qwen2.5-0.5B,14,0.5833333333333334,mean,remove_random,3,ja,zh,mrr,0.7707425374124132,1024,2048,metric,,,,
Qwen/Qwen2.5-0.5B,14,0.5833333333333334,mean,remove_random,3,zh,en,r1,0.83203125,1024,2048,metric,,,,
Qwen/Qwen2.5-0.5B,14,0.5833333333333334,mean,remove_random,3,zh,en,mrr,0.8649740435647861,1024,2048,metric,,,,
Qwen/Qwen2.5-0.5B,14,0.5833333333333334,mean,remove_random,3,zh,ko,r1,0.05859375,1024,2048,metric,,,,
Qwen/Qwen2.5-0.5B,14,0.5833333333333334,mean,remove_random,3,zh,ko,mrr,0.09964949169560261,1024,2048,metric,,,,
Qwen/Qwen2.5-0.5B,14,0.5833333333333334,mean,remove_random,3,zh,ja,r1,0.140625,1024,2048,metric,,,,
Qwen/Qwen2.5-0.5B,14,0.5833333333333334,mean,remove_random,3,zh,ja,mrr,0.19577584992774577,1024,2048,metric,,,,
Qwen/Qwen2.5-0.5B,15,0.625,mean,remove_random,3,en,ko,r1,0.033203125,1024,2048,metric,,,,
Qwen/Qwen2.5-0.5B,15,0.625,mean,remove_random,3,en,ko,mrr,0.06437266507272682,1024,2048,metric,,,,
Qwen/Qwen2.5-0.5B,15,0.625,mean,remove_random,3,en,ja,r1,0.119140625,1024,2048,metric,,,,
Qwen/Qwen2.5-0.5B,15,0.625,mean,remove_random,3,en,ja,mrr,0.16686163356569134,1024,2048,metric,,,,
Qwen/Qwen2.5-0.5B,15,0.625,mean,remove_random,3,en,zh,r1,0.85546875,1024,2048,metric,,,,
Qwen/Qwen2.5-0.5B,15,0.625,mean,remove_random,3,en,zh,mrr,0.8764958049378808,1024,2048,metric,,,,
Qwen/Qwen2.5-0.5B,15,0.625,mean,remove_random,3,ko,en,r1,0.76953125,1024,2048,metric,,,,
Qwen/Qwen2.5-0.5B,15,0.625,mean,remove_random,3,ko,en,mrr,0.838180922246983,1024,2048,metric,,,,
Qwen/Qwen2.5-0.5B,15,0.625,mean,remove_random,3,ko,ja,r1,0.8671875,1024,2048,metric,,,,
Qwen/Qwen2.5-0.5B,15,0.625,mean,remove_random,3,ko,ja,mrr,0.8967444227052482,1024,2048,metric,,,,
Qwen/Qwen2.5-0.5B,15,0.625,mean,remove_random,3,ko,zh,r1,0.62890625,1024,2048,metric,,,,
Qwen/Qwen2.5-0.5B,15,0.625,mean,remove_random,3,ko,zh,mrr,0.7084450323816618,1024,2048,metric,,,,
Qwen/Qwen2.5-0.5B,15,0.625,mean,remove_random,3,ja,en,r1,0.861328125,1024,2048,metric,,,,
Qwen/Qwen2.5-0.5B,15,0.625,mean,remove_random,3,ja,en,mrr,0.9035358860354197,1024,2048,metric,,,,
Qwen/Qwen2.5-0.5B,15,0.625,mean,remove_random,3,ja,ko,r1,0.744140625,1024,2048,metric,,,,
Qwen/Qwen2.5-0.5B,15,0.625,mean,remove_random,3,ja,ko,mrr,0.7835270107992469,1024,2048,metric,,,,
Qwen/Qwen2.5-0.5B,15,0.625,mean,remove_random,3,ja,zh,r1,0.80859375,1024,2048,metric,,,,
Qwen/Qwen2.5-0.5B,15,0.625,mean,remove_random,3,ja,zh,mrr,0.8566455135680802,1024,2048,metric,,,,
Qwen/Qwen2.5-0.5B,15,0.625,mean,remove_random,3,zh,en,r1,0.87109375,1024,2048,metric,,,,
Qwen/Qwen2.5-0.5B,15,0.625,mean,remove_random,3,zh,en,mrr,0.901015849075149,1024,2048,metric,,,,
Qwen/Qwen2.5-0.5B,15,0.625,mean,remove_random,3,zh,ko,r1,0.08203125,1024,2048,metric,,,,
Qwen/Qwen2.5-0.5B,15,0.625,mean,remove_random,3,zh,ko,mrr,0.12969755819293458,1024,2048,metric,,,,
Qwen/Qwen2.5-0.5B,15,0.625,mean,remove_random,3,zh,ja,r1,0.212890625,1024,2048,metric,,,,
Qwen/Qwen2.5-0.5B,15,0.625,mean,remove_random,3,zh,ja,mrr,0.2736710816924669,1024,2048,metric,,,,
Qwen/Qwen2.5-0.5B,16,0.6666666666666666,mean,remove_random,3,en,ko,r1,0.033203125,1024,2048,metric,,,,
Qwen/Qwen2.5-0.5B,16,0.6666666666666666,mean,remove_random,3,en,ko,mrr,0.06003509454125141,1024,2048,metric,,,,
Qwen/Qwen2.5-0.5B,16,0.6666666666666666,mean,remove_random,3,en,ja,r1,0.103515625,1024,2048,metric,,,,
Qwen/Qwen2.5-0.5B,16,0.6666666666666666,mean,remove_random,3,en,ja,mrr,0.15219130815504223,1024,2048,metric,,,,
Qwen/Qwen2.5-0.5B,16,0.6666666666666666,mean,remove_random,3,en,zh,r1,0.83203125,1024,2048,metric,,,,
Qwen/Qwen2.5-0.5B,16,0.6666666666666666,mean,remove_random,3,en,zh,mrr,0.8586520262256475,1024,2048,metric,,,,
Qwen/Qwen2.5-0.5B,16,0.6666666666666666,mean,remove_random,3,ko,en,r1,0.5625,1024,2048,metric,,,,
Qwen/Qwen2.5-0.5B,16,0.6666666666666666,mean,remove_random,3,ko,en,mrr,0.6640164531822457,1024,2048,metric,,,,
Qwen/Qwen2.5-0.5B,16,0.6666666666666666,mean,remove_random,3,ko,ja,r1,0.80078125,1024,2048,metric,,,,
Qwen/Qwen2.5-0.5B,16,0.6666666666666666,mean,remove_random,3,ko,ja,mrr,0.8498945366143158,1024,2048,metric,,,,
Qwen/Qwen2.5-0.5B,16,0.6666666666666666,mean,remove_random,3,ko,zh,r1,0.4609375,1024,2048,metric,,,,
Qwen/Qwen2.5-0.5B,16,0.6666666666666666,mean,remove_random,3,ko,zh,mrr,0.5455992019656377,1024,2048,metric,,,,
Qwen/Qwen2.5-0.5B,16,0.6666666666666666,mean,remove_random,3,ja,en,r1,0.73046875,1024,2048,metric,,,,
Qwen/Qwen2.5-0.5B,16,0.6666666666666666,mean,remove_random,3,ja,en,mrr,0.8053080945194253,1024,2048,metric,,,,
Qwen/Qwen2.5-0.5B,16,0.6666666666666666,mean,remove_random,3,ja,ko,r1,0.6953125,1024,2048,metric,,,,
Qwen/Qwen2.5-0.5B,16,0.6666666666666666,mean,remove_random,3,ja,ko,mrr,0.7398209483891186,1024,2048,metric,,,,
Qwen/Qwen2.5-0.5B,16,0.6666666666666666,mean,remove_random,3,ja,zh,r1,0.689453125,1024,2048,metric,,,,
Qwen/Qwen2.5-0.5B,16,0.6666666666666666,mean,remove_random,3,ja,zh,mrr,0.7514481971161908,1024,2048,metric,,,,
Qwen/Qwen2.5-0.5B,16,0.6666666666666666,mean,remove_random,3,zh,en,r1,0.82421875,1024,2048,metric,,,,
Qwen/Qwen2.5-0.5B,16,0.6666666666666666,mean,remove_random,3,zh,en,mrr,0.8633927254045026,1024,2048,metric,,,,
Qwen/Qwen2.5-0.5B,16,0.6666666666666666,mean,remove_random,3,zh,ko,r1,0.083984375,1024,2048,metric,,,,
Qwen/Qwen2.5-0.5B,16,0.6666666666666666,mean,remove_random,3,zh,ko,mrr,0.12373185987787659,1024,2048,metric,,,,
Qwen/Qwen2.5-0.5B,16,0.6666666666666666,mean,remove_random,3,zh,ja,r1,0.201171875,1024,2048,metric,,,,
Qwen/Qwen2.5-0.5B,16,0.6666666666666666,mean,remove_random,3,zh,ja,mrr,0.253734703528293,1024,2048,metric,,,,
Qwen/Qwen2.5-0.5B,17,0.7083333333333334,mean,remove_random,3,en,ko,r1,0.044921875,1024,2048,metric,,,,
Qwen/Qwen2.5-0.5B,17,0.7083333333333334,mean,remove_random,3,en,ko,mrr,0.07868683938175938,1024,2048,metric,,,,
Qwen/Qwen2.5-0.5B,17,0.7083333333333334,mean,remove_random,3,en,ja,r1,0.12109375,1024,2048,metric,,,,
Qwen/Qwen2.5-0.5B,17,0.7083333333333334,mean,remove_random,3,en,ja,mrr,0.17581466276382682,1024,2048,metric,,,,
Qwen/Qwen2.5-0.5B,17,0.7083333333333334,mean,remove_random,3,en,zh,r1,0.833984375,1024,2048,metric,,,,
Qwen/Qwen2.5-0.5B,17,0.7083333333333334,mean,remove_random,3,en,zh,mrr,0.8574679816471897,1024,2048,metric,,,,
Qwen/Qwen2.5-0.5B,17,0.7083333333333334,mean,remove_random,3,ko,en,r1,0.734375,1024,2048,metric,,,,
Qwen/Qwen2.5-0.5B,17,0.7083333333333334,mean,remove_random,3,ko,en,mrr,0.8055324660058623,1024,2048,metric,,,,
Qwen/Qwen2.5-0.5B,17,0.7083333333333334,mean,remove_random,3,ko,ja,r1,0.857421875,1024,2048,metric,,,,
Qwen/Qwen2.5-0.5B,17,0.7083333333333334,mean,remove_random,3,ko,ja,mrr,0.8876996739093441,1024,2048,metric,,,,
Qwen/Qwen2.5-0.5B,17,0.7083333333333334,mean,remove_random,3,ko,zh,r1,0.6328125,1024,2048,metric,,,,
Qwen/Qwen2.5-0.5B,17,0.7083333333333334,mean,remove_random,3,ko,zh,mrr,0.7060931497774184,1024,2048,metric,,,,
Qwen/Qwen2.5-0.5B,17,0.7083333333333334,mean,remove_random,3,ja,en,r1,0.837890625,1024,2048,metric,,,,
Qwen/Qwen2.5-0.5B,17,0.7083333333333334,mean,remove_random,3,ja,en,mrr,0.8812875689562241,1024,2048,metric,,,,
Qwen/Qwen2.5-0.5B,17,0.7083333333333334,mean,remove_random,3,ja,ko,r1,0.6953125,1024,2048,metric,,,,
Qwen/Qwen2.5-0.5B,17,0.7083333333333334,mean,remove_random,3,ja,ko,mrr,0.7501656691958488,1024,2048,metric,,,,
Qwen/Qwen2.5-0.5B,17,0.7083333333333334,mean,remove_random,3,ja,zh,r1,0.8046875,1024,2048,metric,,,,
Qwen/Qwen2.5-0.5B,17,0.7083333333333334,mean,remove_random,3,ja,zh,mrr,0.8477408819992113,1024,2048,metric,,,,
Qwen/Qwen2.5-0.5B,17,0.7083333333333334,mean,remove_random,3,zh,en,r1,0.8203125,1024,2048,metric,,,,
Qwen/Qwen2.5-0.5B,17,0.7083333333333334,mean,remove_random,3,zh,en,mrr,0.8562441755509874,1024,2048,metric,,,,
Qwen/Qwen2.5-0.5B,17,0.7083333333333334,mean,remove_random,3,zh,ko,r1,0.09765625,1024,2048,metric,,,,
Qwen/Qwen2.5-0.5B,17,0.7083333333333334,mean,remove_random,3,zh,ko,mrr,0.14392104372604964,1024,2048,metric,,,,
Qwen/Qwen2.5-0.5B,17,0.7083333333333334,mean,remove_random,3,zh,ja,r1,0.21484375,1024,2048,metric,,,,
Qwen/Qwen2.5-0.5B,17,0.7083333333333334,mean,remove_random,3,zh,ja,mrr,0.2832058594387983,1024,2048,metric,,,,
Qwen/Qwen2.5-0.5B,18,0.75,mean,remove_random,3,en,ko,r1,0.009765625,1024,2048,metric,,,,
Qwen/Qwen2.5-0.5B,18,0.75,mean,remove_random,3,en,ko,mrr,0.034254579640449354,1024,2048,metric,,,,
Qwen/Qwen2.5-0.5B,18,0.75,mean,remove_random,3,en,ja,r1,0.017578125,1024,2048,metric,,,,
Qwen/Qwen2.5-0.5B,18,0.75,mean,remove_random,3,en,ja,mrr,0.0505612421063691,1024,2048,metric,,,,
Qwen/Qwen2.5-0.5B,18,0.75,mean,remove_random,3,en,zh,r1,0.720703125,1024,2048,metric,,,,
Qwen/Qwen2.5-0.5B,18,0.75,mean,remove_random,3,en,zh,mrr,0.7605669347623502,1024,2048,metric,,,,
Qwen/Qwen2.5-0.5B,18,0.75,mean,remove_random,3,ko,en,r1,0.625,1024,2048,metric,,,,
Qwen/Qwen2.5-0.5B,18,0.75,mean,remove_random,3,ko,en,mrr,0.712202546081813,1024,2048,metric,,,,
Qwen/Qwen2.5-0.5B,18,0.75,mean,remove_random,3,ko,ja,r1,0.8125,1024,2048,metric,,,,
Qwen/Qwen2.5-0.5B,18,0.75,mean,remove_random,3,ko,ja,mrr,0.8465078768479324,1024,2048,metric,,,,
Qwen/Qwen2.5-0.5B,18,0.75,mean,remove_random,3,ko,zh,r1,0.541015625,1024,2048,metric,,,,
Qwen/Qwen2.5-0.5B,18,0.75,mean,remove_random,3,ko,zh,mrr,0.6349326742175196,1024,2048,metric,,,,
Qwen/Qwen2.5-0.5B,18,0.75,mean,remove_random,3,ja,en,r1,0.732421875,1024,2048,metric,,,,
Qwen/Qwen2.5-0.5B,18,0.75,mean,remove_random,3,ja,en,mrr,0.8020774860642539,1024,2048,metric,,,,
Qwen/Qwen2.5-0.5B,18,0.75,mean,remove_random,3,ja,ko,r1,0.650390625,1024,2048,metric,,,,
Qwen/Qwen2.5-0.5B,18,0.75,mean,remove_random,3,ja,ko,mrr,0.7048040158472486,1024,2048,metric,,,,
Qwen/Qwen2.5-0.5B,18,0.75,mean,remove_random,3,ja,zh,r1,0.697265625,1024,2048,metric,,,,
Qwen/Qwen2.5-0.5B,18,0.75,mean,remove_random,3,ja,zh,mrr,0.7654855588309795,1024,2048,metric,,,,
Qwen/Qwen2.5-0.5B,18,0.75,mean,remove_random,3,zh,en,r1,0.7890625,1024,2048,metric,,,,
Qwen/Qwen2.5-0.5B,18,0.75,mean,remove_random,3,zh,en,mrr,0.8293870610752105,1024,2048,metric,,,,
Qwen/Qwen2.5-0.5B,18,0.75,mean,remove_random,3,zh,ko,r1,0.041015625,1024,2048,metric,,,,
Qwen/Qwen2.5-0.5B,18,0.75,mean,remove_random,3,zh,ko,mrr,0.07494135664605402,1024,2048,metric,,,,
Qwen/Qwen2.5-0.5B,18,0.75,mean,remove_random,3,zh,ja,r1,0.0625,1024,2048,metric,,,,
Qwen/Qwen2.5-0.5B,18,0.75,mean,remove_random,3,zh,ja,mrr,0.10383086740023388,1024,2048,metric,,,,
Qwen/Qwen2.5-0.5B,19,0.7916666666666666,mean,remove_random,3,en,ko,r1,0.005859375,1024,2048,metric,,,,
Qwen/Qwen2.5-0.5B,19,0.7916666666666666,mean,remove_random,3,en,ko,mrr,0.03020020190879453,1024,2048,metric,,,,
Qwen/Qwen2.5-0.5B,19,0.7916666666666666,mean,remove_random,3,en,ja,r1,0.021484375,1024,2048,metric,,,,
Qwen/Qwen2.5-0.5B,19,0.7916666666666666,mean,remove_random,3,en,ja,mrr,0.05316864035781558,1024,2048,metric,,,,
Qwen/Qwen2.5-0.5B,19,0.7916666666666666,mean,remove_random,3,en,zh,r1,0.732421875,1024,2048,metric,,,,
Qwen/Qwen2.5-0.5B,19,0.7916666666666666,mean,remove_random,3,en,zh,mrr,0.7683283222455172,1024,2048,metric,,,,
Qwen/Qwen2.5-0.5B,19,0.7916666666666666,mean,remove_random,3,ko,en,r1,0.673828125,1024,2048,metric,,,,
Qwen/Qwen2.5-0.5B,19,0.7916666666666666,mean,remove_random,3,ko,en,mrr,0.7558678403395205,1024,2048,metric,,,,
Qwen/Qwen2.5-0.5B,19,0.7916666666666666,mean,remove_random,3,ko,ja,r1,0.734375,1024,2048,metric,,,,
Qwen/Qwen2.5-0.5B,19,0.7916666666666666,mean,remove_random,3,ko,ja,mrr,0.7823893570082785,1024,2048,metric,,,,
Qwen/Qwen2.5-0.5B,19,0.7916666666666666,mean,remove_random,3,ko,zh,r1,0.6484375,1024,2048,metric,,,,
Qwen/Qwen2.5-0.5B,19,0.7916666666666666,mean,remove_random,3,ko,zh,mrr,0.7347226971141549,1024,2048,metric,,,,
Qwen/Qwen2.5-0.5B,19,0.7916666666666666,mean,remove_random,3,ja,en,r1,0.72265625,1024,2048,metric,,,,
Qwen/Qwen2.5-0.5B,19,0.7916666666666666,mean,remove_random,3,ja,en,mrr,0.7943516793975148,1024,2048,metric,,,,
Qwen/Qwen2.5-0.5B,19,0.7916666666666666,mean,remove_random,3,ja,ko,r1,0.51953125,1024,2048,metric,,,,
Qwen/Qwen2.5-0.5B,19,0.7916666666666666,mean,remove_random,3,ja,ko,mrr,0.6038151766387578,1024,2048,metric,,,,
Qwen/Qwen2.5-0.5B,19,0.7916666666666666,mean,remove_random,3,ja,zh,r1,0.740234375,1024,2048,metric,,,,
Qwen/Qwen2.5-0.5B,19,0.7916666666666666,mean,remove_random,3,ja,zh,mrr,0.803342894330059,1024,2048,metric,,,,
Qwen/Qwen2.5-0.5B,19,0.7916666666666666,mean,remove_random,3,zh,en,r1,0.822265625,1024,2048,metric,,,,
Qwen/Qwen2.5-0.5B,19,0.7916666666666666,mean,remove_random,3,zh,en,mrr,0.8571192979120615,1024,2048,metric,,,,
Qwen/Qwen2.5-0.5B,19,0.7916666666666666,mean,remove_random,3,zh,ko,r1,0.02734375,1024,2048,metric,,,,
Qwen/Qwen2.5-0.5B,19,0.7916666666666666,mean,remove_random,3,zh,ko,mrr,0.059770150837039536,1024,2048,metric,,,,
Qwen/Qwen2.5-0.5B,19,0.7916666666666666,mean,remove_random,3,zh,ja,r1,0.0625,1024,2048,metric,,,,
Qwen/Qwen2.5-0.5B,19,0.7916666666666666,mean,remove_random,3,zh,ja,mrr,0.1056482105523877,1024,2048,metric,,,,
Qwen/Qwen2.5-0.5B,20,0.8333333333333334,mean,remove_random,3,en,ko,r1,0.005859375,1024,2048,metric,,,,
Qwen/Qwen2.5-0.5B,20,0.8333333333333334,mean,remove_random,3,en,ko,mrr,0.027050384679420624,1024,2048,metric,,,,
Qwen/Qwen2.5-0.5B,20,0.8333333333333334,mean,remove_random,3,en,ja,r1,0.02734375,1024,2048,metric,,,,
Qwen/Qwen2.5-0.5B,20,0.8333333333333334,mean,remove_random,3,en,ja,mrr,0.058774081462475675,1024,2048,metric,,,,
Qwen/Qwen2.5-0.5B,20,0.8333333333333334,mean,remove_random,3,en,zh,r1,0.73828125,1024,2048,metric,,,,
Qwen/Qwen2.5-0.5B,20,0.8333333333333334,mean,remove_random,3,en,zh,mrr,0.777450272763182,1024,2048,metric,,,,
Qwen/Qwen2.5-0.5B,20,0.8333333333333334,mean,remove_random,3,ko,en,r1,0.599609375,1024,2048,metric,,,,
Qwen/Qwen2.5-0.5B,20,0.8333333333333334,mean,remove_random,3,ko,en,mrr,0.6926372805194895,1024,2048,metric,,,,
Qwen/Qwen2.5-0.5B,20,0.8333333333333334,mean,remove_random,3,ko,ja,r1,0.748046875,1024,2048,metric,,,,
Qwen/Qwen2.5-0.5B,20,0.8333333333333334,mean,remove_random,3,ko,ja,mrr,0.7994296106844327,1024,2048,metric,,,,
Qwen/Qwen2.5-0.5B,20,0.8333333333333334,mean,remove_random,3,ko,zh,r1,0.599609375,1024,2048,metric,,,,
Qwen/Qwen2.5-0.5B,20,0.8333333333333334,mean,remove_random,3,ko,zh,mrr,0.6967102134095066,1024,2048,metric,,,,
Qwen/Qwen2.5-0.5B,20,0.8333333333333334,mean,remove_random,3,ja,en,r1,0.673828125,1024,2048,metric,,,,
Qwen/Qwen2.5-0.5B,20,0.8333333333333334,mean,remove_random,3,ja,en,mrr,0.7493093698643146,1024,2048,metric,,,,
Qwen/Qwen2.5-0.5B,20,0.8333333333333334,mean,remove_random,3,ja,ko,r1,0.392578125,1024,2048,metric,,,,
Qwen/Qwen2.5-0.5B,20,0.8333333333333334,mean,remove_random,3,ja,ko,mrr,0.47743046955703283,1024,2048,metric,,,,
Qwen/Qwen2.5-0.5B,20,0.8333333333333334,mean,remove_random,3,ja,zh,r1,0.68359375,1024,2048,metric,,,,
Qwen/Qwen2.5-0.5B,20,0.8333333333333334,mean,remove_random,3,ja,zh,mrr,0.7474204860438337,1024,2048,metric,,,,
Qwen/Qwen2.5-0.5B,20,0.8333333333333334,mean,remove_random,3,zh,en,r1,0.841796875,1024,2048,metric,,,,
Qwen/Qwen2.5-0.5B,20,0.8333333333333334,mean,remove_random,3,zh,en,mrr,0.875861992191888,1024,2048,metric,,,,
Qwen/Qwen2.5-0.5B,20,0.8333333333333334,mean,remove_random,3,zh,ko,r1,0.01953125,1024,2048,metric,,,,
Qwen/Qwen2.5-0.5B,20,0.8333333333333334,mean,remove_random,3,zh,ko,mrr,0.04663581909822033,1024,2048,metric,,,,
Qwen/Qwen2.5-0.5B,20,0.8333333333333334,mean,remove_random,3,zh,ja,r1,0.068359375,1024,2048,metric,,,,
Qwen/Qwen2.5-0.5B,20,0.8333333333333334,mean,remove_random,3,zh,ja,mrr,0.11816404330349951,1024,2048,metric,,,,
Qwen/Qwen2.5-0.5B,21,0.875,mean,remove_random,3,en,ko,r1,0.01171875,1024,2048,metric,,,,
Qwen/Qwen2.5-0.5B,21,0.875,mean,remove_random,3,en,ko,mrr,0.03624040893847616,1024,2048,metric,,,,
Qwen/Qwen2.5-0.5B,21,0.875,mean,remove_random,3,en,ja,r1,0.01953125,1024,2048,metric,,,,
Qwen/Qwen2.5-0.5B,21,0.875,mean,remove_random,3,en,ja,mrr,0.05194952303783331,1024,2048,metric,,,,
Qwen/Qwen2.5-0.5B,21,0.875,mean,remove_random,3,en,zh,r1,0.796875,1024,2048,metric,,,,
Qwen/Qwen2.5-0.5B,21,0.875,mean,remove_random,3,en,zh,mrr,0.8427584840339017,1024,2048,metric,,,,
Qwen/Qwen2.5-0.5B,21,0.875,mean,remove_random,3,ko,en,r1,0.349609375,1024,2048,metric,,,,
Qwen/Qwen2.5-0.5B,21,0.875,mean,remove_random,3,ko,en,mrr,0.4593923134677026,1024,2048,metric,,,,
Qwen/Qwen2.5-0.5B,21,0.875,mean,remove_random,3,ko,ja,r1,0.357421875,1024,2048,metric,,,,
Qwen/Qwen2.5-0.5B,21,0.875,mean,remove_random,3,ko,ja,mrr,0.4895291600139733,1024,2048,metric,,,,
Qwen/Qwen2.5-0.5B,21,0.875,mean,remove_random,3,ko,zh,r1,0.35546875,1024,2048,metric,,,,
Qwen/Qwen2.5-0.5B,21,0.875,mean,remove_random,3,ko,zh,mrr,0.46667424863348617,1024,2048,metric,,,,
Qwen/Qwen2.5-0.5B,21,0.875,mean,remove_random,3,ja,en,r1,0.634765625,1024,2048,metric,,,,
Qwen/Qwen2.5-0.5B,21,0.875,mean,remove_random,3,ja,en,mrr,0.7277369523809094,1024,2048,metric,,,,
Qwen/Qwen2.5-0.5B,21,0.875,mean,remove_random,3,ja,ko,r1,0.47265625,1024,2048,metric,,,,
Qwen/Qwen2.5-0.5B,21,0.875,mean,remove_random,3,ja,ko,mrr,0.5465677430655925,1024,2048,metric,,,,
Qwen/Qwen2.5-0.5B,21,0.875,mean,remove_random,3,ja,zh,r1,0.677734375,1024,2048,metric,,,,
Qwen/Qwen2.5-0.5B,21,0.875,mean,remove_random,3,ja,zh,mrr,0.7557052816153542,1024,2048,metric,,,,
Qwen/Qwen2.5-0.5B,21,0.875,mean,remove_random,3,zh,en,r1,0.83984375,1024,2048,metric,,,,
Qwen/Qwen2.5-0.5B,21,0.875,mean,remove_random,3,zh,en,mrr,0.8775195716403068,1024,2048,metric,,,,
Qwen/Qwen2.5-0.5B,21,0.875,mean,remove_random,3,zh,ko,r1,0.0390625,1024,2048,metric,,,,
Qwen/Qwen2.5-0.5B,21,0.875,mean,remove_random,3,zh,ko,mrr,0.07304013694455674,1024,2048,metric,,,,
Qwen/Qwen2.5-0.5B,21,0.875,mean,remove_random,3,zh,ja,r1,0.05078125,1024,2048,metric,,,,
Qwen/Qwen2.5-0.5B,21,0.875,mean,remove_random,3,zh,ja,mrr,0.09601221155364661,1024,2048,metric,,,,
Qwen/Qwen2.5-0.5B,22,0.9166666666666666,mean,remove_random,3,en,ko,r1,0.392578125,1024,2048,metric,,,,
Qwen/Qwen2.5-0.5B,22,0.9166666666666666,mean,remove_random,3,en,ko,mrr,0.5489922388941235,1024,2048,metric,,,,
Qwen/Qwen2.5-0.5B,22,0.9166666666666666,mean,remove_random,3,en,ja,r1,0.080078125,1024,2048,metric,,,,
Qwen/Qwen2.5-0.5B,22,0.9166666666666666,mean,remove_random,3,en,ja,mrr,0.2579062375505669,1024,2048,metric,,,,
Qwen/Qwen2.5-0.5B,22,0.9166666666666666,mean,remove_random,3,en,zh,r1,0.947265625,1024,2048,metric,,,,
Qwen/Qwen2.5-0.5B,22,0.9166666666666666,mean,remove_random,3,en,zh,mrr,0.9672352712391774,1024,2048,metric,,,,
Qwen/Qwen2.5-0.5B,22,0.9166666666666666,mean,remove_random,3,ko,en,r1,0.34375,1024,2048,metric,,,,
Qwen/Qwen2.5-0.5B,22,0.9166666666666666,mean,remove_random,3,ko,en,mrr,0.4541086958845041,1024,2048,metric,,,,
Qwen/Qwen2.5-0.5B,22,0.9166666666666666,mean,remove_random,3,ko,ja,r1,0.220703125,1024,2048,metric,,,,
Qwen/Qwen2.5-0.5B,22,0.9166666666666666,mean,remove_random,3,ko,ja,mrr,0.3939118131424088,1024,2048,metric,,,,
Qwen/Qwen2.5-0.5B,22,0.9166666666666666,mean,remove_random,3,ko,zh,r1,0.416015625,1024,2048,metric,,,,
Qwen/Qwen2.5-0.5B,22,0.9166666666666666,mean,remove_random,3,ko,zh,mrr,0.5467387215241061,1024,2048,metric,,,,
Qwen/Qwen2.5-0.5B,22,0.9166666666666666,mean,remove_random,3,ja,en,r1,0.552734375,1024,2048,metric,,,,
Qwen/Qwen2.5-0.5B,22,0.9166666666666666,mean,remove_random,3,ja,en,mrr,0.6550448818555981,1024,2048,metric,,,,
Qwen/Qwen2.5-0.5B,22,0.9166666666666666,mean,remove_random,3,ja,ko,r1,0.77734375,1024,2048,metric,,,,
Qwen/Qwen2.5-0.5B,22,0.9166666666666666,mean,remove_random,3,ja,ko,mrr,0.8423769228959133,1024,2048,metric,,,,
Qwen/Qwen2.5-0.5B,22,0.9166666666666666,mean,remove_random,3,ja,zh,r1,0.751953125,1024,2048,metric,,,,
Qwen/Qwen2.5-0.5B,22,0.9166666666666666,mean,remove_random,3,ja,zh,mrr,0.8361616194561414,1024,2048,metric,,,,
Qwen/Qwen2.5-0.5B,22,0.9166666666666666,mean,remove_random,3,zh,en,r1,0.95703125,1024,2048,metric,,,,
Qwen/Qwen2.5-0.5B,22,0.9166666666666666,mean,remove_random,3,zh,en,mrr,0.9718681039066381,1024,2048,metric,,,,
Qwen/Qwen2.5-0.5B,22,0.9166666666666666,mean,remove_random,3,zh,ko,r1,0.525390625,1024,2048,metric,,,,
Qwen/Qwen2.5-0.5B,22,0.9166666666666666,mean,remove_random,3,zh,ko,mrr,0.6486475004929142,1024,2048,metric,,,,
Qwen/Qwen2.5-0.5B,22,0.9166666666666666,mean,remove_random,3,zh,ja,r1,0.201171875,1024,2048,metric,,,,
Qwen/Qwen2.5-0.5B,22,0.9166666666666666,mean,remove_random,3,zh,ja,mrr,0.37847437566282455,1024,2048,metric,,,,
Qwen/Qwen2.5-0.5B,23,0.9583333333333334,mean,remove_random,3,en,ko,r1,0.056640625,1024,2048,metric,,,,
Qwen/Qwen2.5-0.5B,23,0.9583333333333334,mean,remove_random,3,en,ko,mrr,0.12278580270749767,1024,2048,metric,,,,
Qwen/Qwen2.5-0.5B,23,0.9583333333333334,mean,remove_random,3,en,ja,r1,0.0390625,1024,2048,metric,,,,
Qwen/Qwen2.5-0.5B,23,0.9583333333333334,mean,remove_random,3,en,ja,mrr,0.20015000196062793,1024,2048,metric,,,,
Qwen/Qwen2.5-0.5B,23,0.9583333333333334,mean,remove_random,3,en,zh,r1,0.822265625,1024,2048,metric,,,,
Qwen/Qwen2.5-0.5B,23,0.9583333333333334,mean,remove_random,3,en,zh,mrr,0.883343871372364,1024,2048,metric,,,,
Qwen/Qwen2.5-0.5B,23,0.9583333333333334,mean,remove_random,3,ko,en,r1,0.263671875,1024,2048,metric,,,,
Qwen/Qwen2.5-0.5B,23,0.9583333333333334,mean,remove_random,3,ko,en,mrr,0.4056216555551958,1024,2048,metric,,,,
Qwen/Qwen2.5-0.5B,23,0.9583333333333334,mean,remove_random,3,ko,ja,r1,0.236328125,1024,2048,metric,,,,
Qwen/Qwen2.5-0.5B,23,0.9583333333333334,mean,remove_random,3,ko,ja,mrr,0.40637194294488027,1024,2048,metric,,,,
Qwen/Qwen2.5-0.5B,23,0.9583333333333334,mean,remove_random,3,ko,zh,r1,0.390625,1024,2048,metric,,,,
Qwen/Qwen2.5-0.5B,23,0.9583333333333334,mean,remove_random,3,ko,zh,mrr,0.4954805518930309,1024,2048,metric,,,,
Qwen/Qwen2.5-0.5B,23,0.9583333333333334,mean,remove_random,3,ja,en,r1,0.39453125,1024,2048,metric,,,,
Qwen/Qwen2.5-0.5B,23,0.9583333333333334,mean,remove_random,3,ja,en,mrr,0.5267826953453052,1024,2048,metric,,,,
Qwen/Qwen2.5-0.5B,23,0.9583333333333334,mean,remove_random,3,ja,ko,r1,0.103515625,1024,2048,metric,,,,
Qwen/Qwen2.5-0.5B,23,0.9583333333333334,mean,remove_random,3,ja,ko,mrr,0.20233979610016845,1024,2048,metric,,,,
Qwen/Qwen2.5-0.5B,23,0.9583333333333334,mean,remove_random,3,ja,zh,r1,0.70703125,1024,2048,metric,,,,
Qwen/Qwen2.5-0.5B,23,0.9583333333333334,mean,remove_random,3,ja,zh,mrr,0.793044552277433,1024,2048,metric,,,,
Qwen/Qwen2.5-0.5B,23,0.9583333333333334,mean,remove_random,3,zh,en,r1,0.953125,1024,2048,metric,,,,
Qwen/Qwen2.5-0.5B,23,0.9583333333333334,mean,remove_random,3,zh,en,mrr,0.9706835452790294,1024,2048,metric,,,,
Qwen/Qwen2.5-0.5B,23,0.9583333333333334,mean,remove_random,3,zh,ko,r1,0.0859375,1024,2048,metric,,,,
Qwen/Qwen2.5-0.5B,23,0.9583333333333334,mean,remove_random,3,zh,ko,mrr,0.17132341791263234,1024,2048,metric,,,,
Qwen/Qwen2.5-0.5B,23,0.9583333333333334,mean,remove_random,3,zh,ja,r1,0.185546875,1024,2048,metric,,,,
Qwen/Qwen2.5-0.5B,23,0.9583333333333334,mean,remove_random,3,zh,ja,mrr,0.3569766723433336,1024,2048,metric,,,,
Qwen/Qwen2.5-0.5B,24,1.0,mean,remove_random,3,en,ko,r1,0.00390625,1024,2048,metric,,,,
Qwen/Qwen2.5-0.5B,24,1.0,mean,remove_random,3,en,ko,mrr,0.03618808899865346,1024,2048,metric,,,,
Qwen/Qwen2.5-0.5B,24,1.0,mean,remove_random,3,en,ja,r1,0.001953125,1024,2048,metric,,,,
Qwen/Qwen2.5-0.5B,24,1.0,mean,remove_random,3,en,ja,mrr,0.038225049617754525,1024,2048,metric,,,,
Qwen/Qwen2.5-0.5B,24,1.0,mean,remove_random,3,en,zh,r1,0.001953125,1024,2048,metric,,,,
Qwen/Qwen2.5-0.5B,24,1.0,mean,remove_random,3,en,zh,mrr,0.031191151960116494,1024,2048,metric,,,,
Qwen/Qwen2.5-0.5B,24,1.0,mean,remove_random,3,ko,en,r1,0.017578125,1024,2048,metric,,,,
Qwen/Qwen2.5-0.5B,24,1.0,mean,remove_random,3,ko,en,mrr,0.05668005910163418,1024,2048,metric,,,,
Qwen/Qwen2.5-0.5B,24,1.0,mean,remove_random,3,ko,ja,r1,0.072265625,1024,2048,metric,,,,
Qwen/Qwen2.5-0.5B,24,1.0,mean,remove_random,3,ko,ja,mrr,0.12234859725798136,1024,2048,metric,,,,
Qwen/Qwen2.5-0.5B,24,1.0,mean,remove_random,3,ko,zh,r1,0.025390625,1024,2048,metric,,,,
Qwen/Qwen2.5-0.5B,24,1.0,mean,remove_random,3,ko,zh,mrr,0.05683019375744693,1024,2048,metric,,,,
Qwen/Qwen2.5-0.5B,24,1.0,mean,remove_random,3,ja,en,r1,0.091796875,1024,2048,metric,,,,
Qwen/Qwen2.5-0.5B,24,1.0,mean,remove_random,3,ja,en,mrr,0.15331434909067232,1024,2048,metric,,,,
Qwen/Qwen2.5-0.5B,24,1.0,mean,remove_random,3,ja,ko,r1,0.0234375,1024,2048,metric,,,,
Qwen/Qwen2.5-0.5B,24,1.0,mean,remove_random,3,ja,ko,mrr,0.061091221673330996,1024,2048,metric,,,,
Qwen/Qwen2.5-0.5B,24,1.0,mean,remove_random,3,ja,zh,r1,0.056640625,1024,2048,metric,,,,
Qwen/Qwen2.5-0.5B,24,1.0,mean,remove_random,3,ja,zh,mrr,0.13480096809557587,1024,2048,metric,,,,
Qwen/Qwen2.5-0.5B,24,1.0,mean,remove_random,3,zh,en,r1,0.142578125,1024,2048,metric,,,,
Qwen/Qwen2.5-0.5B,24,1.0,mean,remove_random,3,zh,en,mrr,0.2854629947791382,1024,2048,metric,,,,
Qwen/Qwen2.5-0.5B,24,1.0,mean,remove_random,3,zh,ko,r1,0.025390625,1024,2048,metric,,,,
Qwen/Qwen2.5-0.5B,24,1.0,mean,remove_random,3,zh,ko,mrr,0.10727043666155198,1024,2048,metric,,,,
Qwen/Qwen2.5-0.5B,24,1.0,mean,remove_random,3,zh,ja,r1,0.00390625,1024,2048,metric,,,,
Qwen/Qwen2.5-0.5B,24,1.0,mean,remove_random,3,zh,ja,mrr,0.04053947226619371,1024,2048,metric,,,,
Qwen/Qwen2.5-0.5B,7,0.2916666666666667,last_token,remove_random,4,en,ko,r1,0.296875,1024,2048,metric,,,,
Qwen/Qwen2.5-0.5B,7,0.2916666666666667,last_token,remove_random,4,en,ko,mrr,0.3909211628820859,1024,2048,metric,,,,
Qwen/Qwen2.5-0.5B,7,0.2916666666666667,last_token,remove_random,4,en,ja,r1,0.21875,1024,2048,metric,,,,
Qwen/Qwen2.5-0.5B,7,0.2916666666666667,last_token,remove_random,4,en,ja,mrr,0.3165331470113334,1024,2048,metric,,,,
Qwen/Qwen2.5-0.5B,7,0.2916666666666667,last_token,remove_random,4,en,zh,r1,0.439453125,1024,2048,metric,,,,
Qwen/Qwen2.5-0.5B,7,0.2916666666666667,last_token,remove_random,4,en,zh,mrr,0.542217302007904,1024,2048,metric,,,,
Qwen/Qwen2.5-0.5B,7,0.2916666666666667,last_token,remove_random,4,ko,en,r1,0.234375,1024,2048,metric,,,,
Qwen/Qwen2.5-0.5B,7,0.2916666666666667,last_token,remove_random,4,ko,en,mrr,0.33134613819375514,1024,2048,metric,,,,
Qwen/Qwen2.5-0.5B,7,0.2916666666666667,last_token,remove_random,4,ko,ja,r1,0.357421875,1024,2048,metric,,,,
Qwen/Qwen2.5-0.5B,7,0.2916666666666667,last_token,remove_random,4,ko,ja,mrr,0.4745403759780712,1024,2048,metric,,,,
Qwen/Qwen2.5-0.5B,7,0.2916666666666667,last_token,remove_random,4,ko,zh,r1,0.171875,1024,2048,metric,,,,
Qwen/Qwen2.5-0.5B,7,0.2916666666666667,last_token,remove_random,4,ko,zh,mrr,0.2498430576686126,1024,2048,metric,,,,
Qwen/Qwen2.5-0.5B,7,0.2916666666666667,last_token,remove_random,4,ja,en,r1,0.193359375,1024,2048,metric,,,,
Qwen/Qwen2.5-0.5B,7,0.2916666666666667,last_token,remove_random,4,ja,en,mrr,0.28365758035007865,1024,2048,metric,,,,
Qwen/Qwen2.5-0.5B,7,0.2916666666666667,last_token,remove_random,4,ja,ko,r1,0.32421875,1024,2048,metric,,,,
Qwen/Qwen2.5-0.5B,7,0.2916666666666667,last_token,remove_random,4,ja,ko,mrr,0.4334183379352006,1024,2048,metric,,,,
Qwen/Qwen2.5-0.5B,7,0.2916666666666667,last_token,remove_random,4,ja,zh,r1,0.177734375,1024,2048,metric,,,,
Qwen/Qwen2.5-0.5B,7,0.2916666666666667,last_token,remove_random,4,ja,zh,mrr,0.25589639607741677,1024,2048,metric,,,,
Qwen/Qwen2.5-0.5B,7,0.2916666666666667,last_token,remove_random,4,zh,en,r1,0.470703125,1024,2048,metric,,,,
Qwen/Qwen2.5-0.5B,7,0.2916666666666667,last_token,remove_random,4,zh,en,mrr,0.5699332473840647,1024,2048,metric,,,,
Qwen/Qwen2.5-0.5B,7,0.2916666666666667,last_token,remove_random,4,zh,ko,r1,0.22265625,1024,2048,metric,,,,
Qwen/Qwen2.5-0.5B,7,0.2916666666666667,last_token,remove_random,4,zh,ko,mrr,0.31352175776698354,1024,2048,metric,,,,
Qwen/Qwen2.5-0.5B,7,0.2916666666666667,last_token,remove_random,4,zh,ja,r1,0.1640625,1024,2048,metric,,,,
Qwen/Qwen2.5-0.5B,7,0.2916666666666667,last_token,remove_random,4,zh,ja,mrr,0.2488102394962617,1024,2048,metric,,,,
Qwen/Qwen2.5-0.5B,8,0.3333333333333333,last_token,remove_random,4,en,ko,r1,0.392578125,1024,2048,metric,,,,
Qwen/Qwen2.5-0.5B,8,0.3333333333333333,last_token,remove_random,4,en,ko,mrr,0.49697529533611,1024,2048,metric,,,,
Qwen/Qwen2.5-0.5B,8,0.3333333333333333,last_token,remove_random,4,en,ja,r1,0.32421875,1024,2048,metric,,,,
Qwen/Qwen2.5-0.5B,8,0.3333333333333333,last_token,remove_random,4,en,ja,mrr,0.42769971044947364,1024,2048,metric,,,,
Qwen/Qwen2.5-0.5B,8,0.3333333333333333,last_token,remove_random,4,en,zh,r1,0.521484375,1024,2048,metric,,,,
Qwen/Qwen2.5-0.5B,8,0.3333333333333333,last_token,remove_random,4,en,zh,mrr,0.6130360244907489,1024,2048,metric,,,,
Qwen/Qwen2.5-0.5B,8,0.3333333333333333,last_token,remove_random,4,ko,en,r1,0.30078125,1024,2048,metric,,,,
Qwen/Qwen2.5-0.5B,8,0.3333333333333333,last_token,remove_random,4,ko,en,mrr,0.4070199115109155,1024,2048,metric,,,,
Qwen/Qwen2.5-0.5B,8,0.3333333333333333,last_token,remove_random,4,ko,ja,r1,0.474609375,1024,2048,metric,,,,
Qwen/Qwen2.5-0.5B,8,0.3333333333333333,last_token,remove_random,4,ko,ja,mrr,0.5790256869885552,1024,2048,metric,,,,
Qwen/Qwen2.5-0.5B,8,0.3333333333333333,last_token,remove_random,4,ko,zh,r1,0.23828125,1024,2048,metric,,,,
Qwen/Qwen2.5-0.5B,8,0.3333333333333333,last_token,remove_random,4,ko,zh,mrr,0.31969565983645376,1024,2048,metric,,,,
Qwen/Qwen2.5-0.5B,8,0.3333333333333333,last_token,remove_random,4,ja,en,r1,0.255859375,1024,2048,metric,,,,
Qwen/Qwen2.5-0.5B,8,0.3333333333333333,last_token,remove_random,4,ja,en,mrr,0.3533928039856226,1024,2048,metric,,,,
Qwen/Qwen2.5-0.5B,8,0.3333333333333333,last_token,remove_random,4,ja,ko,r1,0.41796875,1024,2048,metric,,,,
Qwen/Qwen2.5-0.5B,8,0.3333333333333333,last_token,remove_random,4,ja,ko,mrr,0.5189323162949584,1024,2048,metric,,,,
Qwen/Qwen2.5-0.5B,8,0.3333333333333333,last_token,remove_random,4,ja,zh,r1,0.2578125,1024,2048,metric,,,,
Qwen/Qwen2.5-0.5B,8,0.3333333333333333,last_token,remove_random,4,ja,zh,mrr,0.3470247749302182,1024,2048,metric,,,,
Qwen/Qwen2.5-0.5B,8,0.3333333333333333,last_token,remove_random,4,zh,en,r1,0.580078125,1024,2048,metric,,,,
Qwen/Qwen2.5-0.5B,8,0.3333333333333333,last_token,remove_random,4,zh,en,mrr,0.6642858065055407,1024,2048,metric,,,,
Qwen/Qwen2.5-0.5B,8,0.3333333333333333,last_token,remove_random,4,zh,ko,r1,0.310546875,1024,2048,metric,,,,
Qwen/Qwen2.5-0.5B,8,0.3333333333333333,last_token,remove_random,4,zh,ko,mrr,0.42822616017814596,1024,2048,metric,,,,
Qwen/Qwen2.5-0.5B,8,0.3333333333333333,last_token,remove_random,4,zh,ja,r1,0.26953125,1024,2048,metric,,,,
Qwen/Qwen2.5-0.5B,8,0.3333333333333333,last_token,remove_random,4,zh,ja,mrr,0.3808866208452459,1024,2048,metric,,,,
Qwen/Qwen2.5-0.5B,9,0.375,last_token,remove_random,4,en,ko,r1,0.484375,1024,2048,metric,,,,
Qwen/Qwen2.5-0.5B,9,0.375,last_token,remove_random,4,en,ko,mrr,0.5833703772730842,1024,2048,metric,,,,
Qwen/Qwen2.5-0.5B,9,0.375,last_token,remove_random,4,en,ja,r1,0.458984375,1024,2048,metric,,,,
Qwen/Qwen2.5-0.5B,9,0.375,last_token,remove_random,4,en,ja,mrr,0.5687866644420676,1024,2048,metric,,,,
Qwen/Qwen2.5-0.5B,9,0.375,last_token,remove_random,4,en,zh,r1,0.6796875,1024,2048,metric,,,,
Qwen/Qwen2.5-0.5B,9,0.375,last_token,remove_random,4,en,zh,mrr,0.7586271347755573,1024,2048,metric,,,,
Qwen/Qwen2.5-0.5B,9,0.375,last_token,remove_random,4,ko,en,r1,0.36328125,1024,2048,metric,,,,
Qwen/Qwen2.5-0.5B,9,0.375,last_token,remove_random,4,ko,en,mrr,0.4628445543034477,1024,2048,metric,,,,
Qwen/Qwen2.5-0.5B,9,0.375,last_token,remove_random,4,ko,ja,r1,0.580078125,1024,2048,metric,,,,
Qwen/Qwen2.5-0.5B,9,0.375,last_token,remove_random,4,ko,ja,mrr,0.6699544775876676,1024,2048,metric,,,,
Qwen/Qwen2.5-0.5B,9,0.375,last_token,remove_random,4,ko,zh,r1,0.2890625,1024,2048,metric,,,,
Qwen/Qwen2.5-0.5B,9,0.375,last_token,remove_random,4,ko,zh,mrr,0.38467526257344103,1024,2048,metric,,,,
Qwen/Qwen2.5-0.5B,9,0.375,last_token,remove_random,4,ja,en,r1,0.3515625,1024,2048,metric,,,,
Qwen/Qwen2.5-0.5B,9,0.375,last_token,remove_random,4,ja,en,mrr,0.4556710446658282,1024,2048,metric,,,,
Qwen/Qwen2.5-0.5B,9,0.375,last_token,remove_random,4,ja,ko,r1,0.52734375,1024,2048,metric,,,,
Qwen/Qwen2.5-0.5B,9,0.375,last_token,remove_random,4,ja,ko,mrr,0.6097859405248593,1024,2048,metric,,,,
Qwen/Qwen2.5-0.5B,9,0.375,last_token,remove_random,4,ja,zh,r1,0.330078125,1024,2048,metric,,,,
Qwen/Qwen2.5-0.5B,9,0.375,last_token,remove_random,4,ja,zh,mrr,0.4304182950348554,1024,2048,metric,,,,
Qwen/Qwen2.5-0.5B,9,0.375,last_token,remove_random,4,zh,en,r1,0.67578125,1024,2048,metric,,,,
Qwen/Qwen2.5-0.5B,9,0.375,last_token,remove_random,4,zh,en,mrr,0.7594787947796003,1024,2048,metric,,,,
Qwen/Qwen2.5-0.5B,9,0.375,last_token,remove_random,4,zh,ko,r1,0.44921875,1024,2048,metric,,,,
Qwen/Qwen2.5-0.5B,9,0.375,last_token,remove_random,4,zh,ko,mrr,0.5498886722862715,1024,2048,metric,,,,
Qwen/Qwen2.5-0.5B,9,0.375,last_token,remove_random,4,zh,ja,r1,0.38671875,1024,2048,metric,,,,
Qwen/Qwen2.5-0.5B,9,0.375,last_token,remove_random,4,zh,ja,mrr,0.5040068215213379,1024,2048,metric,,,,
Qwen/Qwen2.5-0.5B,10,0.4166666666666667,last_token,remove_random,4,en,ko,r1,0.515625,1024,2048,metric,,,,
Qwen/Qwen2.5-0.5B,10,0.4166666666666667,last_token,remove_random,4,en,ko,mrr,0.6105982848987104,1024,2048,metric,,,,
Qwen/Qwen2.5-0.5B,10,0.4166666666666667,last_token,remove_random,4,en,ja,r1,0.5078125,1024,2048,metric,,,,
Qwen/Qwen2.5-0.5B,10,0.4166666666666667,last_token,remove_random,4,en,ja,mrr,0.6173637498979805,1024,2048,metric,,,,
Qwen/Qwen2.5-0.5B,10,0.4166666666666667,last_token,remove_random,4,en,zh,r1,0.701171875,1024,2048,metric,,,,
Qwen/Qwen2.5-0.5B,10,0.4166666666666667,last_token,remove_random,4,en,zh,mrr,0.7731846387124905,1024,2048,metric,,,,
Qwen/Qwen2.5-0.5B,10,0.4166666666666667,last_token,remove_random,4,ko,en,r1,0.44140625,1024,2048,metric,,,,
Qwen/Qwen2.5-0.5B,10,0.4166666666666667,last_token,remove_random,4,ko,en,mrr,0.5368422784143836,1024,2048,metric,,,,
Qwen/Qwen2.5-0.5B,10,0.4166666666666667,last_token,remove_random,4,ko,ja,r1,0.5859375,1024,2048,metric,,,,
Qwen/Qwen2.5-0.5B,10,0.4166666666666667,last_token,remove_random,4,ko,ja,mrr,0.6889588609767215,1024,2048,metric,,,,
Qwen/Qwen2.5-0.5B,10,0.4166666666666667,last_token,remove_random,4,ko,zh,r1,0.31640625,1024,2048,metric,,,,
Qwen/Qwen2.5-0.5B,10,0.4166666666666667,last_token,remove_random,4,ko,zh,mrr,0.42270041222228916,1024,2048,metric,,,,
Qwen/Qwen2.5-0.5B,10,0.4166666666666667,last_token,remove_random,4,ja,en,r1,0.4375,1024,2048,metric,,,,
Qwen/Qwen2.5-0.5B,10,0.4166666666666667,last_token,remove_random,4,ja,en,mrr,0.540038221462423,1024,2048,metric,,,,
Qwen/Qwen2.5-0.5B,10,0.4166666666666667,last_token,remove_random,4,ja,ko,r1,0.546875,1024,2048,metric,,,,
Qwen/Qwen2.5-0.5B,10,0.4166666666666667,last_token,remove_random,4,ja,ko,mrr,0.6323504674442019,1024,2048,metric,,,,
Qwen/Qwen2.5-0.5B,10,0.4166666666666667,last_token,remove_random,4,ja,zh,r1,0.384765625,1024,2048,metric,,,,
Qwen/Qwen2.5-0.5B,10,0.4166666666666667,last_token,remove_random,4,ja,zh,mrr,0.48765885618532956,1024,2048,metric,,,,
Qwen/Qwen2.5-0.5B,10,0.4166666666666667,last_token,remove_random,4,zh,en,r1,0.72265625,1024,2048,metric,,,,
Qwen/Qwen2.5-0.5B,10,0.4166666666666667,last_token,remove_random,4,zh,en,mrr,0.7930275287032553,1024,2048,metric,,,,
Qwen/Qwen2.5-0.5B,10,0.4166666666666667,last_token,remove_random,4,zh,ko,r1,0.4609375,1024,2048,metric,,,,
Qwen/Qwen2.5-0.5B,10,0.4166666666666667,last_token,remove_random,4,zh,ko,mrr,0.5600885372578625,1024,2048,metric,,,,
Qwen/Qwen2.5-0.5B,10,0.4166666666666667,last_token,remove_random,4,zh,ja,r1,0.421875,1024,2048,metric,,,,
Qwen/Qwen2.5-0.5B,10,0.4166666666666667,last_token,remove_random,4,zh,ja,mrr,0.546739572931707,1024,2048,metric,,,,
Qwen/Qwen2.5-0.5B,11,0.4583333333333333,last_token,remove_random,4,en,ko,r1,0.763671875,1024,2048,metric,,,,
Qwen/Qwen2.5-0.5B,11,0.4583333333333333,last_token,remove_random,4,en,ko,mrr,0.8175588882892573,1024,2048,metric,,,,
Qwen/Qwen2.5-0.5B,11,0.4583333333333333,last_token,remove_random,4,en,ja,r1,0.7890625,1024,2048,metric,,,,
Qwen/Qwen2.5-0.5B,11,0.4583333333333333,last_token,remove_random,4,en,ja,mrr,0.8572262528482343,1024,2048,metric,,,,
Qwen/Qwen2.5-0.5B,11,0.4583333333333333,last_token,remove_random,4,en,zh,r1,0.85546875,1024,2048,metric,,,,
Qwen/Qwen2.5-0.5B,11,0.4583333333333333,last_token,remove_random,4,en,zh,mrr,0.8961691957714147,1024,2048,metric,,,,
Qwen/Qwen2.5-0.5B,11,0.4583333333333333,last_token,remove_random,4,ko,en,r1,0.6796875,1024,2048,metric,,,,
Qwen/Qwen2.5-0.5B,11,0.4583333333333333,last_token,remove_random,4,ko,en,mrr,0.7496687295248474,1024,2048,metric,,,,
Qwen/Qwen2.5-0.5B,11,0.4583333333333333,last_token,remove_random,4,ko,ja,r1,0.787109375,1024,2048,metric,,,,
Qwen/Qwen2.5-0.5B,11,0.4583333333333333,last_token,remove_random,4,ko,ja,mrr,0.8381297582131597,1024,2048,metric,,,,
Qwen/Qwen2.5-0.5B,11,0.4583333333333333,last_token,remove_random,4,ko,zh,r1,0.51171875,1024,2048,metric,,,,
Qwen/Qwen2.5-0.5B,11,0.4583333333333333,last_token,remove_random,4,ko,zh,mrr,0.6088673818065289,1024,2048,metric,,,,
Qwen/Qwen2.5-0.5B,11,0.4583333333333333,last_token,remove_random,4,ja,en,r1,0.69140625,1024,2048,metric,,,,
Qwen/Qwen2.5-0.5B,11,0.4583333333333333,last_token,remove_random,4,ja,en,mrr,0.7578945342809542,1024,2048,metric,,,,
Qwen/Qwen2.5-0.5B,11,0.4583333333333333,last_token,remove_random,4,ja,ko,r1,0.701171875,1024,2048,metric,,,,
Qwen/Qwen2.5-0.5B,11,0.4583333333333333,last_token,remove_random,4,ja,ko,mrr,0.7726055001188759,1024,2048,metric,,,,
Qwen/Qwen2.5-0.5B,11,0.4583333333333333,last_token,remove_random,4,ja,zh,r1,0.591796875,1024,2048,metric,,,,
Qwen/Qwen2.5-0.5B,11,0.4583333333333333,last_token,remove_random,4,ja,zh,mrr,0.6762996282712146,1024,2048,metric,,,,
Qwen/Qwen2.5-0.5B,11,0.4583333333333333,last_token,remove_random,4,zh,en,r1,0.875,1024,2048,metric,,,,
Qwen/Qwen2.5-0.5B,11,0.4583333333333333,last_token,remove_random,4,zh,en,mrr,0.912312224583995,1024,2048,metric,,,,
Qwen/Qwen2.5-0.5B,11,0.4583333333333333,last_token,remove_random,4,zh,ko,r1,0.697265625,1024,2048,metric,,,,
Qwen/Qwen2.5-0.5B,11,0.4583333333333333,last_token,remove_random,4,zh,ko,mrr,0.7651540998630564,1024,2048,metric,,,,
Qwen/Qwen2.5-0.5B,11,0.4583333333333333,last_token,remove_random,4,zh,ja,r1,0.71875,1024,2048,metric,,,,
Qwen/Qwen2.5-0.5B,11,0.4583333333333333,last_token,remove_random,4,zh,ja,mrr,0.8009067505366587,1024,2048,metric,,,,
Qwen/Qwen2.5-0.5B,12,0.5,last_token,remove_random,4,en,ko,r1,0.708984375,1024,2048,metric,,,,
Qwen/Qwen2.5-0.5B,12,0.5,last_token,remove_random,4,en,ko,mrr,0.7727122287534991,1024,2048,metric,,,,
Qwen/Qwen2.5-0.5B,12,0.5,last_token,remove_random,4,en,ja,r1,0.744140625,1024,2048,metric,,,,
Qwen/Qwen2.5-0.5B,12,0.5,last_token,remove_random,4,en,ja,mrr,0.8193460741383376,1024,2048,metric,,,,
Qwen/Qwen2.5-0.5B,12,0.5,last_token,remove_random,4,en,zh,r1,0.8046875,1024,2048,metric,,,,
Qwen/Qwen2.5-0.5B,12,0.5,last_token,remove_random,4,en,zh,mrr,0.8579244835065902,1024,2048,metric,,,,
Qwen/Qwen2.5-0.5B,12,0.5,last_token,remove_random,4,ko,en,r1,0.6484375,1024,2048,metric,,,,
Qwen/Qwen2.5-0.5B,12,0.5,last_token,remove_random,4,ko,en,mrr,0.7180508553037621,1024,2048,metric,,,,
Qwen/Qwen2.5-0.5B,12,0.5,last_token,remove_random,4,ko,ja,r1,0.7265625,1024,2048,metric,,,,
Qwen/Qwen2.5-0.5B,12,0.5,last_token,remove_random,4,ko,ja,mrr,0.7951707316017804,1024,2048,metric,,,,
Qwen/Qwen2.5-0.5B,12,0.5,last_token,remove_random,4,ko,zh,r1,0.4765625,1024,2048,metric,,,,
Qwen/Qwen2.5-0.5B,12,0.5,last_token,remove_random,4,ko,zh,mrr,0.5715589055651844,1024,2048,metric,,,,
Qwen/Qwen2.5-0.5B,12,0.5,last_token,remove_random,4,ja,en,r1,0.66015625,1024,2048,metric,,,,
Qwen/Qwen2.5-0.5B,12,0.5,last_token,remove_random,4,ja,en,mrr,0.72357878048193,1024,2048,metric,,,,
Qwen/Qwen2.5-0.5B,12,0.5,last_token,remove_random,4,ja,ko,r1,0.708984375,1024,2048,metric,,,,
Qwen/Qwen2.5-0.5B,12,0.5,last_token,remove_random,4,ja,ko,mrr,0.7721404087044457,1024,2048,metric,,,,
Qwen/Qwen2.5-0.5B,12,0.5,last_token,remove_random,4,ja,zh,r1,0.529296875,1024,2048,metric,,,,
Qwen/Qwen2.5-0.5B,12,0.5,last_token,remove_random,4,ja,zh,mrr,0.6196228179056307,1024,2048,metric,,,,
Qwen/Qwen2.5-0.5B,12,0.5,last_token,remove_random,4,zh,en,r1,0.8125,1024,2048,metric,,,,
Qwen/Qwen2.5-0.5B,12,0.5,last_token,remove_random,4,zh,en,mrr,0.8596900868555464,1024,2048,metric,,,,
Qwen/Qwen2.5-0.5B,12,0.5,last_token,remove_random,4,zh,ko,r1,0.640625,1024,2048,metric,,,,
Qwen/Qwen2.5-0.5B,12,0.5,last_token,remove_random,4,zh,ko,mrr,0.7178312027067214,1024,2048,metric,,,,
Qwen/Qwen2.5-0.5B,12,0.5,last_token,remove_random,4,zh,ja,r1,0.650390625,1024,2048,metric,,,,
Qwen/Qwen2.5-0.5B,12,0.5,last_token,remove_random,4,zh,ja,mrr,0.7459042873598929,1024,2048,metric,,,,
Qwen/Qwen2.5-0.5B,13,0.5416666666666666,last_token,remove_random,4,en,ko,r1,0.6953125,1024,2048,metric,,,,
Qwen/Qwen2.5-0.5B,13,0.5416666666666666,last_token,remove_random,4,en,ko,mrr,0.7665731422085359,1024,2048,metric,,,,
Qwen/Qwen2.5-0.5B,13,0.5416666666666666,last_token,remove_random,4,en,ja,r1,0.71875,1024,2048,metric,,,,
Qwen/Qwen2.5-0.5B,13,0.5416666666666666,last_token,remove_random,4,en,ja,mrr,0.8066025196967277,1024,2048,metric,,,,
Qwen/Qwen2.5-0.5B,13,0.5416666666666666,last_token,remove_random,4,en,zh,r1,0.83203125,1024,2048,metric,,,,
Qwen/Qwen2.5-0.5B,13,0.5416666666666666,last_token,remove_random,4,en,zh,mrr,0.8782098449507649,1024,2048,metric,,,,
Qwen/Qwen2.5-0.5B,13,0.5416666666666666,last_token,remove_random,4,ko,en,r1,0.64453125,1024,2048,metric,,,,
Qwen/Qwen2.5-0.5B,13,0.5416666666666666,last_token,remove_random,4,ko,en,mrr,0.7152578707070709,1024,2048,metric,,,,
Qwen/Qwen2.5-0.5B,13,0.5416666666666666,last_token,remove_random,4,ko,ja,r1,0.744140625,1024,2048,metric,,,,
Qwen/Qwen2.5-0.5B,13,0.5416666666666666,last_token,remove_random,4,ko,ja,mrr,0.8112324729575988,1024,2048,metric,,,,
Qwen/Qwen2.5-0.5B,13,0.5416666666666666,last_token,remove_random,4,ko,zh,r1,0.5234375,1024,2048,metric,,,,
Qwen/Qwen2.5-0.5B,13,0.5416666666666666,last_token,remove_random,4,ko,zh,mrr,0.6138613783576146,1024,2048,metric,,,,
Qwen/Qwen2.5-0.5B,13,0.5416666666666666,last_token,remove_random,4,ja,en,r1,0.681640625,1024,2048,metric,,,,
Qwen/Qwen2.5-0.5B,13,0.5416666666666666,last_token,remove_random,4,ja,en,mrr,0.7499590808158467,1024,2048,metric,,,,
Qwen/Qwen2.5-0.5B,13,0.5416666666666666,last_token,remove_random,4,ja,ko,r1,0.703125,1024,2048,metric,,,,
Qwen/Qwen2.5-0.5B,13,0.5416666666666666,last_token,remove_random,4,ja,ko,mrr,0.763116781661054,1024,2048,metric,,,,
Qwen/Qwen2.5-0.5B,13,0.5416666666666666,last_token,remove_random,4,ja,zh,r1,0.591796875,1024,2048,metric,,,,
Qwen/Qwen2.5-0.5B,13,0.5416666666666666,last_token,remove_random,4,ja,zh,mrr,0.6705902889127426,1024,2048,metric,,,,
Qwen/Qwen2.5-0.5B,13,0.5416666666666666,last_token,remove_random,4,zh,en,r1,0.83984375,1024,2048,metric,,,,
Qwen/Qwen2.5-0.5B,13,0.5416666666666666,last_token,remove_random,4,zh,en,mrr,0.8825901612716582,1024,2048,metric,,,,
Qwen/Qwen2.5-0.5B,13,0.5416666666666666,last_token,remove_random,4,zh,ko,r1,0.638671875,1024,2048,metric,,,,
Qwen/Qwen2.5-0.5B,13,0.5416666666666666,last_token,remove_random,4,zh,ko,mrr,0.7201904325596719,1024,2048,metric,,,,
Qwen/Qwen2.5-0.5B,13,0.5416666666666666,last_token,remove_random,4,zh,ja,r1,0.611328125,1024,2048,metric,,,,
Qwen/Qwen2.5-0.5B,13,0.5416666666666666,last_token,remove_random,4,zh,ja,mrr,0.7217797260790368,1024,2048,metric,,,,
Qwen/Qwen2.5-0.5B,14,0.5833333333333334,last_token,remove_random,4,en,ko,r1,0.61328125,1024,2048,metric,,,,
Qwen/Qwen2.5-0.5B,14,0.5833333333333334,last_token,remove_random,4,en,ko,mrr,0.7086474922669157,1024,2048,metric,,,,
Qwen/Qwen2.5-0.5B,14,0.5833333333333334,last_token,remove_random,4,en,ja,r1,0.6328125,1024,2048,metric,,,,
Qwen/Qwen2.5-0.5B,14,0.5833333333333334,last_token,remove_random,4,en,ja,mrr,0.7382697353709142,1024,2048,metric,,,,
Qwen/Qwen2.5-0.5B,14,0.5833333333333334,last_token,remove_random,4,en,zh,r1,0.798828125,1024,2048,metric,,,,
Qwen/Qwen2.5-0.5B,14,0.5833333333333334,last_token,remove_random,4,en,zh,mrr,0.8503377979659608,1024,2048,metric,,,,
Qwen/Qwen2.5-0.5B,14,0.5833333333333334,last_token,remove_random,4,ko,en,r1,0.6015625,1024,2048,metric,,,,
Qwen/Qwen2.5-0.5B,14,0.5833333333333334,last_token,remove_random,4,ko,en,mrr,0.6783966256305263,1024,2048,metric,,,,
Qwen/Qwen2.5-0.5B,14,0.5833333333333334,last_token,remove_random,4,ko,ja,r1,0.69140625,1024,2048,metric,,,,
Qwen/Qwen2.5-0.5B,14,0.5833333333333334,last_token,remove_random,4,ko,ja,mrr,0.7684210128072926,1024,2048,metric,,,,
Qwen/Qwen2.5-0.5B,14,0.5833333333333334,last_token,remove_random,4,ko,zh,r1,0.48828125,1024,2048,metric,,,,
Qwen/Qwen2.5-0.5B,14,0.5833333333333334,last_token,remove_random,4,ko,zh,mrr,0.569843405691118,1024,2048,metric,,,,
Qwen/Qwen2.5-0.5B,14,0.5833333333333334,last_token,remove_random,4,ja,en,r1,0.650390625,1024,2048,metric,,,,
Qwen/Qwen2.5-0.5B,14,0.5833333333333334,last_token,remove_random,4,ja,en,mrr,0.7143032149919434,1024,2048,metric,,,,
Qwen/Qwen2.5-0.5B,14,0.5833333333333334,last_token,remove_random,4,ja,ko,r1,0.66796875,1024,2048,metric,,,,
Qwen/Qwen2.5-0.5B,14,0.5833333333333334,last_token,remove_random,4,ja,ko,mrr,0.7348217536124112,1024,2048,metric,,,,
Qwen/Qwen2.5-0.5B,14,0.5833333333333334,last_token,remove_random,4,ja,zh,r1,0.509765625,1024,2048,metric,,,,
Qwen/Qwen2.5-0.5B,14,0.5833333333333334,last_token,remove_random,4,ja,zh,mrr,0.6018935446471769,1024,2048,metric,,,,
Qwen/Qwen2.5-0.5B,14,0.5833333333333334,last_token,remove_random,4,zh,en,r1,0.826171875,1024,2048,metric,,,,
Qwen/Qwen2.5-0.5B,14,0.5833333333333334,last_token,remove_random,4,zh,en,mrr,0.8696793253828483,1024,2048,metric,,,,
Qwen/Qwen2.5-0.5B,14,0.5833333333333334,last_token,remove_random,4,zh,ko,r1,0.591796875,1024,2048,metric,,,,
Qwen/Qwen2.5-0.5B,14,0.5833333333333334,last_token,remove_random,4,zh,ko,mrr,0.6805760566524323,1024,2048,metric,,,,
Qwen/Qwen2.5-0.5B,14,0.5833333333333334,last_token,remove_random,4,zh,ja,r1,0.5859375,1024,2048,metric,,,,
Qwen/Qwen2.5-0.5B,14,0.5833333333333334,last_token,remove_random,4,zh,ja,mrr,0.6898427636579311,1024,2048,metric,,,,
Qwen/Qwen2.5-0.5B,15,0.625,last_token,remove_random,4,en,ko,r1,0.73828125,1024,2048,metric,,,,
Qwen/Qwen2.5-0.5B,15,0.625,last_token,remove_random,4,en,ko,mrr,0.8006710665447908,1024,2048,metric,,,,
Qwen/Qwen2.5-0.5B,15,0.625,last_token,remove_random,4,en,ja,r1,0.791015625,1024,2048,metric,,,,
Qwen/Qwen2.5-0.5B,15,0.625,last_token,remove_random,4,en,ja,mrr,0.8601564489656404,1024,2048,metric,,,,
Qwen/Qwen2.5-0.5B,15,0.625,last_token,remove_random,4,en,zh,r1,0.8671875,1024,2048,metric,,,,
Qwen/Qwen2.5-0.5B,15,0.625,last_token,remove_random,4,en,zh,mrr,0.9024249718266052,1024,2048,metric,,,,
Qwen/Qwen2.5-0.5B,15,0.625,last_token,remove_random,4,ko,en,r1,0.66796875,1024,2048,metric,,,,
Qwen/Qwen2.5-0.5B,15,0.625,last_token,remove_random,4,ko,en,mrr,0.74218550865221,1024,2048,metric,,,,
Qwen/Qwen2.5-0.5B,15,0.625,last_token,remove_random,4,ko,ja,r1,0.80078125,1024,2048,metric,,,,
Qwen/Qwen2.5-0.5B,15,0.625,last_token,remove_random,4,ko,ja,mrr,0.8493963420761076,1024,2048,metric,,,,
Qwen/Qwen2.5-0.5B,15,0.625,last_token,remove_random,4,ko,zh,r1,0.58203125,1024,2048,metric,,,,
Qwen/Qwen2.5-0.5B,15,0.625,last_token,remove_random,4,ko,zh,mrr,0.6657824785194966,1024,2048,metric,,,,
Qwen/Qwen2.5-0.5B,15,0.625,last_token,remove_random,4,ja,en,r1,0.744140625,1024,2048,metric,,,,
Qwen/Qwen2.5-0.5B,15,0.625,last_token,remove_random,4,ja,en,mrr,0.8029580224935994,1024,2048,metric,,,,
Qwen/Qwen2.5-0.5B,15,0.625,last_token,remove_random,4,ja,ko,r1,0.77734375,1024,2048,metric,,,,
Qwen/Qwen2.5-0.5B,15,0.625,last_token,remove_random,4,ja,ko,mrr,0.8257301504306036,1024,2048,metric,,,,
Qwen/Qwen2.5-0.5B,15,0.625,last_token,remove_random,4,ja,zh,r1,0.677734375,1024,2048,metric,,,,
Qwen/Qwen2.5-0.5B,15,0.625,last_token,remove_random,4,ja,zh,mrr,0.7552281980285198,1024,2048,metric,,,,
Qwen/Qwen2.5-0.5B,15,0.625,last_token,remove_random,4,zh,en,r1,0.873046875,1024,2048,metric,,,,
Qwen/Qwen2.5-0.5B,15,0.625,last_token,remove_random,4,zh,en,mrr,0.9078924091619114,1024,2048,metric,,,,
Qwen/Qwen2.5-0.5B,15,0.625,last_token,remove_random,4,zh,ko,r1,0.69921875,1024,2048,metric,,,,
Qwen/Qwen2.5-0.5B,15,0.625,last_token,remove_random,4,zh,ko,mrr,0.7662435472512166,1024,2048,metric,,,,
Qwen/Qwen2.5-0.5B,15,0.625,last_token,remove_random,4,zh,ja,r1,0.75390625,1024,2048,metric,,,,
Qwen/Qwen2.5-0.5B,15,0.625,last_token,remove_random,4,zh,ja,mrr,0.8296827784473357,1024,2048,metric,,,,
Qwen/Qwen2.5-0.5B,16,0.6666666666666666,last_token,remove_random,4,en,ko,r1,0.658203125,1024,2048,metric,,,,
Qwen/Qwen2.5-0.5B,16,0.6666666666666666,last_token,remove_random,4,en,ko,mrr,0.7415491574875047,1024,2048,metric,,,,
Qwen/Qwen2.5-0.5B,16,0.6666666666666666,last_token,remove_random,4,en,ja,r1,0.736328125,1024,2048,metric,,,,
Qwen/Qwen2.5-0.5B,16,0.6666666666666666,last_token,remove_random,4,en,ja,mrr,0.8260636236854508,1024,2048,metric,,,,
Qwen/Qwen2.5-0.5B,16,0.6666666666666666,last_token,remove_random,4,en,zh,r1,0.814453125,1024,2048,metric,,,,
Qwen/Qwen2.5-0.5B,16,0.6666666666666666,last_token,remove_random,4,en,zh,mrr,0.860455140203189,1024,2048,metric,,,,
Qwen/Qwen2.5-0.5B,16,0.6666666666666666,last_token,remove_random,4,ko,en,r1,0.537109375,1024,2048,metric,,,,
Qwen/Qwen2.5-0.5B,16,0.6666666666666666,last_token,remove_random,4,ko,en,mrr,0.625197052567299,1024,2048,metric,,,,
Qwen/Qwen2.5-0.5B,16,0.6666666666666666,last_token,remove_random,4,ko,ja,r1,0.771484375,1024,2048,metric,,,,
Qwen/Qwen2.5-0.5B,16,0.6666666666666666,last_token,remove_random,4,ko,ja,mrr,0.8245338302529528,1024,2048,metric,,,,
Qwen/Qwen2.5-0.5B,16,0.6666666666666666,last_token,remove_random,4,ko,zh,r1,0.5,1024,2048,metric,,,,
Qwen/Qwen2.5-0.5B,16,0.6666666666666666,last_token,remove_random,4,ko,zh,mrr,0.5712391086286347,1024,2048,metric,,,,
Qwen/Qwen2.5-0.5B,16,0.6666666666666666,last_token,remove_random,4,ja,en,r1,0.611328125,1024,2048,metric,,,,
Qwen/Qwen2.5-0.5B,16,0.6666666666666666,last_token,remove_random,4,ja,en,mrr,0.6900784933010288,1024,2048,metric,,,,
Qwen/Qwen2.5-0.5B,16,0.6666666666666666,last_token,remove_random,4,ja,ko,r1,0.75,1024,2048,metric,,,,
Qwen/Qwen2.5-0.5B,16,0.6666666666666666,last_token,remove_random,4,ja,ko,mrr,0.8033468115970626,1024,2048,metric,,,,
Qwen/Qwen2.5-0.5B,16,0.6666666666666666,last_token,remove_random,4,ja,zh,r1,0.560546875,1024,2048,metric,,,,
Qwen/Qwen2.5-0.5B,16,0.6666666666666666,last_token,remove_random,4,ja,zh,mrr,0.6375934341699596,1024,2048,metric,,,,
Qwen/Qwen2.5-0.5B,16,0.6666666666666666,last_token,remove_random,4,zh,en,r1,0.80078125,1024,2048,metric,,,,
Qwen/Qwen2.5-0.5B,16,0.6666666666666666,last_token,remove_random,4,zh,en,mrr,0.8570817455346909,1024,2048,metric,,,,
Qwen/Qwen2.5-0.5B,16,0.6666666666666666,last_token,remove_random,4,zh,ko,r1,0.630859375,1024,2048,metric,,,,
Qwen/Qwen2.5-0.5B,16,0.6666666666666666,last_token,remove_random,4,zh,ko,mrr,0.7113163282710501,1024,2048,metric,,,,
Qwen/Qwen2.5-0.5B,16,0.6666666666666666,last_token,remove_random,4,zh,ja,r1,0.6875,1024,2048,metric,,,,
Qwen/Qwen2.5-0.5B,16,0.6666666666666666,last_token,remove_random,4,zh,ja,mrr,0.7823789859403717,1024,2048,metric,,,,
Qwen/Qwen2.5-0.5B,17,0.7083333333333334,last_token,remove_random,4,en,ko,r1,0.59765625,1024,2048,metric,,,,
Qwen/Qwen2.5-0.5B,17,0.7083333333333334,last_token,remove_random,4,en,ko,mrr,0.6947282849087243,1024,2048,metric,,,,
Qwen/Qwen2.5-0.5B,17,0.7083333333333334,last_token,remove_random,4,en,ja,r1,0.689453125,1024,2048,metric,,,,
Qwen/Qwen2.5-0.5B,17,0.7083333333333334,last_token,remove_random,4,en,ja,mrr,0.7855180117915384,1024,2048,metric,,,,
Qwen/Qwen2.5-0.5B,17,0.7083333333333334,last_token,remove_random,4,en,zh,r1,0.72265625,1024,2048,metric,,,,
Qwen/Qwen2.5-0.5B,17,0.7083333333333334,last_token,remove_random,4,en,zh,mrr,0.7828348302235166,1024,2048,metric,,,,
Qwen/Qwen2.5-0.5B,17,0.7083333333333334,last_token,remove_random,4,ko,en,r1,0.470703125,1024,2048,metric,,,,
Qwen/Qwen2.5-0.5B,17,0.7083333333333334,last_token,remove_random,4,ko,en,mrr,0.5677728656587402,1024,2048,metric,,,,
Qwen/Qwen2.5-0.5B,17,0.7083333333333334,last_token,remove_random,4,ko,ja,r1,0.7109375,1024,2048,metric,,,,
Qwen/Qwen2.5-0.5B,17,0.7083333333333334,last_token,remove_random,4,ko,ja,mrr,0.7809739698309869,1024,2048,metric,,,,
Qwen/Qwen2.5-0.5B,17,0.7083333333333334,last_token,remove_random,4,ko,zh,r1,0.43359375,1024,2048,metric,,,,
Qwen/Qwen2.5-0.5B,17,0.7083333333333334,last_token,remove_random,4,ko,zh,mrr,0.5055440961231694,1024,2048,metric,,,,
Qwen/Qwen2.5-0.5B,17,0.7083333333333334,last_token,remove_random,4,ja,en,r1,0.552734375,1024,2048,metric,,,,
Qwen/Qwen2.5-0.5B,17,0.7083333333333334,last_token,remove_random,4,ja,en,mrr,0.6386907842283094,1024,2048,metric,,,,
Qwen/Qwen2.5-0.5B,17,0.7083333333333334,last_token,remove_random,4,ja,ko,r1,0.708984375,1024,2048,metric,,,,
Qwen/Qwen2.5-0.5B,17,0.7083333333333334,last_token,remove_random,4,ja,ko,mrr,0.7669289955602067,1024,2048,metric,,,,
Qwen/Qwen2.5-0.5B,17,0.7083333333333334,last_token,remove_random,4,ja,zh,r1,0.509765625,1024,2048,metric,,,,
Qwen/Qwen2.5-0.5B,17,0.7083333333333334,last_token,remove_random,4,ja,zh,mrr,0.5842047964824191,1024,2048,metric,,,,
Qwen/Qwen2.5-0.5B,17,0.7083333333333334,last_token,remove_random,4,zh,en,r1,0.732421875,1024,2048,metric,,,,
Qwen/Qwen2.5-0.5B,17,0.7083333333333334,last_token,remove_random,4,zh,en,mrr,0.7962030280669711,1024,2048,metric,,,,
Qwen/Qwen2.5-0.5B,17,0.7083333333333334,last_token,remove_random,4,zh,ko,r1,0.595703125,1024,2048,metric,,,,
Qwen/Qwen2.5-0.5B,17,0.7083333333333334,last_token,remove_random,4,zh,ko,mrr,0.6827425746375666,1024,2048,metric,,,,
Qwen/Qwen2.5-0.5B,17,0.7083333333333334,last_token,remove_random,4,zh,ja,r1,0.69140625,1024,2048,metric,,,,
Qwen/Qwen2.5-0.5B,17,0.7083333333333334,last_token,remove_random,4,zh,ja,mrr,0.7748315586901814,1024,2048,metric,,,,
Qwen/Qwen2.5-0.5B,18,0.75,last_token,remove_random,4,en,ko,r1,0.484375,1024,2048,metric,,,,
Qwen/Qwen2.5-0.5B,18,0.75,last_token,remove_random,4,en,ko,mrr,0.5931687407588091,1024,2048,metric,,,,
Qwen/Qwen2.5-0.5B,18,0.75,last_token,remove_random,4,en,ja,r1,0.52734375,1024,2048,metric,,,,
Qwen/Qwen2.5-0.5B,18,0.75,last_token,remove_random,4,en,ja,mrr,0.6541136164239465,1024,2048,metric,,,,
Qwen/Qwen2.5-0.5B,18,0.75,last_token,remove_random,4,en,zh,r1,0.669921875,1024,2048,metric,,,,
Qwen/Qwen2.5-0.5B,18,0.75,last_token,remove_random,4,en,zh,mrr,0.7295102589822005,1024,2048,metric,,,,
Qwen/Qwen2.5-0.5B,18,0.75,last_token,remove_random,4,ko,en,r1,0.3515625,1024,2048,metric,,,,
Qwen/Qwen2.5-0.5B,18,0.75,last_token,remove_random,4,ko,en,mrr,0.45279244046946754,1024,2048,metric,,,,
Qwen/Qwen2.5-0.5B,18,0.75,last_token,remove_random,4,ko,ja,r1,0.623046875,1024,2048,metric,,,,
Qwen/Qwen2.5-0.5B,18,0.75,last_token,remove_random,4,ko,ja,mrr,0.7164914325769356,1024,2048,metric,,,,
Qwen/Qwen2.5-0.5B,18,0.75,last_token,remove_random,4,ko,zh,r1,0.349609375,1024,2048,metric,,,,
Qwen/Qwen2.5-0.5B,18,0.75,last_token,remove_random,4,ko,zh,mrr,0.44061704930479695,1024,2048,metric,,,,
Qwen/Qwen2.5-0.5B,18,0.75,last_token,remove_random,4,ja,en,r1,0.419921875,1024,2048,metric,,,,
Qwen/Qwen2.5-0.5B,18,0.75,last_token,remove_random,4,ja,en,mrr,0.5265200038241149,1024,2048,metric,,,,
Qwen/Qwen2.5-0.5B,18,0.75,last_token,remove_random,4,ja,ko,r1,0.60546875,1024,2048,metric,,,,
Qwen/Qwen2.5-0.5B,18,0.75,last_token,remove_random,4,ja,ko,mrr,0.6891243058847942,1024,2048,metric,,,,
Qwen/Qwen2.5-0.5B,18,0.75,last_token,remove_random,4,ja,zh,r1,0.443359375,1024,2048,metric,,,,
Qwen/Qwen2.5-0.5B,18,0.75,last_token,remove_random,4,ja,zh,mrr,0.5248189010833072,1024,2048,metric,,,,
Qwen/Qwen2.5-0.5B,18,0.75,last_token,remove_random,4,zh,en,r1,0.611328125,1024,2048,metric,,,,
Qwen/Qwen2.5-0.5B,18,0.75,last_token,remove_random,4,zh,en,mrr,0.696700498255846,1024,2048,metric,,,,
Qwen/Qwen2.5-0.5B,18,0.75,last_token,remove_random,4,zh,ko,r1,0.4921875,1024,2048,metric,,,,
Qwen/Qwen2.5-0.5B,18,0.75,last_token,remove_random,4,zh,ko,mrr,0.5886269276295235,1024,2048,metric,,,,
Qwen/Qwen2.5-0.5B,18,0.75,last_token,remove_random,4,zh,ja,r1,0.453125,1024,2048,metric,,,,
Qwen/Qwen2.5-0.5B,18,0.75,last_token,remove_random,4,zh,ja,mrr,0.5761802780571668,1024,2048,metric,,,,
Qwen/Qwen2.5-0.5B,19,0.7916666666666666,last_token,remove_random,4,en,ko,r1,0.3515625,1024,2048,metric,,,,
Qwen/Qwen2.5-0.5B,19,0.7916666666666666,last_token,remove_random,4,en,ko,mrr,0.47194818035680286,1024,2048,metric,,,,
Qwen/Qwen2.5-0.5B,19,0.7916666666666666,last_token,remove_random,4,en,ja,r1,0.541015625,1024,2048,metric,,,,
Qwen/Qwen2.5-0.5B,19,0.7916666666666666,last_token,remove_random,4,en,ja,mrr,0.6616274461397343,1024,2048,metric,,,,
Qwen/Qwen2.5-0.5B,19,0.7916666666666666,last_token,remove_random,4,en,zh,r1,0.685546875,1024,2048,metric,,,,
Qwen/Qwen2.5-0.5B,19,0.7916666666666666,last_token,remove_random,4,en,zh,mrr,0.7484354781863777,1024,2048,metric,,,,
Qwen/Qwen2.5-0.5B,19,0.7916666666666666,last_token,remove_random,4,ko,en,r1,0.3125,1024,2048,metric,,,,
Qwen/Qwen2.5-0.5B,19,0.7916666666666666,last_token,remove_random,4,ko,en,mrr,0.41825222596614936,1024,2048,metric,,,,
Qwen/Qwen2.5-0.5B,19,0.7916666666666666,last_token,remove_random,4,ko,ja,r1,0.630859375,1024,2048,metric,,,,
Qwen/Qwen2.5-0.5B,19,0.7916666666666666,last_token,remove_random,4,ko,ja,mrr,0.7169911685620275,1024,2048,metric,,,,
Qwen/Qwen2.5-0.5B,19,0.7916666666666666,last_token,remove_random,4,ko,zh,r1,0.35546875,1024,2048,metric,,,,
Qwen/Qwen2.5-0.5B,19,0.7916666666666666,last_token,remove_random,4,ko,zh,mrr,0.4423854255976508,1024,2048,metric,,,,
Qwen/Qwen2.5-0.5B,19,0.7916666666666666,last_token,remove_random,4,ja,en,r1,0.404296875,1024,2048,metric,,,,
Qwen/Qwen2.5-0.5B,19,0.7916666666666666,last_token,remove_random,4,ja,en,mrr,0.5181375710292426,1024,2048,metric,,,,
Qwen/Qwen2.5-0.5B,19,0.7916666666666666,last_token,remove_random,4,ja,ko,r1,0.55859375,1024,2048,metric,,,,
Qwen/Qwen2.5-0.5B,19,0.7916666666666666,last_token,remove_random,4,ja,ko,mrr,0.6526923250863119,1024,2048,metric,,,,
Qwen/Qwen2.5-0.5B,19,0.7916666666666666,last_token,remove_random,4,ja,zh,r1,0.4296875,1024,2048,metric,,,,
Qwen/Qwen2.5-0.5B,19,0.7916666666666666,last_token,remove_random,4,ja,zh,mrr,0.5204374066232332,1024,2048,metric,,,,
Qwen/Qwen2.5-0.5B,19,0.7916666666666666,last_token,remove_random,4,zh,en,r1,0.638671875,1024,2048,metric,,,,
Qwen/Qwen2.5-0.5B,19,0.7916666666666666,last_token,remove_random,4,zh,en,mrr,0.7205209248949223,1024,2048,metric,,,,
Qwen/Qwen2.5-0.5B,19,0.7916666666666666,last_token,remove_random,4,zh,ko,r1,0.333984375,1024,2048,metric,,,,
Qwen/Qwen2.5-0.5B,19,0.7916666666666666,last_token,remove_random,4,zh,ko,mrr,0.45626956427048226,1024,2048,metric,,,,
Qwen/Qwen2.5-0.5B,19,0.7916666666666666,last_token,remove_random,4,zh,ja,r1,0.443359375,1024,2048,metric,,,,
Qwen/Qwen2.5-0.5B,19,0.7916666666666666,last_token,remove_random,4,zh,ja,mrr,0.5634161893673694,1024,2048,metric,,,,
Qwen/Qwen2.5-0.5B,20,0.8333333333333334,last_token,remove_random,4,en,ko,r1,0.333984375,1024,2048,metric,,,,
Qwen/Qwen2.5-0.5B,20,0.8333333333333334,last_token,remove_random,4,en,ko,mrr,0.46185155745603196,1024,2048,metric,,,,
Qwen/Qwen2.5-0.5B,20,0.8333333333333334,last_token,remove_random,4,en,ja,r1,0.56640625,1024,2048,metric,,,,
Qwen/Qwen2.5-0.5B,20,0.8333333333333334,last_token,remove_random,4,en,ja,mrr,0.6860812763455351,1024,2048,metric,,,,
Qwen/Qwen2.5-0.5B,20,0.8333333333333334,last_token,remove_random,4,en,zh,r1,0.671875,1024,2048,metric,,,,
Qwen/Qwen2.5-0.5B,20,0.8333333333333334,last_token,remove_random,4,en,zh,mrr,0.7459151915670377,1024,2048,metric,,,,
Qwen/Qwen2.5-0.5B,20,0.8333333333333334,last_token,remove_random,4,ko,en,r1,0.267578125,1024,2048,metric,,,,
Qwen/Qwen2.5-0.5B,20,0.8333333333333334,last_token,remove_random,4,ko,en,mrr,0.3598799951213405,1024,2048,metric,,,,
Qwen/Qwen2.5-0.5B,20,0.8333333333333334,last_token,remove_random,4,ko,ja,r1,0.568359375,1024,2048,metric,,,,
Qwen/Qwen2.5-0.5B,20,0.8333333333333334,last_token,remove_random,4,ko,ja,mrr,0.6696652852281534,1024,2048,metric,,,,
Qwen/Qwen2.5-0.5B,20,0.8333333333333334,last_token,remove_random,4,ko,zh,r1,0.26171875,1024,2048,metric,,,,
Qwen/Qwen2.5-0.5B,20,0.8333333333333334,last_token,remove_random,4,ko,zh,mrr,0.37254260528572836,1024,2048,metric,,,,
Qwen/Qwen2.5-0.5B,20,0.8333333333333334,last_token,remove_random,4,ja,en,r1,0.302734375,1024,2048,metric,,,,
Qwen/Qwen2.5-0.5B,20,0.8333333333333334,last_token,remove_random,4,ja,en,mrr,0.4160321057997235,1024,2048,metric,,,,
Qwen/Qwen2.5-0.5B,20,0.8333333333333334,last_token,remove_random,4,ja,ko,r1,0.451171875,1024,2048,metric,,,,
Qwen/Qwen2.5-0.5B,20,0.8333333333333334,last_token,remove_random,4,ja,ko,mrr,0.5706944186750273,1024,2048,metric,,,,
Qwen/Qwen2.5-0.5B,20,0.8333333333333334,last_token,remove_random,4,ja,zh,r1,0.404296875,1024,2048,metric,,,,
Qwen/Qwen2.5-0.5B,20,0.8333333333333334,last_token,remove_random,4,ja,zh,mrr,0.510281724424863,1024,2048,metric,,,,
Qwen/Qwen2.5-0.5B,20,0.8333333333333334,last_token,remove_random,4,zh,en,r1,0.55859375,1024,2048,metric,,,,
Qwen/Qwen2.5-0.5B,20,0.8333333333333334,last_token,remove_random,4,zh,en,mrr,0.6517103199286565,1024,2048,metric,,,,
Qwen/Qwen2.5-0.5B,20,0.8333333333333334,last_token,remove_random,4,zh,ko,r1,0.341796875,1024,2048,metric,,,,
Qwen/Qwen2.5-0.5B,20,0.8333333333333334,last_token,remove_random,4,zh,ko,mrr,0.4642865996511355,1024,2048,metric,,,,
Qwen/Qwen2.5-0.5B,20,0.8333333333333334,last_token,remove_random,4,zh,ja,r1,0.5,1024,2048,metric,,,,
Qwen/Qwen2.5-0.5B,20,0.8333333333333334,last_token,remove_random,4,zh,ja,mrr,0.6235506612347849,1024,2048,metric,,,,
Qwen/Qwen2.5-0.5B,21,0.875,last_token,remove_random,4,en,ko,r1,0.46875,1024,2048,metric,,,,
Qwen/Qwen2.5-0.5B,21,0.875,last_token,remove_random,4,en,ko,mrr,0.5879358267386947,1024,2048,metric,,,,
Qwen/Qwen2.5-0.5B,21,0.875,last_token,remove_random,4,en,ja,r1,0.5625,1024,2048,metric,,,,
Qwen/Qwen2.5-0.5B,21,0.875,last_token,remove_random,4,en,ja,mrr,0.6799551472919977,1024,2048,metric,,,,
Qwen/Qwen2.5-0.5B,21,0.875,last_token,remove_random,4,en,zh,r1,0.798828125,1024,2048,metric,,,,
Qwen/Qwen2.5-0.5B,21,0.875,last_token,remove_random,4,en,zh,mrr,0.8632271787033456,1024,2048,metric,,,,
Qwen/Qwen2.5-0.5B,21,0.875,last_token,remove_random,4,ko,en,r1,0.23828125,1024,2048,metric,,,,
Qwen/Qwen2.5-0.5B,21,0.875,last_token,remove_random,4,ko,en,mrr,0.3557841747613461,1024,2048,metric,,,,
Qwen/Qwen2.5-0.5B,21,0.875,last_token,remove_random,4,ko,ja,r1,0.3828125,1024,2048,metric,,,,
Qwen/Qwen2.5-0.5B,21,0.875,last_token,remove_random,4,ko,ja,mrr,0.5099245278984925,1024,2048,metric,,,,
Qwen/Qwen2.5-0.5B,21,0.875,last_token,remove_random,4,ko,zh,r1,0.384765625,1024,2048,metric,,,,
Qwen/Qwen2.5-0.5B,21,0.875,last_token,remove_random,4,ko,zh,mrr,0.49623224675841626,1024,2048,metric,,,,
Qwen/Qwen2.5-0.5B,21,0.875,last_token,remove_random,4,ja,en,r1,0.439453125,1024,2048,metric,,,,
Qwen/Qwen2.5-0.5B,21,0.875,last_token,remove_random,4,ja,en,mrr,0.5671268300429755,1024,2048,metric,,,,
Qwen/Qwen2.5-0.5B,21,0.875,last_token,remove_random,4,ja,ko,r1,0.650390625,1024,2048,metric,,,,
Qwen/Qwen2.5-0.5B,21,0.875,last_token,remove_random,4,ja,ko,mrr,0.7453298895464434,1024,2048,metric,,,,
Qwen/Qwen2.5-0.5B,21,0.875,last_token,remove_random,4,ja,zh,r1,0.646484375,1024,2048,metric,,,,
Qwen/Qwen2.5-0.5B,21,0.875,last_token,remove_random,4,ja,zh,mrr,0.7291253734512392,1024,2048,metric,,,,
Qwen/Qwen2.5-0.5B,21,0.875,last_token,remove_random,4,zh,en,r1,0.701171875,1024,2048,metric,,,,
Qwen/Qwen2.5-0.5B,21,0.875,last_token,remove_random,4,zh,en,mrr,0.7893049591780253,1024,2048,metric,,,,
Qwen/Qwen2.5-0.5B,21,0.875,last_token,remove_random,4,zh,ko,r1,0.509765625,1024,2048,metric,,,,
Qwen/Qwen2.5-0.5B,21,0.875,last_token,remove_random,4,zh,ko,mrr,0.6190404716985933,1024,2048,metric,,,,
Qwen/Qwen2.5-0.5B,21,0.875,last_token,remove_random,4,zh,ja,r1,0.5078125,1024,2048,metric,,,,
Qwen/Qwen2.5-0.5B,21,0.875,last_token,remove_random,4,zh,ja,mrr,0.629295405571699,1024,2048,metric,,,,
Qwen/Qwen2.5-0.5B,22,0.9166666666666666,last_token,remove_random,4,en,ko,r1,0.515625,1024,2048,metric,,,,
Qwen/Qwen2.5-0.5B,22,0.9166666666666666,last_token,remove_random,4,en,ko,mrr,0.6363275392694406,1024,2048,metric,,,,
Qwen/Qwen2.5-0.5B,22,0.9166666666666666,last_token,remove_random,4,en,ja,r1,0.65234375,1024,2048,metric,,,,
Qwen/Qwen2.5-0.5B,22,0.9166666666666666,last_token,remove_random,4,en,ja,mrr,0.7579598635662483,1024,2048,metric,,,,
Qwen/Qwen2.5-0.5B,22,0.9166666666666666,last_token,remove_random,4,en,zh,r1,0.810546875,1024,2048,metric,,,,
Qwen/Qwen2.5-0.5B,22,0.9166666666666666,last_token,remove_random,4,en,zh,mrr,0.8787995332399194,1024,2048,metric,,,,
Qwen/Qwen2.5-0.5B,22,0.9166666666666666,last_token,remove_random,4,ko,en,r1,0.234375,1024,2048,metric,,,,
Qwen/Qwen2.5-0.5B,22,0.9166666666666666,last_token,remove_random,4,ko,en,mrr,0.32536163458011247,1024,2048,metric,,,,
Qwen/Qwen2.5-0.5B,22,0.9166666666666666,last_token,remove_random,4,ko,ja,r1,0.462890625,1024,2048,metric,,,,
Qwen/Qwen2.5-0.5B,22,0.9166666666666666,last_token,remove_random,4,ko,ja,mrr,0.5846988963007858,1024,2048,metric,,,,
Qwen/Qwen2.5-0.5B,22,0.9166666666666666,last_token,remove_random,4,ko,zh,r1,0.380859375,1024,2048,metric,,,,
Qwen/Qwen2.5-0.5B,22,0.9166666666666666,last_token,remove_random,4,ko,zh,mrr,0.4938164087410163,1024,2048,metric,,,,
Qwen/Qwen2.5-0.5B,22,0.9166666666666666,last_token,remove_random,4,ja,en,r1,0.4765625,1024,2048,metric,,,,
Qwen/Qwen2.5-0.5B,22,0.9166666666666666,last_token,remove_random,4,ja,en,mrr,0.5886068215059266,1024,2048,metric,,,,
Qwen/Qwen2.5-0.5B,22,0.9166666666666666,last_token,remove_random,4,ja,ko,r1,0.689453125,1024,2048,metric,,,,
Qwen/Qwen2.5-0.5B,22,0.9166666666666666,last_token,remove_random,4,ja,ko,mrr,0.7720727861925724,1024,2048,metric,,,,
Qwen/Qwen2.5-0.5B,22,0.9166666666666666,last_token,remove_random,4,ja,zh,r1,0.705078125,1024,2048,metric,,,,
Qwen/Qwen2.5-0.5B,22,0.9166666666666666,last_token,remove_random,4,ja,zh,mrr,0.7780323749614171,1024,2048,metric,,,,
Qwen/Qwen2.5-0.5B,22,0.9166666666666666,last_token,remove_random,4,zh,en,r1,0.7421875,1024,2048,metric,,,,
Qwen/Qwen2.5-0.5B,22,0.9166666666666666,last_token,remove_random,4,zh,en,mrr,0.8100681901356952,1024,2048,metric,,,,
Qwen/Qwen2.5-0.5B,22,0.9166666666666666,last_token,remove_random,4,zh,ko,r1,0.5546875,1024,2048,metric,,,,
Qwen/Qwen2.5-0.5B,22,0.9166666666666666,last_token,remove_random,4,zh,ko,mrr,0.6589755207191516,1024,2048,metric,,,,
Qwen/Qwen2.5-0.5B,22,0.9166666666666666,last_token,remove_random,4,zh,ja,r1,0.63671875,1024,2048,metric,,,,
Qwen/Qwen2.5-0.5B,22,0.9166666666666666,last_token,remove_random,4,zh,ja,mrr,0.7396016843324915,1024,2048,metric,,,,
Qwen/Qwen2.5-0.5B,23,0.9583333333333334,last_token,remove_random,4,en,ko,r1,0.1796875,1024,2048,metric,,,,
Qwen/Qwen2.5-0.5B,23,0.9583333333333334,last_token,remove_random,4,en,ko,mrr,0.27047278412004067,1024,2048,metric,,,,
Qwen/Qwen2.5-0.5B,23,0.9583333333333334,last_token,remove_random,4,en,ja,r1,0.634765625,1024,2048,metric,,,,
Qwen/Qwen2.5-0.5B,23,0.9583333333333334,last_token,remove_random,4,en,ja,mrr,0.7502239678056921,1024,2048,metric,,,,
Qwen/Qwen2.5-0.5B,23,0.9583333333333334,last_token,remove_random,4,en,zh,r1,0.79296875,1024,2048,metric,,,,
Qwen/Qwen2.5-0.5B,23,0.9583333333333334,last_token,remove_random,4,en,zh,mrr,0.8562170289675062,1024,2048,metric,,,,
Qwen/Qwen2.5-0.5B,23,0.9583333333333334,last_token,remove_random,4,ko,en,r1,0.3203125,1024,2048,metric,,,,
Qwen/Qwen2.5-0.5B,23,0.9583333333333334,last_token,remove_random,4,ko,en,mrr,0.43183179638309543,1024,2048,metric,,,,
Qwen/Qwen2.5-0.5B,23,0.9583333333333334,last_token,remove_random,4,ko,ja,r1,0.53515625,1024,2048,metric,,,,
Qwen/Qwen2.5-0.5B,23,0.9583333333333334,last_token,remove_random,4,ko,ja,mrr,0.6398525923639389,1024,2048,metric,,,,
Qwen/Qwen2.5-0.5B,23,0.9583333333333334,last_token,remove_random,4,ko,zh,r1,0.37109375,1024,2048,metric,,,,
Qwen/Qwen2.5-0.5B,23,0.9583333333333334,last_token,remove_random,4,ko,zh,mrr,0.48217302383631777,1024,2048,metric,,,,
Qwen/Qwen2.5-0.5B,23,0.9583333333333334,last_token,remove_random,4,ja,en,r1,0.41015625,1024,2048,metric,,,,
Qwen/Qwen2.5-0.5B,23,0.9583333333333334,last_token,remove_random,4,ja,en,mrr,0.535832055096044,1024,2048,metric,,,,
Qwen/Qwen2.5-0.5B,23,0.9583333333333334,last_token,remove_random,4,ja,ko,r1,0.34765625,1024,2048,metric,,,,
Qwen/Qwen2.5-0.5B,23,0.9583333333333334,last_token,remove_random,4,ja,ko,mrr,0.4499691040935019,1024,2048,metric,,,,
Qwen/Qwen2.5-0.5B,23,0.9583333333333334,last_token,remove_random,4,ja,zh,r1,0.728515625,1024,2048,metric,,,,
Qwen/Qwen2.5-0.5B,23,0.9583333333333334,last_token,remove_random,4,ja,zh,mrr,0.806262390549977,1024,2048,metric,,,,
Qwen/Qwen2.5-0.5B,23,0.9583333333333334,last_token,remove_random,4,zh,en,r1,0.66015625,1024,2048,metric,,,,
Qwen/Qwen2.5-0.5B,23,0.9583333333333334,last_token,remove_random,4,zh,en,mrr,0.7498953079440127,1024,2048,metric,,,,
Qwen/Qwen2.5-0.5B,23,0.9583333333333334,last_token,remove_random,4,zh,ko,r1,0.1953125,1024,2048,metric,,,,
Qwen/Qwen2.5-0.5B,23,0.9583333333333334,last_token,remove_random,4,zh,ko,mrr,0.29271951072095354,1024,2048,metric,,,,
Qwen/Qwen2.5-0.5B,23,0.9583333333333334,last_token,remove_random,4,zh,ja,r1,0.626953125,1024,2048,metric,,,,
Qwen/Qwen2.5-0.5B,23,0.9583333333333334,last_token,remove_random,4,zh,ja,mrr,0.7313623963162679,1024,2048,metric,,,,
Qwen/Qwen2.5-0.5B,24,1.0,last_token,remove_random,4,en,ko,r1,0.001953125,1024,2048,metric,,,,
Qwen/Qwen2.5-0.5B,24,1.0,last_token,remove_random,4,en,ko,mrr,0.03473202741585442,1024,2048,metric,,,,
Qwen/Qwen2.5-0.5B,24,1.0,last_token,remove_random,4,en,ja,r1,0.0234375,1024,2048,metric,,,,
Qwen/Qwen2.5-0.5B,24,1.0,last_token,remove_random,4,en,ja,mrr,0.0671374153233101,1024,2048,metric,,,,
Qwen/Qwen2.5-0.5B,24,1.0,last_token,remove_random,4,en,zh,r1,0.00390625,1024,2048,metric,,,,
Qwen/Qwen2.5-0.5B,24,1.0,last_token,remove_random,4,en,zh,mrr,0.04282813205639222,1024,2048,metric,,,,
Qwen/Qwen2.5-0.5B,24,1.0,last_token,remove_random,4,ko,en,r1,0.005859375,1024,2048,metric,,,,
Qwen/Qwen2.5-0.5B,24,1.0,last_token,remove_random,4,ko,en,mrr,0.05716124402951729,1024,2048,metric,,,,
Qwen/Qwen2.5-0.5B,24,1.0,last_token,remove_random,4,ko,ja,r1,0.01953125,1024,2048,metric,,,,
Qwen/Qwen2.5-0.5B,24,1.0,last_token,remove_random,4,ko,ja,mrr,0.05901508848367665,1024,2048,metric,,,,
Qwen/Qwen2.5-0.5B,24,1.0,last_token,remove_random,4,ko,zh,r1,0.009765625,1024,2048,metric,,,,
Qwen/Qwen2.5-0.5B,24,1.0,last_token,remove_random,4,ko,zh,mrr,0.03872968729394332,1024,2048,metric,,,,
Qwen/Qwen2.5-0.5B,24,1.0,last_token,remove_random,4,ja,en,r1,0.00390625,1024,2048,metric,,,,
Qwen/Qwen2.5-0.5B,24,1.0,last_token,remove_random,4,ja,en,mrr,0.04068591657815286,1024,2048,metric,,,,
Qwen/Qwen2.5-0.5B,24,1.0,last_token,remove_random,4,ja,ko,r1,0.001953125,1024,2048,metric,,,,
Qwen/Qwen2.5-0.5B,24,1.0,last_token,remove_random,4,ja,ko,mrr,0.04809551352755041,1024,2048,metric,,,,
Qwen/Qwen2.5-0.5B,24,1.0,last_token,remove_random,4,ja,zh,r1,0.072265625,1024,2048,metric,,,,
Qwen/Qwen2.5-0.5B,24,1.0,last_token,remove_random,4,ja,zh,mrr,0.16308482097010488,1024,2048,metric,,,,
Qwen/Qwen2.5-0.5B,24,1.0,last_token,remove_random,4,zh,en,r1,0.0234375,1024,2048,metric,,,,
Qwen/Qwen2.5-0.5B,24,1.0,last_token,remove_random,4,zh,en,mrr,0.09372819369452047,1024,2048,metric,,,,
Qwen/Qwen2.5-0.5B,24,1.0,last_token,remove_random,4,zh,ko,r1,0.015625,1024,2048,metric,,,,
Qwen/Qwen2.5-0.5B,24,1.0,last_token,remove_random,4,zh,ko,mrr,0.09363843986331712,1024,2048,metric,,,,
Qwen/Qwen2.5-0.5B,24,1.0,last_token,remove_random,4,zh,ja,r1,0.158203125,1024,2048,metric,,,,
Qwen/Qwen2.5-0.5B,24,1.0,last_token,remove_random,4,zh,ja,mrr,0.27560947095621535,1024,2048,metric,,,,
Qwen/Qwen2.5-0.5B,7,0.2916666666666667,mean,remove_random,4,en,ko,r1,0.009765625,1024,2048,metric,,,,
Qwen/Qwen2.5-0.5B,7,0.2916666666666667,mean,remove_random,4,en,ko,mrr,0.03497657987902706,1024,2048,metric,,,,
Qwen/Qwen2.5-0.5B,7,0.2916666666666667,mean,remove_random,4,en,ja,r1,0.044921875,1024,2048,metric,,,,
Qwen/Qwen2.5-0.5B,7,0.2916666666666667,mean,remove_random,4,en,ja,mrr,0.08207938219050277,1024,2048,metric,,,,
Qwen/Qwen2.5-0.5B,7,0.2916666666666667,mean,remove_random,4,en,zh,r1,0.76953125,1024,2048,metric,,,,
Qwen/Qwen2.5-0.5B,7,0.2916666666666667,mean,remove_random,4,en,zh,mrr,0.7965135485454118,1024,2048,metric,,,,
Qwen/Qwen2.5-0.5B,7,0.2916666666666667,mean,remove_random,4,ko,en,r1,0.556640625,1024,2048,metric,,,,
Qwen/Qwen2.5-0.5B,7,0.2916666666666667,mean,remove_random,4,ko,en,mrr,0.6533674010556669,1024,2048,metric,,,,
Qwen/Qwen2.5-0.5B,7,0.2916666666666667,mean,remove_random,4,ko,ja,r1,0.767578125,1024,2048,metric,,,,
Qwen/Qwen2.5-0.5B,7,0.2916666666666667,mean,remove_random,4,ko,ja,mrr,0.8153987397740285,1024,2048,metric,,,,
Qwen/Qwen2.5-0.5B,7,0.2916666666666667,mean,remove_random,4,ko,zh,r1,0.38671875,1024,2048,metric,,,,
Qwen/Qwen2.5-0.5B,7,0.2916666666666667,mean,remove_random,4,ko,zh,mrr,0.48519396412416016,1024,2048,metric,,,,
Qwen/Qwen2.5-0.5B,7,0.2916666666666667,mean,remove_random,4,ja,en,r1,0.76171875,1024,2048,metric,,,,
Qwen/Qwen2.5-0.5B,7,0.2916666666666667,mean,remove_random,4,ja,en,mrr,0.8233614760606245,1024,2048,metric,,,,
Qwen/Qwen2.5-0.5B,7,0.2916666666666667,mean,remove_random,4,ja,ko,r1,0.5703125,1024,2048,metric,,,,
Qwen/Qwen2.5-0.5B,7,0.2916666666666667,mean,remove_random,4,ja,ko,mrr,0.6270584970722923,1024,2048,metric,,,,
Qwen/Qwen2.5-0.5B,7,0.2916666666666667,mean,remove_random,4,ja,zh,r1,0.677734375,1024,2048,metric,,,,
Qwen/Qwen2.5-0.5B,7,0.2916666666666667,mean,remove_random,4,ja,zh,mrr,0.7435792114895353,1024,2048,metric,,,,
Qwen/Qwen2.5-0.5B,7,0.2916666666666667,mean,remove_random,4,zh,en,r1,0.837890625,1024,2048,metric,,,,
Qwen/Qwen2.5-0.5B,7,0.2916666666666667,mean,remove_random,4,zh,en,mrr,0.8689098474323332,1024,2048,metric,,,,
Qwen/Qwen2.5-0.5B,7,0.2916666666666667,mean,remove_random,4,zh,ko,r1,0.0390625,1024,2048,metric,,,,
Qwen/Qwen2.5-0.5B,7,0.2916666666666667,mean,remove_random,4,zh,ko,mrr,0.07418439703464981,1024,2048,metric,,,,
Qwen/Qwen2.5-0.5B,7,0.2916666666666667,mean,remove_random,4,zh,ja,r1,0.126953125,1024,2048,metric,,,,
Qwen/Qwen2.5-0.5B,7,0.2916666666666667,mean,remove_random,4,zh,ja,mrr,0.1776086522545252,1024,2048,metric,,,,
Qwen/Qwen2.5-0.5B,8,0.3333333333333333,mean,remove_random,4,en,ko,r1,0.009765625,1024,2048,metric,,,,
Qwen/Qwen2.5-0.5B,8,0.3333333333333333,mean,remove_random,4,en,ko,mrr,0.03689105625545534,1024,2048,metric,,,,
Qwen/Qwen2.5-0.5B,8,0.3333333333333333,mean,remove_random,4,en,ja,r1,0.048828125,1024,2048,metric,,,,
Qwen/Qwen2.5-0.5B,8,0.3333333333333333,mean,remove_random,4,en,ja,mrr,0.08290865295240862,1024,2048,metric,,,,
Qwen/Qwen2.5-0.5B,8,0.3333333333333333,mean,remove_random,4,en,zh,r1,0.791015625,1024,2048,metric,,,,
Qwen/Qwen2.5-0.5B,8,0.3333333333333333,mean,remove_random,4,en,zh,mrr,0.8164914429027543,1024,2048,metric,,,,
Qwen/Qwen2.5-0.5B,8,0.3333333333333333,mean,remove_random,4,ko,en,r1,0.62109375,1024,2048,metric,,,,
Qwen/Qwen2.5-0.5B,8,0.3333333333333333,mean,remove_random,4,ko,en,mrr,0.7179550793062524,1024,2048,metric,,,,
Qwen/Qwen2.5-0.5B,8,0.3333333333333333,mean,remove_random,4,ko,ja,r1,0.8125,1024,2048,metric,,,,
Qwen/Qwen2.5-0.5B,8,0.3333333333333333,mean,remove_random,4,ko,ja,mrr,0.8517120857505008,1024,2048,metric,,,,
Qwen/Qwen2.5-0.5B,8,0.3333333333333333,mean,remove_random,4,ko,zh,r1,0.466796875,1024,2048,metric,,,,
Qwen/Qwen2.5-0.5B,8,0.3333333333333333,mean,remove_random,4,ko,zh,mrr,0.5762024636368444,1024,2048,metric,,,,
Qwen/Qwen2.5-0.5B,8,0.3333333333333333,mean,remove_random,4,ja,en,r1,0.8125,1024,2048,metric,,,,
Qwen/Qwen2.5-0.5B,8,0.3333333333333333,mean,remove_random,4,ja,en,mrr,0.8611265422659955,1024,2048,metric,,,,
Qwen/Qwen2.5-0.5B,8,0.3333333333333333,mean,remove_random,4,ja,ko,r1,0.609375,1024,2048,metric,,,,
Qwen/Qwen2.5-0.5B,8,0.3333333333333333,mean,remove_random,4,ja,ko,mrr,0.6593399768962043,1024,2048,metric,,,,
Qwen/Qwen2.5-0.5B,8,0.3333333333333333,mean,remove_random,4,ja,zh,r1,0.736328125,1024,2048,metric,,,,
Qwen/Qwen2.5-0.5B,8,0.3333333333333333,mean,remove_random,4,ja,zh,mrr,0.80305071384734,1024,2048,metric,,,,
Qwen/Qwen2.5-0.5B,8,0.3333333333333333,mean,remove_random,4,zh,en,r1,0.859375,1024,2048,metric,,,,
Qwen/Qwen2.5-0.5B,8,0.3333333333333333,mean,remove_random,4,zh,en,mrr,0.8862081424723376,1024,2048,metric,,,,
Qwen/Qwen2.5-0.5B,8,0.3333333333333333,mean,remove_random,4,zh,ko,r1,0.0390625,1024,2048,metric,,,,
Qwen/Qwen2.5-0.5B,8,0.3333333333333333,mean,remove_random,4,zh,ko,mrr,0.07273743234495786,1024,2048,metric,,,,
Qwen/Qwen2.5-0.5B,8,0.3333333333333333,mean,remove_random,4,zh,ja,r1,0.12890625,1024,2048,metric,,,,
Qwen/Qwen2.5-0.5B,8,0.3333333333333333,mean,remove_random,4,zh,ja,mrr,0.17331125952118895,1024,2048,metric,,,,
Qwen/Qwen2.5-0.5B,9,0.375,mean,remove_random,4,en,ko,r1,0.017578125,1024,2048,metric,,,,
Qwen/Qwen2.5-0.5B,9,0.375,mean,remove_random,4,en,ko,mrr,0.043443261173546084,1024,2048,metric,,,,
Qwen/Qwen2.5-0.5B,9,0.375,mean,remove_random,4,en,ja,r1,0.064453125,1024,2048,metric,,,,
Qwen/Qwen2.5-0.5B,9,0.375,mean,remove_random,4,en,ja,mrr,0.09888594921916347,1024,2048,metric,,,,
Qwen/Qwen2.5-0.5B,9,0.375,mean,remove_random,4,en,zh,r1,0.81640625,1024,2048,metric,,,,
Qwen/Qwen2.5-0.5B,9,0.375,mean,remove_random,4,en,zh,mrr,0.8373348212568812,1024,2048,metric,,,,
Qwen/Qwen2.5-0.5B,9,0.375,mean,remove_random,4,ko,en,r1,0.6640625,1024,2048,metric,,,,
Qwen/Qwen2.5-0.5B,9,0.375,mean,remove_random,4,ko,en,mrr,0.7490504338740702,1024,2048,metric,,,,
Qwen/Qwen2.5-0.5B,9,0.375,mean,remove_random,4,ko,ja,r1,0.828125,1024,2048,metric,,,,
Qwen/Qwen2.5-0.5B,9,0.375,mean,remove_random,4,ko,ja,mrr,0.8630071850945478,1024,2048,metric,,,,
Qwen/Qwen2.5-0.5B,9,0.375,mean,remove_random,4,ko,zh,r1,0.5234375,1024,2048,metric,,,,
Qwen/Qwen2.5-0.5B,9,0.375,mean,remove_random,4,ko,zh,mrr,0.613353490056316,1024,2048,metric,,,,
Qwen/Qwen2.5-0.5B,9,0.375,mean,remove_random,4,ja,en,r1,0.810546875,1024,2048,metric,,,,
Qwen/Qwen2.5-0.5B,9,0.375,mean,remove_random,4,ja,en,mrr,0.8614657220903638,1024,2048,metric,,,,
Qwen/Qwen2.5-0.5B,9,0.375,mean,remove_random,4,ja,ko,r1,0.6484375,1024,2048,metric,,,,
Qwen/Qwen2.5-0.5B,9,0.375,mean,remove_random,4,ja,ko,mrr,0.6888590618860251,1024,2048,metric,,,,
Qwen/Qwen2.5-0.5B,9,0.375,mean,remove_random,4,ja,zh,r1,0.7578125,1024,2048,metric,,,,
Qwen/Qwen2.5-0.5B,9,0.375,mean,remove_random,4,ja,zh,mrr,0.808175836077908,1024,2048,metric,,,,
Qwen/Qwen2.5-0.5B,9,0.375,mean,remove_random,4,zh,en,r1,0.853515625,1024,2048,metric,,,,
Qwen/Qwen2.5-0.5B,9,0.375,mean,remove_random,4,zh,en,mrr,0.8839028356482795,1024,2048,metric,,,,
Qwen/Qwen2.5-0.5B,9,0.375,mean,remove_random,4,zh,ko,r1,0.04296875,1024,2048,metric,,,,
Qwen/Qwen2.5-0.5B,9,0.375,mean,remove_random,4,zh,ko,mrr,0.08241458270997629,1024,2048,metric,,,,
Qwen/Qwen2.5-0.5B,9,0.375,mean,remove_random,4,zh,ja,r1,0.14453125,1024,2048,metric,,,,
Qwen/Qwen2.5-0.5B,9,0.375,mean,remove_random,4,zh,ja,mrr,0.19515165358756068,1024,2048,metric,,,,
Qwen/Qwen2.5-0.5B,10,0.4166666666666667,mean,remove_random,4,en,ko,r1,0.015625,1024,2048,metric,,,,
Qwen/Qwen2.5-0.5B,10,0.4166666666666667,mean,remove_random,4,en,ko,mrr,0.04644023746389275,1024,2048,metric,,,,
Qwen/Qwen2.5-0.5B,10,0.4166666666666667,mean,remove_random,4,en,ja,r1,0.083984375,1024,2048,metric,,,,
Qwen/Qwen2.5-0.5B,10,0.4166666666666667,mean,remove_random,4,en,ja,mrr,0.11703571253476956,1024,2048,metric,,,,
Qwen/Qwen2.5-0.5B,10,0.4166666666666667,mean,remove_random,4,en,zh,r1,0.828125,1024,2048,metric,,,,
Qwen/Qwen2.5-0.5B,10,0.4166666666666667,mean,remove_random,4,en,zh,mrr,0.848306965728608,1024,2048,metric,,,,
Qwen/Qwen2.5-0.5B,10,0.4166666666666667,mean,remove_random,4,ko,en,r1,0.6875,1024,2048,metric,,,,
Qwen/Qwen2.5-0.5B,10,0.4166666666666667,mean,remove_random,4,ko,en,mrr,0.774302491470767,1024,2048,metric,,,,
Qwen/Qwen2.5-0.5B,10,0.4166666666666667,mean,remove_random,4,ko,ja,r1,0.83984375,1024,2048,metric,,,,
Qwen/Qwen2.5-0.5B,10,0.4166666666666667,mean,remove_random,4,ko,ja,mrr,0.8726700310175343,1024,2048,metric,,,,
Qwen/Qwen2.5-0.5B,10,0.4166666666666667,mean,remove_random,4,ko,zh,r1,0.5390625,1024,2048,metric,,,,
Qwen/Qwen2.5-0.5B,10,0.4166666666666667,mean,remove_random,4,ko,zh,mrr,0.6327523666552066,1024,2048,metric,,,,
Qwen/Qwen2.5-0.5B,10,0.4166666666666667,mean,remove_random,4,ja,en,r1,0.826171875,1024,2048,metric,,,,
Qwen/Qwen2.5-0.5B,10,0.4166666666666667,mean,remove_random,4,ja,en,mrr,0.8747136918408613,1024,2048,metric,,,,
Qwen/Qwen2.5-0.5B,10,0.4166666666666667,mean,remove_random,4,ja,ko,r1,0.658203125,1024,2048,metric,,,,
Qwen/Qwen2.5-0.5B,10,0.4166666666666667,mean,remove_random,4,ja,ko,mrr,0.700007553470651,1024,2048,metric,,,,
Qwen/Qwen2.5-0.5B,10,0.4166666666666667,mean,remove_random,4,ja,zh,r1,0.76953125,1024,2048,metric,,,,
Qwen/Qwen2.5-0.5B,10,0.4166666666666667,mean,remove_random,4,ja,zh,mrr,0.8213876958829504,1024,2048,metric,,,,
Qwen/Qwen2.5-0.5B,10,0.4166666666666667,mean,remove_random,4,zh,en,r1,0.8515625,1024,2048,metric,,,,
Qwen/Qwen2.5-0.5B,10,0.4166666666666667,mean,remove_random,4,zh,en,mrr,0.882914373272601,1024,2048,metric,,,,
Qwen/Qwen2.5-0.5B,10,0.4166666666666667,mean,remove_random,4,zh,ko,r1,0.044921875,1024,2048,metric,,,,
Qwen/Qwen2.5-0.5B,10,0.4166666666666667,mean,remove_random,4,zh,ko,mrr,0.08771638347016718,1024,2048,metric,,,,
Qwen/Qwen2.5-0.5B,10,0.4166666666666667,mean,remove_random,4,zh,ja,r1,0.154296875,1024,2048,metric,,,,
Qwen/Qwen2.5-0.5B,10,0.4166666666666667,mean,remove_random,4,zh,ja,mrr,0.208980695081051,1024,2048,metric,,,,
Qwen/Qwen2.5-0.5B,11,0.4583333333333333,mean,remove_random,4,en,ko,r1,0.029296875,1024,2048,metric,,,,
Qwen/Qwen2.5-0.5B,11,0.4583333333333333,mean,remove_random,4,en,ko,mrr,0.055651488721532555,1024,2048,metric,,,,
Qwen/Qwen2.5-0.5B,11,0.4583333333333333,mean,remove_random,4,en,ja,r1,0.091796875,1024,2048,metric,,,,
Qwen/Qwen2.5-0.5B,11,0.4583333333333333,mean,remove_random,4,en,ja,mrr,0.12926027952870217,1024,2048,metric,,,,
Qwen/Qwen2.5-0.5B,11,0.4583333333333333,mean,remove_random,4,en,zh,r1,0.83984375,1024,2048,metric,,,,
Qwen/Qwen2.5-0.5B,11,0.4583333333333333,mean,remove_random,4,en,zh,mrr,0.8577605462616531,1024,2048,metric,,,,
Qwen/Qwen2.5-0.5B,11,0.4583333333333333,mean,remove_random,4,ko,en,r1,0.6640625,1024,2048,metric,,,,
Qwen/Qwen2.5-0.5B,11,0.4583333333333333,mean,remove_random,4,ko,en,mrr,0.749405305116521,1024,2048,metric,,,,
Qwen/Qwen2.5-0.5B,11,0.4583333333333333,mean,remove_random,4,ko,ja,r1,0.849609375,1024,2048,metric,,,,
Qwen/Qwen2.5-0.5B,11,0.4583333333333333,mean,remove_random,4,ko,ja,mrr,0.881448423418424,1024,2048,metric,,,,
Qwen/Qwen2.5-0.5B,11,0.4583333333333333,mean,remove_random,4,ko,zh,r1,0.494140625,1024,2048,metric,,,,
Qwen/Qwen2.5-0.5B,11,0.4583333333333333,mean,remove_random,4,ko,zh,mrr,0.5895382862611148,1024,2048,metric,,,,
Qwen/Qwen2.5-0.5B,11,0.4583333333333333,mean,remove_random,4,ja,en,r1,0.81640625,1024,2048,metric,,,,
Qwen/Qwen2.5-0.5B,11,0.4583333333333333,mean,remove_random,4,ja,en,mrr,0.8643989785564765,1024,2048,metric,,,,
Qwen/Qwen2.5-0.5B,11,0.4583333333333333,mean,remove_random,4,ja,ko,r1,0.67578125,1024,2048,metric,,,,
Qwen/Qwen2.5-0.5B,11,0.4583333333333333,mean,remove_random,4,ja,ko,mrr,0.715798819799998,1024,2048,metric,,,,
Qwen/Qwen2.5-0.5B,11,0.4583333333333333,mean,remove_random,4,ja,zh,r1,0.73828125,1024,2048,metric,,,,
Qwen/Qwen2.5-0.5B,11,0.4583333333333333,mean,remove_random,4,ja,zh,mrr,0.7927879663302928,1024,2048,metric,,,,
Qwen/Qwen2.5-0.5B,11,0.4583333333333333,mean,remove_random,4,zh,en,r1,0.83984375,1024,2048,metric,,,,
Qwen/Qwen2.5-0.5B,11,0.4583333333333333,mean,remove_random,4,zh,en,mrr,0.8728013088440413,1024,2048,metric,,,,
Qwen/Qwen2.5-0.5B,11,0.4583333333333333,mean,remove_random,4,zh,ko,r1,0.05859375,1024,2048,metric,,,,
Qwen/Qwen2.5-0.5B,11,0.4583333333333333,mean,remove_random,4,zh,ko,mrr,0.09825894725964898,1024,2048,metric,,,,
Qwen/Qwen2.5-0.5B,11,0.4583333333333333,mean,remove_random,4,zh,ja,r1,0.16796875,1024,2048,metric,,,,
Qwen/Qwen2.5-0.5B,11,0.4583333333333333,mean,remove_random,4,zh,ja,mrr,0.22167447160239015,1024,2048,metric,,,,
Qwen/Qwen2.5-0.5B,12,0.5,mean,remove_random,4,en,ko,r1,0.025390625,1024,2048,metric,,,,
Qwen/Qwen2.5-0.5B,12,0.5,mean,remove_random,4,en,ko,mrr,0.05141199508075922,1024,2048,metric,,,,
Qwen/Qwen2.5-0.5B,12,0.5,mean,remove_random,4,en,ja,r1,0.076171875,1024,2048,metric,,,,
Qwen/Qwen2.5-0.5B,12,0.5,mean,remove_random,4,en,ja,mrr,0.11360036335005974,1024,2048,metric,,,,
Qwen/Qwen2.5-0.5B,12,0.5,mean,remove_random,4,en,zh,r1,0.82421875,1024,2048,metric,,,,
Qwen/Qwen2.5-0.5B,12,0.5,mean,remove_random,4,en,zh,mrr,0.8479503975602088,1024,2048,metric,,,,
Qwen/Qwen2.5-0.5B,12,0.5,mean,remove_random,4,ko,en,r1,0.685546875,1024,2048,metric,,,,
Qwen/Qwen2.5-0.5B,12,0.5,mean,remove_random,4,ko,en,mrr,0.7675680439713768,1024,2048,metric,,,,
Qwen/Qwen2.5-0.5B,12,0.5,mean,remove_random,4,ko,ja,r1,0.849609375,1024,2048,metric,,,,
Qwen/Qwen2.5-0.5B,12,0.5,mean,remove_random,4,ko,ja,mrr,0.8800112507641945,1024,2048,metric,,,,
Qwen/Qwen2.5-0.5B,12,0.5,mean,remove_random,4,ko,zh,r1,0.521484375,1024,2048,metric,,,,
Qwen/Qwen2.5-0.5B,12,0.5,mean,remove_random,4,ko,zh,mrr,0.6145984707834621,1024,2048,metric,,,,
Qwen/Qwen2.5-0.5B,12,0.5,mean,remove_random,4,ja,en,r1,0.822265625,1024,2048,metric,,,,
Qwen/Qwen2.5-0.5B,12,0.5,mean,remove_random,4,ja,en,mrr,0.8722265085639052,1024,2048,metric,,,,
Qwen/Qwen2.5-0.5B,12,0.5,mean,remove_random,4,ja,ko,r1,0.671875,1024,2048,metric,,,,
Qwen/Qwen2.5-0.5B,12,0.5,mean,remove_random,4,ja,ko,mrr,0.712365121924797,1024,2048,metric,,,,
Qwen/Qwen2.5-0.5B,12,0.5,mean,remove_random,4,ja,zh,r1,0.7578125,1024,2048,metric,,,,
Qwen/Qwen2.5-0.5B,12,0.5,mean,remove_random,4,ja,zh,mrr,0.8101271216999434,1024,2048,metric,,,,
Qwen/Qwen2.5-0.5B,12,0.5,mean,remove_random,4,zh,en,r1,0.84765625,1024,2048,metric,,,,
Qwen/Qwen2.5-0.5B,12,0.5,mean,remove_random,4,zh,en,mrr,0.8765029709420522,1024,2048,metric,,,,
Qwen/Qwen2.5-0.5B,12,0.5,mean,remove_random,4,zh,ko,r1,0.052734375,1024,2048,metric,,,,
Qwen/Qwen2.5-0.5B,12,0.5,mean,remove_random,4,zh,ko,mrr,0.09319327323995541,1024,2048,metric,,,,
Qwen/Qwen2.5-0.5B,12,0.5,mean,remove_random,4,zh,ja,r1,0.15234375,1024,2048,metric,,,,
Qwen/Qwen2.5-0.5B,12,0.5,mean,remove_random,4,zh,ja,mrr,0.20563603916827644,1024,2048,metric,,,,
Qwen/Qwen2.5-0.5B,13,0.5416666666666666,mean,remove_random,4,en,ko,r1,0.025390625,1024,2048,metric,,,,
Qwen/Qwen2.5-0.5B,13,0.5416666666666666,mean,remove_random,4,en,ko,mrr,0.05220037096739459,1024,2048,metric,,,,
Qwen/Qwen2.5-0.5B,13,0.5416666666666666,mean,remove_random,4,en,ja,r1,0.076171875,1024,2048,metric,,,,
Qwen/Qwen2.5-0.5B,13,0.5416666666666666,mean,remove_random,4,en,ja,mrr,0.11370146931151592,1024,2048,metric,,,,
Qwen/Qwen2.5-0.5B,13,0.5416666666666666,mean,remove_random,4,en,zh,r1,0.826171875,1024,2048,metric,,,,
Qwen/Qwen2.5-0.5B,13,0.5416666666666666,mean,remove_random,4,en,zh,mrr,0.8476542076083509,1024,2048,metric,,,,
Qwen/Qwen2.5-0.5B,13,0.5416666666666666,mean,remove_random,4,ko,en,r1,0.681640625,1024,2048,metric,,,,
Qwen/Qwen2.5-0.5B,13,0.5416666666666666,mean,remove_random,4,ko,en,mrr,0.7677850144572116,1024,2048,metric,,,,
Qwen/Qwen2.5-0.5B,13,0.5416666666666666,mean,remove_random,4,ko,ja,r1,0.841796875,1024,2048,metric,,,,
Qwen/Qwen2.5-0.5B,13,0.5416666666666666,mean,remove_random,4,ko,ja,mrr,0.8754455324996413,1024,2048,metric,,,,
Qwen/Qwen2.5-0.5B,13,0.5416666666666666,mean,remove_random,4,ko,zh,r1,0.529296875,1024,2048,metric,,,,
Qwen/Qwen2.5-0.5B,13,0.5416666666666666,mean,remove_random,4,ko,zh,mrr,0.6182265259389579,1024,2048,metric,,,,
Qwen/Qwen2.5-0.5B,13,0.5416666666666666,mean,remove_random,4,ja,en,r1,0.798828125,1024,2048,metric,,,,
Qwen/Qwen2.5-0.5B,13,0.5416666666666666,mean,remove_random,4,ja,en,mrr,0.8555161812512984,1024,2048,metric,,,,
Qwen/Qwen2.5-0.5B,13,0.5416666666666666,mean,remove_random,4,ja,ko,r1,0.677734375,1024,2048,metric,,,,
Qwen/Qwen2.5-0.5B,13,0.5416666666666666,mean,remove_random,4,ja,ko,mrr,0.7203787856771445,1024,2048,metric,,,,
Qwen/Qwen2.5-0.5B,13,0.5416666666666666,mean,remove_random,4,ja,zh,r1,0.7421875,1024,2048,metric,,,,
Qwen/Qwen2.5-0.5B,13,0.5416666666666666,mean,remove_random,4,ja,zh,mrr,0.7958504332812018,1024,2048,metric,,,,
Qwen/Qwen2.5-0.5B,13,0.5416666666666666,mean,remove_random,4,zh,en,r1,0.837890625,1024,2048,metric,,,,
Qwen/Qwen2.5-0.5B,13,0.5416666666666666,mean,remove_random,4,zh,en,mrr,0.8685866494335247,1024,2048,metric,,,,
Qwen/Qwen2.5-0.5B,13,0.5416666666666666,mean,remove_random,4,zh,ko,r1,0.05859375,1024,2048,metric,,,,
Qwen/Qwen2.5-0.5B,13,0.5416666666666666,mean,remove_random,4,zh,ko,mrr,0.09831927169236315,1024,2048,metric,,,,
Qwen/Qwen2.5-0.5B,13,0.5416666666666666,mean,remove_random,4,zh,ja,r1,0.14453125,1024,2048,metric,,,,
Qwen/Qwen2.5-0.5B,13,0.5416666666666666,mean,remove_random,4,zh,ja,mrr,0.1987492430583201,1024,2048,metric,,,,
Qwen/Qwen2.5-0.5B,14,0.5833333333333334,mean,remove_random,4,en,ko,r1,0.021484375,1024,2048,metric,,,,
Qwen/Qwen2.5-0.5B,14,0.5833333333333334,mean,remove_random,4,en,ko,mrr,0.0483430851719488,1024,2048,metric,,,,
Qwen/Qwen2.5-0.5B,14,0.5833333333333334,mean,remove_random,4,en,ja,r1,0.06640625,1024,2048,metric,,,,
Qwen/Qwen2.5-0.5B,14,0.5833333333333334,mean,remove_random,4,en,ja,mrr,0.10828237704997509,1024,2048,metric,,,,
Qwen/Qwen2.5-0.5B,14,0.5833333333333334,mean,remove_random,4,en,zh,r1,0.810546875,1024,2048,metric,,,,
Qwen/Qwen2.5-0.5B,14,0.5833333333333334,mean,remove_random,4,en,zh,mrr,0.8409924281304054,1024,2048,metric,,,,
Qwen/Qwen2.5-0.5B,14,0.5833333333333334,mean,remove_random,4,ko,en,r1,0.677734375,1024,2048,metric,,,,
Qwen/Qwen2.5-0.5B,14,0.5833333333333334,mean,remove_random,4,ko,en,mrr,0.7613748711958569,1024,2048,metric,,,,
Qwen/Qwen2.5-0.5B,14,0.5833333333333334,mean,remove_random,4,ko,ja,r1,0.83203125,1024,2048,metric,,,,
Qwen/Qwen2.5-0.5B,14,0.5833333333333334,mean,remove_random,4,ko,ja,mrr,0.8691393641686915,1024,2048,metric,,,,
Qwen/Qwen2.5-0.5B,14,0.5833333333333334,mean,remove_random,4,ko,zh,r1,0.48828125,1024,2048,metric,,,,
Qwen/Qwen2.5-0.5B,14,0.5833333333333334,mean,remove_random,4,ko,zh,mrr,0.5784661401100022,1024,2048,metric,,,,
Qwen/Qwen2.5-0.5B,14,0.5833333333333334,mean,remove_random,4,ja,en,r1,0.794921875,1024,2048,metric,,,,
Qwen/Qwen2.5-0.5B,14,0.5833333333333334,mean,remove_random,4,ja,en,mrr,0.8490853805284833,1024,2048,metric,,,,
Qwen/Qwen2.5-0.5B,14,0.5833333333333334,mean,remove_random,4,ja,ko,r1,0.669921875,1024,2048,metric,,,,
Qwen/Qwen2.5-0.5B,14,0.5833333333333334,mean,remove_random,4,ja,ko,mrr,0.7167258052714689,1024,2048,metric,,,,
Qwen/Qwen2.5-0.5B,14,0.5833333333333334,mean,remove_random,4,ja,zh,r1,0.708984375,1024,2048,metric,,,,
Qwen/Qwen2.5-0.5B,14,0.5833333333333334,mean,remove_random,4,ja,zh,mrr,0.7664925945783743,1024,2048,metric,,,,
Qwen/Qwen2.5-0.5B,14,0.5833333333333334,mean,remove_random,4,zh,en,r1,0.828125,1024,2048,metric,,,,
Qwen/Qwen2.5-0.5B,14,0.5833333333333334,mean,remove_random,4,zh,en,mrr,0.8611131020951932,1024,2048,metric,,,,
Qwen/Qwen2.5-0.5B,14,0.5833333333333334,mean,remove_random,4,zh,ko,r1,0.05859375,1024,2048,metric,,,,
Qwen/Qwen2.5-0.5B,14,0.5833333333333334,mean,remove_random,4,zh,ko,mrr,0.09824785052391898,1024,2048,metric,,,,
Qwen/Qwen2.5-0.5B,14,0.5833333333333334,mean,remove_random,4,zh,ja,r1,0.142578125,1024,2048,metric,,,,
Qwen/Qwen2.5-0.5B,14,0.5833333333333334,mean,remove_random,4,zh,ja,mrr,0.1948649087586162,1024,2048,metric,,,,
Qwen/Qwen2.5-0.5B,15,0.625,mean,remove_random,4,en,ko,r1,0.033203125,1024,2048,metric,,,,
Qwen/Qwen2.5-0.5B,15,0.625,mean,remove_random,4,en,ko,mrr,0.0630142460704049,1024,2048,metric,,,,
Qwen/Qwen2.5-0.5B,15,0.625,mean,remove_random,4,en,ja,r1,0.11328125,1024,2048,metric,,,,
Qwen/Qwen2.5-0.5B,15,0.625,mean,remove_random,4,en,ja,mrr,0.1608255221184271,1024,2048,metric,,,,
Qwen/Qwen2.5-0.5B,15,0.625,mean,remove_random,4,en,zh,r1,0.84765625,1024,2048,metric,,,,
Qwen/Qwen2.5-0.5B,15,0.625,mean,remove_random,4,en,zh,mrr,0.8719553577418129,1024,2048,metric,,,,
Qwen/Qwen2.5-0.5B,15,0.625,mean,remove_random,4,ko,en,r1,0.763671875,1024,2048,metric,,,,
Qwen/Qwen2.5-0.5B,15,0.625,mean,remove_random,4,ko,en,mrr,0.8318961800803708,1024,2048,metric,,,,
Qwen/Qwen2.5-0.5B,15,0.625,mean,remove_random,4,ko,ja,r1,0.865234375,1024,2048,metric,,,,
Qwen/Qwen2.5-0.5B,15,0.625,mean,remove_random,4,ko,ja,mrr,0.8953198224877645,1024,2048,metric,,,,
Qwen/Qwen2.5-0.5B,15,0.625,mean,remove_random,4,ko,zh,r1,0.60546875,1024,2048,metric,,,,
Qwen/Qwen2.5-0.5B,15,0.625,mean,remove_random,4,ko,zh,mrr,0.6927082345612323,1024,2048,metric,,,,
Qwen/Qwen2.5-0.5B,15,0.625,mean,remove_random,4,ja,en,r1,0.86328125,1024,2048,metric,,,,
Qwen/Qwen2.5-0.5B,15,0.625,mean,remove_random,4,ja,en,mrr,0.9026729162941497,1024,2048,metric,,,,
Qwen/Qwen2.5-0.5B,15,0.625,mean,remove_random,4,ja,ko,r1,0.73046875,1024,2048,metric,,,,
Qwen/Qwen2.5-0.5B,15,0.625,mean,remove_random,4,ja,ko,mrr,0.7746601893869232,1024,2048,metric,,,,
Qwen/Qwen2.5-0.5B,15,0.625,mean,remove_random,4,ja,zh,r1,0.802734375,1024,2048,metric,,,,
Qwen/Qwen2.5-0.5B,15,0.625,mean,remove_random,4,ja,zh,mrr,0.8505420851206896,1024,2048,metric,,,,
Qwen/Qwen2.5-0.5B,15,0.625,mean,remove_random,4,zh,en,r1,0.8671875,1024,2048,metric,,,,
Qwen/Qwen2.5-0.5B,15,0.625,mean,remove_random,4,zh,en,mrr,0.8964568552780127,1024,2048,metric,,,,
Qwen/Qwen2.5-0.5B,15,0.625,mean,remove_random,4,zh,ko,r1,0.078125,1024,2048,metric,,,,
Qwen/Qwen2.5-0.5B,15,0.625,mean,remove_random,4,zh,ko,mrr,0.12471030054708682,1024,2048,metric,,,,
Qwen/Qwen2.5-0.5B,15,0.625,mean,remove_random,4,zh,ja,r1,0.20703125,1024,2048,metric,,,,
Qwen/Qwen2.5-0.5B,15,0.625,mean,remove_random,4,zh,ja,mrr,0.2661393953231962,1024,2048,metric,,,,
Qwen/Qwen2.5-0.5B,16,0.6666666666666666,mean,remove_random,4,en,ko,r1,0.033203125,1024,2048,metric,,,,
Qwen/Qwen2.5-0.5B,16,0.6666666666666666,mean,remove_random,4,en,ko,mrr,0.05896801719568005,1024,2048,metric,,,,
Qwen/Qwen2.5-0.5B,16,0.6666666666666666,mean,remove_random,4,en,ja,r1,0.099609375,1024,2048,metric,,,,
Qwen/Qwen2.5-0.5B,16,0.6666666666666666,mean,remove_random,4,en,ja,mrr,0.14748885416992608,1024,2048,metric,,,,
Qwen/Qwen2.5-0.5B,16,0.6666666666666666,mean,remove_random,4,en,zh,r1,0.830078125,1024,2048,metric,,,,
Qwen/Qwen2.5-0.5B,16,0.6666666666666666,mean,remove_random,4,en,zh,mrr,0.8580837404094218,1024,2048,metric,,,,
Qwen/Qwen2.5-0.5B,16,0.6666666666666666,mean,remove_random,4,ko,en,r1,0.552734375,1024,2048,metric,,,,
Qwen/Qwen2.5-0.5B,16,0.6666666666666666,mean,remove_random,4,ko,en,mrr,0.6570931054792397,1024,2048,metric,,,,
Qwen/Qwen2.5-0.5B,16,0.6666666666666666,mean,remove_random,4,ko,ja,r1,0.8046875,1024,2048,metric,,,,
Qwen/Qwen2.5-0.5B,16,0.6666666666666666,mean,remove_random,4,ko,ja,mrr,0.8498415659864776,1024,2048,metric,,,,
Qwen/Qwen2.5-0.5B,16,0.6666666666666666,mean,remove_random,4,ko,zh,r1,0.443359375,1024,2048,metric,,,,
Qwen/Qwen2.5-0.5B,16,0.6666666666666666,mean,remove_random,4,ko,zh,mrr,0.529076193244693,1024,2048,metric,,,,
Qwen/Qwen2.5-0.5B,16,0.6666666666666666,mean,remove_random,4,ja,en,r1,0.732421875,1024,2048,metric,,,,
Qwen/Qwen2.5-0.5B,16,0.6666666666666666,mean,remove_random,4,ja,en,mrr,0.8027444732276658,1024,2048,metric,,,,
Qwen/Qwen2.5-0.5B,16,0.6666666666666666,mean,remove_random,4,ja,ko,r1,0.689453125,1024,2048,metric,,,,
Qwen/Qwen2.5-0.5B,16,0.6666666666666666,mean,remove_random,4,ja,ko,mrr,0.7337261975834491,1024,2048,metric,,,,
Qwen/Qwen2.5-0.5B,16,0.6666666666666666,mean,remove_random,4,ja,zh,r1,0.685546875,1024,2048,metric,,,,
Qwen/Qwen2.5-0.5B,16,0.6666666666666666,mean,remove_random,4,ja,zh,mrr,0.7425251673275479,1024,2048,metric,,,,
Qwen/Qwen2.5-0.5B,16,0.6666666666666666,mean,remove_random,4,zh,en,r1,0.822265625,1024,2048,metric,,,,
Qwen/Qwen2.5-0.5B,16,0.6666666666666666,mean,remove_random,4,zh,en,mrr,0.8594280219595105,1024,2048,metric,,,,
Qwen/Qwen2.5-0.5B,16,0.6666666666666666,mean,remove_random,4,zh,ko,r1,0.080078125,1024,2048,metric,,,,
Qwen/Qwen2.5-0.5B,16,0.6666666666666666,mean,remove_random,4,zh,ko,mrr,0.11878299578026559,1024,2048,metric,,,,
Qwen/Qwen2.5-0.5B,16,0.6666666666666666,mean,remove_random,4,zh,ja,r1,0.193359375,1024,2048,metric,,,,
Qwen/Qwen2.5-0.5B,16,0.6666666666666666,mean,remove_random,4,zh,ja,mrr,0.24508702815902522,1024,2048,metric,,,,
Qwen/Qwen2.5-0.5B,17,0.7083333333333334,mean,remove_random,4,en,ko,r1,0.041015625,1024,2048,metric,,,,
Qwen/Qwen2.5-0.5B,17,0.7083333333333334,mean,remove_random,4,en,ko,mrr,0.07461735642108688,1024,2048,metric,,,,
Qwen/Qwen2.5-0.5B,17,0.7083333333333334,mean,remove_random,4,en,ja,r1,0.123046875,1024,2048,metric,,,,
Qwen/Qwen2.5-0.5B,17,0.7083333333333334,mean,remove_random,4,en,ja,mrr,0.17282368840329068,1024,2048,metric,,,,
Qwen/Qwen2.5-0.5B,17,0.7083333333333334,mean,remove_random,4,en,zh,r1,0.828125,1024,2048,metric,,,,
Qwen/Qwen2.5-0.5B,17,0.7083333333333334,mean,remove_random,4,en,zh,mrr,0.8541539817406434,1024,2048,metric,,,,
Qwen/Qwen2.5-0.5B,17,0.7083333333333334,mean,remove_random,4,ko,en,r1,0.724609375,1024,2048,metric,,,,
Qwen/Qwen2.5-0.5B,17,0.7083333333333334,mean,remove_random,4,ko,en,mrr,0.7990470982934013,1024,2048,metric,,,,
Qwen/Qwen2.5-0.5B,17,0.7083333333333334,mean,remove_random,4,ko,ja,r1,0.845703125,1024,2048,metric,,,,
Qwen/Qwen2.5-0.5B,17,0.7083333333333334,mean,remove_random,4,ko,ja,mrr,0.8797134213265536,1024,2048,metric,,,,
Qwen/Qwen2.5-0.5B,17,0.7083333333333334,mean,remove_random,4,ko,zh,r1,0.63671875,1024,2048,metric,,,,
Qwen/Qwen2.5-0.5B,17,0.7083333333333334,mean,remove_random,4,ko,zh,mrr,0.7068911378009606,1024,2048,metric,,,,
Qwen/Qwen2.5-0.5B,17,0.7083333333333334,mean,remove_random,4,ja,en,r1,0.833984375,1024,2048,metric,,,,
Qwen/Qwen2.5-0.5B,17,0.7083333333333334,mean,remove_random,4,ja,en,mrr,0.8805054492605384,1024,2048,metric,,,,
Qwen/Qwen2.5-0.5B,17,0.7083333333333334,mean,remove_random,4,ja,ko,r1,0.689453125,1024,2048,metric,,,,
Qwen/Qwen2.5-0.5B,17,0.7083333333333334,mean,remove_random,4,ja,ko,mrr,0.7438173673715369,1024,2048,metric,,,,
Qwen/Qwen2.5-0.5B,17,0.7083333333333334,mean,remove_random,4,ja,zh,r1,0.798828125,1024,2048,metric,,,,
Qwen/Qwen2.5-0.5B,17,0.7083333333333334,mean,remove_random,4,ja,zh,mrr,0.8423637325090509,1024,2048,metric,,,,
Qwen/Qwen2.5-0.5B,17,0.7083333333333334,mean,remove_random,4,zh,en,r1,0.814453125,1024,2048,metric,,,,
Qwen/Qwen2.5-0.5B,17,0.7083333333333334,mean,remove_random,4,zh,en,mrr,0.8504396789713367,1024,2048,metric,,,,
Qwen/Qwen2.5-0.5B,17,0.7083333333333334,mean,remove_random,4,zh,ko,r1,0.091796875,1024,2048,metric,,,,
Qwen/Qwen2.5-0.5B,17,0.7083333333333334,mean,remove_random,4,zh,ko,mrr,0.13717944279774816,1024,2048,metric,,,,
Qwen/Qwen2.5-0.5B,17,0.7083333333333334,mean,remove_random,4,zh,ja,r1,0.203125,1024,2048,metric,,,,
Qwen/Qwen2.5-0.5B,17,0.7083333333333334,mean,remove_random,4,zh,ja,mrr,0.27223609096624707,1024,2048,metric,,,,
Qwen/Qwen2.5-0.5B,18,0.75,mean,remove_random,4,en,ko,r1,0.009765625,1024,2048,metric,,,,
Qwen/Qwen2.5-0.5B,18,0.75,mean,remove_random,4,en,ko,mrr,0.03456145943193455,1024,2048,metric,,,,
Qwen/Qwen2.5-0.5B,18,0.75,mean,remove_random,4,en,ja,r1,0.01953125,1024,2048,metric,,,,
Qwen/Qwen2.5-0.5B,18,0.75,mean,remove_random,4,en,ja,mrr,0.051472953967186125,1024,2048,metric,,,,
Qwen/Qwen2.5-0.5B,18,0.75,mean,remove_random,4,en,zh,r1,0.72265625,1024,2048,metric,,,,
Qwen/Qwen2.5-0.5B,18,0.75,mean,remove_random,4,en,zh,mrr,0.7616990961364836,1024,2048,metric,,,,
Qwen/Qwen2.5-0.5B,18,0.75,mean,remove_random,4,ko,en,r1,0.619140625,1024,2048,metric,,,,
Qwen/Qwen2.5-0.5B,18,0.75,mean,remove_random,4,ko,en,mrr,0.7106798516696112,1024,2048,metric,,,,
Qwen/Qwen2.5-0.5B,18,0.75,mean,remove_random,4,ko,ja,r1,0.806640625,1024,2048,metric,,,,
Qwen/Qwen2.5-0.5B,18,0.75,mean,remove_random,4,ko,ja,mrr,0.8424541749681398,1024,2048,metric,,,,
Qwen/Qwen2.5-0.5B,18,0.75,mean,remove_random,4,ko,zh,r1,0.533203125,1024,2048,metric,,,,
Qwen/Qwen2.5-0.5B,18,0.75,mean,remove_random,4,ko,zh,mrr,0.6324264903363719,1024,2048,metric,,,,
Qwen/Qwen2.5-0.5B,18,0.75,mean,remove_random,4,ja,en,r1,0.736328125,1024,2048,metric,,,,
Qwen/Qwen2.5-0.5B,18,0.75,mean,remove_random,4,ja,en,mrr,0.8049842121608317,1024,2048,metric,,,,
Qwen/Qwen2.5-0.5B,18,0.75,mean,remove_random,4,ja,ko,r1,0.646484375,1024,2048,metric,,,,
Qwen/Qwen2.5-0.5B,18,0.75,mean,remove_random,4,ja,ko,mrr,0.7039130603817536,1024,2048,metric,,,,
Qwen/Qwen2.5-0.5B,18,0.75,mean,remove_random,4,ja,zh,r1,0.701171875,1024,2048,metric,,,,
Qwen/Qwen2.5-0.5B,18,0.75,mean,remove_random,4,ja,zh,mrr,0.7697828250896528,1024,2048,metric,,,,
Qwen/Qwen2.5-0.5B,18,0.75,mean,remove_random,4,zh,en,r1,0.79296875,1024,2048,metric,,,,
Qwen/Qwen2.5-0.5B,18,0.75,mean,remove_random,4,zh,en,mrr,0.8285283686598983,1024,2048,metric,,,,
Qwen/Qwen2.5-0.5B,18,0.75,mean,remove_random,4,zh,ko,r1,0.04296875,1024,2048,metric,,,,
Qwen/Qwen2.5-0.5B,18,0.75,mean,remove_random,4,zh,ko,mrr,0.07465647683074551,1024,2048,metric,,,,
Qwen/Qwen2.5-0.5B,18,0.75,mean,remove_random,4,zh,ja,r1,0.0625,1024,2048,metric,,,,
Qwen/Qwen2.5-0.5B,18,0.75,mean,remove_random,4,zh,ja,mrr,0.10230792799823919,1024,2048,metric,,,,
Qwen/Qwen2.5-0.5B,19,0.7916666666666666,mean,remove_random,4,en,ko,r1,0.005859375,1024,2048,metric,,,,
Qwen/Qwen2.5-0.5B,19,0.7916666666666666,mean,remove_random,4,en,ko,mrr,0.030340500578846137,1024,2048,metric,,,,
Qwen/Qwen2.5-0.5B,19,0.7916666666666666,mean,remove_random,4,en,ja,r1,0.021484375,1024,2048,metric,,,,
Qwen/Qwen2.5-0.5B,19,0.7916666666666666,mean,remove_random,4,en,ja,mrr,0.05339086108476081,1024,2048,metric,,,,
Qwen/Qwen2.5-0.5B,19,0.7916666666666666,mean,remove_random,4,en,zh,r1,0.73828125,1024,2048,metric,,,,
Qwen/Qwen2.5-0.5B,19,0.7916666666666666,mean,remove_random,4,en,zh,mrr,0.7726510091430605,1024,2048,metric,,,,
Qwen/Qwen2.5-0.5B,19,0.7916666666666666,mean,remove_random,4,ko,en,r1,0.6796875,1024,2048,metric,,,,
Qwen/Qwen2.5-0.5B,19,0.7916666666666666,mean,remove_random,4,ko,en,mrr,0.7606428685344981,1024,2048,metric,,,,
Qwen/Qwen2.5-0.5B,19,0.7916666666666666,mean,remove_random,4,ko,ja,r1,0.724609375,1024,2048,metric,,,,
Qwen/Qwen2.5-0.5B,19,0.7916666666666666,mean,remove_random,4,ko,ja,mrr,0.7766396247639247,1024,2048,metric,,,,
Qwen/Qwen2.5-0.5B,19,0.7916666666666666,mean,remove_random,4,ko,zh,r1,0.66015625,1024,2048,metric,,,,
Qwen/Qwen2.5-0.5B,19,0.7916666666666666,mean,remove_random,4,ko,zh,mrr,0.7416258666443438,1024,2048,metric,,,,
Qwen/Qwen2.5-0.5B,19,0.7916666666666666,mean,remove_random,4,ja,en,r1,0.724609375,1024,2048,metric,,,,
Qwen/Qwen2.5-0.5B,19,0.7916666666666666,mean,remove_random,4,ja,en,mrr,0.7990676727964272,1024,2048,metric,,,,
Qwen/Qwen2.5-0.5B,19,0.7916666666666666,mean,remove_random,4,ja,ko,r1,0.513671875,1024,2048,metric,,,,
Qwen/Qwen2.5-0.5B,19,0.7916666666666666,mean,remove_random,4,ja,ko,mrr,0.6029959072849488,1024,2048,metric,,,,
Qwen/Qwen2.5-0.5B,19,0.7916666666666666,mean,remove_random,4,ja,zh,r1,0.736328125,1024,2048,metric,,,,
Qwen/Qwen2.5-0.5B,19,0.7916666666666666,mean,remove_random,4,ja,zh,mrr,0.8038928228906155,1024,2048,metric,,,,
Qwen/Qwen2.5-0.5B,19,0.7916666666666666,mean,remove_random,4,zh,en,r1,0.818359375,1024,2048,metric,,,,
Qwen/Qwen2.5-0.5B,19,0.7916666666666666,mean,remove_random,4,zh,en,mrr,0.854540991688447,1024,2048,metric,,,,
Qwen/Qwen2.5-0.5B,19,0.7916666666666666,mean,remove_random,4,zh,ko,r1,0.03125,1024,2048,metric,,,,
Qwen/Qwen2.5-0.5B,19,0.7916666666666666,mean,remove_random,4,zh,ko,mrr,0.06167388953124067,1024,2048,metric,,,,
Qwen/Qwen2.5-0.5B,19,0.7916666666666666,mean,remove_random,4,zh,ja,r1,0.064453125,1024,2048,metric,,,,
Qwen/Qwen2.5-0.5B,19,0.7916666666666666,mean,remove_random,4,zh,ja,mrr,0.1059033186196471,1024,2048,metric,,,,
Qwen/Qwen2.5-0.5B,20,0.8333333333333334,mean,remove_random,4,en,ko,r1,0.005859375,1024,2048,metric,,,,
Qwen/Qwen2.5-0.5B,20,0.8333333333333334,mean,remove_random,4,en,ko,mrr,0.026706426762259018,1024,2048,metric,,,,
Qwen/Qwen2.5-0.5B,20,0.8333333333333334,mean,remove_random,4,en,ja,r1,0.029296875,1024,2048,metric,,,,
Qwen/Qwen2.5-0.5B,20,0.8333333333333334,mean,remove_random,4,en,ja,mrr,0.06046243758291367,1024,2048,metric,,,,
Qwen/Qwen2.5-0.5B,20,0.8333333333333334,mean,remove_random,4,en,zh,r1,0.740234375,1024,2048,metric,,,,
Qwen/Qwen2.5-0.5B,20,0.8333333333333334,mean,remove_random,4,en,zh,mrr,0.7787902250679474,1024,2048,metric,,,,
Qwen/Qwen2.5-0.5B,20,0.8333333333333334,mean,remove_random,4,ko,en,r1,0.609375,1024,2048,metric,,,,
Qwen/Qwen2.5-0.5B,20,0.8333333333333334,mean,remove_random,4,ko,en,mrr,0.6987614327013912,1024,2048,metric,,,,
Qwen/Qwen2.5-0.5B,20,0.8333333333333334,mean,remove_random,4,ko,ja,r1,0.740234375,1024,2048,metric,,,,
Qwen/Qwen2.5-0.5B,20,0.8333333333333334,mean,remove_random,4,ko,ja,mrr,0.7935009684074974,1024,2048,metric,,,,
Qwen/Qwen2.5-0.5B,20,0.8333333333333334,mean,remove_random,4,ko,zh,r1,0.59765625,1024,2048,metric,,,,
Qwen/Qwen2.5-0.5B,20,0.8333333333333334,mean,remove_random,4,ko,zh,mrr,0.6994315439828345,1024,2048,metric,,,,
Qwen/Qwen2.5-0.5B,20,0.8333333333333334,mean,remove_random,4,ja,en,r1,0.67578125,1024,2048,metric,,,,
Qwen/Qwen2.5-0.5B,20,0.8333333333333334,mean,remove_random,4,ja,en,mrr,0.7531415078370748,1024,2048,metric,,,,
Qwen/Qwen2.5-0.5B,20,0.8333333333333334,mean,remove_random,4,ja,ko,r1,0.37890625,1024,2048,metric,,,,
Qwen/Qwen2.5-0.5B,20,0.8333333333333334,mean,remove_random,4,ja,ko,mrr,0.46913347940463224,1024,2048,metric,,,,
Qwen/Qwen2.5-0.5B,20,0.8333333333333334,mean,remove_random,4,ja,zh,r1,0.6875,1024,2048,metric,,,,
Qwen/Qwen2.5-0.5B,20,0.8333333333333334,mean,remove_random,4,ja,zh,mrr,0.7536353070174957,1024,2048,metric,,,,
Qwen/Qwen2.5-0.5B,20,0.8333333333333334,mean,remove_random,4,zh,en,r1,0.845703125,1024,2048,metric,,,,
Qwen/Qwen2.5-0.5B,20,0.8333333333333334,mean,remove_random,4,zh,en,mrr,0.8764874396164575,1024,2048,metric,,,,
Qwen/Qwen2.5-0.5B,20,0.8333333333333334,mean,remove_random,4,zh,ko,r1,0.017578125,1024,2048,metric,,,,
Qwen/Qwen2.5-0.5B,20,0.8333333333333334,mean,remove_random,4,zh,ko,mrr,0.04435450198606462,1024,2048,metric,,,,
Qwen/Qwen2.5-0.5B,20,0.8333333333333334,mean,remove_random,4,zh,ja,r1,0.0703125,1024,2048,metric,,,,
Qwen/Qwen2.5-0.5B,20,0.8333333333333334,mean,remove_random,4,zh,ja,mrr,0.1189537038834486,1024,2048,metric,,,,
Qwen/Qwen2.5-0.5B,21,0.875,mean,remove_random,4,en,ko,r1,0.01171875,1024,2048,metric,,,,
Qwen/Qwen2.5-0.5B,21,0.875,mean,remove_random,4,en,ko,mrr,0.036267700017862954,1024,2048,metric,,,,
Qwen/Qwen2.5-0.5B,21,0.875,mean,remove_random,4,en,ja,r1,0.017578125,1024,2048,metric,,,,
Qwen/Qwen2.5-0.5B,21,0.875,mean,remove_random,4,en,ja,mrr,0.049868808399967254,1024,2048,metric,,,,
Qwen/Qwen2.5-0.5B,21,0.875,mean,remove_random,4,en,zh,r1,0.798828125,1024,2048,metric,,,,
Qwen/Qwen2.5-0.5B,21,0.875,mean,remove_random,4,en,zh,mrr,0.8429954357420802,1024,2048,metric,,,,
Qwen/Qwen2.5-0.5B,21,0.875,mean,remove_random,4,ko,en,r1,0.345703125,1024,2048,metric,,,,
Qwen/Qwen2.5-0.5B,21,0.875,mean,remove_random,4,ko,en,mrr,0.4547525930474865,1024,2048,metric,,,,
Qwen/Qwen2.5-0.5B,21,0.875,mean,remove_random,4,ko,ja,r1,0.34765625,1024,2048,metric,,,,
Qwen/Qwen2.5-0.5B,21,0.875,mean,remove_random,4,ko,ja,mrr,0.47989725338556927,1024,2048,metric,,,,
Qwen/Qwen2.5-0.5B,21,0.875,mean,remove_random,4,ko,zh,r1,0.34765625,1024,2048,metric,,,,
Qwen/Qwen2.5-0.5B,21,0.875,mean,remove_random,4,ko,zh,mrr,0.4611960586337016,1024,2048,metric,,,,
Qwen/Qwen2.5-0.5B,21,0.875,mean,remove_random,4,ja,en,r1,0.63671875,1024,2048,metric,,,,
Qwen/Qwen2.5-0.5B,21,0.875,mean,remove_random,4,ja,en,mrr,0.7282510204566264,1024,2048,metric,,,,
Qwen/Qwen2.5-0.5B,21,0.875,mean,remove_random,4,ja,ko,r1,0.455078125,1024,2048,metric,,,,
Qwen/Qwen2.5-0.5B,21,0.875,mean,remove_random,4,ja,ko,mrr,0.5351791307714566,1024,2048,metric,,,,
Qwen/Qwen2.5-0.5B,21,0.875,mean,remove_random,4,ja,zh,r1,0.67578125,1024,2048,metric,,,,
Qwen/Qwen2.5-0.5B,21,0.875,mean,remove_random,4,ja,zh,mrr,0.753628931024377,1024,2048,metric,,,,
Qwen/Qwen2.5-0.5B,21,0.875,mean,remove_random,4,zh,en,r1,0.83984375,1024,2048,metric,,,,
Qwen/Qwen2.5-0.5B,21,0.875,mean,remove_random,4,zh,en,mrr,0.8757517420337576,1024,2048,metric,,,,
Qwen/Qwen2.5-0.5B,21,0.875,mean,remove_random,4,zh,ko,r1,0.037109375,1024,2048,metric,,,,
Qwen/Qwen2.5-0.5B,21,0.875,mean,remove_random,4,zh,ko,mrr,0.07069439471833525,1024,2048,metric,,,,
Qwen/Qwen2.5-0.5B,21,0.875,mean,remove_random,4,zh,ja,r1,0.05078125,1024,2048,metric,,,,
Qwen/Qwen2.5-0.5B,21,0.875,mean,remove_random,4,zh,ja,mrr,0.09525700781460862,1024,2048,metric,,,,
Qwen/Qwen2.5-0.5B,22,0.9166666666666666,mean,remove_random,4,en,ko,r1,0.353515625,1024,2048,metric,,,,
Qwen/Qwen2.5-0.5B,22,0.9166666666666666,mean,remove_random,4,en,ko,mrr,0.5145669721487097,1024,2048,metric,,,,
Qwen/Qwen2.5-0.5B,22,0.9166666666666666,mean,remove_random,4,en,ja,r1,0.072265625,1024,2048,metric,,,,
Qwen/Qwen2.5-0.5B,22,0.9166666666666666,mean,remove_random,4,en,ja,mrr,0.24600386855710357,1024,2048,metric,,,,
Qwen/Qwen2.5-0.5B,22,0.9166666666666666,mean,remove_random,4,en,zh,r1,0.9453125,1024,2048,metric,,,,
Qwen/Qwen2.5-0.5B,22,0.9166666666666666,mean,remove_random,4,en,zh,mrr,0.9665473198676323,1024,2048,metric,,,,
Qwen/Qwen2.5-0.5B,22,0.9166666666666666,mean,remove_random,4,ko,en,r1,0.33984375,1024,2048,metric,,,,
Qwen/Qwen2.5-0.5B,22,0.9166666666666666,mean,remove_random,4,ko,en,mrr,0.45158275695763395,1024,2048,metric,,,,
Qwen/Qwen2.5-0.5B,22,0.9166666666666666,mean,remove_random,4,ko,ja,r1,0.197265625,1024,2048,metric,,,,
Qwen/Qwen2.5-0.5B,22,0.9166666666666666,mean,remove_random,4,ko,ja,mrr,0.3771943058468258,1024,2048,metric,,,,
Qwen/Qwen2.5-0.5B,22,0.9166666666666666,mean,remove_random,4,ko,zh,r1,0.427734375,1024,2048,metric,,,,
Qwen/Qwen2.5-0.5B,22,0.9166666666666666,mean,remove_random,4,ko,zh,mrr,0.5497044827173965,1024,2048,metric,,,,
Qwen/Qwen2.5-0.5B,22,0.9166666666666666,mean,remove_random,4,ja,en,r1,0.544921875,1024,2048,metric,,,,
Qwen/Qwen2.5-0.5B,22,0.9166666666666666,mean,remove_random,4,ja,en,mrr,0.6524242142584565,1024,2048,metric,,,,
Qwen/Qwen2.5-0.5B,22,0.9166666666666666,mean,remove_random,4,ja,ko,r1,0.77734375,1024,2048,metric,,,,
Qwen/Qwen2.5-0.5B,22,0.9166666666666666,mean,remove_random,4,ja,ko,mrr,0.8407051813972928,1024,2048,metric,,,,
Qwen/Qwen2.5-0.5B,22,0.9166666666666666,mean,remove_random,4,ja,zh,r1,0.751953125,1024,2048,metric,,,,
Qwen/Qwen2.5-0.5B,22,0.9166666666666666,mean,remove_random,4,ja,zh,mrr,0.8393395759315545,1024,2048,metric,,,,
Qwen/Qwen2.5-0.5B,22,0.9166666666666666,mean,remove_random,4,zh,en,r1,0.95703125,1024,2048,metric,,,,
Qwen/Qwen2.5-0.5B,22,0.9166666666666666,mean,remove_random,4,zh,en,mrr,0.9717290198845963,1024,2048,metric,,,,
Qwen/Qwen2.5-0.5B,22,0.9166666666666666,mean,remove_random,4,zh,ko,r1,0.505859375,1024,2048,metric,,,,
Qwen/Qwen2.5-0.5B,22,0.9166666666666666,mean,remove_random,4,zh,ko,mrr,0.6327626017622938,1024,2048,metric,,,,
Qwen/Qwen2.5-0.5B,22,0.9166666666666666,mean,remove_random,4,zh,ja,r1,0.203125,1024,2048,metric,,,,
Qwen/Qwen2.5-0.5B,22,0.9166666666666666,mean,remove_random,4,zh,ja,mrr,0.37433347366291625,1024,2048,metric,,,,
Qwen/Qwen2.5-0.5B,23,0.9583333333333334,mean,remove_random,4,en,ko,r1,0.052734375,1024,2048,metric,,,,
Qwen/Qwen2.5-0.5B,23,0.9583333333333334,mean,remove_random,4,en,ko,mrr,0.11880712838563505,1024,2048,metric,,,,
Qwen/Qwen2.5-0.5B,23,0.9583333333333334,mean,remove_random,4,en,ja,r1,0.03515625,1024,2048,metric,,,,
Qwen/Qwen2.5-0.5B,23,0.9583333333333334,mean,remove_random,4,en,ja,mrr,0.19404615569588413,1024,2048,metric,,,,
Qwen/Qwen2.5-0.5B,23,0.9583333333333334,mean,remove_random,4,en,zh,r1,0.818359375,1024,2048,metric,,,,
Qwen/Qwen2.5-0.5B,23,0.9583333333333334,mean,remove_random,4,en,zh,mrr,0.8840465984753094,1024,2048,metric,,,,
Qwen/Qwen2.5-0.5B,23,0.9583333333333334,mean,remove_random,4,ko,en,r1,0.27734375,1024,2048,metric,,,,
Qwen/Qwen2.5-0.5B,23,0.9583333333333334,mean,remove_random,4,ko,en,mrr,0.4129735252502046,1024,2048,metric,,,,
Qwen/Qwen2.5-0.5B,23,0.9583333333333334,mean,remove_random,4,ko,ja,r1,0.21484375,1024,2048,metric,,,,
Qwen/Qwen2.5-0.5B,23,0.9583333333333334,mean,remove_random,4,ko,ja,mrr,0.3820509124277347,1024,2048,metric,,,,
Qwen/Qwen2.5-0.5B,23,0.9583333333333334,mean,remove_random,4,ko,zh,r1,0.37890625,1024,2048,metric,,,,
Qwen/Qwen2.5-0.5B,23,0.9583333333333334,mean,remove_random,4,ko,zh,mrr,0.4867852935963587,1024,2048,metric,,,,
Qwen/Qwen2.5-0.5B,23,0.9583333333333334,mean,remove_random,4,ja,en,r1,0.400390625,1024,2048,metric,,,,
Qwen/Qwen2.5-0.5B,23,0.9583333333333334,mean,remove_random,4,ja,en,mrr,0.5196136409728029,1024,2048,metric,,,,
Qwen/Qwen2.5-0.5B,23,0.9583333333333334,mean,remove_random,4,ja,ko,r1,0.1015625,1024,2048,metric,,,,
Qwen/Qwen2.5-0.5B,23,0.9583333333333334,mean,remove_random,4,ja,ko,mrr,0.19816554259281643,1024,2048,metric,,,,
Qwen/Qwen2.5-0.5B,23,0.9583333333333334,mean,remove_random,4,ja,zh,r1,0.69921875,1024,2048,metric,,,,
Qwen/Qwen2.5-0.5B,23,0.9583333333333334,mean,remove_random,4,ja,zh,mrr,0.7891353264402903,1024,2048,metric,,,,
Qwen/Qwen2.5-0.5B,23,0.9583333333333334,mean,remove_random,4,zh,en,r1,0.953125,1024,2048,metric,,,,
Qwen/Qwen2.5-0.5B,23,0.9583333333333334,mean,remove_random,4,zh,en,mrr,0.9704134814628136,1024,2048,metric,,,,
Qwen/Qwen2.5-0.5B,23,0.9583333333333334,mean,remove_random,4,zh,ko,r1,0.0859375,1024,2048,metric,,,,
Qwen/Qwen2.5-0.5B,23,0.9583333333333334,mean,remove_random,4,zh,ko,mrr,0.16959040949168067,1024,2048,metric,,,,
Qwen/Qwen2.5-0.5B,23,0.9583333333333334,mean,remove_random,4,zh,ja,r1,0.1796875,1024,2048,metric,,,,
Qwen/Qwen2.5-0.5B,23,0.9583333333333334,mean,remove_random,4,zh,ja,mrr,0.35283222504836975,1024,2048,metric,,,,
Qwen/Qwen2.5-0.5B,24,1.0,mean,remove_random,4,en,ko,r1,0.00390625,1024,2048,metric,,,,
Qwen/Qwen2.5-0.5B,24,1.0,mean,remove_random,4,en,ko,mrr,0.03905085552404507,1024,2048,metric,,,,
Qwen/Qwen2.5-0.5B,24,1.0,mean,remove_random,4,en,ja,r1,0.001953125,1024,2048,metric,,,,
Qwen/Qwen2.5-0.5B,24,1.0,mean,remove_random,4,en,ja,mrr,0.041244950325102565,1024,2048,metric,,,,
Qwen/Qwen2.5-0.5B,24,1.0,mean,remove_random,4,en,zh,r1,0.001953125,1024,2048,metric,,,,
Qwen/Qwen2.5-0.5B,24,1.0,mean,remove_random,4,en,zh,mrr,0.032945360643312854,1024,2048,metric,,,,
Qwen/Qwen2.5-0.5B,24,1.0,mean,remove_random,4,ko,en,r1,0.013671875,1024,2048,metric,,,,
Qwen/Qwen2.5-0.5B,24,1.0,mean,remove_random,4,ko,en,mrr,0.04892562300162959,1024,2048,metric,,,,
Qwen/Qwen2.5-0.5B,24,1.0,mean,remove_random,4,ko,ja,r1,0.06640625,1024,2048,metric,,,,
Qwen/Qwen2.5-0.5B,24,1.0,mean,remove_random,4,ko,ja,mrr,0.11486580458348525,1024,2048,metric,,,,
Qwen/Qwen2.5-0.5B,24,1.0,mean,remove_random,4,ko,zh,r1,0.03125,1024,2048,metric,,,,
Qwen/Qwen2.5-0.5B,24,1.0,mean,remove_random,4,ko,zh,mrr,0.05811477166547112,1024,2048,metric,,,,
Qwen/Qwen2.5-0.5B,24,1.0,mean,remove_random,4,ja,en,r1,0.078125,1024,2048,metric,,,,
Qwen/Qwen2.5-0.5B,24,1.0,mean,remove_random,4,ja,en,mrr,0.14042406356246775,1024,2048,metric,,,,
Qwen/Qwen2.5-0.5B,24,1.0,mean,remove_random,4,ja,ko,r1,0.015625,1024,2048,metric,,,,
Qwen/Qwen2.5-0.5B,24,1.0,mean,remove_random,4,ja,ko,mrr,0.06582778095701339,1024,2048,metric,,,,
Qwen/Qwen2.5-0.5B,24,1.0,mean,remove_random,4,ja,zh,r1,0.064453125,1024,2048,metric,,,,
Qwen/Qwen2.5-0.5B,24,1.0,mean,remove_random,4,ja,zh,mrr,0.1379520525168915,1024,2048,metric,,,,
Qwen/Qwen2.5-0.5B,24,1.0,mean,remove_random,4,zh,en,r1,0.16796875,1024,2048,metric,,,,
Qwen/Qwen2.5-0.5B,24,1.0,mean,remove_random,4,zh,en,mrr,0.30744562607585946,1024,2048,metric,,,,
Qwen/Qwen2.5-0.5B,24,1.0,mean,remove_random,4,zh,ko,r1,0.029296875,1024,2048,metric,,,,
Qwen/Qwen2.5-0.5B,24,1.0,mean,remove_random,4,zh,ko,mrr,0.1362497713360168,1024,2048,metric,,,,
Qwen/Qwen2.5-0.5B,24,1.0,mean,remove_random,4,zh,ja,r1,0.00390625,1024,2048,metric,,,,
Qwen/Qwen2.5-0.5B,24,1.0,mean,remove_random,4,zh,ja,mrr,0.045802913139549366,1024,2048,metric,,,,
Qwen/Qwen2.5-0.5B,24,1.0,last_token,remove_language,,,,delta_r1,0.10693359375,0,2048,bootstrap_delta,remove_language-normal,0.09733072916666667,0.11751708984374999,1000
Qwen/Qwen2.5-0.5B,24,1.0,last_token,remove_pca,,,,delta_r1,0.1103515625,0,2048,bootstrap_delta,remove_pca-normal,0.09927978515625001,0.12272135416666667,1000
Qwen/Qwen2.5-0.5B,24,1.0,last_token,remove_language,,,,delta_r1,-0.00341796875,0,2048,bootstrap_delta,remove_language-remove_pca,-0.016927083333333332,0.010746256510416663,1000
Qwen/Qwen2.5-0.5B,24,1.0,mean,remove_language,,,,delta_r1,0.15169270833333334,0,2048,bootstrap_delta,remove_language-normal,0.14208984375,0.16129964192708332,1000
Qwen/Qwen2.5-0.5B,24,1.0,mean,remove_pca,,,,delta_r1,0.28955078125,0,2048,bootstrap_delta,remove_pca-normal,0.27375895182291665,0.3058268229166667,1000
Qwen/Qwen2.5-0.5B,24,1.0,mean,remove_language,,,,delta_r1,-0.13785807291666666,0,2048,bootstrap_delta,remove_language-remove_pca,-0.15478922526041666,-0.12141520182291667,1000
