model,layer,normalized_depth,pooling,condition,seed,source_language,target_language,metric,value,n_train,n_eval,record_type,comparison,ci_lower,ci_upper,n_resamples
trillionlabs/Tri-0.5B-Base,22,0.9166666666666666,last_token,normal,,en,ko,r1,0.671875,1024,2048,metric,,,,
trillionlabs/Tri-0.5B-Base,22,0.9166666666666666,last_token,normal,,en,ko,mrr,0.7582817177413232,1024,2048,metric,,,,
trillionlabs/Tri-0.5B-Base,22,0.9166666666666666,last_token,normal,,en,ja,r1,0.5703125,1024,2048,metric,,,,
trillionlabs/Tri-0.5B-Base,22,0.9166666666666666,last_token,normal,,en,ja,mrr,0.660161889721832,1024,2048,metric,,,,
trillionlabs/Tri-0.5B-Base,22,0.9166666666666666,last_token,normal,,en,zh,r1,0.626953125,1024,2048,metric,,,,
trillionlabs/Tri-0.5B-Base,22,0.9166666666666666,last_token,normal,,en,zh,mrr,0.7262567317702547,1024,2048,metric,,,,
trillionlabs/Tri-0.5B-Base,22,0.9166666666666666,last_token,normal,,ko,en,r1,0.779296875,1024,2048,metric,,,,
trillionlabs/Tri-0.5B-Base,22,0.9166666666666666,last_token,normal,,ko,en,mrr,0.8379591859664571,1024,2048,metric,,,,
trillionlabs/Tri-0.5B-Base,22,0.9166666666666666,last_token,normal,,ko,ja,r1,0.580078125,1024,2048,metric,,,,
trillionlabs/Tri-0.5B-Base,22,0.9166666666666666,last_token,normal,,ko,ja,mrr,0.6527326078804638,1024,2048,metric,,,,
trillionlabs/Tri-0.5B-Base,22,0.9166666666666666,last_token,normal,,ko,zh,r1,0.583984375,1024,2048,metric,,,,
trillionlabs/Tri-0.5B-Base,22,0.9166666666666666,last_token,normal,,ko,zh,mrr,0.6902965178788129,1024,2048,metric,,,,
trillionlabs/Tri-0.5B-Base,22,0.9166666666666666,last_token,normal,,ja,en,r1,0.701171875,1024,2048,metric,,,,
trillionlabs/Tri-0.5B-Base,22,0.9166666666666666,last_token,normal,,ja,en,mrr,0.7907188603990298,1024,2048,metric,,,,
trillionlabs/Tri-0.5B-Base,22,0.9166666666666666,last_token,normal,,ja,ko,r1,0.650390625,1024,2048,metric,,,,
trillionlabs/Tri-0.5B-Base,22,0.9166666666666666,last_token,normal,,ja,ko,mrr,0.7311592548217352,1024,2048,metric,,,,
trillionlabs/Tri-0.5B-Base,22,0.9166666666666666,last_token,normal,,ja,zh,r1,0.7265625,1024,2048,metric,,,,
trillionlabs/Tri-0.5B-Base,22,0.9166666666666666,last_token,normal,,ja,zh,mrr,0.8061109041805719,1024,2048,metric,,,,
trillionlabs/Tri-0.5B-Base,22,0.9166666666666666,last_token,normal,,zh,en,r1,0.76171875,1024,2048,metric,,,,
trillionlabs/Tri-0.5B-Base,22,0.9166666666666666,last_token,normal,,zh,en,mrr,0.8362554715141767,1024,2048,metric,,,,
trillionlabs/Tri-0.5B-Base,22,0.9166666666666666,last_token,normal,,zh,ko,r1,0.576171875,1024,2048,metric,,,,
trillionlabs/Tri-0.5B-Base,22,0.9166666666666666,last_token,normal,,zh,ko,mrr,0.6802076154327419,1024,2048,metric,,,,
trillionlabs/Tri-0.5B-Base,22,0.9166666666666666,last_token,normal,,zh,ja,r1,0.521484375,1024,2048,metric,,,,
trillionlabs/Tri-0.5B-Base,22,0.9166666666666666,last_token,normal,,zh,ja,mrr,0.6027164239281108,1024,2048,metric,,,,
trillionlabs/Tri-0.5B-Base,23,0.9583333333333334,last_token,normal,,en,ko,r1,0.376953125,1024,2048,metric,,,,
trillionlabs/Tri-0.5B-Base,23,0.9583333333333334,last_token,normal,,en,ko,mrr,0.47947264541890866,1024,2048,metric,,,,
trillionlabs/Tri-0.5B-Base,23,0.9583333333333334,last_token,normal,,en,ja,r1,0.21875,1024,2048,metric,,,,
trillionlabs/Tri-0.5B-Base,23,0.9583333333333334,last_token,normal,,en,ja,mrr,0.3460980837281351,1024,2048,metric,,,,
trillionlabs/Tri-0.5B-Base,23,0.9583333333333334,last_token,normal,,en,zh,r1,0.154296875,1024,2048,metric,,,,
trillionlabs/Tri-0.5B-Base,23,0.9583333333333334,last_token,normal,,en,zh,mrr,0.2808612685223699,1024,2048,metric,,,,
trillionlabs/Tri-0.5B-Base,23,0.9583333333333334,last_token,normal,,ko,en,r1,0.806640625,1024,2048,metric,,,,
trillionlabs/Tri-0.5B-Base,23,0.9583333333333334,last_token,normal,,ko,en,mrr,0.8575640304128536,1024,2048,metric,,,,
trillionlabs/Tri-0.5B-Base,23,0.9583333333333334,last_token,normal,,ko,ja,r1,0.490234375,1024,2048,metric,,,,
trillionlabs/Tri-0.5B-Base,23,0.9583333333333334,last_token,normal,,ko,ja,mrr,0.5815775706922863,1024,2048,metric,,,,
trillionlabs/Tri-0.5B-Base,23,0.9583333333333334,last_token,normal,,ko,zh,r1,0.197265625,1024,2048,metric,,,,
trillionlabs/Tri-0.5B-Base,23,0.9583333333333334,last_token,normal,,ko,zh,mrr,0.3197247783062014,1024,2048,metric,,,,
trillionlabs/Tri-0.5B-Base,23,0.9583333333333334,last_token,normal,,ja,en,r1,0.615234375,1024,2048,metric,,,,
trillionlabs/Tri-0.5B-Base,23,0.9583333333333334,last_token,normal,,ja,en,mrr,0.7423537503011033,1024,2048,metric,,,,
trillionlabs/Tri-0.5B-Base,23,0.9583333333333334,last_token,normal,,ja,ko,r1,0.486328125,1024,2048,metric,,,,
trillionlabs/Tri-0.5B-Base,23,0.9583333333333334,last_token,normal,,ja,ko,mrr,0.5981657812982625,1024,2048,metric,,,,
trillionlabs/Tri-0.5B-Base,23,0.9583333333333334,last_token,normal,,ja,zh,r1,0.71484375,1024,2048,metric,,,,
trillionlabs/Tri-0.5B-Base,23,0.9583333333333334,last_token,normal,,ja,zh,mrr,0.7883125902038431,1024,2048,metric,,,,
trillionlabs/Tri-0.5B-Base,23,0.9583333333333334,last_token,normal,,zh,en,r1,0.630859375,1024,2048,metric,,,,
trillionlabs/Tri-0.5B-Base,23,0.9583333333333334,last_token,normal,,zh,en,mrr,0.7739671573708147,1024,2048,metric,,,,
trillionlabs/Tri-0.5B-Base,23,0.9583333333333334,last_token,normal,,zh,ko,r1,0.361328125,1024,2048,metric,,,,
trillionlabs/Tri-0.5B-Base,23,0.9583333333333334,last_token,normal,,zh,ko,mrr,0.49881795535305956,1024,2048,metric,,,,
trillionlabs/Tri-0.5B-Base,23,0.9583333333333334,last_token,normal,,zh,ja,r1,0.5390625,1024,2048,metric,,,,
trillionlabs/Tri-0.5B-Base,23,0.9583333333333334,last_token,normal,,zh,ja,mrr,0.6254651063063184,1024,2048,metric,,,,
trillionlabs/Tri-0.5B-Base,24,1.0,last_token,normal,,en,ko,r1,0.037109375,1024,2048,metric,,,,
trillionlabs/Tri-0.5B-Base,24,1.0,last_token,normal,,en,ko,mrr,0.08092799574583848,1024,2048,metric,,,,
trillionlabs/Tri-0.5B-Base,24,1.0,last_token,normal,,en,ja,r1,0.064453125,1024,2048,metric,,,,
trillionlabs/Tri-0.5B-Base,24,1.0,last_token,normal,,en,ja,mrr,0.13551429998513886,1024,2048,metric,,,,
trillionlabs/Tri-0.5B-Base,24,1.0,last_token,normal,,en,zh,r1,0.01171875,1024,2048,metric,,,,
trillionlabs/Tri-0.5B-Base,24,1.0,last_token,normal,,en,zh,mrr,0.06766429280511563,1024,2048,metric,,,,
trillionlabs/Tri-0.5B-Base,24,1.0,last_token,normal,,ko,en,r1,0.619140625,1024,2048,metric,,,,
trillionlabs/Tri-0.5B-Base,24,1.0,last_token,normal,,ko,en,mrr,0.7262222713319382,1024,2048,metric,,,,
trillionlabs/Tri-0.5B-Base,24,1.0,last_token,normal,,ko,ja,r1,0.34375,1024,2048,metric,,,,
trillionlabs/Tri-0.5B-Base,24,1.0,last_token,normal,,ko,ja,mrr,0.4593835656177462,1024,2048,metric,,,,
trillionlabs/Tri-0.5B-Base,24,1.0,last_token,normal,,ko,zh,r1,0.2421875,1024,2048,metric,,,,
trillionlabs/Tri-0.5B-Base,24,1.0,last_token,normal,,ko,zh,mrr,0.34908543308546613,1024,2048,metric,,,,
trillionlabs/Tri-0.5B-Base,24,1.0,last_token,normal,,ja,en,r1,0.330078125,1024,2048,metric,,,,
trillionlabs/Tri-0.5B-Base,24,1.0,last_token,normal,,ja,en,mrr,0.4792903341763929,1024,2048,metric,,,,
trillionlabs/Tri-0.5B-Base,24,1.0,last_token,normal,,ja,ko,r1,0.09375,1024,2048,metric,,,,
trillionlabs/Tri-0.5B-Base,24,1.0,last_token,normal,,ja,ko,mrr,0.1654699569289844,1024,2048,metric,,,,
trillionlabs/Tri-0.5B-Base,24,1.0,last_token,normal,,ja,zh,r1,0.525390625,1024,2048,metric,,,,
trillionlabs/Tri-0.5B-Base,24,1.0,last_token,normal,,ja,zh,mrr,0.6476299773547115,1024,2048,metric,,,,
trillionlabs/Tri-0.5B-Base,24,1.0,last_token,normal,,zh,en,r1,0.291015625,1024,2048,metric,,,,
trillionlabs/Tri-0.5B-Base,24,1.0,last_token,normal,,zh,en,mrr,0.49271704422929075,1024,2048,metric,,,,
trillionlabs/Tri-0.5B-Base,24,1.0,last_token,normal,,zh,ko,r1,0.216796875,1024,2048,metric,,,,
trillionlabs/Tri-0.5B-Base,24,1.0,last_token,normal,,zh,ko,mrr,0.3346618433277679,1024,2048,metric,,,,
trillionlabs/Tri-0.5B-Base,24,1.0,last_token,normal,,zh,ja,r1,0.013671875,1024,2048,metric,,,,
trillionlabs/Tri-0.5B-Base,24,1.0,last_token,normal,,zh,ja,mrr,0.13058264614029036,1024,2048,metric,,,,
trillionlabs/Tri-0.5B-Base,22,0.9166666666666666,mean,normal,,en,ko,r1,0.33984375,1024,2048,metric,,,,
trillionlabs/Tri-0.5B-Base,22,0.9166666666666666,mean,normal,,en,ko,mrr,0.45577563640414037,1024,2048,metric,,,,
trillionlabs/Tri-0.5B-Base,22,0.9166666666666666,mean,normal,,en,ja,r1,0.279296875,1024,2048,metric,,,,
trillionlabs/Tri-0.5B-Base,22,0.9166666666666666,mean,normal,,en,ja,mrr,0.40712854760041184,1024,2048,metric,,,,
trillionlabs/Tri-0.5B-Base,22,0.9166666666666666,mean,normal,,en,zh,r1,0.322265625,1024,2048,metric,,,,
trillionlabs/Tri-0.5B-Base,22,0.9166666666666666,mean,normal,,en,zh,mrr,0.42552076736333955,1024,2048,metric,,,,
trillionlabs/Tri-0.5B-Base,22,0.9166666666666666,mean,normal,,ko,en,r1,0.154296875,1024,2048,metric,,,,
trillionlabs/Tri-0.5B-Base,22,0.9166666666666666,mean,normal,,ko,en,mrr,0.1849499829354671,1024,2048,metric,,,,
trillionlabs/Tri-0.5B-Base,22,0.9166666666666666,mean,normal,,ko,ja,r1,0.171875,1024,2048,metric,,,,
trillionlabs/Tri-0.5B-Base,22,0.9166666666666666,mean,normal,,ko,ja,mrr,0.2264767062600238,1024,2048,metric,,,,
trillionlabs/Tri-0.5B-Base,22,0.9166666666666666,mean,normal,,ko,zh,r1,0.068359375,1024,2048,metric,,,,
trillionlabs/Tri-0.5B-Base,22,0.9166666666666666,mean,normal,,ko,zh,mrr,0.11204513383006333,1024,2048,metric,,,,
trillionlabs/Tri-0.5B-Base,22,0.9166666666666666,mean,normal,,ja,en,r1,0.173828125,1024,2048,metric,,,,
trillionlabs/Tri-0.5B-Base,22,0.9166666666666666,mean,normal,,ja,en,mrr,0.20530246449594075,1024,2048,metric,,,,
trillionlabs/Tri-0.5B-Base,22,0.9166666666666666,mean,normal,,ja,ko,r1,0.462890625,1024,2048,metric,,,,
trillionlabs/Tri-0.5B-Base,22,0.9166666666666666,mean,normal,,ja,ko,mrr,0.5584885769508201,1024,2048,metric,,,,
trillionlabs/Tri-0.5B-Base,22,0.9166666666666666,mean,normal,,ja,zh,r1,0.578125,1024,2048,metric,,,,
trillionlabs/Tri-0.5B-Base,22,0.9166666666666666,mean,normal,,ja,zh,mrr,0.6130788829473963,1024,2048,metric,,,,
trillionlabs/Tri-0.5B-Base,22,0.9166666666666666,mean,normal,,zh,en,r1,0.265625,1024,2048,metric,,,,
trillionlabs/Tri-0.5B-Base,22,0.9166666666666666,mean,normal,,zh,en,mrr,0.3089327552075817,1024,2048,metric,,,,
trillionlabs/Tri-0.5B-Base,22,0.9166666666666666,mean,normal,,zh,ko,r1,0.33984375,1024,2048,metric,,,,
trillionlabs/Tri-0.5B-Base,22,0.9166666666666666,mean,normal,,zh,ko,mrr,0.4775822592233808,1024,2048,metric,,,,
trillionlabs/Tri-0.5B-Base,22,0.9166666666666666,mean,normal,,zh,ja,r1,0.6484375,1024,2048,metric,,,,
trillionlabs/Tri-0.5B-Base,22,0.9166666666666666,mean,normal,,zh,ja,mrr,0.7044373514685454,1024,2048,metric,,,,
trillionlabs/Tri-0.5B-Base,23,0.9583333333333334,mean,normal,,en,ko,r1,0.083984375,1024,2048,metric,,,,
trillionlabs/Tri-0.5B-Base,23,0.9583333333333334,mean,normal,,en,ko,mrr,0.18024697217969723,1024,2048,metric,,,,
trillionlabs/Tri-0.5B-Base,23,0.9583333333333334,mean,normal,,en,ja,r1,0.037109375,1024,2048,metric,,,,
trillionlabs/Tri-0.5B-Base,23,0.9583333333333334,mean,normal,,en,ja,mrr,0.15440555706320652,1024,2048,metric,,,,
trillionlabs/Tri-0.5B-Base,23,0.9583333333333334,mean,normal,,en,zh,r1,0.044921875,1024,2048,metric,,,,
trillionlabs/Tri-0.5B-Base,23,0.9583333333333334,mean,normal,,en,zh,mrr,0.11462527697885339,1024,2048,metric,,,,
trillionlabs/Tri-0.5B-Base,23,0.9583333333333334,mean,normal,,ko,en,r1,0.0390625,1024,2048,metric,,,,
trillionlabs/Tri-0.5B-Base,23,0.9583333333333334,mean,normal,,ko,en,mrr,0.06220504139790483,1024,2048,metric,,,,
trillionlabs/Tri-0.5B-Base,23,0.9583333333333334,mean,normal,,ko,ja,r1,0.037109375,1024,2048,metric,,,,
trillionlabs/Tri-0.5B-Base,23,0.9583333333333334,mean,normal,,ko,ja,mrr,0.07697162172891915,1024,2048,metric,,,,
trillionlabs/Tri-0.5B-Base,23,0.9583333333333334,mean,normal,,ko,zh,r1,0.013671875,1024,2048,metric,,,,
trillionlabs/Tri-0.5B-Base,23,0.9583333333333334,mean,normal,,ko,zh,mrr,0.042337322690775864,1024,2048,metric,,,,
trillionlabs/Tri-0.5B-Base,23,0.9583333333333334,mean,normal,,ja,en,r1,0.021484375,1024,2048,metric,,,,
trillionlabs/Tri-0.5B-Base,23,0.9583333333333334,mean,normal,,ja,en,mrr,0.044199584820496324,1024,2048,metric,,,,
trillionlabs/Tri-0.5B-Base,23,0.9583333333333334,mean,normal,,ja,ko,r1,0.115234375,1024,2048,metric,,,,
trillionlabs/Tri-0.5B-Base,23,0.9583333333333334,mean,normal,,ja,ko,mrr,0.17876604494016646,1024,2048,metric,,,,
trillionlabs/Tri-0.5B-Base,23,0.9583333333333334,mean,normal,,ja,zh,r1,0.55859375,1024,2048,metric,,,,
trillionlabs/Tri-0.5B-Base,23,0.9583333333333334,mean,normal,,ja,zh,mrr,0.5982341181730723,1024,2048,metric,,,,
trillionlabs/Tri-0.5B-Base,23,0.9583333333333334,mean,normal,,zh,en,r1,0.072265625,1024,2048,metric,,,,
trillionlabs/Tri-0.5B-Base,23,0.9583333333333334,mean,normal,,zh,en,mrr,0.09630119006267725,1024,2048,metric,,,,
trillionlabs/Tri-0.5B-Base,23,0.9583333333333334,mean,normal,,zh,ko,r1,0.072265625,1024,2048,metric,,,,
trillionlabs/Tri-0.5B-Base,23,0.9583333333333334,mean,normal,,zh,ko,mrr,0.14873229232296564,1024,2048,metric,,,,
trillionlabs/Tri-0.5B-Base,23,0.9583333333333334,mean,normal,,zh,ja,r1,0.625,1024,2048,metric,,,,
trillionlabs/Tri-0.5B-Base,23,0.9583333333333334,mean,normal,,zh,ja,mrr,0.6883586529055206,1024,2048,metric,,,,
trillionlabs/Tri-0.5B-Base,24,1.0,mean,normal,,en,ko,r1,0.025390625,1024,2048,metric,,,,
trillionlabs/Tri-0.5B-Base,24,1.0,mean,normal,,en,ko,mrr,0.14625396575530877,1024,2048,metric,,,,
trillionlabs/Tri-0.5B-Base,24,1.0,mean,normal,,en,ja,r1,0.01171875,1024,2048,metric,,,,
trillionlabs/Tri-0.5B-Base,24,1.0,mean,normal,,en,ja,mrr,0.1467140332327614,1024,2048,metric,,,,
trillionlabs/Tri-0.5B-Base,24,1.0,mean,normal,,en,zh,r1,0.01171875,1024,2048,metric,,,,
trillionlabs/Tri-0.5B-Base,24,1.0,mean,normal,,en,zh,mrr,0.08705522306328393,1024,2048,metric,,,,
trillionlabs/Tri-0.5B-Base,24,1.0,mean,normal,,ko,en,r1,0.453125,1024,2048,metric,,,,
trillionlabs/Tri-0.5B-Base,24,1.0,mean,normal,,ko,en,mrr,0.6019287010779267,1024,2048,metric,,,,
trillionlabs/Tri-0.5B-Base,24,1.0,mean,normal,,ko,ja,r1,0.0859375,1024,2048,metric,,,,
trillionlabs/Tri-0.5B-Base,24,1.0,mean,normal,,ko,ja,mrr,0.2718636669922156,1024,2048,metric,,,,
trillionlabs/Tri-0.5B-Base,24,1.0,mean,normal,,ko,zh,r1,0.05078125,1024,2048,metric,,,,
trillionlabs/Tri-0.5B-Base,24,1.0,mean,normal,,ko,zh,mrr,0.1696909457812725,1024,2048,metric,,,,
trillionlabs/Tri-0.5B-Base,24,1.0,mean,normal,,ja,en,r1,0.33984375,1024,2048,metric,,,,
trillionlabs/Tri-0.5B-Base,24,1.0,mean,normal,,ja,en,mrr,0.45869720579135986,1024,2048,metric,,,,
trillionlabs/Tri-0.5B-Base,24,1.0,mean,normal,,ja,ko,r1,0.02734375,1024,2048,metric,,,,
trillionlabs/Tri-0.5B-Base,24,1.0,mean,normal,,ja,ko,mrr,0.14643959357302663,1024,2048,metric,,,,
trillionlabs/Tri-0.5B-Base,24,1.0,mean,normal,,ja,zh,r1,0.125,1024,2048,metric,,,,
trillionlabs/Tri-0.5B-Base,24,1.0,mean,normal,,ja,zh,mrr,0.2705448573936269,1024,2048,metric,,,,
trillionlabs/Tri-0.5B-Base,24,1.0,mean,normal,,zh,en,r1,0.216796875,1024,2048,metric,,,,
trillionlabs/Tri-0.5B-Base,24,1.0,mean,normal,,zh,en,mrr,0.36251943554657406,1024,2048,metric,,,,
trillionlabs/Tri-0.5B-Base,24,1.0,mean,normal,,zh,ko,r1,0.11328125,1024,2048,metric,,,,
trillionlabs/Tri-0.5B-Base,24,1.0,mean,normal,,zh,ko,mrr,0.19839174796660952,1024,2048,metric,,,,
trillionlabs/Tri-0.5B-Base,24,1.0,mean,normal,,zh,ja,r1,0.029296875,1024,2048,metric,,,,
trillionlabs/Tri-0.5B-Base,24,1.0,mean,normal,,zh,ja,mrr,0.1255670302729355,1024,2048,metric,,,,
trillionlabs/Tri-0.5B-Base,22,0.9166666666666666,last_token,remove_language,,en,ko,r1,0.671875,1024,2048,metric,,,,
trillionlabs/Tri-0.5B-Base,22,0.9166666666666666,last_token,remove_language,,en,ko,mrr,0.7582817177413232,1024,2048,metric,,,,
trillionlabs/Tri-0.5B-Base,22,0.9166666666666666,last_token,remove_language,,en,ja,r1,0.5703125,1024,2048,metric,,,,
trillionlabs/Tri-0.5B-Base,22,0.9166666666666666,last_token,remove_language,,en,ja,mrr,0.660161889721832,1024,2048,metric,,,,
trillionlabs/Tri-0.5B-Base,22,0.9166666666666666,last_token,remove_language,,en,zh,r1,0.626953125,1024,2048,metric,,,,
trillionlabs/Tri-0.5B-Base,22,0.9166666666666666,last_token,remove_language,,en,zh,mrr,0.7262567317702547,1024,2048,metric,,,,
trillionlabs/Tri-0.5B-Base,22,0.9166666666666666,last_token,remove_language,,ko,en,r1,0.779296875,1024,2048,metric,,,,
trillionlabs/Tri-0.5B-Base,22,0.9166666666666666,last_token,remove_language,,ko,en,mrr,0.8379591859664571,1024,2048,metric,,,,
trillionlabs/Tri-0.5B-Base,22,0.9166666666666666,last_token,remove_language,,ko,ja,r1,0.580078125,1024,2048,metric,,,,
trillionlabs/Tri-0.5B-Base,22,0.9166666666666666,last_token,remove_language,,ko,ja,mrr,0.6527326078804638,1024,2048,metric,,,,
trillionlabs/Tri-0.5B-Base,22,0.9166666666666666,last_token,remove_language,,ko,zh,r1,0.583984375,1024,2048,metric,,,,
trillionlabs/Tri-0.5B-Base,22,0.9166666666666666,last_token,remove_language,,ko,zh,mrr,0.6902965178788129,1024,2048,metric,,,,
trillionlabs/Tri-0.5B-Base,22,0.9166666666666666,last_token,remove_language,,ja,en,r1,0.701171875,1024,2048,metric,,,,
trillionlabs/Tri-0.5B-Base,22,0.9166666666666666,last_token,remove_language,,ja,en,mrr,0.7907188603990298,1024,2048,metric,,,,
trillionlabs/Tri-0.5B-Base,22,0.9166666666666666,last_token,remove_language,,ja,ko,r1,0.650390625,1024,2048,metric,,,,
trillionlabs/Tri-0.5B-Base,22,0.9166666666666666,last_token,remove_language,,ja,ko,mrr,0.7311592548217352,1024,2048,metric,,,,
trillionlabs/Tri-0.5B-Base,22,0.9166666666666666,last_token,remove_language,,ja,zh,r1,0.7265625,1024,2048,metric,,,,
trillionlabs/Tri-0.5B-Base,22,0.9166666666666666,last_token,remove_language,,ja,zh,mrr,0.8061109041805719,1024,2048,metric,,,,
trillionlabs/Tri-0.5B-Base,22,0.9166666666666666,last_token,remove_language,,zh,en,r1,0.76171875,1024,2048,metric,,,,
trillionlabs/Tri-0.5B-Base,22,0.9166666666666666,last_token,remove_language,,zh,en,mrr,0.8362554715141767,1024,2048,metric,,,,
trillionlabs/Tri-0.5B-Base,22,0.9166666666666666,last_token,remove_language,,zh,ko,r1,0.576171875,1024,2048,metric,,,,
trillionlabs/Tri-0.5B-Base,22,0.9166666666666666,last_token,remove_language,,zh,ko,mrr,0.6802076154327419,1024,2048,metric,,,,
trillionlabs/Tri-0.5B-Base,22,0.9166666666666666,last_token,remove_language,,zh,ja,r1,0.521484375,1024,2048,metric,,,,
trillionlabs/Tri-0.5B-Base,22,0.9166666666666666,last_token,remove_language,,zh,ja,mrr,0.6027164239281108,1024,2048,metric,,,,
trillionlabs/Tri-0.5B-Base,23,0.9583333333333334,last_token,remove_language,,en,ko,r1,0.658203125,1024,2048,metric,,,,
trillionlabs/Tri-0.5B-Base,23,0.9583333333333334,last_token,remove_language,,en,ko,mrr,0.7554068215912392,1024,2048,metric,,,,
trillionlabs/Tri-0.5B-Base,23,0.9583333333333334,last_token,remove_language,,en,ja,r1,0.490234375,1024,2048,metric,,,,
trillionlabs/Tri-0.5B-Base,23,0.9583333333333334,last_token,remove_language,,en,ja,mrr,0.6017351834707803,1024,2048,metric,,,,
trillionlabs/Tri-0.5B-Base,23,0.9583333333333334,last_token,remove_language,,en,zh,r1,0.646484375,1024,2048,metric,,,,
trillionlabs/Tri-0.5B-Base,23,0.9583333333333334,last_token,remove_language,,en,zh,mrr,0.7387752363230149,1024,2048,metric,,,,
trillionlabs/Tri-0.5B-Base,23,0.9583333333333334,last_token,remove_language,,ko,en,r1,0.787109375,1024,2048,metric,,,,
trillionlabs/Tri-0.5B-Base,23,0.9583333333333334,last_token,remove_language,,ko,en,mrr,0.8466248698663601,1024,2048,metric,,,,
trillionlabs/Tri-0.5B-Base,23,0.9583333333333334,last_token,remove_language,,ko,ja,r1,0.62890625,1024,2048,metric,,,,
trillionlabs/Tri-0.5B-Base,23,0.9583333333333334,last_token,remove_language,,ko,ja,mrr,0.6853061615150227,1024,2048,metric,,,,
trillionlabs/Tri-0.5B-Base,23,0.9583333333333334,last_token,remove_language,,ko,zh,r1,0.7578125,1024,2048,metric,,,,
trillionlabs/Tri-0.5B-Base,23,0.9583333333333334,last_token,remove_language,,ko,zh,mrr,0.820484403034351,1024,2048,metric,,,,
trillionlabs/Tri-0.5B-Base,23,0.9583333333333334,last_token,remove_language,,ja,en,r1,0.724609375,1024,2048,metric,,,,
trillionlabs/Tri-0.5B-Base,23,0.9583333333333334,last_token,remove_language,,ja,en,mrr,0.7990472714656732,1024,2048,metric,,,,
trillionlabs/Tri-0.5B-Base,23,0.9583333333333334,last_token,remove_language,,ja,ko,r1,0.75,1024,2048,metric,,,,
trillionlabs/Tri-0.5B-Base,23,0.9583333333333334,last_token,remove_language,,ja,ko,mrr,0.8080672231497068,1024,2048,metric,,,,
trillionlabs/Tri-0.5B-Base,23,0.9583333333333334,last_token,remove_language,,ja,zh,r1,0.744140625,1024,2048,metric,,,,
trillionlabs/Tri-0.5B-Base,23,0.9583333333333334,last_token,remove_language,,ja,zh,mrr,0.8104113010011452,1024,2048,metric,,,,
trillionlabs/Tri-0.5B-Base,23,0.9583333333333334,last_token,remove_language,,zh,en,r1,0.8125,1024,2048,metric,,,,
trillionlabs/Tri-0.5B-Base,23,0.9583333333333334,last_token,remove_language,,zh,en,mrr,0.8642692773902697,1024,2048,metric,,,,
trillionlabs/Tri-0.5B-Base,23,0.9583333333333334,last_token,remove_language,,zh,ko,r1,0.693359375,1024,2048,metric,,,,
trillionlabs/Tri-0.5B-Base,23,0.9583333333333334,last_token,remove_language,,zh,ko,mrr,0.7726010308633808,1024,2048,metric,,,,
trillionlabs/Tri-0.5B-Base,23,0.9583333333333334,last_token,remove_language,,zh,ja,r1,0.580078125,1024,2048,metric,,,,
trillionlabs/Tri-0.5B-Base,23,0.9583333333333334,last_token,remove_language,,zh,ja,mrr,0.6542010713670116,1024,2048,metric,,,,
trillionlabs/Tri-0.5B-Base,24,1.0,last_token,remove_language,,en,ko,r1,0.0234375,1024,2048,metric,,,,
trillionlabs/Tri-0.5B-Base,24,1.0,last_token,remove_language,,en,ko,mrr,0.06824878406476477,1024,2048,metric,,,,
trillionlabs/Tri-0.5B-Base,24,1.0,last_token,remove_language,,en,ja,r1,0.01953125,1024,2048,metric,,,,
trillionlabs/Tri-0.5B-Base,24,1.0,last_token,remove_language,,en,ja,mrr,0.06484341117187638,1024,2048,metric,,,,
trillionlabs/Tri-0.5B-Base,24,1.0,last_token,remove_language,,en,zh,r1,0.033203125,1024,2048,metric,,,,
trillionlabs/Tri-0.5B-Base,24,1.0,last_token,remove_language,,en,zh,mrr,0.0753121497853112,1024,2048,metric,,,,
trillionlabs/Tri-0.5B-Base,24,1.0,last_token,remove_language,,ko,en,r1,0.064453125,1024,2048,metric,,,,
trillionlabs/Tri-0.5B-Base,24,1.0,last_token,remove_language,,ko,en,mrr,0.15614694400530757,1024,2048,metric,,,,
trillionlabs/Tri-0.5B-Base,24,1.0,last_token,remove_language,,ko,ja,r1,0.443359375,1024,2048,metric,,,,
trillionlabs/Tri-0.5B-Base,24,1.0,last_token,remove_language,,ko,ja,mrr,0.5247486896318103,1024,2048,metric,,,,
trillionlabs/Tri-0.5B-Base,24,1.0,last_token,remove_language,,ko,zh,r1,0.3828125,1024,2048,metric,,,,
trillionlabs/Tri-0.5B-Base,24,1.0,last_token,remove_language,,ko,zh,mrr,0.4616878216023087,1024,2048,metric,,,,
trillionlabs/Tri-0.5B-Base,24,1.0,last_token,remove_language,,ja,en,r1,0.05078125,1024,2048,metric,,,,
trillionlabs/Tri-0.5B-Base,24,1.0,last_token,remove_language,,ja,en,mrr,0.114517844802646,1024,2048,metric,,,,
trillionlabs/Tri-0.5B-Base,24,1.0,last_token,remove_language,,ja,ko,r1,0.392578125,1024,2048,metric,,,,
trillionlabs/Tri-0.5B-Base,24,1.0,last_token,remove_language,,ja,ko,mrr,0.4878850064637297,1024,2048,metric,,,,
trillionlabs/Tri-0.5B-Base,24,1.0,last_token,remove_language,,ja,zh,r1,0.458984375,1024,2048,metric,,,,
trillionlabs/Tri-0.5B-Base,24,1.0,last_token,remove_language,,ja,zh,mrr,0.5306015348486394,1024,2048,metric,,,,
trillionlabs/Tri-0.5B-Base,24,1.0,last_token,remove_language,,zh,en,r1,0.09765625,1024,2048,metric,,,,
trillionlabs/Tri-0.5B-Base,24,1.0,last_token,remove_language,,zh,en,mrr,0.19884060213660715,1024,2048,metric,,,,
trillionlabs/Tri-0.5B-Base,24,1.0,last_token,remove_language,,zh,ko,r1,0.353515625,1024,2048,metric,,,,
trillionlabs/Tri-0.5B-Base,24,1.0,last_token,remove_language,,zh,ko,mrr,0.4446407164816751,1024,2048,metric,,,,
trillionlabs/Tri-0.5B-Base,24,1.0,last_token,remove_language,,zh,ja,r1,0.404296875,1024,2048,metric,,,,
trillionlabs/Tri-0.5B-Base,24,1.0,last_token,remove_language,,zh,ja,mrr,0.48685225741933413,1024,2048,metric,,,,
trillionlabs/Tri-0.5B-Base,22,0.9166666666666666,mean,remove_language,,en,ko,r1,0.33984375,1024,2048,metric,,,,
trillionlabs/Tri-0.5B-Base,22,0.9166666666666666,mean,remove_language,,en,ko,mrr,0.45577563640414037,1024,2048,metric,,,,
trillionlabs/Tri-0.5B-Base,22,0.9166666666666666,mean,remove_language,,en,ja,r1,0.279296875,1024,2048,metric,,,,
trillionlabs/Tri-0.5B-Base,22,0.9166666666666666,mean,remove_language,,en,ja,mrr,0.40712854760041184,1024,2048,metric,,,,
trillionlabs/Tri-0.5B-Base,22,0.9166666666666666,mean,remove_language,,en,zh,r1,0.322265625,1024,2048,metric,,,,
trillionlabs/Tri-0.5B-Base,22,0.9166666666666666,mean,remove_language,,en,zh,mrr,0.42552076736333955,1024,2048,metric,,,,
trillionlabs/Tri-0.5B-Base,22,0.9166666666666666,mean,remove_language,,ko,en,r1,0.154296875,1024,2048,metric,,,,
trillionlabs/Tri-0.5B-Base,22,0.9166666666666666,mean,remove_language,,ko,en,mrr,0.1849499829354671,1024,2048,metric,,,,
trillionlabs/Tri-0.5B-Base,22,0.9166666666666666,mean,remove_language,,ko,ja,r1,0.171875,1024,2048,metric,,,,
trillionlabs/Tri-0.5B-Base,22,0.9166666666666666,mean,remove_language,,ko,ja,mrr,0.2264767062600238,1024,2048,metric,,,,
trillionlabs/Tri-0.5B-Base,22,0.9166666666666666,mean,remove_language,,ko,zh,r1,0.068359375,1024,2048,metric,,,,
trillionlabs/Tri-0.5B-Base,22,0.9166666666666666,mean,remove_language,,ko,zh,mrr,0.11204513383006333,1024,2048,metric,,,,
trillionlabs/Tri-0.5B-Base,22,0.9166666666666666,mean,remove_language,,ja,en,r1,0.173828125,1024,2048,metric,,,,
trillionlabs/Tri-0.5B-Base,22,0.9166666666666666,mean,remove_language,,ja,en,mrr,0.20530246449594075,1024,2048,metric,,,,
trillionlabs/Tri-0.5B-Base,22,0.9166666666666666,mean,remove_language,,ja,ko,r1,0.462890625,1024,2048,metric,,,,
trillionlabs/Tri-0.5B-Base,22,0.9166666666666666,mean,remove_language,,ja,ko,mrr,0.5584885769508201,1024,2048,metric,,,,
trillionlabs/Tri-0.5B-Base,22,0.9166666666666666,mean,remove_language,,ja,zh,r1,0.578125,1024,2048,metric,,,,
trillionlabs/Tri-0.5B-Base,22,0.9166666666666666,mean,remove_language,,ja,zh,mrr,0.6130788829473963,1024,2048,metric,,,,
trillionlabs/Tri-0.5B-Base,22,0.9166666666666666,mean,remove_language,,zh,en,r1,0.265625,1024,2048,metric,,,,
trillionlabs/Tri-0.5B-Base,22,0.9166666666666666,mean,remove_language,,zh,en,mrr,0.3089327552075817,1024,2048,metric,,,,
trillionlabs/Tri-0.5B-Base,22,0.9166666666666666,mean,remove_language,,zh,ko,r1,0.33984375,1024,2048,metric,,,,
trillionlabs/Tri-0.5B-Base,22,0.9166666666666666,mean,remove_language,,zh,ko,mrr,0.4775822592233808,1024,2048,metric,,,,
trillionlabs/Tri-0.5B-Base,22,0.9166666666666666,mean,remove_language,,zh,ja,r1,0.6484375,1024,2048,metric,,,,
trillionlabs/Tri-0.5B-Base,22,0.9166666666666666,mean,remove_language,,zh,ja,mrr,0.7044373514685454,1024,2048,metric,,,,
trillionlabs/Tri-0.5B-Base,23,0.9583333333333334,mean,remove_language,,en,ko,r1,0.662109375,1024,2048,metric,,,,
trillionlabs/Tri-0.5B-Base,23,0.9583333333333334,mean,remove_language,,en,ko,mrr,0.7046503643276352,1024,2048,metric,,,,
trillionlabs/Tri-0.5B-Base,23,0.9583333333333334,mean,remove_language,,en,ja,r1,0.61328125,1024,2048,metric,,,,
trillionlabs/Tri-0.5B-Base,23,0.9583333333333334,mean,remove_language,,en,ja,mrr,0.6625591888083241,1024,2048,metric,,,,
trillionlabs/Tri-0.5B-Base,23,0.9583333333333334,mean,remove_language,,en,zh,r1,0.693359375,1024,2048,metric,,,,
trillionlabs/Tri-0.5B-Base,23,0.9583333333333334,mean,remove_language,,en,zh,mrr,0.7277655832543194,1024,2048,metric,,,,
trillionlabs/Tri-0.5B-Base,23,0.9583333333333334,mean,remove_language,,ko,en,r1,0.6640625,1024,2048,metric,,,,
trillionlabs/Tri-0.5B-Base,23,0.9583333333333334,mean,remove_language,,ko,en,mrr,0.7157483135502469,1024,2048,metric,,,,
trillionlabs/Tri-0.5B-Base,23,0.9583333333333334,mean,remove_language,,ko,ja,r1,0.716796875,1024,2048,metric,,,,
trillionlabs/Tri-0.5B-Base,23,0.9583333333333334,mean,remove_language,,ko,ja,mrr,0.7607518646460308,1024,2048,metric,,,,
trillionlabs/Tri-0.5B-Base,23,0.9583333333333334,mean,remove_language,,ko,zh,r1,0.69921875,1024,2048,metric,,,,
trillionlabs/Tri-0.5B-Base,23,0.9583333333333334,mean,remove_language,,ko,zh,mrr,0.7388876145594523,1024,2048,metric,,,,
trillionlabs/Tri-0.5B-Base,23,0.9583333333333334,mean,remove_language,,ja,en,r1,0.638671875,1024,2048,metric,,,,
trillionlabs/Tri-0.5B-Base,23,0.9583333333333334,mean,remove_language,,ja,en,mrr,0.6955855944418048,1024,2048,metric,,,,
trillionlabs/Tri-0.5B-Base,23,0.9583333333333334,mean,remove_language,,ja,ko,r1,0.744140625,1024,2048,metric,,,,
trillionlabs/Tri-0.5B-Base,23,0.9583333333333334,mean,remove_language,,ja,ko,mrr,0.7865823225886057,1024,2048,metric,,,,
trillionlabs/Tri-0.5B-Base,23,0.9583333333333334,mean,remove_language,,ja,zh,r1,0.736328125,1024,2048,metric,,,,
trillionlabs/Tri-0.5B-Base,23,0.9583333333333334,mean,remove_language,,ja,zh,mrr,0.7924367127528331,1024,2048,metric,,,,
trillionlabs/Tri-0.5B-Base,23,0.9583333333333334,mean,remove_language,,zh,en,r1,0.69921875,1024,2048,metric,,,,
trillionlabs/Tri-0.5B-Base,23,0.9583333333333334,mean,remove_language,,zh,en,mrr,0.7472484543134941,1024,2048,metric,,,,
trillionlabs/Tri-0.5B-Base,23,0.9583333333333334,mean,remove_language,,zh,ko,r1,0.734375,1024,2048,metric,,,,
trillionlabs/Tri-0.5B-Base,23,0.9583333333333334,mean,remove_language,,zh,ko,mrr,0.7750079415948659,1024,2048,metric,,,,
trillionlabs/Tri-0.5B-Base,23,0.9583333333333334,mean,remove_language,,zh,ja,r1,0.7578125,1024,2048,metric,,,,
trillionlabs/Tri-0.5B-Base,23,0.9583333333333334,mean,remove_language,,zh,ja,mrr,0.8007120296654398,1024,2048,metric,,,,
trillionlabs/Tri-0.5B-Base,24,1.0,mean,remove_language,,en,ko,r1,0.0078125,1024,2048,metric,,,,
trillionlabs/Tri-0.5B-Base,24,1.0,mean,remove_language,,en,ko,mrr,0.050860246394614755,1024,2048,metric,,,,
trillionlabs/Tri-0.5B-Base,24,1.0,mean,remove_language,,en,ja,r1,0.01171875,1024,2048,metric,,,,
trillionlabs/Tri-0.5B-Base,24,1.0,mean,remove_language,,en,ja,mrr,0.04405352873844365,1024,2048,metric,,,,
trillionlabs/Tri-0.5B-Base,24,1.0,mean,remove_language,,en,zh,r1,0.013671875,1024,2048,metric,,,,
trillionlabs/Tri-0.5B-Base,24,1.0,mean,remove_language,,en,zh,mrr,0.04953112436339642,1024,2048,metric,,,,
trillionlabs/Tri-0.5B-Base,24,1.0,mean,remove_language,,ko,en,r1,0.15234375,1024,2048,metric,,,,
trillionlabs/Tri-0.5B-Base,24,1.0,mean,remove_language,,ko,en,mrr,0.235112435800546,1024,2048,metric,,,,
trillionlabs/Tri-0.5B-Base,24,1.0,mean,remove_language,,ko,ja,r1,0.703125,1024,2048,metric,,,,
trillionlabs/Tri-0.5B-Base,24,1.0,mean,remove_language,,ko,ja,mrr,0.7723189867146045,1024,2048,metric,,,,
trillionlabs/Tri-0.5B-Base,24,1.0,mean,remove_language,,ko,zh,r1,0.458984375,1024,2048,metric,,,,
trillionlabs/Tri-0.5B-Base,24,1.0,mean,remove_language,,ko,zh,mrr,0.5438747702263682,1024,2048,metric,,,,
trillionlabs/Tri-0.5B-Base,24,1.0,mean,remove_language,,ja,en,r1,0.099609375,1024,2048,metric,,,,
trillionlabs/Tri-0.5B-Base,24,1.0,mean,remove_language,,ja,en,mrr,0.17776275902154282,1024,2048,metric,,,,
trillionlabs/Tri-0.5B-Base,24,1.0,mean,remove_language,,ja,ko,r1,0.720703125,1024,2048,metric,,,,
trillionlabs/Tri-0.5B-Base,24,1.0,mean,remove_language,,ja,ko,mrr,0.7918521071313166,1024,2048,metric,,,,
trillionlabs/Tri-0.5B-Base,24,1.0,mean,remove_language,,ja,zh,r1,0.7109375,1024,2048,metric,,,,
trillionlabs/Tri-0.5B-Base,24,1.0,mean,remove_language,,ja,zh,mrr,0.7751908629254023,1024,2048,metric,,,,
trillionlabs/Tri-0.5B-Base,24,1.0,mean,remove_language,,zh,en,r1,0.208984375,1024,2048,metric,,,,
trillionlabs/Tri-0.5B-Base,24,1.0,mean,remove_language,,zh,en,mrr,0.31204095680478305,1024,2048,metric,,,,
trillionlabs/Tri-0.5B-Base,24,1.0,mean,remove_language,,zh,ko,r1,0.521484375,1024,2048,metric,,,,
trillionlabs/Tri-0.5B-Base,24,1.0,mean,remove_language,,zh,ko,mrr,0.6412247302920552,1024,2048,metric,,,,
trillionlabs/Tri-0.5B-Base,24,1.0,mean,remove_language,,zh,ja,r1,0.78515625,1024,2048,metric,,,,
trillionlabs/Tri-0.5B-Base,24,1.0,mean,remove_language,,zh,ja,mrr,0.8420746082600357,1024,2048,metric,,,,
trillionlabs/Tri-0.5B-Base,22,0.9166666666666666,last_token,remove_pca,,en,ko,r1,0.671875,1024,2048,metric,,,,
trillionlabs/Tri-0.5B-Base,22,0.9166666666666666,last_token,remove_pca,,en,ko,mrr,0.7582817177413232,1024,2048,metric,,,,
trillionlabs/Tri-0.5B-Base,22,0.9166666666666666,last_token,remove_pca,,en,ja,r1,0.5703125,1024,2048,metric,,,,
trillionlabs/Tri-0.5B-Base,22,0.9166666666666666,last_token,remove_pca,,en,ja,mrr,0.660161889721832,1024,2048,metric,,,,
trillionlabs/Tri-0.5B-Base,22,0.9166666666666666,last_token,remove_pca,,en,zh,r1,0.626953125,1024,2048,metric,,,,
trillionlabs/Tri-0.5B-Base,22,0.9166666666666666,last_token,remove_pca,,en,zh,mrr,0.7262567317702547,1024,2048,metric,,,,
trillionlabs/Tri-0.5B-Base,22,0.9166666666666666,last_token,remove_pca,,ko,en,r1,0.779296875,1024,2048,metric,,,,
trillionlabs/Tri-0.5B-Base,22,0.9166666666666666,last_token,remove_pca,,ko,en,mrr,0.8379591859664571,1024,2048,metric,,,,
trillionlabs/Tri-0.5B-Base,22,0.9166666666666666,last_token,remove_pca,,ko,ja,r1,0.580078125,1024,2048,metric,,,,
trillionlabs/Tri-0.5B-Base,22,0.9166666666666666,last_token,remove_pca,,ko,ja,mrr,0.6527326078804638,1024,2048,metric,,,,
trillionlabs/Tri-0.5B-Base,22,0.9166666666666666,last_token,remove_pca,,ko,zh,r1,0.583984375,1024,2048,metric,,,,
trillionlabs/Tri-0.5B-Base,22,0.9166666666666666,last_token,remove_pca,,ko,zh,mrr,0.6902965178788129,1024,2048,metric,,,,
trillionlabs/Tri-0.5B-Base,22,0.9166666666666666,last_token,remove_pca,,ja,en,r1,0.701171875,1024,2048,metric,,,,
trillionlabs/Tri-0.5B-Base,22,0.9166666666666666,last_token,remove_pca,,ja,en,mrr,0.7907188603990298,1024,2048,metric,,,,
trillionlabs/Tri-0.5B-Base,22,0.9166666666666666,last_token,remove_pca,,ja,ko,r1,0.650390625,1024,2048,metric,,,,
trillionlabs/Tri-0.5B-Base,22,0.9166666666666666,last_token,remove_pca,,ja,ko,mrr,0.7311592548217352,1024,2048,metric,,,,
trillionlabs/Tri-0.5B-Base,22,0.9166666666666666,last_token,remove_pca,,ja,zh,r1,0.7265625,1024,2048,metric,,,,
trillionlabs/Tri-0.5B-Base,22,0.9166666666666666,last_token,remove_pca,,ja,zh,mrr,0.8061109041805719,1024,2048,metric,,,,
trillionlabs/Tri-0.5B-Base,22,0.9166666666666666,last_token,remove_pca,,zh,en,r1,0.76171875,1024,2048,metric,,,,
trillionlabs/Tri-0.5B-Base,22,0.9166666666666666,last_token,remove_pca,,zh,en,mrr,0.8362554715141767,1024,2048,metric,,,,
trillionlabs/Tri-0.5B-Base,22,0.9166666666666666,last_token,remove_pca,,zh,ko,r1,0.576171875,1024,2048,metric,,,,
trillionlabs/Tri-0.5B-Base,22,0.9166666666666666,last_token,remove_pca,,zh,ko,mrr,0.6802076154327419,1024,2048,metric,,,,
trillionlabs/Tri-0.5B-Base,22,0.9166666666666666,last_token,remove_pca,,zh,ja,r1,0.521484375,1024,2048,metric,,,,
trillionlabs/Tri-0.5B-Base,22,0.9166666666666666,last_token,remove_pca,,zh,ja,mrr,0.6027164239281108,1024,2048,metric,,,,
trillionlabs/Tri-0.5B-Base,23,0.9583333333333334,last_token,remove_pca,,en,ko,r1,0.791015625,1024,2048,metric,,,,
trillionlabs/Tri-0.5B-Base,23,0.9583333333333334,last_token,remove_pca,,en,ko,mrr,0.8502143545769282,1024,2048,metric,,,,
trillionlabs/Tri-0.5B-Base,23,0.9583333333333334,last_token,remove_pca,,en,ja,r1,0.59375,1024,2048,metric,,,,
trillionlabs/Tri-0.5B-Base,23,0.9583333333333334,last_token,remove_pca,,en,ja,mrr,0.6794051690475233,1024,2048,metric,,,,
trillionlabs/Tri-0.5B-Base,23,0.9583333333333334,last_token,remove_pca,,en,zh,r1,0.80859375,1024,2048,metric,,,,
trillionlabs/Tri-0.5B-Base,23,0.9583333333333334,last_token,remove_pca,,en,zh,mrr,0.8730875772010027,1024,2048,metric,,,,
trillionlabs/Tri-0.5B-Base,23,0.9583333333333334,last_token,remove_pca,,ko,en,r1,0.7734375,1024,2048,metric,,,,
trillionlabs/Tri-0.5B-Base,23,0.9583333333333334,last_token,remove_pca,,ko,en,mrr,0.8326292425408244,1024,2048,metric,,,,
trillionlabs/Tri-0.5B-Base,23,0.9583333333333334,last_token,remove_pca,,ko,ja,r1,0.626953125,1024,2048,metric,,,,
trillionlabs/Tri-0.5B-Base,23,0.9583333333333334,last_token,remove_pca,,ko,ja,mrr,0.6907354707748139,1024,2048,metric,,,,
trillionlabs/Tri-0.5B-Base,23,0.9583333333333334,last_token,remove_pca,,ko,zh,r1,0.748046875,1024,2048,metric,,,,
trillionlabs/Tri-0.5B-Base,23,0.9583333333333334,last_token,remove_pca,,ko,zh,mrr,0.8100890704557124,1024,2048,metric,,,,
trillionlabs/Tri-0.5B-Base,23,0.9583333333333334,last_token,remove_pca,,ja,en,r1,0.677734375,1024,2048,metric,,,,
trillionlabs/Tri-0.5B-Base,23,0.9583333333333334,last_token,remove_pca,,ja,en,mrr,0.7656288596200268,1024,2048,metric,,,,
trillionlabs/Tri-0.5B-Base,23,0.9583333333333334,last_token,remove_pca,,ja,ko,r1,0.7890625,1024,2048,metric,,,,
trillionlabs/Tri-0.5B-Base,23,0.9583333333333334,last_token,remove_pca,,ja,ko,mrr,0.8377182941241483,1024,2048,metric,,,,
trillionlabs/Tri-0.5B-Base,23,0.9583333333333334,last_token,remove_pca,,ja,zh,r1,0.734375,1024,2048,metric,,,,
trillionlabs/Tri-0.5B-Base,23,0.9583333333333334,last_token,remove_pca,,ja,zh,mrr,0.8083377452909175,1024,2048,metric,,,,
trillionlabs/Tri-0.5B-Base,23,0.9583333333333334,last_token,remove_pca,,zh,en,r1,0.76171875,1024,2048,metric,,,,
trillionlabs/Tri-0.5B-Base,23,0.9583333333333334,last_token,remove_pca,,zh,en,mrr,0.8188801996242125,1024,2048,metric,,,,
trillionlabs/Tri-0.5B-Base,23,0.9583333333333334,last_token,remove_pca,,zh,ko,r1,0.712890625,1024,2048,metric,,,,
trillionlabs/Tri-0.5B-Base,23,0.9583333333333334,last_token,remove_pca,,zh,ko,mrr,0.7815933393397382,1024,2048,metric,,,,
trillionlabs/Tri-0.5B-Base,23,0.9583333333333334,last_token,remove_pca,,zh,ja,r1,0.515625,1024,2048,metric,,,,
trillionlabs/Tri-0.5B-Base,23,0.9583333333333334,last_token,remove_pca,,zh,ja,mrr,0.6159354047197293,1024,2048,metric,,,,
trillionlabs/Tri-0.5B-Base,24,1.0,last_token,remove_pca,,en,ko,r1,0.16015625,1024,2048,metric,,,,
trillionlabs/Tri-0.5B-Base,24,1.0,last_token,remove_pca,,en,ko,mrr,0.22928662934103922,1024,2048,metric,,,,
trillionlabs/Tri-0.5B-Base,24,1.0,last_token,remove_pca,,en,ja,r1,0.07421875,1024,2048,metric,,,,
trillionlabs/Tri-0.5B-Base,24,1.0,last_token,remove_pca,,en,ja,mrr,0.13513937216527291,1024,2048,metric,,,,
trillionlabs/Tri-0.5B-Base,24,1.0,last_token,remove_pca,,en,zh,r1,0.091796875,1024,2048,metric,,,,
trillionlabs/Tri-0.5B-Base,24,1.0,last_token,remove_pca,,en,zh,mrr,0.16745491998189893,1024,2048,metric,,,,
trillionlabs/Tri-0.5B-Base,24,1.0,last_token,remove_pca,,ko,en,r1,0.15625,1024,2048,metric,,,,
trillionlabs/Tri-0.5B-Base,24,1.0,last_token,remove_pca,,ko,en,mrr,0.26832421522695626,1024,2048,metric,,,,
trillionlabs/Tri-0.5B-Base,24,1.0,last_token,remove_pca,,ko,ja,r1,0.119140625,1024,2048,metric,,,,
trillionlabs/Tri-0.5B-Base,24,1.0,last_token,remove_pca,,ko,ja,mrr,0.20220737947519143,1024,2048,metric,,,,
trillionlabs/Tri-0.5B-Base,24,1.0,last_token,remove_pca,,ko,zh,r1,0.56640625,1024,2048,metric,,,,
trillionlabs/Tri-0.5B-Base,24,1.0,last_token,remove_pca,,ko,zh,mrr,0.6723765532400989,1024,2048,metric,,,,
trillionlabs/Tri-0.5B-Base,24,1.0,last_token,remove_pca,,ja,en,r1,0.025390625,1024,2048,metric,,,,
trillionlabs/Tri-0.5B-Base,24,1.0,last_token,remove_pca,,ja,en,mrr,0.11281448000082261,1024,2048,metric,,,,
trillionlabs/Tri-0.5B-Base,24,1.0,last_token,remove_pca,,ja,ko,r1,0.1640625,1024,2048,metric,,,,
trillionlabs/Tri-0.5B-Base,24,1.0,last_token,remove_pca,,ja,ko,mrr,0.2568380183981292,1024,2048,metric,,,,
trillionlabs/Tri-0.5B-Base,24,1.0,last_token,remove_pca,,ja,zh,r1,0.138671875,1024,2048,metric,,,,
trillionlabs/Tri-0.5B-Base,24,1.0,last_token,remove_pca,,ja,zh,mrr,0.24108426122080384,1024,2048,metric,,,,
trillionlabs/Tri-0.5B-Base,24,1.0,last_token,remove_pca,,zh,en,r1,0.099609375,1024,2048,metric,,,,
trillionlabs/Tri-0.5B-Base,24,1.0,last_token,remove_pca,,zh,en,mrr,0.1827331537225556,1024,2048,metric,,,,
trillionlabs/Tri-0.5B-Base,24,1.0,last_token,remove_pca,,zh,ko,r1,0.40234375,1024,2048,metric,,,,
trillionlabs/Tri-0.5B-Base,24,1.0,last_token,remove_pca,,zh,ko,mrr,0.5107438796735453,1024,2048,metric,,,,
trillionlabs/Tri-0.5B-Base,24,1.0,last_token,remove_pca,,zh,ja,r1,0.04296875,1024,2048,metric,,,,
trillionlabs/Tri-0.5B-Base,24,1.0,last_token,remove_pca,,zh,ja,mrr,0.11236973486450032,1024,2048,metric,,,,
trillionlabs/Tri-0.5B-Base,22,0.9166666666666666,mean,remove_pca,,en,ko,r1,0.33984375,1024,2048,metric,,,,
trillionlabs/Tri-0.5B-Base,22,0.9166666666666666,mean,remove_pca,,en,ko,mrr,0.45577563640414037,1024,2048,metric,,,,
trillionlabs/Tri-0.5B-Base,22,0.9166666666666666,mean,remove_pca,,en,ja,r1,0.279296875,1024,2048,metric,,,,
trillionlabs/Tri-0.5B-Base,22,0.9166666666666666,mean,remove_pca,,en,ja,mrr,0.40712854760041184,1024,2048,metric,,,,
trillionlabs/Tri-0.5B-Base,22,0.9166666666666666,mean,remove_pca,,en,zh,r1,0.322265625,1024,2048,metric,,,,
trillionlabs/Tri-0.5B-Base,22,0.9166666666666666,mean,remove_pca,,en,zh,mrr,0.42552076736333955,1024,2048,metric,,,,
trillionlabs/Tri-0.5B-Base,22,0.9166666666666666,mean,remove_pca,,ko,en,r1,0.154296875,1024,2048,metric,,,,
trillionlabs/Tri-0.5B-Base,22,0.9166666666666666,mean,remove_pca,,ko,en,mrr,0.1849499829354671,1024,2048,metric,,,,
trillionlabs/Tri-0.5B-Base,22,0.9166666666666666,mean,remove_pca,,ko,ja,r1,0.171875,1024,2048,metric,,,,
trillionlabs/Tri-0.5B-Base,22,0.9166666666666666,mean,remove_pca,,ko,ja,mrr,0.2264767062600238,1024,2048,metric,,,,
trillionlabs/Tri-0.5B-Base,22,0.9166666666666666,mean,remove_pca,,ko,zh,r1,0.068359375,1024,2048,metric,,,,
trillionlabs/Tri-0.5B-Base,22,0.9166666666666666,mean,remove_pca,,ko,zh,mrr,0.11204513383006333,1024,2048,metric,,,,
trillionlabs/Tri-0.5B-Base,22,0.9166666666666666,mean,remove_pca,,ja,en,r1,0.173828125,1024,2048,metric,,,,
trillionlabs/Tri-0.5B-Base,22,0.9166666666666666,mean,remove_pca,,ja,en,mrr,0.20530246449594075,1024,2048,metric,,,,
trillionlabs/Tri-0.5B-Base,22,0.9166666666666666,mean,remove_pca,,ja,ko,r1,0.462890625,1024,2048,metric,,,,
trillionlabs/Tri-0.5B-Base,22,0.9166666666666666,mean,remove_pca,,ja,ko,mrr,0.5584885769508201,1024,2048,metric,,,,
trillionlabs/Tri-0.5B-Base,22,0.9166666666666666,mean,remove_pca,,ja,zh,r1,0.578125,1024,2048,metric,,,,
trillionlabs/Tri-0.5B-Base,22,0.9166666666666666,mean,remove_pca,,ja,zh,mrr,0.6130788829473963,1024,2048,metric,,,,
trillionlabs/Tri-0.5B-Base,22,0.9166666666666666,mean,remove_pca,,zh,en,r1,0.265625,1024,2048,metric,,,,
trillionlabs/Tri-0.5B-Base,22,0.9166666666666666,mean,remove_pca,,zh,en,mrr,0.3089327552075817,1024,2048,metric,,,,
trillionlabs/Tri-0.5B-Base,22,0.9166666666666666,mean,remove_pca,,zh,ko,r1,0.33984375,1024,2048,metric,,,,
trillionlabs/Tri-0.5B-Base,22,0.9166666666666666,mean,remove_pca,,zh,ko,mrr,0.4775822592233808,1024,2048,metric,,,,
trillionlabs/Tri-0.5B-Base,22,0.9166666666666666,mean,remove_pca,,zh,ja,r1,0.6484375,1024,2048,metric,,,,
trillionlabs/Tri-0.5B-Base,22,0.9166666666666666,mean,remove_pca,,zh,ja,mrr,0.7044373514685454,1024,2048,metric,,,,
trillionlabs/Tri-0.5B-Base,23,0.9583333333333334,mean,remove_pca,,en,ko,r1,0.93359375,1024,2048,metric,,,,
trillionlabs/Tri-0.5B-Base,23,0.9583333333333334,mean,remove_pca,,en,ko,mrr,0.9583404356060606,1024,2048,metric,,,,
trillionlabs/Tri-0.5B-Base,23,0.9583333333333334,mean,remove_pca,,en,ja,r1,0.919921875,1024,2048,metric,,,,
trillionlabs/Tri-0.5B-Base,23,0.9583333333333334,mean,remove_pca,,en,ja,mrr,0.9471070248988689,1024,2048,metric,,,,
trillionlabs/Tri-0.5B-Base,23,0.9583333333333334,mean,remove_pca,,en,zh,r1,0.9609375,1024,2048,metric,,,,
trillionlabs/Tri-0.5B-Base,23,0.9583333333333334,mean,remove_pca,,en,zh,mrr,0.9758036232585139,1024,2048,metric,,,,
trillionlabs/Tri-0.5B-Base,23,0.9583333333333334,mean,remove_pca,,ko,en,r1,0.90234375,1024,2048,metric,,,,
trillionlabs/Tri-0.5B-Base,23,0.9583333333333334,mean,remove_pca,,ko,en,mrr,0.9369645938951756,1024,2048,metric,,,,
trillionlabs/Tri-0.5B-Base,23,0.9583333333333334,mean,remove_pca,,ko,ja,r1,0.9453125,1024,2048,metric,,,,
trillionlabs/Tri-0.5B-Base,23,0.9583333333333334,mean,remove_pca,,ko,ja,mrr,0.9626716133896741,1024,2048,metric,,,,
trillionlabs/Tri-0.5B-Base,23,0.9583333333333334,mean,remove_pca,,ko,zh,r1,0.876953125,1024,2048,metric,,,,
trillionlabs/Tri-0.5B-Base,23,0.9583333333333334,mean,remove_pca,,ko,zh,mrr,0.913897743000137,1024,2048,metric,,,,
trillionlabs/Tri-0.5B-Base,23,0.9583333333333334,mean,remove_pca,,ja,en,r1,0.77734375,1024,2048,metric,,,,
trillionlabs/Tri-0.5B-Base,23,0.9583333333333334,mean,remove_pca,,ja,en,mrr,0.8410492497810067,1024,2048,metric,,,,
trillionlabs/Tri-0.5B-Base,23,0.9583333333333334,mean,remove_pca,,ja,ko,r1,0.884765625,1024,2048,metric,,,,
trillionlabs/Tri-0.5B-Base,23,0.9583333333333334,mean,remove_pca,,ja,ko,mrr,0.9136760910628378,1024,2048,metric,,,,
trillionlabs/Tri-0.5B-Base,23,0.9583333333333334,mean,remove_pca,,ja,zh,r1,0.8984375,1024,2048,metric,,,,
trillionlabs/Tri-0.5B-Base,23,0.9583333333333334,mean,remove_pca,,ja,zh,mrr,0.9354071261393546,1024,2048,metric,,,,
trillionlabs/Tri-0.5B-Base,23,0.9583333333333334,mean,remove_pca,,zh,en,r1,0.8203125,1024,2048,metric,,,,
trillionlabs/Tri-0.5B-Base,23,0.9583333333333334,mean,remove_pca,,zh,en,mrr,0.8666464499748563,1024,2048,metric,,,,
trillionlabs/Tri-0.5B-Base,23,0.9583333333333334,mean,remove_pca,,zh,ko,r1,0.802734375,1024,2048,metric,,,,
trillionlabs/Tri-0.5B-Base,23,0.9583333333333334,mean,remove_pca,,zh,ko,mrr,0.8541319376780272,1024,2048,metric,,,,
trillionlabs/Tri-0.5B-Base,23,0.9583333333333334,mean,remove_pca,,zh,ja,r1,0.8046875,1024,2048,metric,,,,
trillionlabs/Tri-0.5B-Base,23,0.9583333333333334,mean,remove_pca,,zh,ja,mrr,0.8716858867266737,1024,2048,metric,,,,
trillionlabs/Tri-0.5B-Base,24,1.0,mean,remove_pca,,en,ko,r1,0.822265625,1024,2048,metric,,,,
trillionlabs/Tri-0.5B-Base,24,1.0,mean,remove_pca,,en,ko,mrr,0.8741129195085272,1024,2048,metric,,,,
trillionlabs/Tri-0.5B-Base,24,1.0,mean,remove_pca,,en,ja,r1,0.138671875,1024,2048,metric,,,,
trillionlabs/Tri-0.5B-Base,24,1.0,mean,remove_pca,,en,ja,mrr,0.24348095644200465,1024,2048,metric,,,,
trillionlabs/Tri-0.5B-Base,24,1.0,mean,remove_pca,,en,zh,r1,0.611328125,1024,2048,metric,,,,
trillionlabs/Tri-0.5B-Base,24,1.0,mean,remove_pca,,en,zh,mrr,0.70019808710361,1024,2048,metric,,,,
trillionlabs/Tri-0.5B-Base,24,1.0,mean,remove_pca,,ko,en,r1,0.65234375,1024,2048,metric,,,,
trillionlabs/Tri-0.5B-Base,24,1.0,mean,remove_pca,,ko,en,mrr,0.7236957593837876,1024,2048,metric,,,,
trillionlabs/Tri-0.5B-Base,24,1.0,mean,remove_pca,,ko,ja,r1,0.0859375,1024,2048,metric,,,,
trillionlabs/Tri-0.5B-Base,24,1.0,mean,remove_pca,,ko,ja,mrr,0.1861497359035449,1024,2048,metric,,,,
trillionlabs/Tri-0.5B-Base,24,1.0,mean,remove_pca,,ko,zh,r1,0.3984375,1024,2048,metric,,,,
trillionlabs/Tri-0.5B-Base,24,1.0,mean,remove_pca,,ko,zh,mrr,0.5249727652219935,1024,2048,metric,,,,
trillionlabs/Tri-0.5B-Base,24,1.0,mean,remove_pca,,ja,en,r1,0.337890625,1024,2048,metric,,,,
trillionlabs/Tri-0.5B-Base,24,1.0,mean,remove_pca,,ja,en,mrr,0.42644222753906214,1024,2048,metric,,,,
trillionlabs/Tri-0.5B-Base,24,1.0,mean,remove_pca,,ja,ko,r1,0.205078125,1024,2048,metric,,,,
trillionlabs/Tri-0.5B-Base,24,1.0,mean,remove_pca,,ja,ko,mrr,0.29046757070573814,1024,2048,metric,,,,
trillionlabs/Tri-0.5B-Base,24,1.0,mean,remove_pca,,ja,zh,r1,0.09375,1024,2048,metric,,,,
trillionlabs/Tri-0.5B-Base,24,1.0,mean,remove_pca,,ja,zh,mrr,0.17773128824727508,1024,2048,metric,,,,
trillionlabs/Tri-0.5B-Base,24,1.0,mean,remove_pca,,zh,en,r1,0.248046875,1024,2048,metric,,,,
trillionlabs/Tri-0.5B-Base,24,1.0,mean,remove_pca,,zh,en,mrr,0.33883168404895314,1024,2048,metric,,,,
trillionlabs/Tri-0.5B-Base,24,1.0,mean,remove_pca,,zh,ko,r1,0.3125,1024,2048,metric,,,,
trillionlabs/Tri-0.5B-Base,24,1.0,mean,remove_pca,,zh,ko,mrr,0.4174812504555496,1024,2048,metric,,,,
trillionlabs/Tri-0.5B-Base,24,1.0,mean,remove_pca,,zh,ja,r1,0.025390625,1024,2048,metric,,,,
trillionlabs/Tri-0.5B-Base,24,1.0,mean,remove_pca,,zh,ja,mrr,0.07590661793618697,1024,2048,metric,,,,
trillionlabs/Tri-0.5B-Base,22,0.9166666666666666,last_token,remove_random,0,en,ko,r1,0.671875,1024,2048,metric,,,,
trillionlabs/Tri-0.5B-Base,22,0.9166666666666666,last_token,remove_random,0,en,ko,mrr,0.7582817177413232,1024,2048,metric,,,,
trillionlabs/Tri-0.5B-Base,22,0.9166666666666666,last_token,remove_random,0,en,ja,r1,0.5703125,1024,2048,metric,,,,
trillionlabs/Tri-0.5B-Base,22,0.9166666666666666,last_token,remove_random,0,en,ja,mrr,0.660161889721832,1024,2048,metric,,,,
trillionlabs/Tri-0.5B-Base,22,0.9166666666666666,last_token,remove_random,0,en,zh,r1,0.626953125,1024,2048,metric,,,,
trillionlabs/Tri-0.5B-Base,22,0.9166666666666666,last_token,remove_random,0,en,zh,mrr,0.7262567317702547,1024,2048,metric,,,,
trillionlabs/Tri-0.5B-Base,22,0.9166666666666666,last_token,remove_random,0,ko,en,r1,0.779296875,1024,2048,metric,,,,
trillionlabs/Tri-0.5B-Base,22,0.9166666666666666,last_token,remove_random,0,ko,en,mrr,0.8379591859664571,1024,2048,metric,,,,
trillionlabs/Tri-0.5B-Base,22,0.9166666666666666,last_token,remove_random,0,ko,ja,r1,0.580078125,1024,2048,metric,,,,
trillionlabs/Tri-0.5B-Base,22,0.9166666666666666,last_token,remove_random,0,ko,ja,mrr,0.6527326078804638,1024,2048,metric,,,,
trillionlabs/Tri-0.5B-Base,22,0.9166666666666666,last_token,remove_random,0,ko,zh,r1,0.583984375,1024,2048,metric,,,,
trillionlabs/Tri-0.5B-Base,22,0.9166666666666666,last_token,remove_random,0,ko,zh,mrr,0.6902965178788129,1024,2048,metric,,,,
trillionlabs/Tri-0.5B-Base,22,0.9166666666666666,last_token,remove_random,0,ja,en,r1,0.701171875,1024,2048,metric,,,,
trillionlabs/Tri-0.5B-Base,22,0.9166666666666666,last_token,remove_random,0,ja,en,mrr,0.7907188603990298,1024,2048,metric,,,,
trillionlabs/Tri-0.5B-Base,22,0.9166666666666666,last_token,remove_random,0,ja,ko,r1,0.650390625,1024,2048,metric,,,,
trillionlabs/Tri-0.5B-Base,22,0.9166666666666666,last_token,remove_random,0,ja,ko,mrr,0.7311592548217352,1024,2048,metric,,,,
trillionlabs/Tri-0.5B-Base,22,0.9166666666666666,last_token,remove_random,0,ja,zh,r1,0.7265625,1024,2048,metric,,,,
trillionlabs/Tri-0.5B-Base,22,0.9166666666666666,last_token,remove_random,0,ja,zh,mrr,0.8061109041805719,1024,2048,metric,,,,
trillionlabs/Tri-0.5B-Base,22,0.9166666666666666,last_token,remove_random,0,zh,en,r1,0.76171875,1024,2048,metric,,,,
trillionlabs/Tri-0.5B-Base,22,0.9166666666666666,last_token,remove_random,0,zh,en,mrr,0.8362554715141767,1024,2048,metric,,,,
trillionlabs/Tri-0.5B-Base,22,0.9166666666666666,last_token,remove_random,0,zh,ko,r1,0.576171875,1024,2048,metric,,,,
trillionlabs/Tri-0.5B-Base,22,0.9166666666666666,last_token,remove_random,0,zh,ko,mrr,0.6802076154327419,1024,2048,metric,,,,
trillionlabs/Tri-0.5B-Base,22,0.9166666666666666,last_token,remove_random,0,zh,ja,r1,0.521484375,1024,2048,metric,,,,
trillionlabs/Tri-0.5B-Base,22,0.9166666666666666,last_token,remove_random,0,zh,ja,mrr,0.6027164239281108,1024,2048,metric,,,,
trillionlabs/Tri-0.5B-Base,23,0.9583333333333334,last_token,remove_random,0,en,ko,r1,0.384765625,1024,2048,metric,,,,
trillionlabs/Tri-0.5B-Base,23,0.9583333333333334,last_token,remove_random,0,en,ko,mrr,0.4823160797094568,1024,2048,metric,,,,
trillionlabs/Tri-0.5B-Base,23,0.9583333333333334,last_token,remove_random,0,en,ja,r1,0.22265625,1024,2048,metric,,,,
trillionlabs/Tri-0.5B-Base,23,0.9583333333333334,last_token,remove_random,0,en,ja,mrr,0.35294772010508507,1024,2048,metric,,,,
trillionlabs/Tri-0.5B-Base,23,0.9583333333333334,last_token,remove_random,0,en,zh,r1,0.16796875,1024,2048,metric,,,,
trillionlabs/Tri-0.5B-Base,23,0.9583333333333334,last_token,remove_random,0,en,zh,mrr,0.2920640507848715,1024,2048,metric,,,,
trillionlabs/Tri-0.5B-Base,23,0.9583333333333334,last_token,remove_random,0,ko,en,r1,0.806640625,1024,2048,metric,,,,
trillionlabs/Tri-0.5B-Base,23,0.9583333333333334,last_token,remove_random,0,ko,en,mrr,0.8582893370202711,1024,2048,metric,,,,
trillionlabs/Tri-0.5B-Base,23,0.9583333333333334,last_token,remove_random,0,ko,ja,r1,0.490234375,1024,2048,metric,,,,
trillionlabs/Tri-0.5B-Base,23,0.9583333333333334,last_token,remove_random,0,ko,ja,mrr,0.5831745485646197,1024,2048,metric,,,,
trillionlabs/Tri-0.5B-Base,23,0.9583333333333334,last_token,remove_random,0,ko,zh,r1,0.205078125,1024,2048,metric,,,,
trillionlabs/Tri-0.5B-Base,23,0.9583333333333334,last_token,remove_random,0,ko,zh,mrr,0.3297310205203287,1024,2048,metric,,,,
trillionlabs/Tri-0.5B-Base,23,0.9583333333333334,last_token,remove_random,0,ja,en,r1,0.615234375,1024,2048,metric,,,,
trillionlabs/Tri-0.5B-Base,23,0.9583333333333334,last_token,remove_random,0,ja,en,mrr,0.7418149865197563,1024,2048,metric,,,,
trillionlabs/Tri-0.5B-Base,23,0.9583333333333334,last_token,remove_random,0,ja,ko,r1,0.48046875,1024,2048,metric,,,,
trillionlabs/Tri-0.5B-Base,23,0.9583333333333334,last_token,remove_random,0,ja,ko,mrr,0.5938730637418381,1024,2048,metric,,,,
trillionlabs/Tri-0.5B-Base,23,0.9583333333333334,last_token,remove_random,0,ja,zh,r1,0.71484375,1024,2048,metric,,,,
trillionlabs/Tri-0.5B-Base,23,0.9583333333333334,last_token,remove_random,0,ja,zh,mrr,0.7882631505003173,1024,2048,metric,,,,
trillionlabs/Tri-0.5B-Base,23,0.9583333333333334,last_token,remove_random,0,zh,en,r1,0.626953125,1024,2048,metric,,,,
trillionlabs/Tri-0.5B-Base,23,0.9583333333333334,last_token,remove_random,0,zh,en,mrr,0.7735124505623063,1024,2048,metric,,,,
trillionlabs/Tri-0.5B-Base,23,0.9583333333333334,last_token,remove_random,0,zh,ko,r1,0.357421875,1024,2048,metric,,,,
trillionlabs/Tri-0.5B-Base,23,0.9583333333333334,last_token,remove_random,0,zh,ko,mrr,0.49737877270228187,1024,2048,metric,,,,
trillionlabs/Tri-0.5B-Base,23,0.9583333333333334,last_token,remove_random,0,zh,ja,r1,0.5390625,1024,2048,metric,,,,
trillionlabs/Tri-0.5B-Base,23,0.9583333333333334,last_token,remove_random,0,zh,ja,mrr,0.6257778265847026,1024,2048,metric,,,,
trillionlabs/Tri-0.5B-Base,24,1.0,last_token,remove_random,0,en,ko,r1,0.037109375,1024,2048,metric,,,,
trillionlabs/Tri-0.5B-Base,24,1.0,last_token,remove_random,0,en,ko,mrr,0.08185144346882613,1024,2048,metric,,,,
trillionlabs/Tri-0.5B-Base,24,1.0,last_token,remove_random,0,en,ja,r1,0.060546875,1024,2048,metric,,,,
trillionlabs/Tri-0.5B-Base,24,1.0,last_token,remove_random,0,en,ja,mrr,0.1321305250193295,1024,2048,metric,,,,
trillionlabs/Tri-0.5B-Base,24,1.0,last_token,remove_random,0,en,zh,r1,0.01171875,1024,2048,metric,,,,
trillionlabs/Tri-0.5B-Base,24,1.0,last_token,remove_random,0,en,zh,mrr,0.06782758477443844,1024,2048,metric,,,,
trillionlabs/Tri-0.5B-Base,24,1.0,last_token,remove_random,0,ko,en,r1,0.61328125,1024,2048,metric,,,,
trillionlabs/Tri-0.5B-Base,24,1.0,last_token,remove_random,0,ko,en,mrr,0.7214145948485301,1024,2048,metric,,,,
trillionlabs/Tri-0.5B-Base,24,1.0,last_token,remove_random,0,ko,ja,r1,0.33984375,1024,2048,metric,,,,
trillionlabs/Tri-0.5B-Base,24,1.0,last_token,remove_random,0,ko,ja,mrr,0.45564292003029766,1024,2048,metric,,,,
trillionlabs/Tri-0.5B-Base,24,1.0,last_token,remove_random,0,ko,zh,r1,0.24609375,1024,2048,metric,,,,
trillionlabs/Tri-0.5B-Base,24,1.0,last_token,remove_random,0,ko,zh,mrr,0.35438965977800324,1024,2048,metric,,,,
trillionlabs/Tri-0.5B-Base,24,1.0,last_token,remove_random,0,ja,en,r1,0.318359375,1024,2048,metric,,,,
trillionlabs/Tri-0.5B-Base,24,1.0,last_token,remove_random,0,ja,en,mrr,0.4723894770532464,1024,2048,metric,,,,
trillionlabs/Tri-0.5B-Base,24,1.0,last_token,remove_random,0,ja,ko,r1,0.087890625,1024,2048,metric,,,,
trillionlabs/Tri-0.5B-Base,24,1.0,last_token,remove_random,0,ja,ko,mrr,0.16298286740466356,1024,2048,metric,,,,
trillionlabs/Tri-0.5B-Base,24,1.0,last_token,remove_random,0,ja,zh,r1,0.53125,1024,2048,metric,,,,
trillionlabs/Tri-0.5B-Base,24,1.0,last_token,remove_random,0,ja,zh,mrr,0.652393491677856,1024,2048,metric,,,,
trillionlabs/Tri-0.5B-Base,24,1.0,last_token,remove_random,0,zh,en,r1,0.279296875,1024,2048,metric,,,,
trillionlabs/Tri-0.5B-Base,24,1.0,last_token,remove_random,0,zh,en,mrr,0.4813807572000544,1024,2048,metric,,,,
trillionlabs/Tri-0.5B-Base,24,1.0,last_token,remove_random,0,zh,ko,r1,0.228515625,1024,2048,metric,,,,
trillionlabs/Tri-0.5B-Base,24,1.0,last_token,remove_random,0,zh,ko,mrr,0.34581342620828137,1024,2048,metric,,,,
trillionlabs/Tri-0.5B-Base,24,1.0,last_token,remove_random,0,zh,ja,r1,0.013671875,1024,2048,metric,,,,
trillionlabs/Tri-0.5B-Base,24,1.0,last_token,remove_random,0,zh,ja,mrr,0.13338619570768798,1024,2048,metric,,,,
trillionlabs/Tri-0.5B-Base,22,0.9166666666666666,mean,remove_random,0,en,ko,r1,0.33984375,1024,2048,metric,,,,
trillionlabs/Tri-0.5B-Base,22,0.9166666666666666,mean,remove_random,0,en,ko,mrr,0.45577563640414037,1024,2048,metric,,,,
trillionlabs/Tri-0.5B-Base,22,0.9166666666666666,mean,remove_random,0,en,ja,r1,0.279296875,1024,2048,metric,,,,
trillionlabs/Tri-0.5B-Base,22,0.9166666666666666,mean,remove_random,0,en,ja,mrr,0.40712854760041184,1024,2048,metric,,,,
trillionlabs/Tri-0.5B-Base,22,0.9166666666666666,mean,remove_random,0,en,zh,r1,0.322265625,1024,2048,metric,,,,
trillionlabs/Tri-0.5B-Base,22,0.9166666666666666,mean,remove_random,0,en,zh,mrr,0.42552076736333955,1024,2048,metric,,,,
trillionlabs/Tri-0.5B-Base,22,0.9166666666666666,mean,remove_random,0,ko,en,r1,0.154296875,1024,2048,metric,,,,
trillionlabs/Tri-0.5B-Base,22,0.9166666666666666,mean,remove_random,0,ko,en,mrr,0.1849499829354671,1024,2048,metric,,,,
trillionlabs/Tri-0.5B-Base,22,0.9166666666666666,mean,remove_random,0,ko,ja,r1,0.171875,1024,2048,metric,,,,
trillionlabs/Tri-0.5B-Base,22,0.9166666666666666,mean,remove_random,0,ko,ja,mrr,0.2264767062600238,1024,2048,metric,,,,
trillionlabs/Tri-0.5B-Base,22,0.9166666666666666,mean,remove_random,0,ko,zh,r1,0.068359375,1024,2048,metric,,,,
trillionlabs/Tri-0.5B-Base,22,0.9166666666666666,mean,remove_random,0,ko,zh,mrr,0.11204513383006333,1024,2048,metric,,,,
trillionlabs/Tri-0.5B-Base,22,0.9166666666666666,mean,remove_random,0,ja,en,r1,0.173828125,1024,2048,metric,,,,
trillionlabs/Tri-0.5B-Base,22,0.9166666666666666,mean,remove_random,0,ja,en,mrr,0.20530246449594075,1024,2048,metric,,,,
trillionlabs/Tri-0.5B-Base,22,0.9166666666666666,mean,remove_random,0,ja,ko,r1,0.462890625,1024,2048,metric,,,,
trillionlabs/Tri-0.5B-Base,22,0.9166666666666666,mean,remove_random,0,ja,ko,mrr,0.5584885769508201,1024,2048,metric,,,,
trillionlabs/Tri-0.5B-Base,22,0.9166666666666666,mean,remove_random,0,ja,zh,r1,0.578125,1024,2048,metric,,,,
trillionlabs/Tri-0.5B-Base,22,0.9166666666666666,mean,remove_random,0,ja,zh,mrr,0.6130788829473963,1024,2048,metric,,,,
trillionlabs/Tri-0.5B-Base,22,0.9166666666666666,mean,remove_random,0,zh,en,r1,0.265625,1024,2048,metric,,,,
trillionlabs/Tri-0.5B-Base,22,0.9166666666666666,mean,remove_random,0,zh,en,mrr,0.3089327552075817,1024,2048,metric,,,,
trillionlabs/Tri-0.5B-Base,22,0.9166666666666666,mean,remove_random,0,zh,ko,r1,0.33984375,1024,2048,metric,,,,
trillionlabs/Tri-0.5B-Base,22,0.9166666666666666,mean,remove_random,0,zh,ko,mrr,0.4775822592233808,1024,2048,metric,,,,
trillionlabs/Tri-0.5B-Base,22,0.9166666666666666,mean,remove_random,0,zh,ja,r1,0.6484375,1024,2048,metric,,,,
trillionlabs/Tri-0.5B-Base,22,0.9166666666666666,mean,remove_random,0,zh,ja,mrr,0.7044373514685454,1024,2048,metric,,,,
trillionlabs/Tri-0.5B-Base,23,0.9583333333333334,mean,remove_random,0,en,ko,r1,0.087890625,1024,2048,metric,,,,
trillionlabs/Tri-0.5B-Base,23,0.9583333333333334,mean,remove_random,0,en,ko,mrr,0.18410943989093304,1024,2048,metric,,,,
trillionlabs/Tri-0.5B-Base,23,0.9583333333333334,mean,remove_random,0,en,ja,r1,0.037109375,1024,2048,metric,,,,
trillionlabs/Tri-0.5B-Base,23,0.9583333333333334,mean,remove_random,0,en,ja,mrr,0.15237902747439003,1024,2048,metric,,,,
trillionlabs/Tri-0.5B-Base,23,0.9583333333333334,mean,remove_random,0,en,zh,r1,0.048828125,1024,2048,metric,,,,
trillionlabs/Tri-0.5B-Base,23,0.9583333333333334,mean,remove_random,0,en,zh,mrr,0.1168113937180737,1024,2048,metric,,,,
trillionlabs/Tri-0.5B-Base,23,0.9583333333333334,mean,remove_random,0,ko,en,r1,0.041015625,1024,2048,metric,,,,
trillionlabs/Tri-0.5B-Base,23,0.9583333333333334,mean,remove_random,0,ko,en,mrr,0.06360654041883641,1024,2048,metric,,,,
trillionlabs/Tri-0.5B-Base,23,0.9583333333333334,mean,remove_random,0,ko,ja,r1,0.0390625,1024,2048,metric,,,,
trillionlabs/Tri-0.5B-Base,23,0.9583333333333334,mean,remove_random,0,ko,ja,mrr,0.078624022348878,1024,2048,metric,,,,
trillionlabs/Tri-0.5B-Base,23,0.9583333333333334,mean,remove_random,0,ko,zh,r1,0.013671875,1024,2048,metric,,,,
trillionlabs/Tri-0.5B-Base,23,0.9583333333333334,mean,remove_random,0,ko,zh,mrr,0.04286726815024031,1024,2048,metric,,,,
trillionlabs/Tri-0.5B-Base,23,0.9583333333333334,mean,remove_random,0,ja,en,r1,0.021484375,1024,2048,metric,,,,
trillionlabs/Tri-0.5B-Base,23,0.9583333333333334,mean,remove_random,0,ja,en,mrr,0.043749024108084705,1024,2048,metric,,,,
trillionlabs/Tri-0.5B-Base,23,0.9583333333333334,mean,remove_random,0,ja,ko,r1,0.12109375,1024,2048,metric,,,,
trillionlabs/Tri-0.5B-Base,23,0.9583333333333334,mean,remove_random,0,ja,ko,mrr,0.18321403608374448,1024,2048,metric,,,,
trillionlabs/Tri-0.5B-Base,23,0.9583333333333334,mean,remove_random,0,ja,zh,r1,0.55859375,1024,2048,metric,,,,
trillionlabs/Tri-0.5B-Base,23,0.9583333333333334,mean,remove_random,0,ja,zh,mrr,0.5979849809308504,1024,2048,metric,,,,
trillionlabs/Tri-0.5B-Base,23,0.9583333333333334,mean,remove_random,0,zh,en,r1,0.072265625,1024,2048,metric,,,,
trillionlabs/Tri-0.5B-Base,23,0.9583333333333334,mean,remove_random,0,zh,en,mrr,0.09611258620240046,1024,2048,metric,,,,
trillionlabs/Tri-0.5B-Base,23,0.9583333333333334,mean,remove_random,0,zh,ko,r1,0.076171875,1024,2048,metric,,,,
trillionlabs/Tri-0.5B-Base,23,0.9583333333333334,mean,remove_random,0,zh,ko,mrr,0.1521456254045107,1024,2048,metric,,,,
trillionlabs/Tri-0.5B-Base,23,0.9583333333333334,mean,remove_random,0,zh,ja,r1,0.623046875,1024,2048,metric,,,,
trillionlabs/Tri-0.5B-Base,23,0.9583333333333334,mean,remove_random,0,zh,ja,mrr,0.6884116581845917,1024,2048,metric,,,,
trillionlabs/Tri-0.5B-Base,24,1.0,mean,remove_random,0,en,ko,r1,0.0234375,1024,2048,metric,,,,
trillionlabs/Tri-0.5B-Base,24,1.0,mean,remove_random,0,en,ko,mrr,0.14364260693497066,1024,2048,metric,,,,
trillionlabs/Tri-0.5B-Base,24,1.0,mean,remove_random,0,en,ja,r1,0.01171875,1024,2048,metric,,,,
trillionlabs/Tri-0.5B-Base,24,1.0,mean,remove_random,0,en,ja,mrr,0.14704780794609998,1024,2048,metric,,,,
trillionlabs/Tri-0.5B-Base,24,1.0,mean,remove_random,0,en,zh,r1,0.01171875,1024,2048,metric,,,,
trillionlabs/Tri-0.5B-Base,24,1.0,mean,remove_random,0,en,zh,mrr,0.08640369700128199,1024,2048,metric,,,,
trillionlabs/Tri-0.5B-Base,24,1.0,mean,remove_random,0,ko,en,r1,0.466796875,1024,2048,metric,,,,
trillionlabs/Tri-0.5B-Base,24,1.0,mean,remove_random,0,ko,en,mrr,0.614160608849823,1024,2048,metric,,,,
trillionlabs/Tri-0.5B-Base,24,1.0,mean,remove_random,0,ko,ja,r1,0.080078125,1024,2048,metric,,,,
trillionlabs/Tri-0.5B-Base,24,1.0,mean,remove_random,0,ko,ja,mrr,0.26441786422117797,1024,2048,metric,,,,
trillionlabs/Tri-0.5B-Base,24,1.0,mean,remove_random,0,ko,zh,r1,0.052734375,1024,2048,metric,,,,
trillionlabs/Tri-0.5B-Base,24,1.0,mean,remove_random,0,ko,zh,mrr,0.17271740871072405,1024,2048,metric,,,,
trillionlabs/Tri-0.5B-Base,24,1.0,mean,remove_random,0,ja,en,r1,0.33984375,1024,2048,metric,,,,
trillionlabs/Tri-0.5B-Base,24,1.0,mean,remove_random,0,ja,en,mrr,0.457092931175675,1024,2048,metric,,,,
trillionlabs/Tri-0.5B-Base,24,1.0,mean,remove_random,0,ja,ko,r1,0.02734375,1024,2048,metric,,,,
trillionlabs/Tri-0.5B-Base,24,1.0,mean,remove_random,0,ja,ko,mrr,0.14558913536357299,1024,2048,metric,,,,
trillionlabs/Tri-0.5B-Base,24,1.0,mean,remove_random,0,ja,zh,r1,0.126953125,1024,2048,metric,,,,
trillionlabs/Tri-0.5B-Base,24,1.0,mean,remove_random,0,ja,zh,mrr,0.269607903584394,1024,2048,metric,,,,
trillionlabs/Tri-0.5B-Base,24,1.0,mean,remove_random,0,zh,en,r1,0.220703125,1024,2048,metric,,,,
trillionlabs/Tri-0.5B-Base,24,1.0,mean,remove_random,0,zh,en,mrr,0.3615808724712452,1024,2048,metric,,,,
trillionlabs/Tri-0.5B-Base,24,1.0,mean,remove_random,0,zh,ko,r1,0.1171875,1024,2048,metric,,,,
trillionlabs/Tri-0.5B-Base,24,1.0,mean,remove_random,0,zh,ko,mrr,0.2013417637148519,1024,2048,metric,,,,
trillionlabs/Tri-0.5B-Base,24,1.0,mean,remove_random,0,zh,ja,r1,0.03125,1024,2048,metric,,,,
trillionlabs/Tri-0.5B-Base,24,1.0,mean,remove_random,0,zh,ja,mrr,0.1257328760903024,1024,2048,metric,,,,
trillionlabs/Tri-0.5B-Base,22,0.9166666666666666,last_token,remove_random,1,en,ko,r1,0.671875,1024,2048,metric,,,,
trillionlabs/Tri-0.5B-Base,22,0.9166666666666666,last_token,remove_random,1,en,ko,mrr,0.7582817177413232,1024,2048,metric,,,,
trillionlabs/Tri-0.5B-Base,22,0.9166666666666666,last_token,remove_random,1,en,ja,r1,0.5703125,1024,2048,metric,,,,
trillionlabs/Tri-0.5B-Base,22,0.9166666666666666,last_token,remove_random,1,en,ja,mrr,0.660161889721832,1024,2048,metric,,,,
trillionlabs/Tri-0.5B-Base,22,0.9166666666666666,last_token,remove_random,1,en,zh,r1,0.626953125,1024,2048,metric,,,,
trillionlabs/Tri-0.5B-Base,22,0.9166666666666666,last_token,remove_random,1,en,zh,mrr,0.7262567317702547,1024,2048,metric,,,,
trillionlabs/Tri-0.5B-Base,22,0.9166666666666666,last_token,remove_random,1,ko,en,r1,0.779296875,1024,2048,metric,,,,
trillionlabs/Tri-0.5B-Base,22,0.9166666666666666,last_token,remove_random,1,ko,en,mrr,0.8379591859664571,1024,2048,metric,,,,
trillionlabs/Tri-0.5B-Base,22,0.9166666666666666,last_token,remove_random,1,ko,ja,r1,0.580078125,1024,2048,metric,,,,
trillionlabs/Tri-0.5B-Base,22,0.9166666666666666,last_token,remove_random,1,ko,ja,mrr,0.6527326078804638,1024,2048,metric,,,,
trillionlabs/Tri-0.5B-Base,22,0.9166666666666666,last_token,remove_random,1,ko,zh,r1,0.583984375,1024,2048,metric,,,,
trillionlabs/Tri-0.5B-Base,22,0.9166666666666666,last_token,remove_random,1,ko,zh,mrr,0.6902965178788129,1024,2048,metric,,,,
trillionlabs/Tri-0.5B-Base,22,0.9166666666666666,last_token,remove_random,1,ja,en,r1,0.701171875,1024,2048,metric,,,,
trillionlabs/Tri-0.5B-Base,22,0.9166666666666666,last_token,remove_random,1,ja,en,mrr,0.7907188603990298,1024,2048,metric,,,,
trillionlabs/Tri-0.5B-Base,22,0.9166666666666666,last_token,remove_random,1,ja,ko,r1,0.650390625,1024,2048,metric,,,,
trillionlabs/Tri-0.5B-Base,22,0.9166666666666666,last_token,remove_random,1,ja,ko,mrr,0.7311592548217352,1024,2048,metric,,,,
trillionlabs/Tri-0.5B-Base,22,0.9166666666666666,last_token,remove_random,1,ja,zh,r1,0.7265625,1024,2048,metric,,,,
trillionlabs/Tri-0.5B-Base,22,0.9166666666666666,last_token,remove_random,1,ja,zh,mrr,0.8061109041805719,1024,2048,metric,,,,
trillionlabs/Tri-0.5B-Base,22,0.9166666666666666,last_token,remove_random,1,zh,en,r1,0.76171875,1024,2048,metric,,,,
trillionlabs/Tri-0.5B-Base,22,0.9166666666666666,last_token,remove_random,1,zh,en,mrr,0.8362554715141767,1024,2048,metric,,,,
trillionlabs/Tri-0.5B-Base,22,0.9166666666666666,last_token,remove_random,1,zh,ko,r1,0.576171875,1024,2048,metric,,,,
trillionlabs/Tri-0.5B-Base,22,0.9166666666666666,last_token,remove_random,1,zh,ko,mrr,0.6802076154327419,1024,2048,metric,,,,
trillionlabs/Tri-0.5B-Base,22,0.9166666666666666,last_token,remove_random,1,zh,ja,r1,0.521484375,1024,2048,metric,,,,
trillionlabs/Tri-0.5B-Base,22,0.9166666666666666,last_token,remove_random,1,zh,ja,mrr,0.6027164239281108,1024,2048,metric,,,,
trillionlabs/Tri-0.5B-Base,23,0.9583333333333334,last_token,remove_random,1,en,ko,r1,0.384765625,1024,2048,metric,,,,
trillionlabs/Tri-0.5B-Base,23,0.9583333333333334,last_token,remove_random,1,en,ko,mrr,0.4829901869424193,1024,2048,metric,,,,
trillionlabs/Tri-0.5B-Base,23,0.9583333333333334,last_token,remove_random,1,en,ja,r1,0.208984375,1024,2048,metric,,,,
trillionlabs/Tri-0.5B-Base,23,0.9583333333333334,last_token,remove_random,1,en,ja,mrr,0.33894868590597893,1024,2048,metric,,,,
trillionlabs/Tri-0.5B-Base,23,0.9583333333333334,last_token,remove_random,1,en,zh,r1,0.150390625,1024,2048,metric,,,,
trillionlabs/Tri-0.5B-Base,23,0.9583333333333334,last_token,remove_random,1,en,zh,mrr,0.2888057357128192,1024,2048,metric,,,,
trillionlabs/Tri-0.5B-Base,23,0.9583333333333334,last_token,remove_random,1,ko,en,r1,0.806640625,1024,2048,metric,,,,
trillionlabs/Tri-0.5B-Base,23,0.9583333333333334,last_token,remove_random,1,ko,en,mrr,0.8574264010378376,1024,2048,metric,,,,
trillionlabs/Tri-0.5B-Base,23,0.9583333333333334,last_token,remove_random,1,ko,ja,r1,0.484375,1024,2048,metric,,,,
trillionlabs/Tri-0.5B-Base,23,0.9583333333333334,last_token,remove_random,1,ko,ja,mrr,0.5788048136193019,1024,2048,metric,,,,
trillionlabs/Tri-0.5B-Base,23,0.9583333333333334,last_token,remove_random,1,ko,zh,r1,0.203125,1024,2048,metric,,,,
trillionlabs/Tri-0.5B-Base,23,0.9583333333333334,last_token,remove_random,1,ko,zh,mrr,0.32389305881437047,1024,2048,metric,,,,
trillionlabs/Tri-0.5B-Base,23,0.9583333333333334,last_token,remove_random,1,ja,en,r1,0.6171875,1024,2048,metric,,,,
trillionlabs/Tri-0.5B-Base,23,0.9583333333333334,last_token,remove_random,1,ja,en,mrr,0.7434239625715204,1024,2048,metric,,,,
trillionlabs/Tri-0.5B-Base,23,0.9583333333333334,last_token,remove_random,1,ja,ko,r1,0.48046875,1024,2048,metric,,,,
trillionlabs/Tri-0.5B-Base,23,0.9583333333333334,last_token,remove_random,1,ja,ko,mrr,0.594100493738164,1024,2048,metric,,,,
trillionlabs/Tri-0.5B-Base,23,0.9583333333333334,last_token,remove_random,1,ja,zh,r1,0.716796875,1024,2048,metric,,,,
trillionlabs/Tri-0.5B-Base,23,0.9583333333333334,last_token,remove_random,1,ja,zh,mrr,0.7890710057686775,1024,2048,metric,,,,
trillionlabs/Tri-0.5B-Base,23,0.9583333333333334,last_token,remove_random,1,zh,en,r1,0.626953125,1024,2048,metric,,,,
trillionlabs/Tri-0.5B-Base,23,0.9583333333333334,last_token,remove_random,1,zh,en,mrr,0.7716968403198721,1024,2048,metric,,,,
trillionlabs/Tri-0.5B-Base,23,0.9583333333333334,last_token,remove_random,1,zh,ko,r1,0.35546875,1024,2048,metric,,,,
trillionlabs/Tri-0.5B-Base,23,0.9583333333333334,last_token,remove_random,1,zh,ko,mrr,0.4947449286831818,1024,2048,metric,,,,
trillionlabs/Tri-0.5B-Base,23,0.9583333333333334,last_token,remove_random,1,zh,ja,r1,0.5390625,1024,2048,metric,,,,
trillionlabs/Tri-0.5B-Base,23,0.9583333333333334,last_token,remove_random,1,zh,ja,mrr,0.6245895005111268,1024,2048,metric,,,,
trillionlabs/Tri-0.5B-Base,24,1.0,last_token,remove_random,1,en,ko,r1,0.04296875,1024,2048,metric,,,,
trillionlabs/Tri-0.5B-Base,24,1.0,last_token,remove_random,1,en,ko,mrr,0.08489520550031825,1024,2048,metric,,,,
trillionlabs/Tri-0.5B-Base,24,1.0,last_token,remove_random,1,en,ja,r1,0.068359375,1024,2048,metric,,,,
trillionlabs/Tri-0.5B-Base,24,1.0,last_token,remove_random,1,en,ja,mrr,0.13980506654687433,1024,2048,metric,,,,
trillionlabs/Tri-0.5B-Base,24,1.0,last_token,remove_random,1,en,zh,r1,0.01171875,1024,2048,metric,,,,
trillionlabs/Tri-0.5B-Base,24,1.0,last_token,remove_random,1,en,zh,mrr,0.0712419309414792,1024,2048,metric,,,,
trillionlabs/Tri-0.5B-Base,24,1.0,last_token,remove_random,1,ko,en,r1,0.615234375,1024,2048,metric,,,,
trillionlabs/Tri-0.5B-Base,24,1.0,last_token,remove_random,1,ko,en,mrr,0.7239026814347518,1024,2048,metric,,,,
trillionlabs/Tri-0.5B-Base,24,1.0,last_token,remove_random,1,ko,ja,r1,0.34375,1024,2048,metric,,,,
trillionlabs/Tri-0.5B-Base,24,1.0,last_token,remove_random,1,ko,ja,mrr,0.4611905848430522,1024,2048,metric,,,,
trillionlabs/Tri-0.5B-Base,24,1.0,last_token,remove_random,1,ko,zh,r1,0.24609375,1024,2048,metric,,,,
trillionlabs/Tri-0.5B-Base,24,1.0,last_token,remove_random,1,ko,zh,mrr,0.3531164067923743,1024,2048,metric,,,,
trillionlabs/Tri-0.5B-Base,24,1.0,last_token,remove_random,1,ja,en,r1,0.326171875,1024,2048,metric,,,,
trillionlabs/Tri-0.5B-Base,24,1.0,last_token,remove_random,1,ja,en,mrr,0.47976842281859294,1024,2048,metric,,,,
trillionlabs/Tri-0.5B-Base,24,1.0,last_token,remove_random,1,ja,ko,r1,0.091796875,1024,2048,metric,,,,
trillionlabs/Tri-0.5B-Base,24,1.0,last_token,remove_random,1,ja,ko,mrr,0.162818011706635,1024,2048,metric,,,,
trillionlabs/Tri-0.5B-Base,24,1.0,last_token,remove_random,1,ja,zh,r1,0.513671875,1024,2048,metric,,,,
trillionlabs/Tri-0.5B-Base,24,1.0,last_token,remove_random,1,ja,zh,mrr,0.6394423919440989,1024,2048,metric,,,,
trillionlabs/Tri-0.5B-Base,24,1.0,last_token,remove_random,1,zh,en,r1,0.30078125,1024,2048,metric,,,,
trillionlabs/Tri-0.5B-Base,24,1.0,last_token,remove_random,1,zh,en,mrr,0.503748948274608,1024,2048,metric,,,,
trillionlabs/Tri-0.5B-Base,24,1.0,last_token,remove_random,1,zh,ko,r1,0.220703125,1024,2048,metric,,,,
trillionlabs/Tri-0.5B-Base,24,1.0,last_token,remove_random,1,zh,ko,mrr,0.3409066513137624,1024,2048,metric,,,,
trillionlabs/Tri-0.5B-Base,24,1.0,last_token,remove_random,1,zh,ja,r1,0.01171875,1024,2048,metric,,,,
trillionlabs/Tri-0.5B-Base,24,1.0,last_token,remove_random,1,zh,ja,mrr,0.13087442758280143,1024,2048,metric,,,,
trillionlabs/Tri-0.5B-Base,22,0.9166666666666666,mean,remove_random,1,en,ko,r1,0.33984375,1024,2048,metric,,,,
trillionlabs/Tri-0.5B-Base,22,0.9166666666666666,mean,remove_random,1,en,ko,mrr,0.45577563640414037,1024,2048,metric,,,,
trillionlabs/Tri-0.5B-Base,22,0.9166666666666666,mean,remove_random,1,en,ja,r1,0.279296875,1024,2048,metric,,,,
trillionlabs/Tri-0.5B-Base,22,0.9166666666666666,mean,remove_random,1,en,ja,mrr,0.40712854760041184,1024,2048,metric,,,,
trillionlabs/Tri-0.5B-Base,22,0.9166666666666666,mean,remove_random,1,en,zh,r1,0.322265625,1024,2048,metric,,,,
trillionlabs/Tri-0.5B-Base,22,0.9166666666666666,mean,remove_random,1,en,zh,mrr,0.42552076736333955,1024,2048,metric,,,,
trillionlabs/Tri-0.5B-Base,22,0.9166666666666666,mean,remove_random,1,ko,en,r1,0.154296875,1024,2048,metric,,,,
trillionlabs/Tri-0.5B-Base,22,0.9166666666666666,mean,remove_random,1,ko,en,mrr,0.1849499829354671,1024,2048,metric,,,,
trillionlabs/Tri-0.5B-Base,22,0.9166666666666666,mean,remove_random,1,ko,ja,r1,0.171875,1024,2048,metric,,,,
trillionlabs/Tri-0.5B-Base,22,0.9166666666666666,mean,remove_random,1,ko,ja,mrr,0.2264767062600238,1024,2048,metric,,,,
trillionlabs/Tri-0.5B-Base,22,0.9166666666666666,mean,remove_random,1,ko,zh,r1,0.068359375,1024,2048,metric,,,,
trillionlabs/Tri-0.5B-Base,22,0.9166666666666666,mean,remove_random,1,ko,zh,mrr,0.11204513383006333,1024,2048,metric,,,,
trillionlabs/Tri-0.5B-Base,22,0.9166666666666666,mean,remove_random,1,ja,en,r1,0.173828125,1024,2048,metric,,,,
trillionlabs/Tri-0.5B-Base,22,0.9166666666666666,mean,remove_random,1,ja,en,mrr,0.20530246449594075,1024,2048,metric,,,,
trillionlabs/Tri-0.5B-Base,22,0.9166666666666666,mean,remove_random,1,ja,ko,r1,0.462890625,1024,2048,metric,,,,
trillionlabs/Tri-0.5B-Base,22,0.9166666666666666,mean,remove_random,1,ja,ko,mrr,0.5584885769508201,1024,2048,metric,,,,
trillionlabs/Tri-0.5B-Base,22,0.9166666666666666,mean,remove_random,1,ja,zh,r1,0.578125,1024,2048,metric,,,,
trillionlabs/Tri-0.5B-Base,22,0.9166666666666666,mean,remove_random,1,ja,zh,mrr,0.6130788829473963,1024,2048,metric,,,,
trillionlabs/Tri-0.5B-Base,22,0.9166666666666666,mean,remove_random,1,zh,en,r1,0.265625,1024,2048,metric,,,,
trillionlabs/Tri-0.5B-Base,22,0.9166666666666666,mean,remove_random,1,zh,en,mrr,0.3089327552075817,1024,2048,metric,,,,
trillionlabs/Tri-0.5B-Base,22,0.9166666666666666,mean,remove_random,1,zh,ko,r1,0.33984375,1024,2048,metric,,,,
trillionlabs/Tri-0.5B-Base,22,0.9166666666666666,mean,remove_random,1,zh,ko,mrr,0.4775822592233808,1024,2048,metric,,,,
trillionlabs/Tri-0.5B-Base,22,0.9166666666666666,mean,remove_random,1,zh,ja,r1,0.6484375,1024,2048,metric,,,,
trillionlabs/Tri-0.5B-Base,22,0.9166666666666666,mean,remove_random,1,zh,ja,mrr,0.7044373514685454,1024,2048,metric,,,,
trillionlabs/Tri-0.5B-Base,23,0.9583333333333334,mean,remove_random,1,en,ko,r1,0.078125,1024,2048,metric,,,,
trillionlabs/Tri-0.5B-Base,23,0.9583333333333334,mean,remove_random,1,en,ko,mrr,0.17926872602570743,1024,2048,metric,,,,
trillionlabs/Tri-0.5B-Base,23,0.9583333333333334,mean,remove_random,1,en,ja,r1,0.0390625,1024,2048,metric,,,,
trillionlabs/Tri-0.5B-Base,23,0.9583333333333334,mean,remove_random,1,en,ja,mrr,0.15607584701143107,1024,2048,metric,,,,
trillionlabs/Tri-0.5B-Base,23,0.9583333333333334,mean,remove_random,1,en,zh,r1,0.041015625,1024,2048,metric,,,,
trillionlabs/Tri-0.5B-Base,23,0.9583333333333334,mean,remove_random,1,en,zh,mrr,0.11305877965165628,1024,2048,metric,,,,
trillionlabs/Tri-0.5B-Base,23,0.9583333333333334,mean,remove_random,1,ko,en,r1,0.0390625,1024,2048,metric,,,,
trillionlabs/Tri-0.5B-Base,23,0.9583333333333334,mean,remove_random,1,ko,en,mrr,0.062098154962738905,1024,2048,metric,,,,
trillionlabs/Tri-0.5B-Base,23,0.9583333333333334,mean,remove_random,1,ko,ja,r1,0.0390625,1024,2048,metric,,,,
trillionlabs/Tri-0.5B-Base,23,0.9583333333333334,mean,remove_random,1,ko,ja,mrr,0.07777469307341466,1024,2048,metric,,,,
trillionlabs/Tri-0.5B-Base,23,0.9583333333333334,mean,remove_random,1,ko,zh,r1,0.013671875,1024,2048,metric,,,,
trillionlabs/Tri-0.5B-Base,23,0.9583333333333334,mean,remove_random,1,ko,zh,mrr,0.04272968674592237,1024,2048,metric,,,,
trillionlabs/Tri-0.5B-Base,23,0.9583333333333334,mean,remove_random,1,ja,en,r1,0.0234375,1024,2048,metric,,,,
trillionlabs/Tri-0.5B-Base,23,0.9583333333333334,mean,remove_random,1,ja,en,mrr,0.04528092389952572,1024,2048,metric,,,,
trillionlabs/Tri-0.5B-Base,23,0.9583333333333334,mean,remove_random,1,ja,ko,r1,0.115234375,1024,2048,metric,,,,
trillionlabs/Tri-0.5B-Base,23,0.9583333333333334,mean,remove_random,1,ja,ko,mrr,0.1776356284909149,1024,2048,metric,,,,
trillionlabs/Tri-0.5B-Base,23,0.9583333333333334,mean,remove_random,1,ja,zh,r1,0.55859375,1024,2048,metric,,,,
trillionlabs/Tri-0.5B-Base,23,0.9583333333333334,mean,remove_random,1,ja,zh,mrr,0.5977565700757401,1024,2048,metric,,,,
trillionlabs/Tri-0.5B-Base,23,0.9583333333333334,mean,remove_random,1,zh,en,r1,0.07421875,1024,2048,metric,,,,
trillionlabs/Tri-0.5B-Base,23,0.9583333333333334,mean,remove_random,1,zh,en,mrr,0.09777986223561495,1024,2048,metric,,,,
trillionlabs/Tri-0.5B-Base,23,0.9583333333333334,mean,remove_random,1,zh,ko,r1,0.0703125,1024,2048,metric,,,,
trillionlabs/Tri-0.5B-Base,23,0.9583333333333334,mean,remove_random,1,zh,ko,mrr,0.14690726373047483,1024,2048,metric,,,,
trillionlabs/Tri-0.5B-Base,23,0.9583333333333334,mean,remove_random,1,zh,ja,r1,0.62890625,1024,2048,metric,,,,
trillionlabs/Tri-0.5B-Base,23,0.9583333333333334,mean,remove_random,1,zh,ja,mrr,0.6910550188958204,1024,2048,metric,,,,
trillionlabs/Tri-0.5B-Base,24,1.0,mean,remove_random,1,en,ko,r1,0.0234375,1024,2048,metric,,,,
trillionlabs/Tri-0.5B-Base,24,1.0,mean,remove_random,1,en,ko,mrr,0.1432777310390107,1024,2048,metric,,,,
trillionlabs/Tri-0.5B-Base,24,1.0,mean,remove_random,1,en,ja,r1,0.01171875,1024,2048,metric,,,,
trillionlabs/Tri-0.5B-Base,24,1.0,mean,remove_random,1,en,ja,mrr,0.146508573849847,1024,2048,metric,,,,
trillionlabs/Tri-0.5B-Base,24,1.0,mean,remove_random,1,en,zh,r1,0.01171875,1024,2048,metric,,,,
trillionlabs/Tri-0.5B-Base,24,1.0,mean,remove_random,1,en,zh,mrr,0.08795985333908851,1024,2048,metric,,,,
trillionlabs/Tri-0.5B-Base,24,1.0,mean,remove_random,1,ko,en,r1,0.45703125,1024,2048,metric,,,,
trillionlabs/Tri-0.5B-Base,24,1.0,mean,remove_random,1,ko,en,mrr,0.6069289010008948,1024,2048,metric,,,,
trillionlabs/Tri-0.5B-Base,24,1.0,mean,remove_random,1,ko,ja,r1,0.0859375,1024,2048,metric,,,,
trillionlabs/Tri-0.5B-Base,24,1.0,mean,remove_random,1,ko,ja,mrr,0.27175999564445974,1024,2048,metric,,,,
trillionlabs/Tri-0.5B-Base,24,1.0,mean,remove_random,1,ko,zh,r1,0.05078125,1024,2048,metric,,,,
trillionlabs/Tri-0.5B-Base,24,1.0,mean,remove_random,1,ko,zh,mrr,0.17010786723915666,1024,2048,metric,,,,
trillionlabs/Tri-0.5B-Base,24,1.0,mean,remove_random,1,ja,en,r1,0.3359375,1024,2048,metric,,,,
trillionlabs/Tri-0.5B-Base,24,1.0,mean,remove_random,1,ja,en,mrr,0.4571231948516318,1024,2048,metric,,,,
trillionlabs/Tri-0.5B-Base,24,1.0,mean,remove_random,1,ja,ko,r1,0.02734375,1024,2048,metric,,,,
trillionlabs/Tri-0.5B-Base,24,1.0,mean,remove_random,1,ja,ko,mrr,0.14475796512606887,1024,2048,metric,,,,
trillionlabs/Tri-0.5B-Base,24,1.0,mean,remove_random,1,ja,zh,r1,0.126953125,1024,2048,metric,,,,
trillionlabs/Tri-0.5B-Base,24,1.0,mean,remove_random,1,ja,zh,mrr,0.2660518551722617,1024,2048,metric,,,,
trillionlabs/Tri-0.5B-Base,24,1.0,mean,remove_random,1,zh,en,r1,0.224609375,1024,2048,metric,,,,
trillionlabs/Tri-0.5B-Base,24,1.0,mean,remove_random,1,zh,en,mrr,0.37399977799937145,1024,2048,metric,,,,
trillionlabs/Tri-0.5B-Base,24,1.0,mean,remove_random,1,zh,ko,r1,0.10546875,1024,2048,metric,,,,
trillionlabs/Tri-0.5B-Base,24,1.0,mean,remove_random,1,zh,ko,mrr,0.19497046009760247,1024,2048,metric,,,,
trillionlabs/Tri-0.5B-Base,24,1.0,mean,remove_random,1,zh,ja,r1,0.029296875,1024,2048,metric,,,,
trillionlabs/Tri-0.5B-Base,24,1.0,mean,remove_random,1,zh,ja,mrr,0.12627852335335027,1024,2048,metric,,,,
trillionlabs/Tri-0.5B-Base,22,0.9166666666666666,last_token,remove_random,2,en,ko,r1,0.671875,1024,2048,metric,,,,
trillionlabs/Tri-0.5B-Base,22,0.9166666666666666,last_token,remove_random,2,en,ko,mrr,0.7582817177413232,1024,2048,metric,,,,
trillionlabs/Tri-0.5B-Base,22,0.9166666666666666,last_token,remove_random,2,en,ja,r1,0.5703125,1024,2048,metric,,,,
trillionlabs/Tri-0.5B-Base,22,0.9166666666666666,last_token,remove_random,2,en,ja,mrr,0.660161889721832,1024,2048,metric,,,,
trillionlabs/Tri-0.5B-Base,22,0.9166666666666666,last_token,remove_random,2,en,zh,r1,0.626953125,1024,2048,metric,,,,
trillionlabs/Tri-0.5B-Base,22,0.9166666666666666,last_token,remove_random,2,en,zh,mrr,0.7262567317702547,1024,2048,metric,,,,
trillionlabs/Tri-0.5B-Base,22,0.9166666666666666,last_token,remove_random,2,ko,en,r1,0.779296875,1024,2048,metric,,,,
trillionlabs/Tri-0.5B-Base,22,0.9166666666666666,last_token,remove_random,2,ko,en,mrr,0.8379591859664571,1024,2048,metric,,,,
trillionlabs/Tri-0.5B-Base,22,0.9166666666666666,last_token,remove_random,2,ko,ja,r1,0.580078125,1024,2048,metric,,,,
trillionlabs/Tri-0.5B-Base,22,0.9166666666666666,last_token,remove_random,2,ko,ja,mrr,0.6527326078804638,1024,2048,metric,,,,
trillionlabs/Tri-0.5B-Base,22,0.9166666666666666,last_token,remove_random,2,ko,zh,r1,0.583984375,1024,2048,metric,,,,
trillionlabs/Tri-0.5B-Base,22,0.9166666666666666,last_token,remove_random,2,ko,zh,mrr,0.6902965178788129,1024,2048,metric,,,,
trillionlabs/Tri-0.5B-Base,22,0.9166666666666666,last_token,remove_random,2,ja,en,r1,0.701171875,1024,2048,metric,,,,
trillionlabs/Tri-0.5B-Base,22,0.9166666666666666,last_token,remove_random,2,ja,en,mrr,0.7907188603990298,1024,2048,metric,,,,
trillionlabs/Tri-0.5B-Base,22,0.9166666666666666,last_token,remove_random,2,ja,ko,r1,0.650390625,1024,2048,metric,,,,
trillionlabs/Tri-0.5B-Base,22,0.9166666666666666,last_token,remove_random,2,ja,ko,mrr,0.7311592548217352,1024,2048,metric,,,,
trillionlabs/Tri-0.5B-Base,22,0.9166666666666666,last_token,remove_random,2,ja,zh,r1,0.7265625,1024,2048,metric,,,,
trillionlabs/Tri-0.5B-Base,22,0.9166666666666666,last_token,remove_random,2,ja,zh,mrr,0.8061109041805719,1024,2048,metric,,,,
trillionlabs/Tri-0.5B-Base,22,0.9166666666666666,last_token,remove_random,2,zh,en,r1,0.76171875,1024,2048,metric,,,,
trillionlabs/Tri-0.5B-Base,22,0.9166666666666666,last_token,remove_random,2,zh,en,mrr,0.8362554715141767,1024,2048,metric,,,,
trillionlabs/Tri-0.5B-Base,22,0.9166666666666666,last_token,remove_random,2,zh,ko,r1,0.576171875,1024,2048,metric,,,,
trillionlabs/Tri-0.5B-Base,22,0.9166666666666666,last_token,remove_random,2,zh,ko,mrr,0.6802076154327419,1024,2048,metric,,,,
trillionlabs/Tri-0.5B-Base,22,0.9166666666666666,last_token,remove_random,2,zh,ja,r1,0.521484375,1024,2048,metric,,,,
trillionlabs/Tri-0.5B-Base,22,0.9166666666666666,last_token,remove_random,2,zh,ja,mrr,0.6027164239281108,1024,2048,metric,,,,
trillionlabs/Tri-0.5B-Base,23,0.9583333333333334,last_token,remove_random,2,en,ko,r1,0.37890625,1024,2048,metric,,,,
trillionlabs/Tri-0.5B-Base,23,0.9583333333333334,last_token,remove_random,2,en,ko,mrr,0.47524376093031123,1024,2048,metric,,,,
trillionlabs/Tri-0.5B-Base,23,0.9583333333333334,last_token,remove_random,2,en,ja,r1,0.205078125,1024,2048,metric,,,,
trillionlabs/Tri-0.5B-Base,23,0.9583333333333334,last_token,remove_random,2,en,ja,mrr,0.3363512876038113,1024,2048,metric,,,,
trillionlabs/Tri-0.5B-Base,23,0.9583333333333334,last_token,remove_random,2,en,zh,r1,0.15625,1024,2048,metric,,,,
trillionlabs/Tri-0.5B-Base,23,0.9583333333333334,last_token,remove_random,2,en,zh,mrr,0.28124903377397137,1024,2048,metric,,,,
trillionlabs/Tri-0.5B-Base,23,0.9583333333333334,last_token,remove_random,2,ko,en,r1,0.810546875,1024,2048,metric,,,,
trillionlabs/Tri-0.5B-Base,23,0.9583333333333334,last_token,remove_random,2,ko,en,mrr,0.8594478044729553,1024,2048,metric,,,,
trillionlabs/Tri-0.5B-Base,23,0.9583333333333334,last_token,remove_random,2,ko,ja,r1,0.48828125,1024,2048,metric,,,,
trillionlabs/Tri-0.5B-Base,23,0.9583333333333334,last_token,remove_random,2,ko,ja,mrr,0.5791676531966309,1024,2048,metric,,,,
trillionlabs/Tri-0.5B-Base,23,0.9583333333333334,last_token,remove_random,2,ko,zh,r1,0.201171875,1024,2048,metric,,,,
trillionlabs/Tri-0.5B-Base,23,0.9583333333333334,last_token,remove_random,2,ko,zh,mrr,0.3207453751244606,1024,2048,metric,,,,
trillionlabs/Tri-0.5B-Base,23,0.9583333333333334,last_token,remove_random,2,ja,en,r1,0.619140625,1024,2048,metric,,,,
trillionlabs/Tri-0.5B-Base,23,0.9583333333333334,last_token,remove_random,2,ja,en,mrr,0.7460368190591431,1024,2048,metric,,,,
trillionlabs/Tri-0.5B-Base,23,0.9583333333333334,last_token,remove_random,2,ja,ko,r1,0.478515625,1024,2048,metric,,,,
trillionlabs/Tri-0.5B-Base,23,0.9583333333333334,last_token,remove_random,2,ja,ko,mrr,0.5910005366500488,1024,2048,metric,,,,
trillionlabs/Tri-0.5B-Base,23,0.9583333333333334,last_token,remove_random,2,ja,zh,r1,0.71875,1024,2048,metric,,,,
trillionlabs/Tri-0.5B-Base,23,0.9583333333333334,last_token,remove_random,2,ja,zh,mrr,0.7902259216614003,1024,2048,metric,,,,
trillionlabs/Tri-0.5B-Base,23,0.9583333333333334,last_token,remove_random,2,zh,en,r1,0.6484375,1024,2048,metric,,,,
trillionlabs/Tri-0.5B-Base,23,0.9583333333333334,last_token,remove_random,2,zh,en,mrr,0.7835107837187374,1024,2048,metric,,,,
trillionlabs/Tri-0.5B-Base,23,0.9583333333333334,last_token,remove_random,2,zh,ko,r1,0.3515625,1024,2048,metric,,,,
trillionlabs/Tri-0.5B-Base,23,0.9583333333333334,last_token,remove_random,2,zh,ko,mrr,0.4908397120037775,1024,2048,metric,,,,
trillionlabs/Tri-0.5B-Base,23,0.9583333333333334,last_token,remove_random,2,zh,ja,r1,0.546875,1024,2048,metric,,,,
trillionlabs/Tri-0.5B-Base,23,0.9583333333333334,last_token,remove_random,2,zh,ja,mrr,0.6300811589600935,1024,2048,metric,,,,
trillionlabs/Tri-0.5B-Base,24,1.0,last_token,remove_random,2,en,ko,r1,0.0390625,1024,2048,metric,,,,
trillionlabs/Tri-0.5B-Base,24,1.0,last_token,remove_random,2,en,ko,mrr,0.08093975515883879,1024,2048,metric,,,,
trillionlabs/Tri-0.5B-Base,24,1.0,last_token,remove_random,2,en,ja,r1,0.056640625,1024,2048,metric,,,,
trillionlabs/Tri-0.5B-Base,24,1.0,last_token,remove_random,2,en,ja,mrr,0.12696961403234758,1024,2048,metric,,,,
trillionlabs/Tri-0.5B-Base,24,1.0,last_token,remove_random,2,en,zh,r1,0.013671875,1024,2048,metric,,,,
trillionlabs/Tri-0.5B-Base,24,1.0,last_token,remove_random,2,en,zh,mrr,0.0671217498735738,1024,2048,metric,,,,
trillionlabs/Tri-0.5B-Base,24,1.0,last_token,remove_random,2,ko,en,r1,0.619140625,1024,2048,metric,,,,
trillionlabs/Tri-0.5B-Base,24,1.0,last_token,remove_random,2,ko,en,mrr,0.7294607494306157,1024,2048,metric,,,,
trillionlabs/Tri-0.5B-Base,24,1.0,last_token,remove_random,2,ko,ja,r1,0.34765625,1024,2048,metric,,,,
trillionlabs/Tri-0.5B-Base,24,1.0,last_token,remove_random,2,ko,ja,mrr,0.4652132088308705,1024,2048,metric,,,,
trillionlabs/Tri-0.5B-Base,24,1.0,last_token,remove_random,2,ko,zh,r1,0.236328125,1024,2048,metric,,,,
trillionlabs/Tri-0.5B-Base,24,1.0,last_token,remove_random,2,ko,zh,mrr,0.3439709398534912,1024,2048,metric,,,,
trillionlabs/Tri-0.5B-Base,24,1.0,last_token,remove_random,2,ja,en,r1,0.3046875,1024,2048,metric,,,,
trillionlabs/Tri-0.5B-Base,24,1.0,last_token,remove_random,2,ja,en,mrr,0.4669312570245576,1024,2048,metric,,,,
trillionlabs/Tri-0.5B-Base,24,1.0,last_token,remove_random,2,ja,ko,r1,0.08203125,1024,2048,metric,,,,
trillionlabs/Tri-0.5B-Base,24,1.0,last_token,remove_random,2,ja,ko,mrr,0.1562559268646468,1024,2048,metric,,,,
trillionlabs/Tri-0.5B-Base,24,1.0,last_token,remove_random,2,ja,zh,r1,0.478515625,1024,2048,metric,,,,
trillionlabs/Tri-0.5B-Base,24,1.0,last_token,remove_random,2,ja,zh,mrr,0.6113094818569682,1024,2048,metric,,,,
trillionlabs/Tri-0.5B-Base,24,1.0,last_token,remove_random,2,zh,en,r1,0.32421875,1024,2048,metric,,,,
trillionlabs/Tri-0.5B-Base,24,1.0,last_token,remove_random,2,zh,en,mrr,0.5173237775961855,1024,2048,metric,,,,
trillionlabs/Tri-0.5B-Base,24,1.0,last_token,remove_random,2,zh,ko,r1,0.1953125,1024,2048,metric,,,,
trillionlabs/Tri-0.5B-Base,24,1.0,last_token,remove_random,2,zh,ko,mrr,0.32075446233069616,1024,2048,metric,,,,
trillionlabs/Tri-0.5B-Base,24,1.0,last_token,remove_random,2,zh,ja,r1,0.015625,1024,2048,metric,,,,
trillionlabs/Tri-0.5B-Base,24,1.0,last_token,remove_random,2,zh,ja,mrr,0.1456636984771829,1024,2048,metric,,,,
trillionlabs/Tri-0.5B-Base,22,0.9166666666666666,mean,remove_random,2,en,ko,r1,0.33984375,1024,2048,metric,,,,
trillionlabs/Tri-0.5B-Base,22,0.9166666666666666,mean,remove_random,2,en,ko,mrr,0.45577563640414037,1024,2048,metric,,,,
trillionlabs/Tri-0.5B-Base,22,0.9166666666666666,mean,remove_random,2,en,ja,r1,0.279296875,1024,2048,metric,,,,
trillionlabs/Tri-0.5B-Base,22,0.9166666666666666,mean,remove_random,2,en,ja,mrr,0.40712854760041184,1024,2048,metric,,,,
trillionlabs/Tri-0.5B-Base,22,0.9166666666666666,mean,remove_random,2,en,zh,r1,0.322265625,1024,2048,metric,,,,
trillionlabs/Tri-0.5B-Base,22,0.9166666666666666,mean,remove_random,2,en,zh,mrr,0.42552076736333955,1024,2048,metric,,,,
trillionlabs/Tri-0.5B-Base,22,0.9166666666666666,mean,remove_random,2,ko,en,r1,0.154296875,1024,2048,metric,,,,
trillionlabs/Tri-0.5B-Base,22,0.9166666666666666,mean,remove_random,2,ko,en,mrr,0.1849499829354671,1024,2048,metric,,,,
trillionlabs/Tri-0.5B-Base,22,0.9166666666666666,mean,remove_random,2,ko,ja,r1,0.171875,1024,2048,metric,,,,
trillionlabs/Tri-0.5B-Base,22,0.9166666666666666,mean,remove_random,2,ko,ja,mrr,0.2264767062600238,1024,2048,metric,,,,
trillionlabs/Tri-0.5B-Base,22,0.9166666666666666,mean,remove_random,2,ko,zh,r1,0.068359375,1024,2048,metric,,,,
trillionlabs/Tri-0.5B-Base,22,0.9166666666666666,mean,remove_random,2,ko,zh,mrr,0.11204513383006333,1024,2048,metric,,,,
trillionlabs/Tri-0.5B-Base,22,0.9166666666666666,mean,remove_random,2,ja,en,r1,0.173828125,1024,2048,metric,,,,
trillionlabs/Tri-0.5B-Base,22,0.9166666666666666,mean,remove_random,2,ja,en,mrr,0.20530246449594075,1024,2048,metric,,,,
trillionlabs/Tri-0.5B-Base,22,0.9166666666666666,mean,remove_random,2,ja,ko,r1,0.462890625,1024,2048,metric,,,,
trillionlabs/Tri-0.5B-Base,22,0.9166666666666666,mean,remove_random,2,ja,ko,mrr,0.5584885769508201,1024,2048,metric,,,,
trillionlabs/Tri-0.5B-Base,22,0.9166666666666666,mean,remove_random,2,ja,zh,r1,0.578125,1024,2048,metric,,,,
trillionlabs/Tri-0.5B-Base,22,0.9166666666666666,mean,remove_random,2,ja,zh,mrr,0.6130788829473963,1024,2048,metric,,,,
trillionlabs/Tri-0.5B-Base,22,0.9166666666666666,mean,remove_random,2,zh,en,r1,0.265625,1024,2048,metric,,,,
trillionlabs/Tri-0.5B-Base,22,0.9166666666666666,mean,remove_random,2,zh,en,mrr,0.3089327552075817,1024,2048,metric,,,,
trillionlabs/Tri-0.5B-Base,22,0.9166666666666666,mean,remove_random,2,zh,ko,r1,0.33984375,1024,2048,metric,,,,
trillionlabs/Tri-0.5B-Base,22,0.9166666666666666,mean,remove_random,2,zh,ko,mrr,0.4775822592233808,1024,2048,metric,,,,
trillionlabs/Tri-0.5B-Base,22,0.9166666666666666,mean,remove_random,2,zh,ja,r1,0.6484375,1024,2048,metric,,,,
trillionlabs/Tri-0.5B-Base,22,0.9166666666666666,mean,remove_random,2,zh,ja,mrr,0.7044373514685454,1024,2048,metric,,,,
trillionlabs/Tri-0.5B-Base,23,0.9583333333333334,mean,remove_random,2,en,ko,r1,0.08203125,1024,2048,metric,,,,
trillionlabs/Tri-0.5B-Base,23,0.9583333333333334,mean,remove_random,2,en,ko,mrr,0.1775541959843701,1024,2048,metric,,,,
trillionlabs/Tri-0.5B-Base,23,0.9583333333333334,mean,remove_random,2,en,ja,r1,0.037109375,1024,2048,metric,,,,
trillionlabs/Tri-0.5B-Base,23,0.9583333333333334,mean,remove_random,2,en,ja,mrr,0.1530120082386741,1024,2048,metric,,,,
trillionlabs/Tri-0.5B-Base,23,0.9583333333333334,mean,remove_random,2,en,zh,r1,0.041015625,1024,2048,metric,,,,
trillionlabs/Tri-0.5B-Base,23,0.9583333333333334,mean,remove_random,2,en,zh,mrr,0.11262154376257197,1024,2048,metric,,,,
trillionlabs/Tri-0.5B-Base,23,0.9583333333333334,mean,remove_random,2,ko,en,r1,0.0390625,1024,2048,metric,,,,
trillionlabs/Tri-0.5B-Base,23,0.9583333333333334,mean,remove_random,2,ko,en,mrr,0.06056927312635117,1024,2048,metric,,,,
trillionlabs/Tri-0.5B-Base,23,0.9583333333333334,mean,remove_random,2,ko,ja,r1,0.041015625,1024,2048,metric,,,,
trillionlabs/Tri-0.5B-Base,23,0.9583333333333334,mean,remove_random,2,ko,ja,mrr,0.0796500890446473,1024,2048,metric,,,,
trillionlabs/Tri-0.5B-Base,23,0.9583333333333334,mean,remove_random,2,ko,zh,r1,0.013671875,1024,2048,metric,,,,
trillionlabs/Tri-0.5B-Base,23,0.9583333333333334,mean,remove_random,2,ko,zh,mrr,0.04227940726528914,1024,2048,metric,,,,
trillionlabs/Tri-0.5B-Base,23,0.9583333333333334,mean,remove_random,2,ja,en,r1,0.021484375,1024,2048,metric,,,,
trillionlabs/Tri-0.5B-Base,23,0.9583333333333334,mean,remove_random,2,ja,en,mrr,0.04395790758614865,1024,2048,metric,,,,
trillionlabs/Tri-0.5B-Base,23,0.9583333333333334,mean,remove_random,2,ja,ko,r1,0.125,1024,2048,metric,,,,
trillionlabs/Tri-0.5B-Base,23,0.9583333333333334,mean,remove_random,2,ja,ko,mrr,0.18798854238716634,1024,2048,metric,,,,
trillionlabs/Tri-0.5B-Base,23,0.9583333333333334,mean,remove_random,2,ja,zh,r1,0.55859375,1024,2048,metric,,,,
trillionlabs/Tri-0.5B-Base,23,0.9583333333333334,mean,remove_random,2,ja,zh,mrr,0.5983119248541153,1024,2048,metric,,,,
trillionlabs/Tri-0.5B-Base,23,0.9583333333333334,mean,remove_random,2,zh,en,r1,0.0703125,1024,2048,metric,,,,
trillionlabs/Tri-0.5B-Base,23,0.9583333333333334,mean,remove_random,2,zh,en,mrr,0.09510218352594882,1024,2048,metric,,,,
trillionlabs/Tri-0.5B-Base,23,0.9583333333333334,mean,remove_random,2,zh,ko,r1,0.076171875,1024,2048,metric,,,,
trillionlabs/Tri-0.5B-Base,23,0.9583333333333334,mean,remove_random,2,zh,ko,mrr,0.15093121661096656,1024,2048,metric,,,,
trillionlabs/Tri-0.5B-Base,23,0.9583333333333334,mean,remove_random,2,zh,ja,r1,0.62890625,1024,2048,metric,,,,
trillionlabs/Tri-0.5B-Base,23,0.9583333333333334,mean,remove_random,2,zh,ja,mrr,0.6900116729087996,1024,2048,metric,,,,
trillionlabs/Tri-0.5B-Base,24,1.0,mean,remove_random,2,en,ko,r1,0.01953125,1024,2048,metric,,,,
trillionlabs/Tri-0.5B-Base,24,1.0,mean,remove_random,2,en,ko,mrr,0.13792256526855431,1024,2048,metric,,,,
trillionlabs/Tri-0.5B-Base,24,1.0,mean,remove_random,2,en,ja,r1,0.009765625,1024,2048,metric,,,,
trillionlabs/Tri-0.5B-Base,24,1.0,mean,remove_random,2,en,ja,mrr,0.14662942883969543,1024,2048,metric,,,,
trillionlabs/Tri-0.5B-Base,24,1.0,mean,remove_random,2,en,zh,r1,0.01171875,1024,2048,metric,,,,
trillionlabs/Tri-0.5B-Base,24,1.0,mean,remove_random,2,en,zh,mrr,0.08665156155248352,1024,2048,metric,,,,
trillionlabs/Tri-0.5B-Base,24,1.0,mean,remove_random,2,ko,en,r1,0.458984375,1024,2048,metric,,,,
trillionlabs/Tri-0.5B-Base,24,1.0,mean,remove_random,2,ko,en,mrr,0.6092899562749396,1024,2048,metric,,,,
trillionlabs/Tri-0.5B-Base,24,1.0,mean,remove_random,2,ko,ja,r1,0.09765625,1024,2048,metric,,,,
trillionlabs/Tri-0.5B-Base,24,1.0,mean,remove_random,2,ko,ja,mrr,0.2830585064515557,1024,2048,metric,,,,
trillionlabs/Tri-0.5B-Base,24,1.0,mean,remove_random,2,ko,zh,r1,0.05859375,1024,2048,metric,,,,
trillionlabs/Tri-0.5B-Base,24,1.0,mean,remove_random,2,ko,zh,mrr,0.17829899261710186,1024,2048,metric,,,,
trillionlabs/Tri-0.5B-Base,24,1.0,mean,remove_random,2,ja,en,r1,0.337890625,1024,2048,metric,,,,
trillionlabs/Tri-0.5B-Base,24,1.0,mean,remove_random,2,ja,en,mrr,0.45562971919818557,1024,2048,metric,,,,
trillionlabs/Tri-0.5B-Base,24,1.0,mean,remove_random,2,ja,ko,r1,0.02734375,1024,2048,metric,,,,
trillionlabs/Tri-0.5B-Base,24,1.0,mean,remove_random,2,ja,ko,mrr,0.1456110094256604,1024,2048,metric,,,,
trillionlabs/Tri-0.5B-Base,24,1.0,mean,remove_random,2,ja,zh,r1,0.11328125,1024,2048,metric,,,,
trillionlabs/Tri-0.5B-Base,24,1.0,mean,remove_random,2,ja,zh,mrr,0.2499791344295802,1024,2048,metric,,,,
trillionlabs/Tri-0.5B-Base,24,1.0,mean,remove_random,2,zh,en,r1,0.23828125,1024,2048,metric,,,,
trillionlabs/Tri-0.5B-Base,24,1.0,mean,remove_random,2,zh,en,mrr,0.38692031897986673,1024,2048,metric,,,,
trillionlabs/Tri-0.5B-Base,24,1.0,mean,remove_random,2,zh,ko,r1,0.1015625,1024,2048,metric,,,,
trillionlabs/Tri-0.5B-Base,24,1.0,mean,remove_random,2,zh,ko,mrr,0.1885522756914017,1024,2048,metric,,,,
trillionlabs/Tri-0.5B-Base,24,1.0,mean,remove_random,2,zh,ja,r1,0.03515625,1024,2048,metric,,,,
trillionlabs/Tri-0.5B-Base,24,1.0,mean,remove_random,2,zh,ja,mrr,0.13346569055127003,1024,2048,metric,,,,
trillionlabs/Tri-0.5B-Base,22,0.9166666666666666,last_token,remove_random,3,en,ko,r1,0.671875,1024,2048,metric,,,,
trillionlabs/Tri-0.5B-Base,22,0.9166666666666666,last_token,remove_random,3,en,ko,mrr,0.7582817177413232,1024,2048,metric,,,,
trillionlabs/Tri-0.5B-Base,22,0.9166666666666666,last_token,remove_random,3,en,ja,r1,0.5703125,1024,2048,metric,,,,
trillionlabs/Tri-0.5B-Base,22,0.9166666666666666,last_token,remove_random,3,en,ja,mrr,0.660161889721832,1024,2048,metric,,,,
trillionlabs/Tri-0.5B-Base,22,0.9166666666666666,last_token,remove_random,3,en,zh,r1,0.626953125,1024,2048,metric,,,,
trillionlabs/Tri-0.5B-Base,22,0.9166666666666666,last_token,remove_random,3,en,zh,mrr,0.7262567317702547,1024,2048,metric,,,,
trillionlabs/Tri-0.5B-Base,22,0.9166666666666666,last_token,remove_random,3,ko,en,r1,0.779296875,1024,2048,metric,,,,
trillionlabs/Tri-0.5B-Base,22,0.9166666666666666,last_token,remove_random,3,ko,en,mrr,0.8379591859664571,1024,2048,metric,,,,
trillionlabs/Tri-0.5B-Base,22,0.9166666666666666,last_token,remove_random,3,ko,ja,r1,0.580078125,1024,2048,metric,,,,
trillionlabs/Tri-0.5B-Base,22,0.9166666666666666,last_token,remove_random,3,ko,ja,mrr,0.6527326078804638,1024,2048,metric,,,,
trillionlabs/Tri-0.5B-Base,22,0.9166666666666666,last_token,remove_random,3,ko,zh,r1,0.583984375,1024,2048,metric,,,,
trillionlabs/Tri-0.5B-Base,22,0.9166666666666666,last_token,remove_random,3,ko,zh,mrr,0.6902965178788129,1024,2048,metric,,,,
trillionlabs/Tri-0.5B-Base,22,0.9166666666666666,last_token,remove_random,3,ja,en,r1,0.701171875,1024,2048,metric,,,,
trillionlabs/Tri-0.5B-Base,22,0.9166666666666666,last_token,remove_random,3,ja,en,mrr,0.7907188603990298,1024,2048,metric,,,,
trillionlabs/Tri-0.5B-Base,22,0.9166666666666666,last_token,remove_random,3,ja,ko,r1,0.650390625,1024,2048,metric,,,,
trillionlabs/Tri-0.5B-Base,22,0.9166666666666666,last_token,remove_random,3,ja,ko,mrr,0.7311592548217352,1024,2048,metric,,,,
trillionlabs/Tri-0.5B-Base,22,0.9166666666666666,last_token,remove_random,3,ja,zh,r1,0.7265625,1024,2048,metric,,,,
trillionlabs/Tri-0.5B-Base,22,0.9166666666666666,last_token,remove_random,3,ja,zh,mrr,0.8061109041805719,1024,2048,metric,,,,
trillionlabs/Tri-0.5B-Base,22,0.9166666666666666,last_token,remove_random,3,zh,en,r1,0.76171875,1024,2048,metric,,,,
trillionlabs/Tri-0.5B-Base,22,0.9166666666666666,last_token,remove_random,3,zh,en,mrr,0.8362554715141767,1024,2048,metric,,,,
trillionlabs/Tri-0.5B-Base,22,0.9166666666666666,last_token,remove_random,3,zh,ko,r1,0.576171875,1024,2048,metric,,,,
trillionlabs/Tri-0.5B-Base,22,0.9166666666666666,last_token,remove_random,3,zh,ko,mrr,0.6802076154327419,1024,2048,metric,,,,
trillionlabs/Tri-0.5B-Base,22,0.9166666666666666,last_token,remove_random,3,zh,ja,r1,0.521484375,1024,2048,metric,,,,
trillionlabs/Tri-0.5B-Base,22,0.9166666666666666,last_token,remove_random,3,zh,ja,mrr,0.6027164239281108,1024,2048,metric,,,,
trillionlabs/Tri-0.5B-Base,23,0.9583333333333334,last_token,remove_random,3,en,ko,r1,0.38671875,1024,2048,metric,,,,
trillionlabs/Tri-0.5B-Base,23,0.9583333333333334,last_token,remove_random,3,en,ko,mrr,0.486637695399133,1024,2048,metric,,,,
trillionlabs/Tri-0.5B-Base,23,0.9583333333333334,last_token,remove_random,3,en,ja,r1,0.21875,1024,2048,metric,,,,
trillionlabs/Tri-0.5B-Base,23,0.9583333333333334,last_token,remove_random,3,en,ja,mrr,0.35016587151017897,1024,2048,metric,,,,
trillionlabs/Tri-0.5B-Base,23,0.9583333333333334,last_token,remove_random,3,en,zh,r1,0.15625,1024,2048,metric,,,,
trillionlabs/Tri-0.5B-Base,23,0.9583333333333334,last_token,remove_random,3,en,zh,mrr,0.2878671094595773,1024,2048,metric,,,,
trillionlabs/Tri-0.5B-Base,23,0.9583333333333334,last_token,remove_random,3,ko,en,r1,0.806640625,1024,2048,metric,,,,
trillionlabs/Tri-0.5B-Base,23,0.9583333333333334,last_token,remove_random,3,ko,en,mrr,0.856454681899711,1024,2048,metric,,,,
trillionlabs/Tri-0.5B-Base,23,0.9583333333333334,last_token,remove_random,3,ko,ja,r1,0.484375,1024,2048,metric,,,,
trillionlabs/Tri-0.5B-Base,23,0.9583333333333334,last_token,remove_random,3,ko,ja,mrr,0.5773668223249374,1024,2048,metric,,,,
trillionlabs/Tri-0.5B-Base,23,0.9583333333333334,last_token,remove_random,3,ko,zh,r1,0.19921875,1024,2048,metric,,,,
trillionlabs/Tri-0.5B-Base,23,0.9583333333333334,last_token,remove_random,3,ko,zh,mrr,0.3223502967693559,1024,2048,metric,,,,
trillionlabs/Tri-0.5B-Base,23,0.9583333333333334,last_token,remove_random,3,ja,en,r1,0.62109375,1024,2048,metric,,,,
trillionlabs/Tri-0.5B-Base,23,0.9583333333333334,last_token,remove_random,3,ja,en,mrr,0.7467292810307318,1024,2048,metric,,,,
trillionlabs/Tri-0.5B-Base,23,0.9583333333333334,last_token,remove_random,3,ja,ko,r1,0.48828125,1024,2048,metric,,,,
trillionlabs/Tri-0.5B-Base,23,0.9583333333333334,last_token,remove_random,3,ja,ko,mrr,0.6006774753482355,1024,2048,metric,,,,
trillionlabs/Tri-0.5B-Base,23,0.9583333333333334,last_token,remove_random,3,ja,zh,r1,0.724609375,1024,2048,metric,,,,
trillionlabs/Tri-0.5B-Base,23,0.9583333333333334,last_token,remove_random,3,ja,zh,mrr,0.7939183888824444,1024,2048,metric,,,,
trillionlabs/Tri-0.5B-Base,23,0.9583333333333334,last_token,remove_random,3,zh,en,r1,0.626953125,1024,2048,metric,,,,
trillionlabs/Tri-0.5B-Base,23,0.9583333333333334,last_token,remove_random,3,zh,en,mrr,0.7728388751030338,1024,2048,metric,,,,
trillionlabs/Tri-0.5B-Base,23,0.9583333333333334,last_token,remove_random,3,zh,ko,r1,0.365234375,1024,2048,metric,,,,
trillionlabs/Tri-0.5B-Base,23,0.9583333333333334,last_token,remove_random,3,zh,ko,mrr,0.5019854059404086,1024,2048,metric,,,,
trillionlabs/Tri-0.5B-Base,23,0.9583333333333334,last_token,remove_random,3,zh,ja,r1,0.541015625,1024,2048,metric,,,,
trillionlabs/Tri-0.5B-Base,23,0.9583333333333334,last_token,remove_random,3,zh,ja,mrr,0.6261670657365265,1024,2048,metric,,,,
trillionlabs/Tri-0.5B-Base,24,1.0,last_token,remove_random,3,en,ko,r1,0.0390625,1024,2048,metric,,,,
trillionlabs/Tri-0.5B-Base,24,1.0,last_token,remove_random,3,en,ko,mrr,0.08403136486474896,1024,2048,metric,,,,
trillionlabs/Tri-0.5B-Base,24,1.0,last_token,remove_random,3,en,ja,r1,0.064453125,1024,2048,metric,,,,
trillionlabs/Tri-0.5B-Base,24,1.0,last_token,remove_random,3,en,ja,mrr,0.14021968299675858,1024,2048,metric,,,,
trillionlabs/Tri-0.5B-Base,24,1.0,last_token,remove_random,3,en,zh,r1,0.01171875,1024,2048,metric,,,,
trillionlabs/Tri-0.5B-Base,24,1.0,last_token,remove_random,3,en,zh,mrr,0.07032497028887003,1024,2048,metric,,,,
trillionlabs/Tri-0.5B-Base,24,1.0,last_token,remove_random,3,ko,en,r1,0.61328125,1024,2048,metric,,,,
trillionlabs/Tri-0.5B-Base,24,1.0,last_token,remove_random,3,ko,en,mrr,0.7234037658181238,1024,2048,metric,,,,
trillionlabs/Tri-0.5B-Base,24,1.0,last_token,remove_random,3,ko,ja,r1,0.341796875,1024,2048,metric,,,,
trillionlabs/Tri-0.5B-Base,24,1.0,last_token,remove_random,3,ko,ja,mrr,0.458176096800389,1024,2048,metric,,,,
trillionlabs/Tri-0.5B-Base,24,1.0,last_token,remove_random,3,ko,zh,r1,0.251953125,1024,2048,metric,,,,
trillionlabs/Tri-0.5B-Base,24,1.0,last_token,remove_random,3,ko,zh,mrr,0.3576326580463435,1024,2048,metric,,,,
trillionlabs/Tri-0.5B-Base,24,1.0,last_token,remove_random,3,ja,en,r1,0.326171875,1024,2048,metric,,,,
trillionlabs/Tri-0.5B-Base,24,1.0,last_token,remove_random,3,ja,en,mrr,0.47732060194144704,1024,2048,metric,,,,
trillionlabs/Tri-0.5B-Base,24,1.0,last_token,remove_random,3,ja,ko,r1,0.087890625,1024,2048,metric,,,,
trillionlabs/Tri-0.5B-Base,24,1.0,last_token,remove_random,3,ja,ko,mrr,0.16130716339539086,1024,2048,metric,,,,
trillionlabs/Tri-0.5B-Base,24,1.0,last_token,remove_random,3,ja,zh,r1,0.533203125,1024,2048,metric,,,,
trillionlabs/Tri-0.5B-Base,24,1.0,last_token,remove_random,3,ja,zh,mrr,0.6546929407017721,1024,2048,metric,,,,
trillionlabs/Tri-0.5B-Base,24,1.0,last_token,remove_random,3,zh,en,r1,0.287109375,1024,2048,metric,,,,
trillionlabs/Tri-0.5B-Base,24,1.0,last_token,remove_random,3,zh,en,mrr,0.4944972874116518,1024,2048,metric,,,,
trillionlabs/Tri-0.5B-Base,24,1.0,last_token,remove_random,3,zh,ko,r1,0.220703125,1024,2048,metric,,,,
trillionlabs/Tri-0.5B-Base,24,1.0,last_token,remove_random,3,zh,ko,mrr,0.3389784278415996,1024,2048,metric,,,,
trillionlabs/Tri-0.5B-Base,24,1.0,last_token,remove_random,3,zh,ja,r1,0.013671875,1024,2048,metric,,,,
trillionlabs/Tri-0.5B-Base,24,1.0,last_token,remove_random,3,zh,ja,mrr,0.1304766956018376,1024,2048,metric,,,,
trillionlabs/Tri-0.5B-Base,22,0.9166666666666666,mean,remove_random,3,en,ko,r1,0.33984375,1024,2048,metric,,,,
trillionlabs/Tri-0.5B-Base,22,0.9166666666666666,mean,remove_random,3,en,ko,mrr,0.45577563640414037,1024,2048,metric,,,,
trillionlabs/Tri-0.5B-Base,22,0.9166666666666666,mean,remove_random,3,en,ja,r1,0.279296875,1024,2048,metric,,,,
trillionlabs/Tri-0.5B-Base,22,0.9166666666666666,mean,remove_random,3,en,ja,mrr,0.40712854760041184,1024,2048,metric,,,,
trillionlabs/Tri-0.5B-Base,22,0.9166666666666666,mean,remove_random,3,en,zh,r1,0.322265625,1024,2048,metric,,,,
trillionlabs/Tri-0.5B-Base,22,0.9166666666666666,mean,remove_random,3,en,zh,mrr,0.42552076736333955,1024,2048,metric,,,,
trillionlabs/Tri-0.5B-Base,22,0.9166666666666666,mean,remove_random,3,ko,en,r1,0.154296875,1024,2048,metric,,,,
trillionlabs/Tri-0.5B-Base,22,0.9166666666666666,mean,remove_random,3,ko,en,mrr,0.1849499829354671,1024,2048,metric,,,,
trillionlabs/Tri-0.5B-Base,22,0.9166666666666666,mean,remove_random,3,ko,ja,r1,0.171875,1024,2048,metric,,,,
trillionlabs/Tri-0.5B-Base,22,0.9166666666666666,mean,remove_random,3,ko,ja,mrr,0.2264767062600238,1024,2048,metric,,,,
trillionlabs/Tri-0.5B-Base,22,0.9166666666666666,mean,remove_random,3,ko,zh,r1,0.068359375,1024,2048,metric,,,,
trillionlabs/Tri-0.5B-Base,22,0.9166666666666666,mean,remove_random,3,ko,zh,mrr,0.11204513383006333,1024,2048,metric,,,,
trillionlabs/Tri-0.5B-Base,22,0.9166666666666666,mean,remove_random,3,ja,en,r1,0.173828125,1024,2048,metric,,,,
trillionlabs/Tri-0.5B-Base,22,0.9166666666666666,mean,remove_random,3,ja,en,mrr,0.20530246449594075,1024,2048,metric,,,,
trillionlabs/Tri-0.5B-Base,22,0.9166666666666666,mean,remove_random,3,ja,ko,r1,0.462890625,1024,2048,metric,,,,
trillionlabs/Tri-0.5B-Base,22,0.9166666666666666,mean,remove_random,3,ja,ko,mrr,0.5584885769508201,1024,2048,metric,,,,
trillionlabs/Tri-0.5B-Base,22,0.9166666666666666,mean,remove_random,3,ja,zh,r1,0.578125,1024,2048,metric,,,,
trillionlabs/Tri-0.5B-Base,22,0.9166666666666666,mean,remove_random,3,ja,zh,mrr,0.6130788829473963,1024,2048,metric,,,,
trillionlabs/Tri-0.5B-Base,22,0.9166666666666666,mean,remove_random,3,zh,en,r1,0.265625,1024,2048,metric,,,,
trillionlabs/Tri-0.5B-Base,22,0.9166666666666666,mean,remove_random,3,zh,en,mrr,0.3089327552075817,1024,2048,metric,,,,
trillionlabs/Tri-0.5B-Base,22,0.9166666666666666,mean,remove_random,3,zh,ko,r1,0.33984375,1024,2048,metric,,,,
trillionlabs/Tri-0.5B-Base,22,0.9166666666666666,mean,remove_random,3,zh,ko,mrr,0.4775822592233808,1024,2048,metric,,,,
trillionlabs/Tri-0.5B-Base,22,0.9166666666666666,mean,remove_random,3,zh,ja,r1,0.6484375,1024,2048,metric,,,,
trillionlabs/Tri-0.5B-Base,22,0.9166666666666666,mean,remove_random,3,zh,ja,mrr,0.7044373514685454,1024,2048,metric,,,,
trillionlabs/Tri-0.5B-Base,23,0.9583333333333334,mean,remove_random,3,en,ko,r1,0.087890625,1024,2048,metric,,,,
trillionlabs/Tri-0.5B-Base,23,0.9583333333333334,mean,remove_random,3,en,ko,mrr,0.18314401517124043,1024,2048,metric,,,,
trillionlabs/Tri-0.5B-Base,23,0.9583333333333334,mean,remove_random,3,en,ja,r1,0.03515625,1024,2048,metric,,,,
trillionlabs/Tri-0.5B-Base,23,0.9583333333333334,mean,remove_random,3,en,ja,mrr,0.15366597877736465,1024,2048,metric,,,,
trillionlabs/Tri-0.5B-Base,23,0.9583333333333334,mean,remove_random,3,en,zh,r1,0.044921875,1024,2048,metric,,,,
trillionlabs/Tri-0.5B-Base,23,0.9583333333333334,mean,remove_random,3,en,zh,mrr,0.11610759089295815,1024,2048,metric,,,,
trillionlabs/Tri-0.5B-Base,23,0.9583333333333334,mean,remove_random,3,ko,en,r1,0.0390625,1024,2048,metric,,,,
trillionlabs/Tri-0.5B-Base,23,0.9583333333333334,mean,remove_random,3,ko,en,mrr,0.062312428157924975,1024,2048,metric,,,,
trillionlabs/Tri-0.5B-Base,23,0.9583333333333334,mean,remove_random,3,ko,ja,r1,0.041015625,1024,2048,metric,,,,
trillionlabs/Tri-0.5B-Base,23,0.9583333333333334,mean,remove_random,3,ko,ja,mrr,0.07688905762375586,1024,2048,metric,,,,
trillionlabs/Tri-0.5B-Base,23,0.9583333333333334,mean,remove_random,3,ko,zh,r1,0.013671875,1024,2048,metric,,,,
trillionlabs/Tri-0.5B-Base,23,0.9583333333333334,mean,remove_random,3,ko,zh,mrr,0.042310117499989225,1024,2048,metric,,,,
trillionlabs/Tri-0.5B-Base,23,0.9583333333333334,mean,remove_random,3,ja,en,r1,0.0234375,1024,2048,metric,,,,
trillionlabs/Tri-0.5B-Base,23,0.9583333333333334,mean,remove_random,3,ja,en,mrr,0.04542966721659337,1024,2048,metric,,,,
trillionlabs/Tri-0.5B-Base,23,0.9583333333333334,mean,remove_random,3,ja,ko,r1,0.111328125,1024,2048,metric,,,,
trillionlabs/Tri-0.5B-Base,23,0.9583333333333334,mean,remove_random,3,ja,ko,mrr,0.1759013593286705,1024,2048,metric,,,,
trillionlabs/Tri-0.5B-Base,23,0.9583333333333334,mean,remove_random,3,ja,zh,r1,0.556640625,1024,2048,metric,,,,
trillionlabs/Tri-0.5B-Base,23,0.9583333333333334,mean,remove_random,3,ja,zh,mrr,0.5972683043600344,1024,2048,metric,,,,
trillionlabs/Tri-0.5B-Base,23,0.9583333333333334,mean,remove_random,3,zh,en,r1,0.07421875,1024,2048,metric,,,,
trillionlabs/Tri-0.5B-Base,23,0.9583333333333334,mean,remove_random,3,zh,en,mrr,0.09761433074953024,1024,2048,metric,,,,
trillionlabs/Tri-0.5B-Base,23,0.9583333333333334,mean,remove_random,3,zh,ko,r1,0.0703125,1024,2048,metric,,,,
trillionlabs/Tri-0.5B-Base,23,0.9583333333333334,mean,remove_random,3,zh,ko,mrr,0.14658175491635006,1024,2048,metric,,,,
trillionlabs/Tri-0.5B-Base,23,0.9583333333333334,mean,remove_random,3,zh,ja,r1,0.62890625,1024,2048,metric,,,,
trillionlabs/Tri-0.5B-Base,23,0.9583333333333334,mean,remove_random,3,zh,ja,mrr,0.6912852913703065,1024,2048,metric,,,,
trillionlabs/Tri-0.5B-Base,24,1.0,mean,remove_random,3,en,ko,r1,0.025390625,1024,2048,metric,,,,
trillionlabs/Tri-0.5B-Base,24,1.0,mean,remove_random,3,en,ko,mrr,0.14920761500121046,1024,2048,metric,,,,
trillionlabs/Tri-0.5B-Base,24,1.0,mean,remove_random,3,en,ja,r1,0.01171875,1024,2048,metric,,,,
trillionlabs/Tri-0.5B-Base,24,1.0,mean,remove_random,3,en,ja,mrr,0.15203428519732565,1024,2048,metric,,,,
trillionlabs/Tri-0.5B-Base,24,1.0,mean,remove_random,3,en,zh,r1,0.01171875,1024,2048,metric,,,,
trillionlabs/Tri-0.5B-Base,24,1.0,mean,remove_random,3,en,zh,mrr,0.08888788414719823,1024,2048,metric,,,,
trillionlabs/Tri-0.5B-Base,24,1.0,mean,remove_random,3,ko,en,r1,0.4921875,1024,2048,metric,,,,
trillionlabs/Tri-0.5B-Base,24,1.0,mean,remove_random,3,ko,en,mrr,0.6280401456194793,1024,2048,metric,,,,
trillionlabs/Tri-0.5B-Base,24,1.0,mean,remove_random,3,ko,ja,r1,0.099609375,1024,2048,metric,,,,
trillionlabs/Tri-0.5B-Base,24,1.0,mean,remove_random,3,ko,ja,mrr,0.28710424246864025,1024,2048,metric,,,,
trillionlabs/Tri-0.5B-Base,24,1.0,mean,remove_random,3,ko,zh,r1,0.056640625,1024,2048,metric,,,,
trillionlabs/Tri-0.5B-Base,24,1.0,mean,remove_random,3,ko,zh,mrr,0.17670058863217408,1024,2048,metric,,,,
trillionlabs/Tri-0.5B-Base,24,1.0,mean,remove_random,3,ja,en,r1,0.34375,1024,2048,metric,,,,
trillionlabs/Tri-0.5B-Base,24,1.0,mean,remove_random,3,ja,en,mrr,0.4649328040403357,1024,2048,metric,,,,
trillionlabs/Tri-0.5B-Base,24,1.0,mean,remove_random,3,ja,ko,r1,0.02734375,1024,2048,metric,,,,
trillionlabs/Tri-0.5B-Base,24,1.0,mean,remove_random,3,ja,ko,mrr,0.14793164792792257,1024,2048,metric,,,,
trillionlabs/Tri-0.5B-Base,24,1.0,mean,remove_random,3,ja,zh,r1,0.138671875,1024,2048,metric,,,,
trillionlabs/Tri-0.5B-Base,24,1.0,mean,remove_random,3,ja,zh,mrr,0.2810763997768734,1024,2048,metric,,,,
trillionlabs/Tri-0.5B-Base,24,1.0,mean,remove_random,3,zh,en,r1,0.22265625,1024,2048,metric,,,,
trillionlabs/Tri-0.5B-Base,24,1.0,mean,remove_random,3,zh,en,mrr,0.3658611406849215,1024,2048,metric,,,,
trillionlabs/Tri-0.5B-Base,24,1.0,mean,remove_random,3,zh,ko,r1,0.1171875,1024,2048,metric,,,,
trillionlabs/Tri-0.5B-Base,24,1.0,mean,remove_random,3,zh,ko,mrr,0.20048727589090382,1024,2048,metric,,,,
trillionlabs/Tri-0.5B-Base,24,1.0,mean,remove_random,3,zh,ja,r1,0.03125,1024,2048,metric,,,,
trillionlabs/Tri-0.5B-Base,24,1.0,mean,remove_random,3,zh,ja,mrr,0.12662587904683045,1024,2048,metric,,,,
trillionlabs/Tri-0.5B-Base,22,0.9166666666666666,last_token,remove_random,4,en,ko,r1,0.671875,1024,2048,metric,,,,
trillionlabs/Tri-0.5B-Base,22,0.9166666666666666,last_token,remove_random,4,en,ko,mrr,0.7582817177413232,1024,2048,metric,,,,
trillionlabs/Tri-0.5B-Base,22,0.9166666666666666,last_token,remove_random,4,en,ja,r1,0.5703125,1024,2048,metric,,,,
trillionlabs/Tri-0.5B-Base,22,0.9166666666666666,last_token,remove_random,4,en,ja,mrr,0.660161889721832,1024,2048,metric,,,,
trillionlabs/Tri-0.5B-Base,22,0.9166666666666666,last_token,remove_random,4,en,zh,r1,0.626953125,1024,2048,metric,,,,
trillionlabs/Tri-0.5B-Base,22,0.9166666666666666,last_token,remove_random,4,en,zh,mrr,0.7262567317702547,1024,2048,metric,,,,
trillionlabs/Tri-0.5B-Base,22,0.9166666666666666,last_token,remove_random,4,ko,en,r1,0.779296875,1024,2048,metric,,,,
trillionlabs/Tri-0.5B-Base,22,0.9166666666666666,last_token,remove_random,4,ko,en,mrr,0.8379591859664571,1024,2048,metric,,,,
trillionlabs/Tri-0.5B-Base,22,0.9166666666666666,last_token,remove_random,4,ko,ja,r1,0.580078125,1024,2048,metric,,,,
trillionlabs/Tri-0.5B-Base,22,0.9166666666666666,last_token,remove_random,4,ko,ja,mrr,0.6527326078804638,1024,2048,metric,,,,
trillionlabs/Tri-0.5B-Base,22,0.9166666666666666,last_token,remove_random,4,ko,zh,r1,0.583984375,1024,2048,metric,,,,
trillionlabs/Tri-0.5B-Base,22,0.9166666666666666,last_token,remove_random,4,ko,zh,mrr,0.6902965178788129,1024,2048,metric,,,,
trillionlabs/Tri-0.5B-Base,22,0.9166666666666666,last_token,remove_random,4,ja,en,r1,0.701171875,1024,2048,metric,,,,
trillionlabs/Tri-0.5B-Base,22,0.9166666666666666,last_token,remove_random,4,ja,en,mrr,0.7907188603990298,1024,2048,metric,,,,
trillionlabs/Tri-0.5B-Base,22,0.9166666666666666,last_token,remove_random,4,ja,ko,r1,0.650390625,1024,2048,metric,,,,
trillionlabs/Tri-0.5B-Base,22,0.9166666666666666,last_token,remove_random,4,ja,ko,mrr,0.7311592548217352,1024,2048,metric,,,,
trillionlabs/Tri-0.5B-Base,22,0.9166666666666666,last_token,remove_random,4,ja,zh,r1,0.7265625,1024,2048,metric,,,,
trillionlabs/Tri-0.5B-Base,22,0.9166666666666666,last_token,remove_random,4,ja,zh,mrr,0.8061109041805719,1024,2048,metric,,,,
trillionlabs/Tri-0.5B-Base,22,0.9166666666666666,last_token,remove_random,4,zh,en,r1,0.76171875,1024,2048,metric,,,,
trillionlabs/Tri-0.5B-Base,22,0.9166666666666666,last_token,remove_random,4,zh,en,mrr,0.8362554715141767,1024,2048,metric,,,,
trillionlabs/Tri-0.5B-Base,22,0.9166666666666666,last_token,remove_random,4,zh,ko,r1,0.576171875,1024,2048,metric,,,,
trillionlabs/Tri-0.5B-Base,22,0.9166666666666666,last_token,remove_random,4,zh,ko,mrr,0.6802076154327419,1024,2048,metric,,,,
trillionlabs/Tri-0.5B-Base,22,0.9166666666666666,last_token,remove_random,4,zh,ja,r1,0.521484375,1024,2048,metric,,,,
trillionlabs/Tri-0.5B-Base,22,0.9166666666666666,last_token,remove_random,4,zh,ja,mrr,0.6027164239281108,1024,2048,metric,,,,
trillionlabs/Tri-0.5B-Base,23,0.9583333333333334,last_token,remove_random,4,en,ko,r1,0.3828125,1024,2048,metric,,,,
trillionlabs/Tri-0.5B-Base,23,0.9583333333333334,last_token,remove_random,4,en,ko,mrr,0.4806581168781169,1024,2048,metric,,,,
trillionlabs/Tri-0.5B-Base,23,0.9583333333333334,last_token,remove_random,4,en,ja,r1,0.220703125,1024,2048,metric,,,,
trillionlabs/Tri-0.5B-Base,23,0.9583333333333334,last_token,remove_random,4,en,ja,mrr,0.35239034160281,1024,2048,metric,,,,
trillionlabs/Tri-0.5B-Base,23,0.9583333333333334,last_token,remove_random,4,en,zh,r1,0.150390625,1024,2048,metric,,,,
trillionlabs/Tri-0.5B-Base,23,0.9583333333333334,last_token,remove_random,4,en,zh,mrr,0.27916629618768884,1024,2048,metric,,,,
trillionlabs/Tri-0.5B-Base,23,0.9583333333333334,last_token,remove_random,4,ko,en,r1,0.802734375,1024,2048,metric,,,,
trillionlabs/Tri-0.5B-Base,23,0.9583333333333334,last_token,remove_random,4,ko,en,mrr,0.855000779816277,1024,2048,metric,,,,
trillionlabs/Tri-0.5B-Base,23,0.9583333333333334,last_token,remove_random,4,ko,ja,r1,0.48828125,1024,2048,metric,,,,
trillionlabs/Tri-0.5B-Base,23,0.9583333333333334,last_token,remove_random,4,ko,ja,mrr,0.5819005818413432,1024,2048,metric,,,,
trillionlabs/Tri-0.5B-Base,23,0.9583333333333334,last_token,remove_random,4,ko,zh,r1,0.203125,1024,2048,metric,,,,
trillionlabs/Tri-0.5B-Base,23,0.9583333333333334,last_token,remove_random,4,ko,zh,mrr,0.3235583034258255,1024,2048,metric,,,,
trillionlabs/Tri-0.5B-Base,23,0.9583333333333334,last_token,remove_random,4,ja,en,r1,0.623046875,1024,2048,metric,,,,
trillionlabs/Tri-0.5B-Base,23,0.9583333333333334,last_token,remove_random,4,ja,en,mrr,0.7474905659020394,1024,2048,metric,,,,
trillionlabs/Tri-0.5B-Base,23,0.9583333333333334,last_token,remove_random,4,ja,ko,r1,0.484375,1024,2048,metric,,,,
trillionlabs/Tri-0.5B-Base,23,0.9583333333333334,last_token,remove_random,4,ja,ko,mrr,0.5943957880800683,1024,2048,metric,,,,
trillionlabs/Tri-0.5B-Base,23,0.9583333333333334,last_token,remove_random,4,ja,zh,r1,0.720703125,1024,2048,metric,,,,
trillionlabs/Tri-0.5B-Base,23,0.9583333333333334,last_token,remove_random,4,ja,zh,mrr,0.7915714331495332,1024,2048,metric,,,,
trillionlabs/Tri-0.5B-Base,23,0.9583333333333334,last_token,remove_random,4,zh,en,r1,0.640625,1024,2048,metric,,,,
trillionlabs/Tri-0.5B-Base,23,0.9583333333333334,last_token,remove_random,4,zh,en,mrr,0.7791228045310733,1024,2048,metric,,,,
trillionlabs/Tri-0.5B-Base,23,0.9583333333333334,last_token,remove_random,4,zh,ko,r1,0.357421875,1024,2048,metric,,,,
trillionlabs/Tri-0.5B-Base,23,0.9583333333333334,last_token,remove_random,4,zh,ko,mrr,0.4942929643027236,1024,2048,metric,,,,
trillionlabs/Tri-0.5B-Base,23,0.9583333333333334,last_token,remove_random,4,zh,ja,r1,0.53515625,1024,2048,metric,,,,
trillionlabs/Tri-0.5B-Base,23,0.9583333333333334,last_token,remove_random,4,zh,ja,mrr,0.6221582849822763,1024,2048,metric,,,,
trillionlabs/Tri-0.5B-Base,24,1.0,last_token,remove_random,4,en,ko,r1,0.037109375,1024,2048,metric,,,,
trillionlabs/Tri-0.5B-Base,24,1.0,last_token,remove_random,4,en,ko,mrr,0.0817552880585577,1024,2048,metric,,,,
trillionlabs/Tri-0.5B-Base,24,1.0,last_token,remove_random,4,en,ja,r1,0.060546875,1024,2048,metric,,,,
trillionlabs/Tri-0.5B-Base,24,1.0,last_token,remove_random,4,en,ja,mrr,0.13157329099577383,1024,2048,metric,,,,
trillionlabs/Tri-0.5B-Base,24,1.0,last_token,remove_random,4,en,zh,r1,0.01171875,1024,2048,metric,,,,
trillionlabs/Tri-0.5B-Base,24,1.0,last_token,remove_random,4,en,zh,mrr,0.06748466985405503,1024,2048,metric,,,,
trillionlabs/Tri-0.5B-Base,24,1.0,last_token,remove_random,4,ko,en,r1,0.611328125,1024,2048,metric,,,,
trillionlabs/Tri-0.5B-Base,24,1.0,last_token,remove_random,4,ko,en,mrr,0.7236736541256888,1024,2048,metric,,,,
trillionlabs/Tri-0.5B-Base,24,1.0,last_token,remove_random,4,ko,ja,r1,0.34375,1024,2048,metric,,,,
trillionlabs/Tri-0.5B-Base,24,1.0,last_token,remove_random,4,ko,ja,mrr,0.45701417455732163,1024,2048,metric,,,,
trillionlabs/Tri-0.5B-Base,24,1.0,last_token,remove_random,4,ko,zh,r1,0.23828125,1024,2048,metric,,,,
trillionlabs/Tri-0.5B-Base,24,1.0,last_token,remove_random,4,ko,zh,mrr,0.3437885961211763,1024,2048,metric,,,,
trillionlabs/Tri-0.5B-Base,24,1.0,last_token,remove_random,4,ja,en,r1,0.333984375,1024,2048,metric,,,,
trillionlabs/Tri-0.5B-Base,24,1.0,last_token,remove_random,4,ja,en,mrr,0.47764272037013494,1024,2048,metric,,,,
trillionlabs/Tri-0.5B-Base,24,1.0,last_token,remove_random,4,ja,ko,r1,0.091796875,1024,2048,metric,,,,
trillionlabs/Tri-0.5B-Base,24,1.0,last_token,remove_random,4,ja,ko,mrr,0.1643987895404084,1024,2048,metric,,,,
trillionlabs/Tri-0.5B-Base,24,1.0,last_token,remove_random,4,ja,zh,r1,0.52734375,1024,2048,metric,,,,
trillionlabs/Tri-0.5B-Base,24,1.0,last_token,remove_random,4,ja,zh,mrr,0.6567662495978119,1024,2048,metric,,,,
trillionlabs/Tri-0.5B-Base,24,1.0,last_token,remove_random,4,zh,en,r1,0.3046875,1024,2048,metric,,,,
trillionlabs/Tri-0.5B-Base,24,1.0,last_token,remove_random,4,zh,en,mrr,0.5015713676109276,1024,2048,metric,,,,
trillionlabs/Tri-0.5B-Base,24,1.0,last_token,remove_random,4,zh,ko,r1,0.232421875,1024,2048,metric,,,,
trillionlabs/Tri-0.5B-Base,24,1.0,last_token,remove_random,4,zh,ko,mrr,0.34318992829015355,1024,2048,metric,,,,
trillionlabs/Tri-0.5B-Base,24,1.0,last_token,remove_random,4,zh,ja,r1,0.009765625,1024,2048,metric,,,,
trillionlabs/Tri-0.5B-Base,24,1.0,last_token,remove_random,4,zh,ja,mrr,0.12577473205579692,1024,2048,metric,,,,
trillionlabs/Tri-0.5B-Base,22,0.9166666666666666,mean,remove_random,4,en,ko,r1,0.33984375,1024,2048,metric,,,,
trillionlabs/Tri-0.5B-Base,22,0.9166666666666666,mean,remove_random,4,en,ko,mrr,0.45577563640414037,1024,2048,metric,,,,
trillionlabs/Tri-0.5B-Base,22,0.9166666666666666,mean,remove_random,4,en,ja,r1,0.279296875,1024,2048,metric,,,,
trillionlabs/Tri-0.5B-Base,22,0.9166666666666666,mean,remove_random,4,en,ja,mrr,0.40712854760041184,1024,2048,metric,,,,
trillionlabs/Tri-0.5B-Base,22,0.9166666666666666,mean,remove_random,4,en,zh,r1,0.322265625,1024,2048,metric,,,,
trillionlabs/Tri-0.5B-Base,22,0.9166666666666666,mean,remove_random,4,en,zh,mrr,0.42552076736333955,1024,2048,metric,,,,
trillionlabs/Tri-0.5B-Base,22,0.9166666666666666,mean,remove_random,4,ko,en,r1,0.154296875,1024,2048,metric,,,,
trillionlabs/Tri-0.5B-Base,22,0.9166666666666666,mean,remove_random,4,ko,en,mrr,0.1849499829354671,1024,2048,metric,,,,
trillionlabs/Tri-0.5B-Base,22,0.9166666666666666,mean,remove_random,4,ko,ja,r1,0.171875,1024,2048,metric,,,,
trillionlabs/Tri-0.5B-Base,22,0.9166666666666666,mean,remove_random,4,ko,ja,mrr,0.2264767062600238,1024,2048,metric,,,,
trillionlabs/Tri-0.5B-Base,22,0.9166666666666666,mean,remove_random,4,ko,zh,r1,0.068359375,1024,2048,metric,,,,
trillionlabs/Tri-0.5B-Base,22,0.9166666666666666,mean,remove_random,4,ko,zh,mrr,0.11204513383006333,1024,2048,metric,,,,
trillionlabs/Tri-0.5B-Base,22,0.9166666666666666,mean,remove_random,4,ja,en,r1,0.173828125,1024,2048,metric,,,,
trillionlabs/Tri-0.5B-Base,22,0.9166666666666666,mean,remove_random,4,ja,en,mrr,0.20530246449594075,1024,2048,metric,,,,
trillionlabs/Tri-0.5B-Base,22,0.9166666666666666,mean,remove_random,4,ja,ko,r1,0.462890625,1024,2048,metric,,,,
trillionlabs/Tri-0.5B-Base,22,0.9166666666666666,mean,remove_random,4,ja,ko,mrr,0.5584885769508201,1024,2048,metric,,,,
trillionlabs/Tri-0.5B-Base,22,0.9166666666666666,mean,remove_random,4,ja,zh,r1,0.578125,1024,2048,metric,,,,
trillionlabs/Tri-0.5B-Base,22,0.9166666666666666,mean,remove_random,4,ja,zh,mrr,0.6130788829473963,1024,2048,metric,,,,
trillionlabs/Tri-0.5B-Base,22,0.9166666666666666,mean,remove_random,4,zh,en,r1,0.265625,1024,2048,metric,,,,
trillionlabs/Tri-0.5B-Base,22,0.9166666666666666,mean,remove_random,4,zh,en,mrr,0.3089327552075817,1024,2048,metric,,,,
trillionlabs/Tri-0.5B-Base,22,0.9166666666666666,mean,remove_random,4,zh,ko,r1,0.33984375,1024,2048,metric,,,,
trillionlabs/Tri-0.5B-Base,22,0.9166666666666666,mean,remove_random,4,zh,ko,mrr,0.4775822592233808,1024,2048,metric,,,,
trillionlabs/Tri-0.5B-Base,22,0.9166666666666666,mean,remove_random,4,zh,ja,r1,0.6484375,1024,2048,metric,,,,
trillionlabs/Tri-0.5B-Base,22,0.9166666666666666,mean,remove_random,4,zh,ja,mrr,0.7044373514685454,1024,2048,metric,,,,
trillionlabs/Tri-0.5B-Base,23,0.9583333333333334,mean,remove_random,4,en,ko,r1,0.083984375,1024,2048,metric,,,,
trillionlabs/Tri-0.5B-Base,23,0.9583333333333334,mean,remove_random,4,en,ko,mrr,0.1802360319758709,1024,2048,metric,,,,
trillionlabs/Tri-0.5B-Base,23,0.9583333333333334,mean,remove_random,4,en,ja,r1,0.037109375,1024,2048,metric,,,,
trillionlabs/Tri-0.5B-Base,23,0.9583333333333334,mean,remove_random,4,en,ja,mrr,0.15579248597589423,1024,2048,metric,,,,
trillionlabs/Tri-0.5B-Base,23,0.9583333333333334,mean,remove_random,4,en,zh,r1,0.044921875,1024,2048,metric,,,,
trillionlabs/Tri-0.5B-Base,23,0.9583333333333334,mean,remove_random,4,en,zh,mrr,0.11442199686470353,1024,2048,metric,,,,
trillionlabs/Tri-0.5B-Base,23,0.9583333333333334,mean,remove_random,4,ko,en,r1,0.0390625,1024,2048,metric,,,,
trillionlabs/Tri-0.5B-Base,23,0.9583333333333334,mean,remove_random,4,ko,en,mrr,0.06181810613967825,1024,2048,metric,,,,
trillionlabs/Tri-0.5B-Base,23,0.9583333333333334,mean,remove_random,4,ko,ja,r1,0.041015625,1024,2048,metric,,,,
trillionlabs/Tri-0.5B-Base,23,0.9583333333333334,mean,remove_random,4,ko,ja,mrr,0.08095841858463318,1024,2048,metric,,,,
trillionlabs/Tri-0.5B-Base,23,0.9583333333333334,mean,remove_random,4,ko,zh,r1,0.013671875,1024,2048,metric,,,,
trillionlabs/Tri-0.5B-Base,23,0.9583333333333334,mean,remove_random,4,ko,zh,mrr,0.04167465851483682,1024,2048,metric,,,,
trillionlabs/Tri-0.5B-Base,23,0.9583333333333334,mean,remove_random,4,ja,en,r1,0.021484375,1024,2048,metric,,,,
trillionlabs/Tri-0.5B-Base,23,0.9583333333333334,mean,remove_random,4,ja,en,mrr,0.044321273422557206,1024,2048,metric,,,,
trillionlabs/Tri-0.5B-Base,23,0.9583333333333334,mean,remove_random,4,ja,ko,r1,0.1171875,1024,2048,metric,,,,
trillionlabs/Tri-0.5B-Base,23,0.9583333333333334,mean,remove_random,4,ja,ko,mrr,0.18057047218238093,1024,2048,metric,,,,
trillionlabs/Tri-0.5B-Base,23,0.9583333333333334,mean,remove_random,4,ja,zh,r1,0.556640625,1024,2048,metric,,,,
trillionlabs/Tri-0.5B-Base,23,0.9583333333333334,mean,remove_random,4,ja,zh,mrr,0.5971499322524078,1024,2048,metric,,,,
trillionlabs/Tri-0.5B-Base,23,0.9583333333333334,mean,remove_random,4,zh,en,r1,0.072265625,1024,2048,metric,,,,
trillionlabs/Tri-0.5B-Base,23,0.9583333333333334,mean,remove_random,4,zh,en,mrr,0.0965098255703909,1024,2048,metric,,,,
trillionlabs/Tri-0.5B-Base,23,0.9583333333333334,mean,remove_random,4,zh,ko,r1,0.068359375,1024,2048,metric,,,,
trillionlabs/Tri-0.5B-Base,23,0.9583333333333334,mean,remove_random,4,zh,ko,mrr,0.14600634988829048,1024,2048,metric,,,,
trillionlabs/Tri-0.5B-Base,23,0.9583333333333334,mean,remove_random,4,zh,ja,r1,0.626953125,1024,2048,metric,,,,
trillionlabs/Tri-0.5B-Base,23,0.9583333333333334,mean,remove_random,4,zh,ja,mrr,0.690383136864948,1024,2048,metric,,,,
trillionlabs/Tri-0.5B-Base,24,1.0,mean,remove_random,4,en,ko,r1,0.0234375,1024,2048,metric,,,,
trillionlabs/Tri-0.5B-Base,24,1.0,mean,remove_random,4,en,ko,mrr,0.14461854968620003,1024,2048,metric,,,,
trillionlabs/Tri-0.5B-Base,24,1.0,mean,remove_random,4,en,ja,r1,0.01171875,1024,2048,metric,,,,
trillionlabs/Tri-0.5B-Base,24,1.0,mean,remove_random,4,en,ja,mrr,0.14533514748070597,1024,2048,metric,,,,
trillionlabs/Tri-0.5B-Base,24,1.0,mean,remove_random,4,en,zh,r1,0.01171875,1024,2048,metric,,,,
trillionlabs/Tri-0.5B-Base,24,1.0,mean,remove_random,4,en,zh,mrr,0.08674493761177778,1024,2048,metric,,,,
trillionlabs/Tri-0.5B-Base,24,1.0,mean,remove_random,4,ko,en,r1,0.48828125,1024,2048,metric,,,,
trillionlabs/Tri-0.5B-Base,24,1.0,mean,remove_random,4,ko,en,mrr,0.6276527595900161,1024,2048,metric,,,,
trillionlabs/Tri-0.5B-Base,24,1.0,mean,remove_random,4,ko,ja,r1,0.087890625,1024,2048,metric,,,,
trillionlabs/Tri-0.5B-Base,24,1.0,mean,remove_random,4,ko,ja,mrr,0.27875092496921994,1024,2048,metric,,,,
trillionlabs/Tri-0.5B-Base,24,1.0,mean,remove_random,4,ko,zh,r1,0.052734375,1024,2048,metric,,,,
trillionlabs/Tri-0.5B-Base,24,1.0,mean,remove_random,4,ko,zh,mrr,0.17100936394177996,1024,2048,metric,,,,
trillionlabs/Tri-0.5B-Base,24,1.0,mean,remove_random,4,ja,en,r1,0.349609375,1024,2048,metric,,,,
trillionlabs/Tri-0.5B-Base,24,1.0,mean,remove_random,4,ja,en,mrr,0.47765921056650984,1024,2048,metric,,,,
trillionlabs/Tri-0.5B-Base,24,1.0,mean,remove_random,4,ja,ko,r1,0.02734375,1024,2048,metric,,,,
trillionlabs/Tri-0.5B-Base,24,1.0,mean,remove_random,4,ja,ko,mrr,0.14678673622038158,1024,2048,metric,,,,
trillionlabs/Tri-0.5B-Base,24,1.0,mean,remove_random,4,ja,zh,r1,0.150390625,1024,2048,metric,,,,
trillionlabs/Tri-0.5B-Base,24,1.0,mean,remove_random,4,ja,zh,mrr,0.29345072186247056,1024,2048,metric,,,,
trillionlabs/Tri-0.5B-Base,24,1.0,mean,remove_random,4,zh,en,r1,0.22265625,1024,2048,metric,,,,
trillionlabs/Tri-0.5B-Base,24,1.0,mean,remove_random,4,zh,en,mrr,0.3683005121900714,1024,2048,metric,,,,
trillionlabs/Tri-0.5B-Base,24,1.0,mean,remove_random,4,zh,ko,r1,0.12109375,1024,2048,metric,,,,
trillionlabs/Tri-0.5B-Base,24,1.0,mean,remove_random,4,zh,ko,mrr,0.20230216468633866,1024,2048,metric,,,,
trillionlabs/Tri-0.5B-Base,24,1.0,mean,remove_random,4,zh,ja,r1,0.033203125,1024,2048,metric,,,,
trillionlabs/Tri-0.5B-Base,24,1.0,mean,remove_random,4,zh,ja,mrr,0.12281037758844765,1024,2048,metric,,,,
trillionlabs/Tri-0.5B-Base,24,1.0,last_token,remove_language,,,,delta_r1,-0.00537109375,0,2048,bootstrap_delta,remove_language-normal,-0.02034912109375,0.009281412760416663,1000
trillionlabs/Tri-0.5B-Base,24,1.0,last_token,remove_pca,,,,delta_r1,-0.062337239583333336,0,2048,bootstrap_delta,remove_pca-normal,-0.07536214192708333,-0.04914957682291667,1000
trillionlabs/Tri-0.5B-Base,24,1.0,last_token,remove_language,,,,delta_r1,0.056966145833333336,0,2048,bootstrap_delta,remove_language-remove_pca,0.04296468098958334,0.0703125,1000
trillionlabs/Tri-0.5B-Base,24,1.0,mean,remove_language,,,,delta_r1,0.24202473958333334,0,2048,bootstrap_delta,remove_language-normal,0.22623697916666666,0.25749104817708335,1000
trillionlabs/Tri-0.5B-Base,24,1.0,mean,remove_pca,,,,delta_r1,0.20345052083333334,0,2048,bootstrap_delta,remove_pca-normal,0.18960774739583333,0.21728922526041666,1000
trillionlabs/Tri-0.5B-Base,24,1.0,mean,remove_language,,,,delta_r1,0.03857421875,0,2048,bootstrap_delta,remove_language-remove_pca,0.0247314453125,0.05420328776041666,1000
