model,layer,normalized_depth,pooling,source_language,target_language,metric,n_train,n_eval,condition,status,value
Qwen/Qwen2.5-0.5B,0,0.0,last_token,en,ko,r1,256,512,raw,ok,0.00390625
Qwen/Qwen2.5-0.5B,0,0.0,last_token,en,ko,r1,256,512,aligned,ok,0.00390625
Qwen/Qwen2.5-0.5B,0,0.0,last_token,en,ko,r1,256,512,delta,ok,0.0
Qwen/Qwen2.5-0.5B,0,0.0,last_token,en,ko,r5,256,512,raw,ok,0.015625
Qwen/Qwen2.5-0.5B,0,0.0,last_token,en,ko,r5,256,512,aligned,ok,0.01953125
Qwen/Qwen2.5-0.5B,0,0.0,last_token,en,ko,r5,256,512,delta,ok,0.00390625
Qwen/Qwen2.5-0.5B,0,0.0,last_token,en,ko,r10,256,512,raw,ok,0.017578125
Qwen/Qwen2.5-0.5B,0,0.0,last_token,en,ko,r10,256,512,aligned,ok,0.0234375
Qwen/Qwen2.5-0.5B,0,0.0,last_token,en,ko,r10,256,512,delta,ok,0.005859375
Qwen/Qwen2.5-0.5B,0,0.0,last_token,en,ko,mrr,256,512,raw,ok,0.014996462888940385
Qwen/Qwen2.5-0.5B,0,0.0,last_token,en,ko,mrr,256,512,aligned,ok,0.016387436327677682
Qwen/Qwen2.5-0.5B,0,0.0,last_token,en,ko,mrr,256,512,delta,ok,0.0013909734387372967
Qwen/Qwen2.5-0.5B,0,0.0,last_token,ko,en,r1,256,512,raw,ok,0.00390625
Qwen/Qwen2.5-0.5B,0,0.0,last_token,ko,en,r1,256,512,aligned,ok,0.00390625
Qwen/Qwen2.5-0.5B,0,0.0,last_token,ko,en,r1,256,512,delta,ok,0.0
Qwen/Qwen2.5-0.5B,0,0.0,last_token,ko,en,r5,256,512,raw,ok,0.01171875
Qwen/Qwen2.5-0.5B,0,0.0,last_token,ko,en,r5,256,512,aligned,ok,0.01171875
Qwen/Qwen2.5-0.5B,0,0.0,last_token,ko,en,r5,256,512,delta,ok,0.0
Qwen/Qwen2.5-0.5B,0,0.0,last_token,ko,en,r10,256,512,raw,ok,0.025390625
Qwen/Qwen2.5-0.5B,0,0.0,last_token,ko,en,r10,256,512,aligned,ok,0.029296875
Qwen/Qwen2.5-0.5B,0,0.0,last_token,ko,en,r10,256,512,delta,ok,0.00390625
Qwen/Qwen2.5-0.5B,0,0.0,last_token,ko,en,mrr,256,512,raw,ok,0.013758199859964921
Qwen/Qwen2.5-0.5B,0,0.0,last_token,ko,en,mrr,256,512,aligned,ok,0.01857555490124917
Qwen/Qwen2.5-0.5B,0,0.0,last_token,ko,en,mrr,256,512,delta,ok,0.004817355041284249
Qwen/Qwen2.5-0.5B,0,0.0,last_token,en,ja,r1,256,512,raw,ok,0.0
Qwen/Qwen2.5-0.5B,0,0.0,last_token,en,ja,r1,256,512,aligned,ok,0.001953125
Qwen/Qwen2.5-0.5B,0,0.0,last_token,en,ja,r1,256,512,delta,ok,0.001953125
Qwen/Qwen2.5-0.5B,0,0.0,last_token,en,ja,r5,256,512,raw,ok,0.0078125
Qwen/Qwen2.5-0.5B,0,0.0,last_token,en,ja,r5,256,512,aligned,ok,0.009765625
Qwen/Qwen2.5-0.5B,0,0.0,last_token,en,ja,r5,256,512,delta,ok,0.001953125
Qwen/Qwen2.5-0.5B,0,0.0,last_token,en,ja,r10,256,512,raw,ok,0.0078125
Qwen/Qwen2.5-0.5B,0,0.0,last_token,en,ja,r10,256,512,aligned,ok,0.009765625
Qwen/Qwen2.5-0.5B,0,0.0,last_token,en,ja,r10,256,512,delta,ok,0.001953125
Qwen/Qwen2.5-0.5B,0,0.0,last_token,en,ja,mrr,256,512,raw,ok,0.011105388016606972
Qwen/Qwen2.5-0.5B,0,0.0,last_token,en,ja,mrr,256,512,aligned,ok,0.013092523034737945
Qwen/Qwen2.5-0.5B,0,0.0,last_token,en,ja,mrr,256,512,delta,ok,0.0019871350181309734
Qwen/Qwen2.5-0.5B,0,0.0,last_token,ja,en,r1,256,512,raw,ok,0.001953125
Qwen/Qwen2.5-0.5B,0,0.0,last_token,ja,en,r1,256,512,aligned,ok,0.0
Qwen/Qwen2.5-0.5B,0,0.0,last_token,ja,en,r1,256,512,delta,ok,-0.001953125
Qwen/Qwen2.5-0.5B,0,0.0,last_token,ja,en,r5,256,512,raw,ok,0.001953125
Qwen/Qwen2.5-0.5B,0,0.0,last_token,ja,en,r5,256,512,aligned,ok,0.0
Qwen/Qwen2.5-0.5B,0,0.0,last_token,ja,en,r5,256,512,delta,ok,-0.001953125
Qwen/Qwen2.5-0.5B,0,0.0,last_token,ja,en,r10,256,512,raw,ok,0.0078125
Qwen/Qwen2.5-0.5B,0,0.0,last_token,ja,en,r10,256,512,aligned,ok,0.0078125
Qwen/Qwen2.5-0.5B,0,0.0,last_token,ja,en,r10,256,512,delta,ok,0.0
Qwen/Qwen2.5-0.5B,0,0.0,last_token,ja,en,mrr,256,512,raw,ok,0.011748921423374475
Qwen/Qwen2.5-0.5B,0,0.0,last_token,ja,en,mrr,256,512,aligned,ok,0.0055257973562846995
Qwen/Qwen2.5-0.5B,0,0.0,last_token,ja,en,mrr,256,512,delta,ok,-0.006223124067089776
Qwen/Qwen2.5-0.5B,0,0.0,last_token,en,zh,r1,256,512,raw,ok,0.0078125
Qwen/Qwen2.5-0.5B,0,0.0,last_token,en,zh,r1,256,512,aligned,ok,0.00390625
Qwen/Qwen2.5-0.5B,0,0.0,last_token,en,zh,r1,256,512,delta,ok,-0.00390625
Qwen/Qwen2.5-0.5B,0,0.0,last_token,en,zh,r5,256,512,raw,ok,0.029296875
Qwen/Qwen2.5-0.5B,0,0.0,last_token,en,zh,r5,256,512,aligned,ok,0.0234375
Qwen/Qwen2.5-0.5B,0,0.0,last_token,en,zh,r5,256,512,delta,ok,-0.005859375
Qwen/Qwen2.5-0.5B,0,0.0,last_token,en,zh,r10,256,512,raw,ok,0.04296875
Qwen/Qwen2.5-0.5B,0,0.0,last_token,en,zh,r10,256,512,aligned,ok,0.0390625
Qwen/Qwen2.5-0.5B,0,0.0,last_token,en,zh,r10,256,512,delta,ok,-0.00390625
Qwen/Qwen2.5-0.5B,0,0.0,last_token,en,zh,mrr,256,512,raw,ok,0.024161923170655044
Qwen/Qwen2.5-0.5B,0,0.0,last_token,en,zh,mrr,256,512,aligned,ok,0.018550188451196062
Qwen/Qwen2.5-0.5B,0,0.0,last_token,en,zh,mrr,256,512,delta,ok,-0.005611734719458982
Qwen/Qwen2.5-0.5B,0,0.0,last_token,zh,en,r1,256,512,raw,ok,0.009765625
Qwen/Qwen2.5-0.5B,0,0.0,last_token,zh,en,r1,256,512,aligned,ok,0.00390625
Qwen/Qwen2.5-0.5B,0,0.0,last_token,zh,en,r1,256,512,delta,ok,-0.005859375
Qwen/Qwen2.5-0.5B,0,0.0,last_token,zh,en,r5,256,512,raw,ok,0.0234375
Qwen/Qwen2.5-0.5B,0,0.0,last_token,zh,en,r5,256,512,aligned,ok,0.017578125
Qwen/Qwen2.5-0.5B,0,0.0,last_token,zh,en,r5,256,512,delta,ok,-0.005859375
Qwen/Qwen2.5-0.5B,0,0.0,last_token,zh,en,r10,256,512,raw,ok,0.037109375
Qwen/Qwen2.5-0.5B,0,0.0,last_token,zh,en,r10,256,512,aligned,ok,0.044921875
Qwen/Qwen2.5-0.5B,0,0.0,last_token,zh,en,r10,256,512,delta,ok,0.0078125
Qwen/Qwen2.5-0.5B,0,0.0,last_token,zh,en,mrr,256,512,raw,ok,0.026578738646823266
Qwen/Qwen2.5-0.5B,0,0.0,last_token,zh,en,mrr,256,512,aligned,ok,0.01845812542588149
Qwen/Qwen2.5-0.5B,0,0.0,last_token,zh,en,mrr,256,512,delta,ok,-0.008120613220941778
Qwen/Qwen2.5-0.5B,0,0.0,last_token,ko,ja,r1,256,512,raw,ok,0.0
Qwen/Qwen2.5-0.5B,0,0.0,last_token,ko,ja,r1,256,512,aligned,ok,0.001953125
Qwen/Qwen2.5-0.5B,0,0.0,last_token,ko,ja,r1,256,512,delta,ok,0.001953125
Qwen/Qwen2.5-0.5B,0,0.0,last_token,ko,ja,r5,256,512,raw,ok,0.005859375
Qwen/Qwen2.5-0.5B,0,0.0,last_token,ko,ja,r5,256,512,aligned,ok,0.0078125
Qwen/Qwen2.5-0.5B,0,0.0,last_token,ko,ja,r5,256,512,delta,ok,0.001953125
Qwen/Qwen2.5-0.5B,0,0.0,last_token,ko,ja,r10,256,512,raw,ok,0.005859375
Qwen/Qwen2.5-0.5B,0,0.0,last_token,ko,ja,r10,256,512,aligned,ok,0.0078125
Qwen/Qwen2.5-0.5B,0,0.0,last_token,ko,ja,r10,256,512,delta,ok,0.001953125
Qwen/Qwen2.5-0.5B,0,0.0,last_token,ko,ja,mrr,256,512,raw,ok,0.010688744788777517
Qwen/Qwen2.5-0.5B,0,0.0,last_token,ko,ja,mrr,256,512,aligned,ok,0.008301483845266348
Qwen/Qwen2.5-0.5B,0,0.0,last_token,ko,ja,mrr,256,512,delta,ok,-0.002387260943511169
Qwen/Qwen2.5-0.5B,0,0.0,last_token,ja,ko,r1,256,512,raw,ok,0.001953125
Qwen/Qwen2.5-0.5B,0,0.0,last_token,ja,ko,r1,256,512,aligned,ok,0.0
Qwen/Qwen2.5-0.5B,0,0.0,last_token,ja,ko,r1,256,512,delta,ok,-0.001953125
Qwen/Qwen2.5-0.5B,0,0.0,last_token,ja,ko,r5,256,512,raw,ok,0.005859375
Qwen/Qwen2.5-0.5B,0,0.0,last_token,ja,ko,r5,256,512,aligned,ok,0.005859375
Qwen/Qwen2.5-0.5B,0,0.0,last_token,ja,ko,r5,256,512,delta,ok,0.0
Qwen/Qwen2.5-0.5B,0,0.0,last_token,ja,ko,r10,256,512,raw,ok,0.03125
Qwen/Qwen2.5-0.5B,0,0.0,last_token,ja,ko,r10,256,512,aligned,ok,0.005859375
Qwen/Qwen2.5-0.5B,0,0.0,last_token,ja,ko,r10,256,512,delta,ok,-0.025390625
Qwen/Qwen2.5-0.5B,0,0.0,last_token,ja,ko,mrr,256,512,raw,ok,0.01205798762146516
Qwen/Qwen2.5-0.5B,0,0.0,last_token,ja,ko,mrr,256,512,aligned,ok,0.006600727058813186
Qwen/Qwen2.5-0.5B,0,0.0,last_token,ja,ko,mrr,256,512,delta,ok,-0.005457260562651974
Qwen/Qwen2.5-0.5B,0,0.0,last_token,ko,zh,r1,256,512,raw,ok,0.001953125
Qwen/Qwen2.5-0.5B,0,0.0,last_token,ko,zh,r1,256,512,aligned,ok,0.0
Qwen/Qwen2.5-0.5B,0,0.0,last_token,ko,zh,r1,256,512,delta,ok,-0.001953125
Qwen/Qwen2.5-0.5B,0,0.0,last_token,ko,zh,r5,256,512,raw,ok,0.021484375
Qwen/Qwen2.5-0.5B,0,0.0,last_token,ko,zh,r5,256,512,aligned,ok,0.0234375
Qwen/Qwen2.5-0.5B,0,0.0,last_token,ko,zh,r5,256,512,delta,ok,0.001953125
Qwen/Qwen2.5-0.5B,0,0.0,last_token,ko,zh,r10,256,512,raw,ok,0.025390625
Qwen/Qwen2.5-0.5B,0,0.0,last_token,ko,zh,r10,256,512,aligned,ok,0.02734375
Qwen/Qwen2.5-0.5B,0,0.0,last_token,ko,zh,r10,256,512,delta,ok,0.001953125
Qwen/Qwen2.5-0.5B,0,0.0,last_token,ko,zh,mrr,256,512,raw,ok,0.01641005735491923
Qwen/Qwen2.5-0.5B,0,0.0,last_token,ko,zh,mrr,256,512,aligned,ok,0.014484291312143896
Qwen/Qwen2.5-0.5B,0,0.0,last_token,ko,zh,mrr,256,512,delta,ok,-0.001925766042775336
Qwen/Qwen2.5-0.5B,0,0.0,last_token,zh,ko,r1,256,512,raw,ok,0.005859375
Qwen/Qwen2.5-0.5B,0,0.0,last_token,zh,ko,r1,256,512,aligned,ok,0.0
Qwen/Qwen2.5-0.5B,0,0.0,last_token,zh,ko,r1,256,512,delta,ok,-0.005859375
Qwen/Qwen2.5-0.5B,0,0.0,last_token,zh,ko,r5,256,512,raw,ok,0.017578125
Qwen/Qwen2.5-0.5B,0,0.0,last_token,zh,ko,r5,256,512,aligned,ok,0.017578125
Qwen/Qwen2.5-0.5B,0,0.0,last_token,zh,ko,r5,256,512,delta,ok,0.0
Qwen/Qwen2.5-0.5B,0,0.0,last_token,zh,ko,r10,256,512,raw,ok,0.046875
Qwen/Qwen2.5-0.5B,0,0.0,last_token,zh,ko,r10,256,512,aligned,ok,0.046875
Qwen/Qwen2.5-0.5B,0,0.0,last_token,zh,ko,r10,256,512,delta,ok,0.0
Qwen/Qwen2.5-0.5B,0,0.0,last_token,zh,ko,mrr,256,512,raw,ok,0.02061798731466394
Qwen/Qwen2.5-0.5B,0,0.0,last_token,zh,ko,mrr,256,512,aligned,ok,0.017451586504788515
Qwen/Qwen2.5-0.5B,0,0.0,last_token,zh,ko,mrr,256,512,delta,ok,-0.003166400809875427
Qwen/Qwen2.5-0.5B,0,0.0,last_token,ja,zh,r1,256,512,raw,ok,0.0
Qwen/Qwen2.5-0.5B,0,0.0,last_token,ja,zh,r1,256,512,aligned,ok,0.0
Qwen/Qwen2.5-0.5B,0,0.0,last_token,ja,zh,r1,256,512,delta,ok,0.0
Qwen/Qwen2.5-0.5B,0,0.0,last_token,ja,zh,r5,256,512,raw,ok,0.0
Qwen/Qwen2.5-0.5B,0,0.0,last_token,ja,zh,r5,256,512,aligned,ok,0.0
Qwen/Qwen2.5-0.5B,0,0.0,last_token,ja,zh,r5,256,512,delta,ok,0.0
Qwen/Qwen2.5-0.5B,0,0.0,last_token,ja,zh,r10,256,512,raw,ok,0.0078125
Qwen/Qwen2.5-0.5B,0,0.0,last_token,ja,zh,r10,256,512,aligned,ok,0.009765625
Qwen/Qwen2.5-0.5B,0,0.0,last_token,ja,zh,r10,256,512,delta,ok,0.001953125
Qwen/Qwen2.5-0.5B,0,0.0,last_token,ja,zh,mrr,256,512,raw,ok,0.005367965104129621
Qwen/Qwen2.5-0.5B,0,0.0,last_token,ja,zh,mrr,256,512,aligned,ok,0.010009903210558172
Qwen/Qwen2.5-0.5B,0,0.0,last_token,ja,zh,mrr,256,512,delta,ok,0.004641938106428551
Qwen/Qwen2.5-0.5B,0,0.0,last_token,zh,ja,r1,256,512,raw,ok,0.0
Qwen/Qwen2.5-0.5B,0,0.0,last_token,zh,ja,r1,256,512,aligned,ok,0.001953125
Qwen/Qwen2.5-0.5B,0,0.0,last_token,zh,ja,r1,256,512,delta,ok,0.001953125
Qwen/Qwen2.5-0.5B,0,0.0,last_token,zh,ja,r5,256,512,raw,ok,0.0078125
Qwen/Qwen2.5-0.5B,0,0.0,last_token,zh,ja,r5,256,512,aligned,ok,0.009765625
Qwen/Qwen2.5-0.5B,0,0.0,last_token,zh,ja,r5,256,512,delta,ok,0.001953125
Qwen/Qwen2.5-0.5B,0,0.0,last_token,zh,ja,r10,256,512,raw,ok,0.0078125
Qwen/Qwen2.5-0.5B,0,0.0,last_token,zh,ja,r10,256,512,aligned,ok,0.009765625
Qwen/Qwen2.5-0.5B,0,0.0,last_token,zh,ja,r10,256,512,delta,ok,0.001953125
Qwen/Qwen2.5-0.5B,0,0.0,last_token,zh,ja,mrr,256,512,raw,ok,0.007600510148682141
Qwen/Qwen2.5-0.5B,0,0.0,last_token,zh,ja,mrr,256,512,aligned,ok,0.009458798213350326
Qwen/Qwen2.5-0.5B,0,0.0,last_token,zh,ja,mrr,256,512,delta,ok,0.0018582880646681853
Qwen/Qwen2.5-0.5B,1,0.041666666666666664,last_token,en,ko,r1,256,512,raw,ok,0.017578125
Qwen/Qwen2.5-0.5B,1,0.041666666666666664,last_token,en,ko,r1,256,512,aligned,ok,0.029296875
Qwen/Qwen2.5-0.5B,1,0.041666666666666664,last_token,en,ko,r1,256,512,delta,ok,0.01171875
Qwen/Qwen2.5-0.5B,1,0.041666666666666664,last_token,en,ko,r5,256,512,raw,ok,0.052734375
Qwen/Qwen2.5-0.5B,1,0.041666666666666664,last_token,en,ko,r5,256,512,aligned,ok,0.0859375
Qwen/Qwen2.5-0.5B,1,0.041666666666666664,last_token,en,ko,r5,256,512,delta,ok,0.033203125
Qwen/Qwen2.5-0.5B,1,0.041666666666666664,last_token,en,ko,r10,256,512,raw,ok,0.08984375
Qwen/Qwen2.5-0.5B,1,0.041666666666666664,last_token,en,ko,r10,256,512,aligned,ok,0.142578125
Qwen/Qwen2.5-0.5B,1,0.041666666666666664,last_token,en,ko,r10,256,512,delta,ok,0.052734375
Qwen/Qwen2.5-0.5B,1,0.041666666666666664,last_token,en,ko,mrr,256,512,raw,ok,0.04672191808045148
Qwen/Qwen2.5-0.5B,1,0.041666666666666664,last_token,en,ko,mrr,256,512,aligned,ok,0.07415697669344241
Qwen/Qwen2.5-0.5B,1,0.041666666666666664,last_token,en,ko,mrr,256,512,delta,ok,0.027435058612990934
Qwen/Qwen2.5-0.5B,1,0.041666666666666664,last_token,ko,en,r1,256,512,raw,ok,0.015625
Qwen/Qwen2.5-0.5B,1,0.041666666666666664,last_token,ko,en,r1,256,512,aligned,ok,0.025390625
Qwen/Qwen2.5-0.5B,1,0.041666666666666664,last_token,ko,en,r1,256,512,delta,ok,0.009765625
Qwen/Qwen2.5-0.5B,1,0.041666666666666664,last_token,ko,en,r5,256,512,raw,ok,0.056640625
Qwen/Qwen2.5-0.5B,1,0.041666666666666664,last_token,ko,en,r5,256,512,aligned,ok,0.09375
Qwen/Qwen2.5-0.5B,1,0.041666666666666664,last_token,ko,en,r5,256,512,delta,ok,0.037109375
Qwen/Qwen2.5-0.5B,1,0.041666666666666664,last_token,ko,en,r10,256,512,raw,ok,0.087890625
Qwen/Qwen2.5-0.5B,1,0.041666666666666664,last_token,ko,en,r10,256,512,aligned,ok,0.1484375
Qwen/Qwen2.5-0.5B,1,0.041666666666666664,last_token,ko,en,r10,256,512,delta,ok,0.060546875
Qwen/Qwen2.5-0.5B,1,0.041666666666666664,last_token,ko,en,mrr,256,512,raw,ok,0.04507928447862218
Qwen/Qwen2.5-0.5B,1,0.041666666666666664,last_token,ko,en,mrr,256,512,aligned,ok,0.0682559303737633
Qwen/Qwen2.5-0.5B,1,0.041666666666666664,last_token,ko,en,mrr,256,512,delta,ok,0.023176645895141124
Qwen/Qwen2.5-0.5B,1,0.041666666666666664,last_token,en,ja,r1,256,512,raw,ok,0.009765625
Qwen/Qwen2.5-0.5B,1,0.041666666666666664,last_token,en,ja,r1,256,512,aligned,ok,0.03125
Qwen/Qwen2.5-0.5B,1,0.041666666666666664,last_token,en,ja,r1,256,512,delta,ok,0.021484375
Qwen/Qwen2.5-0.5B,1,0.041666666666666664,last_token,en,ja,r5,256,512,raw,ok,0.03515625
Qwen/Qwen2.5-0.5B,1,0.041666666666666664,last_token,en,ja,r5,256,512,aligned,ok,0.09765625
Qwen/Qwen2.5-0.5B,1,0.041666666666666664,last_token,en,ja,r5,256,512,delta,ok,0.0625
Qwen/Qwen2.5-0.5B,1,0.041666666666666664,last_token,en,ja,r10,256,512,raw,ok,0.05078125
Qwen/Qwen2.5-0.5B,1,0.041666666666666664,last_token,en,ja,r10,256,512,aligned,ok,0.166015625
Qwen/Qwen2.5-0.5B,1,0.041666666666666664,last_token,en,ja,r10,256,512,delta,ok,0.115234375
Qwen/Qwen2.5-0.5B,1,0.041666666666666664,last_token,en,ja,mrr,256,512,raw,ok,0.03017967261950393
Qwen/Qwen2.5-0.5B,1,0.041666666666666664,last_token,en,ja,mrr,256,512,aligned,ok,0.07677946174742245
Qwen/Qwen2.5-0.5B,1,0.041666666666666664,last_token,en,ja,mrr,256,512,delta,ok,0.046599789127918526
Qwen/Qwen2.5-0.5B,1,0.041666666666666664,last_token,ja,en,r1,256,512,raw,ok,0.005859375
Qwen/Qwen2.5-0.5B,1,0.041666666666666664,last_token,ja,en,r1,256,512,aligned,ok,0.0234375
Qwen/Qwen2.5-0.5B,1,0.041666666666666664,last_token,ja,en,r1,256,512,delta,ok,0.017578125
Qwen/Qwen2.5-0.5B,1,0.041666666666666664,last_token,ja,en,r5,256,512,raw,ok,0.0234375
Qwen/Qwen2.5-0.5B,1,0.041666666666666664,last_token,ja,en,r5,256,512,aligned,ok,0.078125
Qwen/Qwen2.5-0.5B,1,0.041666666666666664,last_token,ja,en,r5,256,512,delta,ok,0.0546875
Qwen/Qwen2.5-0.5B,1,0.041666666666666664,last_token,ja,en,r10,256,512,raw,ok,0.044921875
Qwen/Qwen2.5-0.5B,1,0.041666666666666664,last_token,ja,en,r10,256,512,aligned,ok,0.125
Qwen/Qwen2.5-0.5B,1,0.041666666666666664,last_token,ja,en,r10,256,512,delta,ok,0.080078125
Qwen/Qwen2.5-0.5B,1,0.041666666666666664,last_token,ja,en,mrr,256,512,raw,ok,0.024207617805622514
Qwen/Qwen2.5-0.5B,1,0.041666666666666664,last_token,ja,en,mrr,256,512,aligned,ok,0.06528955314570718
Qwen/Qwen2.5-0.5B,1,0.041666666666666664,last_token,ja,en,mrr,256,512,delta,ok,0.04108193534008467
Qwen/Qwen2.5-0.5B,1,0.041666666666666664,last_token,en,zh,r1,256,512,raw,ok,0.03125
Qwen/Qwen2.5-0.5B,1,0.041666666666666664,last_token,en,zh,r1,256,512,aligned,ok,0.12890625
Qwen/Qwen2.5-0.5B,1,0.041666666666666664,last_token,en,zh,r1,256,512,delta,ok,0.09765625
Qwen/Qwen2.5-0.5B,1,0.041666666666666664,last_token,en,zh,r5,256,512,raw,ok,0.08203125
Qwen/Qwen2.5-0.5B,1,0.041666666666666664,last_token,en,zh,r5,256,512,aligned,ok,0.28515625
Qwen/Qwen2.5-0.5B,1,0.041666666666666664,last_token,en,zh,r5,256,512,delta,ok,0.203125
Qwen/Qwen2.5-0.5B,1,0.041666666666666664,last_token,en,zh,r10,256,512,raw,ok,0.119140625
Qwen/Qwen2.5-0.5B,1,0.041666666666666664,last_token,en,zh,r10,256,512,aligned,ok,0.3671875
Qwen/Qwen2.5-0.5B,1,0.041666666666666664,last_token,en,zh,r10,256,512,delta,ok,0.248046875
Qwen/Qwen2.5-0.5B,1,0.041666666666666664,last_token,en,zh,mrr,256,512,raw,ok,0.065398648138494
Qwen/Qwen2.5-0.5B,1,0.041666666666666664,last_token,en,zh,mrr,256,512,aligned,ok,0.21434544086899004
Qwen/Qwen2.5-0.5B,1,0.041666666666666664,last_token,en,zh,mrr,256,512,delta,ok,0.14894679273049605
Qwen/Qwen2.5-0.5B,1,0.041666666666666664,last_token,zh,en,r1,256,512,raw,ok,0.04296875
Qwen/Qwen2.5-0.5B,1,0.041666666666666664,last_token,zh,en,r1,256,512,aligned,ok,0.123046875
Qwen/Qwen2.5-0.5B,1,0.041666666666666664,last_token,zh,en,r1,256,512,delta,ok,0.080078125
Qwen/Qwen2.5-0.5B,1,0.041666666666666664,last_token,zh,en,r5,256,512,raw,ok,0.083984375
Qwen/Qwen2.5-0.5B,1,0.041666666666666664,last_token,zh,en,r5,256,512,aligned,ok,0.26171875
Qwen/Qwen2.5-0.5B,1,0.041666666666666664,last_token,zh,en,r5,256,512,delta,ok,0.177734375
Qwen/Qwen2.5-0.5B,1,0.041666666666666664,last_token,zh,en,r10,256,512,raw,ok,0.10546875
Qwen/Qwen2.5-0.5B,1,0.041666666666666664,last_token,zh,en,r10,256,512,aligned,ok,0.376953125
Qwen/Qwen2.5-0.5B,1,0.041666666666666664,last_token,zh,en,r10,256,512,delta,ok,0.271484375
Qwen/Qwen2.5-0.5B,1,0.041666666666666664,last_token,zh,en,mrr,256,512,raw,ok,0.07245851510333323
Qwen/Qwen2.5-0.5B,1,0.041666666666666664,last_token,zh,en,mrr,256,512,aligned,ok,0.20430518330535596
Qwen/Qwen2.5-0.5B,1,0.041666666666666664,last_token,zh,en,mrr,256,512,delta,ok,0.13184666820202273
Qwen/Qwen2.5-0.5B,1,0.041666666666666664,last_token,ko,ja,r1,256,512,raw,ok,0.009765625
Qwen/Qwen2.5-0.5B,1,0.041666666666666664,last_token,ko,ja,r1,256,512,aligned,ok,0.01953125
Qwen/Qwen2.5-0.5B,1,0.041666666666666664,last_token,ko,ja,r1,256,512,delta,ok,0.009765625
Qwen/Qwen2.5-0.5B,1,0.041666666666666664,last_token,ko,ja,r5,256,512,raw,ok,0.025390625
Qwen/Qwen2.5-0.5B,1,0.041666666666666664,last_token,ko,ja,r5,256,512,aligned,ok,0.0625
Qwen/Qwen2.5-0.5B,1,0.041666666666666664,last_token,ko,ja,r5,256,512,delta,ok,0.037109375
Qwen/Qwen2.5-0.5B,1,0.041666666666666664,last_token,ko,ja,r10,256,512,raw,ok,0.048828125
Qwen/Qwen2.5-0.5B,1,0.041666666666666664,last_token,ko,ja,r10,256,512,aligned,ok,0.095703125
Qwen/Qwen2.5-0.5B,1,0.041666666666666664,last_token,ko,ja,r10,256,512,delta,ok,0.046875
Qwen/Qwen2.5-0.5B,1,0.041666666666666664,last_token,ko,ja,mrr,256,512,raw,ok,0.029604087512060017
Qwen/Qwen2.5-0.5B,1,0.041666666666666664,last_token,ko,ja,mrr,256,512,aligned,ok,0.05281866288401036
Qwen/Qwen2.5-0.5B,1,0.041666666666666664,last_token,ko,ja,mrr,256,512,delta,ok,0.023214575371950343
Qwen/Qwen2.5-0.5B,1,0.041666666666666664,last_token,ja,ko,r1,256,512,raw,ok,0.0078125
Qwen/Qwen2.5-0.5B,1,0.041666666666666664,last_token,ja,ko,r1,256,512,aligned,ok,0.01171875
Qwen/Qwen2.5-0.5B,1,0.041666666666666664,last_token,ja,ko,r1,256,512,delta,ok,0.00390625
Qwen/Qwen2.5-0.5B,1,0.041666666666666664,last_token,ja,ko,r5,256,512,raw,ok,0.025390625
Qwen/Qwen2.5-0.5B,1,0.041666666666666664,last_token,ja,ko,r5,256,512,aligned,ok,0.05078125
Qwen/Qwen2.5-0.5B,1,0.041666666666666664,last_token,ja,ko,r5,256,512,delta,ok,0.025390625
Qwen/Qwen2.5-0.5B,1,0.041666666666666664,last_token,ja,ko,r10,256,512,raw,ok,0.04296875
Qwen/Qwen2.5-0.5B,1,0.041666666666666664,last_token,ja,ko,r10,256,512,aligned,ok,0.08203125
Qwen/Qwen2.5-0.5B,1,0.041666666666666664,last_token,ja,ko,r10,256,512,delta,ok,0.0390625
Qwen/Qwen2.5-0.5B,1,0.041666666666666664,last_token,ja,ko,mrr,256,512,raw,ok,0.024679592531098027
Qwen/Qwen2.5-0.5B,1,0.041666666666666664,last_token,ja,ko,mrr,256,512,aligned,ok,0.043730386568354276
Qwen/Qwen2.5-0.5B,1,0.041666666666666664,last_token,ja,ko,mrr,256,512,delta,ok,0.01905079403725625
Qwen/Qwen2.5-0.5B,1,0.041666666666666664,last_token,ko,zh,r1,256,512,raw,ok,0.01171875
Qwen/Qwen2.5-0.5B,1,0.041666666666666664,last_token,ko,zh,r1,256,512,aligned,ok,0.009765625
Qwen/Qwen2.5-0.5B,1,0.041666666666666664,last_token,ko,zh,r1,256,512,delta,ok,-0.001953125
Qwen/Qwen2.5-0.5B,1,0.041666666666666664,last_token,ko,zh,r5,256,512,raw,ok,0.041015625
Qwen/Qwen2.5-0.5B,1,0.041666666666666664,last_token,ko,zh,r5,256,512,aligned,ok,0.05078125
Qwen/Qwen2.5-0.5B,1,0.041666666666666664,last_token,ko,zh,r5,256,512,delta,ok,0.009765625
Qwen/Qwen2.5-0.5B,1,0.041666666666666664,last_token,ko,zh,r10,256,512,raw,ok,0.064453125
Qwen/Qwen2.5-0.5B,1,0.041666666666666664,last_token,ko,zh,r10,256,512,aligned,ok,0.095703125
Qwen/Qwen2.5-0.5B,1,0.041666666666666664,last_token,ko,zh,r10,256,512,delta,ok,0.03125
Qwen/Qwen2.5-0.5B,1,0.041666666666666664,last_token,ko,zh,mrr,256,512,raw,ok,0.03533242474443847
Qwen/Qwen2.5-0.5B,1,0.041666666666666664,last_token,ko,zh,mrr,256,512,aligned,ok,0.04336577568577596
Qwen/Qwen2.5-0.5B,1,0.041666666666666664,last_token,ko,zh,mrr,256,512,delta,ok,0.008033350941337489
Qwen/Qwen2.5-0.5B,1,0.041666666666666664,last_token,zh,ko,r1,256,512,raw,ok,0.013671875
Qwen/Qwen2.5-0.5B,1,0.041666666666666664,last_token,zh,ko,r1,256,512,aligned,ok,0.017578125
Qwen/Qwen2.5-0.5B,1,0.041666666666666664,last_token,zh,ko,r1,256,512,delta,ok,0.00390625
Qwen/Qwen2.5-0.5B,1,0.041666666666666664,last_token,zh,ko,r5,256,512,raw,ok,0.03515625
Qwen/Qwen2.5-0.5B,1,0.041666666666666664,last_token,zh,ko,r5,256,512,aligned,ok,0.07421875
Qwen/Qwen2.5-0.5B,1,0.041666666666666664,last_token,zh,ko,r5,256,512,delta,ok,0.0390625
Qwen/Qwen2.5-0.5B,1,0.041666666666666664,last_token,zh,ko,r10,256,512,raw,ok,0.046875
Qwen/Qwen2.5-0.5B,1,0.041666666666666664,last_token,zh,ko,r10,256,512,aligned,ok,0.123046875
Qwen/Qwen2.5-0.5B,1,0.041666666666666664,last_token,zh,ko,r10,256,512,delta,ok,0.076171875
Qwen/Qwen2.5-0.5B,1,0.041666666666666664,last_token,zh,ko,mrr,256,512,raw,ok,0.03380741166385219
Qwen/Qwen2.5-0.5B,1,0.041666666666666664,last_token,zh,ko,mrr,256,512,aligned,ok,0.05824082796772714
Qwen/Qwen2.5-0.5B,1,0.041666666666666664,last_token,zh,ko,mrr,256,512,delta,ok,0.024433416303874952
Qwen/Qwen2.5-0.5B,1,0.041666666666666664,last_token,ja,zh,r1,256,512,raw,ok,0.015625
Qwen/Qwen2.5-0.5B,1,0.041666666666666664,last_token,ja,zh,r1,256,512,aligned,ok,0.03125
Qwen/Qwen2.5-0.5B,1,0.041666666666666664,last_token,ja,zh,r1,256,512,delta,ok,0.015625
Qwen/Qwen2.5-0.5B,1,0.041666666666666664,last_token,ja,zh,r5,256,512,raw,ok,0.052734375
Qwen/Qwen2.5-0.5B,1,0.041666666666666664,last_token,ja,zh,r5,256,512,aligned,ok,0.095703125
Qwen/Qwen2.5-0.5B,1,0.041666666666666664,last_token,ja,zh,r5,256,512,delta,ok,0.04296875
Qwen/Qwen2.5-0.5B,1,0.041666666666666664,last_token,ja,zh,r10,256,512,raw,ok,0.080078125
Qwen/Qwen2.5-0.5B,1,0.041666666666666664,last_token,ja,zh,r10,256,512,aligned,ok,0.158203125
Qwen/Qwen2.5-0.5B,1,0.041666666666666664,last_token,ja,zh,r10,256,512,delta,ok,0.078125
Qwen/Qwen2.5-0.5B,1,0.041666666666666664,last_token,ja,zh,mrr,256,512,raw,ok,0.04345416503679082
Qwen/Qwen2.5-0.5B,1,0.041666666666666664,last_token,ja,zh,mrr,256,512,aligned,ok,0.07708278181451927
Qwen/Qwen2.5-0.5B,1,0.041666666666666664,last_token,ja,zh,mrr,256,512,delta,ok,0.03362861677772845
Qwen/Qwen2.5-0.5B,1,0.041666666666666664,last_token,zh,ja,r1,256,512,raw,ok,0.01953125
Qwen/Qwen2.5-0.5B,1,0.041666666666666664,last_token,zh,ja,r1,256,512,aligned,ok,0.048828125
Qwen/Qwen2.5-0.5B,1,0.041666666666666664,last_token,zh,ja,r1,256,512,delta,ok,0.029296875
Qwen/Qwen2.5-0.5B,1,0.041666666666666664,last_token,zh,ja,r5,256,512,raw,ok,0.072265625
Qwen/Qwen2.5-0.5B,1,0.041666666666666664,last_token,zh,ja,r5,256,512,aligned,ok,0.119140625
Qwen/Qwen2.5-0.5B,1,0.041666666666666664,last_token,zh,ja,r5,256,512,delta,ok,0.046875
Qwen/Qwen2.5-0.5B,1,0.041666666666666664,last_token,zh,ja,r10,256,512,raw,ok,0.115234375
Qwen/Qwen2.5-0.5B,1,0.041666666666666664,last_token,zh,ja,r10,256,512,aligned,ok,0.1953125
Qwen/Qwen2.5-0.5B,1,0.041666666666666664,last_token,zh,ja,r10,256,512,delta,ok,0.080078125
Qwen/Qwen2.5-0.5B,1,0.041666666666666664,last_token,zh,ja,mrr,256,512,raw,ok,0.055102505019942016
Qwen/Qwen2.5-0.5B,1,0.041666666666666664,last_token,zh,ja,mrr,256,512,aligned,ok,0.0978047151350663
Qwen/Qwen2.5-0.5B,1,0.041666666666666664,last_token,zh,ja,mrr,256,512,delta,ok,0.04270221011512429
Qwen/Qwen2.5-0.5B,2,0.08333333333333333,last_token,en,ko,r1,256,512,raw,ok,0.02734375
Qwen/Qwen2.5-0.5B,2,0.08333333333333333,last_token,en,ko,r1,256,512,aligned,ok,0.08984375
Qwen/Qwen2.5-0.5B,2,0.08333333333333333,last_token,en,ko,r1,256,512,delta,ok,0.0625
Qwen/Qwen2.5-0.5B,2,0.08333333333333333,last_token,en,ko,r5,256,512,raw,ok,0.064453125
Qwen/Qwen2.5-0.5B,2,0.08333333333333333,last_token,en,ko,r5,256,512,aligned,ok,0.240234375
Qwen/Qwen2.5-0.5B,2,0.08333333333333333,last_token,en,ko,r5,256,512,delta,ok,0.17578125
Qwen/Qwen2.5-0.5B,2,0.08333333333333333,last_token,en,ko,r10,256,512,raw,ok,0.107421875
Qwen/Qwen2.5-0.5B,2,0.08333333333333333,last_token,en,ko,r10,256,512,aligned,ok,0.318359375
Qwen/Qwen2.5-0.5B,2,0.08333333333333333,last_token,en,ko,r10,256,512,delta,ok,0.2109375
Qwen/Qwen2.5-0.5B,2,0.08333333333333333,last_token,en,ko,mrr,256,512,raw,ok,0.05785054111578297
Qwen/Qwen2.5-0.5B,2,0.08333333333333333,last_token,en,ko,mrr,256,512,aligned,ok,0.17014246949703515
Qwen/Qwen2.5-0.5B,2,0.08333333333333333,last_token,en,ko,mrr,256,512,delta,ok,0.11229192838125218
Qwen/Qwen2.5-0.5B,2,0.08333333333333333,last_token,ko,en,r1,256,512,raw,ok,0.017578125
Qwen/Qwen2.5-0.5B,2,0.08333333333333333,last_token,ko,en,r1,256,512,aligned,ok,0.0625
Qwen/Qwen2.5-0.5B,2,0.08333333333333333,last_token,ko,en,r1,256,512,delta,ok,0.044921875
Qwen/Qwen2.5-0.5B,2,0.08333333333333333,last_token,ko,en,r5,256,512,raw,ok,0.076171875
Qwen/Qwen2.5-0.5B,2,0.08333333333333333,last_token,ko,en,r5,256,512,aligned,ok,0.189453125
Qwen/Qwen2.5-0.5B,2,0.08333333333333333,last_token,ko,en,r5,256,512,delta,ok,0.11328125
Qwen/Qwen2.5-0.5B,2,0.08333333333333333,last_token,ko,en,r10,256,512,raw,ok,0.115234375
Qwen/Qwen2.5-0.5B,2,0.08333333333333333,last_token,ko,en,r10,256,512,aligned,ok,0.271484375
Qwen/Qwen2.5-0.5B,2,0.08333333333333333,last_token,ko,en,r10,256,512,delta,ok,0.15625
Qwen/Qwen2.5-0.5B,2,0.08333333333333333,last_token,ko,en,mrr,256,512,raw,ok,0.05413647177816779
Qwen/Qwen2.5-0.5B,2,0.08333333333333333,last_token,ko,en,mrr,256,512,aligned,ok,0.13457621518904803
Qwen/Qwen2.5-0.5B,2,0.08333333333333333,last_token,ko,en,mrr,256,512,delta,ok,0.08043974341088023
Qwen/Qwen2.5-0.5B,2,0.08333333333333333,last_token,en,ja,r1,256,512,raw,ok,0.017578125
Qwen/Qwen2.5-0.5B,2,0.08333333333333333,last_token,en,ja,r1,256,512,aligned,ok,0.10546875
Qwen/Qwen2.5-0.5B,2,0.08333333333333333,last_token,en,ja,r1,256,512,delta,ok,0.087890625
Qwen/Qwen2.5-0.5B,2,0.08333333333333333,last_token,en,ja,r5,256,512,raw,ok,0.03125
Qwen/Qwen2.5-0.5B,2,0.08333333333333333,last_token,en,ja,r5,256,512,aligned,ok,0.30078125
Qwen/Qwen2.5-0.5B,2,0.08333333333333333,last_token,en,ja,r5,256,512,delta,ok,0.26953125
Qwen/Qwen2.5-0.5B,2,0.08333333333333333,last_token,en,ja,r10,256,512,raw,ok,0.04296875
Qwen/Qwen2.5-0.5B,2,0.08333333333333333,last_token,en,ja,r10,256,512,aligned,ok,0.390625
Qwen/Qwen2.5-0.5B,2,0.08333333333333333,last_token,en,ja,r10,256,512,delta,ok,0.34765625
Qwen/Qwen2.5-0.5B,2,0.08333333333333333,last_token,en,ja,mrr,256,512,raw,ok,0.03620890077270168
Qwen/Qwen2.5-0.5B,2,0.08333333333333333,last_token,en,ja,mrr,256,512,aligned,ok,0.2020935738368037
Qwen/Qwen2.5-0.5B,2,0.08333333333333333,last_token,en,ja,mrr,256,512,delta,ok,0.16588467306410204
Qwen/Qwen2.5-0.5B,2,0.08333333333333333,last_token,ja,en,r1,256,512,raw,ok,0.01953125
Qwen/Qwen2.5-0.5B,2,0.08333333333333333,last_token,ja,en,r1,256,512,aligned,ok,0.099609375
Qwen/Qwen2.5-0.5B,2,0.08333333333333333,last_token,ja,en,r1,256,512,delta,ok,0.080078125
Qwen/Qwen2.5-0.5B,2,0.08333333333333333,last_token,ja,en,r5,256,512,raw,ok,0.056640625
Qwen/Qwen2.5-0.5B,2,0.08333333333333333,last_token,ja,en,r5,256,512,aligned,ok,0.2734375
Qwen/Qwen2.5-0.5B,2,0.08333333333333333,last_token,ja,en,r5,256,512,delta,ok,0.216796875
Qwen/Qwen2.5-0.5B,2,0.08333333333333333,last_token,ja,en,r10,256,512,raw,ok,0.083984375
Qwen/Qwen2.5-0.5B,2,0.08333333333333333,last_token,ja,en,r10,256,512,aligned,ok,0.373046875
Qwen/Qwen2.5-0.5B,2,0.08333333333333333,last_token,ja,en,r10,256,512,delta,ok,0.2890625
Qwen/Qwen2.5-0.5B,2,0.08333333333333333,last_token,ja,en,mrr,256,512,raw,ok,0.04499464250698004
Qwen/Qwen2.5-0.5B,2,0.08333333333333333,last_token,ja,en,mrr,256,512,aligned,ok,0.19405459403066178
Qwen/Qwen2.5-0.5B,2,0.08333333333333333,last_token,ja,en,mrr,256,512,delta,ok,0.14905995152368173
Qwen/Qwen2.5-0.5B,2,0.08333333333333333,last_token,en,zh,r1,256,512,raw,ok,0.119140625
Qwen/Qwen2.5-0.5B,2,0.08333333333333333,last_token,en,zh,r1,256,512,aligned,ok,0.302734375
Qwen/Qwen2.5-0.5B,2,0.08333333333333333,last_token,en,zh,r1,256,512,delta,ok,0.18359375
Qwen/Qwen2.5-0.5B,2,0.08333333333333333,last_token,en,zh,r5,256,512,raw,ok,0.27734375
Qwen/Qwen2.5-0.5B,2,0.08333333333333333,last_token,en,zh,r5,256,512,aligned,ok,0.52734375
Qwen/Qwen2.5-0.5B,2,0.08333333333333333,last_token,en,zh,r5,256,512,delta,ok,0.25
Qwen/Qwen2.5-0.5B,2,0.08333333333333333,last_token,en,zh,r10,256,512,raw,ok,0.380859375
Qwen/Qwen2.5-0.5B,2,0.08333333333333333,last_token,en,zh,r10,256,512,aligned,ok,0.615234375
Qwen/Qwen2.5-0.5B,2,0.08333333333333333,last_token,en,zh,r10,256,512,delta,ok,0.234375
Qwen/Qwen2.5-0.5B,2,0.08333333333333333,last_token,en,zh,mrr,256,512,raw,ok,0.19858502338696385
Qwen/Qwen2.5-0.5B,2,0.08333333333333333,last_token,en,zh,mrr,256,512,aligned,ok,0.41026882471520676
Qwen/Qwen2.5-0.5B,2,0.08333333333333333,last_token,en,zh,mrr,256,512,delta,ok,0.2116838013282429
Qwen/Qwen2.5-0.5B,2,0.08333333333333333,last_token,zh,en,r1,256,512,raw,ok,0.140625
Qwen/Qwen2.5-0.5B,2,0.08333333333333333,last_token,zh,en,r1,256,512,aligned,ok,0.24609375
Qwen/Qwen2.5-0.5B,2,0.08333333333333333,last_token,zh,en,r1,256,512,delta,ok,0.10546875
Qwen/Qwen2.5-0.5B,2,0.08333333333333333,last_token,zh,en,r5,256,512,raw,ok,0.29296875
Qwen/Qwen2.5-0.5B,2,0.08333333333333333,last_token,zh,en,r5,256,512,aligned,ok,0.498046875
Qwen/Qwen2.5-0.5B,2,0.08333333333333333,last_token,zh,en,r5,256,512,delta,ok,0.205078125
Qwen/Qwen2.5-0.5B,2,0.08333333333333333,last_token,zh,en,r10,256,512,raw,ok,0.36328125
Qwen/Qwen2.5-0.5B,2,0.08333333333333333,last_token,zh,en,r10,256,512,aligned,ok,0.595703125
Qwen/Qwen2.5-0.5B,2,0.08333333333333333,last_token,zh,en,r10,256,512,delta,ok,0.232421875
Qwen/Qwen2.5-0.5B,2,0.08333333333333333,last_token,zh,en,mrr,256,512,raw,ok,0.21833460838269625
Qwen/Qwen2.5-0.5B,2,0.08333333333333333,last_token,zh,en,mrr,256,512,aligned,ok,0.36373619845524446
Qwen/Qwen2.5-0.5B,2,0.08333333333333333,last_token,zh,en,mrr,256,512,delta,ok,0.14540159007254821
Qwen/Qwen2.5-0.5B,2,0.08333333333333333,last_token,ko,ja,r1,256,512,raw,ok,0.017578125
Qwen/Qwen2.5-0.5B,2,0.08333333333333333,last_token,ko,ja,r1,256,512,aligned,ok,0.060546875
Qwen/Qwen2.5-0.5B,2,0.08333333333333333,last_token,ko,ja,r1,256,512,delta,ok,0.04296875
Qwen/Qwen2.5-0.5B,2,0.08333333333333333,last_token,ko,ja,r5,256,512,raw,ok,0.04296875
Qwen/Qwen2.5-0.5B,2,0.08333333333333333,last_token,ko,ja,r5,256,512,aligned,ok,0.177734375
Qwen/Qwen2.5-0.5B,2,0.08333333333333333,last_token,ko,ja,r5,256,512,delta,ok,0.134765625
Qwen/Qwen2.5-0.5B,2,0.08333333333333333,last_token,ko,ja,r10,256,512,raw,ok,0.07421875
Qwen/Qwen2.5-0.5B,2,0.08333333333333333,last_token,ko,ja,r10,256,512,aligned,ok,0.259765625
Qwen/Qwen2.5-0.5B,2,0.08333333333333333,last_token,ko,ja,r10,256,512,delta,ok,0.185546875
Qwen/Qwen2.5-0.5B,2,0.08333333333333333,last_token,ko,ja,mrr,256,512,raw,ok,0.04315367194930966
Qwen/Qwen2.5-0.5B,2,0.08333333333333333,last_token,ko,ja,mrr,256,512,aligned,ok,0.13105874095886616
Qwen/Qwen2.5-0.5B,2,0.08333333333333333,last_token,ko,ja,mrr,256,512,delta,ok,0.0879050690095565
Qwen/Qwen2.5-0.5B,2,0.08333333333333333,last_token,ja,ko,r1,256,512,raw,ok,0.025390625
Qwen/Qwen2.5-0.5B,2,0.08333333333333333,last_token,ja,ko,r1,256,512,aligned,ok,0.064453125
Qwen/Qwen2.5-0.5B,2,0.08333333333333333,last_token,ja,ko,r1,256,512,delta,ok,0.0390625
Qwen/Qwen2.5-0.5B,2,0.08333333333333333,last_token,ja,ko,r5,256,512,raw,ok,0.048828125
Qwen/Qwen2.5-0.5B,2,0.08333333333333333,last_token,ja,ko,r5,256,512,aligned,ok,0.18359375
Qwen/Qwen2.5-0.5B,2,0.08333333333333333,last_token,ja,ko,r5,256,512,delta,ok,0.134765625
Qwen/Qwen2.5-0.5B,2,0.08333333333333333,last_token,ja,ko,r10,256,512,raw,ok,0.08203125
Qwen/Qwen2.5-0.5B,2,0.08333333333333333,last_token,ja,ko,r10,256,512,aligned,ok,0.271484375
Qwen/Qwen2.5-0.5B,2,0.08333333333333333,last_token,ja,ko,r10,256,512,delta,ok,0.189453125
Qwen/Qwen2.5-0.5B,2,0.08333333333333333,last_token,ja,ko,mrr,256,512,raw,ok,0.048790273278754036
Qwen/Qwen2.5-0.5B,2,0.08333333333333333,last_token,ja,ko,mrr,256,512,aligned,ok,0.13379416377258033
Qwen/Qwen2.5-0.5B,2,0.08333333333333333,last_token,ja,ko,mrr,256,512,delta,ok,0.08500389049382628
Qwen/Qwen2.5-0.5B,2,0.08333333333333333,last_token,ko,zh,r1,256,512,raw,ok,0.015625
Qwen/Qwen2.5-0.5B,2,0.08333333333333333,last_token,ko,zh,r1,256,512,aligned,ok,0.0390625
Qwen/Qwen2.5-0.5B,2,0.08333333333333333,last_token,ko,zh,r1,256,512,delta,ok,0.0234375
Qwen/Qwen2.5-0.5B,2,0.08333333333333333,last_token,ko,zh,r5,256,512,raw,ok,0.068359375
Qwen/Qwen2.5-0.5B,2,0.08333333333333333,last_token,ko,zh,r5,256,512,aligned,ok,0.1328125
Qwen/Qwen2.5-0.5B,2,0.08333333333333333,last_token,ko,zh,r5,256,512,delta,ok,0.064453125
Qwen/Qwen2.5-0.5B,2,0.08333333333333333,last_token,ko,zh,r10,256,512,raw,ok,0.099609375
Qwen/Qwen2.5-0.5B,2,0.08333333333333333,last_token,ko,zh,r10,256,512,aligned,ok,0.19921875
Qwen/Qwen2.5-0.5B,2,0.08333333333333333,last_token,ko,zh,r10,256,512,delta,ok,0.099609375
Qwen/Qwen2.5-0.5B,2,0.08333333333333333,last_token,ko,zh,mrr,256,512,raw,ok,0.04995362667833968
Qwen/Qwen2.5-0.5B,2,0.08333333333333333,last_token,ko,zh,mrr,256,512,aligned,ok,0.09713767689098773
Qwen/Qwen2.5-0.5B,2,0.08333333333333333,last_token,ko,zh,mrr,256,512,delta,ok,0.04718405021264806
Qwen/Qwen2.5-0.5B,2,0.08333333333333333,last_token,zh,ko,r1,256,512,raw,ok,0.021484375
Qwen/Qwen2.5-0.5B,2,0.08333333333333333,last_token,zh,ko,r1,256,512,aligned,ok,0.05078125
Qwen/Qwen2.5-0.5B,2,0.08333333333333333,last_token,zh,ko,r1,256,512,delta,ok,0.029296875
Qwen/Qwen2.5-0.5B,2,0.08333333333333333,last_token,zh,ko,r5,256,512,raw,ok,0.0703125
Qwen/Qwen2.5-0.5B,2,0.08333333333333333,last_token,zh,ko,r5,256,512,aligned,ok,0.16015625
Qwen/Qwen2.5-0.5B,2,0.08333333333333333,last_token,zh,ko,r5,256,512,delta,ok,0.08984375
Qwen/Qwen2.5-0.5B,2,0.08333333333333333,last_token,zh,ko,r10,256,512,raw,ok,0.095703125
Qwen/Qwen2.5-0.5B,2,0.08333333333333333,last_token,zh,ko,r10,256,512,aligned,ok,0.228515625
Qwen/Qwen2.5-0.5B,2,0.08333333333333333,last_token,zh,ko,r10,256,512,delta,ok,0.1328125
Qwen/Qwen2.5-0.5B,2,0.08333333333333333,last_token,zh,ko,mrr,256,512,raw,ok,0.05065946909664444
Qwen/Qwen2.5-0.5B,2,0.08333333333333333,last_token,zh,ko,mrr,256,512,aligned,ok,0.11424705725897583
Qwen/Qwen2.5-0.5B,2,0.08333333333333333,last_token,zh,ko,mrr,256,512,delta,ok,0.06358758816233138
Qwen/Qwen2.5-0.5B,2,0.08333333333333333,last_token,ja,zh,r1,256,512,raw,ok,0.015625
Qwen/Qwen2.5-0.5B,2,0.08333333333333333,last_token,ja,zh,r1,256,512,aligned,ok,0.09375
Qwen/Qwen2.5-0.5B,2,0.08333333333333333,last_token,ja,zh,r1,256,512,delta,ok,0.078125
Qwen/Qwen2.5-0.5B,2,0.08333333333333333,last_token,ja,zh,r5,256,512,raw,ok,0.078125
Qwen/Qwen2.5-0.5B,2,0.08333333333333333,last_token,ja,zh,r5,256,512,aligned,ok,0.244140625
Qwen/Qwen2.5-0.5B,2,0.08333333333333333,last_token,ja,zh,r5,256,512,delta,ok,0.166015625
Qwen/Qwen2.5-0.5B,2,0.08333333333333333,last_token,ja,zh,r10,256,512,raw,ok,0.134765625
Qwen/Qwen2.5-0.5B,2,0.08333333333333333,last_token,ja,zh,r10,256,512,aligned,ok,0.341796875
Qwen/Qwen2.5-0.5B,2,0.08333333333333333,last_token,ja,zh,r10,256,512,delta,ok,0.20703125
Qwen/Qwen2.5-0.5B,2,0.08333333333333333,last_token,ja,zh,mrr,256,512,raw,ok,0.057745101463092516
Qwen/Qwen2.5-0.5B,2,0.08333333333333333,last_token,ja,zh,mrr,256,512,aligned,ok,0.1762925595925235
Qwen/Qwen2.5-0.5B,2,0.08333333333333333,last_token,ja,zh,mrr,256,512,delta,ok,0.11854745812943097
Qwen/Qwen2.5-0.5B,2,0.08333333333333333,last_token,zh,ja,r1,256,512,raw,ok,0.021484375
Qwen/Qwen2.5-0.5B,2,0.08333333333333333,last_token,zh,ja,r1,256,512,aligned,ok,0.091796875
Qwen/Qwen2.5-0.5B,2,0.08333333333333333,last_token,zh,ja,r1,256,512,delta,ok,0.0703125
Qwen/Qwen2.5-0.5B,2,0.08333333333333333,last_token,zh,ja,r5,256,512,raw,ok,0.05078125
Qwen/Qwen2.5-0.5B,2,0.08333333333333333,last_token,zh,ja,r5,256,512,aligned,ok,0.2734375
Qwen/Qwen2.5-0.5B,2,0.08333333333333333,last_token,zh,ja,r5,256,512,delta,ok,0.22265625
Qwen/Qwen2.5-0.5B,2,0.08333333333333333,last_token,zh,ja,r10,256,512,raw,ok,0.0703125
Qwen/Qwen2.5-0.5B,2,0.08333333333333333,last_token,zh,ja,r10,256,512,aligned,ok,0.38671875
Qwen/Qwen2.5-0.5B,2,0.08333333333333333,last_token,zh,ja,r10,256,512,delta,ok,0.31640625
Qwen/Qwen2.5-0.5B,2,0.08333333333333333,last_token,zh,ja,mrr,256,512,raw,ok,0.04600632384109743
Qwen/Qwen2.5-0.5B,2,0.08333333333333333,last_token,zh,ja,mrr,256,512,aligned,ok,0.1867609677942708
Qwen/Qwen2.5-0.5B,2,0.08333333333333333,last_token,zh,ja,mrr,256,512,delta,ok,0.14075464395317336
Qwen/Qwen2.5-0.5B,3,0.125,last_token,en,ko,r1,256,512,raw,ok,0.0234375
Qwen/Qwen2.5-0.5B,3,0.125,last_token,en,ko,r1,256,512,aligned,ok,0.11328125
Qwen/Qwen2.5-0.5B,3,0.125,last_token,en,ko,r1,256,512,delta,ok,0.08984375
Qwen/Qwen2.5-0.5B,3,0.125,last_token,en,ko,r5,256,512,raw,ok,0.068359375
Qwen/Qwen2.5-0.5B,3,0.125,last_token,en,ko,r5,256,512,aligned,ok,0.267578125
Qwen/Qwen2.5-0.5B,3,0.125,last_token,en,ko,r5,256,512,delta,ok,0.19921875
Qwen/Qwen2.5-0.5B,3,0.125,last_token,en,ko,r10,256,512,raw,ok,0.11328125
Qwen/Qwen2.5-0.5B,3,0.125,last_token,en,ko,r10,256,512,aligned,ok,0.361328125
Qwen/Qwen2.5-0.5B,3,0.125,last_token,en,ko,r10,256,512,delta,ok,0.248046875
Qwen/Qwen2.5-0.5B,3,0.125,last_token,en,ko,mrr,256,512,raw,ok,0.05795697955451709
Qwen/Qwen2.5-0.5B,3,0.125,last_token,en,ko,mrr,256,512,aligned,ok,0.1987798176428643
Qwen/Qwen2.5-0.5B,3,0.125,last_token,en,ko,mrr,256,512,delta,ok,0.1408228380883472
Qwen/Qwen2.5-0.5B,3,0.125,last_token,ko,en,r1,256,512,raw,ok,0.03125
Qwen/Qwen2.5-0.5B,3,0.125,last_token,ko,en,r1,256,512,aligned,ok,0.09765625
Qwen/Qwen2.5-0.5B,3,0.125,last_token,ko,en,r1,256,512,delta,ok,0.06640625
Qwen/Qwen2.5-0.5B,3,0.125,last_token,ko,en,r5,256,512,raw,ok,0.08203125
Qwen/Qwen2.5-0.5B,3,0.125,last_token,ko,en,r5,256,512,aligned,ok,0.244140625
Qwen/Qwen2.5-0.5B,3,0.125,last_token,ko,en,r5,256,512,delta,ok,0.162109375
Qwen/Qwen2.5-0.5B,3,0.125,last_token,ko,en,r10,256,512,raw,ok,0.13671875
Qwen/Qwen2.5-0.5B,3,0.125,last_token,ko,en,r10,256,512,aligned,ok,0.359375
Qwen/Qwen2.5-0.5B,3,0.125,last_token,ko,en,r10,256,512,delta,ok,0.22265625
Qwen/Qwen2.5-0.5B,3,0.125,last_token,ko,en,mrr,256,512,raw,ok,0.07000687893637816
Qwen/Qwen2.5-0.5B,3,0.125,last_token,ko,en,mrr,256,512,aligned,ok,0.17941390156105846
Qwen/Qwen2.5-0.5B,3,0.125,last_token,ko,en,mrr,256,512,delta,ok,0.1094070226246803
Qwen/Qwen2.5-0.5B,3,0.125,last_token,en,ja,r1,256,512,raw,ok,0.015625
Qwen/Qwen2.5-0.5B,3,0.125,last_token,en,ja,r1,256,512,aligned,ok,0.115234375
Qwen/Qwen2.5-0.5B,3,0.125,last_token,en,ja,r1,256,512,delta,ok,0.099609375
Qwen/Qwen2.5-0.5B,3,0.125,last_token,en,ja,r5,256,512,raw,ok,0.02734375
Qwen/Qwen2.5-0.5B,3,0.125,last_token,en,ja,r5,256,512,aligned,ok,0.3125
Qwen/Qwen2.5-0.5B,3,0.125,last_token,en,ja,r5,256,512,delta,ok,0.28515625
Qwen/Qwen2.5-0.5B,3,0.125,last_token,en,ja,r10,256,512,raw,ok,0.056640625
Qwen/Qwen2.5-0.5B,3,0.125,last_token,en,ja,r10,256,512,aligned,ok,0.4453125
Qwen/Qwen2.5-0.5B,3,0.125,last_token,en,ja,r10,256,512,delta,ok,0.388671875
Qwen/Qwen2.5-0.5B,3,0.125,last_token,en,ja,mrr,256,512,raw,ok,0.033913023287432675
Qwen/Qwen2.5-0.5B,3,0.125,last_token,en,ja,mrr,256,512,aligned,ok,0.21832530189122706
Qwen/Qwen2.5-0.5B,3,0.125,last_token,en,ja,mrr,256,512,delta,ok,0.1844122786037944
Qwen/Qwen2.5-0.5B,3,0.125,last_token,ja,en,r1,256,512,raw,ok,0.01953125
Qwen/Qwen2.5-0.5B,3,0.125,last_token,ja,en,r1,256,512,aligned,ok,0.123046875
Qwen/Qwen2.5-0.5B,3,0.125,last_token,ja,en,r1,256,512,delta,ok,0.103515625
Qwen/Qwen2.5-0.5B,3,0.125,last_token,ja,en,r5,256,512,raw,ok,0.080078125
Qwen/Qwen2.5-0.5B,3,0.125,last_token,ja,en,r5,256,512,aligned,ok,0.263671875
Qwen/Qwen2.5-0.5B,3,0.125,last_token,ja,en,r5,256,512,delta,ok,0.18359375
Qwen/Qwen2.5-0.5B,3,0.125,last_token,ja,en,r10,256,512,raw,ok,0.115234375
Qwen/Qwen2.5-0.5B,3,0.125,last_token,ja,en,r10,256,512,aligned,ok,0.39453125
Qwen/Qwen2.5-0.5B,3,0.125,last_token,ja,en,r10,256,512,delta,ok,0.279296875
Qwen/Qwen2.5-0.5B,3,0.125,last_token,ja,en,mrr,256,512,raw,ok,0.054175686362214065
Qwen/Qwen2.5-0.5B,3,0.125,last_token,ja,en,mrr,256,512,aligned,ok,0.20930589723733733
Qwen/Qwen2.5-0.5B,3,0.125,last_token,ja,en,mrr,256,512,delta,ok,0.15513021087512327
Qwen/Qwen2.5-0.5B,3,0.125,last_token,en,zh,r1,256,512,raw,ok,0.111328125
Qwen/Qwen2.5-0.5B,3,0.125,last_token,en,zh,r1,256,512,aligned,ok,0.330078125
Qwen/Qwen2.5-0.5B,3,0.125,last_token,en,zh,r1,256,512,delta,ok,0.21875
Qwen/Qwen2.5-0.5B,3,0.125,last_token,en,zh,r5,256,512,raw,ok,0.251953125
Qwen/Qwen2.5-0.5B,3,0.125,last_token,en,zh,r5,256,512,aligned,ok,0.560546875
Qwen/Qwen2.5-0.5B,3,0.125,last_token,en,zh,r5,256,512,delta,ok,0.30859375
Qwen/Qwen2.5-0.5B,3,0.125,last_token,en,zh,r10,256,512,raw,ok,0.33984375
Qwen/Qwen2.5-0.5B,3,0.125,last_token,en,zh,r10,256,512,aligned,ok,0.677734375
Qwen/Qwen2.5-0.5B,3,0.125,last_token,en,zh,r10,256,512,delta,ok,0.337890625
Qwen/Qwen2.5-0.5B,3,0.125,last_token,en,zh,mrr,256,512,raw,ok,0.18661963117643934
Qwen/Qwen2.5-0.5B,3,0.125,last_token,en,zh,mrr,256,512,aligned,ok,0.43790290699475476
Qwen/Qwen2.5-0.5B,3,0.125,last_token,en,zh,mrr,256,512,delta,ok,0.25128327581831544
Qwen/Qwen2.5-0.5B,3,0.125,last_token,zh,en,r1,256,512,raw,ok,0.205078125
Qwen/Qwen2.5-0.5B,3,0.125,last_token,zh,en,r1,256,512,aligned,ok,0.283203125
Qwen/Qwen2.5-0.5B,3,0.125,last_token,zh,en,r1,256,512,delta,ok,0.078125
Qwen/Qwen2.5-0.5B,3,0.125,last_token,zh,en,r5,256,512,raw,ok,0.376953125
Qwen/Qwen2.5-0.5B,3,0.125,last_token,zh,en,r5,256,512,aligned,ok,0.53515625
Qwen/Qwen2.5-0.5B,3,0.125,last_token,zh,en,r5,256,512,delta,ok,0.158203125
Qwen/Qwen2.5-0.5B,3,0.125,last_token,zh,en,r10,256,512,raw,ok,0.466796875
Qwen/Qwen2.5-0.5B,3,0.125,last_token,zh,en,r10,256,512,aligned,ok,0.638671875
Qwen/Qwen2.5-0.5B,3,0.125,last_token,zh,en,r10,256,512,delta,ok,0.171875
Qwen/Qwen2.5-0.5B,3,0.125,last_token,zh,en,mrr,256,512,raw,ok,0.2940773886889695
Qwen/Qwen2.5-0.5B,3,0.125,last_token,zh,en,mrr,256,512,aligned,ok,0.4041142914932231
Qwen/Qwen2.5-0.5B,3,0.125,last_token,zh,en,mrr,256,512,delta,ok,0.1100369028042536
Qwen/Qwen2.5-0.5B,3,0.125,last_token,ko,ja,r1,256,512,raw,ok,0.017578125
Qwen/Qwen2.5-0.5B,3,0.125,last_token,ko,ja,r1,256,512,aligned,ok,0.060546875
Qwen/Qwen2.5-0.5B,3,0.125,last_token,ko,ja,r1,256,512,delta,ok,0.04296875
Qwen/Qwen2.5-0.5B,3,0.125,last_token,ko,ja,r5,256,512,raw,ok,0.06640625
Qwen/Qwen2.5-0.5B,3,0.125,last_token,ko,ja,r5,256,512,aligned,ok,0.197265625
Qwen/Qwen2.5-0.5B,3,0.125,last_token,ko,ja,r5,256,512,delta,ok,0.130859375
Qwen/Qwen2.5-0.5B,3,0.125,last_token,ko,ja,r10,256,512,raw,ok,0.1015625
Qwen/Qwen2.5-0.5B,3,0.125,last_token,ko,ja,r10,256,512,aligned,ok,0.306640625
Qwen/Qwen2.5-0.5B,3,0.125,last_token,ko,ja,r10,256,512,delta,ok,0.205078125
Qwen/Qwen2.5-0.5B,3,0.125,last_token,ko,ja,mrr,256,512,raw,ok,0.05300016088303092
Qwen/Qwen2.5-0.5B,3,0.125,last_token,ko,ja,mrr,256,512,aligned,ok,0.13831471217709085
Qwen/Qwen2.5-0.5B,3,0.125,last_token,ko,ja,mrr,256,512,delta,ok,0.08531455129405993
Qwen/Qwen2.5-0.5B,3,0.125,last_token,ja,ko,r1,256,512,raw,ok,0.025390625
Qwen/Qwen2.5-0.5B,3,0.125,last_token,ja,ko,r1,256,512,aligned,ok,0.072265625
Qwen/Qwen2.5-0.5B,3,0.125,last_token,ja,ko,r1,256,512,delta,ok,0.046875
Qwen/Qwen2.5-0.5B,3,0.125,last_token,ja,ko,r5,256,512,raw,ok,0.06640625
Qwen/Qwen2.5-0.5B,3,0.125,last_token,ja,ko,r5,256,512,aligned,ok,0.197265625
Qwen/Qwen2.5-0.5B,3,0.125,last_token,ja,ko,r5,256,512,delta,ok,0.130859375
Qwen/Qwen2.5-0.5B,3,0.125,last_token,ja,ko,r10,256,512,raw,ok,0.12890625
Qwen/Qwen2.5-0.5B,3,0.125,last_token,ja,ko,r10,256,512,aligned,ok,0.310546875
Qwen/Qwen2.5-0.5B,3,0.125,last_token,ja,ko,r10,256,512,delta,ok,0.181640625
Qwen/Qwen2.5-0.5B,3,0.125,last_token,ja,ko,mrr,256,512,raw,ok,0.05961745160066061
Qwen/Qwen2.5-0.5B,3,0.125,last_token,ja,ko,mrr,256,512,aligned,ok,0.14847972129631865
Qwen/Qwen2.5-0.5B,3,0.125,last_token,ja,ko,mrr,256,512,delta,ok,0.08886226969565802
Qwen/Qwen2.5-0.5B,3,0.125,last_token,ko,zh,r1,256,512,raw,ok,0.025390625
Qwen/Qwen2.5-0.5B,3,0.125,last_token,ko,zh,r1,256,512,aligned,ok,0.052734375
Qwen/Qwen2.5-0.5B,3,0.125,last_token,ko,zh,r1,256,512,delta,ok,0.02734375
Qwen/Qwen2.5-0.5B,3,0.125,last_token,ko,zh,r5,256,512,raw,ok,0.0703125
Qwen/Qwen2.5-0.5B,3,0.125,last_token,ko,zh,r5,256,512,aligned,ok,0.173828125
Qwen/Qwen2.5-0.5B,3,0.125,last_token,ko,zh,r5,256,512,delta,ok,0.103515625
Qwen/Qwen2.5-0.5B,3,0.125,last_token,ko,zh,r10,256,512,raw,ok,0.1015625
Qwen/Qwen2.5-0.5B,3,0.125,last_token,ko,zh,r10,256,512,aligned,ok,0.263671875
Qwen/Qwen2.5-0.5B,3,0.125,last_token,ko,zh,r10,256,512,delta,ok,0.162109375
Qwen/Qwen2.5-0.5B,3,0.125,last_token,ko,zh,mrr,256,512,raw,ok,0.05961128515486548
Qwen/Qwen2.5-0.5B,3,0.125,last_token,ko,zh,mrr,256,512,aligned,ok,0.12228213574180477
Qwen/Qwen2.5-0.5B,3,0.125,last_token,ko,zh,mrr,256,512,delta,ok,0.06267085058693929
Qwen/Qwen2.5-0.5B,3,0.125,last_token,zh,ko,r1,256,512,raw,ok,0.0234375
Qwen/Qwen2.5-0.5B,3,0.125,last_token,zh,ko,r1,256,512,aligned,ok,0.0703125
Qwen/Qwen2.5-0.5B,3,0.125,last_token,zh,ko,r1,256,512,delta,ok,0.046875
Qwen/Qwen2.5-0.5B,3,0.125,last_token,zh,ko,r5,256,512,raw,ok,0.08203125
Qwen/Qwen2.5-0.5B,3,0.125,last_token,zh,ko,r5,256,512,aligned,ok,0.208984375
Qwen/Qwen2.5-0.5B,3,0.125,last_token,zh,ko,r5,256,512,delta,ok,0.126953125
Qwen/Qwen2.5-0.5B,3,0.125,last_token,zh,ko,r10,256,512,raw,ok,0.107421875
Qwen/Qwen2.5-0.5B,3,0.125,last_token,zh,ko,r10,256,512,aligned,ok,0.298828125
Qwen/Qwen2.5-0.5B,3,0.125,last_token,zh,ko,r10,256,512,delta,ok,0.19140625
Qwen/Qwen2.5-0.5B,3,0.125,last_token,zh,ko,mrr,256,512,raw,ok,0.05916469421590681
Qwen/Qwen2.5-0.5B,3,0.125,last_token,zh,ko,mrr,256,512,aligned,ok,0.14461972690386388
Qwen/Qwen2.5-0.5B,3,0.125,last_token,zh,ko,mrr,256,512,delta,ok,0.08545503268795707
Qwen/Qwen2.5-0.5B,3,0.125,last_token,ja,zh,r1,256,512,raw,ok,0.04296875
Qwen/Qwen2.5-0.5B,3,0.125,last_token,ja,zh,r1,256,512,aligned,ok,0.115234375
Qwen/Qwen2.5-0.5B,3,0.125,last_token,ja,zh,r1,256,512,delta,ok,0.072265625
Qwen/Qwen2.5-0.5B,3,0.125,last_token,ja,zh,r5,256,512,raw,ok,0.09375
Qwen/Qwen2.5-0.5B,3,0.125,last_token,ja,zh,r5,256,512,aligned,ok,0.29296875
Qwen/Qwen2.5-0.5B,3,0.125,last_token,ja,zh,r5,256,512,delta,ok,0.19921875
Qwen/Qwen2.5-0.5B,3,0.125,last_token,ja,zh,r10,256,512,raw,ok,0.140625
Qwen/Qwen2.5-0.5B,3,0.125,last_token,ja,zh,r10,256,512,aligned,ok,0.376953125
Qwen/Qwen2.5-0.5B,3,0.125,last_token,ja,zh,r10,256,512,delta,ok,0.236328125
Qwen/Qwen2.5-0.5B,3,0.125,last_token,ja,zh,mrr,256,512,raw,ok,0.07971787009473505
Qwen/Qwen2.5-0.5B,3,0.125,last_token,ja,zh,mrr,256,512,aligned,ok,0.20782995497974333
Qwen/Qwen2.5-0.5B,3,0.125,last_token,ja,zh,mrr,256,512,delta,ok,0.12811208488500828
Qwen/Qwen2.5-0.5B,3,0.125,last_token,zh,ja,r1,256,512,raw,ok,0.025390625
Qwen/Qwen2.5-0.5B,3,0.125,last_token,zh,ja,r1,256,512,aligned,ok,0.125
Qwen/Qwen2.5-0.5B,3,0.125,last_token,zh,ja,r1,256,512,delta,ok,0.099609375
Qwen/Qwen2.5-0.5B,3,0.125,last_token,zh,ja,r5,256,512,raw,ok,0.0546875
Qwen/Qwen2.5-0.5B,3,0.125,last_token,zh,ja,r5,256,512,aligned,ok,0.296875
Qwen/Qwen2.5-0.5B,3,0.125,last_token,zh,ja,r5,256,512,delta,ok,0.2421875
Qwen/Qwen2.5-0.5B,3,0.125,last_token,zh,ja,r10,256,512,raw,ok,0.095703125
Qwen/Qwen2.5-0.5B,3,0.125,last_token,zh,ja,r10,256,512,aligned,ok,0.41015625
Qwen/Qwen2.5-0.5B,3,0.125,last_token,zh,ja,r10,256,512,delta,ok,0.314453125
Qwen/Qwen2.5-0.5B,3,0.125,last_token,zh,ja,mrr,256,512,raw,ok,0.05212430815319884
Qwen/Qwen2.5-0.5B,3,0.125,last_token,zh,ja,mrr,256,512,aligned,ok,0.2180393499690399
Qwen/Qwen2.5-0.5B,3,0.125,last_token,zh,ja,mrr,256,512,delta,ok,0.16591504181584105
Qwen/Qwen2.5-0.5B,4,0.16666666666666666,last_token,en,ko,r1,256,512,raw,ok,0.0703125
Qwen/Qwen2.5-0.5B,4,0.16666666666666666,last_token,en,ko,r1,256,512,aligned,ok,0.146484375
Qwen/Qwen2.5-0.5B,4,0.16666666666666666,last_token,en,ko,r1,256,512,delta,ok,0.076171875
Qwen/Qwen2.5-0.5B,4,0.16666666666666666,last_token,en,ko,r5,256,512,raw,ok,0.140625
Qwen/Qwen2.5-0.5B,4,0.16666666666666666,last_token,en,ko,r5,256,512,aligned,ok,0.3359375
Qwen/Qwen2.5-0.5B,4,0.16666666666666666,last_token,en,ko,r5,256,512,delta,ok,0.1953125
Qwen/Qwen2.5-0.5B,4,0.16666666666666666,last_token,en,ko,r10,256,512,raw,ok,0.205078125
Qwen/Qwen2.5-0.5B,4,0.16666666666666666,last_token,en,ko,r10,256,512,aligned,ok,0.46484375
Qwen/Qwen2.5-0.5B,4,0.16666666666666666,last_token,en,ko,r10,256,512,delta,ok,0.259765625
Qwen/Qwen2.5-0.5B,4,0.16666666666666666,last_token,en,ko,mrr,256,512,raw,ok,0.11493596734348795
Qwen/Qwen2.5-0.5B,4,0.16666666666666666,last_token,en,ko,mrr,256,512,aligned,ok,0.24928043399851801
Qwen/Qwen2.5-0.5B,4,0.16666666666666666,last_token,en,ko,mrr,256,512,delta,ok,0.13434446665503008
Qwen/Qwen2.5-0.5B,4,0.16666666666666666,last_token,ko,en,r1,256,512,raw,ok,0.05078125
Qwen/Qwen2.5-0.5B,4,0.16666666666666666,last_token,ko,en,r1,256,512,aligned,ok,0.146484375
Qwen/Qwen2.5-0.5B,4,0.16666666666666666,last_token,ko,en,r1,256,512,delta,ok,0.095703125
Qwen/Qwen2.5-0.5B,4,0.16666666666666666,last_token,ko,en,r5,256,512,raw,ok,0.16015625
Qwen/Qwen2.5-0.5B,4,0.16666666666666666,last_token,ko,en,r5,256,512,aligned,ok,0.3203125
Qwen/Qwen2.5-0.5B,4,0.16666666666666666,last_token,ko,en,r5,256,512,delta,ok,0.16015625
Qwen/Qwen2.5-0.5B,4,0.16666666666666666,last_token,ko,en,r10,256,512,raw,ok,0.234375
Qwen/Qwen2.5-0.5B,4,0.16666666666666666,last_token,ko,en,r10,256,512,aligned,ok,0.421875
Qwen/Qwen2.5-0.5B,4,0.16666666666666666,last_token,ko,en,r10,256,512,delta,ok,0.1875
Qwen/Qwen2.5-0.5B,4,0.16666666666666666,last_token,ko,en,mrr,256,512,raw,ok,0.11670051304003737
Qwen/Qwen2.5-0.5B,4,0.16666666666666666,last_token,ko,en,mrr,256,512,aligned,ok,0.24006869930753666
Qwen/Qwen2.5-0.5B,4,0.16666666666666666,last_token,ko,en,mrr,256,512,delta,ok,0.12336818626749929
Qwen/Qwen2.5-0.5B,4,0.16666666666666666,last_token,en,ja,r1,256,512,raw,ok,0.033203125
Qwen/Qwen2.5-0.5B,4,0.16666666666666666,last_token,en,ja,r1,256,512,aligned,ok,0.21484375
Qwen/Qwen2.5-0.5B,4,0.16666666666666666,last_token,en,ja,r1,256,512,delta,ok,0.181640625
Qwen/Qwen2.5-0.5B,4,0.16666666666666666,last_token,en,ja,r5,256,512,raw,ok,0.09765625
Qwen/Qwen2.5-0.5B,4,0.16666666666666666,last_token,en,ja,r5,256,512,aligned,ok,0.494140625
Qwen/Qwen2.5-0.5B,4,0.16666666666666666,last_token,en,ja,r5,256,512,delta,ok,0.396484375
Qwen/Qwen2.5-0.5B,4,0.16666666666666666,last_token,en,ja,r10,256,512,raw,ok,0.1328125
Qwen/Qwen2.5-0.5B,4,0.16666666666666666,last_token,en,ja,r10,256,512,aligned,ok,0.603515625
Qwen/Qwen2.5-0.5B,4,0.16666666666666666,last_token,en,ja,r10,256,512,delta,ok,0.470703125
Qwen/Qwen2.5-0.5B,4,0.16666666666666666,last_token,en,ja,mrr,256,512,raw,ok,0.07418904601579868
Qwen/Qwen2.5-0.5B,4,0.16666666666666666,last_token,en,ja,mrr,256,512,aligned,ok,0.348126159131955
Qwen/Qwen2.5-0.5B,4,0.16666666666666666,last_token,en,ja,mrr,256,512,delta,ok,0.2739371131161563
Qwen/Qwen2.5-0.5B,4,0.16666666666666666,last_token,ja,en,r1,256,512,raw,ok,0.05859375
Qwen/Qwen2.5-0.5B,4,0.16666666666666666,last_token,ja,en,r1,256,512,aligned,ok,0.193359375
Qwen/Qwen2.5-0.5B,4,0.16666666666666666,last_token,ja,en,r1,256,512,delta,ok,0.134765625
Qwen/Qwen2.5-0.5B,4,0.16666666666666666,last_token,ja,en,r5,256,512,raw,ok,0.208984375
Qwen/Qwen2.5-0.5B,4,0.16666666666666666,last_token,ja,en,r5,256,512,aligned,ok,0.408203125
Qwen/Qwen2.5-0.5B,4,0.16666666666666666,last_token,ja,en,r5,256,512,delta,ok,0.19921875
Qwen/Qwen2.5-0.5B,4,0.16666666666666666,last_token,ja,en,r10,256,512,raw,ok,0.271484375
Qwen/Qwen2.5-0.5B,4,0.16666666666666666,last_token,ja,en,r10,256,512,aligned,ok,0.51953125
Qwen/Qwen2.5-0.5B,4,0.16666666666666666,last_token,ja,en,r10,256,512,delta,ok,0.248046875
Qwen/Qwen2.5-0.5B,4,0.16666666666666666,last_token,ja,en,mrr,256,512,raw,ok,0.13558381771197722
Qwen/Qwen2.5-0.5B,4,0.16666666666666666,last_token,ja,en,mrr,256,512,aligned,ok,0.2973691296989004
Qwen/Qwen2.5-0.5B,4,0.16666666666666666,last_token,ja,en,mrr,256,512,delta,ok,0.16178531198692317
Qwen/Qwen2.5-0.5B,4,0.16666666666666666,last_token,en,zh,r1,256,512,raw,ok,0.189453125
Qwen/Qwen2.5-0.5B,4,0.16666666666666666,last_token,en,zh,r1,256,512,aligned,ok,0.40625
Qwen/Qwen2.5-0.5B,4,0.16666666666666666,last_token,en,zh,r1,256,512,delta,ok,0.216796875
Qwen/Qwen2.5-0.5B,4,0.16666666666666666,last_token,en,zh,r5,256,512,raw,ok,0.353515625
Qwen/Qwen2.5-0.5B,4,0.16666666666666666,last_token,en,zh,r5,256,512,aligned,ok,0.6640625
Qwen/Qwen2.5-0.5B,4,0.16666666666666666,last_token,en,zh,r5,256,512,delta,ok,0.310546875
Qwen/Qwen2.5-0.5B,4,0.16666666666666666,last_token,en,zh,r10,256,512,raw,ok,0.451171875
Qwen/Qwen2.5-0.5B,4,0.16666666666666666,last_token,en,zh,r10,256,512,aligned,ok,0.771484375
Qwen/Qwen2.5-0.5B,4,0.16666666666666666,last_token,en,zh,r10,256,512,delta,ok,0.3203125
Qwen/Qwen2.5-0.5B,4,0.16666666666666666,last_token,en,zh,mrr,256,512,raw,ok,0.2753307261246065
Qwen/Qwen2.5-0.5B,4,0.16666666666666666,last_token,en,zh,mrr,256,512,aligned,ok,0.523455379825327
Qwen/Qwen2.5-0.5B,4,0.16666666666666666,last_token,en,zh,mrr,256,512,delta,ok,0.24812465370072045
Qwen/Qwen2.5-0.5B,4,0.16666666666666666,last_token,zh,en,r1,256,512,raw,ok,0.330078125
Qwen/Qwen2.5-0.5B,4,0.16666666666666666,last_token,zh,en,r1,256,512,aligned,ok,0.41015625
Qwen/Qwen2.5-0.5B,4,0.16666666666666666,last_token,zh,en,r1,256,512,delta,ok,0.080078125
Qwen/Qwen2.5-0.5B,4,0.16666666666666666,last_token,zh,en,r5,256,512,raw,ok,0.52734375
Qwen/Qwen2.5-0.5B,4,0.16666666666666666,last_token,zh,en,r5,256,512,aligned,ok,0.677734375
Qwen/Qwen2.5-0.5B,4,0.16666666666666666,last_token,zh,en,r5,256,512,delta,ok,0.150390625
Qwen/Qwen2.5-0.5B,4,0.16666666666666666,last_token,zh,en,r10,256,512,raw,ok,0.62890625
Qwen/Qwen2.5-0.5B,4,0.16666666666666666,last_token,zh,en,r10,256,512,aligned,ok,0.7578125
Qwen/Qwen2.5-0.5B,4,0.16666666666666666,last_token,zh,en,r10,256,512,delta,ok,0.12890625
Qwen/Qwen2.5-0.5B,4,0.16666666666666666,last_token,zh,en,mrr,256,512,raw,ok,0.4279224342548118
Qwen/Qwen2.5-0.5B,4,0.16666666666666666,last_token,zh,en,mrr,256,512,aligned,ok,0.5331170430306171
Qwen/Qwen2.5-0.5B,4,0.16666666666666666,last_token,zh,en,mrr,256,512,delta,ok,0.10519460877580533
Qwen/Qwen2.5-0.5B,4,0.16666666666666666,last_token,ko,ja,r1,256,512,raw,ok,0.044921875
Qwen/Qwen2.5-0.5B,4,0.16666666666666666,last_token,ko,ja,r1,256,512,aligned,ok,0.10546875
Qwen/Qwen2.5-0.5B,4,0.16666666666666666,last_token,ko,ja,r1,256,512,delta,ok,0.060546875
Qwen/Qwen2.5-0.5B,4,0.16666666666666666,last_token,ko,ja,r5,256,512,raw,ok,0.154296875
Qwen/Qwen2.5-0.5B,4,0.16666666666666666,last_token,ko,ja,r5,256,512,aligned,ok,0.29296875
Qwen/Qwen2.5-0.5B,4,0.16666666666666666,last_token,ko,ja,r5,256,512,delta,ok,0.138671875
Qwen/Qwen2.5-0.5B,4,0.16666666666666666,last_token,ko,ja,r10,256,512,raw,ok,0.220703125
Qwen/Qwen2.5-0.5B,4,0.16666666666666666,last_token,ko,ja,r10,256,512,aligned,ok,0.404296875
Qwen/Qwen2.5-0.5B,4,0.16666666666666666,last_token,ko,ja,r10,256,512,delta,ok,0.18359375
Qwen/Qwen2.5-0.5B,4,0.16666666666666666,last_token,ko,ja,mrr,256,512,raw,ok,0.10957038518250714
Qwen/Qwen2.5-0.5B,4,0.16666666666666666,last_token,ko,ja,mrr,256,512,aligned,ok,0.2033711546297716
Qwen/Qwen2.5-0.5B,4,0.16666666666666666,last_token,ko,ja,mrr,256,512,delta,ok,0.09380076944726445
Qwen/Qwen2.5-0.5B,4,0.16666666666666666,last_token,ja,ko,r1,256,512,raw,ok,0.068359375
Qwen/Qwen2.5-0.5B,4,0.16666666666666666,last_token,ja,ko,r1,256,512,aligned,ok,0.126953125
Qwen/Qwen2.5-0.5B,4,0.16666666666666666,last_token,ja,ko,r1,256,512,delta,ok,0.05859375
Qwen/Qwen2.5-0.5B,4,0.16666666666666666,last_token,ja,ko,r5,256,512,raw,ok,0.166015625
Qwen/Qwen2.5-0.5B,4,0.16666666666666666,last_token,ja,ko,r5,256,512,aligned,ok,0.283203125
Qwen/Qwen2.5-0.5B,4,0.16666666666666666,last_token,ja,ko,r5,256,512,delta,ok,0.1171875
Qwen/Qwen2.5-0.5B,4,0.16666666666666666,last_token,ja,ko,r10,256,512,raw,ok,0.240234375
Qwen/Qwen2.5-0.5B,4,0.16666666666666666,last_token,ja,ko,r10,256,512,aligned,ok,0.375
Qwen/Qwen2.5-0.5B,4,0.16666666666666666,last_token,ja,ko,r10,256,512,delta,ok,0.134765625
Qwen/Qwen2.5-0.5B,4,0.16666666666666666,last_token,ja,ko,mrr,256,512,raw,ok,0.12770493165030622
Qwen/Qwen2.5-0.5B,4,0.16666666666666666,last_token,ja,ko,mrr,256,512,aligned,ok,0.2102300921811472
Qwen/Qwen2.5-0.5B,4,0.16666666666666666,last_token,ja,ko,mrr,256,512,delta,ok,0.08252516053084097
Qwen/Qwen2.5-0.5B,4,0.16666666666666666,last_token,ko,zh,r1,256,512,raw,ok,0.046875
Qwen/Qwen2.5-0.5B,4,0.16666666666666666,last_token,ko,zh,r1,256,512,aligned,ok,0.087890625
Qwen/Qwen2.5-0.5B,4,0.16666666666666666,last_token,ko,zh,r1,256,512,delta,ok,0.041015625
Qwen/Qwen2.5-0.5B,4,0.16666666666666666,last_token,ko,zh,r5,256,512,raw,ok,0.11328125
Qwen/Qwen2.5-0.5B,4,0.16666666666666666,last_token,ko,zh,r5,256,512,aligned,ok,0.26171875
Qwen/Qwen2.5-0.5B,4,0.16666666666666666,last_token,ko,zh,r5,256,512,delta,ok,0.1484375
Qwen/Qwen2.5-0.5B,4,0.16666666666666666,last_token,ko,zh,r10,256,512,raw,ok,0.185546875
Qwen/Qwen2.5-0.5B,4,0.16666666666666666,last_token,ko,zh,r10,256,512,aligned,ok,0.341796875
Qwen/Qwen2.5-0.5B,4,0.16666666666666666,last_token,ko,zh,r10,256,512,delta,ok,0.15625
Qwen/Qwen2.5-0.5B,4,0.16666666666666666,last_token,ko,zh,mrr,256,512,raw,ok,0.09362859521284168
Qwen/Qwen2.5-0.5B,4,0.16666666666666666,last_token,ko,zh,mrr,256,512,aligned,ok,0.17910729938125292
Qwen/Qwen2.5-0.5B,4,0.16666666666666666,last_token,ko,zh,mrr,256,512,delta,ok,0.08547870416841123
Qwen/Qwen2.5-0.5B,4,0.16666666666666666,last_token,zh,ko,r1,256,512,raw,ok,0.064453125
Qwen/Qwen2.5-0.5B,4,0.16666666666666666,last_token,zh,ko,r1,256,512,aligned,ok,0.130859375
Qwen/Qwen2.5-0.5B,4,0.16666666666666666,last_token,zh,ko,r1,256,512,delta,ok,0.06640625
Qwen/Qwen2.5-0.5B,4,0.16666666666666666,last_token,zh,ko,r5,256,512,raw,ok,0.130859375
Qwen/Qwen2.5-0.5B,4,0.16666666666666666,last_token,zh,ko,r5,256,512,aligned,ok,0.283203125
Qwen/Qwen2.5-0.5B,4,0.16666666666666666,last_token,zh,ko,r5,256,512,delta,ok,0.15234375
Qwen/Qwen2.5-0.5B,4,0.16666666666666666,last_token,zh,ko,r10,256,512,raw,ok,0.19140625
Qwen/Qwen2.5-0.5B,4,0.16666666666666666,last_token,zh,ko,r10,256,512,aligned,ok,0.373046875
Qwen/Qwen2.5-0.5B,4,0.16666666666666666,last_token,zh,ko,r10,256,512,delta,ok,0.181640625
Qwen/Qwen2.5-0.5B,4,0.16666666666666666,last_token,zh,ko,mrr,256,512,raw,ok,0.10609396958321061
Qwen/Qwen2.5-0.5B,4,0.16666666666666666,last_token,zh,ko,mrr,256,512,aligned,ok,0.21551300774351873
Qwen/Qwen2.5-0.5B,4,0.16666666666666666,last_token,zh,ko,mrr,256,512,delta,ok,0.10941903816030811
Qwen/Qwen2.5-0.5B,4,0.16666666666666666,last_token,ja,zh,r1,256,512,raw,ok,0.078125
Qwen/Qwen2.5-0.5B,4,0.16666666666666666,last_token,ja,zh,r1,256,512,aligned,ok,0.15625
Qwen/Qwen2.5-0.5B,4,0.16666666666666666,last_token,ja,zh,r1,256,512,delta,ok,0.078125
Qwen/Qwen2.5-0.5B,4,0.16666666666666666,last_token,ja,zh,r5,256,512,raw,ok,0.19140625
Qwen/Qwen2.5-0.5B,4,0.16666666666666666,last_token,ja,zh,r5,256,512,aligned,ok,0.37890625
Qwen/Qwen2.5-0.5B,4,0.16666666666666666,last_token,ja,zh,r5,256,512,delta,ok,0.1875
Qwen/Qwen2.5-0.5B,4,0.16666666666666666,last_token,ja,zh,r10,256,512,raw,ok,0.25
Qwen/Qwen2.5-0.5B,4,0.16666666666666666,last_token,ja,zh,r10,256,512,aligned,ok,0.5078125
Qwen/Qwen2.5-0.5B,4,0.16666666666666666,last_token,ja,zh,r10,256,512,delta,ok,0.2578125
Qwen/Qwen2.5-0.5B,4,0.16666666666666666,last_token,ja,zh,mrr,256,512,raw,ok,0.13814785551178843
Qwen/Qwen2.5-0.5B,4,0.16666666666666666,last_token,ja,zh,mrr,256,512,aligned,ok,0.270916929379332
Qwen/Qwen2.5-0.5B,4,0.16666666666666666,last_token,ja,zh,mrr,256,512,delta,ok,0.13276907386754355
Qwen/Qwen2.5-0.5B,4,0.16666666666666666,last_token,zh,ja,r1,256,512,raw,ok,0.041015625
Qwen/Qwen2.5-0.5B,4,0.16666666666666666,last_token,zh,ja,r1,256,512,aligned,ok,0.177734375
Qwen/Qwen2.5-0.5B,4,0.16666666666666666,last_token,zh,ja,r1,256,512,delta,ok,0.13671875
Qwen/Qwen2.5-0.5B,4,0.16666666666666666,last_token,zh,ja,r5,256,512,raw,ok,0.12109375
Qwen/Qwen2.5-0.5B,4,0.16666666666666666,last_token,zh,ja,r5,256,512,aligned,ok,0.44140625
Qwen/Qwen2.5-0.5B,4,0.16666666666666666,last_token,zh,ja,r5,256,512,delta,ok,0.3203125
Qwen/Qwen2.5-0.5B,4,0.16666666666666666,last_token,zh,ja,r10,256,512,raw,ok,0.162109375
Qwen/Qwen2.5-0.5B,4,0.16666666666666666,last_token,zh,ja,r10,256,512,aligned,ok,0.529296875
Qwen/Qwen2.5-0.5B,4,0.16666666666666666,last_token,zh,ja,r10,256,512,delta,ok,0.3671875
Qwen/Qwen2.5-0.5B,4,0.16666666666666666,last_token,zh,ja,mrr,256,512,raw,ok,0.08572784467694292
Qwen/Qwen2.5-0.5B,4,0.16666666666666666,last_token,zh,ja,mrr,256,512,aligned,ok,0.30206724850755307
Qwen/Qwen2.5-0.5B,4,0.16666666666666666,last_token,zh,ja,mrr,256,512,delta,ok,0.21633940383061015
Qwen/Qwen2.5-0.5B,5,0.20833333333333334,last_token,en,ko,r1,256,512,raw,ok,0.23046875
Qwen/Qwen2.5-0.5B,5,0.20833333333333334,last_token,en,ko,r1,256,512,aligned,ok,0.36328125
Qwen/Qwen2.5-0.5B,5,0.20833333333333334,last_token,en,ko,r1,256,512,delta,ok,0.1328125
Qwen/Qwen2.5-0.5B,5,0.20833333333333334,last_token,en,ko,r5,256,512,raw,ok,0.451171875
Qwen/Qwen2.5-0.5B,5,0.20833333333333334,last_token,en,ko,r5,256,512,aligned,ok,0.64453125
Qwen/Qwen2.5-0.5B,5,0.20833333333333334,last_token,en,ko,r5,256,512,delta,ok,0.193359375
Qwen/Qwen2.5-0.5B,5,0.20833333333333334,last_token,en,ko,r10,256,512,raw,ok,0.55078125
Qwen/Qwen2.5-0.5B,5,0.20833333333333334,last_token,en,ko,r10,256,512,aligned,ok,0.73828125
Qwen/Qwen2.5-0.5B,5,0.20833333333333334,last_token,en,ko,r10,256,512,delta,ok,0.1875
Qwen/Qwen2.5-0.5B,5,0.20833333333333334,last_token,en,ko,mrr,256,512,raw,ok,0.3373850054792594
Qwen/Qwen2.5-0.5B,5,0.20833333333333334,last_token,en,ko,mrr,256,512,aligned,ok,0.49205746477961254
Qwen/Qwen2.5-0.5B,5,0.20833333333333334,last_token,en,ko,mrr,256,512,delta,ok,0.15467245930035312
Qwen/Qwen2.5-0.5B,5,0.20833333333333334,last_token,ko,en,r1,256,512,raw,ok,0.259765625
Qwen/Qwen2.5-0.5B,5,0.20833333333333334,last_token,ko,en,r1,256,512,aligned,ok,0.31640625
Qwen/Qwen2.5-0.5B,5,0.20833333333333334,last_token,ko,en,r1,256,512,delta,ok,0.056640625
Qwen/Qwen2.5-0.5B,5,0.20833333333333334,last_token,ko,en,r5,256,512,raw,ok,0.515625
Qwen/Qwen2.5-0.5B,5,0.20833333333333334,last_token,ko,en,r5,256,512,aligned,ok,0.61328125
Qwen/Qwen2.5-0.5B,5,0.20833333333333334,last_token,ko,en,r5,256,512,delta,ok,0.09765625
Qwen/Qwen2.5-0.5B,5,0.20833333333333334,last_token,ko,en,r10,256,512,raw,ok,0.60546875
Qwen/Qwen2.5-0.5B,5,0.20833333333333334,last_token,ko,en,r10,256,512,aligned,ok,0.71484375
Qwen/Qwen2.5-0.5B,5,0.20833333333333334,last_token,ko,en,r10,256,512,delta,ok,0.109375
Qwen/Qwen2.5-0.5B,5,0.20833333333333334,last_token,ko,en,mrr,256,512,raw,ok,0.37465969235110236
Qwen/Qwen2.5-0.5B,5,0.20833333333333334,last_token,ko,en,mrr,256,512,aligned,ok,0.45028143162906326
Qwen/Qwen2.5-0.5B,5,0.20833333333333334,last_token,ko,en,mrr,256,512,delta,ok,0.0756217392779609
Qwen/Qwen2.5-0.5B,5,0.20833333333333334,last_token,en,ja,r1,256,512,raw,ok,0.20703125
Qwen/Qwen2.5-0.5B,5,0.20833333333333334,last_token,en,ja,r1,256,512,aligned,ok,0.44140625
Qwen/Qwen2.5-0.5B,5,0.20833333333333334,last_token,en,ja,r1,256,512,delta,ok,0.234375
Qwen/Qwen2.5-0.5B,5,0.20833333333333334,last_token,en,ja,r5,256,512,raw,ok,0.41015625
Qwen/Qwen2.5-0.5B,5,0.20833333333333334,last_token,en,ja,r5,256,512,aligned,ok,0.720703125
Qwen/Qwen2.5-0.5B,5,0.20833333333333334,last_token,en,ja,r5,256,512,delta,ok,0.310546875
Qwen/Qwen2.5-0.5B,5,0.20833333333333334,last_token,en,ja,r10,256,512,raw,ok,0.521484375
Qwen/Qwen2.5-0.5B,5,0.20833333333333334,last_token,en,ja,r10,256,512,aligned,ok,0.814453125
Qwen/Qwen2.5-0.5B,5,0.20833333333333334,last_token,en,ja,r10,256,512,delta,ok,0.29296875
Qwen/Qwen2.5-0.5B,5,0.20833333333333334,last_token,en,ja,mrr,256,512,raw,ok,0.30834982119920296
Qwen/Qwen2.5-0.5B,5,0.20833333333333334,last_token,en,ja,mrr,256,512,aligned,ok,0.5726334259955455
Qwen/Qwen2.5-0.5B,5,0.20833333333333334,last_token,en,ja,mrr,256,512,delta,ok,0.2642836047963425
Qwen/Qwen2.5-0.5B,5,0.20833333333333334,last_token,ja,en,r1,256,512,raw,ok,0.28125
Qwen/Qwen2.5-0.5B,5,0.20833333333333334,last_token,ja,en,r1,256,512,aligned,ok,0.388671875
Qwen/Qwen2.5-0.5B,5,0.20833333333333334,last_token,ja,en,r1,256,512,delta,ok,0.107421875
Qwen/Qwen2.5-0.5B,5,0.20833333333333334,last_token,ja,en,r5,256,512,raw,ok,0.505859375
Qwen/Qwen2.5-0.5B,5,0.20833333333333334,last_token,ja,en,r5,256,512,aligned,ok,0.693359375
Qwen/Qwen2.5-0.5B,5,0.20833333333333334,last_token,ja,en,r5,256,512,delta,ok,0.1875
Qwen/Qwen2.5-0.5B,5,0.20833333333333334,last_token,ja,en,r10,256,512,raw,ok,0.5859375
Qwen/Qwen2.5-0.5B,5,0.20833333333333334,last_token,ja,en,r10,256,512,aligned,ok,0.8125
Qwen/Qwen2.5-0.5B,5,0.20833333333333334,last_token,ja,en,r10,256,512,delta,ok,0.2265625
Qwen/Qwen2.5-0.5B,5,0.20833333333333334,last_token,ja,en,mrr,256,512,raw,ok,0.38758800590387876
Qwen/Qwen2.5-0.5B,5,0.20833333333333334,last_token,ja,en,mrr,256,512,aligned,ok,0.529417818106355
Qwen/Qwen2.5-0.5B,5,0.20833333333333334,last_token,ja,en,mrr,256,512,delta,ok,0.14182981220247626
Qwen/Qwen2.5-0.5B,5,0.20833333333333334,last_token,en,zh,r1,256,512,raw,ok,0.49609375
Qwen/Qwen2.5-0.5B,5,0.20833333333333334,last_token,en,zh,r1,256,512,aligned,ok,0.63671875
Qwen/Qwen2.5-0.5B,5,0.20833333333333334,last_token,en,zh,r1,256,512,delta,ok,0.140625
Qwen/Qwen2.5-0.5B,5,0.20833333333333334,last_token,en,zh,r5,256,512,raw,ok,0.705078125
Qwen/Qwen2.5-0.5B,5,0.20833333333333334,last_token,en,zh,r5,256,512,aligned,ok,0.84765625
Qwen/Qwen2.5-0.5B,5,0.20833333333333334,last_token,en,zh,r5,256,512,delta,ok,0.142578125
Qwen/Qwen2.5-0.5B,5,0.20833333333333334,last_token,en,zh,r10,256,512,raw,ok,0.79296875
Qwen/Qwen2.5-0.5B,5,0.20833333333333334,last_token,en,zh,r10,256,512,aligned,ok,0.900390625
Qwen/Qwen2.5-0.5B,5,0.20833333333333334,last_token,en,zh,r10,256,512,delta,ok,0.107421875
Qwen/Qwen2.5-0.5B,5,0.20833333333333334,last_token,en,zh,mrr,256,512,raw,ok,0.5964957457609265
Qwen/Qwen2.5-0.5B,5,0.20833333333333334,last_token,en,zh,mrr,256,512,aligned,ok,0.7361264793878497
Qwen/Qwen2.5-0.5B,5,0.20833333333333334,last_token,en,zh,mrr,256,512,delta,ok,0.13963073362692324
Qwen/Qwen2.5-0.5B,5,0.20833333333333334,last_token,zh,en,r1,256,512,raw,ok,0.591796875
Qwen/Qwen2.5-0.5B,5,0.20833333333333334,last_token,zh,en,r1,256,512,aligned,ok,0.61328125
Qwen/Qwen2.5-0.5B,5,0.20833333333333334,last_token,zh,en,r1,256,512,delta,ok,0.021484375
Qwen/Qwen2.5-0.5B,5,0.20833333333333334,last_token,zh,en,r5,256,512,raw,ok,0.791015625
Qwen/Qwen2.5-0.5B,5,0.20833333333333334,last_token,zh,en,r5,256,512,aligned,ok,0.86328125
Qwen/Qwen2.5-0.5B,5,0.20833333333333334,last_token,zh,en,r5,256,512,delta,ok,0.072265625
Qwen/Qwen2.5-0.5B,5,0.20833333333333334,last_token,zh,en,r10,256,512,raw,ok,0.859375
Qwen/Qwen2.5-0.5B,5,0.20833333333333334,last_token,zh,en,r10,256,512,aligned,ok,0.90234375
Qwen/Qwen2.5-0.5B,5,0.20833333333333334,last_token,zh,en,r10,256,512,delta,ok,0.04296875
Qwen/Qwen2.5-0.5B,5,0.20833333333333334,last_token,zh,en,mrr,256,512,raw,ok,0.6842369749005021
Qwen/Qwen2.5-0.5B,5,0.20833333333333334,last_token,zh,en,mrr,256,512,aligned,ok,0.7245728664310267
Qwen/Qwen2.5-0.5B,5,0.20833333333333334,last_token,zh,en,mrr,256,512,delta,ok,0.04033589153052464
Qwen/Qwen2.5-0.5B,5,0.20833333333333334,last_token,ko,ja,r1,256,512,raw,ok,0.298828125
Qwen/Qwen2.5-0.5B,5,0.20833333333333334,last_token,ko,ja,r1,256,512,aligned,ok,0.3125
Qwen/Qwen2.5-0.5B,5,0.20833333333333334,last_token,ko,ja,r1,256,512,delta,ok,0.013671875
Qwen/Qwen2.5-0.5B,5,0.20833333333333334,last_token,ko,ja,r5,256,512,raw,ok,0.515625
Qwen/Qwen2.5-0.5B,5,0.20833333333333334,last_token,ko,ja,r5,256,512,aligned,ok,0.572265625
Qwen/Qwen2.5-0.5B,5,0.20833333333333334,last_token,ko,ja,r5,256,512,delta,ok,0.056640625
Qwen/Qwen2.5-0.5B,5,0.20833333333333334,last_token,ko,ja,r10,256,512,raw,ok,0.634765625
Qwen/Qwen2.5-0.5B,5,0.20833333333333334,last_token,ko,ja,r10,256,512,aligned,ok,0.685546875
Qwen/Qwen2.5-0.5B,5,0.20833333333333334,last_token,ko,ja,r10,256,512,delta,ok,0.05078125
Qwen/Qwen2.5-0.5B,5,0.20833333333333334,last_token,ko,ja,mrr,256,512,raw,ok,0.4091518395037045
Qwen/Qwen2.5-0.5B,5,0.20833333333333334,last_token,ko,ja,mrr,256,512,aligned,ok,0.43517601916271764
Qwen/Qwen2.5-0.5B,5,0.20833333333333334,last_token,ko,ja,mrr,256,512,delta,ok,0.026024179659013158
Qwen/Qwen2.5-0.5B,5,0.20833333333333334,last_token,ja,ko,r1,256,512,raw,ok,0.24609375
Qwen/Qwen2.5-0.5B,5,0.20833333333333334,last_token,ja,ko,r1,256,512,aligned,ok,0.30859375
Qwen/Qwen2.5-0.5B,5,0.20833333333333334,last_token,ja,ko,r1,256,512,delta,ok,0.0625
Qwen/Qwen2.5-0.5B,5,0.20833333333333334,last_token,ja,ko,r5,256,512,raw,ok,0.4609375
Qwen/Qwen2.5-0.5B,5,0.20833333333333334,last_token,ja,ko,r5,256,512,aligned,ok,0.568359375
Qwen/Qwen2.5-0.5B,5,0.20833333333333334,last_token,ja,ko,r5,256,512,delta,ok,0.107421875
Qwen/Qwen2.5-0.5B,5,0.20833333333333334,last_token,ja,ko,r10,256,512,raw,ok,0.580078125
Qwen/Qwen2.5-0.5B,5,0.20833333333333334,last_token,ja,ko,r10,256,512,aligned,ok,0.685546875
Qwen/Qwen2.5-0.5B,5,0.20833333333333334,last_token,ja,ko,r10,256,512,delta,ok,0.10546875
Qwen/Qwen2.5-0.5B,5,0.20833333333333334,last_token,ja,ko,mrr,256,512,raw,ok,0.35355428154940316
Qwen/Qwen2.5-0.5B,5,0.20833333333333334,last_token,ja,ko,mrr,256,512,aligned,ok,0.43380021769218796
Qwen/Qwen2.5-0.5B,5,0.20833333333333334,last_token,ja,ko,mrr,256,512,delta,ok,0.0802459361427848
Qwen/Qwen2.5-0.5B,5,0.20833333333333334,last_token,ko,zh,r1,256,512,raw,ok,0.140625
Qwen/Qwen2.5-0.5B,5,0.20833333333333334,last_token,ko,zh,r1,256,512,aligned,ok,0.23828125
Qwen/Qwen2.5-0.5B,5,0.20833333333333334,last_token,ko,zh,r1,256,512,delta,ok,0.09765625
Qwen/Qwen2.5-0.5B,5,0.20833333333333334,last_token,ko,zh,r5,256,512,raw,ok,0.30078125
Qwen/Qwen2.5-0.5B,5,0.20833333333333334,last_token,ko,zh,r5,256,512,aligned,ok,0.494140625
Qwen/Qwen2.5-0.5B,5,0.20833333333333334,last_token,ko,zh,r5,256,512,delta,ok,0.193359375
Qwen/Qwen2.5-0.5B,5,0.20833333333333334,last_token,ko,zh,r10,256,512,raw,ok,0.412109375
Qwen/Qwen2.5-0.5B,5,0.20833333333333334,last_token,ko,zh,r10,256,512,aligned,ok,0.611328125
Qwen/Qwen2.5-0.5B,5,0.20833333333333334,last_token,ko,zh,r10,256,512,delta,ok,0.19921875
Qwen/Qwen2.5-0.5B,5,0.20833333333333334,last_token,ko,zh,mrr,256,512,raw,ok,0.22936089375054175
Qwen/Qwen2.5-0.5B,5,0.20833333333333334,last_token,ko,zh,mrr,256,512,aligned,ok,0.36167754063119406
Qwen/Qwen2.5-0.5B,5,0.20833333333333334,last_token,ko,zh,mrr,256,512,delta,ok,0.1323166468806523
Qwen/Qwen2.5-0.5B,5,0.20833333333333334,last_token,zh,ko,r1,256,512,raw,ok,0.189453125
Qwen/Qwen2.5-0.5B,5,0.20833333333333334,last_token,zh,ko,r1,256,512,aligned,ok,0.26171875
Qwen/Qwen2.5-0.5B,5,0.20833333333333334,last_token,zh,ko,r1,256,512,delta,ok,0.072265625
Qwen/Qwen2.5-0.5B,5,0.20833333333333334,last_token,zh,ko,r5,256,512,raw,ok,0.392578125
Qwen/Qwen2.5-0.5B,5,0.20833333333333334,last_token,zh,ko,r5,256,512,aligned,ok,0.53125
Qwen/Qwen2.5-0.5B,5,0.20833333333333334,last_token,zh,ko,r5,256,512,delta,ok,0.138671875
Qwen/Qwen2.5-0.5B,5,0.20833333333333334,last_token,zh,ko,r10,256,512,raw,ok,0.498046875
Qwen/Qwen2.5-0.5B,5,0.20833333333333334,last_token,zh,ko,r10,256,512,aligned,ok,0.63671875
Qwen/Qwen2.5-0.5B,5,0.20833333333333334,last_token,zh,ko,r10,256,512,delta,ok,0.138671875
Qwen/Qwen2.5-0.5B,5,0.20833333333333334,last_token,zh,ko,mrr,256,512,raw,ok,0.28833865812282633
Qwen/Qwen2.5-0.5B,5,0.20833333333333334,last_token,zh,ko,mrr,256,512,aligned,ok,0.38687092211195284
Qwen/Qwen2.5-0.5B,5,0.20833333333333334,last_token,zh,ko,mrr,256,512,delta,ok,0.09853226398912651
Qwen/Qwen2.5-0.5B,5,0.20833333333333334,last_token,ja,zh,r1,256,512,raw,ok,0.1875
Qwen/Qwen2.5-0.5B,5,0.20833333333333334,last_token,ja,zh,r1,256,512,aligned,ok,0.361328125
Qwen/Qwen2.5-0.5B,5,0.20833333333333334,last_token,ja,zh,r1,256,512,delta,ok,0.173828125
Qwen/Qwen2.5-0.5B,5,0.20833333333333334,last_token,ja,zh,r5,256,512,raw,ok,0.4140625
Qwen/Qwen2.5-0.5B,5,0.20833333333333334,last_token,ja,zh,r5,256,512,aligned,ok,0.63671875
Qwen/Qwen2.5-0.5B,5,0.20833333333333334,last_token,ja,zh,r5,256,512,delta,ok,0.22265625
Qwen/Qwen2.5-0.5B,5,0.20833333333333334,last_token,ja,zh,r10,256,512,raw,ok,0.51171875
Qwen/Qwen2.5-0.5B,5,0.20833333333333334,last_token,ja,zh,r10,256,512,aligned,ok,0.74609375
Qwen/Qwen2.5-0.5B,5,0.20833333333333334,last_token,ja,zh,r10,256,512,delta,ok,0.234375
Qwen/Qwen2.5-0.5B,5,0.20833333333333334,last_token,ja,zh,mrr,256,512,raw,ok,0.29270894663447256
Qwen/Qwen2.5-0.5B,5,0.20833333333333334,last_token,ja,zh,mrr,256,512,aligned,ok,0.4921477150993682
Qwen/Qwen2.5-0.5B,5,0.20833333333333334,last_token,ja,zh,mrr,256,512,delta,ok,0.19943876846489567
Qwen/Qwen2.5-0.5B,5,0.20833333333333334,last_token,zh,ja,r1,256,512,raw,ok,0.146484375
Qwen/Qwen2.5-0.5B,5,0.20833333333333334,last_token,zh,ja,r1,256,512,aligned,ok,0.365234375
Qwen/Qwen2.5-0.5B,5,0.20833333333333334,last_token,zh,ja,r1,256,512,delta,ok,0.21875
Qwen/Qwen2.5-0.5B,5,0.20833333333333334,last_token,zh,ja,r5,256,512,raw,ok,0.32421875
Qwen/Qwen2.5-0.5B,5,0.20833333333333334,last_token,zh,ja,r5,256,512,aligned,ok,0.646484375
Qwen/Qwen2.5-0.5B,5,0.20833333333333334,last_token,zh,ja,r5,256,512,delta,ok,0.322265625
Qwen/Qwen2.5-0.5B,5,0.20833333333333334,last_token,zh,ja,r10,256,512,raw,ok,0.419921875
Qwen/Qwen2.5-0.5B,5,0.20833333333333334,last_token,zh,ja,r10,256,512,aligned,ok,0.765625
Qwen/Qwen2.5-0.5B,5,0.20833333333333334,last_token,zh,ja,r10,256,512,delta,ok,0.345703125
Qwen/Qwen2.5-0.5B,5,0.20833333333333334,last_token,zh,ja,mrr,256,512,raw,ok,0.24177648708739452
Qwen/Qwen2.5-0.5B,5,0.20833333333333334,last_token,zh,ja,mrr,256,512,aligned,ok,0.49580439428005507
Qwen/Qwen2.5-0.5B,5,0.20833333333333334,last_token,zh,ja,mrr,256,512,delta,ok,0.25402790719266055
Qwen/Qwen2.5-0.5B,6,0.25,last_token,en,ko,r1,256,512,raw,ok,0.232421875
Qwen/Qwen2.5-0.5B,6,0.25,last_token,en,ko,r1,256,512,aligned,ok,0.306640625
Qwen/Qwen2.5-0.5B,6,0.25,last_token,en,ko,r1,256,512,delta,ok,0.07421875
Qwen/Qwen2.5-0.5B,6,0.25,last_token,en,ko,r5,256,512,raw,ok,0.396484375
Qwen/Qwen2.5-0.5B,6,0.25,last_token,en,ko,r5,256,512,aligned,ok,0.55078125
Qwen/Qwen2.5-0.5B,6,0.25,last_token,en,ko,r5,256,512,delta,ok,0.154296875
Qwen/Qwen2.5-0.5B,6,0.25,last_token,en,ko,r10,256,512,raw,ok,0.474609375
Qwen/Qwen2.5-0.5B,6,0.25,last_token,en,ko,r10,256,512,aligned,ok,0.669921875
Qwen/Qwen2.5-0.5B,6,0.25,last_token,en,ko,r10,256,512,delta,ok,0.1953125
Qwen/Qwen2.5-0.5B,6,0.25,last_token,en,ko,mrr,256,512,raw,ok,0.3172671923369494
Qwen/Qwen2.5-0.5B,6,0.25,last_token,en,ko,mrr,256,512,aligned,ok,0.42789997496098175
Qwen/Qwen2.5-0.5B,6,0.25,last_token,en,ko,mrr,256,512,delta,ok,0.11063278262403237
Qwen/Qwen2.5-0.5B,6,0.25,last_token,ko,en,r1,256,512,raw,ok,0.216796875
Qwen/Qwen2.5-0.5B,6,0.25,last_token,ko,en,r1,256,512,aligned,ok,0.24609375
Qwen/Qwen2.5-0.5B,6,0.25,last_token,ko,en,r1,256,512,delta,ok,0.029296875
Qwen/Qwen2.5-0.5B,6,0.25,last_token,ko,en,r5,256,512,raw,ok,0.423828125
Qwen/Qwen2.5-0.5B,6,0.25,last_token,ko,en,r5,256,512,aligned,ok,0.517578125
Qwen/Qwen2.5-0.5B,6,0.25,last_token,ko,en,r5,256,512,delta,ok,0.09375
Qwen/Qwen2.5-0.5B,6,0.25,last_token,ko,en,r10,256,512,raw,ok,0.537109375
Qwen/Qwen2.5-0.5B,6,0.25,last_token,ko,en,r10,256,512,aligned,ok,0.65625
Qwen/Qwen2.5-0.5B,6,0.25,last_token,ko,en,r10,256,512,delta,ok,0.119140625
Qwen/Qwen2.5-0.5B,6,0.25,last_token,ko,en,mrr,256,512,raw,ok,0.3188318964008684
Qwen/Qwen2.5-0.5B,6,0.25,last_token,ko,en,mrr,256,512,aligned,ok,0.3794467688968896
Qwen/Qwen2.5-0.5B,6,0.25,last_token,ko,en,mrr,256,512,delta,ok,0.06061487249602121
Qwen/Qwen2.5-0.5B,6,0.25,last_token,en,ja,r1,256,512,raw,ok,0.16796875
Qwen/Qwen2.5-0.5B,6,0.25,last_token,en,ja,r1,256,512,aligned,ok,0.36328125
Qwen/Qwen2.5-0.5B,6,0.25,last_token,en,ja,r1,256,512,delta,ok,0.1953125
Qwen/Qwen2.5-0.5B,6,0.25,last_token,en,ja,r5,256,512,raw,ok,0.318359375
Qwen/Qwen2.5-0.5B,6,0.25,last_token,en,ja,r5,256,512,aligned,ok,0.673828125
Qwen/Qwen2.5-0.5B,6,0.25,last_token,en,ja,r5,256,512,delta,ok,0.35546875
Qwen/Qwen2.5-0.5B,6,0.25,last_token,en,ja,r10,256,512,raw,ok,0.404296875
Qwen/Qwen2.5-0.5B,6,0.25,last_token,en,ja,r10,256,512,aligned,ok,0.787109375
Qwen/Qwen2.5-0.5B,6,0.25,last_token,en,ja,r10,256,512,delta,ok,0.3828125
Qwen/Qwen2.5-0.5B,6,0.25,last_token,en,ja,mrr,256,512,raw,ok,0.24987343594632783
Qwen/Qwen2.5-0.5B,6,0.25,last_token,en,ja,mrr,256,512,aligned,ok,0.5039416710814124
Qwen/Qwen2.5-0.5B,6,0.25,last_token,en,ja,mrr,256,512,delta,ok,0.2540682351350846
Qwen/Qwen2.5-0.5B,6,0.25,last_token,ja,en,r1,256,512,raw,ok,0.169921875
Qwen/Qwen2.5-0.5B,6,0.25,last_token,ja,en,r1,256,512,aligned,ok,0.30078125
Qwen/Qwen2.5-0.5B,6,0.25,last_token,ja,en,r1,256,512,delta,ok,0.130859375
Qwen/Qwen2.5-0.5B,6,0.25,last_token,ja,en,r5,256,512,raw,ok,0.37109375
Qwen/Qwen2.5-0.5B,6,0.25,last_token,ja,en,r5,256,512,aligned,ok,0.642578125
Qwen/Qwen2.5-0.5B,6,0.25,last_token,ja,en,r5,256,512,delta,ok,0.271484375
Qwen/Qwen2.5-0.5B,6,0.25,last_token,ja,en,r10,256,512,raw,ok,0.4921875
Qwen/Qwen2.5-0.5B,6,0.25,last_token,ja,en,r10,256,512,aligned,ok,0.7578125
Qwen/Qwen2.5-0.5B,6,0.25,last_token,ja,en,r10,256,512,delta,ok,0.265625
Qwen/Qwen2.5-0.5B,6,0.25,last_token,ja,en,mrr,256,512,raw,ok,0.2670313731452948
Qwen/Qwen2.5-0.5B,6,0.25,last_token,ja,en,mrr,256,512,aligned,ok,0.4503887171876307
Qwen/Qwen2.5-0.5B,6,0.25,last_token,ja,en,mrr,256,512,delta,ok,0.1833573440423359
Qwen/Qwen2.5-0.5B,6,0.25,last_token,en,zh,r1,256,512,raw,ok,0.40625
Qwen/Qwen2.5-0.5B,6,0.25,last_token,en,zh,r1,256,512,aligned,ok,0.51171875
Qwen/Qwen2.5-0.5B,6,0.25,last_token,en,zh,r1,256,512,delta,ok,0.10546875
Qwen/Qwen2.5-0.5B,6,0.25,last_token,en,zh,r5,256,512,raw,ok,0.603515625
Qwen/Qwen2.5-0.5B,6,0.25,last_token,en,zh,r5,256,512,aligned,ok,0.763671875
Qwen/Qwen2.5-0.5B,6,0.25,last_token,en,zh,r5,256,512,delta,ok,0.16015625
Qwen/Qwen2.5-0.5B,6,0.25,last_token,en,zh,r10,256,512,raw,ok,0.677734375
Qwen/Qwen2.5-0.5B,6,0.25,last_token,en,zh,r10,256,512,aligned,ok,0.830078125
Qwen/Qwen2.5-0.5B,6,0.25,last_token,en,zh,r10,256,512,delta,ok,0.15234375
Qwen/Qwen2.5-0.5B,6,0.25,last_token,en,zh,mrr,256,512,raw,ok,0.500195887206203
Qwen/Qwen2.5-0.5B,6,0.25,last_token,en,zh,mrr,256,512,aligned,ok,0.6247699414813304
Qwen/Qwen2.5-0.5B,6,0.25,last_token,en,zh,mrr,256,512,delta,ok,0.12457405427512735
Qwen/Qwen2.5-0.5B,6,0.25,last_token,zh,en,r1,256,512,raw,ok,0.478515625
Qwen/Qwen2.5-0.5B,6,0.25,last_token,zh,en,r1,256,512,aligned,ok,0.48828125
Qwen/Qwen2.5-0.5B,6,0.25,last_token,zh,en,r1,256,512,delta,ok,0.009765625
Qwen/Qwen2.5-0.5B,6,0.25,last_token,zh,en,r5,256,512,raw,ok,0.693359375
Qwen/Qwen2.5-0.5B,6,0.25,last_token,zh,en,r5,256,512,aligned,ok,0.76171875
Qwen/Qwen2.5-0.5B,6,0.25,last_token,zh,en,r5,256,512,delta,ok,0.068359375
Qwen/Qwen2.5-0.5B,6,0.25,last_token,zh,en,r10,256,512,raw,ok,0.779296875
Qwen/Qwen2.5-0.5B,6,0.25,last_token,zh,en,r10,256,512,aligned,ok,0.837890625
Qwen/Qwen2.5-0.5B,6,0.25,last_token,zh,en,r10,256,512,delta,ok,0.05859375
Qwen/Qwen2.5-0.5B,6,0.25,last_token,zh,en,mrr,256,512,raw,ok,0.5794015182036744
Qwen/Qwen2.5-0.5B,6,0.25,last_token,zh,en,mrr,256,512,aligned,ok,0.6076140963896655
Qwen/Qwen2.5-0.5B,6,0.25,last_token,zh,en,mrr,256,512,delta,ok,0.0282125781859911
Qwen/Qwen2.5-0.5B,6,0.25,last_token,ko,ja,r1,256,512,raw,ok,0.314453125
Qwen/Qwen2.5-0.5B,6,0.25,last_token,ko,ja,r1,256,512,aligned,ok,0.291015625
Qwen/Qwen2.5-0.5B,6,0.25,last_token,ko,ja,r1,256,512,delta,ok,-0.0234375
Qwen/Qwen2.5-0.5B,6,0.25,last_token,ko,ja,r5,256,512,raw,ok,0.509765625
Qwen/Qwen2.5-0.5B,6,0.25,last_token,ko,ja,r5,256,512,aligned,ok,0.54296875
Qwen/Qwen2.5-0.5B,6,0.25,last_token,ko,ja,r5,256,512,delta,ok,0.033203125
Qwen/Qwen2.5-0.5B,6,0.25,last_token,ko,ja,r10,256,512,raw,ok,0.603515625
Qwen/Qwen2.5-0.5B,6,0.25,last_token,ko,ja,r10,256,512,aligned,ok,0.6640625
Qwen/Qwen2.5-0.5B,6,0.25,last_token,ko,ja,r10,256,512,delta,ok,0.060546875
Qwen/Qwen2.5-0.5B,6,0.25,last_token,ko,ja,mrr,256,512,raw,ok,0.4149055622032932
Qwen/Qwen2.5-0.5B,6,0.25,last_token,ko,ja,mrr,256,512,aligned,ok,0.411443266071447
Qwen/Qwen2.5-0.5B,6,0.25,last_token,ko,ja,mrr,256,512,delta,ok,-0.003462296131846232
Qwen/Qwen2.5-0.5B,6,0.25,last_token,ja,ko,r1,256,512,raw,ok,0.22265625
Qwen/Qwen2.5-0.5B,6,0.25,last_token,ja,ko,r1,256,512,aligned,ok,0.279296875
Qwen/Qwen2.5-0.5B,6,0.25,last_token,ja,ko,r1,256,512,delta,ok,0.056640625
Qwen/Qwen2.5-0.5B,6,0.25,last_token,ja,ko,r5,256,512,raw,ok,0.453125
Qwen/Qwen2.5-0.5B,6,0.25,last_token,ja,ko,r5,256,512,aligned,ok,0.537109375
Qwen/Qwen2.5-0.5B,6,0.25,last_token,ja,ko,r5,256,512,delta,ok,0.083984375
Qwen/Qwen2.5-0.5B,6,0.25,last_token,ja,ko,r10,256,512,raw,ok,0.54296875
Qwen/Qwen2.5-0.5B,6,0.25,last_token,ja,ko,r10,256,512,aligned,ok,0.638671875
Qwen/Qwen2.5-0.5B,6,0.25,last_token,ja,ko,r10,256,512,delta,ok,0.095703125
Qwen/Qwen2.5-0.5B,6,0.25,last_token,ja,ko,mrr,256,512,raw,ok,0.3325420006956127
Qwen/Qwen2.5-0.5B,6,0.25,last_token,ja,ko,mrr,256,512,aligned,ok,0.4014293129418113
Qwen/Qwen2.5-0.5B,6,0.25,last_token,ja,ko,mrr,256,512,delta,ok,0.0688873122461986
Qwen/Qwen2.5-0.5B,6,0.25,last_token,ko,zh,r1,256,512,raw,ok,0.126953125
Qwen/Qwen2.5-0.5B,6,0.25,last_token,ko,zh,r1,256,512,aligned,ok,0.19921875
Qwen/Qwen2.5-0.5B,6,0.25,last_token,ko,zh,r1,256,512,delta,ok,0.072265625
Qwen/Qwen2.5-0.5B,6,0.25,last_token,ko,zh,r5,256,512,raw,ok,0.271484375
Qwen/Qwen2.5-0.5B,6,0.25,last_token,ko,zh,r5,256,512,aligned,ok,0.4140625
Qwen/Qwen2.5-0.5B,6,0.25,last_token,ko,zh,r5,256,512,delta,ok,0.142578125
Qwen/Qwen2.5-0.5B,6,0.25,last_token,ko,zh,r10,256,512,raw,ok,0.3515625
Qwen/Qwen2.5-0.5B,6,0.25,last_token,ko,zh,r10,256,512,aligned,ok,0.54296875
Qwen/Qwen2.5-0.5B,6,0.25,last_token,ko,zh,r10,256,512,delta,ok,0.19140625
Qwen/Qwen2.5-0.5B,6,0.25,last_token,ko,zh,mrr,256,512,raw,ok,0.20264759212408226
Qwen/Qwen2.5-0.5B,6,0.25,last_token,ko,zh,mrr,256,512,aligned,ok,0.3134383259524903
Qwen/Qwen2.5-0.5B,6,0.25,last_token,ko,zh,mrr,256,512,delta,ok,0.11079073382840807
Qwen/Qwen2.5-0.5B,6,0.25,last_token,zh,ko,r1,256,512,raw,ok,0.15625
Qwen/Qwen2.5-0.5B,6,0.25,last_token,zh,ko,r1,256,512,aligned,ok,0.216796875
Qwen/Qwen2.5-0.5B,6,0.25,last_token,zh,ko,r1,256,512,delta,ok,0.060546875
Qwen/Qwen2.5-0.5B,6,0.25,last_token,zh,ko,r5,256,512,raw,ok,0.3046875
Qwen/Qwen2.5-0.5B,6,0.25,last_token,zh,ko,r5,256,512,aligned,ok,0.44140625
Qwen/Qwen2.5-0.5B,6,0.25,last_token,zh,ko,r5,256,512,delta,ok,0.13671875
Qwen/Qwen2.5-0.5B,6,0.25,last_token,zh,ko,r10,256,512,raw,ok,0.38671875
Qwen/Qwen2.5-0.5B,6,0.25,last_token,zh,ko,r10,256,512,aligned,ok,0.533203125
Qwen/Qwen2.5-0.5B,6,0.25,last_token,zh,ko,r10,256,512,delta,ok,0.146484375
Qwen/Qwen2.5-0.5B,6,0.25,last_token,zh,ko,mrr,256,512,raw,ok,0.2375501694393927
Qwen/Qwen2.5-0.5B,6,0.25,last_token,zh,ko,mrr,256,512,aligned,ok,0.3258052417769103
Qwen/Qwen2.5-0.5B,6,0.25,last_token,zh,ko,mrr,256,512,delta,ok,0.08825507233751759
Qwen/Qwen2.5-0.5B,6,0.25,last_token,ja,zh,r1,256,512,raw,ok,0.125
Qwen/Qwen2.5-0.5B,6,0.25,last_token,ja,zh,r1,256,512,aligned,ok,0.2734375
Qwen/Qwen2.5-0.5B,6,0.25,last_token,ja,zh,r1,256,512,delta,ok,0.1484375
Qwen/Qwen2.5-0.5B,6,0.25,last_token,ja,zh,r5,256,512,raw,ok,0.234375
Qwen/Qwen2.5-0.5B,6,0.25,last_token,ja,zh,r5,256,512,aligned,ok,0.525390625
Qwen/Qwen2.5-0.5B,6,0.25,last_token,ja,zh,r5,256,512,delta,ok,0.291015625
Qwen/Qwen2.5-0.5B,6,0.25,last_token,ja,zh,r10,256,512,raw,ok,0.330078125
Qwen/Qwen2.5-0.5B,6,0.25,last_token,ja,zh,r10,256,512,aligned,ok,0.673828125
Qwen/Qwen2.5-0.5B,6,0.25,last_token,ja,zh,r10,256,512,delta,ok,0.34375
Qwen/Qwen2.5-0.5B,6,0.25,last_token,ja,zh,mrr,256,512,raw,ok,0.19112979435386498
Qwen/Qwen2.5-0.5B,6,0.25,last_token,ja,zh,mrr,256,512,aligned,ok,0.39372310495901375
Qwen/Qwen2.5-0.5B,6,0.25,last_token,ja,zh,mrr,256,512,delta,ok,0.20259331060514876
Qwen/Qwen2.5-0.5B,6,0.25,last_token,zh,ja,r1,256,512,raw,ok,0.099609375
Qwen/Qwen2.5-0.5B,6,0.25,last_token,zh,ja,r1,256,512,aligned,ok,0.271484375
Qwen/Qwen2.5-0.5B,6,0.25,last_token,zh,ja,r1,256,512,delta,ok,0.171875
Qwen/Qwen2.5-0.5B,6,0.25,last_token,zh,ja,r5,256,512,raw,ok,0.232421875
Qwen/Qwen2.5-0.5B,6,0.25,last_token,zh,ja,r5,256,512,aligned,ok,0.541015625
Qwen/Qwen2.5-0.5B,6,0.25,last_token,zh,ja,r5,256,512,delta,ok,0.30859375
Qwen/Qwen2.5-0.5B,6,0.25,last_token,zh,ja,r10,256,512,raw,ok,0.298828125
Qwen/Qwen2.5-0.5B,6,0.25,last_token,zh,ja,r10,256,512,aligned,ok,0.650390625
Qwen/Qwen2.5-0.5B,6,0.25,last_token,zh,ja,r10,256,512,delta,ok,0.3515625
Qwen/Qwen2.5-0.5B,6,0.25,last_token,zh,ja,mrr,256,512,raw,ok,0.16969711591161138
Qwen/Qwen2.5-0.5B,6,0.25,last_token,zh,ja,mrr,256,512,aligned,ok,0.3981391179491679
Qwen/Qwen2.5-0.5B,6,0.25,last_token,zh,ja,mrr,256,512,delta,ok,0.22844200203755652
Qwen/Qwen2.5-0.5B,7,0.2916666666666667,last_token,en,ko,r1,256,512,raw,ok,0.296875
Qwen/Qwen2.5-0.5B,7,0.2916666666666667,last_token,en,ko,r1,256,512,aligned,ok,0.31640625
Qwen/Qwen2.5-0.5B,7,0.2916666666666667,last_token,en,ko,r1,256,512,delta,ok,0.01953125
Qwen/Qwen2.5-0.5B,7,0.2916666666666667,last_token,en,ko,r5,256,512,raw,ok,0.48046875
Qwen/Qwen2.5-0.5B,7,0.2916666666666667,last_token,en,ko,r5,256,512,aligned,ok,0.591796875
Qwen/Qwen2.5-0.5B,7,0.2916666666666667,last_token,en,ko,r5,256,512,delta,ok,0.111328125
Qwen/Qwen2.5-0.5B,7,0.2916666666666667,last_token,en,ko,r10,256,512,raw,ok,0.546875
Qwen/Qwen2.5-0.5B,7,0.2916666666666667,last_token,en,ko,r10,256,512,aligned,ok,0.6953125
Qwen/Qwen2.5-0.5B,7,0.2916666666666667,last_token,en,ko,r10,256,512,delta,ok,0.1484375
Qwen/Qwen2.5-0.5B,7,0.2916666666666667,last_token,en,ko,mrr,256,512,raw,ok,0.3909211628820859
Qwen/Qwen2.5-0.5B,7,0.2916666666666667,last_token,en,ko,mrr,256,512,aligned,ok,0.4418505086233773
Qwen/Qwen2.5-0.5B,7,0.2916666666666667,last_token,en,ko,mrr,256,512,delta,ok,0.05092934574129143
Qwen/Qwen2.5-0.5B,7,0.2916666666666667,last_token,ko,en,r1,256,512,raw,ok,0.234375
Qwen/Qwen2.5-0.5B,7,0.2916666666666667,last_token,ko,en,r1,256,512,aligned,ok,0.318359375
Qwen/Qwen2.5-0.5B,7,0.2916666666666667,last_token,ko,en,r1,256,512,delta,ok,0.083984375
Qwen/Qwen2.5-0.5B,7,0.2916666666666667,last_token,ko,en,r5,256,512,raw,ok,0.4296875
Qwen/Qwen2.5-0.5B,7,0.2916666666666667,last_token,ko,en,r5,256,512,aligned,ok,0.55859375
Qwen/Qwen2.5-0.5B,7,0.2916666666666667,last_token,ko,en,r5,256,512,delta,ok,0.12890625
Qwen/Qwen2.5-0.5B,7,0.2916666666666667,last_token,ko,en,r10,256,512,raw,ok,0.5234375
Qwen/Qwen2.5-0.5B,7,0.2916666666666667,last_token,ko,en,r10,256,512,aligned,ok,0.681640625
Qwen/Qwen2.5-0.5B,7,0.2916666666666667,last_token,ko,en,r10,256,512,delta,ok,0.158203125
Qwen/Qwen2.5-0.5B,7,0.2916666666666667,last_token,ko,en,mrr,256,512,raw,ok,0.33134613819375514
Qwen/Qwen2.5-0.5B,7,0.2916666666666667,last_token,ko,en,mrr,256,512,aligned,ok,0.4343845570464475
Qwen/Qwen2.5-0.5B,7,0.2916666666666667,last_token,ko,en,mrr,256,512,delta,ok,0.10303841885269238
Qwen/Qwen2.5-0.5B,7,0.2916666666666667,last_token,en,ja,r1,256,512,raw,ok,0.21875
Qwen/Qwen2.5-0.5B,7,0.2916666666666667,last_token,en,ja,r1,256,512,aligned,ok,0.38671875
Qwen/Qwen2.5-0.5B,7,0.2916666666666667,last_token,en,ja,r1,256,512,delta,ok,0.16796875
Qwen/Qwen2.5-0.5B,7,0.2916666666666667,last_token,en,ja,r5,256,512,raw,ok,0.408203125
Qwen/Qwen2.5-0.5B,7,0.2916666666666667,last_token,en,ja,r5,256,512,aligned,ok,0.720703125
Qwen/Qwen2.5-0.5B,7,0.2916666666666667,last_token,en,ja,r5,256,512,delta,ok,0.3125
Qwen/Qwen2.5-0.5B,7,0.2916666666666667,last_token,en,ja,r10,256,512,raw,ok,0.509765625
Qwen/Qwen2.5-0.5B,7,0.2916666666666667,last_token,en,ja,r10,256,512,aligned,ok,0.8046875
Qwen/Qwen2.5-0.5B,7,0.2916666666666667,last_token,en,ja,r10,256,512,delta,ok,0.294921875
Qwen/Qwen2.5-0.5B,7,0.2916666666666667,last_token,en,ja,mrr,256,512,raw,ok,0.3165331470113334
Qwen/Qwen2.5-0.5B,7,0.2916666666666667,last_token,en,ja,mrr,256,512,aligned,ok,0.5350905288295864
Qwen/Qwen2.5-0.5B,7,0.2916666666666667,last_token,en,ja,mrr,256,512,delta,ok,0.21855738181825302
Qwen/Qwen2.5-0.5B,7,0.2916666666666667,last_token,ja,en,r1,256,512,raw,ok,0.193359375
Qwen/Qwen2.5-0.5B,7,0.2916666666666667,last_token,ja,en,r1,256,512,aligned,ok,0.37109375
Qwen/Qwen2.5-0.5B,7,0.2916666666666667,last_token,ja,en,r1,256,512,delta,ok,0.177734375
Qwen/Qwen2.5-0.5B,7,0.2916666666666667,last_token,ja,en,r5,256,512,raw,ok,0.373046875
Qwen/Qwen2.5-0.5B,7,0.2916666666666667,last_token,ja,en,r5,256,512,aligned,ok,0.677734375
Qwen/Qwen2.5-0.5B,7,0.2916666666666667,last_token,ja,en,r5,256,512,delta,ok,0.3046875
Qwen/Qwen2.5-0.5B,7,0.2916666666666667,last_token,ja,en,r10,256,512,raw,ok,0.46875
Qwen/Qwen2.5-0.5B,7,0.2916666666666667,last_token,ja,en,r10,256,512,aligned,ok,0.779296875
Qwen/Qwen2.5-0.5B,7,0.2916666666666667,last_token,ja,en,r10,256,512,delta,ok,0.310546875
Qwen/Qwen2.5-0.5B,7,0.2916666666666667,last_token,ja,en,mrr,256,512,raw,ok,0.28365758035007865
Qwen/Qwen2.5-0.5B,7,0.2916666666666667,last_token,ja,en,mrr,256,512,aligned,ok,0.5142320761095898
Qwen/Qwen2.5-0.5B,7,0.2916666666666667,last_token,ja,en,mrr,256,512,delta,ok,0.2305744957595111
Qwen/Qwen2.5-0.5B,7,0.2916666666666667,last_token,en,zh,r1,256,512,raw,ok,0.439453125
Qwen/Qwen2.5-0.5B,7,0.2916666666666667,last_token,en,zh,r1,256,512,aligned,ok,0.501953125
Qwen/Qwen2.5-0.5B,7,0.2916666666666667,last_token,en,zh,r1,256,512,delta,ok,0.0625
Qwen/Qwen2.5-0.5B,7,0.2916666666666667,last_token,en,zh,r5,256,512,raw,ok,0.66015625
Qwen/Qwen2.5-0.5B,7,0.2916666666666667,last_token,en,zh,r5,256,512,aligned,ok,0.77734375
Qwen/Qwen2.5-0.5B,7,0.2916666666666667,last_token,en,zh,r5,256,512,delta,ok,0.1171875
Qwen/Qwen2.5-0.5B,7,0.2916666666666667,last_token,en,zh,r10,256,512,raw,ok,0.748046875
Qwen/Qwen2.5-0.5B,7,0.2916666666666667,last_token,en,zh,r10,256,512,aligned,ok,0.857421875
Qwen/Qwen2.5-0.5B,7,0.2916666666666667,last_token,en,zh,r10,256,512,delta,ok,0.109375
Qwen/Qwen2.5-0.5B,7,0.2916666666666667,last_token,en,zh,mrr,256,512,raw,ok,0.542217302007904
Qwen/Qwen2.5-0.5B,7,0.2916666666666667,last_token,en,zh,mrr,256,512,aligned,ok,0.6256275914254357
Qwen/Qwen2.5-0.5B,7,0.2916666666666667,last_token,en,zh,mrr,256,512,delta,ok,0.0834102894175317
Qwen/Qwen2.5-0.5B,7,0.2916666666666667,last_token,zh,en,r1,256,512,raw,ok,0.470703125
Qwen/Qwen2.5-0.5B,7,0.2916666666666667,last_token,zh,en,r1,256,512,aligned,ok,0.51171875
Qwen/Qwen2.5-0.5B,7,0.2916666666666667,last_token,zh,en,r1,256,512,delta,ok,0.041015625
Qwen/Qwen2.5-0.5B,7,0.2916666666666667,last_token,zh,en,r5,256,512,raw,ok,0.6796875
Qwen/Qwen2.5-0.5B,7,0.2916666666666667,last_token,zh,en,r5,256,512,aligned,ok,0.7734375
Qwen/Qwen2.5-0.5B,7,0.2916666666666667,last_token,zh,en,r5,256,512,delta,ok,0.09375
Qwen/Qwen2.5-0.5B,7,0.2916666666666667,last_token,zh,en,r10,256,512,raw,ok,0.775390625
Qwen/Qwen2.5-0.5B,7,0.2916666666666667,last_token,zh,en,r10,256,512,aligned,ok,0.853515625
Qwen/Qwen2.5-0.5B,7,0.2916666666666667,last_token,zh,en,r10,256,512,delta,ok,0.078125
Qwen/Qwen2.5-0.5B,7,0.2916666666666667,last_token,zh,en,mrr,256,512,raw,ok,0.5699332473840647
Qwen/Qwen2.5-0.5B,7,0.2916666666666667,last_token,zh,en,mrr,256,512,aligned,ok,0.6320570315830163
Qwen/Qwen2.5-0.5B,7,0.2916666666666667,last_token,zh,en,mrr,256,512,delta,ok,0.06212378419895159
Qwen/Qwen2.5-0.5B,7,0.2916666666666667,last_token,ko,ja,r1,256,512,raw,ok,0.357421875
Qwen/Qwen2.5-0.5B,7,0.2916666666666667,last_token,ko,ja,r1,256,512,aligned,ok,0.388671875
Qwen/Qwen2.5-0.5B,7,0.2916666666666667,last_token,ko,ja,r1,256,512,delta,ok,0.03125
Qwen/Qwen2.5-0.5B,7,0.2916666666666667,last_token,ko,ja,r5,256,512,raw,ok,0.5859375
Qwen/Qwen2.5-0.5B,7,0.2916666666666667,last_token,ko,ja,r5,256,512,aligned,ok,0.673828125
Qwen/Qwen2.5-0.5B,7,0.2916666666666667,last_token,ko,ja,r5,256,512,delta,ok,0.087890625
Qwen/Qwen2.5-0.5B,7,0.2916666666666667,last_token,ko,ja,r10,256,512,raw,ok,0.6953125
Qwen/Qwen2.5-0.5B,7,0.2916666666666667,last_token,ko,ja,r10,256,512,aligned,ok,0.775390625
Qwen/Qwen2.5-0.5B,7,0.2916666666666667,last_token,ko,ja,r10,256,512,delta,ok,0.080078125
Qwen/Qwen2.5-0.5B,7,0.2916666666666667,last_token,ko,ja,mrr,256,512,raw,ok,0.4745403759780712
Qwen/Qwen2.5-0.5B,7,0.2916666666666667,last_token,ko,ja,mrr,256,512,aligned,ok,0.5155423214196466
Qwen/Qwen2.5-0.5B,7,0.2916666666666667,last_token,ko,ja,mrr,256,512,delta,ok,0.04100194544157543
Qwen/Qwen2.5-0.5B,7,0.2916666666666667,last_token,ja,ko,r1,256,512,raw,ok,0.32421875
Qwen/Qwen2.5-0.5B,7,0.2916666666666667,last_token,ja,ko,r1,256,512,aligned,ok,0.3828125
Qwen/Qwen2.5-0.5B,7,0.2916666666666667,last_token,ja,ko,r1,256,512,delta,ok,0.05859375
Qwen/Qwen2.5-0.5B,7,0.2916666666666667,last_token,ja,ko,r5,256,512,raw,ok,0.552734375
Qwen/Qwen2.5-0.5B,7,0.2916666666666667,last_token,ja,ko,r5,256,512,aligned,ok,0.658203125
Qwen/Qwen2.5-0.5B,7,0.2916666666666667,last_token,ja,ko,r5,256,512,delta,ok,0.10546875
Qwen/Qwen2.5-0.5B,7,0.2916666666666667,last_token,ja,ko,r10,256,512,raw,ok,0.65625
Qwen/Qwen2.5-0.5B,7,0.2916666666666667,last_token,ja,ko,r10,256,512,aligned,ok,0.755859375
Qwen/Qwen2.5-0.5B,7,0.2916666666666667,last_token,ja,ko,r10,256,512,delta,ok,0.099609375
Qwen/Qwen2.5-0.5B,7,0.2916666666666667,last_token,ja,ko,mrr,256,512,raw,ok,0.4334183379352006
Qwen/Qwen2.5-0.5B,7,0.2916666666666667,last_token,ja,ko,mrr,256,512,aligned,ok,0.5074622537130424
Qwen/Qwen2.5-0.5B,7,0.2916666666666667,last_token,ja,ko,mrr,256,512,delta,ok,0.0740439157778418
Qwen/Qwen2.5-0.5B,7,0.2916666666666667,last_token,ko,zh,r1,256,512,raw,ok,0.171875
Qwen/Qwen2.5-0.5B,7,0.2916666666666667,last_token,ko,zh,r1,256,512,aligned,ok,0.26171875
Qwen/Qwen2.5-0.5B,7,0.2916666666666667,last_token,ko,zh,r1,256,512,delta,ok,0.08984375
Qwen/Qwen2.5-0.5B,7,0.2916666666666667,last_token,ko,zh,r5,256,512,raw,ok,0.322265625
Qwen/Qwen2.5-0.5B,7,0.2916666666666667,last_token,ko,zh,r5,256,512,aligned,ok,0.51953125
Qwen/Qwen2.5-0.5B,7,0.2916666666666667,last_token,ko,zh,r5,256,512,delta,ok,0.197265625
Qwen/Qwen2.5-0.5B,7,0.2916666666666667,last_token,ko,zh,r10,256,512,raw,ok,0.39453125
Qwen/Qwen2.5-0.5B,7,0.2916666666666667,last_token,ko,zh,r10,256,512,aligned,ok,0.6171875
Qwen/Qwen2.5-0.5B,7,0.2916666666666667,last_token,ko,zh,r10,256,512,delta,ok,0.22265625
Qwen/Qwen2.5-0.5B,7,0.2916666666666667,last_token,ko,zh,mrr,256,512,raw,ok,0.2498430576686126
Qwen/Qwen2.5-0.5B,7,0.2916666666666667,last_token,ko,zh,mrr,256,512,aligned,ok,0.38194200133960854
Qwen/Qwen2.5-0.5B,7,0.2916666666666667,last_token,ko,zh,mrr,256,512,delta,ok,0.13209894367099595
Qwen/Qwen2.5-0.5B,7,0.2916666666666667,last_token,zh,ko,r1,256,512,raw,ok,0.22265625
Qwen/Qwen2.5-0.5B,7,0.2916666666666667,last_token,zh,ko,r1,256,512,aligned,ok,0.27734375
Qwen/Qwen2.5-0.5B,7,0.2916666666666667,last_token,zh,ko,r1,256,512,delta,ok,0.0546875
Qwen/Qwen2.5-0.5B,7,0.2916666666666667,last_token,zh,ko,r5,256,512,raw,ok,0.412109375
Qwen/Qwen2.5-0.5B,7,0.2916666666666667,last_token,zh,ko,r5,256,512,aligned,ok,0.509765625
Qwen/Qwen2.5-0.5B,7,0.2916666666666667,last_token,zh,ko,r5,256,512,delta,ok,0.09765625
Qwen/Qwen2.5-0.5B,7,0.2916666666666667,last_token,zh,ko,r10,256,512,raw,ok,0.51171875
Qwen/Qwen2.5-0.5B,7,0.2916666666666667,last_token,zh,ko,r10,256,512,aligned,ok,0.63671875
Qwen/Qwen2.5-0.5B,7,0.2916666666666667,last_token,zh,ko,r10,256,512,delta,ok,0.125
Qwen/Qwen2.5-0.5B,7,0.2916666666666667,last_token,zh,ko,mrr,256,512,raw,ok,0.31352175776698354
Qwen/Qwen2.5-0.5B,7,0.2916666666666667,last_token,zh,ko,mrr,256,512,aligned,ok,0.3917064085661467
Qwen/Qwen2.5-0.5B,7,0.2916666666666667,last_token,zh,ko,mrr,256,512,delta,ok,0.07818465079916315
Qwen/Qwen2.5-0.5B,7,0.2916666666666667,last_token,ja,zh,r1,256,512,raw,ok,0.177734375
Qwen/Qwen2.5-0.5B,7,0.2916666666666667,last_token,ja,zh,r1,256,512,aligned,ok,0.341796875
Qwen/Qwen2.5-0.5B,7,0.2916666666666667,last_token,ja,zh,r1,256,512,delta,ok,0.1640625
Qwen/Qwen2.5-0.5B,7,0.2916666666666667,last_token,ja,zh,r5,256,512,raw,ok,0.322265625
Qwen/Qwen2.5-0.5B,7,0.2916666666666667,last_token,ja,zh,r5,256,512,aligned,ok,0.6171875
Qwen/Qwen2.5-0.5B,7,0.2916666666666667,last_token,ja,zh,r5,256,512,delta,ok,0.294921875
Qwen/Qwen2.5-0.5B,7,0.2916666666666667,last_token,ja,zh,r10,256,512,raw,ok,0.421875
Qwen/Qwen2.5-0.5B,7,0.2916666666666667,last_token,ja,zh,r10,256,512,aligned,ok,0.736328125
Qwen/Qwen2.5-0.5B,7,0.2916666666666667,last_token,ja,zh,r10,256,512,delta,ok,0.314453125
Qwen/Qwen2.5-0.5B,7,0.2916666666666667,last_token,ja,zh,mrr,256,512,raw,ok,0.25589639607741677
Qwen/Qwen2.5-0.5B,7,0.2916666666666667,last_token,ja,zh,mrr,256,512,aligned,ok,0.47450832961800826
Qwen/Qwen2.5-0.5B,7,0.2916666666666667,last_token,ja,zh,mrr,256,512,delta,ok,0.2186119335405915
Qwen/Qwen2.5-0.5B,7,0.2916666666666667,last_token,zh,ja,r1,256,512,raw,ok,0.1640625
Qwen/Qwen2.5-0.5B,7,0.2916666666666667,last_token,zh,ja,r1,256,512,aligned,ok,0.3671875
Qwen/Qwen2.5-0.5B,7,0.2916666666666667,last_token,zh,ja,r1,256,512,delta,ok,0.203125
Qwen/Qwen2.5-0.5B,7,0.2916666666666667,last_token,zh,ja,r5,256,512,raw,ok,0.3359375
Qwen/Qwen2.5-0.5B,7,0.2916666666666667,last_token,zh,ja,r5,256,512,aligned,ok,0.630859375
Qwen/Qwen2.5-0.5B,7,0.2916666666666667,last_token,zh,ja,r5,256,512,delta,ok,0.294921875
Qwen/Qwen2.5-0.5B,7,0.2916666666666667,last_token,zh,ja,r10,256,512,raw,ok,0.42578125
Qwen/Qwen2.5-0.5B,7,0.2916666666666667,last_token,zh,ja,r10,256,512,aligned,ok,0.771484375
Qwen/Qwen2.5-0.5B,7,0.2916666666666667,last_token,zh,ja,r10,256,512,delta,ok,0.345703125
Qwen/Qwen2.5-0.5B,7,0.2916666666666667,last_token,zh,ja,mrr,256,512,raw,ok,0.2488102394962617
Qwen/Qwen2.5-0.5B,7,0.2916666666666667,last_token,zh,ja,mrr,256,512,aligned,ok,0.4888284509513507
Qwen/Qwen2.5-0.5B,7,0.2916666666666667,last_token,zh,ja,mrr,256,512,delta,ok,0.240018211455089
Qwen/Qwen2.5-0.5B,8,0.3333333333333333,last_token,en,ko,r1,256,512,raw,ok,0.3984375
Qwen/Qwen2.5-0.5B,8,0.3333333333333333,last_token,en,ko,r1,256,512,aligned,ok,0.3828125
Qwen/Qwen2.5-0.5B,8,0.3333333333333333,last_token,en,ko,r1,256,512,delta,ok,-0.015625
Qwen/Qwen2.5-0.5B,8,0.3333333333333333,last_token,en,ko,r5,256,512,raw,ok,0.595703125
Qwen/Qwen2.5-0.5B,8,0.3333333333333333,last_token,en,ko,r5,256,512,aligned,ok,0.6796875
Qwen/Qwen2.5-0.5B,8,0.3333333333333333,last_token,en,ko,r5,256,512,delta,ok,0.083984375
Qwen/Qwen2.5-0.5B,8,0.3333333333333333,last_token,en,ko,r10,256,512,raw,ok,0.677734375
Qwen/Qwen2.5-0.5B,8,0.3333333333333333,last_token,en,ko,r10,256,512,aligned,ok,0.771484375
Qwen/Qwen2.5-0.5B,8,0.3333333333333333,last_token,en,ko,r10,256,512,delta,ok,0.09375
Qwen/Qwen2.5-0.5B,8,0.3333333333333333,last_token,en,ko,mrr,256,512,raw,ok,0.4981684107493734
Qwen/Qwen2.5-0.5B,8,0.3333333333333333,last_token,en,ko,mrr,256,512,aligned,ok,0.5159419728546785
Qwen/Qwen2.5-0.5B,8,0.3333333333333333,last_token,en,ko,mrr,256,512,delta,ok,0.017773562105305063
Qwen/Qwen2.5-0.5B,8,0.3333333333333333,last_token,ko,en,r1,256,512,raw,ok,0.291015625
Qwen/Qwen2.5-0.5B,8,0.3333333333333333,last_token,ko,en,r1,256,512,aligned,ok,0.384765625
Qwen/Qwen2.5-0.5B,8,0.3333333333333333,last_token,ko,en,r1,256,512,delta,ok,0.09375
Qwen/Qwen2.5-0.5B,8,0.3333333333333333,last_token,ko,en,r5,256,512,raw,ok,0.525390625
Qwen/Qwen2.5-0.5B,8,0.3333333333333333,last_token,ko,en,r5,256,512,aligned,ok,0.654296875
Qwen/Qwen2.5-0.5B,8,0.3333333333333333,last_token,ko,en,r5,256,512,delta,ok,0.12890625
Qwen/Qwen2.5-0.5B,8,0.3333333333333333,last_token,ko,en,r10,256,512,raw,ok,0.587890625
Qwen/Qwen2.5-0.5B,8,0.3333333333333333,last_token,ko,en,r10,256,512,aligned,ok,0.75
Qwen/Qwen2.5-0.5B,8,0.3333333333333333,last_token,ko,en,r10,256,512,delta,ok,0.162109375
Qwen/Qwen2.5-0.5B,8,0.3333333333333333,last_token,ko,en,mrr,256,512,raw,ok,0.39883245887927427
Qwen/Qwen2.5-0.5B,8,0.3333333333333333,last_token,ko,en,mrr,256,512,aligned,ok,0.5066230347777625
Qwen/Qwen2.5-0.5B,8,0.3333333333333333,last_token,ko,en,mrr,256,512,delta,ok,0.10779057589848823
Qwen/Qwen2.5-0.5B,8,0.3333333333333333,last_token,en,ja,r1,256,512,raw,ok,0.328125
Qwen/Qwen2.5-0.5B,8,0.3333333333333333,last_token,en,ja,r1,256,512,aligned,ok,0.529296875
Qwen/Qwen2.5-0.5B,8,0.3333333333333333,last_token,en,ja,r1,256,512,delta,ok,0.201171875
Qwen/Qwen2.5-0.5B,8,0.3333333333333333,last_token,en,ja,r5,256,512,raw,ok,0.533203125
Qwen/Qwen2.5-0.5B,8,0.3333333333333333,last_token,en,ja,r5,256,512,aligned,ok,0.80078125
Qwen/Qwen2.5-0.5B,8,0.3333333333333333,last_token,en,ja,r5,256,512,delta,ok,0.267578125
Qwen/Qwen2.5-0.5B,8,0.3333333333333333,last_token,en,ja,r10,256,512,raw,ok,0.626953125
Qwen/Qwen2.5-0.5B,8,0.3333333333333333,last_token,en,ja,r10,256,512,aligned,ok,0.884765625
Qwen/Qwen2.5-0.5B,8,0.3333333333333333,last_token,en,ja,r10,256,512,delta,ok,0.2578125
Qwen/Qwen2.5-0.5B,8,0.3333333333333333,last_token,en,ja,mrr,256,512,raw,ok,0.4275583426392452
Qwen/Qwen2.5-0.5B,8,0.3333333333333333,last_token,en,ja,mrr,256,512,aligned,ok,0.6478561100072928
Qwen/Qwen2.5-0.5B,8,0.3333333333333333,last_token,en,ja,mrr,256,512,delta,ok,0.22029776736804763
Qwen/Qwen2.5-0.5B,8,0.3333333333333333,last_token,ja,en,r1,256,512,raw,ok,0.263671875
Qwen/Qwen2.5-0.5B,8,0.3333333333333333,last_token,ja,en,r1,256,512,aligned,ok,0.486328125
Qwen/Qwen2.5-0.5B,8,0.3333333333333333,last_token,ja,en,r1,256,512,delta,ok,0.22265625
Qwen/Qwen2.5-0.5B,8,0.3333333333333333,last_token,ja,en,r5,256,512,raw,ok,0.44140625
Qwen/Qwen2.5-0.5B,8,0.3333333333333333,last_token,ja,en,r5,256,512,aligned,ok,0.783203125
Qwen/Qwen2.5-0.5B,8,0.3333333333333333,last_token,ja,en,r5,256,512,delta,ok,0.341796875
Qwen/Qwen2.5-0.5B,8,0.3333333333333333,last_token,ja,en,r10,256,512,raw,ok,0.544921875
Qwen/Qwen2.5-0.5B,8,0.3333333333333333,last_token,ja,en,r10,256,512,aligned,ok,0.8671875
Qwen/Qwen2.5-0.5B,8,0.3333333333333333,last_token,ja,en,r10,256,512,delta,ok,0.322265625
Qwen/Qwen2.5-0.5B,8,0.3333333333333333,last_token,ja,en,mrr,256,512,raw,ok,0.3538067285023463
Qwen/Qwen2.5-0.5B,8,0.3333333333333333,last_token,ja,en,mrr,256,512,aligned,ok,0.613766412156614
Qwen/Qwen2.5-0.5B,8,0.3333333333333333,last_token,ja,en,mrr,256,512,delta,ok,0.2599596836542677
Qwen/Qwen2.5-0.5B,8,0.3333333333333333,last_token,en,zh,r1,256,512,raw,ok,0.515625
Qwen/Qwen2.5-0.5B,8,0.3333333333333333,last_token,en,zh,r1,256,512,aligned,ok,0.603515625
Qwen/Qwen2.5-0.5B,8,0.3333333333333333,last_token,en,zh,r1,256,512,delta,ok,0.087890625
Qwen/Qwen2.5-0.5B,8,0.3333333333333333,last_token,en,zh,r5,256,512,raw,ok,0.716796875
Qwen/Qwen2.5-0.5B,8,0.3333333333333333,last_token,en,zh,r5,256,512,aligned,ok,0.84375
Qwen/Qwen2.5-0.5B,8,0.3333333333333333,last_token,en,zh,r5,256,512,delta,ok,0.126953125
Qwen/Qwen2.5-0.5B,8,0.3333333333333333,last_token,en,zh,r10,256,512,raw,ok,0.794921875
Qwen/Qwen2.5-0.5B,8,0.3333333333333333,last_token,en,zh,r10,256,512,aligned,ok,0.90234375
Qwen/Qwen2.5-0.5B,8,0.3333333333333333,last_token,en,zh,r10,256,512,delta,ok,0.107421875
Qwen/Qwen2.5-0.5B,8,0.3333333333333333,last_token,en,zh,mrr,256,512,raw,ok,0.6091215137883981
Qwen/Qwen2.5-0.5B,8,0.3333333333333333,last_token,en,zh,mrr,256,512,aligned,ok,0.7120499433982936
Qwen/Qwen2.5-0.5B,8,0.3333333333333333,last_token,en,zh,mrr,256,512,delta,ok,0.10292842960989557
Qwen/Qwen2.5-0.5B,8,0.3333333333333333,last_token,zh,en,r1,256,512,raw,ok,0.5703125
Qwen/Qwen2.5-0.5B,8,0.3333333333333333,last_token,zh,en,r1,256,512,aligned,ok,0.609375
Qwen/Qwen2.5-0.5B,8,0.3333333333333333,last_token,zh,en,r1,256,512,delta,ok,0.0390625
Qwen/Qwen2.5-0.5B,8,0.3333333333333333,last_token,zh,en,r5,256,512,raw,ok,0.75390625
Qwen/Qwen2.5-0.5B,8,0.3333333333333333,last_token,zh,en,r5,256,512,aligned,ok,0.83203125
Qwen/Qwen2.5-0.5B,8,0.3333333333333333,last_token,zh,en,r5,256,512,delta,ok,0.078125
Qwen/Qwen2.5-0.5B,8,0.3333333333333333,last_token,zh,en,r10,256,512,raw,ok,0.826171875
Qwen/Qwen2.5-0.5B,8,0.3333333333333333,last_token,zh,en,r10,256,512,aligned,ok,0.8984375
Qwen/Qwen2.5-0.5B,8,0.3333333333333333,last_token,zh,en,r10,256,512,delta,ok,0.072265625
Qwen/Qwen2.5-0.5B,8,0.3333333333333333,last_token,zh,en,mrr,256,512,raw,ok,0.6578682103501584
Qwen/Qwen2.5-0.5B,8,0.3333333333333333,last_token,zh,en,mrr,256,512,aligned,ok,0.707950632550858
Qwen/Qwen2.5-0.5B,8,0.3333333333333333,last_token,zh,en,mrr,256,512,delta,ok,0.05008242220069958
Qwen/Qwen2.5-0.5B,8,0.3333333333333333,last_token,ko,ja,r1,256,512,raw,ok,0.453125
Qwen/Qwen2.5-0.5B,8,0.3333333333333333,last_token,ko,ja,r1,256,512,aligned,ok,0.478515625
Qwen/Qwen2.5-0.5B,8,0.3333333333333333,last_token,ko,ja,r1,256,512,delta,ok,0.025390625
Qwen/Qwen2.5-0.5B,8,0.3333333333333333,last_token,ko,ja,r5,256,512,raw,ok,0.6953125
Qwen/Qwen2.5-0.5B,8,0.3333333333333333,last_token,ko,ja,r5,256,512,aligned,ok,0.736328125
Qwen/Qwen2.5-0.5B,8,0.3333333333333333,last_token,ko,ja,r5,256,512,delta,ok,0.041015625
Qwen/Qwen2.5-0.5B,8,0.3333333333333333,last_token,ko,ja,r10,256,512,raw,ok,0.771484375
Qwen/Qwen2.5-0.5B,8,0.3333333333333333,last_token,ko,ja,r10,256,512,aligned,ok,0.802734375
Qwen/Qwen2.5-0.5B,8,0.3333333333333333,last_token,ko,ja,r10,256,512,delta,ok,0.03125
Qwen/Qwen2.5-0.5B,8,0.3333333333333333,last_token,ko,ja,mrr,256,512,raw,ok,0.5660559197973994
Qwen/Qwen2.5-0.5B,8,0.3333333333333333,last_token,ko,ja,mrr,256,512,aligned,ok,0.593967494762289
Qwen/Qwen2.5-0.5B,8,0.3333333333333333,last_token,ko,ja,mrr,256,512,delta,ok,0.027911574964889607
Qwen/Qwen2.5-0.5B,8,0.3333333333333333,last_token,ja,ko,r1,256,512,raw,ok,0.408203125
Qwen/Qwen2.5-0.5B,8,0.3333333333333333,last_token,ja,ko,r1,256,512,aligned,ok,0.470703125
Qwen/Qwen2.5-0.5B,8,0.3333333333333333,last_token,ja,ko,r1,256,512,delta,ok,0.0625
Qwen/Qwen2.5-0.5B,8,0.3333333333333333,last_token,ja,ko,r5,256,512,raw,ok,0.634765625
Qwen/Qwen2.5-0.5B,8,0.3333333333333333,last_token,ja,ko,r5,256,512,aligned,ok,0.724609375
Qwen/Qwen2.5-0.5B,8,0.3333333333333333,last_token,ja,ko,r5,256,512,delta,ok,0.08984375
Qwen/Qwen2.5-0.5B,8,0.3333333333333333,last_token,ja,ko,r10,256,512,raw,ok,0.703125
Qwen/Qwen2.5-0.5B,8,0.3333333333333333,last_token,ja,ko,r10,256,512,aligned,ok,0.810546875
Qwen/Qwen2.5-0.5B,8,0.3333333333333333,last_token,ja,ko,r10,256,512,delta,ok,0.107421875
Qwen/Qwen2.5-0.5B,8,0.3333333333333333,last_token,ja,ko,mrr,256,512,raw,ok,0.513044696300672
Qwen/Qwen2.5-0.5B,8,0.3333333333333333,last_token,ja,ko,mrr,256,512,aligned,ok,0.5886620215438223
Qwen/Qwen2.5-0.5B,8,0.3333333333333333,last_token,ja,ko,mrr,256,512,delta,ok,0.07561732524315035
Qwen/Qwen2.5-0.5B,8,0.3333333333333333,last_token,ko,zh,r1,256,512,raw,ok,0.23828125
Qwen/Qwen2.5-0.5B,8,0.3333333333333333,last_token,ko,zh,r1,256,512,aligned,ok,0.31640625
Qwen/Qwen2.5-0.5B,8,0.3333333333333333,last_token,ko,zh,r1,256,512,delta,ok,0.078125
Qwen/Qwen2.5-0.5B,8,0.3333333333333333,last_token,ko,zh,r5,256,512,raw,ok,0.390625
Qwen/Qwen2.5-0.5B,8,0.3333333333333333,last_token,ko,zh,r5,256,512,aligned,ok,0.603515625
Qwen/Qwen2.5-0.5B,8,0.3333333333333333,last_token,ko,zh,r5,256,512,delta,ok,0.212890625
Qwen/Qwen2.5-0.5B,8,0.3333333333333333,last_token,ko,zh,r10,256,512,raw,ok,0.47265625
Qwen/Qwen2.5-0.5B,8,0.3333333333333333,last_token,ko,zh,r10,256,512,aligned,ok,0.6953125
Qwen/Qwen2.5-0.5B,8,0.3333333333333333,last_token,ko,zh,r10,256,512,delta,ok,0.22265625
Qwen/Qwen2.5-0.5B,8,0.3333333333333333,last_token,ko,zh,mrr,256,512,raw,ok,0.3153854834197458
Qwen/Qwen2.5-0.5B,8,0.3333333333333333,last_token,ko,zh,mrr,256,512,aligned,ok,0.44356330651329856
Qwen/Qwen2.5-0.5B,8,0.3333333333333333,last_token,ko,zh,mrr,256,512,delta,ok,0.12817782309355275
Qwen/Qwen2.5-0.5B,8,0.3333333333333333,last_token,zh,ko,r1,256,512,raw,ok,0.310546875
Qwen/Qwen2.5-0.5B,8,0.3333333333333333,last_token,zh,ko,r1,256,512,aligned,ok,0.353515625
Qwen/Qwen2.5-0.5B,8,0.3333333333333333,last_token,zh,ko,r1,256,512,delta,ok,0.04296875
Qwen/Qwen2.5-0.5B,8,0.3333333333333333,last_token,zh,ko,r5,256,512,raw,ok,0.55078125
Qwen/Qwen2.5-0.5B,8,0.3333333333333333,last_token,zh,ko,r5,256,512,aligned,ok,0.611328125
Qwen/Qwen2.5-0.5B,8,0.3333333333333333,last_token,zh,ko,r5,256,512,delta,ok,0.060546875
Qwen/Qwen2.5-0.5B,8,0.3333333333333333,last_token,zh,ko,r10,256,512,raw,ok,0.66015625
Qwen/Qwen2.5-0.5B,8,0.3333333333333333,last_token,zh,ko,r10,256,512,aligned,ok,0.71484375
Qwen/Qwen2.5-0.5B,8,0.3333333333333333,last_token,zh,ko,r10,256,512,delta,ok,0.0546875
Qwen/Qwen2.5-0.5B,8,0.3333333333333333,last_token,zh,ko,mrr,256,512,raw,ok,0.4261527374664189
Qwen/Qwen2.5-0.5B,8,0.3333333333333333,last_token,zh,ko,mrr,256,512,aligned,ok,0.476625620851501
Qwen/Qwen2.5-0.5B,8,0.3333333333333333,last_token,zh,ko,mrr,256,512,delta,ok,0.0504728833850821
Qwen/Qwen2.5-0.5B,8,0.3333333333333333,last_token,ja,zh,r1,256,512,raw,ok,0.25
Qwen/Qwen2.5-0.5B,8,0.3333333333333333,last_token,ja,zh,r1,256,512,aligned,ok,0.4375
Qwen/Qwen2.5-0.5B,8,0.3333333333333333,last_token,ja,zh,r1,256,512,delta,ok,0.1875
Qwen/Qwen2.5-0.5B,8,0.3333333333333333,last_token,ja,zh,r5,256,512,raw,ok,0.431640625
Qwen/Qwen2.5-0.5B,8,0.3333333333333333,last_token,ja,zh,r5,256,512,aligned,ok,0.71484375
Qwen/Qwen2.5-0.5B,8,0.3333333333333333,last_token,ja,zh,r5,256,512,delta,ok,0.283203125
Qwen/Qwen2.5-0.5B,8,0.3333333333333333,last_token,ja,zh,r10,256,512,raw,ok,0.51171875
Qwen/Qwen2.5-0.5B,8,0.3333333333333333,last_token,ja,zh,r10,256,512,aligned,ok,0.82421875
Qwen/Qwen2.5-0.5B,8,0.3333333333333333,last_token,ja,zh,r10,256,512,delta,ok,0.3125
Qwen/Qwen2.5-0.5B,8,0.3333333333333333,last_token,ja,zh,mrr,256,512,raw,ok,0.33869336899530467
Qwen/Qwen2.5-0.5B,8,0.3333333333333333,last_token,ja,zh,mrr,256,512,aligned,ok,0.5632042208904862
Qwen/Qwen2.5-0.5B,8,0.3333333333333333,last_token,ja,zh,mrr,256,512,delta,ok,0.2245108518951815
Qwen/Qwen2.5-0.5B,8,0.3333333333333333,last_token,zh,ja,r1,256,512,raw,ok,0.26953125
Qwen/Qwen2.5-0.5B,8,0.3333333333333333,last_token,zh,ja,r1,256,512,aligned,ok,0.46484375
Qwen/Qwen2.5-0.5B,8,0.3333333333333333,last_token,zh,ja,r1,256,512,delta,ok,0.1953125
Qwen/Qwen2.5-0.5B,8,0.3333333333333333,last_token,zh,ja,r5,256,512,raw,ok,0.51171875
Qwen/Qwen2.5-0.5B,8,0.3333333333333333,last_token,zh,ja,r5,256,512,aligned,ok,0.73046875
Qwen/Qwen2.5-0.5B,8,0.3333333333333333,last_token,zh,ja,r5,256,512,delta,ok,0.21875
Qwen/Qwen2.5-0.5B,8,0.3333333333333333,last_token,zh,ja,r10,256,512,raw,ok,0.59765625
Qwen/Qwen2.5-0.5B,8,0.3333333333333333,last_token,zh,ja,r10,256,512,aligned,ok,0.83984375
Qwen/Qwen2.5-0.5B,8,0.3333333333333333,last_token,zh,ja,r10,256,512,delta,ok,0.2421875
Qwen/Qwen2.5-0.5B,8,0.3333333333333333,last_token,zh,ja,mrr,256,512,raw,ok,0.3789945864999863
Qwen/Qwen2.5-0.5B,8,0.3333333333333333,last_token,zh,ja,mrr,256,512,aligned,ok,0.5874520659709445
Qwen/Qwen2.5-0.5B,8,0.3333333333333333,last_token,zh,ja,mrr,256,512,delta,ok,0.20845747947095816
Qwen/Qwen2.5-0.5B,9,0.375,last_token,en,ko,r1,256,512,raw,ok,0.4765625
Qwen/Qwen2.5-0.5B,9,0.375,last_token,en,ko,r1,256,512,aligned,ok,0.443359375
Qwen/Qwen2.5-0.5B,9,0.375,last_token,en,ko,r1,256,512,delta,ok,-0.033203125
Qwen/Qwen2.5-0.5B,9,0.375,last_token,en,ko,r5,256,512,raw,ok,0.708984375
Qwen/Qwen2.5-0.5B,9,0.375,last_token,en,ko,r5,256,512,aligned,ok,0.734375
Qwen/Qwen2.5-0.5B,9,0.375,last_token,en,ko,r5,256,512,delta,ok,0.025390625
Qwen/Qwen2.5-0.5B,9,0.375,last_token,en,ko,r10,256,512,raw,ok,0.794921875
Qwen/Qwen2.5-0.5B,9,0.375,last_token,en,ko,r10,256,512,aligned,ok,0.818359375
Qwen/Qwen2.5-0.5B,9,0.375,last_token,en,ko,r10,256,512,delta,ok,0.0234375
Qwen/Qwen2.5-0.5B,9,0.375,last_token,en,ko,mrr,256,512,raw,ok,0.5754305975878384
Qwen/Qwen2.5-0.5B,9,0.375,last_token,en,ko,mrr,256,512,aligned,ok,0.568898957778921
Qwen/Qwen2.5-0.5B,9,0.375,last_token,en,ko,mrr,256,512,delta,ok,-0.0065316398089174665
Qwen/Qwen2.5-0.5B,9,0.375,last_token,ko,en,r1,256,512,raw,ok,0.353515625
Qwen/Qwen2.5-0.5B,9,0.375,last_token,ko,en,r1,256,512,aligned,ok,0.427734375
Qwen/Qwen2.5-0.5B,9,0.375,last_token,ko,en,r1,256,512,delta,ok,0.07421875
Qwen/Qwen2.5-0.5B,9,0.375,last_token,ko,en,r5,256,512,raw,ok,0.5625
Qwen/Qwen2.5-0.5B,9,0.375,last_token,ko,en,r5,256,512,aligned,ok,0.689453125
Qwen/Qwen2.5-0.5B,9,0.375,last_token,ko,en,r5,256,512,delta,ok,0.126953125
Qwen/Qwen2.5-0.5B,9,0.375,last_token,ko,en,r10,256,512,raw,ok,0.669921875
Qwen/Qwen2.5-0.5B,9,0.375,last_token,ko,en,r10,256,512,aligned,ok,0.775390625
Qwen/Qwen2.5-0.5B,9,0.375,last_token,ko,en,r10,256,512,delta,ok,0.10546875
Qwen/Qwen2.5-0.5B,9,0.375,last_token,ko,en,mrr,256,512,raw,ok,0.45281154108610283
Qwen/Qwen2.5-0.5B,9,0.375,last_token,ko,en,mrr,256,512,aligned,ok,0.5468130836668155
Qwen/Qwen2.5-0.5B,9,0.375,last_token,ko,en,mrr,256,512,delta,ok,0.09400154258071264
Qwen/Qwen2.5-0.5B,9,0.375,last_token,en,ja,r1,256,512,raw,ok,0.44921875
Qwen/Qwen2.5-0.5B,9,0.375,last_token,en,ja,r1,256,512,aligned,ok,0.60546875
Qwen/Qwen2.5-0.5B,9,0.375,last_token,en,ja,r1,256,512,delta,ok,0.15625
Qwen/Qwen2.5-0.5B,9,0.375,last_token,en,ja,r5,256,512,raw,ok,0.697265625
Qwen/Qwen2.5-0.5B,9,0.375,last_token,en,ja,r5,256,512,aligned,ok,0.86328125
Qwen/Qwen2.5-0.5B,9,0.375,last_token,en,ja,r5,256,512,delta,ok,0.166015625
Qwen/Qwen2.5-0.5B,9,0.375,last_token,en,ja,r10,256,512,raw,ok,0.77734375
Qwen/Qwen2.5-0.5B,9,0.375,last_token,en,ja,r10,256,512,aligned,ok,0.9140625
Qwen/Qwen2.5-0.5B,9,0.375,last_token,en,ja,r10,256,512,delta,ok,0.13671875
Qwen/Qwen2.5-0.5B,9,0.375,last_token,en,ja,mrr,256,512,raw,ok,0.5587360133602548
Qwen/Qwen2.5-0.5B,9,0.375,last_token,en,ja,mrr,256,512,aligned,ok,0.7160349517547782
Qwen/Qwen2.5-0.5B,9,0.375,last_token,en,ja,mrr,256,512,delta,ok,0.15729893839452336
Qwen/Qwen2.5-0.5B,9,0.375,last_token,ja,en,r1,256,512,raw,ok,0.337890625
Qwen/Qwen2.5-0.5B,9,0.375,last_token,ja,en,r1,256,512,aligned,ok,0.544921875
Qwen/Qwen2.5-0.5B,9,0.375,last_token,ja,en,r1,256,512,delta,ok,0.20703125
Qwen/Qwen2.5-0.5B,9,0.375,last_token,ja,en,r5,256,512,raw,ok,0.5703125
Qwen/Qwen2.5-0.5B,9,0.375,last_token,ja,en,r5,256,512,aligned,ok,0.82421875
Qwen/Qwen2.5-0.5B,9,0.375,last_token,ja,en,r5,256,512,delta,ok,0.25390625
Qwen/Qwen2.5-0.5B,9,0.375,last_token,ja,en,r10,256,512,raw,ok,0.65234375
Qwen/Qwen2.5-0.5B,9,0.375,last_token,ja,en,r10,256,512,aligned,ok,0.912109375
Qwen/Qwen2.5-0.5B,9,0.375,last_token,ja,en,r10,256,512,delta,ok,0.259765625
Qwen/Qwen2.5-0.5B,9,0.375,last_token,ja,en,mrr,256,512,raw,ok,0.4407246714556081
Qwen/Qwen2.5-0.5B,9,0.375,last_token,ja,en,mrr,256,512,aligned,ok,0.6732351254158193
Qwen/Qwen2.5-0.5B,9,0.375,last_token,ja,en,mrr,256,512,delta,ok,0.2325104539602112
Qwen/Qwen2.5-0.5B,9,0.375,last_token,en,zh,r1,256,512,raw,ok,0.681640625
Qwen/Qwen2.5-0.5B,9,0.375,last_token,en,zh,r1,256,512,aligned,ok,0.69921875
Qwen/Qwen2.5-0.5B,9,0.375,last_token,en,zh,r1,256,512,delta,ok,0.017578125
Qwen/Qwen2.5-0.5B,9,0.375,last_token,en,zh,r5,256,512,raw,ok,0.84765625
Qwen/Qwen2.5-0.5B,9,0.375,last_token,en,zh,r5,256,512,aligned,ok,0.89453125
Qwen/Qwen2.5-0.5B,9,0.375,last_token,en,zh,r5,256,512,delta,ok,0.046875
Qwen/Qwen2.5-0.5B,9,0.375,last_token,en,zh,r10,256,512,raw,ok,0.892578125
Qwen/Qwen2.5-0.5B,9,0.375,last_token,en,zh,r10,256,512,aligned,ok,0.94140625
Qwen/Qwen2.5-0.5B,9,0.375,last_token,en,zh,r10,256,512,delta,ok,0.048828125
Qwen/Qwen2.5-0.5B,9,0.375,last_token,en,zh,mrr,256,512,raw,ok,0.7558081447449203
Qwen/Qwen2.5-0.5B,9,0.375,last_token,en,zh,mrr,256,512,aligned,ok,0.7859585806550409
Qwen/Qwen2.5-0.5B,9,0.375,last_token,en,zh,mrr,256,512,delta,ok,0.030150435910120565
Qwen/Qwen2.5-0.5B,9,0.375,last_token,zh,en,r1,256,512,raw,ok,0.673828125
Qwen/Qwen2.5-0.5B,9,0.375,last_token,zh,en,r1,256,512,aligned,ok,0.697265625
Qwen/Qwen2.5-0.5B,9,0.375,last_token,zh,en,r1,256,512,delta,ok,0.0234375
Qwen/Qwen2.5-0.5B,9,0.375,last_token,zh,en,r5,256,512,raw,ok,0.857421875
Qwen/Qwen2.5-0.5B,9,0.375,last_token,zh,en,r5,256,512,aligned,ok,0.890625
Qwen/Qwen2.5-0.5B,9,0.375,last_token,zh,en,r5,256,512,delta,ok,0.033203125
Qwen/Qwen2.5-0.5B,9,0.375,last_token,zh,en,r10,256,512,raw,ok,0.908203125
Qwen/Qwen2.5-0.5B,9,0.375,last_token,zh,en,r10,256,512,aligned,ok,0.923828125
Qwen/Qwen2.5-0.5B,9,0.375,last_token,zh,en,r10,256,512,delta,ok,0.015625
Qwen/Qwen2.5-0.5B,9,0.375,last_token,zh,en,mrr,256,512,raw,ok,0.756138400373783
Qwen/Qwen2.5-0.5B,9,0.375,last_token,zh,en,mrr,256,512,aligned,ok,0.7857214091958231
Qwen/Qwen2.5-0.5B,9,0.375,last_token,zh,en,mrr,256,512,delta,ok,0.029583008822040124
Qwen/Qwen2.5-0.5B,9,0.375,last_token,ko,ja,r1,256,512,raw,ok,0.5625
Qwen/Qwen2.5-0.5B,9,0.375,last_token,ko,ja,r1,256,512,aligned,ok,0.525390625
Qwen/Qwen2.5-0.5B,9,0.375,last_token,ko,ja,r1,256,512,delta,ok,-0.037109375
Qwen/Qwen2.5-0.5B,9,0.375,last_token,ko,ja,r5,256,512,raw,ok,0.7734375
Qwen/Qwen2.5-0.5B,9,0.375,last_token,ko,ja,r5,256,512,aligned,ok,0.75390625
Qwen/Qwen2.5-0.5B,9,0.375,last_token,ko,ja,r5,256,512,delta,ok,-0.01953125
Qwen/Qwen2.5-0.5B,9,0.375,last_token,ko,ja,r10,256,512,raw,ok,0.83984375
Qwen/Qwen2.5-0.5B,9,0.375,last_token,ko,ja,r10,256,512,aligned,ok,0.8359375
Qwen/Qwen2.5-0.5B,9,0.375,last_token,ko,ja,r10,256,512,delta,ok,-0.00390625
Qwen/Qwen2.5-0.5B,9,0.375,last_token,ko,ja,mrr,256,512,raw,ok,0.657106947961983
Qwen/Qwen2.5-0.5B,9,0.375,last_token,ko,ja,mrr,256,512,aligned,ok,0.628156372825414
Qwen/Qwen2.5-0.5B,9,0.375,last_token,ko,ja,mrr,256,512,delta,ok,-0.028950575136568957
Qwen/Qwen2.5-0.5B,9,0.375,last_token,ja,ko,r1,256,512,raw,ok,0.51953125
Qwen/Qwen2.5-0.5B,9,0.375,last_token,ja,ko,r1,256,512,aligned,ok,0.505859375
Qwen/Qwen2.5-0.5B,9,0.375,last_token,ja,ko,r1,256,512,delta,ok,-0.013671875
Qwen/Qwen2.5-0.5B,9,0.375,last_token,ja,ko,r5,256,512,raw,ok,0.708984375
Qwen/Qwen2.5-0.5B,9,0.375,last_token,ja,ko,r5,256,512,aligned,ok,0.76171875
Qwen/Qwen2.5-0.5B,9,0.375,last_token,ja,ko,r5,256,512,delta,ok,0.052734375
Qwen/Qwen2.5-0.5B,9,0.375,last_token,ja,ko,r10,256,512,raw,ok,0.7578125
Qwen/Qwen2.5-0.5B,9,0.375,last_token,ja,ko,r10,256,512,aligned,ok,0.8203125
Qwen/Qwen2.5-0.5B,9,0.375,last_token,ja,ko,r10,256,512,delta,ok,0.0625
Qwen/Qwen2.5-0.5B,9,0.375,last_token,ja,ko,mrr,256,512,raw,ok,0.6022439782601621
Qwen/Qwen2.5-0.5B,9,0.375,last_token,ja,ko,mrr,256,512,aligned,ok,0.622941745742218
Qwen/Qwen2.5-0.5B,9,0.375,last_token,ja,ko,mrr,256,512,delta,ok,0.020697767482055873
Qwen/Qwen2.5-0.5B,9,0.375,last_token,ko,zh,r1,256,512,raw,ok,0.279296875
Qwen/Qwen2.5-0.5B,9,0.375,last_token,ko,zh,r1,256,512,aligned,ok,0.373046875
Qwen/Qwen2.5-0.5B,9,0.375,last_token,ko,zh,r1,256,512,delta,ok,0.09375
Qwen/Qwen2.5-0.5B,9,0.375,last_token,ko,zh,r5,256,512,raw,ok,0.46484375
Qwen/Qwen2.5-0.5B,9,0.375,last_token,ko,zh,r5,256,512,aligned,ok,0.6328125
Qwen/Qwen2.5-0.5B,9,0.375,last_token,ko,zh,r5,256,512,delta,ok,0.16796875
Qwen/Qwen2.5-0.5B,9,0.375,last_token,ko,zh,r10,256,512,raw,ok,0.55859375
Qwen/Qwen2.5-0.5B,9,0.375,last_token,ko,zh,r10,256,512,aligned,ok,0.736328125
Qwen/Qwen2.5-0.5B,9,0.375,last_token,ko,zh,r10,256,512,delta,ok,0.177734375
Qwen/Qwen2.5-0.5B,9,0.375,last_token,ko,zh,mrr,256,512,raw,ok,0.37632066784643686
Qwen/Qwen2.5-0.5B,9,0.375,last_token,ko,zh,mrr,256,512,aligned,ok,0.4893359598675278
Qwen/Qwen2.5-0.5B,9,0.375,last_token,ko,zh,mrr,256,512,delta,ok,0.11301529202109095
Qwen/Qwen2.5-0.5B,9,0.375,last_token,zh,ko,r1,256,512,raw,ok,0.455078125
Qwen/Qwen2.5-0.5B,9,0.375,last_token,zh,ko,r1,256,512,aligned,ok,0.40234375
Qwen/Qwen2.5-0.5B,9,0.375,last_token,zh,ko,r1,256,512,delta,ok,-0.052734375
Qwen/Qwen2.5-0.5B,9,0.375,last_token,zh,ko,r5,256,512,raw,ok,0.671875
Qwen/Qwen2.5-0.5B,9,0.375,last_token,zh,ko,r5,256,512,aligned,ok,0.654296875
Qwen/Qwen2.5-0.5B,9,0.375,last_token,zh,ko,r5,256,512,delta,ok,-0.017578125
Qwen/Qwen2.5-0.5B,9,0.375,last_token,zh,ko,r10,256,512,raw,ok,0.751953125
Qwen/Qwen2.5-0.5B,9,0.375,last_token,zh,ko,r10,256,512,aligned,ok,0.75
Qwen/Qwen2.5-0.5B,9,0.375,last_token,zh,ko,r10,256,512,delta,ok,-0.001953125
Qwen/Qwen2.5-0.5B,9,0.375,last_token,zh,ko,mrr,256,512,raw,ok,0.5515850620872588
Qwen/Qwen2.5-0.5B,9,0.375,last_token,zh,ko,mrr,256,512,aligned,ok,0.5210592559701267
Qwen/Qwen2.5-0.5B,9,0.375,last_token,zh,ko,mrr,256,512,delta,ok,-0.03052580611713207
Qwen/Qwen2.5-0.5B,9,0.375,last_token,ja,zh,r1,256,512,raw,ok,0.314453125
Qwen/Qwen2.5-0.5B,9,0.375,last_token,ja,zh,r1,256,512,aligned,ok,0.525390625
Qwen/Qwen2.5-0.5B,9,0.375,last_token,ja,zh,r1,256,512,delta,ok,0.2109375
Qwen/Qwen2.5-0.5B,9,0.375,last_token,ja,zh,r5,256,512,raw,ok,0.52734375
Qwen/Qwen2.5-0.5B,9,0.375,last_token,ja,zh,r5,256,512,aligned,ok,0.802734375
Qwen/Qwen2.5-0.5B,9,0.375,last_token,ja,zh,r5,256,512,delta,ok,0.275390625
Qwen/Qwen2.5-0.5B,9,0.375,last_token,ja,zh,r10,256,512,raw,ok,0.615234375
Qwen/Qwen2.5-0.5B,9,0.375,last_token,ja,zh,r10,256,512,aligned,ok,0.869140625
Qwen/Qwen2.5-0.5B,9,0.375,last_token,ja,zh,r10,256,512,delta,ok,0.25390625
Qwen/Qwen2.5-0.5B,9,0.375,last_token,ja,zh,mrr,256,512,raw,ok,0.4173266968157213
Qwen/Qwen2.5-0.5B,9,0.375,last_token,ja,zh,mrr,256,512,aligned,ok,0.6437287742486419
Qwen/Qwen2.5-0.5B,9,0.375,last_token,ja,zh,mrr,256,512,delta,ok,0.22640207743292062
Qwen/Qwen2.5-0.5B,9,0.375,last_token,zh,ja,r1,256,512,raw,ok,0.380859375
Qwen/Qwen2.5-0.5B,9,0.375,last_token,zh,ja,r1,256,512,aligned,ok,0.5546875
Qwen/Qwen2.5-0.5B,9,0.375,last_token,zh,ja,r1,256,512,delta,ok,0.173828125
Qwen/Qwen2.5-0.5B,9,0.375,last_token,zh,ja,r5,256,512,raw,ok,0.640625
Qwen/Qwen2.5-0.5B,9,0.375,last_token,zh,ja,r5,256,512,aligned,ok,0.796875
Qwen/Qwen2.5-0.5B,9,0.375,last_token,zh,ja,r5,256,512,delta,ok,0.15625
Qwen/Qwen2.5-0.5B,9,0.375,last_token,zh,ja,r10,256,512,raw,ok,0.740234375
Qwen/Qwen2.5-0.5B,9,0.375,last_token,zh,ja,r10,256,512,aligned,ok,0.8828125
Qwen/Qwen2.5-0.5B,9,0.375,last_token,zh,ja,r10,256,512,delta,ok,0.142578125
Qwen/Qwen2.5-0.5B,9,0.375,last_token,zh,ja,mrr,256,512,raw,ok,0.4996665074438923
Qwen/Qwen2.5-0.5B,9,0.375,last_token,zh,ja,mrr,256,512,aligned,ok,0.6657986443257358
Qwen/Qwen2.5-0.5B,9,0.375,last_token,zh,ja,mrr,256,512,delta,ok,0.16613213688184347
Qwen/Qwen2.5-0.5B,10,0.4166666666666667,last_token,en,ko,r1,256,512,raw,ok,0.515625
Qwen/Qwen2.5-0.5B,10,0.4166666666666667,last_token,en,ko,r1,256,512,aligned,ok,0.48828125
Qwen/Qwen2.5-0.5B,10,0.4166666666666667,last_token,en,ko,r1,256,512,delta,ok,-0.02734375
Qwen/Qwen2.5-0.5B,10,0.4166666666666667,last_token,en,ko,r5,256,512,raw,ok,0.7109375
Qwen/Qwen2.5-0.5B,10,0.4166666666666667,last_token,en,ko,r5,256,512,aligned,ok,0.75
Qwen/Qwen2.5-0.5B,10,0.4166666666666667,last_token,en,ko,r5,256,512,delta,ok,0.0390625
Qwen/Qwen2.5-0.5B,10,0.4166666666666667,last_token,en,ko,r10,256,512,raw,ok,0.798828125
Qwen/Qwen2.5-0.5B,10,0.4166666666666667,last_token,en,ko,r10,256,512,aligned,ok,0.826171875
Qwen/Qwen2.5-0.5B,10,0.4166666666666667,last_token,en,ko,r10,256,512,delta,ok,0.02734375
Qwen/Qwen2.5-0.5B,10,0.4166666666666667,last_token,en,ko,mrr,256,512,raw,ok,0.6101189704724519
Qwen/Qwen2.5-0.5B,10,0.4166666666666667,last_token,en,ko,mrr,256,512,aligned,ok,0.6078229813923376
Qwen/Qwen2.5-0.5B,10,0.4166666666666667,last_token,en,ko,mrr,256,512,delta,ok,-0.0022959890801143024
Qwen/Qwen2.5-0.5B,10,0.4166666666666667,last_token,ko,en,r1,256,512,raw,ok,0.44140625
Qwen/Qwen2.5-0.5B,10,0.4166666666666667,last_token,ko,en,r1,256,512,aligned,ok,0.451171875
Qwen/Qwen2.5-0.5B,10,0.4166666666666667,last_token,ko,en,r1,256,512,delta,ok,0.009765625
Qwen/Qwen2.5-0.5B,10,0.4166666666666667,last_token,ko,en,r5,256,512,raw,ok,0.638671875
Qwen/Qwen2.5-0.5B,10,0.4166666666666667,last_token,ko,en,r5,256,512,aligned,ok,0.720703125
Qwen/Qwen2.5-0.5B,10,0.4166666666666667,last_token,ko,en,r5,256,512,delta,ok,0.08203125
Qwen/Qwen2.5-0.5B,10,0.4166666666666667,last_token,ko,en,r10,256,512,raw,ok,0.728515625
Qwen/Qwen2.5-0.5B,10,0.4166666666666667,last_token,ko,en,r10,256,512,aligned,ok,0.80078125
Qwen/Qwen2.5-0.5B,10,0.4166666666666667,last_token,ko,en,r10,256,512,delta,ok,0.072265625
Qwen/Qwen2.5-0.5B,10,0.4166666666666667,last_token,ko,en,mrr,256,512,raw,ok,0.5341507985578349
Qwen/Qwen2.5-0.5B,10,0.4166666666666667,last_token,ko,en,mrr,256,512,aligned,ok,0.5773884476409226
Qwen/Qwen2.5-0.5B,10,0.4166666666666667,last_token,ko,en,mrr,256,512,delta,ok,0.04323764908308769
Qwen/Qwen2.5-0.5B,10,0.4166666666666667,last_token,en,ja,r1,256,512,raw,ok,0.49609375
Qwen/Qwen2.5-0.5B,10,0.4166666666666667,last_token,en,ja,r1,256,512,aligned,ok,0.638671875
Qwen/Qwen2.5-0.5B,10,0.4166666666666667,last_token,en,ja,r1,256,512,delta,ok,0.142578125
Qwen/Qwen2.5-0.5B,10,0.4166666666666667,last_token,en,ja,r5,256,512,raw,ok,0.75
Qwen/Qwen2.5-0.5B,10,0.4166666666666667,last_token,en,ja,r5,256,512,aligned,ok,0.888671875
Qwen/Qwen2.5-0.5B,10,0.4166666666666667,last_token,en,ja,r5,256,512,delta,ok,0.138671875
Qwen/Qwen2.5-0.5B,10,0.4166666666666667,last_token,en,ja,r10,256,512,raw,ok,0.83203125
Qwen/Qwen2.5-0.5B,10,0.4166666666666667,last_token,en,ja,r10,256,512,aligned,ok,0.921875
Qwen/Qwen2.5-0.5B,10,0.4166666666666667,last_token,en,ja,r10,256,512,delta,ok,0.08984375
Qwen/Qwen2.5-0.5B,10,0.4166666666666667,last_token,en,ja,mrr,256,512,raw,ok,0.6107919446459692
Qwen/Qwen2.5-0.5B,10,0.4166666666666667,last_token,en,ja,mrr,256,512,aligned,ok,0.7480376422317274
Qwen/Qwen2.5-0.5B,10,0.4166666666666667,last_token,en,ja,mrr,256,512,delta,ok,0.13724569758575822
Qwen/Qwen2.5-0.5B,10,0.4166666666666667,last_token,ja,en,r1,256,512,raw,ok,0.4296875
Qwen/Qwen2.5-0.5B,10,0.4166666666666667,last_token,ja,en,r1,256,512,aligned,ok,0.609375
Qwen/Qwen2.5-0.5B,10,0.4166666666666667,last_token,ja,en,r1,256,512,delta,ok,0.1796875
Qwen/Qwen2.5-0.5B,10,0.4166666666666667,last_token,ja,en,r5,256,512,raw,ok,0.66015625
Qwen/Qwen2.5-0.5B,10,0.4166666666666667,last_token,ja,en,r5,256,512,aligned,ok,0.85546875
Qwen/Qwen2.5-0.5B,10,0.4166666666666667,last_token,ja,en,r5,256,512,delta,ok,0.1953125
Qwen/Qwen2.5-0.5B,10,0.4166666666666667,last_token,ja,en,r10,256,512,raw,ok,0.728515625
Qwen/Qwen2.5-0.5B,10,0.4166666666666667,last_token,ja,en,r10,256,512,aligned,ok,0.8984375
Qwen/Qwen2.5-0.5B,10,0.4166666666666667,last_token,ja,en,r10,256,512,delta,ok,0.169921875
Qwen/Qwen2.5-0.5B,10,0.4166666666666667,last_token,ja,en,mrr,256,512,raw,ok,0.5321743803983042
Qwen/Qwen2.5-0.5B,10,0.4166666666666667,last_token,ja,en,mrr,256,512,aligned,ok,0.7147702307971371
Qwen/Qwen2.5-0.5B,10,0.4166666666666667,last_token,ja,en,mrr,256,512,delta,ok,0.18259585039883286
Qwen/Qwen2.5-0.5B,10,0.4166666666666667,last_token,en,zh,r1,256,512,raw,ok,0.705078125
Qwen/Qwen2.5-0.5B,10,0.4166666666666667,last_token,en,zh,r1,256,512,aligned,ok,0.71875
Qwen/Qwen2.5-0.5B,10,0.4166666666666667,last_token,en,zh,r1,256,512,delta,ok,0.013671875
Qwen/Qwen2.5-0.5B,10,0.4166666666666667,last_token,en,zh,r5,256,512,raw,ok,0.859375
Qwen/Qwen2.5-0.5B,10,0.4166666666666667,last_token,en,zh,r5,256,512,aligned,ok,0.91015625
Qwen/Qwen2.5-0.5B,10,0.4166666666666667,last_token,en,zh,r5,256,512,delta,ok,0.05078125
Qwen/Qwen2.5-0.5B,10,0.4166666666666667,last_token,en,zh,r10,256,512,raw,ok,0.9140625
Qwen/Qwen2.5-0.5B,10,0.4166666666666667,last_token,en,zh,r10,256,512,aligned,ok,0.94921875
Qwen/Qwen2.5-0.5B,10,0.4166666666666667,last_token,en,zh,r10,256,512,delta,ok,0.03515625
Qwen/Qwen2.5-0.5B,10,0.4166666666666667,last_token,en,zh,mrr,256,512,raw,ok,0.7749544151815808
Qwen/Qwen2.5-0.5B,10,0.4166666666666667,last_token,en,zh,mrr,256,512,aligned,ok,0.8064528829741442
Qwen/Qwen2.5-0.5B,10,0.4166666666666667,last_token,en,zh,mrr,256,512,delta,ok,0.03149846779256338
Qwen/Qwen2.5-0.5B,10,0.4166666666666667,last_token,zh,en,r1,256,512,raw,ok,0.72265625
Qwen/Qwen2.5-0.5B,10,0.4166666666666667,last_token,zh,en,r1,256,512,aligned,ok,0.716796875
Qwen/Qwen2.5-0.5B,10,0.4166666666666667,last_token,zh,en,r1,256,512,delta,ok,-0.005859375
Qwen/Qwen2.5-0.5B,10,0.4166666666666667,last_token,zh,en,r5,256,512,raw,ok,0.876953125
Qwen/Qwen2.5-0.5B,10,0.4166666666666667,last_token,zh,en,r5,256,512,aligned,ok,0.896484375
Qwen/Qwen2.5-0.5B,10,0.4166666666666667,last_token,zh,en,r5,256,512,delta,ok,0.01953125
Qwen/Qwen2.5-0.5B,10,0.4166666666666667,last_token,zh,en,r10,256,512,raw,ok,0.91796875
Qwen/Qwen2.5-0.5B,10,0.4166666666666667,last_token,zh,en,r10,256,512,aligned,ok,0.93359375
Qwen/Qwen2.5-0.5B,10,0.4166666666666667,last_token,zh,en,r10,256,512,delta,ok,0.015625
Qwen/Qwen2.5-0.5B,10,0.4166666666666667,last_token,zh,en,mrr,256,512,raw,ok,0.7931538790260864
Qwen/Qwen2.5-0.5B,10,0.4166666666666667,last_token,zh,en,mrr,256,512,aligned,ok,0.7993953061183303
Qwen/Qwen2.5-0.5B,10,0.4166666666666667,last_token,zh,en,mrr,256,512,delta,ok,0.006241427092243956
Qwen/Qwen2.5-0.5B,10,0.4166666666666667,last_token,ko,ja,r1,256,512,raw,ok,0.583984375
Qwen/Qwen2.5-0.5B,10,0.4166666666666667,last_token,ko,ja,r1,256,512,aligned,ok,0.52734375
Qwen/Qwen2.5-0.5B,10,0.4166666666666667,last_token,ko,ja,r1,256,512,delta,ok,-0.056640625
Qwen/Qwen2.5-0.5B,10,0.4166666666666667,last_token,ko,ja,r5,256,512,raw,ok,0.810546875
Qwen/Qwen2.5-0.5B,10,0.4166666666666667,last_token,ko,ja,r5,256,512,aligned,ok,0.76953125
Qwen/Qwen2.5-0.5B,10,0.4166666666666667,last_token,ko,ja,r5,256,512,delta,ok,-0.041015625
Qwen/Qwen2.5-0.5B,10,0.4166666666666667,last_token,ko,ja,r10,256,512,raw,ok,0.8515625
Qwen/Qwen2.5-0.5B,10,0.4166666666666667,last_token,ko,ja,r10,256,512,aligned,ok,0.83203125
Qwen/Qwen2.5-0.5B,10,0.4166666666666667,last_token,ko,ja,r10,256,512,delta,ok,-0.01953125
Qwen/Qwen2.5-0.5B,10,0.4166666666666667,last_token,ko,ja,mrr,256,512,raw,ok,0.686201071241284
Qwen/Qwen2.5-0.5B,10,0.4166666666666667,last_token,ko,ja,mrr,256,512,aligned,ok,0.6345853274830371
Qwen/Qwen2.5-0.5B,10,0.4166666666666667,last_token,ko,ja,mrr,256,512,delta,ok,-0.05161574375824696
Qwen/Qwen2.5-0.5B,10,0.4166666666666667,last_token,ja,ko,r1,256,512,raw,ok,0.54296875
Qwen/Qwen2.5-0.5B,10,0.4166666666666667,last_token,ja,ko,r1,256,512,aligned,ok,0.498046875
Qwen/Qwen2.5-0.5B,10,0.4166666666666667,last_token,ja,ko,r1,256,512,delta,ok,-0.044921875
Qwen/Qwen2.5-0.5B,10,0.4166666666666667,last_token,ja,ko,r5,256,512,raw,ok,0.73828125
Qwen/Qwen2.5-0.5B,10,0.4166666666666667,last_token,ja,ko,r5,256,512,aligned,ok,0.751953125
Qwen/Qwen2.5-0.5B,10,0.4166666666666667,last_token,ja,ko,r5,256,512,delta,ok,0.013671875
Qwen/Qwen2.5-0.5B,10,0.4166666666666667,last_token,ja,ko,r10,256,512,raw,ok,0.787109375
Qwen/Qwen2.5-0.5B,10,0.4166666666666667,last_token,ja,ko,r10,256,512,aligned,ok,0.83203125
Qwen/Qwen2.5-0.5B,10,0.4166666666666667,last_token,ja,ko,r10,256,512,delta,ok,0.044921875
Qwen/Qwen2.5-0.5B,10,0.4166666666666667,last_token,ja,ko,mrr,256,512,raw,ok,0.6268512229062544
Qwen/Qwen2.5-0.5B,10,0.4166666666666667,last_token,ja,ko,mrr,256,512,aligned,ok,0.6143624838596878
Qwen/Qwen2.5-0.5B,10,0.4166666666666667,last_token,ja,ko,mrr,256,512,delta,ok,-0.012488739046566555
Qwen/Qwen2.5-0.5B,10,0.4166666666666667,last_token,ko,zh,r1,256,512,raw,ok,0.310546875
Qwen/Qwen2.5-0.5B,10,0.4166666666666667,last_token,ko,zh,r1,256,512,aligned,ok,0.375
Qwen/Qwen2.5-0.5B,10,0.4166666666666667,last_token,ko,zh,r1,256,512,delta,ok,0.064453125
Qwen/Qwen2.5-0.5B,10,0.4166666666666667,last_token,ko,zh,r5,256,512,raw,ok,0.525390625
Qwen/Qwen2.5-0.5B,10,0.4166666666666667,last_token,ko,zh,r5,256,512,aligned,ok,0.64453125
Qwen/Qwen2.5-0.5B,10,0.4166666666666667,last_token,ko,zh,r5,256,512,delta,ok,0.119140625
Qwen/Qwen2.5-0.5B,10,0.4166666666666667,last_token,ko,zh,r10,256,512,raw,ok,0.63671875
Qwen/Qwen2.5-0.5B,10,0.4166666666666667,last_token,ko,zh,r10,256,512,aligned,ok,0.755859375
Qwen/Qwen2.5-0.5B,10,0.4166666666666667,last_token,ko,zh,r10,256,512,delta,ok,0.119140625
Qwen/Qwen2.5-0.5B,10,0.4166666666666667,last_token,ko,zh,mrr,256,512,raw,ok,0.4182857584609474
Qwen/Qwen2.5-0.5B,10,0.4166666666666667,last_token,ko,zh,mrr,256,512,aligned,ok,0.5045406126775894
Qwen/Qwen2.5-0.5B,10,0.4166666666666667,last_token,ko,zh,mrr,256,512,delta,ok,0.08625485421664203
Qwen/Qwen2.5-0.5B,10,0.4166666666666667,last_token,zh,ko,r1,256,512,raw,ok,0.466796875
Qwen/Qwen2.5-0.5B,10,0.4166666666666667,last_token,zh,ko,r1,256,512,aligned,ok,0.392578125
Qwen/Qwen2.5-0.5B,10,0.4166666666666667,last_token,zh,ko,r1,256,512,delta,ok,-0.07421875
Qwen/Qwen2.5-0.5B,10,0.4166666666666667,last_token,zh,ko,r5,256,512,raw,ok,0.67578125
Qwen/Qwen2.5-0.5B,10,0.4166666666666667,last_token,zh,ko,r5,256,512,aligned,ok,0.66015625
Qwen/Qwen2.5-0.5B,10,0.4166666666666667,last_token,zh,ko,r5,256,512,delta,ok,-0.015625
Qwen/Qwen2.5-0.5B,10,0.4166666666666667,last_token,zh,ko,r10,256,512,raw,ok,0.76171875
Qwen/Qwen2.5-0.5B,10,0.4166666666666667,last_token,zh,ko,r10,256,512,aligned,ok,0.767578125
Qwen/Qwen2.5-0.5B,10,0.4166666666666667,last_token,zh,ko,r10,256,512,delta,ok,0.005859375
Qwen/Qwen2.5-0.5B,10,0.4166666666666667,last_token,zh,ko,mrr,256,512,raw,ok,0.5646056086638622
Qwen/Qwen2.5-0.5B,10,0.4166666666666667,last_token,zh,ko,mrr,256,512,aligned,ok,0.5192855388279024
Qwen/Qwen2.5-0.5B,10,0.4166666666666667,last_token,zh,ko,mrr,256,512,delta,ok,-0.04532006983595982
Qwen/Qwen2.5-0.5B,10,0.4166666666666667,last_token,ja,zh,r1,256,512,raw,ok,0.3828125
Qwen/Qwen2.5-0.5B,10,0.4166666666666667,last_token,ja,zh,r1,256,512,aligned,ok,0.541015625
Qwen/Qwen2.5-0.5B,10,0.4166666666666667,last_token,ja,zh,r1,256,512,delta,ok,0.158203125
Qwen/Qwen2.5-0.5B,10,0.4166666666666667,last_token,ja,zh,r5,256,512,raw,ok,0.599609375
Qwen/Qwen2.5-0.5B,10,0.4166666666666667,last_token,ja,zh,r5,256,512,aligned,ok,0.8046875
Qwen/Qwen2.5-0.5B,10,0.4166666666666667,last_token,ja,zh,r5,256,512,delta,ok,0.205078125
Qwen/Qwen2.5-0.5B,10,0.4166666666666667,last_token,ja,zh,r10,256,512,raw,ok,0.685546875
Qwen/Qwen2.5-0.5B,10,0.4166666666666667,last_token,ja,zh,r10,256,512,aligned,ok,0.875
Qwen/Qwen2.5-0.5B,10,0.4166666666666667,last_token,ja,zh,r10,256,512,delta,ok,0.189453125
Qwen/Qwen2.5-0.5B,10,0.4166666666666667,last_token,ja,zh,mrr,256,512,raw,ok,0.4823452158341588
Qwen/Qwen2.5-0.5B,10,0.4166666666666667,last_token,ja,zh,mrr,256,512,aligned,ok,0.6571372446400374
Qwen/Qwen2.5-0.5B,10,0.4166666666666667,last_token,ja,zh,mrr,256,512,delta,ok,0.17479202880587863
Qwen/Qwen2.5-0.5B,10,0.4166666666666667,last_token,zh,ja,r1,256,512,raw,ok,0.419921875
Qwen/Qwen2.5-0.5B,10,0.4166666666666667,last_token,zh,ja,r1,256,512,aligned,ok,0.546875
Qwen/Qwen2.5-0.5B,10,0.4166666666666667,last_token,zh,ja,r1,256,512,delta,ok,0.126953125
Qwen/Qwen2.5-0.5B,10,0.4166666666666667,last_token,zh,ja,r5,256,512,raw,ok,0.697265625
Qwen/Qwen2.5-0.5B,10,0.4166666666666667,last_token,zh,ja,r5,256,512,aligned,ok,0.818359375
Qwen/Qwen2.5-0.5B,10,0.4166666666666667,last_token,zh,ja,r5,256,512,delta,ok,0.12109375
Qwen/Qwen2.5-0.5B,10,0.4166666666666667,last_token,zh,ja,r10,256,512,raw,ok,0.76953125
Qwen/Qwen2.5-0.5B,10,0.4166666666666667,last_token,zh,ja,r10,256,512,aligned,ok,0.90625
Qwen/Qwen2.5-0.5B,10,0.4166666666666667,last_token,zh,ja,r10,256,512,delta,ok,0.13671875
Qwen/Qwen2.5-0.5B,10,0.4166666666666667,last_token,zh,ja,mrr,256,512,raw,ok,0.5445050004945351
Qwen/Qwen2.5-0.5B,10,0.4166666666666667,last_token,zh,ja,mrr,256,512,aligned,ok,0.6710413733153395
Qwen/Qwen2.5-0.5B,10,0.4166666666666667,last_token,zh,ja,mrr,256,512,delta,ok,0.12653637282080443
Qwen/Qwen2.5-0.5B,11,0.4583333333333333,last_token,en,ko,r1,256,512,raw,ok,0.77734375
Qwen/Qwen2.5-0.5B,11,0.4583333333333333,last_token,en,ko,r1,256,512,aligned,ok,0.689453125
Qwen/Qwen2.5-0.5B,11,0.4583333333333333,last_token,en,ko,r1,256,512,delta,ok,-0.087890625
Qwen/Qwen2.5-0.5B,11,0.4583333333333333,last_token,en,ko,r5,256,512,raw,ok,0.88671875
Qwen/Qwen2.5-0.5B,11,0.4583333333333333,last_token,en,ko,r5,256,512,aligned,ok,0.869140625
Qwen/Qwen2.5-0.5B,11,0.4583333333333333,last_token,en,ko,r5,256,512,delta,ok,-0.017578125
Qwen/Qwen2.5-0.5B,11,0.4583333333333333,last_token,en,ko,r10,256,512,raw,ok,0.90234375
Qwen/Qwen2.5-0.5B,11,0.4583333333333333,last_token,en,ko,r10,256,512,aligned,ok,0.912109375
Qwen/Qwen2.5-0.5B,11,0.4583333333333333,last_token,en,ko,r10,256,512,delta,ok,0.009765625
Qwen/Qwen2.5-0.5B,11,0.4583333333333333,last_token,en,ko,mrr,256,512,raw,ok,0.8260845730806687
Qwen/Qwen2.5-0.5B,11,0.4583333333333333,last_token,en,ko,mrr,256,512,aligned,ok,0.7735313371793584
Qwen/Qwen2.5-0.5B,11,0.4583333333333333,last_token,en,ko,mrr,256,512,delta,ok,-0.052553235901310336
Qwen/Qwen2.5-0.5B,11,0.4583333333333333,last_token,ko,en,r1,256,512,raw,ok,0.677734375
Qwen/Qwen2.5-0.5B,11,0.4583333333333333,last_token,ko,en,r1,256,512,aligned,ok,0.646484375
Qwen/Qwen2.5-0.5B,11,0.4583333333333333,last_token,ko,en,r1,256,512,delta,ok,-0.03125
Qwen/Qwen2.5-0.5B,11,0.4583333333333333,last_token,ko,en,r5,256,512,raw,ok,0.830078125
Qwen/Qwen2.5-0.5B,11,0.4583333333333333,last_token,ko,en,r5,256,512,aligned,ok,0.837890625
Qwen/Qwen2.5-0.5B,11,0.4583333333333333,last_token,ko,en,r5,256,512,delta,ok,0.0078125
Qwen/Qwen2.5-0.5B,11,0.4583333333333333,last_token,ko,en,r10,256,512,raw,ok,0.873046875
Qwen/Qwen2.5-0.5B,11,0.4583333333333333,last_token,ko,en,r10,256,512,aligned,ok,0.896484375
Qwen/Qwen2.5-0.5B,11,0.4583333333333333,last_token,ko,en,r10,256,512,delta,ok,0.0234375
Qwen/Qwen2.5-0.5B,11,0.4583333333333333,last_token,ko,en,mrr,256,512,raw,ok,0.7463843320938152
Qwen/Qwen2.5-0.5B,11,0.4583333333333333,last_token,ko,en,mrr,256,512,aligned,ok,0.7291532012313544
Qwen/Qwen2.5-0.5B,11,0.4583333333333333,last_token,ko,en,mrr,256,512,delta,ok,-0.017231130862460753
Qwen/Qwen2.5-0.5B,11,0.4583333333333333,last_token,en,ja,r1,256,512,raw,ok,0.78515625
Qwen/Qwen2.5-0.5B,11,0.4583333333333333,last_token,en,ja,r1,256,512,aligned,ok,0.806640625
Qwen/Qwen2.5-0.5B,11,0.4583333333333333,last_token,en,ja,r1,256,512,delta,ok,0.021484375
Qwen/Qwen2.5-0.5B,11,0.4583333333333333,last_token,en,ja,r5,256,512,raw,ok,0.9453125
Qwen/Qwen2.5-0.5B,11,0.4583333333333333,last_token,en,ja,r5,256,512,aligned,ok,0.943359375
Qwen/Qwen2.5-0.5B,11,0.4583333333333333,last_token,en,ja,r5,256,512,delta,ok,-0.001953125
Qwen/Qwen2.5-0.5B,11,0.4583333333333333,last_token,en,ja,r10,256,512,raw,ok,0.96484375
Qwen/Qwen2.5-0.5B,11,0.4583333333333333,last_token,en,ja,r10,256,512,aligned,ok,0.966796875
Qwen/Qwen2.5-0.5B,11,0.4583333333333333,last_token,en,ja,r10,256,512,delta,ok,0.001953125
Qwen/Qwen2.5-0.5B,11,0.4583333333333333,last_token,en,ja,mrr,256,512,raw,ok,0.8563416981590621
Qwen/Qwen2.5-0.5B,11,0.4583333333333333,last_token,en,ja,mrr,256,512,aligned,ok,0.8703756876267867
Qwen/Qwen2.5-0.5B,11,0.4583333333333333,last_token,en,ja,mrr,256,512,delta,ok,0.014033989467724606
Qwen/Qwen2.5-0.5B,11,0.4583333333333333,last_token,ja,en,r1,256,512,raw,ok,0.697265625
Qwen/Qwen2.5-0.5B,11,0.4583333333333333,last_token,ja,en,r1,256,512,aligned,ok,0.736328125
Qwen/Qwen2.5-0.5B,11,0.4583333333333333,last_token,ja,en,r1,256,512,delta,ok,0.0390625
Qwen/Qwen2.5-0.5B,11,0.4583333333333333,last_token,ja,en,r5,256,512,raw,ok,0.833984375
Qwen/Qwen2.5-0.5B,11,0.4583333333333333,last_token,ja,en,r5,256,512,aligned,ok,0.927734375
Qwen/Qwen2.5-0.5B,11,0.4583333333333333,last_token,ja,en,r5,256,512,delta,ok,0.09375
Qwen/Qwen2.5-0.5B,11,0.4583333333333333,last_token,ja,en,r10,256,512,raw,ok,0.865234375
Qwen/Qwen2.5-0.5B,11,0.4583333333333333,last_token,ja,en,r10,256,512,aligned,ok,0.96484375
Qwen/Qwen2.5-0.5B,11,0.4583333333333333,last_token,ja,en,r10,256,512,delta,ok,0.099609375
Qwen/Qwen2.5-0.5B,11,0.4583333333333333,last_token,ja,en,mrr,256,512,raw,ok,0.7618099694571099
Qwen/Qwen2.5-0.5B,11,0.4583333333333333,last_token,ja,en,mrr,256,512,aligned,ok,0.8209654576340313
Qwen/Qwen2.5-0.5B,11,0.4583333333333333,last_token,ja,en,mrr,256,512,delta,ok,0.0591554881769214
Qwen/Qwen2.5-0.5B,11,0.4583333333333333,last_token,en,zh,r1,256,512,raw,ok,0.853515625
Qwen/Qwen2.5-0.5B,11,0.4583333333333333,last_token,en,zh,r1,256,512,aligned,ok,0.8671875
Qwen/Qwen2.5-0.5B,11,0.4583333333333333,last_token,en,zh,r1,256,512,delta,ok,0.013671875
Qwen/Qwen2.5-0.5B,11,0.4583333333333333,last_token,en,zh,r5,256,512,raw,ok,0.947265625
Qwen/Qwen2.5-0.5B,11,0.4583333333333333,last_token,en,zh,r5,256,512,aligned,ok,0.966796875
Qwen/Qwen2.5-0.5B,11,0.4583333333333333,last_token,en,zh,r5,256,512,delta,ok,0.01953125
Qwen/Qwen2.5-0.5B,11,0.4583333333333333,last_token,en,zh,r10,256,512,raw,ok,0.96484375
Qwen/Qwen2.5-0.5B,11,0.4583333333333333,last_token,en,zh,r10,256,512,aligned,ok,0.98046875
Qwen/Qwen2.5-0.5B,11,0.4583333333333333,last_token,en,zh,r10,256,512,delta,ok,0.015625
Qwen/Qwen2.5-0.5B,11,0.4583333333333333,last_token,en,zh,mrr,256,512,raw,ok,0.896615728023414
Qwen/Qwen2.5-0.5B,11,0.4583333333333333,last_token,en,zh,mrr,256,512,aligned,ok,0.9118307085153039
Qwen/Qwen2.5-0.5B,11,0.4583333333333333,last_token,en,zh,mrr,256,512,delta,ok,0.015214980491889851
Qwen/Qwen2.5-0.5B,11,0.4583333333333333,last_token,zh,en,r1,256,512,raw,ok,0.88671875
Qwen/Qwen2.5-0.5B,11,0.4583333333333333,last_token,zh,en,r1,256,512,aligned,ok,0.861328125
Qwen/Qwen2.5-0.5B,11,0.4583333333333333,last_token,zh,en,r1,256,512,delta,ok,-0.025390625
Qwen/Qwen2.5-0.5B,11,0.4583333333333333,last_token,zh,en,r5,256,512,raw,ok,0.966796875
Qwen/Qwen2.5-0.5B,11,0.4583333333333333,last_token,zh,en,r5,256,512,aligned,ok,0.9609375
Qwen/Qwen2.5-0.5B,11,0.4583333333333333,last_token,zh,en,r5,256,512,delta,ok,-0.005859375
Qwen/Qwen2.5-0.5B,11,0.4583333333333333,last_token,zh,en,r10,256,512,raw,ok,0.986328125
Qwen/Qwen2.5-0.5B,11,0.4583333333333333,last_token,zh,en,r10,256,512,aligned,ok,0.978515625
Qwen/Qwen2.5-0.5B,11,0.4583333333333333,last_token,zh,en,r10,256,512,delta,ok,-0.0078125
Qwen/Qwen2.5-0.5B,11,0.4583333333333333,last_token,zh,en,mrr,256,512,raw,ok,0.9198418265207033
Qwen/Qwen2.5-0.5B,11,0.4583333333333333,last_token,zh,en,mrr,256,512,aligned,ok,0.9071274324055404
Qwen/Qwen2.5-0.5B,11,0.4583333333333333,last_token,zh,en,mrr,256,512,delta,ok,-0.012714394115162952
Qwen/Qwen2.5-0.5B,11,0.4583333333333333,last_token,ko,ja,r1,256,512,raw,ok,0.78515625
Qwen/Qwen2.5-0.5B,11,0.4583333333333333,last_token,ko,ja,r1,256,512,aligned,ok,0.712890625
Qwen/Qwen2.5-0.5B,11,0.4583333333333333,last_token,ko,ja,r1,256,512,delta,ok,-0.072265625
Qwen/Qwen2.5-0.5B,11,0.4583333333333333,last_token,ko,ja,r5,256,512,raw,ok,0.89453125
Qwen/Qwen2.5-0.5B,11,0.4583333333333333,last_token,ko,ja,r5,256,512,aligned,ok,0.865234375
Qwen/Qwen2.5-0.5B,11,0.4583333333333333,last_token,ko,ja,r5,256,512,delta,ok,-0.029296875
Qwen/Qwen2.5-0.5B,11,0.4583333333333333,last_token,ko,ja,r10,256,512,raw,ok,0.92578125
Qwen/Qwen2.5-0.5B,11,0.4583333333333333,last_token,ko,ja,r10,256,512,aligned,ok,0.9140625
Qwen/Qwen2.5-0.5B,11,0.4583333333333333,last_token,ko,ja,r10,256,512,delta,ok,-0.01171875
Qwen/Qwen2.5-0.5B,11,0.4583333333333333,last_token,ko,ja,mrr,256,512,raw,ok,0.8368360037986792
Qwen/Qwen2.5-0.5B,11,0.4583333333333333,last_token,ko,ja,mrr,256,512,aligned,ok,0.7809124237275075
Qwen/Qwen2.5-0.5B,11,0.4583333333333333,last_token,ko,ja,mrr,256,512,delta,ok,-0.05592358007117171
Qwen/Qwen2.5-0.5B,11,0.4583333333333333,last_token,ja,ko,r1,256,512,raw,ok,0.71484375
Qwen/Qwen2.5-0.5B,11,0.4583333333333333,last_token,ja,ko,r1,256,512,aligned,ok,0.712890625
Qwen/Qwen2.5-0.5B,11,0.4583333333333333,last_token,ja,ko,r1,256,512,delta,ok,-0.001953125
Qwen/Qwen2.5-0.5B,11,0.4583333333333333,last_token,ja,ko,r5,256,512,raw,ok,0.861328125
Qwen/Qwen2.5-0.5B,11,0.4583333333333333,last_token,ja,ko,r5,256,512,aligned,ok,0.865234375
Qwen/Qwen2.5-0.5B,11,0.4583333333333333,last_token,ja,ko,r5,256,512,delta,ok,0.00390625
Qwen/Qwen2.5-0.5B,11,0.4583333333333333,last_token,ja,ko,r10,256,512,raw,ok,0.876953125
Qwen/Qwen2.5-0.5B,11,0.4583333333333333,last_token,ja,ko,r10,256,512,aligned,ok,0.900390625
Qwen/Qwen2.5-0.5B,11,0.4583333333333333,last_token,ja,ko,r10,256,512,delta,ok,0.0234375
Qwen/Qwen2.5-0.5B,11,0.4583333333333333,last_token,ja,ko,mrr,256,512,raw,ok,0.7790494071545762
Qwen/Qwen2.5-0.5B,11,0.4583333333333333,last_token,ja,ko,mrr,256,512,aligned,ok,0.7829166754492689
Qwen/Qwen2.5-0.5B,11,0.4583333333333333,last_token,ja,ko,mrr,256,512,delta,ok,0.0038672682946927495
Qwen/Qwen2.5-0.5B,11,0.4583333333333333,last_token,ko,zh,r1,256,512,raw,ok,0.513671875
Qwen/Qwen2.5-0.5B,11,0.4583333333333333,last_token,ko,zh,r1,256,512,aligned,ok,0.556640625
Qwen/Qwen2.5-0.5B,11,0.4583333333333333,last_token,ko,zh,r1,256,512,delta,ok,0.04296875
Qwen/Qwen2.5-0.5B,11,0.4583333333333333,last_token,ko,zh,r5,256,512,raw,ok,0.73828125
Qwen/Qwen2.5-0.5B,11,0.4583333333333333,last_token,ko,zh,r5,256,512,aligned,ok,0.80859375
Qwen/Qwen2.5-0.5B,11,0.4583333333333333,last_token,ko,zh,r5,256,512,delta,ok,0.0703125
Qwen/Qwen2.5-0.5B,11,0.4583333333333333,last_token,ko,zh,r10,256,512,raw,ok,0.771484375
Qwen/Qwen2.5-0.5B,11,0.4583333333333333,last_token,ko,zh,r10,256,512,aligned,ok,0.869140625
Qwen/Qwen2.5-0.5B,11,0.4583333333333333,last_token,ko,zh,r10,256,512,delta,ok,0.09765625
Qwen/Qwen2.5-0.5B,11,0.4583333333333333,last_token,ko,zh,mrr,256,512,raw,ok,0.6103184119695189
Qwen/Qwen2.5-0.5B,11,0.4583333333333333,last_token,ko,zh,mrr,256,512,aligned,ok,0.6681967881587462
Qwen/Qwen2.5-0.5B,11,0.4583333333333333,last_token,ko,zh,mrr,256,512,delta,ok,0.05787837618922731
Qwen/Qwen2.5-0.5B,11,0.4583333333333333,last_token,zh,ko,r1,256,512,raw,ok,0.6953125
Qwen/Qwen2.5-0.5B,11,0.4583333333333333,last_token,zh,ko,r1,256,512,aligned,ok,0.603515625
Qwen/Qwen2.5-0.5B,11,0.4583333333333333,last_token,zh,ko,r1,256,512,delta,ok,-0.091796875
Qwen/Qwen2.5-0.5B,11,0.4583333333333333,last_token,zh,ko,r5,256,512,raw,ok,0.8515625
Qwen/Qwen2.5-0.5B,11,0.4583333333333333,last_token,zh,ko,r5,256,512,aligned,ok,0.833984375
Qwen/Qwen2.5-0.5B,11,0.4583333333333333,last_token,zh,ko,r5,256,512,delta,ok,-0.017578125
Qwen/Qwen2.5-0.5B,11,0.4583333333333333,last_token,zh,ko,r10,256,512,raw,ok,0.888671875
Qwen/Qwen2.5-0.5B,11,0.4583333333333333,last_token,zh,ko,r10,256,512,aligned,ok,0.880859375
Qwen/Qwen2.5-0.5B,11,0.4583333333333333,last_token,zh,ko,r10,256,512,delta,ok,-0.0078125
Qwen/Qwen2.5-0.5B,11,0.4583333333333333,last_token,zh,ko,mrr,256,512,raw,ok,0.7667988469662054
Qwen/Qwen2.5-0.5B,11,0.4583333333333333,last_token,zh,ko,mrr,256,512,aligned,ok,0.70372192317142
Qwen/Qwen2.5-0.5B,11,0.4583333333333333,last_token,zh,ko,mrr,256,512,delta,ok,-0.06307692379478536
Qwen/Qwen2.5-0.5B,11,0.4583333333333333,last_token,ja,zh,r1,256,512,raw,ok,0.6015625
Qwen/Qwen2.5-0.5B,11,0.4583333333333333,last_token,ja,zh,r1,256,512,aligned,ok,0.712890625
Qwen/Qwen2.5-0.5B,11,0.4583333333333333,last_token,ja,zh,r1,256,512,delta,ok,0.111328125
Qwen/Qwen2.5-0.5B,11,0.4583333333333333,last_token,ja,zh,r5,256,512,raw,ok,0.779296875
Qwen/Qwen2.5-0.5B,11,0.4583333333333333,last_token,ja,zh,r5,256,512,aligned,ok,0.921875
Qwen/Qwen2.5-0.5B,11,0.4583333333333333,last_token,ja,zh,r5,256,512,delta,ok,0.142578125
Qwen/Qwen2.5-0.5B,11,0.4583333333333333,last_token,ja,zh,r10,256,512,raw,ok,0.83203125
Qwen/Qwen2.5-0.5B,11,0.4583333333333333,last_token,ja,zh,r10,256,512,aligned,ok,0.958984375
Qwen/Qwen2.5-0.5B,11,0.4583333333333333,last_token,ja,zh,r10,256,512,delta,ok,0.126953125
Qwen/Qwen2.5-0.5B,11,0.4583333333333333,last_token,ja,zh,mrr,256,512,raw,ok,0.6839412808614616
Qwen/Qwen2.5-0.5B,11,0.4583333333333333,last_token,ja,zh,mrr,256,512,aligned,ok,0.8085542245161311
Qwen/Qwen2.5-0.5B,11,0.4583333333333333,last_token,ja,zh,mrr,256,512,delta,ok,0.12461294365466957
Qwen/Qwen2.5-0.5B,11,0.4583333333333333,last_token,zh,ja,r1,256,512,raw,ok,0.7265625
Qwen/Qwen2.5-0.5B,11,0.4583333333333333,last_token,zh,ja,r1,256,512,aligned,ok,0.76171875
Qwen/Qwen2.5-0.5B,11,0.4583333333333333,last_token,zh,ja,r1,256,512,delta,ok,0.03515625
Qwen/Qwen2.5-0.5B,11,0.4583333333333333,last_token,zh,ja,r5,256,512,raw,ok,0.900390625
Qwen/Qwen2.5-0.5B,11,0.4583333333333333,last_token,zh,ja,r5,256,512,aligned,ok,0.923828125
Qwen/Qwen2.5-0.5B,11,0.4583333333333333,last_token,zh,ja,r5,256,512,delta,ok,0.0234375
Qwen/Qwen2.5-0.5B,11,0.4583333333333333,last_token,zh,ja,r10,256,512,raw,ok,0.9453125
Qwen/Qwen2.5-0.5B,11,0.4583333333333333,last_token,zh,ja,r10,256,512,aligned,ok,0.96484375
Qwen/Qwen2.5-0.5B,11,0.4583333333333333,last_token,zh,ja,r10,256,512,delta,ok,0.01953125
Qwen/Qwen2.5-0.5B,11,0.4583333333333333,last_token,zh,ja,mrr,256,512,raw,ok,0.8060045577741373
Qwen/Qwen2.5-0.5B,11,0.4583333333333333,last_token,zh,ja,mrr,256,512,aligned,ok,0.8361618942682332
Qwen/Qwen2.5-0.5B,11,0.4583333333333333,last_token,zh,ja,mrr,256,512,delta,ok,0.03015733649409591
Qwen/Qwen2.5-0.5B,12,0.5,last_token,en,ko,r1,256,512,raw,ok,0.71875
Qwen/Qwen2.5-0.5B,12,0.5,last_token,en,ko,r1,256,512,aligned,ok,0.65625
Qwen/Qwen2.5-0.5B,12,0.5,last_token,en,ko,r1,256,512,delta,ok,-0.0625
Qwen/Qwen2.5-0.5B,12,0.5,last_token,en,ko,r5,256,512,raw,ok,0.857421875
Qwen/Qwen2.5-0.5B,12,0.5,last_token,en,ko,r5,256,512,aligned,ok,0.85546875
Qwen/Qwen2.5-0.5B,12,0.5,last_token,en,ko,r5,256,512,delta,ok,-0.001953125
Qwen/Qwen2.5-0.5B,12,0.5,last_token,en,ko,r10,256,512,raw,ok,0.892578125
Qwen/Qwen2.5-0.5B,12,0.5,last_token,en,ko,r10,256,512,aligned,ok,0.900390625
Qwen/Qwen2.5-0.5B,12,0.5,last_token,en,ko,r10,256,512,delta,ok,0.0078125
Qwen/Qwen2.5-0.5B,12,0.5,last_token,en,ko,mrr,256,512,raw,ok,0.7831675241879033
Qwen/Qwen2.5-0.5B,12,0.5,last_token,en,ko,mrr,256,512,aligned,ok,0.7478742847726448
Qwen/Qwen2.5-0.5B,12,0.5,last_token,en,ko,mrr,256,512,delta,ok,-0.035293239415258415
Qwen/Qwen2.5-0.5B,12,0.5,last_token,ko,en,r1,256,512,raw,ok,0.6484375
Qwen/Qwen2.5-0.5B,12,0.5,last_token,ko,en,r1,256,512,aligned,ok,0.599609375
Qwen/Qwen2.5-0.5B,12,0.5,last_token,ko,en,r1,256,512,delta,ok,-0.048828125
Qwen/Qwen2.5-0.5B,12,0.5,last_token,ko,en,r5,256,512,raw,ok,0.791015625
Qwen/Qwen2.5-0.5B,12,0.5,last_token,ko,en,r5,256,512,aligned,ok,0.810546875
Qwen/Qwen2.5-0.5B,12,0.5,last_token,ko,en,r5,256,512,delta,ok,0.01953125
Qwen/Qwen2.5-0.5B,12,0.5,last_token,ko,en,r10,256,512,raw,ok,0.845703125
Qwen/Qwen2.5-0.5B,12,0.5,last_token,ko,en,r10,256,512,aligned,ok,0.87109375
Qwen/Qwen2.5-0.5B,12,0.5,last_token,ko,en,r10,256,512,delta,ok,0.025390625
Qwen/Qwen2.5-0.5B,12,0.5,last_token,ko,en,mrr,256,512,raw,ok,0.721078475844278
Qwen/Qwen2.5-0.5B,12,0.5,last_token,ko,en,mrr,256,512,aligned,ok,0.694012612968723
Qwen/Qwen2.5-0.5B,12,0.5,last_token,ko,en,mrr,256,512,delta,ok,-0.027065862875555013
Qwen/Qwen2.5-0.5B,12,0.5,last_token,en,ja,r1,256,512,raw,ok,0.75
Qwen/Qwen2.5-0.5B,12,0.5,last_token,en,ja,r1,256,512,aligned,ok,0.79296875
Qwen/Qwen2.5-0.5B,12,0.5,last_token,en,ja,r1,256,512,delta,ok,0.04296875
Qwen/Qwen2.5-0.5B,12,0.5,last_token,en,ja,r5,256,512,raw,ok,0.9296875
Qwen/Qwen2.5-0.5B,12,0.5,last_token,en,ja,r5,256,512,aligned,ok,0.935546875
Qwen/Qwen2.5-0.5B,12,0.5,last_token,en,ja,r5,256,512,delta,ok,0.005859375
Qwen/Qwen2.5-0.5B,12,0.5,last_token,en,ja,r10,256,512,raw,ok,0.951171875
Qwen/Qwen2.5-0.5B,12,0.5,last_token,en,ja,r10,256,512,aligned,ok,0.962890625
Qwen/Qwen2.5-0.5B,12,0.5,last_token,en,ja,r10,256,512,delta,ok,0.01171875
Qwen/Qwen2.5-0.5B,12,0.5,last_token,en,ja,mrr,256,512,raw,ok,0.8253989954786007
Qwen/Qwen2.5-0.5B,12,0.5,last_token,en,ja,mrr,256,512,aligned,ok,0.8578275296157684
Qwen/Qwen2.5-0.5B,12,0.5,last_token,en,ja,mrr,256,512,delta,ok,0.03242853413716762
Qwen/Qwen2.5-0.5B,12,0.5,last_token,ja,en,r1,256,512,raw,ok,0.6484375
Qwen/Qwen2.5-0.5B,12,0.5,last_token,ja,en,r1,256,512,aligned,ok,0.740234375
Qwen/Qwen2.5-0.5B,12,0.5,last_token,ja,en,r1,256,512,delta,ok,0.091796875
Qwen/Qwen2.5-0.5B,12,0.5,last_token,ja,en,r5,256,512,raw,ok,0.802734375
Qwen/Qwen2.5-0.5B,12,0.5,last_token,ja,en,r5,256,512,aligned,ok,0.916015625
Qwen/Qwen2.5-0.5B,12,0.5,last_token,ja,en,r5,256,512,delta,ok,0.11328125
Qwen/Qwen2.5-0.5B,12,0.5,last_token,ja,en,r10,256,512,raw,ok,0.84375
Qwen/Qwen2.5-0.5B,12,0.5,last_token,ja,en,r10,256,512,aligned,ok,0.947265625
Qwen/Qwen2.5-0.5B,12,0.5,last_token,ja,en,r10,256,512,delta,ok,0.103515625
Qwen/Qwen2.5-0.5B,12,0.5,last_token,ja,en,mrr,256,512,raw,ok,0.7183149791664822
Qwen/Qwen2.5-0.5B,12,0.5,last_token,ja,en,mrr,256,512,aligned,ok,0.8173256877427436
Qwen/Qwen2.5-0.5B,12,0.5,last_token,ja,en,mrr,256,512,delta,ok,0.09901070857626137
Qwen/Qwen2.5-0.5B,12,0.5,last_token,en,zh,r1,256,512,raw,ok,0.8125
Qwen/Qwen2.5-0.5B,12,0.5,last_token,en,zh,r1,256,512,aligned,ok,0.822265625
Qwen/Qwen2.5-0.5B,12,0.5,last_token,en,zh,r1,256,512,delta,ok,0.009765625
Qwen/Qwen2.5-0.5B,12,0.5,last_token,en,zh,r5,256,512,raw,ok,0.923828125
Qwen/Qwen2.5-0.5B,12,0.5,last_token,en,zh,r5,256,512,aligned,ok,0.947265625
Qwen/Qwen2.5-0.5B,12,0.5,last_token,en,zh,r5,256,512,delta,ok,0.0234375
Qwen/Qwen2.5-0.5B,12,0.5,last_token,en,zh,r10,256,512,raw,ok,0.9453125
Qwen/Qwen2.5-0.5B,12,0.5,last_token,en,zh,r10,256,512,aligned,ok,0.97265625
Qwen/Qwen2.5-0.5B,12,0.5,last_token,en,zh,r10,256,512,delta,ok,0.02734375
Qwen/Qwen2.5-0.5B,12,0.5,last_token,en,zh,mrr,256,512,raw,ok,0.8624426152606199
Qwen/Qwen2.5-0.5B,12,0.5,last_token,en,zh,mrr,256,512,aligned,ok,0.8776775233711438
Qwen/Qwen2.5-0.5B,12,0.5,last_token,en,zh,mrr,256,512,delta,ok,0.01523490811052386
Qwen/Qwen2.5-0.5B,12,0.5,last_token,zh,en,r1,256,512,raw,ok,0.818359375
Qwen/Qwen2.5-0.5B,12,0.5,last_token,zh,en,r1,256,512,aligned,ok,0.83203125
Qwen/Qwen2.5-0.5B,12,0.5,last_token,zh,en,r1,256,512,delta,ok,0.013671875
Qwen/Qwen2.5-0.5B,12,0.5,last_token,zh,en,r5,256,512,raw,ok,0.9296875
Qwen/Qwen2.5-0.5B,12,0.5,last_token,zh,en,r5,256,512,aligned,ok,0.9453125
Qwen/Qwen2.5-0.5B,12,0.5,last_token,zh,en,r5,256,512,delta,ok,0.015625
Qwen/Qwen2.5-0.5B,12,0.5,last_token,zh,en,r10,256,512,raw,ok,0.958984375
Qwen/Qwen2.5-0.5B,12,0.5,last_token,zh,en,r10,256,512,aligned,ok,0.97265625
Qwen/Qwen2.5-0.5B,12,0.5,last_token,zh,en,r10,256,512,delta,ok,0.013671875
Qwen/Qwen2.5-0.5B,12,0.5,last_token,zh,en,mrr,256,512,raw,ok,0.8669190547695269
Qwen/Qwen2.5-0.5B,12,0.5,last_token,zh,en,mrr,256,512,aligned,ok,0.8833341518372346
Qwen/Qwen2.5-0.5B,12,0.5,last_token,zh,en,mrr,256,512,delta,ok,0.016415097067707718
Qwen/Qwen2.5-0.5B,12,0.5,last_token,ko,ja,r1,256,512,raw,ok,0.732421875
Qwen/Qwen2.5-0.5B,12,0.5,last_token,ko,ja,r1,256,512,aligned,ok,0.677734375
Qwen/Qwen2.5-0.5B,12,0.5,last_token,ko,ja,r1,256,512,delta,ok,-0.0546875
Qwen/Qwen2.5-0.5B,12,0.5,last_token,ko,ja,r5,256,512,raw,ok,0.884765625
Qwen/Qwen2.5-0.5B,12,0.5,last_token,ko,ja,r5,256,512,aligned,ok,0.84765625
Qwen/Qwen2.5-0.5B,12,0.5,last_token,ko,ja,r5,256,512,delta,ok,-0.037109375
Qwen/Qwen2.5-0.5B,12,0.5,last_token,ko,ja,r10,256,512,raw,ok,0.919921875
Qwen/Qwen2.5-0.5B,12,0.5,last_token,ko,ja,r10,256,512,aligned,ok,0.900390625
Qwen/Qwen2.5-0.5B,12,0.5,last_token,ko,ja,r10,256,512,delta,ok,-0.01953125
Qwen/Qwen2.5-0.5B,12,0.5,last_token,ko,ja,mrr,256,512,raw,ok,0.7985712660561078
Qwen/Qwen2.5-0.5B,12,0.5,last_token,ko,ja,mrr,256,512,aligned,ok,0.7549652524814393
Qwen/Qwen2.5-0.5B,12,0.5,last_token,ko,ja,mrr,256,512,delta,ok,-0.043606013574668534
Qwen/Qwen2.5-0.5B,12,0.5,last_token,ja,ko,r1,256,512,raw,ok,0.6953125
Qwen/Qwen2.5-0.5B,12,0.5,last_token,ja,ko,r1,256,512,aligned,ok,0.6796875
Qwen/Qwen2.5-0.5B,12,0.5,last_token,ja,ko,r1,256,512,delta,ok,-0.015625
Qwen/Qwen2.5-0.5B,12,0.5,last_token,ja,ko,r5,256,512,raw,ok,0.849609375
Qwen/Qwen2.5-0.5B,12,0.5,last_token,ja,ko,r5,256,512,aligned,ok,0.865234375
Qwen/Qwen2.5-0.5B,12,0.5,last_token,ja,ko,r5,256,512,delta,ok,0.015625
Qwen/Qwen2.5-0.5B,12,0.5,last_token,ja,ko,r10,256,512,raw,ok,0.873046875
Qwen/Qwen2.5-0.5B,12,0.5,last_token,ja,ko,r10,256,512,aligned,ok,0.904296875
Qwen/Qwen2.5-0.5B,12,0.5,last_token,ja,ko,r10,256,512,delta,ok,0.03125
Qwen/Qwen2.5-0.5B,12,0.5,last_token,ja,ko,mrr,256,512,raw,ok,0.765395320992335
Qwen/Qwen2.5-0.5B,12,0.5,last_token,ja,ko,mrr,256,512,aligned,ok,0.7616990793795773
Qwen/Qwen2.5-0.5B,12,0.5,last_token,ja,ko,mrr,256,512,delta,ok,-0.0036962416127577225
Qwen/Qwen2.5-0.5B,12,0.5,last_token,ko,zh,r1,256,512,raw,ok,0.486328125
Qwen/Qwen2.5-0.5B,12,0.5,last_token,ko,zh,r1,256,512,aligned,ok,0.548828125
Qwen/Qwen2.5-0.5B,12,0.5,last_token,ko,zh,r1,256,512,delta,ok,0.0625
Qwen/Qwen2.5-0.5B,12,0.5,last_token,ko,zh,r5,256,512,raw,ok,0.681640625
Qwen/Qwen2.5-0.5B,12,0.5,last_token,ko,zh,r5,256,512,aligned,ok,0.779296875
Qwen/Qwen2.5-0.5B,12,0.5,last_token,ko,zh,r5,256,512,delta,ok,0.09765625
Qwen/Qwen2.5-0.5B,12,0.5,last_token,ko,zh,r10,256,512,raw,ok,0.755859375
Qwen/Qwen2.5-0.5B,12,0.5,last_token,ko,zh,r10,256,512,aligned,ok,0.857421875
Qwen/Qwen2.5-0.5B,12,0.5,last_token,ko,zh,r10,256,512,delta,ok,0.1015625
Qwen/Qwen2.5-0.5B,12,0.5,last_token,ko,zh,mrr,256,512,raw,ok,0.5774489440932201
Qwen/Qwen2.5-0.5B,12,0.5,last_token,ko,zh,mrr,256,512,aligned,ok,0.6550266034519348
Qwen/Qwen2.5-0.5B,12,0.5,last_token,ko,zh,mrr,256,512,delta,ok,0.07757765935871463
Qwen/Qwen2.5-0.5B,12,0.5,last_token,zh,ko,r1,256,512,raw,ok,0.646484375
Qwen/Qwen2.5-0.5B,12,0.5,last_token,zh,ko,r1,256,512,aligned,ok,0.578125
Qwen/Qwen2.5-0.5B,12,0.5,last_token,zh,ko,r1,256,512,delta,ok,-0.068359375
Qwen/Qwen2.5-0.5B,12,0.5,last_token,zh,ko,r5,256,512,raw,ok,0.818359375
Qwen/Qwen2.5-0.5B,12,0.5,last_token,zh,ko,r5,256,512,aligned,ok,0.818359375
Qwen/Qwen2.5-0.5B,12,0.5,last_token,zh,ko,r5,256,512,delta,ok,0.0
Qwen/Qwen2.5-0.5B,12,0.5,last_token,zh,ko,r10,256,512,raw,ok,0.861328125
Qwen/Qwen2.5-0.5B,12,0.5,last_token,zh,ko,r10,256,512,aligned,ok,0.875
Qwen/Qwen2.5-0.5B,12,0.5,last_token,zh,ko,r10,256,512,delta,ok,0.013671875
Qwen/Qwen2.5-0.5B,12,0.5,last_token,zh,ko,mrr,256,512,raw,ok,0.7229751618949556
Qwen/Qwen2.5-0.5B,12,0.5,last_token,zh,ko,mrr,256,512,aligned,ok,0.6807932516486805
Qwen/Qwen2.5-0.5B,12,0.5,last_token,zh,ko,mrr,256,512,delta,ok,-0.042181910246275045
Qwen/Qwen2.5-0.5B,12,0.5,last_token,ja,zh,r1,256,512,raw,ok,0.552734375
Qwen/Qwen2.5-0.5B,12,0.5,last_token,ja,zh,r1,256,512,aligned,ok,0.689453125
Qwen/Qwen2.5-0.5B,12,0.5,last_token,ja,zh,r1,256,512,delta,ok,0.13671875
Qwen/Qwen2.5-0.5B,12,0.5,last_token,ja,zh,r5,256,512,raw,ok,0.728515625
Qwen/Qwen2.5-0.5B,12,0.5,last_token,ja,zh,r5,256,512,aligned,ok,0.912109375
Qwen/Qwen2.5-0.5B,12,0.5,last_token,ja,zh,r5,256,512,delta,ok,0.18359375
Qwen/Qwen2.5-0.5B,12,0.5,last_token,ja,zh,r10,256,512,raw,ok,0.79296875
Qwen/Qwen2.5-0.5B,12,0.5,last_token,ja,zh,r10,256,512,aligned,ok,0.951171875
Qwen/Qwen2.5-0.5B,12,0.5,last_token,ja,zh,r10,256,512,delta,ok,0.158203125
Qwen/Qwen2.5-0.5B,12,0.5,last_token,ja,zh,mrr,256,512,raw,ok,0.6389074693959165
Qwen/Qwen2.5-0.5B,12,0.5,last_token,ja,zh,mrr,256,512,aligned,ok,0.789168263656438
Qwen/Qwen2.5-0.5B,12,0.5,last_token,ja,zh,mrr,256,512,delta,ok,0.15026079426052152
Qwen/Qwen2.5-0.5B,12,0.5,last_token,zh,ja,r1,256,512,raw,ok,0.65234375
Qwen/Qwen2.5-0.5B,12,0.5,last_token,zh,ja,r1,256,512,aligned,ok,0.72265625
Qwen/Qwen2.5-0.5B,12,0.5,last_token,zh,ja,r1,256,512,delta,ok,0.0703125
Qwen/Qwen2.5-0.5B,12,0.5,last_token,zh,ja,r5,256,512,raw,ok,0.873046875
Qwen/Qwen2.5-0.5B,12,0.5,last_token,zh,ja,r5,256,512,aligned,ok,0.921875
Qwen/Qwen2.5-0.5B,12,0.5,last_token,zh,ja,r5,256,512,delta,ok,0.048828125
Qwen/Qwen2.5-0.5B,12,0.5,last_token,zh,ja,r10,256,512,raw,ok,0.91796875
Qwen/Qwen2.5-0.5B,12,0.5,last_token,zh,ja,r10,256,512,aligned,ok,0.96484375
Qwen/Qwen2.5-0.5B,12,0.5,last_token,zh,ja,r10,256,512,delta,ok,0.046875
Qwen/Qwen2.5-0.5B,12,0.5,last_token,zh,ja,mrr,256,512,raw,ok,0.7487061597939733
Qwen/Qwen2.5-0.5B,12,0.5,last_token,zh,ja,mrr,256,512,aligned,ok,0.8071409226479282
Qwen/Qwen2.5-0.5B,12,0.5,last_token,zh,ja,mrr,256,512,delta,ok,0.05843476285395499
Qwen/Qwen2.5-0.5B,13,0.5416666666666666,last_token,en,ko,r1,256,512,raw,ok,0.6953125
Qwen/Qwen2.5-0.5B,13,0.5416666666666666,last_token,en,ko,r1,256,512,aligned,ok,0.66015625
Qwen/Qwen2.5-0.5B,13,0.5416666666666666,last_token,en,ko,r1,256,512,delta,ok,-0.03515625
Qwen/Qwen2.5-0.5B,13,0.5416666666666666,last_token,en,ko,r5,256,512,raw,ok,0.8515625
Qwen/Qwen2.5-0.5B,13,0.5416666666666666,last_token,en,ko,r5,256,512,aligned,ok,0.837890625
Qwen/Qwen2.5-0.5B,13,0.5416666666666666,last_token,en,ko,r5,256,512,delta,ok,-0.013671875
Qwen/Qwen2.5-0.5B,13,0.5416666666666666,last_token,en,ko,r10,256,512,raw,ok,0.88671875
Qwen/Qwen2.5-0.5B,13,0.5416666666666666,last_token,en,ko,r10,256,512,aligned,ok,0.884765625
Qwen/Qwen2.5-0.5B,13,0.5416666666666666,last_token,en,ko,r10,256,512,delta,ok,-0.001953125
Qwen/Qwen2.5-0.5B,13,0.5416666666666666,last_token,en,ko,mrr,256,512,raw,ok,0.7687748179570375
Qwen/Qwen2.5-0.5B,13,0.5416666666666666,last_token,en,ko,mrr,256,512,aligned,ok,0.7426143262190479
Qwen/Qwen2.5-0.5B,13,0.5416666666666666,last_token,en,ko,mrr,256,512,delta,ok,-0.026160491737989622
Qwen/Qwen2.5-0.5B,13,0.5416666666666666,last_token,ko,en,r1,256,512,raw,ok,0.66015625
Qwen/Qwen2.5-0.5B,13,0.5416666666666666,last_token,ko,en,r1,256,512,aligned,ok,0.61328125
Qwen/Qwen2.5-0.5B,13,0.5416666666666666,last_token,ko,en,r1,256,512,delta,ok,-0.046875
Qwen/Qwen2.5-0.5B,13,0.5416666666666666,last_token,ko,en,r5,256,512,raw,ok,0.794921875
Qwen/Qwen2.5-0.5B,13,0.5416666666666666,last_token,ko,en,r5,256,512,aligned,ok,0.826171875
Qwen/Qwen2.5-0.5B,13,0.5416666666666666,last_token,ko,en,r5,256,512,delta,ok,0.03125
Qwen/Qwen2.5-0.5B,13,0.5416666666666666,last_token,ko,en,r10,256,512,raw,ok,0.84765625
Qwen/Qwen2.5-0.5B,13,0.5416666666666666,last_token,ko,en,r10,256,512,aligned,ok,0.880859375
Qwen/Qwen2.5-0.5B,13,0.5416666666666666,last_token,ko,en,r10,256,512,delta,ok,0.033203125
Qwen/Qwen2.5-0.5B,13,0.5416666666666666,last_token,ko,en,mrr,256,512,raw,ok,0.7211019605640948
Qwen/Qwen2.5-0.5B,13,0.5416666666666666,last_token,ko,en,mrr,256,512,aligned,ok,0.7085354622564771
Qwen/Qwen2.5-0.5B,13,0.5416666666666666,last_token,ko,en,mrr,256,512,delta,ok,-0.01256649830761769
Qwen/Qwen2.5-0.5B,13,0.5416666666666666,last_token,en,ja,r1,256,512,raw,ok,0.72265625
Qwen/Qwen2.5-0.5B,13,0.5416666666666666,last_token,en,ja,r1,256,512,aligned,ok,0.802734375
Qwen/Qwen2.5-0.5B,13,0.5416666666666666,last_token,en,ja,r1,256,512,delta,ok,0.080078125
Qwen/Qwen2.5-0.5B,13,0.5416666666666666,last_token,en,ja,r5,256,512,raw,ok,0.912109375
Qwen/Qwen2.5-0.5B,13,0.5416666666666666,last_token,en,ja,r5,256,512,aligned,ok,0.9296875
Qwen/Qwen2.5-0.5B,13,0.5416666666666666,last_token,en,ja,r5,256,512,delta,ok,0.017578125
Qwen/Qwen2.5-0.5B,13,0.5416666666666666,last_token,en,ja,r10,256,512,raw,ok,0.94921875
Qwen/Qwen2.5-0.5B,13,0.5416666666666666,last_token,en,ja,r10,256,512,aligned,ok,0.9609375
Qwen/Qwen2.5-0.5B,13,0.5416666666666666,last_token,en,ja,r10,256,512,delta,ok,0.01171875
Qwen/Qwen2.5-0.5B,13,0.5416666666666666,last_token,en,ja,mrr,256,512,raw,ok,0.8074446778200827
Qwen/Qwen2.5-0.5B,13,0.5416666666666666,last_token,en,ja,mrr,256,512,aligned,ok,0.863157547329354
Qwen/Qwen2.5-0.5B,13,0.5416666666666666,last_token,en,ja,mrr,256,512,delta,ok,0.055712869509271346
Qwen/Qwen2.5-0.5B,13,0.5416666666666666,last_token,ja,en,r1,256,512,raw,ok,0.68359375
Qwen/Qwen2.5-0.5B,13,0.5416666666666666,last_token,ja,en,r1,256,512,aligned,ok,0.748046875
Qwen/Qwen2.5-0.5B,13,0.5416666666666666,last_token,ja,en,r1,256,512,delta,ok,0.064453125
Qwen/Qwen2.5-0.5B,13,0.5416666666666666,last_token,ja,en,r5,256,512,raw,ok,0.83203125
Qwen/Qwen2.5-0.5B,13,0.5416666666666666,last_token,ja,en,r5,256,512,aligned,ok,0.939453125
Qwen/Qwen2.5-0.5B,13,0.5416666666666666,last_token,ja,en,r5,256,512,delta,ok,0.107421875
Qwen/Qwen2.5-0.5B,13,0.5416666666666666,last_token,ja,en,r10,256,512,raw,ok,0.86328125
Qwen/Qwen2.5-0.5B,13,0.5416666666666666,last_token,ja,en,r10,256,512,aligned,ok,0.958984375
Qwen/Qwen2.5-0.5B,13,0.5416666666666666,last_token,ja,en,r10,256,512,delta,ok,0.095703125
Qwen/Qwen2.5-0.5B,13,0.5416666666666666,last_token,ja,en,mrr,256,512,raw,ok,0.7511424156399131
Qwen/Qwen2.5-0.5B,13,0.5416666666666666,last_token,ja,en,mrr,256,512,aligned,ok,0.8274591623881287
Qwen/Qwen2.5-0.5B,13,0.5416666666666666,last_token,ja,en,mrr,256,512,delta,ok,0.07631674674821554
Qwen/Qwen2.5-0.5B,13,0.5416666666666666,last_token,en,zh,r1,256,512,raw,ok,0.845703125
Qwen/Qwen2.5-0.5B,13,0.5416666666666666,last_token,en,zh,r1,256,512,aligned,ok,0.85546875
Qwen/Qwen2.5-0.5B,13,0.5416666666666666,last_token,en,zh,r1,256,512,delta,ok,0.009765625
Qwen/Qwen2.5-0.5B,13,0.5416666666666666,last_token,en,zh,r5,256,512,raw,ok,0.931640625
Qwen/Qwen2.5-0.5B,13,0.5416666666666666,last_token,en,zh,r5,256,512,aligned,ok,0.96484375
Qwen/Qwen2.5-0.5B,13,0.5416666666666666,last_token,en,zh,r5,256,512,delta,ok,0.033203125
Qwen/Qwen2.5-0.5B,13,0.5416666666666666,last_token,en,zh,r10,256,512,raw,ok,0.947265625
Qwen/Qwen2.5-0.5B,13,0.5416666666666666,last_token,en,zh,r10,256,512,aligned,ok,0.98046875
Qwen/Qwen2.5-0.5B,13,0.5416666666666666,last_token,en,zh,r10,256,512,delta,ok,0.033203125
Qwen/Qwen2.5-0.5B,13,0.5416666666666666,last_token,en,zh,mrr,256,512,raw,ok,0.8839678135407919
Qwen/Qwen2.5-0.5B,13,0.5416666666666666,last_token,en,zh,mrr,256,512,aligned,ok,0.9033247057829195
Qwen/Qwen2.5-0.5B,13,0.5416666666666666,last_token,en,zh,mrr,256,512,delta,ok,0.019356892242127555
Qwen/Qwen2.5-0.5B,13,0.5416666666666666,last_token,zh,en,r1,256,512,raw,ok,0.83984375
Qwen/Qwen2.5-0.5B,13,0.5416666666666666,last_token,zh,en,r1,256,512,aligned,ok,0.837890625
Qwen/Qwen2.5-0.5B,13,0.5416666666666666,last_token,zh,en,r1,256,512,delta,ok,-0.001953125
Qwen/Qwen2.5-0.5B,13,0.5416666666666666,last_token,zh,en,r5,256,512,raw,ok,0.935546875
Qwen/Qwen2.5-0.5B,13,0.5416666666666666,last_token,zh,en,r5,256,512,aligned,ok,0.95703125
Qwen/Qwen2.5-0.5B,13,0.5416666666666666,last_token,zh,en,r5,256,512,delta,ok,0.021484375
Qwen/Qwen2.5-0.5B,13,0.5416666666666666,last_token,zh,en,r10,256,512,raw,ok,0.96484375
Qwen/Qwen2.5-0.5B,13,0.5416666666666666,last_token,zh,en,r10,256,512,aligned,ok,0.982421875
Qwen/Qwen2.5-0.5B,13,0.5416666666666666,last_token,zh,en,r10,256,512,delta,ok,0.017578125
Qwen/Qwen2.5-0.5B,13,0.5416666666666666,last_token,zh,en,mrr,256,512,raw,ok,0.8842867454428658
Qwen/Qwen2.5-0.5B,13,0.5416666666666666,last_token,zh,en,mrr,256,512,aligned,ok,0.8921533375310654
Qwen/Qwen2.5-0.5B,13,0.5416666666666666,last_token,zh,en,mrr,256,512,delta,ok,0.00786659208819962
Qwen/Qwen2.5-0.5B,13,0.5416666666666666,last_token,ko,ja,r1,256,512,raw,ok,0.759765625
Qwen/Qwen2.5-0.5B,13,0.5416666666666666,last_token,ko,ja,r1,256,512,aligned,ok,0.708984375
Qwen/Qwen2.5-0.5B,13,0.5416666666666666,last_token,ko,ja,r1,256,512,delta,ok,-0.05078125
Qwen/Qwen2.5-0.5B,13,0.5416666666666666,last_token,ko,ja,r5,256,512,raw,ok,0.904296875
Qwen/Qwen2.5-0.5B,13,0.5416666666666666,last_token,ko,ja,r5,256,512,aligned,ok,0.859375
Qwen/Qwen2.5-0.5B,13,0.5416666666666666,last_token,ko,ja,r5,256,512,delta,ok,-0.044921875
Qwen/Qwen2.5-0.5B,13,0.5416666666666666,last_token,ko,ja,r10,256,512,raw,ok,0.92578125
Qwen/Qwen2.5-0.5B,13,0.5416666666666666,last_token,ko,ja,r10,256,512,aligned,ok,0.90625
Qwen/Qwen2.5-0.5B,13,0.5416666666666666,last_token,ko,ja,r10,256,512,delta,ok,-0.01953125
Qwen/Qwen2.5-0.5B,13,0.5416666666666666,last_token,ko,ja,mrr,256,512,raw,ok,0.8207697883853009
Qwen/Qwen2.5-0.5B,13,0.5416666666666666,last_token,ko,ja,mrr,256,512,aligned,ok,0.7804748464996443
Qwen/Qwen2.5-0.5B,13,0.5416666666666666,last_token,ko,ja,mrr,256,512,delta,ok,-0.04029494188565663
Qwen/Qwen2.5-0.5B,13,0.5416666666666666,last_token,ja,ko,r1,256,512,raw,ok,0.693359375
Qwen/Qwen2.5-0.5B,13,0.5416666666666666,last_token,ja,ko,r1,256,512,aligned,ok,0.689453125
Qwen/Qwen2.5-0.5B,13,0.5416666666666666,last_token,ja,ko,r1,256,512,delta,ok,-0.00390625
Qwen/Qwen2.5-0.5B,13,0.5416666666666666,last_token,ja,ko,r5,256,512,raw,ok,0.83984375
Qwen/Qwen2.5-0.5B,13,0.5416666666666666,last_token,ja,ko,r5,256,512,aligned,ok,0.876953125
Qwen/Qwen2.5-0.5B,13,0.5416666666666666,last_token,ja,ko,r5,256,512,delta,ok,0.037109375
Qwen/Qwen2.5-0.5B,13,0.5416666666666666,last_token,ja,ko,r10,256,512,raw,ok,0.87109375
Qwen/Qwen2.5-0.5B,13,0.5416666666666666,last_token,ja,ko,r10,256,512,aligned,ok,0.91015625
Qwen/Qwen2.5-0.5B,13,0.5416666666666666,last_token,ja,ko,r10,256,512,delta,ok,0.0390625
Qwen/Qwen2.5-0.5B,13,0.5416666666666666,last_token,ja,ko,mrr,256,512,raw,ok,0.7618973152711022
Qwen/Qwen2.5-0.5B,13,0.5416666666666666,last_token,ja,ko,mrr,256,512,aligned,ok,0.771834119818702
Qwen/Qwen2.5-0.5B,13,0.5416666666666666,last_token,ja,ko,mrr,256,512,delta,ok,0.00993680454759982
Qwen/Qwen2.5-0.5B,13,0.5416666666666666,last_token,ko,zh,r1,256,512,raw,ok,0.52734375
Qwen/Qwen2.5-0.5B,13,0.5416666666666666,last_token,ko,zh,r1,256,512,aligned,ok,0.552734375
Qwen/Qwen2.5-0.5B,13,0.5416666666666666,last_token,ko,zh,r1,256,512,delta,ok,0.025390625
Qwen/Qwen2.5-0.5B,13,0.5416666666666666,last_token,ko,zh,r5,256,512,raw,ok,0.724609375
Qwen/Qwen2.5-0.5B,13,0.5416666666666666,last_token,ko,zh,r5,256,512,aligned,ok,0.794921875
Qwen/Qwen2.5-0.5B,13,0.5416666666666666,last_token,ko,zh,r5,256,512,delta,ok,0.0703125
Qwen/Qwen2.5-0.5B,13,0.5416666666666666,last_token,ko,zh,r10,256,512,raw,ok,0.771484375
Qwen/Qwen2.5-0.5B,13,0.5416666666666666,last_token,ko,zh,r10,256,512,aligned,ok,0.859375
Qwen/Qwen2.5-0.5B,13,0.5416666666666666,last_token,ko,zh,r10,256,512,delta,ok,0.087890625
Qwen/Qwen2.5-0.5B,13,0.5416666666666666,last_token,ko,zh,mrr,256,512,raw,ok,0.6201690326704521
Qwen/Qwen2.5-0.5B,13,0.5416666666666666,last_token,ko,zh,mrr,256,512,aligned,ok,0.660798009670829
Qwen/Qwen2.5-0.5B,13,0.5416666666666666,last_token,ko,zh,mrr,256,512,delta,ok,0.04062897700037693
Qwen/Qwen2.5-0.5B,13,0.5416666666666666,last_token,zh,ko,r1,256,512,raw,ok,0.65234375
Qwen/Qwen2.5-0.5B,13,0.5416666666666666,last_token,zh,ko,r1,256,512,aligned,ok,0.595703125
Qwen/Qwen2.5-0.5B,13,0.5416666666666666,last_token,zh,ko,r1,256,512,delta,ok,-0.056640625
Qwen/Qwen2.5-0.5B,13,0.5416666666666666,last_token,zh,ko,r5,256,512,raw,ok,0.83203125
Qwen/Qwen2.5-0.5B,13,0.5416666666666666,last_token,zh,ko,r5,256,512,aligned,ok,0.810546875
Qwen/Qwen2.5-0.5B,13,0.5416666666666666,last_token,zh,ko,r5,256,512,delta,ok,-0.021484375
Qwen/Qwen2.5-0.5B,13,0.5416666666666666,last_token,zh,ko,r10,256,512,raw,ok,0.87109375
Qwen/Qwen2.5-0.5B,13,0.5416666666666666,last_token,zh,ko,r10,256,512,aligned,ok,0.87890625
Qwen/Qwen2.5-0.5B,13,0.5416666666666666,last_token,zh,ko,r10,256,512,delta,ok,0.0078125
Qwen/Qwen2.5-0.5B,13,0.5416666666666666,last_token,zh,ko,mrr,256,512,raw,ok,0.7296544133618991
Qwen/Qwen2.5-0.5B,13,0.5416666666666666,last_token,zh,ko,mrr,256,512,aligned,ok,0.6976962484663806
Qwen/Qwen2.5-0.5B,13,0.5416666666666666,last_token,zh,ko,mrr,256,512,delta,ok,-0.031958164895518504
Qwen/Qwen2.5-0.5B,13,0.5416666666666666,last_token,ja,zh,r1,256,512,raw,ok,0.611328125
Qwen/Qwen2.5-0.5B,13,0.5416666666666666,last_token,ja,zh,r1,256,512,aligned,ok,0.724609375
Qwen/Qwen2.5-0.5B,13,0.5416666666666666,last_token,ja,zh,r1,256,512,delta,ok,0.11328125
Qwen/Qwen2.5-0.5B,13,0.5416666666666666,last_token,ja,zh,r5,256,512,raw,ok,0.76171875
Qwen/Qwen2.5-0.5B,13,0.5416666666666666,last_token,ja,zh,r5,256,512,aligned,ok,0.927734375
Qwen/Qwen2.5-0.5B,13,0.5416666666666666,last_token,ja,zh,r5,256,512,delta,ok,0.166015625
Qwen/Qwen2.5-0.5B,13,0.5416666666666666,last_token,ja,zh,r10,256,512,raw,ok,0.818359375
Qwen/Qwen2.5-0.5B,13,0.5416666666666666,last_token,ja,zh,r10,256,512,aligned,ok,0.953125
Qwen/Qwen2.5-0.5B,13,0.5416666666666666,last_token,ja,zh,r10,256,512,delta,ok,0.134765625
Qwen/Qwen2.5-0.5B,13,0.5416666666666666,last_token,ja,zh,mrr,256,512,raw,ok,0.6863513079854879
Qwen/Qwen2.5-0.5B,13,0.5416666666666666,last_token,ja,zh,mrr,256,512,aligned,ok,0.8122324256231914
Qwen/Qwen2.5-0.5B,13,0.5416666666666666,last_token,ja,zh,mrr,256,512,delta,ok,0.1258811176377035
Qwen/Qwen2.5-0.5B,13,0.5416666666666666,last_token,zh,ja,r1,256,512,raw,ok,0.638671875
Qwen/Qwen2.5-0.5B,13,0.5416666666666666,last_token,zh,ja,r1,256,512,aligned,ok,0.73828125
Qwen/Qwen2.5-0.5B,13,0.5416666666666666,last_token,zh,ja,r1,256,512,delta,ok,0.099609375
Qwen/Qwen2.5-0.5B,13,0.5416666666666666,last_token,zh,ja,r5,256,512,raw,ok,0.876953125
Qwen/Qwen2.5-0.5B,13,0.5416666666666666,last_token,zh,ja,r5,256,512,aligned,ok,0.9140625
Qwen/Qwen2.5-0.5B,13,0.5416666666666666,last_token,zh,ja,r5,256,512,delta,ok,0.037109375
Qwen/Qwen2.5-0.5B,13,0.5416666666666666,last_token,zh,ja,r10,256,512,raw,ok,0.919921875
Qwen/Qwen2.5-0.5B,13,0.5416666666666666,last_token,zh,ja,r10,256,512,aligned,ok,0.955078125
Qwen/Qwen2.5-0.5B,13,0.5416666666666666,last_token,zh,ja,r10,256,512,delta,ok,0.03515625
Qwen/Qwen2.5-0.5B,13,0.5416666666666666,last_token,zh,ja,mrr,256,512,raw,ok,0.7406148283501366
Qwen/Qwen2.5-0.5B,13,0.5416666666666666,last_token,zh,ja,mrr,256,512,aligned,ok,0.8173765687389897
Qwen/Qwen2.5-0.5B,13,0.5416666666666666,last_token,zh,ja,mrr,256,512,delta,ok,0.07676174038885308
Qwen/Qwen2.5-0.5B,14,0.5833333333333334,last_token,en,ko,r1,256,512,raw,ok,0.634765625
Qwen/Qwen2.5-0.5B,14,0.5833333333333334,last_token,en,ko,r1,256,512,aligned,ok,0.625
Qwen/Qwen2.5-0.5B,14,0.5833333333333334,last_token,en,ko,r1,256,512,delta,ok,-0.009765625
Qwen/Qwen2.5-0.5B,14,0.5833333333333334,last_token,en,ko,r5,256,512,raw,ok,0.828125
Qwen/Qwen2.5-0.5B,14,0.5833333333333334,last_token,en,ko,r5,256,512,aligned,ok,0.8125
Qwen/Qwen2.5-0.5B,14,0.5833333333333334,last_token,en,ko,r5,256,512,delta,ok,-0.015625
Qwen/Qwen2.5-0.5B,14,0.5833333333333334,last_token,en,ko,r10,256,512,raw,ok,0.87890625
Qwen/Qwen2.5-0.5B,14,0.5833333333333334,last_token,en,ko,r10,256,512,aligned,ok,0.86328125
Qwen/Qwen2.5-0.5B,14,0.5833333333333334,last_token,en,ko,r10,256,512,delta,ok,-0.015625
Qwen/Qwen2.5-0.5B,14,0.5833333333333334,last_token,en,ko,mrr,256,512,raw,ok,0.7229649983203917
Qwen/Qwen2.5-0.5B,14,0.5833333333333334,last_token,en,ko,mrr,256,512,aligned,ok,0.7129728390184455
Qwen/Qwen2.5-0.5B,14,0.5833333333333334,last_token,en,ko,mrr,256,512,delta,ok,-0.00999215930194619
Qwen/Qwen2.5-0.5B,14,0.5833333333333334,last_token,ko,en,r1,256,512,raw,ok,0.60546875
Qwen/Qwen2.5-0.5B,14,0.5833333333333334,last_token,ko,en,r1,256,512,aligned,ok,0.5859375
Qwen/Qwen2.5-0.5B,14,0.5833333333333334,last_token,ko,en,r1,256,512,delta,ok,-0.01953125
Qwen/Qwen2.5-0.5B,14,0.5833333333333334,last_token,ko,en,r5,256,512,raw,ok,0.76953125
Qwen/Qwen2.5-0.5B,14,0.5833333333333334,last_token,ko,en,r5,256,512,aligned,ok,0.7890625
Qwen/Qwen2.5-0.5B,14,0.5833333333333334,last_token,ko,en,r5,256,512,delta,ok,0.01953125
Qwen/Qwen2.5-0.5B,14,0.5833333333333334,last_token,ko,en,r10,256,512,raw,ok,0.818359375
Qwen/Qwen2.5-0.5B,14,0.5833333333333334,last_token,ko,en,r10,256,512,aligned,ok,0.853515625
Qwen/Qwen2.5-0.5B,14,0.5833333333333334,last_token,ko,en,r10,256,512,delta,ok,0.03515625
Qwen/Qwen2.5-0.5B,14,0.5833333333333334,last_token,ko,en,mrr,256,512,raw,ok,0.6819664718128885
Qwen/Qwen2.5-0.5B,14,0.5833333333333334,last_token,ko,en,mrr,256,512,aligned,ok,0.6784691393403195
Qwen/Qwen2.5-0.5B,14,0.5833333333333334,last_token,ko,en,mrr,256,512,delta,ok,-0.0034973324725690036
Qwen/Qwen2.5-0.5B,14,0.5833333333333334,last_token,en,ja,r1,256,512,raw,ok,0.6484375
Qwen/Qwen2.5-0.5B,14,0.5833333333333334,last_token,en,ja,r1,256,512,aligned,ok,0.763671875
Qwen/Qwen2.5-0.5B,14,0.5833333333333334,last_token,en,ja,r1,256,512,delta,ok,0.115234375
Qwen/Qwen2.5-0.5B,14,0.5833333333333334,last_token,en,ja,r5,256,512,raw,ok,0.873046875
Qwen/Qwen2.5-0.5B,14,0.5833333333333334,last_token,en,ja,r5,256,512,aligned,ok,0.927734375
Qwen/Qwen2.5-0.5B,14,0.5833333333333334,last_token,en,ja,r5,256,512,delta,ok,0.0546875
Qwen/Qwen2.5-0.5B,14,0.5833333333333334,last_token,en,ja,r10,256,512,raw,ok,0.93359375
Qwen/Qwen2.5-0.5B,14,0.5833333333333334,last_token,en,ja,r10,256,512,aligned,ok,0.953125
Qwen/Qwen2.5-0.5B,14,0.5833333333333334,last_token,en,ja,r10,256,512,delta,ok,0.01953125
Qwen/Qwen2.5-0.5B,14,0.5833333333333334,last_token,en,ja,mrr,256,512,raw,ok,0.7488732928720974
Qwen/Qwen2.5-0.5B,14,0.5833333333333334,last_token,en,ja,mrr,256,512,aligned,ok,0.8356133623846259
Qwen/Qwen2.5-0.5B,14,0.5833333333333334,last_token,en,ja,mrr,256,512,delta,ok,0.08674006951252855
Qwen/Qwen2.5-0.5B,14,0.5833333333333334,last_token,ja,en,r1,256,512,raw,ok,0.66796875
Qwen/Qwen2.5-0.5B,14,0.5833333333333334,last_token,ja,en,r1,256,512,aligned,ok,0.73828125
Qwen/Qwen2.5-0.5B,14,0.5833333333333334,last_token,ja,en,r1,256,512,delta,ok,0.0703125
Qwen/Qwen2.5-0.5B,14,0.5833333333333334,last_token,ja,en,r5,256,512,raw,ok,0.794921875
Qwen/Qwen2.5-0.5B,14,0.5833333333333334,last_token,ja,en,r5,256,512,aligned,ok,0.908203125
Qwen/Qwen2.5-0.5B,14,0.5833333333333334,last_token,ja,en,r5,256,512,delta,ok,0.11328125
Qwen/Qwen2.5-0.5B,14,0.5833333333333334,last_token,ja,en,r10,256,512,raw,ok,0.83203125
Qwen/Qwen2.5-0.5B,14,0.5833333333333334,last_token,ja,en,r10,256,512,aligned,ok,0.94140625
Qwen/Qwen2.5-0.5B,14,0.5833333333333334,last_token,ja,en,r10,256,512,delta,ok,0.109375
Qwen/Qwen2.5-0.5B,14,0.5833333333333334,last_token,ja,en,mrr,256,512,raw,ok,0.7256920829549405
Qwen/Qwen2.5-0.5B,14,0.5833333333333334,last_token,ja,en,mrr,256,512,aligned,ok,0.8123901361664989
Qwen/Qwen2.5-0.5B,14,0.5833333333333334,last_token,ja,en,mrr,256,512,delta,ok,0.08669805321155843
Qwen/Qwen2.5-0.5B,14,0.5833333333333334,last_token,en,zh,r1,256,512,raw,ok,0.802734375
Qwen/Qwen2.5-0.5B,14,0.5833333333333334,last_token,en,zh,r1,256,512,aligned,ok,0.81640625
Qwen/Qwen2.5-0.5B,14,0.5833333333333334,last_token,en,zh,r1,256,512,delta,ok,0.013671875
Qwen/Qwen2.5-0.5B,14,0.5833333333333334,last_token,en,zh,r5,256,512,raw,ok,0.916015625
Qwen/Qwen2.5-0.5B,14,0.5833333333333334,last_token,en,zh,r5,256,512,aligned,ok,0.951171875
Qwen/Qwen2.5-0.5B,14,0.5833333333333334,last_token,en,zh,r5,256,512,delta,ok,0.03515625
Qwen/Qwen2.5-0.5B,14,0.5833333333333334,last_token,en,zh,r10,256,512,raw,ok,0.9453125
Qwen/Qwen2.5-0.5B,14,0.5833333333333334,last_token,en,zh,r10,256,512,aligned,ok,0.966796875
Qwen/Qwen2.5-0.5B,14,0.5833333333333334,last_token,en,zh,r10,256,512,delta,ok,0.021484375
Qwen/Qwen2.5-0.5B,14,0.5833333333333334,last_token,en,zh,mrr,256,512,raw,ok,0.8549243394895321
Qwen/Qwen2.5-0.5B,14,0.5833333333333334,last_token,en,zh,mrr,256,512,aligned,ok,0.8758264800309057
Qwen/Qwen2.5-0.5B,14,0.5833333333333334,last_token,en,zh,mrr,256,512,delta,ok,0.020902140541373626
Qwen/Qwen2.5-0.5B,14,0.5833333333333334,last_token,zh,en,r1,256,512,raw,ok,0.828125
Qwen/Qwen2.5-0.5B,14,0.5833333333333334,last_token,zh,en,r1,256,512,aligned,ok,0.8046875
Qwen/Qwen2.5-0.5B,14,0.5833333333333334,last_token,zh,en,r1,256,512,delta,ok,-0.0234375
Qwen/Qwen2.5-0.5B,14,0.5833333333333334,last_token,zh,en,r5,256,512,raw,ok,0.939453125
Qwen/Qwen2.5-0.5B,14,0.5833333333333334,last_token,zh,en,r5,256,512,aligned,ok,0.9375
Qwen/Qwen2.5-0.5B,14,0.5833333333333334,last_token,zh,en,r5,256,512,delta,ok,-0.001953125
Qwen/Qwen2.5-0.5B,14,0.5833333333333334,last_token,zh,en,r10,256,512,raw,ok,0.9609375
Qwen/Qwen2.5-0.5B,14,0.5833333333333334,last_token,zh,en,r10,256,512,aligned,ok,0.96875
Qwen/Qwen2.5-0.5B,14,0.5833333333333334,last_token,zh,en,r10,256,512,delta,ok,0.0078125
Qwen/Qwen2.5-0.5B,14,0.5833333333333334,last_token,zh,en,mrr,256,512,raw,ok,0.8723685734557522
Qwen/Qwen2.5-0.5B,14,0.5833333333333334,last_token,zh,en,mrr,256,512,aligned,ok,0.8666894122008758
Qwen/Qwen2.5-0.5B,14,0.5833333333333334,last_token,zh,en,mrr,256,512,delta,ok,-0.005679161254876441
Qwen/Qwen2.5-0.5B,14,0.5833333333333334,last_token,ko,ja,r1,256,512,raw,ok,0.70703125
Qwen/Qwen2.5-0.5B,14,0.5833333333333334,last_token,ko,ja,r1,256,512,aligned,ok,0.693359375
Qwen/Qwen2.5-0.5B,14,0.5833333333333334,last_token,ko,ja,r1,256,512,delta,ok,-0.013671875
Qwen/Qwen2.5-0.5B,14,0.5833333333333334,last_token,ko,ja,r5,256,512,raw,ok,0.869140625
Qwen/Qwen2.5-0.5B,14,0.5833333333333334,last_token,ko,ja,r5,256,512,aligned,ok,0.8359375
Qwen/Qwen2.5-0.5B,14,0.5833333333333334,last_token,ko,ja,r5,256,512,delta,ok,-0.033203125
Qwen/Qwen2.5-0.5B,14,0.5833333333333334,last_token,ko,ja,r10,256,512,raw,ok,0.9140625
Qwen/Qwen2.5-0.5B,14,0.5833333333333334,last_token,ko,ja,r10,256,512,aligned,ok,0.884765625
Qwen/Qwen2.5-0.5B,14,0.5833333333333334,last_token,ko,ja,r10,256,512,delta,ok,-0.029296875
Qwen/Qwen2.5-0.5B,14,0.5833333333333334,last_token,ko,ja,mrr,256,512,raw,ok,0.7772708463442547
Qwen/Qwen2.5-0.5B,14,0.5833333333333334,last_token,ko,ja,mrr,256,512,aligned,ok,0.7632990136328665
Qwen/Qwen2.5-0.5B,14,0.5833333333333334,last_token,ko,ja,mrr,256,512,delta,ok,-0.013971832711388243
Qwen/Qwen2.5-0.5B,14,0.5833333333333334,last_token,ja,ko,r1,256,512,raw,ok,0.654296875
Qwen/Qwen2.5-0.5B,14,0.5833333333333334,last_token,ja,ko,r1,256,512,aligned,ok,0.669921875
Qwen/Qwen2.5-0.5B,14,0.5833333333333334,last_token,ja,ko,r1,256,512,delta,ok,0.015625
Qwen/Qwen2.5-0.5B,14,0.5833333333333334,last_token,ja,ko,r5,256,512,raw,ok,0.828125
Qwen/Qwen2.5-0.5B,14,0.5833333333333334,last_token,ja,ko,r5,256,512,aligned,ok,0.85546875
Qwen/Qwen2.5-0.5B,14,0.5833333333333334,last_token,ja,ko,r5,256,512,delta,ok,0.02734375
Qwen/Qwen2.5-0.5B,14,0.5833333333333334,last_token,ja,ko,r10,256,512,raw,ok,0.859375
Qwen/Qwen2.5-0.5B,14,0.5833333333333334,last_token,ja,ko,r10,256,512,aligned,ok,0.90625
Qwen/Qwen2.5-0.5B,14,0.5833333333333334,last_token,ja,ko,r10,256,512,delta,ok,0.046875
Qwen/Qwen2.5-0.5B,14,0.5833333333333334,last_token,ja,ko,mrr,256,512,raw,ok,0.7282492478142204
Qwen/Qwen2.5-0.5B,14,0.5833333333333334,last_token,ja,ko,mrr,256,512,aligned,ok,0.7547798848906595
Qwen/Qwen2.5-0.5B,14,0.5833333333333334,last_token,ja,ko,mrr,256,512,delta,ok,0.0265306370764391
Qwen/Qwen2.5-0.5B,14,0.5833333333333334,last_token,ko,zh,r1,256,512,raw,ok,0.5
Qwen/Qwen2.5-0.5B,14,0.5833333333333334,last_token,ko,zh,r1,256,512,aligned,ok,0.505859375
Qwen/Qwen2.5-0.5B,14,0.5833333333333334,last_token,ko,zh,r1,256,512,delta,ok,0.005859375
Qwen/Qwen2.5-0.5B,14,0.5833333333333334,last_token,ko,zh,r5,256,512,raw,ok,0.673828125
Qwen/Qwen2.5-0.5B,14,0.5833333333333334,last_token,ko,zh,r5,256,512,aligned,ok,0.7734375
Qwen/Qwen2.5-0.5B,14,0.5833333333333334,last_token,ko,zh,r5,256,512,delta,ok,0.099609375
Qwen/Qwen2.5-0.5B,14,0.5833333333333334,last_token,ko,zh,r10,256,512,raw,ok,0.736328125
Qwen/Qwen2.5-0.5B,14,0.5833333333333334,last_token,ko,zh,r10,256,512,aligned,ok,0.83984375
Qwen/Qwen2.5-0.5B,14,0.5833333333333334,last_token,ko,zh,r10,256,512,delta,ok,0.103515625
Qwen/Qwen2.5-0.5B,14,0.5833333333333334,last_token,ko,zh,mrr,256,512,raw,ok,0.5802827817700615
Qwen/Qwen2.5-0.5B,14,0.5833333333333334,last_token,ko,zh,mrr,256,512,aligned,ok,0.6211211699790247
Qwen/Qwen2.5-0.5B,14,0.5833333333333334,last_token,ko,zh,mrr,256,512,delta,ok,0.04083838820896313
Qwen/Qwen2.5-0.5B,14,0.5833333333333334,last_token,zh,ko,r1,256,512,raw,ok,0.611328125
Qwen/Qwen2.5-0.5B,14,0.5833333333333334,last_token,zh,ko,r1,256,512,aligned,ok,0.537109375
Qwen/Qwen2.5-0.5B,14,0.5833333333333334,last_token,zh,ko,r1,256,512,delta,ok,-0.07421875
Qwen/Qwen2.5-0.5B,14,0.5833333333333334,last_token,zh,ko,r5,256,512,raw,ok,0.8046875
Qwen/Qwen2.5-0.5B,14,0.5833333333333334,last_token,zh,ko,r5,256,512,aligned,ok,0.78125
Qwen/Qwen2.5-0.5B,14,0.5833333333333334,last_token,zh,ko,r5,256,512,delta,ok,-0.0234375
Qwen/Qwen2.5-0.5B,14,0.5833333333333334,last_token,zh,ko,r10,256,512,raw,ok,0.845703125
Qwen/Qwen2.5-0.5B,14,0.5833333333333334,last_token,zh,ko,r10,256,512,aligned,ok,0.8515625
Qwen/Qwen2.5-0.5B,14,0.5833333333333334,last_token,zh,ko,r10,256,512,delta,ok,0.005859375
Qwen/Qwen2.5-0.5B,14,0.5833333333333334,last_token,zh,ko,mrr,256,512,raw,ok,0.6927594227942074
Qwen/Qwen2.5-0.5B,14,0.5833333333333334,last_token,zh,ko,mrr,256,512,aligned,ok,0.6491982385246968
Qwen/Qwen2.5-0.5B,14,0.5833333333333334,last_token,zh,ko,mrr,256,512,delta,ok,-0.04356118426951061
Qwen/Qwen2.5-0.5B,14,0.5833333333333334,last_token,ja,zh,r1,256,512,raw,ok,0.525390625
Qwen/Qwen2.5-0.5B,14,0.5833333333333334,last_token,ja,zh,r1,256,512,aligned,ok,0.67578125
Qwen/Qwen2.5-0.5B,14,0.5833333333333334,last_token,ja,zh,r1,256,512,delta,ok,0.150390625
Qwen/Qwen2.5-0.5B,14,0.5833333333333334,last_token,ja,zh,r5,256,512,raw,ok,0.708984375
Qwen/Qwen2.5-0.5B,14,0.5833333333333334,last_token,ja,zh,r5,256,512,aligned,ok,0.908203125
Qwen/Qwen2.5-0.5B,14,0.5833333333333334,last_token,ja,zh,r5,256,512,delta,ok,0.19921875
Qwen/Qwen2.5-0.5B,14,0.5833333333333334,last_token,ja,zh,r10,256,512,raw,ok,0.779296875
Qwen/Qwen2.5-0.5B,14,0.5833333333333334,last_token,ja,zh,r10,256,512,aligned,ok,0.943359375
Qwen/Qwen2.5-0.5B,14,0.5833333333333334,last_token,ja,zh,r10,256,512,delta,ok,0.1640625
Qwen/Qwen2.5-0.5B,14,0.5833333333333334,last_token,ja,zh,mrr,256,512,raw,ok,0.6161099694636204
Qwen/Qwen2.5-0.5B,14,0.5833333333333334,last_token,ja,zh,mrr,256,512,aligned,ok,0.7767588229463673
Qwen/Qwen2.5-0.5B,14,0.5833333333333334,last_token,ja,zh,mrr,256,512,delta,ok,0.16064885348274693
Qwen/Qwen2.5-0.5B,14,0.5833333333333334,last_token,zh,ja,r1,256,512,raw,ok,0.59765625
Qwen/Qwen2.5-0.5B,14,0.5833333333333334,last_token,zh,ja,r1,256,512,aligned,ok,0.69921875
Qwen/Qwen2.5-0.5B,14,0.5833333333333334,last_token,zh,ja,r1,256,512,delta,ok,0.1015625
Qwen/Qwen2.5-0.5B,14,0.5833333333333334,last_token,zh,ja,r5,256,512,raw,ok,0.822265625
Qwen/Qwen2.5-0.5B,14,0.5833333333333334,last_token,zh,ja,r5,256,512,aligned,ok,0.888671875
Qwen/Qwen2.5-0.5B,14,0.5833333333333334,last_token,zh,ja,r5,256,512,delta,ok,0.06640625
Qwen/Qwen2.5-0.5B,14,0.5833333333333334,last_token,zh,ja,r10,256,512,raw,ok,0.884765625
Qwen/Qwen2.5-0.5B,14,0.5833333333333334,last_token,zh,ja,r10,256,512,aligned,ok,0.947265625
Qwen/Qwen2.5-0.5B,14,0.5833333333333334,last_token,zh,ja,r10,256,512,delta,ok,0.0625
Qwen/Qwen2.5-0.5B,14,0.5833333333333334,last_token,zh,ja,mrr,256,512,raw,ok,0.7017652344999498
Qwen/Qwen2.5-0.5B,14,0.5833333333333334,last_token,zh,ja,mrr,256,512,aligned,ok,0.7863209420555096
Qwen/Qwen2.5-0.5B,14,0.5833333333333334,last_token,zh,ja,mrr,256,512,delta,ok,0.08455570755555986
Qwen/Qwen2.5-0.5B,15,0.625,last_token,en,ko,r1,256,512,raw,ok,0.751953125
Qwen/Qwen2.5-0.5B,15,0.625,last_token,en,ko,r1,256,512,aligned,ok,0.72265625
Qwen/Qwen2.5-0.5B,15,0.625,last_token,en,ko,r1,256,512,delta,ok,-0.029296875
Qwen/Qwen2.5-0.5B,15,0.625,last_token,en,ko,r5,256,512,raw,ok,0.892578125
Qwen/Qwen2.5-0.5B,15,0.625,last_token,en,ko,r5,256,512,aligned,ok,0.869140625
Qwen/Qwen2.5-0.5B,15,0.625,last_token,en,ko,r5,256,512,delta,ok,-0.0234375
Qwen/Qwen2.5-0.5B,15,0.625,last_token,en,ko,r10,256,512,raw,ok,0.916015625
Qwen/Qwen2.5-0.5B,15,0.625,last_token,en,ko,r10,256,512,aligned,ok,0.9140625
Qwen/Qwen2.5-0.5B,15,0.625,last_token,en,ko,r10,256,512,delta,ok,-0.001953125
Qwen/Qwen2.5-0.5B,15,0.625,last_token,en,ko,mrr,256,512,raw,ok,0.8143701309761131
Qwen/Qwen2.5-0.5B,15,0.625,last_token,en,ko,mrr,256,512,aligned,ok,0.7896878250004709
Qwen/Qwen2.5-0.5B,15,0.625,last_token,en,ko,mrr,256,512,delta,ok,-0.02468230597564225
Qwen/Qwen2.5-0.5B,15,0.625,last_token,ko,en,r1,256,512,raw,ok,0.693359375
Qwen/Qwen2.5-0.5B,15,0.625,last_token,ko,en,r1,256,512,aligned,ok,0.69140625
Qwen/Qwen2.5-0.5B,15,0.625,last_token,ko,en,r1,256,512,delta,ok,-0.001953125
Qwen/Qwen2.5-0.5B,15,0.625,last_token,ko,en,r5,256,512,raw,ok,0.841796875
Qwen/Qwen2.5-0.5B,15,0.625,last_token,ko,en,r5,256,512,aligned,ok,0.849609375
Qwen/Qwen2.5-0.5B,15,0.625,last_token,ko,en,r5,256,512,delta,ok,0.0078125
Qwen/Qwen2.5-0.5B,15,0.625,last_token,ko,en,r10,256,512,raw,ok,0.880859375
Qwen/Qwen2.5-0.5B,15,0.625,last_token,ko,en,r10,256,512,aligned,ok,0.900390625
Qwen/Qwen2.5-0.5B,15,0.625,last_token,ko,en,r10,256,512,delta,ok,0.01953125
Qwen/Qwen2.5-0.5B,15,0.625,last_token,ko,en,mrr,256,512,raw,ok,0.7589384975242299
Qwen/Qwen2.5-0.5B,15,0.625,last_token,ko,en,mrr,256,512,aligned,ok,0.764273961531982
Qwen/Qwen2.5-0.5B,15,0.625,last_token,ko,en,mrr,256,512,delta,ok,0.005335464007752089
Qwen/Qwen2.5-0.5B,15,0.625,last_token,en,ja,r1,256,512,raw,ok,0.810546875
Qwen/Qwen2.5-0.5B,15,0.625,last_token,en,ja,r1,256,512,aligned,ok,0.8359375
Qwen/Qwen2.5-0.5B,15,0.625,last_token,en,ja,r1,256,512,delta,ok,0.025390625
Qwen/Qwen2.5-0.5B,15,0.625,last_token,en,ja,r5,256,512,raw,ok,0.95703125
Qwen/Qwen2.5-0.5B,15,0.625,last_token,en,ja,r5,256,512,aligned,ok,0.96875
Qwen/Qwen2.5-0.5B,15,0.625,last_token,en,ja,r5,256,512,delta,ok,0.01171875
Qwen/Qwen2.5-0.5B,15,0.625,last_token,en,ja,r10,256,512,raw,ok,0.9765625
Qwen/Qwen2.5-0.5B,15,0.625,last_token,en,ja,r10,256,512,aligned,ok,0.98046875
Qwen/Qwen2.5-0.5B,15,0.625,last_token,en,ja,r10,256,512,delta,ok,0.00390625
Qwen/Qwen2.5-0.5B,15,0.625,last_token,en,ja,mrr,256,512,raw,ok,0.8752838174559561
Qwen/Qwen2.5-0.5B,15,0.625,last_token,en,ja,mrr,256,512,aligned,ok,0.89545589847984
Qwen/Qwen2.5-0.5B,15,0.625,last_token,en,ja,mrr,256,512,delta,ok,0.020172081023883903
Qwen/Qwen2.5-0.5B,15,0.625,last_token,ja,en,r1,256,512,raw,ok,0.76953125
Qwen/Qwen2.5-0.5B,15,0.625,last_token,ja,en,r1,256,512,aligned,ok,0.8203125
Qwen/Qwen2.5-0.5B,15,0.625,last_token,ja,en,r1,256,512,delta,ok,0.05078125
Qwen/Qwen2.5-0.5B,15,0.625,last_token,ja,en,r5,256,512,raw,ok,0.888671875
Qwen/Qwen2.5-0.5B,15,0.625,last_token,ja,en,r5,256,512,aligned,ok,0.953125
Qwen/Qwen2.5-0.5B,15,0.625,last_token,ja,en,r5,256,512,delta,ok,0.064453125
Qwen/Qwen2.5-0.5B,15,0.625,last_token,ja,en,r10,256,512,raw,ok,0.912109375
Qwen/Qwen2.5-0.5B,15,0.625,last_token,ja,en,r10,256,512,aligned,ok,0.9765625
Qwen/Qwen2.5-0.5B,15,0.625,last_token,ja,en,r10,256,512,delta,ok,0.064453125
Qwen/Qwen2.5-0.5B,15,0.625,last_token,ja,en,mrr,256,512,raw,ok,0.8244493710783165
Qwen/Qwen2.5-0.5B,15,0.625,last_token,ja,en,mrr,256,512,aligned,ok,0.8798064296062637
Qwen/Qwen2.5-0.5B,15,0.625,last_token,ja,en,mrr,256,512,delta,ok,0.055357058527947145
Qwen/Qwen2.5-0.5B,15,0.625,last_token,en,zh,r1,256,512,raw,ok,0.89453125
Qwen/Qwen2.5-0.5B,15,0.625,last_token,en,zh,r1,256,512,aligned,ok,0.896484375
Qwen/Qwen2.5-0.5B,15,0.625,last_token,en,zh,r1,256,512,delta,ok,0.001953125
Qwen/Qwen2.5-0.5B,15,0.625,last_token,en,zh,r5,256,512,raw,ok,0.9609375
Qwen/Qwen2.5-0.5B,15,0.625,last_token,en,zh,r5,256,512,aligned,ok,0.962890625
Qwen/Qwen2.5-0.5B,15,0.625,last_token,en,zh,r5,256,512,delta,ok,0.001953125
Qwen/Qwen2.5-0.5B,15,0.625,last_token,en,zh,r10,256,512,raw,ok,0.98046875
Qwen/Qwen2.5-0.5B,15,0.625,last_token,en,zh,r10,256,512,aligned,ok,0.978515625
Qwen/Qwen2.5-0.5B,15,0.625,last_token,en,zh,r10,256,512,delta,ok,-0.001953125
Qwen/Qwen2.5-0.5B,15,0.625,last_token,en,zh,mrr,256,512,raw,ok,0.9243402859128523
Qwen/Qwen2.5-0.5B,15,0.625,last_token,en,zh,mrr,256,512,aligned,ok,0.9256958091344595
Qwen/Qwen2.5-0.5B,15,0.625,last_token,en,zh,mrr,256,512,delta,ok,0.0013555232216071467
Qwen/Qwen2.5-0.5B,15,0.625,last_token,zh,en,r1,256,512,raw,ok,0.888671875
Qwen/Qwen2.5-0.5B,15,0.625,last_token,zh,en,r1,256,512,aligned,ok,0.88671875
Qwen/Qwen2.5-0.5B,15,0.625,last_token,zh,en,r1,256,512,delta,ok,-0.001953125
Qwen/Qwen2.5-0.5B,15,0.625,last_token,zh,en,r5,256,512,raw,ok,0.96484375
Qwen/Qwen2.5-0.5B,15,0.625,last_token,zh,en,r5,256,512,aligned,ok,0.970703125
Qwen/Qwen2.5-0.5B,15,0.625,last_token,zh,en,r5,256,512,delta,ok,0.005859375
Qwen/Qwen2.5-0.5B,15,0.625,last_token,zh,en,r10,256,512,raw,ok,0.978515625
Qwen/Qwen2.5-0.5B,15,0.625,last_token,zh,en,r10,256,512,aligned,ok,0.98828125
Qwen/Qwen2.5-0.5B,15,0.625,last_token,zh,en,r10,256,512,delta,ok,0.009765625
Qwen/Qwen2.5-0.5B,15,0.625,last_token,zh,en,mrr,256,512,raw,ok,0.9225895767937549
Qwen/Qwen2.5-0.5B,15,0.625,last_token,zh,en,mrr,256,512,aligned,ok,0.9245343047287928
Qwen/Qwen2.5-0.5B,15,0.625,last_token,zh,en,mrr,256,512,delta,ok,0.001944727935037971
Qwen/Qwen2.5-0.5B,15,0.625,last_token,ko,ja,r1,256,512,raw,ok,0.810546875
Qwen/Qwen2.5-0.5B,15,0.625,last_token,ko,ja,r1,256,512,aligned,ok,0.76953125
Qwen/Qwen2.5-0.5B,15,0.625,last_token,ko,ja,r1,256,512,delta,ok,-0.041015625
Qwen/Qwen2.5-0.5B,15,0.625,last_token,ko,ja,r5,256,512,raw,ok,0.9296875
Qwen/Qwen2.5-0.5B,15,0.625,last_token,ko,ja,r5,256,512,aligned,ok,0.900390625
Qwen/Qwen2.5-0.5B,15,0.625,last_token,ko,ja,r5,256,512,delta,ok,-0.029296875
Qwen/Qwen2.5-0.5B,15,0.625,last_token,ko,ja,r10,256,512,raw,ok,0.94921875
Qwen/Qwen2.5-0.5B,15,0.625,last_token,ko,ja,r10,256,512,aligned,ok,0.9375
Qwen/Qwen2.5-0.5B,15,0.625,last_token,ko,ja,r10,256,512,delta,ok,-0.01171875
Qwen/Qwen2.5-0.5B,15,0.625,last_token,ko,ja,mrr,256,512,raw,ok,0.8618212079695822
Qwen/Qwen2.5-0.5B,15,0.625,last_token,ko,ja,mrr,256,512,aligned,ok,0.8333209641937509
Qwen/Qwen2.5-0.5B,15,0.625,last_token,ko,ja,mrr,256,512,delta,ok,-0.02850024377583127
Qwen/Qwen2.5-0.5B,15,0.625,last_token,ja,ko,r1,256,512,raw,ok,0.7890625
Qwen/Qwen2.5-0.5B,15,0.625,last_token,ja,ko,r1,256,512,aligned,ok,0.78125
Qwen/Qwen2.5-0.5B,15,0.625,last_token,ja,ko,r1,256,512,delta,ok,-0.0078125
Qwen/Qwen2.5-0.5B,15,0.625,last_token,ja,ko,r5,256,512,raw,ok,0.896484375
Qwen/Qwen2.5-0.5B,15,0.625,last_token,ja,ko,r5,256,512,aligned,ok,0.900390625
Qwen/Qwen2.5-0.5B,15,0.625,last_token,ja,ko,r5,256,512,delta,ok,0.00390625
Qwen/Qwen2.5-0.5B,15,0.625,last_token,ja,ko,r10,256,512,raw,ok,0.904296875
Qwen/Qwen2.5-0.5B,15,0.625,last_token,ja,ko,r10,256,512,aligned,ok,0.9375
Qwen/Qwen2.5-0.5B,15,0.625,last_token,ja,ko,r10,256,512,delta,ok,0.033203125
Qwen/Qwen2.5-0.5B,15,0.625,last_token,ja,ko,mrr,256,512,raw,ok,0.839106171400658
Qwen/Qwen2.5-0.5B,15,0.625,last_token,ja,ko,mrr,256,512,aligned,ok,0.8384314158894854
Qwen/Qwen2.5-0.5B,15,0.625,last_token,ja,ko,mrr,256,512,delta,ok,-0.0006747555111725756
Qwen/Qwen2.5-0.5B,15,0.625,last_token,ko,zh,r1,256,512,raw,ok,0.61328125
Qwen/Qwen2.5-0.5B,15,0.625,last_token,ko,zh,r1,256,512,aligned,ok,0.65234375
Qwen/Qwen2.5-0.5B,15,0.625,last_token,ko,zh,r1,256,512,delta,ok,0.0390625
Qwen/Qwen2.5-0.5B,15,0.625,last_token,ko,zh,r5,256,512,raw,ok,0.796875
Qwen/Qwen2.5-0.5B,15,0.625,last_token,ko,zh,r5,256,512,aligned,ok,0.845703125
Qwen/Qwen2.5-0.5B,15,0.625,last_token,ko,zh,r5,256,512,delta,ok,0.048828125
Qwen/Qwen2.5-0.5B,15,0.625,last_token,ko,zh,r10,256,512,raw,ok,0.841796875
Qwen/Qwen2.5-0.5B,15,0.625,last_token,ko,zh,r10,256,512,aligned,ok,0.888671875
Qwen/Qwen2.5-0.5B,15,0.625,last_token,ko,zh,r10,256,512,delta,ok,0.046875
Qwen/Qwen2.5-0.5B,15,0.625,last_token,ko,zh,mrr,256,512,raw,ok,0.6972561638416177
Qwen/Qwen2.5-0.5B,15,0.625,last_token,ko,zh,mrr,256,512,aligned,ok,0.7391026719436318
Qwen/Qwen2.5-0.5B,15,0.625,last_token,ko,zh,mrr,256,512,delta,ok,0.04184650810201407
Qwen/Qwen2.5-0.5B,15,0.625,last_token,zh,ko,r1,256,512,raw,ok,0.72265625
Qwen/Qwen2.5-0.5B,15,0.625,last_token,zh,ko,r1,256,512,aligned,ok,0.677734375
Qwen/Qwen2.5-0.5B,15,0.625,last_token,zh,ko,r1,256,512,delta,ok,-0.044921875
Qwen/Qwen2.5-0.5B,15,0.625,last_token,zh,ko,r5,256,512,raw,ok,0.869140625
Qwen/Qwen2.5-0.5B,15,0.625,last_token,zh,ko,r5,256,512,aligned,ok,0.841796875
Qwen/Qwen2.5-0.5B,15,0.625,last_token,zh,ko,r5,256,512,delta,ok,-0.02734375
Qwen/Qwen2.5-0.5B,15,0.625,last_token,zh,ko,r10,256,512,raw,ok,0.89453125
Qwen/Qwen2.5-0.5B,15,0.625,last_token,zh,ko,r10,256,512,aligned,ok,0.900390625
Qwen/Qwen2.5-0.5B,15,0.625,last_token,zh,ko,r10,256,512,delta,ok,0.005859375
Qwen/Qwen2.5-0.5B,15,0.625,last_token,zh,ko,mrr,256,512,raw,ok,0.786715421239464
Qwen/Qwen2.5-0.5B,15,0.625,last_token,zh,ko,mrr,256,512,aligned,ok,0.7536548509235048
Qwen/Qwen2.5-0.5B,15,0.625,last_token,zh,ko,mrr,256,512,delta,ok,-0.033060570315959215
Qwen/Qwen2.5-0.5B,15,0.625,last_token,ja,zh,r1,256,512,raw,ok,0.7265625
Qwen/Qwen2.5-0.5B,15,0.625,last_token,ja,zh,r1,256,512,aligned,ok,0.818359375
Qwen/Qwen2.5-0.5B,15,0.625,last_token,ja,zh,r1,256,512,delta,ok,0.091796875
Qwen/Qwen2.5-0.5B,15,0.625,last_token,ja,zh,r5,256,512,raw,ok,0.875
Qwen/Qwen2.5-0.5B,15,0.625,last_token,ja,zh,r5,256,512,aligned,ok,0.94921875
Qwen/Qwen2.5-0.5B,15,0.625,last_token,ja,zh,r5,256,512,delta,ok,0.07421875
Qwen/Qwen2.5-0.5B,15,0.625,last_token,ja,zh,r10,256,512,raw,ok,0.908203125
Qwen/Qwen2.5-0.5B,15,0.625,last_token,ja,zh,r10,256,512,aligned,ok,0.970703125
Qwen/Qwen2.5-0.5B,15,0.625,last_token,ja,zh,r10,256,512,delta,ok,0.0625
Qwen/Qwen2.5-0.5B,15,0.625,last_token,ja,zh,mrr,256,512,raw,ok,0.7959367549852623
Qwen/Qwen2.5-0.5B,15,0.625,last_token,ja,zh,mrr,256,512,aligned,ok,0.8797734818164359
Qwen/Qwen2.5-0.5B,15,0.625,last_token,ja,zh,mrr,256,512,delta,ok,0.0838367268311736
Qwen/Qwen2.5-0.5B,15,0.625,last_token,zh,ja,r1,256,512,raw,ok,0.775390625
Qwen/Qwen2.5-0.5B,15,0.625,last_token,zh,ja,r1,256,512,aligned,ok,0.828125
Qwen/Qwen2.5-0.5B,15,0.625,last_token,zh,ja,r1,256,512,delta,ok,0.052734375
Qwen/Qwen2.5-0.5B,15,0.625,last_token,zh,ja,r5,256,512,raw,ok,0.943359375
Qwen/Qwen2.5-0.5B,15,0.625,last_token,zh,ja,r5,256,512,aligned,ok,0.95703125
Qwen/Qwen2.5-0.5B,15,0.625,last_token,zh,ja,r5,256,512,delta,ok,0.013671875
Qwen/Qwen2.5-0.5B,15,0.625,last_token,zh,ja,r10,256,512,raw,ok,0.96484375
Qwen/Qwen2.5-0.5B,15,0.625,last_token,zh,ja,r10,256,512,aligned,ok,0.98046875
Qwen/Qwen2.5-0.5B,15,0.625,last_token,zh,ja,r10,256,512,delta,ok,0.015625
Qwen/Qwen2.5-0.5B,15,0.625,last_token,zh,ja,mrr,256,512,raw,ok,0.8503460867071612
Qwen/Qwen2.5-0.5B,15,0.625,last_token,zh,ja,mrr,256,512,aligned,ok,0.8879497341940221
Qwen/Qwen2.5-0.5B,15,0.625,last_token,zh,ja,mrr,256,512,delta,ok,0.03760364748686096
Qwen/Qwen2.5-0.5B,16,0.6666666666666666,last_token,en,ko,r1,256,512,raw,ok,0.685546875
Qwen/Qwen2.5-0.5B,16,0.6666666666666666,last_token,en,ko,r1,256,512,aligned,ok,0.658203125
Qwen/Qwen2.5-0.5B,16,0.6666666666666666,last_token,en,ko,r1,256,512,delta,ok,-0.02734375
Qwen/Qwen2.5-0.5B,16,0.6666666666666666,last_token,en,ko,r5,256,512,raw,ok,0.87109375
Qwen/Qwen2.5-0.5B,16,0.6666666666666666,last_token,en,ko,r5,256,512,aligned,ok,0.83984375
Qwen/Qwen2.5-0.5B,16,0.6666666666666666,last_token,en,ko,r5,256,512,delta,ok,-0.03125
Qwen/Qwen2.5-0.5B,16,0.6666666666666666,last_token,en,ko,r10,256,512,raw,ok,0.90625
Qwen/Qwen2.5-0.5B,16,0.6666666666666666,last_token,en,ko,r10,256,512,aligned,ok,0.87890625
Qwen/Qwen2.5-0.5B,16,0.6666666666666666,last_token,en,ko,r10,256,512,delta,ok,-0.02734375
Qwen/Qwen2.5-0.5B,16,0.6666666666666666,last_token,en,ko,mrr,256,512,raw,ok,0.7664621405038351
Qwen/Qwen2.5-0.5B,16,0.6666666666666666,last_token,en,ko,mrr,256,512,aligned,ok,0.740315119485845
Qwen/Qwen2.5-0.5B,16,0.6666666666666666,last_token,en,ko,mrr,256,512,delta,ok,-0.026147021017990046
Qwen/Qwen2.5-0.5B,16,0.6666666666666666,last_token,ko,en,r1,256,512,raw,ok,0.568359375
Qwen/Qwen2.5-0.5B,16,0.6666666666666666,last_token,ko,en,r1,256,512,aligned,ok,0.625
Qwen/Qwen2.5-0.5B,16,0.6666666666666666,last_token,ko,en,r1,256,512,delta,ok,0.056640625
Qwen/Qwen2.5-0.5B,16,0.6666666666666666,last_token,ko,en,r5,256,512,raw,ok,0.748046875
Qwen/Qwen2.5-0.5B,16,0.6666666666666666,last_token,ko,en,r5,256,512,aligned,ok,0.806640625
Qwen/Qwen2.5-0.5B,16,0.6666666666666666,last_token,ko,en,r5,256,512,delta,ok,0.05859375
Qwen/Qwen2.5-0.5B,16,0.6666666666666666,last_token,ko,en,r10,256,512,raw,ok,0.80859375
Qwen/Qwen2.5-0.5B,16,0.6666666666666666,last_token,ko,en,r10,256,512,aligned,ok,0.869140625
Qwen/Qwen2.5-0.5B,16,0.6666666666666666,last_token,ko,en,r10,256,512,delta,ok,0.060546875
Qwen/Qwen2.5-0.5B,16,0.6666666666666666,last_token,ko,en,mrr,256,512,raw,ok,0.6490455796923412
Qwen/Qwen2.5-0.5B,16,0.6666666666666666,last_token,ko,en,mrr,256,512,aligned,ok,0.706899138317046
Qwen/Qwen2.5-0.5B,16,0.6666666666666666,last_token,ko,en,mrr,256,512,delta,ok,0.05785355862470476
Qwen/Qwen2.5-0.5B,16,0.6666666666666666,last_token,en,ja,r1,256,512,raw,ok,0.767578125
Qwen/Qwen2.5-0.5B,16,0.6666666666666666,last_token,en,ja,r1,256,512,aligned,ok,0.80078125
Qwen/Qwen2.5-0.5B,16,0.6666666666666666,last_token,en,ja,r1,256,512,delta,ok,0.033203125
Qwen/Qwen2.5-0.5B,16,0.6666666666666666,last_token,en,ja,r5,256,512,raw,ok,0.94140625
Qwen/Qwen2.5-0.5B,16,0.6666666666666666,last_token,en,ja,r5,256,512,aligned,ok,0.958984375
Qwen/Qwen2.5-0.5B,16,0.6666666666666666,last_token,en,ja,r5,256,512,delta,ok,0.017578125
Qwen/Qwen2.5-0.5B,16,0.6666666666666666,last_token,en,ja,r10,256,512,raw,ok,0.96875
Qwen/Qwen2.5-0.5B,16,0.6666666666666666,last_token,en,ja,r10,256,512,aligned,ok,0.974609375
Qwen/Qwen2.5-0.5B,16,0.6666666666666666,last_token,en,ja,r10,256,512,delta,ok,0.005859375
Qwen/Qwen2.5-0.5B,16,0.6666666666666666,last_token,en,ja,mrr,256,512,raw,ok,0.8495926548119015
Qwen/Qwen2.5-0.5B,16,0.6666666666666666,last_token,en,ja,mrr,256,512,aligned,ok,0.8734885860844179
Qwen/Qwen2.5-0.5B,16,0.6666666666666666,last_token,en,ja,mrr,256,512,delta,ok,0.023895931272516435
Qwen/Qwen2.5-0.5B,16,0.6666666666666666,last_token,ja,en,r1,256,512,raw,ok,0.638671875
Qwen/Qwen2.5-0.5B,16,0.6666666666666666,last_token,ja,en,r1,256,512,aligned,ok,0.787109375
Qwen/Qwen2.5-0.5B,16,0.6666666666666666,last_token,ja,en,r1,256,512,delta,ok,0.1484375
Qwen/Qwen2.5-0.5B,16,0.6666666666666666,last_token,ja,en,r5,256,512,raw,ok,0.798828125
Qwen/Qwen2.5-0.5B,16,0.6666666666666666,last_token,ja,en,r5,256,512,aligned,ok,0.93359375
Qwen/Qwen2.5-0.5B,16,0.6666666666666666,last_token,ja,en,r5,256,512,delta,ok,0.134765625
Qwen/Qwen2.5-0.5B,16,0.6666666666666666,last_token,ja,en,r10,256,512,raw,ok,0.849609375
Qwen/Qwen2.5-0.5B,16,0.6666666666666666,last_token,ja,en,r10,256,512,aligned,ok,0.95703125
Qwen/Qwen2.5-0.5B,16,0.6666666666666666,last_token,ja,en,r10,256,512,delta,ok,0.107421875
Qwen/Qwen2.5-0.5B,16,0.6666666666666666,last_token,ja,en,mrr,256,512,raw,ok,0.7145834251780372
Qwen/Qwen2.5-0.5B,16,0.6666666666666666,last_token,ja,en,mrr,256,512,aligned,ok,0.8505617280104623
Qwen/Qwen2.5-0.5B,16,0.6666666666666666,last_token,ja,en,mrr,256,512,delta,ok,0.13597830283242507
Qwen/Qwen2.5-0.5B,16,0.6666666666666666,last_token,en,zh,r1,256,512,raw,ok,0.83203125
Qwen/Qwen2.5-0.5B,16,0.6666666666666666,last_token,en,zh,r1,256,512,aligned,ok,0.837890625
Qwen/Qwen2.5-0.5B,16,0.6666666666666666,last_token,en,zh,r1,256,512,delta,ok,0.005859375
Qwen/Qwen2.5-0.5B,16,0.6666666666666666,last_token,en,zh,r5,256,512,raw,ok,0.92578125
Qwen/Qwen2.5-0.5B,16,0.6666666666666666,last_token,en,zh,r5,256,512,aligned,ok,0.939453125
Qwen/Qwen2.5-0.5B,16,0.6666666666666666,last_token,en,zh,r5,256,512,delta,ok,0.013671875
Qwen/Qwen2.5-0.5B,16,0.6666666666666666,last_token,en,zh,r10,256,512,raw,ok,0.958984375
Qwen/Qwen2.5-0.5B,16,0.6666666666666666,last_token,en,zh,r10,256,512,aligned,ok,0.958984375
Qwen/Qwen2.5-0.5B,16,0.6666666666666666,last_token,en,zh,r10,256,512,delta,ok,0.0
Qwen/Qwen2.5-0.5B,16,0.6666666666666666,last_token,en,zh,mrr,256,512,raw,ok,0.8758765971002789
Qwen/Qwen2.5-0.5B,16,0.6666666666666666,last_token,en,zh,mrr,256,512,aligned,ok,0.8866009234338335
Qwen/Qwen2.5-0.5B,16,0.6666666666666666,last_token,en,zh,mrr,256,512,delta,ok,0.010724326333554579
Qwen/Qwen2.5-0.5B,16,0.6666666666666666,last_token,zh,en,r1,256,512,raw,ok,0.830078125
Qwen/Qwen2.5-0.5B,16,0.6666666666666666,last_token,zh,en,r1,256,512,aligned,ok,0.8515625
Qwen/Qwen2.5-0.5B,16,0.6666666666666666,last_token,zh,en,r1,256,512,delta,ok,0.021484375
Qwen/Qwen2.5-0.5B,16,0.6666666666666666,last_token,zh,en,r5,256,512,raw,ok,0.943359375
Qwen/Qwen2.5-0.5B,16,0.6666666666666666,last_token,zh,en,r5,256,512,aligned,ok,0.94140625
Qwen/Qwen2.5-0.5B,16,0.6666666666666666,last_token,zh,en,r5,256,512,delta,ok,-0.001953125
Qwen/Qwen2.5-0.5B,16,0.6666666666666666,last_token,zh,en,r10,256,512,raw,ok,0.9609375
Qwen/Qwen2.5-0.5B,16,0.6666666666666666,last_token,zh,en,r10,256,512,aligned,ok,0.970703125
Qwen/Qwen2.5-0.5B,16,0.6666666666666666,last_token,zh,en,r10,256,512,delta,ok,0.009765625
Qwen/Qwen2.5-0.5B,16,0.6666666666666666,last_token,zh,en,mrr,256,512,raw,ok,0.8813421406345878
Qwen/Qwen2.5-0.5B,16,0.6666666666666666,last_token,zh,en,mrr,256,512,aligned,ok,0.8938528948821023
Qwen/Qwen2.5-0.5B,16,0.6666666666666666,last_token,zh,en,mrr,256,512,delta,ok,0.012510754247514466
Qwen/Qwen2.5-0.5B,16,0.6666666666666666,last_token,ko,ja,r1,256,512,raw,ok,0.78125
Qwen/Qwen2.5-0.5B,16,0.6666666666666666,last_token,ko,ja,r1,256,512,aligned,ok,0.75
Qwen/Qwen2.5-0.5B,16,0.6666666666666666,last_token,ko,ja,r1,256,512,delta,ok,-0.03125
Qwen/Qwen2.5-0.5B,16,0.6666666666666666,last_token,ko,ja,r5,256,512,raw,ok,0.908203125
Qwen/Qwen2.5-0.5B,16,0.6666666666666666,last_token,ko,ja,r5,256,512,aligned,ok,0.87890625
Qwen/Qwen2.5-0.5B,16,0.6666666666666666,last_token,ko,ja,r5,256,512,delta,ok,-0.029296875
Qwen/Qwen2.5-0.5B,16,0.6666666666666666,last_token,ko,ja,r10,256,512,raw,ok,0.931640625
Qwen/Qwen2.5-0.5B,16,0.6666666666666666,last_token,ko,ja,r10,256,512,aligned,ok,0.9296875
Qwen/Qwen2.5-0.5B,16,0.6666666666666666,last_token,ko,ja,r10,256,512,delta,ok,-0.001953125
Qwen/Qwen2.5-0.5B,16,0.6666666666666666,last_token,ko,ja,mrr,256,512,raw,ok,0.8357352389762926
Qwen/Qwen2.5-0.5B,16,0.6666666666666666,last_token,ko,ja,mrr,256,512,aligned,ok,0.8111992039967038
Qwen/Qwen2.5-0.5B,16,0.6666666666666666,last_token,ko,ja,mrr,256,512,delta,ok,-0.024536034979588894
Qwen/Qwen2.5-0.5B,16,0.6666666666666666,last_token,ja,ko,r1,256,512,raw,ok,0.755859375
Qwen/Qwen2.5-0.5B,16,0.6666666666666666,last_token,ja,ko,r1,256,512,aligned,ok,0.724609375
Qwen/Qwen2.5-0.5B,16,0.6666666666666666,last_token,ja,ko,r1,256,512,delta,ok,-0.03125
Qwen/Qwen2.5-0.5B,16,0.6666666666666666,last_token,ja,ko,r5,256,512,raw,ok,0.884765625
Qwen/Qwen2.5-0.5B,16,0.6666666666666666,last_token,ja,ko,r5,256,512,aligned,ok,0.888671875
Qwen/Qwen2.5-0.5B,16,0.6666666666666666,last_token,ja,ko,r5,256,512,delta,ok,0.00390625
Qwen/Qwen2.5-0.5B,16,0.6666666666666666,last_token,ja,ko,r10,256,512,raw,ok,0.900390625
Qwen/Qwen2.5-0.5B,16,0.6666666666666666,last_token,ja,ko,r10,256,512,aligned,ok,0.91796875
Qwen/Qwen2.5-0.5B,16,0.6666666666666666,last_token,ja,ko,r10,256,512,delta,ok,0.017578125
Qwen/Qwen2.5-0.5B,16,0.6666666666666666,last_token,ja,ko,mrr,256,512,raw,ok,0.8118482682547341
Qwen/Qwen2.5-0.5B,16,0.6666666666666666,last_token,ja,ko,mrr,256,512,aligned,ok,0.7988418132028348
Qwen/Qwen2.5-0.5B,16,0.6666666666666666,last_token,ja,ko,mrr,256,512,delta,ok,-0.013006455051899346
Qwen/Qwen2.5-0.5B,16,0.6666666666666666,last_token,ko,zh,r1,256,512,raw,ok,0.529296875
Qwen/Qwen2.5-0.5B,16,0.6666666666666666,last_token,ko,zh,r1,256,512,aligned,ok,0.5859375
Qwen/Qwen2.5-0.5B,16,0.6666666666666666,last_token,ko,zh,r1,256,512,delta,ok,0.056640625
Qwen/Qwen2.5-0.5B,16,0.6666666666666666,last_token,ko,zh,r5,256,512,raw,ok,0.677734375
Qwen/Qwen2.5-0.5B,16,0.6666666666666666,last_token,ko,zh,r5,256,512,aligned,ok,0.796875
Qwen/Qwen2.5-0.5B,16,0.6666666666666666,last_token,ko,zh,r5,256,512,delta,ok,0.119140625
Qwen/Qwen2.5-0.5B,16,0.6666666666666666,last_token,ko,zh,r10,256,512,raw,ok,0.72265625
Qwen/Qwen2.5-0.5B,16,0.6666666666666666,last_token,ko,zh,r10,256,512,aligned,ok,0.86328125
Qwen/Qwen2.5-0.5B,16,0.6666666666666666,last_token,ko,zh,r10,256,512,delta,ok,0.140625
Qwen/Qwen2.5-0.5B,16,0.6666666666666666,last_token,ko,zh,mrr,256,512,raw,ok,0.6002969218455627
Qwen/Qwen2.5-0.5B,16,0.6666666666666666,last_token,ko,zh,mrr,256,512,aligned,ok,0.6817222540575594
Qwen/Qwen2.5-0.5B,16,0.6666666666666666,last_token,ko,zh,mrr,256,512,delta,ok,0.08142533221199666
Qwen/Qwen2.5-0.5B,16,0.6666666666666666,last_token,zh,ko,r1,256,512,raw,ok,0.673828125
Qwen/Qwen2.5-0.5B,16,0.6666666666666666,last_token,zh,ko,r1,256,512,aligned,ok,0.587890625
Qwen/Qwen2.5-0.5B,16,0.6666666666666666,last_token,zh,ko,r1,256,512,delta,ok,-0.0859375
Qwen/Qwen2.5-0.5B,16,0.6666666666666666,last_token,zh,ko,r5,256,512,raw,ok,0.837890625
Qwen/Qwen2.5-0.5B,16,0.6666666666666666,last_token,zh,ko,r5,256,512,aligned,ok,0.81640625
Qwen/Qwen2.5-0.5B,16,0.6666666666666666,last_token,zh,ko,r5,256,512,delta,ok,-0.021484375
Qwen/Qwen2.5-0.5B,16,0.6666666666666666,last_token,zh,ko,r10,256,512,raw,ok,0.888671875
Qwen/Qwen2.5-0.5B,16,0.6666666666666666,last_token,zh,ko,r10,256,512,aligned,ok,0.875
Qwen/Qwen2.5-0.5B,16,0.6666666666666666,last_token,zh,ko,r10,256,512,delta,ok,-0.013671875
Qwen/Qwen2.5-0.5B,16,0.6666666666666666,last_token,zh,ko,mrr,256,512,raw,ok,0.747780030346858
Qwen/Qwen2.5-0.5B,16,0.6666666666666666,last_token,zh,ko,mrr,256,512,aligned,ok,0.6921919837937704
Qwen/Qwen2.5-0.5B,16,0.6666666666666666,last_token,zh,ko,mrr,256,512,delta,ok,-0.05558804655308758
Qwen/Qwen2.5-0.5B,16,0.6666666666666666,last_token,ja,zh,r1,256,512,raw,ok,0.603515625
Qwen/Qwen2.5-0.5B,16,0.6666666666666666,last_token,ja,zh,r1,256,512,aligned,ok,0.779296875
Qwen/Qwen2.5-0.5B,16,0.6666666666666666,last_token,ja,zh,r1,256,512,delta,ok,0.17578125
Qwen/Qwen2.5-0.5B,16,0.6666666666666666,last_token,ja,zh,r5,256,512,raw,ok,0.765625
Qwen/Qwen2.5-0.5B,16,0.6666666666666666,last_token,ja,zh,r5,256,512,aligned,ok,0.919921875
Qwen/Qwen2.5-0.5B,16,0.6666666666666666,last_token,ja,zh,r5,256,512,delta,ok,0.154296875
Qwen/Qwen2.5-0.5B,16,0.6666666666666666,last_token,ja,zh,r10,256,512,raw,ok,0.81640625
Qwen/Qwen2.5-0.5B,16,0.6666666666666666,last_token,ja,zh,r10,256,512,aligned,ok,0.94921875
Qwen/Qwen2.5-0.5B,16,0.6666666666666666,last_token,ja,zh,r10,256,512,delta,ok,0.1328125
Qwen/Qwen2.5-0.5B,16,0.6666666666666666,last_token,ja,zh,mrr,256,512,raw,ok,0.6800989258651566
Qwen/Qwen2.5-0.5B,16,0.6666666666666666,last_token,ja,zh,mrr,256,512,aligned,ok,0.8466530576658295
Qwen/Qwen2.5-0.5B,16,0.6666666666666666,last_token,ja,zh,mrr,256,512,delta,ok,0.1665541318006729
Qwen/Qwen2.5-0.5B,16,0.6666666666666666,last_token,zh,ja,r1,256,512,raw,ok,0.73828125
Qwen/Qwen2.5-0.5B,16,0.6666666666666666,last_token,zh,ja,r1,256,512,aligned,ok,0.775390625
Qwen/Qwen2.5-0.5B,16,0.6666666666666666,last_token,zh,ja,r1,256,512,delta,ok,0.037109375
Qwen/Qwen2.5-0.5B,16,0.6666666666666666,last_token,zh,ja,r5,256,512,raw,ok,0.91796875
Qwen/Qwen2.5-0.5B,16,0.6666666666666666,last_token,zh,ja,r5,256,512,aligned,ok,0.927734375
Qwen/Qwen2.5-0.5B,16,0.6666666666666666,last_token,zh,ja,r5,256,512,delta,ok,0.009765625
Qwen/Qwen2.5-0.5B,16,0.6666666666666666,last_token,zh,ja,r10,256,512,raw,ok,0.951171875
Qwen/Qwen2.5-0.5B,16,0.6666666666666666,last_token,zh,ja,r10,256,512,aligned,ok,0.96875
Qwen/Qwen2.5-0.5B,16,0.6666666666666666,last_token,zh,ja,r10,256,512,delta,ok,0.017578125
Qwen/Qwen2.5-0.5B,16,0.6666666666666666,last_token,zh,ja,mrr,256,512,raw,ok,0.819184095079096
Qwen/Qwen2.5-0.5B,16,0.6666666666666666,last_token,zh,ja,mrr,256,512,aligned,ok,0.8487270231527997
Qwen/Qwen2.5-0.5B,16,0.6666666666666666,last_token,zh,ja,mrr,256,512,delta,ok,0.029542928073703734
Qwen/Qwen2.5-0.5B,17,0.7083333333333334,last_token,en,ko,r1,256,512,raw,ok,0.638671875
Qwen/Qwen2.5-0.5B,17,0.7083333333333334,last_token,en,ko,r1,256,512,aligned,ok,0.607421875
Qwen/Qwen2.5-0.5B,17,0.7083333333333334,last_token,en,ko,r1,256,512,delta,ok,-0.03125
Qwen/Qwen2.5-0.5B,17,0.7083333333333334,last_token,en,ko,r5,256,512,raw,ok,0.841796875
Qwen/Qwen2.5-0.5B,17,0.7083333333333334,last_token,en,ko,r5,256,512,aligned,ok,0.81640625
Qwen/Qwen2.5-0.5B,17,0.7083333333333334,last_token,en,ko,r5,256,512,delta,ok,-0.025390625
Qwen/Qwen2.5-0.5B,17,0.7083333333333334,last_token,en,ko,r10,256,512,raw,ok,0.890625
Qwen/Qwen2.5-0.5B,17,0.7083333333333334,last_token,en,ko,r10,256,512,aligned,ok,0.87109375
Qwen/Qwen2.5-0.5B,17,0.7083333333333334,last_token,en,ko,r10,256,512,delta,ok,-0.01953125
Qwen/Qwen2.5-0.5B,17,0.7083333333333334,last_token,en,ko,mrr,256,512,raw,ok,0.7301908833590305
Qwen/Qwen2.5-0.5B,17,0.7083333333333334,last_token,en,ko,mrr,256,512,aligned,ok,0.7003860621724518
Qwen/Qwen2.5-0.5B,17,0.7083333333333334,last_token,en,ko,mrr,256,512,delta,ok,-0.02980482118657868
Qwen/Qwen2.5-0.5B,17,0.7083333333333334,last_token,ko,en,r1,256,512,raw,ok,0.5078125
Qwen/Qwen2.5-0.5B,17,0.7083333333333334,last_token,ko,en,r1,256,512,aligned,ok,0.591796875
Qwen/Qwen2.5-0.5B,17,0.7083333333333334,last_token,ko,en,r1,256,512,delta,ok,0.083984375
Qwen/Qwen2.5-0.5B,17,0.7083333333333334,last_token,ko,en,r5,256,512,raw,ok,0.7109375
Qwen/Qwen2.5-0.5B,17,0.7083333333333334,last_token,ko,en,r5,256,512,aligned,ok,0.78515625
Qwen/Qwen2.5-0.5B,17,0.7083333333333334,last_token,ko,en,r5,256,512,delta,ok,0.07421875
Qwen/Qwen2.5-0.5B,17,0.7083333333333334,last_token,ko,en,r10,256,512,raw,ok,0.7890625
Qwen/Qwen2.5-0.5B,17,0.7083333333333334,last_token,ko,en,r10,256,512,aligned,ok,0.83984375
Qwen/Qwen2.5-0.5B,17,0.7083333333333334,last_token,ko,en,r10,256,512,delta,ok,0.05078125
Qwen/Qwen2.5-0.5B,17,0.7083333333333334,last_token,ko,en,mrr,256,512,raw,ok,0.5993347279148123
Qwen/Qwen2.5-0.5B,17,0.7083333333333334,last_token,ko,en,mrr,256,512,aligned,ok,0.677641688603465
Qwen/Qwen2.5-0.5B,17,0.7083333333333334,last_token,ko,en,mrr,256,512,delta,ok,0.07830696068865262
Qwen/Qwen2.5-0.5B,17,0.7083333333333334,last_token,en,ja,r1,256,512,raw,ok,0.72265625
Qwen/Qwen2.5-0.5B,17,0.7083333333333334,last_token,en,ja,r1,256,512,aligned,ok,0.75
Qwen/Qwen2.5-0.5B,17,0.7083333333333334,last_token,en,ja,r1,256,512,delta,ok,0.02734375
Qwen/Qwen2.5-0.5B,17,0.7083333333333334,last_token,en,ja,r5,256,512,raw,ok,0.935546875
Qwen/Qwen2.5-0.5B,17,0.7083333333333334,last_token,en,ja,r5,256,512,aligned,ok,0.94921875
Qwen/Qwen2.5-0.5B,17,0.7083333333333334,last_token,en,ja,r5,256,512,delta,ok,0.013671875
Qwen/Qwen2.5-0.5B,17,0.7083333333333334,last_token,en,ja,r10,256,512,raw,ok,0.96484375
Qwen/Qwen2.5-0.5B,17,0.7083333333333334,last_token,en,ja,r10,256,512,aligned,ok,0.97265625
Qwen/Qwen2.5-0.5B,17,0.7083333333333334,last_token,en,ja,r10,256,512,delta,ok,0.0078125
Qwen/Qwen2.5-0.5B,17,0.7083333333333334,last_token,en,ja,mrr,256,512,raw,ok,0.8157755937205324
Qwen/Qwen2.5-0.5B,17,0.7083333333333334,last_token,en,ja,mrr,256,512,aligned,ok,0.8375143011230164
Qwen/Qwen2.5-0.5B,17,0.7083333333333334,last_token,en,ja,mrr,256,512,delta,ok,0.02173870740248396
Qwen/Qwen2.5-0.5B,17,0.7083333333333334,last_token,ja,en,r1,256,512,raw,ok,0.583984375
Qwen/Qwen2.5-0.5B,17,0.7083333333333334,last_token,ja,en,r1,256,512,aligned,ok,0.75
Qwen/Qwen2.5-0.5B,17,0.7083333333333334,last_token,ja,en,r1,256,512,delta,ok,0.166015625
Qwen/Qwen2.5-0.5B,17,0.7083333333333334,last_token,ja,en,r5,256,512,raw,ok,0.76171875
Qwen/Qwen2.5-0.5B,17,0.7083333333333334,last_token,ja,en,r5,256,512,aligned,ok,0.923828125
Qwen/Qwen2.5-0.5B,17,0.7083333333333334,last_token,ja,en,r5,256,512,delta,ok,0.162109375
Qwen/Qwen2.5-0.5B,17,0.7083333333333334,last_token,ja,en,r10,256,512,raw,ok,0.814453125
Qwen/Qwen2.5-0.5B,17,0.7083333333333334,last_token,ja,en,r10,256,512,aligned,ok,0.94921875
Qwen/Qwen2.5-0.5B,17,0.7083333333333334,last_token,ja,en,r10,256,512,delta,ok,0.134765625
Qwen/Qwen2.5-0.5B,17,0.7083333333333334,last_token,ja,en,mrr,256,512,raw,ok,0.6675239526857958
Qwen/Qwen2.5-0.5B,17,0.7083333333333334,last_token,ja,en,mrr,256,512,aligned,ok,0.822433590596739
Qwen/Qwen2.5-0.5B,17,0.7083333333333334,last_token,ja,en,mrr,256,512,delta,ok,0.15490963791094325
Qwen/Qwen2.5-0.5B,17,0.7083333333333334,last_token,en,zh,r1,256,512,raw,ok,0.76171875
Qwen/Qwen2.5-0.5B,17,0.7083333333333334,last_token,en,zh,r1,256,512,aligned,ok,0.79296875
Qwen/Qwen2.5-0.5B,17,0.7083333333333334,last_token,en,zh,r1,256,512,delta,ok,0.03125
Qwen/Qwen2.5-0.5B,17,0.7083333333333334,last_token,en,zh,r5,256,512,raw,ok,0.875
Qwen/Qwen2.5-0.5B,17,0.7083333333333334,last_token,en,zh,r5,256,512,aligned,ok,0.923828125
Qwen/Qwen2.5-0.5B,17,0.7083333333333334,last_token,en,zh,r5,256,512,delta,ok,0.048828125
Qwen/Qwen2.5-0.5B,17,0.7083333333333334,last_token,en,zh,r10,256,512,raw,ok,0.908203125
Qwen/Qwen2.5-0.5B,17,0.7083333333333334,last_token,en,zh,r10,256,512,aligned,ok,0.9453125
Qwen/Qwen2.5-0.5B,17,0.7083333333333334,last_token,en,zh,r10,256,512,delta,ok,0.037109375
Qwen/Qwen2.5-0.5B,17,0.7083333333333334,last_token,en,zh,mrr,256,512,raw,ok,0.8153628157296073
Qwen/Qwen2.5-0.5B,17,0.7083333333333334,last_token,en,zh,mrr,256,512,aligned,ok,0.8538388062870907
Qwen/Qwen2.5-0.5B,17,0.7083333333333334,last_token,en,zh,mrr,256,512,delta,ok,0.03847599055748341
Qwen/Qwen2.5-0.5B,17,0.7083333333333334,last_token,zh,en,r1,256,512,raw,ok,0.76953125
Qwen/Qwen2.5-0.5B,17,0.7083333333333334,last_token,zh,en,r1,256,512,aligned,ok,0.79296875
Qwen/Qwen2.5-0.5B,17,0.7083333333333334,last_token,zh,en,r1,256,512,delta,ok,0.0234375
Qwen/Qwen2.5-0.5B,17,0.7083333333333334,last_token,zh,en,r5,256,512,raw,ok,0.91015625
Qwen/Qwen2.5-0.5B,17,0.7083333333333334,last_token,zh,en,r5,256,512,aligned,ok,0.919921875
Qwen/Qwen2.5-0.5B,17,0.7083333333333334,last_token,zh,en,r5,256,512,delta,ok,0.009765625
Qwen/Qwen2.5-0.5B,17,0.7083333333333334,last_token,zh,en,r10,256,512,raw,ok,0.93359375
Qwen/Qwen2.5-0.5B,17,0.7083333333333334,last_token,zh,en,r10,256,512,aligned,ok,0.951171875
Qwen/Qwen2.5-0.5B,17,0.7083333333333334,last_token,zh,en,r10,256,512,delta,ok,0.017578125
Qwen/Qwen2.5-0.5B,17,0.7083333333333334,last_token,zh,en,mrr,256,512,raw,ok,0.8279222096200111
Qwen/Qwen2.5-0.5B,17,0.7083333333333334,last_token,zh,en,mrr,256,512,aligned,ok,0.8519545887732696
Qwen/Qwen2.5-0.5B,17,0.7083333333333334,last_token,zh,en,mrr,256,512,delta,ok,0.02403237915325851
Qwen/Qwen2.5-0.5B,17,0.7083333333333334,last_token,ko,ja,r1,256,512,raw,ok,0.734375
Qwen/Qwen2.5-0.5B,17,0.7083333333333334,last_token,ko,ja,r1,256,512,aligned,ok,0.7265625
Qwen/Qwen2.5-0.5B,17,0.7083333333333334,last_token,ko,ja,r1,256,512,delta,ok,-0.0078125
Qwen/Qwen2.5-0.5B,17,0.7083333333333334,last_token,ko,ja,r5,256,512,raw,ok,0.88671875
Qwen/Qwen2.5-0.5B,17,0.7083333333333334,last_token,ko,ja,r5,256,512,aligned,ok,0.87109375
Qwen/Qwen2.5-0.5B,17,0.7083333333333334,last_token,ko,ja,r5,256,512,delta,ok,-0.015625
Qwen/Qwen2.5-0.5B,17,0.7083333333333334,last_token,ko,ja,r10,256,512,raw,ok,0.916015625
Qwen/Qwen2.5-0.5B,17,0.7083333333333334,last_token,ko,ja,r10,256,512,aligned,ok,0.916015625
Qwen/Qwen2.5-0.5B,17,0.7083333333333334,last_token,ko,ja,r10,256,512,delta,ok,0.0
Qwen/Qwen2.5-0.5B,17,0.7083333333333334,last_token,ko,ja,mrr,256,512,raw,ok,0.8034641582081852
Qwen/Qwen2.5-0.5B,17,0.7083333333333334,last_token,ko,ja,mrr,256,512,aligned,ok,0.793967746167567
Qwen/Qwen2.5-0.5B,17,0.7083333333333334,last_token,ko,ja,mrr,256,512,delta,ok,-0.00949641204061813
Qwen/Qwen2.5-0.5B,17,0.7083333333333334,last_token,ja,ko,r1,256,512,raw,ok,0.720703125
Qwen/Qwen2.5-0.5B,17,0.7083333333333334,last_token,ja,ko,r1,256,512,aligned,ok,0.712890625
Qwen/Qwen2.5-0.5B,17,0.7083333333333334,last_token,ja,ko,r1,256,512,delta,ok,-0.0078125
Qwen/Qwen2.5-0.5B,17,0.7083333333333334,last_token,ja,ko,r5,256,512,raw,ok,0.86328125
Qwen/Qwen2.5-0.5B,17,0.7083333333333334,last_token,ja,ko,r5,256,512,aligned,ok,0.875
Qwen/Qwen2.5-0.5B,17,0.7083333333333334,last_token,ja,ko,r5,256,512,delta,ok,0.01171875
Qwen/Qwen2.5-0.5B,17,0.7083333333333334,last_token,ja,ko,r10,256,512,raw,ok,0.890625
Qwen/Qwen2.5-0.5B,17,0.7083333333333334,last_token,ja,ko,r10,256,512,aligned,ok,0.912109375
Qwen/Qwen2.5-0.5B,17,0.7083333333333334,last_token,ja,ko,r10,256,512,delta,ok,0.021484375
Qwen/Qwen2.5-0.5B,17,0.7083333333333334,last_token,ja,ko,mrr,256,512,raw,ok,0.7828805693794711
Qwen/Qwen2.5-0.5B,17,0.7083333333333334,last_token,ja,ko,mrr,256,512,aligned,ok,0.7875509561770814
Qwen/Qwen2.5-0.5B,17,0.7083333333333334,last_token,ja,ko,mrr,256,512,delta,ok,0.0046703867976102265
Qwen/Qwen2.5-0.5B,17,0.7083333333333334,last_token,ko,zh,r1,256,512,raw,ok,0.470703125
Qwen/Qwen2.5-0.5B,17,0.7083333333333334,last_token,ko,zh,r1,256,512,aligned,ok,0.537109375
Qwen/Qwen2.5-0.5B,17,0.7083333333333334,last_token,ko,zh,r1,256,512,delta,ok,0.06640625
Qwen/Qwen2.5-0.5B,17,0.7083333333333334,last_token,ko,zh,r5,256,512,raw,ok,0.626953125
Qwen/Qwen2.5-0.5B,17,0.7083333333333334,last_token,ko,zh,r5,256,512,aligned,ok,0.7578125
Qwen/Qwen2.5-0.5B,17,0.7083333333333334,last_token,ko,zh,r5,256,512,delta,ok,0.130859375
Qwen/Qwen2.5-0.5B,17,0.7083333333333334,last_token,ko,zh,r10,256,512,raw,ok,0.6875
Qwen/Qwen2.5-0.5B,17,0.7083333333333334,last_token,ko,zh,r10,256,512,aligned,ok,0.828125
Qwen/Qwen2.5-0.5B,17,0.7083333333333334,last_token,ko,zh,r10,256,512,delta,ok,0.140625
Qwen/Qwen2.5-0.5B,17,0.7083333333333334,last_token,ko,zh,mrr,256,512,raw,ok,0.5465298086905885
Qwen/Qwen2.5-0.5B,17,0.7083333333333334,last_token,ko,zh,mrr,256,512,aligned,ok,0.6366866027472593
Qwen/Qwen2.5-0.5B,17,0.7083333333333334,last_token,ko,zh,mrr,256,512,delta,ok,0.09015679405667076
Qwen/Qwen2.5-0.5B,17,0.7083333333333334,last_token,zh,ko,r1,256,512,raw,ok,0.650390625
Qwen/Qwen2.5-0.5B,17,0.7083333333333334,last_token,zh,ko,r1,256,512,aligned,ok,0.5703125
Qwen/Qwen2.5-0.5B,17,0.7083333333333334,last_token,zh,ko,r1,256,512,delta,ok,-0.080078125
Qwen/Qwen2.5-0.5B,17,0.7083333333333334,last_token,zh,ko,r5,256,512,raw,ok,0.814453125
Qwen/Qwen2.5-0.5B,17,0.7083333333333334,last_token,zh,ko,r5,256,512,aligned,ok,0.77734375
Qwen/Qwen2.5-0.5B,17,0.7083333333333334,last_token,zh,ko,r5,256,512,delta,ok,-0.037109375
Qwen/Qwen2.5-0.5B,17,0.7083333333333334,last_token,zh,ko,r10,256,512,raw,ok,0.861328125
Qwen/Qwen2.5-0.5B,17,0.7083333333333334,last_token,zh,ko,r10,256,512,aligned,ok,0.853515625
Qwen/Qwen2.5-0.5B,17,0.7083333333333334,last_token,zh,ko,r10,256,512,delta,ok,-0.0078125
Qwen/Qwen2.5-0.5B,17,0.7083333333333334,last_token,zh,ko,mrr,256,512,raw,ok,0.724773915458328
Qwen/Qwen2.5-0.5B,17,0.7083333333333334,last_token,zh,ko,mrr,256,512,aligned,ok,0.6665516611545038
Qwen/Qwen2.5-0.5B,17,0.7083333333333334,last_token,zh,ko,mrr,256,512,delta,ok,-0.05822225430382422
Qwen/Qwen2.5-0.5B,17,0.7083333333333334,last_token,ja,zh,r1,256,512,raw,ok,0.552734375
Qwen/Qwen2.5-0.5B,17,0.7083333333333334,last_token,ja,zh,r1,256,512,aligned,ok,0.7265625
Qwen/Qwen2.5-0.5B,17,0.7083333333333334,last_token,ja,zh,r1,256,512,delta,ok,0.173828125
Qwen/Qwen2.5-0.5B,17,0.7083333333333334,last_token,ja,zh,r5,256,512,raw,ok,0.69921875
Qwen/Qwen2.5-0.5B,17,0.7083333333333334,last_token,ja,zh,r5,256,512,aligned,ok,0.904296875
Qwen/Qwen2.5-0.5B,17,0.7083333333333334,last_token,ja,zh,r5,256,512,delta,ok,0.205078125
Qwen/Qwen2.5-0.5B,17,0.7083333333333334,last_token,ja,zh,r10,256,512,raw,ok,0.744140625
Qwen/Qwen2.5-0.5B,17,0.7083333333333334,last_token,ja,zh,r10,256,512,aligned,ok,0.935546875
Qwen/Qwen2.5-0.5B,17,0.7083333333333334,last_token,ja,zh,r10,256,512,delta,ok,0.19140625
Qwen/Qwen2.5-0.5B,17,0.7083333333333334,last_token,ja,zh,mrr,256,512,raw,ok,0.6245824999768481
Qwen/Qwen2.5-0.5B,17,0.7083333333333334,last_token,ja,zh,mrr,256,512,aligned,ok,0.8066987319264529
Qwen/Qwen2.5-0.5B,17,0.7083333333333334,last_token,ja,zh,mrr,256,512,delta,ok,0.1821162319496048
Qwen/Qwen2.5-0.5B,17,0.7083333333333334,last_token,zh,ja,r1,256,512,raw,ok,0.728515625
Qwen/Qwen2.5-0.5B,17,0.7083333333333334,last_token,zh,ja,r1,256,512,aligned,ok,0.7265625
Qwen/Qwen2.5-0.5B,17,0.7083333333333334,last_token,zh,ja,r1,256,512,delta,ok,-0.001953125
Qwen/Qwen2.5-0.5B,17,0.7083333333333334,last_token,zh,ja,r5,256,512,raw,ok,0.90625
Qwen/Qwen2.5-0.5B,17,0.7083333333333334,last_token,zh,ja,r5,256,512,aligned,ok,0.912109375
Qwen/Qwen2.5-0.5B,17,0.7083333333333334,last_token,zh,ja,r5,256,512,delta,ok,0.005859375
Qwen/Qwen2.5-0.5B,17,0.7083333333333334,last_token,zh,ja,r10,256,512,raw,ok,0.943359375
Qwen/Qwen2.5-0.5B,17,0.7083333333333334,last_token,zh,ja,r10,256,512,aligned,ok,0.953125
Qwen/Qwen2.5-0.5B,17,0.7083333333333334,last_token,zh,ja,r10,256,512,delta,ok,0.009765625
Qwen/Qwen2.5-0.5B,17,0.7083333333333334,last_token,zh,ja,mrr,256,512,raw,ok,0.8105982614520428
Qwen/Qwen2.5-0.5B,17,0.7083333333333334,last_token,zh,ja,mrr,256,512,aligned,ok,0.8112189368860319
Qwen/Qwen2.5-0.5B,17,0.7083333333333334,last_token,zh,ja,mrr,256,512,delta,ok,0.0006206754339890264
Qwen/Qwen2.5-0.5B,18,0.75,last_token,en,ko,r1,256,512,raw,ok,0.529296875
Qwen/Qwen2.5-0.5B,18,0.75,last_token,en,ko,r1,256,512,aligned,ok,0.541015625
Qwen/Qwen2.5-0.5B,18,0.75,last_token,en,ko,r1,256,512,delta,ok,0.01171875
Qwen/Qwen2.5-0.5B,18,0.75,last_token,en,ko,r5,256,512,raw,ok,0.771484375
Qwen/Qwen2.5-0.5B,18,0.75,last_token,en,ko,r5,256,512,aligned,ok,0.775390625
Qwen/Qwen2.5-0.5B,18,0.75,last_token,en,ko,r5,256,512,delta,ok,0.00390625
Qwen/Qwen2.5-0.5B,18,0.75,last_token,en,ko,r10,256,512,raw,ok,0.841796875
Qwen/Qwen2.5-0.5B,18,0.75,last_token,en,ko,r10,256,512,aligned,ok,0.83984375
Qwen/Qwen2.5-0.5B,18,0.75,last_token,en,ko,r10,256,512,delta,ok,-0.001953125
Qwen/Qwen2.5-0.5B,18,0.75,last_token,en,ko,mrr,256,512,raw,ok,0.6348098895109692
Qwen/Qwen2.5-0.5B,18,0.75,last_token,en,ko,mrr,256,512,aligned,ok,0.6478146255510591
Qwen/Qwen2.5-0.5B,18,0.75,last_token,en,ko,mrr,256,512,delta,ok,0.013004736040089893
Qwen/Qwen2.5-0.5B,18,0.75,last_token,ko,en,r1,256,512,raw,ok,0.376953125
Qwen/Qwen2.5-0.5B,18,0.75,last_token,ko,en,r1,256,512,aligned,ok,0.541015625
Qwen/Qwen2.5-0.5B,18,0.75,last_token,ko,en,r1,256,512,delta,ok,0.1640625
Qwen/Qwen2.5-0.5B,18,0.75,last_token,ko,en,r5,256,512,raw,ok,0.60546875
Qwen/Qwen2.5-0.5B,18,0.75,last_token,ko,en,r5,256,512,aligned,ok,0.7421875
Qwen/Qwen2.5-0.5B,18,0.75,last_token,ko,en,r5,256,512,delta,ok,0.13671875
Qwen/Qwen2.5-0.5B,18,0.75,last_token,ko,en,r10,256,512,raw,ok,0.67578125
Qwen/Qwen2.5-0.5B,18,0.75,last_token,ko,en,r10,256,512,aligned,ok,0.8203125
Qwen/Qwen2.5-0.5B,18,0.75,last_token,ko,en,r10,256,512,delta,ok,0.14453125
Qwen/Qwen2.5-0.5B,18,0.75,last_token,ko,en,mrr,256,512,raw,ok,0.48179008734129025
Qwen/Qwen2.5-0.5B,18,0.75,last_token,ko,en,mrr,256,512,aligned,ok,0.6316586470868619
Qwen/Qwen2.5-0.5B,18,0.75,last_token,ko,en,mrr,256,512,delta,ok,0.14986855974557167
Qwen/Qwen2.5-0.5B,18,0.75,last_token,en,ja,r1,256,512,raw,ok,0.578125
Qwen/Qwen2.5-0.5B,18,0.75,last_token,en,ja,r1,256,512,aligned,ok,0.705078125
Qwen/Qwen2.5-0.5B,18,0.75,last_token,en,ja,r1,256,512,delta,ok,0.126953125
Qwen/Qwen2.5-0.5B,18,0.75,last_token,en,ja,r5,256,512,raw,ok,0.841796875
Qwen/Qwen2.5-0.5B,18,0.75,last_token,en,ja,r5,256,512,aligned,ok,0.916015625
Qwen/Qwen2.5-0.5B,18,0.75,last_token,en,ja,r5,256,512,delta,ok,0.07421875
Qwen/Qwen2.5-0.5B,18,0.75,last_token,en,ja,r10,256,512,raw,ok,0.896484375
Qwen/Qwen2.5-0.5B,18,0.75,last_token,en,ja,r10,256,512,aligned,ok,0.9609375
Qwen/Qwen2.5-0.5B,18,0.75,last_token,en,ja,r10,256,512,delta,ok,0.064453125
Qwen/Qwen2.5-0.5B,18,0.75,last_token,en,ja,mrr,256,512,raw,ok,0.6969668415950719
Qwen/Qwen2.5-0.5B,18,0.75,last_token,en,ja,mrr,256,512,aligned,ok,0.79868073856278
Qwen/Qwen2.5-0.5B,18,0.75,last_token,en,ja,mrr,256,512,delta,ok,0.10171389696770805
Qwen/Qwen2.5-0.5B,18,0.75,last_token,ja,en,r1,256,512,raw,ok,0.44140625
Qwen/Qwen2.5-0.5B,18,0.75,last_token,ja,en,r1,256,512,aligned,ok,0.705078125
Qwen/Qwen2.5-0.5B,18,0.75,last_token,ja,en,r1,256,512,delta,ok,0.263671875
Qwen/Qwen2.5-0.5B,18,0.75,last_token,ja,en,r5,256,512,raw,ok,0.689453125
Qwen/Qwen2.5-0.5B,18,0.75,last_token,ja,en,r5,256,512,aligned,ok,0.888671875
Qwen/Qwen2.5-0.5B,18,0.75,last_token,ja,en,r5,256,512,delta,ok,0.19921875
Qwen/Qwen2.5-0.5B,18,0.75,last_token,ja,en,r10,256,512,raw,ok,0.765625
Qwen/Qwen2.5-0.5B,18,0.75,last_token,ja,en,r10,256,512,aligned,ok,0.939453125
Qwen/Qwen2.5-0.5B,18,0.75,last_token,ja,en,r10,256,512,delta,ok,0.173828125
Qwen/Qwen2.5-0.5B,18,0.75,last_token,ja,en,mrr,256,512,raw,ok,0.5529439665511563
Qwen/Qwen2.5-0.5B,18,0.75,last_token,ja,en,mrr,256,512,aligned,ok,0.7904167956509852
Qwen/Qwen2.5-0.5B,18,0.75,last_token,ja,en,mrr,256,512,delta,ok,0.23747282909982892
Qwen/Qwen2.5-0.5B,18,0.75,last_token,en,zh,r1,256,512,raw,ok,0.7109375
Qwen/Qwen2.5-0.5B,18,0.75,last_token,en,zh,r1,256,512,aligned,ok,0.744140625
Qwen/Qwen2.5-0.5B,18,0.75,last_token,en,zh,r1,256,512,delta,ok,0.033203125
Qwen/Qwen2.5-0.5B,18,0.75,last_token,en,zh,r5,256,512,raw,ok,0.83203125
Qwen/Qwen2.5-0.5B,18,0.75,last_token,en,zh,r5,256,512,aligned,ok,0.90234375
Qwen/Qwen2.5-0.5B,18,0.75,last_token,en,zh,r5,256,512,delta,ok,0.0703125
Qwen/Qwen2.5-0.5B,18,0.75,last_token,en,zh,r10,256,512,raw,ok,0.876953125
Qwen/Qwen2.5-0.5B,18,0.75,last_token,en,zh,r10,256,512,aligned,ok,0.93359375
Qwen/Qwen2.5-0.5B,18,0.75,last_token,en,zh,r10,256,512,delta,ok,0.056640625
Qwen/Qwen2.5-0.5B,18,0.75,last_token,en,zh,mrr,256,512,raw,ok,0.7687554492070345
Qwen/Qwen2.5-0.5B,18,0.75,last_token,en,zh,mrr,256,512,aligned,ok,0.8159376419507067
Qwen/Qwen2.5-0.5B,18,0.75,last_token,en,zh,mrr,256,512,delta,ok,0.04718219274367219
Qwen/Qwen2.5-0.5B,18,0.75,last_token,zh,en,r1,256,512,raw,ok,0.67578125
Qwen/Qwen2.5-0.5B,18,0.75,last_token,zh,en,r1,256,512,aligned,ok,0.75
Qwen/Qwen2.5-0.5B,18,0.75,last_token,zh,en,r1,256,512,delta,ok,0.07421875
Qwen/Qwen2.5-0.5B,18,0.75,last_token,zh,en,r5,256,512,raw,ok,0.84765625
Qwen/Qwen2.5-0.5B,18,0.75,last_token,zh,en,r5,256,512,aligned,ok,0.890625
Qwen/Qwen2.5-0.5B,18,0.75,last_token,zh,en,r5,256,512,delta,ok,0.04296875
Qwen/Qwen2.5-0.5B,18,0.75,last_token,zh,en,r10,256,512,raw,ok,0.88671875
Qwen/Qwen2.5-0.5B,18,0.75,last_token,zh,en,r10,256,512,aligned,ok,0.93359375
Qwen/Qwen2.5-0.5B,18,0.75,last_token,zh,en,r10,256,512,delta,ok,0.046875
Qwen/Qwen2.5-0.5B,18,0.75,last_token,zh,en,mrr,256,512,raw,ok,0.7497966133478409
Qwen/Qwen2.5-0.5B,18,0.75,last_token,zh,en,mrr,256,512,aligned,ok,0.8187504644840091
Qwen/Qwen2.5-0.5B,18,0.75,last_token,zh,en,mrr,256,512,delta,ok,0.06895385113616825
Qwen/Qwen2.5-0.5B,18,0.75,last_token,ko,ja,r1,256,512,raw,ok,0.671875
Qwen/Qwen2.5-0.5B,18,0.75,last_token,ko,ja,r1,256,512,aligned,ok,0.681640625
Qwen/Qwen2.5-0.5B,18,0.75,last_token,ko,ja,r1,256,512,delta,ok,0.009765625
Qwen/Qwen2.5-0.5B,18,0.75,last_token,ko,ja,r5,256,512,raw,ok,0.85546875
Qwen/Qwen2.5-0.5B,18,0.75,last_token,ko,ja,r5,256,512,aligned,ok,0.84375
Qwen/Qwen2.5-0.5B,18,0.75,last_token,ko,ja,r5,256,512,delta,ok,-0.01171875
Qwen/Qwen2.5-0.5B,18,0.75,last_token,ko,ja,r10,256,512,raw,ok,0.888671875
Qwen/Qwen2.5-0.5B,18,0.75,last_token,ko,ja,r10,256,512,aligned,ok,0.892578125
Qwen/Qwen2.5-0.5B,18,0.75,last_token,ko,ja,r10,256,512,delta,ok,0.00390625
Qwen/Qwen2.5-0.5B,18,0.75,last_token,ko,ja,mrr,256,512,raw,ok,0.7544659817702188
Qwen/Qwen2.5-0.5B,18,0.75,last_token,ko,ja,mrr,256,512,aligned,ok,0.7602603642571004
Qwen/Qwen2.5-0.5B,18,0.75,last_token,ko,ja,mrr,256,512,delta,ok,0.005794382486881577
Qwen/Qwen2.5-0.5B,18,0.75,last_token,ja,ko,r1,256,512,raw,ok,0.634765625
Qwen/Qwen2.5-0.5B,18,0.75,last_token,ja,ko,r1,256,512,aligned,ok,0.669921875
Qwen/Qwen2.5-0.5B,18,0.75,last_token,ja,ko,r1,256,512,delta,ok,0.03515625
Qwen/Qwen2.5-0.5B,18,0.75,last_token,ja,ko,r5,256,512,raw,ok,0.80859375
Qwen/Qwen2.5-0.5B,18,0.75,last_token,ja,ko,r5,256,512,aligned,ok,0.857421875
Qwen/Qwen2.5-0.5B,18,0.75,last_token,ja,ko,r5,256,512,delta,ok,0.048828125
Qwen/Qwen2.5-0.5B,18,0.75,last_token,ja,ko,r10,256,512,raw,ok,0.865234375
Qwen/Qwen2.5-0.5B,18,0.75,last_token,ja,ko,r10,256,512,aligned,ok,0.8984375
Qwen/Qwen2.5-0.5B,18,0.75,last_token,ja,ko,r10,256,512,delta,ok,0.033203125
Qwen/Qwen2.5-0.5B,18,0.75,last_token,ja,ko,mrr,256,512,raw,ok,0.7124816259463531
Qwen/Qwen2.5-0.5B,18,0.75,last_token,ja,ko,mrr,256,512,aligned,ok,0.7531937945732006
Qwen/Qwen2.5-0.5B,18,0.75,last_token,ja,ko,mrr,256,512,delta,ok,0.040712168626847456
Qwen/Qwen2.5-0.5B,18,0.75,last_token,ko,zh,r1,256,512,raw,ok,0.392578125
Qwen/Qwen2.5-0.5B,18,0.75,last_token,ko,zh,r1,256,512,aligned,ok,0.474609375
Qwen/Qwen2.5-0.5B,18,0.75,last_token,ko,zh,r1,256,512,delta,ok,0.08203125
Qwen/Qwen2.5-0.5B,18,0.75,last_token,ko,zh,r5,256,512,raw,ok,0.5859375
Qwen/Qwen2.5-0.5B,18,0.75,last_token,ko,zh,r5,256,512,aligned,ok,0.724609375
Qwen/Qwen2.5-0.5B,18,0.75,last_token,ko,zh,r5,256,512,delta,ok,0.138671875
Qwen/Qwen2.5-0.5B,18,0.75,last_token,ko,zh,r10,256,512,raw,ok,0.634765625
Qwen/Qwen2.5-0.5B,18,0.75,last_token,ko,zh,r10,256,512,aligned,ok,0.806640625
Qwen/Qwen2.5-0.5B,18,0.75,last_token,ko,zh,r10,256,512,delta,ok,0.171875
Qwen/Qwen2.5-0.5B,18,0.75,last_token,ko,zh,mrr,256,512,raw,ok,0.48195420027980795
Qwen/Qwen2.5-0.5B,18,0.75,last_token,ko,zh,mrr,256,512,aligned,ok,0.5896094536460791
Qwen/Qwen2.5-0.5B,18,0.75,last_token,ko,zh,mrr,256,512,delta,ok,0.10765525336627113
Qwen/Qwen2.5-0.5B,18,0.75,last_token,zh,ko,r1,256,512,raw,ok,0.54296875
Qwen/Qwen2.5-0.5B,18,0.75,last_token,zh,ko,r1,256,512,aligned,ok,0.51171875
Qwen/Qwen2.5-0.5B,18,0.75,last_token,zh,ko,r1,256,512,delta,ok,-0.03125
Qwen/Qwen2.5-0.5B,18,0.75,last_token,zh,ko,r5,256,512,raw,ok,0.759765625
Qwen/Qwen2.5-0.5B,18,0.75,last_token,zh,ko,r5,256,512,aligned,ok,0.74609375
Qwen/Qwen2.5-0.5B,18,0.75,last_token,zh,ko,r5,256,512,delta,ok,-0.013671875
Qwen/Qwen2.5-0.5B,18,0.75,last_token,zh,ko,r10,256,512,raw,ok,0.814453125
Qwen/Qwen2.5-0.5B,18,0.75,last_token,zh,ko,r10,256,512,aligned,ok,0.810546875
Qwen/Qwen2.5-0.5B,18,0.75,last_token,zh,ko,r10,256,512,delta,ok,-0.00390625
Qwen/Qwen2.5-0.5B,18,0.75,last_token,zh,ko,mrr,256,512,raw,ok,0.6328728626349807
Qwen/Qwen2.5-0.5B,18,0.75,last_token,zh,ko,mrr,256,512,aligned,ok,0.6149658671971804
Qwen/Qwen2.5-0.5B,18,0.75,last_token,zh,ko,mrr,256,512,delta,ok,-0.017906995437800277
Qwen/Qwen2.5-0.5B,18,0.75,last_token,ja,zh,r1,256,512,raw,ok,0.482421875
Qwen/Qwen2.5-0.5B,18,0.75,last_token,ja,zh,r1,256,512,aligned,ok,0.66796875
Qwen/Qwen2.5-0.5B,18,0.75,last_token,ja,zh,r1,256,512,delta,ok,0.185546875
Qwen/Qwen2.5-0.5B,18,0.75,last_token,ja,zh,r5,256,512,raw,ok,0.646484375
Qwen/Qwen2.5-0.5B,18,0.75,last_token,ja,zh,r5,256,512,aligned,ok,0.87890625
Qwen/Qwen2.5-0.5B,18,0.75,last_token,ja,zh,r5,256,512,delta,ok,0.232421875
Qwen/Qwen2.5-0.5B,18,0.75,last_token,ja,zh,r10,256,512,raw,ok,0.708984375
Qwen/Qwen2.5-0.5B,18,0.75,last_token,ja,zh,r10,256,512,aligned,ok,0.923828125
Qwen/Qwen2.5-0.5B,18,0.75,last_token,ja,zh,r10,256,512,delta,ok,0.21484375
Qwen/Qwen2.5-0.5B,18,0.75,last_token,ja,zh,mrr,256,512,raw,ok,0.5630932342315973
Qwen/Qwen2.5-0.5B,18,0.75,last_token,ja,zh,mrr,256,512,aligned,ok,0.7636603309762339
Qwen/Qwen2.5-0.5B,18,0.75,last_token,ja,zh,mrr,256,512,delta,ok,0.20056709674463657
Qwen/Qwen2.5-0.5B,18,0.75,last_token,zh,ja,r1,256,512,raw,ok,0.513671875
Qwen/Qwen2.5-0.5B,18,0.75,last_token,zh,ja,r1,256,512,aligned,ok,0.6796875
Qwen/Qwen2.5-0.5B,18,0.75,last_token,zh,ja,r1,256,512,delta,ok,0.166015625
Qwen/Qwen2.5-0.5B,18,0.75,last_token,zh,ja,r5,256,512,raw,ok,0.7578125
Qwen/Qwen2.5-0.5B,18,0.75,last_token,zh,ja,r5,256,512,aligned,ok,0.8828125
Qwen/Qwen2.5-0.5B,18,0.75,last_token,zh,ja,r5,256,512,delta,ok,0.125
Qwen/Qwen2.5-0.5B,18,0.75,last_token,zh,ja,r10,256,512,raw,ok,0.833984375
Qwen/Qwen2.5-0.5B,18,0.75,last_token,zh,ja,r10,256,512,aligned,ok,0.9296875
Qwen/Qwen2.5-0.5B,18,0.75,last_token,zh,ja,r10,256,512,delta,ok,0.095703125
Qwen/Qwen2.5-0.5B,18,0.75,last_token,zh,ja,mrr,256,512,raw,ok,0.6281705166219342
Qwen/Qwen2.5-0.5B,18,0.75,last_token,zh,ja,mrr,256,512,aligned,ok,0.7712665894760066
Qwen/Qwen2.5-0.5B,18,0.75,last_token,zh,ja,mrr,256,512,delta,ok,0.14309607285407233
Qwen/Qwen2.5-0.5B,19,0.7916666666666666,last_token,en,ko,r1,256,512,raw,ok,0.39453125
Qwen/Qwen2.5-0.5B,19,0.7916666666666666,last_token,en,ko,r1,256,512,aligned,ok,0.552734375
Qwen/Qwen2.5-0.5B,19,0.7916666666666666,last_token,en,ko,r1,256,512,delta,ok,0.158203125
Qwen/Qwen2.5-0.5B,19,0.7916666666666666,last_token,en,ko,r5,256,512,raw,ok,0.66796875
Qwen/Qwen2.5-0.5B,19,0.7916666666666666,last_token,en,ko,r5,256,512,aligned,ok,0.78125
Qwen/Qwen2.5-0.5B,19,0.7916666666666666,last_token,en,ko,r5,256,512,delta,ok,0.11328125
Qwen/Qwen2.5-0.5B,19,0.7916666666666666,last_token,en,ko,r10,256,512,raw,ok,0.75
Qwen/Qwen2.5-0.5B,19,0.7916666666666666,last_token,en,ko,r10,256,512,aligned,ok,0.849609375
Qwen/Qwen2.5-0.5B,19,0.7916666666666666,last_token,en,ko,r10,256,512,delta,ok,0.099609375
Qwen/Qwen2.5-0.5B,19,0.7916666666666666,last_token,en,ko,mrr,256,512,raw,ok,0.5197880427145947
Qwen/Qwen2.5-0.5B,19,0.7916666666666666,last_token,en,ko,mrr,256,512,aligned,ok,0.6576813859025947
Qwen/Qwen2.5-0.5B,19,0.7916666666666666,last_token,en,ko,mrr,256,512,delta,ok,0.13789334318800006
Qwen/Qwen2.5-0.5B,19,0.7916666666666666,last_token,ko,en,r1,256,512,raw,ok,0.357421875
Qwen/Qwen2.5-0.5B,19,0.7916666666666666,last_token,ko,en,r1,256,512,aligned,ok,0.5234375
Qwen/Qwen2.5-0.5B,19,0.7916666666666666,last_token,ko,en,r1,256,512,delta,ok,0.166015625
Qwen/Qwen2.5-0.5B,19,0.7916666666666666,last_token,ko,en,r5,256,512,raw,ok,0.5859375
Qwen/Qwen2.5-0.5B,19,0.7916666666666666,last_token,ko,en,r5,256,512,aligned,ok,0.75
Qwen/Qwen2.5-0.5B,19,0.7916666666666666,last_token,ko,en,r5,256,512,delta,ok,0.1640625
Qwen/Qwen2.5-0.5B,19,0.7916666666666666,last_token,ko,en,r10,256,512,raw,ok,0.6796875
Qwen/Qwen2.5-0.5B,19,0.7916666666666666,last_token,ko,en,r10,256,512,aligned,ok,0.818359375
Qwen/Qwen2.5-0.5B,19,0.7916666666666666,last_token,ko,en,r10,256,512,delta,ok,0.138671875
Qwen/Qwen2.5-0.5B,19,0.7916666666666666,last_token,ko,en,mrr,256,512,raw,ok,0.4638790109967804
Qwen/Qwen2.5-0.5B,19,0.7916666666666666,last_token,ko,en,mrr,256,512,aligned,ok,0.626633159474975
Qwen/Qwen2.5-0.5B,19,0.7916666666666666,last_token,ko,en,mrr,256,512,delta,ok,0.16275414847819458
Qwen/Qwen2.5-0.5B,19,0.7916666666666666,last_token,en,ja,r1,256,512,raw,ok,0.583984375
Qwen/Qwen2.5-0.5B,19,0.7916666666666666,last_token,en,ja,r1,256,512,aligned,ok,0.75
Qwen/Qwen2.5-0.5B,19,0.7916666666666666,last_token,en,ja,r1,256,512,delta,ok,0.166015625
Qwen/Qwen2.5-0.5B,19,0.7916666666666666,last_token,en,ja,r5,256,512,raw,ok,0.833984375
Qwen/Qwen2.5-0.5B,19,0.7916666666666666,last_token,en,ja,r5,256,512,aligned,ok,0.927734375
Qwen/Qwen2.5-0.5B,19,0.7916666666666666,last_token,en,ja,r5,256,512,delta,ok,0.09375
Qwen/Qwen2.5-0.5B,19,0.7916666666666666,last_token,en,ja,r10,256,512,raw,ok,0.91015625
Qwen/Qwen2.5-0.5B,19,0.7916666666666666,last_token,en,ja,r10,256,512,aligned,ok,0.970703125
Qwen/Qwen2.5-0.5B,19,0.7916666666666666,last_token,en,ja,r10,256,512,delta,ok,0.060546875
Qwen/Qwen2.5-0.5B,19,0.7916666666666666,last_token,en,ja,mrr,256,512,raw,ok,0.7001805559324872
Qwen/Qwen2.5-0.5B,19,0.7916666666666666,last_token,en,ja,mrr,256,512,aligned,ok,0.8291628643065362
Qwen/Qwen2.5-0.5B,19,0.7916666666666666,last_token,en,ja,mrr,256,512,delta,ok,0.128982308374049
Qwen/Qwen2.5-0.5B,19,0.7916666666666666,last_token,ja,en,r1,256,512,raw,ok,0.4296875
Qwen/Qwen2.5-0.5B,19,0.7916666666666666,last_token,ja,en,r1,256,512,aligned,ok,0.720703125
Qwen/Qwen2.5-0.5B,19,0.7916666666666666,last_token,ja,en,r1,256,512,delta,ok,0.291015625
Qwen/Qwen2.5-0.5B,19,0.7916666666666666,last_token,ja,en,r5,256,512,raw,ok,0.693359375
Qwen/Qwen2.5-0.5B,19,0.7916666666666666,last_token,ja,en,r5,256,512,aligned,ok,0.90625
Qwen/Qwen2.5-0.5B,19,0.7916666666666666,last_token,ja,en,r5,256,512,delta,ok,0.212890625
Qwen/Qwen2.5-0.5B,19,0.7916666666666666,last_token,ja,en,r10,256,512,raw,ok,0.771484375
Qwen/Qwen2.5-0.5B,19,0.7916666666666666,last_token,ja,en,r10,256,512,aligned,ok,0.94140625
Qwen/Qwen2.5-0.5B,19,0.7916666666666666,last_token,ja,en,r10,256,512,delta,ok,0.169921875
Qwen/Qwen2.5-0.5B,19,0.7916666666666666,last_token,ja,en,mrr,256,512,raw,ok,0.5456238882476369
Qwen/Qwen2.5-0.5B,19,0.7916666666666666,last_token,ja,en,mrr,256,512,aligned,ok,0.8004773343543952
Qwen/Qwen2.5-0.5B,19,0.7916666666666666,last_token,ja,en,mrr,256,512,delta,ok,0.2548534461067583
Qwen/Qwen2.5-0.5B,19,0.7916666666666666,last_token,en,zh,r1,256,512,raw,ok,0.724609375
Qwen/Qwen2.5-0.5B,19,0.7916666666666666,last_token,en,zh,r1,256,512,aligned,ok,0.74609375
Qwen/Qwen2.5-0.5B,19,0.7916666666666666,last_token,en,zh,r1,256,512,delta,ok,0.021484375
Qwen/Qwen2.5-0.5B,19,0.7916666666666666,last_token,en,zh,r5,256,512,raw,ok,0.857421875
Qwen/Qwen2.5-0.5B,19,0.7916666666666666,last_token,en,zh,r5,256,512,aligned,ok,0.908203125
Qwen/Qwen2.5-0.5B,19,0.7916666666666666,last_token,en,zh,r5,256,512,delta,ok,0.05078125
Qwen/Qwen2.5-0.5B,19,0.7916666666666666,last_token,en,zh,r10,256,512,raw,ok,0.888671875
Qwen/Qwen2.5-0.5B,19,0.7916666666666666,last_token,en,zh,r10,256,512,aligned,ok,0.9296875
Qwen/Qwen2.5-0.5B,19,0.7916666666666666,last_token,en,zh,r10,256,512,delta,ok,0.041015625
Qwen/Qwen2.5-0.5B,19,0.7916666666666666,last_token,en,zh,mrr,256,512,raw,ok,0.7844159970127917
Qwen/Qwen2.5-0.5B,19,0.7916666666666666,last_token,en,zh,mrr,256,512,aligned,ok,0.8219555813522086
Qwen/Qwen2.5-0.5B,19,0.7916666666666666,last_token,en,zh,mrr,256,512,delta,ok,0.03753958433941684
Qwen/Qwen2.5-0.5B,19,0.7916666666666666,last_token,zh,en,r1,256,512,raw,ok,0.67578125
Qwen/Qwen2.5-0.5B,19,0.7916666666666666,last_token,zh,en,r1,256,512,aligned,ok,0.771484375
Qwen/Qwen2.5-0.5B,19,0.7916666666666666,last_token,zh,en,r1,256,512,delta,ok,0.095703125
Qwen/Qwen2.5-0.5B,19,0.7916666666666666,last_token,zh,en,r5,256,512,raw,ok,0.853515625
Qwen/Qwen2.5-0.5B,19,0.7916666666666666,last_token,zh,en,r5,256,512,aligned,ok,0.900390625
Qwen/Qwen2.5-0.5B,19,0.7916666666666666,last_token,zh,en,r5,256,512,delta,ok,0.046875
Qwen/Qwen2.5-0.5B,19,0.7916666666666666,last_token,zh,en,r10,256,512,raw,ok,0.896484375
Qwen/Qwen2.5-0.5B,19,0.7916666666666666,last_token,zh,en,r10,256,512,aligned,ok,0.9375
Qwen/Qwen2.5-0.5B,19,0.7916666666666666,last_token,zh,en,r10,256,512,delta,ok,0.041015625
Qwen/Qwen2.5-0.5B,19,0.7916666666666666,last_token,zh,en,mrr,256,512,raw,ok,0.7569006837718372
Qwen/Qwen2.5-0.5B,19,0.7916666666666666,last_token,zh,en,mrr,256,512,aligned,ok,0.8323561606741686
Qwen/Qwen2.5-0.5B,19,0.7916666666666666,last_token,zh,en,mrr,256,512,delta,ok,0.07545547690233145
Qwen/Qwen2.5-0.5B,19,0.7916666666666666,last_token,ko,ja,r1,256,512,raw,ok,0.66796875
Qwen/Qwen2.5-0.5B,19,0.7916666666666666,last_token,ko,ja,r1,256,512,aligned,ok,0.6796875
Qwen/Qwen2.5-0.5B,19,0.7916666666666666,last_token,ko,ja,r1,256,512,delta,ok,0.01171875
Qwen/Qwen2.5-0.5B,19,0.7916666666666666,last_token,ko,ja,r5,256,512,raw,ok,0.8359375
Qwen/Qwen2.5-0.5B,19,0.7916666666666666,last_token,ko,ja,r5,256,512,aligned,ok,0.849609375
Qwen/Qwen2.5-0.5B,19,0.7916666666666666,last_token,ko,ja,r5,256,512,delta,ok,0.013671875
Qwen/Qwen2.5-0.5B,19,0.7916666666666666,last_token,ko,ja,r10,256,512,raw,ok,0.888671875
Qwen/Qwen2.5-0.5B,19,0.7916666666666666,last_token,ko,ja,r10,256,512,aligned,ok,0.8984375
Qwen/Qwen2.5-0.5B,19,0.7916666666666666,last_token,ko,ja,r10,256,512,delta,ok,0.009765625
Qwen/Qwen2.5-0.5B,19,0.7916666666666666,last_token,ko,ja,mrr,256,512,raw,ok,0.7461623957301242
Qwen/Qwen2.5-0.5B,19,0.7916666666666666,last_token,ko,ja,mrr,256,512,aligned,ok,0.7606698571200325
Qwen/Qwen2.5-0.5B,19,0.7916666666666666,last_token,ko,ja,mrr,256,512,delta,ok,0.014507461389908327
Qwen/Qwen2.5-0.5B,19,0.7916666666666666,last_token,ja,ko,r1,256,512,raw,ok,0.6015625
Qwen/Qwen2.5-0.5B,19,0.7916666666666666,last_token,ja,ko,r1,256,512,aligned,ok,0.685546875
Qwen/Qwen2.5-0.5B,19,0.7916666666666666,last_token,ja,ko,r1,256,512,delta,ok,0.083984375
Qwen/Qwen2.5-0.5B,19,0.7916666666666666,last_token,ja,ko,r5,256,512,raw,ok,0.7890625
Qwen/Qwen2.5-0.5B,19,0.7916666666666666,last_token,ja,ko,r5,256,512,aligned,ok,0.859375
Qwen/Qwen2.5-0.5B,19,0.7916666666666666,last_token,ja,ko,r5,256,512,delta,ok,0.0703125
Qwen/Qwen2.5-0.5B,19,0.7916666666666666,last_token,ja,ko,r10,256,512,raw,ok,0.859375
Qwen/Qwen2.5-0.5B,19,0.7916666666666666,last_token,ja,ko,r10,256,512,aligned,ok,0.89453125
Qwen/Qwen2.5-0.5B,19,0.7916666666666666,last_token,ja,ko,r10,256,512,delta,ok,0.03515625
Qwen/Qwen2.5-0.5B,19,0.7916666666666666,last_token,ja,ko,mrr,256,512,raw,ok,0.6873527335418703
Qwen/Qwen2.5-0.5B,19,0.7916666666666666,last_token,ja,ko,mrr,256,512,aligned,ok,0.7618807983243916
Qwen/Qwen2.5-0.5B,19,0.7916666666666666,last_token,ja,ko,mrr,256,512,delta,ok,0.07452806478252127
Qwen/Qwen2.5-0.5B,19,0.7916666666666666,last_token,ko,zh,r1,256,512,raw,ok,0.380859375
Qwen/Qwen2.5-0.5B,19,0.7916666666666666,last_token,ko,zh,r1,256,512,aligned,ok,0.5
Qwen/Qwen2.5-0.5B,19,0.7916666666666666,last_token,ko,zh,r1,256,512,delta,ok,0.119140625
Qwen/Qwen2.5-0.5B,19,0.7916666666666666,last_token,ko,zh,r5,256,512,raw,ok,0.58203125
Qwen/Qwen2.5-0.5B,19,0.7916666666666666,last_token,ko,zh,r5,256,512,aligned,ok,0.732421875
Qwen/Qwen2.5-0.5B,19,0.7916666666666666,last_token,ko,zh,r5,256,512,delta,ok,0.150390625
Qwen/Qwen2.5-0.5B,19,0.7916666666666666,last_token,ko,zh,r10,256,512,raw,ok,0.64453125
Qwen/Qwen2.5-0.5B,19,0.7916666666666666,last_token,ko,zh,r10,256,512,aligned,ok,0.8125
Qwen/Qwen2.5-0.5B,19,0.7916666666666666,last_token,ko,zh,r10,256,512,delta,ok,0.16796875
Qwen/Qwen2.5-0.5B,19,0.7916666666666666,last_token,ko,zh,mrr,256,512,raw,ok,0.4747932298521586
Qwen/Qwen2.5-0.5B,19,0.7916666666666666,last_token,ko,zh,mrr,256,512,aligned,ok,0.6062572803398589
Qwen/Qwen2.5-0.5B,19,0.7916666666666666,last_token,ko,zh,mrr,256,512,delta,ok,0.13146405048770032
Qwen/Qwen2.5-0.5B,19,0.7916666666666666,last_token,zh,ko,r1,256,512,raw,ok,0.39453125
Qwen/Qwen2.5-0.5B,19,0.7916666666666666,last_token,zh,ko,r1,256,512,aligned,ok,0.51953125
Qwen/Qwen2.5-0.5B,19,0.7916666666666666,last_token,zh,ko,r1,256,512,delta,ok,0.125
Qwen/Qwen2.5-0.5B,19,0.7916666666666666,last_token,zh,ko,r5,256,512,raw,ok,0.626953125
Qwen/Qwen2.5-0.5B,19,0.7916666666666666,last_token,zh,ko,r5,256,512,aligned,ok,0.74609375
Qwen/Qwen2.5-0.5B,19,0.7916666666666666,last_token,zh,ko,r5,256,512,delta,ok,0.119140625
Qwen/Qwen2.5-0.5B,19,0.7916666666666666,last_token,zh,ko,r10,256,512,raw,ok,0.732421875
Qwen/Qwen2.5-0.5B,19,0.7916666666666666,last_token,zh,ko,r10,256,512,aligned,ok,0.814453125
Qwen/Qwen2.5-0.5B,19,0.7916666666666666,last_token,zh,ko,r10,256,512,delta,ok,0.08203125
Qwen/Qwen2.5-0.5B,19,0.7916666666666666,last_token,zh,ko,mrr,256,512,raw,ok,0.50934949904841
Qwen/Qwen2.5-0.5B,19,0.7916666666666666,last_token,zh,ko,mrr,256,512,aligned,ok,0.6201802808632114
Qwen/Qwen2.5-0.5B,19,0.7916666666666666,last_token,zh,ko,mrr,256,512,delta,ok,0.11083078181480144
Qwen/Qwen2.5-0.5B,19,0.7916666666666666,last_token,ja,zh,r1,256,512,raw,ok,0.46484375
Qwen/Qwen2.5-0.5B,19,0.7916666666666666,last_token,ja,zh,r1,256,512,aligned,ok,0.6953125
Qwen/Qwen2.5-0.5B,19,0.7916666666666666,last_token,ja,zh,r1,256,512,delta,ok,0.23046875
Qwen/Qwen2.5-0.5B,19,0.7916666666666666,last_token,ja,zh,r5,256,512,raw,ok,0.658203125
Qwen/Qwen2.5-0.5B,19,0.7916666666666666,last_token,ja,zh,r5,256,512,aligned,ok,0.896484375
Qwen/Qwen2.5-0.5B,19,0.7916666666666666,last_token,ja,zh,r5,256,512,delta,ok,0.23828125
Qwen/Qwen2.5-0.5B,19,0.7916666666666666,last_token,ja,zh,r10,256,512,raw,ok,0.708984375
Qwen/Qwen2.5-0.5B,19,0.7916666666666666,last_token,ja,zh,r10,256,512,aligned,ok,0.93359375
Qwen/Qwen2.5-0.5B,19,0.7916666666666666,last_token,ja,zh,r10,256,512,delta,ok,0.224609375
Qwen/Qwen2.5-0.5B,19,0.7916666666666666,last_token,ja,zh,mrr,256,512,raw,ok,0.5580083341874056
Qwen/Qwen2.5-0.5B,19,0.7916666666666666,last_token,ja,zh,mrr,256,512,aligned,ok,0.7825227557944003
Qwen/Qwen2.5-0.5B,19,0.7916666666666666,last_token,ja,zh,mrr,256,512,delta,ok,0.22451442160699475
Qwen/Qwen2.5-0.5B,19,0.7916666666666666,last_token,zh,ja,r1,256,512,raw,ok,0.4921875
Qwen/Qwen2.5-0.5B,19,0.7916666666666666,last_token,zh,ja,r1,256,512,aligned,ok,0.69921875
Qwen/Qwen2.5-0.5B,19,0.7916666666666666,last_token,zh,ja,r1,256,512,delta,ok,0.20703125
Qwen/Qwen2.5-0.5B,19,0.7916666666666666,last_token,zh,ja,r5,256,512,raw,ok,0.744140625
Qwen/Qwen2.5-0.5B,19,0.7916666666666666,last_token,zh,ja,r5,256,512,aligned,ok,0.90625
Qwen/Qwen2.5-0.5B,19,0.7916666666666666,last_token,zh,ja,r5,256,512,delta,ok,0.162109375
Qwen/Qwen2.5-0.5B,19,0.7916666666666666,last_token,zh,ja,r10,256,512,raw,ok,0.826171875
Qwen/Qwen2.5-0.5B,19,0.7916666666666666,last_token,zh,ja,r10,256,512,aligned,ok,0.9453125
Qwen/Qwen2.5-0.5B,19,0.7916666666666666,last_token,zh,ja,r10,256,512,delta,ok,0.119140625
Qwen/Qwen2.5-0.5B,19,0.7916666666666666,last_token,zh,ja,mrr,256,512,raw,ok,0.6053047845369053
Qwen/Qwen2.5-0.5B,19,0.7916666666666666,last_token,zh,ja,mrr,256,512,aligned,ok,0.7899212189876108
Qwen/Qwen2.5-0.5B,19,0.7916666666666666,last_token,zh,ja,mrr,256,512,delta,ok,0.18461643445070552
Qwen/Qwen2.5-0.5B,20,0.8333333333333334,last_token,en,ko,r1,256,512,raw,ok,0.380859375
Qwen/Qwen2.5-0.5B,20,0.8333333333333334,last_token,en,ko,r1,256,512,aligned,ok,0.53515625
Qwen/Qwen2.5-0.5B,20,0.8333333333333334,last_token,en,ko,r1,256,512,delta,ok,0.154296875
Qwen/Qwen2.5-0.5B,20,0.8333333333333334,last_token,en,ko,r5,256,512,raw,ok,0.689453125
Qwen/Qwen2.5-0.5B,20,0.8333333333333334,last_token,en,ko,r5,256,512,aligned,ok,0.765625
Qwen/Qwen2.5-0.5B,20,0.8333333333333334,last_token,en,ko,r5,256,512,delta,ok,0.076171875
Qwen/Qwen2.5-0.5B,20,0.8333333333333334,last_token,en,ko,r10,256,512,raw,ok,0.76171875
Qwen/Qwen2.5-0.5B,20,0.8333333333333334,last_token,en,ko,r10,256,512,aligned,ok,0.837890625
Qwen/Qwen2.5-0.5B,20,0.8333333333333334,last_token,en,ko,r10,256,512,delta,ok,0.076171875
Qwen/Qwen2.5-0.5B,20,0.8333333333333334,last_token,en,ko,mrr,256,512,raw,ok,0.5171607465915574
Qwen/Qwen2.5-0.5B,20,0.8333333333333334,last_token,en,ko,mrr,256,512,aligned,ok,0.643186252119108
Qwen/Qwen2.5-0.5B,20,0.8333333333333334,last_token,en,ko,mrr,256,512,delta,ok,0.12602550552755054
Qwen/Qwen2.5-0.5B,20,0.8333333333333334,last_token,ko,en,r1,256,512,raw,ok,0.302734375
Qwen/Qwen2.5-0.5B,20,0.8333333333333334,last_token,ko,en,r1,256,512,aligned,ok,0.5078125
Qwen/Qwen2.5-0.5B,20,0.8333333333333334,last_token,ko,en,r1,256,512,delta,ok,0.205078125
Qwen/Qwen2.5-0.5B,20,0.8333333333333334,last_token,ko,en,r5,256,512,raw,ok,0.494140625
Qwen/Qwen2.5-0.5B,20,0.8333333333333334,last_token,ko,en,r5,256,512,aligned,ok,0.734375
Qwen/Qwen2.5-0.5B,20,0.8333333333333334,last_token,ko,en,r5,256,512,delta,ok,0.240234375
Qwen/Qwen2.5-0.5B,20,0.8333333333333334,last_token,ko,en,r10,256,512,raw,ok,0.591796875
Qwen/Qwen2.5-0.5B,20,0.8333333333333334,last_token,ko,en,r10,256,512,aligned,ok,0.80859375
Qwen/Qwen2.5-0.5B,20,0.8333333333333334,last_token,ko,en,r10,256,512,delta,ok,0.216796875
Qwen/Qwen2.5-0.5B,20,0.8333333333333334,last_token,ko,en,mrr,256,512,raw,ok,0.3947049240376588
Qwen/Qwen2.5-0.5B,20,0.8333333333333334,last_token,ko,en,mrr,256,512,aligned,ok,0.6112835985987692
Qwen/Qwen2.5-0.5B,20,0.8333333333333334,last_token,ko,en,mrr,256,512,delta,ok,0.21657867456111046
Qwen/Qwen2.5-0.5B,20,0.8333333333333334,last_token,en,ja,r1,256,512,raw,ok,0.630859375
Qwen/Qwen2.5-0.5B,20,0.8333333333333334,last_token,en,ja,r1,256,512,aligned,ok,0.7265625
Qwen/Qwen2.5-0.5B,20,0.8333333333333334,last_token,en,ja,r1,256,512,delta,ok,0.095703125
Qwen/Qwen2.5-0.5B,20,0.8333333333333334,last_token,en,ja,r5,256,512,raw,ok,0.865234375
Qwen/Qwen2.5-0.5B,20,0.8333333333333334,last_token,en,ja,r5,256,512,aligned,ok,0.916015625
Qwen/Qwen2.5-0.5B,20,0.8333333333333334,last_token,en,ja,r5,256,512,delta,ok,0.05078125
Qwen/Qwen2.5-0.5B,20,0.8333333333333334,last_token,en,ja,r10,256,512,raw,ok,0.921875
Qwen/Qwen2.5-0.5B,20,0.8333333333333334,last_token,en,ja,r10,256,512,aligned,ok,0.95703125
Qwen/Qwen2.5-0.5B,20,0.8333333333333334,last_token,en,ja,r10,256,512,delta,ok,0.03515625
Qwen/Qwen2.5-0.5B,20,0.8333333333333334,last_token,en,ja,mrr,256,512,raw,ok,0.7331602988303181
Qwen/Qwen2.5-0.5B,20,0.8333333333333334,last_token,en,ja,mrr,256,512,aligned,ok,0.8115005427169046
Qwen/Qwen2.5-0.5B,20,0.8333333333333334,last_token,en,ja,mrr,256,512,delta,ok,0.07834024388658656
Qwen/Qwen2.5-0.5B,20,0.8333333333333334,last_token,ja,en,r1,256,512,raw,ok,0.33203125
Qwen/Qwen2.5-0.5B,20,0.8333333333333334,last_token,ja,en,r1,256,512,aligned,ok,0.701171875
Qwen/Qwen2.5-0.5B,20,0.8333333333333334,last_token,ja,en,r1,256,512,delta,ok,0.369140625
Qwen/Qwen2.5-0.5B,20,0.8333333333333334,last_token,ja,en,r5,256,512,raw,ok,0.572265625
Qwen/Qwen2.5-0.5B,20,0.8333333333333334,last_token,ja,en,r5,256,512,aligned,ok,0.884765625
Qwen/Qwen2.5-0.5B,20,0.8333333333333334,last_token,ja,en,r5,256,512,delta,ok,0.3125
Qwen/Qwen2.5-0.5B,20,0.8333333333333334,last_token,ja,en,r10,256,512,raw,ok,0.6640625
Qwen/Qwen2.5-0.5B,20,0.8333333333333334,last_token,ja,en,r10,256,512,aligned,ok,0.931640625
Qwen/Qwen2.5-0.5B,20,0.8333333333333334,last_token,ja,en,r10,256,512,delta,ok,0.267578125
Qwen/Qwen2.5-0.5B,20,0.8333333333333334,last_token,ja,en,mrr,256,512,raw,ok,0.445415218296919
Qwen/Qwen2.5-0.5B,20,0.8333333333333334,last_token,ja,en,mrr,256,512,aligned,ok,0.7807925395774052
Qwen/Qwen2.5-0.5B,20,0.8333333333333334,last_token,ja,en,mrr,256,512,delta,ok,0.33537732128048625
Qwen/Qwen2.5-0.5B,20,0.8333333333333334,last_token,en,zh,r1,256,512,raw,ok,0.71875
Qwen/Qwen2.5-0.5B,20,0.8333333333333334,last_token,en,zh,r1,256,512,aligned,ok,0.765625
Qwen/Qwen2.5-0.5B,20,0.8333333333333334,last_token,en,zh,r1,256,512,delta,ok,0.046875
Qwen/Qwen2.5-0.5B,20,0.8333333333333334,last_token,en,zh,r5,256,512,raw,ok,0.873046875
Qwen/Qwen2.5-0.5B,20,0.8333333333333334,last_token,en,zh,r5,256,512,aligned,ok,0.916015625
Qwen/Qwen2.5-0.5B,20,0.8333333333333334,last_token,en,zh,r5,256,512,delta,ok,0.04296875
Qwen/Qwen2.5-0.5B,20,0.8333333333333334,last_token,en,zh,r10,256,512,raw,ok,0.91796875
Qwen/Qwen2.5-0.5B,20,0.8333333333333334,last_token,en,zh,r10,256,512,aligned,ok,0.935546875
Qwen/Qwen2.5-0.5B,20,0.8333333333333334,last_token,en,zh,r10,256,512,delta,ok,0.017578125
Qwen/Qwen2.5-0.5B,20,0.8333333333333334,last_token,en,zh,mrr,256,512,raw,ok,0.7878000848410615
Qwen/Qwen2.5-0.5B,20,0.8333333333333334,last_token,en,zh,mrr,256,512,aligned,ok,0.832730630432559
Qwen/Qwen2.5-0.5B,20,0.8333333333333334,last_token,en,zh,mrr,256,512,delta,ok,0.04493054559149756
Qwen/Qwen2.5-0.5B,20,0.8333333333333334,last_token,zh,en,r1,256,512,raw,ok,0.615234375
Qwen/Qwen2.5-0.5B,20,0.8333333333333334,last_token,zh,en,r1,256,512,aligned,ok,0.763671875
Qwen/Qwen2.5-0.5B,20,0.8333333333333334,last_token,zh,en,r1,256,512,delta,ok,0.1484375
Qwen/Qwen2.5-0.5B,20,0.8333333333333334,last_token,zh,en,r5,256,512,raw,ok,0.8125
Qwen/Qwen2.5-0.5B,20,0.8333333333333334,last_token,zh,en,r5,256,512,aligned,ok,0.908203125
Qwen/Qwen2.5-0.5B,20,0.8333333333333334,last_token,zh,en,r5,256,512,delta,ok,0.095703125
Qwen/Qwen2.5-0.5B,20,0.8333333333333334,last_token,zh,en,r10,256,512,raw,ok,0.865234375
Qwen/Qwen2.5-0.5B,20,0.8333333333333334,last_token,zh,en,r10,256,512,aligned,ok,0.9375
Qwen/Qwen2.5-0.5B,20,0.8333333333333334,last_token,zh,en,r10,256,512,delta,ok,0.072265625
Qwen/Qwen2.5-0.5B,20,0.8333333333333334,last_token,zh,en,mrr,256,512,raw,ok,0.7012259746294869
Qwen/Qwen2.5-0.5B,20,0.8333333333333334,last_token,zh,en,mrr,256,512,aligned,ok,0.830896851604414
Qwen/Qwen2.5-0.5B,20,0.8333333333333334,last_token,zh,en,mrr,256,512,delta,ok,0.12967087697492707
Qwen/Qwen2.5-0.5B,20,0.8333333333333334,last_token,ko,ja,r1,256,512,raw,ok,0.609375
Qwen/Qwen2.5-0.5B,20,0.8333333333333334,last_token,ko,ja,r1,256,512,aligned,ok,0.681640625
Qwen/Qwen2.5-0.5B,20,0.8333333333333334,last_token,ko,ja,r1,256,512,delta,ok,0.072265625
Qwen/Qwen2.5-0.5B,20,0.8333333333333334,last_token,ko,ja,r5,256,512,raw,ok,0.81640625
Qwen/Qwen2.5-0.5B,20,0.8333333333333334,last_token,ko,ja,r5,256,512,aligned,ok,0.84765625
Qwen/Qwen2.5-0.5B,20,0.8333333333333334,last_token,ko,ja,r5,256,512,delta,ok,0.03125
Qwen/Qwen2.5-0.5B,20,0.8333333333333334,last_token,ko,ja,r10,256,512,raw,ok,0.87890625
Qwen/Qwen2.5-0.5B,20,0.8333333333333334,last_token,ko,ja,r10,256,512,aligned,ok,0.890625
Qwen/Qwen2.5-0.5B,20,0.8333333333333334,last_token,ko,ja,r10,256,512,delta,ok,0.01171875
Qwen/Qwen2.5-0.5B,20,0.8333333333333334,last_token,ko,ja,mrr,256,512,raw,ok,0.7041673432807956
Qwen/Qwen2.5-0.5B,20,0.8333333333333334,last_token,ko,ja,mrr,256,512,aligned,ok,0.757036832577971
Qwen/Qwen2.5-0.5B,20,0.8333333333333334,last_token,ko,ja,mrr,256,512,delta,ok,0.0528694892971755
Qwen/Qwen2.5-0.5B,20,0.8333333333333334,last_token,ja,ko,r1,256,512,raw,ok,0.4765625
Qwen/Qwen2.5-0.5B,20,0.8333333333333334,last_token,ja,ko,r1,256,512,aligned,ok,0.67578125
Qwen/Qwen2.5-0.5B,20,0.8333333333333334,last_token,ja,ko,r1,256,512,delta,ok,0.19921875
Qwen/Qwen2.5-0.5B,20,0.8333333333333334,last_token,ja,ko,r5,256,512,raw,ok,0.748046875
Qwen/Qwen2.5-0.5B,20,0.8333333333333334,last_token,ja,ko,r5,256,512,aligned,ok,0.853515625
Qwen/Qwen2.5-0.5B,20,0.8333333333333334,last_token,ja,ko,r5,256,512,delta,ok,0.10546875
Qwen/Qwen2.5-0.5B,20,0.8333333333333334,last_token,ja,ko,r10,256,512,raw,ok,0.82421875
Qwen/Qwen2.5-0.5B,20,0.8333333333333334,last_token,ja,ko,r10,256,512,aligned,ok,0.8984375
Qwen/Qwen2.5-0.5B,20,0.8333333333333334,last_token,ja,ko,r10,256,512,delta,ok,0.07421875
Qwen/Qwen2.5-0.5B,20,0.8333333333333334,last_token,ja,ko,mrr,256,512,raw,ok,0.5968256218901036
Qwen/Qwen2.5-0.5B,20,0.8333333333333334,last_token,ja,ko,mrr,256,512,aligned,ok,0.7538094205666925
Qwen/Qwen2.5-0.5B,20,0.8333333333333334,last_token,ja,ko,mrr,256,512,delta,ok,0.15698379867658896
Qwen/Qwen2.5-0.5B,20,0.8333333333333334,last_token,ko,zh,r1,256,512,raw,ok,0.30078125
Qwen/Qwen2.5-0.5B,20,0.8333333333333334,last_token,ko,zh,r1,256,512,aligned,ok,0.478515625
Qwen/Qwen2.5-0.5B,20,0.8333333333333334,last_token,ko,zh,r1,256,512,delta,ok,0.177734375
Qwen/Qwen2.5-0.5B,20,0.8333333333333334,last_token,ko,zh,r5,256,512,raw,ok,0.54296875
Qwen/Qwen2.5-0.5B,20,0.8333333333333334,last_token,ko,zh,r5,256,512,aligned,ok,0.748046875
Qwen/Qwen2.5-0.5B,20,0.8333333333333334,last_token,ko,zh,r5,256,512,delta,ok,0.205078125
Qwen/Qwen2.5-0.5B,20,0.8333333333333334,last_token,ko,zh,r10,256,512,raw,ok,0.6484375
Qwen/Qwen2.5-0.5B,20,0.8333333333333334,last_token,ko,zh,r10,256,512,aligned,ok,0.81640625
Qwen/Qwen2.5-0.5B,20,0.8333333333333334,last_token,ko,zh,r10,256,512,delta,ok,0.16796875
Qwen/Qwen2.5-0.5B,20,0.8333333333333334,last_token,ko,zh,mrr,256,512,raw,ok,0.41670674653011053
Qwen/Qwen2.5-0.5B,20,0.8333333333333334,last_token,ko,zh,mrr,256,512,aligned,ok,0.5980955058520744
Qwen/Qwen2.5-0.5B,20,0.8333333333333334,last_token,ko,zh,mrr,256,512,delta,ok,0.18138875932196385
Qwen/Qwen2.5-0.5B,20,0.8333333333333334,last_token,zh,ko,r1,256,512,raw,ok,0.38671875
Qwen/Qwen2.5-0.5B,20,0.8333333333333334,last_token,zh,ko,r1,256,512,aligned,ok,0.517578125
Qwen/Qwen2.5-0.5B,20,0.8333333333333334,last_token,zh,ko,r1,256,512,delta,ok,0.130859375
Qwen/Qwen2.5-0.5B,20,0.8333333333333334,last_token,zh,ko,r5,256,512,raw,ok,0.66796875
Qwen/Qwen2.5-0.5B,20,0.8333333333333334,last_token,zh,ko,r5,256,512,aligned,ok,0.75390625
Qwen/Qwen2.5-0.5B,20,0.8333333333333334,last_token,zh,ko,r5,256,512,delta,ok,0.0859375
Qwen/Qwen2.5-0.5B,20,0.8333333333333334,last_token,zh,ko,r10,256,512,raw,ok,0.732421875
Qwen/Qwen2.5-0.5B,20,0.8333333333333334,last_token,zh,ko,r10,256,512,aligned,ok,0.8203125
Qwen/Qwen2.5-0.5B,20,0.8333333333333334,last_token,zh,ko,r10,256,512,delta,ok,0.087890625
Qwen/Qwen2.5-0.5B,20,0.8333333333333334,last_token,zh,ko,mrr,256,512,raw,ok,0.5123173822356014
Qwen/Qwen2.5-0.5B,20,0.8333333333333334,last_token,zh,ko,mrr,256,512,aligned,ok,0.6254037294971044
Qwen/Qwen2.5-0.5B,20,0.8333333333333334,last_token,zh,ko,mrr,256,512,delta,ok,0.11308634726150302
Qwen/Qwen2.5-0.5B,20,0.8333333333333334,last_token,ja,zh,r1,256,512,raw,ok,0.455078125
Qwen/Qwen2.5-0.5B,20,0.8333333333333334,last_token,ja,zh,r1,256,512,aligned,ok,0.693359375
Qwen/Qwen2.5-0.5B,20,0.8333333333333334,last_token,ja,zh,r1,256,512,delta,ok,0.23828125
Qwen/Qwen2.5-0.5B,20,0.8333333333333334,last_token,ja,zh,r5,256,512,raw,ok,0.66796875
Qwen/Qwen2.5-0.5B,20,0.8333333333333334,last_token,ja,zh,r5,256,512,aligned,ok,0.8828125
Qwen/Qwen2.5-0.5B,20,0.8333333333333334,last_token,ja,zh,r5,256,512,delta,ok,0.21484375
Qwen/Qwen2.5-0.5B,20,0.8333333333333334,last_token,ja,zh,r10,256,512,raw,ok,0.716796875
Qwen/Qwen2.5-0.5B,20,0.8333333333333334,last_token,ja,zh,r10,256,512,aligned,ok,0.931640625
Qwen/Qwen2.5-0.5B,20,0.8333333333333334,last_token,ja,zh,r10,256,512,delta,ok,0.21484375
Qwen/Qwen2.5-0.5B,20,0.8333333333333334,last_token,ja,zh,mrr,256,512,raw,ok,0.554601894056546
Qwen/Qwen2.5-0.5B,20,0.8333333333333334,last_token,ja,zh,mrr,256,512,aligned,ok,0.7785025377469539
Qwen/Qwen2.5-0.5B,20,0.8333333333333334,last_token,ja,zh,mrr,256,512,delta,ok,0.22390064369040785
Qwen/Qwen2.5-0.5B,20,0.8333333333333334,last_token,zh,ja,r1,256,512,raw,ok,0.556640625
Qwen/Qwen2.5-0.5B,20,0.8333333333333334,last_token,zh,ja,r1,256,512,aligned,ok,0.6953125
Qwen/Qwen2.5-0.5B,20,0.8333333333333334,last_token,zh,ja,r1,256,512,delta,ok,0.138671875
Qwen/Qwen2.5-0.5B,20,0.8333333333333334,last_token,zh,ja,r5,256,512,raw,ok,0.806640625
Qwen/Qwen2.5-0.5B,20,0.8333333333333334,last_token,zh,ja,r5,256,512,aligned,ok,0.896484375
Qwen/Qwen2.5-0.5B,20,0.8333333333333334,last_token,zh,ja,r5,256,512,delta,ok,0.08984375
Qwen/Qwen2.5-0.5B,20,0.8333333333333334,last_token,zh,ja,r10,256,512,raw,ok,0.875
Qwen/Qwen2.5-0.5B,20,0.8333333333333334,last_token,zh,ja,r10,256,512,aligned,ok,0.947265625
Qwen/Qwen2.5-0.5B,20,0.8333333333333334,last_token,zh,ja,r10,256,512,delta,ok,0.072265625
Qwen/Qwen2.5-0.5B,20,0.8333333333333334,last_token,zh,ja,mrr,256,512,raw,ok,0.672960398802214
Qwen/Qwen2.5-0.5B,20,0.8333333333333334,last_token,zh,ja,mrr,256,512,aligned,ok,0.7849326959349565
Qwen/Qwen2.5-0.5B,20,0.8333333333333334,last_token,zh,ja,mrr,256,512,delta,ok,0.11197229713274248
Qwen/Qwen2.5-0.5B,21,0.875,last_token,en,ko,r1,256,512,raw,ok,0.5234375
Qwen/Qwen2.5-0.5B,21,0.875,last_token,en,ko,r1,256,512,aligned,ok,0.59765625
Qwen/Qwen2.5-0.5B,21,0.875,last_token,en,ko,r1,256,512,delta,ok,0.07421875
Qwen/Qwen2.5-0.5B,21,0.875,last_token,en,ko,r5,256,512,raw,ok,0.7890625
Qwen/Qwen2.5-0.5B,21,0.875,last_token,en,ko,r5,256,512,aligned,ok,0.82421875
Qwen/Qwen2.5-0.5B,21,0.875,last_token,en,ko,r5,256,512,delta,ok,0.03515625
Qwen/Qwen2.5-0.5B,21,0.875,last_token,en,ko,r10,256,512,raw,ok,0.84375
Qwen/Qwen2.5-0.5B,21,0.875,last_token,en,ko,r10,256,512,aligned,ok,0.876953125
Qwen/Qwen2.5-0.5B,21,0.875,last_token,en,ko,r10,256,512,delta,ok,0.033203125
Qwen/Qwen2.5-0.5B,21,0.875,last_token,en,ko,mrr,256,512,raw,ok,0.6384197569385878
Qwen/Qwen2.5-0.5B,21,0.875,last_token,en,ko,mrr,256,512,aligned,ok,0.6979235170513324
Qwen/Qwen2.5-0.5B,21,0.875,last_token,en,ko,mrr,256,512,delta,ok,0.05950376011274461
Qwen/Qwen2.5-0.5B,21,0.875,last_token,ko,en,r1,256,512,raw,ok,0.283203125
Qwen/Qwen2.5-0.5B,21,0.875,last_token,ko,en,r1,256,512,aligned,ok,0.599609375
Qwen/Qwen2.5-0.5B,21,0.875,last_token,ko,en,r1,256,512,delta,ok,0.31640625
Qwen/Qwen2.5-0.5B,21,0.875,last_token,ko,en,r5,256,512,raw,ok,0.51171875
Qwen/Qwen2.5-0.5B,21,0.875,last_token,ko,en,r5,256,512,aligned,ok,0.8046875
Qwen/Qwen2.5-0.5B,21,0.875,last_token,ko,en,r5,256,512,delta,ok,0.29296875
Qwen/Qwen2.5-0.5B,21,0.875,last_token,ko,en,r10,256,512,raw,ok,0.59375
Qwen/Qwen2.5-0.5B,21,0.875,last_token,ko,en,r10,256,512,aligned,ok,0.876953125
Qwen/Qwen2.5-0.5B,21,0.875,last_token,ko,en,r10,256,512,delta,ok,0.283203125
Qwen/Qwen2.5-0.5B,21,0.875,last_token,ko,en,mrr,256,512,raw,ok,0.39504841056800133
Qwen/Qwen2.5-0.5B,21,0.875,last_token,ko,en,mrr,256,512,aligned,ok,0.6925667158766304
Qwen/Qwen2.5-0.5B,21,0.875,last_token,ko,en,mrr,256,512,delta,ok,0.2975183053086291
Qwen/Qwen2.5-0.5B,21,0.875,last_token,en,ja,r1,256,512,raw,ok,0.59375
Qwen/Qwen2.5-0.5B,21,0.875,last_token,en,ja,r1,256,512,aligned,ok,0.806640625
Qwen/Qwen2.5-0.5B,21,0.875,last_token,en,ja,r1,256,512,delta,ok,0.212890625
Qwen/Qwen2.5-0.5B,21,0.875,last_token,en,ja,r5,256,512,raw,ok,0.85546875
Qwen/Qwen2.5-0.5B,21,0.875,last_token,en,ja,r5,256,512,aligned,ok,0.966796875
Qwen/Qwen2.5-0.5B,21,0.875,last_token,en,ja,r5,256,512,delta,ok,0.111328125
Qwen/Qwen2.5-0.5B,21,0.875,last_token,en,ja,r10,256,512,raw,ok,0.912109375
Qwen/Qwen2.5-0.5B,21,0.875,last_token,en,ja,r10,256,512,aligned,ok,0.990234375
Qwen/Qwen2.5-0.5B,21,0.875,last_token,en,ja,r10,256,512,delta,ok,0.078125
Qwen/Qwen2.5-0.5B,21,0.875,last_token,en,ja,mrr,256,512,raw,ok,0.7123149038173573
Qwen/Qwen2.5-0.5B,21,0.875,last_token,en,ja,mrr,256,512,aligned,ok,0.8772865116815883
Qwen/Qwen2.5-0.5B,21,0.875,last_token,en,ja,mrr,256,512,delta,ok,0.16497160786423104
Qwen/Qwen2.5-0.5B,21,0.875,last_token,ja,en,r1,256,512,raw,ok,0.4765625
Qwen/Qwen2.5-0.5B,21,0.875,last_token,ja,en,r1,256,512,aligned,ok,0.771484375
Qwen/Qwen2.5-0.5B,21,0.875,last_token,ja,en,r1,256,512,delta,ok,0.294921875
Qwen/Qwen2.5-0.5B,21,0.875,last_token,ja,en,r5,256,512,raw,ok,0.748046875
Qwen/Qwen2.5-0.5B,21,0.875,last_token,ja,en,r5,256,512,aligned,ok,0.93359375
Qwen/Qwen2.5-0.5B,21,0.875,last_token,ja,en,r5,256,512,delta,ok,0.185546875
Qwen/Qwen2.5-0.5B,21,0.875,last_token,ja,en,r10,256,512,raw,ok,0.830078125
Qwen/Qwen2.5-0.5B,21,0.875,last_token,ja,en,r10,256,512,aligned,ok,0.95703125
Qwen/Qwen2.5-0.5B,21,0.875,last_token,ja,en,r10,256,512,delta,ok,0.126953125
Qwen/Qwen2.5-0.5B,21,0.875,last_token,ja,en,mrr,256,512,raw,ok,0.5992536372253926
Qwen/Qwen2.5-0.5B,21,0.875,last_token,ja,en,mrr,256,512,aligned,ok,0.8426700639912413
Qwen/Qwen2.5-0.5B,21,0.875,last_token,ja,en,mrr,256,512,delta,ok,0.24341642676584874
Qwen/Qwen2.5-0.5B,21,0.875,last_token,en,zh,r1,256,512,raw,ok,0.837890625
Qwen/Qwen2.5-0.5B,21,0.875,last_token,en,zh,r1,256,512,aligned,ok,0.849609375
Qwen/Qwen2.5-0.5B,21,0.875,last_token,en,zh,r1,256,512,delta,ok,0.01171875
Qwen/Qwen2.5-0.5B,21,0.875,last_token,en,zh,r5,256,512,raw,ok,0.958984375
Qwen/Qwen2.5-0.5B,21,0.875,last_token,en,zh,r5,256,512,aligned,ok,0.951171875
Qwen/Qwen2.5-0.5B,21,0.875,last_token,en,zh,r5,256,512,delta,ok,-0.0078125
Qwen/Qwen2.5-0.5B,21,0.875,last_token,en,zh,r10,256,512,raw,ok,0.974609375
Qwen/Qwen2.5-0.5B,21,0.875,last_token,en,zh,r10,256,512,aligned,ok,0.9765625
Qwen/Qwen2.5-0.5B,21,0.875,last_token,en,zh,r10,256,512,delta,ok,0.001953125
Qwen/Qwen2.5-0.5B,21,0.875,last_token,en,zh,mrr,256,512,raw,ok,0.8911315879456388
Qwen/Qwen2.5-0.5B,21,0.875,last_token,en,zh,mrr,256,512,aligned,ok,0.8959887844258277
Qwen/Qwen2.5-0.5B,21,0.875,last_token,en,zh,mrr,256,512,delta,ok,0.004857196480188897
Qwen/Qwen2.5-0.5B,21,0.875,last_token,zh,en,r1,256,512,raw,ok,0.73828125
Qwen/Qwen2.5-0.5B,21,0.875,last_token,zh,en,r1,256,512,aligned,ok,0.849609375
Qwen/Qwen2.5-0.5B,21,0.875,last_token,zh,en,r1,256,512,delta,ok,0.111328125
Qwen/Qwen2.5-0.5B,21,0.875,last_token,zh,en,r5,256,512,raw,ok,0.927734375
Qwen/Qwen2.5-0.5B,21,0.875,last_token,zh,en,r5,256,512,aligned,ok,0.94921875
Qwen/Qwen2.5-0.5B,21,0.875,last_token,zh,en,r5,256,512,delta,ok,0.021484375
Qwen/Qwen2.5-0.5B,21,0.875,last_token,zh,en,r10,256,512,raw,ok,0.953125
Qwen/Qwen2.5-0.5B,21,0.875,last_token,zh,en,r10,256,512,aligned,ok,0.97265625
Qwen/Qwen2.5-0.5B,21,0.875,last_token,zh,en,r10,256,512,delta,ok,0.01953125
Qwen/Qwen2.5-0.5B,21,0.875,last_token,zh,en,mrr,256,512,raw,ok,0.820328451972764
Qwen/Qwen2.5-0.5B,21,0.875,last_token,zh,en,mrr,256,512,aligned,ok,0.8936568754810003
Qwen/Qwen2.5-0.5B,21,0.875,last_token,zh,en,mrr,256,512,delta,ok,0.0733284235082362
Qwen/Qwen2.5-0.5B,21,0.875,last_token,ko,ja,r1,256,512,raw,ok,0.439453125
Qwen/Qwen2.5-0.5B,21,0.875,last_token,ko,ja,r1,256,512,aligned,ok,0.7578125
Qwen/Qwen2.5-0.5B,21,0.875,last_token,ko,ja,r1,256,512,delta,ok,0.318359375
Qwen/Qwen2.5-0.5B,21,0.875,last_token,ko,ja,r5,256,512,raw,ok,0.69921875
Qwen/Qwen2.5-0.5B,21,0.875,last_token,ko,ja,r5,256,512,aligned,ok,0.884765625
Qwen/Qwen2.5-0.5B,21,0.875,last_token,ko,ja,r5,256,512,delta,ok,0.185546875
Qwen/Qwen2.5-0.5B,21,0.875,last_token,ko,ja,r10,256,512,raw,ok,0.783203125
Qwen/Qwen2.5-0.5B,21,0.875,last_token,ko,ja,r10,256,512,aligned,ok,0.92578125
Qwen/Qwen2.5-0.5B,21,0.875,last_token,ko,ja,r10,256,512,delta,ok,0.142578125
Qwen/Qwen2.5-0.5B,21,0.875,last_token,ko,ja,mrr,256,512,raw,ok,0.558994256277761
Qwen/Qwen2.5-0.5B,21,0.875,last_token,ko,ja,mrr,256,512,aligned,ok,0.8164466751456959
Qwen/Qwen2.5-0.5B,21,0.875,last_token,ko,ja,mrr,256,512,delta,ok,0.2574524188679349
Qwen/Qwen2.5-0.5B,21,0.875,last_token,ja,ko,r1,256,512,raw,ok,0.677734375
Qwen/Qwen2.5-0.5B,21,0.875,last_token,ja,ko,r1,256,512,aligned,ok,0.708984375
Qwen/Qwen2.5-0.5B,21,0.875,last_token,ja,ko,r1,256,512,delta,ok,0.03125
Qwen/Qwen2.5-0.5B,21,0.875,last_token,ja,ko,r5,256,512,raw,ok,0.876953125
Qwen/Qwen2.5-0.5B,21,0.875,last_token,ja,ko,r5,256,512,aligned,ok,0.8828125
Qwen/Qwen2.5-0.5B,21,0.875,last_token,ja,ko,r5,256,512,delta,ok,0.005859375
Qwen/Qwen2.5-0.5B,21,0.875,last_token,ja,ko,r10,256,512,raw,ok,0.900390625
Qwen/Qwen2.5-0.5B,21,0.875,last_token,ja,ko,r10,256,512,aligned,ok,0.923828125
Qwen/Qwen2.5-0.5B,21,0.875,last_token,ja,ko,r10,256,512,delta,ok,0.0234375
Qwen/Qwen2.5-0.5B,21,0.875,last_token,ja,ko,mrr,256,512,raw,ok,0.7651188030163381
Qwen/Qwen2.5-0.5B,21,0.875,last_token,ja,ko,mrr,256,512,aligned,ok,0.7891301559793975
Qwen/Qwen2.5-0.5B,21,0.875,last_token,ja,ko,mrr,256,512,delta,ok,0.02401135296305945
Qwen/Qwen2.5-0.5B,21,0.875,last_token,ko,zh,r1,256,512,raw,ok,0.423828125
Qwen/Qwen2.5-0.5B,21,0.875,last_token,ko,zh,r1,256,512,aligned,ok,0.58203125
Qwen/Qwen2.5-0.5B,21,0.875,last_token,ko,zh,r1,256,512,delta,ok,0.158203125
Qwen/Qwen2.5-0.5B,21,0.875,last_token,ko,zh,r5,256,512,raw,ok,0.662109375
Qwen/Qwen2.5-0.5B,21,0.875,last_token,ko,zh,r5,256,512,aligned,ok,0.802734375
Qwen/Qwen2.5-0.5B,21,0.875,last_token,ko,zh,r5,256,512,delta,ok,0.140625
Qwen/Qwen2.5-0.5B,21,0.875,last_token,ko,zh,r10,256,512,raw,ok,0.744140625
Qwen/Qwen2.5-0.5B,21,0.875,last_token,ko,zh,r10,256,512,aligned,ok,0.876953125
Qwen/Qwen2.5-0.5B,21,0.875,last_token,ko,zh,r10,256,512,delta,ok,0.1328125
Qwen/Qwen2.5-0.5B,21,0.875,last_token,ko,zh,mrr,256,512,raw,ok,0.5335652281145624
Qwen/Qwen2.5-0.5B,21,0.875,last_token,ko,zh,mrr,256,512,aligned,ok,0.6860698957637308
Qwen/Qwen2.5-0.5B,21,0.875,last_token,ko,zh,mrr,256,512,delta,ok,0.15250466764916837
Qwen/Qwen2.5-0.5B,21,0.875,last_token,zh,ko,r1,256,512,raw,ok,0.5546875
Qwen/Qwen2.5-0.5B,21,0.875,last_token,zh,ko,r1,256,512,aligned,ok,0.625
Qwen/Qwen2.5-0.5B,21,0.875,last_token,zh,ko,r1,256,512,delta,ok,0.0703125
Qwen/Qwen2.5-0.5B,21,0.875,last_token,zh,ko,r5,256,512,raw,ok,0.775390625
Qwen/Qwen2.5-0.5B,21,0.875,last_token,zh,ko,r5,256,512,aligned,ok,0.802734375
Qwen/Qwen2.5-0.5B,21,0.875,last_token,zh,ko,r5,256,512,delta,ok,0.02734375
Qwen/Qwen2.5-0.5B,21,0.875,last_token,zh,ko,r10,256,512,raw,ok,0.833984375
Qwen/Qwen2.5-0.5B,21,0.875,last_token,zh,ko,r10,256,512,aligned,ok,0.8671875
Qwen/Qwen2.5-0.5B,21,0.875,last_token,zh,ko,r10,256,512,delta,ok,0.033203125
Qwen/Qwen2.5-0.5B,21,0.875,last_token,zh,ko,mrr,256,512,raw,ok,0.6582510351292832
Qwen/Qwen2.5-0.5B,21,0.875,last_token,zh,ko,mrr,256,512,aligned,ok,0.7098563228789985
Qwen/Qwen2.5-0.5B,21,0.875,last_token,zh,ko,mrr,256,512,delta,ok,0.05160528774971529
Qwen/Qwen2.5-0.5B,21,0.875,last_token,ja,zh,r1,256,512,raw,ok,0.677734375
Qwen/Qwen2.5-0.5B,21,0.875,last_token,ja,zh,r1,256,512,aligned,ok,0.787109375
Qwen/Qwen2.5-0.5B,21,0.875,last_token,ja,zh,r1,256,512,delta,ok,0.109375
Qwen/Qwen2.5-0.5B,21,0.875,last_token,ja,zh,r5,256,512,raw,ok,0.85546875
Qwen/Qwen2.5-0.5B,21,0.875,last_token,ja,zh,r5,256,512,aligned,ok,0.955078125
Qwen/Qwen2.5-0.5B,21,0.875,last_token,ja,zh,r5,256,512,delta,ok,0.099609375
Qwen/Qwen2.5-0.5B,21,0.875,last_token,ja,zh,r10,256,512,raw,ok,0.904296875
Qwen/Qwen2.5-0.5B,21,0.875,last_token,ja,zh,r10,256,512,aligned,ok,0.96875
Qwen/Qwen2.5-0.5B,21,0.875,last_token,ja,zh,r10,256,512,delta,ok,0.064453125
Qwen/Qwen2.5-0.5B,21,0.875,last_token,ja,zh,mrr,256,512,raw,ok,0.7583794578675811
Qwen/Qwen2.5-0.5B,21,0.875,last_token,ja,zh,mrr,256,512,aligned,ok,0.8600016556175495
Qwen/Qwen2.5-0.5B,21,0.875,last_token,ja,zh,mrr,256,512,delta,ok,0.10162219774996839
Qwen/Qwen2.5-0.5B,21,0.875,last_token,zh,ja,r1,256,512,raw,ok,0.546875
Qwen/Qwen2.5-0.5B,21,0.875,last_token,zh,ja,r1,256,512,aligned,ok,0.8125
Qwen/Qwen2.5-0.5B,21,0.875,last_token,zh,ja,r1,256,512,delta,ok,0.265625
Qwen/Qwen2.5-0.5B,21,0.875,last_token,zh,ja,r5,256,512,raw,ok,0.796875
Qwen/Qwen2.5-0.5B,21,0.875,last_token,zh,ja,r5,256,512,aligned,ok,0.95703125
Qwen/Qwen2.5-0.5B,21,0.875,last_token,zh,ja,r5,256,512,delta,ok,0.16015625
Qwen/Qwen2.5-0.5B,21,0.875,last_token,zh,ja,r10,256,512,raw,ok,0.85546875
Qwen/Qwen2.5-0.5B,21,0.875,last_token,zh,ja,r10,256,512,aligned,ok,0.984375
Qwen/Qwen2.5-0.5B,21,0.875,last_token,zh,ja,r10,256,512,delta,ok,0.12890625
Qwen/Qwen2.5-0.5B,21,0.875,last_token,zh,ja,mrr,256,512,raw,ok,0.6622730640302775
Qwen/Qwen2.5-0.5B,21,0.875,last_token,zh,ja,mrr,256,512,aligned,ok,0.8768258021420143
Qwen/Qwen2.5-0.5B,21,0.875,last_token,zh,ja,mrr,256,512,delta,ok,0.2145527381117368
Qwen/Qwen2.5-0.5B,22,0.9166666666666666,last_token,en,ko,r1,256,512,raw,ok,0.560546875
Qwen/Qwen2.5-0.5B,22,0.9166666666666666,last_token,en,ko,r1,256,512,aligned,ok,0.6015625
Qwen/Qwen2.5-0.5B,22,0.9166666666666666,last_token,en,ko,r1,256,512,delta,ok,0.041015625
Qwen/Qwen2.5-0.5B,22,0.9166666666666666,last_token,en,ko,r5,256,512,raw,ok,0.830078125
Qwen/Qwen2.5-0.5B,22,0.9166666666666666,last_token,en,ko,r5,256,512,aligned,ok,0.82421875
Qwen/Qwen2.5-0.5B,22,0.9166666666666666,last_token,en,ko,r5,256,512,delta,ok,-0.005859375
Qwen/Qwen2.5-0.5B,22,0.9166666666666666,last_token,en,ko,r10,256,512,raw,ok,0.880859375
Qwen/Qwen2.5-0.5B,22,0.9166666666666666,last_token,en,ko,r10,256,512,aligned,ok,0.890625
Qwen/Qwen2.5-0.5B,22,0.9166666666666666,last_token,en,ko,r10,256,512,delta,ok,0.009765625
Qwen/Qwen2.5-0.5B,22,0.9166666666666666,last_token,en,ko,mrr,256,512,raw,ok,0.6799383635752078
Qwen/Qwen2.5-0.5B,22,0.9166666666666666,last_token,en,ko,mrr,256,512,aligned,ok,0.7014421881396166
Qwen/Qwen2.5-0.5B,22,0.9166666666666666,last_token,en,ko,mrr,256,512,delta,ok,0.021503824564408802
Qwen/Qwen2.5-0.5B,22,0.9166666666666666,last_token,ko,en,r1,256,512,raw,ok,0.259765625
Qwen/Qwen2.5-0.5B,22,0.9166666666666666,last_token,ko,en,r1,256,512,aligned,ok,0.59765625
Qwen/Qwen2.5-0.5B,22,0.9166666666666666,last_token,ko,en,r1,256,512,delta,ok,0.337890625
Qwen/Qwen2.5-0.5B,22,0.9166666666666666,last_token,ko,en,r5,256,512,raw,ok,0.44140625
Qwen/Qwen2.5-0.5B,22,0.9166666666666666,last_token,ko,en,r5,256,512,aligned,ok,0.826171875
Qwen/Qwen2.5-0.5B,22,0.9166666666666666,last_token,ko,en,r5,256,512,delta,ok,0.384765625
Qwen/Qwen2.5-0.5B,22,0.9166666666666666,last_token,ko,en,r10,256,512,raw,ok,0.53515625
Qwen/Qwen2.5-0.5B,22,0.9166666666666666,last_token,ko,en,r10,256,512,aligned,ok,0.876953125
Qwen/Qwen2.5-0.5B,22,0.9166666666666666,last_token,ko,en,r10,256,512,delta,ok,0.341796875
Qwen/Qwen2.5-0.5B,22,0.9166666666666666,last_token,ko,en,mrr,256,512,raw,ok,0.3521068451256352
Qwen/Qwen2.5-0.5B,22,0.9166666666666666,last_token,ko,en,mrr,256,512,aligned,ok,0.7003587736084789
Qwen/Qwen2.5-0.5B,22,0.9166666666666666,last_token,ko,en,mrr,256,512,delta,ok,0.34825192848284364
Qwen/Qwen2.5-0.5B,22,0.9166666666666666,last_token,en,ja,r1,256,512,raw,ok,0.693359375
Qwen/Qwen2.5-0.5B,22,0.9166666666666666,last_token,en,ja,r1,256,512,aligned,ok,0.791015625
Qwen/Qwen2.5-0.5B,22,0.9166666666666666,last_token,en,ja,r1,256,512,delta,ok,0.09765625
Qwen/Qwen2.5-0.5B,22,0.9166666666666666,last_token,en,ja,r5,256,512,raw,ok,0.9140625
Qwen/Qwen2.5-0.5B,22,0.9166666666666666,last_token,en,ja,r5,256,512,aligned,ok,0.97265625
Qwen/Qwen2.5-0.5B,22,0.9166666666666666,last_token,en,ja,r5,256,512,delta,ok,0.05859375
Qwen/Qwen2.5-0.5B,22,0.9166666666666666,last_token,en,ja,r10,256,512,raw,ok,0.95703125
Qwen/Qwen2.5-0.5B,22,0.9166666666666666,last_token,en,ja,r10,256,512,aligned,ok,0.9921875
Qwen/Qwen2.5-0.5B,22,0.9166666666666666,last_token,en,ja,r10,256,512,delta,ok,0.03515625
Qwen/Qwen2.5-0.5B,22,0.9166666666666666,last_token,en,ja,mrr,256,512,raw,ok,0.7904402941662543
Qwen/Qwen2.5-0.5B,22,0.9166666666666666,last_token,en,ja,mrr,256,512,aligned,ok,0.8703773294619306
Qwen/Qwen2.5-0.5B,22,0.9166666666666666,last_token,en,ja,mrr,256,512,delta,ok,0.0799370352956763
Qwen/Qwen2.5-0.5B,22,0.9166666666666666,last_token,ja,en,r1,256,512,raw,ok,0.49609375
Qwen/Qwen2.5-0.5B,22,0.9166666666666666,last_token,ja,en,r1,256,512,aligned,ok,0.806640625
Qwen/Qwen2.5-0.5B,22,0.9166666666666666,last_token,ja,en,r1,256,512,delta,ok,0.310546875
Qwen/Qwen2.5-0.5B,22,0.9166666666666666,last_token,ja,en,r5,256,512,raw,ok,0.73828125
Qwen/Qwen2.5-0.5B,22,0.9166666666666666,last_token,ja,en,r5,256,512,aligned,ok,0.9375
Qwen/Qwen2.5-0.5B,22,0.9166666666666666,last_token,ja,en,r5,256,512,delta,ok,0.19921875
Qwen/Qwen2.5-0.5B,22,0.9166666666666666,last_token,ja,en,r10,256,512,raw,ok,0.822265625
Qwen/Qwen2.5-0.5B,22,0.9166666666666666,last_token,ja,en,r10,256,512,aligned,ok,0.9609375
Qwen/Qwen2.5-0.5B,22,0.9166666666666666,last_token,ja,en,r10,256,512,delta,ok,0.138671875
Qwen/Qwen2.5-0.5B,22,0.9166666666666666,last_token,ja,en,mrr,256,512,raw,ok,0.6082637852137671
Qwen/Qwen2.5-0.5B,22,0.9166666666666666,last_token,ja,en,mrr,256,512,aligned,ok,0.8626446155226493
Qwen/Qwen2.5-0.5B,22,0.9166666666666666,last_token,ja,en,mrr,256,512,delta,ok,0.25438083030888214
Qwen/Qwen2.5-0.5B,22,0.9166666666666666,last_token,en,zh,r1,256,512,raw,ok,0.861328125
Qwen/Qwen2.5-0.5B,22,0.9166666666666666,last_token,en,zh,r1,256,512,aligned,ok,0.880859375
Qwen/Qwen2.5-0.5B,22,0.9166666666666666,last_token,en,zh,r1,256,512,delta,ok,0.01953125
Qwen/Qwen2.5-0.5B,22,0.9166666666666666,last_token,en,zh,r5,256,512,raw,ok,0.974609375
Qwen/Qwen2.5-0.5B,22,0.9166666666666666,last_token,en,zh,r5,256,512,aligned,ok,0.970703125
Qwen/Qwen2.5-0.5B,22,0.9166666666666666,last_token,en,zh,r5,256,512,delta,ok,-0.00390625
Qwen/Qwen2.5-0.5B,22,0.9166666666666666,last_token,en,zh,r10,256,512,raw,ok,0.982421875
Qwen/Qwen2.5-0.5B,22,0.9166666666666666,last_token,en,zh,r10,256,512,aligned,ok,0.98046875
Qwen/Qwen2.5-0.5B,22,0.9166666666666666,last_token,en,zh,r10,256,512,delta,ok,-0.001953125
Qwen/Qwen2.5-0.5B,22,0.9166666666666666,last_token,en,zh,mrr,256,512,raw,ok,0.9112075188145778
Qwen/Qwen2.5-0.5B,22,0.9166666666666666,last_token,en,zh,mrr,256,512,aligned,ok,0.9213567251293608
Qwen/Qwen2.5-0.5B,22,0.9166666666666666,last_token,en,zh,mrr,256,512,delta,ok,0.010149206314783
Qwen/Qwen2.5-0.5B,22,0.9166666666666666,last_token,zh,en,r1,256,512,raw,ok,0.7578125
Qwen/Qwen2.5-0.5B,22,0.9166666666666666,last_token,zh,en,r1,256,512,aligned,ok,0.873046875
Qwen/Qwen2.5-0.5B,22,0.9166666666666666,last_token,zh,en,r1,256,512,delta,ok,0.115234375
Qwen/Qwen2.5-0.5B,22,0.9166666666666666,last_token,zh,en,r5,256,512,raw,ok,0.919921875
Qwen/Qwen2.5-0.5B,22,0.9166666666666666,last_token,zh,en,r5,256,512,aligned,ok,0.958984375
Qwen/Qwen2.5-0.5B,22,0.9166666666666666,last_token,zh,en,r5,256,512,delta,ok,0.0390625
Qwen/Qwen2.5-0.5B,22,0.9166666666666666,last_token,zh,en,r10,256,512,raw,ok,0.95703125
Qwen/Qwen2.5-0.5B,22,0.9166666666666666,last_token,zh,en,r10,256,512,aligned,ok,0.98046875
Qwen/Qwen2.5-0.5B,22,0.9166666666666666,last_token,zh,en,r10,256,512,delta,ok,0.0234375
Qwen/Qwen2.5-0.5B,22,0.9166666666666666,last_token,zh,en,mrr,256,512,raw,ok,0.8296961797525817
Qwen/Qwen2.5-0.5B,22,0.9166666666666666,last_token,zh,en,mrr,256,512,aligned,ok,0.9119254021411749
Qwen/Qwen2.5-0.5B,22,0.9166666666666666,last_token,zh,en,mrr,256,512,delta,ok,0.0822292223885932
Qwen/Qwen2.5-0.5B,22,0.9166666666666666,last_token,ko,ja,r1,256,512,raw,ok,0.505859375
Qwen/Qwen2.5-0.5B,22,0.9166666666666666,last_token,ko,ja,r1,256,512,aligned,ok,0.75
Qwen/Qwen2.5-0.5B,22,0.9166666666666666,last_token,ko,ja,r1,256,512,delta,ok,0.244140625
Qwen/Qwen2.5-0.5B,22,0.9166666666666666,last_token,ko,ja,r5,256,512,raw,ok,0.763671875
Qwen/Qwen2.5-0.5B,22,0.9166666666666666,last_token,ko,ja,r5,256,512,aligned,ok,0.88671875
Qwen/Qwen2.5-0.5B,22,0.9166666666666666,last_token,ko,ja,r5,256,512,delta,ok,0.123046875
Qwen/Qwen2.5-0.5B,22,0.9166666666666666,last_token,ko,ja,r10,256,512,raw,ok,0.8359375
Qwen/Qwen2.5-0.5B,22,0.9166666666666666,last_token,ko,ja,r10,256,512,aligned,ok,0.931640625
Qwen/Qwen2.5-0.5B,22,0.9166666666666666,last_token,ko,ja,r10,256,512,delta,ok,0.095703125
Qwen/Qwen2.5-0.5B,22,0.9166666666666666,last_token,ko,ja,mrr,256,512,raw,ok,0.620130389033301
Qwen/Qwen2.5-0.5B,22,0.9166666666666666,last_token,ko,ja,mrr,256,512,aligned,ok,0.8143683658301313
Qwen/Qwen2.5-0.5B,22,0.9166666666666666,last_token,ko,ja,mrr,256,512,delta,ok,0.1942379767968303
Qwen/Qwen2.5-0.5B,22,0.9166666666666666,last_token,ja,ko,r1,256,512,raw,ok,0.728515625
Qwen/Qwen2.5-0.5B,22,0.9166666666666666,last_token,ja,ko,r1,256,512,aligned,ok,0.720703125
Qwen/Qwen2.5-0.5B,22,0.9166666666666666,last_token,ja,ko,r1,256,512,delta,ok,-0.0078125
Qwen/Qwen2.5-0.5B,22,0.9166666666666666,last_token,ja,ko,r5,256,512,raw,ok,0.876953125
Qwen/Qwen2.5-0.5B,22,0.9166666666666666,last_token,ja,ko,r5,256,512,aligned,ok,0.888671875
Qwen/Qwen2.5-0.5B,22,0.9166666666666666,last_token,ja,ko,r5,256,512,delta,ok,0.01171875
Qwen/Qwen2.5-0.5B,22,0.9166666666666666,last_token,ja,ko,r10,256,512,raw,ok,0.91015625
Qwen/Qwen2.5-0.5B,22,0.9166666666666666,last_token,ja,ko,r10,256,512,aligned,ok,0.919921875
Qwen/Qwen2.5-0.5B,22,0.9166666666666666,last_token,ja,ko,r10,256,512,delta,ok,0.009765625
Qwen/Qwen2.5-0.5B,22,0.9166666666666666,last_token,ja,ko,mrr,256,512,raw,ok,0.7933719627882894
Qwen/Qwen2.5-0.5B,22,0.9166666666666666,last_token,ja,ko,mrr,256,512,aligned,ok,0.7992541077154619
Qwen/Qwen2.5-0.5B,22,0.9166666666666666,last_token,ja,ko,mrr,256,512,delta,ok,0.005882144927172539
Qwen/Qwen2.5-0.5B,22,0.9166666666666666,last_token,ko,zh,r1,256,512,raw,ok,0.421875
Qwen/Qwen2.5-0.5B,22,0.9166666666666666,last_token,ko,zh,r1,256,512,aligned,ok,0.58984375
Qwen/Qwen2.5-0.5B,22,0.9166666666666666,last_token,ko,zh,r1,256,512,delta,ok,0.16796875
Qwen/Qwen2.5-0.5B,22,0.9166666666666666,last_token,ko,zh,r5,256,512,raw,ok,0.669921875
Qwen/Qwen2.5-0.5B,22,0.9166666666666666,last_token,ko,zh,r5,256,512,aligned,ok,0.8125
Qwen/Qwen2.5-0.5B,22,0.9166666666666666,last_token,ko,zh,r5,256,512,delta,ok,0.142578125
Qwen/Qwen2.5-0.5B,22,0.9166666666666666,last_token,ko,zh,r10,256,512,raw,ok,0.75390625
Qwen/Qwen2.5-0.5B,22,0.9166666666666666,last_token,ko,zh,r10,256,512,aligned,ok,0.892578125
Qwen/Qwen2.5-0.5B,22,0.9166666666666666,last_token,ko,zh,r10,256,512,delta,ok,0.138671875
Qwen/Qwen2.5-0.5B,22,0.9166666666666666,last_token,ko,zh,mrr,256,512,raw,ok,0.539308521576397
Qwen/Qwen2.5-0.5B,22,0.9166666666666666,last_token,ko,zh,mrr,256,512,aligned,ok,0.6934458045964162
Qwen/Qwen2.5-0.5B,22,0.9166666666666666,last_token,ko,zh,mrr,256,512,delta,ok,0.15413728302001928
Qwen/Qwen2.5-0.5B,22,0.9166666666666666,last_token,zh,ko,r1,256,512,raw,ok,0.578125
Qwen/Qwen2.5-0.5B,22,0.9166666666666666,last_token,zh,ko,r1,256,512,aligned,ok,0.626953125
Qwen/Qwen2.5-0.5B,22,0.9166666666666666,last_token,zh,ko,r1,256,512,delta,ok,0.048828125
Qwen/Qwen2.5-0.5B,22,0.9166666666666666,last_token,zh,ko,r5,256,512,raw,ok,0.81640625
Qwen/Qwen2.5-0.5B,22,0.9166666666666666,last_token,zh,ko,r5,256,512,aligned,ok,0.8046875
Qwen/Qwen2.5-0.5B,22,0.9166666666666666,last_token,zh,ko,r5,256,512,delta,ok,-0.01171875
Qwen/Qwen2.5-0.5B,22,0.9166666666666666,last_token,zh,ko,r10,256,512,raw,ok,0.861328125
Qwen/Qwen2.5-0.5B,22,0.9166666666666666,last_token,zh,ko,r10,256,512,aligned,ok,0.87109375
Qwen/Qwen2.5-0.5B,22,0.9166666666666666,last_token,zh,ko,r10,256,512,delta,ok,0.009765625
Qwen/Qwen2.5-0.5B,22,0.9166666666666666,last_token,zh,ko,mrr,256,512,raw,ok,0.6887150851434244
Qwen/Qwen2.5-0.5B,22,0.9166666666666666,last_token,zh,ko,mrr,256,512,aligned,ok,0.7154674886285632
Qwen/Qwen2.5-0.5B,22,0.9166666666666666,last_token,zh,ko,mrr,256,512,delta,ok,0.026752403485138854
Qwen/Qwen2.5-0.5B,22,0.9166666666666666,last_token,ja,zh,r1,256,512,raw,ok,0.732421875
Qwen/Qwen2.5-0.5B,22,0.9166666666666666,last_token,ja,zh,r1,256,512,aligned,ok,0.81640625
Qwen/Qwen2.5-0.5B,22,0.9166666666666666,last_token,ja,zh,r1,256,512,delta,ok,0.083984375
Qwen/Qwen2.5-0.5B,22,0.9166666666666666,last_token,ja,zh,r5,256,512,raw,ok,0.892578125
Qwen/Qwen2.5-0.5B,22,0.9166666666666666,last_token,ja,zh,r5,256,512,aligned,ok,0.962890625
Qwen/Qwen2.5-0.5B,22,0.9166666666666666,last_token,ja,zh,r5,256,512,delta,ok,0.0703125
Qwen/Qwen2.5-0.5B,22,0.9166666666666666,last_token,ja,zh,r10,256,512,raw,ok,0.9375
Qwen/Qwen2.5-0.5B,22,0.9166666666666666,last_token,ja,zh,r10,256,512,aligned,ok,0.984375
Qwen/Qwen2.5-0.5B,22,0.9166666666666666,last_token,ja,zh,r10,256,512,delta,ok,0.046875
Qwen/Qwen2.5-0.5B,22,0.9166666666666666,last_token,ja,zh,mrr,256,512,raw,ok,0.8045451685328651
Qwen/Qwen2.5-0.5B,22,0.9166666666666666,last_token,ja,zh,mrr,256,512,aligned,ok,0.8835004151443593
Qwen/Qwen2.5-0.5B,22,0.9166666666666666,last_token,ja,zh,mrr,256,512,delta,ok,0.07895524661149422
Qwen/Qwen2.5-0.5B,22,0.9166666666666666,last_token,zh,ja,r1,256,512,raw,ok,0.6640625
Qwen/Qwen2.5-0.5B,22,0.9166666666666666,last_token,zh,ja,r1,256,512,aligned,ok,0.8125
Qwen/Qwen2.5-0.5B,22,0.9166666666666666,last_token,zh,ja,r1,256,512,delta,ok,0.1484375
Qwen/Qwen2.5-0.5B,22,0.9166666666666666,last_token,zh,ja,r5,256,512,raw,ok,0.8828125
Qwen/Qwen2.5-0.5B,22,0.9166666666666666,last_token,zh,ja,r5,256,512,aligned,ok,0.9765625
Qwen/Qwen2.5-0.5B,22,0.9166666666666666,last_token,zh,ja,r5,256,512,delta,ok,0.09375
Qwen/Qwen2.5-0.5B,22,0.9166666666666666,last_token,zh,ja,r10,256,512,raw,ok,0.93359375
Qwen/Qwen2.5-0.5B,22,0.9166666666666666,last_token,zh,ja,r10,256,512,aligned,ok,0.986328125
Qwen/Qwen2.5-0.5B,22,0.9166666666666666,last_token,zh,ja,r10,256,512,delta,ok,0.052734375
Qwen/Qwen2.5-0.5B,22,0.9166666666666666,last_token,zh,ja,mrr,256,512,raw,ok,0.7661806546105527
Qwen/Qwen2.5-0.5B,22,0.9166666666666666,last_token,zh,ja,mrr,256,512,aligned,ok,0.8845311104642204
Qwen/Qwen2.5-0.5B,22,0.9166666666666666,last_token,zh,ja,mrr,256,512,delta,ok,0.11835045585366766
Qwen/Qwen2.5-0.5B,23,0.9583333333333334,last_token,en,ko,r1,256,512,raw,ok,0.171875
Qwen/Qwen2.5-0.5B,23,0.9583333333333334,last_token,en,ko,r1,256,512,aligned,ok,0.583984375
Qwen/Qwen2.5-0.5B,23,0.9583333333333334,last_token,en,ko,r1,256,512,delta,ok,0.412109375
Qwen/Qwen2.5-0.5B,23,0.9583333333333334,last_token,en,ko,r5,256,512,raw,ok,0.369140625
Qwen/Qwen2.5-0.5B,23,0.9583333333333334,last_token,en,ko,r5,256,512,aligned,ok,0.8203125
Qwen/Qwen2.5-0.5B,23,0.9583333333333334,last_token,en,ko,r5,256,512,delta,ok,0.451171875
Qwen/Qwen2.5-0.5B,23,0.9583333333333334,last_token,en,ko,r10,256,512,raw,ok,0.48046875
Qwen/Qwen2.5-0.5B,23,0.9583333333333334,last_token,en,ko,r10,256,512,aligned,ok,0.87890625
Qwen/Qwen2.5-0.5B,23,0.9583333333333334,last_token,en,ko,r10,256,512,delta,ok,0.3984375
Qwen/Qwen2.5-0.5B,23,0.9583333333333334,last_token,en,ko,mrr,256,512,raw,ok,0.27470544034983235
Qwen/Qwen2.5-0.5B,23,0.9583333333333334,last_token,en,ko,mrr,256,512,aligned,ok,0.6858334058747342
Qwen/Qwen2.5-0.5B,23,0.9583333333333334,last_token,en,ko,mrr,256,512,delta,ok,0.41112796552490183
Qwen/Qwen2.5-0.5B,23,0.9583333333333334,last_token,ko,en,r1,256,512,raw,ok,0.361328125
Qwen/Qwen2.5-0.5B,23,0.9583333333333334,last_token,ko,en,r1,256,512,aligned,ok,0.568359375
Qwen/Qwen2.5-0.5B,23,0.9583333333333334,last_token,ko,en,r1,256,512,delta,ok,0.20703125
Qwen/Qwen2.5-0.5B,23,0.9583333333333334,last_token,ko,en,r5,256,512,raw,ok,0.58984375
Qwen/Qwen2.5-0.5B,23,0.9583333333333334,last_token,ko,en,r5,256,512,aligned,ok,0.814453125
Qwen/Qwen2.5-0.5B,23,0.9583333333333334,last_token,ko,en,r5,256,512,delta,ok,0.224609375
Qwen/Qwen2.5-0.5B,23,0.9583333333333334,last_token,ko,en,r10,256,512,raw,ok,0.693359375
Qwen/Qwen2.5-0.5B,23,0.9583333333333334,last_token,ko,en,r10,256,512,aligned,ok,0.87890625
Qwen/Qwen2.5-0.5B,23,0.9583333333333334,last_token,ko,en,r10,256,512,delta,ok,0.185546875
Qwen/Qwen2.5-0.5B,23,0.9583333333333334,last_token,ko,en,mrr,256,512,raw,ok,0.46764864024332764
Qwen/Qwen2.5-0.5B,23,0.9583333333333334,last_token,ko,en,mrr,256,512,aligned,ok,0.676719064338712
Qwen/Qwen2.5-0.5B,23,0.9583333333333334,last_token,ko,en,mrr,256,512,delta,ok,0.20907042409538434
Qwen/Qwen2.5-0.5B,23,0.9583333333333334,last_token,en,ja,r1,256,512,raw,ok,0.6796875
Qwen/Qwen2.5-0.5B,23,0.9583333333333334,last_token,en,ja,r1,256,512,aligned,ok,0.765625
Qwen/Qwen2.5-0.5B,23,0.9583333333333334,last_token,en,ja,r1,256,512,delta,ok,0.0859375
Qwen/Qwen2.5-0.5B,23,0.9583333333333334,last_token,en,ja,r5,256,512,raw,ok,0.919921875
Qwen/Qwen2.5-0.5B,23,0.9583333333333334,last_token,en,ja,r5,256,512,aligned,ok,0.970703125
Qwen/Qwen2.5-0.5B,23,0.9583333333333334,last_token,en,ja,r5,256,512,delta,ok,0.05078125
Qwen/Qwen2.5-0.5B,23,0.9583333333333334,last_token,en,ja,r10,256,512,raw,ok,0.96484375
Qwen/Qwen2.5-0.5B,23,0.9583333333333334,last_token,en,ja,r10,256,512,aligned,ok,0.98828125
Qwen/Qwen2.5-0.5B,23,0.9583333333333334,last_token,en,ja,r10,256,512,delta,ok,0.0234375
Qwen/Qwen2.5-0.5B,23,0.9583333333333334,last_token,en,ja,mrr,256,512,raw,ok,0.7849249628049534
Qwen/Qwen2.5-0.5B,23,0.9583333333333334,last_token,en,ja,mrr,256,512,aligned,ok,0.8557851897451507
Qwen/Qwen2.5-0.5B,23,0.9583333333333334,last_token,en,ja,mrr,256,512,delta,ok,0.07086022694019734
Qwen/Qwen2.5-0.5B,23,0.9583333333333334,last_token,ja,en,r1,256,512,raw,ok,0.439453125
Qwen/Qwen2.5-0.5B,23,0.9583333333333334,last_token,ja,en,r1,256,512,aligned,ok,0.771484375
Qwen/Qwen2.5-0.5B,23,0.9583333333333334,last_token,ja,en,r1,256,512,delta,ok,0.33203125
Qwen/Qwen2.5-0.5B,23,0.9583333333333334,last_token,ja,en,r5,256,512,raw,ok,0.71484375
Qwen/Qwen2.5-0.5B,23,0.9583333333333334,last_token,ja,en,r5,256,512,aligned,ok,0.943359375
Qwen/Qwen2.5-0.5B,23,0.9583333333333334,last_token,ja,en,r5,256,512,delta,ok,0.228515625
Qwen/Qwen2.5-0.5B,23,0.9583333333333334,last_token,ja,en,r10,256,512,raw,ok,0.796875
Qwen/Qwen2.5-0.5B,23,0.9583333333333334,last_token,ja,en,r10,256,512,aligned,ok,0.962890625
Qwen/Qwen2.5-0.5B,23,0.9583333333333334,last_token,ja,en,r10,256,512,delta,ok,0.166015625
Qwen/Qwen2.5-0.5B,23,0.9583333333333334,last_token,ja,en,mrr,256,512,raw,ok,0.5679333864087015
Qwen/Qwen2.5-0.5B,23,0.9583333333333334,last_token,ja,en,mrr,256,512,aligned,ok,0.8422639789772004
Qwen/Qwen2.5-0.5B,23,0.9583333333333334,last_token,ja,en,mrr,256,512,delta,ok,0.2743305925684989
Qwen/Qwen2.5-0.5B,23,0.9583333333333334,last_token,en,zh,r1,256,512,raw,ok,0.830078125
Qwen/Qwen2.5-0.5B,23,0.9583333333333334,last_token,en,zh,r1,256,512,aligned,ok,0.884765625
Qwen/Qwen2.5-0.5B,23,0.9583333333333334,last_token,en,zh,r1,256,512,delta,ok,0.0546875
Qwen/Qwen2.5-0.5B,23,0.9583333333333334,last_token,en,zh,r5,256,512,raw,ok,0.955078125
Qwen/Qwen2.5-0.5B,23,0.9583333333333334,last_token,en,zh,r5,256,512,aligned,ok,0.97265625
Qwen/Qwen2.5-0.5B,23,0.9583333333333334,last_token,en,zh,r5,256,512,delta,ok,0.017578125
Qwen/Qwen2.5-0.5B,23,0.9583333333333334,last_token,en,zh,r10,256,512,raw,ok,0.978515625
Qwen/Qwen2.5-0.5B,23,0.9583333333333334,last_token,en,zh,r10,256,512,aligned,ok,0.98046875
Qwen/Qwen2.5-0.5B,23,0.9583333333333334,last_token,en,zh,r10,256,512,delta,ok,0.001953125
Qwen/Qwen2.5-0.5B,23,0.9583333333333334,last_token,en,zh,mrr,256,512,raw,ok,0.8841731533151518
Qwen/Qwen2.5-0.5B,23,0.9583333333333334,last_token,en,zh,mrr,256,512,aligned,ok,0.9227916837529478
Qwen/Qwen2.5-0.5B,23,0.9583333333333334,last_token,en,zh,mrr,256,512,delta,ok,0.03861853043779606
Qwen/Qwen2.5-0.5B,23,0.9583333333333334,last_token,zh,en,r1,256,512,raw,ok,0.703125
Qwen/Qwen2.5-0.5B,23,0.9583333333333334,last_token,zh,en,r1,256,512,aligned,ok,0.869140625
Qwen/Qwen2.5-0.5B,23,0.9583333333333334,last_token,zh,en,r1,256,512,delta,ok,0.166015625
Qwen/Qwen2.5-0.5B,23,0.9583333333333334,last_token,zh,en,r5,256,512,raw,ok,0.890625
Qwen/Qwen2.5-0.5B,23,0.9583333333333334,last_token,zh,en,r5,256,512,aligned,ok,0.962890625
Qwen/Qwen2.5-0.5B,23,0.9583333333333334,last_token,zh,en,r5,256,512,delta,ok,0.072265625
Qwen/Qwen2.5-0.5B,23,0.9583333333333334,last_token,zh,en,r10,256,512,raw,ok,0.951171875
Qwen/Qwen2.5-0.5B,23,0.9583333333333334,last_token,zh,en,r10,256,512,aligned,ok,0.978515625
Qwen/Qwen2.5-0.5B,23,0.9583333333333334,last_token,zh,en,r10,256,512,delta,ok,0.02734375
Qwen/Qwen2.5-0.5B,23,0.9583333333333334,last_token,zh,en,mrr,256,512,raw,ok,0.7865832420330305
Qwen/Qwen2.5-0.5B,23,0.9583333333333334,last_token,zh,en,mrr,256,512,aligned,ok,0.9108556584182581
Qwen/Qwen2.5-0.5B,23,0.9583333333333334,last_token,zh,en,mrr,256,512,delta,ok,0.12427241638522757
Qwen/Qwen2.5-0.5B,23,0.9583333333333334,last_token,ko,ja,r1,256,512,raw,ok,0.5703125
Qwen/Qwen2.5-0.5B,23,0.9583333333333334,last_token,ko,ja,r1,256,512,aligned,ok,0.708984375
Qwen/Qwen2.5-0.5B,23,0.9583333333333334,last_token,ko,ja,r1,256,512,delta,ok,0.138671875
Qwen/Qwen2.5-0.5B,23,0.9583333333333334,last_token,ko,ja,r5,256,512,raw,ok,0.810546875
Qwen/Qwen2.5-0.5B,23,0.9583333333333334,last_token,ko,ja,r5,256,512,aligned,ok,0.876953125
Qwen/Qwen2.5-0.5B,23,0.9583333333333334,last_token,ko,ja,r5,256,512,delta,ok,0.06640625
Qwen/Qwen2.5-0.5B,23,0.9583333333333334,last_token,ko,ja,r10,256,512,raw,ok,0.87109375
Qwen/Qwen2.5-0.5B,23,0.9583333333333334,last_token,ko,ja,r10,256,512,aligned,ok,0.9296875
Qwen/Qwen2.5-0.5B,23,0.9583333333333334,last_token,ko,ja,r10,256,512,delta,ok,0.05859375
Qwen/Qwen2.5-0.5B,23,0.9583333333333334,last_token,ko,ja,mrr,256,512,raw,ok,0.6742021890420345
Qwen/Qwen2.5-0.5B,23,0.9583333333333334,last_token,ko,ja,mrr,256,512,aligned,ok,0.7882735020767144
Qwen/Qwen2.5-0.5B,23,0.9583333333333334,last_token,ko,ja,mrr,256,512,delta,ok,0.11407131303467988
Qwen/Qwen2.5-0.5B,23,0.9583333333333334,last_token,ja,ko,r1,256,512,raw,ok,0.375
Qwen/Qwen2.5-0.5B,23,0.9583333333333334,last_token,ja,ko,r1,256,512,aligned,ok,0.685546875
Qwen/Qwen2.5-0.5B,23,0.9583333333333334,last_token,ja,ko,r1,256,512,delta,ok,0.310546875
Qwen/Qwen2.5-0.5B,23,0.9583333333333334,last_token,ja,ko,r5,256,512,raw,ok,0.61328125
Qwen/Qwen2.5-0.5B,23,0.9583333333333334,last_token,ja,ko,r5,256,512,aligned,ok,0.890625
Qwen/Qwen2.5-0.5B,23,0.9583333333333334,last_token,ja,ko,r5,256,512,delta,ok,0.27734375
Qwen/Qwen2.5-0.5B,23,0.9583333333333334,last_token,ja,ko,r10,256,512,raw,ok,0.703125
Qwen/Qwen2.5-0.5B,23,0.9583333333333334,last_token,ja,ko,r10,256,512,aligned,ok,0.919921875
Qwen/Qwen2.5-0.5B,23,0.9583333333333334,last_token,ja,ko,r10,256,512,delta,ok,0.216796875
Qwen/Qwen2.5-0.5B,23,0.9583333333333334,last_token,ja,ko,mrr,256,512,raw,ok,0.48381750317656025
Qwen/Qwen2.5-0.5B,23,0.9583333333333334,last_token,ja,ko,mrr,256,512,aligned,ok,0.7764924641036443
Qwen/Qwen2.5-0.5B,23,0.9583333333333334,last_token,ja,ko,mrr,256,512,delta,ok,0.292674960927084
Qwen/Qwen2.5-0.5B,23,0.9583333333333334,last_token,ko,zh,r1,256,512,raw,ok,0.40625
Qwen/Qwen2.5-0.5B,23,0.9583333333333334,last_token,ko,zh,r1,256,512,aligned,ok,0.578125
Qwen/Qwen2.5-0.5B,23,0.9583333333333334,last_token,ko,zh,r1,256,512,delta,ok,0.171875
Qwen/Qwen2.5-0.5B,23,0.9583333333333334,last_token,ko,zh,r5,256,512,raw,ok,0.650390625
Qwen/Qwen2.5-0.5B,23,0.9583333333333334,last_token,ko,zh,r5,256,512,aligned,ok,0.80859375
Qwen/Qwen2.5-0.5B,23,0.9583333333333334,last_token,ko,zh,r5,256,512,delta,ok,0.158203125
Qwen/Qwen2.5-0.5B,23,0.9583333333333334,last_token,ko,zh,r10,256,512,raw,ok,0.736328125
Qwen/Qwen2.5-0.5B,23,0.9583333333333334,last_token,ko,zh,r10,256,512,aligned,ok,0.875
Qwen/Qwen2.5-0.5B,23,0.9583333333333334,last_token,ko,zh,r10,256,512,delta,ok,0.138671875
Qwen/Qwen2.5-0.5B,23,0.9583333333333334,last_token,ko,zh,mrr,256,512,raw,ok,0.5188392400922022
Qwen/Qwen2.5-0.5B,23,0.9583333333333334,last_token,ko,zh,mrr,256,512,aligned,ok,0.6833034415001941
Qwen/Qwen2.5-0.5B,23,0.9583333333333334,last_token,ko,zh,mrr,256,512,delta,ok,0.1644642014079919
Qwen/Qwen2.5-0.5B,23,0.9583333333333334,last_token,zh,ko,r1,256,512,raw,ok,0.212890625
Qwen/Qwen2.5-0.5B,23,0.9583333333333334,last_token,zh,ko,r1,256,512,aligned,ok,0.576171875
Qwen/Qwen2.5-0.5B,23,0.9583333333333334,last_token,zh,ko,r1,256,512,delta,ok,0.36328125
Qwen/Qwen2.5-0.5B,23,0.9583333333333334,last_token,zh,ko,r5,256,512,raw,ok,0.42578125
Qwen/Qwen2.5-0.5B,23,0.9583333333333334,last_token,zh,ko,r5,256,512,aligned,ok,0.798828125
Qwen/Qwen2.5-0.5B,23,0.9583333333333334,last_token,zh,ko,r5,256,512,delta,ok,0.373046875
Qwen/Qwen2.5-0.5B,23,0.9583333333333334,last_token,zh,ko,r10,256,512,raw,ok,0.51953125
Qwen/Qwen2.5-0.5B,23,0.9583333333333334,last_token,zh,ko,r10,256,512,aligned,ok,0.86328125
Qwen/Qwen2.5-0.5B,23,0.9583333333333334,last_token,zh,ko,r10,256,512,delta,ok,0.34375
Qwen/Qwen2.5-0.5B,23,0.9583333333333334,last_token,zh,ko,mrr,256,512,raw,ok,0.3142987455752206
Qwen/Qwen2.5-0.5B,23,0.9583333333333334,last_token,zh,ko,mrr,256,512,aligned,ok,0.682695706638939
Qwen/Qwen2.5-0.5B,23,0.9583333333333334,last_token,zh,ko,mrr,256,512,delta,ok,0.3683969610637184
Qwen/Qwen2.5-0.5B,23,0.9583333333333334,last_token,ja,zh,r1,256,512,raw,ok,0.751953125
Qwen/Qwen2.5-0.5B,23,0.9583333333333334,last_token,ja,zh,r1,256,512,aligned,ok,0.806640625
Qwen/Qwen2.5-0.5B,23,0.9583333333333334,last_token,ja,zh,r1,256,512,delta,ok,0.0546875
Qwen/Qwen2.5-0.5B,23,0.9583333333333334,last_token,ja,zh,r5,256,512,raw,ok,0.923828125
Qwen/Qwen2.5-0.5B,23,0.9583333333333334,last_token,ja,zh,r5,256,512,aligned,ok,0.962890625
Qwen/Qwen2.5-0.5B,23,0.9583333333333334,last_token,ja,zh,r5,256,512,delta,ok,0.0390625
Qwen/Qwen2.5-0.5B,23,0.9583333333333334,last_token,ja,zh,r10,256,512,raw,ok,0.955078125
Qwen/Qwen2.5-0.5B,23,0.9583333333333334,last_token,ja,zh,r10,256,512,aligned,ok,0.98046875
Qwen/Qwen2.5-0.5B,23,0.9583333333333334,last_token,ja,zh,r10,256,512,delta,ok,0.025390625
Qwen/Qwen2.5-0.5B,23,0.9583333333333334,last_token,ja,zh,mrr,256,512,raw,ok,0.8272622997528127
Qwen/Qwen2.5-0.5B,23,0.9583333333333334,last_token,ja,zh,mrr,256,512,aligned,ok,0.8759942863414515
Qwen/Qwen2.5-0.5B,23,0.9583333333333334,last_token,ja,zh,mrr,256,512,delta,ok,0.048731986588638754
Qwen/Qwen2.5-0.5B,23,0.9583333333333334,last_token,zh,ja,r1,256,512,raw,ok,0.67578125
Qwen/Qwen2.5-0.5B,23,0.9583333333333334,last_token,zh,ja,r1,256,512,aligned,ok,0.81640625
Qwen/Qwen2.5-0.5B,23,0.9583333333333334,last_token,zh,ja,r1,256,512,delta,ok,0.140625
Qwen/Qwen2.5-0.5B,23,0.9583333333333334,last_token,zh,ja,r5,256,512,raw,ok,0.873046875
Qwen/Qwen2.5-0.5B,23,0.9583333333333334,last_token,zh,ja,r5,256,512,aligned,ok,0.9765625
Qwen/Qwen2.5-0.5B,23,0.9583333333333334,last_token,zh,ja,r5,256,512,delta,ok,0.103515625
Qwen/Qwen2.5-0.5B,23,0.9583333333333334,last_token,zh,ja,r10,256,512,raw,ok,0.921875
Qwen/Qwen2.5-0.5B,23,0.9583333333333334,last_token,zh,ja,r10,256,512,aligned,ok,0.98828125
Qwen/Qwen2.5-0.5B,23,0.9583333333333334,last_token,zh,ja,r10,256,512,delta,ok,0.06640625
Qwen/Qwen2.5-0.5B,23,0.9583333333333334,last_token,zh,ja,mrr,256,512,raw,ok,0.7683955817491437
Qwen/Qwen2.5-0.5B,23,0.9583333333333334,last_token,zh,ja,mrr,256,512,aligned,ok,0.884227565683821
Qwen/Qwen2.5-0.5B,23,0.9583333333333334,last_token,zh,ja,mrr,256,512,delta,ok,0.11583198393467731
Qwen/Qwen2.5-0.5B,24,1.0,last_token,en,ko,r1,256,512,raw,ok,0.00390625
Qwen/Qwen2.5-0.5B,24,1.0,last_token,en,ko,r1,256,512,aligned,ok,0.4453125
Qwen/Qwen2.5-0.5B,24,1.0,last_token,en,ko,r1,256,512,delta,ok,0.44140625
Qwen/Qwen2.5-0.5B,24,1.0,last_token,en,ko,r5,256,512,raw,ok,0.05078125
Qwen/Qwen2.5-0.5B,24,1.0,last_token,en,ko,r5,256,512,aligned,ok,0.744140625
Qwen/Qwen2.5-0.5B,24,1.0,last_token,en,ko,r5,256,512,delta,ok,0.693359375
Qwen/Qwen2.5-0.5B,24,1.0,last_token,en,ko,r10,256,512,raw,ok,0.091796875
Qwen/Qwen2.5-0.5B,24,1.0,last_token,en,ko,r10,256,512,aligned,ok,0.82421875
Qwen/Qwen2.5-0.5B,24,1.0,last_token,en,ko,r10,256,512,delta,ok,0.732421875
Qwen/Qwen2.5-0.5B,24,1.0,last_token,en,ko,mrr,256,512,raw,ok,0.03665829019571684
Qwen/Qwen2.5-0.5B,24,1.0,last_token,en,ko,mrr,256,512,aligned,ok,0.5767938016525271
Qwen/Qwen2.5-0.5B,24,1.0,last_token,en,ko,mrr,256,512,delta,ok,0.5401355114568103
Qwen/Qwen2.5-0.5B,24,1.0,last_token,ko,en,r1,256,512,raw,ok,0.005859375
Qwen/Qwen2.5-0.5B,24,1.0,last_token,ko,en,r1,256,512,aligned,ok,0.43359375
Qwen/Qwen2.5-0.5B,24,1.0,last_token,ko,en,r1,256,512,delta,ok,0.427734375
Qwen/Qwen2.5-0.5B,24,1.0,last_token,ko,en,r5,256,512,raw,ok,0.087890625
Qwen/Qwen2.5-0.5B,24,1.0,last_token,ko,en,r5,256,512,aligned,ok,0.70703125
Qwen/Qwen2.5-0.5B,24,1.0,last_token,ko,en,r5,256,512,delta,ok,0.619140625
Qwen/Qwen2.5-0.5B,24,1.0,last_token,ko,en,r10,256,512,raw,ok,0.125
Qwen/Qwen2.5-0.5B,24,1.0,last_token,ko,en,r10,256,512,aligned,ok,0.796875
Qwen/Qwen2.5-0.5B,24,1.0,last_token,ko,en,r10,256,512,delta,ok,0.671875
Qwen/Qwen2.5-0.5B,24,1.0,last_token,ko,en,mrr,256,512,raw,ok,0.057881120576703915
Qwen/Qwen2.5-0.5B,24,1.0,last_token,ko,en,mrr,256,512,aligned,ok,0.5570223952506776
Qwen/Qwen2.5-0.5B,24,1.0,last_token,ko,en,mrr,256,512,delta,ok,0.49914127467397373
Qwen/Qwen2.5-0.5B,24,1.0,last_token,en,ja,r1,256,512,raw,ok,0.029296875
Qwen/Qwen2.5-0.5B,24,1.0,last_token,en,ja,r1,256,512,aligned,ok,0.677734375
Qwen/Qwen2.5-0.5B,24,1.0,last_token,en,ja,r1,256,512,delta,ok,0.6484375
Qwen/Qwen2.5-0.5B,24,1.0,last_token,en,ja,r5,256,512,raw,ok,0.09375
Qwen/Qwen2.5-0.5B,24,1.0,last_token,en,ja,r5,256,512,aligned,ok,0.939453125
Qwen/Qwen2.5-0.5B,24,1.0,last_token,en,ja,r5,256,512,delta,ok,0.845703125
Qwen/Qwen2.5-0.5B,24,1.0,last_token,en,ja,r10,256,512,raw,ok,0.16015625
Qwen/Qwen2.5-0.5B,24,1.0,last_token,en,ja,r10,256,512,aligned,ok,0.97265625
Qwen/Qwen2.5-0.5B,24,1.0,last_token,en,ja,r10,256,512,delta,ok,0.8125
Qwen/Qwen2.5-0.5B,24,1.0,last_token,en,ja,mrr,256,512,raw,ok,0.07597735550845935
Qwen/Qwen2.5-0.5B,24,1.0,last_token,en,ja,mrr,256,512,aligned,ok,0.7869991360500956
Qwen/Qwen2.5-0.5B,24,1.0,last_token,en,ja,mrr,256,512,delta,ok,0.7110217805416363
Qwen/Qwen2.5-0.5B,24,1.0,last_token,ja,en,r1,256,512,raw,ok,0.001953125
Qwen/Qwen2.5-0.5B,24,1.0,last_token,ja,en,r1,256,512,aligned,ok,0.64453125
Qwen/Qwen2.5-0.5B,24,1.0,last_token,ja,en,r1,256,512,delta,ok,0.642578125
Qwen/Qwen2.5-0.5B,24,1.0,last_token,ja,en,r5,256,512,raw,ok,0.021484375
Qwen/Qwen2.5-0.5B,24,1.0,last_token,ja,en,r5,256,512,aligned,ok,0.888671875
Qwen/Qwen2.5-0.5B,24,1.0,last_token,ja,en,r5,256,512,delta,ok,0.8671875
Qwen/Qwen2.5-0.5B,24,1.0,last_token,ja,en,r10,256,512,raw,ok,0.10546875
Qwen/Qwen2.5-0.5B,24,1.0,last_token,ja,en,r10,256,512,aligned,ok,0.94140625
Qwen/Qwen2.5-0.5B,24,1.0,last_token,ja,en,r10,256,512,delta,ok,0.8359375
Qwen/Qwen2.5-0.5B,24,1.0,last_token,ja,en,mrr,256,512,raw,ok,0.04577168986320759
Qwen/Qwen2.5-0.5B,24,1.0,last_token,ja,en,mrr,256,512,aligned,ok,0.7508066270611193
Qwen/Qwen2.5-0.5B,24,1.0,last_token,ja,en,mrr,256,512,delta,ok,0.7050349371979118
Qwen/Qwen2.5-0.5B,24,1.0,last_token,en,zh,r1,256,512,raw,ok,0.00390625
Qwen/Qwen2.5-0.5B,24,1.0,last_token,en,zh,r1,256,512,aligned,ok,0.78125
Qwen/Qwen2.5-0.5B,24,1.0,last_token,en,zh,r1,256,512,delta,ok,0.77734375
Qwen/Qwen2.5-0.5B,24,1.0,last_token,en,zh,r5,256,512,raw,ok,0.060546875
Qwen/Qwen2.5-0.5B,24,1.0,last_token,en,zh,r5,256,512,aligned,ok,0.9453125
Qwen/Qwen2.5-0.5B,24,1.0,last_token,en,zh,r5,256,512,delta,ok,0.884765625
Qwen/Qwen2.5-0.5B,24,1.0,last_token,en,zh,r10,256,512,raw,ok,0.09765625
Qwen/Qwen2.5-0.5B,24,1.0,last_token,en,zh,r10,256,512,aligned,ok,0.95703125
Qwen/Qwen2.5-0.5B,24,1.0,last_token,en,zh,r10,256,512,delta,ok,0.859375
Qwen/Qwen2.5-0.5B,24,1.0,last_token,en,zh,mrr,256,512,raw,ok,0.043598689584160015
Qwen/Qwen2.5-0.5B,24,1.0,last_token,en,zh,mrr,256,512,aligned,ok,0.8546098067599417
Qwen/Qwen2.5-0.5B,24,1.0,last_token,en,zh,mrr,256,512,delta,ok,0.8110111171757817
Qwen/Qwen2.5-0.5B,24,1.0,last_token,zh,en,r1,256,512,raw,ok,0.017578125
Qwen/Qwen2.5-0.5B,24,1.0,last_token,zh,en,r1,256,512,aligned,ok,0.76171875
Qwen/Qwen2.5-0.5B,24,1.0,last_token,zh,en,r1,256,512,delta,ok,0.744140625
Qwen/Qwen2.5-0.5B,24,1.0,last_token,zh,en,r5,256,512,raw,ok,0.11328125
Qwen/Qwen2.5-0.5B,24,1.0,last_token,zh,en,r5,256,512,aligned,ok,0.921875
Qwen/Qwen2.5-0.5B,24,1.0,last_token,zh,en,r5,256,512,delta,ok,0.80859375
Qwen/Qwen2.5-0.5B,24,1.0,last_token,zh,en,r10,256,512,raw,ok,0.3203125
Qwen/Qwen2.5-0.5B,24,1.0,last_token,zh,en,r10,256,512,aligned,ok,0.9453125
Qwen/Qwen2.5-0.5B,24,1.0,last_token,zh,en,r10,256,512,delta,ok,0.625
Qwen/Qwen2.5-0.5B,24,1.0,last_token,zh,en,mrr,256,512,raw,ok,0.09618382133483952
Qwen/Qwen2.5-0.5B,24,1.0,last_token,zh,en,mrr,256,512,aligned,ok,0.8360238722965591
Qwen/Qwen2.5-0.5B,24,1.0,last_token,zh,en,mrr,256,512,delta,ok,0.7398400509617196
Qwen/Qwen2.5-0.5B,24,1.0,last_token,ko,ja,r1,256,512,raw,ok,0.021484375
Qwen/Qwen2.5-0.5B,24,1.0,last_token,ko,ja,r1,256,512,aligned,ok,0.537109375
Qwen/Qwen2.5-0.5B,24,1.0,last_token,ko,ja,r1,256,512,delta,ok,0.515625
Qwen/Qwen2.5-0.5B,24,1.0,last_token,ko,ja,r5,256,512,raw,ok,0.080078125
Qwen/Qwen2.5-0.5B,24,1.0,last_token,ko,ja,r5,256,512,aligned,ok,0.810546875
Qwen/Qwen2.5-0.5B,24,1.0,last_token,ko,ja,r5,256,512,delta,ok,0.73046875
Qwen/Qwen2.5-0.5B,24,1.0,last_token,ko,ja,r10,256,512,raw,ok,0.11328125
Qwen/Qwen2.5-0.5B,24,1.0,last_token,ko,ja,r10,256,512,aligned,ok,0.86328125
Qwen/Qwen2.5-0.5B,24,1.0,last_token,ko,ja,r10,256,512,delta,ok,0.75
Qwen/Qwen2.5-0.5B,24,1.0,last_token,ko,ja,mrr,256,512,raw,ok,0.061712274011326805
Qwen/Qwen2.5-0.5B,24,1.0,last_token,ko,ja,mrr,256,512,aligned,ok,0.6593585574634286
Qwen/Qwen2.5-0.5B,24,1.0,last_token,ko,ja,mrr,256,512,delta,ok,0.5976462834521018
Qwen/Qwen2.5-0.5B,24,1.0,last_token,ja,ko,r1,256,512,raw,ok,0.001953125
Qwen/Qwen2.5-0.5B,24,1.0,last_token,ja,ko,r1,256,512,aligned,ok,0.560546875
Qwen/Qwen2.5-0.5B,24,1.0,last_token,ja,ko,r1,256,512,delta,ok,0.55859375
Qwen/Qwen2.5-0.5B,24,1.0,last_token,ja,ko,r5,256,512,raw,ok,0.076171875
Qwen/Qwen2.5-0.5B,24,1.0,last_token,ja,ko,r5,256,512,aligned,ok,0.8046875
Qwen/Qwen2.5-0.5B,24,1.0,last_token,ja,ko,r5,256,512,delta,ok,0.728515625
Qwen/Qwen2.5-0.5B,24,1.0,last_token,ja,ko,r10,256,512,raw,ok,0.125
Qwen/Qwen2.5-0.5B,24,1.0,last_token,ja,ko,r10,256,512,aligned,ok,0.859375
Qwen/Qwen2.5-0.5B,24,1.0,last_token,ja,ko,r10,256,512,delta,ok,0.734375
Qwen/Qwen2.5-0.5B,24,1.0,last_token,ja,ko,mrr,256,512,raw,ok,0.04748493923331133
Qwen/Qwen2.5-0.5B,24,1.0,last_token,ja,ko,mrr,256,512,aligned,ok,0.6692461680878299
Qwen/Qwen2.5-0.5B,24,1.0,last_token,ja,ko,mrr,256,512,delta,ok,0.6217612288545186
Qwen/Qwen2.5-0.5B,24,1.0,last_token,ko,zh,r1,256,512,raw,ok,0.009765625
Qwen/Qwen2.5-0.5B,24,1.0,last_token,ko,zh,r1,256,512,aligned,ok,0.3828125
Qwen/Qwen2.5-0.5B,24,1.0,last_token,ko,zh,r1,256,512,delta,ok,0.373046875
Qwen/Qwen2.5-0.5B,24,1.0,last_token,ko,zh,r5,256,512,raw,ok,0.0390625
Qwen/Qwen2.5-0.5B,24,1.0,last_token,ko,zh,r5,256,512,aligned,ok,0.701171875
Qwen/Qwen2.5-0.5B,24,1.0,last_token,ko,zh,r5,256,512,delta,ok,0.662109375
Qwen/Qwen2.5-0.5B,24,1.0,last_token,ko,zh,r10,256,512,raw,ok,0.091796875
Qwen/Qwen2.5-0.5B,24,1.0,last_token,ko,zh,r10,256,512,aligned,ok,0.79296875
Qwen/Qwen2.5-0.5B,24,1.0,last_token,ko,zh,r10,256,512,delta,ok,0.701171875
Qwen/Qwen2.5-0.5B,24,1.0,last_token,ko,zh,mrr,256,512,raw,ok,0.040295488657775325
Qwen/Qwen2.5-0.5B,24,1.0,last_token,ko,zh,mrr,256,512,aligned,ok,0.5194681340010707
Qwen/Qwen2.5-0.5B,24,1.0,last_token,ko,zh,mrr,256,512,delta,ok,0.4791726453432954
Qwen/Qwen2.5-0.5B,24,1.0,last_token,zh,ko,r1,256,512,raw,ok,0.00390625
Qwen/Qwen2.5-0.5B,24,1.0,last_token,zh,ko,r1,256,512,aligned,ok,0.416015625
Qwen/Qwen2.5-0.5B,24,1.0,last_token,zh,ko,r1,256,512,delta,ok,0.412109375
Qwen/Qwen2.5-0.5B,24,1.0,last_token,zh,ko,r5,256,512,raw,ok,0.1640625
Qwen/Qwen2.5-0.5B,24,1.0,last_token,zh,ko,r5,256,512,aligned,ok,0.65625
Qwen/Qwen2.5-0.5B,24,1.0,last_token,zh,ko,r5,256,512,delta,ok,0.4921875
Qwen/Qwen2.5-0.5B,24,1.0,last_token,zh,ko,r10,256,512,raw,ok,0.265625
Qwen/Qwen2.5-0.5B,24,1.0,last_token,zh,ko,r10,256,512,aligned,ok,0.75390625
Qwen/Qwen2.5-0.5B,24,1.0,last_token,zh,ko,r10,256,512,delta,ok,0.48828125
Qwen/Qwen2.5-0.5B,24,1.0,last_token,zh,ko,mrr,256,512,raw,ok,0.08726857002188787
Qwen/Qwen2.5-0.5B,24,1.0,last_token,zh,ko,mrr,256,512,aligned,ok,0.5357313708254707
Qwen/Qwen2.5-0.5B,24,1.0,last_token,zh,ko,mrr,256,512,delta,ok,0.44846280080358286
Qwen/Qwen2.5-0.5B,24,1.0,last_token,ja,zh,r1,256,512,raw,ok,0.0703125
Qwen/Qwen2.5-0.5B,24,1.0,last_token,ja,zh,r1,256,512,aligned,ok,0.701171875
Qwen/Qwen2.5-0.5B,24,1.0,last_token,ja,zh,r1,256,512,delta,ok,0.630859375
Qwen/Qwen2.5-0.5B,24,1.0,last_token,ja,zh,r5,256,512,raw,ok,0.224609375
Qwen/Qwen2.5-0.5B,24,1.0,last_token,ja,zh,r5,256,512,aligned,ok,0.90625
Qwen/Qwen2.5-0.5B,24,1.0,last_token,ja,zh,r5,256,512,delta,ok,0.681640625
Qwen/Qwen2.5-0.5B,24,1.0,last_token,ja,zh,r10,256,512,raw,ok,0.345703125
Qwen/Qwen2.5-0.5B,24,1.0,last_token,ja,zh,r10,256,512,aligned,ok,0.955078125
Qwen/Qwen2.5-0.5B,24,1.0,last_token,ja,zh,r10,256,512,delta,ok,0.609375
Qwen/Qwen2.5-0.5B,24,1.0,last_token,ja,zh,mrr,256,512,raw,ok,0.15530407045940886
Qwen/Qwen2.5-0.5B,24,1.0,last_token,ja,zh,mrr,256,512,aligned,ok,0.7939894712840262
Qwen/Qwen2.5-0.5B,24,1.0,last_token,ja,zh,mrr,256,512,delta,ok,0.6386854008246173
Qwen/Qwen2.5-0.5B,24,1.0,last_token,zh,ja,r1,256,512,raw,ok,0.138671875
Qwen/Qwen2.5-0.5B,24,1.0,last_token,zh,ja,r1,256,512,aligned,ok,0.685546875
Qwen/Qwen2.5-0.5B,24,1.0,last_token,zh,ja,r1,256,512,delta,ok,0.546875
Qwen/Qwen2.5-0.5B,24,1.0,last_token,zh,ja,r5,256,512,raw,ok,0.404296875
Qwen/Qwen2.5-0.5B,24,1.0,last_token,zh,ja,r5,256,512,aligned,ok,0.916015625
Qwen/Qwen2.5-0.5B,24,1.0,last_token,zh,ja,r5,256,512,delta,ok,0.51171875
Qwen/Qwen2.5-0.5B,24,1.0,last_token,zh,ja,r10,256,512,raw,ok,0.5234375
Qwen/Qwen2.5-0.5B,24,1.0,last_token,zh,ja,r10,256,512,aligned,ok,0.96484375
Qwen/Qwen2.5-0.5B,24,1.0,last_token,zh,ja,r10,256,512,delta,ok,0.44140625
Qwen/Qwen2.5-0.5B,24,1.0,last_token,zh,ja,mrr,256,512,raw,ok,0.26992827667504243
Qwen/Qwen2.5-0.5B,24,1.0,last_token,zh,ja,mrr,256,512,aligned,ok,0.7850323905032763
Qwen/Qwen2.5-0.5B,24,1.0,last_token,zh,ja,mrr,256,512,delta,ok,0.515104113828234
Qwen/Qwen2.5-0.5B,0,0.0,mean,en,ko,r1,256,512,raw,ok,0.005859375
Qwen/Qwen2.5-0.5B,0,0.0,mean,en,ko,r1,256,512,aligned,ok,0.107421875
Qwen/Qwen2.5-0.5B,0,0.0,mean,en,ko,r1,256,512,delta,ok,0.1015625
Qwen/Qwen2.5-0.5B,0,0.0,mean,en,ko,r5,256,512,raw,ok,0.029296875
Qwen/Qwen2.5-0.5B,0,0.0,mean,en,ko,r5,256,512,aligned,ok,0.234375
Qwen/Qwen2.5-0.5B,0,0.0,mean,en,ko,r5,256,512,delta,ok,0.205078125
Qwen/Qwen2.5-0.5B,0,0.0,mean,en,ko,r10,256,512,raw,ok,0.046875
Qwen/Qwen2.5-0.5B,0,0.0,mean,en,ko,r10,256,512,aligned,ok,0.341796875
Qwen/Qwen2.5-0.5B,0,0.0,mean,en,ko,r10,256,512,delta,ok,0.294921875
Qwen/Qwen2.5-0.5B,0,0.0,mean,en,ko,mrr,256,512,raw,ok,0.025512896182114428
Qwen/Qwen2.5-0.5B,0,0.0,mean,en,ko,mrr,256,512,aligned,ok,0.1829030581999573
Qwen/Qwen2.5-0.5B,0,0.0,mean,en,ko,mrr,256,512,delta,ok,0.1573901620178429
Qwen/Qwen2.5-0.5B,0,0.0,mean,ko,en,r1,256,512,raw,ok,0.048828125
Qwen/Qwen2.5-0.5B,0,0.0,mean,ko,en,r1,256,512,aligned,ok,0.1015625
Qwen/Qwen2.5-0.5B,0,0.0,mean,ko,en,r1,256,512,delta,ok,0.052734375
Qwen/Qwen2.5-0.5B,0,0.0,mean,ko,en,r5,256,512,raw,ok,0.095703125
Qwen/Qwen2.5-0.5B,0,0.0,mean,ko,en,r5,256,512,aligned,ok,0.20703125
Qwen/Qwen2.5-0.5B,0,0.0,mean,ko,en,r5,256,512,delta,ok,0.111328125
Qwen/Qwen2.5-0.5B,0,0.0,mean,ko,en,r10,256,512,raw,ok,0.138671875
Qwen/Qwen2.5-0.5B,0,0.0,mean,ko,en,r10,256,512,aligned,ok,0.302734375
Qwen/Qwen2.5-0.5B,0,0.0,mean,ko,en,r10,256,512,delta,ok,0.1640625
Qwen/Qwen2.5-0.5B,0,0.0,mean,ko,en,mrr,256,512,raw,ok,0.08391250807660464
Qwen/Qwen2.5-0.5B,0,0.0,mean,ko,en,mrr,256,512,aligned,ok,0.17560179822765526
Qwen/Qwen2.5-0.5B,0,0.0,mean,ko,en,mrr,256,512,delta,ok,0.09168929015105062
Qwen/Qwen2.5-0.5B,0,0.0,mean,en,ja,r1,256,512,raw,ok,0.025390625
Qwen/Qwen2.5-0.5B,0,0.0,mean,en,ja,r1,256,512,aligned,ok,0.162109375
Qwen/Qwen2.5-0.5B,0,0.0,mean,en,ja,r1,256,512,delta,ok,0.13671875
Qwen/Qwen2.5-0.5B,0,0.0,mean,en,ja,r5,256,512,raw,ok,0.046875
Qwen/Qwen2.5-0.5B,0,0.0,mean,en,ja,r5,256,512,aligned,ok,0.298828125
Qwen/Qwen2.5-0.5B,0,0.0,mean,en,ja,r5,256,512,delta,ok,0.251953125
Qwen/Qwen2.5-0.5B,0,0.0,mean,en,ja,r10,256,512,raw,ok,0.078125
Qwen/Qwen2.5-0.5B,0,0.0,mean,en,ja,r10,256,512,aligned,ok,0.408203125
Qwen/Qwen2.5-0.5B,0,0.0,mean,en,ja,r10,256,512,delta,ok,0.330078125
Qwen/Qwen2.5-0.5B,0,0.0,mean,en,ja,mrr,256,512,raw,ok,0.05292595730596181
Qwen/Qwen2.5-0.5B,0,0.0,mean,en,ja,mrr,256,512,aligned,ok,0.2444001925112192
Qwen/Qwen2.5-0.5B,0,0.0,mean,en,ja,mrr,256,512,delta,ok,0.1914742352052574
Qwen/Qwen2.5-0.5B,0,0.0,mean,ja,en,r1,256,512,raw,ok,0.05859375
Qwen/Qwen2.5-0.5B,0,0.0,mean,ja,en,r1,256,512,aligned,ok,0.171875
Qwen/Qwen2.5-0.5B,0,0.0,mean,ja,en,r1,256,512,delta,ok,0.11328125
Qwen/Qwen2.5-0.5B,0,0.0,mean,ja,en,r5,256,512,raw,ok,0.115234375
Qwen/Qwen2.5-0.5B,0,0.0,mean,ja,en,r5,256,512,aligned,ok,0.365234375
Qwen/Qwen2.5-0.5B,0,0.0,mean,ja,en,r5,256,512,delta,ok,0.25
Qwen/Qwen2.5-0.5B,0,0.0,mean,ja,en,r10,256,512,raw,ok,0.162109375
Qwen/Qwen2.5-0.5B,0,0.0,mean,ja,en,r10,256,512,aligned,ok,0.48828125
Qwen/Qwen2.5-0.5B,0,0.0,mean,ja,en,r10,256,512,delta,ok,0.326171875
Qwen/Qwen2.5-0.5B,0,0.0,mean,ja,en,mrr,256,512,raw,ok,0.10020867009464811
Qwen/Qwen2.5-0.5B,0,0.0,mean,ja,en,mrr,256,512,aligned,ok,0.2737123235057348
Qwen/Qwen2.5-0.5B,0,0.0,mean,ja,en,mrr,256,512,delta,ok,0.1735036534110867
Qwen/Qwen2.5-0.5B,0,0.0,mean,en,zh,r1,256,512,raw,ok,0.0859375
Qwen/Qwen2.5-0.5B,0,0.0,mean,en,zh,r1,256,512,aligned,ok,0.27734375
Qwen/Qwen2.5-0.5B,0,0.0,mean,en,zh,r1,256,512,delta,ok,0.19140625
Qwen/Qwen2.5-0.5B,0,0.0,mean,en,zh,r5,256,512,raw,ok,0.126953125
Qwen/Qwen2.5-0.5B,0,0.0,mean,en,zh,r5,256,512,aligned,ok,0.509765625
Qwen/Qwen2.5-0.5B,0,0.0,mean,en,zh,r5,256,512,delta,ok,0.3828125
Qwen/Qwen2.5-0.5B,0,0.0,mean,en,zh,r10,256,512,raw,ok,0.162109375
Qwen/Qwen2.5-0.5B,0,0.0,mean,en,zh,r10,256,512,aligned,ok,0.619140625
Qwen/Qwen2.5-0.5B,0,0.0,mean,en,zh,r10,256,512,delta,ok,0.45703125
Qwen/Qwen2.5-0.5B,0,0.0,mean,en,zh,mrr,256,512,raw,ok,0.12285418786140286
Qwen/Qwen2.5-0.5B,0,0.0,mean,en,zh,mrr,256,512,aligned,ok,0.38911888057683386
Qwen/Qwen2.5-0.5B,0,0.0,mean,en,zh,mrr,256,512,delta,ok,0.266264692715431
Qwen/Qwen2.5-0.5B,0,0.0,mean,zh,en,r1,256,512,raw,ok,0.333984375
Qwen/Qwen2.5-0.5B,0,0.0,mean,zh,en,r1,256,512,aligned,ok,0.296875
Qwen/Qwen2.5-0.5B,0,0.0,mean,zh,en,r1,256,512,delta,ok,-0.037109375
Qwen/Qwen2.5-0.5B,0,0.0,mean,zh,en,r5,256,512,raw,ok,0.478515625
Qwen/Qwen2.5-0.5B,0,0.0,mean,zh,en,r5,256,512,aligned,ok,0.478515625
Qwen/Qwen2.5-0.5B,0,0.0,mean,zh,en,r5,256,512,delta,ok,0.0
Qwen/Qwen2.5-0.5B,0,0.0,mean,zh,en,r10,256,512,raw,ok,0.5703125
Qwen/Qwen2.5-0.5B,0,0.0,mean,zh,en,r10,256,512,aligned,ok,0.578125
Qwen/Qwen2.5-0.5B,0,0.0,mean,zh,en,r10,256,512,delta,ok,0.0078125
Qwen/Qwen2.5-0.5B,0,0.0,mean,zh,en,mrr,256,512,raw,ok,0.41173301591304506
Qwen/Qwen2.5-0.5B,0,0.0,mean,zh,en,mrr,256,512,aligned,ok,0.38801601286149634
Qwen/Qwen2.5-0.5B,0,0.0,mean,zh,en,mrr,256,512,delta,ok,-0.023717003051548724
Qwen/Qwen2.5-0.5B,0,0.0,mean,ko,ja,r1,256,512,raw,ok,0.08984375
Qwen/Qwen2.5-0.5B,0,0.0,mean,ko,ja,r1,256,512,aligned,ok,0.08203125
Qwen/Qwen2.5-0.5B,0,0.0,mean,ko,ja,r1,256,512,delta,ok,-0.0078125
Qwen/Qwen2.5-0.5B,0,0.0,mean,ko,ja,r5,256,512,raw,ok,0.166015625
Qwen/Qwen2.5-0.5B,0,0.0,mean,ko,ja,r5,256,512,aligned,ok,0.251953125
Qwen/Qwen2.5-0.5B,0,0.0,mean,ko,ja,r5,256,512,delta,ok,0.0859375
Qwen/Qwen2.5-0.5B,0,0.0,mean,ko,ja,r10,256,512,raw,ok,0.279296875
Qwen/Qwen2.5-0.5B,0,0.0,mean,ko,ja,r10,256,512,aligned,ok,0.35546875
Qwen/Qwen2.5-0.5B,0,0.0,mean,ko,ja,r10,256,512,delta,ok,0.076171875
Qwen/Qwen2.5-0.5B,0,0.0,mean,ko,ja,mrr,256,512,raw,ok,0.14778491720449824
Qwen/Qwen2.5-0.5B,0,0.0,mean,ko,ja,mrr,256,512,aligned,ok,0.1760639288674613
Qwen/Qwen2.5-0.5B,0,0.0,mean,ko,ja,mrr,256,512,delta,ok,0.028279011662963066
Qwen/Qwen2.5-0.5B,0,0.0,mean,ja,ko,r1,256,512,raw,ok,0.150390625
Qwen/Qwen2.5-0.5B,0,0.0,mean,ja,ko,r1,256,512,aligned,ok,0.111328125
Qwen/Qwen2.5-0.5B,0,0.0,mean,ja,ko,r1,256,512,delta,ok,-0.0390625
Qwen/Qwen2.5-0.5B,0,0.0,mean,ja,ko,r5,256,512,raw,ok,0.29296875
Qwen/Qwen2.5-0.5B,0,0.0,mean,ja,ko,r5,256,512,aligned,ok,0.279296875
Qwen/Qwen2.5-0.5B,0,0.0,mean,ja,ko,r5,256,512,delta,ok,-0.013671875
Qwen/Qwen2.5-0.5B,0,0.0,mean,ja,ko,r10,256,512,raw,ok,0.3671875
Qwen/Qwen2.5-0.5B,0,0.0,mean,ja,ko,r10,256,512,aligned,ok,0.36328125
Qwen/Qwen2.5-0.5B,0,0.0,mean,ja,ko,r10,256,512,delta,ok,-0.00390625
Qwen/Qwen2.5-0.5B,0,0.0,mean,ja,ko,mrr,256,512,raw,ok,0.22658411832203845
Qwen/Qwen2.5-0.5B,0,0.0,mean,ja,ko,mrr,256,512,aligned,ok,0.19983376528421326
Qwen/Qwen2.5-0.5B,0,0.0,mean,ja,ko,mrr,256,512,delta,ok,-0.026750353037825192
Qwen/Qwen2.5-0.5B,0,0.0,mean,ko,zh,r1,256,512,raw,ok,0.048828125
Qwen/Qwen2.5-0.5B,0,0.0,mean,ko,zh,r1,256,512,aligned,ok,0.11328125
Qwen/Qwen2.5-0.5B,0,0.0,mean,ko,zh,r1,256,512,delta,ok,0.064453125
Qwen/Qwen2.5-0.5B,0,0.0,mean,ko,zh,r5,256,512,raw,ok,0.1328125
Qwen/Qwen2.5-0.5B,0,0.0,mean,ko,zh,r5,256,512,aligned,ok,0.224609375
Qwen/Qwen2.5-0.5B,0,0.0,mean,ko,zh,r5,256,512,delta,ok,0.091796875
Qwen/Qwen2.5-0.5B,0,0.0,mean,ko,zh,r10,256,512,raw,ok,0.21875
Qwen/Qwen2.5-0.5B,0,0.0,mean,ko,zh,r10,256,512,aligned,ok,0.3125
Qwen/Qwen2.5-0.5B,0,0.0,mean,ko,zh,r10,256,512,delta,ok,0.09375
Qwen/Qwen2.5-0.5B,0,0.0,mean,ko,zh,mrr,256,512,raw,ok,0.10292683777616674
Qwen/Qwen2.5-0.5B,0,0.0,mean,ko,zh,mrr,256,512,aligned,ok,0.18318080196809045
Qwen/Qwen2.5-0.5B,0,0.0,mean,ko,zh,mrr,256,512,delta,ok,0.08025396419192371
Qwen/Qwen2.5-0.5B,0,0.0,mean,zh,ko,r1,256,512,raw,ok,0.169921875
Qwen/Qwen2.5-0.5B,0,0.0,mean,zh,ko,r1,256,512,aligned,ok,0.087890625
Qwen/Qwen2.5-0.5B,0,0.0,mean,zh,ko,r1,256,512,delta,ok,-0.08203125
Qwen/Qwen2.5-0.5B,0,0.0,mean,zh,ko,r5,256,512,raw,ok,0.32421875
Qwen/Qwen2.5-0.5B,0,0.0,mean,zh,ko,r5,256,512,aligned,ok,0.21875
Qwen/Qwen2.5-0.5B,0,0.0,mean,zh,ko,r5,256,512,delta,ok,-0.10546875
Qwen/Qwen2.5-0.5B,0,0.0,mean,zh,ko,r10,256,512,raw,ok,0.41015625
Qwen/Qwen2.5-0.5B,0,0.0,mean,zh,ko,r10,256,512,aligned,ok,0.28515625
Qwen/Qwen2.5-0.5B,0,0.0,mean,zh,ko,r10,256,512,delta,ok,-0.125
Qwen/Qwen2.5-0.5B,0,0.0,mean,zh,ko,mrr,256,512,raw,ok,0.2492275064845714
Qwen/Qwen2.5-0.5B,0,0.0,mean,zh,ko,mrr,256,512,aligned,ok,0.16139752508976213
Qwen/Qwen2.5-0.5B,0,0.0,mean,zh,ko,mrr,256,512,delta,ok,-0.08782998139480927
Qwen/Qwen2.5-0.5B,0,0.0,mean,ja,zh,r1,256,512,raw,ok,0.341796875
Qwen/Qwen2.5-0.5B,0,0.0,mean,ja,zh,r1,256,512,aligned,ok,0.201171875
Qwen/Qwen2.5-0.5B,0,0.0,mean,ja,zh,r1,256,512,delta,ok,-0.140625
Qwen/Qwen2.5-0.5B,0,0.0,mean,ja,zh,r5,256,512,raw,ok,0.5625
Qwen/Qwen2.5-0.5B,0,0.0,mean,ja,zh,r5,256,512,aligned,ok,0.400390625
Qwen/Qwen2.5-0.5B,0,0.0,mean,ja,zh,r5,256,512,delta,ok,-0.162109375
Qwen/Qwen2.5-0.5B,0,0.0,mean,ja,zh,r10,256,512,raw,ok,0.642578125
Qwen/Qwen2.5-0.5B,0,0.0,mean,ja,zh,r10,256,512,aligned,ok,0.5078125
Qwen/Qwen2.5-0.5B,0,0.0,mean,ja,zh,r10,256,512,delta,ok,-0.134765625
Qwen/Qwen2.5-0.5B,0,0.0,mean,ja,zh,mrr,256,512,raw,ok,0.4447000391926136
Qwen/Qwen2.5-0.5B,0,0.0,mean,ja,zh,mrr,256,512,aligned,ok,0.30092935353759054
Qwen/Qwen2.5-0.5B,0,0.0,mean,ja,zh,mrr,256,512,delta,ok,-0.14377068565502304
Qwen/Qwen2.5-0.5B,0,0.0,mean,zh,ja,r1,256,512,raw,ok,0.38671875
Qwen/Qwen2.5-0.5B,0,0.0,mean,zh,ja,r1,256,512,aligned,ok,0.185546875
Qwen/Qwen2.5-0.5B,0,0.0,mean,zh,ja,r1,256,512,delta,ok,-0.201171875
Qwen/Qwen2.5-0.5B,0,0.0,mean,zh,ja,r5,256,512,raw,ok,0.52734375
Qwen/Qwen2.5-0.5B,0,0.0,mean,zh,ja,r5,256,512,aligned,ok,0.341796875
Qwen/Qwen2.5-0.5B,0,0.0,mean,zh,ja,r5,256,512,delta,ok,-0.185546875
Qwen/Qwen2.5-0.5B,0,0.0,mean,zh,ja,r10,256,512,raw,ok,0.619140625
Qwen/Qwen2.5-0.5B,0,0.0,mean,zh,ja,r10,256,512,aligned,ok,0.455078125
Qwen/Qwen2.5-0.5B,0,0.0,mean,zh,ja,r10,256,512,delta,ok,-0.1640625
Qwen/Qwen2.5-0.5B,0,0.0,mean,zh,ja,mrr,256,512,raw,ok,0.46100450761555056
Qwen/Qwen2.5-0.5B,0,0.0,mean,zh,ja,mrr,256,512,aligned,ok,0.276643236738708
Qwen/Qwen2.5-0.5B,0,0.0,mean,zh,ja,mrr,256,512,delta,ok,-0.18436127087684256
Qwen/Qwen2.5-0.5B,1,0.041666666666666664,mean,en,ko,r1,256,512,raw,ok,0.056640625
Qwen/Qwen2.5-0.5B,1,0.041666666666666664,mean,en,ko,r1,256,512,aligned,ok,0.287109375
Qwen/Qwen2.5-0.5B,1,0.041666666666666664,mean,en,ko,r1,256,512,delta,ok,0.23046875
Qwen/Qwen2.5-0.5B,1,0.041666666666666664,mean,en,ko,r5,256,512,raw,ok,0.2109375
Qwen/Qwen2.5-0.5B,1,0.041666666666666664,mean,en,ko,r5,256,512,aligned,ok,0.498046875
Qwen/Qwen2.5-0.5B,1,0.041666666666666664,mean,en,ko,r5,256,512,delta,ok,0.287109375
Qwen/Qwen2.5-0.5B,1,0.041666666666666664,mean,en,ko,r10,256,512,raw,ok,0.2890625
Qwen/Qwen2.5-0.5B,1,0.041666666666666664,mean,en,ko,r10,256,512,aligned,ok,0.62890625
Qwen/Qwen2.5-0.5B,1,0.041666666666666664,mean,en,ko,r10,256,512,delta,ok,0.33984375
Qwen/Qwen2.5-0.5B,1,0.041666666666666664,mean,en,ko,mrr,256,512,raw,ok,0.1375303901205182
Qwen/Qwen2.5-0.5B,1,0.041666666666666664,mean,en,ko,mrr,256,512,aligned,ok,0.39457819879462275
Qwen/Qwen2.5-0.5B,1,0.041666666666666664,mean,en,ko,mrr,256,512,delta,ok,0.25704780867410454
Qwen/Qwen2.5-0.5B,1,0.041666666666666664,mean,ko,en,r1,256,512,raw,ok,0.138671875
Qwen/Qwen2.5-0.5B,1,0.041666666666666664,mean,ko,en,r1,256,512,aligned,ok,0.236328125
Qwen/Qwen2.5-0.5B,1,0.041666666666666664,mean,ko,en,r1,256,512,delta,ok,0.09765625
Qwen/Qwen2.5-0.5B,1,0.041666666666666664,mean,ko,en,r5,256,512,raw,ok,0.2578125
Qwen/Qwen2.5-0.5B,1,0.041666666666666664,mean,ko,en,r5,256,512,aligned,ok,0.486328125
Qwen/Qwen2.5-0.5B,1,0.041666666666666664,mean,ko,en,r5,256,512,delta,ok,0.228515625
Qwen/Qwen2.5-0.5B,1,0.041666666666666664,mean,ko,en,r10,256,512,raw,ok,0.337890625
Qwen/Qwen2.5-0.5B,1,0.041666666666666664,mean,ko,en,r10,256,512,aligned,ok,0.626953125
Qwen/Qwen2.5-0.5B,1,0.041666666666666664,mean,ko,en,r10,256,512,delta,ok,0.2890625
Qwen/Qwen2.5-0.5B,1,0.041666666666666664,mean,ko,en,mrr,256,512,raw,ok,0.20656049607363874
Qwen/Qwen2.5-0.5B,1,0.041666666666666664,mean,ko,en,mrr,256,512,aligned,ok,0.35623853693896435
Qwen/Qwen2.5-0.5B,1,0.041666666666666664,mean,ko,en,mrr,256,512,delta,ok,0.1496780408653256
Qwen/Qwen2.5-0.5B,1,0.041666666666666664,mean,en,ja,r1,256,512,raw,ok,0.16796875
Qwen/Qwen2.5-0.5B,1,0.041666666666666664,mean,en,ja,r1,256,512,aligned,ok,0.484375
Qwen/Qwen2.5-0.5B,1,0.041666666666666664,mean,en,ja,r1,256,512,delta,ok,0.31640625
Qwen/Qwen2.5-0.5B,1,0.041666666666666664,mean,en,ja,r5,256,512,raw,ok,0.36328125
Qwen/Qwen2.5-0.5B,1,0.041666666666666664,mean,en,ja,r5,256,512,aligned,ok,0.728515625
Qwen/Qwen2.5-0.5B,1,0.041666666666666664,mean,en,ja,r5,256,512,delta,ok,0.365234375
Qwen/Qwen2.5-0.5B,1,0.041666666666666664,mean,en,ja,r10,256,512,raw,ok,0.46875
Qwen/Qwen2.5-0.5B,1,0.041666666666666664,mean,en,ja,r10,256,512,aligned,ok,0.822265625
Qwen/Qwen2.5-0.5B,1,0.041666666666666664,mean,en,ja,r10,256,512,delta,ok,0.353515625
Qwen/Qwen2.5-0.5B,1,0.041666666666666664,mean,en,ja,mrr,256,512,raw,ok,0.2689531238454218
Qwen/Qwen2.5-0.5B,1,0.041666666666666664,mean,en,ja,mrr,256,512,aligned,ok,0.5959194179357995
Qwen/Qwen2.5-0.5B,1,0.041666666666666664,mean,en,ja,mrr,256,512,delta,ok,0.3269662940903777
Qwen/Qwen2.5-0.5B,1,0.041666666666666664,mean,ja,en,r1,256,512,raw,ok,0.412109375
Qwen/Qwen2.5-0.5B,1,0.041666666666666664,mean,ja,en,r1,256,512,aligned,ok,0.439453125
Qwen/Qwen2.5-0.5B,1,0.041666666666666664,mean,ja,en,r1,256,512,delta,ok,0.02734375
Qwen/Qwen2.5-0.5B,1,0.041666666666666664,mean,ja,en,r5,256,512,raw,ok,0.640625
Qwen/Qwen2.5-0.5B,1,0.041666666666666664,mean,ja,en,r5,256,512,aligned,ok,0.708984375
Qwen/Qwen2.5-0.5B,1,0.041666666666666664,mean,ja,en,r5,256,512,delta,ok,0.068359375
Qwen/Qwen2.5-0.5B,1,0.041666666666666664,mean,ja,en,r10,256,512,raw,ok,0.728515625
Qwen/Qwen2.5-0.5B,1,0.041666666666666664,mean,ja,en,r10,256,512,aligned,ok,0.833984375
Qwen/Qwen2.5-0.5B,1,0.041666666666666664,mean,ja,en,r10,256,512,delta,ok,0.10546875
Qwen/Qwen2.5-0.5B,1,0.041666666666666664,mean,ja,en,mrr,256,512,raw,ok,0.521632459955614
Qwen/Qwen2.5-0.5B,1,0.041666666666666664,mean,ja,en,mrr,256,512,aligned,ok,0.565598561314757
Qwen/Qwen2.5-0.5B,1,0.041666666666666664,mean,ja,en,mrr,256,512,delta,ok,0.04396610135914303
Qwen/Qwen2.5-0.5B,1,0.041666666666666664,mean,en,zh,r1,256,512,raw,ok,0.814453125
Qwen/Qwen2.5-0.5B,1,0.041666666666666664,mean,en,zh,r1,256,512,aligned,ok,0.810546875
Qwen/Qwen2.5-0.5B,1,0.041666666666666664,mean,en,zh,r1,256,512,delta,ok,-0.00390625
Qwen/Qwen2.5-0.5B,1,0.041666666666666664,mean,en,zh,r5,256,512,raw,ok,0.931640625
Qwen/Qwen2.5-0.5B,1,0.041666666666666664,mean,en,zh,r5,256,512,aligned,ok,0.947265625
Qwen/Qwen2.5-0.5B,1,0.041666666666666664,mean,en,zh,r5,256,512,delta,ok,0.015625
Qwen/Qwen2.5-0.5B,1,0.041666666666666664,mean,en,zh,r10,256,512,raw,ok,0.94921875
Qwen/Qwen2.5-0.5B,1,0.041666666666666664,mean,en,zh,r10,256,512,aligned,ok,0.974609375
Qwen/Qwen2.5-0.5B,1,0.041666666666666664,mean,en,zh,r10,256,512,delta,ok,0.025390625
Qwen/Qwen2.5-0.5B,1,0.041666666666666664,mean,en,zh,mrr,256,512,raw,ok,0.866871383682206
Qwen/Qwen2.5-0.5B,1,0.041666666666666664,mean,en,zh,mrr,256,512,aligned,ok,0.8715383871094139
Qwen/Qwen2.5-0.5B,1,0.041666666666666664,mean,en,zh,mrr,256,512,delta,ok,0.004667003427207939
Qwen/Qwen2.5-0.5B,1,0.041666666666666664,mean,zh,en,r1,256,512,raw,ok,0.9453125
Qwen/Qwen2.5-0.5B,1,0.041666666666666664,mean,zh,en,r1,256,512,aligned,ok,0.75390625
Qwen/Qwen2.5-0.5B,1,0.041666666666666664,mean,zh,en,r1,256,512,delta,ok,-0.19140625
Qwen/Qwen2.5-0.5B,1,0.041666666666666664,mean,zh,en,r5,256,512,raw,ok,0.982421875
Qwen/Qwen2.5-0.5B,1,0.041666666666666664,mean,zh,en,r5,256,512,aligned,ok,0.93359375
Qwen/Qwen2.5-0.5B,1,0.041666666666666664,mean,zh,en,r5,256,512,delta,ok,-0.048828125
Qwen/Qwen2.5-0.5B,1,0.041666666666666664,mean,zh,en,r10,256,512,raw,ok,0.994140625
Qwen/Qwen2.5-0.5B,1,0.041666666666666664,mean,zh,en,r10,256,512,aligned,ok,0.96484375
Qwen/Qwen2.5-0.5B,1,0.041666666666666664,mean,zh,en,r10,256,512,delta,ok,-0.029296875
Qwen/Qwen2.5-0.5B,1,0.041666666666666664,mean,zh,en,mrr,256,512,raw,ok,0.9630378152949645
Qwen/Qwen2.5-0.5B,1,0.041666666666666664,mean,zh,en,mrr,256,512,aligned,ok,0.8310859811951004
Qwen/Qwen2.5-0.5B,1,0.041666666666666664,mean,zh,en,mrr,256,512,delta,ok,-0.1319518340998641
Qwen/Qwen2.5-0.5B,1,0.041666666666666664,mean,ko,ja,r1,256,512,raw,ok,0.228515625
Qwen/Qwen2.5-0.5B,1,0.041666666666666664,mean,ko,ja,r1,256,512,aligned,ok,0.18359375
Qwen/Qwen2.5-0.5B,1,0.041666666666666664,mean,ko,ja,r1,256,512,delta,ok,-0.044921875
Qwen/Qwen2.5-0.5B,1,0.041666666666666664,mean,ko,ja,r5,256,512,raw,ok,0.37890625
Qwen/Qwen2.5-0.5B,1,0.041666666666666664,mean,ko,ja,r5,256,512,aligned,ok,0.400390625
Qwen/Qwen2.5-0.5B,1,0.041666666666666664,mean,ko,ja,r5,256,512,delta,ok,0.021484375
Qwen/Qwen2.5-0.5B,1,0.041666666666666664,mean,ko,ja,r10,256,512,raw,ok,0.47265625
Qwen/Qwen2.5-0.5B,1,0.041666666666666664,mean,ko,ja,r10,256,512,aligned,ok,0.513671875
Qwen/Qwen2.5-0.5B,1,0.041666666666666664,mean,ko,ja,r10,256,512,delta,ok,0.041015625
Qwen/Qwen2.5-0.5B,1,0.041666666666666664,mean,ko,ja,mrr,256,512,raw,ok,0.31243263088437995
Qwen/Qwen2.5-0.5B,1,0.041666666666666664,mean,ko,ja,mrr,256,512,aligned,ok,0.2926580665728733
Qwen/Qwen2.5-0.5B,1,0.041666666666666664,mean,ko,ja,mrr,256,512,delta,ok,-0.01977456431150665
Qwen/Qwen2.5-0.5B,1,0.041666666666666664,mean,ja,ko,r1,256,512,raw,ok,0.2734375
Qwen/Qwen2.5-0.5B,1,0.041666666666666664,mean,ja,ko,r1,256,512,aligned,ok,0.19921875
Qwen/Qwen2.5-0.5B,1,0.041666666666666664,mean,ja,ko,r1,256,512,delta,ok,-0.07421875
Qwen/Qwen2.5-0.5B,1,0.041666666666666664,mean,ja,ko,r5,256,512,raw,ok,0.408203125
Qwen/Qwen2.5-0.5B,1,0.041666666666666664,mean,ja,ko,r5,256,512,aligned,ok,0.345703125
Qwen/Qwen2.5-0.5B,1,0.041666666666666664,mean,ja,ko,r5,256,512,delta,ok,-0.0625
Qwen/Qwen2.5-0.5B,1,0.041666666666666664,mean,ja,ko,r10,256,512,raw,ok,0.494140625
Qwen/Qwen2.5-0.5B,1,0.041666666666666664,mean,ja,ko,r10,256,512,aligned,ok,0.470703125
Qwen/Qwen2.5-0.5B,1,0.041666666666666664,mean,ja,ko,r10,256,512,delta,ok,-0.0234375
Qwen/Qwen2.5-0.5B,1,0.041666666666666664,mean,ja,ko,mrr,256,512,raw,ok,0.34563316752084716
Qwen/Qwen2.5-0.5B,1,0.041666666666666664,mean,ja,ko,mrr,256,512,aligned,ok,0.28790715097240666
Qwen/Qwen2.5-0.5B,1,0.041666666666666664,mean,ja,ko,mrr,256,512,delta,ok,-0.057726016548440506
Qwen/Qwen2.5-0.5B,1,0.041666666666666664,mean,ko,zh,r1,256,512,raw,ok,0.064453125
Qwen/Qwen2.5-0.5B,1,0.041666666666666664,mean,ko,zh,r1,256,512,aligned,ok,0.171875
Qwen/Qwen2.5-0.5B,1,0.041666666666666664,mean,ko,zh,r1,256,512,delta,ok,0.107421875
Qwen/Qwen2.5-0.5B,1,0.041666666666666664,mean,ko,zh,r5,256,512,raw,ok,0.154296875
Qwen/Qwen2.5-0.5B,1,0.041666666666666664,mean,ko,zh,r5,256,512,aligned,ok,0.37109375
Qwen/Qwen2.5-0.5B,1,0.041666666666666664,mean,ko,zh,r5,256,512,delta,ok,0.216796875
Qwen/Qwen2.5-0.5B,1,0.041666666666666664,mean,ko,zh,r10,256,512,raw,ok,0.224609375
Qwen/Qwen2.5-0.5B,1,0.041666666666666664,mean,ko,zh,r10,256,512,aligned,ok,0.494140625
Qwen/Qwen2.5-0.5B,1,0.041666666666666664,mean,ko,zh,r10,256,512,delta,ok,0.26953125
Qwen/Qwen2.5-0.5B,1,0.041666666666666664,mean,ko,zh,mrr,256,512,raw,ok,0.12540180183982338
Qwen/Qwen2.5-0.5B,1,0.041666666666666664,mean,ko,zh,mrr,256,512,aligned,ok,0.2749951573314616
Qwen/Qwen2.5-0.5B,1,0.041666666666666664,mean,ko,zh,mrr,256,512,delta,ok,0.14959335549163824
Qwen/Qwen2.5-0.5B,1,0.041666666666666664,mean,zh,ko,r1,256,512,raw,ok,0.1171875
Qwen/Qwen2.5-0.5B,1,0.041666666666666664,mean,zh,ko,r1,256,512,aligned,ok,0.16796875
Qwen/Qwen2.5-0.5B,1,0.041666666666666664,mean,zh,ko,r1,256,512,delta,ok,0.05078125
Qwen/Qwen2.5-0.5B,1,0.041666666666666664,mean,zh,ko,r5,256,512,raw,ok,0.298828125
Qwen/Qwen2.5-0.5B,1,0.041666666666666664,mean,zh,ko,r5,256,512,aligned,ok,0.359375
Qwen/Qwen2.5-0.5B,1,0.041666666666666664,mean,zh,ko,r5,256,512,delta,ok,0.060546875
Qwen/Qwen2.5-0.5B,1,0.041666666666666664,mean,zh,ko,r10,256,512,raw,ok,0.396484375
Qwen/Qwen2.5-0.5B,1,0.041666666666666664,mean,zh,ko,r10,256,512,aligned,ok,0.46484375
Qwen/Qwen2.5-0.5B,1,0.041666666666666664,mean,zh,ko,r10,256,512,delta,ok,0.068359375
Qwen/Qwen2.5-0.5B,1,0.041666666666666664,mean,zh,ko,mrr,256,512,raw,ok,0.21005900347350082
Qwen/Qwen2.5-0.5B,1,0.041666666666666664,mean,zh,ko,mrr,256,512,aligned,ok,0.26685042726116626
Qwen/Qwen2.5-0.5B,1,0.041666666666666664,mean,zh,ko,mrr,256,512,delta,ok,0.05679142378766544
Qwen/Qwen2.5-0.5B,1,0.041666666666666664,mean,ja,zh,r1,256,512,raw,ok,0.443359375
Qwen/Qwen2.5-0.5B,1,0.041666666666666664,mean,ja,zh,r1,256,512,aligned,ok,0.451171875
Qwen/Qwen2.5-0.5B,1,0.041666666666666664,mean,ja,zh,r1,256,512,delta,ok,0.0078125
Qwen/Qwen2.5-0.5B,1,0.041666666666666664,mean,ja,zh,r5,256,512,raw,ok,0.634765625
Qwen/Qwen2.5-0.5B,1,0.041666666666666664,mean,ja,zh,r5,256,512,aligned,ok,0.703125
Qwen/Qwen2.5-0.5B,1,0.041666666666666664,mean,ja,zh,r5,256,512,delta,ok,0.068359375
Qwen/Qwen2.5-0.5B,1,0.041666666666666664,mean,ja,zh,r10,256,512,raw,ok,0.7109375
Qwen/Qwen2.5-0.5B,1,0.041666666666666664,mean,ja,zh,r10,256,512,aligned,ok,0.78125
Qwen/Qwen2.5-0.5B,1,0.041666666666666664,mean,ja,zh,r10,256,512,delta,ok,0.0703125
Qwen/Qwen2.5-0.5B,1,0.041666666666666664,mean,ja,zh,mrr,256,512,raw,ok,0.5322268619795867
Qwen/Qwen2.5-0.5B,1,0.041666666666666664,mean,ja,zh,mrr,256,512,aligned,ok,0.5634431925200483
Qwen/Qwen2.5-0.5B,1,0.041666666666666664,mean,ja,zh,mrr,256,512,delta,ok,0.03121633054046158
Qwen/Qwen2.5-0.5B,1,0.041666666666666664,mean,zh,ja,r1,256,512,raw,ok,0.37109375
Qwen/Qwen2.5-0.5B,1,0.041666666666666664,mean,zh,ja,r1,256,512,aligned,ok,0.44140625
Qwen/Qwen2.5-0.5B,1,0.041666666666666664,mean,zh,ja,r1,256,512,delta,ok,0.0703125
Qwen/Qwen2.5-0.5B,1,0.041666666666666664,mean,zh,ja,r5,256,512,raw,ok,0.587890625
Qwen/Qwen2.5-0.5B,1,0.041666666666666664,mean,zh,ja,r5,256,512,aligned,ok,0.66015625
Qwen/Qwen2.5-0.5B,1,0.041666666666666664,mean,zh,ja,r5,256,512,delta,ok,0.072265625
Qwen/Qwen2.5-0.5B,1,0.041666666666666664,mean,zh,ja,r10,256,512,raw,ok,0.671875
Qwen/Qwen2.5-0.5B,1,0.041666666666666664,mean,zh,ja,r10,256,512,aligned,ok,0.763671875
Qwen/Qwen2.5-0.5B,1,0.041666666666666664,mean,zh,ja,r10,256,512,delta,ok,0.091796875
Qwen/Qwen2.5-0.5B,1,0.041666666666666664,mean,zh,ja,mrr,256,512,raw,ok,0.4755620120909103
Qwen/Qwen2.5-0.5B,1,0.041666666666666664,mean,zh,ja,mrr,256,512,aligned,ok,0.5435530836770528
Qwen/Qwen2.5-0.5B,1,0.041666666666666664,mean,zh,ja,mrr,256,512,delta,ok,0.06799107158614248
Qwen/Qwen2.5-0.5B,2,0.08333333333333333,mean,en,ko,r1,256,512,raw,ok,0.041015625
Qwen/Qwen2.5-0.5B,2,0.08333333333333333,mean,en,ko,r1,256,512,aligned,ok,0.33984375
Qwen/Qwen2.5-0.5B,2,0.08333333333333333,mean,en,ko,r1,256,512,delta,ok,0.298828125
Qwen/Qwen2.5-0.5B,2,0.08333333333333333,mean,en,ko,r5,256,512,raw,ok,0.1328125
Qwen/Qwen2.5-0.5B,2,0.08333333333333333,mean,en,ko,r5,256,512,aligned,ok,0.607421875
Qwen/Qwen2.5-0.5B,2,0.08333333333333333,mean,en,ko,r5,256,512,delta,ok,0.474609375
Qwen/Qwen2.5-0.5B,2,0.08333333333333333,mean,en,ko,r10,256,512,raw,ok,0.1875
Qwen/Qwen2.5-0.5B,2,0.08333333333333333,mean,en,ko,r10,256,512,aligned,ok,0.72265625
Qwen/Qwen2.5-0.5B,2,0.08333333333333333,mean,en,ko,r10,256,512,delta,ok,0.53515625
Qwen/Qwen2.5-0.5B,2,0.08333333333333333,mean,en,ko,mrr,256,512,raw,ok,0.09727826868094491
Qwen/Qwen2.5-0.5B,2,0.08333333333333333,mean,en,ko,mrr,256,512,aligned,ok,0.4668786220308762
Qwen/Qwen2.5-0.5B,2,0.08333333333333333,mean,en,ko,mrr,256,512,delta,ok,0.3696003533499313
Qwen/Qwen2.5-0.5B,2,0.08333333333333333,mean,ko,en,r1,256,512,raw,ok,0.1328125
Qwen/Qwen2.5-0.5B,2,0.08333333333333333,mean,ko,en,r1,256,512,aligned,ok,0.328125
Qwen/Qwen2.5-0.5B,2,0.08333333333333333,mean,ko,en,r1,256,512,delta,ok,0.1953125
Qwen/Qwen2.5-0.5B,2,0.08333333333333333,mean,ko,en,r5,256,512,raw,ok,0.244140625
Qwen/Qwen2.5-0.5B,2,0.08333333333333333,mean,ko,en,r5,256,512,aligned,ok,0.63671875
Qwen/Qwen2.5-0.5B,2,0.08333333333333333,mean,ko,en,r5,256,512,delta,ok,0.392578125
Qwen/Qwen2.5-0.5B,2,0.08333333333333333,mean,ko,en,r10,256,512,raw,ok,0.328125
Qwen/Qwen2.5-0.5B,2,0.08333333333333333,mean,ko,en,r10,256,512,aligned,ok,0.740234375
Qwen/Qwen2.5-0.5B,2,0.08333333333333333,mean,ko,en,r10,256,512,delta,ok,0.412109375
Qwen/Qwen2.5-0.5B,2,0.08333333333333333,mean,ko,en,mrr,256,512,raw,ok,0.2023966312286875
Qwen/Qwen2.5-0.5B,2,0.08333333333333333,mean,ko,en,mrr,256,512,aligned,ok,0.46598026925901576
Qwen/Qwen2.5-0.5B,2,0.08333333333333333,mean,ko,en,mrr,256,512,delta,ok,0.26358363803032825
Qwen/Qwen2.5-0.5B,2,0.08333333333333333,mean,en,ja,r1,256,512,raw,ok,0.06640625
Qwen/Qwen2.5-0.5B,2,0.08333333333333333,mean,en,ja,r1,256,512,aligned,ok,0.53515625
Qwen/Qwen2.5-0.5B,2,0.08333333333333333,mean,en,ja,r1,256,512,delta,ok,0.46875
Qwen/Qwen2.5-0.5B,2,0.08333333333333333,mean,en,ja,r5,256,512,raw,ok,0.240234375
Qwen/Qwen2.5-0.5B,2,0.08333333333333333,mean,en,ja,r5,256,512,aligned,ok,0.7890625
Qwen/Qwen2.5-0.5B,2,0.08333333333333333,mean,en,ja,r5,256,512,delta,ok,0.548828125
Qwen/Qwen2.5-0.5B,2,0.08333333333333333,mean,en,ja,r10,256,512,raw,ok,0.37890625
Qwen/Qwen2.5-0.5B,2,0.08333333333333333,mean,en,ja,r10,256,512,aligned,ok,0.876953125
Qwen/Qwen2.5-0.5B,2,0.08333333333333333,mean,en,ja,r10,256,512,delta,ok,0.498046875
Qwen/Qwen2.5-0.5B,2,0.08333333333333333,mean,en,ja,mrr,256,512,raw,ok,0.16385025756019456
Qwen/Qwen2.5-0.5B,2,0.08333333333333333,mean,en,ja,mrr,256,512,aligned,ok,0.6512893526674686
Qwen/Qwen2.5-0.5B,2,0.08333333333333333,mean,en,ja,mrr,256,512,delta,ok,0.487439095107274
Qwen/Qwen2.5-0.5B,2,0.08333333333333333,mean,ja,en,r1,256,512,raw,ok,0.4140625
Qwen/Qwen2.5-0.5B,2,0.08333333333333333,mean,ja,en,r1,256,512,aligned,ok,0.5390625
Qwen/Qwen2.5-0.5B,2,0.08333333333333333,mean,ja,en,r1,256,512,delta,ok,0.125
Qwen/Qwen2.5-0.5B,2,0.08333333333333333,mean,ja,en,r5,256,512,raw,ok,0.62890625
Qwen/Qwen2.5-0.5B,2,0.08333333333333333,mean,ja,en,r5,256,512,aligned,ok,0.78515625
Qwen/Qwen2.5-0.5B,2,0.08333333333333333,mean,ja,en,r5,256,512,delta,ok,0.15625
Qwen/Qwen2.5-0.5B,2,0.08333333333333333,mean,ja,en,r10,256,512,raw,ok,0.69921875
Qwen/Qwen2.5-0.5B,2,0.08333333333333333,mean,ja,en,r10,256,512,aligned,ok,0.87109375
Qwen/Qwen2.5-0.5B,2,0.08333333333333333,mean,ja,en,r10,256,512,delta,ok,0.171875
Qwen/Qwen2.5-0.5B,2,0.08333333333333333,mean,ja,en,mrr,256,512,raw,ok,0.5140036661385714
Qwen/Qwen2.5-0.5B,2,0.08333333333333333,mean,ja,en,mrr,256,512,aligned,ok,0.6518597136354995
Qwen/Qwen2.5-0.5B,2,0.08333333333333333,mean,ja,en,mrr,256,512,delta,ok,0.13785604749692815
Qwen/Qwen2.5-0.5B,2,0.08333333333333333,mean,en,zh,r1,256,512,raw,ok,0.77734375
Qwen/Qwen2.5-0.5B,2,0.08333333333333333,mean,en,zh,r1,256,512,aligned,ok,0.826171875
Qwen/Qwen2.5-0.5B,2,0.08333333333333333,mean,en,zh,r1,256,512,delta,ok,0.048828125
Qwen/Qwen2.5-0.5B,2,0.08333333333333333,mean,en,zh,r5,256,512,raw,ok,0.896484375
Qwen/Qwen2.5-0.5B,2,0.08333333333333333,mean,en,zh,r5,256,512,aligned,ok,0.96875
Qwen/Qwen2.5-0.5B,2,0.08333333333333333,mean,en,zh,r5,256,512,delta,ok,0.072265625
Qwen/Qwen2.5-0.5B,2,0.08333333333333333,mean,en,zh,r10,256,512,raw,ok,0.935546875
Qwen/Qwen2.5-0.5B,2,0.08333333333333333,mean,en,zh,r10,256,512,aligned,ok,0.98828125
Qwen/Qwen2.5-0.5B,2,0.08333333333333333,mean,en,zh,r10,256,512,delta,ok,0.052734375
Qwen/Qwen2.5-0.5B,2,0.08333333333333333,mean,en,zh,mrr,256,512,raw,ok,0.8320177013419374
Qwen/Qwen2.5-0.5B,2,0.08333333333333333,mean,en,zh,mrr,256,512,aligned,ok,0.8910830908744198
Qwen/Qwen2.5-0.5B,2,0.08333333333333333,mean,en,zh,mrr,256,512,delta,ok,0.059065389532482415
Qwen/Qwen2.5-0.5B,2,0.08333333333333333,mean,zh,en,r1,256,512,raw,ok,0.953125
Qwen/Qwen2.5-0.5B,2,0.08333333333333333,mean,zh,en,r1,256,512,aligned,ok,0.794921875
Qwen/Qwen2.5-0.5B,2,0.08333333333333333,mean,zh,en,r1,256,512,delta,ok,-0.158203125
Qwen/Qwen2.5-0.5B,2,0.08333333333333333,mean,zh,en,r5,256,512,raw,ok,0.984375
Qwen/Qwen2.5-0.5B,2,0.08333333333333333,mean,zh,en,r5,256,512,aligned,ok,0.953125
Qwen/Qwen2.5-0.5B,2,0.08333333333333333,mean,zh,en,r5,256,512,delta,ok,-0.03125
Qwen/Qwen2.5-0.5B,2,0.08333333333333333,mean,zh,en,r10,256,512,raw,ok,0.986328125
Qwen/Qwen2.5-0.5B,2,0.08333333333333333,mean,zh,en,r10,256,512,aligned,ok,0.974609375
Qwen/Qwen2.5-0.5B,2,0.08333333333333333,mean,zh,en,r10,256,512,delta,ok,-0.01171875
Qwen/Qwen2.5-0.5B,2,0.08333333333333333,mean,zh,en,mrr,256,512,raw,ok,0.9673292259640943
Qwen/Qwen2.5-0.5B,2,0.08333333333333333,mean,zh,en,mrr,256,512,aligned,ok,0.8660727040078487
Qwen/Qwen2.5-0.5B,2,0.08333333333333333,mean,zh,en,mrr,256,512,delta,ok,-0.10125652195624557
Qwen/Qwen2.5-0.5B,2,0.08333333333333333,mean,ko,ja,r1,256,512,raw,ok,0.2265625
Qwen/Qwen2.5-0.5B,2,0.08333333333333333,mean,ko,ja,r1,256,512,aligned,ok,0.25390625
Qwen/Qwen2.5-0.5B,2,0.08333333333333333,mean,ko,ja,r1,256,512,delta,ok,0.02734375
Qwen/Qwen2.5-0.5B,2,0.08333333333333333,mean,ko,ja,r5,256,512,raw,ok,0.384765625
Qwen/Qwen2.5-0.5B,2,0.08333333333333333,mean,ko,ja,r5,256,512,aligned,ok,0.53125
Qwen/Qwen2.5-0.5B,2,0.08333333333333333,mean,ko,ja,r5,256,512,delta,ok,0.146484375
Qwen/Qwen2.5-0.5B,2,0.08333333333333333,mean,ko,ja,r10,256,512,raw,ok,0.46484375
Qwen/Qwen2.5-0.5B,2,0.08333333333333333,mean,ko,ja,r10,256,512,aligned,ok,0.650390625
Qwen/Qwen2.5-0.5B,2,0.08333333333333333,mean,ko,ja,r10,256,512,delta,ok,0.185546875
Qwen/Qwen2.5-0.5B,2,0.08333333333333333,mean,ko,ja,mrr,256,512,raw,ok,0.31059933499900333
Qwen/Qwen2.5-0.5B,2,0.08333333333333333,mean,ko,ja,mrr,256,512,aligned,ok,0.38187308188665503
Qwen/Qwen2.5-0.5B,2,0.08333333333333333,mean,ko,ja,mrr,256,512,delta,ok,0.0712737468876517
Qwen/Qwen2.5-0.5B,2,0.08333333333333333,mean,ja,ko,r1,256,512,raw,ok,0.3125
Qwen/Qwen2.5-0.5B,2,0.08333333333333333,mean,ja,ko,r1,256,512,aligned,ok,0.259765625
Qwen/Qwen2.5-0.5B,2,0.08333333333333333,mean,ja,ko,r1,256,512,delta,ok,-0.052734375
Qwen/Qwen2.5-0.5B,2,0.08333333333333333,mean,ja,ko,r5,256,512,raw,ok,0.501953125
Qwen/Qwen2.5-0.5B,2,0.08333333333333333,mean,ja,ko,r5,256,512,aligned,ok,0.490234375
Qwen/Qwen2.5-0.5B,2,0.08333333333333333,mean,ja,ko,r5,256,512,delta,ok,-0.01171875
Qwen/Qwen2.5-0.5B,2,0.08333333333333333,mean,ja,ko,r10,256,512,raw,ok,0.58984375
Qwen/Qwen2.5-0.5B,2,0.08333333333333333,mean,ja,ko,r10,256,512,aligned,ok,0.609375
Qwen/Qwen2.5-0.5B,2,0.08333333333333333,mean,ja,ko,r10,256,512,delta,ok,0.01953125
Qwen/Qwen2.5-0.5B,2,0.08333333333333333,mean,ja,ko,mrr,256,512,raw,ok,0.40744695967691635
Qwen/Qwen2.5-0.5B,2,0.08333333333333333,mean,ja,ko,mrr,256,512,aligned,ok,0.37192468667797834
Qwen/Qwen2.5-0.5B,2,0.08333333333333333,mean,ja,ko,mrr,256,512,delta,ok,-0.03552227299893801
Qwen/Qwen2.5-0.5B,2,0.08333333333333333,mean,ko,zh,r1,256,512,raw,ok,0.08984375
Qwen/Qwen2.5-0.5B,2,0.08333333333333333,mean,ko,zh,r1,256,512,aligned,ok,0.23828125
Qwen/Qwen2.5-0.5B,2,0.08333333333333333,mean,ko,zh,r1,256,512,delta,ok,0.1484375
Qwen/Qwen2.5-0.5B,2,0.08333333333333333,mean,ko,zh,r5,256,512,raw,ok,0.1953125
Qwen/Qwen2.5-0.5B,2,0.08333333333333333,mean,ko,zh,r5,256,512,aligned,ok,0.494140625
Qwen/Qwen2.5-0.5B,2,0.08333333333333333,mean,ko,zh,r5,256,512,delta,ok,0.298828125
Qwen/Qwen2.5-0.5B,2,0.08333333333333333,mean,ko,zh,r10,256,512,raw,ok,0.2734375
Qwen/Qwen2.5-0.5B,2,0.08333333333333333,mean,ko,zh,r10,256,512,aligned,ok,0.62109375
Qwen/Qwen2.5-0.5B,2,0.08333333333333333,mean,ko,zh,r10,256,512,delta,ok,0.34765625
Qwen/Qwen2.5-0.5B,2,0.08333333333333333,mean,ko,zh,mrr,256,512,raw,ok,0.1545995901760916
Qwen/Qwen2.5-0.5B,2,0.08333333333333333,mean,ko,zh,mrr,256,512,aligned,ok,0.363526196662439
Qwen/Qwen2.5-0.5B,2,0.08333333333333333,mean,ko,zh,mrr,256,512,delta,ok,0.20892660648634742
Qwen/Qwen2.5-0.5B,2,0.08333333333333333,mean,zh,ko,r1,256,512,raw,ok,0.107421875
Qwen/Qwen2.5-0.5B,2,0.08333333333333333,mean,zh,ko,r1,256,512,aligned,ok,0.23828125
Qwen/Qwen2.5-0.5B,2,0.08333333333333333,mean,zh,ko,r1,256,512,delta,ok,0.130859375
Qwen/Qwen2.5-0.5B,2,0.08333333333333333,mean,zh,ko,r5,256,512,raw,ok,0.236328125
Qwen/Qwen2.5-0.5B,2,0.08333333333333333,mean,zh,ko,r5,256,512,aligned,ok,0.46875
Qwen/Qwen2.5-0.5B,2,0.08333333333333333,mean,zh,ko,r5,256,512,delta,ok,0.232421875
Qwen/Qwen2.5-0.5B,2,0.08333333333333333,mean,zh,ko,r10,256,512,raw,ok,0.3125
Qwen/Qwen2.5-0.5B,2,0.08333333333333333,mean,zh,ko,r10,256,512,aligned,ok,0.5625
Qwen/Qwen2.5-0.5B,2,0.08333333333333333,mean,zh,ko,r10,256,512,delta,ok,0.25
Qwen/Qwen2.5-0.5B,2,0.08333333333333333,mean,zh,ko,mrr,256,512,raw,ok,0.18125572555808359
Qwen/Qwen2.5-0.5B,2,0.08333333333333333,mean,zh,ko,mrr,256,512,aligned,ok,0.3466809157658638
Qwen/Qwen2.5-0.5B,2,0.08333333333333333,mean,zh,ko,mrr,256,512,delta,ok,0.1654251902077802
Qwen/Qwen2.5-0.5B,2,0.08333333333333333,mean,ja,zh,r1,256,512,raw,ok,0.392578125
Qwen/Qwen2.5-0.5B,2,0.08333333333333333,mean,ja,zh,r1,256,512,aligned,ok,0.521484375
Qwen/Qwen2.5-0.5B,2,0.08333333333333333,mean,ja,zh,r1,256,512,delta,ok,0.12890625
Qwen/Qwen2.5-0.5B,2,0.08333333333333333,mean,ja,zh,r5,256,512,raw,ok,0.619140625
Qwen/Qwen2.5-0.5B,2,0.08333333333333333,mean,ja,zh,r5,256,512,aligned,ok,0.78125
Qwen/Qwen2.5-0.5B,2,0.08333333333333333,mean,ja,zh,r5,256,512,delta,ok,0.162109375
Qwen/Qwen2.5-0.5B,2,0.08333333333333333,mean,ja,zh,r10,256,512,raw,ok,0.70703125
Qwen/Qwen2.5-0.5B,2,0.08333333333333333,mean,ja,zh,r10,256,512,aligned,ok,0.849609375
Qwen/Qwen2.5-0.5B,2,0.08333333333333333,mean,ja,zh,r10,256,512,delta,ok,0.142578125
Qwen/Qwen2.5-0.5B,2,0.08333333333333333,mean,ja,zh,mrr,256,512,raw,ok,0.49826146587762277
Qwen/Qwen2.5-0.5B,2,0.08333333333333333,mean,ja,zh,mrr,256,512,aligned,ok,0.6349601307918159
Qwen/Qwen2.5-0.5B,2,0.08333333333333333,mean,ja,zh,mrr,256,512,delta,ok,0.13669866491419314
Qwen/Qwen2.5-0.5B,2,0.08333333333333333,mean,zh,ja,r1,256,512,raw,ok,0.33984375
Qwen/Qwen2.5-0.5B,2,0.08333333333333333,mean,zh,ja,r1,256,512,aligned,ok,0.482421875
Qwen/Qwen2.5-0.5B,2,0.08333333333333333,mean,zh,ja,r1,256,512,delta,ok,0.142578125
Qwen/Qwen2.5-0.5B,2,0.08333333333333333,mean,zh,ja,r5,256,512,raw,ok,0.560546875
Qwen/Qwen2.5-0.5B,2,0.08333333333333333,mean,zh,ja,r5,256,512,aligned,ok,0.73046875
Qwen/Qwen2.5-0.5B,2,0.08333333333333333,mean,zh,ja,r5,256,512,delta,ok,0.169921875
Qwen/Qwen2.5-0.5B,2,0.08333333333333333,mean,zh,ja,r10,256,512,raw,ok,0.662109375
Qwen/Qwen2.5-0.5B,2,0.08333333333333333,mean,zh,ja,r10,256,512,aligned,ok,0.830078125
Qwen/Qwen2.5-0.5B,2,0.08333333333333333,mean,zh,ja,r10,256,512,delta,ok,0.16796875
Qwen/Qwen2.5-0.5B,2,0.08333333333333333,mean,zh,ja,mrr,256,512,raw,ok,0.4419158622849746
Qwen/Qwen2.5-0.5B,2,0.08333333333333333,mean,zh,ja,mrr,256,512,aligned,ok,0.6002013305374038
Qwen/Qwen2.5-0.5B,2,0.08333333333333333,mean,zh,ja,mrr,256,512,delta,ok,0.15828546825242917
Qwen/Qwen2.5-0.5B,3,0.125,mean,en,ko,r1,256,512,raw,ok,0.0078125
Qwen/Qwen2.5-0.5B,3,0.125,mean,en,ko,r1,256,512,aligned,ok,0.0703125
Qwen/Qwen2.5-0.5B,3,0.125,mean,en,ko,r1,256,512,delta,ok,0.0625
Qwen/Qwen2.5-0.5B,3,0.125,mean,en,ko,r5,256,512,raw,ok,0.025390625
Qwen/Qwen2.5-0.5B,3,0.125,mean,en,ko,r5,256,512,aligned,ok,0.16015625
Qwen/Qwen2.5-0.5B,3,0.125,mean,en,ko,r5,256,512,delta,ok,0.134765625
Qwen/Qwen2.5-0.5B,3,0.125,mean,en,ko,r10,256,512,raw,ok,0.041015625
Qwen/Qwen2.5-0.5B,3,0.125,mean,en,ko,r10,256,512,aligned,ok,0.212890625
Qwen/Qwen2.5-0.5B,3,0.125,mean,en,ko,r10,256,512,delta,ok,0.171875
Qwen/Qwen2.5-0.5B,3,0.125,mean,en,ko,mrr,256,512,raw,ok,0.024971994136164313
Qwen/Qwen2.5-0.5B,3,0.125,mean,en,ko,mrr,256,512,aligned,ok,0.11952733633534296
Qwen/Qwen2.5-0.5B,3,0.125,mean,en,ko,mrr,256,512,delta,ok,0.09455534219917865
Qwen/Qwen2.5-0.5B,3,0.125,mean,ko,en,r1,256,512,raw,ok,0.23046875
Qwen/Qwen2.5-0.5B,3,0.125,mean,ko,en,r1,256,512,aligned,ok,0.111328125
Qwen/Qwen2.5-0.5B,3,0.125,mean,ko,en,r1,256,512,delta,ok,-0.119140625
Qwen/Qwen2.5-0.5B,3,0.125,mean,ko,en,r5,256,512,raw,ok,0.421875
Qwen/Qwen2.5-0.5B,3,0.125,mean,ko,en,r5,256,512,aligned,ok,0.20703125
Qwen/Qwen2.5-0.5B,3,0.125,mean,ko,en,r5,256,512,delta,ok,-0.21484375
Qwen/Qwen2.5-0.5B,3,0.125,mean,ko,en,r10,256,512,raw,ok,0.533203125
Qwen/Qwen2.5-0.5B,3,0.125,mean,ko,en,r10,256,512,aligned,ok,0.259765625
Qwen/Qwen2.5-0.5B,3,0.125,mean,ko,en,r10,256,512,delta,ok,-0.2734375
Qwen/Qwen2.5-0.5B,3,0.125,mean,ko,en,mrr,256,512,raw,ok,0.326684210824828
Qwen/Qwen2.5-0.5B,3,0.125,mean,ko,en,mrr,256,512,aligned,ok,0.16494501350703178
Qwen/Qwen2.5-0.5B,3,0.125,mean,ko,en,mrr,256,512,delta,ok,-0.16173919731779623
Qwen/Qwen2.5-0.5B,3,0.125,mean,en,ja,r1,256,512,raw,ok,0.02734375
Qwen/Qwen2.5-0.5B,3,0.125,mean,en,ja,r1,256,512,aligned,ok,0.119140625
Qwen/Qwen2.5-0.5B,3,0.125,mean,en,ja,r1,256,512,delta,ok,0.091796875
Qwen/Qwen2.5-0.5B,3,0.125,mean,en,ja,r5,256,512,raw,ok,0.060546875
Qwen/Qwen2.5-0.5B,3,0.125,mean,en,ja,r5,256,512,aligned,ok,0.208984375
Qwen/Qwen2.5-0.5B,3,0.125,mean,en,ja,r5,256,512,delta,ok,0.1484375
Qwen/Qwen2.5-0.5B,3,0.125,mean,en,ja,r10,256,512,raw,ok,0.083984375
Qwen/Qwen2.5-0.5B,3,0.125,mean,en,ja,r10,256,512,aligned,ok,0.255859375
Qwen/Qwen2.5-0.5B,3,0.125,mean,en,ja,r10,256,512,delta,ok,0.171875
Qwen/Qwen2.5-0.5B,3,0.125,mean,en,ja,mrr,256,512,raw,ok,0.05313792674442809
Qwen/Qwen2.5-0.5B,3,0.125,mean,en,ja,mrr,256,512,aligned,ok,0.16766386641014386
Qwen/Qwen2.5-0.5B,3,0.125,mean,en,ja,mrr,256,512,delta,ok,0.11452593966571577
Qwen/Qwen2.5-0.5B,3,0.125,mean,ja,en,r1,256,512,raw,ok,0.5078125
Qwen/Qwen2.5-0.5B,3,0.125,mean,ja,en,r1,256,512,aligned,ok,0.1640625
Qwen/Qwen2.5-0.5B,3,0.125,mean,ja,en,r1,256,512,delta,ok,-0.34375
Qwen/Qwen2.5-0.5B,3,0.125,mean,ja,en,r5,256,512,raw,ok,0.712890625
Qwen/Qwen2.5-0.5B,3,0.125,mean,ja,en,r5,256,512,aligned,ok,0.26171875
Qwen/Qwen2.5-0.5B,3,0.125,mean,ja,en,r5,256,512,delta,ok,-0.451171875
Qwen/Qwen2.5-0.5B,3,0.125,mean,ja,en,r10,256,512,raw,ok,0.771484375
Qwen/Qwen2.5-0.5B,3,0.125,mean,ja,en,r10,256,512,aligned,ok,0.302734375
Qwen/Qwen2.5-0.5B,3,0.125,mean,ja,en,r10,256,512,delta,ok,-0.46875
Qwen/Qwen2.5-0.5B,3,0.125,mean,ja,en,mrr,256,512,raw,ok,0.603111599608604
Qwen/Qwen2.5-0.5B,3,0.125,mean,ja,en,mrr,256,512,aligned,ok,0.21812246537763713
Qwen/Qwen2.5-0.5B,3,0.125,mean,ja,en,mrr,256,512,delta,ok,-0.3849891342309669
Qwen/Qwen2.5-0.5B,3,0.125,mean,en,zh,r1,256,512,raw,ok,0.541015625
Qwen/Qwen2.5-0.5B,3,0.125,mean,en,zh,r1,256,512,aligned,ok,0.283203125
Qwen/Qwen2.5-0.5B,3,0.125,mean,en,zh,r1,256,512,delta,ok,-0.2578125
Qwen/Qwen2.5-0.5B,3,0.125,mean,en,zh,r5,256,512,raw,ok,0.662109375
Qwen/Qwen2.5-0.5B,3,0.125,mean,en,zh,r5,256,512,aligned,ok,0.37109375
Qwen/Qwen2.5-0.5B,3,0.125,mean,en,zh,r5,256,512,delta,ok,-0.291015625
Qwen/Qwen2.5-0.5B,3,0.125,mean,en,zh,r10,256,512,raw,ok,0.69921875
Qwen/Qwen2.5-0.5B,3,0.125,mean,en,zh,r10,256,512,aligned,ok,0.3984375
Qwen/Qwen2.5-0.5B,3,0.125,mean,en,zh,r10,256,512,delta,ok,-0.30078125
Qwen/Qwen2.5-0.5B,3,0.125,mean,en,zh,mrr,256,512,raw,ok,0.5933380324117515
Qwen/Qwen2.5-0.5B,3,0.125,mean,en,zh,mrr,256,512,aligned,ok,0.33089715132805375
Qwen/Qwen2.5-0.5B,3,0.125,mean,en,zh,mrr,256,512,delta,ok,-0.2624408810836978
Qwen/Qwen2.5-0.5B,3,0.125,mean,zh,en,r1,256,512,raw,ok,0.732421875
Qwen/Qwen2.5-0.5B,3,0.125,mean,zh,en,r1,256,512,aligned,ok,0.185546875
Qwen/Qwen2.5-0.5B,3,0.125,mean,zh,en,r1,256,512,delta,ok,-0.546875
Qwen/Qwen2.5-0.5B,3,0.125,mean,zh,en,r5,256,512,raw,ok,0.82421875
Qwen/Qwen2.5-0.5B,3,0.125,mean,zh,en,r5,256,512,aligned,ok,0.298828125
Qwen/Qwen2.5-0.5B,3,0.125,mean,zh,en,r5,256,512,delta,ok,-0.525390625
Qwen/Qwen2.5-0.5B,3,0.125,mean,zh,en,r10,256,512,raw,ok,0.845703125
Qwen/Qwen2.5-0.5B,3,0.125,mean,zh,en,r10,256,512,aligned,ok,0.349609375
Qwen/Qwen2.5-0.5B,3,0.125,mean,zh,en,r10,256,512,delta,ok,-0.49609375
Qwen/Qwen2.5-0.5B,3,0.125,mean,zh,en,mrr,256,512,raw,ok,0.7764493470529201
Qwen/Qwen2.5-0.5B,3,0.125,mean,zh,en,mrr,256,512,aligned,ok,0.24485610324545937
Qwen/Qwen2.5-0.5B,3,0.125,mean,zh,en,mrr,256,512,delta,ok,-0.5315932438074608
Qwen/Qwen2.5-0.5B,3,0.125,mean,ko,ja,r1,256,512,raw,ok,0.314453125
Qwen/Qwen2.5-0.5B,3,0.125,mean,ko,ja,r1,256,512,aligned,ok,0.08203125
Qwen/Qwen2.5-0.5B,3,0.125,mean,ko,ja,r1,256,512,delta,ok,-0.232421875
Qwen/Qwen2.5-0.5B,3,0.125,mean,ko,ja,r5,256,512,raw,ok,0.525390625
Qwen/Qwen2.5-0.5B,3,0.125,mean,ko,ja,r5,256,512,aligned,ok,0.1640625
Qwen/Qwen2.5-0.5B,3,0.125,mean,ko,ja,r5,256,512,delta,ok,-0.361328125
Qwen/Qwen2.5-0.5B,3,0.125,mean,ko,ja,r10,256,512,raw,ok,0.59375
Qwen/Qwen2.5-0.5B,3,0.125,mean,ko,ja,r10,256,512,aligned,ok,0.205078125
Qwen/Qwen2.5-0.5B,3,0.125,mean,ko,ja,r10,256,512,delta,ok,-0.388671875
Qwen/Qwen2.5-0.5B,3,0.125,mean,ko,ja,mrr,256,512,raw,ok,0.4126593700268527
Qwen/Qwen2.5-0.5B,3,0.125,mean,ko,ja,mrr,256,512,aligned,ok,0.12965106921546277
Qwen/Qwen2.5-0.5B,3,0.125,mean,ko,ja,mrr,256,512,delta,ok,-0.28300830081138995
Qwen/Qwen2.5-0.5B,3,0.125,mean,ja,ko,r1,256,512,raw,ok,0.23828125
Qwen/Qwen2.5-0.5B,3,0.125,mean,ja,ko,r1,256,512,aligned,ok,0.109375
Qwen/Qwen2.5-0.5B,3,0.125,mean,ja,ko,r1,256,512,delta,ok,-0.12890625
Qwen/Qwen2.5-0.5B,3,0.125,mean,ja,ko,r5,256,512,raw,ok,0.3671875
Qwen/Qwen2.5-0.5B,3,0.125,mean,ja,ko,r5,256,512,aligned,ok,0.2109375
Qwen/Qwen2.5-0.5B,3,0.125,mean,ja,ko,r5,256,512,delta,ok,-0.15625
Qwen/Qwen2.5-0.5B,3,0.125,mean,ja,ko,r10,256,512,raw,ok,0.421875
Qwen/Qwen2.5-0.5B,3,0.125,mean,ja,ko,r10,256,512,aligned,ok,0.27734375
Qwen/Qwen2.5-0.5B,3,0.125,mean,ja,ko,r10,256,512,delta,ok,-0.14453125
Qwen/Qwen2.5-0.5B,3,0.125,mean,ja,ko,mrr,256,512,raw,ok,0.3016292368046469
Qwen/Qwen2.5-0.5B,3,0.125,mean,ja,ko,mrr,256,512,aligned,ok,0.16478133402248252
Qwen/Qwen2.5-0.5B,3,0.125,mean,ja,ko,mrr,256,512,delta,ok,-0.1368479027821644
Qwen/Qwen2.5-0.5B,3,0.125,mean,ko,zh,r1,256,512,raw,ok,0.193359375
Qwen/Qwen2.5-0.5B,3,0.125,mean,ko,zh,r1,256,512,aligned,ok,0.107421875
Qwen/Qwen2.5-0.5B,3,0.125,mean,ko,zh,r1,256,512,delta,ok,-0.0859375
Qwen/Qwen2.5-0.5B,3,0.125,mean,ko,zh,r5,256,512,raw,ok,0.37890625
Qwen/Qwen2.5-0.5B,3,0.125,mean,ko,zh,r5,256,512,aligned,ok,0.23046875
Qwen/Qwen2.5-0.5B,3,0.125,mean,ko,zh,r5,256,512,delta,ok,-0.1484375
Qwen/Qwen2.5-0.5B,3,0.125,mean,ko,zh,r10,256,512,raw,ok,0.482421875
Qwen/Qwen2.5-0.5B,3,0.125,mean,ko,zh,r10,256,512,aligned,ok,0.283203125
Qwen/Qwen2.5-0.5B,3,0.125,mean,ko,zh,r10,256,512,delta,ok,-0.19921875
Qwen/Qwen2.5-0.5B,3,0.125,mean,ko,zh,mrr,256,512,raw,ok,0.29385046766037637
Qwen/Qwen2.5-0.5B,3,0.125,mean,ko,zh,mrr,256,512,aligned,ok,0.16767215890804665
Qwen/Qwen2.5-0.5B,3,0.125,mean,ko,zh,mrr,256,512,delta,ok,-0.12617830875232972
Qwen/Qwen2.5-0.5B,3,0.125,mean,zh,ko,r1,256,512,raw,ok,0.021484375
Qwen/Qwen2.5-0.5B,3,0.125,mean,zh,ko,r1,256,512,aligned,ok,0.048828125
Qwen/Qwen2.5-0.5B,3,0.125,mean,zh,ko,r1,256,512,delta,ok,0.02734375
Qwen/Qwen2.5-0.5B,3,0.125,mean,zh,ko,r5,256,512,raw,ok,0.048828125
Qwen/Qwen2.5-0.5B,3,0.125,mean,zh,ko,r5,256,512,aligned,ok,0.14453125
Qwen/Qwen2.5-0.5B,3,0.125,mean,zh,ko,r5,256,512,delta,ok,0.095703125
Qwen/Qwen2.5-0.5B,3,0.125,mean,zh,ko,r10,256,512,raw,ok,0.06640625
Qwen/Qwen2.5-0.5B,3,0.125,mean,zh,ko,r10,256,512,aligned,ok,0.185546875
Qwen/Qwen2.5-0.5B,3,0.125,mean,zh,ko,r10,256,512,delta,ok,0.119140625
Qwen/Qwen2.5-0.5B,3,0.125,mean,zh,ko,mrr,256,512,raw,ok,0.042240601367601605
Qwen/Qwen2.5-0.5B,3,0.125,mean,zh,ko,mrr,256,512,aligned,ok,0.09981002728836243
Qwen/Qwen2.5-0.5B,3,0.125,mean,zh,ko,mrr,256,512,delta,ok,0.05756942592076082
Qwen/Qwen2.5-0.5B,3,0.125,mean,ja,zh,r1,256,512,raw,ok,0.560546875
Qwen/Qwen2.5-0.5B,3,0.125,mean,ja,zh,r1,256,512,aligned,ok,0.189453125
Qwen/Qwen2.5-0.5B,3,0.125,mean,ja,zh,r1,256,512,delta,ok,-0.37109375
Qwen/Qwen2.5-0.5B,3,0.125,mean,ja,zh,r5,256,512,raw,ok,0.69140625
Qwen/Qwen2.5-0.5B,3,0.125,mean,ja,zh,r5,256,512,aligned,ok,0.283203125
Qwen/Qwen2.5-0.5B,3,0.125,mean,ja,zh,r5,256,512,delta,ok,-0.408203125
Qwen/Qwen2.5-0.5B,3,0.125,mean,ja,zh,r10,256,512,raw,ok,0.74609375
Qwen/Qwen2.5-0.5B,3,0.125,mean,ja,zh,r10,256,512,aligned,ok,0.337890625
Qwen/Qwen2.5-0.5B,3,0.125,mean,ja,zh,r10,256,512,delta,ok,-0.408203125
Qwen/Qwen2.5-0.5B,3,0.125,mean,ja,zh,mrr,256,512,raw,ok,0.6279454805681931
Qwen/Qwen2.5-0.5B,3,0.125,mean,ja,zh,mrr,256,512,aligned,ok,0.24159915180448377
Qwen/Qwen2.5-0.5B,3,0.125,mean,ja,zh,mrr,256,512,delta,ok,-0.38634632876370933
Qwen/Qwen2.5-0.5B,3,0.125,mean,zh,ja,r1,256,512,raw,ok,0.0703125
Qwen/Qwen2.5-0.5B,3,0.125,mean,zh,ja,r1,256,512,aligned,ok,0.09765625
Qwen/Qwen2.5-0.5B,3,0.125,mean,zh,ja,r1,256,512,delta,ok,0.02734375
Qwen/Qwen2.5-0.5B,3,0.125,mean,zh,ja,r5,256,512,raw,ok,0.12890625
Qwen/Qwen2.5-0.5B,3,0.125,mean,zh,ja,r5,256,512,aligned,ok,0.16796875
Qwen/Qwen2.5-0.5B,3,0.125,mean,zh,ja,r5,256,512,delta,ok,0.0390625
Qwen/Qwen2.5-0.5B,3,0.125,mean,zh,ja,r10,256,512,raw,ok,0.16796875
Qwen/Qwen2.5-0.5B,3,0.125,mean,zh,ja,r10,256,512,aligned,ok,0.212890625
Qwen/Qwen2.5-0.5B,3,0.125,mean,zh,ja,r10,256,512,delta,ok,0.044921875
Qwen/Qwen2.5-0.5B,3,0.125,mean,zh,ja,mrr,256,512,raw,ok,0.1079537028186659
Qwen/Qwen2.5-0.5B,3,0.125,mean,zh,ja,mrr,256,512,aligned,ok,0.14172553052870793
Qwen/Qwen2.5-0.5B,3,0.125,mean,zh,ja,mrr,256,512,delta,ok,0.03377182771004203
Qwen/Qwen2.5-0.5B,4,0.16666666666666666,mean,en,ko,r1,256,512,raw,ok,0.0078125
Qwen/Qwen2.5-0.5B,4,0.16666666666666666,mean,en,ko,r1,256,512,aligned,ok,0.12109375
Qwen/Qwen2.5-0.5B,4,0.16666666666666666,mean,en,ko,r1,256,512,delta,ok,0.11328125
Qwen/Qwen2.5-0.5B,4,0.16666666666666666,mean,en,ko,r5,256,512,raw,ok,0.037109375
Qwen/Qwen2.5-0.5B,4,0.16666666666666666,mean,en,ko,r5,256,512,aligned,ok,0.1953125
Qwen/Qwen2.5-0.5B,4,0.16666666666666666,mean,en,ko,r5,256,512,delta,ok,0.158203125
Qwen/Qwen2.5-0.5B,4,0.16666666666666666,mean,en,ko,r10,256,512,raw,ok,0.052734375
Qwen/Qwen2.5-0.5B,4,0.16666666666666666,mean,en,ko,r10,256,512,aligned,ok,0.26953125
Qwen/Qwen2.5-0.5B,4,0.16666666666666666,mean,en,ko,r10,256,512,delta,ok,0.216796875
Qwen/Qwen2.5-0.5B,4,0.16666666666666666,mean,en,ko,mrr,256,512,raw,ok,0.027033863942649033
Qwen/Qwen2.5-0.5B,4,0.16666666666666666,mean,en,ko,mrr,256,512,aligned,ok,0.169052929341316
Qwen/Qwen2.5-0.5B,4,0.16666666666666666,mean,en,ko,mrr,256,512,delta,ok,0.14201906539866696
Qwen/Qwen2.5-0.5B,4,0.16666666666666666,mean,ko,en,r1,256,512,raw,ok,0.29296875
Qwen/Qwen2.5-0.5B,4,0.16666666666666666,mean,ko,en,r1,256,512,aligned,ok,0.16015625
Qwen/Qwen2.5-0.5B,4,0.16666666666666666,mean,ko,en,r1,256,512,delta,ok,-0.1328125
Qwen/Qwen2.5-0.5B,4,0.16666666666666666,mean,ko,en,r5,256,512,raw,ok,0.498046875
Qwen/Qwen2.5-0.5B,4,0.16666666666666666,mean,ko,en,r5,256,512,aligned,ok,0.265625
Qwen/Qwen2.5-0.5B,4,0.16666666666666666,mean,ko,en,r5,256,512,delta,ok,-0.232421875
Qwen/Qwen2.5-0.5B,4,0.16666666666666666,mean,ko,en,r10,256,512,raw,ok,0.599609375
Qwen/Qwen2.5-0.5B,4,0.16666666666666666,mean,ko,en,r10,256,512,aligned,ok,0.3125
Qwen/Qwen2.5-0.5B,4,0.16666666666666666,mean,ko,en,r10,256,512,delta,ok,-0.287109375
Qwen/Qwen2.5-0.5B,4,0.16666666666666666,mean,ko,en,mrr,256,512,raw,ok,0.39354993405898153
Qwen/Qwen2.5-0.5B,4,0.16666666666666666,mean,ko,en,mrr,256,512,aligned,ok,0.21606241408514304
Qwen/Qwen2.5-0.5B,4,0.16666666666666666,mean,ko,en,mrr,256,512,delta,ok,-0.1774875199738385
Qwen/Qwen2.5-0.5B,4,0.16666666666666666,mean,en,ja,r1,256,512,raw,ok,0.037109375
Qwen/Qwen2.5-0.5B,4,0.16666666666666666,mean,en,ja,r1,256,512,aligned,ok,0.166015625
Qwen/Qwen2.5-0.5B,4,0.16666666666666666,mean,en,ja,r1,256,512,delta,ok,0.12890625
Qwen/Qwen2.5-0.5B,4,0.16666666666666666,mean,en,ja,r5,256,512,raw,ok,0.0703125
Qwen/Qwen2.5-0.5B,4,0.16666666666666666,mean,en,ja,r5,256,512,aligned,ok,0.265625
Qwen/Qwen2.5-0.5B,4,0.16666666666666666,mean,en,ja,r5,256,512,delta,ok,0.1953125
Qwen/Qwen2.5-0.5B,4,0.16666666666666666,mean,en,ja,r10,256,512,raw,ok,0.09765625
Qwen/Qwen2.5-0.5B,4,0.16666666666666666,mean,en,ja,r10,256,512,aligned,ok,0.314453125
Qwen/Qwen2.5-0.5B,4,0.16666666666666666,mean,en,ja,r10,256,512,delta,ok,0.216796875
Qwen/Qwen2.5-0.5B,4,0.16666666666666666,mean,en,ja,mrr,256,512,raw,ok,0.06311284005109705
Qwen/Qwen2.5-0.5B,4,0.16666666666666666,mean,en,ja,mrr,256,512,aligned,ok,0.21738647192830055
Qwen/Qwen2.5-0.5B,4,0.16666666666666666,mean,en,ja,mrr,256,512,delta,ok,0.1542736318772035
Qwen/Qwen2.5-0.5B,4,0.16666666666666666,mean,ja,en,r1,256,512,raw,ok,0.5859375
Qwen/Qwen2.5-0.5B,4,0.16666666666666666,mean,ja,en,r1,256,512,aligned,ok,0.208984375
Qwen/Qwen2.5-0.5B,4,0.16666666666666666,mean,ja,en,r1,256,512,delta,ok,-0.376953125
Qwen/Qwen2.5-0.5B,4,0.16666666666666666,mean,ja,en,r5,256,512,raw,ok,0.75390625
Qwen/Qwen2.5-0.5B,4,0.16666666666666666,mean,ja,en,r5,256,512,aligned,ok,0.3203125
Qwen/Qwen2.5-0.5B,4,0.16666666666666666,mean,ja,en,r5,256,512,delta,ok,-0.43359375
Qwen/Qwen2.5-0.5B,4,0.16666666666666666,mean,ja,en,r10,256,512,raw,ok,0.8125
Qwen/Qwen2.5-0.5B,4,0.16666666666666666,mean,ja,en,r10,256,512,aligned,ok,0.3515625
Qwen/Qwen2.5-0.5B,4,0.16666666666666666,mean,ja,en,r10,256,512,delta,ok,-0.4609375
Qwen/Qwen2.5-0.5B,4,0.16666666666666666,mean,ja,en,mrr,256,512,raw,ok,0.6639881255183424
Qwen/Qwen2.5-0.5B,4,0.16666666666666666,mean,ja,en,mrr,256,512,aligned,ok,0.26339771229388476
Qwen/Qwen2.5-0.5B,4,0.16666666666666666,mean,ja,en,mrr,256,512,delta,ok,-0.40059041322445765
Qwen/Qwen2.5-0.5B,4,0.16666666666666666,mean,en,zh,r1,256,512,raw,ok,0.71484375
Qwen/Qwen2.5-0.5B,4,0.16666666666666666,mean,en,zh,r1,256,512,aligned,ok,0.3203125
Qwen/Qwen2.5-0.5B,4,0.16666666666666666,mean,en,zh,r1,256,512,delta,ok,-0.39453125
Qwen/Qwen2.5-0.5B,4,0.16666666666666666,mean,en,zh,r5,256,512,raw,ok,0.779296875
Qwen/Qwen2.5-0.5B,4,0.16666666666666666,mean,en,zh,r5,256,512,aligned,ok,0.42578125
Qwen/Qwen2.5-0.5B,4,0.16666666666666666,mean,en,zh,r5,256,512,delta,ok,-0.353515625
Qwen/Qwen2.5-0.5B,4,0.16666666666666666,mean,en,zh,r10,256,512,raw,ok,0.80859375
Qwen/Qwen2.5-0.5B,4,0.16666666666666666,mean,en,zh,r10,256,512,aligned,ok,0.4453125
Qwen/Qwen2.5-0.5B,4,0.16666666666666666,mean,en,zh,r10,256,512,delta,ok,-0.36328125
Qwen/Qwen2.5-0.5B,4,0.16666666666666666,mean,en,zh,mrr,256,512,raw,ok,0.7482475227783909
Qwen/Qwen2.5-0.5B,4,0.16666666666666666,mean,en,zh,mrr,256,512,aligned,ok,0.37144289542829617
Qwen/Qwen2.5-0.5B,4,0.16666666666666666,mean,en,zh,mrr,256,512,delta,ok,-0.37680462735009473
Qwen/Qwen2.5-0.5B,4,0.16666666666666666,mean,zh,en,r1,256,512,raw,ok,0.80078125
Qwen/Qwen2.5-0.5B,4,0.16666666666666666,mean,zh,en,r1,256,512,aligned,ok,0.240234375
Qwen/Qwen2.5-0.5B,4,0.16666666666666666,mean,zh,en,r1,256,512,delta,ok,-0.560546875
Qwen/Qwen2.5-0.5B,4,0.16666666666666666,mean,zh,en,r5,256,512,raw,ok,0.873046875
Qwen/Qwen2.5-0.5B,4,0.16666666666666666,mean,zh,en,r5,256,512,aligned,ok,0.337890625
Qwen/Qwen2.5-0.5B,4,0.16666666666666666,mean,zh,en,r5,256,512,delta,ok,-0.53515625
Qwen/Qwen2.5-0.5B,4,0.16666666666666666,mean,zh,en,r10,256,512,raw,ok,0.89453125
Qwen/Qwen2.5-0.5B,4,0.16666666666666666,mean,zh,en,r10,256,512,aligned,ok,0.380859375
Qwen/Qwen2.5-0.5B,4,0.16666666666666666,mean,zh,en,r10,256,512,delta,ok,-0.513671875
Qwen/Qwen2.5-0.5B,4,0.16666666666666666,mean,zh,en,mrr,256,512,raw,ok,0.8342498219383312
Qwen/Qwen2.5-0.5B,4,0.16666666666666666,mean,zh,en,mrr,256,512,aligned,ok,0.2906987605544051
Qwen/Qwen2.5-0.5B,4,0.16666666666666666,mean,zh,en,mrr,256,512,delta,ok,-0.5435510613839261
Qwen/Qwen2.5-0.5B,4,0.16666666666666666,mean,ko,ja,r1,256,512,raw,ok,0.56640625
Qwen/Qwen2.5-0.5B,4,0.16666666666666666,mean,ko,ja,r1,256,512,aligned,ok,0.12890625
Qwen/Qwen2.5-0.5B,4,0.16666666666666666,mean,ko,ja,r1,256,512,delta,ok,-0.4375
Qwen/Qwen2.5-0.5B,4,0.16666666666666666,mean,ko,ja,r5,256,512,raw,ok,0.734375
Qwen/Qwen2.5-0.5B,4,0.16666666666666666,mean,ko,ja,r5,256,512,aligned,ok,0.23046875
Qwen/Qwen2.5-0.5B,4,0.16666666666666666,mean,ko,ja,r5,256,512,delta,ok,-0.50390625
Qwen/Qwen2.5-0.5B,4,0.16666666666666666,mean,ko,ja,r10,256,512,raw,ok,0.787109375
Qwen/Qwen2.5-0.5B,4,0.16666666666666666,mean,ko,ja,r10,256,512,aligned,ok,0.310546875
Qwen/Qwen2.5-0.5B,4,0.16666666666666666,mean,ko,ja,r10,256,512,delta,ok,-0.4765625
Qwen/Qwen2.5-0.5B,4,0.16666666666666666,mean,ko,ja,mrr,256,512,raw,ok,0.6440687934903755
Qwen/Qwen2.5-0.5B,4,0.16666666666666666,mean,ko,ja,mrr,256,512,aligned,ok,0.18595357969771303
Qwen/Qwen2.5-0.5B,4,0.16666666666666666,mean,ko,ja,mrr,256,512,delta,ok,-0.45811521379266246
Qwen/Qwen2.5-0.5B,4,0.16666666666666666,mean,ja,ko,r1,256,512,raw,ok,0.32421875
Qwen/Qwen2.5-0.5B,4,0.16666666666666666,mean,ja,ko,r1,256,512,aligned,ok,0.13671875
Qwen/Qwen2.5-0.5B,4,0.16666666666666666,mean,ja,ko,r1,256,512,delta,ok,-0.1875
Qwen/Qwen2.5-0.5B,4,0.16666666666666666,mean,ja,ko,r5,256,512,raw,ok,0.453125
Qwen/Qwen2.5-0.5B,4,0.16666666666666666,mean,ja,ko,r5,256,512,aligned,ok,0.263671875
Qwen/Qwen2.5-0.5B,4,0.16666666666666666,mean,ja,ko,r5,256,512,delta,ok,-0.189453125
Qwen/Qwen2.5-0.5B,4,0.16666666666666666,mean,ja,ko,r10,256,512,raw,ok,0.498046875
Qwen/Qwen2.5-0.5B,4,0.16666666666666666,mean,ja,ko,r10,256,512,aligned,ok,0.318359375
Qwen/Qwen2.5-0.5B,4,0.16666666666666666,mean,ja,ko,r10,256,512,delta,ok,-0.1796875
Qwen/Qwen2.5-0.5B,4,0.16666666666666666,mean,ja,ko,mrr,256,512,raw,ok,0.38851229379662566
Qwen/Qwen2.5-0.5B,4,0.16666666666666666,mean,ja,ko,mrr,256,512,aligned,ok,0.2004164491516175
Qwen/Qwen2.5-0.5B,4,0.16666666666666666,mean,ja,ko,mrr,256,512,delta,ok,-0.18809584464500817
Qwen/Qwen2.5-0.5B,4,0.16666666666666666,mean,ko,zh,r1,256,512,raw,ok,0.248046875
Qwen/Qwen2.5-0.5B,4,0.16666666666666666,mean,ko,zh,r1,256,512,aligned,ok,0.16015625
Qwen/Qwen2.5-0.5B,4,0.16666666666666666,mean,ko,zh,r1,256,512,delta,ok,-0.087890625
Qwen/Qwen2.5-0.5B,4,0.16666666666666666,mean,ko,zh,r5,256,512,raw,ok,0.400390625
Qwen/Qwen2.5-0.5B,4,0.16666666666666666,mean,ko,zh,r5,256,512,aligned,ok,0.2890625
Qwen/Qwen2.5-0.5B,4,0.16666666666666666,mean,ko,zh,r5,256,512,delta,ok,-0.111328125
Qwen/Qwen2.5-0.5B,4,0.16666666666666666,mean,ko,zh,r10,256,512,raw,ok,0.47265625
Qwen/Qwen2.5-0.5B,4,0.16666666666666666,mean,ko,zh,r10,256,512,aligned,ok,0.34765625
Qwen/Qwen2.5-0.5B,4,0.16666666666666666,mean,ko,zh,r10,256,512,delta,ok,-0.125
Qwen/Qwen2.5-0.5B,4,0.16666666666666666,mean,ko,zh,mrr,256,512,raw,ok,0.3277286659873653
Qwen/Qwen2.5-0.5B,4,0.16666666666666666,mean,ko,zh,mrr,256,512,aligned,ok,0.2260114177527603
Qwen/Qwen2.5-0.5B,4,0.16666666666666666,mean,ko,zh,mrr,256,512,delta,ok,-0.10171724823460498
Qwen/Qwen2.5-0.5B,4,0.16666666666666666,mean,zh,ko,r1,256,512,raw,ok,0.017578125
Qwen/Qwen2.5-0.5B,4,0.16666666666666666,mean,zh,ko,r1,256,512,aligned,ok,0.08203125
Qwen/Qwen2.5-0.5B,4,0.16666666666666666,mean,zh,ko,r1,256,512,delta,ok,0.064453125
Qwen/Qwen2.5-0.5B,4,0.16666666666666666,mean,zh,ko,r5,256,512,raw,ok,0.064453125
Qwen/Qwen2.5-0.5B,4,0.16666666666666666,mean,zh,ko,r5,256,512,aligned,ok,0.16796875
Qwen/Qwen2.5-0.5B,4,0.16666666666666666,mean,zh,ko,r5,256,512,delta,ok,0.103515625
Qwen/Qwen2.5-0.5B,4,0.16666666666666666,mean,zh,ko,r10,256,512,raw,ok,0.076171875
Qwen/Qwen2.5-0.5B,4,0.16666666666666666,mean,zh,ko,r10,256,512,aligned,ok,0.248046875
Qwen/Qwen2.5-0.5B,4,0.16666666666666666,mean,zh,ko,r10,256,512,delta,ok,0.171875
Qwen/Qwen2.5-0.5B,4,0.16666666666666666,mean,zh,ko,mrr,256,512,raw,ok,0.045053125397871915
Qwen/Qwen2.5-0.5B,4,0.16666666666666666,mean,zh,ko,mrr,256,512,aligned,ok,0.13376828436301813
Qwen/Qwen2.5-0.5B,4,0.16666666666666666,mean,zh,ko,mrr,256,512,delta,ok,0.08871515896514622
Qwen/Qwen2.5-0.5B,4,0.16666666666666666,mean,ja,zh,r1,256,512,raw,ok,0.591796875
Qwen/Qwen2.5-0.5B,4,0.16666666666666666,mean,ja,zh,r1,256,512,aligned,ok,0.240234375
Qwen/Qwen2.5-0.5B,4,0.16666666666666666,mean,ja,zh,r1,256,512,delta,ok,-0.3515625
Qwen/Qwen2.5-0.5B,4,0.16666666666666666,mean,ja,zh,r5,256,512,raw,ok,0.732421875
Qwen/Qwen2.5-0.5B,4,0.16666666666666666,mean,ja,zh,r5,256,512,aligned,ok,0.361328125
Qwen/Qwen2.5-0.5B,4,0.16666666666666666,mean,ja,zh,r5,256,512,delta,ok,-0.37109375
Qwen/Qwen2.5-0.5B,4,0.16666666666666666,mean,ja,zh,r10,256,512,raw,ok,0.787109375
Qwen/Qwen2.5-0.5B,4,0.16666666666666666,mean,ja,zh,r10,256,512,aligned,ok,0.396484375
Qwen/Qwen2.5-0.5B,4,0.16666666666666666,mean,ja,zh,r10,256,512,delta,ok,-0.390625
Qwen/Qwen2.5-0.5B,4,0.16666666666666666,mean,ja,zh,mrr,256,512,raw,ok,0.6587563147529907
Qwen/Qwen2.5-0.5B,4,0.16666666666666666,mean,ja,zh,mrr,256,512,aligned,ok,0.29955036329546547
Qwen/Qwen2.5-0.5B,4,0.16666666666666666,mean,ja,zh,mrr,256,512,delta,ok,-0.3592059514575252
Qwen/Qwen2.5-0.5B,4,0.16666666666666666,mean,zh,ja,r1,256,512,raw,ok,0.0703125
Qwen/Qwen2.5-0.5B,4,0.16666666666666666,mean,zh,ja,r1,256,512,aligned,ok,0.134765625
Qwen/Qwen2.5-0.5B,4,0.16666666666666666,mean,zh,ja,r1,256,512,delta,ok,0.064453125
Qwen/Qwen2.5-0.5B,4,0.16666666666666666,mean,zh,ja,r5,256,512,raw,ok,0.15234375
Qwen/Qwen2.5-0.5B,4,0.16666666666666666,mean,zh,ja,r5,256,512,aligned,ok,0.23046875
Qwen/Qwen2.5-0.5B,4,0.16666666666666666,mean,zh,ja,r5,256,512,delta,ok,0.078125
Qwen/Qwen2.5-0.5B,4,0.16666666666666666,mean,zh,ja,r10,256,512,raw,ok,0.181640625
Qwen/Qwen2.5-0.5B,4,0.16666666666666666,mean,zh,ja,r10,256,512,aligned,ok,0.28515625
Qwen/Qwen2.5-0.5B,4,0.16666666666666666,mean,zh,ja,r10,256,512,delta,ok,0.103515625
Qwen/Qwen2.5-0.5B,4,0.16666666666666666,mean,zh,ja,mrr,256,512,raw,ok,0.11575376714518365
Qwen/Qwen2.5-0.5B,4,0.16666666666666666,mean,zh,ja,mrr,256,512,aligned,ok,0.18668042430511145
Qwen/Qwen2.5-0.5B,4,0.16666666666666666,mean,zh,ja,mrr,256,512,delta,ok,0.0709266571599278
Qwen/Qwen2.5-0.5B,5,0.20833333333333334,mean,en,ko,r1,256,512,raw,ok,0.01171875
Qwen/Qwen2.5-0.5B,5,0.20833333333333334,mean,en,ko,r1,256,512,aligned,ok,0.1640625
Qwen/Qwen2.5-0.5B,5,0.20833333333333334,mean,en,ko,r1,256,512,delta,ok,0.15234375
Qwen/Qwen2.5-0.5B,5,0.20833333333333334,mean,en,ko,r5,256,512,raw,ok,0.044921875
Qwen/Qwen2.5-0.5B,5,0.20833333333333334,mean,en,ko,r5,256,512,aligned,ok,0.265625
Qwen/Qwen2.5-0.5B,5,0.20833333333333334,mean,en,ko,r5,256,512,delta,ok,0.220703125
Qwen/Qwen2.5-0.5B,5,0.20833333333333334,mean,en,ko,r10,256,512,raw,ok,0.0625
Qwen/Qwen2.5-0.5B,5,0.20833333333333334,mean,en,ko,r10,256,512,aligned,ok,0.333984375
Qwen/Qwen2.5-0.5B,5,0.20833333333333334,mean,en,ko,r10,256,512,delta,ok,0.271484375
Qwen/Qwen2.5-0.5B,5,0.20833333333333334,mean,en,ko,mrr,256,512,raw,ok,0.03341910311076007
Qwen/Qwen2.5-0.5B,5,0.20833333333333334,mean,en,ko,mrr,256,512,aligned,ok,0.2207353155143097
Qwen/Qwen2.5-0.5B,5,0.20833333333333334,mean,en,ko,mrr,256,512,delta,ok,0.18731621240354962
Qwen/Qwen2.5-0.5B,5,0.20833333333333334,mean,ko,en,r1,256,512,raw,ok,0.490234375
Qwen/Qwen2.5-0.5B,5,0.20833333333333334,mean,ko,en,r1,256,512,aligned,ok,0.22265625
Qwen/Qwen2.5-0.5B,5,0.20833333333333334,mean,ko,en,r1,256,512,delta,ok,-0.267578125
Qwen/Qwen2.5-0.5B,5,0.20833333333333334,mean,ko,en,r5,256,512,raw,ok,0.724609375
Qwen/Qwen2.5-0.5B,5,0.20833333333333334,mean,ko,en,r5,256,512,aligned,ok,0.322265625
Qwen/Qwen2.5-0.5B,5,0.20833333333333334,mean,ko,en,r5,256,512,delta,ok,-0.40234375
Qwen/Qwen2.5-0.5B,5,0.20833333333333334,mean,ko,en,r10,256,512,raw,ok,0.8046875
Qwen/Qwen2.5-0.5B,5,0.20833333333333334,mean,ko,en,r10,256,512,aligned,ok,0.37890625
Qwen/Qwen2.5-0.5B,5,0.20833333333333334,mean,ko,en,r10,256,512,delta,ok,-0.42578125
Qwen/Qwen2.5-0.5B,5,0.20833333333333334,mean,ko,en,mrr,256,512,raw,ok,0.5981347673208329
Qwen/Qwen2.5-0.5B,5,0.20833333333333334,mean,ko,en,mrr,256,512,aligned,ok,0.28210470616880684
Qwen/Qwen2.5-0.5B,5,0.20833333333333334,mean,ko,en,mrr,256,512,delta,ok,-0.3160300611520261
Qwen/Qwen2.5-0.5B,5,0.20833333333333334,mean,en,ja,r1,256,512,raw,ok,0.048828125
Qwen/Qwen2.5-0.5B,5,0.20833333333333334,mean,en,ja,r1,256,512,aligned,ok,0.234375
Qwen/Qwen2.5-0.5B,5,0.20833333333333334,mean,en,ja,r1,256,512,delta,ok,0.185546875
Qwen/Qwen2.5-0.5B,5,0.20833333333333334,mean,en,ja,r5,256,512,raw,ok,0.087890625
Qwen/Qwen2.5-0.5B,5,0.20833333333333334,mean,en,ja,r5,256,512,aligned,ok,0.32421875
Qwen/Qwen2.5-0.5B,5,0.20833333333333334,mean,en,ja,r5,256,512,delta,ok,0.236328125
Qwen/Qwen2.5-0.5B,5,0.20833333333333334,mean,en,ja,r10,256,512,raw,ok,0.115234375
Qwen/Qwen2.5-0.5B,5,0.20833333333333334,mean,en,ja,r10,256,512,aligned,ok,0.37109375
Qwen/Qwen2.5-0.5B,5,0.20833333333333334,mean,en,ja,r10,256,512,delta,ok,0.255859375
Qwen/Qwen2.5-0.5B,5,0.20833333333333334,mean,en,ja,mrr,256,512,raw,ok,0.07895552975346509
Qwen/Qwen2.5-0.5B,5,0.20833333333333334,mean,en,ja,mrr,256,512,aligned,ok,0.283218036724012
Qwen/Qwen2.5-0.5B,5,0.20833333333333334,mean,en,ja,mrr,256,512,delta,ok,0.20426250697054693
Qwen/Qwen2.5-0.5B,5,0.20833333333333334,mean,ja,en,r1,256,512,raw,ok,0.712890625
Qwen/Qwen2.5-0.5B,5,0.20833333333333334,mean,ja,en,r1,256,512,aligned,ok,0.283203125
Qwen/Qwen2.5-0.5B,5,0.20833333333333334,mean,ja,en,r1,256,512,delta,ok,-0.4296875
Qwen/Qwen2.5-0.5B,5,0.20833333333333334,mean,ja,en,r5,256,512,raw,ok,0.853515625
Qwen/Qwen2.5-0.5B,5,0.20833333333333334,mean,ja,en,r5,256,512,aligned,ok,0.37890625
Qwen/Qwen2.5-0.5B,5,0.20833333333333334,mean,ja,en,r5,256,512,delta,ok,-0.474609375
Qwen/Qwen2.5-0.5B,5,0.20833333333333334,mean,ja,en,r10,256,512,raw,ok,0.88671875
Qwen/Qwen2.5-0.5B,5,0.20833333333333334,mean,ja,en,r10,256,512,aligned,ok,0.41796875
Qwen/Qwen2.5-0.5B,5,0.20833333333333334,mean,ja,en,r10,256,512,delta,ok,-0.46875
Qwen/Qwen2.5-0.5B,5,0.20833333333333334,mean,ja,en,mrr,256,512,raw,ok,0.7790987981364398
Qwen/Qwen2.5-0.5B,5,0.20833333333333334,mean,ja,en,mrr,256,512,aligned,ok,0.32978449091194295
Qwen/Qwen2.5-0.5B,5,0.20833333333333334,mean,ja,en,mrr,256,512,delta,ok,-0.44931430722449683
Qwen/Qwen2.5-0.5B,5,0.20833333333333334,mean,en,zh,r1,256,512,raw,ok,0.7890625
Qwen/Qwen2.5-0.5B,5,0.20833333333333334,mean,en,zh,r1,256,512,aligned,ok,0.390625
Qwen/Qwen2.5-0.5B,5,0.20833333333333334,mean,en,zh,r1,256,512,delta,ok,-0.3984375
Qwen/Qwen2.5-0.5B,5,0.20833333333333334,mean,en,zh,r5,256,512,raw,ok,0.8359375
Qwen/Qwen2.5-0.5B,5,0.20833333333333334,mean,en,zh,r5,256,512,aligned,ok,0.484375
Qwen/Qwen2.5-0.5B,5,0.20833333333333334,mean,en,zh,r5,256,512,delta,ok,-0.3515625
Qwen/Qwen2.5-0.5B,5,0.20833333333333334,mean,en,zh,r10,256,512,raw,ok,0.853515625
Qwen/Qwen2.5-0.5B,5,0.20833333333333334,mean,en,zh,r10,256,512,aligned,ok,0.51953125
Qwen/Qwen2.5-0.5B,5,0.20833333333333334,mean,en,zh,r10,256,512,delta,ok,-0.333984375
Qwen/Qwen2.5-0.5B,5,0.20833333333333334,mean,en,zh,mrr,256,512,raw,ok,0.8125125187312655
Qwen/Qwen2.5-0.5B,5,0.20833333333333334,mean,en,zh,mrr,256,512,aligned,ok,0.4409027686779484
Qwen/Qwen2.5-0.5B,5,0.20833333333333334,mean,en,zh,mrr,256,512,delta,ok,-0.3716097500533171
Qwen/Qwen2.5-0.5B,5,0.20833333333333334,mean,zh,en,r1,256,512,raw,ok,0.859375
Qwen/Qwen2.5-0.5B,5,0.20833333333333334,mean,zh,en,r1,256,512,aligned,ok,0.294921875
Qwen/Qwen2.5-0.5B,5,0.20833333333333334,mean,zh,en,r1,256,512,delta,ok,-0.564453125
Qwen/Qwen2.5-0.5B,5,0.20833333333333334,mean,zh,en,r5,256,512,raw,ok,0.92578125
Qwen/Qwen2.5-0.5B,5,0.20833333333333334,mean,zh,en,r5,256,512,aligned,ok,0.38671875
Qwen/Qwen2.5-0.5B,5,0.20833333333333334,mean,zh,en,r5,256,512,delta,ok,-0.5390625
Qwen/Qwen2.5-0.5B,5,0.20833333333333334,mean,zh,en,r10,256,512,raw,ok,0.939453125
Qwen/Qwen2.5-0.5B,5,0.20833333333333334,mean,zh,en,r10,256,512,aligned,ok,0.435546875
Qwen/Qwen2.5-0.5B,5,0.20833333333333334,mean,zh,en,r10,256,512,delta,ok,-0.50390625
Qwen/Qwen2.5-0.5B,5,0.20833333333333334,mean,zh,en,mrr,256,512,raw,ok,0.8883286440497271
Qwen/Qwen2.5-0.5B,5,0.20833333333333334,mean,zh,en,mrr,256,512,aligned,ok,0.3465274264241675
Qwen/Qwen2.5-0.5B,5,0.20833333333333334,mean,zh,en,mrr,256,512,delta,ok,-0.5418012176255596
Qwen/Qwen2.5-0.5B,5,0.20833333333333334,mean,ko,ja,r1,256,512,raw,ok,0.734375
Qwen/Qwen2.5-0.5B,5,0.20833333333333334,mean,ko,ja,r1,256,512,aligned,ok,0.1953125
Qwen/Qwen2.5-0.5B,5,0.20833333333333334,mean,ko,ja,r1,256,512,delta,ok,-0.5390625
Qwen/Qwen2.5-0.5B,5,0.20833333333333334,mean,ko,ja,r5,256,512,raw,ok,0.84765625
Qwen/Qwen2.5-0.5B,5,0.20833333333333334,mean,ko,ja,r5,256,512,aligned,ok,0.33984375
Qwen/Qwen2.5-0.5B,5,0.20833333333333334,mean,ko,ja,r5,256,512,delta,ok,-0.5078125
Qwen/Qwen2.5-0.5B,5,0.20833333333333334,mean,ko,ja,r10,256,512,raw,ok,0.876953125
Qwen/Qwen2.5-0.5B,5,0.20833333333333334,mean,ko,ja,r10,256,512,aligned,ok,0.3984375
Qwen/Qwen2.5-0.5B,5,0.20833333333333334,mean,ko,ja,r10,256,512,delta,ok,-0.478515625
Qwen/Qwen2.5-0.5B,5,0.20833333333333334,mean,ko,ja,mrr,256,512,raw,ok,0.7873080389904807
Qwen/Qwen2.5-0.5B,5,0.20833333333333334,mean,ko,ja,mrr,256,512,aligned,ok,0.26584811189035373
Qwen/Qwen2.5-0.5B,5,0.20833333333333334,mean,ko,ja,mrr,256,512,delta,ok,-0.521459927100127
Qwen/Qwen2.5-0.5B,5,0.20833333333333334,mean,ja,ko,r1,256,512,raw,ok,0.455078125
Qwen/Qwen2.5-0.5B,5,0.20833333333333334,mean,ja,ko,r1,256,512,aligned,ok,0.232421875
Qwen/Qwen2.5-0.5B,5,0.20833333333333334,mean,ja,ko,r1,256,512,delta,ok,-0.22265625
Qwen/Qwen2.5-0.5B,5,0.20833333333333334,mean,ja,ko,r5,256,512,raw,ok,0.572265625
Qwen/Qwen2.5-0.5B,5,0.20833333333333334,mean,ja,ko,r5,256,512,aligned,ok,0.345703125
Qwen/Qwen2.5-0.5B,5,0.20833333333333334,mean,ja,ko,r5,256,512,delta,ok,-0.2265625
Qwen/Qwen2.5-0.5B,5,0.20833333333333334,mean,ja,ko,r10,256,512,raw,ok,0.609375
Qwen/Qwen2.5-0.5B,5,0.20833333333333334,mean,ja,ko,r10,256,512,aligned,ok,0.37890625
Qwen/Qwen2.5-0.5B,5,0.20833333333333334,mean,ja,ko,r10,256,512,delta,ok,-0.23046875
Qwen/Qwen2.5-0.5B,5,0.20833333333333334,mean,ja,ko,mrr,256,512,raw,ok,0.5153005262481463
Qwen/Qwen2.5-0.5B,5,0.20833333333333334,mean,ja,ko,mrr,256,512,aligned,ok,0.28959593428930597
Qwen/Qwen2.5-0.5B,5,0.20833333333333334,mean,ja,ko,mrr,256,512,delta,ok,-0.2257045919588403
Qwen/Qwen2.5-0.5B,5,0.20833333333333334,mean,ko,zh,r1,256,512,raw,ok,0.39453125
Qwen/Qwen2.5-0.5B,5,0.20833333333333334,mean,ko,zh,r1,256,512,aligned,ok,0.267578125
Qwen/Qwen2.5-0.5B,5,0.20833333333333334,mean,ko,zh,r1,256,512,delta,ok,-0.126953125
Qwen/Qwen2.5-0.5B,5,0.20833333333333334,mean,ko,zh,r5,256,512,raw,ok,0.578125
Qwen/Qwen2.5-0.5B,5,0.20833333333333334,mean,ko,zh,r5,256,512,aligned,ok,0.3828125
Qwen/Qwen2.5-0.5B,5,0.20833333333333334,mean,ko,zh,r5,256,512,delta,ok,-0.1953125
Qwen/Qwen2.5-0.5B,5,0.20833333333333334,mean,ko,zh,r10,256,512,raw,ok,0.66796875
Qwen/Qwen2.5-0.5B,5,0.20833333333333334,mean,ko,zh,r10,256,512,aligned,ok,0.427734375
Qwen/Qwen2.5-0.5B,5,0.20833333333333334,mean,ko,zh,r10,256,512,delta,ok,-0.240234375
Qwen/Qwen2.5-0.5B,5,0.20833333333333334,mean,ko,zh,mrr,256,512,raw,ok,0.48805350021431476
Qwen/Qwen2.5-0.5B,5,0.20833333333333334,mean,ko,zh,mrr,256,512,aligned,ok,0.3249826940142113
Qwen/Qwen2.5-0.5B,5,0.20833333333333334,mean,ko,zh,mrr,256,512,delta,ok,-0.16307080620010345
Qwen/Qwen2.5-0.5B,5,0.20833333333333334,mean,zh,ko,r1,256,512,raw,ok,0.025390625
Qwen/Qwen2.5-0.5B,5,0.20833333333333334,mean,zh,ko,r1,256,512,aligned,ok,0.119140625
Qwen/Qwen2.5-0.5B,5,0.20833333333333334,mean,zh,ko,r1,256,512,delta,ok,0.09375
Qwen/Qwen2.5-0.5B,5,0.20833333333333334,mean,zh,ko,r5,256,512,raw,ok,0.080078125
Qwen/Qwen2.5-0.5B,5,0.20833333333333334,mean,zh,ko,r5,256,512,aligned,ok,0.248046875
Qwen/Qwen2.5-0.5B,5,0.20833333333333334,mean,zh,ko,r5,256,512,delta,ok,0.16796875
Qwen/Qwen2.5-0.5B,5,0.20833333333333334,mean,zh,ko,r10,256,512,raw,ok,0.099609375
Qwen/Qwen2.5-0.5B,5,0.20833333333333334,mean,zh,ko,r10,256,512,aligned,ok,0.310546875
Qwen/Qwen2.5-0.5B,5,0.20833333333333334,mean,zh,ko,r10,256,512,delta,ok,0.2109375
Qwen/Qwen2.5-0.5B,5,0.20833333333333334,mean,zh,ko,mrr,256,512,raw,ok,0.05699228477464469
Qwen/Qwen2.5-0.5B,5,0.20833333333333334,mean,zh,ko,mrr,256,512,aligned,ok,0.18513190650055278
Qwen/Qwen2.5-0.5B,5,0.20833333333333334,mean,zh,ko,mrr,256,512,delta,ok,0.1281396217259081
Qwen/Qwen2.5-0.5B,5,0.20833333333333334,mean,ja,zh,r1,256,512,raw,ok,0.703125
Qwen/Qwen2.5-0.5B,5,0.20833333333333334,mean,ja,zh,r1,256,512,aligned,ok,0.318359375
Qwen/Qwen2.5-0.5B,5,0.20833333333333334,mean,ja,zh,r1,256,512,delta,ok,-0.384765625
Qwen/Qwen2.5-0.5B,5,0.20833333333333334,mean,ja,zh,r5,256,512,raw,ok,0.83203125
Qwen/Qwen2.5-0.5B,5,0.20833333333333334,mean,ja,zh,r5,256,512,aligned,ok,0.4140625
Qwen/Qwen2.5-0.5B,5,0.20833333333333334,mean,ja,zh,r5,256,512,delta,ok,-0.41796875
Qwen/Qwen2.5-0.5B,5,0.20833333333333334,mean,ja,zh,r10,256,512,raw,ok,0.869140625
Qwen/Qwen2.5-0.5B,5,0.20833333333333334,mean,ja,zh,r10,256,512,aligned,ok,0.458984375
Qwen/Qwen2.5-0.5B,5,0.20833333333333334,mean,ja,zh,r10,256,512,delta,ok,-0.41015625
Qwen/Qwen2.5-0.5B,5,0.20833333333333334,mean,ja,zh,mrr,256,512,raw,ok,0.7648309085529059
Qwen/Qwen2.5-0.5B,5,0.20833333333333334,mean,ja,zh,mrr,256,512,aligned,ok,0.368213923646344
Qwen/Qwen2.5-0.5B,5,0.20833333333333334,mean,ja,zh,mrr,256,512,delta,ok,-0.39661698490656194
Qwen/Qwen2.5-0.5B,5,0.20833333333333334,mean,zh,ja,r1,256,512,raw,ok,0.1171875
Qwen/Qwen2.5-0.5B,5,0.20833333333333334,mean,zh,ja,r1,256,512,aligned,ok,0.185546875
Qwen/Qwen2.5-0.5B,5,0.20833333333333334,mean,zh,ja,r1,256,512,delta,ok,0.068359375
Qwen/Qwen2.5-0.5B,5,0.20833333333333334,mean,zh,ja,r5,256,512,raw,ok,0.19140625
Qwen/Qwen2.5-0.5B,5,0.20833333333333334,mean,zh,ja,r5,256,512,aligned,ok,0.296875
Qwen/Qwen2.5-0.5B,5,0.20833333333333334,mean,zh,ja,r5,256,512,delta,ok,0.10546875
Qwen/Qwen2.5-0.5B,5,0.20833333333333334,mean,zh,ja,r10,256,512,raw,ok,0.22265625
Qwen/Qwen2.5-0.5B,5,0.20833333333333334,mean,zh,ja,r10,256,512,aligned,ok,0.357421875
Qwen/Qwen2.5-0.5B,5,0.20833333333333334,mean,zh,ja,r10,256,512,delta,ok,0.134765625
Qwen/Qwen2.5-0.5B,5,0.20833333333333334,mean,zh,ja,mrr,256,512,raw,ok,0.16531673059405458
Qwen/Qwen2.5-0.5B,5,0.20833333333333334,mean,zh,ja,mrr,256,512,aligned,ok,0.24472885474923653
Qwen/Qwen2.5-0.5B,5,0.20833333333333334,mean,zh,ja,mrr,256,512,delta,ok,0.07941212415518195
Qwen/Qwen2.5-0.5B,6,0.25,mean,en,ko,r1,256,512,raw,ok,0.01171875
Qwen/Qwen2.5-0.5B,6,0.25,mean,en,ko,r1,256,512,aligned,ok,0.2265625
Qwen/Qwen2.5-0.5B,6,0.25,mean,en,ko,r1,256,512,delta,ok,0.21484375
Qwen/Qwen2.5-0.5B,6,0.25,mean,en,ko,r5,256,512,raw,ok,0.0546875
Qwen/Qwen2.5-0.5B,6,0.25,mean,en,ko,r5,256,512,aligned,ok,0.33984375
Qwen/Qwen2.5-0.5B,6,0.25,mean,en,ko,r5,256,512,delta,ok,0.28515625
Qwen/Qwen2.5-0.5B,6,0.25,mean,en,ko,r10,256,512,raw,ok,0.07421875
Qwen/Qwen2.5-0.5B,6,0.25,mean,en,ko,r10,256,512,aligned,ok,0.390625
Qwen/Qwen2.5-0.5B,6,0.25,mean,en,ko,r10,256,512,delta,ok,0.31640625
Qwen/Qwen2.5-0.5B,6,0.25,mean,en,ko,mrr,256,512,raw,ok,0.03931682491053756
Qwen/Qwen2.5-0.5B,6,0.25,mean,en,ko,mrr,256,512,aligned,ok,0.2868291299908076
Qwen/Qwen2.5-0.5B,6,0.25,mean,en,ko,mrr,256,512,delta,ok,0.24751230508027006
Qwen/Qwen2.5-0.5B,6,0.25,mean,ko,en,r1,256,512,raw,ok,0.626953125
Qwen/Qwen2.5-0.5B,6,0.25,mean,ko,en,r1,256,512,aligned,ok,0.275390625
Qwen/Qwen2.5-0.5B,6,0.25,mean,ko,en,r1,256,512,delta,ok,-0.3515625
Qwen/Qwen2.5-0.5B,6,0.25,mean,ko,en,r5,256,512,raw,ok,0.822265625
Qwen/Qwen2.5-0.5B,6,0.25,mean,ko,en,r5,256,512,aligned,ok,0.384765625
Qwen/Qwen2.5-0.5B,6,0.25,mean,ko,en,r5,256,512,delta,ok,-0.4375
Qwen/Qwen2.5-0.5B,6,0.25,mean,ko,en,r10,256,512,raw,ok,0.8828125
Qwen/Qwen2.5-0.5B,6,0.25,mean,ko,en,r10,256,512,aligned,ok,0.421875
Qwen/Qwen2.5-0.5B,6,0.25,mean,ko,en,r10,256,512,delta,ok,-0.4609375
Qwen/Qwen2.5-0.5B,6,0.25,mean,ko,en,mrr,256,512,raw,ok,0.7172282472381823
Qwen/Qwen2.5-0.5B,6,0.25,mean,ko,en,mrr,256,512,aligned,ok,0.32953165248353955
Qwen/Qwen2.5-0.5B,6,0.25,mean,ko,en,mrr,256,512,delta,ok,-0.3876965947546428
Qwen/Qwen2.5-0.5B,6,0.25,mean,en,ja,r1,256,512,raw,ok,0.05859375
Qwen/Qwen2.5-0.5B,6,0.25,mean,en,ja,r1,256,512,aligned,ok,0.27734375
Qwen/Qwen2.5-0.5B,6,0.25,mean,en,ja,r1,256,512,delta,ok,0.21875
Qwen/Qwen2.5-0.5B,6,0.25,mean,en,ja,r5,256,512,raw,ok,0.109375
Qwen/Qwen2.5-0.5B,6,0.25,mean,en,ja,r5,256,512,aligned,ok,0.384765625
Qwen/Qwen2.5-0.5B,6,0.25,mean,en,ja,r5,256,512,delta,ok,0.275390625
Qwen/Qwen2.5-0.5B,6,0.25,mean,en,ja,r10,256,512,raw,ok,0.1328125
Qwen/Qwen2.5-0.5B,6,0.25,mean,en,ja,r10,256,512,aligned,ok,0.44140625
Qwen/Qwen2.5-0.5B,6,0.25,mean,en,ja,r10,256,512,delta,ok,0.30859375
Qwen/Qwen2.5-0.5B,6,0.25,mean,en,ja,mrr,256,512,raw,ok,0.09443892491554354
Qwen/Qwen2.5-0.5B,6,0.25,mean,en,ja,mrr,256,512,aligned,ok,0.3325307292326196
Qwen/Qwen2.5-0.5B,6,0.25,mean,en,ja,mrr,256,512,delta,ok,0.23809180431707608
Qwen/Qwen2.5-0.5B,6,0.25,mean,ja,en,r1,256,512,raw,ok,0.830078125
Qwen/Qwen2.5-0.5B,6,0.25,mean,ja,en,r1,256,512,aligned,ok,0.345703125
Qwen/Qwen2.5-0.5B,6,0.25,mean,ja,en,r1,256,512,delta,ok,-0.484375
Qwen/Qwen2.5-0.5B,6,0.25,mean,ja,en,r5,256,512,raw,ok,0.923828125
Qwen/Qwen2.5-0.5B,6,0.25,mean,ja,en,r5,256,512,aligned,ok,0.416015625
Qwen/Qwen2.5-0.5B,6,0.25,mean,ja,en,r5,256,512,delta,ok,-0.5078125
Qwen/Qwen2.5-0.5B,6,0.25,mean,ja,en,r10,256,512,raw,ok,0.943359375
Qwen/Qwen2.5-0.5B,6,0.25,mean,ja,en,r10,256,512,aligned,ok,0.453125
Qwen/Qwen2.5-0.5B,6,0.25,mean,ja,en,r10,256,512,delta,ok,-0.490234375
Qwen/Qwen2.5-0.5B,6,0.25,mean,ja,en,mrr,256,512,raw,ok,0.8728222766099314
Qwen/Qwen2.5-0.5B,6,0.25,mean,ja,en,mrr,256,512,aligned,ok,0.38281550967073763
Qwen/Qwen2.5-0.5B,6,0.25,mean,ja,en,mrr,256,512,delta,ok,-0.49000676693919376
Qwen/Qwen2.5-0.5B,6,0.25,mean,en,zh,r1,256,512,raw,ok,0.80078125
Qwen/Qwen2.5-0.5B,6,0.25,mean,en,zh,r1,256,512,aligned,ok,0.4375
Qwen/Qwen2.5-0.5B,6,0.25,mean,en,zh,r1,256,512,delta,ok,-0.36328125
Qwen/Qwen2.5-0.5B,6,0.25,mean,en,zh,r5,256,512,raw,ok,0.853515625
Qwen/Qwen2.5-0.5B,6,0.25,mean,en,zh,r5,256,512,aligned,ok,0.53125
Qwen/Qwen2.5-0.5B,6,0.25,mean,en,zh,r5,256,512,delta,ok,-0.322265625
Qwen/Qwen2.5-0.5B,6,0.25,mean,en,zh,r10,256,512,raw,ok,0.87109375
Qwen/Qwen2.5-0.5B,6,0.25,mean,en,zh,r10,256,512,aligned,ok,0.55859375
Qwen/Qwen2.5-0.5B,6,0.25,mean,en,zh,r10,256,512,delta,ok,-0.3125
Qwen/Qwen2.5-0.5B,6,0.25,mean,en,zh,mrr,256,512,raw,ok,0.8264880557954224
Qwen/Qwen2.5-0.5B,6,0.25,mean,en,zh,mrr,256,512,aligned,ok,0.484346703639022
Qwen/Qwen2.5-0.5B,6,0.25,mean,en,zh,mrr,256,512,delta,ok,-0.3421413521564004
Qwen/Qwen2.5-0.5B,6,0.25,mean,zh,en,r1,256,512,raw,ok,0.861328125
Qwen/Qwen2.5-0.5B,6,0.25,mean,zh,en,r1,256,512,aligned,ok,0.3359375
Qwen/Qwen2.5-0.5B,6,0.25,mean,zh,en,r1,256,512,delta,ok,-0.525390625
Qwen/Qwen2.5-0.5B,6,0.25,mean,zh,en,r5,256,512,raw,ok,0.921875
Qwen/Qwen2.5-0.5B,6,0.25,mean,zh,en,r5,256,512,aligned,ok,0.41796875
Qwen/Qwen2.5-0.5B,6,0.25,mean,zh,en,r5,256,512,delta,ok,-0.50390625
Qwen/Qwen2.5-0.5B,6,0.25,mean,zh,en,r10,256,512,raw,ok,0.935546875
Qwen/Qwen2.5-0.5B,6,0.25,mean,zh,en,r10,256,512,aligned,ok,0.455078125
Qwen/Qwen2.5-0.5B,6,0.25,mean,zh,en,r10,256,512,delta,ok,-0.48046875
Qwen/Qwen2.5-0.5B,6,0.25,mean,zh,en,mrr,256,512,raw,ok,0.8890361059735956
Qwen/Qwen2.5-0.5B,6,0.25,mean,zh,en,mrr,256,512,aligned,ok,0.3793927486344313
Qwen/Qwen2.5-0.5B,6,0.25,mean,zh,en,mrr,256,512,delta,ok,-0.5096433573391643
Qwen/Qwen2.5-0.5B,6,0.25,mean,ko,ja,r1,256,512,raw,ok,0.76953125
Qwen/Qwen2.5-0.5B,6,0.25,mean,ko,ja,r1,256,512,aligned,ok,0.263671875
Qwen/Qwen2.5-0.5B,6,0.25,mean,ko,ja,r1,256,512,delta,ok,-0.505859375
Qwen/Qwen2.5-0.5B,6,0.25,mean,ko,ja,r5,256,512,raw,ok,0.869140625
Qwen/Qwen2.5-0.5B,6,0.25,mean,ko,ja,r5,256,512,aligned,ok,0.41015625
Qwen/Qwen2.5-0.5B,6,0.25,mean,ko,ja,r5,256,512,delta,ok,-0.458984375
Qwen/Qwen2.5-0.5B,6,0.25,mean,ko,ja,r10,256,512,raw,ok,0.91015625
Qwen/Qwen2.5-0.5B,6,0.25,mean,ko,ja,r10,256,512,aligned,ok,0.45703125
Qwen/Qwen2.5-0.5B,6,0.25,mean,ko,ja,r10,256,512,delta,ok,-0.453125
Qwen/Qwen2.5-0.5B,6,0.25,mean,ko,ja,mrr,256,512,raw,ok,0.8182164447875009
Qwen/Qwen2.5-0.5B,6,0.25,mean,ko,ja,mrr,256,512,aligned,ok,0.3319158455947268
Qwen/Qwen2.5-0.5B,6,0.25,mean,ko,ja,mrr,256,512,delta,ok,-0.4863005991927741
Qwen/Qwen2.5-0.5B,6,0.25,mean,ja,ko,r1,256,512,raw,ok,0.564453125
Qwen/Qwen2.5-0.5B,6,0.25,mean,ja,ko,r1,256,512,aligned,ok,0.287109375
Qwen/Qwen2.5-0.5B,6,0.25,mean,ja,ko,r1,256,512,delta,ok,-0.27734375
Qwen/Qwen2.5-0.5B,6,0.25,mean,ja,ko,r5,256,512,raw,ok,0.67578125
Qwen/Qwen2.5-0.5B,6,0.25,mean,ja,ko,r5,256,512,aligned,ok,0.40234375
Qwen/Qwen2.5-0.5B,6,0.25,mean,ja,ko,r5,256,512,delta,ok,-0.2734375
Qwen/Qwen2.5-0.5B,6,0.25,mean,ja,ko,r10,256,512,raw,ok,0.7109375
Qwen/Qwen2.5-0.5B,6,0.25,mean,ja,ko,r10,256,512,aligned,ok,0.44921875
Qwen/Qwen2.5-0.5B,6,0.25,mean,ja,ko,r10,256,512,delta,ok,-0.26171875
Qwen/Qwen2.5-0.5B,6,0.25,mean,ja,ko,mrr,256,512,raw,ok,0.6199420761024471
Qwen/Qwen2.5-0.5B,6,0.25,mean,ja,ko,mrr,256,512,aligned,ok,0.3467809594382316
Qwen/Qwen2.5-0.5B,6,0.25,mean,ja,ko,mrr,256,512,delta,ok,-0.2731611166642155
Qwen/Qwen2.5-0.5B,6,0.25,mean,ko,zh,r1,256,512,raw,ok,0.478515625
Qwen/Qwen2.5-0.5B,6,0.25,mean,ko,zh,r1,256,512,aligned,ok,0.3046875
Qwen/Qwen2.5-0.5B,6,0.25,mean,ko,zh,r1,256,512,delta,ok,-0.173828125
Qwen/Qwen2.5-0.5B,6,0.25,mean,ko,zh,r5,256,512,raw,ok,0.6796875
Qwen/Qwen2.5-0.5B,6,0.25,mean,ko,zh,r5,256,512,aligned,ok,0.427734375
Qwen/Qwen2.5-0.5B,6,0.25,mean,ko,zh,r5,256,512,delta,ok,-0.251953125
Qwen/Qwen2.5-0.5B,6,0.25,mean,ko,zh,r10,256,512,raw,ok,0.7578125
Qwen/Qwen2.5-0.5B,6,0.25,mean,ko,zh,r10,256,512,aligned,ok,0.45703125
Qwen/Qwen2.5-0.5B,6,0.25,mean,ko,zh,r10,256,512,delta,ok,-0.30078125
Qwen/Qwen2.5-0.5B,6,0.25,mean,ko,zh,mrr,256,512,raw,ok,0.5755572041714058
Qwen/Qwen2.5-0.5B,6,0.25,mean,ko,zh,mrr,256,512,aligned,ok,0.3646529444587556
Qwen/Qwen2.5-0.5B,6,0.25,mean,ko,zh,mrr,256,512,delta,ok,-0.21090425971265014
Qwen/Qwen2.5-0.5B,6,0.25,mean,zh,ko,r1,256,512,raw,ok,0.03515625
Qwen/Qwen2.5-0.5B,6,0.25,mean,zh,ko,r1,256,512,aligned,ok,0.181640625
Qwen/Qwen2.5-0.5B,6,0.25,mean,zh,ko,r1,256,512,delta,ok,0.146484375
Qwen/Qwen2.5-0.5B,6,0.25,mean,zh,ko,r5,256,512,raw,ok,0.095703125
Qwen/Qwen2.5-0.5B,6,0.25,mean,zh,ko,r5,256,512,aligned,ok,0.28515625
Qwen/Qwen2.5-0.5B,6,0.25,mean,zh,ko,r5,256,512,delta,ok,0.189453125
Qwen/Qwen2.5-0.5B,6,0.25,mean,zh,ko,r10,256,512,raw,ok,0.12109375
Qwen/Qwen2.5-0.5B,6,0.25,mean,zh,ko,r10,256,512,aligned,ok,0.3359375
Qwen/Qwen2.5-0.5B,6,0.25,mean,zh,ko,r10,256,512,delta,ok,0.21484375
Qwen/Qwen2.5-0.5B,6,0.25,mean,zh,ko,mrr,256,512,raw,ok,0.07062987042007443
Qwen/Qwen2.5-0.5B,6,0.25,mean,zh,ko,mrr,256,512,aligned,ok,0.2381475254981905
Qwen/Qwen2.5-0.5B,6,0.25,mean,zh,ko,mrr,256,512,delta,ok,0.16751765507811606
Qwen/Qwen2.5-0.5B,6,0.25,mean,ja,zh,r1,256,512,raw,ok,0.744140625
Qwen/Qwen2.5-0.5B,6,0.25,mean,ja,zh,r1,256,512,aligned,ok,0.341796875
Qwen/Qwen2.5-0.5B,6,0.25,mean,ja,zh,r1,256,512,delta,ok,-0.40234375
Qwen/Qwen2.5-0.5B,6,0.25,mean,ja,zh,r5,256,512,raw,ok,0.875
Qwen/Qwen2.5-0.5B,6,0.25,mean,ja,zh,r5,256,512,aligned,ok,0.44921875
Qwen/Qwen2.5-0.5B,6,0.25,mean,ja,zh,r5,256,512,delta,ok,-0.42578125
Qwen/Qwen2.5-0.5B,6,0.25,mean,ja,zh,r10,256,512,raw,ok,0.923828125
Qwen/Qwen2.5-0.5B,6,0.25,mean,ja,zh,r10,256,512,aligned,ok,0.49609375
Qwen/Qwen2.5-0.5B,6,0.25,mean,ja,zh,r10,256,512,delta,ok,-0.427734375
Qwen/Qwen2.5-0.5B,6,0.25,mean,ja,zh,mrr,256,512,raw,ok,0.8059713936035502
Qwen/Qwen2.5-0.5B,6,0.25,mean,ja,zh,mrr,256,512,aligned,ok,0.39558020176756087
Qwen/Qwen2.5-0.5B,6,0.25,mean,ja,zh,mrr,256,512,delta,ok,-0.4103911918359893
Qwen/Qwen2.5-0.5B,6,0.25,mean,zh,ja,r1,256,512,raw,ok,0.12890625
Qwen/Qwen2.5-0.5B,6,0.25,mean,zh,ja,r1,256,512,aligned,ok,0.23828125
Qwen/Qwen2.5-0.5B,6,0.25,mean,zh,ja,r1,256,512,delta,ok,0.109375
Qwen/Qwen2.5-0.5B,6,0.25,mean,zh,ja,r5,256,512,raw,ok,0.220703125
Qwen/Qwen2.5-0.5B,6,0.25,mean,zh,ja,r5,256,512,aligned,ok,0.361328125
Qwen/Qwen2.5-0.5B,6,0.25,mean,zh,ja,r5,256,512,delta,ok,0.140625
Qwen/Qwen2.5-0.5B,6,0.25,mean,zh,ja,r10,256,512,raw,ok,0.26171875
Qwen/Qwen2.5-0.5B,6,0.25,mean,zh,ja,r10,256,512,aligned,ok,0.4140625
Qwen/Qwen2.5-0.5B,6,0.25,mean,zh,ja,r10,256,512,delta,ok,0.15234375
Qwen/Qwen2.5-0.5B,6,0.25,mean,zh,ja,mrr,256,512,raw,ok,0.18012037878999163
Qwen/Qwen2.5-0.5B,6,0.25,mean,zh,ja,mrr,256,512,aligned,ok,0.29901726744322643
Qwen/Qwen2.5-0.5B,6,0.25,mean,zh,ja,mrr,256,512,delta,ok,0.1188968886532348
Qwen/Qwen2.5-0.5B,7,0.2916666666666667,mean,en,ko,r1,256,512,raw,ok,0.009765625
Qwen/Qwen2.5-0.5B,7,0.2916666666666667,mean,en,ko,r1,256,512,aligned,ok,0.263671875
Qwen/Qwen2.5-0.5B,7,0.2916666666666667,mean,en,ko,r1,256,512,delta,ok,0.25390625
Qwen/Qwen2.5-0.5B,7,0.2916666666666667,mean,en,ko,r5,256,512,raw,ok,0.048828125
Qwen/Qwen2.5-0.5B,7,0.2916666666666667,mean,en,ko,r5,256,512,aligned,ok,0.37109375
Qwen/Qwen2.5-0.5B,7,0.2916666666666667,mean,en,ko,r5,256,512,delta,ok,0.322265625
Qwen/Qwen2.5-0.5B,7,0.2916666666666667,mean,en,ko,r10,256,512,raw,ok,0.068359375
Qwen/Qwen2.5-0.5B,7,0.2916666666666667,mean,en,ko,r10,256,512,aligned,ok,0.42578125
Qwen/Qwen2.5-0.5B,7,0.2916666666666667,mean,en,ko,r10,256,512,delta,ok,0.357421875
Qwen/Qwen2.5-0.5B,7,0.2916666666666667,mean,en,ko,mrr,256,512,raw,ok,0.03497657987902706
Qwen/Qwen2.5-0.5B,7,0.2916666666666667,mean,en,ko,mrr,256,512,aligned,ok,0.3205330068210671
Qwen/Qwen2.5-0.5B,7,0.2916666666666667,mean,en,ko,mrr,256,512,delta,ok,0.28555642694204003
Qwen/Qwen2.5-0.5B,7,0.2916666666666667,mean,ko,en,r1,256,512,raw,ok,0.556640625
Qwen/Qwen2.5-0.5B,7,0.2916666666666667,mean,ko,en,r1,256,512,aligned,ok,0.33203125
Qwen/Qwen2.5-0.5B,7,0.2916666666666667,mean,ko,en,r1,256,512,delta,ok,-0.224609375
Qwen/Qwen2.5-0.5B,7,0.2916666666666667,mean,ko,en,r5,256,512,raw,ok,0.76171875
Qwen/Qwen2.5-0.5B,7,0.2916666666666667,mean,ko,en,r5,256,512,aligned,ok,0.431640625
Qwen/Qwen2.5-0.5B,7,0.2916666666666667,mean,ko,en,r5,256,512,delta,ok,-0.330078125
Qwen/Qwen2.5-0.5B,7,0.2916666666666667,mean,ko,en,r10,256,512,raw,ok,0.833984375
Qwen/Qwen2.5-0.5B,7,0.2916666666666667,mean,ko,en,r10,256,512,aligned,ok,0.48828125
Qwen/Qwen2.5-0.5B,7,0.2916666666666667,mean,ko,en,r10,256,512,delta,ok,-0.345703125
Qwen/Qwen2.5-0.5B,7,0.2916666666666667,mean,ko,en,mrr,256,512,raw,ok,0.6533674010556669
Qwen/Qwen2.5-0.5B,7,0.2916666666666667,mean,ko,en,mrr,256,512,aligned,ok,0.383414947453601
Qwen/Qwen2.5-0.5B,7,0.2916666666666667,mean,ko,en,mrr,256,512,delta,ok,-0.26995245360206593
Qwen/Qwen2.5-0.5B,7,0.2916666666666667,mean,en,ja,r1,256,512,raw,ok,0.044921875
Qwen/Qwen2.5-0.5B,7,0.2916666666666667,mean,en,ja,r1,256,512,aligned,ok,0.310546875
Qwen/Qwen2.5-0.5B,7,0.2916666666666667,mean,en,ja,r1,256,512,delta,ok,0.265625
Qwen/Qwen2.5-0.5B,7,0.2916666666666667,mean,en,ja,r5,256,512,raw,ok,0.1015625
Qwen/Qwen2.5-0.5B,7,0.2916666666666667,mean,en,ja,r5,256,512,aligned,ok,0.41015625
Qwen/Qwen2.5-0.5B,7,0.2916666666666667,mean,en,ja,r5,256,512,delta,ok,0.30859375
Qwen/Qwen2.5-0.5B,7,0.2916666666666667,mean,en,ja,r10,256,512,raw,ok,0.1328125
Qwen/Qwen2.5-0.5B,7,0.2916666666666667,mean,en,ja,r10,256,512,aligned,ok,0.451171875
Qwen/Qwen2.5-0.5B,7,0.2916666666666667,mean,en,ja,r10,256,512,delta,ok,0.318359375
Qwen/Qwen2.5-0.5B,7,0.2916666666666667,mean,en,ja,mrr,256,512,raw,ok,0.08207938219050277
Qwen/Qwen2.5-0.5B,7,0.2916666666666667,mean,en,ja,mrr,256,512,aligned,ok,0.3591028408092072
Qwen/Qwen2.5-0.5B,7,0.2916666666666667,mean,en,ja,mrr,256,512,delta,ok,0.2770234586187044
Qwen/Qwen2.5-0.5B,7,0.2916666666666667,mean,ja,en,r1,256,512,raw,ok,0.76171875
Qwen/Qwen2.5-0.5B,7,0.2916666666666667,mean,ja,en,r1,256,512,aligned,ok,0.375
Qwen/Qwen2.5-0.5B,7,0.2916666666666667,mean,ja,en,r1,256,512,delta,ok,-0.38671875
Qwen/Qwen2.5-0.5B,7,0.2916666666666667,mean,ja,en,r5,256,512,raw,ok,0.8984375
Qwen/Qwen2.5-0.5B,7,0.2916666666666667,mean,ja,en,r5,256,512,aligned,ok,0.453125
Qwen/Qwen2.5-0.5B,7,0.2916666666666667,mean,ja,en,r5,256,512,delta,ok,-0.4453125
Qwen/Qwen2.5-0.5B,7,0.2916666666666667,mean,ja,en,r10,256,512,raw,ok,0.92578125
Qwen/Qwen2.5-0.5B,7,0.2916666666666667,mean,ja,en,r10,256,512,aligned,ok,0.484375
Qwen/Qwen2.5-0.5B,7,0.2916666666666667,mean,ja,en,r10,256,512,delta,ok,-0.44140625
Qwen/Qwen2.5-0.5B,7,0.2916666666666667,mean,ja,en,mrr,256,512,raw,ok,0.8233614760606245
Qwen/Qwen2.5-0.5B,7,0.2916666666666667,mean,ja,en,mrr,256,512,aligned,ok,0.41612661222867975
Qwen/Qwen2.5-0.5B,7,0.2916666666666667,mean,ja,en,mrr,256,512,delta,ok,-0.40723486383194474
Qwen/Qwen2.5-0.5B,7,0.2916666666666667,mean,en,zh,r1,256,512,raw,ok,0.76953125
Qwen/Qwen2.5-0.5B,7,0.2916666666666667,mean,en,zh,r1,256,512,aligned,ok,0.4765625
Qwen/Qwen2.5-0.5B,7,0.2916666666666667,mean,en,zh,r1,256,512,delta,ok,-0.29296875
Qwen/Qwen2.5-0.5B,7,0.2916666666666667,mean,en,zh,r5,256,512,raw,ok,0.830078125
Qwen/Qwen2.5-0.5B,7,0.2916666666666667,mean,en,zh,r5,256,512,aligned,ok,0.556640625
Qwen/Qwen2.5-0.5B,7,0.2916666666666667,mean,en,zh,r5,256,512,delta,ok,-0.2734375
Qwen/Qwen2.5-0.5B,7,0.2916666666666667,mean,en,zh,r10,256,512,raw,ok,0.853515625
Qwen/Qwen2.5-0.5B,7,0.2916666666666667,mean,en,zh,r10,256,512,aligned,ok,0.57421875
Qwen/Qwen2.5-0.5B,7,0.2916666666666667,mean,en,zh,r10,256,512,delta,ok,-0.279296875
Qwen/Qwen2.5-0.5B,7,0.2916666666666667,mean,en,zh,mrr,256,512,raw,ok,0.7965135485454118
Qwen/Qwen2.5-0.5B,7,0.2916666666666667,mean,en,zh,mrr,256,512,aligned,ok,0.5163909075198845
Qwen/Qwen2.5-0.5B,7,0.2916666666666667,mean,en,zh,mrr,256,512,delta,ok,-0.2801226410255273
Qwen/Qwen2.5-0.5B,7,0.2916666666666667,mean,zh,en,r1,256,512,raw,ok,0.837890625
Qwen/Qwen2.5-0.5B,7,0.2916666666666667,mean,zh,en,r1,256,512,aligned,ok,0.369140625
Qwen/Qwen2.5-0.5B,7,0.2916666666666667,mean,zh,en,r1,256,512,delta,ok,-0.46875
Qwen/Qwen2.5-0.5B,7,0.2916666666666667,mean,zh,en,r5,256,512,raw,ok,0.90234375
Qwen/Qwen2.5-0.5B,7,0.2916666666666667,mean,zh,en,r5,256,512,aligned,ok,0.4375
Qwen/Qwen2.5-0.5B,7,0.2916666666666667,mean,zh,en,r5,256,512,delta,ok,-0.46484375
Qwen/Qwen2.5-0.5B,7,0.2916666666666667,mean,zh,en,r10,256,512,raw,ok,0.927734375
Qwen/Qwen2.5-0.5B,7,0.2916666666666667,mean,zh,en,r10,256,512,aligned,ok,0.4609375
Qwen/Qwen2.5-0.5B,7,0.2916666666666667,mean,zh,en,r10,256,512,delta,ok,-0.466796875
Qwen/Qwen2.5-0.5B,7,0.2916666666666667,mean,zh,en,mrr,256,512,raw,ok,0.8689098474323332
Qwen/Qwen2.5-0.5B,7,0.2916666666666667,mean,zh,en,mrr,256,512,aligned,ok,0.4066880355202182
Qwen/Qwen2.5-0.5B,7,0.2916666666666667,mean,zh,en,mrr,256,512,delta,ok,-0.46222181191211503
Qwen/Qwen2.5-0.5B,7,0.2916666666666667,mean,ko,ja,r1,256,512,raw,ok,0.767578125
Qwen/Qwen2.5-0.5B,7,0.2916666666666667,mean,ko,ja,r1,256,512,aligned,ok,0.337890625
Qwen/Qwen2.5-0.5B,7,0.2916666666666667,mean,ko,ja,r1,256,512,delta,ok,-0.4296875
Qwen/Qwen2.5-0.5B,7,0.2916666666666667,mean,ko,ja,r5,256,512,raw,ok,0.880859375
Qwen/Qwen2.5-0.5B,7,0.2916666666666667,mean,ko,ja,r5,256,512,aligned,ok,0.458984375
Qwen/Qwen2.5-0.5B,7,0.2916666666666667,mean,ko,ja,r5,256,512,delta,ok,-0.421875
Qwen/Qwen2.5-0.5B,7,0.2916666666666667,mean,ko,ja,r10,256,512,raw,ok,0.8984375
Qwen/Qwen2.5-0.5B,7,0.2916666666666667,mean,ko,ja,r10,256,512,aligned,ok,0.50390625
Qwen/Qwen2.5-0.5B,7,0.2916666666666667,mean,ko,ja,r10,256,512,delta,ok,-0.39453125
Qwen/Qwen2.5-0.5B,7,0.2916666666666667,mean,ko,ja,mrr,256,512,raw,ok,0.8153987397740285
Qwen/Qwen2.5-0.5B,7,0.2916666666666667,mean,ko,ja,mrr,256,512,aligned,ok,0.3983587380539078
Qwen/Qwen2.5-0.5B,7,0.2916666666666667,mean,ko,ja,mrr,256,512,delta,ok,-0.41704000172012073
Qwen/Qwen2.5-0.5B,7,0.2916666666666667,mean,ja,ko,r1,256,512,raw,ok,0.5703125
Qwen/Qwen2.5-0.5B,7,0.2916666666666667,mean,ja,ko,r1,256,512,aligned,ok,0.328125
Qwen/Qwen2.5-0.5B,7,0.2916666666666667,mean,ja,ko,r1,256,512,delta,ok,-0.2421875
Qwen/Qwen2.5-0.5B,7,0.2916666666666667,mean,ja,ko,r5,256,512,raw,ok,0.6875
Qwen/Qwen2.5-0.5B,7,0.2916666666666667,mean,ja,ko,r5,256,512,aligned,ok,0.4453125
Qwen/Qwen2.5-0.5B,7,0.2916666666666667,mean,ja,ko,r5,256,512,delta,ok,-0.2421875
Qwen/Qwen2.5-0.5B,7,0.2916666666666667,mean,ja,ko,r10,256,512,raw,ok,0.712890625
Qwen/Qwen2.5-0.5B,7,0.2916666666666667,mean,ja,ko,r10,256,512,aligned,ok,0.48046875
Qwen/Qwen2.5-0.5B,7,0.2916666666666667,mean,ja,ko,r10,256,512,delta,ok,-0.232421875
Qwen/Qwen2.5-0.5B,7,0.2916666666666667,mean,ja,ko,mrr,256,512,raw,ok,0.6270584970722923
Qwen/Qwen2.5-0.5B,7,0.2916666666666667,mean,ja,ko,mrr,256,512,aligned,ok,0.38293464727175147
Qwen/Qwen2.5-0.5B,7,0.2916666666666667,mean,ja,ko,mrr,256,512,delta,ok,-0.24412384980054086
Qwen/Qwen2.5-0.5B,7,0.2916666666666667,mean,ko,zh,r1,256,512,raw,ok,0.38671875
Qwen/Qwen2.5-0.5B,7,0.2916666666666667,mean,ko,zh,r1,256,512,aligned,ok,0.3515625
Qwen/Qwen2.5-0.5B,7,0.2916666666666667,mean,ko,zh,r1,256,512,delta,ok,-0.03515625
Qwen/Qwen2.5-0.5B,7,0.2916666666666667,mean,ko,zh,r5,256,512,raw,ok,0.587890625
Qwen/Qwen2.5-0.5B,7,0.2916666666666667,mean,ko,zh,r5,256,512,aligned,ok,0.4609375
Qwen/Qwen2.5-0.5B,7,0.2916666666666667,mean,ko,zh,r5,256,512,delta,ok,-0.126953125
Qwen/Qwen2.5-0.5B,7,0.2916666666666667,mean,ko,zh,r10,256,512,raw,ok,0.666015625
Qwen/Qwen2.5-0.5B,7,0.2916666666666667,mean,ko,zh,r10,256,512,aligned,ok,0.50390625
Qwen/Qwen2.5-0.5B,7,0.2916666666666667,mean,ko,zh,r10,256,512,delta,ok,-0.162109375
Qwen/Qwen2.5-0.5B,7,0.2916666666666667,mean,ko,zh,mrr,256,512,raw,ok,0.48519396412416016
Qwen/Qwen2.5-0.5B,7,0.2916666666666667,mean,ko,zh,mrr,256,512,aligned,ok,0.40679114951734185
Qwen/Qwen2.5-0.5B,7,0.2916666666666667,mean,ko,zh,mrr,256,512,delta,ok,-0.0784028146068183
Qwen/Qwen2.5-0.5B,7,0.2916666666666667,mean,zh,ko,r1,256,512,raw,ok,0.0390625
Qwen/Qwen2.5-0.5B,7,0.2916666666666667,mean,zh,ko,r1,256,512,aligned,ok,0.205078125
Qwen/Qwen2.5-0.5B,7,0.2916666666666667,mean,zh,ko,r1,256,512,delta,ok,0.166015625
Qwen/Qwen2.5-0.5B,7,0.2916666666666667,mean,zh,ko,r5,256,512,raw,ok,0.1015625
Qwen/Qwen2.5-0.5B,7,0.2916666666666667,mean,zh,ko,r5,256,512,aligned,ok,0.310546875
Qwen/Qwen2.5-0.5B,7,0.2916666666666667,mean,zh,ko,r5,256,512,delta,ok,0.208984375
Qwen/Qwen2.5-0.5B,7,0.2916666666666667,mean,zh,ko,r10,256,512,raw,ok,0.125
Qwen/Qwen2.5-0.5B,7,0.2916666666666667,mean,zh,ko,r10,256,512,aligned,ok,0.365234375
Qwen/Qwen2.5-0.5B,7,0.2916666666666667,mean,zh,ko,r10,256,512,delta,ok,0.240234375
Qwen/Qwen2.5-0.5B,7,0.2916666666666667,mean,zh,ko,mrr,256,512,raw,ok,0.07418439703464981
Qwen/Qwen2.5-0.5B,7,0.2916666666666667,mean,zh,ko,mrr,256,512,aligned,ok,0.26398231573393427
Qwen/Qwen2.5-0.5B,7,0.2916666666666667,mean,zh,ko,mrr,256,512,delta,ok,0.18979791869928447
Qwen/Qwen2.5-0.5B,7,0.2916666666666667,mean,ja,zh,r1,256,512,raw,ok,0.677734375
Qwen/Qwen2.5-0.5B,7,0.2916666666666667,mean,ja,zh,r1,256,512,aligned,ok,0.38671875
Qwen/Qwen2.5-0.5B,7,0.2916666666666667,mean,ja,zh,r1,256,512,delta,ok,-0.291015625
Qwen/Qwen2.5-0.5B,7,0.2916666666666667,mean,ja,zh,r5,256,512,raw,ok,0.814453125
Qwen/Qwen2.5-0.5B,7,0.2916666666666667,mean,ja,zh,r5,256,512,aligned,ok,0.49609375
Qwen/Qwen2.5-0.5B,7,0.2916666666666667,mean,ja,zh,r5,256,512,delta,ok,-0.318359375
Qwen/Qwen2.5-0.5B,7,0.2916666666666667,mean,ja,zh,r10,256,512,raw,ok,0.865234375
Qwen/Qwen2.5-0.5B,7,0.2916666666666667,mean,ja,zh,r10,256,512,aligned,ok,0.53515625
Qwen/Qwen2.5-0.5B,7,0.2916666666666667,mean,ja,zh,r10,256,512,delta,ok,-0.330078125
Qwen/Qwen2.5-0.5B,7,0.2916666666666667,mean,ja,zh,mrr,256,512,raw,ok,0.7435792114895353
Qwen/Qwen2.5-0.5B,7,0.2916666666666667,mean,ja,zh,mrr,256,512,aligned,ok,0.4402722950143111
Qwen/Qwen2.5-0.5B,7,0.2916666666666667,mean,ja,zh,mrr,256,512,delta,ok,-0.30330691647522423
Qwen/Qwen2.5-0.5B,7,0.2916666666666667,mean,zh,ja,r1,256,512,raw,ok,0.126953125
Qwen/Qwen2.5-0.5B,7,0.2916666666666667,mean,zh,ja,r1,256,512,aligned,ok,0.259765625
Qwen/Qwen2.5-0.5B,7,0.2916666666666667,mean,zh,ja,r1,256,512,delta,ok,0.1328125
Qwen/Qwen2.5-0.5B,7,0.2916666666666667,mean,zh,ja,r5,256,512,raw,ok,0.212890625
Qwen/Qwen2.5-0.5B,7,0.2916666666666667,mean,zh,ja,r5,256,512,aligned,ok,0.38671875
Qwen/Qwen2.5-0.5B,7,0.2916666666666667,mean,zh,ja,r5,256,512,delta,ok,0.173828125
Qwen/Qwen2.5-0.5B,7,0.2916666666666667,mean,zh,ja,r10,256,512,raw,ok,0.2578125
Qwen/Qwen2.5-0.5B,7,0.2916666666666667,mean,zh,ja,r10,256,512,aligned,ok,0.431640625
Qwen/Qwen2.5-0.5B,7,0.2916666666666667,mean,zh,ja,r10,256,512,delta,ok,0.173828125
Qwen/Qwen2.5-0.5B,7,0.2916666666666667,mean,zh,ja,mrr,256,512,raw,ok,0.1776086522545252
Qwen/Qwen2.5-0.5B,7,0.2916666666666667,mean,zh,ja,mrr,256,512,aligned,ok,0.3232093571566331
Qwen/Qwen2.5-0.5B,7,0.2916666666666667,mean,zh,ja,mrr,256,512,delta,ok,0.1456007049021079
Qwen/Qwen2.5-0.5B,8,0.3333333333333333,mean,en,ko,r1,256,512,raw,ok,0.01171875
Qwen/Qwen2.5-0.5B,8,0.3333333333333333,mean,en,ko,r1,256,512,aligned,ok,0.302734375
Qwen/Qwen2.5-0.5B,8,0.3333333333333333,mean,en,ko,r1,256,512,delta,ok,0.291015625
Qwen/Qwen2.5-0.5B,8,0.3333333333333333,mean,en,ko,r5,256,512,raw,ok,0.046875
Qwen/Qwen2.5-0.5B,8,0.3333333333333333,mean,en,ko,r5,256,512,aligned,ok,0.39453125
Qwen/Qwen2.5-0.5B,8,0.3333333333333333,mean,en,ko,r5,256,512,delta,ok,0.34765625
Qwen/Qwen2.5-0.5B,8,0.3333333333333333,mean,en,ko,r10,256,512,raw,ok,0.064453125
Qwen/Qwen2.5-0.5B,8,0.3333333333333333,mean,en,ko,r10,256,512,aligned,ok,0.447265625
Qwen/Qwen2.5-0.5B,8,0.3333333333333333,mean,en,ko,r10,256,512,delta,ok,0.3828125
Qwen/Qwen2.5-0.5B,8,0.3333333333333333,mean,en,ko,mrr,256,512,raw,ok,0.03747563506397486
Qwen/Qwen2.5-0.5B,8,0.3333333333333333,mean,en,ko,mrr,256,512,aligned,ok,0.3517333257025566
Qwen/Qwen2.5-0.5B,8,0.3333333333333333,mean,en,ko,mrr,256,512,delta,ok,0.3142576906385818
Qwen/Qwen2.5-0.5B,8,0.3333333333333333,mean,ko,en,r1,256,512,raw,ok,0.619140625
Qwen/Qwen2.5-0.5B,8,0.3333333333333333,mean,ko,en,r1,256,512,aligned,ok,0.36328125
Qwen/Qwen2.5-0.5B,8,0.3333333333333333,mean,ko,en,r1,256,512,delta,ok,-0.255859375
Qwen/Qwen2.5-0.5B,8,0.3333333333333333,mean,ko,en,r5,256,512,raw,ok,0.83203125
Qwen/Qwen2.5-0.5B,8,0.3333333333333333,mean,ko,en,r5,256,512,aligned,ok,0.46875
Qwen/Qwen2.5-0.5B,8,0.3333333333333333,mean,ko,en,r5,256,512,delta,ok,-0.36328125
Qwen/Qwen2.5-0.5B,8,0.3333333333333333,mean,ko,en,r10,256,512,raw,ok,0.892578125
Qwen/Qwen2.5-0.5B,8,0.3333333333333333,mean,ko,en,r10,256,512,aligned,ok,0.521484375
Qwen/Qwen2.5-0.5B,8,0.3333333333333333,mean,ko,en,r10,256,512,delta,ok,-0.37109375
Qwen/Qwen2.5-0.5B,8,0.3333333333333333,mean,ko,en,mrr,256,512,raw,ok,0.7173973442196582
Qwen/Qwen2.5-0.5B,8,0.3333333333333333,mean,ko,en,mrr,256,512,aligned,ok,0.41797528928906474
Qwen/Qwen2.5-0.5B,8,0.3333333333333333,mean,ko,en,mrr,256,512,delta,ok,-0.29942205493059343
Qwen/Qwen2.5-0.5B,8,0.3333333333333333,mean,en,ja,r1,256,512,raw,ok,0.048828125
Qwen/Qwen2.5-0.5B,8,0.3333333333333333,mean,en,ja,r1,256,512,aligned,ok,0.345703125
Qwen/Qwen2.5-0.5B,8,0.3333333333333333,mean,en,ja,r1,256,512,delta,ok,0.296875
Qwen/Qwen2.5-0.5B,8,0.3333333333333333,mean,en,ja,r5,256,512,raw,ok,0.103515625
Qwen/Qwen2.5-0.5B,8,0.3333333333333333,mean,en,ja,r5,256,512,aligned,ok,0.427734375
Qwen/Qwen2.5-0.5B,8,0.3333333333333333,mean,en,ja,r5,256,512,delta,ok,0.32421875
Qwen/Qwen2.5-0.5B,8,0.3333333333333333,mean,en,ja,r10,256,512,raw,ok,0.123046875
Qwen/Qwen2.5-0.5B,8,0.3333333333333333,mean,en,ja,r10,256,512,aligned,ok,0.462890625
Qwen/Qwen2.5-0.5B,8,0.3333333333333333,mean,en,ja,r10,256,512,delta,ok,0.33984375
Qwen/Qwen2.5-0.5B,8,0.3333333333333333,mean,en,ja,mrr,256,512,raw,ok,0.0830753713252875
Qwen/Qwen2.5-0.5B,8,0.3333333333333333,mean,en,ja,mrr,256,512,aligned,ok,0.38925080924042244
Qwen/Qwen2.5-0.5B,8,0.3333333333333333,mean,en,ja,mrr,256,512,delta,ok,0.3061754379151349
Qwen/Qwen2.5-0.5B,8,0.3333333333333333,mean,ja,en,r1,256,512,raw,ok,0.80859375
Qwen/Qwen2.5-0.5B,8,0.3333333333333333,mean,ja,en,r1,256,512,aligned,ok,0.39453125
Qwen/Qwen2.5-0.5B,8,0.3333333333333333,mean,ja,en,r1,256,512,delta,ok,-0.4140625
Qwen/Qwen2.5-0.5B,8,0.3333333333333333,mean,ja,en,r5,256,512,raw,ok,0.923828125
Qwen/Qwen2.5-0.5B,8,0.3333333333333333,mean,ja,en,r5,256,512,aligned,ok,0.484375
Qwen/Qwen2.5-0.5B,8,0.3333333333333333,mean,ja,en,r5,256,512,delta,ok,-0.439453125
Qwen/Qwen2.5-0.5B,8,0.3333333333333333,mean,ja,en,r10,256,512,raw,ok,0.947265625
Qwen/Qwen2.5-0.5B,8,0.3333333333333333,mean,ja,en,r10,256,512,aligned,ok,0.51171875
Qwen/Qwen2.5-0.5B,8,0.3333333333333333,mean,ja,en,r10,256,512,delta,ok,-0.435546875
Qwen/Qwen2.5-0.5B,8,0.3333333333333333,mean,ja,en,mrr,256,512,raw,ok,0.8581546857457741
Qwen/Qwen2.5-0.5B,8,0.3333333333333333,mean,ja,en,mrr,256,512,aligned,ok,0.43940904463638475
Qwen/Qwen2.5-0.5B,8,0.3333333333333333,mean,ja,en,mrr,256,512,delta,ok,-0.4187456411093894
Qwen/Qwen2.5-0.5B,8,0.3333333333333333,mean,en,zh,r1,256,512,raw,ok,0.796875
Qwen/Qwen2.5-0.5B,8,0.3333333333333333,mean,en,zh,r1,256,512,aligned,ok,0.5078125
Qwen/Qwen2.5-0.5B,8,0.3333333333333333,mean,en,zh,r1,256,512,delta,ok,-0.2890625
Qwen/Qwen2.5-0.5B,8,0.3333333333333333,mean,en,zh,r5,256,512,raw,ok,0.845703125
Qwen/Qwen2.5-0.5B,8,0.3333333333333333,mean,en,zh,r5,256,512,aligned,ok,0.576171875
Qwen/Qwen2.5-0.5B,8,0.3333333333333333,mean,en,zh,r5,256,512,delta,ok,-0.26953125
Qwen/Qwen2.5-0.5B,8,0.3333333333333333,mean,en,zh,r10,256,512,raw,ok,0.865234375
Qwen/Qwen2.5-0.5B,8,0.3333333333333333,mean,en,zh,r10,256,512,aligned,ok,0.59765625
Qwen/Qwen2.5-0.5B,8,0.3333333333333333,mean,en,zh,r10,256,512,delta,ok,-0.267578125
Qwen/Qwen2.5-0.5B,8,0.3333333333333333,mean,en,zh,mrr,256,512,raw,ok,0.8203453655254287
Qwen/Qwen2.5-0.5B,8,0.3333333333333333,mean,en,zh,mrr,256,512,aligned,ok,0.5413036659855976
Qwen/Qwen2.5-0.5B,8,0.3333333333333333,mean,en,zh,mrr,256,512,delta,ok,-0.27904169953983105
Qwen/Qwen2.5-0.5B,8,0.3333333333333333,mean,zh,en,r1,256,512,raw,ok,0.85546875
Qwen/Qwen2.5-0.5B,8,0.3333333333333333,mean,zh,en,r1,256,512,aligned,ok,0.37890625
Qwen/Qwen2.5-0.5B,8,0.3333333333333333,mean,zh,en,r1,256,512,delta,ok,-0.4765625
Qwen/Qwen2.5-0.5B,8,0.3333333333333333,mean,zh,en,r5,256,512,raw,ok,0.91796875
Qwen/Qwen2.5-0.5B,8,0.3333333333333333,mean,zh,en,r5,256,512,aligned,ok,0.44140625
Qwen/Qwen2.5-0.5B,8,0.3333333333333333,mean,zh,en,r5,256,512,delta,ok,-0.4765625
Qwen/Qwen2.5-0.5B,8,0.3333333333333333,mean,zh,en,r10,256,512,raw,ok,0.931640625
Qwen/Qwen2.5-0.5B,8,0.3333333333333333,mean,zh,en,r10,256,512,aligned,ok,0.482421875
Qwen/Qwen2.5-0.5B,8,0.3333333333333333,mean,zh,en,r10,256,512,delta,ok,-0.44921875
Qwen/Qwen2.5-0.5B,8,0.3333333333333333,mean,zh,en,mrr,256,512,raw,ok,0.8841895877964204
Qwen/Qwen2.5-0.5B,8,0.3333333333333333,mean,zh,en,mrr,256,512,aligned,ok,0.4183473720852676
Qwen/Qwen2.5-0.5B,8,0.3333333333333333,mean,zh,en,mrr,256,512,delta,ok,-0.4658422157111528
Qwen/Qwen2.5-0.5B,8,0.3333333333333333,mean,ko,ja,r1,256,512,raw,ok,0.814453125
Qwen/Qwen2.5-0.5B,8,0.3333333333333333,mean,ko,ja,r1,256,512,aligned,ok,0.365234375
Qwen/Qwen2.5-0.5B,8,0.3333333333333333,mean,ko,ja,r1,256,512,delta,ok,-0.44921875
Qwen/Qwen2.5-0.5B,8,0.3333333333333333,mean,ko,ja,r5,256,512,raw,ok,0.8984375
Qwen/Qwen2.5-0.5B,8,0.3333333333333333,mean,ko,ja,r5,256,512,aligned,ok,0.470703125
Qwen/Qwen2.5-0.5B,8,0.3333333333333333,mean,ko,ja,r5,256,512,delta,ok,-0.427734375
Qwen/Qwen2.5-0.5B,8,0.3333333333333333,mean,ko,ja,r10,256,512,raw,ok,0.91796875
Qwen/Qwen2.5-0.5B,8,0.3333333333333333,mean,ko,ja,r10,256,512,aligned,ok,0.521484375
Qwen/Qwen2.5-0.5B,8,0.3333333333333333,mean,ko,ja,r10,256,512,delta,ok,-0.396484375
Qwen/Qwen2.5-0.5B,8,0.3333333333333333,mean,ko,ja,mrr,256,512,raw,ok,0.8524296250094137
Qwen/Qwen2.5-0.5B,8,0.3333333333333333,mean,ko,ja,mrr,256,512,aligned,ok,0.42391567121396256
Qwen/Qwen2.5-0.5B,8,0.3333333333333333,mean,ko,ja,mrr,256,512,delta,ok,-0.4285139537954511
Qwen/Qwen2.5-0.5B,8,0.3333333333333333,mean,ja,ko,r1,256,512,raw,ok,0.60546875
Qwen/Qwen2.5-0.5B,8,0.3333333333333333,mean,ja,ko,r1,256,512,aligned,ok,0.34765625
Qwen/Qwen2.5-0.5B,8,0.3333333333333333,mean,ja,ko,r1,256,512,delta,ok,-0.2578125
Qwen/Qwen2.5-0.5B,8,0.3333333333333333,mean,ja,ko,r5,256,512,raw,ok,0.705078125
Qwen/Qwen2.5-0.5B,8,0.3333333333333333,mean,ja,ko,r5,256,512,aligned,ok,0.453125
Qwen/Qwen2.5-0.5B,8,0.3333333333333333,mean,ja,ko,r5,256,512,delta,ok,-0.251953125
Qwen/Qwen2.5-0.5B,8,0.3333333333333333,mean,ja,ko,r10,256,512,raw,ok,0.74609375
Qwen/Qwen2.5-0.5B,8,0.3333333333333333,mean,ja,ko,r10,256,512,aligned,ok,0.486328125
Qwen/Qwen2.5-0.5B,8,0.3333333333333333,mean,ja,ko,r10,256,512,delta,ok,-0.259765625
Qwen/Qwen2.5-0.5B,8,0.3333333333333333,mean,ja,ko,mrr,256,512,raw,ok,0.6575035065248573
Qwen/Qwen2.5-0.5B,8,0.3333333333333333,mean,ja,ko,mrr,256,512,aligned,ok,0.3994890578553529
Qwen/Qwen2.5-0.5B,8,0.3333333333333333,mean,ja,ko,mrr,256,512,delta,ok,-0.25801444866950446
Qwen/Qwen2.5-0.5B,8,0.3333333333333333,mean,ko,zh,r1,256,512,raw,ok,0.46875
Qwen/Qwen2.5-0.5B,8,0.3333333333333333,mean,ko,zh,r1,256,512,aligned,ok,0.3828125
Qwen/Qwen2.5-0.5B,8,0.3333333333333333,mean,ko,zh,r1,256,512,delta,ok,-0.0859375
Qwen/Qwen2.5-0.5B,8,0.3333333333333333,mean,ko,zh,r5,256,512,raw,ok,0.69140625
Qwen/Qwen2.5-0.5B,8,0.3333333333333333,mean,ko,zh,r5,256,512,aligned,ok,0.490234375
Qwen/Qwen2.5-0.5B,8,0.3333333333333333,mean,ko,zh,r5,256,512,delta,ok,-0.201171875
Qwen/Qwen2.5-0.5B,8,0.3333333333333333,mean,ko,zh,r10,256,512,raw,ok,0.76953125
Qwen/Qwen2.5-0.5B,8,0.3333333333333333,mean,ko,zh,r10,256,512,aligned,ok,0.529296875
Qwen/Qwen2.5-0.5B,8,0.3333333333333333,mean,ko,zh,r10,256,512,delta,ok,-0.240234375
Qwen/Qwen2.5-0.5B,8,0.3333333333333333,mean,ko,zh,mrr,256,512,raw,ok,0.575221008916944
Qwen/Qwen2.5-0.5B,8,0.3333333333333333,mean,ko,zh,mrr,256,512,aligned,ok,0.4354383852374873
Qwen/Qwen2.5-0.5B,8,0.3333333333333333,mean,ko,zh,mrr,256,512,delta,ok,-0.13978262367945676
Qwen/Qwen2.5-0.5B,8,0.3333333333333333,mean,zh,ko,r1,256,512,raw,ok,0.0390625
Qwen/Qwen2.5-0.5B,8,0.3333333333333333,mean,zh,ko,r1,256,512,aligned,ok,0.224609375
Qwen/Qwen2.5-0.5B,8,0.3333333333333333,mean,zh,ko,r1,256,512,delta,ok,0.185546875
Qwen/Qwen2.5-0.5B,8,0.3333333333333333,mean,zh,ko,r5,256,512,raw,ok,0.1015625
Qwen/Qwen2.5-0.5B,8,0.3333333333333333,mean,zh,ko,r5,256,512,aligned,ok,0.32421875
Qwen/Qwen2.5-0.5B,8,0.3333333333333333,mean,zh,ko,r5,256,512,delta,ok,0.22265625
Qwen/Qwen2.5-0.5B,8,0.3333333333333333,mean,zh,ko,r10,256,512,raw,ok,0.123046875
Qwen/Qwen2.5-0.5B,8,0.3333333333333333,mean,zh,ko,r10,256,512,aligned,ok,0.376953125
Qwen/Qwen2.5-0.5B,8,0.3333333333333333,mean,zh,ko,r10,256,512,delta,ok,0.25390625
Qwen/Qwen2.5-0.5B,8,0.3333333333333333,mean,zh,ko,mrr,256,512,raw,ok,0.07284407515719021
Qwen/Qwen2.5-0.5B,8,0.3333333333333333,mean,zh,ko,mrr,256,512,aligned,ok,0.2792228019100016
Qwen/Qwen2.5-0.5B,8,0.3333333333333333,mean,zh,ko,mrr,256,512,delta,ok,0.20637872675281138
Qwen/Qwen2.5-0.5B,8,0.3333333333333333,mean,ja,zh,r1,256,512,raw,ok,0.734375
Qwen/Qwen2.5-0.5B,8,0.3333333333333333,mean,ja,zh,r1,256,512,aligned,ok,0.419921875
Qwen/Qwen2.5-0.5B,8,0.3333333333333333,mean,ja,zh,r1,256,512,delta,ok,-0.314453125
Qwen/Qwen2.5-0.5B,8,0.3333333333333333,mean,ja,zh,r5,256,512,raw,ok,0.8828125
Qwen/Qwen2.5-0.5B,8,0.3333333333333333,mean,ja,zh,r5,256,512,aligned,ok,0.515625
Qwen/Qwen2.5-0.5B,8,0.3333333333333333,mean,ja,zh,r5,256,512,delta,ok,-0.3671875
Qwen/Qwen2.5-0.5B,8,0.3333333333333333,mean,ja,zh,r10,256,512,raw,ok,0.919921875
Qwen/Qwen2.5-0.5B,8,0.3333333333333333,mean,ja,zh,r10,256,512,aligned,ok,0.54296875
Qwen/Qwen2.5-0.5B,8,0.3333333333333333,mean,ja,zh,r10,256,512,delta,ok,-0.376953125
Qwen/Qwen2.5-0.5B,8,0.3333333333333333,mean,ja,zh,mrr,256,512,raw,ok,0.8014957224359387
Qwen/Qwen2.5-0.5B,8,0.3333333333333333,mean,ja,zh,mrr,256,512,aligned,ok,0.46679190924618674
Qwen/Qwen2.5-0.5B,8,0.3333333333333333,mean,ja,zh,mrr,256,512,delta,ok,-0.33470381318975195
Qwen/Qwen2.5-0.5B,8,0.3333333333333333,mean,zh,ja,r1,256,512,raw,ok,0.12890625
Qwen/Qwen2.5-0.5B,8,0.3333333333333333,mean,zh,ja,r1,256,512,aligned,ok,0.283203125
Qwen/Qwen2.5-0.5B,8,0.3333333333333333,mean,zh,ja,r1,256,512,delta,ok,0.154296875
Qwen/Qwen2.5-0.5B,8,0.3333333333333333,mean,zh,ja,r5,256,512,raw,ok,0.19921875
Qwen/Qwen2.5-0.5B,8,0.3333333333333333,mean,zh,ja,r5,256,512,aligned,ok,0.412109375
Qwen/Qwen2.5-0.5B,8,0.3333333333333333,mean,zh,ja,r5,256,512,delta,ok,0.212890625
Qwen/Qwen2.5-0.5B,8,0.3333333333333333,mean,zh,ja,r10,256,512,raw,ok,0.25
Qwen/Qwen2.5-0.5B,8,0.3333333333333333,mean,zh,ja,r10,256,512,aligned,ok,0.4453125
Qwen/Qwen2.5-0.5B,8,0.3333333333333333,mean,zh,ja,r10,256,512,delta,ok,0.1953125
Qwen/Qwen2.5-0.5B,8,0.3333333333333333,mean,zh,ja,mrr,256,512,raw,ok,0.17284288539002457
Qwen/Qwen2.5-0.5B,8,0.3333333333333333,mean,zh,ja,mrr,256,512,aligned,ok,0.34376652193872287
Qwen/Qwen2.5-0.5B,8,0.3333333333333333,mean,zh,ja,mrr,256,512,delta,ok,0.1709236365486983
Qwen/Qwen2.5-0.5B,9,0.375,mean,en,ko,r1,256,512,raw,ok,0.017578125
Qwen/Qwen2.5-0.5B,9,0.375,mean,en,ko,r1,256,512,aligned,ok,0.3125
Qwen/Qwen2.5-0.5B,9,0.375,mean,en,ko,r1,256,512,delta,ok,0.294921875
Qwen/Qwen2.5-0.5B,9,0.375,mean,en,ko,r5,256,512,raw,ok,0.052734375
Qwen/Qwen2.5-0.5B,9,0.375,mean,en,ko,r5,256,512,aligned,ok,0.412109375
Qwen/Qwen2.5-0.5B,9,0.375,mean,en,ko,r5,256,512,delta,ok,0.359375
Qwen/Qwen2.5-0.5B,9,0.375,mean,en,ko,r10,256,512,raw,ok,0.07421875
Qwen/Qwen2.5-0.5B,9,0.375,mean,en,ko,r10,256,512,aligned,ok,0.455078125
Qwen/Qwen2.5-0.5B,9,0.375,mean,en,ko,r10,256,512,delta,ok,0.380859375
Qwen/Qwen2.5-0.5B,9,0.375,mean,en,ko,mrr,256,512,raw,ok,0.04356474038847697
Qwen/Qwen2.5-0.5B,9,0.375,mean,en,ko,mrr,256,512,aligned,ok,0.36110275059696195
Qwen/Qwen2.5-0.5B,9,0.375,mean,en,ko,mrr,256,512,delta,ok,0.317538010208485
Qwen/Qwen2.5-0.5B,9,0.375,mean,ko,en,r1,256,512,raw,ok,0.66796875
Qwen/Qwen2.5-0.5B,9,0.375,mean,ko,en,r1,256,512,aligned,ok,0.3828125
Qwen/Qwen2.5-0.5B,9,0.375,mean,ko,en,r1,256,512,delta,ok,-0.28515625
Qwen/Qwen2.5-0.5B,9,0.375,mean,ko,en,r5,256,512,raw,ok,0.85546875
Qwen/Qwen2.5-0.5B,9,0.375,mean,ko,en,r5,256,512,aligned,ok,0.48828125
Qwen/Qwen2.5-0.5B,9,0.375,mean,ko,en,r5,256,512,delta,ok,-0.3671875
Qwen/Qwen2.5-0.5B,9,0.375,mean,ko,en,r10,256,512,raw,ok,0.916015625
Qwen/Qwen2.5-0.5B,9,0.375,mean,ko,en,r10,256,512,aligned,ok,0.51953125
Qwen/Qwen2.5-0.5B,9,0.375,mean,ko,en,r10,256,512,delta,ok,-0.396484375
Qwen/Qwen2.5-0.5B,9,0.375,mean,ko,en,mrr,256,512,raw,ok,0.7505058277278935
Qwen/Qwen2.5-0.5B,9,0.375,mean,ko,en,mrr,256,512,aligned,ok,0.4362281783641211
Qwen/Qwen2.5-0.5B,9,0.375,mean,ko,en,mrr,256,512,delta,ok,-0.31427764936377245
Qwen/Qwen2.5-0.5B,9,0.375,mean,en,ja,r1,256,512,raw,ok,0.068359375
Qwen/Qwen2.5-0.5B,9,0.375,mean,en,ja,r1,256,512,aligned,ok,0.345703125
Qwen/Qwen2.5-0.5B,9,0.375,mean,en,ja,r1,256,512,delta,ok,0.27734375
Qwen/Qwen2.5-0.5B,9,0.375,mean,en,ja,r5,256,512,raw,ok,0.12109375
Qwen/Qwen2.5-0.5B,9,0.375,mean,en,ja,r5,256,512,aligned,ok,0.4375
Qwen/Qwen2.5-0.5B,9,0.375,mean,en,ja,r5,256,512,delta,ok,0.31640625
Qwen/Qwen2.5-0.5B,9,0.375,mean,en,ja,r10,256,512,raw,ok,0.146484375
Qwen/Qwen2.5-0.5B,9,0.375,mean,en,ja,r10,256,512,aligned,ok,0.474609375
Qwen/Qwen2.5-0.5B,9,0.375,mean,en,ja,r10,256,512,delta,ok,0.328125
Qwen/Qwen2.5-0.5B,9,0.375,mean,en,ja,mrr,256,512,raw,ok,0.10184690889206766
Qwen/Qwen2.5-0.5B,9,0.375,mean,en,ja,mrr,256,512,aligned,ok,0.39241152935012474
Qwen/Qwen2.5-0.5B,9,0.375,mean,en,ja,mrr,256,512,delta,ok,0.2905646204580571
Qwen/Qwen2.5-0.5B,9,0.375,mean,ja,en,r1,256,512,raw,ok,0.806640625
Qwen/Qwen2.5-0.5B,9,0.375,mean,ja,en,r1,256,512,aligned,ok,0.408203125
Qwen/Qwen2.5-0.5B,9,0.375,mean,ja,en,r1,256,512,delta,ok,-0.3984375
Qwen/Qwen2.5-0.5B,9,0.375,mean,ja,en,r5,256,512,raw,ok,0.923828125
Qwen/Qwen2.5-0.5B,9,0.375,mean,ja,en,r5,256,512,aligned,ok,0.5
Qwen/Qwen2.5-0.5B,9,0.375,mean,ja,en,r5,256,512,delta,ok,-0.423828125
Qwen/Qwen2.5-0.5B,9,0.375,mean,ja,en,r10,256,512,raw,ok,0.95703125
Qwen/Qwen2.5-0.5B,9,0.375,mean,ja,en,r10,256,512,aligned,ok,0.5234375
Qwen/Qwen2.5-0.5B,9,0.375,mean,ja,en,r10,256,512,delta,ok,-0.43359375
Qwen/Qwen2.5-0.5B,9,0.375,mean,ja,en,mrr,256,512,raw,ok,0.8590737946190883
Qwen/Qwen2.5-0.5B,9,0.375,mean,ja,en,mrr,256,512,aligned,ok,0.45191618037577763
Qwen/Qwen2.5-0.5B,9,0.375,mean,ja,en,mrr,256,512,delta,ok,-0.40715761424331065
Qwen/Qwen2.5-0.5B,9,0.375,mean,en,zh,r1,256,512,raw,ok,0.818359375
Qwen/Qwen2.5-0.5B,9,0.375,mean,en,zh,r1,256,512,aligned,ok,0.513671875
Qwen/Qwen2.5-0.5B,9,0.375,mean,en,zh,r1,256,512,delta,ok,-0.3046875
Qwen/Qwen2.5-0.5B,9,0.375,mean,en,zh,r5,256,512,raw,ok,0.859375
Qwen/Qwen2.5-0.5B,9,0.375,mean,en,zh,r5,256,512,aligned,ok,0.580078125
Qwen/Qwen2.5-0.5B,9,0.375,mean,en,zh,r5,256,512,delta,ok,-0.279296875
Qwen/Qwen2.5-0.5B,9,0.375,mean,en,zh,r10,256,512,raw,ok,0.875
Qwen/Qwen2.5-0.5B,9,0.375,mean,en,zh,r10,256,512,aligned,ok,0.599609375
Qwen/Qwen2.5-0.5B,9,0.375,mean,en,zh,r10,256,512,delta,ok,-0.275390625
Qwen/Qwen2.5-0.5B,9,0.375,mean,en,zh,mrr,256,512,raw,ok,0.839183034302194
Qwen/Qwen2.5-0.5B,9,0.375,mean,en,zh,mrr,256,512,aligned,ok,0.5476158256716843
Qwen/Qwen2.5-0.5B,9,0.375,mean,en,zh,mrr,256,512,delta,ok,-0.29156720863050967
Qwen/Qwen2.5-0.5B,9,0.375,mean,zh,en,r1,256,512,raw,ok,0.84765625
Qwen/Qwen2.5-0.5B,9,0.375,mean,zh,en,r1,256,512,aligned,ok,0.388671875
Qwen/Qwen2.5-0.5B,9,0.375,mean,zh,en,r1,256,512,delta,ok,-0.458984375
Qwen/Qwen2.5-0.5B,9,0.375,mean,zh,en,r5,256,512,raw,ok,0.91796875
Qwen/Qwen2.5-0.5B,9,0.375,mean,zh,en,r5,256,512,aligned,ok,0.453125
Qwen/Qwen2.5-0.5B,9,0.375,mean,zh,en,r5,256,512,delta,ok,-0.46484375
Qwen/Qwen2.5-0.5B,9,0.375,mean,zh,en,r10,256,512,raw,ok,0.927734375
Qwen/Qwen2.5-0.5B,9,0.375,mean,zh,en,r10,256,512,aligned,ok,0.482421875
Qwen/Qwen2.5-0.5B,9,0.375,mean,zh,en,r10,256,512,delta,ok,-0.4453125
Qwen/Qwen2.5-0.5B,9,0.375,mean,zh,en,mrr,256,512,raw,ok,0.8792145451638148
Qwen/Qwen2.5-0.5B,9,0.375,mean,zh,en,mrr,256,512,aligned,ok,0.42450077325430546
Qwen/Qwen2.5-0.5B,9,0.375,mean,zh,en,mrr,256,512,delta,ok,-0.45471377190950935
Qwen/Qwen2.5-0.5B,9,0.375,mean,ko,ja,r1,256,512,raw,ok,0.828125
Qwen/Qwen2.5-0.5B,9,0.375,mean,ko,ja,r1,256,512,aligned,ok,0.38671875
Qwen/Qwen2.5-0.5B,9,0.375,mean,ko,ja,r1,256,512,delta,ok,-0.44140625
Qwen/Qwen2.5-0.5B,9,0.375,mean,ko,ja,r5,256,512,raw,ok,0.90625
Qwen/Qwen2.5-0.5B,9,0.375,mean,ko,ja,r5,256,512,aligned,ok,0.4921875
Qwen/Qwen2.5-0.5B,9,0.375,mean,ko,ja,r5,256,512,delta,ok,-0.4140625
Qwen/Qwen2.5-0.5B,9,0.375,mean,ko,ja,r10,256,512,raw,ok,0.92578125
Qwen/Qwen2.5-0.5B,9,0.375,mean,ko,ja,r10,256,512,aligned,ok,0.5390625
Qwen/Qwen2.5-0.5B,9,0.375,mean,ko,ja,r10,256,512,delta,ok,-0.38671875
Qwen/Qwen2.5-0.5B,9,0.375,mean,ko,ja,mrr,256,512,raw,ok,0.8633750358817427
Qwen/Qwen2.5-0.5B,9,0.375,mean,ko,ja,mrr,256,512,aligned,ok,0.44183255209338856
Qwen/Qwen2.5-0.5B,9,0.375,mean,ko,ja,mrr,256,512,delta,ok,-0.4215424837883541
Qwen/Qwen2.5-0.5B,9,0.375,mean,ja,ko,r1,256,512,raw,ok,0.646484375
Qwen/Qwen2.5-0.5B,9,0.375,mean,ja,ko,r1,256,512,aligned,ok,0.37109375
Qwen/Qwen2.5-0.5B,9,0.375,mean,ja,ko,r1,256,512,delta,ok,-0.275390625
Qwen/Qwen2.5-0.5B,9,0.375,mean,ja,ko,r5,256,512,raw,ok,0.728515625
Qwen/Qwen2.5-0.5B,9,0.375,mean,ja,ko,r5,256,512,aligned,ok,0.4609375
Qwen/Qwen2.5-0.5B,9,0.375,mean,ja,ko,r5,256,512,delta,ok,-0.267578125
Qwen/Qwen2.5-0.5B,9,0.375,mean,ja,ko,r10,256,512,raw,ok,0.76171875
Qwen/Qwen2.5-0.5B,9,0.375,mean,ja,ko,r10,256,512,aligned,ok,0.50390625
Qwen/Qwen2.5-0.5B,9,0.375,mean,ja,ko,r10,256,512,delta,ok,-0.2578125
Qwen/Qwen2.5-0.5B,9,0.375,mean,ja,ko,mrr,256,512,raw,ok,0.6879057873635489
Qwen/Qwen2.5-0.5B,9,0.375,mean,ja,ko,mrr,256,512,aligned,ok,0.41896557402249174
Qwen/Qwen2.5-0.5B,9,0.375,mean,ja,ko,mrr,256,512,delta,ok,-0.26894021334105717
Qwen/Qwen2.5-0.5B,9,0.375,mean,ko,zh,r1,256,512,raw,ok,0.513671875
Qwen/Qwen2.5-0.5B,9,0.375,mean,ko,zh,r1,256,512,aligned,ok,0.40234375
Qwen/Qwen2.5-0.5B,9,0.375,mean,ko,zh,r1,256,512,delta,ok,-0.111328125
Qwen/Qwen2.5-0.5B,9,0.375,mean,ko,zh,r5,256,512,raw,ok,0.716796875
Qwen/Qwen2.5-0.5B,9,0.375,mean,ko,zh,r5,256,512,aligned,ok,0.505859375
Qwen/Qwen2.5-0.5B,9,0.375,mean,ko,zh,r5,256,512,delta,ok,-0.2109375
Qwen/Qwen2.5-0.5B,9,0.375,mean,ko,zh,r10,256,512,raw,ok,0.78515625
Qwen/Qwen2.5-0.5B,9,0.375,mean,ko,zh,r10,256,512,aligned,ok,0.544921875
Qwen/Qwen2.5-0.5B,9,0.375,mean,ko,zh,r10,256,512,delta,ok,-0.240234375
Qwen/Qwen2.5-0.5B,9,0.375,mean,ko,zh,mrr,256,512,raw,ok,0.6077550352477508
Qwen/Qwen2.5-0.5B,9,0.375,mean,ko,zh,mrr,256,512,aligned,ok,0.4539968846291506
Qwen/Qwen2.5-0.5B,9,0.375,mean,ko,zh,mrr,256,512,delta,ok,-0.15375815061860015
Qwen/Qwen2.5-0.5B,9,0.375,mean,zh,ko,r1,256,512,raw,ok,0.04296875
Qwen/Qwen2.5-0.5B,9,0.375,mean,zh,ko,r1,256,512,aligned,ok,0.240234375
Qwen/Qwen2.5-0.5B,9,0.375,mean,zh,ko,r1,256,512,delta,ok,0.197265625
Qwen/Qwen2.5-0.5B,9,0.375,mean,zh,ko,r5,256,512,raw,ok,0.115234375
Qwen/Qwen2.5-0.5B,9,0.375,mean,zh,ko,r5,256,512,aligned,ok,0.328125
Qwen/Qwen2.5-0.5B,9,0.375,mean,zh,ko,r5,256,512,delta,ok,0.212890625
Qwen/Qwen2.5-0.5B,9,0.375,mean,zh,ko,r10,256,512,raw,ok,0.130859375
Qwen/Qwen2.5-0.5B,9,0.375,mean,zh,ko,r10,256,512,aligned,ok,0.3828125
Qwen/Qwen2.5-0.5B,9,0.375,mean,zh,ko,r10,256,512,delta,ok,0.251953125
Qwen/Qwen2.5-0.5B,9,0.375,mean,zh,ko,mrr,256,512,raw,ok,0.08263059738816775
Qwen/Qwen2.5-0.5B,9,0.375,mean,zh,ko,mrr,256,512,aligned,ok,0.2913627865219484
Qwen/Qwen2.5-0.5B,9,0.375,mean,zh,ko,mrr,256,512,delta,ok,0.20873218913378067
Qwen/Qwen2.5-0.5B,9,0.375,mean,ja,zh,r1,256,512,raw,ok,0.755859375
Qwen/Qwen2.5-0.5B,9,0.375,mean,ja,zh,r1,256,512,aligned,ok,0.4296875
Qwen/Qwen2.5-0.5B,9,0.375,mean,ja,zh,r1,256,512,delta,ok,-0.326171875
Qwen/Qwen2.5-0.5B,9,0.375,mean,ja,zh,r5,256,512,raw,ok,0.880859375
Qwen/Qwen2.5-0.5B,9,0.375,mean,ja,zh,r5,256,512,aligned,ok,0.53125
Qwen/Qwen2.5-0.5B,9,0.375,mean,ja,zh,r5,256,512,delta,ok,-0.349609375
Qwen/Qwen2.5-0.5B,9,0.375,mean,ja,zh,r10,256,512,raw,ok,0.90625
Qwen/Qwen2.5-0.5B,9,0.375,mean,ja,zh,r10,256,512,aligned,ok,0.5546875
Qwen/Qwen2.5-0.5B,9,0.375,mean,ja,zh,r10,256,512,delta,ok,-0.3515625
Qwen/Qwen2.5-0.5B,9,0.375,mean,ja,zh,mrr,256,512,raw,ok,0.8083868390496041
Qwen/Qwen2.5-0.5B,9,0.375,mean,ja,zh,mrr,256,512,aligned,ok,0.47845802607474647
Qwen/Qwen2.5-0.5B,9,0.375,mean,ja,zh,mrr,256,512,delta,ok,-0.3299288129748576
Qwen/Qwen2.5-0.5B,9,0.375,mean,zh,ja,r1,256,512,raw,ok,0.14453125
Qwen/Qwen2.5-0.5B,9,0.375,mean,zh,ja,r1,256,512,aligned,ok,0.28125
Qwen/Qwen2.5-0.5B,9,0.375,mean,zh,ja,r1,256,512,delta,ok,0.13671875
Qwen/Qwen2.5-0.5B,9,0.375,mean,zh,ja,r5,256,512,raw,ok,0.236328125
Qwen/Qwen2.5-0.5B,9,0.375,mean,zh,ja,r5,256,512,aligned,ok,0.416015625
Qwen/Qwen2.5-0.5B,9,0.375,mean,zh,ja,r5,256,512,delta,ok,0.1796875
Qwen/Qwen2.5-0.5B,9,0.375,mean,zh,ja,r10,256,512,raw,ok,0.29296875
Qwen/Qwen2.5-0.5B,9,0.375,mean,zh,ja,r10,256,512,aligned,ok,0.451171875
Qwen/Qwen2.5-0.5B,9,0.375,mean,zh,ja,r10,256,512,delta,ok,0.158203125
Qwen/Qwen2.5-0.5B,9,0.375,mean,zh,ja,mrr,256,512,raw,ok,0.1952160199644017
Qwen/Qwen2.5-0.5B,9,0.375,mean,zh,ja,mrr,256,512,aligned,ok,0.34576624143809603
Qwen/Qwen2.5-0.5B,9,0.375,mean,zh,ja,mrr,256,512,delta,ok,0.15055022147369435
Qwen/Qwen2.5-0.5B,10,0.4166666666666667,mean,en,ko,r1,256,512,raw,ok,0.015625
Qwen/Qwen2.5-0.5B,10,0.4166666666666667,mean,en,ko,r1,256,512,aligned,ok,0.341796875
Qwen/Qwen2.5-0.5B,10,0.4166666666666667,mean,en,ko,r1,256,512,delta,ok,0.326171875
Qwen/Qwen2.5-0.5B,10,0.4166666666666667,mean,en,ko,r5,256,512,raw,ok,0.068359375
Qwen/Qwen2.5-0.5B,10,0.4166666666666667,mean,en,ko,r5,256,512,aligned,ok,0.419921875
Qwen/Qwen2.5-0.5B,10,0.4166666666666667,mean,en,ko,r5,256,512,delta,ok,0.3515625
Qwen/Qwen2.5-0.5B,10,0.4166666666666667,mean,en,ko,r10,256,512,raw,ok,0.080078125
Qwen/Qwen2.5-0.5B,10,0.4166666666666667,mean,en,ko,r10,256,512,aligned,ok,0.45703125
Qwen/Qwen2.5-0.5B,10,0.4166666666666667,mean,en,ko,r10,256,512,delta,ok,0.376953125
Qwen/Qwen2.5-0.5B,10,0.4166666666666667,mean,en,ko,mrr,256,512,raw,ok,0.04615683608561462
Qwen/Qwen2.5-0.5B,10,0.4166666666666667,mean,en,ko,mrr,256,512,aligned,ok,0.3814115024759195
Qwen/Qwen2.5-0.5B,10,0.4166666666666667,mean,en,ko,mrr,256,512,delta,ok,0.3352546663903049
Qwen/Qwen2.5-0.5B,10,0.4166666666666667,mean,ko,en,r1,256,512,raw,ok,0.69140625
Qwen/Qwen2.5-0.5B,10,0.4166666666666667,mean,ko,en,r1,256,512,aligned,ok,0.396484375
Qwen/Qwen2.5-0.5B,10,0.4166666666666667,mean,ko,en,r1,256,512,delta,ok,-0.294921875
Qwen/Qwen2.5-0.5B,10,0.4166666666666667,mean,ko,en,r5,256,512,raw,ok,0.89453125
Qwen/Qwen2.5-0.5B,10,0.4166666666666667,mean,ko,en,r5,256,512,aligned,ok,0.509765625
Qwen/Qwen2.5-0.5B,10,0.4166666666666667,mean,ko,en,r5,256,512,delta,ok,-0.384765625
Qwen/Qwen2.5-0.5B,10,0.4166666666666667,mean,ko,en,r10,256,512,raw,ok,0.9375
Qwen/Qwen2.5-0.5B,10,0.4166666666666667,mean,ko,en,r10,256,512,aligned,ok,0.541015625
Qwen/Qwen2.5-0.5B,10,0.4166666666666667,mean,ko,en,r10,256,512,delta,ok,-0.396484375
Qwen/Qwen2.5-0.5B,10,0.4166666666666667,mean,ko,en,mrr,256,512,raw,ok,0.7769502250322406
Qwen/Qwen2.5-0.5B,10,0.4166666666666667,mean,ko,en,mrr,256,512,aligned,ok,0.45201484338472603
Qwen/Qwen2.5-0.5B,10,0.4166666666666667,mean,ko,en,mrr,256,512,delta,ok,-0.3249353816475146
Qwen/Qwen2.5-0.5B,10,0.4166666666666667,mean,en,ja,r1,256,512,raw,ok,0.083984375
Qwen/Qwen2.5-0.5B,10,0.4166666666666667,mean,en,ja,r1,256,512,aligned,ok,0.35546875
Qwen/Qwen2.5-0.5B,10,0.4166666666666667,mean,en,ja,r1,256,512,delta,ok,0.271484375
Qwen/Qwen2.5-0.5B,10,0.4166666666666667,mean,en,ja,r5,256,512,raw,ok,0.1328125
Qwen/Qwen2.5-0.5B,10,0.4166666666666667,mean,en,ja,r5,256,512,aligned,ok,0.455078125
Qwen/Qwen2.5-0.5B,10,0.4166666666666667,mean,en,ja,r5,256,512,delta,ok,0.322265625
Qwen/Qwen2.5-0.5B,10,0.4166666666666667,mean,en,ja,r10,256,512,raw,ok,0.169921875
Qwen/Qwen2.5-0.5B,10,0.4166666666666667,mean,en,ja,r10,256,512,aligned,ok,0.478515625
Qwen/Qwen2.5-0.5B,10,0.4166666666666667,mean,en,ja,r10,256,512,delta,ok,0.30859375
Qwen/Qwen2.5-0.5B,10,0.4166666666666667,mean,en,ja,mrr,256,512,raw,ok,0.11734375048887874
Qwen/Qwen2.5-0.5B,10,0.4166666666666667,mean,en,ja,mrr,256,512,aligned,ok,0.40081833540422973
Qwen/Qwen2.5-0.5B,10,0.4166666666666667,mean,en,ja,mrr,256,512,delta,ok,0.283474584915351
Qwen/Qwen2.5-0.5B,10,0.4166666666666667,mean,ja,en,r1,256,512,raw,ok,0.828125
Qwen/Qwen2.5-0.5B,10,0.4166666666666667,mean,ja,en,r1,256,512,aligned,ok,0.4375
Qwen/Qwen2.5-0.5B,10,0.4166666666666667,mean,ja,en,r1,256,512,delta,ok,-0.390625
Qwen/Qwen2.5-0.5B,10,0.4166666666666667,mean,ja,en,r5,256,512,raw,ok,0.931640625
Qwen/Qwen2.5-0.5B,10,0.4166666666666667,mean,ja,en,r5,256,512,aligned,ok,0.513671875
Qwen/Qwen2.5-0.5B,10,0.4166666666666667,mean,ja,en,r5,256,512,delta,ok,-0.41796875
Qwen/Qwen2.5-0.5B,10,0.4166666666666667,mean,ja,en,r10,256,512,raw,ok,0.9609375
Qwen/Qwen2.5-0.5B,10,0.4166666666666667,mean,ja,en,r10,256,512,aligned,ok,0.5390625
Qwen/Qwen2.5-0.5B,10,0.4166666666666667,mean,ja,en,r10,256,512,delta,ok,-0.421875
Qwen/Qwen2.5-0.5B,10,0.4166666666666667,mean,ja,en,mrr,256,512,raw,ok,0.8759084271935934
Qwen/Qwen2.5-0.5B,10,0.4166666666666667,mean,ja,en,mrr,256,512,aligned,ok,0.4762027996942437
Qwen/Qwen2.5-0.5B,10,0.4166666666666667,mean,ja,en,mrr,256,512,delta,ok,-0.39970562749934974
Qwen/Qwen2.5-0.5B,10,0.4166666666666667,mean,en,zh,r1,256,512,raw,ok,0.83203125
Qwen/Qwen2.5-0.5B,10,0.4166666666666667,mean,en,zh,r1,256,512,aligned,ok,0.548828125
Qwen/Qwen2.5-0.5B,10,0.4166666666666667,mean,en,zh,r1,256,512,delta,ok,-0.283203125
Qwen/Qwen2.5-0.5B,10,0.4166666666666667,mean,en,zh,r5,256,512,raw,ok,0.87109375
Qwen/Qwen2.5-0.5B,10,0.4166666666666667,mean,en,zh,r5,256,512,aligned,ok,0.599609375
Qwen/Qwen2.5-0.5B,10,0.4166666666666667,mean,en,zh,r5,256,512,delta,ok,-0.271484375
Qwen/Qwen2.5-0.5B,10,0.4166666666666667,mean,en,zh,r10,256,512,raw,ok,0.88671875
Qwen/Qwen2.5-0.5B,10,0.4166666666666667,mean,en,zh,r10,256,512,aligned,ok,0.61328125
Qwen/Qwen2.5-0.5B,10,0.4166666666666667,mean,en,zh,r10,256,512,delta,ok,-0.2734375
Qwen/Qwen2.5-0.5B,10,0.4166666666666667,mean,en,zh,mrr,256,512,raw,ok,0.8507929693190418
Qwen/Qwen2.5-0.5B,10,0.4166666666666667,mean,en,zh,mrr,256,512,aligned,ok,0.5744948109432488
Qwen/Qwen2.5-0.5B,10,0.4166666666666667,mean,en,zh,mrr,256,512,delta,ok,-0.27629815837579297
Qwen/Qwen2.5-0.5B,10,0.4166666666666667,mean,zh,en,r1,256,512,raw,ok,0.849609375
Qwen/Qwen2.5-0.5B,10,0.4166666666666667,mean,zh,en,r1,256,512,aligned,ok,0.3984375
Qwen/Qwen2.5-0.5B,10,0.4166666666666667,mean,zh,en,r1,256,512,delta,ok,-0.451171875
Qwen/Qwen2.5-0.5B,10,0.4166666666666667,mean,zh,en,r5,256,512,raw,ok,0.916015625
Qwen/Qwen2.5-0.5B,10,0.4166666666666667,mean,zh,en,r5,256,512,aligned,ok,0.46484375
Qwen/Qwen2.5-0.5B,10,0.4166666666666667,mean,zh,en,r5,256,512,delta,ok,-0.451171875
Qwen/Qwen2.5-0.5B,10,0.4166666666666667,mean,zh,en,r10,256,512,raw,ok,0.93359375
Qwen/Qwen2.5-0.5B,10,0.4166666666666667,mean,zh,en,r10,256,512,aligned,ok,0.501953125
Qwen/Qwen2.5-0.5B,10,0.4166666666666667,mean,zh,en,r10,256,512,delta,ok,-0.431640625
Qwen/Qwen2.5-0.5B,10,0.4166666666666667,mean,zh,en,mrr,256,512,raw,ok,0.8813906640918834
Qwen/Qwen2.5-0.5B,10,0.4166666666666667,mean,zh,en,mrr,256,512,aligned,ok,0.43897898314073375
Qwen/Qwen2.5-0.5B,10,0.4166666666666667,mean,zh,en,mrr,256,512,delta,ok,-0.44241168095114963
Qwen/Qwen2.5-0.5B,10,0.4166666666666667,mean,ko,ja,r1,256,512,raw,ok,0.841796875
Qwen/Qwen2.5-0.5B,10,0.4166666666666667,mean,ko,ja,r1,256,512,aligned,ok,0.40234375
Qwen/Qwen2.5-0.5B,10,0.4166666666666667,mean,ko,ja,r1,256,512,delta,ok,-0.439453125
Qwen/Qwen2.5-0.5B,10,0.4166666666666667,mean,ko,ja,r5,256,512,raw,ok,0.912109375
Qwen/Qwen2.5-0.5B,10,0.4166666666666667,mean,ko,ja,r5,256,512,aligned,ok,0.501953125
Qwen/Qwen2.5-0.5B,10,0.4166666666666667,mean,ko,ja,r5,256,512,delta,ok,-0.41015625
Qwen/Qwen2.5-0.5B,10,0.4166666666666667,mean,ko,ja,r10,256,512,raw,ok,0.92578125
Qwen/Qwen2.5-0.5B,10,0.4166666666666667,mean,ko,ja,r10,256,512,aligned,ok,0.54296875
Qwen/Qwen2.5-0.5B,10,0.4166666666666667,mean,ko,ja,r10,256,512,delta,ok,-0.3828125
Qwen/Qwen2.5-0.5B,10,0.4166666666666667,mean,ko,ja,mrr,256,512,raw,ok,0.872948533722143
Qwen/Qwen2.5-0.5B,10,0.4166666666666667,mean,ko,ja,mrr,256,512,aligned,ok,0.45644784049817494
Qwen/Qwen2.5-0.5B,10,0.4166666666666667,mean,ko,ja,mrr,256,512,delta,ok,-0.41650069322396804
Qwen/Qwen2.5-0.5B,10,0.4166666666666667,mean,ja,ko,r1,256,512,raw,ok,0.65625
Qwen/Qwen2.5-0.5B,10,0.4166666666666667,mean,ja,ko,r1,256,512,aligned,ok,0.37890625
Qwen/Qwen2.5-0.5B,10,0.4166666666666667,mean,ja,ko,r1,256,512,delta,ok,-0.27734375
Qwen/Qwen2.5-0.5B,10,0.4166666666666667,mean,ja,ko,r5,256,512,raw,ok,0.7421875
Qwen/Qwen2.5-0.5B,10,0.4166666666666667,mean,ja,ko,r5,256,512,aligned,ok,0.474609375
Qwen/Qwen2.5-0.5B,10,0.4166666666666667,mean,ja,ko,r5,256,512,delta,ok,-0.267578125
Qwen/Qwen2.5-0.5B,10,0.4166666666666667,mean,ja,ko,r10,256,512,raw,ok,0.787109375
Qwen/Qwen2.5-0.5B,10,0.4166666666666667,mean,ja,ko,r10,256,512,aligned,ok,0.51171875
Qwen/Qwen2.5-0.5B,10,0.4166666666666667,mean,ja,ko,r10,256,512,delta,ok,-0.275390625
Qwen/Qwen2.5-0.5B,10,0.4166666666666667,mean,ja,ko,mrr,256,512,raw,ok,0.6983232252088823
Qwen/Qwen2.5-0.5B,10,0.4166666666666667,mean,ja,ko,mrr,256,512,aligned,ok,0.42767836977379015
Qwen/Qwen2.5-0.5B,10,0.4166666666666667,mean,ja,ko,mrr,256,512,delta,ok,-0.2706448554350922
Qwen/Qwen2.5-0.5B,10,0.4166666666666667,mean,ko,zh,r1,256,512,raw,ok,0.5390625
Qwen/Qwen2.5-0.5B,10,0.4166666666666667,mean,ko,zh,r1,256,512,aligned,ok,0.42578125
Qwen/Qwen2.5-0.5B,10,0.4166666666666667,mean,ko,zh,r1,256,512,delta,ok,-0.11328125
Qwen/Qwen2.5-0.5B,10,0.4166666666666667,mean,ko,zh,r5,256,512,raw,ok,0.75
Qwen/Qwen2.5-0.5B,10,0.4166666666666667,mean,ko,zh,r5,256,512,aligned,ok,0.533203125
Qwen/Qwen2.5-0.5B,10,0.4166666666666667,mean,ko,zh,r5,256,512,delta,ok,-0.216796875
Qwen/Qwen2.5-0.5B,10,0.4166666666666667,mean,ko,zh,r10,256,512,raw,ok,0.8046875
Qwen/Qwen2.5-0.5B,10,0.4166666666666667,mean,ko,zh,r10,256,512,aligned,ok,0.560546875
Qwen/Qwen2.5-0.5B,10,0.4166666666666667,mean,ko,zh,r10,256,512,delta,ok,-0.244140625
Qwen/Qwen2.5-0.5B,10,0.4166666666666667,mean,ko,zh,mrr,256,512,raw,ok,0.6339941277026797
Qwen/Qwen2.5-0.5B,10,0.4166666666666667,mean,ko,zh,mrr,256,512,aligned,ok,0.4780911867391224
Qwen/Qwen2.5-0.5B,10,0.4166666666666667,mean,ko,zh,mrr,256,512,delta,ok,-0.15590294096355733
Qwen/Qwen2.5-0.5B,10,0.4166666666666667,mean,zh,ko,r1,256,512,raw,ok,0.044921875
Qwen/Qwen2.5-0.5B,10,0.4166666666666667,mean,zh,ko,r1,256,512,aligned,ok,0.244140625
Qwen/Qwen2.5-0.5B,10,0.4166666666666667,mean,zh,ko,r1,256,512,delta,ok,0.19921875
Qwen/Qwen2.5-0.5B,10,0.4166666666666667,mean,zh,ko,r5,256,512,raw,ok,0.12109375
Qwen/Qwen2.5-0.5B,10,0.4166666666666667,mean,zh,ko,r5,256,512,aligned,ok,0.3515625
Qwen/Qwen2.5-0.5B,10,0.4166666666666667,mean,zh,ko,r5,256,512,delta,ok,0.23046875
Qwen/Qwen2.5-0.5B,10,0.4166666666666667,mean,zh,ko,r10,256,512,raw,ok,0.142578125
Qwen/Qwen2.5-0.5B,10,0.4166666666666667,mean,zh,ko,r10,256,512,aligned,ok,0.392578125
Qwen/Qwen2.5-0.5B,10,0.4166666666666667,mean,zh,ko,r10,256,512,delta,ok,0.25
Qwen/Qwen2.5-0.5B,10,0.4166666666666667,mean,zh,ko,mrr,256,512,raw,ok,0.08700295965609708
Qwen/Qwen2.5-0.5B,10,0.4166666666666667,mean,zh,ko,mrr,256,512,aligned,ok,0.29947635808132567
Qwen/Qwen2.5-0.5B,10,0.4166666666666667,mean,zh,ko,mrr,256,512,delta,ok,0.21247339842522858
Qwen/Qwen2.5-0.5B,10,0.4166666666666667,mean,ja,zh,r1,256,512,raw,ok,0.76953125
Qwen/Qwen2.5-0.5B,10,0.4166666666666667,mean,ja,zh,r1,256,512,aligned,ok,0.4375
Qwen/Qwen2.5-0.5B,10,0.4166666666666667,mean,ja,zh,r1,256,512,delta,ok,-0.33203125
Qwen/Qwen2.5-0.5B,10,0.4166666666666667,mean,ja,zh,r5,256,512,raw,ok,0.8828125
Qwen/Qwen2.5-0.5B,10,0.4166666666666667,mean,ja,zh,r5,256,512,aligned,ok,0.54296875
Qwen/Qwen2.5-0.5B,10,0.4166666666666667,mean,ja,zh,r5,256,512,delta,ok,-0.33984375
Qwen/Qwen2.5-0.5B,10,0.4166666666666667,mean,ja,zh,r10,256,512,raw,ok,0.919921875
Qwen/Qwen2.5-0.5B,10,0.4166666666666667,mean,ja,zh,r10,256,512,aligned,ok,0.560546875
Qwen/Qwen2.5-0.5B,10,0.4166666666666667,mean,ja,zh,r10,256,512,delta,ok,-0.359375
Qwen/Qwen2.5-0.5B,10,0.4166666666666667,mean,ja,zh,mrr,256,512,raw,ok,0.8215941185750394
Qwen/Qwen2.5-0.5B,10,0.4166666666666667,mean,ja,zh,mrr,256,512,aligned,ok,0.4880836202390674
Qwen/Qwen2.5-0.5B,10,0.4166666666666667,mean,ja,zh,mrr,256,512,delta,ok,-0.333510498335972
Qwen/Qwen2.5-0.5B,10,0.4166666666666667,mean,zh,ja,r1,256,512,raw,ok,0.154296875
Qwen/Qwen2.5-0.5B,10,0.4166666666666667,mean,zh,ja,r1,256,512,aligned,ok,0.310546875
Qwen/Qwen2.5-0.5B,10,0.4166666666666667,mean,zh,ja,r1,256,512,delta,ok,0.15625
Qwen/Qwen2.5-0.5B,10,0.4166666666666667,mean,zh,ja,r5,256,512,raw,ok,0.255859375
Qwen/Qwen2.5-0.5B,10,0.4166666666666667,mean,zh,ja,r5,256,512,aligned,ok,0.423828125
Qwen/Qwen2.5-0.5B,10,0.4166666666666667,mean,zh,ja,r5,256,512,delta,ok,0.16796875
Qwen/Qwen2.5-0.5B,10,0.4166666666666667,mean,zh,ja,r10,256,512,raw,ok,0.30078125
Qwen/Qwen2.5-0.5B,10,0.4166666666666667,mean,zh,ja,r10,256,512,aligned,ok,0.458984375
Qwen/Qwen2.5-0.5B,10,0.4166666666666667,mean,zh,ja,r10,256,512,delta,ok,0.158203125
Qwen/Qwen2.5-0.5B,10,0.4166666666666667,mean,zh,ja,mrr,256,512,raw,ok,0.2069787600865815
Qwen/Qwen2.5-0.5B,10,0.4166666666666667,mean,zh,ja,mrr,256,512,aligned,ok,0.3666644669561375
Qwen/Qwen2.5-0.5B,10,0.4166666666666667,mean,zh,ja,mrr,256,512,delta,ok,0.15968570686955602
Qwen/Qwen2.5-0.5B,11,0.4583333333333333,mean,en,ko,r1,256,512,raw,ok,0.02734375
Qwen/Qwen2.5-0.5B,11,0.4583333333333333,mean,en,ko,r1,256,512,aligned,ok,0.349609375
Qwen/Qwen2.5-0.5B,11,0.4583333333333333,mean,en,ko,r1,256,512,delta,ok,0.322265625
Qwen/Qwen2.5-0.5B,11,0.4583333333333333,mean,en,ko,r5,256,512,raw,ok,0.072265625
Qwen/Qwen2.5-0.5B,11,0.4583333333333333,mean,en,ko,r5,256,512,aligned,ok,0.4296875
Qwen/Qwen2.5-0.5B,11,0.4583333333333333,mean,en,ko,r5,256,512,delta,ok,0.357421875
Qwen/Qwen2.5-0.5B,11,0.4583333333333333,mean,en,ko,r10,256,512,raw,ok,0.0859375
Qwen/Qwen2.5-0.5B,11,0.4583333333333333,mean,en,ko,r10,256,512,aligned,ok,0.478515625
Qwen/Qwen2.5-0.5B,11,0.4583333333333333,mean,en,ko,r10,256,512,delta,ok,0.392578125
Qwen/Qwen2.5-0.5B,11,0.4583333333333333,mean,en,ko,mrr,256,512,raw,ok,0.05509714436465155
Qwen/Qwen2.5-0.5B,11,0.4583333333333333,mean,en,ko,mrr,256,512,aligned,ok,0.3932205176016911
Qwen/Qwen2.5-0.5B,11,0.4583333333333333,mean,en,ko,mrr,256,512,delta,ok,0.3381233732370395
Qwen/Qwen2.5-0.5B,11,0.4583333333333333,mean,ko,en,r1,256,512,raw,ok,0.673828125
Qwen/Qwen2.5-0.5B,11,0.4583333333333333,mean,ko,en,r1,256,512,aligned,ok,0.431640625
Qwen/Qwen2.5-0.5B,11,0.4583333333333333,mean,ko,en,r1,256,512,delta,ok,-0.2421875
Qwen/Qwen2.5-0.5B,11,0.4583333333333333,mean,ko,en,r5,256,512,raw,ok,0.859375
Qwen/Qwen2.5-0.5B,11,0.4583333333333333,mean,ko,en,r5,256,512,aligned,ok,0.53125
Qwen/Qwen2.5-0.5B,11,0.4583333333333333,mean,ko,en,r5,256,512,delta,ok,-0.328125
Qwen/Qwen2.5-0.5B,11,0.4583333333333333,mean,ko,en,r10,256,512,raw,ok,0.908203125
Qwen/Qwen2.5-0.5B,11,0.4583333333333333,mean,ko,en,r10,256,512,aligned,ok,0.56640625
Qwen/Qwen2.5-0.5B,11,0.4583333333333333,mean,ko,en,r10,256,512,delta,ok,-0.341796875
Qwen/Qwen2.5-0.5B,11,0.4583333333333333,mean,ko,en,mrr,256,512,raw,ok,0.7575121866347747
Qwen/Qwen2.5-0.5B,11,0.4583333333333333,mean,ko,en,mrr,256,512,aligned,ok,0.48009136519291273
Qwen/Qwen2.5-0.5B,11,0.4583333333333333,mean,ko,en,mrr,256,512,delta,ok,-0.277420821441862
Qwen/Qwen2.5-0.5B,11,0.4583333333333333,mean,en,ja,r1,256,512,raw,ok,0.091796875
Qwen/Qwen2.5-0.5B,11,0.4583333333333333,mean,en,ja,r1,256,512,aligned,ok,0.361328125
Qwen/Qwen2.5-0.5B,11,0.4583333333333333,mean,en,ja,r1,256,512,delta,ok,0.26953125
Qwen/Qwen2.5-0.5B,11,0.4583333333333333,mean,en,ja,r5,256,512,raw,ok,0.15234375
Qwen/Qwen2.5-0.5B,11,0.4583333333333333,mean,en,ja,r5,256,512,aligned,ok,0.462890625
Qwen/Qwen2.5-0.5B,11,0.4583333333333333,mean,en,ja,r5,256,512,delta,ok,0.310546875
Qwen/Qwen2.5-0.5B,11,0.4583333333333333,mean,en,ja,r10,256,512,raw,ok,0.189453125
Qwen/Qwen2.5-0.5B,11,0.4583333333333333,mean,en,ja,r10,256,512,aligned,ok,0.48046875
Qwen/Qwen2.5-0.5B,11,0.4583333333333333,mean,en,ja,r10,256,512,delta,ok,0.291015625
Qwen/Qwen2.5-0.5B,11,0.4583333333333333,mean,en,ja,mrr,256,512,raw,ok,0.12953096085400045
Qwen/Qwen2.5-0.5B,11,0.4583333333333333,mean,en,ja,mrr,256,512,aligned,ok,0.4068880285948205
Qwen/Qwen2.5-0.5B,11,0.4583333333333333,mean,en,ja,mrr,256,512,delta,ok,0.27735706774082003
Qwen/Qwen2.5-0.5B,11,0.4583333333333333,mean,ja,en,r1,256,512,raw,ok,0.826171875
Qwen/Qwen2.5-0.5B,11,0.4583333333333333,mean,ja,en,r1,256,512,aligned,ok,0.44921875
Qwen/Qwen2.5-0.5B,11,0.4583333333333333,mean,ja,en,r1,256,512,delta,ok,-0.376953125
Qwen/Qwen2.5-0.5B,11,0.4583333333333333,mean,ja,en,r5,256,512,raw,ok,0.927734375
Qwen/Qwen2.5-0.5B,11,0.4583333333333333,mean,ja,en,r5,256,512,aligned,ok,0.5234375
Qwen/Qwen2.5-0.5B,11,0.4583333333333333,mean,ja,en,r5,256,512,delta,ok,-0.404296875
Qwen/Qwen2.5-0.5B,11,0.4583333333333333,mean,ja,en,r10,256,512,raw,ok,0.95703125
Qwen/Qwen2.5-0.5B,11,0.4583333333333333,mean,ja,en,r10,256,512,aligned,ok,0.55078125
Qwen/Qwen2.5-0.5B,11,0.4583333333333333,mean,ja,en,r10,256,512,delta,ok,-0.40625
Qwen/Qwen2.5-0.5B,11,0.4583333333333333,mean,ja,en,mrr,256,512,raw,ok,0.8703478354752209
Qwen/Qwen2.5-0.5B,11,0.4583333333333333,mean,ja,en,mrr,256,512,aligned,ok,0.488605589681429
Qwen/Qwen2.5-0.5B,11,0.4583333333333333,mean,ja,en,mrr,256,512,delta,ok,-0.3817422457937919
Qwen/Qwen2.5-0.5B,11,0.4583333333333333,mean,en,zh,r1,256,512,raw,ok,0.841796875
Qwen/Qwen2.5-0.5B,11,0.4583333333333333,mean,en,zh,r1,256,512,aligned,ok,0.54296875
Qwen/Qwen2.5-0.5B,11,0.4583333333333333,mean,en,zh,r1,256,512,delta,ok,-0.298828125
Qwen/Qwen2.5-0.5B,11,0.4583333333333333,mean,en,zh,r5,256,512,raw,ok,0.876953125
Qwen/Qwen2.5-0.5B,11,0.4583333333333333,mean,en,zh,r5,256,512,aligned,ok,0.603515625
Qwen/Qwen2.5-0.5B,11,0.4583333333333333,mean,en,zh,r5,256,512,delta,ok,-0.2734375
Qwen/Qwen2.5-0.5B,11,0.4583333333333333,mean,en,zh,r10,256,512,raw,ok,0.896484375
Qwen/Qwen2.5-0.5B,11,0.4583333333333333,mean,en,zh,r10,256,512,aligned,ok,0.615234375
Qwen/Qwen2.5-0.5B,11,0.4583333333333333,mean,en,zh,r10,256,512,delta,ok,-0.28125
Qwen/Qwen2.5-0.5B,11,0.4583333333333333,mean,en,zh,mrr,256,512,raw,ok,0.8596915202384848
Qwen/Qwen2.5-0.5B,11,0.4583333333333333,mean,en,zh,mrr,256,512,aligned,ok,0.5729734056063938
Qwen/Qwen2.5-0.5B,11,0.4583333333333333,mean,en,zh,mrr,256,512,delta,ok,-0.28671811463209107
Qwen/Qwen2.5-0.5B,11,0.4583333333333333,mean,zh,en,r1,256,512,raw,ok,0.83984375
Qwen/Qwen2.5-0.5B,11,0.4583333333333333,mean,zh,en,r1,256,512,aligned,ok,0.40234375
Qwen/Qwen2.5-0.5B,11,0.4583333333333333,mean,zh,en,r1,256,512,delta,ok,-0.4375
Qwen/Qwen2.5-0.5B,11,0.4583333333333333,mean,zh,en,r5,256,512,raw,ok,0.90625
Qwen/Qwen2.5-0.5B,11,0.4583333333333333,mean,zh,en,r5,256,512,aligned,ok,0.47265625
Qwen/Qwen2.5-0.5B,11,0.4583333333333333,mean,zh,en,r5,256,512,delta,ok,-0.43359375
Qwen/Qwen2.5-0.5B,11,0.4583333333333333,mean,zh,en,r10,256,512,raw,ok,0.92578125
Qwen/Qwen2.5-0.5B,11,0.4583333333333333,mean,zh,en,r10,256,512,aligned,ok,0.5078125
Qwen/Qwen2.5-0.5B,11,0.4583333333333333,mean,zh,en,r10,256,512,delta,ok,-0.41796875
Qwen/Qwen2.5-0.5B,11,0.4583333333333333,mean,zh,en,mrr,256,512,raw,ok,0.8718307376807525
Qwen/Qwen2.5-0.5B,11,0.4583333333333333,mean,zh,en,mrr,256,512,aligned,ok,0.44453901116694167
Qwen/Qwen2.5-0.5B,11,0.4583333333333333,mean,zh,en,mrr,256,512,delta,ok,-0.4272917265138108
Qwen/Qwen2.5-0.5B,11,0.4583333333333333,mean,ko,ja,r1,256,512,raw,ok,0.849609375
Qwen/Qwen2.5-0.5B,11,0.4583333333333333,mean,ko,ja,r1,256,512,aligned,ok,0.4296875
Qwen/Qwen2.5-0.5B,11,0.4583333333333333,mean,ko,ja,r1,256,512,delta,ok,-0.419921875
Qwen/Qwen2.5-0.5B,11,0.4583333333333333,mean,ko,ja,r5,256,512,raw,ok,0.9140625
Qwen/Qwen2.5-0.5B,11,0.4583333333333333,mean,ko,ja,r5,256,512,aligned,ok,0.51953125
Qwen/Qwen2.5-0.5B,11,0.4583333333333333,mean,ko,ja,r5,256,512,delta,ok,-0.39453125
Qwen/Qwen2.5-0.5B,11,0.4583333333333333,mean,ko,ja,r10,256,512,raw,ok,0.9296875
Qwen/Qwen2.5-0.5B,11,0.4583333333333333,mean,ko,ja,r10,256,512,aligned,ok,0.560546875
Qwen/Qwen2.5-0.5B,11,0.4583333333333333,mean,ko,ja,r10,256,512,delta,ok,-0.369140625
Qwen/Qwen2.5-0.5B,11,0.4583333333333333,mean,ko,ja,mrr,256,512,raw,ok,0.8822133663889825
Qwen/Qwen2.5-0.5B,11,0.4583333333333333,mean,ko,ja,mrr,256,512,aligned,ok,0.47801577103142484
Qwen/Qwen2.5-0.5B,11,0.4583333333333333,mean,ko,ja,mrr,256,512,delta,ok,-0.40419759535755767
Qwen/Qwen2.5-0.5B,11,0.4583333333333333,mean,ja,ko,r1,256,512,raw,ok,0.671875
Qwen/Qwen2.5-0.5B,11,0.4583333333333333,mean,ja,ko,r1,256,512,aligned,ok,0.40234375
Qwen/Qwen2.5-0.5B,11,0.4583333333333333,mean,ja,ko,r1,256,512,delta,ok,-0.26953125
Qwen/Qwen2.5-0.5B,11,0.4583333333333333,mean,ja,ko,r5,256,512,raw,ok,0.76171875
Qwen/Qwen2.5-0.5B,11,0.4583333333333333,mean,ja,ko,r5,256,512,aligned,ok,0.490234375
Qwen/Qwen2.5-0.5B,11,0.4583333333333333,mean,ja,ko,r5,256,512,delta,ok,-0.271484375
Qwen/Qwen2.5-0.5B,11,0.4583333333333333,mean,ja,ko,r10,256,512,raw,ok,0.787109375
Qwen/Qwen2.5-0.5B,11,0.4583333333333333,mean,ja,ko,r10,256,512,aligned,ok,0.533203125
Qwen/Qwen2.5-0.5B,11,0.4583333333333333,mean,ja,ko,r10,256,512,delta,ok,-0.25390625
Qwen/Qwen2.5-0.5B,11,0.4583333333333333,mean,ja,ko,mrr,256,512,raw,ok,0.7147224287242808
Qwen/Qwen2.5-0.5B,11,0.4583333333333333,mean,ja,ko,mrr,256,512,aligned,ok,0.4489253165757924
Qwen/Qwen2.5-0.5B,11,0.4583333333333333,mean,ja,ko,mrr,256,512,delta,ok,-0.26579711214848845
Qwen/Qwen2.5-0.5B,11,0.4583333333333333,mean,ko,zh,r1,256,512,raw,ok,0.50390625
Qwen/Qwen2.5-0.5B,11,0.4583333333333333,mean,ko,zh,r1,256,512,aligned,ok,0.44921875
Qwen/Qwen2.5-0.5B,11,0.4583333333333333,mean,ko,zh,r1,256,512,delta,ok,-0.0546875
Qwen/Qwen2.5-0.5B,11,0.4583333333333333,mean,ko,zh,r5,256,512,raw,ok,0.701171875
Qwen/Qwen2.5-0.5B,11,0.4583333333333333,mean,ko,zh,r5,256,512,aligned,ok,0.541015625
Qwen/Qwen2.5-0.5B,11,0.4583333333333333,mean,ko,zh,r5,256,512,delta,ok,-0.16015625
Qwen/Qwen2.5-0.5B,11,0.4583333333333333,mean,ko,zh,r10,256,512,raw,ok,0.76171875
Qwen/Qwen2.5-0.5B,11,0.4583333333333333,mean,ko,zh,r10,256,512,aligned,ok,0.578125
Qwen/Qwen2.5-0.5B,11,0.4583333333333333,mean,ko,zh,r10,256,512,delta,ok,-0.18359375
Qwen/Qwen2.5-0.5B,11,0.4583333333333333,mean,ko,zh,mrr,256,512,raw,ok,0.597229904511039
Qwen/Qwen2.5-0.5B,11,0.4583333333333333,mean,ko,zh,mrr,256,512,aligned,ok,0.49568839819055965
Qwen/Qwen2.5-0.5B,11,0.4583333333333333,mean,ko,zh,mrr,256,512,delta,ok,-0.10154150632047931
Qwen/Qwen2.5-0.5B,11,0.4583333333333333,mean,zh,ko,r1,256,512,raw,ok,0.05859375
Qwen/Qwen2.5-0.5B,11,0.4583333333333333,mean,zh,ko,r1,256,512,aligned,ok,0.26171875
Qwen/Qwen2.5-0.5B,11,0.4583333333333333,mean,zh,ko,r1,256,512,delta,ok,0.203125
Qwen/Qwen2.5-0.5B,11,0.4583333333333333,mean,zh,ko,r5,256,512,raw,ok,0.134765625
Qwen/Qwen2.5-0.5B,11,0.4583333333333333,mean,zh,ko,r5,256,512,aligned,ok,0.3671875
Qwen/Qwen2.5-0.5B,11,0.4583333333333333,mean,zh,ko,r5,256,512,delta,ok,0.232421875
Qwen/Qwen2.5-0.5B,11,0.4583333333333333,mean,zh,ko,r10,256,512,raw,ok,0.158203125
Qwen/Qwen2.5-0.5B,11,0.4583333333333333,mean,zh,ko,r10,256,512,aligned,ok,0.40234375
Qwen/Qwen2.5-0.5B,11,0.4583333333333333,mean,zh,ko,r10,256,512,delta,ok,0.244140625
Qwen/Qwen2.5-0.5B,11,0.4583333333333333,mean,zh,ko,mrr,256,512,raw,ok,0.09867716465553371
Qwen/Qwen2.5-0.5B,11,0.4583333333333333,mean,zh,ko,mrr,256,512,aligned,ok,0.314494300262105
Qwen/Qwen2.5-0.5B,11,0.4583333333333333,mean,zh,ko,mrr,256,512,delta,ok,0.2158171356065713
Qwen/Qwen2.5-0.5B,11,0.4583333333333333,mean,ja,zh,r1,256,512,raw,ok,0.740234375
Qwen/Qwen2.5-0.5B,11,0.4583333333333333,mean,ja,zh,r1,256,512,aligned,ok,0.46484375
Qwen/Qwen2.5-0.5B,11,0.4583333333333333,mean,ja,zh,r1,256,512,delta,ok,-0.275390625
Qwen/Qwen2.5-0.5B,11,0.4583333333333333,mean,ja,zh,r5,256,512,raw,ok,0.86328125
Qwen/Qwen2.5-0.5B,11,0.4583333333333333,mean,ja,zh,r5,256,512,aligned,ok,0.5546875
Qwen/Qwen2.5-0.5B,11,0.4583333333333333,mean,ja,zh,r5,256,512,delta,ok,-0.30859375
Qwen/Qwen2.5-0.5B,11,0.4583333333333333,mean,ja,zh,r10,256,512,raw,ok,0.896484375
Qwen/Qwen2.5-0.5B,11,0.4583333333333333,mean,ja,zh,r10,256,512,aligned,ok,0.580078125
Qwen/Qwen2.5-0.5B,11,0.4583333333333333,mean,ja,zh,r10,256,512,delta,ok,-0.31640625
Qwen/Qwen2.5-0.5B,11,0.4583333333333333,mean,ja,zh,mrr,256,512,raw,ok,0.7937117850834188
Qwen/Qwen2.5-0.5B,11,0.4583333333333333,mean,ja,zh,mrr,256,512,aligned,ok,0.5104996412951619
Qwen/Qwen2.5-0.5B,11,0.4583333333333333,mean,ja,zh,mrr,256,512,delta,ok,-0.2832121437882569
Qwen/Qwen2.5-0.5B,11,0.4583333333333333,mean,zh,ja,r1,256,512,raw,ok,0.166015625
Qwen/Qwen2.5-0.5B,11,0.4583333333333333,mean,zh,ja,r1,256,512,aligned,ok,0.30859375
Qwen/Qwen2.5-0.5B,11,0.4583333333333333,mean,zh,ja,r1,256,512,delta,ok,0.142578125
Qwen/Qwen2.5-0.5B,11,0.4583333333333333,mean,zh,ja,r5,256,512,raw,ok,0.267578125
Qwen/Qwen2.5-0.5B,11,0.4583333333333333,mean,zh,ja,r5,256,512,aligned,ok,0.427734375
Qwen/Qwen2.5-0.5B,11,0.4583333333333333,mean,zh,ja,r5,256,512,delta,ok,0.16015625
Qwen/Qwen2.5-0.5B,11,0.4583333333333333,mean,zh,ja,r10,256,512,raw,ok,0.318359375
Qwen/Qwen2.5-0.5B,11,0.4583333333333333,mean,zh,ja,r10,256,512,aligned,ok,0.46875
Qwen/Qwen2.5-0.5B,11,0.4583333333333333,mean,zh,ja,r10,256,512,delta,ok,0.150390625
Qwen/Qwen2.5-0.5B,11,0.4583333333333333,mean,zh,ja,mrr,256,512,raw,ok,0.21861839999431903
Qwen/Qwen2.5-0.5B,11,0.4583333333333333,mean,zh,ja,mrr,256,512,aligned,ok,0.3724562657401349
Qwen/Qwen2.5-0.5B,11,0.4583333333333333,mean,zh,ja,mrr,256,512,delta,ok,0.15383786574581587
Qwen/Qwen2.5-0.5B,12,0.5,mean,en,ko,r1,256,512,raw,ok,0.0234375
Qwen/Qwen2.5-0.5B,12,0.5,mean,en,ko,r1,256,512,aligned,ok,0.35546875
Qwen/Qwen2.5-0.5B,12,0.5,mean,en,ko,r1,256,512,delta,ok,0.33203125
Qwen/Qwen2.5-0.5B,12,0.5,mean,en,ko,r5,256,512,raw,ok,0.0703125
Qwen/Qwen2.5-0.5B,12,0.5,mean,en,ko,r5,256,512,aligned,ok,0.427734375
Qwen/Qwen2.5-0.5B,12,0.5,mean,en,ko,r5,256,512,delta,ok,0.357421875
Qwen/Qwen2.5-0.5B,12,0.5,mean,en,ko,r10,256,512,raw,ok,0.080078125
Qwen/Qwen2.5-0.5B,12,0.5,mean,en,ko,r10,256,512,aligned,ok,0.47265625
Qwen/Qwen2.5-0.5B,12,0.5,mean,en,ko,r10,256,512,delta,ok,0.392578125
Qwen/Qwen2.5-0.5B,12,0.5,mean,en,ko,mrr,256,512,raw,ok,0.0508828096637447
Qwen/Qwen2.5-0.5B,12,0.5,mean,en,ko,mrr,256,512,aligned,ok,0.39508249496178416
Qwen/Qwen2.5-0.5B,12,0.5,mean,en,ko,mrr,256,512,delta,ok,0.34419968529803946
Qwen/Qwen2.5-0.5B,12,0.5,mean,ko,en,r1,256,512,raw,ok,0.701171875
Qwen/Qwen2.5-0.5B,12,0.5,mean,ko,en,r1,256,512,aligned,ok,0.42578125
Qwen/Qwen2.5-0.5B,12,0.5,mean,ko,en,r1,256,512,delta,ok,-0.275390625
Qwen/Qwen2.5-0.5B,12,0.5,mean,ko,en,r5,256,512,raw,ok,0.892578125
Qwen/Qwen2.5-0.5B,12,0.5,mean,ko,en,r5,256,512,aligned,ok,0.533203125
Qwen/Qwen2.5-0.5B,12,0.5,mean,ko,en,r5,256,512,delta,ok,-0.359375
Qwen/Qwen2.5-0.5B,12,0.5,mean,ko,en,r10,256,512,raw,ok,0.939453125
Qwen/Qwen2.5-0.5B,12,0.5,mean,ko,en,r10,256,512,aligned,ok,0.5625
Qwen/Qwen2.5-0.5B,12,0.5,mean,ko,en,r10,256,512,delta,ok,-0.376953125
Qwen/Qwen2.5-0.5B,12,0.5,mean,ko,en,mrr,256,512,raw,ok,0.782115093056638
Qwen/Qwen2.5-0.5B,12,0.5,mean,ko,en,mrr,256,512,aligned,ok,0.4774971187820968
Qwen/Qwen2.5-0.5B,12,0.5,mean,ko,en,mrr,256,512,delta,ok,-0.3046179742745412
Qwen/Qwen2.5-0.5B,12,0.5,mean,en,ja,r1,256,512,raw,ok,0.078125
Qwen/Qwen2.5-0.5B,12,0.5,mean,en,ja,r1,256,512,aligned,ok,0.3515625
Qwen/Qwen2.5-0.5B,12,0.5,mean,en,ja,r1,256,512,delta,ok,0.2734375
Qwen/Qwen2.5-0.5B,12,0.5,mean,en,ja,r5,256,512,raw,ok,0.138671875
Qwen/Qwen2.5-0.5B,12,0.5,mean,en,ja,r5,256,512,aligned,ok,0.4453125
Qwen/Qwen2.5-0.5B,12,0.5,mean,en,ja,r5,256,512,delta,ok,0.306640625
Qwen/Qwen2.5-0.5B,12,0.5,mean,en,ja,r10,256,512,raw,ok,0.173828125
Qwen/Qwen2.5-0.5B,12,0.5,mean,en,ja,r10,256,512,aligned,ok,0.486328125
Qwen/Qwen2.5-0.5B,12,0.5,mean,en,ja,r10,256,512,delta,ok,0.3125
Qwen/Qwen2.5-0.5B,12,0.5,mean,en,ja,mrr,256,512,raw,ok,0.11575917609576777
Qwen/Qwen2.5-0.5B,12,0.5,mean,en,ja,mrr,256,512,aligned,ok,0.39997170183451125
Qwen/Qwen2.5-0.5B,12,0.5,mean,en,ja,mrr,256,512,delta,ok,0.28421252573874345
Qwen/Qwen2.5-0.5B,12,0.5,mean,ja,en,r1,256,512,raw,ok,0.8359375
Qwen/Qwen2.5-0.5B,12,0.5,mean,ja,en,r1,256,512,aligned,ok,0.439453125
Qwen/Qwen2.5-0.5B,12,0.5,mean,ja,en,r1,256,512,delta,ok,-0.396484375
Qwen/Qwen2.5-0.5B,12,0.5,mean,ja,en,r5,256,512,raw,ok,0.92578125
Qwen/Qwen2.5-0.5B,12,0.5,mean,ja,en,r5,256,512,aligned,ok,0.52734375
Qwen/Qwen2.5-0.5B,12,0.5,mean,ja,en,r5,256,512,delta,ok,-0.3984375
Qwen/Qwen2.5-0.5B,12,0.5,mean,ja,en,r10,256,512,raw,ok,0.9609375
Qwen/Qwen2.5-0.5B,12,0.5,mean,ja,en,r10,256,512,aligned,ok,0.552734375
Qwen/Qwen2.5-0.5B,12,0.5,mean,ja,en,r10,256,512,delta,ok,-0.408203125
Qwen/Qwen2.5-0.5B,12,0.5,mean,ja,en,mrr,256,512,raw,ok,0.8804788448976935
Qwen/Qwen2.5-0.5B,12,0.5,mean,ja,en,mrr,256,512,aligned,ok,0.48141802035840797
Qwen/Qwen2.5-0.5B,12,0.5,mean,ja,en,mrr,256,512,delta,ok,-0.3990608245392855
Qwen/Qwen2.5-0.5B,12,0.5,mean,en,zh,r1,256,512,raw,ok,0.830078125
Qwen/Qwen2.5-0.5B,12,0.5,mean,en,zh,r1,256,512,aligned,ok,0.544921875
Qwen/Qwen2.5-0.5B,12,0.5,mean,en,zh,r1,256,512,delta,ok,-0.28515625
Qwen/Qwen2.5-0.5B,12,0.5,mean,en,zh,r5,256,512,raw,ok,0.873046875
Qwen/Qwen2.5-0.5B,12,0.5,mean,en,zh,r5,256,512,aligned,ok,0.599609375
Qwen/Qwen2.5-0.5B,12,0.5,mean,en,zh,r5,256,512,delta,ok,-0.2734375
Qwen/Qwen2.5-0.5B,12,0.5,mean,en,zh,r10,256,512,raw,ok,0.888671875
Qwen/Qwen2.5-0.5B,12,0.5,mean,en,zh,r10,256,512,aligned,ok,0.62109375
Qwen/Qwen2.5-0.5B,12,0.5,mean,en,zh,r10,256,512,delta,ok,-0.267578125
Qwen/Qwen2.5-0.5B,12,0.5,mean,en,zh,mrr,256,512,raw,ok,0.8511693038379713
Qwen/Qwen2.5-0.5B,12,0.5,mean,en,zh,mrr,256,512,aligned,ok,0.572576625998269
Qwen/Qwen2.5-0.5B,12,0.5,mean,en,zh,mrr,256,512,delta,ok,-0.2785926778397023
Qwen/Qwen2.5-0.5B,12,0.5,mean,zh,en,r1,256,512,raw,ok,0.83984375
Qwen/Qwen2.5-0.5B,12,0.5,mean,zh,en,r1,256,512,aligned,ok,0.408203125
Qwen/Qwen2.5-0.5B,12,0.5,mean,zh,en,r1,256,512,delta,ok,-0.431640625
Qwen/Qwen2.5-0.5B,12,0.5,mean,zh,en,r5,256,512,raw,ok,0.908203125
Qwen/Qwen2.5-0.5B,12,0.5,mean,zh,en,r5,256,512,aligned,ok,0.46875
Qwen/Qwen2.5-0.5B,12,0.5,mean,zh,en,r5,256,512,delta,ok,-0.439453125
Qwen/Qwen2.5-0.5B,12,0.5,mean,zh,en,r10,256,512,raw,ok,0.92578125
Qwen/Qwen2.5-0.5B,12,0.5,mean,zh,en,r10,256,512,aligned,ok,0.51171875
Qwen/Qwen2.5-0.5B,12,0.5,mean,zh,en,r10,256,512,delta,ok,-0.4140625
Qwen/Qwen2.5-0.5B,12,0.5,mean,zh,en,mrr,256,512,raw,ok,0.871923549110498
Qwen/Qwen2.5-0.5B,12,0.5,mean,zh,en,mrr,256,512,aligned,ok,0.4444862457935502
Qwen/Qwen2.5-0.5B,12,0.5,mean,zh,en,mrr,256,512,delta,ok,-0.42743730331694774
Qwen/Qwen2.5-0.5B,12,0.5,mean,ko,ja,r1,256,512,raw,ok,0.849609375
Qwen/Qwen2.5-0.5B,12,0.5,mean,ko,ja,r1,256,512,aligned,ok,0.416015625
Qwen/Qwen2.5-0.5B,12,0.5,mean,ko,ja,r1,256,512,delta,ok,-0.43359375
Qwen/Qwen2.5-0.5B,12,0.5,mean,ko,ja,r5,256,512,raw,ok,0.9140625
Qwen/Qwen2.5-0.5B,12,0.5,mean,ko,ja,r5,256,512,aligned,ok,0.525390625
Qwen/Qwen2.5-0.5B,12,0.5,mean,ko,ja,r5,256,512,delta,ok,-0.388671875
Qwen/Qwen2.5-0.5B,12,0.5,mean,ko,ja,r10,256,512,raw,ok,0.927734375
Qwen/Qwen2.5-0.5B,12,0.5,mean,ko,ja,r10,256,512,aligned,ok,0.5546875
Qwen/Qwen2.5-0.5B,12,0.5,mean,ko,ja,r10,256,512,delta,ok,-0.373046875
Qwen/Qwen2.5-0.5B,12,0.5,mean,ko,ja,mrr,256,512,raw,ok,0.8800585428833605
Qwen/Qwen2.5-0.5B,12,0.5,mean,ko,ja,mrr,256,512,aligned,ok,0.4714583917794808
Qwen/Qwen2.5-0.5B,12,0.5,mean,ko,ja,mrr,256,512,delta,ok,-0.4086001511038797
Qwen/Qwen2.5-0.5B,12,0.5,mean,ja,ko,r1,256,512,raw,ok,0.669921875
Qwen/Qwen2.5-0.5B,12,0.5,mean,ja,ko,r1,256,512,aligned,ok,0.400390625
Qwen/Qwen2.5-0.5B,12,0.5,mean,ja,ko,r1,256,512,delta,ok,-0.26953125
Qwen/Qwen2.5-0.5B,12,0.5,mean,ja,ko,r5,256,512,raw,ok,0.75390625
Qwen/Qwen2.5-0.5B,12,0.5,mean,ja,ko,r5,256,512,aligned,ok,0.5
Qwen/Qwen2.5-0.5B,12,0.5,mean,ja,ko,r5,256,512,delta,ok,-0.25390625
Qwen/Qwen2.5-0.5B,12,0.5,mean,ja,ko,r10,256,512,raw,ok,0.787109375
Qwen/Qwen2.5-0.5B,12,0.5,mean,ja,ko,r10,256,512,aligned,ok,0.53125
Qwen/Qwen2.5-0.5B,12,0.5,mean,ja,ko,r10,256,512,delta,ok,-0.255859375
Qwen/Qwen2.5-0.5B,12,0.5,mean,ja,ko,mrr,256,512,raw,ok,0.7104722717881338
Qwen/Qwen2.5-0.5B,12,0.5,mean,ja,ko,mrr,256,512,aligned,ok,0.4497932723637349
Qwen/Qwen2.5-0.5B,12,0.5,mean,ja,ko,mrr,256,512,delta,ok,-0.26067899942439887
Qwen/Qwen2.5-0.5B,12,0.5,mean,ko,zh,r1,256,512,raw,ok,0.53125
Qwen/Qwen2.5-0.5B,12,0.5,mean,ko,zh,r1,256,512,aligned,ok,0.4296875
Qwen/Qwen2.5-0.5B,12,0.5,mean,ko,zh,r1,256,512,delta,ok,-0.1015625
Qwen/Qwen2.5-0.5B,12,0.5,mean,ko,zh,r5,256,512,raw,ok,0.736328125
Qwen/Qwen2.5-0.5B,12,0.5,mean,ko,zh,r5,256,512,aligned,ok,0.533203125
Qwen/Qwen2.5-0.5B,12,0.5,mean,ko,zh,r5,256,512,delta,ok,-0.203125
Qwen/Qwen2.5-0.5B,12,0.5,mean,ko,zh,r10,256,512,raw,ok,0.794921875
Qwen/Qwen2.5-0.5B,12,0.5,mean,ko,zh,r10,256,512,aligned,ok,0.576171875
Qwen/Qwen2.5-0.5B,12,0.5,mean,ko,zh,r10,256,512,delta,ok,-0.21875
Qwen/Qwen2.5-0.5B,12,0.5,mean,ko,zh,mrr,256,512,raw,ok,0.6264525046272922
Qwen/Qwen2.5-0.5B,12,0.5,mean,ko,zh,mrr,256,512,aligned,ok,0.48165969356750093
Qwen/Qwen2.5-0.5B,12,0.5,mean,ko,zh,mrr,256,512,delta,ok,-0.14479281105979125
Qwen/Qwen2.5-0.5B,12,0.5,mean,zh,ko,r1,256,512,raw,ok,0.05078125
Qwen/Qwen2.5-0.5B,12,0.5,mean,zh,ko,r1,256,512,aligned,ok,0.2578125
Qwen/Qwen2.5-0.5B,12,0.5,mean,zh,ko,r1,256,512,delta,ok,0.20703125
Qwen/Qwen2.5-0.5B,12,0.5,mean,zh,ko,r5,256,512,raw,ok,0.130859375
Qwen/Qwen2.5-0.5B,12,0.5,mean,zh,ko,r5,256,512,aligned,ok,0.365234375
Qwen/Qwen2.5-0.5B,12,0.5,mean,zh,ko,r5,256,512,delta,ok,0.234375
Qwen/Qwen2.5-0.5B,12,0.5,mean,zh,ko,r10,256,512,raw,ok,0.1484375
Qwen/Qwen2.5-0.5B,12,0.5,mean,zh,ko,r10,256,512,aligned,ok,0.40234375
Qwen/Qwen2.5-0.5B,12,0.5,mean,zh,ko,r10,256,512,delta,ok,0.25390625
Qwen/Qwen2.5-0.5B,12,0.5,mean,zh,ko,mrr,256,512,raw,ok,0.09249065400883143
Qwen/Qwen2.5-0.5B,12,0.5,mean,zh,ko,mrr,256,512,aligned,ok,0.31071791898713996
Qwen/Qwen2.5-0.5B,12,0.5,mean,zh,ko,mrr,256,512,delta,ok,0.21822726497830852
Qwen/Qwen2.5-0.5B,12,0.5,mean,ja,zh,r1,256,512,raw,ok,0.763671875
Qwen/Qwen2.5-0.5B,12,0.5,mean,ja,zh,r1,256,512,aligned,ok,0.44921875
Qwen/Qwen2.5-0.5B,12,0.5,mean,ja,zh,r1,256,512,delta,ok,-0.314453125
Qwen/Qwen2.5-0.5B,12,0.5,mean,ja,zh,r5,256,512,raw,ok,0.876953125
Qwen/Qwen2.5-0.5B,12,0.5,mean,ja,zh,r5,256,512,aligned,ok,0.556640625
Qwen/Qwen2.5-0.5B,12,0.5,mean,ja,zh,r5,256,512,delta,ok,-0.3203125
Qwen/Qwen2.5-0.5B,12,0.5,mean,ja,zh,r10,256,512,raw,ok,0.921875
Qwen/Qwen2.5-0.5B,12,0.5,mean,ja,zh,r10,256,512,aligned,ok,0.57421875
Qwen/Qwen2.5-0.5B,12,0.5,mean,ja,zh,r10,256,512,delta,ok,-0.34765625
Qwen/Qwen2.5-0.5B,12,0.5,mean,ja,zh,mrr,256,512,raw,ok,0.8168173821258969
Qwen/Qwen2.5-0.5B,12,0.5,mean,ja,zh,mrr,256,512,aligned,ok,0.5027848738611929
Qwen/Qwen2.5-0.5B,12,0.5,mean,ja,zh,mrr,256,512,delta,ok,-0.3140325082647041
Qwen/Qwen2.5-0.5B,12,0.5,mean,zh,ja,r1,256,512,raw,ok,0.154296875
Qwen/Qwen2.5-0.5B,12,0.5,mean,zh,ja,r1,256,512,aligned,ok,0.298828125
Qwen/Qwen2.5-0.5B,12,0.5,mean,zh,ja,r1,256,512,delta,ok,0.14453125
Qwen/Qwen2.5-0.5B,12,0.5,mean,zh,ja,r5,256,512,raw,ok,0.24609375
Qwen/Qwen2.5-0.5B,12,0.5,mean,zh,ja,r5,256,512,aligned,ok,0.42578125
Qwen/Qwen2.5-0.5B,12,0.5,mean,zh,ja,r5,256,512,delta,ok,0.1796875
Qwen/Qwen2.5-0.5B,12,0.5,mean,zh,ja,r10,256,512,raw,ok,0.296875
Qwen/Qwen2.5-0.5B,12,0.5,mean,zh,ja,r10,256,512,aligned,ok,0.466796875
Qwen/Qwen2.5-0.5B,12,0.5,mean,zh,ja,r10,256,512,delta,ok,0.169921875
Qwen/Qwen2.5-0.5B,12,0.5,mean,zh,ja,mrr,256,512,raw,ok,0.20698564703211747
Qwen/Qwen2.5-0.5B,12,0.5,mean,zh,ja,mrr,256,512,aligned,ok,0.36319947870004204
Qwen/Qwen2.5-0.5B,12,0.5,mean,zh,ja,mrr,256,512,delta,ok,0.15621383166792457
Qwen/Qwen2.5-0.5B,13,0.5416666666666666,mean,en,ko,r1,256,512,raw,ok,0.025390625
Qwen/Qwen2.5-0.5B,13,0.5416666666666666,mean,en,ko,r1,256,512,aligned,ok,0.3515625
Qwen/Qwen2.5-0.5B,13,0.5416666666666666,mean,en,ko,r1,256,512,delta,ok,0.326171875
Qwen/Qwen2.5-0.5B,13,0.5416666666666666,mean,en,ko,r5,256,512,raw,ok,0.06640625
Qwen/Qwen2.5-0.5B,13,0.5416666666666666,mean,en,ko,r5,256,512,aligned,ok,0.44140625
Qwen/Qwen2.5-0.5B,13,0.5416666666666666,mean,en,ko,r5,256,512,delta,ok,0.375
Qwen/Qwen2.5-0.5B,13,0.5416666666666666,mean,en,ko,r10,256,512,raw,ok,0.080078125
Qwen/Qwen2.5-0.5B,13,0.5416666666666666,mean,en,ko,r10,256,512,aligned,ok,0.478515625
Qwen/Qwen2.5-0.5B,13,0.5416666666666666,mean,en,ko,r10,256,512,delta,ok,0.3984375
Qwen/Qwen2.5-0.5B,13,0.5416666666666666,mean,en,ko,mrr,256,512,raw,ok,0.052461396514332154
Qwen/Qwen2.5-0.5B,13,0.5416666666666666,mean,en,ko,mrr,256,512,aligned,ok,0.39506492803688026
Qwen/Qwen2.5-0.5B,13,0.5416666666666666,mean,en,ko,mrr,256,512,delta,ok,0.3426035315225481
Qwen/Qwen2.5-0.5B,13,0.5416666666666666,mean,ko,en,r1,256,512,raw,ok,0.693359375
Qwen/Qwen2.5-0.5B,13,0.5416666666666666,mean,ko,en,r1,256,512,aligned,ok,0.4296875
Qwen/Qwen2.5-0.5B,13,0.5416666666666666,mean,ko,en,r1,256,512,delta,ok,-0.263671875
Qwen/Qwen2.5-0.5B,13,0.5416666666666666,mean,ko,en,r5,256,512,raw,ok,0.890625
Qwen/Qwen2.5-0.5B,13,0.5416666666666666,mean,ko,en,r5,256,512,aligned,ok,0.546875
Qwen/Qwen2.5-0.5B,13,0.5416666666666666,mean,ko,en,r5,256,512,delta,ok,-0.34375
Qwen/Qwen2.5-0.5B,13,0.5416666666666666,mean,ko,en,r10,256,512,raw,ok,0.9375
Qwen/Qwen2.5-0.5B,13,0.5416666666666666,mean,ko,en,r10,256,512,aligned,ok,0.572265625
Qwen/Qwen2.5-0.5B,13,0.5416666666666666,mean,ko,en,r10,256,512,delta,ok,-0.365234375
Qwen/Qwen2.5-0.5B,13,0.5416666666666666,mean,ko,en,mrr,256,512,raw,ok,0.7776502296517174
Qwen/Qwen2.5-0.5B,13,0.5416666666666666,mean,ko,en,mrr,256,512,aligned,ok,0.4842783282452823
Qwen/Qwen2.5-0.5B,13,0.5416666666666666,mean,ko,en,mrr,256,512,delta,ok,-0.2933719014064351
Qwen/Qwen2.5-0.5B,13,0.5416666666666666,mean,en,ja,r1,256,512,raw,ok,0.07421875
Qwen/Qwen2.5-0.5B,13,0.5416666666666666,mean,en,ja,r1,256,512,aligned,ok,0.359375
Qwen/Qwen2.5-0.5B,13,0.5416666666666666,mean,en,ja,r1,256,512,delta,ok,0.28515625
Qwen/Qwen2.5-0.5B,13,0.5416666666666666,mean,en,ja,r5,256,512,raw,ok,0.138671875
Qwen/Qwen2.5-0.5B,13,0.5416666666666666,mean,en,ja,r5,256,512,aligned,ok,0.4609375
Qwen/Qwen2.5-0.5B,13,0.5416666666666666,mean,en,ja,r5,256,512,delta,ok,0.322265625
Qwen/Qwen2.5-0.5B,13,0.5416666666666666,mean,en,ja,r10,256,512,raw,ok,0.16796875
Qwen/Qwen2.5-0.5B,13,0.5416666666666666,mean,en,ja,r10,256,512,aligned,ok,0.50390625
Qwen/Qwen2.5-0.5B,13,0.5416666666666666,mean,en,ja,r10,256,512,delta,ok,0.3359375
Qwen/Qwen2.5-0.5B,13,0.5416666666666666,mean,en,ja,mrr,256,512,raw,ok,0.11431910621879256
Qwen/Qwen2.5-0.5B,13,0.5416666666666666,mean,en,ja,mrr,256,512,aligned,ok,0.4107216578858281
Qwen/Qwen2.5-0.5B,13,0.5416666666666666,mean,en,ja,mrr,256,512,delta,ok,0.29640255166703555
Qwen/Qwen2.5-0.5B,13,0.5416666666666666,mean,ja,en,r1,256,512,raw,ok,0.814453125
Qwen/Qwen2.5-0.5B,13,0.5416666666666666,mean,ja,en,r1,256,512,aligned,ok,0.435546875
Qwen/Qwen2.5-0.5B,13,0.5416666666666666,mean,ja,en,r1,256,512,delta,ok,-0.37890625
Qwen/Qwen2.5-0.5B,13,0.5416666666666666,mean,ja,en,r5,256,512,raw,ok,0.927734375
Qwen/Qwen2.5-0.5B,13,0.5416666666666666,mean,ja,en,r5,256,512,aligned,ok,0.521484375
Qwen/Qwen2.5-0.5B,13,0.5416666666666666,mean,ja,en,r5,256,512,delta,ok,-0.40625
Qwen/Qwen2.5-0.5B,13,0.5416666666666666,mean,ja,en,r10,256,512,raw,ok,0.962890625
Qwen/Qwen2.5-0.5B,13,0.5416666666666666,mean,ja,en,r10,256,512,aligned,ok,0.556640625
Qwen/Qwen2.5-0.5B,13,0.5416666666666666,mean,ja,en,r10,256,512,delta,ok,-0.40625
Qwen/Qwen2.5-0.5B,13,0.5416666666666666,mean,ja,en,mrr,256,512,raw,ok,0.8649739440463158
Qwen/Qwen2.5-0.5B,13,0.5416666666666666,mean,ja,en,mrr,256,512,aligned,ok,0.47916649468544853
Qwen/Qwen2.5-0.5B,13,0.5416666666666666,mean,ja,en,mrr,256,512,delta,ok,-0.38580744936086725
Qwen/Qwen2.5-0.5B,13,0.5416666666666666,mean,en,zh,r1,256,512,raw,ok,0.828125
Qwen/Qwen2.5-0.5B,13,0.5416666666666666,mean,en,zh,r1,256,512,aligned,ok,0.54296875
Qwen/Qwen2.5-0.5B,13,0.5416666666666666,mean,en,zh,r1,256,512,delta,ok,-0.28515625
Qwen/Qwen2.5-0.5B,13,0.5416666666666666,mean,en,zh,r5,256,512,raw,ok,0.869140625
Qwen/Qwen2.5-0.5B,13,0.5416666666666666,mean,en,zh,r5,256,512,aligned,ok,0.60546875
Qwen/Qwen2.5-0.5B,13,0.5416666666666666,mean,en,zh,r5,256,512,delta,ok,-0.263671875
Qwen/Qwen2.5-0.5B,13,0.5416666666666666,mean,en,zh,r10,256,512,raw,ok,0.884765625
Qwen/Qwen2.5-0.5B,13,0.5416666666666666,mean,en,zh,r10,256,512,aligned,ok,0.626953125
Qwen/Qwen2.5-0.5B,13,0.5416666666666666,mean,en,zh,r10,256,512,delta,ok,-0.2578125
Qwen/Qwen2.5-0.5B,13,0.5416666666666666,mean,en,zh,mrr,256,512,raw,ok,0.8491529860336615
Qwen/Qwen2.5-0.5B,13,0.5416666666666666,mean,en,zh,mrr,256,512,aligned,ok,0.5745804532588336
Qwen/Qwen2.5-0.5B,13,0.5416666666666666,mean,en,zh,mrr,256,512,delta,ok,-0.27457253277482796
Qwen/Qwen2.5-0.5B,13,0.5416666666666666,mean,zh,en,r1,256,512,raw,ok,0.8359375
Qwen/Qwen2.5-0.5B,13,0.5416666666666666,mean,zh,en,r1,256,512,aligned,ok,0.404296875
Qwen/Qwen2.5-0.5B,13,0.5416666666666666,mean,zh,en,r1,256,512,delta,ok,-0.431640625
Qwen/Qwen2.5-0.5B,13,0.5416666666666666,mean,zh,en,r5,256,512,raw,ok,0.904296875
Qwen/Qwen2.5-0.5B,13,0.5416666666666666,mean,zh,en,r5,256,512,aligned,ok,0.4765625
Qwen/Qwen2.5-0.5B,13,0.5416666666666666,mean,zh,en,r5,256,512,delta,ok,-0.427734375
Qwen/Qwen2.5-0.5B,13,0.5416666666666666,mean,zh,en,r10,256,512,raw,ok,0.919921875
Qwen/Qwen2.5-0.5B,13,0.5416666666666666,mean,zh,en,r10,256,512,aligned,ok,0.5234375
Qwen/Qwen2.5-0.5B,13,0.5416666666666666,mean,zh,en,r10,256,512,delta,ok,-0.396484375
Qwen/Qwen2.5-0.5B,13,0.5416666666666666,mean,zh,en,mrr,256,512,raw,ok,0.8672730861756146
Qwen/Qwen2.5-0.5B,13,0.5416666666666666,mean,zh,en,mrr,256,512,aligned,ok,0.4462017885296544
Qwen/Qwen2.5-0.5B,13,0.5416666666666666,mean,zh,en,mrr,256,512,delta,ok,-0.4210712976459602
Qwen/Qwen2.5-0.5B,13,0.5416666666666666,mean,ko,ja,r1,256,512,raw,ok,0.841796875
Qwen/Qwen2.5-0.5B,13,0.5416666666666666,mean,ko,ja,r1,256,512,aligned,ok,0.435546875
Qwen/Qwen2.5-0.5B,13,0.5416666666666666,mean,ko,ja,r1,256,512,delta,ok,-0.40625
Qwen/Qwen2.5-0.5B,13,0.5416666666666666,mean,ko,ja,r5,256,512,raw,ok,0.912109375
Qwen/Qwen2.5-0.5B,13,0.5416666666666666,mean,ko,ja,r5,256,512,aligned,ok,0.533203125
Qwen/Qwen2.5-0.5B,13,0.5416666666666666,mean,ko,ja,r5,256,512,delta,ok,-0.37890625
Qwen/Qwen2.5-0.5B,13,0.5416666666666666,mean,ko,ja,r10,256,512,raw,ok,0.92578125
Qwen/Qwen2.5-0.5B,13,0.5416666666666666,mean,ko,ja,r10,256,512,aligned,ok,0.5625
Qwen/Qwen2.5-0.5B,13,0.5416666666666666,mean,ko,ja,r10,256,512,delta,ok,-0.36328125
Qwen/Qwen2.5-0.5B,13,0.5416666666666666,mean,ko,ja,mrr,256,512,raw,ok,0.8752210622037996
Qwen/Qwen2.5-0.5B,13,0.5416666666666666,mean,ko,ja,mrr,256,512,aligned,ok,0.4841630705163875
Qwen/Qwen2.5-0.5B,13,0.5416666666666666,mean,ko,ja,mrr,256,512,delta,ok,-0.39105799168741207
Qwen/Qwen2.5-0.5B,13,0.5416666666666666,mean,ja,ko,r1,256,512,raw,ok,0.677734375
Qwen/Qwen2.5-0.5B,13,0.5416666666666666,mean,ja,ko,r1,256,512,aligned,ok,0.392578125
Qwen/Qwen2.5-0.5B,13,0.5416666666666666,mean,ja,ko,r1,256,512,delta,ok,-0.28515625
Qwen/Qwen2.5-0.5B,13,0.5416666666666666,mean,ja,ko,r5,256,512,raw,ok,0.77734375
Qwen/Qwen2.5-0.5B,13,0.5416666666666666,mean,ja,ko,r5,256,512,aligned,ok,0.5078125
Qwen/Qwen2.5-0.5B,13,0.5416666666666666,mean,ja,ko,r5,256,512,delta,ok,-0.26953125
Qwen/Qwen2.5-0.5B,13,0.5416666666666666,mean,ja,ko,r10,256,512,raw,ok,0.80078125
Qwen/Qwen2.5-0.5B,13,0.5416666666666666,mean,ja,ko,r10,256,512,aligned,ok,0.541015625
Qwen/Qwen2.5-0.5B,13,0.5416666666666666,mean,ja,ko,r10,256,512,delta,ok,-0.259765625
Qwen/Qwen2.5-0.5B,13,0.5416666666666666,mean,ja,ko,mrr,256,512,raw,ok,0.721207243410839
Qwen/Qwen2.5-0.5B,13,0.5416666666666666,mean,ja,ko,mrr,256,512,aligned,ok,0.4466108105793162
Qwen/Qwen2.5-0.5B,13,0.5416666666666666,mean,ja,ko,mrr,256,512,delta,ok,-0.2745964328315228
Qwen/Qwen2.5-0.5B,13,0.5416666666666666,mean,ko,zh,r1,256,512,raw,ok,0.53125
Qwen/Qwen2.5-0.5B,13,0.5416666666666666,mean,ko,zh,r1,256,512,aligned,ok,0.431640625
Qwen/Qwen2.5-0.5B,13,0.5416666666666666,mean,ko,zh,r1,256,512,delta,ok,-0.099609375
Qwen/Qwen2.5-0.5B,13,0.5416666666666666,mean,ko,zh,r5,256,512,raw,ok,0.728515625
Qwen/Qwen2.5-0.5B,13,0.5416666666666666,mean,ko,zh,r5,256,512,aligned,ok,0.537109375
Qwen/Qwen2.5-0.5B,13,0.5416666666666666,mean,ko,zh,r5,256,512,delta,ok,-0.19140625
Qwen/Qwen2.5-0.5B,13,0.5416666666666666,mean,ko,zh,r10,256,512,raw,ok,0.787109375
Qwen/Qwen2.5-0.5B,13,0.5416666666666666,mean,ko,zh,r10,256,512,aligned,ok,0.57421875
Qwen/Qwen2.5-0.5B,13,0.5416666666666666,mean,ko,zh,r10,256,512,delta,ok,-0.212890625
Qwen/Qwen2.5-0.5B,13,0.5416666666666666,mean,ko,zh,mrr,256,512,raw,ok,0.6238532438463973
Qwen/Qwen2.5-0.5B,13,0.5416666666666666,mean,ko,zh,mrr,256,512,aligned,ok,0.48384791106812763
Qwen/Qwen2.5-0.5B,13,0.5416666666666666,mean,ko,zh,mrr,256,512,delta,ok,-0.14000533277826965
Qwen/Qwen2.5-0.5B,13,0.5416666666666666,mean,zh,ko,r1,256,512,raw,ok,0.056640625
Qwen/Qwen2.5-0.5B,13,0.5416666666666666,mean,zh,ko,r1,256,512,aligned,ok,0.26953125
Qwen/Qwen2.5-0.5B,13,0.5416666666666666,mean,zh,ko,r1,256,512,delta,ok,0.212890625
Qwen/Qwen2.5-0.5B,13,0.5416666666666666,mean,zh,ko,r5,256,512,raw,ok,0.12890625
Qwen/Qwen2.5-0.5B,13,0.5416666666666666,mean,zh,ko,r5,256,512,aligned,ok,0.369140625
Qwen/Qwen2.5-0.5B,13,0.5416666666666666,mean,zh,ko,r5,256,512,delta,ok,0.240234375
Qwen/Qwen2.5-0.5B,13,0.5416666666666666,mean,zh,ko,r10,256,512,raw,ok,0.15625
Qwen/Qwen2.5-0.5B,13,0.5416666666666666,mean,zh,ko,r10,256,512,aligned,ok,0.416015625
Qwen/Qwen2.5-0.5B,13,0.5416666666666666,mean,zh,ko,r10,256,512,delta,ok,0.259765625
Qwen/Qwen2.5-0.5B,13,0.5416666666666666,mean,zh,ko,mrr,256,512,raw,ok,0.09799855652511477
Qwen/Qwen2.5-0.5B,13,0.5416666666666666,mean,zh,ko,mrr,256,512,aligned,ok,0.31960569007324446
Qwen/Qwen2.5-0.5B,13,0.5416666666666666,mean,zh,ko,mrr,256,512,delta,ok,0.2216071335481297
Qwen/Qwen2.5-0.5B,13,0.5416666666666666,mean,ja,zh,r1,256,512,raw,ok,0.7421875
Qwen/Qwen2.5-0.5B,13,0.5416666666666666,mean,ja,zh,r1,256,512,aligned,ok,0.458984375
Qwen/Qwen2.5-0.5B,13,0.5416666666666666,mean,ja,zh,r1,256,512,delta,ok,-0.283203125
Qwen/Qwen2.5-0.5B,13,0.5416666666666666,mean,ja,zh,r5,256,512,raw,ok,0.86328125
Qwen/Qwen2.5-0.5B,13,0.5416666666666666,mean,ja,zh,r5,256,512,aligned,ok,0.56640625
Qwen/Qwen2.5-0.5B,13,0.5416666666666666,mean,ja,zh,r5,256,512,delta,ok,-0.296875
Qwen/Qwen2.5-0.5B,13,0.5416666666666666,mean,ja,zh,r10,256,512,raw,ok,0.90234375
Qwen/Qwen2.5-0.5B,13,0.5416666666666666,mean,ja,zh,r10,256,512,aligned,ok,0.591796875
Qwen/Qwen2.5-0.5B,13,0.5416666666666666,mean,ja,zh,r10,256,512,delta,ok,-0.310546875
Qwen/Qwen2.5-0.5B,13,0.5416666666666666,mean,ja,zh,mrr,256,512,raw,ok,0.7970034343003886
Qwen/Qwen2.5-0.5B,13,0.5416666666666666,mean,ja,zh,mrr,256,512,aligned,ok,0.5076172057440184
Qwen/Qwen2.5-0.5B,13,0.5416666666666666,mean,ja,zh,mrr,256,512,delta,ok,-0.2893862285563702
Qwen/Qwen2.5-0.5B,13,0.5416666666666666,mean,zh,ja,r1,256,512,raw,ok,0.142578125
Qwen/Qwen2.5-0.5B,13,0.5416666666666666,mean,zh,ja,r1,256,512,aligned,ok,0.310546875
Qwen/Qwen2.5-0.5B,13,0.5416666666666666,mean,zh,ja,r1,256,512,delta,ok,0.16796875
Qwen/Qwen2.5-0.5B,13,0.5416666666666666,mean,zh,ja,r5,256,512,raw,ok,0.244140625
Qwen/Qwen2.5-0.5B,13,0.5416666666666666,mean,zh,ja,r5,256,512,aligned,ok,0.435546875
Qwen/Qwen2.5-0.5B,13,0.5416666666666666,mean,zh,ja,r5,256,512,delta,ok,0.19140625
Qwen/Qwen2.5-0.5B,13,0.5416666666666666,mean,zh,ja,r10,256,512,raw,ok,0.298828125
Qwen/Qwen2.5-0.5B,13,0.5416666666666666,mean,zh,ja,r10,256,512,aligned,ok,0.4765625
Qwen/Qwen2.5-0.5B,13,0.5416666666666666,mean,zh,ja,r10,256,512,delta,ok,0.177734375
Qwen/Qwen2.5-0.5B,13,0.5416666666666666,mean,zh,ja,mrr,256,512,raw,ok,0.1995433557260825
Qwen/Qwen2.5-0.5B,13,0.5416666666666666,mean,zh,ja,mrr,256,512,aligned,ok,0.37354056879633857
Qwen/Qwen2.5-0.5B,13,0.5416666666666666,mean,zh,ja,mrr,256,512,delta,ok,0.17399721307025606
Qwen/Qwen2.5-0.5B,14,0.5833333333333334,mean,en,ko,r1,256,512,raw,ok,0.0234375
Qwen/Qwen2.5-0.5B,14,0.5833333333333334,mean,en,ko,r1,256,512,aligned,ok,0.359375
Qwen/Qwen2.5-0.5B,14,0.5833333333333334,mean,en,ko,r1,256,512,delta,ok,0.3359375
Qwen/Qwen2.5-0.5B,14,0.5833333333333334,mean,en,ko,r5,256,512,raw,ok,0.06640625
Qwen/Qwen2.5-0.5B,14,0.5833333333333334,mean,en,ko,r5,256,512,aligned,ok,0.451171875
Qwen/Qwen2.5-0.5B,14,0.5833333333333334,mean,en,ko,r5,256,512,delta,ok,0.384765625
Qwen/Qwen2.5-0.5B,14,0.5833333333333334,mean,en,ko,r10,256,512,raw,ok,0.08203125
Qwen/Qwen2.5-0.5B,14,0.5833333333333334,mean,en,ko,r10,256,512,aligned,ok,0.4921875
Qwen/Qwen2.5-0.5B,14,0.5833333333333334,mean,en,ko,r10,256,512,delta,ok,0.41015625
Qwen/Qwen2.5-0.5B,14,0.5833333333333334,mean,en,ko,mrr,256,512,raw,ok,0.050285439446041386
Qwen/Qwen2.5-0.5B,14,0.5833333333333334,mean,en,ko,mrr,256,512,aligned,ok,0.4057162104962546
Qwen/Qwen2.5-0.5B,14,0.5833333333333334,mean,en,ko,mrr,256,512,delta,ok,0.35543077105021326
Qwen/Qwen2.5-0.5B,14,0.5833333333333334,mean,ko,en,r1,256,512,raw,ok,0.6875
Qwen/Qwen2.5-0.5B,14,0.5833333333333334,mean,ko,en,r1,256,512,aligned,ok,0.439453125
Qwen/Qwen2.5-0.5B,14,0.5833333333333334,mean,ko,en,r1,256,512,delta,ok,-0.248046875
Qwen/Qwen2.5-0.5B,14,0.5833333333333334,mean,ko,en,r5,256,512,raw,ok,0.875
Qwen/Qwen2.5-0.5B,14,0.5833333333333334,mean,ko,en,r5,256,512,aligned,ok,0.548828125
Qwen/Qwen2.5-0.5B,14,0.5833333333333334,mean,ko,en,r5,256,512,delta,ok,-0.326171875
Qwen/Qwen2.5-0.5B,14,0.5833333333333334,mean,ko,en,r10,256,512,raw,ok,0.92578125
Qwen/Qwen2.5-0.5B,14,0.5833333333333334,mean,ko,en,r10,256,512,aligned,ok,0.576171875
Qwen/Qwen2.5-0.5B,14,0.5833333333333334,mean,ko,en,r10,256,512,delta,ok,-0.349609375
Qwen/Qwen2.5-0.5B,14,0.5833333333333334,mean,ko,en,mrr,256,512,raw,ok,0.7711483791732832
Qwen/Qwen2.5-0.5B,14,0.5833333333333334,mean,ko,en,mrr,256,512,aligned,ok,0.4913581579846145
Qwen/Qwen2.5-0.5B,14,0.5833333333333334,mean,ko,en,mrr,256,512,delta,ok,-0.27979022118866864
Qwen/Qwen2.5-0.5B,14,0.5833333333333334,mean,en,ja,r1,256,512,raw,ok,0.0703125
Qwen/Qwen2.5-0.5B,14,0.5833333333333334,mean,en,ja,r1,256,512,aligned,ok,0.36328125
Qwen/Qwen2.5-0.5B,14,0.5833333333333334,mean,en,ja,r1,256,512,delta,ok,0.29296875
Qwen/Qwen2.5-0.5B,14,0.5833333333333334,mean,en,ja,r5,256,512,raw,ok,0.138671875
Qwen/Qwen2.5-0.5B,14,0.5833333333333334,mean,en,ja,r5,256,512,aligned,ok,0.470703125
Qwen/Qwen2.5-0.5B,14,0.5833333333333334,mean,en,ja,r5,256,512,delta,ok,0.33203125
Qwen/Qwen2.5-0.5B,14,0.5833333333333334,mean,en,ja,r10,256,512,raw,ok,0.162109375
Qwen/Qwen2.5-0.5B,14,0.5833333333333334,mean,en,ja,r10,256,512,aligned,ok,0.50390625
Qwen/Qwen2.5-0.5B,14,0.5833333333333334,mean,en,ja,r10,256,512,delta,ok,0.341796875
Qwen/Qwen2.5-0.5B,14,0.5833333333333334,mean,en,ja,mrr,256,512,raw,ok,0.11078207922280561
Qwen/Qwen2.5-0.5B,14,0.5833333333333334,mean,en,ja,mrr,256,512,aligned,ok,0.4154530510835021
Qwen/Qwen2.5-0.5B,14,0.5833333333333334,mean,en,ja,mrr,256,512,delta,ok,0.30467097186069647
Qwen/Qwen2.5-0.5B,14,0.5833333333333334,mean,ja,en,r1,256,512,raw,ok,0.8046875
Qwen/Qwen2.5-0.5B,14,0.5833333333333334,mean,ja,en,r1,256,512,aligned,ok,0.4375
Qwen/Qwen2.5-0.5B,14,0.5833333333333334,mean,ja,en,r1,256,512,delta,ok,-0.3671875
Qwen/Qwen2.5-0.5B,14,0.5833333333333334,mean,ja,en,r5,256,512,raw,ok,0.916015625
Qwen/Qwen2.5-0.5B,14,0.5833333333333334,mean,ja,en,r5,256,512,aligned,ok,0.541015625
Qwen/Qwen2.5-0.5B,14,0.5833333333333334,mean,ja,en,r5,256,512,delta,ok,-0.375
Qwen/Qwen2.5-0.5B,14,0.5833333333333334,mean,ja,en,r10,256,512,raw,ok,0.95703125
Qwen/Qwen2.5-0.5B,14,0.5833333333333334,mean,ja,en,r10,256,512,aligned,ok,0.572265625
Qwen/Qwen2.5-0.5B,14,0.5833333333333334,mean,ja,en,r10,256,512,delta,ok,-0.384765625
Qwen/Qwen2.5-0.5B,14,0.5833333333333334,mean,ja,en,mrr,256,512,raw,ok,0.8569615799451475
Qwen/Qwen2.5-0.5B,14,0.5833333333333334,mean,ja,en,mrr,256,512,aligned,ok,0.48598305329807956
Qwen/Qwen2.5-0.5B,14,0.5833333333333334,mean,ja,en,mrr,256,512,delta,ok,-0.370978526647068
Qwen/Qwen2.5-0.5B,14,0.5833333333333334,mean,en,zh,r1,256,512,raw,ok,0.82421875
Qwen/Qwen2.5-0.5B,14,0.5833333333333334,mean,en,zh,r1,256,512,aligned,ok,0.548828125
Qwen/Qwen2.5-0.5B,14,0.5833333333333334,mean,en,zh,r1,256,512,delta,ok,-0.275390625
Qwen/Qwen2.5-0.5B,14,0.5833333333333334,mean,en,zh,r5,256,512,raw,ok,0.87890625
Qwen/Qwen2.5-0.5B,14,0.5833333333333334,mean,en,zh,r5,256,512,aligned,ok,0.62109375
Qwen/Qwen2.5-0.5B,14,0.5833333333333334,mean,en,zh,r5,256,512,delta,ok,-0.2578125
Qwen/Qwen2.5-0.5B,14,0.5833333333333334,mean,en,zh,r10,256,512,raw,ok,0.888671875
Qwen/Qwen2.5-0.5B,14,0.5833333333333334,mean,en,zh,r10,256,512,aligned,ok,0.62890625
Qwen/Qwen2.5-0.5B,14,0.5833333333333334,mean,en,zh,r10,256,512,delta,ok,-0.259765625
Qwen/Qwen2.5-0.5B,14,0.5833333333333334,mean,en,zh,mrr,256,512,raw,ok,0.849369742340425
Qwen/Qwen2.5-0.5B,14,0.5833333333333334,mean,en,zh,mrr,256,512,aligned,ok,0.5810876945235788
Qwen/Qwen2.5-0.5B,14,0.5833333333333334,mean,en,zh,mrr,256,512,delta,ok,-0.26828204781684617
Qwen/Qwen2.5-0.5B,14,0.5833333333333334,mean,zh,en,r1,256,512,raw,ok,0.828125
Qwen/Qwen2.5-0.5B,14,0.5833333333333334,mean,zh,en,r1,256,512,aligned,ok,0.40625
Qwen/Qwen2.5-0.5B,14,0.5833333333333334,mean,zh,en,r1,256,512,delta,ok,-0.421875
Qwen/Qwen2.5-0.5B,14,0.5833333333333334,mean,zh,en,r5,256,512,raw,ok,0.900390625
Qwen/Qwen2.5-0.5B,14,0.5833333333333334,mean,zh,en,r5,256,512,aligned,ok,0.490234375
Qwen/Qwen2.5-0.5B,14,0.5833333333333334,mean,zh,en,r5,256,512,delta,ok,-0.41015625
Qwen/Qwen2.5-0.5B,14,0.5833333333333334,mean,zh,en,r10,256,512,raw,ok,0.916015625
Qwen/Qwen2.5-0.5B,14,0.5833333333333334,mean,zh,en,r10,256,512,aligned,ok,0.53515625
Qwen/Qwen2.5-0.5B,14,0.5833333333333334,mean,zh,en,r10,256,512,delta,ok,-0.380859375
Qwen/Qwen2.5-0.5B,14,0.5833333333333334,mean,zh,en,mrr,256,512,raw,ok,0.8613106316871955
Qwen/Qwen2.5-0.5B,14,0.5833333333333334,mean,zh,en,mrr,256,512,aligned,ok,0.4511853047982246
Qwen/Qwen2.5-0.5B,14,0.5833333333333334,mean,zh,en,mrr,256,512,delta,ok,-0.41012532688897085
Qwen/Qwen2.5-0.5B,14,0.5833333333333334,mean,ko,ja,r1,256,512,raw,ok,0.8359375
Qwen/Qwen2.5-0.5B,14,0.5833333333333334,mean,ko,ja,r1,256,512,aligned,ok,0.4609375
Qwen/Qwen2.5-0.5B,14,0.5833333333333334,mean,ko,ja,r1,256,512,delta,ok,-0.375
Qwen/Qwen2.5-0.5B,14,0.5833333333333334,mean,ko,ja,r5,256,512,raw,ok,0.916015625
Qwen/Qwen2.5-0.5B,14,0.5833333333333334,mean,ko,ja,r5,256,512,aligned,ok,0.541015625
Qwen/Qwen2.5-0.5B,14,0.5833333333333334,mean,ko,ja,r5,256,512,delta,ok,-0.375
Qwen/Qwen2.5-0.5B,14,0.5833333333333334,mean,ko,ja,r10,256,512,raw,ok,0.92578125
Qwen/Qwen2.5-0.5B,14,0.5833333333333334,mean,ko,ja,r10,256,512,aligned,ok,0.57421875
Qwen/Qwen2.5-0.5B,14,0.5833333333333334,mean,ko,ja,r10,256,512,delta,ok,-0.3515625
Qwen/Qwen2.5-0.5B,14,0.5833333333333334,mean,ko,ja,mrr,256,512,raw,ok,0.8726722737045668
Qwen/Qwen2.5-0.5B,14,0.5833333333333334,mean,ko,ja,mrr,256,512,aligned,ok,0.5025342429737596
Qwen/Qwen2.5-0.5B,14,0.5833333333333334,mean,ko,ja,mrr,256,512,delta,ok,-0.3701380307308072
Qwen/Qwen2.5-0.5B,14,0.5833333333333334,mean,ja,ko,r1,256,512,raw,ok,0.671875
Qwen/Qwen2.5-0.5B,14,0.5833333333333334,mean,ja,ko,r1,256,512,aligned,ok,0.419921875
Qwen/Qwen2.5-0.5B,14,0.5833333333333334,mean,ja,ko,r1,256,512,delta,ok,-0.251953125
Qwen/Qwen2.5-0.5B,14,0.5833333333333334,mean,ja,ko,r5,256,512,raw,ok,0.779296875
Qwen/Qwen2.5-0.5B,14,0.5833333333333334,mean,ja,ko,r5,256,512,aligned,ok,0.525390625
Qwen/Qwen2.5-0.5B,14,0.5833333333333334,mean,ja,ko,r5,256,512,delta,ok,-0.25390625
Qwen/Qwen2.5-0.5B,14,0.5833333333333334,mean,ja,ko,r10,256,512,raw,ok,0.8046875
Qwen/Qwen2.5-0.5B,14,0.5833333333333334,mean,ja,ko,r10,256,512,aligned,ok,0.552734375
Qwen/Qwen2.5-0.5B,14,0.5833333333333334,mean,ja,ko,r10,256,512,delta,ok,-0.251953125
Qwen/Qwen2.5-0.5B,14,0.5833333333333334,mean,ja,ko,mrr,256,512,raw,ok,0.7188135558475628
Qwen/Qwen2.5-0.5B,14,0.5833333333333334,mean,ja,ko,mrr,256,512,aligned,ok,0.4686949743561913
Qwen/Qwen2.5-0.5B,14,0.5833333333333334,mean,ja,ko,mrr,256,512,delta,ok,-0.2501185814913715
Qwen/Qwen2.5-0.5B,14,0.5833333333333334,mean,ko,zh,r1,256,512,raw,ok,0.49609375
Qwen/Qwen2.5-0.5B,14,0.5833333333333334,mean,ko,zh,r1,256,512,aligned,ok,0.42578125
Qwen/Qwen2.5-0.5B,14,0.5833333333333334,mean,ko,zh,r1,256,512,delta,ok,-0.0703125
Qwen/Qwen2.5-0.5B,14,0.5833333333333334,mean,ko,zh,r5,256,512,raw,ok,0.69140625
Qwen/Qwen2.5-0.5B,14,0.5833333333333334,mean,ko,zh,r5,256,512,aligned,ok,0.529296875
Qwen/Qwen2.5-0.5B,14,0.5833333333333334,mean,ko,zh,r5,256,512,delta,ok,-0.162109375
Qwen/Qwen2.5-0.5B,14,0.5833333333333334,mean,ko,zh,r10,256,512,raw,ok,0.76171875
Qwen/Qwen2.5-0.5B,14,0.5833333333333334,mean,ko,zh,r10,256,512,aligned,ok,0.578125
Qwen/Qwen2.5-0.5B,14,0.5833333333333334,mean,ko,zh,r10,256,512,delta,ok,-0.18359375
Qwen/Qwen2.5-0.5B,14,0.5833333333333334,mean,ko,zh,mrr,256,512,raw,ok,0.589652974313059
Qwen/Qwen2.5-0.5B,14,0.5833333333333334,mean,ko,zh,mrr,256,512,aligned,ok,0.479536699491582
Qwen/Qwen2.5-0.5B,14,0.5833333333333334,mean,ko,zh,mrr,256,512,delta,ok,-0.11011627482147696
Qwen/Qwen2.5-0.5B,14,0.5833333333333334,mean,zh,ko,r1,256,512,raw,ok,0.05859375
Qwen/Qwen2.5-0.5B,14,0.5833333333333334,mean,zh,ko,r1,256,512,aligned,ok,0.267578125
Qwen/Qwen2.5-0.5B,14,0.5833333333333334,mean,zh,ko,r1,256,512,delta,ok,0.208984375
Qwen/Qwen2.5-0.5B,14,0.5833333333333334,mean,zh,ko,r5,256,512,raw,ok,0.1328125
Qwen/Qwen2.5-0.5B,14,0.5833333333333334,mean,zh,ko,r5,256,512,aligned,ok,0.375
Qwen/Qwen2.5-0.5B,14,0.5833333333333334,mean,zh,ko,r5,256,512,delta,ok,0.2421875
Qwen/Qwen2.5-0.5B,14,0.5833333333333334,mean,zh,ko,r10,256,512,raw,ok,0.16015625
Qwen/Qwen2.5-0.5B,14,0.5833333333333334,mean,zh,ko,r10,256,512,aligned,ok,0.419921875
Qwen/Qwen2.5-0.5B,14,0.5833333333333334,mean,zh,ko,r10,256,512,delta,ok,0.259765625
Qwen/Qwen2.5-0.5B,14,0.5833333333333334,mean,zh,ko,mrr,256,512,raw,ok,0.09878986750181157
Qwen/Qwen2.5-0.5B,14,0.5833333333333334,mean,zh,ko,mrr,256,512,aligned,ok,0.32308810888916034
Qwen/Qwen2.5-0.5B,14,0.5833333333333334,mean,zh,ko,mrr,256,512,delta,ok,0.22429824138734877
Qwen/Qwen2.5-0.5B,14,0.5833333333333334,mean,ja,zh,r1,256,512,raw,ok,0.708984375
Qwen/Qwen2.5-0.5B,14,0.5833333333333334,mean,ja,zh,r1,256,512,aligned,ok,0.466796875
Qwen/Qwen2.5-0.5B,14,0.5833333333333334,mean,ja,zh,r1,256,512,delta,ok,-0.2421875
Qwen/Qwen2.5-0.5B,14,0.5833333333333334,mean,ja,zh,r5,256,512,raw,ok,0.83984375
Qwen/Qwen2.5-0.5B,14,0.5833333333333334,mean,ja,zh,r5,256,512,aligned,ok,0.564453125
Qwen/Qwen2.5-0.5B,14,0.5833333333333334,mean,ja,zh,r5,256,512,delta,ok,-0.275390625
Qwen/Qwen2.5-0.5B,14,0.5833333333333334,mean,ja,zh,r10,256,512,raw,ok,0.876953125
Qwen/Qwen2.5-0.5B,14,0.5833333333333334,mean,ja,zh,r10,256,512,aligned,ok,0.587890625
Qwen/Qwen2.5-0.5B,14,0.5833333333333334,mean,ja,zh,r10,256,512,delta,ok,-0.2890625
Qwen/Qwen2.5-0.5B,14,0.5833333333333334,mean,ja,zh,mrr,256,512,raw,ok,0.7692231476931489
Qwen/Qwen2.5-0.5B,14,0.5833333333333334,mean,ja,zh,mrr,256,512,aligned,ok,0.5149312238125261
Qwen/Qwen2.5-0.5B,14,0.5833333333333334,mean,ja,zh,mrr,256,512,delta,ok,-0.2542919238806228
Qwen/Qwen2.5-0.5B,14,0.5833333333333334,mean,zh,ja,r1,256,512,raw,ok,0.138671875
Qwen/Qwen2.5-0.5B,14,0.5833333333333334,mean,zh,ja,r1,256,512,aligned,ok,0.3125
Qwen/Qwen2.5-0.5B,14,0.5833333333333334,mean,zh,ja,r1,256,512,delta,ok,0.173828125
Qwen/Qwen2.5-0.5B,14,0.5833333333333334,mean,zh,ja,r5,256,512,raw,ok,0.23828125
Qwen/Qwen2.5-0.5B,14,0.5833333333333334,mean,zh,ja,r5,256,512,aligned,ok,0.44140625
Qwen/Qwen2.5-0.5B,14,0.5833333333333334,mean,zh,ja,r5,256,512,delta,ok,0.203125
Qwen/Qwen2.5-0.5B,14,0.5833333333333334,mean,zh,ja,r10,256,512,raw,ok,0.2890625
Qwen/Qwen2.5-0.5B,14,0.5833333333333334,mean,zh,ja,r10,256,512,aligned,ok,0.484375
Qwen/Qwen2.5-0.5B,14,0.5833333333333334,mean,zh,ja,r10,256,512,delta,ok,0.1953125
Qwen/Qwen2.5-0.5B,14,0.5833333333333334,mean,zh,ja,mrr,256,512,raw,ok,0.19340323756944594
Qwen/Qwen2.5-0.5B,14,0.5833333333333334,mean,zh,ja,mrr,256,512,aligned,ok,0.37464464145150067
Qwen/Qwen2.5-0.5B,14,0.5833333333333334,mean,zh,ja,mrr,256,512,delta,ok,0.18124140388205473
Qwen/Qwen2.5-0.5B,15,0.625,mean,en,ko,r1,256,512,raw,ok,0.033203125
Qwen/Qwen2.5-0.5B,15,0.625,mean,en,ko,r1,256,512,aligned,ok,0.400390625
Qwen/Qwen2.5-0.5B,15,0.625,mean,en,ko,r1,256,512,delta,ok,0.3671875
Qwen/Qwen2.5-0.5B,15,0.625,mean,en,ko,r5,256,512,raw,ok,0.08203125
Qwen/Qwen2.5-0.5B,15,0.625,mean,en,ko,r5,256,512,aligned,ok,0.5
Qwen/Qwen2.5-0.5B,15,0.625,mean,en,ko,r5,256,512,delta,ok,0.41796875
Qwen/Qwen2.5-0.5B,15,0.625,mean,en,ko,r10,256,512,raw,ok,0.1015625
Qwen/Qwen2.5-0.5B,15,0.625,mean,en,ko,r10,256,512,aligned,ok,0.52734375
Qwen/Qwen2.5-0.5B,15,0.625,mean,en,ko,r10,256,512,delta,ok,0.42578125
Qwen/Qwen2.5-0.5B,15,0.625,mean,en,ko,mrr,256,512,raw,ok,0.06473522378294472
Qwen/Qwen2.5-0.5B,15,0.625,mean,en,ko,mrr,256,512,aligned,ok,0.4491720952090228
Qwen/Qwen2.5-0.5B,15,0.625,mean,en,ko,mrr,256,512,delta,ok,0.3844368714260781
Qwen/Qwen2.5-0.5B,15,0.625,mean,ko,en,r1,256,512,raw,ok,0.78515625
Qwen/Qwen2.5-0.5B,15,0.625,mean,ko,en,r1,256,512,aligned,ok,0.4609375
Qwen/Qwen2.5-0.5B,15,0.625,mean,ko,en,r1,256,512,delta,ok,-0.32421875
Qwen/Qwen2.5-0.5B,15,0.625,mean,ko,en,r5,256,512,raw,ok,0.931640625
Qwen/Qwen2.5-0.5B,15,0.625,mean,ko,en,r5,256,512,aligned,ok,0.57421875
Qwen/Qwen2.5-0.5B,15,0.625,mean,ko,en,r5,256,512,delta,ok,-0.357421875
Qwen/Qwen2.5-0.5B,15,0.625,mean,ko,en,r10,256,512,raw,ok,0.953125
Qwen/Qwen2.5-0.5B,15,0.625,mean,ko,en,r10,256,512,aligned,ok,0.591796875
Qwen/Qwen2.5-0.5B,15,0.625,mean,ko,en,r10,256,512,delta,ok,-0.361328125
Qwen/Qwen2.5-0.5B,15,0.625,mean,ko,en,mrr,256,512,raw,ok,0.8472515117433979
Qwen/Qwen2.5-0.5B,15,0.625,mean,ko,en,mrr,256,512,aligned,ok,0.5157668017546341
Qwen/Qwen2.5-0.5B,15,0.625,mean,ko,en,mrr,256,512,delta,ok,-0.3314847099887638
Qwen/Qwen2.5-0.5B,15,0.625,mean,en,ja,r1,256,512,raw,ok,0.12109375
Qwen/Qwen2.5-0.5B,15,0.625,mean,en,ja,r1,256,512,aligned,ok,0.404296875
Qwen/Qwen2.5-0.5B,15,0.625,mean,en,ja,r1,256,512,delta,ok,0.283203125
Qwen/Qwen2.5-0.5B,15,0.625,mean,en,ja,r5,256,512,raw,ok,0.1953125
Qwen/Qwen2.5-0.5B,15,0.625,mean,en,ja,r5,256,512,aligned,ok,0.517578125
Qwen/Qwen2.5-0.5B,15,0.625,mean,en,ja,r5,256,512,delta,ok,0.322265625
Qwen/Qwen2.5-0.5B,15,0.625,mean,en,ja,r10,256,512,raw,ok,0.24609375
Qwen/Qwen2.5-0.5B,15,0.625,mean,en,ja,r10,256,512,aligned,ok,0.55078125
Qwen/Qwen2.5-0.5B,15,0.625,mean,en,ja,r10,256,512,delta,ok,0.3046875
Qwen/Qwen2.5-0.5B,15,0.625,mean,en,ja,mrr,256,512,raw,ok,0.16831824420844999
Qwen/Qwen2.5-0.5B,15,0.625,mean,en,ja,mrr,256,512,aligned,ok,0.4580065866363384
Qwen/Qwen2.5-0.5B,15,0.625,mean,en,ja,mrr,256,512,delta,ok,0.28968834242788843
Qwen/Qwen2.5-0.5B,15,0.625,mean,ja,en,r1,256,512,raw,ok,0.86328125
Qwen/Qwen2.5-0.5B,15,0.625,mean,ja,en,r1,256,512,aligned,ok,0.4609375
Qwen/Qwen2.5-0.5B,15,0.625,mean,ja,en,r1,256,512,delta,ok,-0.40234375
Qwen/Qwen2.5-0.5B,15,0.625,mean,ja,en,r5,256,512,raw,ok,0.9609375
Qwen/Qwen2.5-0.5B,15,0.625,mean,ja,en,r5,256,512,aligned,ok,0.578125
Qwen/Qwen2.5-0.5B,15,0.625,mean,ja,en,r5,256,512,delta,ok,-0.3828125
Qwen/Qwen2.5-0.5B,15,0.625,mean,ja,en,r10,256,512,raw,ok,0.96484375
Qwen/Qwen2.5-0.5B,15,0.625,mean,ja,en,r10,256,512,aligned,ok,0.595703125
Qwen/Qwen2.5-0.5B,15,0.625,mean,ja,en,r10,256,512,delta,ok,-0.369140625
Qwen/Qwen2.5-0.5B,15,0.625,mean,ja,en,mrr,256,512,raw,ok,0.9054915477974187
Qwen/Qwen2.5-0.5B,15,0.625,mean,ja,en,mrr,256,512,aligned,ok,0.5156150381533899
Qwen/Qwen2.5-0.5B,15,0.625,mean,ja,en,mrr,256,512,delta,ok,-0.38987650964402876
Qwen/Qwen2.5-0.5B,15,0.625,mean,en,zh,r1,256,512,raw,ok,0.85546875
Qwen/Qwen2.5-0.5B,15,0.625,mean,en,zh,r1,256,512,aligned,ok,0.580078125
Qwen/Qwen2.5-0.5B,15,0.625,mean,en,zh,r1,256,512,delta,ok,-0.275390625
Qwen/Qwen2.5-0.5B,15,0.625,mean,en,zh,r5,256,512,raw,ok,0.89453125
Qwen/Qwen2.5-0.5B,15,0.625,mean,en,zh,r5,256,512,aligned,ok,0.634765625
Qwen/Qwen2.5-0.5B,15,0.625,mean,en,zh,r5,256,512,delta,ok,-0.259765625
Qwen/Qwen2.5-0.5B,15,0.625,mean,en,zh,r10,256,512,raw,ok,0.923828125
Qwen/Qwen2.5-0.5B,15,0.625,mean,en,zh,r10,256,512,aligned,ok,0.658203125
Qwen/Qwen2.5-0.5B,15,0.625,mean,en,zh,r10,256,512,delta,ok,-0.265625
Qwen/Qwen2.5-0.5B,15,0.625,mean,en,zh,mrr,256,512,raw,ok,0.8769004627253464
Qwen/Qwen2.5-0.5B,15,0.625,mean,en,zh,mrr,256,512,aligned,ok,0.6096264691860557
Qwen/Qwen2.5-0.5B,15,0.625,mean,en,zh,mrr,256,512,delta,ok,-0.2672739935392907
Qwen/Qwen2.5-0.5B,15,0.625,mean,zh,en,r1,256,512,raw,ok,0.869140625
Qwen/Qwen2.5-0.5B,15,0.625,mean,zh,en,r1,256,512,aligned,ok,0.4375
Qwen/Qwen2.5-0.5B,15,0.625,mean,zh,en,r1,256,512,delta,ok,-0.431640625
Qwen/Qwen2.5-0.5B,15,0.625,mean,zh,en,r5,256,512,raw,ok,0.9296875
Qwen/Qwen2.5-0.5B,15,0.625,mean,zh,en,r5,256,512,aligned,ok,0.521484375
Qwen/Qwen2.5-0.5B,15,0.625,mean,zh,en,r5,256,512,delta,ok,-0.408203125
Qwen/Qwen2.5-0.5B,15,0.625,mean,zh,en,r10,256,512,raw,ok,0.947265625
Qwen/Qwen2.5-0.5B,15,0.625,mean,zh,en,r10,256,512,aligned,ok,0.560546875
Qwen/Qwen2.5-0.5B,15,0.625,mean,zh,en,r10,256,512,delta,ok,-0.38671875
Qwen/Qwen2.5-0.5B,15,0.625,mean,zh,en,mrr,256,512,raw,ok,0.8974429192416356
Qwen/Qwen2.5-0.5B,15,0.625,mean,zh,en,mrr,256,512,aligned,ok,0.4801500375937059
Qwen/Qwen2.5-0.5B,15,0.625,mean,zh,en,mrr,256,512,delta,ok,-0.41729288164792966
Qwen/Qwen2.5-0.5B,15,0.625,mean,ko,ja,r1,256,512,raw,ok,0.87109375
Qwen/Qwen2.5-0.5B,15,0.625,mean,ko,ja,r1,256,512,aligned,ok,0.48828125
Qwen/Qwen2.5-0.5B,15,0.625,mean,ko,ja,r1,256,512,delta,ok,-0.3828125
Qwen/Qwen2.5-0.5B,15,0.625,mean,ko,ja,r5,256,512,raw,ok,0.92578125
Qwen/Qwen2.5-0.5B,15,0.625,mean,ko,ja,r5,256,512,aligned,ok,0.583984375
Qwen/Qwen2.5-0.5B,15,0.625,mean,ko,ja,r5,256,512,delta,ok,-0.341796875
Qwen/Qwen2.5-0.5B,15,0.625,mean,ko,ja,r10,256,512,raw,ok,0.943359375
Qwen/Qwen2.5-0.5B,15,0.625,mean,ko,ja,r10,256,512,aligned,ok,0.619140625
Qwen/Qwen2.5-0.5B,15,0.625,mean,ko,ja,r10,256,512,delta,ok,-0.32421875
Qwen/Qwen2.5-0.5B,15,0.625,mean,ko,ja,mrr,256,512,raw,ok,0.8988297222499166
Qwen/Qwen2.5-0.5B,15,0.625,mean,ko,ja,mrr,256,512,aligned,ok,0.5340754471664643
Qwen/Qwen2.5-0.5B,15,0.625,mean,ko,ja,mrr,256,512,delta,ok,-0.3647542750834524
Qwen/Qwen2.5-0.5B,15,0.625,mean,ja,ko,r1,256,512,raw,ok,0.740234375
Qwen/Qwen2.5-0.5B,15,0.625,mean,ja,ko,r1,256,512,aligned,ok,0.458984375
Qwen/Qwen2.5-0.5B,15,0.625,mean,ja,ko,r1,256,512,delta,ok,-0.28125
Qwen/Qwen2.5-0.5B,15,0.625,mean,ja,ko,r5,256,512,raw,ok,0.826171875
Qwen/Qwen2.5-0.5B,15,0.625,mean,ja,ko,r5,256,512,aligned,ok,0.568359375
Qwen/Qwen2.5-0.5B,15,0.625,mean,ja,ko,r5,256,512,delta,ok,-0.2578125
Qwen/Qwen2.5-0.5B,15,0.625,mean,ja,ko,r10,256,512,raw,ok,0.8515625
Qwen/Qwen2.5-0.5B,15,0.625,mean,ja,ko,r10,256,512,aligned,ok,0.599609375
Qwen/Qwen2.5-0.5B,15,0.625,mean,ja,ko,r10,256,512,delta,ok,-0.251953125
Qwen/Qwen2.5-0.5B,15,0.625,mean,ja,ko,mrr,256,512,raw,ok,0.7822053547448014
Qwen/Qwen2.5-0.5B,15,0.625,mean,ja,ko,mrr,256,512,aligned,ok,0.507967650893143
Qwen/Qwen2.5-0.5B,15,0.625,mean,ja,ko,mrr,256,512,delta,ok,-0.27423770385165835
Qwen/Qwen2.5-0.5B,15,0.625,mean,ko,zh,r1,256,512,raw,ok,0.625
Qwen/Qwen2.5-0.5B,15,0.625,mean,ko,zh,r1,256,512,aligned,ok,0.4609375
Qwen/Qwen2.5-0.5B,15,0.625,mean,ko,zh,r1,256,512,delta,ok,-0.1640625
Qwen/Qwen2.5-0.5B,15,0.625,mean,ko,zh,r5,256,512,raw,ok,0.80859375
Qwen/Qwen2.5-0.5B,15,0.625,mean,ko,zh,r5,256,512,aligned,ok,0.556640625
Qwen/Qwen2.5-0.5B,15,0.625,mean,ko,zh,r5,256,512,delta,ok,-0.251953125
Qwen/Qwen2.5-0.5B,15,0.625,mean,ko,zh,r10,256,512,raw,ok,0.8515625
Qwen/Qwen2.5-0.5B,15,0.625,mean,ko,zh,r10,256,512,aligned,ok,0.59765625
Qwen/Qwen2.5-0.5B,15,0.625,mean,ko,zh,r10,256,512,delta,ok,-0.25390625
Qwen/Qwen2.5-0.5B,15,0.625,mean,ko,zh,mrr,256,512,raw,ok,0.708865460892852
Qwen/Qwen2.5-0.5B,15,0.625,mean,ko,zh,mrr,256,512,aligned,ok,0.5106208760266588
Qwen/Qwen2.5-0.5B,15,0.625,mean,ko,zh,mrr,256,512,delta,ok,-0.19824458486619312
Qwen/Qwen2.5-0.5B,15,0.625,mean,zh,ko,r1,256,512,raw,ok,0.080078125
Qwen/Qwen2.5-0.5B,15,0.625,mean,zh,ko,r1,256,512,aligned,ok,0.3046875
Qwen/Qwen2.5-0.5B,15,0.625,mean,zh,ko,r1,256,512,delta,ok,0.224609375
Qwen/Qwen2.5-0.5B,15,0.625,mean,zh,ko,r5,256,512,raw,ok,0.171875
Qwen/Qwen2.5-0.5B,15,0.625,mean,zh,ko,r5,256,512,aligned,ok,0.419921875
Qwen/Qwen2.5-0.5B,15,0.625,mean,zh,ko,r5,256,512,delta,ok,0.248046875
Qwen/Qwen2.5-0.5B,15,0.625,mean,zh,ko,r10,256,512,raw,ok,0.201171875
Qwen/Qwen2.5-0.5B,15,0.625,mean,zh,ko,r10,256,512,aligned,ok,0.453125
Qwen/Qwen2.5-0.5B,15,0.625,mean,zh,ko,r10,256,512,delta,ok,0.251953125
Qwen/Qwen2.5-0.5B,15,0.625,mean,zh,ko,mrr,256,512,raw,ok,0.12734793078258388
Qwen/Qwen2.5-0.5B,15,0.625,mean,zh,ko,mrr,256,512,aligned,ok,0.3615502161677922
Qwen/Qwen2.5-0.5B,15,0.625,mean,zh,ko,mrr,256,512,delta,ok,0.23420228538520832
Qwen/Qwen2.5-0.5B,15,0.625,mean,ja,zh,r1,256,512,raw,ok,0.810546875
Qwen/Qwen2.5-0.5B,15,0.625,mean,ja,zh,r1,256,512,aligned,ok,0.505859375
Qwen/Qwen2.5-0.5B,15,0.625,mean,ja,zh,r1,256,512,delta,ok,-0.3046875
Qwen/Qwen2.5-0.5B,15,0.625,mean,ja,zh,r5,256,512,raw,ok,0.9140625
Qwen/Qwen2.5-0.5B,15,0.625,mean,ja,zh,r5,256,512,aligned,ok,0.58984375
Qwen/Qwen2.5-0.5B,15,0.625,mean,ja,zh,r5,256,512,delta,ok,-0.32421875
Qwen/Qwen2.5-0.5B,15,0.625,mean,ja,zh,r10,256,512,raw,ok,0.93359375
Qwen/Qwen2.5-0.5B,15,0.625,mean,ja,zh,r10,256,512,aligned,ok,0.611328125
Qwen/Qwen2.5-0.5B,15,0.625,mean,ja,zh,r10,256,512,delta,ok,-0.322265625
Qwen/Qwen2.5-0.5B,15,0.625,mean,ja,zh,mrr,256,512,raw,ok,0.8573254755854988
Qwen/Qwen2.5-0.5B,15,0.625,mean,ja,zh,mrr,256,512,aligned,ok,0.5482990400851199
Qwen/Qwen2.5-0.5B,15,0.625,mean,ja,zh,mrr,256,512,delta,ok,-0.3090264355003789
Qwen/Qwen2.5-0.5B,15,0.625,mean,zh,ja,r1,256,512,raw,ok,0.21484375
Qwen/Qwen2.5-0.5B,15,0.625,mean,zh,ja,r1,256,512,aligned,ok,0.3671875
Qwen/Qwen2.5-0.5B,15,0.625,mean,zh,ja,r1,256,512,delta,ok,0.15234375
Qwen/Qwen2.5-0.5B,15,0.625,mean,zh,ja,r5,256,512,raw,ok,0.330078125
Qwen/Qwen2.5-0.5B,15,0.625,mean,zh,ja,r5,256,512,aligned,ok,0.490234375
Qwen/Qwen2.5-0.5B,15,0.625,mean,zh,ja,r5,256,512,delta,ok,0.16015625
Qwen/Qwen2.5-0.5B,15,0.625,mean,zh,ja,r10,256,512,raw,ok,0.3828125
Qwen/Qwen2.5-0.5B,15,0.625,mean,zh,ja,r10,256,512,aligned,ok,0.53125
Qwen/Qwen2.5-0.5B,15,0.625,mean,zh,ja,r10,256,512,delta,ok,0.1484375
Qwen/Qwen2.5-0.5B,15,0.625,mean,zh,ja,mrr,256,512,raw,ok,0.27308038279260893
Qwen/Qwen2.5-0.5B,15,0.625,mean,zh,ja,mrr,256,512,aligned,ok,0.428159475030772
Qwen/Qwen2.5-0.5B,15,0.625,mean,zh,ja,mrr,256,512,delta,ok,0.15507909223816307
Qwen/Qwen2.5-0.5B,16,0.6666666666666666,mean,en,ko,r1,256,512,raw,ok,0.033203125
Qwen/Qwen2.5-0.5B,16,0.6666666666666666,mean,en,ko,r1,256,512,aligned,ok,0.40234375
Qwen/Qwen2.5-0.5B,16,0.6666666666666666,mean,en,ko,r1,256,512,delta,ok,0.369140625
Qwen/Qwen2.5-0.5B,16,0.6666666666666666,mean,en,ko,r5,256,512,raw,ok,0.072265625
Qwen/Qwen2.5-0.5B,16,0.6666666666666666,mean,en,ko,r5,256,512,aligned,ok,0.51171875
Qwen/Qwen2.5-0.5B,16,0.6666666666666666,mean,en,ko,r5,256,512,delta,ok,0.439453125
Qwen/Qwen2.5-0.5B,16,0.6666666666666666,mean,en,ko,r10,256,512,raw,ok,0.099609375
Qwen/Qwen2.5-0.5B,16,0.6666666666666666,mean,en,ko,r10,256,512,aligned,ok,0.546875
Qwen/Qwen2.5-0.5B,16,0.6666666666666666,mean,en,ko,r10,256,512,delta,ok,0.447265625
Qwen/Qwen2.5-0.5B,16,0.6666666666666666,mean,en,ko,mrr,256,512,raw,ok,0.059699120371757265
Qwen/Qwen2.5-0.5B,16,0.6666666666666666,mean,en,ko,mrr,256,512,aligned,ok,0.45971589214951436
Qwen/Qwen2.5-0.5B,16,0.6666666666666666,mean,en,ko,mrr,256,512,delta,ok,0.4000167717777571
Qwen/Qwen2.5-0.5B,16,0.6666666666666666,mean,ko,en,r1,256,512,raw,ok,0.564453125
Qwen/Qwen2.5-0.5B,16,0.6666666666666666,mean,ko,en,r1,256,512,aligned,ok,0.42578125
Qwen/Qwen2.5-0.5B,16,0.6666666666666666,mean,ko,en,r1,256,512,delta,ok,-0.138671875
Qwen/Qwen2.5-0.5B,16,0.6666666666666666,mean,ko,en,r5,256,512,raw,ok,0.796875
Qwen/Qwen2.5-0.5B,16,0.6666666666666666,mean,ko,en,r5,256,512,aligned,ok,0.552734375
Qwen/Qwen2.5-0.5B,16,0.6666666666666666,mean,ko,en,r5,256,512,delta,ok,-0.244140625
Qwen/Qwen2.5-0.5B,16,0.6666666666666666,mean,ko,en,r10,256,512,raw,ok,0.873046875
Qwen/Qwen2.5-0.5B,16,0.6666666666666666,mean,ko,en,r10,256,512,aligned,ok,0.5859375
Qwen/Qwen2.5-0.5B,16,0.6666666666666666,mean,ko,en,r10,256,512,delta,ok,-0.287109375
Qwen/Qwen2.5-0.5B,16,0.6666666666666666,mean,ko,en,mrr,256,512,raw,ok,0.6681479386483392
Qwen/Qwen2.5-0.5B,16,0.6666666666666666,mean,ko,en,mrr,256,512,aligned,ok,0.4873197999888932
Qwen/Qwen2.5-0.5B,16,0.6666666666666666,mean,ko,en,mrr,256,512,delta,ok,-0.18082813865944602
Qwen/Qwen2.5-0.5B,16,0.6666666666666666,mean,en,ja,r1,256,512,raw,ok,0.10546875
Qwen/Qwen2.5-0.5B,16,0.6666666666666666,mean,en,ja,r1,256,512,aligned,ok,0.419921875
Qwen/Qwen2.5-0.5B,16,0.6666666666666666,mean,en,ja,r1,256,512,delta,ok,0.314453125
Qwen/Qwen2.5-0.5B,16,0.6666666666666666,mean,en,ja,r5,256,512,raw,ok,0.181640625
Qwen/Qwen2.5-0.5B,16,0.6666666666666666,mean,en,ja,r5,256,512,aligned,ok,0.54296875
Qwen/Qwen2.5-0.5B,16,0.6666666666666666,mean,en,ja,r5,256,512,delta,ok,0.361328125
Qwen/Qwen2.5-0.5B,16,0.6666666666666666,mean,en,ja,r10,256,512,raw,ok,0.232421875
Qwen/Qwen2.5-0.5B,16,0.6666666666666666,mean,en,ja,r10,256,512,aligned,ok,0.568359375
Qwen/Qwen2.5-0.5B,16,0.6666666666666666,mean,en,ja,r10,256,512,delta,ok,0.3359375
Qwen/Qwen2.5-0.5B,16,0.6666666666666666,mean,en,ja,mrr,256,512,raw,ok,0.152934970580562
Qwen/Qwen2.5-0.5B,16,0.6666666666666666,mean,en,ja,mrr,256,512,aligned,ok,0.47728890686724845
Qwen/Qwen2.5-0.5B,16,0.6666666666666666,mean,en,ja,mrr,256,512,delta,ok,0.32435393628668646
Qwen/Qwen2.5-0.5B,16,0.6666666666666666,mean,ja,en,r1,256,512,raw,ok,0.744140625
Qwen/Qwen2.5-0.5B,16,0.6666666666666666,mean,ja,en,r1,256,512,aligned,ok,0.4609375
Qwen/Qwen2.5-0.5B,16,0.6666666666666666,mean,ja,en,r1,256,512,delta,ok,-0.283203125
Qwen/Qwen2.5-0.5B,16,0.6666666666666666,mean,ja,en,r5,256,512,raw,ok,0.896484375
Qwen/Qwen2.5-0.5B,16,0.6666666666666666,mean,ja,en,r5,256,512,aligned,ok,0.56640625
Qwen/Qwen2.5-0.5B,16,0.6666666666666666,mean,ja,en,r5,256,512,delta,ok,-0.330078125
Qwen/Qwen2.5-0.5B,16,0.6666666666666666,mean,ja,en,r10,256,512,raw,ok,0.939453125
Qwen/Qwen2.5-0.5B,16,0.6666666666666666,mean,ja,en,r10,256,512,aligned,ok,0.5859375
Qwen/Qwen2.5-0.5B,16,0.6666666666666666,mean,ja,en,r10,256,512,delta,ok,-0.353515625
Qwen/Qwen2.5-0.5B,16,0.6666666666666666,mean,ja,en,mrr,256,512,raw,ok,0.8109675753903067
Qwen/Qwen2.5-0.5B,16,0.6666666666666666,mean,ja,en,mrr,256,512,aligned,ok,0.505420539954007
Qwen/Qwen2.5-0.5B,16,0.6666666666666666,mean,ja,en,mrr,256,512,delta,ok,-0.3055470354362997
Qwen/Qwen2.5-0.5B,16,0.6666666666666666,mean,en,zh,r1,256,512,raw,ok,0.83203125
Qwen/Qwen2.5-0.5B,16,0.6666666666666666,mean,en,zh,r1,256,512,aligned,ok,0.56640625
Qwen/Qwen2.5-0.5B,16,0.6666666666666666,mean,en,zh,r1,256,512,delta,ok,-0.265625
Qwen/Qwen2.5-0.5B,16,0.6666666666666666,mean,en,zh,r5,256,512,raw,ok,0.884765625
Qwen/Qwen2.5-0.5B,16,0.6666666666666666,mean,en,zh,r5,256,512,aligned,ok,0.650390625
Qwen/Qwen2.5-0.5B,16,0.6666666666666666,mean,en,zh,r5,256,512,delta,ok,-0.234375
Qwen/Qwen2.5-0.5B,16,0.6666666666666666,mean,en,zh,r10,256,512,raw,ok,0.900390625
Qwen/Qwen2.5-0.5B,16,0.6666666666666666,mean,en,zh,r10,256,512,aligned,ok,0.671875
Qwen/Qwen2.5-0.5B,16,0.6666666666666666,mean,en,zh,r10,256,512,delta,ok,-0.228515625
Qwen/Qwen2.5-0.5B,16,0.6666666666666666,mean,en,zh,mrr,256,512,raw,ok,0.8593379441715165
Qwen/Qwen2.5-0.5B,16,0.6666666666666666,mean,en,zh,mrr,256,512,aligned,ok,0.605807176196119
Qwen/Qwen2.5-0.5B,16,0.6666666666666666,mean,en,zh,mrr,256,512,delta,ok,-0.25353076797539753
Qwen/Qwen2.5-0.5B,16,0.6666666666666666,mean,zh,en,r1,256,512,raw,ok,0.826171875
Qwen/Qwen2.5-0.5B,16,0.6666666666666666,mean,zh,en,r1,256,512,aligned,ok,0.431640625
Qwen/Qwen2.5-0.5B,16,0.6666666666666666,mean,zh,en,r1,256,512,delta,ok,-0.39453125
Qwen/Qwen2.5-0.5B,16,0.6666666666666666,mean,zh,en,r5,256,512,raw,ok,0.90625
Qwen/Qwen2.5-0.5B,16,0.6666666666666666,mean,zh,en,r5,256,512,aligned,ok,0.517578125
Qwen/Qwen2.5-0.5B,16,0.6666666666666666,mean,zh,en,r5,256,512,delta,ok,-0.388671875
Qwen/Qwen2.5-0.5B,16,0.6666666666666666,mean,zh,en,r10,256,512,raw,ok,0.9296875
Qwen/Qwen2.5-0.5B,16,0.6666666666666666,mean,zh,en,r10,256,512,aligned,ok,0.556640625
Qwen/Qwen2.5-0.5B,16,0.6666666666666666,mean,zh,en,r10,256,512,delta,ok,-0.373046875
Qwen/Qwen2.5-0.5B,16,0.6666666666666666,mean,zh,en,mrr,256,512,raw,ok,0.8630478711819152
Qwen/Qwen2.5-0.5B,16,0.6666666666666666,mean,zh,en,mrr,256,512,aligned,ok,0.4805586472353002
Qwen/Qwen2.5-0.5B,16,0.6666666666666666,mean,zh,en,mrr,256,512,delta,ok,-0.382489223946615
Qwen/Qwen2.5-0.5B,16,0.6666666666666666,mean,ko,ja,r1,256,512,raw,ok,0.810546875
Qwen/Qwen2.5-0.5B,16,0.6666666666666666,mean,ko,ja,r1,256,512,aligned,ok,0.48046875
Qwen/Qwen2.5-0.5B,16,0.6666666666666666,mean,ko,ja,r1,256,512,delta,ok,-0.330078125
Qwen/Qwen2.5-0.5B,16,0.6666666666666666,mean,ko,ja,r5,256,512,raw,ok,0.904296875
Qwen/Qwen2.5-0.5B,16,0.6666666666666666,mean,ko,ja,r5,256,512,aligned,ok,0.583984375
Qwen/Qwen2.5-0.5B,16,0.6666666666666666,mean,ko,ja,r5,256,512,delta,ok,-0.3203125
Qwen/Qwen2.5-0.5B,16,0.6666666666666666,mean,ko,ja,r10,256,512,raw,ok,0.921875
Qwen/Qwen2.5-0.5B,16,0.6666666666666666,mean,ko,ja,r10,256,512,aligned,ok,0.625
Qwen/Qwen2.5-0.5B,16,0.6666666666666666,mean,ko,ja,r10,256,512,delta,ok,-0.296875
Qwen/Qwen2.5-0.5B,16,0.6666666666666666,mean,ko,ja,mrr,256,512,raw,ok,0.85469413890977
Qwen/Qwen2.5-0.5B,16,0.6666666666666666,mean,ko,ja,mrr,256,512,aligned,ok,0.53077980114275
Qwen/Qwen2.5-0.5B,16,0.6666666666666666,mean,ko,ja,mrr,256,512,delta,ok,-0.32391433776701994
Qwen/Qwen2.5-0.5B,16,0.6666666666666666,mean,ja,ko,r1,256,512,raw,ok,0.69921875
Qwen/Qwen2.5-0.5B,16,0.6666666666666666,mean,ja,ko,r1,256,512,aligned,ok,0.458984375
Qwen/Qwen2.5-0.5B,16,0.6666666666666666,mean,ja,ko,r1,256,512,delta,ok,-0.240234375
Qwen/Qwen2.5-0.5B,16,0.6666666666666666,mean,ja,ko,r5,256,512,raw,ok,0.7890625
Qwen/Qwen2.5-0.5B,16,0.6666666666666666,mean,ja,ko,r5,256,512,aligned,ok,0.560546875
Qwen/Qwen2.5-0.5B,16,0.6666666666666666,mean,ja,ko,r5,256,512,delta,ok,-0.228515625
Qwen/Qwen2.5-0.5B,16,0.6666666666666666,mean,ja,ko,r10,256,512,raw,ok,0.8203125
Qwen/Qwen2.5-0.5B,16,0.6666666666666666,mean,ja,ko,r10,256,512,aligned,ok,0.591796875
Qwen/Qwen2.5-0.5B,16,0.6666666666666666,mean,ja,ko,r10,256,512,delta,ok,-0.228515625
Qwen/Qwen2.5-0.5B,16,0.6666666666666666,mean,ja,ko,mrr,256,512,raw,ok,0.7408300342621104
Qwen/Qwen2.5-0.5B,16,0.6666666666666666,mean,ja,ko,mrr,256,512,aligned,ok,0.5078975223304765
Qwen/Qwen2.5-0.5B,16,0.6666666666666666,mean,ja,ko,mrr,256,512,delta,ok,-0.2329325119316339
Qwen/Qwen2.5-0.5B,16,0.6666666666666666,mean,ko,zh,r1,256,512,raw,ok,0.458984375
Qwen/Qwen2.5-0.5B,16,0.6666666666666666,mean,ko,zh,r1,256,512,aligned,ok,0.4375
Qwen/Qwen2.5-0.5B,16,0.6666666666666666,mean,ko,zh,r1,256,512,delta,ok,-0.021484375
Qwen/Qwen2.5-0.5B,16,0.6666666666666666,mean,ko,zh,r5,256,512,raw,ok,0.634765625
Qwen/Qwen2.5-0.5B,16,0.6666666666666666,mean,ko,zh,r5,256,512,aligned,ok,0.55078125
Qwen/Qwen2.5-0.5B,16,0.6666666666666666,mean,ko,zh,r5,256,512,delta,ok,-0.083984375
Qwen/Qwen2.5-0.5B,16,0.6666666666666666,mean,ko,zh,r10,256,512,raw,ok,0.701171875
Qwen/Qwen2.5-0.5B,16,0.6666666666666666,mean,ko,zh,r10,256,512,aligned,ok,0.58203125
Qwen/Qwen2.5-0.5B,16,0.6666666666666666,mean,ko,zh,r10,256,512,delta,ok,-0.119140625
Qwen/Qwen2.5-0.5B,16,0.6666666666666666,mean,ko,zh,mrr,256,512,raw,ok,0.542992624063233
Qwen/Qwen2.5-0.5B,16,0.6666666666666666,mean,ko,zh,mrr,256,512,aligned,ok,0.4897442590105308
Qwen/Qwen2.5-0.5B,16,0.6666666666666666,mean,ko,zh,mrr,256,512,delta,ok,-0.053248365052702196
Qwen/Qwen2.5-0.5B,16,0.6666666666666666,mean,zh,ko,r1,256,512,raw,ok,0.08203125
Qwen/Qwen2.5-0.5B,16,0.6666666666666666,mean,zh,ko,r1,256,512,aligned,ok,0.32421875
Qwen/Qwen2.5-0.5B,16,0.6666666666666666,mean,zh,ko,r1,256,512,delta,ok,0.2421875
Qwen/Qwen2.5-0.5B,16,0.6666666666666666,mean,zh,ko,r5,256,512,raw,ok,0.1640625
Qwen/Qwen2.5-0.5B,16,0.6666666666666666,mean,zh,ko,r5,256,512,aligned,ok,0.42578125
Qwen/Qwen2.5-0.5B,16,0.6666666666666666,mean,zh,ko,r5,256,512,delta,ok,0.26171875
Qwen/Qwen2.5-0.5B,16,0.6666666666666666,mean,zh,ko,r10,256,512,raw,ok,0.1796875
Qwen/Qwen2.5-0.5B,16,0.6666666666666666,mean,zh,ko,r10,256,512,aligned,ok,0.458984375
Qwen/Qwen2.5-0.5B,16,0.6666666666666666,mean,zh,ko,r10,256,512,delta,ok,0.279296875
Qwen/Qwen2.5-0.5B,16,0.6666666666666666,mean,zh,ko,mrr,256,512,raw,ok,0.12187181366681654
Qwen/Qwen2.5-0.5B,16,0.6666666666666666,mean,zh,ko,mrr,256,512,aligned,ok,0.37642697439936956
Qwen/Qwen2.5-0.5B,16,0.6666666666666666,mean,zh,ko,mrr,256,512,delta,ok,0.254555160732553
Qwen/Qwen2.5-0.5B,16,0.6666666666666666,mean,ja,zh,r1,256,512,raw,ok,0.685546875
Qwen/Qwen2.5-0.5B,16,0.6666666666666666,mean,ja,zh,r1,256,512,aligned,ok,0.47265625
Qwen/Qwen2.5-0.5B,16,0.6666666666666666,mean,ja,zh,r1,256,512,delta,ok,-0.212890625
Qwen/Qwen2.5-0.5B,16,0.6666666666666666,mean,ja,zh,r5,256,512,raw,ok,0.818359375
Qwen/Qwen2.5-0.5B,16,0.6666666666666666,mean,ja,zh,r5,256,512,aligned,ok,0.578125
Qwen/Qwen2.5-0.5B,16,0.6666666666666666,mean,ja,zh,r5,256,512,delta,ok,-0.240234375
Qwen/Qwen2.5-0.5B,16,0.6666666666666666,mean,ja,zh,r10,256,512,raw,ok,0.8671875
Qwen/Qwen2.5-0.5B,16,0.6666666666666666,mean,ja,zh,r10,256,512,aligned,ok,0.60546875
Qwen/Qwen2.5-0.5B,16,0.6666666666666666,mean,ja,zh,r10,256,512,delta,ok,-0.26171875
Qwen/Qwen2.5-0.5B,16,0.6666666666666666,mean,ja,zh,mrr,256,512,raw,ok,0.7499738293787364
Qwen/Qwen2.5-0.5B,16,0.6666666666666666,mean,ja,zh,mrr,256,512,aligned,ok,0.5242590429877205
Qwen/Qwen2.5-0.5B,16,0.6666666666666666,mean,ja,zh,mrr,256,512,delta,ok,-0.22571478639101583
Qwen/Qwen2.5-0.5B,16,0.6666666666666666,mean,zh,ja,r1,256,512,raw,ok,0.19921875
Qwen/Qwen2.5-0.5B,16,0.6666666666666666,mean,zh,ja,r1,256,512,aligned,ok,0.376953125
Qwen/Qwen2.5-0.5B,16,0.6666666666666666,mean,zh,ja,r1,256,512,delta,ok,0.177734375
Qwen/Qwen2.5-0.5B,16,0.6666666666666666,mean,zh,ja,r5,256,512,raw,ok,0.30078125
Qwen/Qwen2.5-0.5B,16,0.6666666666666666,mean,zh,ja,r5,256,512,aligned,ok,0.494140625
Qwen/Qwen2.5-0.5B,16,0.6666666666666666,mean,zh,ja,r5,256,512,delta,ok,0.193359375
Qwen/Qwen2.5-0.5B,16,0.6666666666666666,mean,zh,ja,r10,256,512,raw,ok,0.34375
Qwen/Qwen2.5-0.5B,16,0.6666666666666666,mean,zh,ja,r10,256,512,aligned,ok,0.544921875
Qwen/Qwen2.5-0.5B,16,0.6666666666666666,mean,zh,ja,r10,256,512,delta,ok,0.201171875
Qwen/Qwen2.5-0.5B,16,0.6666666666666666,mean,zh,ja,mrr,256,512,raw,ok,0.2517998975450978
Qwen/Qwen2.5-0.5B,16,0.6666666666666666,mean,zh,ja,mrr,256,512,aligned,ok,0.438769220384145
Qwen/Qwen2.5-0.5B,16,0.6666666666666666,mean,zh,ja,mrr,256,512,delta,ok,0.18696932283904721
Qwen/Qwen2.5-0.5B,17,0.7083333333333334,mean,en,ko,r1,256,512,raw,ok,0.04296875
Qwen/Qwen2.5-0.5B,17,0.7083333333333334,mean,en,ko,r1,256,512,aligned,ok,0.3828125
Qwen/Qwen2.5-0.5B,17,0.7083333333333334,mean,en,ko,r1,256,512,delta,ok,0.33984375
Qwen/Qwen2.5-0.5B,17,0.7083333333333334,mean,en,ko,r5,256,512,raw,ok,0.103515625
Qwen/Qwen2.5-0.5B,17,0.7083333333333334,mean,en,ko,r5,256,512,aligned,ok,0.478515625
Qwen/Qwen2.5-0.5B,17,0.7083333333333334,mean,en,ko,r5,256,512,delta,ok,0.375
Qwen/Qwen2.5-0.5B,17,0.7083333333333334,mean,en,ko,r10,256,512,raw,ok,0.119140625
Qwen/Qwen2.5-0.5B,17,0.7083333333333334,mean,en,ko,r10,256,512,aligned,ok,0.5234375
Qwen/Qwen2.5-0.5B,17,0.7083333333333334,mean,en,ko,r10,256,512,delta,ok,0.404296875
Qwen/Qwen2.5-0.5B,17,0.7083333333333334,mean,en,ko,mrr,256,512,raw,ok,0.07801542009282258
Qwen/Qwen2.5-0.5B,17,0.7083333333333334,mean,en,ko,mrr,256,512,aligned,ok,0.43253185839531083
Qwen/Qwen2.5-0.5B,17,0.7083333333333334,mean,en,ko,mrr,256,512,delta,ok,0.35451643830248825
Qwen/Qwen2.5-0.5B,17,0.7083333333333334,mean,ko,en,r1,256,512,raw,ok,0.740234375
Qwen/Qwen2.5-0.5B,17,0.7083333333333334,mean,ko,en,r1,256,512,aligned,ok,0.4375
Qwen/Qwen2.5-0.5B,17,0.7083333333333334,mean,ko,en,r1,256,512,delta,ok,-0.302734375
Qwen/Qwen2.5-0.5B,17,0.7083333333333334,mean,ko,en,r5,256,512,raw,ok,0.900390625
Qwen/Qwen2.5-0.5B,17,0.7083333333333334,mean,ko,en,r5,256,512,aligned,ok,0.552734375
Qwen/Qwen2.5-0.5B,17,0.7083333333333334,mean,ko,en,r5,256,512,delta,ok,-0.34765625
Qwen/Qwen2.5-0.5B,17,0.7083333333333334,mean,ko,en,r10,256,512,raw,ok,0.93359375
Qwen/Qwen2.5-0.5B,17,0.7083333333333334,mean,ko,en,r10,256,512,aligned,ok,0.607421875
Qwen/Qwen2.5-0.5B,17,0.7083333333333334,mean,ko,en,r10,256,512,delta,ok,-0.326171875
Qwen/Qwen2.5-0.5B,17,0.7083333333333334,mean,ko,en,mrr,256,512,raw,ok,0.8114988507563875
Qwen/Qwen2.5-0.5B,17,0.7083333333333334,mean,ko,en,mrr,256,512,aligned,ok,0.49757918031271614
Qwen/Qwen2.5-0.5B,17,0.7083333333333334,mean,ko,en,mrr,256,512,delta,ok,-0.31391967044367136
Qwen/Qwen2.5-0.5B,17,0.7083333333333334,mean,en,ja,r1,256,512,raw,ok,0.123046875
Qwen/Qwen2.5-0.5B,17,0.7083333333333334,mean,en,ja,r1,256,512,aligned,ok,0.392578125
Qwen/Qwen2.5-0.5B,17,0.7083333333333334,mean,en,ja,r1,256,512,delta,ok,0.26953125
Qwen/Qwen2.5-0.5B,17,0.7083333333333334,mean,en,ja,r5,256,512,raw,ok,0.2265625
Qwen/Qwen2.5-0.5B,17,0.7083333333333334,mean,en,ja,r5,256,512,aligned,ok,0.51953125
Qwen/Qwen2.5-0.5B,17,0.7083333333333334,mean,en,ja,r5,256,512,delta,ok,0.29296875
Qwen/Qwen2.5-0.5B,17,0.7083333333333334,mean,en,ja,r10,256,512,raw,ok,0.279296875
Qwen/Qwen2.5-0.5B,17,0.7083333333333334,mean,en,ja,r10,256,512,aligned,ok,0.552734375
Qwen/Qwen2.5-0.5B,17,0.7083333333333334,mean,en,ja,r10,256,512,delta,ok,0.2734375
Qwen/Qwen2.5-0.5B,17,0.7083333333333334,mean,en,ja,mrr,256,512,raw,ok,0.1775391309316561
Qwen/Qwen2.5-0.5B,17,0.7083333333333334,mean,en,ja,mrr,256,512,aligned,ok,0.4521061002547233
Qwen/Qwen2.5-0.5B,17,0.7083333333333334,mean,en,ja,mrr,256,512,delta,ok,0.27456696932306723
Qwen/Qwen2.5-0.5B,17,0.7083333333333334,mean,ja,en,r1,256,512,raw,ok,0.837890625
Qwen/Qwen2.5-0.5B,17,0.7083333333333334,mean,ja,en,r1,256,512,aligned,ok,0.470703125
Qwen/Qwen2.5-0.5B,17,0.7083333333333334,mean,ja,en,r1,256,512,delta,ok,-0.3671875
Qwen/Qwen2.5-0.5B,17,0.7083333333333334,mean,ja,en,r5,256,512,raw,ok,0.9453125
Qwen/Qwen2.5-0.5B,17,0.7083333333333334,mean,ja,en,r5,256,512,aligned,ok,0.572265625
Qwen/Qwen2.5-0.5B,17,0.7083333333333334,mean,ja,en,r5,256,512,delta,ok,-0.373046875
Qwen/Qwen2.5-0.5B,17,0.7083333333333334,mean,ja,en,r10,256,512,raw,ok,0.962890625
Qwen/Qwen2.5-0.5B,17,0.7083333333333334,mean,ja,en,r10,256,512,aligned,ok,0.6015625
Qwen/Qwen2.5-0.5B,17,0.7083333333333334,mean,ja,en,r10,256,512,delta,ok,-0.361328125
Qwen/Qwen2.5-0.5B,17,0.7083333333333334,mean,ja,en,mrr,256,512,raw,ok,0.8836091843179065
Qwen/Qwen2.5-0.5B,17,0.7083333333333334,mean,ja,en,mrr,256,512,aligned,ok,0.5202869054935555
Qwen/Qwen2.5-0.5B,17,0.7083333333333334,mean,ja,en,mrr,256,512,delta,ok,-0.363322278824351
Qwen/Qwen2.5-0.5B,17,0.7083333333333334,mean,en,zh,r1,256,512,raw,ok,0.828125
Qwen/Qwen2.5-0.5B,17,0.7083333333333334,mean,en,zh,r1,256,512,aligned,ok,0.552734375
Qwen/Qwen2.5-0.5B,17,0.7083333333333334,mean,en,zh,r1,256,512,delta,ok,-0.275390625
Qwen/Qwen2.5-0.5B,17,0.7083333333333334,mean,en,zh,r5,256,512,raw,ok,0.888671875
Qwen/Qwen2.5-0.5B,17,0.7083333333333334,mean,en,zh,r5,256,512,aligned,ok,0.640625
Qwen/Qwen2.5-0.5B,17,0.7083333333333334,mean,en,zh,r5,256,512,delta,ok,-0.248046875
Qwen/Qwen2.5-0.5B,17,0.7083333333333334,mean,en,zh,r10,256,512,raw,ok,0.91015625
Qwen/Qwen2.5-0.5B,17,0.7083333333333334,mean,en,zh,r10,256,512,aligned,ok,0.671875
Qwen/Qwen2.5-0.5B,17,0.7083333333333334,mean,en,zh,r10,256,512,delta,ok,-0.23828125
Qwen/Qwen2.5-0.5B,17,0.7083333333333334,mean,en,zh,mrr,256,512,raw,ok,0.8551052099819564
Qwen/Qwen2.5-0.5B,17,0.7083333333333334,mean,en,zh,mrr,256,512,aligned,ok,0.5964718722658984
Qwen/Qwen2.5-0.5B,17,0.7083333333333334,mean,en,zh,mrr,256,512,delta,ok,-0.258633337716058
Qwen/Qwen2.5-0.5B,17,0.7083333333333334,mean,zh,en,r1,256,512,raw,ok,0.81640625
Qwen/Qwen2.5-0.5B,17,0.7083333333333334,mean,zh,en,r1,256,512,aligned,ok,0.447265625
Qwen/Qwen2.5-0.5B,17,0.7083333333333334,mean,zh,en,r1,256,512,delta,ok,-0.369140625
Qwen/Qwen2.5-0.5B,17,0.7083333333333334,mean,zh,en,r5,256,512,raw,ok,0.90234375
Qwen/Qwen2.5-0.5B,17,0.7083333333333334,mean,zh,en,r5,256,512,aligned,ok,0.537109375
Qwen/Qwen2.5-0.5B,17,0.7083333333333334,mean,zh,en,r5,256,512,delta,ok,-0.365234375
Qwen/Qwen2.5-0.5B,17,0.7083333333333334,mean,zh,en,r10,256,512,raw,ok,0.916015625
Qwen/Qwen2.5-0.5B,17,0.7083333333333334,mean,zh,en,r10,256,512,aligned,ok,0.57421875
Qwen/Qwen2.5-0.5B,17,0.7083333333333334,mean,zh,en,r10,256,512,delta,ok,-0.341796875
Qwen/Qwen2.5-0.5B,17,0.7083333333333334,mean,zh,en,mrr,256,512,raw,ok,0.8536644975259131
Qwen/Qwen2.5-0.5B,17,0.7083333333333334,mean,zh,en,mrr,256,512,aligned,ok,0.4953928896179396
Qwen/Qwen2.5-0.5B,17,0.7083333333333334,mean,zh,en,mrr,256,512,delta,ok,-0.3582716079079735
Qwen/Qwen2.5-0.5B,17,0.7083333333333334,mean,ko,ja,r1,256,512,raw,ok,0.8515625
Qwen/Qwen2.5-0.5B,17,0.7083333333333334,mean,ko,ja,r1,256,512,aligned,ok,0.470703125
Qwen/Qwen2.5-0.5B,17,0.7083333333333334,mean,ko,ja,r1,256,512,delta,ok,-0.380859375
Qwen/Qwen2.5-0.5B,17,0.7083333333333334,mean,ko,ja,r5,256,512,raw,ok,0.919921875
Qwen/Qwen2.5-0.5B,17,0.7083333333333334,mean,ko,ja,r5,256,512,aligned,ok,0.572265625
Qwen/Qwen2.5-0.5B,17,0.7083333333333334,mean,ko,ja,r5,256,512,delta,ok,-0.34765625
Qwen/Qwen2.5-0.5B,17,0.7083333333333334,mean,ko,ja,r10,256,512,raw,ok,0.935546875
Qwen/Qwen2.5-0.5B,17,0.7083333333333334,mean,ko,ja,r10,256,512,aligned,ok,0.6171875
Qwen/Qwen2.5-0.5B,17,0.7083333333333334,mean,ko,ja,r10,256,512,delta,ok,-0.318359375
Qwen/Qwen2.5-0.5B,17,0.7083333333333334,mean,ko,ja,mrr,256,512,raw,ok,0.8843544157343798
Qwen/Qwen2.5-0.5B,17,0.7083333333333334,mean,ko,ja,mrr,256,512,aligned,ok,0.520028613951693
Qwen/Qwen2.5-0.5B,17,0.7083333333333334,mean,ko,ja,mrr,256,512,delta,ok,-0.3643258017826868
Qwen/Qwen2.5-0.5B,17,0.7083333333333334,mean,ja,ko,r1,256,512,raw,ok,0.69140625
Qwen/Qwen2.5-0.5B,17,0.7083333333333334,mean,ja,ko,r1,256,512,aligned,ok,0.439453125
Qwen/Qwen2.5-0.5B,17,0.7083333333333334,mean,ja,ko,r1,256,512,delta,ok,-0.251953125
Qwen/Qwen2.5-0.5B,17,0.7083333333333334,mean,ja,ko,r5,256,512,raw,ok,0.814453125
Qwen/Qwen2.5-0.5B,17,0.7083333333333334,mean,ja,ko,r5,256,512,aligned,ok,0.544921875
Qwen/Qwen2.5-0.5B,17,0.7083333333333334,mean,ja,ko,r5,256,512,delta,ok,-0.26953125
Qwen/Qwen2.5-0.5B,17,0.7083333333333334,mean,ja,ko,r10,256,512,raw,ok,0.837890625
Qwen/Qwen2.5-0.5B,17,0.7083333333333334,mean,ja,ko,r10,256,512,aligned,ok,0.580078125
Qwen/Qwen2.5-0.5B,17,0.7083333333333334,mean,ja,ko,r10,256,512,delta,ok,-0.2578125
Qwen/Qwen2.5-0.5B,17,0.7083333333333334,mean,ja,ko,mrr,256,512,raw,ok,0.7472139845640042
Qwen/Qwen2.5-0.5B,17,0.7083333333333334,mean,ja,ko,mrr,256,512,aligned,ok,0.49106557444884547
Qwen/Qwen2.5-0.5B,17,0.7083333333333334,mean,ja,ko,mrr,256,512,delta,ok,-0.25614841011515876
Qwen/Qwen2.5-0.5B,17,0.7083333333333334,mean,ko,zh,r1,256,512,raw,ok,0.64453125
Qwen/Qwen2.5-0.5B,17,0.7083333333333334,mean,ko,zh,r1,256,512,aligned,ok,0.43359375
Qwen/Qwen2.5-0.5B,17,0.7083333333333334,mean,ko,zh,r1,256,512,delta,ok,-0.2109375
Qwen/Qwen2.5-0.5B,17,0.7083333333333334,mean,ko,zh,r5,256,512,raw,ok,0.791015625
Qwen/Qwen2.5-0.5B,17,0.7083333333333334,mean,ko,zh,r5,256,512,aligned,ok,0.537109375
Qwen/Qwen2.5-0.5B,17,0.7083333333333334,mean,ko,zh,r5,256,512,delta,ok,-0.25390625
Qwen/Qwen2.5-0.5B,17,0.7083333333333334,mean,ko,zh,r10,256,512,raw,ok,0.84765625
Qwen/Qwen2.5-0.5B,17,0.7083333333333334,mean,ko,zh,r10,256,512,aligned,ok,0.5859375
Qwen/Qwen2.5-0.5B,17,0.7083333333333334,mean,ko,zh,r10,256,512,delta,ok,-0.26171875
Qwen/Qwen2.5-0.5B,17,0.7083333333333334,mean,ko,zh,mrr,256,512,raw,ok,0.7144217642456836
Qwen/Qwen2.5-0.5B,17,0.7083333333333334,mean,ko,zh,mrr,256,512,aligned,ok,0.48579927620933344
Qwen/Qwen2.5-0.5B,17,0.7083333333333334,mean,ko,zh,mrr,256,512,delta,ok,-0.22862248803635016
Qwen/Qwen2.5-0.5B,17,0.7083333333333334,mean,zh,ko,r1,256,512,raw,ok,0.095703125
Qwen/Qwen2.5-0.5B,17,0.7083333333333334,mean,zh,ko,r1,256,512,aligned,ok,0.298828125
Qwen/Qwen2.5-0.5B,17,0.7083333333333334,mean,zh,ko,r1,256,512,delta,ok,0.203125
Qwen/Qwen2.5-0.5B,17,0.7083333333333334,mean,zh,ko,r5,256,512,raw,ok,0.181640625
Qwen/Qwen2.5-0.5B,17,0.7083333333333334,mean,zh,ko,r5,256,512,aligned,ok,0.40234375
Qwen/Qwen2.5-0.5B,17,0.7083333333333334,mean,zh,ko,r5,256,512,delta,ok,0.220703125
Qwen/Qwen2.5-0.5B,17,0.7083333333333334,mean,zh,ko,r10,256,512,raw,ok,0.20703125
Qwen/Qwen2.5-0.5B,17,0.7083333333333334,mean,zh,ko,r10,256,512,aligned,ok,0.44921875
Qwen/Qwen2.5-0.5B,17,0.7083333333333334,mean,zh,ko,r10,256,512,delta,ok,0.2421875
Qwen/Qwen2.5-0.5B,17,0.7083333333333334,mean,zh,ko,mrr,256,512,raw,ok,0.1420380838088605
Qwen/Qwen2.5-0.5B,17,0.7083333333333334,mean,zh,ko,mrr,256,512,aligned,ok,0.3529342966296162
Qwen/Qwen2.5-0.5B,17,0.7083333333333334,mean,zh,ko,mrr,256,512,delta,ok,0.21089621282075569
Qwen/Qwen2.5-0.5B,17,0.7083333333333334,mean,ja,zh,r1,256,512,raw,ok,0.806640625
Qwen/Qwen2.5-0.5B,17,0.7083333333333334,mean,ja,zh,r1,256,512,aligned,ok,0.46484375
Qwen/Qwen2.5-0.5B,17,0.7083333333333334,mean,ja,zh,r1,256,512,delta,ok,-0.341796875
Qwen/Qwen2.5-0.5B,17,0.7083333333333334,mean,ja,zh,r5,256,512,raw,ok,0.904296875
Qwen/Qwen2.5-0.5B,17,0.7083333333333334,mean,ja,zh,r5,256,512,aligned,ok,0.591796875
Qwen/Qwen2.5-0.5B,17,0.7083333333333334,mean,ja,zh,r5,256,512,delta,ok,-0.3125
Qwen/Qwen2.5-0.5B,17,0.7083333333333334,mean,ja,zh,r10,256,512,raw,ok,0.931640625
Qwen/Qwen2.5-0.5B,17,0.7083333333333334,mean,ja,zh,r10,256,512,aligned,ok,0.61328125
Qwen/Qwen2.5-0.5B,17,0.7083333333333334,mean,ja,zh,r10,256,512,delta,ok,-0.318359375
Qwen/Qwen2.5-0.5B,17,0.7083333333333334,mean,ja,zh,mrr,256,512,raw,ok,0.8492758171862986
Qwen/Qwen2.5-0.5B,17,0.7083333333333334,mean,ja,zh,mrr,256,512,aligned,ok,0.524590183197019
Qwen/Qwen2.5-0.5B,17,0.7083333333333334,mean,ja,zh,mrr,256,512,delta,ok,-0.32468563398927963
Qwen/Qwen2.5-0.5B,17,0.7083333333333334,mean,zh,ja,r1,256,512,raw,ok,0.216796875
Qwen/Qwen2.5-0.5B,17,0.7083333333333334,mean,zh,ja,r1,256,512,aligned,ok,0.345703125
Qwen/Qwen2.5-0.5B,17,0.7083333333333334,mean,zh,ja,r1,256,512,delta,ok,0.12890625
Qwen/Qwen2.5-0.5B,17,0.7083333333333334,mean,zh,ja,r5,256,512,raw,ok,0.337890625
Qwen/Qwen2.5-0.5B,17,0.7083333333333334,mean,zh,ja,r5,256,512,aligned,ok,0.486328125
Qwen/Qwen2.5-0.5B,17,0.7083333333333334,mean,zh,ja,r5,256,512,delta,ok,0.1484375
Qwen/Qwen2.5-0.5B,17,0.7083333333333334,mean,zh,ja,r10,256,512,raw,ok,0.408203125
Qwen/Qwen2.5-0.5B,17,0.7083333333333334,mean,zh,ja,r10,256,512,aligned,ok,0.53515625
Qwen/Qwen2.5-0.5B,17,0.7083333333333334,mean,zh,ja,r10,256,512,delta,ok,0.126953125
Qwen/Qwen2.5-0.5B,17,0.7083333333333334,mean,zh,ja,mrr,256,512,raw,ok,0.2834311380366721
Qwen/Qwen2.5-0.5B,17,0.7083333333333334,mean,zh,ja,mrr,256,512,aligned,ok,0.4154590734876185
Qwen/Qwen2.5-0.5B,17,0.7083333333333334,mean,zh,ja,mrr,256,512,delta,ok,0.13202793545094643
Qwen/Qwen2.5-0.5B,18,0.75,mean,en,ko,r1,256,512,raw,ok,0.009765625
Qwen/Qwen2.5-0.5B,18,0.75,mean,en,ko,r1,256,512,aligned,ok,0.365234375
Qwen/Qwen2.5-0.5B,18,0.75,mean,en,ko,r1,256,512,delta,ok,0.35546875
Qwen/Qwen2.5-0.5B,18,0.75,mean,en,ko,r5,256,512,raw,ok,0.044921875
Qwen/Qwen2.5-0.5B,18,0.75,mean,en,ko,r5,256,512,aligned,ok,0.48828125
Qwen/Qwen2.5-0.5B,18,0.75,mean,en,ko,r5,256,512,delta,ok,0.443359375
Qwen/Qwen2.5-0.5B,18,0.75,mean,en,ko,r10,256,512,raw,ok,0.0625
Qwen/Qwen2.5-0.5B,18,0.75,mean,en,ko,r10,256,512,aligned,ok,0.537109375
Qwen/Qwen2.5-0.5B,18,0.75,mean,en,ko,r10,256,512,delta,ok,0.474609375
Qwen/Qwen2.5-0.5B,18,0.75,mean,en,ko,mrr,256,512,raw,ok,0.03470549008314387
Qwen/Qwen2.5-0.5B,18,0.75,mean,en,ko,mrr,256,512,aligned,ok,0.4236695747255743
Qwen/Qwen2.5-0.5B,18,0.75,mean,en,ko,mrr,256,512,delta,ok,0.38896408464243043
Qwen/Qwen2.5-0.5B,18,0.75,mean,ko,en,r1,256,512,raw,ok,0.64453125
Qwen/Qwen2.5-0.5B,18,0.75,mean,ko,en,r1,256,512,aligned,ok,0.416015625
Qwen/Qwen2.5-0.5B,18,0.75,mean,ko,en,r1,256,512,delta,ok,-0.228515625
Qwen/Qwen2.5-0.5B,18,0.75,mean,ko,en,r5,256,512,raw,ok,0.8203125
Qwen/Qwen2.5-0.5B,18,0.75,mean,ko,en,r5,256,512,aligned,ok,0.556640625
Qwen/Qwen2.5-0.5B,18,0.75,mean,ko,en,r5,256,512,delta,ok,-0.263671875
Qwen/Qwen2.5-0.5B,18,0.75,mean,ko,en,r10,256,512,raw,ok,0.8828125
Qwen/Qwen2.5-0.5B,18,0.75,mean,ko,en,r10,256,512,aligned,ok,0.603515625
Qwen/Qwen2.5-0.5B,18,0.75,mean,ko,en,r10,256,512,delta,ok,-0.279296875
Qwen/Qwen2.5-0.5B,18,0.75,mean,ko,en,mrr,256,512,raw,ok,0.7261048621130295
Qwen/Qwen2.5-0.5B,18,0.75,mean,ko,en,mrr,256,512,aligned,ok,0.4853618022191729
Qwen/Qwen2.5-0.5B,18,0.75,mean,ko,en,mrr,256,512,delta,ok,-0.24074305989385658
Qwen/Qwen2.5-0.5B,18,0.75,mean,en,ja,r1,256,512,raw,ok,0.017578125
Qwen/Qwen2.5-0.5B,18,0.75,mean,en,ja,r1,256,512,aligned,ok,0.36328125
Qwen/Qwen2.5-0.5B,18,0.75,mean,en,ja,r1,256,512,delta,ok,0.345703125
Qwen/Qwen2.5-0.5B,18,0.75,mean,en,ja,r5,256,512,raw,ok,0.080078125
Qwen/Qwen2.5-0.5B,18,0.75,mean,en,ja,r5,256,512,aligned,ok,0.505859375
Qwen/Qwen2.5-0.5B,18,0.75,mean,en,ja,r5,256,512,delta,ok,0.42578125
Qwen/Qwen2.5-0.5B,18,0.75,mean,en,ja,r10,256,512,raw,ok,0.09375
Qwen/Qwen2.5-0.5B,18,0.75,mean,en,ja,r10,256,512,aligned,ok,0.552734375
Qwen/Qwen2.5-0.5B,18,0.75,mean,en,ja,r10,256,512,delta,ok,0.458984375
Qwen/Qwen2.5-0.5B,18,0.75,mean,en,ja,mrr,256,512,raw,ok,0.05133757090251209
Qwen/Qwen2.5-0.5B,18,0.75,mean,en,ja,mrr,256,512,aligned,ok,0.4342476988368182
Qwen/Qwen2.5-0.5B,18,0.75,mean,en,ja,mrr,256,512,delta,ok,0.3829101279343061
Qwen/Qwen2.5-0.5B,18,0.75,mean,ja,en,r1,256,512,raw,ok,0.74609375
Qwen/Qwen2.5-0.5B,18,0.75,mean,ja,en,r1,256,512,aligned,ok,0.447265625
Qwen/Qwen2.5-0.5B,18,0.75,mean,ja,en,r1,256,512,delta,ok,-0.298828125
Qwen/Qwen2.5-0.5B,18,0.75,mean,ja,en,r5,256,512,raw,ok,0.890625
Qwen/Qwen2.5-0.5B,18,0.75,mean,ja,en,r5,256,512,aligned,ok,0.5703125
Qwen/Qwen2.5-0.5B,18,0.75,mean,ja,en,r5,256,512,delta,ok,-0.3203125
Qwen/Qwen2.5-0.5B,18,0.75,mean,ja,en,r10,256,512,raw,ok,0.927734375
Qwen/Qwen2.5-0.5B,18,0.75,mean,ja,en,r10,256,512,aligned,ok,0.591796875
Qwen/Qwen2.5-0.5B,18,0.75,mean,ja,en,r10,256,512,delta,ok,-0.3359375
Qwen/Qwen2.5-0.5B,18,0.75,mean,ja,en,mrr,256,512,raw,ok,0.8111542356207238
Qwen/Qwen2.5-0.5B,18,0.75,mean,ja,en,mrr,256,512,aligned,ok,0.5047997321424136
Qwen/Qwen2.5-0.5B,18,0.75,mean,ja,en,mrr,256,512,delta,ok,-0.30635450347831017
Qwen/Qwen2.5-0.5B,18,0.75,mean,en,zh,r1,256,512,raw,ok,0.72265625
Qwen/Qwen2.5-0.5B,18,0.75,mean,en,zh,r1,256,512,aligned,ok,0.560546875
Qwen/Qwen2.5-0.5B,18,0.75,mean,en,zh,r1,256,512,delta,ok,-0.162109375
Qwen/Qwen2.5-0.5B,18,0.75,mean,en,zh,r5,256,512,raw,ok,0.80078125
Qwen/Qwen2.5-0.5B,18,0.75,mean,en,zh,r5,256,512,aligned,ok,0.634765625
Qwen/Qwen2.5-0.5B,18,0.75,mean,en,zh,r5,256,512,delta,ok,-0.166015625
Qwen/Qwen2.5-0.5B,18,0.75,mean,en,zh,r10,256,512,raw,ok,0.833984375
Qwen/Qwen2.5-0.5B,18,0.75,mean,en,zh,r10,256,512,aligned,ok,0.666015625
Qwen/Qwen2.5-0.5B,18,0.75,mean,en,zh,r10,256,512,delta,ok,-0.16796875
Qwen/Qwen2.5-0.5B,18,0.75,mean,en,zh,mrr,256,512,raw,ok,0.7618803437452337
Qwen/Qwen2.5-0.5B,18,0.75,mean,en,zh,mrr,256,512,aligned,ok,0.5988112523546364
Qwen/Qwen2.5-0.5B,18,0.75,mean,en,zh,mrr,256,512,delta,ok,-0.16306909139059733
Qwen/Qwen2.5-0.5B,18,0.75,mean,zh,en,r1,256,512,raw,ok,0.7890625
Qwen/Qwen2.5-0.5B,18,0.75,mean,zh,en,r1,256,512,aligned,ok,0.423828125
Qwen/Qwen2.5-0.5B,18,0.75,mean,zh,en,r1,256,512,delta,ok,-0.365234375
Qwen/Qwen2.5-0.5B,18,0.75,mean,zh,en,r5,256,512,raw,ok,0.87109375
Qwen/Qwen2.5-0.5B,18,0.75,mean,zh,en,r5,256,512,aligned,ok,0.53125
Qwen/Qwen2.5-0.5B,18,0.75,mean,zh,en,r5,256,512,delta,ok,-0.33984375
Qwen/Qwen2.5-0.5B,18,0.75,mean,zh,en,r10,256,512,raw,ok,0.90234375
Qwen/Qwen2.5-0.5B,18,0.75,mean,zh,en,r10,256,512,aligned,ok,0.578125
Qwen/Qwen2.5-0.5B,18,0.75,mean,zh,en,r10,256,512,delta,ok,-0.32421875
Qwen/Qwen2.5-0.5B,18,0.75,mean,zh,en,mrr,256,512,raw,ok,0.8281836578652914
Qwen/Qwen2.5-0.5B,18,0.75,mean,zh,en,mrr,256,512,aligned,ok,0.4773601048931349
Qwen/Qwen2.5-0.5B,18,0.75,mean,zh,en,mrr,256,512,delta,ok,-0.35082355297215645
Qwen/Qwen2.5-0.5B,18,0.75,mean,ko,ja,r1,256,512,raw,ok,0.814453125
Qwen/Qwen2.5-0.5B,18,0.75,mean,ko,ja,r1,256,512,aligned,ok,0.462890625
Qwen/Qwen2.5-0.5B,18,0.75,mean,ko,ja,r1,256,512,delta,ok,-0.3515625
Qwen/Qwen2.5-0.5B,18,0.75,mean,ko,ja,r5,256,512,raw,ok,0.88671875
Qwen/Qwen2.5-0.5B,18,0.75,mean,ko,ja,r5,256,512,aligned,ok,0.57421875
Qwen/Qwen2.5-0.5B,18,0.75,mean,ko,ja,r5,256,512,delta,ok,-0.3125
Qwen/Qwen2.5-0.5B,18,0.75,mean,ko,ja,r10,256,512,raw,ok,0.908203125
Qwen/Qwen2.5-0.5B,18,0.75,mean,ko,ja,r10,256,512,aligned,ok,0.623046875
Qwen/Qwen2.5-0.5B,18,0.75,mean,ko,ja,r10,256,512,delta,ok,-0.28515625
Qwen/Qwen2.5-0.5B,18,0.75,mean,ko,ja,mrr,256,512,raw,ok,0.8481852216868854
Qwen/Qwen2.5-0.5B,18,0.75,mean,ko,ja,mrr,256,512,aligned,ok,0.52120773575821
Qwen/Qwen2.5-0.5B,18,0.75,mean,ko,ja,mrr,256,512,delta,ok,-0.32697748592867537
Qwen/Qwen2.5-0.5B,18,0.75,mean,ja,ko,r1,256,512,raw,ok,0.65234375
Qwen/Qwen2.5-0.5B,18,0.75,mean,ja,ko,r1,256,512,aligned,ok,0.419921875
Qwen/Qwen2.5-0.5B,18,0.75,mean,ja,ko,r1,256,512,delta,ok,-0.232421875
Qwen/Qwen2.5-0.5B,18,0.75,mean,ja,ko,r5,256,512,raw,ok,0.767578125
Qwen/Qwen2.5-0.5B,18,0.75,mean,ja,ko,r5,256,512,aligned,ok,0.548828125
Qwen/Qwen2.5-0.5B,18,0.75,mean,ja,ko,r5,256,512,delta,ok,-0.21875
Qwen/Qwen2.5-0.5B,18,0.75,mean,ja,ko,r10,256,512,raw,ok,0.798828125
Qwen/Qwen2.5-0.5B,18,0.75,mean,ja,ko,r10,256,512,aligned,ok,0.591796875
Qwen/Qwen2.5-0.5B,18,0.75,mean,ja,ko,r10,256,512,delta,ok,-0.20703125
Qwen/Qwen2.5-0.5B,18,0.75,mean,ja,ko,mrr,256,512,raw,ok,0.708910459793495
Qwen/Qwen2.5-0.5B,18,0.75,mean,ja,ko,mrr,256,512,aligned,ok,0.48203177185208634
Qwen/Qwen2.5-0.5B,18,0.75,mean,ja,ko,mrr,256,512,delta,ok,-0.22687868794140864
Qwen/Qwen2.5-0.5B,18,0.75,mean,ko,zh,r1,256,512,raw,ok,0.5546875
Qwen/Qwen2.5-0.5B,18,0.75,mean,ko,zh,r1,256,512,aligned,ok,0.4296875
Qwen/Qwen2.5-0.5B,18,0.75,mean,ko,zh,r1,256,512,delta,ok,-0.125
Qwen/Qwen2.5-0.5B,18,0.75,mean,ko,zh,r5,256,512,raw,ok,0.74609375
Qwen/Qwen2.5-0.5B,18,0.75,mean,ko,zh,r5,256,512,aligned,ok,0.533203125
Qwen/Qwen2.5-0.5B,18,0.75,mean,ko,zh,r5,256,512,delta,ok,-0.212890625
Qwen/Qwen2.5-0.5B,18,0.75,mean,ko,zh,r10,256,512,raw,ok,0.81640625
Qwen/Qwen2.5-0.5B,18,0.75,mean,ko,zh,r10,256,512,aligned,ok,0.5703125
Qwen/Qwen2.5-0.5B,18,0.75,mean,ko,zh,r10,256,512,delta,ok,-0.24609375
Qwen/Qwen2.5-0.5B,18,0.75,mean,ko,zh,mrr,256,512,raw,ok,0.6464713930995172
Qwen/Qwen2.5-0.5B,18,0.75,mean,ko,zh,mrr,256,512,aligned,ok,0.4823737181027914
Qwen/Qwen2.5-0.5B,18,0.75,mean,ko,zh,mrr,256,512,delta,ok,-0.16409767499672578
Qwen/Qwen2.5-0.5B,18,0.75,mean,zh,ko,r1,256,512,raw,ok,0.041015625
Qwen/Qwen2.5-0.5B,18,0.75,mean,zh,ko,r1,256,512,aligned,ok,0.294921875
Qwen/Qwen2.5-0.5B,18,0.75,mean,zh,ko,r1,256,512,delta,ok,0.25390625
Qwen/Qwen2.5-0.5B,18,0.75,mean,zh,ko,r5,256,512,raw,ok,0.08984375
Qwen/Qwen2.5-0.5B,18,0.75,mean,zh,ko,r5,256,512,aligned,ok,0.404296875
Qwen/Qwen2.5-0.5B,18,0.75,mean,zh,ko,r5,256,512,delta,ok,0.314453125
Qwen/Qwen2.5-0.5B,18,0.75,mean,zh,ko,r10,256,512,raw,ok,0.125
Qwen/Qwen2.5-0.5B,18,0.75,mean,zh,ko,r10,256,512,aligned,ok,0.451171875
Qwen/Qwen2.5-0.5B,18,0.75,mean,zh,ko,r10,256,512,delta,ok,0.326171875
Qwen/Qwen2.5-0.5B,18,0.75,mean,zh,ko,mrr,256,512,raw,ok,0.07451879596981015
Qwen/Qwen2.5-0.5B,18,0.75,mean,zh,ko,mrr,256,512,aligned,ok,0.3507367140391895
Qwen/Qwen2.5-0.5B,18,0.75,mean,zh,ko,mrr,256,512,delta,ok,0.27621791806937934
Qwen/Qwen2.5-0.5B,18,0.75,mean,ja,zh,r1,256,512,raw,ok,0.70703125
Qwen/Qwen2.5-0.5B,18,0.75,mean,ja,zh,r1,256,512,aligned,ok,0.447265625
Qwen/Qwen2.5-0.5B,18,0.75,mean,ja,zh,r1,256,512,delta,ok,-0.259765625
Qwen/Qwen2.5-0.5B,18,0.75,mean,ja,zh,r5,256,512,raw,ok,0.857421875
Qwen/Qwen2.5-0.5B,18,0.75,mean,ja,zh,r5,256,512,aligned,ok,0.583984375
Qwen/Qwen2.5-0.5B,18,0.75,mean,ja,zh,r5,256,512,delta,ok,-0.2734375
Qwen/Qwen2.5-0.5B,18,0.75,mean,ja,zh,r10,256,512,raw,ok,0.90234375
Qwen/Qwen2.5-0.5B,18,0.75,mean,ja,zh,r10,256,512,aligned,ok,0.619140625
Qwen/Qwen2.5-0.5B,18,0.75,mean,ja,zh,r10,256,512,delta,ok,-0.283203125
Qwen/Qwen2.5-0.5B,18,0.75,mean,ja,zh,mrr,256,512,raw,ok,0.7737682237539161
Qwen/Qwen2.5-0.5B,18,0.75,mean,ja,zh,mrr,256,512,aligned,ok,0.50920979167746
Qwen/Qwen2.5-0.5B,18,0.75,mean,ja,zh,mrr,256,512,delta,ok,-0.264558432076456
Qwen/Qwen2.5-0.5B,18,0.75,mean,zh,ja,r1,256,512,raw,ok,0.0625
Qwen/Qwen2.5-0.5B,18,0.75,mean,zh,ja,r1,256,512,aligned,ok,0.33203125
Qwen/Qwen2.5-0.5B,18,0.75,mean,zh,ja,r1,256,512,delta,ok,0.26953125
Qwen/Qwen2.5-0.5B,18,0.75,mean,zh,ja,r5,256,512,raw,ok,0.138671875
Qwen/Qwen2.5-0.5B,18,0.75,mean,zh,ja,r5,256,512,aligned,ok,0.4921875
Qwen/Qwen2.5-0.5B,18,0.75,mean,zh,ja,r5,256,512,delta,ok,0.353515625
Qwen/Qwen2.5-0.5B,18,0.75,mean,zh,ja,r10,256,512,raw,ok,0.171875
Qwen/Qwen2.5-0.5B,18,0.75,mean,zh,ja,r10,256,512,aligned,ok,0.541015625
Qwen/Qwen2.5-0.5B,18,0.75,mean,zh,ja,r10,256,512,delta,ok,0.369140625
Qwen/Qwen2.5-0.5B,18,0.75,mean,zh,ja,mrr,256,512,raw,ok,0.10479030823828438
Qwen/Qwen2.5-0.5B,18,0.75,mean,zh,ja,mrr,256,512,aligned,ok,0.4073932892427728
Qwen/Qwen2.5-0.5B,18,0.75,mean,zh,ja,mrr,256,512,delta,ok,0.3026029810044884
Qwen/Qwen2.5-0.5B,19,0.7916666666666666,mean,en,ko,r1,256,512,raw,ok,0.005859375
Qwen/Qwen2.5-0.5B,19,0.7916666666666666,mean,en,ko,r1,256,512,aligned,ok,0.373046875
Qwen/Qwen2.5-0.5B,19,0.7916666666666666,mean,en,ko,r1,256,512,delta,ok,0.3671875
Qwen/Qwen2.5-0.5B,19,0.7916666666666666,mean,en,ko,r5,256,512,raw,ok,0.041015625
Qwen/Qwen2.5-0.5B,19,0.7916666666666666,mean,en,ko,r5,256,512,aligned,ok,0.484375
Qwen/Qwen2.5-0.5B,19,0.7916666666666666,mean,en,ko,r5,256,512,delta,ok,0.443359375
Qwen/Qwen2.5-0.5B,19,0.7916666666666666,mean,en,ko,r10,256,512,raw,ok,0.056640625
Qwen/Qwen2.5-0.5B,19,0.7916666666666666,mean,en,ko,r10,256,512,aligned,ok,0.537109375
Qwen/Qwen2.5-0.5B,19,0.7916666666666666,mean,en,ko,r10,256,512,delta,ok,0.48046875
Qwen/Qwen2.5-0.5B,19,0.7916666666666666,mean,en,ko,mrr,256,512,raw,ok,0.030761666994421913
Qwen/Qwen2.5-0.5B,19,0.7916666666666666,mean,en,ko,mrr,256,512,aligned,ok,0.4300590310274785
Qwen/Qwen2.5-0.5B,19,0.7916666666666666,mean,en,ko,mrr,256,512,delta,ok,0.3992973640330566
Qwen/Qwen2.5-0.5B,19,0.7916666666666666,mean,ko,en,r1,256,512,raw,ok,0.6953125
Qwen/Qwen2.5-0.5B,19,0.7916666666666666,mean,ko,en,r1,256,512,aligned,ok,0.421875
Qwen/Qwen2.5-0.5B,19,0.7916666666666666,mean,ko,en,r1,256,512,delta,ok,-0.2734375
Qwen/Qwen2.5-0.5B,19,0.7916666666666666,mean,ko,en,r5,256,512,raw,ok,0.869140625
Qwen/Qwen2.5-0.5B,19,0.7916666666666666,mean,ko,en,r5,256,512,aligned,ok,0.587890625
Qwen/Qwen2.5-0.5B,19,0.7916666666666666,mean,ko,en,r5,256,512,delta,ok,-0.28125
Qwen/Qwen2.5-0.5B,19,0.7916666666666666,mean,ko,en,r10,256,512,raw,ok,0.908203125
Qwen/Qwen2.5-0.5B,19,0.7916666666666666,mean,ko,en,r10,256,512,aligned,ok,0.626953125
Qwen/Qwen2.5-0.5B,19,0.7916666666666666,mean,ko,en,r10,256,512,delta,ok,-0.28125
Qwen/Qwen2.5-0.5B,19,0.7916666666666666,mean,ko,en,mrr,256,512,raw,ok,0.7696814540820489
Qwen/Qwen2.5-0.5B,19,0.7916666666666666,mean,ko,en,mrr,256,512,aligned,ok,0.4987152279174538
Qwen/Qwen2.5-0.5B,19,0.7916666666666666,mean,ko,en,mrr,256,512,delta,ok,-0.2709662261645951
Qwen/Qwen2.5-0.5B,19,0.7916666666666666,mean,en,ja,r1,256,512,raw,ok,0.0234375
Qwen/Qwen2.5-0.5B,19,0.7916666666666666,mean,en,ja,r1,256,512,aligned,ok,0.359375
Qwen/Qwen2.5-0.5B,19,0.7916666666666666,mean,en,ja,r1,256,512,delta,ok,0.3359375
Qwen/Qwen2.5-0.5B,19,0.7916666666666666,mean,en,ja,r5,256,512,raw,ok,0.08203125
Qwen/Qwen2.5-0.5B,19,0.7916666666666666,mean,en,ja,r5,256,512,aligned,ok,0.51171875
Qwen/Qwen2.5-0.5B,19,0.7916666666666666,mean,en,ja,r5,256,512,delta,ok,0.4296875
Qwen/Qwen2.5-0.5B,19,0.7916666666666666,mean,en,ja,r10,256,512,raw,ok,0.1015625
Qwen/Qwen2.5-0.5B,19,0.7916666666666666,mean,en,ja,r10,256,512,aligned,ok,0.564453125
Qwen/Qwen2.5-0.5B,19,0.7916666666666666,mean,en,ja,r10,256,512,delta,ok,0.462890625
Qwen/Qwen2.5-0.5B,19,0.7916666666666666,mean,en,ja,mrr,256,512,raw,ok,0.054688857173297654
Qwen/Qwen2.5-0.5B,19,0.7916666666666666,mean,en,ja,mrr,256,512,aligned,ok,0.4369916013797071
Qwen/Qwen2.5-0.5B,19,0.7916666666666666,mean,en,ja,mrr,256,512,delta,ok,0.3823027442064095
Qwen/Qwen2.5-0.5B,19,0.7916666666666666,mean,ja,en,r1,256,512,raw,ok,0.73046875
Qwen/Qwen2.5-0.5B,19,0.7916666666666666,mean,ja,en,r1,256,512,aligned,ok,0.46875
Qwen/Qwen2.5-0.5B,19,0.7916666666666666,mean,ja,en,r1,256,512,delta,ok,-0.26171875
Qwen/Qwen2.5-0.5B,19,0.7916666666666666,mean,ja,en,r5,256,512,raw,ok,0.884765625
Qwen/Qwen2.5-0.5B,19,0.7916666666666666,mean,ja,en,r5,256,512,aligned,ok,0.576171875
Qwen/Qwen2.5-0.5B,19,0.7916666666666666,mean,ja,en,r5,256,512,delta,ok,-0.30859375
Qwen/Qwen2.5-0.5B,19,0.7916666666666666,mean,ja,en,r10,256,512,raw,ok,0.927734375
Qwen/Qwen2.5-0.5B,19,0.7916666666666666,mean,ja,en,r10,256,512,aligned,ok,0.603515625
Qwen/Qwen2.5-0.5B,19,0.7916666666666666,mean,ja,en,r10,256,512,delta,ok,-0.32421875
Qwen/Qwen2.5-0.5B,19,0.7916666666666666,mean,ja,en,mrr,256,512,raw,ok,0.8009369741693827
Qwen/Qwen2.5-0.5B,19,0.7916666666666666,mean,ja,en,mrr,256,512,aligned,ok,0.5201265901433427
Qwen/Qwen2.5-0.5B,19,0.7916666666666666,mean,ja,en,mrr,256,512,delta,ok,-0.28081038402603997
Qwen/Qwen2.5-0.5B,19,0.7916666666666666,mean,en,zh,r1,256,512,raw,ok,0.73828125
Qwen/Qwen2.5-0.5B,19,0.7916666666666666,mean,en,zh,r1,256,512,aligned,ok,0.5546875
Qwen/Qwen2.5-0.5B,19,0.7916666666666666,mean,en,zh,r1,256,512,delta,ok,-0.18359375
Qwen/Qwen2.5-0.5B,19,0.7916666666666666,mean,en,zh,r5,256,512,raw,ok,0.806640625
Qwen/Qwen2.5-0.5B,19,0.7916666666666666,mean,en,zh,r5,256,512,aligned,ok,0.642578125
Qwen/Qwen2.5-0.5B,19,0.7916666666666666,mean,en,zh,r5,256,512,delta,ok,-0.1640625
Qwen/Qwen2.5-0.5B,19,0.7916666666666666,mean,en,zh,r10,256,512,raw,ok,0.837890625
Qwen/Qwen2.5-0.5B,19,0.7916666666666666,mean,en,zh,r10,256,512,aligned,ok,0.67578125
Qwen/Qwen2.5-0.5B,19,0.7916666666666666,mean,en,zh,r10,256,512,delta,ok,-0.162109375
Qwen/Qwen2.5-0.5B,19,0.7916666666666666,mean,en,zh,mrr,256,512,raw,ok,0.77309611296378
Qwen/Qwen2.5-0.5B,19,0.7916666666666666,mean,en,zh,mrr,256,512,aligned,ok,0.5996888089546955
Qwen/Qwen2.5-0.5B,19,0.7916666666666666,mean,en,zh,mrr,256,512,delta,ok,-0.17340730400908455
Qwen/Qwen2.5-0.5B,19,0.7916666666666666,mean,zh,en,r1,256,512,raw,ok,0.82421875
Qwen/Qwen2.5-0.5B,19,0.7916666666666666,mean,zh,en,r1,256,512,aligned,ok,0.44140625
Qwen/Qwen2.5-0.5B,19,0.7916666666666666,mean,zh,en,r1,256,512,delta,ok,-0.3828125
Qwen/Qwen2.5-0.5B,19,0.7916666666666666,mean,zh,en,r5,256,512,raw,ok,0.904296875
Qwen/Qwen2.5-0.5B,19,0.7916666666666666,mean,zh,en,r5,256,512,aligned,ok,0.556640625
Qwen/Qwen2.5-0.5B,19,0.7916666666666666,mean,zh,en,r5,256,512,delta,ok,-0.34765625
Qwen/Qwen2.5-0.5B,19,0.7916666666666666,mean,zh,en,r10,256,512,raw,ok,0.9140625
Qwen/Qwen2.5-0.5B,19,0.7916666666666666,mean,zh,en,r10,256,512,aligned,ok,0.59765625
Qwen/Qwen2.5-0.5B,19,0.7916666666666666,mean,zh,en,r10,256,512,delta,ok,-0.31640625
Qwen/Qwen2.5-0.5B,19,0.7916666666666666,mean,zh,en,mrr,256,512,raw,ok,0.8597292418848268
Qwen/Qwen2.5-0.5B,19,0.7916666666666666,mean,zh,en,mrr,256,512,aligned,ok,0.49863355527961073
Qwen/Qwen2.5-0.5B,19,0.7916666666666666,mean,zh,en,mrr,256,512,delta,ok,-0.36109568660521607
Qwen/Qwen2.5-0.5B,19,0.7916666666666666,mean,ko,ja,r1,256,512,raw,ok,0.73046875
Qwen/Qwen2.5-0.5B,19,0.7916666666666666,mean,ko,ja,r1,256,512,aligned,ok,0.494140625
Qwen/Qwen2.5-0.5B,19,0.7916666666666666,mean,ko,ja,r1,256,512,delta,ok,-0.236328125
Qwen/Qwen2.5-0.5B,19,0.7916666666666666,mean,ko,ja,r5,256,512,raw,ok,0.849609375
Qwen/Qwen2.5-0.5B,19,0.7916666666666666,mean,ko,ja,r5,256,512,aligned,ok,0.595703125
Qwen/Qwen2.5-0.5B,19,0.7916666666666666,mean,ko,ja,r5,256,512,delta,ok,-0.25390625
Qwen/Qwen2.5-0.5B,19,0.7916666666666666,mean,ko,ja,r10,256,512,raw,ok,0.8671875
Qwen/Qwen2.5-0.5B,19,0.7916666666666666,mean,ko,ja,r10,256,512,aligned,ok,0.634765625
Qwen/Qwen2.5-0.5B,19,0.7916666666666666,mean,ko,ja,r10,256,512,delta,ok,-0.232421875
Qwen/Qwen2.5-0.5B,19,0.7916666666666666,mean,ko,ja,mrr,256,512,raw,ok,0.7820174454998647
Qwen/Qwen2.5-0.5B,19,0.7916666666666666,mean,ko,ja,mrr,256,512,aligned,ok,0.5474756132763499
Qwen/Qwen2.5-0.5B,19,0.7916666666666666,mean,ko,ja,mrr,256,512,delta,ok,-0.23454183222351488
Qwen/Qwen2.5-0.5B,19,0.7916666666666666,mean,ja,ko,r1,256,512,raw,ok,0.53125
Qwen/Qwen2.5-0.5B,19,0.7916666666666666,mean,ja,ko,r1,256,512,aligned,ok,0.439453125
Qwen/Qwen2.5-0.5B,19,0.7916666666666666,mean,ja,ko,r1,256,512,delta,ok,-0.091796875
Qwen/Qwen2.5-0.5B,19,0.7916666666666666,mean,ja,ko,r5,256,512,raw,ok,0.701171875
Qwen/Qwen2.5-0.5B,19,0.7916666666666666,mean,ja,ko,r5,256,512,aligned,ok,0.56640625
Qwen/Qwen2.5-0.5B,19,0.7916666666666666,mean,ja,ko,r5,256,512,delta,ok,-0.134765625
Qwen/Qwen2.5-0.5B,19,0.7916666666666666,mean,ja,ko,r10,256,512,raw,ok,0.74609375
Qwen/Qwen2.5-0.5B,19,0.7916666666666666,mean,ja,ko,r10,256,512,aligned,ok,0.6171875
Qwen/Qwen2.5-0.5B,19,0.7916666666666666,mean,ja,ko,r10,256,512,delta,ok,-0.12890625
Qwen/Qwen2.5-0.5B,19,0.7916666666666666,mean,ja,ko,mrr,256,512,raw,ok,0.6142916398384912
Qwen/Qwen2.5-0.5B,19,0.7916666666666666,mean,ja,ko,mrr,256,512,aligned,ok,0.5024542956817815
Qwen/Qwen2.5-0.5B,19,0.7916666666666666,mean,ja,ko,mrr,256,512,delta,ok,-0.11183734415670976
Qwen/Qwen2.5-0.5B,19,0.7916666666666666,mean,ko,zh,r1,256,512,raw,ok,0.669921875
Qwen/Qwen2.5-0.5B,19,0.7916666666666666,mean,ko,zh,r1,256,512,aligned,ok,0.427734375
Qwen/Qwen2.5-0.5B,19,0.7916666666666666,mean,ko,zh,r1,256,512,delta,ok,-0.2421875
Qwen/Qwen2.5-0.5B,19,0.7916666666666666,mean,ko,zh,r5,256,512,raw,ok,0.8515625
Qwen/Qwen2.5-0.5B,19,0.7916666666666666,mean,ko,zh,r5,256,512,aligned,ok,0.552734375
Qwen/Qwen2.5-0.5B,19,0.7916666666666666,mean,ko,zh,r5,256,512,delta,ok,-0.298828125
Qwen/Qwen2.5-0.5B,19,0.7916666666666666,mean,ko,zh,r10,256,512,raw,ok,0.8828125
Qwen/Qwen2.5-0.5B,19,0.7916666666666666,mean,ko,zh,r10,256,512,aligned,ok,0.60546875
Qwen/Qwen2.5-0.5B,19,0.7916666666666666,mean,ko,zh,r10,256,512,delta,ok,-0.27734375
Qwen/Qwen2.5-0.5B,19,0.7916666666666666,mean,ko,zh,mrr,256,512,raw,ok,0.7498118813956238
Qwen/Qwen2.5-0.5B,19,0.7916666666666666,mean,ko,zh,mrr,256,512,aligned,ok,0.49200670563850846
Qwen/Qwen2.5-0.5B,19,0.7916666666666666,mean,ko,zh,mrr,256,512,delta,ok,-0.25780517575711537
Qwen/Qwen2.5-0.5B,19,0.7916666666666666,mean,zh,ko,r1,256,512,raw,ok,0.03125
Qwen/Qwen2.5-0.5B,19,0.7916666666666666,mean,zh,ko,r1,256,512,aligned,ok,0.30078125
Qwen/Qwen2.5-0.5B,19,0.7916666666666666,mean,zh,ko,r1,256,512,delta,ok,0.26953125
Qwen/Qwen2.5-0.5B,19,0.7916666666666666,mean,zh,ko,r5,256,512,raw,ok,0.07421875
Qwen/Qwen2.5-0.5B,19,0.7916666666666666,mean,zh,ko,r5,256,512,aligned,ok,0.419921875
Qwen/Qwen2.5-0.5B,19,0.7916666666666666,mean,zh,ko,r5,256,512,delta,ok,0.345703125
Qwen/Qwen2.5-0.5B,19,0.7916666666666666,mean,zh,ko,r10,256,512,raw,ok,0.103515625
Qwen/Qwen2.5-0.5B,19,0.7916666666666666,mean,zh,ko,r10,256,512,aligned,ok,0.458984375
Qwen/Qwen2.5-0.5B,19,0.7916666666666666,mean,zh,ko,r10,256,512,delta,ok,0.35546875
Qwen/Qwen2.5-0.5B,19,0.7916666666666666,mean,zh,ko,mrr,256,512,raw,ok,0.06184509733702845
Qwen/Qwen2.5-0.5B,19,0.7916666666666666,mean,zh,ko,mrr,256,512,aligned,ok,0.36182936474260946
Qwen/Qwen2.5-0.5B,19,0.7916666666666666,mean,zh,ko,mrr,256,512,delta,ok,0.29998426740558104
Qwen/Qwen2.5-0.5B,19,0.7916666666666666,mean,ja,zh,r1,256,512,raw,ok,0.744140625
Qwen/Qwen2.5-0.5B,19,0.7916666666666666,mean,ja,zh,r1,256,512,aligned,ok,0.46484375
Qwen/Qwen2.5-0.5B,19,0.7916666666666666,mean,ja,zh,r1,256,512,delta,ok,-0.279296875
Qwen/Qwen2.5-0.5B,19,0.7916666666666666,mean,ja,zh,r5,256,512,raw,ok,0.875
Qwen/Qwen2.5-0.5B,19,0.7916666666666666,mean,ja,zh,r5,256,512,aligned,ok,0.607421875
Qwen/Qwen2.5-0.5B,19,0.7916666666666666,mean,ja,zh,r5,256,512,delta,ok,-0.267578125
Qwen/Qwen2.5-0.5B,19,0.7916666666666666,mean,ja,zh,r10,256,512,raw,ok,0.91796875
Qwen/Qwen2.5-0.5B,19,0.7916666666666666,mean,ja,zh,r10,256,512,aligned,ok,0.640625
Qwen/Qwen2.5-0.5B,19,0.7916666666666666,mean,ja,zh,r10,256,512,delta,ok,-0.27734375
Qwen/Qwen2.5-0.5B,19,0.7916666666666666,mean,ja,zh,mrr,256,512,raw,ok,0.8065863608978658
Qwen/Qwen2.5-0.5B,19,0.7916666666666666,mean,ja,zh,mrr,256,512,aligned,ok,0.5272488077057238
Qwen/Qwen2.5-0.5B,19,0.7916666666666666,mean,ja,zh,mrr,256,512,delta,ok,-0.27933755319214204
Qwen/Qwen2.5-0.5B,19,0.7916666666666666,mean,zh,ja,r1,256,512,raw,ok,0.0625
Qwen/Qwen2.5-0.5B,19,0.7916666666666666,mean,zh,ja,r1,256,512,aligned,ok,0.35546875
Qwen/Qwen2.5-0.5B,19,0.7916666666666666,mean,zh,ja,r1,256,512,delta,ok,0.29296875
Qwen/Qwen2.5-0.5B,19,0.7916666666666666,mean,zh,ja,r5,256,512,raw,ok,0.142578125
Qwen/Qwen2.5-0.5B,19,0.7916666666666666,mean,zh,ja,r5,256,512,aligned,ok,0.501953125
Qwen/Qwen2.5-0.5B,19,0.7916666666666666,mean,zh,ja,r5,256,512,delta,ok,0.359375
Qwen/Qwen2.5-0.5B,19,0.7916666666666666,mean,zh,ja,r10,256,512,raw,ok,0.17578125
Qwen/Qwen2.5-0.5B,19,0.7916666666666666,mean,zh,ja,r10,256,512,aligned,ok,0.55078125
Qwen/Qwen2.5-0.5B,19,0.7916666666666666,mean,zh,ja,r10,256,512,delta,ok,0.375
Qwen/Qwen2.5-0.5B,19,0.7916666666666666,mean,zh,ja,mrr,256,512,raw,ok,0.10694419792080702
Qwen/Qwen2.5-0.5B,19,0.7916666666666666,mean,zh,ja,mrr,256,512,aligned,ok,0.4260762980656422
Qwen/Qwen2.5-0.5B,19,0.7916666666666666,mean,zh,ja,mrr,256,512,delta,ok,0.3191321001448352
Qwen/Qwen2.5-0.5B,20,0.8333333333333334,mean,en,ko,r1,256,512,raw,ok,0.005859375
Qwen/Qwen2.5-0.5B,20,0.8333333333333334,mean,en,ko,r1,256,512,aligned,ok,0.40234375
Qwen/Qwen2.5-0.5B,20,0.8333333333333334,mean,en,ko,r1,256,512,delta,ok,0.396484375
Qwen/Qwen2.5-0.5B,20,0.8333333333333334,mean,en,ko,r5,256,512,raw,ok,0.033203125
Qwen/Qwen2.5-0.5B,20,0.8333333333333334,mean,en,ko,r5,256,512,aligned,ok,0.541015625
Qwen/Qwen2.5-0.5B,20,0.8333333333333334,mean,en,ko,r5,256,512,delta,ok,0.5078125
Qwen/Qwen2.5-0.5B,20,0.8333333333333334,mean,en,ko,r10,256,512,raw,ok,0.05078125
Qwen/Qwen2.5-0.5B,20,0.8333333333333334,mean,en,ko,r10,256,512,aligned,ok,0.60546875
Qwen/Qwen2.5-0.5B,20,0.8333333333333334,mean,en,ko,r10,256,512,delta,ok,0.5546875
Qwen/Qwen2.5-0.5B,20,0.8333333333333334,mean,en,ko,mrr,256,512,raw,ok,0.02743321356654098
Qwen/Qwen2.5-0.5B,20,0.8333333333333334,mean,en,ko,mrr,256,512,aligned,ok,0.46524668207026626
Qwen/Qwen2.5-0.5B,20,0.8333333333333334,mean,en,ko,mrr,256,512,delta,ok,0.43781346850372527
Qwen/Qwen2.5-0.5B,20,0.8333333333333334,mean,ko,en,r1,256,512,raw,ok,0.619140625
Qwen/Qwen2.5-0.5B,20,0.8333333333333334,mean,ko,en,r1,256,512,aligned,ok,0.4765625
Qwen/Qwen2.5-0.5B,20,0.8333333333333334,mean,ko,en,r1,256,512,delta,ok,-0.142578125
Qwen/Qwen2.5-0.5B,20,0.8333333333333334,mean,ko,en,r5,256,512,raw,ok,0.80859375
Qwen/Qwen2.5-0.5B,20,0.8333333333333334,mean,ko,en,r5,256,512,aligned,ok,0.6328125
Qwen/Qwen2.5-0.5B,20,0.8333333333333334,mean,ko,en,r5,256,512,delta,ok,-0.17578125
Qwen/Qwen2.5-0.5B,20,0.8333333333333334,mean,ko,en,r10,256,512,raw,ok,0.857421875
Qwen/Qwen2.5-0.5B,20,0.8333333333333334,mean,ko,en,r10,256,512,aligned,ok,0.67578125
Qwen/Qwen2.5-0.5B,20,0.8333333333333334,mean,ko,en,r10,256,512,delta,ok,-0.181640625
Qwen/Qwen2.5-0.5B,20,0.8333333333333334,mean,ko,en,mrr,256,512,raw,ok,0.7056695831801405
Qwen/Qwen2.5-0.5B,20,0.8333333333333334,mean,ko,en,mrr,256,512,aligned,ok,0.5529406683198783
Qwen/Qwen2.5-0.5B,20,0.8333333333333334,mean,ko,en,mrr,256,512,delta,ok,-0.1527289148602622
Qwen/Qwen2.5-0.5B,20,0.8333333333333334,mean,en,ja,r1,256,512,raw,ok,0.029296875
Qwen/Qwen2.5-0.5B,20,0.8333333333333334,mean,en,ja,r1,256,512,aligned,ok,0.41796875
Qwen/Qwen2.5-0.5B,20,0.8333333333333334,mean,en,ja,r1,256,512,delta,ok,0.388671875
Qwen/Qwen2.5-0.5B,20,0.8333333333333334,mean,en,ja,r5,256,512,raw,ok,0.076171875
Qwen/Qwen2.5-0.5B,20,0.8333333333333334,mean,en,ja,r5,256,512,aligned,ok,0.5859375
Qwen/Qwen2.5-0.5B,20,0.8333333333333334,mean,en,ja,r5,256,512,delta,ok,0.509765625
Qwen/Qwen2.5-0.5B,20,0.8333333333333334,mean,en,ja,r10,256,512,raw,ok,0.109375
Qwen/Qwen2.5-0.5B,20,0.8333333333333334,mean,en,ja,r10,256,512,aligned,ok,0.626953125
Qwen/Qwen2.5-0.5B,20,0.8333333333333334,mean,en,ja,r10,256,512,delta,ok,0.517578125
Qwen/Qwen2.5-0.5B,20,0.8333333333333334,mean,en,ja,mrr,256,512,raw,ok,0.06044354739188307
Qwen/Qwen2.5-0.5B,20,0.8333333333333334,mean,en,ja,mrr,256,512,aligned,ok,0.49711140318088065
Qwen/Qwen2.5-0.5B,20,0.8333333333333334,mean,en,ja,mrr,256,512,delta,ok,0.4366678557889976
Qwen/Qwen2.5-0.5B,20,0.8333333333333334,mean,ja,en,r1,256,512,raw,ok,0.685546875
Qwen/Qwen2.5-0.5B,20,0.8333333333333334,mean,ja,en,r1,256,512,aligned,ok,0.498046875
Qwen/Qwen2.5-0.5B,20,0.8333333333333334,mean,ja,en,r1,256,512,delta,ok,-0.1875
Qwen/Qwen2.5-0.5B,20,0.8333333333333334,mean,ja,en,r5,256,512,raw,ok,0.845703125
Qwen/Qwen2.5-0.5B,20,0.8333333333333334,mean,ja,en,r5,256,512,aligned,ok,0.595703125
Qwen/Qwen2.5-0.5B,20,0.8333333333333334,mean,ja,en,r5,256,512,delta,ok,-0.25
Qwen/Qwen2.5-0.5B,20,0.8333333333333334,mean,ja,en,r10,256,512,raw,ok,0.896484375
Qwen/Qwen2.5-0.5B,20,0.8333333333333334,mean,ja,en,r10,256,512,aligned,ok,0.63671875
Qwen/Qwen2.5-0.5B,20,0.8333333333333334,mean,ja,en,r10,256,512,delta,ok,-0.259765625
Qwen/Qwen2.5-0.5B,20,0.8333333333333334,mean,ja,en,mrr,256,512,raw,ok,0.7590191796279677
Qwen/Qwen2.5-0.5B,20,0.8333333333333334,mean,ja,en,mrr,256,512,aligned,ok,0.5499751193764523
Qwen/Qwen2.5-0.5B,20,0.8333333333333334,mean,ja,en,mrr,256,512,delta,ok,-0.20904406025151545
Qwen/Qwen2.5-0.5B,20,0.8333333333333334,mean,en,zh,r1,256,512,raw,ok,0.73828125
Qwen/Qwen2.5-0.5B,20,0.8333333333333334,mean,en,zh,r1,256,512,aligned,ok,0.599609375
Qwen/Qwen2.5-0.5B,20,0.8333333333333334,mean,en,zh,r1,256,512,delta,ok,-0.138671875
Qwen/Qwen2.5-0.5B,20,0.8333333333333334,mean,en,zh,r5,256,512,raw,ok,0.830078125
Qwen/Qwen2.5-0.5B,20,0.8333333333333334,mean,en,zh,r5,256,512,aligned,ok,0.6875
Qwen/Qwen2.5-0.5B,20,0.8333333333333334,mean,en,zh,r5,256,512,delta,ok,-0.142578125
Qwen/Qwen2.5-0.5B,20,0.8333333333333334,mean,en,zh,r10,256,512,raw,ok,0.857421875
Qwen/Qwen2.5-0.5B,20,0.8333333333333334,mean,en,zh,r10,256,512,aligned,ok,0.71875
Qwen/Qwen2.5-0.5B,20,0.8333333333333334,mean,en,zh,r10,256,512,delta,ok,-0.138671875
Qwen/Qwen2.5-0.5B,20,0.8333333333333334,mean,en,zh,mrr,256,512,raw,ok,0.7786517652033365
Qwen/Qwen2.5-0.5B,20,0.8333333333333334,mean,en,zh,mrr,256,512,aligned,ok,0.6432704917352912
Qwen/Qwen2.5-0.5B,20,0.8333333333333334,mean,en,zh,mrr,256,512,delta,ok,-0.1353812734680453
Qwen/Qwen2.5-0.5B,20,0.8333333333333334,mean,zh,en,r1,256,512,raw,ok,0.845703125
Qwen/Qwen2.5-0.5B,20,0.8333333333333334,mean,zh,en,r1,256,512,aligned,ok,0.486328125
Qwen/Qwen2.5-0.5B,20,0.8333333333333334,mean,zh,en,r1,256,512,delta,ok,-0.359375
Qwen/Qwen2.5-0.5B,20,0.8333333333333334,mean,zh,en,r5,256,512,raw,ok,0.916015625
Qwen/Qwen2.5-0.5B,20,0.8333333333333334,mean,zh,en,r5,256,512,aligned,ok,0.60546875
Qwen/Qwen2.5-0.5B,20,0.8333333333333334,mean,zh,en,r5,256,512,delta,ok,-0.310546875
Qwen/Qwen2.5-0.5B,20,0.8333333333333334,mean,zh,en,r10,256,512,raw,ok,0.9296875
Qwen/Qwen2.5-0.5B,20,0.8333333333333334,mean,zh,en,r10,256,512,aligned,ok,0.640625
Qwen/Qwen2.5-0.5B,20,0.8333333333333334,mean,zh,en,r10,256,512,delta,ok,-0.2890625
Qwen/Qwen2.5-0.5B,20,0.8333333333333334,mean,zh,en,mrr,256,512,raw,ok,0.8770783539552426
Qwen/Qwen2.5-0.5B,20,0.8333333333333334,mean,zh,en,mrr,256,512,aligned,ok,0.5432372381925731
Qwen/Qwen2.5-0.5B,20,0.8333333333333334,mean,zh,en,mrr,256,512,delta,ok,-0.3338411157626695
Qwen/Qwen2.5-0.5B,20,0.8333333333333334,mean,ko,ja,r1,256,512,raw,ok,0.744140625
Qwen/Qwen2.5-0.5B,20,0.8333333333333334,mean,ko,ja,r1,256,512,aligned,ok,0.544921875
Qwen/Qwen2.5-0.5B,20,0.8333333333333334,mean,ko,ja,r1,256,512,delta,ok,-0.19921875
Qwen/Qwen2.5-0.5B,20,0.8333333333333334,mean,ko,ja,r5,256,512,raw,ok,0.861328125
Qwen/Qwen2.5-0.5B,20,0.8333333333333334,mean,ko,ja,r5,256,512,aligned,ok,0.67578125
Qwen/Qwen2.5-0.5B,20,0.8333333333333334,mean,ko,ja,r5,256,512,delta,ok,-0.185546875
Qwen/Qwen2.5-0.5B,20,0.8333333333333334,mean,ko,ja,r10,256,512,raw,ok,0.884765625
Qwen/Qwen2.5-0.5B,20,0.8333333333333334,mean,ko,ja,r10,256,512,aligned,ok,0.72265625
Qwen/Qwen2.5-0.5B,20,0.8333333333333334,mean,ko,ja,r10,256,512,delta,ok,-0.162109375
Qwen/Qwen2.5-0.5B,20,0.8333333333333334,mean,ko,ja,mrr,256,512,raw,ok,0.7986883257375915
Qwen/Qwen2.5-0.5B,20,0.8333333333333334,mean,ko,ja,mrr,256,512,aligned,ok,0.6046464177236999
Qwen/Qwen2.5-0.5B,20,0.8333333333333334,mean,ko,ja,mrr,256,512,delta,ok,-0.19404190801389165
Qwen/Qwen2.5-0.5B,20,0.8333333333333334,mean,ja,ko,r1,256,512,raw,ok,0.392578125
Qwen/Qwen2.5-0.5B,20,0.8333333333333334,mean,ja,ko,r1,256,512,aligned,ok,0.486328125
Qwen/Qwen2.5-0.5B,20,0.8333333333333334,mean,ja,ko,r1,256,512,delta,ok,0.09375
Qwen/Qwen2.5-0.5B,20,0.8333333333333334,mean,ja,ko,r5,256,512,raw,ok,0.56640625
Qwen/Qwen2.5-0.5B,20,0.8333333333333334,mean,ja,ko,r5,256,512,aligned,ok,0.62890625
Qwen/Qwen2.5-0.5B,20,0.8333333333333334,mean,ja,ko,r5,256,512,delta,ok,0.0625
Qwen/Qwen2.5-0.5B,20,0.8333333333333334,mean,ja,ko,r10,256,512,raw,ok,0.642578125
Qwen/Qwen2.5-0.5B,20,0.8333333333333334,mean,ja,ko,r10,256,512,aligned,ok,0.6640625
Qwen/Qwen2.5-0.5B,20,0.8333333333333334,mean,ja,ko,r10,256,512,delta,ok,0.021484375
Qwen/Qwen2.5-0.5B,20,0.8333333333333334,mean,ja,ko,mrr,256,512,raw,ok,0.47896386473538705
Qwen/Qwen2.5-0.5B,20,0.8333333333333334,mean,ja,ko,mrr,256,512,aligned,ok,0.5536023753749619
Qwen/Qwen2.5-0.5B,20,0.8333333333333334,mean,ja,ko,mrr,256,512,delta,ok,0.07463851063957488
Qwen/Qwen2.5-0.5B,20,0.8333333333333334,mean,ko,zh,r1,256,512,raw,ok,0.603515625
Qwen/Qwen2.5-0.5B,20,0.8333333333333334,mean,ko,zh,r1,256,512,aligned,ok,0.455078125
Qwen/Qwen2.5-0.5B,20,0.8333333333333334,mean,ko,zh,r1,256,512,delta,ok,-0.1484375
Qwen/Qwen2.5-0.5B,20,0.8333333333333334,mean,ko,zh,r5,256,512,raw,ok,0.83203125
Qwen/Qwen2.5-0.5B,20,0.8333333333333334,mean,ko,zh,r5,256,512,aligned,ok,0.61328125
Qwen/Qwen2.5-0.5B,20,0.8333333333333334,mean,ko,zh,r5,256,512,delta,ok,-0.21875
Qwen/Qwen2.5-0.5B,20,0.8333333333333334,mean,ko,zh,r10,256,512,raw,ok,0.869140625
Qwen/Qwen2.5-0.5B,20,0.8333333333333334,mean,ko,zh,r10,256,512,aligned,ok,0.658203125
Qwen/Qwen2.5-0.5B,20,0.8333333333333334,mean,ko,zh,r10,256,512,delta,ok,-0.2109375
Qwen/Qwen2.5-0.5B,20,0.8333333333333334,mean,ko,zh,mrr,256,512,raw,ok,0.7019249447510172
Qwen/Qwen2.5-0.5B,20,0.8333333333333334,mean,ko,zh,mrr,256,512,aligned,ok,0.5291815087846554
Qwen/Qwen2.5-0.5B,20,0.8333333333333334,mean,ko,zh,mrr,256,512,delta,ok,-0.17274343596636177
Qwen/Qwen2.5-0.5B,20,0.8333333333333334,mean,zh,ko,r1,256,512,raw,ok,0.017578125
Qwen/Qwen2.5-0.5B,20,0.8333333333333334,mean,zh,ko,r1,256,512,aligned,ok,0.3125
Qwen/Qwen2.5-0.5B,20,0.8333333333333334,mean,zh,ko,r1,256,512,delta,ok,0.294921875
Qwen/Qwen2.5-0.5B,20,0.8333333333333334,mean,zh,ko,r5,256,512,raw,ok,0.05078125
Qwen/Qwen2.5-0.5B,20,0.8333333333333334,mean,zh,ko,r5,256,512,aligned,ok,0.4609375
Qwen/Qwen2.5-0.5B,20,0.8333333333333334,mean,zh,ko,r5,256,512,delta,ok,0.41015625
Qwen/Qwen2.5-0.5B,20,0.8333333333333334,mean,zh,ko,r10,256,512,raw,ok,0.099609375
Qwen/Qwen2.5-0.5B,20,0.8333333333333334,mean,zh,ko,r10,256,512,aligned,ok,0.51171875
Qwen/Qwen2.5-0.5B,20,0.8333333333333334,mean,zh,ko,r10,256,512,delta,ok,0.412109375
Qwen/Qwen2.5-0.5B,20,0.8333333333333334,mean,zh,ko,mrr,256,512,raw,ok,0.04558770042971778
Qwen/Qwen2.5-0.5B,20,0.8333333333333334,mean,zh,ko,mrr,256,512,aligned,ok,0.3869805753843687
Qwen/Qwen2.5-0.5B,20,0.8333333333333334,mean,zh,ko,mrr,256,512,delta,ok,0.3413928749546509
Qwen/Qwen2.5-0.5B,20,0.8333333333333334,mean,ja,zh,r1,256,512,raw,ok,0.693359375
Qwen/Qwen2.5-0.5B,20,0.8333333333333334,mean,ja,zh,r1,256,512,aligned,ok,0.48828125
Qwen/Qwen2.5-0.5B,20,0.8333333333333334,mean,ja,zh,r1,256,512,delta,ok,-0.205078125
Qwen/Qwen2.5-0.5B,20,0.8333333333333334,mean,ja,zh,r5,256,512,raw,ok,0.826171875
Qwen/Qwen2.5-0.5B,20,0.8333333333333334,mean,ja,zh,r5,256,512,aligned,ok,0.638671875
Qwen/Qwen2.5-0.5B,20,0.8333333333333334,mean,ja,zh,r5,256,512,delta,ok,-0.1875
Qwen/Qwen2.5-0.5B,20,0.8333333333333334,mean,ja,zh,r10,256,512,raw,ok,0.8828125
Qwen/Qwen2.5-0.5B,20,0.8333333333333334,mean,ja,zh,r10,256,512,aligned,ok,0.671875
Qwen/Qwen2.5-0.5B,20,0.8333333333333334,mean,ja,zh,r10,256,512,delta,ok,-0.2109375
Qwen/Qwen2.5-0.5B,20,0.8333333333333334,mean,ja,zh,mrr,256,512,raw,ok,0.7564759471642161
Qwen/Qwen2.5-0.5B,20,0.8333333333333334,mean,ja,zh,mrr,256,512,aligned,ok,0.5571446624378757
Qwen/Qwen2.5-0.5B,20,0.8333333333333334,mean,ja,zh,mrr,256,512,delta,ok,-0.19933128472634032
Qwen/Qwen2.5-0.5B,20,0.8333333333333334,mean,zh,ja,r1,256,512,raw,ok,0.068359375
Qwen/Qwen2.5-0.5B,20,0.8333333333333334,mean,zh,ja,r1,256,512,aligned,ok,0.38671875
Qwen/Qwen2.5-0.5B,20,0.8333333333333334,mean,zh,ja,r1,256,512,delta,ok,0.318359375
Qwen/Qwen2.5-0.5B,20,0.8333333333333334,mean,zh,ja,r5,256,512,raw,ok,0.15625
Qwen/Qwen2.5-0.5B,20,0.8333333333333334,mean,zh,ja,r5,256,512,aligned,ok,0.5390625
Qwen/Qwen2.5-0.5B,20,0.8333333333333334,mean,zh,ja,r5,256,512,delta,ok,0.3828125
Qwen/Qwen2.5-0.5B,20,0.8333333333333334,mean,zh,ja,r10,256,512,raw,ok,0.197265625
Qwen/Qwen2.5-0.5B,20,0.8333333333333334,mean,zh,ja,r10,256,512,aligned,ok,0.58203125
Qwen/Qwen2.5-0.5B,20,0.8333333333333334,mean,zh,ja,r10,256,512,delta,ok,0.384765625
Qwen/Qwen2.5-0.5B,20,0.8333333333333334,mean,zh,ja,mrr,256,512,raw,ok,0.11890171380164022
Qwen/Qwen2.5-0.5B,20,0.8333333333333334,mean,zh,ja,mrr,256,512,aligned,ok,0.4592700021166862
Qwen/Qwen2.5-0.5B,20,0.8333333333333334,mean,zh,ja,mrr,256,512,delta,ok,0.340368288315046
Qwen/Qwen2.5-0.5B,21,0.875,mean,en,ko,r1,256,512,raw,ok,0.01171875
Qwen/Qwen2.5-0.5B,21,0.875,mean,en,ko,r1,256,512,aligned,ok,0.48828125
Qwen/Qwen2.5-0.5B,21,0.875,mean,en,ko,r1,256,512,delta,ok,0.4765625
Qwen/Qwen2.5-0.5B,21,0.875,mean,en,ko,r5,256,512,raw,ok,0.044921875
Qwen/Qwen2.5-0.5B,21,0.875,mean,en,ko,r5,256,512,aligned,ok,0.6328125
Qwen/Qwen2.5-0.5B,21,0.875,mean,en,ko,r5,256,512,delta,ok,0.587890625
Qwen/Qwen2.5-0.5B,21,0.875,mean,en,ko,r10,256,512,raw,ok,0.072265625
Qwen/Qwen2.5-0.5B,21,0.875,mean,en,ko,r10,256,512,aligned,ok,0.6796875
Qwen/Qwen2.5-0.5B,21,0.875,mean,en,ko,r10,256,512,delta,ok,0.607421875
Qwen/Qwen2.5-0.5B,21,0.875,mean,en,ko,mrr,256,512,raw,ok,0.036722746013030834
Qwen/Qwen2.5-0.5B,21,0.875,mean,en,ko,mrr,256,512,aligned,ok,0.558575824660881
Qwen/Qwen2.5-0.5B,21,0.875,mean,en,ko,mrr,256,512,delta,ok,0.5218530786478501
Qwen/Qwen2.5-0.5B,21,0.875,mean,ko,en,r1,256,512,raw,ok,0.361328125
Qwen/Qwen2.5-0.5B,21,0.875,mean,ko,en,r1,256,512,aligned,ok,0.490234375
Qwen/Qwen2.5-0.5B,21,0.875,mean,ko,en,r1,256,512,delta,ok,0.12890625
Qwen/Qwen2.5-0.5B,21,0.875,mean,ko,en,r5,256,512,raw,ok,0.59375
Qwen/Qwen2.5-0.5B,21,0.875,mean,ko,en,r5,256,512,aligned,ok,0.666015625
Qwen/Qwen2.5-0.5B,21,0.875,mean,ko,en,r5,256,512,delta,ok,0.072265625
Qwen/Qwen2.5-0.5B,21,0.875,mean,ko,en,r10,256,512,raw,ok,0.681640625
Qwen/Qwen2.5-0.5B,21,0.875,mean,ko,en,r10,256,512,aligned,ok,0.712890625
Qwen/Qwen2.5-0.5B,21,0.875,mean,ko,en,r10,256,512,delta,ok,0.03125
Qwen/Qwen2.5-0.5B,21,0.875,mean,ko,en,mrr,256,512,raw,ok,0.46858703985544203
Qwen/Qwen2.5-0.5B,21,0.875,mean,ko,en,mrr,256,512,aligned,ok,0.5744564114908665
Qwen/Qwen2.5-0.5B,21,0.875,mean,ko,en,mrr,256,512,delta,ok,0.10586937163542443
Qwen/Qwen2.5-0.5B,21,0.875,mean,en,ja,r1,256,512,raw,ok,0.01953125
Qwen/Qwen2.5-0.5B,21,0.875,mean,en,ja,r1,256,512,aligned,ok,0.533203125
Qwen/Qwen2.5-0.5B,21,0.875,mean,en,ja,r1,256,512,delta,ok,0.513671875
Qwen/Qwen2.5-0.5B,21,0.875,mean,en,ja,r5,256,512,raw,ok,0.07421875
Qwen/Qwen2.5-0.5B,21,0.875,mean,en,ja,r5,256,512,aligned,ok,0.701171875
Qwen/Qwen2.5-0.5B,21,0.875,mean,en,ja,r5,256,512,delta,ok,0.626953125
Qwen/Qwen2.5-0.5B,21,0.875,mean,en,ja,r10,256,512,raw,ok,0.1015625
Qwen/Qwen2.5-0.5B,21,0.875,mean,en,ja,r10,256,512,aligned,ok,0.740234375
Qwen/Qwen2.5-0.5B,21,0.875,mean,en,ja,r10,256,512,delta,ok,0.638671875
Qwen/Qwen2.5-0.5B,21,0.875,mean,en,ja,mrr,256,512,raw,ok,0.05295744372277508
Qwen/Qwen2.5-0.5B,21,0.875,mean,en,ja,mrr,256,512,aligned,ok,0.6133936694848032
Qwen/Qwen2.5-0.5B,21,0.875,mean,en,ja,mrr,256,512,delta,ok,0.5604362257620281
Qwen/Qwen2.5-0.5B,21,0.875,mean,ja,en,r1,256,512,raw,ok,0.6484375
Qwen/Qwen2.5-0.5B,21,0.875,mean,ja,en,r1,256,512,aligned,ok,0.537109375
Qwen/Qwen2.5-0.5B,21,0.875,mean,ja,en,r1,256,512,delta,ok,-0.111328125
Qwen/Qwen2.5-0.5B,21,0.875,mean,ja,en,r5,256,512,raw,ok,0.8515625
Qwen/Qwen2.5-0.5B,21,0.875,mean,ja,en,r5,256,512,aligned,ok,0.66015625
Qwen/Qwen2.5-0.5B,21,0.875,mean,ja,en,r5,256,512,delta,ok,-0.19140625
Qwen/Qwen2.5-0.5B,21,0.875,mean,ja,en,r10,256,512,raw,ok,0.89453125
Qwen/Qwen2.5-0.5B,21,0.875,mean,ja,en,r10,256,512,aligned,ok,0.689453125
Qwen/Qwen2.5-0.5B,21,0.875,mean,ja,en,r10,256,512,delta,ok,-0.205078125
Qwen/Qwen2.5-0.5B,21,0.875,mean,ja,en,mrr,256,512,raw,ok,0.7384451637836433
Qwen/Qwen2.5-0.5B,21,0.875,mean,ja,en,mrr,256,512,aligned,ok,0.5972960125197191
Qwen/Qwen2.5-0.5B,21,0.875,mean,ja,en,mrr,256,512,delta,ok,-0.14114915126392424
Qwen/Qwen2.5-0.5B,21,0.875,mean,en,zh,r1,256,512,raw,ok,0.802734375
Qwen/Qwen2.5-0.5B,21,0.875,mean,en,zh,r1,256,512,aligned,ok,0.677734375
Qwen/Qwen2.5-0.5B,21,0.875,mean,en,zh,r1,256,512,delta,ok,-0.125
Qwen/Qwen2.5-0.5B,21,0.875,mean,en,zh,r5,256,512,raw,ok,0.900390625
Qwen/Qwen2.5-0.5B,21,0.875,mean,en,zh,r5,256,512,aligned,ok,0.779296875
Qwen/Qwen2.5-0.5B,21,0.875,mean,en,zh,r5,256,512,delta,ok,-0.12109375
Qwen/Qwen2.5-0.5B,21,0.875,mean,en,zh,r10,256,512,raw,ok,0.9140625
Qwen/Qwen2.5-0.5B,21,0.875,mean,en,zh,r10,256,512,aligned,ok,0.814453125
Qwen/Qwen2.5-0.5B,21,0.875,mean,en,zh,r10,256,512,delta,ok,-0.099609375
Qwen/Qwen2.5-0.5B,21,0.875,mean,en,zh,mrr,256,512,raw,ok,0.8480224026710892
Qwen/Qwen2.5-0.5B,21,0.875,mean,en,zh,mrr,256,512,aligned,ok,0.7288623312895054
Qwen/Qwen2.5-0.5B,21,0.875,mean,en,zh,mrr,256,512,delta,ok,-0.1191600713815838
Qwen/Qwen2.5-0.5B,21,0.875,mean,zh,en,r1,256,512,raw,ok,0.84375
Qwen/Qwen2.5-0.5B,21,0.875,mean,zh,en,r1,256,512,aligned,ok,0.5703125
Qwen/Qwen2.5-0.5B,21,0.875,mean,zh,en,r1,256,512,delta,ok,-0.2734375
Qwen/Qwen2.5-0.5B,21,0.875,mean,zh,en,r5,256,512,raw,ok,0.92578125
Qwen/Qwen2.5-0.5B,21,0.875,mean,zh,en,r5,256,512,aligned,ok,0.7109375
Qwen/Qwen2.5-0.5B,21,0.875,mean,zh,en,r5,256,512,delta,ok,-0.21484375
Qwen/Qwen2.5-0.5B,21,0.875,mean,zh,en,r10,256,512,raw,ok,0.9375
Qwen/Qwen2.5-0.5B,21,0.875,mean,zh,en,r10,256,512,aligned,ok,0.75
Qwen/Qwen2.5-0.5B,21,0.875,mean,zh,en,r10,256,512,delta,ok,-0.1875
Qwen/Qwen2.5-0.5B,21,0.875,mean,zh,en,mrr,256,512,raw,ok,0.8791839472094236
Qwen/Qwen2.5-0.5B,21,0.875,mean,zh,en,mrr,256,512,aligned,ok,0.6337101590166754
Qwen/Qwen2.5-0.5B,21,0.875,mean,zh,en,mrr,256,512,delta,ok,-0.24547378819274823
Qwen/Qwen2.5-0.5B,21,0.875,mean,ko,ja,r1,256,512,raw,ok,0.3515625
Qwen/Qwen2.5-0.5B,21,0.875,mean,ko,ja,r1,256,512,aligned,ok,0.5703125
Qwen/Qwen2.5-0.5B,21,0.875,mean,ko,ja,r1,256,512,delta,ok,0.21875
Qwen/Qwen2.5-0.5B,21,0.875,mean,ko,ja,r5,256,512,raw,ok,0.6484375
Qwen/Qwen2.5-0.5B,21,0.875,mean,ko,ja,r5,256,512,aligned,ok,0.71484375
Qwen/Qwen2.5-0.5B,21,0.875,mean,ko,ja,r5,256,512,delta,ok,0.06640625
Qwen/Qwen2.5-0.5B,21,0.875,mean,ko,ja,r10,256,512,raw,ok,0.755859375
Qwen/Qwen2.5-0.5B,21,0.875,mean,ko,ja,r10,256,512,aligned,ok,0.759765625
Qwen/Qwen2.5-0.5B,21,0.875,mean,ko,ja,r10,256,512,delta,ok,0.00390625
Qwen/Qwen2.5-0.5B,21,0.875,mean,ko,ja,mrr,256,512,raw,ok,0.4853030552815636
Qwen/Qwen2.5-0.5B,21,0.875,mean,ko,ja,mrr,256,512,aligned,ok,0.6425517587840047
Qwen/Qwen2.5-0.5B,21,0.875,mean,ko,ja,mrr,256,512,delta,ok,0.15724870350244113
Qwen/Qwen2.5-0.5B,21,0.875,mean,ja,ko,r1,256,512,raw,ok,0.458984375
Qwen/Qwen2.5-0.5B,21,0.875,mean,ja,ko,r1,256,512,aligned,ok,0.552734375
Qwen/Qwen2.5-0.5B,21,0.875,mean,ja,ko,r1,256,512,delta,ok,0.09375
Qwen/Qwen2.5-0.5B,21,0.875,mean,ja,ko,r5,256,512,raw,ok,0.623046875
Qwen/Qwen2.5-0.5B,21,0.875,mean,ja,ko,r5,256,512,aligned,ok,0.689453125
Qwen/Qwen2.5-0.5B,21,0.875,mean,ja,ko,r5,256,512,delta,ok,0.06640625
Qwen/Qwen2.5-0.5B,21,0.875,mean,ja,ko,r10,256,512,raw,ok,0.68359375
Qwen/Qwen2.5-0.5B,21,0.875,mean,ja,ko,r10,256,512,aligned,ok,0.732421875
Qwen/Qwen2.5-0.5B,21,0.875,mean,ja,ko,r10,256,512,delta,ok,0.048828125
Qwen/Qwen2.5-0.5B,21,0.875,mean,ja,ko,mrr,256,512,raw,ok,0.5408772435136313
Qwen/Qwen2.5-0.5B,21,0.875,mean,ja,ko,mrr,256,512,aligned,ok,0.6195545685590189
Qwen/Qwen2.5-0.5B,21,0.875,mean,ja,ko,mrr,256,512,delta,ok,0.0786773250453876
Qwen/Qwen2.5-0.5B,21,0.875,mean,ko,zh,r1,256,512,raw,ok,0.357421875
Qwen/Qwen2.5-0.5B,21,0.875,mean,ko,zh,r1,256,512,aligned,ok,0.486328125
Qwen/Qwen2.5-0.5B,21,0.875,mean,ko,zh,r1,256,512,delta,ok,0.12890625
Qwen/Qwen2.5-0.5B,21,0.875,mean,ko,zh,r5,256,512,raw,ok,0.587890625
Qwen/Qwen2.5-0.5B,21,0.875,mean,ko,zh,r5,256,512,aligned,ok,0.654296875
Qwen/Qwen2.5-0.5B,21,0.875,mean,ko,zh,r5,256,512,delta,ok,0.06640625
Qwen/Qwen2.5-0.5B,21,0.875,mean,ko,zh,r10,256,512,raw,ok,0.693359375
Qwen/Qwen2.5-0.5B,21,0.875,mean,ko,zh,r10,256,512,aligned,ok,0.697265625
Qwen/Qwen2.5-0.5B,21,0.875,mean,ko,zh,r10,256,512,delta,ok,0.00390625
Qwen/Qwen2.5-0.5B,21,0.875,mean,ko,zh,mrr,256,512,raw,ok,0.4701258787116982
Qwen/Qwen2.5-0.5B,21,0.875,mean,ko,zh,mrr,256,512,aligned,ok,0.563660050335613
Qwen/Qwen2.5-0.5B,21,0.875,mean,ko,zh,mrr,256,512,delta,ok,0.09353417162391475
Qwen/Qwen2.5-0.5B,21,0.875,mean,zh,ko,r1,256,512,raw,ok,0.0390625
Qwen/Qwen2.5-0.5B,21,0.875,mean,zh,ko,r1,256,512,aligned,ok,0.390625
Qwen/Qwen2.5-0.5B,21,0.875,mean,zh,ko,r1,256,512,delta,ok,0.3515625
Qwen/Qwen2.5-0.5B,21,0.875,mean,zh,ko,r5,256,512,raw,ok,0.083984375
Qwen/Qwen2.5-0.5B,21,0.875,mean,zh,ko,r5,256,512,aligned,ok,0.54296875
Qwen/Qwen2.5-0.5B,21,0.875,mean,zh,ko,r5,256,512,delta,ok,0.458984375
Qwen/Qwen2.5-0.5B,21,0.875,mean,zh,ko,r10,256,512,raw,ok,0.1328125
Qwen/Qwen2.5-0.5B,21,0.875,mean,zh,ko,r10,256,512,aligned,ok,0.59765625
Qwen/Qwen2.5-0.5B,21,0.875,mean,zh,ko,r10,256,512,delta,ok,0.46484375
Qwen/Qwen2.5-0.5B,21,0.875,mean,zh,ko,mrr,256,512,raw,ok,0.0730462633787797
Qwen/Qwen2.5-0.5B,21,0.875,mean,zh,ko,mrr,256,512,aligned,ok,0.4652980067434802
Qwen/Qwen2.5-0.5B,21,0.875,mean,zh,ko,mrr,256,512,delta,ok,0.3922517433647005
Qwen/Qwen2.5-0.5B,21,0.875,mean,ja,zh,r1,256,512,raw,ok,0.685546875
Qwen/Qwen2.5-0.5B,21,0.875,mean,ja,zh,r1,256,512,aligned,ok,0.544921875
Qwen/Qwen2.5-0.5B,21,0.875,mean,ja,zh,r1,256,512,delta,ok,-0.140625
Qwen/Qwen2.5-0.5B,21,0.875,mean,ja,zh,r5,256,512,raw,ok,0.845703125
Qwen/Qwen2.5-0.5B,21,0.875,mean,ja,zh,r5,256,512,aligned,ok,0.7109375
Qwen/Qwen2.5-0.5B,21,0.875,mean,ja,zh,r5,256,512,delta,ok,-0.134765625
Qwen/Qwen2.5-0.5B,21,0.875,mean,ja,zh,r10,256,512,raw,ok,0.88671875
Qwen/Qwen2.5-0.5B,21,0.875,mean,ja,zh,r10,256,512,aligned,ok,0.75390625
Qwen/Qwen2.5-0.5B,21,0.875,mean,ja,zh,r10,256,512,delta,ok,-0.1328125
Qwen/Qwen2.5-0.5B,21,0.875,mean,ja,zh,mrr,256,512,raw,ok,0.7610800819200214
Qwen/Qwen2.5-0.5B,21,0.875,mean,ja,zh,mrr,256,512,aligned,ok,0.6219222319110477
Qwen/Qwen2.5-0.5B,21,0.875,mean,ja,zh,mrr,256,512,delta,ok,-0.13915785000897374
Qwen/Qwen2.5-0.5B,21,0.875,mean,zh,ja,r1,256,512,raw,ok,0.052734375
Qwen/Qwen2.5-0.5B,21,0.875,mean,zh,ja,r1,256,512,aligned,ok,0.501953125
Qwen/Qwen2.5-0.5B,21,0.875,mean,zh,ja,r1,256,512,delta,ok,0.44921875
Qwen/Qwen2.5-0.5B,21,0.875,mean,zh,ja,r5,256,512,raw,ok,0.12890625
Qwen/Qwen2.5-0.5B,21,0.875,mean,zh,ja,r5,256,512,aligned,ok,0.64453125
Qwen/Qwen2.5-0.5B,21,0.875,mean,zh,ja,r5,256,512,delta,ok,0.515625
Qwen/Qwen2.5-0.5B,21,0.875,mean,zh,ja,r10,256,512,raw,ok,0.158203125
Qwen/Qwen2.5-0.5B,21,0.875,mean,zh,ja,r10,256,512,aligned,ok,0.69140625
Qwen/Qwen2.5-0.5B,21,0.875,mean,zh,ja,r10,256,512,delta,ok,0.533203125
Qwen/Qwen2.5-0.5B,21,0.875,mean,zh,ja,mrr,256,512,raw,ok,0.09757354887816869
Qwen/Qwen2.5-0.5B,21,0.875,mean,zh,ja,mrr,256,512,aligned,ok,0.5699950206474594
Qwen/Qwen2.5-0.5B,21,0.875,mean,zh,ja,mrr,256,512,delta,ok,0.4724214717692907
Qwen/Qwen2.5-0.5B,22,0.9166666666666666,mean,en,ko,r1,256,512,raw,ok,0.392578125
Qwen/Qwen2.5-0.5B,22,0.9166666666666666,mean,en,ko,r1,256,512,aligned,ok,0.78125
Qwen/Qwen2.5-0.5B,22,0.9166666666666666,mean,en,ko,r1,256,512,delta,ok,0.388671875
Qwen/Qwen2.5-0.5B,22,0.9166666666666666,mean,en,ko,r5,256,512,raw,ok,0.7578125
Qwen/Qwen2.5-0.5B,22,0.9166666666666666,mean,en,ko,r5,256,512,aligned,ok,0.927734375
Qwen/Qwen2.5-0.5B,22,0.9166666666666666,mean,en,ko,r5,256,512,delta,ok,0.169921875
Qwen/Qwen2.5-0.5B,22,0.9166666666666666,mean,en,ko,r10,256,512,raw,ok,0.845703125
Qwen/Qwen2.5-0.5B,22,0.9166666666666666,mean,en,ko,r10,256,512,aligned,ok,0.970703125
Qwen/Qwen2.5-0.5B,22,0.9166666666666666,mean,en,ko,r10,256,512,delta,ok,0.125
Qwen/Qwen2.5-0.5B,22,0.9166666666666666,mean,en,ko,mrr,256,512,raw,ok,0.5498172242601971
Qwen/Qwen2.5-0.5B,22,0.9166666666666666,mean,en,ko,mrr,256,512,aligned,ok,0.8477742072718104
Qwen/Qwen2.5-0.5B,22,0.9166666666666666,mean,en,ko,mrr,256,512,delta,ok,0.29795698301161333
Qwen/Qwen2.5-0.5B,22,0.9166666666666666,mean,ko,en,r1,256,512,raw,ok,0.35546875
Qwen/Qwen2.5-0.5B,22,0.9166666666666666,mean,ko,en,r1,256,512,aligned,ok,0.7578125
Qwen/Qwen2.5-0.5B,22,0.9166666666666666,mean,ko,en,r1,256,512,delta,ok,0.40234375
Qwen/Qwen2.5-0.5B,22,0.9166666666666666,mean,ko,en,r5,256,512,raw,ok,0.5859375
Qwen/Qwen2.5-0.5B,22,0.9166666666666666,mean,ko,en,r5,256,512,aligned,ok,0.939453125
Qwen/Qwen2.5-0.5B,22,0.9166666666666666,mean,ko,en,r5,256,512,delta,ok,0.353515625
Qwen/Qwen2.5-0.5B,22,0.9166666666666666,mean,ko,en,r10,256,512,raw,ok,0.677734375
Qwen/Qwen2.5-0.5B,22,0.9166666666666666,mean,ko,en,r10,256,512,aligned,ok,0.974609375
Qwen/Qwen2.5-0.5B,22,0.9166666666666666,mean,ko,en,r10,256,512,delta,ok,0.296875
Qwen/Qwen2.5-0.5B,22,0.9166666666666666,mean,ko,en,mrr,256,512,raw,ok,0.46275006300921667
Qwen/Qwen2.5-0.5B,22,0.9166666666666666,mean,ko,en,mrr,256,512,aligned,ok,0.8385634024811839
Qwen/Qwen2.5-0.5B,22,0.9166666666666666,mean,ko,en,mrr,256,512,delta,ok,0.3758133394719672
Qwen/Qwen2.5-0.5B,22,0.9166666666666666,mean,en,ja,r1,256,512,raw,ok,0.087890625
Qwen/Qwen2.5-0.5B,22,0.9166666666666666,mean,en,ja,r1,256,512,aligned,ok,0.861328125
Qwen/Qwen2.5-0.5B,22,0.9166666666666666,mean,en,ja,r1,256,512,delta,ok,0.7734375
Qwen/Qwen2.5-0.5B,22,0.9166666666666666,mean,en,ja,r5,256,512,raw,ok,0.505859375
Qwen/Qwen2.5-0.5B,22,0.9166666666666666,mean,en,ja,r5,256,512,aligned,ok,0.98046875
Qwen/Qwen2.5-0.5B,22,0.9166666666666666,mean,en,ja,r5,256,512,delta,ok,0.474609375
Qwen/Qwen2.5-0.5B,22,0.9166666666666666,mean,en,ja,r10,256,512,raw,ok,0.712890625
Qwen/Qwen2.5-0.5B,22,0.9166666666666666,mean,en,ja,r10,256,512,aligned,ok,0.998046875
Qwen/Qwen2.5-0.5B,22,0.9166666666666666,mean,en,ja,r10,256,512,delta,ok,0.28515625
Qwen/Qwen2.5-0.5B,22,0.9166666666666666,mean,en,ja,mrr,256,512,raw,ok,0.2638299557062176
Qwen/Qwen2.5-0.5B,22,0.9166666666666666,mean,en,ja,mrr,256,512,aligned,ok,0.9128960503472222
Qwen/Qwen2.5-0.5B,22,0.9166666666666666,mean,en,ja,mrr,256,512,delta,ok,0.6490660946410046
Qwen/Qwen2.5-0.5B,22,0.9166666666666666,mean,ja,en,r1,256,512,raw,ok,0.548828125
Qwen/Qwen2.5-0.5B,22,0.9166666666666666,mean,ja,en,r1,256,512,aligned,ok,0.853515625
Qwen/Qwen2.5-0.5B,22,0.9166666666666666,mean,ja,en,r1,256,512,delta,ok,0.3046875
Qwen/Qwen2.5-0.5B,22,0.9166666666666666,mean,ja,en,r5,256,512,raw,ok,0.779296875
Qwen/Qwen2.5-0.5B,22,0.9166666666666666,mean,ja,en,r5,256,512,aligned,ok,0.984375
Qwen/Qwen2.5-0.5B,22,0.9166666666666666,mean,ja,en,r5,256,512,delta,ok,0.205078125
Qwen/Qwen2.5-0.5B,22,0.9166666666666666,mean,ja,en,r10,256,512,raw,ok,0.87109375
Qwen/Qwen2.5-0.5B,22,0.9166666666666666,mean,ja,en,r10,256,512,aligned,ok,0.99609375
Qwen/Qwen2.5-0.5B,22,0.9166666666666666,mean,ja,en,r10,256,512,delta,ok,0.125
Qwen/Qwen2.5-0.5B,22,0.9166666666666666,mean,ja,en,mrr,256,512,raw,ok,0.6533569768451204
Qwen/Qwen2.5-0.5B,22,0.9166666666666666,mean,ja,en,mrr,256,512,aligned,ok,0.9081652180284993
Qwen/Qwen2.5-0.5B,22,0.9166666666666666,mean,ja,en,mrr,256,512,delta,ok,0.25480824118337886
Qwen/Qwen2.5-0.5B,22,0.9166666666666666,mean,en,zh,r1,256,512,raw,ok,0.94921875
Qwen/Qwen2.5-0.5B,22,0.9166666666666666,mean,en,zh,r1,256,512,aligned,ok,0.919921875
Qwen/Qwen2.5-0.5B,22,0.9166666666666666,mean,en,zh,r1,256,512,delta,ok,-0.029296875
Qwen/Qwen2.5-0.5B,22,0.9166666666666666,mean,en,zh,r5,256,512,raw,ok,0.98828125
Qwen/Qwen2.5-0.5B,22,0.9166666666666666,mean,en,zh,r5,256,512,aligned,ok,0.99609375
Qwen/Qwen2.5-0.5B,22,0.9166666666666666,mean,en,zh,r5,256,512,delta,ok,0.0078125
Qwen/Qwen2.5-0.5B,22,0.9166666666666666,mean,en,zh,r10,256,512,raw,ok,0.994140625
Qwen/Qwen2.5-0.5B,22,0.9166666666666666,mean,en,zh,r10,256,512,aligned,ok,1.0
Qwen/Qwen2.5-0.5B,22,0.9166666666666666,mean,en,zh,r10,256,512,delta,ok,0.005859375
Qwen/Qwen2.5-0.5B,22,0.9166666666666666,mean,en,zh,mrr,256,512,raw,ok,0.9678905404491343
Qwen/Qwen2.5-0.5B,22,0.9166666666666666,mean,en,zh,mrr,256,512,aligned,ok,0.9531436011904761
Qwen/Qwen2.5-0.5B,22,0.9166666666666666,mean,en,zh,mrr,256,512,delta,ok,-0.01474693925865811
Qwen/Qwen2.5-0.5B,22,0.9166666666666666,mean,zh,en,r1,256,512,raw,ok,0.958984375
Qwen/Qwen2.5-0.5B,22,0.9166666666666666,mean,zh,en,r1,256,512,aligned,ok,0.935546875
Qwen/Qwen2.5-0.5B,22,0.9166666666666666,mean,zh,en,r1,256,512,delta,ok,-0.0234375
Qwen/Qwen2.5-0.5B,22,0.9166666666666666,mean,zh,en,r5,256,512,raw,ok,0.990234375
Qwen/Qwen2.5-0.5B,22,0.9166666666666666,mean,zh,en,r5,256,512,aligned,ok,0.998046875
Qwen/Qwen2.5-0.5B,22,0.9166666666666666,mean,zh,en,r5,256,512,delta,ok,0.0078125
Qwen/Qwen2.5-0.5B,22,0.9166666666666666,mean,zh,en,r10,256,512,raw,ok,0.9921875
Qwen/Qwen2.5-0.5B,22,0.9166666666666666,mean,zh,en,r10,256,512,aligned,ok,1.0
Qwen/Qwen2.5-0.5B,22,0.9166666666666666,mean,zh,en,r10,256,512,delta,ok,0.0078125
Qwen/Qwen2.5-0.5B,22,0.9166666666666666,mean,zh,en,mrr,256,512,raw,ok,0.9735056046060451
Qwen/Qwen2.5-0.5B,22,0.9166666666666666,mean,zh,en,mrr,256,512,aligned,ok,0.9620954241071429
Qwen/Qwen2.5-0.5B,22,0.9166666666666666,mean,zh,en,mrr,256,512,delta,ok,-0.01141018049890219
Qwen/Qwen2.5-0.5B,22,0.9166666666666666,mean,ko,ja,r1,256,512,raw,ok,0.22265625
Qwen/Qwen2.5-0.5B,22,0.9166666666666666,mean,ko,ja,r1,256,512,aligned,ok,0.822265625
Qwen/Qwen2.5-0.5B,22,0.9166666666666666,mean,ko,ja,r1,256,512,delta,ok,0.599609375
Qwen/Qwen2.5-0.5B,22,0.9166666666666666,mean,ko,ja,r5,256,512,raw,ok,0.6328125
Qwen/Qwen2.5-0.5B,22,0.9166666666666666,mean,ko,ja,r5,256,512,aligned,ok,0.953125
Qwen/Qwen2.5-0.5B,22,0.9166666666666666,mean,ko,ja,r5,256,512,delta,ok,0.3203125
Qwen/Qwen2.5-0.5B,22,0.9166666666666666,mean,ko,ja,r10,256,512,raw,ok,0.8046875
Qwen/Qwen2.5-0.5B,22,0.9166666666666666,mean,ko,ja,r10,256,512,aligned,ok,0.978515625
Qwen/Qwen2.5-0.5B,22,0.9166666666666666,mean,ko,ja,r10,256,512,delta,ok,0.173828125
Qwen/Qwen2.5-0.5B,22,0.9166666666666666,mean,ko,ja,mrr,256,512,raw,ok,0.39955967177660834
Qwen/Qwen2.5-0.5B,22,0.9166666666666666,mean,ko,ja,mrr,256,512,aligned,ok,0.8817344556077429
Qwen/Qwen2.5-0.5B,22,0.9166666666666666,mean,ko,ja,mrr,256,512,delta,ok,0.48217478383113455
Qwen/Qwen2.5-0.5B,22,0.9166666666666666,mean,ja,ko,r1,256,512,raw,ok,0.7734375
Qwen/Qwen2.5-0.5B,22,0.9166666666666666,mean,ja,ko,r1,256,512,aligned,ok,0.828125
Qwen/Qwen2.5-0.5B,22,0.9166666666666666,mean,ja,ko,r1,256,512,delta,ok,0.0546875
Qwen/Qwen2.5-0.5B,22,0.9166666666666666,mean,ja,ko,r5,256,512,raw,ok,0.927734375
Qwen/Qwen2.5-0.5B,22,0.9166666666666666,mean,ja,ko,r5,256,512,aligned,ok,0.93359375
Qwen/Qwen2.5-0.5B,22,0.9166666666666666,mean,ja,ko,r5,256,512,delta,ok,0.005859375
Qwen/Qwen2.5-0.5B,22,0.9166666666666666,mean,ja,ko,r10,256,512,raw,ok,0.95703125
Qwen/Qwen2.5-0.5B,22,0.9166666666666666,mean,ja,ko,r10,256,512,aligned,ok,0.97265625
Qwen/Qwen2.5-0.5B,22,0.9166666666666666,mean,ja,ko,r10,256,512,delta,ok,0.015625
Qwen/Qwen2.5-0.5B,22,0.9166666666666666,mean,ja,ko,mrr,256,512,raw,ok,0.8394821140038191
Qwen/Qwen2.5-0.5B,22,0.9166666666666666,mean,ja,ko,mrr,256,512,aligned,ok,0.8783598911754241
Qwen/Qwen2.5-0.5B,22,0.9166666666666666,mean,ja,ko,mrr,256,512,delta,ok,0.03887777717160501
Qwen/Qwen2.5-0.5B,22,0.9166666666666666,mean,ko,zh,r1,256,512,raw,ok,0.427734375
Qwen/Qwen2.5-0.5B,22,0.9166666666666666,mean,ko,zh,r1,256,512,aligned,ok,0.748046875
Qwen/Qwen2.5-0.5B,22,0.9166666666666666,mean,ko,zh,r1,256,512,delta,ok,0.3203125
Qwen/Qwen2.5-0.5B,22,0.9166666666666666,mean,ko,zh,r5,256,512,raw,ok,0.70703125
Qwen/Qwen2.5-0.5B,22,0.9166666666666666,mean,ko,zh,r5,256,512,aligned,ok,0.9375
Qwen/Qwen2.5-0.5B,22,0.9166666666666666,mean,ko,zh,r5,256,512,delta,ok,0.23046875
Qwen/Qwen2.5-0.5B,22,0.9166666666666666,mean,ko,zh,r10,256,512,raw,ok,0.798828125
Qwen/Qwen2.5-0.5B,22,0.9166666666666666,mean,ko,zh,r10,256,512,aligned,ok,0.970703125
Qwen/Qwen2.5-0.5B,22,0.9166666666666666,mean,ko,zh,r10,256,512,delta,ok,0.171875
Qwen/Qwen2.5-0.5B,22,0.9166666666666666,mean,ko,zh,mrr,256,512,raw,ok,0.5553352635895872
Qwen/Qwen2.5-0.5B,22,0.9166666666666666,mean,ko,zh,mrr,256,512,aligned,ok,0.8302926108534976
Qwen/Qwen2.5-0.5B,22,0.9166666666666666,mean,ko,zh,mrr,256,512,delta,ok,0.2749573472639104
Qwen/Qwen2.5-0.5B,22,0.9166666666666666,mean,zh,ko,r1,256,512,raw,ok,0.517578125
Qwen/Qwen2.5-0.5B,22,0.9166666666666666,mean,zh,ko,r1,256,512,aligned,ok,0.708984375
Qwen/Qwen2.5-0.5B,22,0.9166666666666666,mean,zh,ko,r1,256,512,delta,ok,0.19140625
Qwen/Qwen2.5-0.5B,22,0.9166666666666666,mean,zh,ko,r5,256,512,raw,ok,0.8046875
Qwen/Qwen2.5-0.5B,22,0.9166666666666666,mean,zh,ko,r5,256,512,aligned,ok,0.90234375
Qwen/Qwen2.5-0.5B,22,0.9166666666666666,mean,zh,ko,r5,256,512,delta,ok,0.09765625
Qwen/Qwen2.5-0.5B,22,0.9166666666666666,mean,zh,ko,r10,256,512,raw,ok,0.892578125
Qwen/Qwen2.5-0.5B,22,0.9166666666666666,mean,zh,ko,r10,256,512,aligned,ok,0.94921875
Qwen/Qwen2.5-0.5B,22,0.9166666666666666,mean,zh,ko,r10,256,512,delta,ok,0.056640625
Qwen/Qwen2.5-0.5B,22,0.9166666666666666,mean,zh,ko,mrr,256,512,raw,ok,0.6461970006008798
Qwen/Qwen2.5-0.5B,22,0.9166666666666666,mean,zh,ko,mrr,256,512,aligned,ok,0.799616308168981
Qwen/Qwen2.5-0.5B,22,0.9166666666666666,mean,zh,ko,mrr,256,512,delta,ok,0.15341930756810118
Qwen/Qwen2.5-0.5B,22,0.9166666666666666,mean,ja,zh,r1,256,512,raw,ok,0.767578125
Qwen/Qwen2.5-0.5B,22,0.9166666666666666,mean,ja,zh,r1,256,512,aligned,ok,0.853515625
Qwen/Qwen2.5-0.5B,22,0.9166666666666666,mean,ja,zh,r1,256,512,delta,ok,0.0859375
Qwen/Qwen2.5-0.5B,22,0.9166666666666666,mean,ja,zh,r5,256,512,raw,ok,0.94140625
Qwen/Qwen2.5-0.5B,22,0.9166666666666666,mean,ja,zh,r5,256,512,aligned,ok,0.98046875
Qwen/Qwen2.5-0.5B,22,0.9166666666666666,mean,ja,zh,r5,256,512,delta,ok,0.0390625
Qwen/Qwen2.5-0.5B,22,0.9166666666666666,mean,ja,zh,r10,256,512,raw,ok,0.970703125
Qwen/Qwen2.5-0.5B,22,0.9166666666666666,mean,ja,zh,r10,256,512,aligned,ok,0.99609375
Qwen/Qwen2.5-0.5B,22,0.9166666666666666,mean,ja,zh,r10,256,512,delta,ok,0.025390625
Qwen/Qwen2.5-0.5B,22,0.9166666666666666,mean,ja,zh,mrr,256,512,raw,ok,0.8460172878874153
Qwen/Qwen2.5-0.5B,22,0.9166666666666666,mean,ja,zh,mrr,256,512,aligned,ok,0.9065295877465569
Qwen/Qwen2.5-0.5B,22,0.9166666666666666,mean,ja,zh,mrr,256,512,delta,ok,0.06051229985914164
Qwen/Qwen2.5-0.5B,22,0.9166666666666666,mean,zh,ja,r1,256,512,raw,ok,0.21875
Qwen/Qwen2.5-0.5B,22,0.9166666666666666,mean,zh,ja,r1,256,512,aligned,ok,0.81640625
Qwen/Qwen2.5-0.5B,22,0.9166666666666666,mean,zh,ja,r1,256,512,delta,ok,0.59765625
Qwen/Qwen2.5-0.5B,22,0.9166666666666666,mean,zh,ja,r5,256,512,raw,ok,0.615234375
Qwen/Qwen2.5-0.5B,22,0.9166666666666666,mean,zh,ja,r5,256,512,aligned,ok,0.955078125
Qwen/Qwen2.5-0.5B,22,0.9166666666666666,mean,zh,ja,r5,256,512,delta,ok,0.33984375
Qwen/Qwen2.5-0.5B,22,0.9166666666666666,mean,zh,ja,r10,256,512,raw,ok,0.796875
Qwen/Qwen2.5-0.5B,22,0.9166666666666666,mean,zh,ja,r10,256,512,aligned,ok,0.984375
Qwen/Qwen2.5-0.5B,22,0.9166666666666666,mean,zh,ja,r10,256,512,delta,ok,0.1875
Qwen/Qwen2.5-0.5B,22,0.9166666666666666,mean,zh,ja,mrr,256,512,raw,ok,0.38853531867151453
Qwen/Qwen2.5-0.5B,22,0.9166666666666666,mean,zh,ja,mrr,256,512,aligned,ok,0.8790614996659295
Qwen/Qwen2.5-0.5B,22,0.9166666666666666,mean,zh,ja,mrr,256,512,delta,ok,0.490526180994415
Qwen/Qwen2.5-0.5B,23,0.9583333333333334,mean,en,ko,r1,256,512,raw,ok,0.0546875
Qwen/Qwen2.5-0.5B,23,0.9583333333333334,mean,en,ko,r1,256,512,aligned,ok,0.7265625
Qwen/Qwen2.5-0.5B,23,0.9583333333333334,mean,en,ko,r1,256,512,delta,ok,0.671875
Qwen/Qwen2.5-0.5B,23,0.9583333333333334,mean,en,ko,r5,256,512,raw,ok,0.123046875
Qwen/Qwen2.5-0.5B,23,0.9583333333333334,mean,en,ko,r5,256,512,aligned,ok,0.9296875
Qwen/Qwen2.5-0.5B,23,0.9583333333333334,mean,en,ko,r5,256,512,delta,ok,0.806640625
Qwen/Qwen2.5-0.5B,23,0.9583333333333334,mean,en,ko,r10,256,512,raw,ok,0.25390625
Qwen/Qwen2.5-0.5B,23,0.9583333333333334,mean,en,ko,r10,256,512,aligned,ok,0.96875
Qwen/Qwen2.5-0.5B,23,0.9583333333333334,mean,en,ko,r10,256,512,delta,ok,0.71484375
Qwen/Qwen2.5-0.5B,23,0.9583333333333334,mean,en,ko,mrr,256,512,raw,ok,0.12181211645266193
Qwen/Qwen2.5-0.5B,23,0.9583333333333334,mean,en,ko,mrr,256,512,aligned,ok,0.8135278083293935
Qwen/Qwen2.5-0.5B,23,0.9583333333333334,mean,en,ko,mrr,256,512,delta,ok,0.6917156918767315
Qwen/Qwen2.5-0.5B,23,0.9583333333333334,mean,ko,en,r1,256,512,raw,ok,0.25390625
Qwen/Qwen2.5-0.5B,23,0.9583333333333334,mean,ko,en,r1,256,512,aligned,ok,0.73046875
Qwen/Qwen2.5-0.5B,23,0.9583333333333334,mean,ko,en,r1,256,512,delta,ok,0.4765625
Qwen/Qwen2.5-0.5B,23,0.9583333333333334,mean,ko,en,r5,256,512,raw,ok,0.564453125
Qwen/Qwen2.5-0.5B,23,0.9583333333333334,mean,ko,en,r5,256,512,aligned,ok,0.94140625
Qwen/Qwen2.5-0.5B,23,0.9583333333333334,mean,ko,en,r5,256,512,delta,ok,0.376953125
Qwen/Qwen2.5-0.5B,23,0.9583333333333334,mean,ko,en,r10,256,512,raw,ok,0.677734375
Qwen/Qwen2.5-0.5B,23,0.9583333333333334,mean,ko,en,r10,256,512,aligned,ok,0.978515625
Qwen/Qwen2.5-0.5B,23,0.9583333333333334,mean,ko,en,r10,256,512,delta,ok,0.30078125
Qwen/Qwen2.5-0.5B,23,0.9583333333333334,mean,ko,en,mrr,256,512,raw,ok,0.3966981553257553
Qwen/Qwen2.5-0.5B,23,0.9583333333333334,mean,ko,en,mrr,256,512,aligned,ok,0.8243493901664514
Qwen/Qwen2.5-0.5B,23,0.9583333333333334,mean,ko,en,mrr,256,512,delta,ok,0.42765123484069606
Qwen/Qwen2.5-0.5B,23,0.9583333333333334,mean,en,ja,r1,256,512,raw,ok,0.04296875
Qwen/Qwen2.5-0.5B,23,0.9583333333333334,mean,en,ja,r1,256,512,aligned,ok,0.869140625
Qwen/Qwen2.5-0.5B,23,0.9583333333333334,mean,en,ja,r1,256,512,delta,ok,0.826171875
Qwen/Qwen2.5-0.5B,23,0.9583333333333334,mean,en,ja,r5,256,512,raw,ok,0.384765625
Qwen/Qwen2.5-0.5B,23,0.9583333333333334,mean,en,ja,r5,256,512,aligned,ok,0.97265625
Qwen/Qwen2.5-0.5B,23,0.9583333333333334,mean,en,ja,r5,256,512,delta,ok,0.587890625
Qwen/Qwen2.5-0.5B,23,0.9583333333333334,mean,en,ja,r10,256,512,raw,ok,0.69921875
Qwen/Qwen2.5-0.5B,23,0.9583333333333334,mean,en,ja,r10,256,512,aligned,ok,0.9921875
Qwen/Qwen2.5-0.5B,23,0.9583333333333334,mean,en,ja,r10,256,512,delta,ok,0.29296875
Qwen/Qwen2.5-0.5B,23,0.9583333333333334,mean,en,ja,mrr,256,512,raw,ok,0.2059836718158127
Qwen/Qwen2.5-0.5B,23,0.9583333333333334,mean,en,ja,mrr,256,512,aligned,ok,0.9134485414758853
Qwen/Qwen2.5-0.5B,23,0.9583333333333334,mean,en,ja,mrr,256,512,delta,ok,0.7074648696600726
Qwen/Qwen2.5-0.5B,23,0.9583333333333334,mean,ja,en,r1,256,512,raw,ok,0.388671875
Qwen/Qwen2.5-0.5B,23,0.9583333333333334,mean,ja,en,r1,256,512,aligned,ok,0.845703125
Qwen/Qwen2.5-0.5B,23,0.9583333333333334,mean,ja,en,r1,256,512,delta,ok,0.45703125
Qwen/Qwen2.5-0.5B,23,0.9583333333333334,mean,ja,en,r5,256,512,raw,ok,0.68359375
Qwen/Qwen2.5-0.5B,23,0.9583333333333334,mean,ja,en,r5,256,512,aligned,ok,0.98046875
Qwen/Qwen2.5-0.5B,23,0.9583333333333334,mean,ja,en,r5,256,512,delta,ok,0.296875
Qwen/Qwen2.5-0.5B,23,0.9583333333333334,mean,ja,en,r10,256,512,raw,ok,0.7890625
Qwen/Qwen2.5-0.5B,23,0.9583333333333334,mean,ja,en,r10,256,512,aligned,ok,0.994140625
Qwen/Qwen2.5-0.5B,23,0.9583333333333334,mean,ja,en,r10,256,512,delta,ok,0.205078125
Qwen/Qwen2.5-0.5B,23,0.9583333333333334,mean,ja,en,mrr,256,512,raw,ok,0.5183026804920733
Qwen/Qwen2.5-0.5B,23,0.9583333333333334,mean,ja,en,mrr,256,512,aligned,ok,0.903419237012987
Qwen/Qwen2.5-0.5B,23,0.9583333333333334,mean,ja,en,mrr,256,512,delta,ok,0.3851165565209137
Qwen/Qwen2.5-0.5B,23,0.9583333333333334,mean,en,zh,r1,256,512,raw,ok,0.814453125
Qwen/Qwen2.5-0.5B,23,0.9583333333333334,mean,en,zh,r1,256,512,aligned,ok,0.927734375
Qwen/Qwen2.5-0.5B,23,0.9583333333333334,mean,en,zh,r1,256,512,delta,ok,0.11328125
Qwen/Qwen2.5-0.5B,23,0.9583333333333334,mean,en,zh,r5,256,512,raw,ok,0.962890625
Qwen/Qwen2.5-0.5B,23,0.9583333333333334,mean,en,zh,r5,256,512,aligned,ok,0.9921875
Qwen/Qwen2.5-0.5B,23,0.9583333333333334,mean,en,zh,r5,256,512,delta,ok,0.029296875
Qwen/Qwen2.5-0.5B,23,0.9583333333333334,mean,en,zh,r10,256,512,raw,ok,0.984375
Qwen/Qwen2.5-0.5B,23,0.9583333333333334,mean,en,zh,r10,256,512,aligned,ok,1.0
Qwen/Qwen2.5-0.5B,23,0.9583333333333334,mean,en,zh,r10,256,512,delta,ok,0.015625
Qwen/Qwen2.5-0.5B,23,0.9583333333333334,mean,en,zh,mrr,256,512,raw,ok,0.8805354259455822
Qwen/Qwen2.5-0.5B,23,0.9583333333333334,mean,en,zh,mrr,256,512,aligned,ok,0.9552408854166667
Qwen/Qwen2.5-0.5B,23,0.9583333333333334,mean,en,zh,mrr,256,512,delta,ok,0.07470545947108453
Qwen/Qwen2.5-0.5B,23,0.9583333333333334,mean,zh,en,r1,256,512,raw,ok,0.951171875
Qwen/Qwen2.5-0.5B,23,0.9583333333333334,mean,zh,en,r1,256,512,aligned,ok,0.935546875
Qwen/Qwen2.5-0.5B,23,0.9583333333333334,mean,zh,en,r1,256,512,delta,ok,-0.015625
Qwen/Qwen2.5-0.5B,23,0.9583333333333334,mean,zh,en,r5,256,512,raw,ok,0.9921875
Qwen/Qwen2.5-0.5B,23,0.9583333333333334,mean,zh,en,r5,256,512,aligned,ok,0.994140625
Qwen/Qwen2.5-0.5B,23,0.9583333333333334,mean,zh,en,r5,256,512,delta,ok,0.001953125
Qwen/Qwen2.5-0.5B,23,0.9583333333333334,mean,zh,en,r10,256,512,raw,ok,0.994140625
Qwen/Qwen2.5-0.5B,23,0.9583333333333334,mean,zh,en,r10,256,512,aligned,ok,1.0
Qwen/Qwen2.5-0.5B,23,0.9583333333333334,mean,zh,en,r10,256,512,delta,ok,0.005859375
Qwen/Qwen2.5-0.5B,23,0.9583333333333334,mean,zh,en,mrr,256,512,raw,ok,0.9691297645870652
Qwen/Qwen2.5-0.5B,23,0.9583333333333334,mean,zh,en,mrr,256,512,aligned,ok,0.9626790364583333
Qwen/Qwen2.5-0.5B,23,0.9583333333333334,mean,zh,en,mrr,256,512,delta,ok,-0.006450728128731931
Qwen/Qwen2.5-0.5B,23,0.9583333333333334,mean,ko,ja,r1,256,512,raw,ok,0.23828125
Qwen/Qwen2.5-0.5B,23,0.9583333333333334,mean,ko,ja,r1,256,512,aligned,ok,0.814453125
Qwen/Qwen2.5-0.5B,23,0.9583333333333334,mean,ko,ja,r1,256,512,delta,ok,0.576171875
Qwen/Qwen2.5-0.5B,23,0.9583333333333334,mean,ko,ja,r5,256,512,raw,ok,0.625
Qwen/Qwen2.5-0.5B,23,0.9583333333333334,mean,ko,ja,r5,256,512,aligned,ok,0.943359375
Qwen/Qwen2.5-0.5B,23,0.9583333333333334,mean,ko,ja,r5,256,512,delta,ok,0.318359375
Qwen/Qwen2.5-0.5B,23,0.9583333333333334,mean,ko,ja,r10,256,512,raw,ok,0.734375
Qwen/Qwen2.5-0.5B,23,0.9583333333333334,mean,ko,ja,r10,256,512,aligned,ok,0.966796875
Qwen/Qwen2.5-0.5B,23,0.9583333333333334,mean,ko,ja,r10,256,512,delta,ok,0.232421875
Qwen/Qwen2.5-0.5B,23,0.9583333333333334,mean,ko,ja,mrr,256,512,raw,ok,0.4118805390924753
Qwen/Qwen2.5-0.5B,23,0.9583333333333334,mean,ko,ja,mrr,256,512,aligned,ok,0.8741200453918841
Qwen/Qwen2.5-0.5B,23,0.9583333333333334,mean,ko,ja,mrr,256,512,delta,ok,0.46223950629940885
Qwen/Qwen2.5-0.5B,23,0.9583333333333334,mean,ja,ko,r1,256,512,raw,ok,0.080078125
Qwen/Qwen2.5-0.5B,23,0.9583333333333334,mean,ja,ko,r1,256,512,aligned,ok,0.78515625
Qwen/Qwen2.5-0.5B,23,0.9583333333333334,mean,ja,ko,r1,256,512,delta,ok,0.705078125
Qwen/Qwen2.5-0.5B,23,0.9583333333333334,mean,ja,ko,r5,256,512,raw,ok,0.236328125
Qwen/Qwen2.5-0.5B,23,0.9583333333333334,mean,ja,ko,r5,256,512,aligned,ok,0.9296875
Qwen/Qwen2.5-0.5B,23,0.9583333333333334,mean,ja,ko,r5,256,512,delta,ok,0.693359375
Qwen/Qwen2.5-0.5B,23,0.9583333333333334,mean,ja,ko,r10,256,512,raw,ok,0.380859375
Qwen/Qwen2.5-0.5B,23,0.9583333333333334,mean,ja,ko,r10,256,512,aligned,ok,0.966796875
Qwen/Qwen2.5-0.5B,23,0.9583333333333334,mean,ja,ko,r10,256,512,delta,ok,0.5859375
Qwen/Qwen2.5-0.5B,23,0.9583333333333334,mean,ja,ko,mrr,256,512,raw,ok,0.18121426906307886
Qwen/Qwen2.5-0.5B,23,0.9583333333333334,mean,ja,ko,mrr,256,512,aligned,ok,0.8544505484413216
Qwen/Qwen2.5-0.5B,23,0.9583333333333334,mean,ja,ko,mrr,256,512,delta,ok,0.6732362793782427
Qwen/Qwen2.5-0.5B,23,0.9583333333333334,mean,ko,zh,r1,256,512,raw,ok,0.359375
Qwen/Qwen2.5-0.5B,23,0.9583333333333334,mean,ko,zh,r1,256,512,aligned,ok,0.71875
Qwen/Qwen2.5-0.5B,23,0.9583333333333334,mean,ko,zh,r1,256,512,delta,ok,0.359375
Qwen/Qwen2.5-0.5B,23,0.9583333333333334,mean,ko,zh,r5,256,512,raw,ok,0.60546875
Qwen/Qwen2.5-0.5B,23,0.9583333333333334,mean,ko,zh,r5,256,512,aligned,ok,0.92578125
Qwen/Qwen2.5-0.5B,23,0.9583333333333334,mean,ko,zh,r5,256,512,delta,ok,0.3203125
Qwen/Qwen2.5-0.5B,23,0.9583333333333334,mean,ko,zh,r10,256,512,raw,ok,0.712890625
Qwen/Qwen2.5-0.5B,23,0.9583333333333334,mean,ko,zh,r10,256,512,aligned,ok,0.96484375
Qwen/Qwen2.5-0.5B,23,0.9583333333333334,mean,ko,zh,r10,256,512,delta,ok,0.251953125
Qwen/Qwen2.5-0.5B,23,0.9583333333333334,mean,ko,zh,mrr,256,512,raw,ok,0.47627171654771483
Qwen/Qwen2.5-0.5B,23,0.9583333333333334,mean,ko,zh,mrr,256,512,aligned,ok,0.8112909568124576
Qwen/Qwen2.5-0.5B,23,0.9583333333333334,mean,ko,zh,mrr,256,512,delta,ok,0.3350192402647427
Qwen/Qwen2.5-0.5B,23,0.9583333333333334,mean,zh,ko,r1,256,512,raw,ok,0.07421875
Qwen/Qwen2.5-0.5B,23,0.9583333333333334,mean,zh,ko,r1,256,512,aligned,ok,0.685546875
Qwen/Qwen2.5-0.5B,23,0.9583333333333334,mean,zh,ko,r1,256,512,delta,ok,0.611328125
Qwen/Qwen2.5-0.5B,23,0.9583333333333334,mean,zh,ko,r5,256,512,raw,ok,0.193359375
Qwen/Qwen2.5-0.5B,23,0.9583333333333334,mean,zh,ko,r5,256,512,aligned,ok,0.896484375
Qwen/Qwen2.5-0.5B,23,0.9583333333333334,mean,zh,ko,r5,256,512,delta,ok,0.703125
Qwen/Qwen2.5-0.5B,23,0.9583333333333334,mean,zh,ko,r10,256,512,raw,ok,0.34765625
Qwen/Qwen2.5-0.5B,23,0.9583333333333334,mean,zh,ko,r10,256,512,aligned,ok,0.947265625
Qwen/Qwen2.5-0.5B,23,0.9583333333333334,mean,zh,ko,r10,256,512,delta,ok,0.599609375
Qwen/Qwen2.5-0.5B,23,0.9583333333333334,mean,zh,ko,mrr,256,512,raw,ok,0.16066358724164426
Qwen/Qwen2.5-0.5B,23,0.9583333333333334,mean,zh,ko,mrr,256,512,aligned,ok,0.7837787889596007
Qwen/Qwen2.5-0.5B,23,0.9583333333333334,mean,zh,ko,mrr,256,512,delta,ok,0.6231152017179564
Qwen/Qwen2.5-0.5B,23,0.9583333333333334,mean,ja,zh,r1,256,512,raw,ok,0.708984375
Qwen/Qwen2.5-0.5B,23,0.9583333333333334,mean,ja,zh,r1,256,512,aligned,ok,0.83203125
Qwen/Qwen2.5-0.5B,23,0.9583333333333334,mean,ja,zh,r1,256,512,delta,ok,0.123046875
Qwen/Qwen2.5-0.5B,23,0.9583333333333334,mean,ja,zh,r5,256,512,raw,ok,0.908203125
Qwen/Qwen2.5-0.5B,23,0.9583333333333334,mean,ja,zh,r5,256,512,aligned,ok,0.97265625
Qwen/Qwen2.5-0.5B,23,0.9583333333333334,mean,ja,zh,r5,256,512,delta,ok,0.064453125
Qwen/Qwen2.5-0.5B,23,0.9583333333333334,mean,ja,zh,r10,256,512,raw,ok,0.947265625
Qwen/Qwen2.5-0.5B,23,0.9583333333333334,mean,ja,zh,r10,256,512,aligned,ok,0.994140625
Qwen/Qwen2.5-0.5B,23,0.9583333333333334,mean,ja,zh,r10,256,512,delta,ok,0.046875
Qwen/Qwen2.5-0.5B,23,0.9583333333333334,mean,ja,zh,mrr,256,512,raw,ok,0.7968515746352036
Qwen/Qwen2.5-0.5B,23,0.9583333333333334,mean,ja,zh,mrr,256,512,aligned,ok,0.8974191552804833
Qwen/Qwen2.5-0.5B,23,0.9583333333333334,mean,ja,zh,mrr,256,512,delta,ok,0.10056758064527971
Qwen/Qwen2.5-0.5B,23,0.9583333333333334,mean,zh,ja,r1,256,512,raw,ok,0.193359375
Qwen/Qwen2.5-0.5B,23,0.9583333333333334,mean,zh,ja,r1,256,512,aligned,ok,0.826171875
Qwen/Qwen2.5-0.5B,23,0.9583333333333334,mean,zh,ja,r1,256,512,delta,ok,0.6328125
Qwen/Qwen2.5-0.5B,23,0.9583333333333334,mean,zh,ja,r5,256,512,raw,ok,0.556640625
Qwen/Qwen2.5-0.5B,23,0.9583333333333334,mean,zh,ja,r5,256,512,aligned,ok,0.96484375
Qwen/Qwen2.5-0.5B,23,0.9583333333333334,mean,zh,ja,r5,256,512,delta,ok,0.408203125
Qwen/Qwen2.5-0.5B,23,0.9583333333333334,mean,zh,ja,r10,256,512,raw,ok,0.787109375
Qwen/Qwen2.5-0.5B,23,0.9583333333333334,mean,zh,ja,r10,256,512,aligned,ok,0.98828125
Qwen/Qwen2.5-0.5B,23,0.9583333333333334,mean,zh,ja,r10,256,512,delta,ok,0.201171875
Qwen/Qwen2.5-0.5B,23,0.9583333333333334,mean,zh,ja,mrr,256,512,raw,ok,0.3646700152899443
Qwen/Qwen2.5-0.5B,23,0.9583333333333334,mean,zh,ja,mrr,256,512,aligned,ok,0.886911763806405
Qwen/Qwen2.5-0.5B,23,0.9583333333333334,mean,zh,ja,mrr,256,512,delta,ok,0.5222417485164608
Qwen/Qwen2.5-0.5B,24,1.0,mean,en,ko,r1,256,512,raw,ok,0.00390625
Qwen/Qwen2.5-0.5B,24,1.0,mean,en,ko,r1,256,512,aligned,ok,0.466796875
Qwen/Qwen2.5-0.5B,24,1.0,mean,en,ko,r1,256,512,delta,ok,0.462890625
Qwen/Qwen2.5-0.5B,24,1.0,mean,en,ko,r5,256,512,raw,ok,0.029296875
Qwen/Qwen2.5-0.5B,24,1.0,mean,en,ko,r5,256,512,aligned,ok,0.76953125
Qwen/Qwen2.5-0.5B,24,1.0,mean,en,ko,r5,256,512,delta,ok,0.740234375
Qwen/Qwen2.5-0.5B,24,1.0,mean,en,ko,r10,256,512,raw,ok,0.072265625
Qwen/Qwen2.5-0.5B,24,1.0,mean,en,ko,r10,256,512,aligned,ok,0.8515625
Qwen/Qwen2.5-0.5B,24,1.0,mean,en,ko,r10,256,512,delta,ok,0.779296875
Qwen/Qwen2.5-0.5B,24,1.0,mean,en,ko,mrr,256,512,raw,ok,0.03718469092666364
Qwen/Qwen2.5-0.5B,24,1.0,mean,en,ko,mrr,256,512,aligned,ok,0.5985119297128545
Qwen/Qwen2.5-0.5B,24,1.0,mean,en,ko,mrr,256,512,delta,ok,0.5613272387861908
Qwen/Qwen2.5-0.5B,24,1.0,mean,ko,en,r1,256,512,raw,ok,0.013671875
Qwen/Qwen2.5-0.5B,24,1.0,mean,ko,en,r1,256,512,aligned,ok,0.5625
Qwen/Qwen2.5-0.5B,24,1.0,mean,ko,en,r1,256,512,delta,ok,0.548828125
Qwen/Qwen2.5-0.5B,24,1.0,mean,ko,en,r5,256,512,raw,ok,0.0703125
Qwen/Qwen2.5-0.5B,24,1.0,mean,ko,en,r5,256,512,aligned,ok,0.7890625
Qwen/Qwen2.5-0.5B,24,1.0,mean,ko,en,r5,256,512,delta,ok,0.71875
Qwen/Qwen2.5-0.5B,24,1.0,mean,ko,en,r10,256,512,raw,ok,0.10546875
Qwen/Qwen2.5-0.5B,24,1.0,mean,ko,en,r10,256,512,aligned,ok,0.87109375
Qwen/Qwen2.5-0.5B,24,1.0,mean,ko,en,r10,256,512,delta,ok,0.765625
Qwen/Qwen2.5-0.5B,24,1.0,mean,ko,en,mrr,256,512,raw,ok,0.05047240833201811
Qwen/Qwen2.5-0.5B,24,1.0,mean,ko,en,mrr,256,512,aligned,ok,0.6712143074813843
Qwen/Qwen2.5-0.5B,24,1.0,mean,ko,en,mrr,256,512,delta,ok,0.6207418991493662
Qwen/Qwen2.5-0.5B,24,1.0,mean,en,ja,r1,256,512,raw,ok,0.001953125
Qwen/Qwen2.5-0.5B,24,1.0,mean,en,ja,r1,256,512,aligned,ok,0.650390625
Qwen/Qwen2.5-0.5B,24,1.0,mean,en,ja,r1,256,512,delta,ok,0.6484375
Qwen/Qwen2.5-0.5B,24,1.0,mean,en,ja,r5,256,512,raw,ok,0.029296875
Qwen/Qwen2.5-0.5B,24,1.0,mean,en,ja,r5,256,512,aligned,ok,0.875
Qwen/Qwen2.5-0.5B,24,1.0,mean,en,ja,r5,256,512,delta,ok,0.845703125
Qwen/Qwen2.5-0.5B,24,1.0,mean,en,ja,r10,256,512,raw,ok,0.115234375
Qwen/Qwen2.5-0.5B,24,1.0,mean,en,ja,r10,256,512,aligned,ok,0.91796875
Qwen/Qwen2.5-0.5B,24,1.0,mean,en,ja,r10,256,512,delta,ok,0.802734375
Qwen/Qwen2.5-0.5B,24,1.0,mean,en,ja,mrr,256,512,raw,ok,0.03995642536339147
Qwen/Qwen2.5-0.5B,24,1.0,mean,en,ja,mrr,256,512,aligned,ok,0.7519530878691277
Qwen/Qwen2.5-0.5B,24,1.0,mean,en,ja,mrr,256,512,delta,ok,0.7119966625057362
Qwen/Qwen2.5-0.5B,24,1.0,mean,ja,en,r1,256,512,raw,ok,0.1015625
Qwen/Qwen2.5-0.5B,24,1.0,mean,ja,en,r1,256,512,aligned,ok,0.66015625
Qwen/Qwen2.5-0.5B,24,1.0,mean,ja,en,r1,256,512,delta,ok,0.55859375
Qwen/Qwen2.5-0.5B,24,1.0,mean,ja,en,r5,256,512,raw,ok,0.208984375
Qwen/Qwen2.5-0.5B,24,1.0,mean,ja,en,r5,256,512,aligned,ok,0.896484375
Qwen/Qwen2.5-0.5B,24,1.0,mean,ja,en,r5,256,512,delta,ok,0.6875
Qwen/Qwen2.5-0.5B,24,1.0,mean,ja,en,r10,256,512,raw,ok,0.25
Qwen/Qwen2.5-0.5B,24,1.0,mean,ja,en,r10,256,512,aligned,ok,0.94140625
Qwen/Qwen2.5-0.5B,24,1.0,mean,ja,en,r10,256,512,delta,ok,0.69140625
Qwen/Qwen2.5-0.5B,24,1.0,mean,ja,en,mrr,256,512,raw,ok,0.16036188339327323
Qwen/Qwen2.5-0.5B,24,1.0,mean,ja,en,mrr,256,512,aligned,ok,0.7622718331444236
Qwen/Qwen2.5-0.5B,24,1.0,mean,ja,en,mrr,256,512,delta,ok,0.6019099497511504
Qwen/Qwen2.5-0.5B,24,1.0,mean,en,zh,r1,256,512,raw,ok,0.001953125
Qwen/Qwen2.5-0.5B,24,1.0,mean,en,zh,r1,256,512,aligned,ok,0.802734375
Qwen/Qwen2.5-0.5B,24,1.0,mean,en,zh,r1,256,512,delta,ok,0.80078125
Qwen/Qwen2.5-0.5B,24,1.0,mean,en,zh,r5,256,512,raw,ok,0.03515625
Qwen/Qwen2.5-0.5B,24,1.0,mean,en,zh,r5,256,512,aligned,ok,0.9296875
Qwen/Qwen2.5-0.5B,24,1.0,mean,en,zh,r5,256,512,delta,ok,0.89453125
Qwen/Qwen2.5-0.5B,24,1.0,mean,en,zh,r10,256,512,raw,ok,0.064453125
Qwen/Qwen2.5-0.5B,24,1.0,mean,en,zh,r10,256,512,aligned,ok,0.955078125
Qwen/Qwen2.5-0.5B,24,1.0,mean,en,zh,r10,256,512,delta,ok,0.890625
Qwen/Qwen2.5-0.5B,24,1.0,mean,en,zh,mrr,256,512,raw,ok,0.03151967035100478
Qwen/Qwen2.5-0.5B,24,1.0,mean,en,zh,mrr,256,512,aligned,ok,0.8582748330418413
Qwen/Qwen2.5-0.5B,24,1.0,mean,en,zh,mrr,256,512,delta,ok,0.8267551626908365
Qwen/Qwen2.5-0.5B,24,1.0,mean,zh,en,r1,256,512,raw,ok,0.1875
Qwen/Qwen2.5-0.5B,24,1.0,mean,zh,en,r1,256,512,aligned,ok,0.779296875
Qwen/Qwen2.5-0.5B,24,1.0,mean,zh,en,r1,256,512,delta,ok,0.591796875
Qwen/Qwen2.5-0.5B,24,1.0,mean,zh,en,r5,256,512,raw,ok,0.48046875
Qwen/Qwen2.5-0.5B,24,1.0,mean,zh,en,r5,256,512,aligned,ok,0.9296875
Qwen/Qwen2.5-0.5B,24,1.0,mean,zh,en,r5,256,512,delta,ok,0.44921875
Qwen/Qwen2.5-0.5B,24,1.0,mean,zh,en,r10,256,512,raw,ok,0.58984375
Qwen/Qwen2.5-0.5B,24,1.0,mean,zh,en,r10,256,512,aligned,ok,0.96484375
Qwen/Qwen2.5-0.5B,24,1.0,mean,zh,en,r10,256,512,delta,ok,0.375
Qwen/Qwen2.5-0.5B,24,1.0,mean,zh,en,mrr,256,512,raw,ok,0.32564540510534745
Qwen/Qwen2.5-0.5B,24,1.0,mean,zh,en,mrr,256,512,aligned,ok,0.8496069854913861
Qwen/Qwen2.5-0.5B,24,1.0,mean,zh,en,mrr,256,512,delta,ok,0.5239615803860387
Qwen/Qwen2.5-0.5B,24,1.0,mean,ko,ja,r1,256,512,raw,ok,0.068359375
Qwen/Qwen2.5-0.5B,24,1.0,mean,ko,ja,r1,256,512,aligned,ok,0.59375
Qwen/Qwen2.5-0.5B,24,1.0,mean,ko,ja,r1,256,512,delta,ok,0.525390625
Qwen/Qwen2.5-0.5B,24,1.0,mean,ko,ja,r5,256,512,raw,ok,0.126953125
Qwen/Qwen2.5-0.5B,24,1.0,mean,ko,ja,r5,256,512,aligned,ok,0.810546875
Qwen/Qwen2.5-0.5B,24,1.0,mean,ko,ja,r5,256,512,delta,ok,0.68359375
Qwen/Qwen2.5-0.5B,24,1.0,mean,ko,ja,r10,256,512,raw,ok,0.1796875
Qwen/Qwen2.5-0.5B,24,1.0,mean,ko,ja,r10,256,512,aligned,ok,0.865234375
Qwen/Qwen2.5-0.5B,24,1.0,mean,ko,ja,r10,256,512,delta,ok,0.685546875
Qwen/Qwen2.5-0.5B,24,1.0,mean,ko,ja,mrr,256,512,raw,ok,0.11090432082909289
Qwen/Qwen2.5-0.5B,24,1.0,mean,ko,ja,mrr,256,512,aligned,ok,0.687776874541201
Qwen/Qwen2.5-0.5B,24,1.0,mean,ko,ja,mrr,256,512,delta,ok,0.5768725537121081
Qwen/Qwen2.5-0.5B,24,1.0,mean,ja,ko,r1,256,512,raw,ok,0.015625
Qwen/Qwen2.5-0.5B,24,1.0,mean,ja,ko,r1,256,512,aligned,ok,0.55859375
Qwen/Qwen2.5-0.5B,24,1.0,mean,ja,ko,r1,256,512,delta,ok,0.54296875
Qwen/Qwen2.5-0.5B,24,1.0,mean,ja,ko,r5,256,512,raw,ok,0.048828125
Qwen/Qwen2.5-0.5B,24,1.0,mean,ja,ko,r5,256,512,aligned,ok,0.78515625
Qwen/Qwen2.5-0.5B,24,1.0,mean,ja,ko,r5,256,512,delta,ok,0.736328125
Qwen/Qwen2.5-0.5B,24,1.0,mean,ja,ko,r10,256,512,raw,ok,0.140625
Qwen/Qwen2.5-0.5B,24,1.0,mean,ja,ko,r10,256,512,aligned,ok,0.857421875
Qwen/Qwen2.5-0.5B,24,1.0,mean,ja,ko,r10,256,512,delta,ok,0.716796875
Qwen/Qwen2.5-0.5B,24,1.0,mean,ja,ko,mrr,256,512,raw,ok,0.056259814259745036
Qwen/Qwen2.5-0.5B,24,1.0,mean,ja,ko,mrr,256,512,aligned,ok,0.6616780726917686
Qwen/Qwen2.5-0.5B,24,1.0,mean,ja,ko,mrr,256,512,delta,ok,0.6054182584320236
Qwen/Qwen2.5-0.5B,24,1.0,mean,ko,zh,r1,256,512,raw,ok,0.033203125
Qwen/Qwen2.5-0.5B,24,1.0,mean,ko,zh,r1,256,512,aligned,ok,0.5390625
Qwen/Qwen2.5-0.5B,24,1.0,mean,ko,zh,r1,256,512,delta,ok,0.505859375
Qwen/Qwen2.5-0.5B,24,1.0,mean,ko,zh,r5,256,512,raw,ok,0.052734375
Qwen/Qwen2.5-0.5B,24,1.0,mean,ko,zh,r5,256,512,aligned,ok,0.775390625
Qwen/Qwen2.5-0.5B,24,1.0,mean,ko,zh,r5,256,512,delta,ok,0.72265625
Qwen/Qwen2.5-0.5B,24,1.0,mean,ko,zh,r10,256,512,raw,ok,0.083984375
Qwen/Qwen2.5-0.5B,24,1.0,mean,ko,zh,r10,256,512,aligned,ok,0.841796875
Qwen/Qwen2.5-0.5B,24,1.0,mean,ko,zh,r10,256,512,delta,ok,0.7578125
Qwen/Qwen2.5-0.5B,24,1.0,mean,ko,zh,mrr,256,512,raw,ok,0.05802702225502217
Qwen/Qwen2.5-0.5B,24,1.0,mean,ko,zh,mrr,256,512,aligned,ok,0.6440081261701507
Qwen/Qwen2.5-0.5B,24,1.0,mean,ko,zh,mrr,256,512,delta,ok,0.5859811039151285
Qwen/Qwen2.5-0.5B,24,1.0,mean,zh,ko,r1,256,512,raw,ok,0.017578125
Qwen/Qwen2.5-0.5B,24,1.0,mean,zh,ko,r1,256,512,aligned,ok,0.455078125
Qwen/Qwen2.5-0.5B,24,1.0,mean,zh,ko,r1,256,512,delta,ok,0.4375
Qwen/Qwen2.5-0.5B,24,1.0,mean,zh,ko,r5,256,512,raw,ok,0.119140625
Qwen/Qwen2.5-0.5B,24,1.0,mean,zh,ko,r5,256,512,aligned,ok,0.697265625
Qwen/Qwen2.5-0.5B,24,1.0,mean,zh,ko,r5,256,512,delta,ok,0.578125
Qwen/Qwen2.5-0.5B,24,1.0,mean,zh,ko,r10,256,512,raw,ok,0.2578125
Qwen/Qwen2.5-0.5B,24,1.0,mean,zh,ko,r10,256,512,aligned,ok,0.78125
Qwen/Qwen2.5-0.5B,24,1.0,mean,zh,ko,r10,256,512,delta,ok,0.5234375
Qwen/Qwen2.5-0.5B,24,1.0,mean,zh,ko,mrr,256,512,raw,ok,0.08995286082723752
Qwen/Qwen2.5-0.5B,24,1.0,mean,zh,ko,mrr,256,512,aligned,ok,0.5698714992516513
Qwen/Qwen2.5-0.5B,24,1.0,mean,zh,ko,mrr,256,512,delta,ok,0.47991863842441373
Qwen/Qwen2.5-0.5B,24,1.0,mean,ja,zh,r1,256,512,raw,ok,0.0703125
Qwen/Qwen2.5-0.5B,24,1.0,mean,ja,zh,r1,256,512,aligned,ok,0.712890625
Qwen/Qwen2.5-0.5B,24,1.0,mean,ja,zh,r1,256,512,delta,ok,0.642578125
Qwen/Qwen2.5-0.5B,24,1.0,mean,ja,zh,r5,256,512,raw,ok,0.1953125
Qwen/Qwen2.5-0.5B,24,1.0,mean,ja,zh,r5,256,512,aligned,ok,0.880859375
Qwen/Qwen2.5-0.5B,24,1.0,mean,ja,zh,r5,256,512,delta,ok,0.685546875
Qwen/Qwen2.5-0.5B,24,1.0,mean,ja,zh,r10,256,512,raw,ok,0.255859375
Qwen/Qwen2.5-0.5B,24,1.0,mean,ja,zh,r10,256,512,aligned,ok,0.92578125
Qwen/Qwen2.5-0.5B,24,1.0,mean,ja,zh,r10,256,512,delta,ok,0.669921875
Qwen/Qwen2.5-0.5B,24,1.0,mean,ja,zh,mrr,256,512,raw,ok,0.13737283753741736
Qwen/Qwen2.5-0.5B,24,1.0,mean,ja,zh,mrr,256,512,aligned,ok,0.7896453715361252
Qwen/Qwen2.5-0.5B,24,1.0,mean,ja,zh,mrr,256,512,delta,ok,0.6522725339987079
Qwen/Qwen2.5-0.5B,24,1.0,mean,zh,ja,r1,256,512,raw,ok,0.00390625
Qwen/Qwen2.5-0.5B,24,1.0,mean,zh,ja,r1,256,512,aligned,ok,0.65625
Qwen/Qwen2.5-0.5B,24,1.0,mean,zh,ja,r1,256,512,delta,ok,0.65234375
Qwen/Qwen2.5-0.5B,24,1.0,mean,zh,ja,r5,256,512,raw,ok,0.05078125
Qwen/Qwen2.5-0.5B,24,1.0,mean,zh,ja,r5,256,512,aligned,ok,0.869140625
Qwen/Qwen2.5-0.5B,24,1.0,mean,zh,ja,r5,256,512,delta,ok,0.818359375
Qwen/Qwen2.5-0.5B,24,1.0,mean,zh,ja,r10,256,512,raw,ok,0.078125
Qwen/Qwen2.5-0.5B,24,1.0,mean,zh,ja,r10,256,512,aligned,ok,0.916015625
Qwen/Qwen2.5-0.5B,24,1.0,mean,zh,ja,r10,256,512,delta,ok,0.837890625
Qwen/Qwen2.5-0.5B,24,1.0,mean,zh,ja,mrr,256,512,raw,ok,0.04047837273240151
Qwen/Qwen2.5-0.5B,24,1.0,mean,zh,ja,mrr,256,512,aligned,ok,0.7557708919111645
Qwen/Qwen2.5-0.5B,24,1.0,mean,zh,ja,mrr,256,512,delta,ok,0.715292519178763
