model,layer,normalized_depth,pooling,language,source_language,target_language,n,metric,value
Qwen/Qwen2.5-0.5B,0,0.0,last_token,en,,,512,centroid_norm,0.9496034979820251
Qwen/Qwen2.5-0.5B,0,0.0,last_token,en,,,512,within_language_cosine,0.9015545331801921
Qwen/Qwen2.5-0.5B,0,0.0,last_token,en,,,512,stable_rank,1.4239628903724637
Qwen/Qwen2.5-0.5B,0,0.0,last_token,ko,,,512,centroid_norm,0.9415696859359741
Qwen/Qwen2.5-0.5B,0,0.0,last_token,ko,,,512,within_language_cosine,0.8863314574478657
Qwen/Qwen2.5-0.5B,0,0.0,last_token,ko,,,512,stable_rank,1.3797157293066362
Qwen/Qwen2.5-0.5B,0,0.0,last_token,ja,,,512,centroid_norm,0.9932417273521423
Qwen/Qwen2.5-0.5B,0,0.0,last_token,ja,,,512,within_language_cosine,0.986502750045866
Qwen/Qwen2.5-0.5B,0,0.0,last_token,ja,,,512,stable_rank,1.2116612154929585
Qwen/Qwen2.5-0.5B,0,0.0,last_token,zh,,,512,centroid_norm,0.952608585357666
Qwen/Qwen2.5-0.5B,0,0.0,last_token,zh,,,512,within_language_cosine,0.9072820435764738
Qwen/Qwen2.5-0.5B,0,0.0,last_token,zh,,,512,stable_rank,1.5436983440966243
Qwen/Qwen2.5-0.5B,0,0.0,last_token,,en,ko,512,matched_cosine,0.9386454820632935
Qwen/Qwen2.5-0.5B,0,0.0,last_token,,en,ko,512,unmatched_cosine,0.9029120206832886
Qwen/Qwen2.5-0.5B,0,0.0,last_token,,en,ko,512,cosine_margin,0.03573346138000488
Qwen/Qwen2.5-0.5B,0,0.0,last_token,,en,ja,512,matched_cosine,0.42712870240211487
Qwen/Qwen2.5-0.5B,0,0.0,last_token,,en,ja,512,unmatched_cosine,0.41961413621902466
Qwen/Qwen2.5-0.5B,0,0.0,last_token,,en,ja,512,cosine_margin,0.00751456618309021
Qwen/Qwen2.5-0.5B,0,0.0,last_token,,en,zh,512,matched_cosine,0.42483004927635193
Qwen/Qwen2.5-0.5B,0,0.0,last_token,,en,zh,512,unmatched_cosine,0.38731610774993896
Qwen/Qwen2.5-0.5B,0,0.0,last_token,,en,zh,512,cosine_margin,0.037513941526412964
Qwen/Qwen2.5-0.5B,0,0.0,last_token,,ko,en,512,matched_cosine,0.9386454820632935
Qwen/Qwen2.5-0.5B,0,0.0,last_token,,ko,en,512,unmatched_cosine,0.897234320640564
Qwen/Qwen2.5-0.5B,0,0.0,last_token,,ko,en,512,cosine_margin,0.04141116142272949
Qwen/Qwen2.5-0.5B,0,0.0,last_token,,ko,ja,512,matched_cosine,0.4232840836048126
Qwen/Qwen2.5-0.5B,0,0.0,last_token,,ko,ja,512,unmatched_cosine,0.4185689687728882
Qwen/Qwen2.5-0.5B,0,0.0,last_token,,ko,ja,512,cosine_margin,0.0047151148319244385
Qwen/Qwen2.5-0.5B,0,0.0,last_token,,ko,zh,512,matched_cosine,0.41013985872268677
Qwen/Qwen2.5-0.5B,0,0.0,last_token,,ko,zh,512,unmatched_cosine,0.3847690224647522
Qwen/Qwen2.5-0.5B,0,0.0,last_token,,ko,zh,512,cosine_margin,0.02537083625793457
Qwen/Qwen2.5-0.5B,0,0.0,last_token,,ja,en,512,matched_cosine,0.42712870240211487
Qwen/Qwen2.5-0.5B,0,0.0,last_token,,ja,en,512,unmatched_cosine,0.4189297556877136
Qwen/Qwen2.5-0.5B,0,0.0,last_token,,ja,en,512,cosine_margin,0.008198946714401245
Qwen/Qwen2.5-0.5B,0,0.0,last_token,,ja,ko,512,matched_cosine,0.4232840836048126
Qwen/Qwen2.5-0.5B,0,0.0,last_token,,ja,ko,512,unmatched_cosine,0.41698652505874634
Qwen/Qwen2.5-0.5B,0,0.0,last_token,,ja,ko,512,cosine_margin,0.006297558546066284
Qwen/Qwen2.5-0.5B,0,0.0,last_token,,ja,zh,512,matched_cosine,0.9560672044754028
Qwen/Qwen2.5-0.5B,0,0.0,last_token,,ja,zh,512,unmatched_cosine,0.944599986076355
Qwen/Qwen2.5-0.5B,0,0.0,last_token,,ja,zh,512,cosine_margin,0.011467218399047852
Qwen/Qwen2.5-0.5B,0,0.0,last_token,,zh,en,512,matched_cosine,0.42483004927635193
Qwen/Qwen2.5-0.5B,0,0.0,last_token,,zh,en,512,unmatched_cosine,0.38952094316482544
Qwen/Qwen2.5-0.5B,0,0.0,last_token,,zh,en,512,cosine_margin,0.03530910611152649
Qwen/Qwen2.5-0.5B,0,0.0,last_token,,zh,ko,512,matched_cosine,0.41013985872268677
Qwen/Qwen2.5-0.5B,0,0.0,last_token,,zh,ko,512,unmatched_cosine,0.386783242225647
Qwen/Qwen2.5-0.5B,0,0.0,last_token,,zh,ko,512,cosine_margin,0.023356616497039795
Qwen/Qwen2.5-0.5B,0,0.0,last_token,,zh,ja,512,matched_cosine,0.9560672044754028
Qwen/Qwen2.5-0.5B,0,0.0,last_token,,zh,ja,512,unmatched_cosine,0.946026623249054
Qwen/Qwen2.5-0.5B,0,0.0,last_token,,zh,ja,512,cosine_margin,0.010040581226348877
Qwen/Qwen2.5-0.5B,1,0.041666666666666664,last_token,en,,,512,centroid_norm,0.960228681564331
Qwen/Qwen2.5-0.5B,1,0.041666666666666664,last_token,en,,,512,within_language_cosine,0.9218865859298557
Qwen/Qwen2.5-0.5B,1,0.041666666666666664,last_token,en,,,512,stable_rank,3.5396317533957578
Qwen/Qwen2.5-0.5B,1,0.041666666666666664,last_token,ko,,,512,centroid_norm,0.9552061557769775
Qwen/Qwen2.5-0.5B,1,0.041666666666666664,last_token,ko,,,512,within_language_cosine,0.9122473908963735
Qwen/Qwen2.5-0.5B,1,0.041666666666666664,last_token,ko,,,512,stable_rank,2.2285037851023533
Qwen/Qwen2.5-0.5B,1,0.041666666666666664,last_token,ja,,,512,centroid_norm,0.9942165017127991
Qwen/Qwen2.5-0.5B,1,0.041666666666666664,last_token,ja,,,512,within_language_cosine,0.9884439307882827
Qwen/Qwen2.5-0.5B,1,0.041666666666666664,last_token,ja,,,512,stable_rank,2.3879824227974042
Qwen/Qwen2.5-0.5B,1,0.041666666666666664,last_token,zh,,,512,centroid_norm,0.9709091782569885
Qwen/Qwen2.5-0.5B,1,0.041666666666666664,last_token,zh,,,512,within_language_cosine,0.9425524806789689
Qwen/Qwen2.5-0.5B,1,0.041666666666666664,last_token,zh,,,512,stable_rank,3.490928758535231
Qwen/Qwen2.5-0.5B,1,0.041666666666666664,last_token,,en,ko,512,matched_cosine,0.9253032803535461
Qwen/Qwen2.5-0.5B,1,0.041666666666666664,last_token,,en,ko,512,unmatched_cosine,0.8983684182167053
Qwen/Qwen2.5-0.5B,1,0.041666666666666664,last_token,,en,ko,512,cosine_margin,0.02693486213684082
Qwen/Qwen2.5-0.5B,1,0.041666666666666664,last_token,,en,ja,512,matched_cosine,0.8171480894088745
Qwen/Qwen2.5-0.5B,1,0.041666666666666664,last_token,,en,ja,512,unmatched_cosine,0.8113980293273926
Qwen/Qwen2.5-0.5B,1,0.041666666666666664,last_token,,en,ja,512,cosine_margin,0.005750060081481934
Qwen/Qwen2.5-0.5B,1,0.041666666666666664,last_token,,en,zh,512,matched_cosine,0.8382428884506226
Qwen/Qwen2.5-0.5B,1,0.041666666666666664,last_token,,en,zh,512,unmatched_cosine,0.808225154876709
Qwen/Qwen2.5-0.5B,1,0.041666666666666664,last_token,,en,zh,512,cosine_margin,0.030017733573913574
Qwen/Qwen2.5-0.5B,1,0.041666666666666664,last_token,,ko,en,512,matched_cosine,0.9253032803535461
Qwen/Qwen2.5-0.5B,1,0.041666666666666664,last_token,,ko,en,512,unmatched_cosine,0.8961328268051147
Qwen/Qwen2.5-0.5B,1,0.041666666666666664,last_token,,ko,en,512,cosine_margin,0.029170453548431396
Qwen/Qwen2.5-0.5B,1,0.041666666666666664,last_token,,ko,ja,512,matched_cosine,0.8181244134902954
Qwen/Qwen2.5-0.5B,1,0.041666666666666664,last_token,,ko,ja,512,unmatched_cosine,0.8124750256538391
Qwen/Qwen2.5-0.5B,1,0.041666666666666664,last_token,,ko,ja,512,cosine_margin,0.005649387836456299
Qwen/Qwen2.5-0.5B,1,0.041666666666666664,last_token,,ko,zh,512,matched_cosine,0.8124873638153076
Qwen/Qwen2.5-0.5B,1,0.041666666666666664,last_token,,ko,zh,512,unmatched_cosine,0.792878270149231
Qwen/Qwen2.5-0.5B,1,0.041666666666666664,last_token,,ko,zh,512,cosine_margin,0.01960909366607666
Qwen/Qwen2.5-0.5B,1,0.041666666666666664,last_token,,ja,en,512,matched_cosine,0.8171480894088745
Qwen/Qwen2.5-0.5B,1,0.041666666666666664,last_token,,ja,en,512,unmatched_cosine,0.8115978837013245
Qwen/Qwen2.5-0.5B,1,0.041666666666666664,last_token,,ja,en,512,cosine_margin,0.005550205707550049
Qwen/Qwen2.5-0.5B,1,0.041666666666666664,last_token,,ja,ko,512,matched_cosine,0.8181244134902954
Qwen/Qwen2.5-0.5B,1,0.041666666666666664,last_token,,ja,ko,512,unmatched_cosine,0.8123211860656738
Qwen/Qwen2.5-0.5B,1,0.041666666666666664,last_token,,ja,ko,512,cosine_margin,0.005803227424621582
Qwen/Qwen2.5-0.5B,1,0.041666666666666664,last_token,,ja,zh,512,matched_cosine,0.9570485353469849
Qwen/Qwen2.5-0.5B,1,0.041666666666666664,last_token,,ja,zh,512,unmatched_cosine,0.9501808881759644
Qwen/Qwen2.5-0.5B,1,0.041666666666666664,last_token,,ja,zh,512,cosine_margin,0.006867647171020508
Qwen/Qwen2.5-0.5B,1,0.041666666666666664,last_token,,zh,en,512,matched_cosine,0.8382428884506226
Qwen/Qwen2.5-0.5B,1,0.041666666666666664,last_token,,zh,en,512,unmatched_cosine,0.8078287243843079
Qwen/Qwen2.5-0.5B,1,0.041666666666666664,last_token,,zh,en,512,cosine_margin,0.030414164066314697
Qwen/Qwen2.5-0.5B,1,0.041666666666666664,last_token,,zh,ko,512,matched_cosine,0.8124873638153076
Qwen/Qwen2.5-0.5B,1,0.041666666666666664,last_token,,zh,ko,512,unmatched_cosine,0.794074296951294
Qwen/Qwen2.5-0.5B,1,0.041666666666666664,last_token,,zh,ko,512,cosine_margin,0.018413066864013672
Qwen/Qwen2.5-0.5B,1,0.041666666666666664,last_token,,zh,ja,512,matched_cosine,0.9570485353469849
Qwen/Qwen2.5-0.5B,1,0.041666666666666664,last_token,,zh,ja,512,unmatched_cosine,0.9499844312667847
Qwen/Qwen2.5-0.5B,1,0.041666666666666664,last_token,,zh,ja,512,cosine_margin,0.007064104080200195
Qwen/Qwen2.5-0.5B,2,0.08333333333333333,last_token,en,,,512,centroid_norm,0.9752829670906067
Qwen/Qwen2.5-0.5B,2,0.08333333333333333,last_token,en,,,512,within_language_cosine,0.9510813375275196
Qwen/Qwen2.5-0.5B,2,0.08333333333333333,last_token,en,,,512,stable_rank,5.8885983585764885
Qwen/Qwen2.5-0.5B,2,0.08333333333333333,last_token,ko,,,512,centroid_norm,0.9723573923110962
Qwen/Qwen2.5-0.5B,2,0.08333333333333333,last_token,ko,,,512,within_language_cosine,0.9453722212879159
Qwen/Qwen2.5-0.5B,2,0.08333333333333333,last_token,ko,,,512,stable_rank,2.3621252340722836
Qwen/Qwen2.5-0.5B,2,0.08333333333333333,last_token,ja,,,512,centroid_norm,0.9936704039573669
Qwen/Qwen2.5-0.5B,2,0.08333333333333333,last_token,ja,,,512,within_language_cosine,0.9873561672501835
Qwen/Qwen2.5-0.5B,2,0.08333333333333333,last_token,ja,,,512,stable_rank,4.675417585913807
Qwen/Qwen2.5-0.5B,2,0.08333333333333333,last_token,zh,,,512,centroid_norm,0.9790483117103577
Qwen/Qwen2.5-0.5B,2,0.08333333333333333,last_token,zh,,,512,within_language_cosine,0.9584544082910348
Qwen/Qwen2.5-0.5B,2,0.08333333333333333,last_token,zh,,,512,stable_rank,5.376390306931778
Qwen/Qwen2.5-0.5B,2,0.08333333333333333,last_token,,en,ko,512,matched_cosine,0.9131214618682861
Qwen/Qwen2.5-0.5B,2,0.08333333333333333,last_token,,en,ko,512,unmatched_cosine,0.8999561667442322
Qwen/Qwen2.5-0.5B,2,0.08333333333333333,last_token,,en,ko,512,cosine_margin,0.013165295124053955
Qwen/Qwen2.5-0.5B,2,0.08333333333333333,last_token,,en,ja,512,matched_cosine,0.8725287914276123
Qwen/Qwen2.5-0.5B,2,0.08333333333333333,last_token,,en,ja,512,unmatched_cosine,0.8681467771530151
Qwen/Qwen2.5-0.5B,2,0.08333333333333333,last_token,,en,ja,512,cosine_margin,0.004382014274597168
Qwen/Qwen2.5-0.5B,2,0.08333333333333333,last_token,,en,zh,512,matched_cosine,0.9172791838645935
Qwen/Qwen2.5-0.5B,2,0.08333333333333333,last_token,,en,zh,512,unmatched_cosine,0.896104633808136
Qwen/Qwen2.5-0.5B,2,0.08333333333333333,last_token,,en,zh,512,cosine_margin,0.02117455005645752
Qwen/Qwen2.5-0.5B,2,0.08333333333333333,last_token,,ko,en,512,matched_cosine,0.9131214618682861
Qwen/Qwen2.5-0.5B,2,0.08333333333333333,last_token,,ko,en,512,unmatched_cosine,0.8990910649299622
Qwen/Qwen2.5-0.5B,2,0.08333333333333333,last_token,,ko,en,512,cosine_margin,0.014030396938323975
Qwen/Qwen2.5-0.5B,2,0.08333333333333333,last_token,,ko,ja,512,matched_cosine,0.9019389152526855
Qwen/Qwen2.5-0.5B,2,0.08333333333333333,last_token,,ko,ja,512,unmatched_cosine,0.8977807760238647
Qwen/Qwen2.5-0.5B,2,0.08333333333333333,last_token,,ko,ja,512,cosine_margin,0.004158139228820801
Qwen/Qwen2.5-0.5B,2,0.08333333333333333,last_token,,ko,zh,512,matched_cosine,0.8833739757537842
Qwen/Qwen2.5-0.5B,2,0.08333333333333333,last_token,,ko,zh,512,unmatched_cosine,0.8726975321769714
Qwen/Qwen2.5-0.5B,2,0.08333333333333333,last_token,,ko,zh,512,cosine_margin,0.010676443576812744
Qwen/Qwen2.5-0.5B,2,0.08333333333333333,last_token,,ja,en,512,matched_cosine,0.8725287914276123
Qwen/Qwen2.5-0.5B,2,0.08333333333333333,last_token,,ja,en,512,unmatched_cosine,0.8678550124168396
Qwen/Qwen2.5-0.5B,2,0.08333333333333333,last_token,,ja,en,512,cosine_margin,0.004673779010772705
Qwen/Qwen2.5-0.5B,2,0.08333333333333333,last_token,,ja,ko,512,matched_cosine,0.9019389152526855
Qwen/Qwen2.5-0.5B,2,0.08333333333333333,last_token,,ja,ko,512,unmatched_cosine,0.897754430770874
Qwen/Qwen2.5-0.5B,2,0.08333333333333333,last_token,,ja,ko,512,cosine_margin,0.0041844844818115234
Qwen/Qwen2.5-0.5B,2,0.08333333333333333,last_token,,ja,zh,512,matched_cosine,0.9180604815483093
Qwen/Qwen2.5-0.5B,2,0.08333333333333333,last_token,,ja,zh,512,unmatched_cosine,0.9125496745109558
Qwen/Qwen2.5-0.5B,2,0.08333333333333333,last_token,,ja,zh,512,cosine_margin,0.005510807037353516
Qwen/Qwen2.5-0.5B,2,0.08333333333333333,last_token,,zh,en,512,matched_cosine,0.9172791838645935
Qwen/Qwen2.5-0.5B,2,0.08333333333333333,last_token,,zh,en,512,unmatched_cosine,0.8957865238189697
Qwen/Qwen2.5-0.5B,2,0.08333333333333333,last_token,,zh,en,512,cosine_margin,0.02149266004562378
Qwen/Qwen2.5-0.5B,2,0.08333333333333333,last_token,,zh,ko,512,matched_cosine,0.8833739757537842
Qwen/Qwen2.5-0.5B,2,0.08333333333333333,last_token,,zh,ko,512,unmatched_cosine,0.8730902671813965
Qwen/Qwen2.5-0.5B,2,0.08333333333333333,last_token,,zh,ko,512,cosine_margin,0.010283708572387695
Qwen/Qwen2.5-0.5B,2,0.08333333333333333,last_token,,zh,ja,512,matched_cosine,0.9180604815483093
Qwen/Qwen2.5-0.5B,2,0.08333333333333333,last_token,,zh,ja,512,unmatched_cosine,0.91261225938797
Qwen/Qwen2.5-0.5B,2,0.08333333333333333,last_token,,zh,ja,512,cosine_margin,0.0054482221603393555
Qwen/Qwen2.5-0.5B,3,0.125,last_token,en,,,512,centroid_norm,0.9682101607322693
Qwen/Qwen2.5-0.5B,3,0.125,last_token,en,,,512,within_language_cosine,0.937308414108366
Qwen/Qwen2.5-0.5B,3,0.125,last_token,en,,,512,stable_rank,6.515300012628749
Qwen/Qwen2.5-0.5B,3,0.125,last_token,ko,,,512,centroid_norm,0.9649963974952698
Qwen/Qwen2.5-0.5B,3,0.125,last_token,ko,,,512,within_language_cosine,0.9310834253837451
Qwen/Qwen2.5-0.5B,3,0.125,last_token,ko,,,512,stable_rank,2.40046758366183
Qwen/Qwen2.5-0.5B,3,0.125,last_token,ja,,,512,centroid_norm,0.9883845448493958
Qwen/Qwen2.5-0.5B,3,0.125,last_token,ja,,,512,within_language_cosine,0.9768587773093506
Qwen/Qwen2.5-0.5B,3,0.125,last_token,ja,,,512,stable_rank,7.019084676802739
Qwen/Qwen2.5-0.5B,3,0.125,last_token,zh,,,512,centroid_norm,0.972668468952179
Qwen/Qwen2.5-0.5B,3,0.125,last_token,zh,,,512,within_language_cosine,0.9459783923602617
Qwen/Qwen2.5-0.5B,3,0.125,last_token,zh,,,512,stable_rank,5.9993193947245445
Qwen/Qwen2.5-0.5B,3,0.125,last_token,,en,ko,512,matched_cosine,0.8772647380828857
Qwen/Qwen2.5-0.5B,3,0.125,last_token,,en,ko,512,unmatched_cosine,0.8610316514968872
Qwen/Qwen2.5-0.5B,3,0.125,last_token,,en,ko,512,cosine_margin,0.016233086585998535
Qwen/Qwen2.5-0.5B,3,0.125,last_token,,en,ja,512,matched_cosine,0.8322765827178955
Qwen/Qwen2.5-0.5B,3,0.125,last_token,,en,ja,512,unmatched_cosine,0.8250197768211365
Qwen/Qwen2.5-0.5B,3,0.125,last_token,,en,ja,512,cosine_margin,0.007256805896759033
Qwen/Qwen2.5-0.5B,3,0.125,last_token,,en,zh,512,matched_cosine,0.8911166191101074
Qwen/Qwen2.5-0.5B,3,0.125,last_token,,en,zh,512,unmatched_cosine,0.8636080026626587
Qwen/Qwen2.5-0.5B,3,0.125,last_token,,en,zh,512,cosine_margin,0.02750861644744873
Qwen/Qwen2.5-0.5B,3,0.125,last_token,,ko,en,512,matched_cosine,0.8772647380828857
Qwen/Qwen2.5-0.5B,3,0.125,last_token,,ko,en,512,unmatched_cosine,0.8603938817977905
Qwen/Qwen2.5-0.5B,3,0.125,last_token,,ko,en,512,cosine_margin,0.016870856285095215
Qwen/Qwen2.5-0.5B,3,0.125,last_token,,ko,ja,512,matched_cosine,0.8800331354141235
Qwen/Qwen2.5-0.5B,3,0.125,last_token,,ko,ja,512,unmatched_cosine,0.8733536601066589
Qwen/Qwen2.5-0.5B,3,0.125,last_token,,ko,ja,512,cosine_margin,0.0066794753074646
Qwen/Qwen2.5-0.5B,3,0.125,last_token,,ko,zh,512,matched_cosine,0.846759557723999
Qwen/Qwen2.5-0.5B,3,0.125,last_token,,ko,zh,512,unmatched_cosine,0.8333611488342285
Qwen/Qwen2.5-0.5B,3,0.125,last_token,,ko,zh,512,cosine_margin,0.013398408889770508
Qwen/Qwen2.5-0.5B,3,0.125,last_token,,ja,en,512,matched_cosine,0.8322765827178955
Qwen/Qwen2.5-0.5B,3,0.125,last_token,,ja,en,512,unmatched_cosine,0.8247407674789429
Qwen/Qwen2.5-0.5B,3,0.125,last_token,,ja,en,512,cosine_margin,0.007535815238952637
Qwen/Qwen2.5-0.5B,3,0.125,last_token,,ja,ko,512,matched_cosine,0.8800331354141235
Qwen/Qwen2.5-0.5B,3,0.125,last_token,,ja,ko,512,unmatched_cosine,0.8731821775436401
Qwen/Qwen2.5-0.5B,3,0.125,last_token,,ja,ko,512,cosine_margin,0.0068509578704833984
Qwen/Qwen2.5-0.5B,3,0.125,last_token,,ja,zh,512,matched_cosine,0.8887929916381836
Qwen/Qwen2.5-0.5B,3,0.125,last_token,,ja,zh,512,unmatched_cosine,0.8799458742141724
Qwen/Qwen2.5-0.5B,3,0.125,last_token,,ja,zh,512,cosine_margin,0.00884711742401123
Qwen/Qwen2.5-0.5B,3,0.125,last_token,,zh,en,512,matched_cosine,0.8911166191101074
Qwen/Qwen2.5-0.5B,3,0.125,last_token,,zh,en,512,unmatched_cosine,0.8632145524024963
Qwen/Qwen2.5-0.5B,3,0.125,last_token,,zh,en,512,cosine_margin,0.027902066707611084
Qwen/Qwen2.5-0.5B,3,0.125,last_token,,zh,ko,512,matched_cosine,0.846759557723999
Qwen/Qwen2.5-0.5B,3,0.125,last_token,,zh,ko,512,unmatched_cosine,0.8345896005630493
Qwen/Qwen2.5-0.5B,3,0.125,last_token,,zh,ko,512,cosine_margin,0.012169957160949707
Qwen/Qwen2.5-0.5B,3,0.125,last_token,,zh,ja,512,matched_cosine,0.8887929916381836
Qwen/Qwen2.5-0.5B,3,0.125,last_token,,zh,ja,512,unmatched_cosine,0.8801887035369873
Qwen/Qwen2.5-0.5B,3,0.125,last_token,,zh,ja,512,cosine_margin,0.008604288101196289
Qwen/Qwen2.5-0.5B,4,0.16666666666666666,last_token,en,,,512,centroid_norm,0.9588381052017212
Qwen/Qwen2.5-0.5B,4,0.16666666666666666,last_token,en,,,512,within_language_cosine,0.9192126847059993
Qwen/Qwen2.5-0.5B,4,0.16666666666666666,last_token,en,,,512,stable_rank,8.563309391785902
Qwen/Qwen2.5-0.5B,4,0.16666666666666666,last_token,ko,,,512,centroid_norm,0.9573369026184082
Qwen/Qwen2.5-0.5B,4,0.16666666666666666,last_token,ko,,,512,within_language_cosine,0.9163304756298923
Qwen/Qwen2.5-0.5B,4,0.16666666666666666,last_token,ko,,,512,stable_rank,2.686404397285696
Qwen/Qwen2.5-0.5B,4,0.16666666666666666,last_token,ja,,,512,centroid_norm,0.9782543182373047
Qwen/Qwen2.5-0.5B,4,0.16666666666666666,last_token,ja,,,512,within_language_cosine,0.9568972951512047
Qwen/Qwen2.5-0.5B,4,0.16666666666666666,last_token,ja,,,512,stable_rank,4.227317088569301
Qwen/Qwen2.5-0.5B,4,0.16666666666666666,last_token,zh,,,512,centroid_norm,0.9614840149879456
Qwen/Qwen2.5-0.5B,4,0.16666666666666666,last_token,zh,,,512,within_language_cosine,0.924303625894386
Qwen/Qwen2.5-0.5B,4,0.16666666666666666,last_token,zh,,,512,stable_rank,7.4387599464297205
Qwen/Qwen2.5-0.5B,4,0.16666666666666666,last_token,,en,ko,512,matched_cosine,0.8560203313827515
Qwen/Qwen2.5-0.5B,4,0.16666666666666666,last_token,,en,ko,512,unmatched_cosine,0.8325638771057129
Qwen/Qwen2.5-0.5B,4,0.16666666666666666,last_token,,en,ko,512,cosine_margin,0.023456454277038574
Qwen/Qwen2.5-0.5B,4,0.16666666666666666,last_token,,en,ja,512,matched_cosine,0.8005169630050659
Qwen/Qwen2.5-0.5B,4,0.16666666666666666,last_token,,en,ja,512,unmatched_cosine,0.7835777997970581
Qwen/Qwen2.5-0.5B,4,0.16666666666666666,last_token,,en,ja,512,cosine_margin,0.016939163208007812
Qwen/Qwen2.5-0.5B,4,0.16666666666666666,last_token,,en,zh,512,matched_cosine,0.8607180118560791
Qwen/Qwen2.5-0.5B,4,0.16666666666666666,last_token,,en,zh,512,unmatched_cosine,0.8208467960357666
Qwen/Qwen2.5-0.5B,4,0.16666666666666666,last_token,,en,zh,512,cosine_margin,0.0398712158203125
Qwen/Qwen2.5-0.5B,4,0.16666666666666666,last_token,,ko,en,512,matched_cosine,0.8560203313827515
Qwen/Qwen2.5-0.5B,4,0.16666666666666666,last_token,,ko,en,512,unmatched_cosine,0.8310149908065796
Qwen/Qwen2.5-0.5B,4,0.16666666666666666,last_token,,ko,en,512,cosine_margin,0.025005340576171875
Qwen/Qwen2.5-0.5B,4,0.16666666666666666,last_token,,ko,ja,512,matched_cosine,0.8617703914642334
Qwen/Qwen2.5-0.5B,4,0.16666666666666666,last_token,,ko,ja,512,unmatched_cosine,0.8455662131309509
Qwen/Qwen2.5-0.5B,4,0.16666666666666666,last_token,,ko,ja,512,cosine_margin,0.01620417833328247
Qwen/Qwen2.5-0.5B,4,0.16666666666666666,last_token,,ko,zh,512,matched_cosine,0.8191452026367188
Qwen/Qwen2.5-0.5B,4,0.16666666666666666,last_token,,ko,zh,512,unmatched_cosine,0.7977850437164307
Qwen/Qwen2.5-0.5B,4,0.16666666666666666,last_token,,ko,zh,512,cosine_margin,0.021360158920288086
Qwen/Qwen2.5-0.5B,4,0.16666666666666666,last_token,,ja,en,512,matched_cosine,0.8005169630050659
Qwen/Qwen2.5-0.5B,4,0.16666666666666666,last_token,,ja,en,512,unmatched_cosine,0.7829543352127075
Qwen/Qwen2.5-0.5B,4,0.16666666666666666,last_token,,ja,en,512,cosine_margin,0.0175626277923584
Qwen/Qwen2.5-0.5B,4,0.16666666666666666,last_token,,ja,ko,512,matched_cosine,0.8617703914642334
Qwen/Qwen2.5-0.5B,4,0.16666666666666666,last_token,,ja,ko,512,unmatched_cosine,0.8458544015884399
Qwen/Qwen2.5-0.5B,4,0.16666666666666666,last_token,,ja,ko,512,cosine_margin,0.015915989875793457
Qwen/Qwen2.5-0.5B,4,0.16666666666666666,last_token,,ja,zh,512,matched_cosine,0.8494912981987
Qwen/Qwen2.5-0.5B,4,0.16666666666666666,last_token,,ja,zh,512,unmatched_cosine,0.8304356336593628
Qwen/Qwen2.5-0.5B,4,0.16666666666666666,last_token,,ja,zh,512,cosine_margin,0.019055664539337158
Qwen/Qwen2.5-0.5B,4,0.16666666666666666,last_token,,zh,en,512,matched_cosine,0.8607180118560791
Qwen/Qwen2.5-0.5B,4,0.16666666666666666,last_token,,zh,en,512,unmatched_cosine,0.8211906552314758
Qwen/Qwen2.5-0.5B,4,0.16666666666666666,last_token,,zh,en,512,cosine_margin,0.03952735662460327
Qwen/Qwen2.5-0.5B,4,0.16666666666666666,last_token,,zh,ko,512,matched_cosine,0.8191452026367188
Qwen/Qwen2.5-0.5B,4,0.16666666666666666,last_token,,zh,ko,512,unmatched_cosine,0.7990401983261108
Qwen/Qwen2.5-0.5B,4,0.16666666666666666,last_token,,zh,ko,512,cosine_margin,0.02010500431060791
Qwen/Qwen2.5-0.5B,4,0.16666666666666666,last_token,,zh,ja,512,matched_cosine,0.8494912981987
Qwen/Qwen2.5-0.5B,4,0.16666666666666666,last_token,,zh,ja,512,unmatched_cosine,0.8308601379394531
Qwen/Qwen2.5-0.5B,4,0.16666666666666666,last_token,,zh,ja,512,cosine_margin,0.018631160259246826
Qwen/Qwen2.5-0.5B,5,0.20833333333333334,last_token,en,,,512,centroid_norm,0.9175644516944885
Qwen/Qwen2.5-0.5B,5,0.20833333333333334,last_token,en,,,512,within_language_cosine,0.84161520284216
Qwen/Qwen2.5-0.5B,5,0.20833333333333334,last_token,en,,,512,stable_rank,15.635833521667585
Qwen/Qwen2.5-0.5B,5,0.20833333333333334,last_token,ko,,,512,centroid_norm,0.9277206063270569
Qwen/Qwen2.5-0.5B,5,0.20833333333333334,last_token,ko,,,512,within_language_cosine,0.8603928299099498
Qwen/Qwen2.5-0.5B,5,0.20833333333333334,last_token,ko,,,512,stable_rank,4.028340471154886
Qwen/Qwen2.5-0.5B,5,0.20833333333333334,last_token,ja,,,512,centroid_norm,0.9543695449829102
Qwen/Qwen2.5-0.5B,5,0.20833333333333334,last_token,ja,,,512,within_language_cosine,0.9106467409376529
Qwen/Qwen2.5-0.5B,5,0.20833333333333334,last_token,ja,,,512,stable_rank,8.669614498646277
Qwen/Qwen2.5-0.5B,5,0.20833333333333334,last_token,zh,,,512,centroid_norm,0.9260030388832092
Qwen/Qwen2.5-0.5B,5,0.20833333333333334,last_token,zh,,,512,within_language_cosine,0.8572026978733488
Qwen/Qwen2.5-0.5B,5,0.20833333333333334,last_token,zh,,,512,stable_rank,11.868470029450961
Qwen/Qwen2.5-0.5B,5,0.20833333333333334,last_token,,en,ko,512,matched_cosine,0.8079683780670166
Qwen/Qwen2.5-0.5B,5,0.20833333333333334,last_token,,en,ko,512,unmatched_cosine,0.7606863975524902
Qwen/Qwen2.5-0.5B,5,0.20833333333333334,last_token,,en,ko,512,cosine_margin,0.04728198051452637
Qwen/Qwen2.5-0.5B,5,0.20833333333333334,last_token,,en,ja,512,matched_cosine,0.744104266166687
Qwen/Qwen2.5-0.5B,5,0.20833333333333334,last_token,,en,ja,512,unmatched_cosine,0.7053013443946838
Qwen/Qwen2.5-0.5B,5,0.20833333333333334,last_token,,en,ja,512,cosine_margin,0.038802921772003174
Qwen/Qwen2.5-0.5B,5,0.20833333333333334,last_token,,en,zh,512,matched_cosine,0.8230990171432495
Qwen/Qwen2.5-0.5B,5,0.20833333333333334,last_token,,en,zh,512,unmatched_cosine,0.7513270378112793
Qwen/Qwen2.5-0.5B,5,0.20833333333333334,last_token,,en,zh,512,cosine_margin,0.07177197933197021
Qwen/Qwen2.5-0.5B,5,0.20833333333333334,last_token,,ko,en,512,matched_cosine,0.8079683780670166
Qwen/Qwen2.5-0.5B,5,0.20833333333333334,last_token,,ko,en,512,unmatched_cosine,0.7600570917129517
Qwen/Qwen2.5-0.5B,5,0.20833333333333334,last_token,,ko,en,512,cosine_margin,0.04791128635406494
Qwen/Qwen2.5-0.5B,5,0.20833333333333334,last_token,,ko,ja,512,matched_cosine,0.8397878408432007
Qwen/Qwen2.5-0.5B,5,0.20833333333333334,last_token,,ko,ja,512,unmatched_cosine,0.802720308303833
Qwen/Qwen2.5-0.5B,5,0.20833333333333334,last_token,,ko,ja,512,cosine_margin,0.037067532539367676
Qwen/Qwen2.5-0.5B,5,0.20833333333333334,last_token,,ko,zh,512,matched_cosine,0.7783879041671753
Qwen/Qwen2.5-0.5B,5,0.20833333333333334,last_token,,ko,zh,512,unmatched_cosine,0.7377271056175232
Qwen/Qwen2.5-0.5B,5,0.20833333333333334,last_token,,ko,zh,512,cosine_margin,0.0406607985496521
Qwen/Qwen2.5-0.5B,5,0.20833333333333334,last_token,,ja,en,512,matched_cosine,0.744104266166687
Qwen/Qwen2.5-0.5B,5,0.20833333333333334,last_token,,ja,en,512,unmatched_cosine,0.7057048678398132
Qwen/Qwen2.5-0.5B,5,0.20833333333333334,last_token,,ja,en,512,cosine_margin,0.03839939832687378
Qwen/Qwen2.5-0.5B,5,0.20833333333333334,last_token,,ja,ko,512,matched_cosine,0.8397878408432007
Qwen/Qwen2.5-0.5B,5,0.20833333333333334,last_token,,ja,ko,512,unmatched_cosine,0.8026677370071411
Qwen/Qwen2.5-0.5B,5,0.20833333333333334,last_token,,ja,ko,512,cosine_margin,0.03712010383605957
Qwen/Qwen2.5-0.5B,5,0.20833333333333334,last_token,,ja,zh,512,matched_cosine,0.8077113628387451
Qwen/Qwen2.5-0.5B,5,0.20833333333333334,last_token,,ja,zh,512,unmatched_cosine,0.7698118090629578
Qwen/Qwen2.5-0.5B,5,0.20833333333333334,last_token,,ja,zh,512,cosine_margin,0.037899553775787354
Qwen/Qwen2.5-0.5B,5,0.20833333333333334,last_token,,zh,en,512,matched_cosine,0.8230990171432495
Qwen/Qwen2.5-0.5B,5,0.20833333333333334,last_token,,zh,en,512,unmatched_cosine,0.7510355710983276
Qwen/Qwen2.5-0.5B,5,0.20833333333333334,last_token,,zh,en,512,cosine_margin,0.07206344604492188
Qwen/Qwen2.5-0.5B,5,0.20833333333333334,last_token,,zh,ko,512,matched_cosine,0.7783879041671753
Qwen/Qwen2.5-0.5B,5,0.20833333333333334,last_token,,zh,ko,512,unmatched_cosine,0.7387018203735352
Qwen/Qwen2.5-0.5B,5,0.20833333333333334,last_token,,zh,ko,512,cosine_margin,0.03968608379364014
Qwen/Qwen2.5-0.5B,5,0.20833333333333334,last_token,,zh,ja,512,matched_cosine,0.8077113628387451
Qwen/Qwen2.5-0.5B,5,0.20833333333333334,last_token,,zh,ja,512,unmatched_cosine,0.7692270278930664
Qwen/Qwen2.5-0.5B,5,0.20833333333333334,last_token,,zh,ja,512,cosine_margin,0.03848433494567871
Qwen/Qwen2.5-0.5B,6,0.25,last_token,en,,,512,centroid_norm,0.9167777299880981
Qwen/Qwen2.5-0.5B,6,0.25,last_token,en,,,512,within_language_cosine,0.8401692310191414
Qwen/Qwen2.5-0.5B,6,0.25,last_token,en,,,512,stable_rank,13.019735221206147
Qwen/Qwen2.5-0.5B,6,0.25,last_token,ko,,,512,centroid_norm,0.9249244928359985
Qwen/Qwen2.5-0.5B,6,0.25,last_token,ko,,,512,within_language_cosine,0.8552025124984711
Qwen/Qwen2.5-0.5B,6,0.25,last_token,ko,,,512,stable_rank,4.261635683683873
Qwen/Qwen2.5-0.5B,6,0.25,last_token,ja,,,512,centroid_norm,0.9522861242294312
Qwen/Qwen2.5-0.5B,6,0.25,last_token,ja,,,512,within_language_cosine,0.906666615704501
Qwen/Qwen2.5-0.5B,6,0.25,last_token,ja,,,512,stable_rank,7.383405209058739
Qwen/Qwen2.5-0.5B,6,0.25,last_token,zh,,,512,centroid_norm,0.919543981552124
Qwen/Qwen2.5-0.5B,6,0.25,last_token,zh,,,512,within_language_cosine,0.8452589180604819
Qwen/Qwen2.5-0.5B,6,0.25,last_token,zh,,,512,stable_rank,7.786320439120204
Qwen/Qwen2.5-0.5B,6,0.25,last_token,,en,ko,512,matched_cosine,0.8152944445610046
Qwen/Qwen2.5-0.5B,6,0.25,last_token,,en,ko,512,unmatched_cosine,0.7728185653686523
Qwen/Qwen2.5-0.5B,6,0.25,last_token,,en,ko,512,cosine_margin,0.042475879192352295
Qwen/Qwen2.5-0.5B,6,0.25,last_token,,en,ja,512,matched_cosine,0.7682061195373535
Qwen/Qwen2.5-0.5B,6,0.25,last_token,,en,ja,512,unmatched_cosine,0.7337305545806885
Qwen/Qwen2.5-0.5B,6,0.25,last_token,,en,ja,512,cosine_margin,0.03447556495666504
Qwen/Qwen2.5-0.5B,6,0.25,last_token,,en,zh,512,matched_cosine,0.8312180638313293
Qwen/Qwen2.5-0.5B,6,0.25,last_token,,en,zh,512,unmatched_cosine,0.7647126913070679
Qwen/Qwen2.5-0.5B,6,0.25,last_token,,en,zh,512,cosine_margin,0.06650537252426147
Qwen/Qwen2.5-0.5B,6,0.25,last_token,,ko,en,512,matched_cosine,0.8152944445610046
Qwen/Qwen2.5-0.5B,6,0.25,last_token,,ko,en,512,unmatched_cosine,0.7723115682601929
Qwen/Qwen2.5-0.5B,6,0.25,last_token,,ko,en,512,cosine_margin,0.04298287630081177
Qwen/Qwen2.5-0.5B,6,0.25,last_token,,ko,ja,512,matched_cosine,0.8603495359420776
Qwen/Qwen2.5-0.5B,6,0.25,last_token,,ko,ja,512,unmatched_cosine,0.821203351020813
Qwen/Qwen2.5-0.5B,6,0.25,last_token,,ko,ja,512,cosine_margin,0.03914618492126465
Qwen/Qwen2.5-0.5B,6,0.25,last_token,,ko,zh,512,matched_cosine,0.790074348449707
Qwen/Qwen2.5-0.5B,6,0.25,last_token,,ko,zh,512,unmatched_cosine,0.7519493103027344
Qwen/Qwen2.5-0.5B,6,0.25,last_token,,ko,zh,512,cosine_margin,0.038125038146972656
Qwen/Qwen2.5-0.5B,6,0.25,last_token,,ja,en,512,matched_cosine,0.7682061195373535
Qwen/Qwen2.5-0.5B,6,0.25,last_token,,ja,en,512,unmatched_cosine,0.7328528761863708
Qwen/Qwen2.5-0.5B,6,0.25,last_token,,ja,en,512,cosine_margin,0.035353243350982666
Qwen/Qwen2.5-0.5B,6,0.25,last_token,,ja,ko,512,matched_cosine,0.8603495359420776
Qwen/Qwen2.5-0.5B,6,0.25,last_token,,ja,ko,512,unmatched_cosine,0.8211995363235474
Qwen/Qwen2.5-0.5B,6,0.25,last_token,,ja,ko,512,cosine_margin,0.03914999961853027
Qwen/Qwen2.5-0.5B,6,0.25,last_token,,ja,zh,512,matched_cosine,0.8069218397140503
Qwen/Qwen2.5-0.5B,6,0.25,last_token,,ja,zh,512,unmatched_cosine,0.7716922760009766
Qwen/Qwen2.5-0.5B,6,0.25,last_token,,ja,zh,512,cosine_margin,0.03522956371307373
Qwen/Qwen2.5-0.5B,6,0.25,last_token,,zh,en,512,matched_cosine,0.8312180638313293
Qwen/Qwen2.5-0.5B,6,0.25,last_token,,zh,en,512,unmatched_cosine,0.764548659324646
Qwen/Qwen2.5-0.5B,6,0.25,last_token,,zh,en,512,cosine_margin,0.06666940450668335
Qwen/Qwen2.5-0.5B,6,0.25,last_token,,zh,ko,512,matched_cosine,0.790074348449707
Qwen/Qwen2.5-0.5B,6,0.25,last_token,,zh,ko,512,unmatched_cosine,0.7526719570159912
Qwen/Qwen2.5-0.5B,6,0.25,last_token,,zh,ko,512,cosine_margin,0.03740239143371582
Qwen/Qwen2.5-0.5B,6,0.25,last_token,,zh,ja,512,matched_cosine,0.8069218397140503
Qwen/Qwen2.5-0.5B,6,0.25,last_token,,zh,ja,512,unmatched_cosine,0.7716399431228638
Qwen/Qwen2.5-0.5B,6,0.25,last_token,,zh,ja,512,cosine_margin,0.03528189659118652
Qwen/Qwen2.5-0.5B,7,0.2916666666666667,last_token,en,,,512,centroid_norm,0.9232279062271118
Qwen/Qwen2.5-0.5B,7,0.2916666666666667,last_token,en,,,512,within_language_cosine,0.8520608741476577
Qwen/Qwen2.5-0.5B,7,0.2916666666666667,last_token,en,,,512,stable_rank,12.293679063773144
Qwen/Qwen2.5-0.5B,7,0.2916666666666667,last_token,ko,,,512,centroid_norm,0.9319379329681396
Qwen/Qwen2.5-0.5B,7,0.2916666666666667,last_token,ko,,,512,within_language_cosine,0.8682510166952054
Qwen/Qwen2.5-0.5B,7,0.2916666666666667,last_token,ko,,,512,stable_rank,4.0726513941255345
Qwen/Qwen2.5-0.5B,7,0.2916666666666667,last_token,ja,,,512,centroid_norm,0.9572051763534546
Qwen/Qwen2.5-0.5B,7,0.2916666666666667,last_token,ja,,,512,within_language_cosine,0.9160778545820083
Qwen/Qwen2.5-0.5B,7,0.2916666666666667,last_token,ja,,,512,stable_rank,8.649886531525178
Qwen/Qwen2.5-0.5B,7,0.2916666666666667,last_token,zh,,,512,centroid_norm,0.9299595355987549
Qwen/Qwen2.5-0.5B,7,0.2916666666666667,last_token,zh,,,512,within_language_cosine,0.8645602411020059
Qwen/Qwen2.5-0.5B,7,0.2916666666666667,last_token,zh,,,512,stable_rank,8.94329098315626
Qwen/Qwen2.5-0.5B,7,0.2916666666666667,last_token,,en,ko,512,matched_cosine,0.8415499925613403
Qwen/Qwen2.5-0.5B,7,0.2916666666666667,last_token,,en,ko,512,unmatched_cosine,0.7938263416290283
Qwen/Qwen2.5-0.5B,7,0.2916666666666667,last_token,,en,ko,512,cosine_margin,0.04772365093231201
Qwen/Qwen2.5-0.5B,7,0.2916666666666667,last_token,,en,ja,512,matched_cosine,0.8085124492645264
Qwen/Qwen2.5-0.5B,7,0.2916666666666667,last_token,,en,ja,512,unmatched_cosine,0.7681992053985596
Qwen/Qwen2.5-0.5B,7,0.2916666666666667,last_token,,en,ja,512,cosine_margin,0.0403132438659668
Qwen/Qwen2.5-0.5B,7,0.2916666666666667,last_token,,en,zh,512,matched_cosine,0.8541592359542847
Qwen/Qwen2.5-0.5B,7,0.2916666666666667,last_token,,en,zh,512,unmatched_cosine,0.7865198850631714
Qwen/Qwen2.5-0.5B,7,0.2916666666666667,last_token,,en,zh,512,cosine_margin,0.06763935089111328
Qwen/Qwen2.5-0.5B,7,0.2916666666666667,last_token,,ko,en,512,matched_cosine,0.8415499925613403
Qwen/Qwen2.5-0.5B,7,0.2916666666666667,last_token,,ko,en,512,unmatched_cosine,0.7941928505897522
Qwen/Qwen2.5-0.5B,7,0.2916666666666667,last_token,,ko,en,512,cosine_margin,0.047357141971588135
Qwen/Qwen2.5-0.5B,7,0.2916666666666667,last_token,,ko,ja,512,matched_cosine,0.8829089999198914
Qwen/Qwen2.5-0.5B,7,0.2916666666666667,last_token,,ko,ja,512,unmatched_cosine,0.8397471904754639
Qwen/Qwen2.5-0.5B,7,0.2916666666666667,last_token,,ko,ja,512,cosine_margin,0.04316180944442749
Qwen/Qwen2.5-0.5B,7,0.2916666666666667,last_token,,ko,zh,512,matched_cosine,0.8246800899505615
Qwen/Qwen2.5-0.5B,7,0.2916666666666667,last_token,,ko,zh,512,unmatched_cosine,0.7830728888511658
Qwen/Qwen2.5-0.5B,7,0.2916666666666667,last_token,,ko,zh,512,cosine_margin,0.04160720109939575
Qwen/Qwen2.5-0.5B,7,0.2916666666666667,last_token,,ja,en,512,matched_cosine,0.8085124492645264
Qwen/Qwen2.5-0.5B,7,0.2916666666666667,last_token,,ja,en,512,unmatched_cosine,0.7696516513824463
Qwen/Qwen2.5-0.5B,7,0.2916666666666667,last_token,,ja,en,512,cosine_margin,0.03886079788208008
Qwen/Qwen2.5-0.5B,7,0.2916666666666667,last_token,,ja,ko,512,matched_cosine,0.8829089999198914
Qwen/Qwen2.5-0.5B,7,0.2916666666666667,last_token,,ja,ko,512,unmatched_cosine,0.8405026197433472
Qwen/Qwen2.5-0.5B,7,0.2916666666666667,last_token,,ja,ko,512,cosine_margin,0.04240638017654419
Qwen/Qwen2.5-0.5B,7,0.2916666666666667,last_token,,ja,zh,512,matched_cosine,0.8488023281097412
Qwen/Qwen2.5-0.5B,7,0.2916666666666667,last_token,,ja,zh,512,unmatched_cosine,0.810416579246521
Qwen/Qwen2.5-0.5B,7,0.2916666666666667,last_token,,ja,zh,512,cosine_margin,0.038385748863220215
Qwen/Qwen2.5-0.5B,7,0.2916666666666667,last_token,,zh,en,512,matched_cosine,0.8541592359542847
Qwen/Qwen2.5-0.5B,7,0.2916666666666667,last_token,,zh,en,512,unmatched_cosine,0.7866024971008301
Qwen/Qwen2.5-0.5B,7,0.2916666666666667,last_token,,zh,en,512,cosine_margin,0.06755673885345459
Qwen/Qwen2.5-0.5B,7,0.2916666666666667,last_token,,zh,ko,512,matched_cosine,0.8246800899505615
Qwen/Qwen2.5-0.5B,7,0.2916666666666667,last_token,,zh,ko,512,unmatched_cosine,0.782946765422821
Qwen/Qwen2.5-0.5B,7,0.2916666666666667,last_token,,zh,ko,512,cosine_margin,0.04173332452774048
Qwen/Qwen2.5-0.5B,7,0.2916666666666667,last_token,,zh,ja,512,matched_cosine,0.8488023281097412
Qwen/Qwen2.5-0.5B,7,0.2916666666666667,last_token,,zh,ja,512,unmatched_cosine,0.8083983659744263
Qwen/Qwen2.5-0.5B,7,0.2916666666666667,last_token,,zh,ja,512,cosine_margin,0.04040396213531494
Qwen/Qwen2.5-0.5B,8,0.3333333333333333,last_token,en,,,512,centroid_norm,0.9258542656898499
Qwen/Qwen2.5-0.5B,8,0.3333333333333333,last_token,en,,,512,within_language_cosine,0.8569267258018897
Qwen/Qwen2.5-0.5B,8,0.3333333333333333,last_token,en,,,512,stable_rank,12.301997018753935
Qwen/Qwen2.5-0.5B,8,0.3333333333333333,last_token,ko,,,512,centroid_norm,0.9338621497154236
Qwen/Qwen2.5-0.5B,8,0.3333333333333333,last_token,ko,,,512,within_language_cosine,0.871848209030241
Qwen/Qwen2.5-0.5B,8,0.3333333333333333,last_token,ko,,,512,stable_rank,4.216135475495698
Qwen/Qwen2.5-0.5B,8,0.3333333333333333,last_token,ja,,,512,centroid_norm,0.9579189419746399
Qwen/Qwen2.5-0.5B,8,0.3333333333333333,last_token,ja,,,512,within_language_cosine,0.9174475025990705
Qwen/Qwen2.5-0.5B,8,0.3333333333333333,last_token,ja,,,512,stable_rank,9.460084467790074
Qwen/Qwen2.5-0.5B,8,0.3333333333333333,last_token,zh,,,512,centroid_norm,0.9304830431938171
Qwen/Qwen2.5-0.5B,8,0.3333333333333333,last_token,zh,,,512,within_language_cosine,0.8655360869465509
Qwen/Qwen2.5-0.5B,8,0.3333333333333333,last_token,zh,,,512,stable_rank,10.602980253766269
Qwen/Qwen2.5-0.5B,8,0.3333333333333333,last_token,,en,ko,512,matched_cosine,0.8605536222457886
Qwen/Qwen2.5-0.5B,8,0.3333333333333333,last_token,,en,ko,512,unmatched_cosine,0.8094431757926941
Qwen/Qwen2.5-0.5B,8,0.3333333333333333,last_token,,en,ko,512,cosine_margin,0.05111044645309448
Qwen/Qwen2.5-0.5B,8,0.3333333333333333,last_token,,en,ja,512,matched_cosine,0.8296447992324829
Qwen/Qwen2.5-0.5B,8,0.3333333333333333,last_token,,en,ja,512,unmatched_cosine,0.7858909964561462
Qwen/Qwen2.5-0.5B,8,0.3333333333333333,last_token,,en,ja,512,cosine_margin,0.04375380277633667
Qwen/Qwen2.5-0.5B,8,0.3333333333333333,last_token,,en,zh,512,matched_cosine,0.8723804950714111
Qwen/Qwen2.5-0.5B,8,0.3333333333333333,last_token,,en,zh,512,unmatched_cosine,0.8009476661682129
Qwen/Qwen2.5-0.5B,8,0.3333333333333333,last_token,,en,zh,512,cosine_margin,0.07143282890319824
Qwen/Qwen2.5-0.5B,8,0.3333333333333333,last_token,,ko,en,512,matched_cosine,0.8605536222457886
Qwen/Qwen2.5-0.5B,8,0.3333333333333333,last_token,,ko,en,512,unmatched_cosine,0.8101859092712402
Qwen/Qwen2.5-0.5B,8,0.3333333333333333,last_token,,ko,en,512,cosine_margin,0.05036771297454834
Qwen/Qwen2.5-0.5B,8,0.3333333333333333,last_token,,ko,ja,512,matched_cosine,0.8946855068206787
Qwen/Qwen2.5-0.5B,8,0.3333333333333333,last_token,,ko,ja,512,unmatched_cosine,0.8505557775497437
Qwen/Qwen2.5-0.5B,8,0.3333333333333333,last_token,,ko,ja,512,cosine_margin,0.04412972927093506
Qwen/Qwen2.5-0.5B,8,0.3333333333333333,last_token,,ko,zh,512,matched_cosine,0.843866765499115
Qwen/Qwen2.5-0.5B,8,0.3333333333333333,last_token,,ko,zh,512,unmatched_cosine,0.7983769178390503
Qwen/Qwen2.5-0.5B,8,0.3333333333333333,last_token,,ko,zh,512,cosine_margin,0.0454898476600647
Qwen/Qwen2.5-0.5B,8,0.3333333333333333,last_token,,ja,en,512,matched_cosine,0.8296447992324829
Qwen/Qwen2.5-0.5B,8,0.3333333333333333,last_token,,ja,en,512,unmatched_cosine,0.7855494618415833
Qwen/Qwen2.5-0.5B,8,0.3333333333333333,last_token,,ja,en,512,cosine_margin,0.04409533739089966
Qwen/Qwen2.5-0.5B,8,0.3333333333333333,last_token,,ja,ko,512,matched_cosine,0.8946855068206787
Qwen/Qwen2.5-0.5B,8,0.3333333333333333,last_token,,ja,ko,512,unmatched_cosine,0.8501089811325073
Qwen/Qwen2.5-0.5B,8,0.3333333333333333,last_token,,ja,ko,512,cosine_margin,0.04457652568817139
Qwen/Qwen2.5-0.5B,8,0.3333333333333333,last_token,,ja,zh,512,matched_cosine,0.8663060665130615
Qwen/Qwen2.5-0.5B,8,0.3333333333333333,last_token,,ja,zh,512,unmatched_cosine,0.8221098184585571
Qwen/Qwen2.5-0.5B,8,0.3333333333333333,last_token,,ja,zh,512,cosine_margin,0.044196248054504395
Qwen/Qwen2.5-0.5B,8,0.3333333333333333,last_token,,zh,en,512,matched_cosine,0.8723804950714111
Qwen/Qwen2.5-0.5B,8,0.3333333333333333,last_token,,zh,en,512,unmatched_cosine,0.8002572655677795
Qwen/Qwen2.5-0.5B,8,0.3333333333333333,last_token,,zh,en,512,cosine_margin,0.07212322950363159
Qwen/Qwen2.5-0.5B,8,0.3333333333333333,last_token,,zh,ko,512,matched_cosine,0.843866765499115
Qwen/Qwen2.5-0.5B,8,0.3333333333333333,last_token,,zh,ko,512,unmatched_cosine,0.7977792024612427
Qwen/Qwen2.5-0.5B,8,0.3333333333333333,last_token,,zh,ko,512,cosine_margin,0.046087563037872314
Qwen/Qwen2.5-0.5B,8,0.3333333333333333,last_token,,zh,ja,512,matched_cosine,0.8663060665130615
Qwen/Qwen2.5-0.5B,8,0.3333333333333333,last_token,,zh,ja,512,unmatched_cosine,0.8226349949836731
Qwen/Qwen2.5-0.5B,8,0.3333333333333333,last_token,,zh,ja,512,cosine_margin,0.04367107152938843
Qwen/Qwen2.5-0.5B,9,0.375,last_token,en,,,512,centroid_norm,0.9029706716537476
Qwen/Qwen2.5-0.5B,9,0.375,last_token,en,,,512,within_language_cosine,0.8149947373601089
Qwen/Qwen2.5-0.5B,9,0.375,last_token,en,,,512,stable_rank,14.898211598944314
Qwen/Qwen2.5-0.5B,9,0.375,last_token,ko,,,512,centroid_norm,0.9194037914276123
Qwen/Qwen2.5-0.5B,9,0.375,last_token,ko,,,512,within_language_cosine,0.8450005637689579
Qwen/Qwen2.5-0.5B,9,0.375,last_token,ko,,,512,stable_rank,4.990976243087864
Qwen/Qwen2.5-0.5B,9,0.375,last_token,ja,,,512,centroid_norm,0.9427269697189331
Qwen/Qwen2.5-0.5B,9,0.375,last_token,ja,,,512,within_language_cosine,0.8885164204875551
Qwen/Qwen2.5-0.5B,9,0.375,last_token,ja,,,512,stable_rank,10.160971591107467
Qwen/Qwen2.5-0.5B,9,0.375,last_token,zh,,,512,centroid_norm,0.9098715782165527
Qwen/Qwen2.5-0.5B,9,0.375,last_token,zh,,,512,within_language_cosine,0.8275293995956152
Qwen/Qwen2.5-0.5B,9,0.375,last_token,zh,,,512,stable_rank,13.415943211829223
Qwen/Qwen2.5-0.5B,9,0.375,last_token,,en,ko,512,matched_cosine,0.8283321857452393
Qwen/Qwen2.5-0.5B,9,0.375,last_token,,en,ko,512,unmatched_cosine,0.7687660455703735
Qwen/Qwen2.5-0.5B,9,0.375,last_token,,en,ko,512,cosine_margin,0.05956614017486572
Qwen/Qwen2.5-0.5B,9,0.375,last_token,,en,ja,512,matched_cosine,0.7929520606994629
Qwen/Qwen2.5-0.5B,9,0.375,last_token,,en,ja,512,unmatched_cosine,0.7371405363082886
Qwen/Qwen2.5-0.5B,9,0.375,last_token,,en,ja,512,cosine_margin,0.055811524391174316
Qwen/Qwen2.5-0.5B,9,0.375,last_token,,en,zh,512,matched_cosine,0.8495253920555115
Qwen/Qwen2.5-0.5B,9,0.375,last_token,,en,zh,512,unmatched_cosine,0.7583620548248291
Qwen/Qwen2.5-0.5B,9,0.375,last_token,,en,zh,512,cosine_margin,0.09116333723068237
Qwen/Qwen2.5-0.5B,9,0.375,last_token,,ko,en,512,matched_cosine,0.8283321857452393
Qwen/Qwen2.5-0.5B,9,0.375,last_token,,ko,en,512,unmatched_cosine,0.768189549446106
Qwen/Qwen2.5-0.5B,9,0.375,last_token,,ko,en,512,cosine_margin,0.0601426362991333
Qwen/Qwen2.5-0.5B,9,0.375,last_token,,ko,ja,512,matched_cosine,0.8773843050003052
Qwen/Qwen2.5-0.5B,9,0.375,last_token,,ko,ja,512,unmatched_cosine,0.8201463222503662
Qwen/Qwen2.5-0.5B,9,0.375,last_token,,ko,ja,512,cosine_margin,0.057237982749938965
Qwen/Qwen2.5-0.5B,9,0.375,last_token,,ko,zh,512,matched_cosine,0.8132686614990234
Qwen/Qwen2.5-0.5B,9,0.375,last_token,,ko,zh,512,unmatched_cosine,0.7572023868560791
Qwen/Qwen2.5-0.5B,9,0.375,last_token,,ko,zh,512,cosine_margin,0.056066274642944336
Qwen/Qwen2.5-0.5B,9,0.375,last_token,,ja,en,512,matched_cosine,0.7929520606994629
Qwen/Qwen2.5-0.5B,9,0.375,last_token,,ja,en,512,unmatched_cosine,0.7365185618400574
Qwen/Qwen2.5-0.5B,9,0.375,last_token,,ja,en,512,cosine_margin,0.05643349885940552
Qwen/Qwen2.5-0.5B,9,0.375,last_token,,ja,ko,512,matched_cosine,0.8773843050003052
Qwen/Qwen2.5-0.5B,9,0.375,last_token,,ja,ko,512,unmatched_cosine,0.819904088973999
Qwen/Qwen2.5-0.5B,9,0.375,last_token,,ja,ko,512,cosine_margin,0.05748021602630615
Qwen/Qwen2.5-0.5B,9,0.375,last_token,,ja,zh,512,matched_cosine,0.8372150659561157
Qwen/Qwen2.5-0.5B,9,0.375,last_token,,ja,zh,512,unmatched_cosine,0.7807312607765198
Qwen/Qwen2.5-0.5B,9,0.375,last_token,,ja,zh,512,cosine_margin,0.05648380517959595
Qwen/Qwen2.5-0.5B,9,0.375,last_token,,zh,en,512,matched_cosine,0.8495253920555115
Qwen/Qwen2.5-0.5B,9,0.375,last_token,,zh,en,512,unmatched_cosine,0.758766770362854
Qwen/Qwen2.5-0.5B,9,0.375,last_token,,zh,en,512,cosine_margin,0.09075862169265747
Qwen/Qwen2.5-0.5B,9,0.375,last_token,,zh,ko,512,matched_cosine,0.8132686614990234
Qwen/Qwen2.5-0.5B,9,0.375,last_token,,zh,ko,512,unmatched_cosine,0.7575411796569824
Qwen/Qwen2.5-0.5B,9,0.375,last_token,,zh,ko,512,cosine_margin,0.055727481842041016
Qwen/Qwen2.5-0.5B,9,0.375,last_token,,zh,ja,512,matched_cosine,0.8372150659561157
Qwen/Qwen2.5-0.5B,9,0.375,last_token,,zh,ja,512,unmatched_cosine,0.7811645269393921
Qwen/Qwen2.5-0.5B,9,0.375,last_token,,zh,ja,512,cosine_margin,0.05605053901672363
Qwen/Qwen2.5-0.5B,10,0.4166666666666667,last_token,en,,,512,centroid_norm,0.9046744108200073
Qwen/Qwen2.5-0.5B,10,0.4166666666666667,last_token,en,,,512,within_language_cosine,0.8180804765854329
Qwen/Qwen2.5-0.5B,10,0.4166666666666667,last_token,en,,,512,stable_rank,13.824578988410401
Qwen/Qwen2.5-0.5B,10,0.4166666666666667,last_token,ko,,,512,centroid_norm,0.9158245325088501
Qwen/Qwen2.5-0.5B,10,0.4166666666666667,last_token,ko,,,512,within_language_cosine,0.8384190389554794
Qwen/Qwen2.5-0.5B,10,0.4166666666666667,last_token,ko,,,512,stable_rank,5.144921537139657
Qwen/Qwen2.5-0.5B,10,0.4166666666666667,last_token,ja,,,512,centroid_norm,0.9399585723876953
Qwen/Qwen2.5-0.5B,10,0.4166666666666667,last_token,ja,,,512,within_language_cosine,0.8832942119083292
Qwen/Qwen2.5-0.5B,10,0.4166666666666667,last_token,ja,,,512,stable_rank,9.918467322131232
Qwen/Qwen2.5-0.5B,10,0.4166666666666667,last_token,zh,,,512,centroid_norm,0.9101666212081909
Qwen/Qwen2.5-0.5B,10,0.4166666666666667,last_token,zh,,,512,within_language_cosine,0.8280674286784491
Qwen/Qwen2.5-0.5B,10,0.4166666666666667,last_token,zh,,,512,stable_rank,12.72867400170785
Qwen/Qwen2.5-0.5B,10,0.4166666666666667,last_token,,en,ko,512,matched_cosine,0.8350688219070435
Qwen/Qwen2.5-0.5B,10,0.4166666666666667,last_token,,en,ko,512,unmatched_cosine,0.7621917724609375
Qwen/Qwen2.5-0.5B,10,0.4166666666666667,last_token,,en,ko,512,cosine_margin,0.07287704944610596
Qwen/Qwen2.5-0.5B,10,0.4166666666666667,last_token,,en,ja,512,matched_cosine,0.803507924079895
Qwen/Qwen2.5-0.5B,10,0.4166666666666667,last_token,,en,ja,512,unmatched_cosine,0.7356442213058472
Qwen/Qwen2.5-0.5B,10,0.4166666666666667,last_token,,en,ja,512,cosine_margin,0.06786370277404785
Qwen/Qwen2.5-0.5B,10,0.4166666666666667,last_token,,en,zh,512,matched_cosine,0.8567203283309937
Qwen/Qwen2.5-0.5B,10,0.4166666666666667,last_token,,en,zh,512,unmatched_cosine,0.756676197052002
Qwen/Qwen2.5-0.5B,10,0.4166666666666667,last_token,,en,zh,512,cosine_margin,0.1000441312789917
Qwen/Qwen2.5-0.5B,10,0.4166666666666667,last_token,,ko,en,512,matched_cosine,0.8350688219070435
Qwen/Qwen2.5-0.5B,10,0.4166666666666667,last_token,,ko,en,512,unmatched_cosine,0.7647546529769897
Qwen/Qwen2.5-0.5B,10,0.4166666666666667,last_token,,ko,en,512,cosine_margin,0.07031416893005371
Qwen/Qwen2.5-0.5B,10,0.4166666666666667,last_token,,ko,ja,512,matched_cosine,0.8768349885940552
Qwen/Qwen2.5-0.5B,10,0.4166666666666667,last_token,,ko,ja,512,unmatched_cosine,0.807667076587677
Qwen/Qwen2.5-0.5B,10,0.4166666666666667,last_token,,ko,ja,512,cosine_margin,0.06916791200637817
Qwen/Qwen2.5-0.5B,10,0.4166666666666667,last_token,,ko,zh,512,matched_cosine,0.815703272819519
Qwen/Qwen2.5-0.5B,10,0.4166666666666667,last_token,,ko,zh,512,unmatched_cosine,0.7513529062271118
Qwen/Qwen2.5-0.5B,10,0.4166666666666667,last_token,,ko,zh,512,cosine_margin,0.06435036659240723
Qwen/Qwen2.5-0.5B,10,0.4166666666666667,last_token,,ja,en,512,matched_cosine,0.803507924079895
Qwen/Qwen2.5-0.5B,10,0.4166666666666667,last_token,,ja,en,512,unmatched_cosine,0.7361873388290405
Qwen/Qwen2.5-0.5B,10,0.4166666666666667,last_token,,ja,en,512,cosine_margin,0.06732058525085449
Qwen/Qwen2.5-0.5B,10,0.4166666666666667,last_token,,ja,ko,512,matched_cosine,0.8768349885940552
Qwen/Qwen2.5-0.5B,10,0.4166666666666667,last_token,,ja,ko,512,unmatched_cosine,0.8067728281021118
Qwen/Qwen2.5-0.5B,10,0.4166666666666667,last_token,,ja,ko,512,cosine_margin,0.07006216049194336
Qwen/Qwen2.5-0.5B,10,0.4166666666666667,last_token,,ja,zh,512,matched_cosine,0.8434616327285767
Qwen/Qwen2.5-0.5B,10,0.4166666666666667,last_token,,ja,zh,512,unmatched_cosine,0.7774234414100647
Qwen/Qwen2.5-0.5B,10,0.4166666666666667,last_token,,ja,zh,512,cosine_margin,0.06603819131851196
Qwen/Qwen2.5-0.5B,10,0.4166666666666667,last_token,,zh,en,512,matched_cosine,0.8567203283309937
Qwen/Qwen2.5-0.5B,10,0.4166666666666667,last_token,,zh,en,512,unmatched_cosine,0.7565418481826782
Qwen/Qwen2.5-0.5B,10,0.4166666666666667,last_token,,zh,en,512,cosine_margin,0.10017848014831543
Qwen/Qwen2.5-0.5B,10,0.4166666666666667,last_token,,zh,ko,512,matched_cosine,0.815703272819519
Qwen/Qwen2.5-0.5B,10,0.4166666666666667,last_token,,zh,ko,512,unmatched_cosine,0.749435544013977
Qwen/Qwen2.5-0.5B,10,0.4166666666666667,last_token,,zh,ko,512,cosine_margin,0.06626772880554199
Qwen/Qwen2.5-0.5B,10,0.4166666666666667,last_token,,zh,ja,512,matched_cosine,0.8434616327285767
Qwen/Qwen2.5-0.5B,10,0.4166666666666667,last_token,,zh,ja,512,unmatched_cosine,0.777740478515625
Qwen/Qwen2.5-0.5B,10,0.4166666666666667,last_token,,zh,ja,512,cosine_margin,0.06572115421295166
Qwen/Qwen2.5-0.5B,11,0.4583333333333333,last_token,en,,,512,centroid_norm,0.8848851323127747
Qwen/Qwen2.5-0.5B,11,0.4583333333333333,last_token,en,,,512,within_language_cosine,0.78259707337023
Qwen/Qwen2.5-0.5B,11,0.4583333333333333,last_token,en,,,512,stable_rank,14.188804213545145
Qwen/Qwen2.5-0.5B,11,0.4583333333333333,last_token,ko,,,512,centroid_norm,0.9054805636405945
Qwen/Qwen2.5-0.5B,11,0.4583333333333333,last_token,ko,,,512,within_language_cosine,0.8195425731561888
Qwen/Qwen2.5-0.5B,11,0.4583333333333333,last_token,ko,,,512,stable_rank,6.318324636858573
Qwen/Qwen2.5-0.5B,11,0.4583333333333333,last_token,ja,,,512,centroid_norm,0.9273781180381775
Qwen/Qwen2.5-0.5B,11,0.4583333333333333,last_token,ja,,,512,within_language_cosine,0.8597562607020548
Qwen/Qwen2.5-0.5B,11,0.4583333333333333,last_token,ja,,,512,stable_rank,14.603271572955272
Qwen/Qwen2.5-0.5B,11,0.4583333333333333,last_token,zh,,,512,centroid_norm,0.8931710124015808
Qwen/Qwen2.5-0.5B,11,0.4583333333333333,last_token,zh,,,512,within_language_cosine,0.7973586229895425
Qwen/Qwen2.5-0.5B,11,0.4583333333333333,last_token,zh,,,512,stable_rank,13.53747662282739
Qwen/Qwen2.5-0.5B,11,0.4583333333333333,last_token,,en,ko,512,matched_cosine,0.8407858610153198
Qwen/Qwen2.5-0.5B,11,0.4583333333333333,last_token,,en,ko,512,unmatched_cosine,0.7587448954582214
Qwen/Qwen2.5-0.5B,11,0.4583333333333333,last_token,,en,ko,512,cosine_margin,0.08204096555709839
Qwen/Qwen2.5-0.5B,11,0.4583333333333333,last_token,,en,ja,512,matched_cosine,0.8154557943344116
Qwen/Qwen2.5-0.5B,11,0.4583333333333333,last_token,,en,ja,512,unmatched_cosine,0.7346032857894897
Qwen/Qwen2.5-0.5B,11,0.4583333333333333,last_token,,en,ja,512,cosine_margin,0.08085250854492188
Qwen/Qwen2.5-0.5B,11,0.4583333333333333,last_token,,en,zh,512,matched_cosine,0.8597303628921509
Qwen/Qwen2.5-0.5B,11,0.4583333333333333,last_token,,en,zh,512,unmatched_cosine,0.7418232560157776
Qwen/Qwen2.5-0.5B,11,0.4583333333333333,last_token,,en,zh,512,cosine_margin,0.11790710687637329
Qwen/Qwen2.5-0.5B,11,0.4583333333333333,last_token,,ko,en,512,matched_cosine,0.8407858610153198
Qwen/Qwen2.5-0.5B,11,0.4583333333333333,last_token,,ko,en,512,unmatched_cosine,0.7574029564857483
Qwen/Qwen2.5-0.5B,11,0.4583333333333333,last_token,,ko,en,512,cosine_margin,0.08338290452957153
Qwen/Qwen2.5-0.5B,11,0.4583333333333333,last_token,,ko,ja,512,matched_cosine,0.8833078742027283
Qwen/Qwen2.5-0.5B,11,0.4583333333333333,last_token,,ko,ja,512,unmatched_cosine,0.8050993084907532
Qwen/Qwen2.5-0.5B,11,0.4583333333333333,last_token,,ko,ja,512,cosine_margin,0.0782085657119751
Qwen/Qwen2.5-0.5B,11,0.4583333333333333,last_token,,ko,zh,512,matched_cosine,0.8241065740585327
Qwen/Qwen2.5-0.5B,11,0.4583333333333333,last_token,,ko,zh,512,unmatched_cosine,0.7464917898178101
Qwen/Qwen2.5-0.5B,11,0.4583333333333333,last_token,,ko,zh,512,cosine_margin,0.07761478424072266
Qwen/Qwen2.5-0.5B,11,0.4583333333333333,last_token,,ja,en,512,matched_cosine,0.8154557943344116
Qwen/Qwen2.5-0.5B,11,0.4583333333333333,last_token,,ja,en,512,unmatched_cosine,0.7343870401382446
Qwen/Qwen2.5-0.5B,11,0.4583333333333333,last_token,,ja,en,512,cosine_margin,0.08106875419616699
Qwen/Qwen2.5-0.5B,11,0.4583333333333333,last_token,,ja,ko,512,matched_cosine,0.8833078742027283
Qwen/Qwen2.5-0.5B,11,0.4583333333333333,last_token,,ja,ko,512,unmatched_cosine,0.8053052425384521
Qwen/Qwen2.5-0.5B,11,0.4583333333333333,last_token,,ja,ko,512,cosine_margin,0.07800263166427612
Qwen/Qwen2.5-0.5B,11,0.4583333333333333,last_token,,ja,zh,512,matched_cosine,0.8502182960510254
Qwen/Qwen2.5-0.5B,11,0.4583333333333333,last_token,,ja,zh,512,unmatched_cosine,0.7705800533294678
Qwen/Qwen2.5-0.5B,11,0.4583333333333333,last_token,,ja,zh,512,cosine_margin,0.07963824272155762
Qwen/Qwen2.5-0.5B,11,0.4583333333333333,last_token,,zh,en,512,matched_cosine,0.8597303628921509
Qwen/Qwen2.5-0.5B,11,0.4583333333333333,last_token,,zh,en,512,unmatched_cosine,0.7423965930938721
Qwen/Qwen2.5-0.5B,11,0.4583333333333333,last_token,,zh,en,512,cosine_margin,0.11733376979827881
Qwen/Qwen2.5-0.5B,11,0.4583333333333333,last_token,,zh,ko,512,matched_cosine,0.8241065740585327
Qwen/Qwen2.5-0.5B,11,0.4583333333333333,last_token,,zh,ko,512,unmatched_cosine,0.7479187846183777
Qwen/Qwen2.5-0.5B,11,0.4583333333333333,last_token,,zh,ko,512,cosine_margin,0.07618778944015503
Qwen/Qwen2.5-0.5B,11,0.4583333333333333,last_token,,zh,ja,512,matched_cosine,0.8502182960510254
Qwen/Qwen2.5-0.5B,11,0.4583333333333333,last_token,,zh,ja,512,unmatched_cosine,0.7712540626525879
Qwen/Qwen2.5-0.5B,11,0.4583333333333333,last_token,,zh,ja,512,cosine_margin,0.0789642333984375
Qwen/Qwen2.5-0.5B,12,0.5,last_token,en,,,512,centroid_norm,0.8933950662612915
Qwen/Qwen2.5-0.5B,12,0.5,last_token,en,,,512,within_language_cosine,0.7977597708804733
Qwen/Qwen2.5-0.5B,12,0.5,last_token,en,,,512,stable_rank,13.691103436730797
Qwen/Qwen2.5-0.5B,12,0.5,last_token,ko,,,512,centroid_norm,0.9096765518188477
Qwen/Qwen2.5-0.5B,12,0.5,last_token,ko,,,512,within_language_cosine,0.8271738787686521
Qwen/Qwen2.5-0.5B,12,0.5,last_token,ko,,,512,stable_rank,5.44708361291535
Qwen/Qwen2.5-0.5B,12,0.5,last_token,ja,,,512,centroid_norm,0.9336488842964172
Qwen/Qwen2.5-0.5B,12,0.5,last_token,ja,,,512,within_language_cosine,0.8714492111056752
Qwen/Qwen2.5-0.5B,12,0.5,last_token,ja,,,512,stable_rank,11.167870892503377
Qwen/Qwen2.5-0.5B,12,0.5,last_token,zh,,,512,centroid_norm,0.9029878377914429
Qwen/Qwen2.5-0.5B,12,0.5,last_token,zh,,,512,within_language_cosine,0.8150257327085372
Qwen/Qwen2.5-0.5B,12,0.5,last_token,zh,,,512,stable_rank,13.197234762797363
Qwen/Qwen2.5-0.5B,12,0.5,last_token,,en,ko,512,matched_cosine,0.8512014150619507
Qwen/Qwen2.5-0.5B,12,0.5,last_token,,en,ko,512,unmatched_cosine,0.763076663017273
Qwen/Qwen2.5-0.5B,12,0.5,last_token,,en,ko,512,cosine_margin,0.08812475204467773
Qwen/Qwen2.5-0.5B,12,0.5,last_token,,en,ja,512,matched_cosine,0.825512707233429
Qwen/Qwen2.5-0.5B,12,0.5,last_token,,en,ja,512,unmatched_cosine,0.7404465675354004
Qwen/Qwen2.5-0.5B,12,0.5,last_token,,en,ja,512,cosine_margin,0.08506613969802856
Qwen/Qwen2.5-0.5B,12,0.5,last_token,,en,zh,512,matched_cosine,0.8648417592048645
Qwen/Qwen2.5-0.5B,12,0.5,last_token,,en,zh,512,unmatched_cosine,0.7467976808547974
Qwen/Qwen2.5-0.5B,12,0.5,last_token,,en,zh,512,cosine_margin,0.11804407835006714
Qwen/Qwen2.5-0.5B,12,0.5,last_token,,ko,en,512,matched_cosine,0.8512014150619507
Qwen/Qwen2.5-0.5B,12,0.5,last_token,,ko,en,512,unmatched_cosine,0.7631090879440308
Qwen/Qwen2.5-0.5B,12,0.5,last_token,,ko,en,512,cosine_margin,0.08809232711791992
Qwen/Qwen2.5-0.5B,12,0.5,last_token,,ko,ja,512,matched_cosine,0.8862173557281494
Qwen/Qwen2.5-0.5B,12,0.5,last_token,,ko,ja,512,unmatched_cosine,0.8058146238327026
Qwen/Qwen2.5-0.5B,12,0.5,last_token,,ko,ja,512,cosine_margin,0.08040273189544678
Qwen/Qwen2.5-0.5B,12,0.5,last_token,,ko,zh,512,matched_cosine,0.8329192996025085
Qwen/Qwen2.5-0.5B,12,0.5,last_token,,ko,zh,512,unmatched_cosine,0.7550349235534668
Qwen/Qwen2.5-0.5B,12,0.5,last_token,,ko,zh,512,cosine_margin,0.07788437604904175
Qwen/Qwen2.5-0.5B,12,0.5,last_token,,ja,en,512,matched_cosine,0.825512707233429
Qwen/Qwen2.5-0.5B,12,0.5,last_token,,ja,en,512,unmatched_cosine,0.7402608394622803
Qwen/Qwen2.5-0.5B,12,0.5,last_token,,ja,en,512,cosine_margin,0.08525186777114868
Qwen/Qwen2.5-0.5B,12,0.5,last_token,,ja,ko,512,matched_cosine,0.8862173557281494
Qwen/Qwen2.5-0.5B,12,0.5,last_token,,ja,ko,512,unmatched_cosine,0.8059591054916382
Qwen/Qwen2.5-0.5B,12,0.5,last_token,,ja,ko,512,cosine_margin,0.08025825023651123
Qwen/Qwen2.5-0.5B,12,0.5,last_token,,ja,zh,512,matched_cosine,0.8592786192893982
Qwen/Qwen2.5-0.5B,12,0.5,last_token,,ja,zh,512,unmatched_cosine,0.7798123359680176
Qwen/Qwen2.5-0.5B,12,0.5,last_token,,ja,zh,512,cosine_margin,0.07946628332138062
Qwen/Qwen2.5-0.5B,12,0.5,last_token,,zh,en,512,matched_cosine,0.8648417592048645
Qwen/Qwen2.5-0.5B,12,0.5,last_token,,zh,en,512,unmatched_cosine,0.7460201382637024
Qwen/Qwen2.5-0.5B,12,0.5,last_token,,zh,en,512,cosine_margin,0.11882162094116211
Qwen/Qwen2.5-0.5B,12,0.5,last_token,,zh,ko,512,matched_cosine,0.8329192996025085
Qwen/Qwen2.5-0.5B,12,0.5,last_token,,zh,ko,512,unmatched_cosine,0.7548133134841919
Qwen/Qwen2.5-0.5B,12,0.5,last_token,,zh,ko,512,cosine_margin,0.07810598611831665
Qwen/Qwen2.5-0.5B,12,0.5,last_token,,zh,ja,512,matched_cosine,0.8592786192893982
Qwen/Qwen2.5-0.5B,12,0.5,last_token,,zh,ja,512,unmatched_cosine,0.7797369956970215
Qwen/Qwen2.5-0.5B,12,0.5,last_token,,zh,ja,512,cosine_margin,0.07954162359237671
Qwen/Qwen2.5-0.5B,13,0.5416666666666666,last_token,en,,,512,centroid_norm,0.8941138386726379
Qwen/Qwen2.5-0.5B,13,0.5416666666666666,last_token,en,,,512,within_language_cosine,0.7990470632414995
Qwen/Qwen2.5-0.5B,13,0.5416666666666666,last_token,en,,,512,stable_rank,11.49970708230967
Qwen/Qwen2.5-0.5B,13,0.5416666666666666,last_token,ko,,,512,centroid_norm,0.9136460423469543
Qwen/Qwen2.5-0.5B,13,0.5416666666666666,last_token,ko,,,512,within_language_cosine,0.8344257153176982
Qwen/Qwen2.5-0.5B,13,0.5416666666666666,last_token,ko,,,512,stable_rank,5.915277433479994
Qwen/Qwen2.5-0.5B,13,0.5416666666666666,last_token,ja,,,512,centroid_norm,0.9340390563011169
Qwen/Qwen2.5-0.5B,13,0.5416666666666666,last_token,ja,,,512,within_language_cosine,0.8721793635717343
Qwen/Qwen2.5-0.5B,13,0.5416666666666666,last_token,ja,,,512,stable_rank,10.020254631818267
Qwen/Qwen2.5-0.5B,13,0.5416666666666666,last_token,zh,,,512,centroid_norm,0.9044947624206543
Qwen/Qwen2.5-0.5B,13,0.5416666666666666,last_token,zh,,,512,within_language_cosine,0.8177548761237158
Qwen/Qwen2.5-0.5B,13,0.5416666666666666,last_token,zh,,,512,stable_rank,11.19013625816547
Qwen/Qwen2.5-0.5B,13,0.5416666666666666,last_token,,en,ko,512,matched_cosine,0.8535415530204773
Qwen/Qwen2.5-0.5B,13,0.5416666666666666,last_token,,en,ko,512,unmatched_cosine,0.7625871896743774
Qwen/Qwen2.5-0.5B,13,0.5416666666666666,last_token,,en,ko,512,cosine_margin,0.09095436334609985
Qwen/Qwen2.5-0.5B,13,0.5416666666666666,last_token,,en,ja,512,matched_cosine,0.8299602270126343
Qwen/Qwen2.5-0.5B,13,0.5416666666666666,last_token,,en,ja,512,unmatched_cosine,0.7398837804794312
Qwen/Qwen2.5-0.5B,13,0.5416666666666666,last_token,,en,ja,512,cosine_margin,0.09007644653320312
Qwen/Qwen2.5-0.5B,13,0.5416666666666666,last_token,,en,zh,512,matched_cosine,0.8795554637908936
Qwen/Qwen2.5-0.5B,13,0.5416666666666666,last_token,,en,zh,512,unmatched_cosine,0.7583256363868713
Qwen/Qwen2.5-0.5B,13,0.5416666666666666,last_token,,en,zh,512,cosine_margin,0.12122982740402222
Qwen/Qwen2.5-0.5B,13,0.5416666666666666,last_token,,ko,en,512,matched_cosine,0.8535415530204773
Qwen/Qwen2.5-0.5B,13,0.5416666666666666,last_token,,ko,en,512,unmatched_cosine,0.7620167136192322
Qwen/Qwen2.5-0.5B,13,0.5416666666666666,last_token,,ko,en,512,cosine_margin,0.09152483940124512
Qwen/Qwen2.5-0.5B,13,0.5416666666666666,last_token,,ko,ja,512,matched_cosine,0.8994759321212769
Qwen/Qwen2.5-0.5B,13,0.5416666666666666,last_token,,ko,ja,512,unmatched_cosine,0.8160389065742493
Qwen/Qwen2.5-0.5B,13,0.5416666666666666,last_token,,ko,ja,512,cosine_margin,0.08343702554702759
Qwen/Qwen2.5-0.5B,13,0.5416666666666666,last_token,,ko,zh,512,matched_cosine,0.8436200618743896
Qwen/Qwen2.5-0.5B,13,0.5416666666666666,last_token,,ko,zh,512,unmatched_cosine,0.7616978883743286
Qwen/Qwen2.5-0.5B,13,0.5416666666666666,last_token,,ko,zh,512,cosine_margin,0.08192217350006104
Qwen/Qwen2.5-0.5B,13,0.5416666666666666,last_token,,ja,en,512,matched_cosine,0.8299602270126343
Qwen/Qwen2.5-0.5B,13,0.5416666666666666,last_token,,ja,en,512,unmatched_cosine,0.7409122586250305
Qwen/Qwen2.5-0.5B,13,0.5416666666666666,last_token,,ja,en,512,cosine_margin,0.08904796838760376
Qwen/Qwen2.5-0.5B,13,0.5416666666666666,last_token,,ja,ko,512,matched_cosine,0.8994759321212769
Qwen/Qwen2.5-0.5B,13,0.5416666666666666,last_token,,ja,ko,512,unmatched_cosine,0.8176143169403076
Qwen/Qwen2.5-0.5B,13,0.5416666666666666,last_token,,ja,ko,512,cosine_margin,0.08186161518096924
Qwen/Qwen2.5-0.5B,13,0.5416666666666666,last_token,,ja,zh,512,matched_cosine,0.863217830657959
Qwen/Qwen2.5-0.5B,13,0.5416666666666666,last_token,,ja,zh,512,unmatched_cosine,0.7796262502670288
Qwen/Qwen2.5-0.5B,13,0.5416666666666666,last_token,,ja,zh,512,cosine_margin,0.08359158039093018
Qwen/Qwen2.5-0.5B,13,0.5416666666666666,last_token,,zh,en,512,matched_cosine,0.8795554637908936
Qwen/Qwen2.5-0.5B,13,0.5416666666666666,last_token,,zh,en,512,unmatched_cosine,0.7575803995132446
Qwen/Qwen2.5-0.5B,13,0.5416666666666666,last_token,,zh,en,512,cosine_margin,0.12197506427764893
Qwen/Qwen2.5-0.5B,13,0.5416666666666666,last_token,,zh,ko,512,matched_cosine,0.8436200618743896
Qwen/Qwen2.5-0.5B,13,0.5416666666666666,last_token,,zh,ko,512,unmatched_cosine,0.7619958519935608
Qwen/Qwen2.5-0.5B,13,0.5416666666666666,last_token,,zh,ko,512,cosine_margin,0.08162420988082886
Qwen/Qwen2.5-0.5B,13,0.5416666666666666,last_token,,zh,ja,512,matched_cosine,0.863217830657959
Qwen/Qwen2.5-0.5B,13,0.5416666666666666,last_token,,zh,ja,512,unmatched_cosine,0.7785494327545166
Qwen/Qwen2.5-0.5B,13,0.5416666666666666,last_token,,zh,ja,512,cosine_margin,0.08466839790344238
Qwen/Qwen2.5-0.5B,14,0.5833333333333334,last_token,en,,,512,centroid_norm,0.8920405507087708
Qwen/Qwen2.5-0.5B,14,0.5833333333333334,last_token,en,,,512,within_language_cosine,0.7953366393445755
Qwen/Qwen2.5-0.5B,14,0.5833333333333334,last_token,en,,,512,stable_rank,10.970036278331591
Qwen/Qwen2.5-0.5B,14,0.5833333333333334,last_token,ko,,,512,centroid_norm,0.9141469597816467
Qwen/Qwen2.5-0.5B,14,0.5833333333333334,last_token,ko,,,512,within_language_cosine,0.8353430343000856
Qwen/Qwen2.5-0.5B,14,0.5833333333333334,last_token,ko,,,512,stable_rank,5.733447972135486
Qwen/Qwen2.5-0.5B,14,0.5833333333333334,last_token,ja,,,512,centroid_norm,0.9351983070373535
Qwen/Qwen2.5-0.5B,14,0.5833333333333334,last_token,ja,,,512,within_language_cosine,0.8743504115513393
Qwen/Qwen2.5-0.5B,14,0.5833333333333334,last_token,ja,,,512,stable_rank,9.272959899962514
Qwen/Qwen2.5-0.5B,14,0.5833333333333334,last_token,zh,,,512,centroid_norm,0.9019752144813538
Qwen/Qwen2.5-0.5B,14,0.5833333333333334,last_token,zh,,,512,within_language_cosine,0.8131944391358855
Qwen/Qwen2.5-0.5B,14,0.5833333333333334,last_token,zh,,,512,stable_rank,9.985107750481015
Qwen/Qwen2.5-0.5B,14,0.5833333333333334,last_token,,en,ko,512,matched_cosine,0.8436177968978882
Qwen/Qwen2.5-0.5B,14,0.5833333333333334,last_token,,en,ko,512,unmatched_cosine,0.7522075176239014
Qwen/Qwen2.5-0.5B,14,0.5833333333333334,last_token,,en,ko,512,cosine_margin,0.09141027927398682
Qwen/Qwen2.5-0.5B,14,0.5833333333333334,last_token,,en,ja,512,matched_cosine,0.8232242465019226
Qwen/Qwen2.5-0.5B,14,0.5833333333333334,last_token,,en,ja,512,unmatched_cosine,0.732580304145813
Qwen/Qwen2.5-0.5B,14,0.5833333333333334,last_token,,en,ja,512,cosine_margin,0.09064394235610962
Qwen/Qwen2.5-0.5B,14,0.5833333333333334,last_token,,en,zh,512,matched_cosine,0.8746256828308105
Qwen/Qwen2.5-0.5B,14,0.5833333333333334,last_token,,en,zh,512,unmatched_cosine,0.750060498714447
Qwen/Qwen2.5-0.5B,14,0.5833333333333334,last_token,,en,zh,512,cosine_margin,0.12456518411636353
Qwen/Qwen2.5-0.5B,14,0.5833333333333334,last_token,,ko,en,512,matched_cosine,0.8436177968978882
Qwen/Qwen2.5-0.5B,14,0.5833333333333334,last_token,,ko,en,512,unmatched_cosine,0.7518974542617798
Qwen/Qwen2.5-0.5B,14,0.5833333333333334,last_token,,ko,en,512,cosine_margin,0.0917203426361084
Qwen/Qwen2.5-0.5B,14,0.5833333333333334,last_token,,ko,ja,512,matched_cosine,0.9024443626403809
Qwen/Qwen2.5-0.5B,14,0.5833333333333334,last_token,,ko,ja,512,unmatched_cosine,0.820440411567688
Qwen/Qwen2.5-0.5B,14,0.5833333333333334,last_token,,ko,ja,512,cosine_margin,0.08200395107269287
Qwen/Qwen2.5-0.5B,14,0.5833333333333334,last_token,,ko,zh,512,matched_cosine,0.8414247035980225
Qwen/Qwen2.5-0.5B,14,0.5833333333333334,last_token,,ko,zh,512,unmatched_cosine,0.7594898343086243
Qwen/Qwen2.5-0.5B,14,0.5833333333333334,last_token,,ko,zh,512,cosine_margin,0.0819348692893982
Qwen/Qwen2.5-0.5B,14,0.5833333333333334,last_token,,ja,en,512,matched_cosine,0.8232242465019226
Qwen/Qwen2.5-0.5B,14,0.5833333333333334,last_token,,ja,en,512,unmatched_cosine,0.7326574325561523
Qwen/Qwen2.5-0.5B,14,0.5833333333333334,last_token,,ja,en,512,cosine_margin,0.09056681394577026
Qwen/Qwen2.5-0.5B,14,0.5833333333333334,last_token,,ja,ko,512,matched_cosine,0.9024443626403809
Qwen/Qwen2.5-0.5B,14,0.5833333333333334,last_token,,ja,ko,512,unmatched_cosine,0.8204478025436401
Qwen/Qwen2.5-0.5B,14,0.5833333333333334,last_token,,ja,ko,512,cosine_margin,0.08199656009674072
Qwen/Qwen2.5-0.5B,14,0.5833333333333334,last_token,,ja,zh,512,matched_cosine,0.860933780670166
Qwen/Qwen2.5-0.5B,14,0.5833333333333334,last_token,,ja,zh,512,unmatched_cosine,0.7761864066123962
Qwen/Qwen2.5-0.5B,14,0.5833333333333334,last_token,,ja,zh,512,cosine_margin,0.08474737405776978
Qwen/Qwen2.5-0.5B,14,0.5833333333333334,last_token,,zh,en,512,matched_cosine,0.8746256828308105
Qwen/Qwen2.5-0.5B,14,0.5833333333333334,last_token,,zh,en,512,unmatched_cosine,0.7493457198143005
Qwen/Qwen2.5-0.5B,14,0.5833333333333334,last_token,,zh,en,512,cosine_margin,0.12527996301651
Qwen/Qwen2.5-0.5B,14,0.5833333333333334,last_token,,zh,ko,512,matched_cosine,0.8414247035980225
Qwen/Qwen2.5-0.5B,14,0.5833333333333334,last_token,,zh,ko,512,unmatched_cosine,0.7597209215164185
Qwen/Qwen2.5-0.5B,14,0.5833333333333334,last_token,,zh,ko,512,cosine_margin,0.081703782081604
Qwen/Qwen2.5-0.5B,14,0.5833333333333334,last_token,,zh,ja,512,matched_cosine,0.860933780670166
Qwen/Qwen2.5-0.5B,14,0.5833333333333334,last_token,,zh,ja,512,unmatched_cosine,0.7751753330230713
Qwen/Qwen2.5-0.5B,14,0.5833333333333334,last_token,,zh,ja,512,cosine_margin,0.08575844764709473
Qwen/Qwen2.5-0.5B,15,0.625,last_token,en,,,512,centroid_norm,0.877932608127594
Qwen/Qwen2.5-0.5B,15,0.625,last_token,en,,,512,within_language_cosine,0.7703170627063968
Qwen/Qwen2.5-0.5B,15,0.625,last_token,en,,,512,stable_rank,10.126440197457324
Qwen/Qwen2.5-0.5B,15,0.625,last_token,ko,,,512,centroid_norm,0.9085176587104797
Qwen/Qwen2.5-0.5B,15,0.625,last_token,ko,,,512,within_language_cosine,0.825062611798251
Qwen/Qwen2.5-0.5B,15,0.625,last_token,ko,,,512,stable_rank,6.281162991148989
Qwen/Qwen2.5-0.5B,15,0.625,last_token,ja,,,512,centroid_norm,0.9222928881645203
Qwen/Qwen2.5-0.5B,15,0.625,last_token,ja,,,512,within_language_cosine,0.850331883141206
Qwen/Qwen2.5-0.5B,15,0.625,last_token,ja,,,512,stable_rank,9.310690133108542
Qwen/Qwen2.5-0.5B,15,0.625,last_token,zh,,,512,centroid_norm,0.8927699327468872
Qwen/Qwen2.5-0.5B,15,0.625,last_token,zh,,,512,within_language_cosine,0.7966410119939457
Qwen/Qwen2.5-0.5B,15,0.625,last_token,zh,,,512,stable_rank,9.291367733674834
Qwen/Qwen2.5-0.5B,15,0.625,last_token,,en,ko,512,matched_cosine,0.8457249402999878
Qwen/Qwen2.5-0.5B,15,0.625,last_token,,en,ko,512,unmatched_cosine,0.7359147071838379
Qwen/Qwen2.5-0.5B,15,0.625,last_token,,en,ko,512,cosine_margin,0.1098102331161499
Qwen/Qwen2.5-0.5B,15,0.625,last_token,,en,ja,512,matched_cosine,0.8336402773857117
Qwen/Qwen2.5-0.5B,15,0.625,last_token,,en,ja,512,unmatched_cosine,0.7175362706184387
Qwen/Qwen2.5-0.5B,15,0.625,last_token,,en,ja,512,cosine_margin,0.11610400676727295
Qwen/Qwen2.5-0.5B,15,0.625,last_token,,en,zh,512,matched_cosine,0.8887152075767517
Qwen/Qwen2.5-0.5B,15,0.625,last_token,,en,zh,512,unmatched_cosine,0.7404757142066956
Qwen/Qwen2.5-0.5B,15,0.625,last_token,,en,zh,512,cosine_margin,0.14823949337005615
Qwen/Qwen2.5-0.5B,15,0.625,last_token,,ko,en,512,matched_cosine,0.8457249402999878
Qwen/Qwen2.5-0.5B,15,0.625,last_token,,ko,en,512,unmatched_cosine,0.7370548248291016
Qwen/Qwen2.5-0.5B,15,0.625,last_token,,ko,en,512,cosine_margin,0.10867011547088623
Qwen/Qwen2.5-0.5B,15,0.625,last_token,,ko,ja,512,matched_cosine,0.9092171788215637
Qwen/Qwen2.5-0.5B,15,0.625,last_token,,ko,ja,512,unmatched_cosine,0.8100037574768066
Qwen/Qwen2.5-0.5B,15,0.625,last_token,,ko,ja,512,cosine_margin,0.09921342134475708
Qwen/Qwen2.5-0.5B,15,0.625,last_token,,ko,zh,512,matched_cosine,0.8489965200424194
Qwen/Qwen2.5-0.5B,15,0.625,last_token,,ko,zh,512,unmatched_cosine,0.7520924806594849
Qwen/Qwen2.5-0.5B,15,0.625,last_token,,ko,zh,512,cosine_margin,0.09690403938293457
Qwen/Qwen2.5-0.5B,15,0.625,last_token,,ja,en,512,matched_cosine,0.8336402773857117
Qwen/Qwen2.5-0.5B,15,0.625,last_token,,ja,en,512,unmatched_cosine,0.7180765867233276
Qwen/Qwen2.5-0.5B,15,0.625,last_token,,ja,en,512,cosine_margin,0.11556369066238403
Qwen/Qwen2.5-0.5B,15,0.625,last_token,,ja,ko,512,matched_cosine,0.9092171788215637
Qwen/Qwen2.5-0.5B,15,0.625,last_token,,ja,ko,512,unmatched_cosine,0.8098421096801758
Qwen/Qwen2.5-0.5B,15,0.625,last_token,,ja,ko,512,cosine_margin,0.09937506914138794
Qwen/Qwen2.5-0.5B,15,0.625,last_token,,ja,zh,512,matched_cosine,0.8713029026985168
Qwen/Qwen2.5-0.5B,15,0.625,last_token,,ja,zh,512,unmatched_cosine,0.7642872929573059
Qwen/Qwen2.5-0.5B,15,0.625,last_token,,ja,zh,512,cosine_margin,0.10701560974121094
Qwen/Qwen2.5-0.5B,15,0.625,last_token,,zh,en,512,matched_cosine,0.8887152075767517
Qwen/Qwen2.5-0.5B,15,0.625,last_token,,zh,en,512,unmatched_cosine,0.7388912439346313
Qwen/Qwen2.5-0.5B,15,0.625,last_token,,zh,en,512,cosine_margin,0.14982396364212036
Qwen/Qwen2.5-0.5B,15,0.625,last_token,,zh,ko,512,matched_cosine,0.8489965200424194
Qwen/Qwen2.5-0.5B,15,0.625,last_token,,zh,ko,512,unmatched_cosine,0.7498195171356201
Qwen/Qwen2.5-0.5B,15,0.625,last_token,,zh,ko,512,cosine_margin,0.09917700290679932
Qwen/Qwen2.5-0.5B,15,0.625,last_token,,zh,ja,512,matched_cosine,0.8713029026985168
Qwen/Qwen2.5-0.5B,15,0.625,last_token,,zh,ja,512,unmatched_cosine,0.7632577419281006
Qwen/Qwen2.5-0.5B,15,0.625,last_token,,zh,ja,512,cosine_margin,0.10804516077041626
Qwen/Qwen2.5-0.5B,16,0.6666666666666666,last_token,en,,,512,centroid_norm,0.8948537111282349
Qwen/Qwen2.5-0.5B,16,0.6666666666666666,last_token,en,,,512,within_language_cosine,0.800373234160959
Qwen/Qwen2.5-0.5B,16,0.6666666666666666,last_token,en,,,512,stable_rank,9.82565307709473
Qwen/Qwen2.5-0.5B,16,0.6666666666666666,last_token,ko,,,512,centroid_norm,0.9297860860824585
Qwen/Qwen2.5-0.5B,16,0.6666666666666666,last_token,ko,,,512,within_language_cosine,0.8642370294918053
Qwen/Qwen2.5-0.5B,16,0.6666666666666666,last_token,ko,,,512,stable_rank,5.405729752776224
Qwen/Qwen2.5-0.5B,16,0.6666666666666666,last_token,ja,,,512,centroid_norm,0.9416372776031494
Qwen/Qwen2.5-0.5B,16,0.6666666666666666,last_token,ja,,,512,within_language_cosine,0.886459022118854
Qwen/Qwen2.5-0.5B,16,0.6666666666666666,last_token,ja,,,512,stable_rank,9.006435748748595
Qwen/Qwen2.5-0.5B,16,0.6666666666666666,last_token,zh,,,512,centroid_norm,0.9056192636489868
Qwen/Qwen2.5-0.5B,16,0.6666666666666666,last_token,zh,,,512,within_language_cosine,0.8197942386634662
Qwen/Qwen2.5-0.5B,16,0.6666666666666666,last_token,zh,,,512,stable_rank,8.482583371194831
Qwen/Qwen2.5-0.5B,16,0.6666666666666666,last_token,,en,ko,512,matched_cosine,0.8549774289131165
Qwen/Qwen2.5-0.5B,16,0.6666666666666666,last_token,,en,ko,512,unmatched_cosine,0.7663044929504395
Qwen/Qwen2.5-0.5B,16,0.6666666666666666,last_token,,en,ko,512,cosine_margin,0.088672935962677
Qwen/Qwen2.5-0.5B,16,0.6666666666666666,last_token,,en,ja,512,matched_cosine,0.8489605784416199
Qwen/Qwen2.5-0.5B,16,0.6666666666666666,last_token,,en,ja,512,unmatched_cosine,0.7528149485588074
Qwen/Qwen2.5-0.5B,16,0.6666666666666666,last_token,,en,ja,512,cosine_margin,0.0961456298828125
Qwen/Qwen2.5-0.5B,16,0.6666666666666666,last_token,,en,zh,512,matched_cosine,0.8902005553245544
Qwen/Qwen2.5-0.5B,16,0.6666666666666666,last_token,,en,zh,512,unmatched_cosine,0.7560281753540039
Qwen/Qwen2.5-0.5B,16,0.6666666666666666,last_token,,en,zh,512,cosine_margin,0.13417237997055054
Qwen/Qwen2.5-0.5B,16,0.6666666666666666,last_token,,ko,en,512,matched_cosine,0.8549774289131165
Qwen/Qwen2.5-0.5B,16,0.6666666666666666,last_token,,ko,en,512,unmatched_cosine,0.7647526860237122
Qwen/Qwen2.5-0.5B,16,0.6666666666666666,last_token,,ko,en,512,cosine_margin,0.0902247428894043
Qwen/Qwen2.5-0.5B,16,0.6666666666666666,last_token,,ko,ja,512,matched_cosine,0.9247699975967407
Qwen/Qwen2.5-0.5B,16,0.6666666666666666,last_token,,ko,ja,512,unmatched_cosine,0.8479405641555786
Qwen/Qwen2.5-0.5B,16,0.6666666666666666,last_token,,ko,ja,512,cosine_margin,0.07682943344116211
Qwen/Qwen2.5-0.5B,16,0.6666666666666666,last_token,,ko,zh,512,matched_cosine,0.8616632223129272
Qwen/Qwen2.5-0.5B,16,0.6666666666666666,last_token,,ko,zh,512,unmatched_cosine,0.7810423374176025
Qwen/Qwen2.5-0.5B,16,0.6666666666666666,last_token,,ko,zh,512,cosine_margin,0.08062088489532471
Qwen/Qwen2.5-0.5B,16,0.6666666666666666,last_token,,ja,en,512,matched_cosine,0.8489605784416199
Qwen/Qwen2.5-0.5B,16,0.6666666666666666,last_token,,ja,en,512,unmatched_cosine,0.7527089715003967
Qwen/Qwen2.5-0.5B,16,0.6666666666666666,last_token,,ja,en,512,cosine_margin,0.09625160694122314
Qwen/Qwen2.5-0.5B,16,0.6666666666666666,last_token,,ja,ko,512,matched_cosine,0.9247699975967407
Qwen/Qwen2.5-0.5B,16,0.6666666666666666,last_token,,ja,ko,512,unmatched_cosine,0.8482836484909058
Qwen/Qwen2.5-0.5B,16,0.6666666666666666,last_token,,ja,ko,512,cosine_margin,0.07648634910583496
Qwen/Qwen2.5-0.5B,16,0.6666666666666666,last_token,,ja,zh,512,matched_cosine,0.8854331374168396
Qwen/Qwen2.5-0.5B,16,0.6666666666666666,last_token,,ja,zh,512,unmatched_cosine,0.795619547367096
Qwen/Qwen2.5-0.5B,16,0.6666666666666666,last_token,,ja,zh,512,cosine_margin,0.08981359004974365
Qwen/Qwen2.5-0.5B,16,0.6666666666666666,last_token,,zh,en,512,matched_cosine,0.8902005553245544
Qwen/Qwen2.5-0.5B,16,0.6666666666666666,last_token,,zh,en,512,unmatched_cosine,0.7556215524673462
Qwen/Qwen2.5-0.5B,16,0.6666666666666666,last_token,,zh,en,512,cosine_margin,0.13457900285720825
Qwen/Qwen2.5-0.5B,16,0.6666666666666666,last_token,,zh,ko,512,matched_cosine,0.8616632223129272
Qwen/Qwen2.5-0.5B,16,0.6666666666666666,last_token,,zh,ko,512,unmatched_cosine,0.78118896484375
Qwen/Qwen2.5-0.5B,16,0.6666666666666666,last_token,,zh,ko,512,cosine_margin,0.08047425746917725
Qwen/Qwen2.5-0.5B,16,0.6666666666666666,last_token,,zh,ja,512,matched_cosine,0.8854331374168396
Qwen/Qwen2.5-0.5B,16,0.6666666666666666,last_token,,zh,ja,512,unmatched_cosine,0.7958070039749146
Qwen/Qwen2.5-0.5B,16,0.6666666666666666,last_token,,zh,ja,512,cosine_margin,0.08962613344192505
Qwen/Qwen2.5-0.5B,17,0.7083333333333334,last_token,en,,,512,centroid_norm,0.9086369872093201
Qwen/Qwen2.5-0.5B,17,0.7083333333333334,last_token,en,,,512,within_language_cosine,0.8252799375649768
Qwen/Qwen2.5-0.5B,17,0.7083333333333334,last_token,en,,,512,stable_rank,9.078814309237863
Qwen/Qwen2.5-0.5B,17,0.7083333333333334,last_token,ko,,,512,centroid_norm,0.9350217580795288
Qwen/Qwen2.5-0.5B,17,0.7083333333333334,last_token,ko,,,512,within_language_cosine,0.8740196750588614
Qwen/Qwen2.5-0.5B,17,0.7083333333333334,last_token,ko,,,512,stable_rank,4.508720655123248
Qwen/Qwen2.5-0.5B,17,0.7083333333333334,last_token,ja,,,512,centroid_norm,0.9494661092758179
Qwen/Qwen2.5-0.5B,17,0.7083333333333334,last_token,ja,,,512,within_language_cosine,0.9012930733816964
Qwen/Qwen2.5-0.5B,17,0.7083333333333334,last_token,ja,,,512,stable_rank,8.358654133514191
Qwen/Qwen2.5-0.5B,17,0.7083333333333334,last_token,zh,,,512,centroid_norm,0.9175512194633484
Qwen/Qwen2.5-0.5B,17,0.7083333333333334,last_token,zh,,,512,within_language_cosine,0.8415908962779782
Qwen/Qwen2.5-0.5B,17,0.7083333333333334,last_token,zh,,,512,stable_rank,7.499994409258665
Qwen/Qwen2.5-0.5B,17,0.7083333333333334,last_token,,en,ko,512,matched_cosine,0.8805410861968994
Qwen/Qwen2.5-0.5B,17,0.7083333333333334,last_token,,en,ko,512,unmatched_cosine,0.8111448287963867
Qwen/Qwen2.5-0.5B,17,0.7083333333333334,last_token,,en,ko,512,cosine_margin,0.0693962574005127
Qwen/Qwen2.5-0.5B,17,0.7083333333333334,last_token,,en,ja,512,matched_cosine,0.8752801418304443
Qwen/Qwen2.5-0.5B,17,0.7083333333333334,last_token,,en,ja,512,unmatched_cosine,0.8003264665603638
Qwen/Qwen2.5-0.5B,17,0.7083333333333334,last_token,,en,ja,512,cosine_margin,0.07495367527008057
Qwen/Qwen2.5-0.5B,17,0.7083333333333334,last_token,,en,zh,512,matched_cosine,0.8968110084533691
Qwen/Qwen2.5-0.5B,17,0.7083333333333334,last_token,,en,zh,512,unmatched_cosine,0.7907260656356812
Qwen/Qwen2.5-0.5B,17,0.7083333333333334,last_token,,en,zh,512,cosine_margin,0.10608494281768799
Qwen/Qwen2.5-0.5B,17,0.7083333333333334,last_token,,ko,en,512,matched_cosine,0.8805410861968994
Qwen/Qwen2.5-0.5B,17,0.7083333333333334,last_token,,ko,en,512,unmatched_cosine,0.8103201389312744
Qwen/Qwen2.5-0.5B,17,0.7083333333333334,last_token,,ko,en,512,cosine_margin,0.070220947265625
Qwen/Qwen2.5-0.5B,17,0.7083333333333334,last_token,,ko,ja,512,matched_cosine,0.9326727986335754
Qwen/Qwen2.5-0.5B,17,0.7083333333333334,last_token,,ko,ja,512,unmatched_cosine,0.8709012269973755
Qwen/Qwen2.5-0.5B,17,0.7083333333333334,last_token,,ko,ja,512,cosine_margin,0.06177157163619995
Qwen/Qwen2.5-0.5B,17,0.7083333333333334,last_token,,ko,zh,512,matched_cosine,0.8820450901985168
Qwen/Qwen2.5-0.5B,17,0.7083333333333334,last_token,,ko,zh,512,unmatched_cosine,0.8178541660308838
Qwen/Qwen2.5-0.5B,17,0.7083333333333334,last_token,,ko,zh,512,cosine_margin,0.06419092416763306
Qwen/Qwen2.5-0.5B,17,0.7083333333333334,last_token,,ja,en,512,matched_cosine,0.8752801418304443
Qwen/Qwen2.5-0.5B,17,0.7083333333333334,last_token,,ja,en,512,unmatched_cosine,0.7995361089706421
Qwen/Qwen2.5-0.5B,17,0.7083333333333334,last_token,,ja,en,512,cosine_margin,0.07574403285980225
Qwen/Qwen2.5-0.5B,17,0.7083333333333334,last_token,,ja,ko,512,matched_cosine,0.9326727986335754
Qwen/Qwen2.5-0.5B,17,0.7083333333333334,last_token,,ja,ko,512,unmatched_cosine,0.8707535862922668
Qwen/Qwen2.5-0.5B,17,0.7083333333333334,last_token,,ja,ko,512,cosine_margin,0.061919212341308594
Qwen/Qwen2.5-0.5B,17,0.7083333333333334,last_token,,ja,zh,512,matched_cosine,0.9068849086761475
Qwen/Qwen2.5-0.5B,17,0.7083333333333334,last_token,,ja,zh,512,unmatched_cosine,0.8349896669387817
Qwen/Qwen2.5-0.5B,17,0.7083333333333334,last_token,,ja,zh,512,cosine_margin,0.07189524173736572
Qwen/Qwen2.5-0.5B,17,0.7083333333333334,last_token,,zh,en,512,matched_cosine,0.8968110084533691
Qwen/Qwen2.5-0.5B,17,0.7083333333333334,last_token,,zh,en,512,unmatched_cosine,0.790163516998291
Qwen/Qwen2.5-0.5B,17,0.7083333333333334,last_token,,zh,en,512,cosine_margin,0.10664749145507812
Qwen/Qwen2.5-0.5B,17,0.7083333333333334,last_token,,zh,ko,512,matched_cosine,0.8820450901985168
Qwen/Qwen2.5-0.5B,17,0.7083333333333334,last_token,,zh,ko,512,unmatched_cosine,0.8190551996231079
Qwen/Qwen2.5-0.5B,17,0.7083333333333334,last_token,,zh,ko,512,cosine_margin,0.06298989057540894
Qwen/Qwen2.5-0.5B,17,0.7083333333333334,last_token,,zh,ja,512,matched_cosine,0.9068849086761475
Qwen/Qwen2.5-0.5B,17,0.7083333333333334,last_token,,zh,ja,512,unmatched_cosine,0.8348612785339355
Qwen/Qwen2.5-0.5B,17,0.7083333333333334,last_token,,zh,ja,512,cosine_margin,0.07202363014221191
Qwen/Qwen2.5-0.5B,18,0.75,last_token,en,,,512,centroid_norm,0.9206655025482178
Qwen/Qwen2.5-0.5B,18,0.75,last_token,en,,,512,within_language_cosine,0.8473268273758562
Qwen/Qwen2.5-0.5B,18,0.75,last_token,en,,,512,stable_rank,8.195688352822808
Qwen/Qwen2.5-0.5B,18,0.75,last_token,ko,,,512,centroid_norm,0.9500897526741028
Qwen/Qwen2.5-0.5B,18,0.75,last_token,ko,,,512,within_language_cosine,0.902480033979024
Qwen/Qwen2.5-0.5B,18,0.75,last_token,ko,,,512,stable_rank,4.329497773181657
Qwen/Qwen2.5-0.5B,18,0.75,last_token,ja,,,512,centroid_norm,0.9639246463775635
Qwen/Qwen2.5-0.5B,18,0.75,last_token,ja,,,512,within_language_cosine,0.9290120522336717
Qwen/Qwen2.5-0.5B,18,0.75,last_token,ja,,,512,stable_rank,7.917002449883858
Qwen/Qwen2.5-0.5B,18,0.75,last_token,zh,,,512,centroid_norm,0.9346967935562134
Qwen/Qwen2.5-0.5B,18,0.75,last_token,zh,,,512,within_language_cosine,0.8734108165285592
Qwen/Qwen2.5-0.5B,18,0.75,last_token,zh,,,512,stable_rank,6.879386173256567
Qwen/Qwen2.5-0.5B,18,0.75,last_token,,en,ko,512,matched_cosine,0.8218955397605896
Qwen/Qwen2.5-0.5B,18,0.75,last_token,,en,ko,512,unmatched_cosine,0.7673035860061646
Qwen/Qwen2.5-0.5B,18,0.75,last_token,,en,ko,512,cosine_margin,0.05459195375442505
Qwen/Qwen2.5-0.5B,18,0.75,last_token,,en,ja,512,matched_cosine,0.816633939743042
Qwen/Qwen2.5-0.5B,18,0.75,last_token,,en,ja,512,unmatched_cosine,0.7591864466667175
Qwen/Qwen2.5-0.5B,18,0.75,last_token,,en,ja,512,cosine_margin,0.05744749307632446
Qwen/Qwen2.5-0.5B,18,0.75,last_token,,en,zh,512,matched_cosine,0.8659074306488037
Qwen/Qwen2.5-0.5B,18,0.75,last_token,,en,zh,512,unmatched_cosine,0.781058669090271
Qwen/Qwen2.5-0.5B,18,0.75,last_token,,en,zh,512,cosine_margin,0.08484876155853271
Qwen/Qwen2.5-0.5B,18,0.75,last_token,,ko,en,512,matched_cosine,0.8218955397605896
Qwen/Qwen2.5-0.5B,18,0.75,last_token,,ko,en,512,unmatched_cosine,0.7676224708557129
Qwen/Qwen2.5-0.5B,18,0.75,last_token,,ko,en,512,cosine_margin,0.05427306890487671
Qwen/Qwen2.5-0.5B,18,0.75,last_token,,ko,ja,512,matched_cosine,0.9270733594894409
Qwen/Qwen2.5-0.5B,18,0.75,last_token,,ko,ja,512,unmatched_cosine,0.8819558620452881
Qwen/Qwen2.5-0.5B,18,0.75,last_token,,ko,ja,512,cosine_margin,0.04511749744415283
Qwen/Qwen2.5-0.5B,18,0.75,last_token,,ko,zh,512,matched_cosine,0.8473261594772339
Qwen/Qwen2.5-0.5B,18,0.75,last_token,,ko,zh,512,unmatched_cosine,0.8001299500465393
Qwen/Qwen2.5-0.5B,18,0.75,last_token,,ko,zh,512,cosine_margin,0.04719620943069458
Qwen/Qwen2.5-0.5B,18,0.75,last_token,,ja,en,512,matched_cosine,0.816633939743042
Qwen/Qwen2.5-0.5B,18,0.75,last_token,,ja,en,512,unmatched_cosine,0.7595059871673584
Qwen/Qwen2.5-0.5B,18,0.75,last_token,,ja,en,512,cosine_margin,0.057127952575683594
Qwen/Qwen2.5-0.5B,18,0.75,last_token,,ja,ko,512,matched_cosine,0.9270733594894409
Qwen/Qwen2.5-0.5B,18,0.75,last_token,,ja,ko,512,unmatched_cosine,0.8822405338287354
Qwen/Qwen2.5-0.5B,18,0.75,last_token,,ja,ko,512,cosine_margin,0.044832825660705566
Qwen/Qwen2.5-0.5B,18,0.75,last_token,,ja,zh,512,matched_cosine,0.8677346706390381
Qwen/Qwen2.5-0.5B,18,0.75,last_token,,ja,zh,512,unmatched_cosine,0.8153455257415771
Qwen/Qwen2.5-0.5B,18,0.75,last_token,,ja,zh,512,cosine_margin,0.05238914489746094
Qwen/Qwen2.5-0.5B,18,0.75,last_token,,zh,en,512,matched_cosine,0.8659074306488037
Qwen/Qwen2.5-0.5B,18,0.75,last_token,,zh,en,512,unmatched_cosine,0.7801774740219116
Qwen/Qwen2.5-0.5B,18,0.75,last_token,,zh,en,512,cosine_margin,0.08572995662689209
Qwen/Qwen2.5-0.5B,18,0.75,last_token,,zh,ko,512,matched_cosine,0.8473261594772339
Qwen/Qwen2.5-0.5B,18,0.75,last_token,,zh,ko,512,unmatched_cosine,0.7996696829795837
Qwen/Qwen2.5-0.5B,18,0.75,last_token,,zh,ko,512,cosine_margin,0.047656476497650146
Qwen/Qwen2.5-0.5B,18,0.75,last_token,,zh,ja,512,matched_cosine,0.8677346706390381
Qwen/Qwen2.5-0.5B,18,0.75,last_token,,zh,ja,512,unmatched_cosine,0.8140950202941895
Qwen/Qwen2.5-0.5B,18,0.75,last_token,,zh,ja,512,cosine_margin,0.05363965034484863
Qwen/Qwen2.5-0.5B,19,0.7916666666666666,last_token,en,,,512,centroid_norm,0.924889326095581
Qwen/Qwen2.5-0.5B,19,0.7916666666666666,last_token,en,,,512,within_language_cosine,0.8551372968520671
Qwen/Qwen2.5-0.5B,19,0.7916666666666666,last_token,en,,,512,stable_rank,8.710801012141781
Qwen/Qwen2.5-0.5B,19,0.7916666666666666,last_token,ko,,,512,centroid_norm,0.95376056432724
Qwen/Qwen2.5-0.5B,19,0.7916666666666666,last_token,ko,,,512,within_language_cosine,0.9094824744297334
Qwen/Qwen2.5-0.5B,19,0.7916666666666666,last_token,ko,,,512,stable_rank,4.295570826395027
Qwen/Qwen2.5-0.5B,19,0.7916666666666666,last_token,ja,,,512,centroid_norm,0.9665842652320862
Qwen/Qwen2.5-0.5B,19,0.7916666666666666,last_token,ja,,,512,within_language_cosine,0.934156563417319
Qwen/Qwen2.5-0.5B,19,0.7916666666666666,last_token,ja,,,512,stable_rank,7.986481360661654
Qwen/Qwen2.5-0.5B,19,0.7916666666666666,last_token,zh,,,512,centroid_norm,0.9393454790115356
Qwen/Qwen2.5-0.5B,19,0.7916666666666666,last_token,zh,,,512,within_language_cosine,0.88213967997034
Qwen/Qwen2.5-0.5B,19,0.7916666666666666,last_token,zh,,,512,stable_rank,7.194558335884151
Qwen/Qwen2.5-0.5B,19,0.7916666666666666,last_token,,en,ko,512,matched_cosine,0.7861671447753906
Qwen/Qwen2.5-0.5B,19,0.7916666666666666,last_token,,en,ko,512,unmatched_cosine,0.7322721481323242
Qwen/Qwen2.5-0.5B,19,0.7916666666666666,last_token,,en,ko,512,cosine_margin,0.053894996643066406
Qwen/Qwen2.5-0.5B,19,0.7916666666666666,last_token,,en,ja,512,matched_cosine,0.8131903409957886
Qwen/Qwen2.5-0.5B,19,0.7916666666666666,last_token,,en,ja,512,unmatched_cosine,0.7546584606170654
Qwen/Qwen2.5-0.5B,19,0.7916666666666666,last_token,,en,ja,512,cosine_margin,0.058531880378723145
Qwen/Qwen2.5-0.5B,19,0.7916666666666666,last_token,,en,zh,512,matched_cosine,0.8717970848083496
Qwen/Qwen2.5-0.5B,19,0.7916666666666666,last_token,,en,zh,512,unmatched_cosine,0.7854645848274231
Qwen/Qwen2.5-0.5B,19,0.7916666666666666,last_token,,en,zh,512,cosine_margin,0.08633249998092651
Qwen/Qwen2.5-0.5B,19,0.7916666666666666,last_token,,ko,en,512,matched_cosine,0.7861671447753906
Qwen/Qwen2.5-0.5B,19,0.7916666666666666,last_token,,ko,en,512,unmatched_cosine,0.7318853139877319
Qwen/Qwen2.5-0.5B,19,0.7916666666666666,last_token,,ko,en,512,cosine_margin,0.05428183078765869
Qwen/Qwen2.5-0.5B,19,0.7916666666666666,last_token,,ko,ja,512,matched_cosine,0.8970897197723389
Qwen/Qwen2.5-0.5B,19,0.7916666666666666,last_token,,ko,ja,512,unmatched_cosine,0.851016640663147
Qwen/Qwen2.5-0.5B,19,0.7916666666666666,last_token,,ko,ja,512,cosine_margin,0.046073079109191895
Qwen/Qwen2.5-0.5B,19,0.7916666666666666,last_token,,ko,zh,512,matched_cosine,0.8034154176712036
Qwen/Qwen2.5-0.5B,19,0.7916666666666666,last_token,,ko,zh,512,unmatched_cosine,0.7551887631416321
Qwen/Qwen2.5-0.5B,19,0.7916666666666666,last_token,,ko,zh,512,cosine_margin,0.04822665452957153
Qwen/Qwen2.5-0.5B,19,0.7916666666666666,last_token,,ja,en,512,matched_cosine,0.8131903409957886
Qwen/Qwen2.5-0.5B,19,0.7916666666666666,last_token,,ja,en,512,unmatched_cosine,0.7548086643218994
Qwen/Qwen2.5-0.5B,19,0.7916666666666666,last_token,,ja,en,512,cosine_margin,0.05838167667388916
Qwen/Qwen2.5-0.5B,19,0.7916666666666666,last_token,,ja,ko,512,matched_cosine,0.8970897197723389
Qwen/Qwen2.5-0.5B,19,0.7916666666666666,last_token,,ja,ko,512,unmatched_cosine,0.8514360785484314
Qwen/Qwen2.5-0.5B,19,0.7916666666666666,last_token,,ja,ko,512,cosine_margin,0.04565364122390747
Qwen/Qwen2.5-0.5B,19,0.7916666666666666,last_token,,ja,zh,512,matched_cosine,0.8574894070625305
Qwen/Qwen2.5-0.5B,19,0.7916666666666666,last_token,,ja,zh,512,unmatched_cosine,0.803003191947937
Qwen/Qwen2.5-0.5B,19,0.7916666666666666,last_token,,ja,zh,512,cosine_margin,0.054486215114593506
Qwen/Qwen2.5-0.5B,19,0.7916666666666666,last_token,,zh,en,512,matched_cosine,0.8717970848083496
Qwen/Qwen2.5-0.5B,19,0.7916666666666666,last_token,,zh,en,512,unmatched_cosine,0.7854809165000916
Qwen/Qwen2.5-0.5B,19,0.7916666666666666,last_token,,zh,en,512,cosine_margin,0.08631616830825806
Qwen/Qwen2.5-0.5B,19,0.7916666666666666,last_token,,zh,ko,512,matched_cosine,0.8034154176712036
Qwen/Qwen2.5-0.5B,19,0.7916666666666666,last_token,,zh,ko,512,unmatched_cosine,0.7550821900367737
Qwen/Qwen2.5-0.5B,19,0.7916666666666666,last_token,,zh,ko,512,cosine_margin,0.04833322763442993
Qwen/Qwen2.5-0.5B,19,0.7916666666666666,last_token,,zh,ja,512,matched_cosine,0.8574894070625305
Qwen/Qwen2.5-0.5B,19,0.7916666666666666,last_token,,zh,ja,512,unmatched_cosine,0.8028628826141357
Qwen/Qwen2.5-0.5B,19,0.7916666666666666,last_token,,zh,ja,512,cosine_margin,0.054626524448394775
Qwen/Qwen2.5-0.5B,20,0.8333333333333334,last_token,en,,,512,centroid_norm,0.9154537320137024
Qwen/Qwen2.5-0.5B,20,0.8333333333333334,last_token,en,,,512,within_language_cosine,0.8377386343222541
Qwen/Qwen2.5-0.5B,20,0.8333333333333334,last_token,en,,,512,stable_rank,7.974344097418848
Qwen/Qwen2.5-0.5B,20,0.8333333333333334,last_token,ko,,,512,centroid_norm,0.9548861384391785
Qwen/Qwen2.5-0.5B,20,0.8333333333333334,last_token,ko,,,512,within_language_cosine,0.9116349490887965
Qwen/Qwen2.5-0.5B,20,0.8333333333333334,last_token,ko,,,512,stable_rank,4.870296873057429
Qwen/Qwen2.5-0.5B,20,0.8333333333333334,last_token,ja,,,512,centroid_norm,0.9656578302383423
Qwen/Qwen2.5-0.5B,20,0.8333333333333334,last_token,ja,,,512,within_language_cosine,0.9323628942560543
Qwen/Qwen2.5-0.5B,20,0.8333333333333334,last_token,ja,,,512,stable_rank,7.400019304473017
Qwen/Qwen2.5-0.5B,20,0.8333333333333334,last_token,zh,,,512,centroid_norm,0.9340896606445312
Qwen/Qwen2.5-0.5B,20,0.8333333333333334,last_token,zh,,,512,within_language_cosine,0.872274021813081
Qwen/Qwen2.5-0.5B,20,0.8333333333333334,last_token,zh,,,512,stable_rank,6.742381137044927
Qwen/Qwen2.5-0.5B,20,0.8333333333333334,last_token,,en,ko,512,matched_cosine,0.7550760507583618
Qwen/Qwen2.5-0.5B,20,0.8333333333333334,last_token,,en,ko,512,unmatched_cosine,0.6982976198196411
Qwen/Qwen2.5-0.5B,20,0.8333333333333334,last_token,,en,ko,512,cosine_margin,0.0567784309387207
Qwen/Qwen2.5-0.5B,20,0.8333333333333334,last_token,,en,ja,512,matched_cosine,0.7790875434875488
Qwen/Qwen2.5-0.5B,20,0.8333333333333334,last_token,,en,ja,512,unmatched_cosine,0.7171742916107178
Qwen/Qwen2.5-0.5B,20,0.8333333333333334,last_token,,en,ja,512,cosine_margin,0.061913251876831055
Qwen/Qwen2.5-0.5B,20,0.8333333333333334,last_token,,en,zh,512,matched_cosine,0.8395681381225586
Qwen/Qwen2.5-0.5B,20,0.8333333333333334,last_token,,en,zh,512,unmatched_cosine,0.7457326650619507
Qwen/Qwen2.5-0.5B,20,0.8333333333333334,last_token,,en,zh,512,cosine_margin,0.09383547306060791
Qwen/Qwen2.5-0.5B,20,0.8333333333333334,last_token,,ko,en,512,matched_cosine,0.7550760507583618
Qwen/Qwen2.5-0.5B,20,0.8333333333333334,last_token,,ko,en,512,unmatched_cosine,0.6982976198196411
Qwen/Qwen2.5-0.5B,20,0.8333333333333334,last_token,,ko,en,512,cosine_margin,0.0567784309387207
Qwen/Qwen2.5-0.5B,20,0.8333333333333334,last_token,,ko,ja,512,matched_cosine,0.8654887676239014
Qwen/Qwen2.5-0.5B,20,0.8333333333333334,last_token,,ko,ja,512,unmatched_cosine,0.8176875114440918
Qwen/Qwen2.5-0.5B,20,0.8333333333333334,last_token,,ko,ja,512,cosine_margin,0.04780125617980957
Qwen/Qwen2.5-0.5B,20,0.8333333333333334,last_token,,ko,zh,512,matched_cosine,0.7781063318252563
Qwen/Qwen2.5-0.5B,20,0.8333333333333334,last_token,,ko,zh,512,unmatched_cosine,0.7271343469619751
Qwen/Qwen2.5-0.5B,20,0.8333333333333334,last_token,,ko,zh,512,cosine_margin,0.05097198486328125
Qwen/Qwen2.5-0.5B,20,0.8333333333333334,last_token,,ja,en,512,matched_cosine,0.7790875434875488
Qwen/Qwen2.5-0.5B,20,0.8333333333333334,last_token,,ja,en,512,unmatched_cosine,0.7171742916107178
Qwen/Qwen2.5-0.5B,20,0.8333333333333334,last_token,,ja,en,512,cosine_margin,0.061913251876831055
Qwen/Qwen2.5-0.5B,20,0.8333333333333334,last_token,,ja,ko,512,matched_cosine,0.8654887676239014
Qwen/Qwen2.5-0.5B,20,0.8333333333333334,last_token,,ja,ko,512,unmatched_cosine,0.8176875114440918
Qwen/Qwen2.5-0.5B,20,0.8333333333333334,last_token,,ja,ko,512,cosine_margin,0.04780125617980957
Qwen/Qwen2.5-0.5B,20,0.8333333333333334,last_token,,ja,zh,512,matched_cosine,0.8571860790252686
Qwen/Qwen2.5-0.5B,20,0.8333333333333334,last_token,,ja,zh,512,unmatched_cosine,0.7990599274635315
Qwen/Qwen2.5-0.5B,20,0.8333333333333334,last_token,,ja,zh,512,cosine_margin,0.05812615156173706
Qwen/Qwen2.5-0.5B,20,0.8333333333333334,last_token,,zh,en,512,matched_cosine,0.8395681381225586
Qwen/Qwen2.5-0.5B,20,0.8333333333333334,last_token,,zh,en,512,unmatched_cosine,0.7457326650619507
Qwen/Qwen2.5-0.5B,20,0.8333333333333334,last_token,,zh,en,512,cosine_margin,0.09383547306060791
Qwen/Qwen2.5-0.5B,20,0.8333333333333334,last_token,,zh,ko,512,matched_cosine,0.7781063318252563
Qwen/Qwen2.5-0.5B,20,0.8333333333333334,last_token,,zh,ko,512,unmatched_cosine,0.7271343469619751
Qwen/Qwen2.5-0.5B,20,0.8333333333333334,last_token,,zh,ko,512,cosine_margin,0.05097198486328125
Qwen/Qwen2.5-0.5B,20,0.8333333333333334,last_token,,zh,ja,512,matched_cosine,0.8571860790252686
Qwen/Qwen2.5-0.5B,20,0.8333333333333334,last_token,,zh,ja,512,unmatched_cosine,0.7990599274635315
Qwen/Qwen2.5-0.5B,20,0.8333333333333334,last_token,,zh,ja,512,cosine_margin,0.05812615156173706
Qwen/Qwen2.5-0.5B,21,0.875,last_token,en,,,512,centroid_norm,0.9057756662368774
Qwen/Qwen2.5-0.5B,21,0.875,last_token,en,,,512,within_language_cosine,0.8200781536662182
Qwen/Qwen2.5-0.5B,21,0.875,last_token,en,,,512,stable_rank,9.290627559518825
Qwen/Qwen2.5-0.5B,21,0.875,last_token,ko,,,512,centroid_norm,0.9565882086753845
Qwen/Qwen2.5-0.5B,21,0.875,last_token,ko,,,512,within_language_cosine,0.9148948355896832
Qwen/Qwen2.5-0.5B,21,0.875,last_token,ko,,,512,stable_rank,6.056808250006501
Qwen/Qwen2.5-0.5B,21,0.875,last_token,ja,,,512,centroid_norm,0.958878755569458
Qwen/Qwen2.5-0.5B,21,0.875,last_token,ja,,,512,within_language_cosine,0.9192908598718811
Qwen/Qwen2.5-0.5B,21,0.875,last_token,ja,,,512,stable_rank,9.196303026091394
Qwen/Qwen2.5-0.5B,21,0.875,last_token,zh,,,512,centroid_norm,0.9236868619918823
Qwen/Qwen2.5-0.5B,21,0.875,last_token,zh,,,512,within_language_cosine,0.8529101705831091
Qwen/Qwen2.5-0.5B,21,0.875,last_token,zh,,,512,stable_rank,7.689162810484719
Qwen/Qwen2.5-0.5B,21,0.875,last_token,,en,ko,512,matched_cosine,0.7773109674453735
Qwen/Qwen2.5-0.5B,21,0.875,last_token,,en,ko,512,unmatched_cosine,0.714054524898529
Qwen/Qwen2.5-0.5B,21,0.875,last_token,,en,ko,512,cosine_margin,0.06325644254684448
Qwen/Qwen2.5-0.5B,21,0.875,last_token,,en,ja,512,matched_cosine,0.718895673751831
Qwen/Qwen2.5-0.5B,21,0.875,last_token,,en,ja,512,unmatched_cosine,0.6417326927185059
Qwen/Qwen2.5-0.5B,21,0.875,last_token,,en,ja,512,cosine_margin,0.0771629810333252
Qwen/Qwen2.5-0.5B,21,0.875,last_token,,en,zh,512,matched_cosine,0.8261884450912476
Qwen/Qwen2.5-0.5B,21,0.875,last_token,,en,zh,512,unmatched_cosine,0.7102915644645691
Qwen/Qwen2.5-0.5B,21,0.875,last_token,,en,zh,512,cosine_margin,0.11589688062667847
Qwen/Qwen2.5-0.5B,21,0.875,last_token,,ko,en,512,matched_cosine,0.7773109674453735
Qwen/Qwen2.5-0.5B,21,0.875,last_token,,ko,en,512,unmatched_cosine,0.7134555578231812
Qwen/Qwen2.5-0.5B,21,0.875,last_token,,ko,en,512,cosine_margin,0.06385540962219238
Qwen/Qwen2.5-0.5B,21,0.875,last_token,,ko,ja,512,matched_cosine,0.815285325050354
Qwen/Qwen2.5-0.5B,21,0.875,last_token,,ko,ja,512,unmatched_cosine,0.7619479894638062
Qwen/Qwen2.5-0.5B,21,0.875,last_token,,ko,ja,512,cosine_margin,0.05333733558654785
Qwen/Qwen2.5-0.5B,21,0.875,last_token,,ko,zh,512,matched_cosine,0.8041621446609497
Qwen/Qwen2.5-0.5B,21,0.875,last_token,,ko,zh,512,unmatched_cosine,0.7446994781494141
Qwen/Qwen2.5-0.5B,21,0.875,last_token,,ko,zh,512,cosine_margin,0.059462666511535645
Qwen/Qwen2.5-0.5B,21,0.875,last_token,,ja,en,512,matched_cosine,0.718895673751831
Qwen/Qwen2.5-0.5B,21,0.875,last_token,,ja,en,512,unmatched_cosine,0.6409690976142883
Qwen/Qwen2.5-0.5B,21,0.875,last_token,,ja,en,512,cosine_margin,0.07792657613754272
Qwen/Qwen2.5-0.5B,21,0.875,last_token,,ja,ko,512,matched_cosine,0.815285325050354
Qwen/Qwen2.5-0.5B,21,0.875,last_token,,ja,ko,512,unmatched_cosine,0.7621281147003174
Qwen/Qwen2.5-0.5B,21,0.875,last_token,,ja,ko,512,cosine_margin,0.05315721035003662
Qwen/Qwen2.5-0.5B,21,0.875,last_token,,ja,zh,512,matched_cosine,0.8155273199081421
Qwen/Qwen2.5-0.5B,21,0.875,last_token,,ja,zh,512,unmatched_cosine,0.7405890226364136
Qwen/Qwen2.5-0.5B,21,0.875,last_token,,ja,zh,512,cosine_margin,0.07493829727172852
Qwen/Qwen2.5-0.5B,21,0.875,last_token,,zh,en,512,matched_cosine,0.8261884450912476
Qwen/Qwen2.5-0.5B,21,0.875,last_token,,zh,en,512,unmatched_cosine,0.7098909616470337
Qwen/Qwen2.5-0.5B,21,0.875,last_token,,zh,en,512,cosine_margin,0.11629748344421387
Qwen/Qwen2.5-0.5B,21,0.875,last_token,,zh,ko,512,matched_cosine,0.8041621446609497
Qwen/Qwen2.5-0.5B,21,0.875,last_token,,zh,ko,512,unmatched_cosine,0.7449814677238464
Qwen/Qwen2.5-0.5B,21,0.875,last_token,,zh,ko,512,cosine_margin,0.05918067693710327
Qwen/Qwen2.5-0.5B,21,0.875,last_token,,zh,ja,512,matched_cosine,0.8155273199081421
Qwen/Qwen2.5-0.5B,21,0.875,last_token,,zh,ja,512,unmatched_cosine,0.7402961254119873
Qwen/Qwen2.5-0.5B,21,0.875,last_token,,zh,ja,512,cosine_margin,0.07523119449615479
Qwen/Qwen2.5-0.5B,22,0.9166666666666666,last_token,en,,,512,centroid_norm,0.9251372814178467
Qwen/Qwen2.5-0.5B,22,0.9166666666666666,last_token,en,,,512,within_language_cosine,0.8555969118838674
Qwen/Qwen2.5-0.5B,22,0.9166666666666666,last_token,en,,,512,stable_rank,11.024588093291941
Qwen/Qwen2.5-0.5B,22,0.9166666666666666,last_token,ko,,,512,centroid_norm,0.9669724702835083
Qwen/Qwen2.5-0.5B,22,0.9166666666666666,last_token,ko,,,512,within_language_cosine,0.9349085738747553
Qwen/Qwen2.5-0.5B,22,0.9166666666666666,last_token,ko,,,512,stable_rank,6.911617995017731
Qwen/Qwen2.5-0.5B,22,0.9166666666666666,last_token,ja,,,512,centroid_norm,0.9655693769454956
Qwen/Qwen2.5-0.5B,22,0.9166666666666666,last_token,ja,,,512,within_language_cosine,0.9321917330448874
Qwen/Qwen2.5-0.5B,22,0.9166666666666666,last_token,ja,,,512,stable_rank,10.582493301939385
Qwen/Qwen2.5-0.5B,22,0.9166666666666666,last_token,zh,,,512,centroid_norm,0.9410853385925293
Qwen/Qwen2.5-0.5B,22,0.9166666666666666,last_token,zh,,,512,within_language_cosine,0.885417841185329
Qwen/Qwen2.5-0.5B,22,0.9166666666666666,last_token,zh,,,512,stable_rank,8.606070567609029
Qwen/Qwen2.5-0.5B,22,0.9166666666666666,last_token,,en,ko,512,matched_cosine,0.8349926471710205
Qwen/Qwen2.5-0.5B,22,0.9166666666666666,last_token,,en,ko,512,unmatched_cosine,0.7898884415626526
Qwen/Qwen2.5-0.5B,22,0.9166666666666666,last_token,,en,ko,512,cosine_margin,0.04510420560836792
Qwen/Qwen2.5-0.5B,22,0.9166666666666666,last_token,,en,ja,512,matched_cosine,0.7889736294746399
Qwen/Qwen2.5-0.5B,22,0.9166666666666666,last_token,,en,ja,512,unmatched_cosine,0.731127142906189
Qwen/Qwen2.5-0.5B,22,0.9166666666666666,last_token,,en,ja,512,cosine_margin,0.05784648656845093
Qwen/Qwen2.5-0.5B,22,0.9166666666666666,last_token,,en,zh,512,matched_cosine,0.8770320415496826
Qwen/Qwen2.5-0.5B,22,0.9166666666666666,last_token,,en,zh,512,unmatched_cosine,0.791306734085083
Qwen/Qwen2.5-0.5B,22,0.9166666666666666,last_token,,en,zh,512,cosine_margin,0.08572530746459961
Qwen/Qwen2.5-0.5B,22,0.9166666666666666,last_token,,ko,en,512,matched_cosine,0.8349926471710205
Qwen/Qwen2.5-0.5B,22,0.9166666666666666,last_token,,ko,en,512,unmatched_cosine,0.7890151143074036
Qwen/Qwen2.5-0.5B,22,0.9166666666666666,last_token,,ko,en,512,cosine_margin,0.04597753286361694
Qwen/Qwen2.5-0.5B,22,0.9166666666666666,last_token,,ko,ja,512,matched_cosine,0.8642188906669617
Qwen/Qwen2.5-0.5B,22,0.9166666666666666,last_token,,ko,ja,512,unmatched_cosine,0.8254951238632202
Qwen/Qwen2.5-0.5B,22,0.9166666666666666,last_token,,ko,ja,512,cosine_margin,0.038723766803741455
Qwen/Qwen2.5-0.5B,22,0.9166666666666666,last_token,,ko,zh,512,matched_cosine,0.8558934926986694
Qwen/Qwen2.5-0.5B,22,0.9166666666666666,last_token,,ko,zh,512,unmatched_cosine,0.8131308555603027
Qwen/Qwen2.5-0.5B,22,0.9166666666666666,last_token,,ko,zh,512,cosine_margin,0.0427626371383667
Qwen/Qwen2.5-0.5B,22,0.9166666666666666,last_token,,ja,en,512,matched_cosine,0.7889736294746399
Qwen/Qwen2.5-0.5B,22,0.9166666666666666,last_token,,ja,en,512,unmatched_cosine,0.7310019731521606
Qwen/Qwen2.5-0.5B,22,0.9166666666666666,last_token,,ja,en,512,cosine_margin,0.05797165632247925
Qwen/Qwen2.5-0.5B,22,0.9166666666666666,last_token,,ja,ko,512,matched_cosine,0.8642188906669617
Qwen/Qwen2.5-0.5B,22,0.9166666666666666,last_token,,ja,ko,512,unmatched_cosine,0.826300323009491
Qwen/Qwen2.5-0.5B,22,0.9166666666666666,last_token,,ja,ko,512,cosine_margin,0.0379185676574707
Qwen/Qwen2.5-0.5B,22,0.9166666666666666,last_token,,ja,zh,512,matched_cosine,0.8540662527084351
Qwen/Qwen2.5-0.5B,22,0.9166666666666666,last_token,,ja,zh,512,unmatched_cosine,0.7981772422790527
Qwen/Qwen2.5-0.5B,22,0.9166666666666666,last_token,,ja,zh,512,cosine_margin,0.055889010429382324
Qwen/Qwen2.5-0.5B,22,0.9166666666666666,last_token,,zh,en,512,matched_cosine,0.8770320415496826
Qwen/Qwen2.5-0.5B,22,0.9166666666666666,last_token,,zh,en,512,unmatched_cosine,0.7907741665840149
Qwen/Qwen2.5-0.5B,22,0.9166666666666666,last_token,,zh,en,512,cosine_margin,0.08625787496566772
Qwen/Qwen2.5-0.5B,22,0.9166666666666666,last_token,,zh,ko,512,matched_cosine,0.8558934926986694
Qwen/Qwen2.5-0.5B,22,0.9166666666666666,last_token,,zh,ko,512,unmatched_cosine,0.8140188455581665
Qwen/Qwen2.5-0.5B,22,0.9166666666666666,last_token,,zh,ko,512,cosine_margin,0.04187464714050293
Qwen/Qwen2.5-0.5B,22,0.9166666666666666,last_token,,zh,ja,512,matched_cosine,0.8540662527084351
Qwen/Qwen2.5-0.5B,22,0.9166666666666666,last_token,,zh,ja,512,unmatched_cosine,0.7981878519058228
Qwen/Qwen2.5-0.5B,22,0.9166666666666666,last_token,,zh,ja,512,cosine_margin,0.055878400802612305
Qwen/Qwen2.5-0.5B,23,0.9583333333333334,last_token,en,,,512,centroid_norm,0.9138595461845398
Qwen/Qwen2.5-0.5B,23,0.9583333333333334,last_token,en,,,512,within_language_cosine,0.8348166508683953
Qwen/Qwen2.5-0.5B,23,0.9583333333333334,last_token,en,,,512,stable_rank,11.17600940133421
Qwen/Qwen2.5-0.5B,23,0.9583333333333334,last_token,ko,,,512,centroid_norm,0.9604001045227051
Qwen/Qwen2.5-0.5B,23,0.9583333333333334,last_token,ko,,,512,within_language_cosine,0.9222164863243029
Qwen/Qwen2.5-0.5B,23,0.9583333333333334,last_token,ko,,,512,stable_rank,6.098803584712529
Qwen/Qwen2.5-0.5B,23,0.9583333333333334,last_token,ja,,,512,centroid_norm,0.9529028534889221
Qwen/Qwen2.5-0.5B,23,0.9583333333333334,last_token,ja,,,512,within_language_cosine,0.9078438417318982
Qwen/Qwen2.5-0.5B,23,0.9583333333333334,last_token,ja,,,512,stable_rank,10.59475198069206
Qwen/Qwen2.5-0.5B,23,0.9583333333333334,last_token,zh,,,512,centroid_norm,0.9284772276878357
Qwen/Qwen2.5-0.5B,23,0.9583333333333334,last_token,zh,,,512,within_language_cosine,0.8618000426171111
Qwen/Qwen2.5-0.5B,23,0.9583333333333334,last_token,zh,,,512,stable_rank,9.051054728889191
Qwen/Qwen2.5-0.5B,23,0.9583333333333334,last_token,,en,ko,512,matched_cosine,0.7020455002784729
Qwen/Qwen2.5-0.5B,23,0.9583333333333334,last_token,,en,ko,512,unmatched_cosine,0.6563183069229126
Qwen/Qwen2.5-0.5B,23,0.9583333333333334,last_token,,en,ko,512,cosine_margin,0.0457271933555603
Qwen/Qwen2.5-0.5B,23,0.9583333333333334,last_token,,en,ja,512,matched_cosine,0.7400798201560974
Qwen/Qwen2.5-0.5B,23,0.9583333333333334,last_token,,en,ja,512,unmatched_cosine,0.6787194013595581
Qwen/Qwen2.5-0.5B,23,0.9583333333333334,last_token,,en,ja,512,cosine_margin,0.06136041879653931
Qwen/Qwen2.5-0.5B,23,0.9583333333333334,last_token,,en,zh,512,matched_cosine,0.8393700122833252
Qwen/Qwen2.5-0.5B,23,0.9583333333333334,last_token,,en,zh,512,unmatched_cosine,0.7480320930480957
Qwen/Qwen2.5-0.5B,23,0.9583333333333334,last_token,,en,zh,512,cosine_margin,0.09133791923522949
Qwen/Qwen2.5-0.5B,23,0.9583333333333334,last_token,,ko,en,512,matched_cosine,0.7020455002784729
Qwen/Qwen2.5-0.5B,23,0.9583333333333334,last_token,,ko,en,512,unmatched_cosine,0.6569373607635498
Qwen/Qwen2.5-0.5B,23,0.9583333333333334,last_token,,ko,en,512,cosine_margin,0.045108139514923096
Qwen/Qwen2.5-0.5B,23,0.9583333333333334,last_token,,ko,ja,512,matched_cosine,0.709525465965271
Qwen/Qwen2.5-0.5B,23,0.9583333333333334,last_token,,ko,ja,512,unmatched_cosine,0.6682941317558289
Qwen/Qwen2.5-0.5B,23,0.9583333333333334,last_token,,ko,ja,512,cosine_margin,0.04123133420944214
Qwen/Qwen2.5-0.5B,23,0.9583333333333334,last_token,,ko,zh,512,matched_cosine,0.7115346193313599
Qwen/Qwen2.5-0.5B,23,0.9583333333333334,last_token,,ko,zh,512,unmatched_cosine,0.6678581833839417
Qwen/Qwen2.5-0.5B,23,0.9583333333333334,last_token,,ko,zh,512,cosine_margin,0.04367643594741821
Qwen/Qwen2.5-0.5B,23,0.9583333333333334,last_token,,ja,en,512,matched_cosine,0.7400798201560974
Qwen/Qwen2.5-0.5B,23,0.9583333333333334,last_token,,ja,en,512,unmatched_cosine,0.679145336151123
Qwen/Qwen2.5-0.5B,23,0.9583333333333334,last_token,,ja,en,512,cosine_margin,0.060934484004974365
Qwen/Qwen2.5-0.5B,23,0.9583333333333334,last_token,,ja,ko,512,matched_cosine,0.709525465965271
Qwen/Qwen2.5-0.5B,23,0.9583333333333334,last_token,,ja,ko,512,unmatched_cosine,0.6682476997375488
Qwen/Qwen2.5-0.5B,23,0.9583333333333334,last_token,,ja,ko,512,cosine_margin,0.04127776622772217
Qwen/Qwen2.5-0.5B,23,0.9583333333333334,last_token,,ja,zh,512,matched_cosine,0.8174115419387817
Qwen/Qwen2.5-0.5B,23,0.9583333333333334,last_token,,ja,zh,512,unmatched_cosine,0.7546253800392151
Qwen/Qwen2.5-0.5B,23,0.9583333333333334,last_token,,ja,zh,512,cosine_margin,0.06278616189956665
Qwen/Qwen2.5-0.5B,23,0.9583333333333334,last_token,,zh,en,512,matched_cosine,0.8393700122833252
Qwen/Qwen2.5-0.5B,23,0.9583333333333334,last_token,,zh,en,512,unmatched_cosine,0.7484931945800781
Qwen/Qwen2.5-0.5B,23,0.9583333333333334,last_token,,zh,en,512,cosine_margin,0.09087681770324707
Qwen/Qwen2.5-0.5B,23,0.9583333333333334,last_token,,zh,ko,512,matched_cosine,0.7115346193313599
Qwen/Qwen2.5-0.5B,23,0.9583333333333334,last_token,,zh,ko,512,unmatched_cosine,0.6674917936325073
Qwen/Qwen2.5-0.5B,23,0.9583333333333334,last_token,,zh,ko,512,cosine_margin,0.04404282569885254
Qwen/Qwen2.5-0.5B,23,0.9583333333333334,last_token,,zh,ja,512,matched_cosine,0.8174115419387817
Qwen/Qwen2.5-0.5B,23,0.9583333333333334,last_token,,zh,ja,512,unmatched_cosine,0.7545747756958008
Qwen/Qwen2.5-0.5B,23,0.9583333333333334,last_token,,zh,ja,512,cosine_margin,0.06283676624298096
Qwen/Qwen2.5-0.5B,24,1.0,last_token,en,,,512,centroid_norm,0.9205656051635742
Qwen/Qwen2.5-0.5B,24,1.0,last_token,en,,,512,within_language_cosine,0.8471425274813479
Qwen/Qwen2.5-0.5B,24,1.0,last_token,en,,,512,stable_rank,8.642174177039479
Qwen/Qwen2.5-0.5B,24,1.0,last_token,ko,,,512,centroid_norm,0.9720863103866577
Qwen/Qwen2.5-0.5B,24,1.0,last_token,ko,,,512,within_language_cosine,0.944844105938876
Qwen/Qwen2.5-0.5B,24,1.0,last_token,ko,,,512,stable_rank,5.319244483554662
Qwen/Qwen2.5-0.5B,24,1.0,last_token,ja,,,512,centroid_norm,0.964695155620575
Qwen/Qwen2.5-0.5B,24,1.0,last_token,ja,,,512,within_language_cosine,0.9305009636627019
Qwen/Qwen2.5-0.5B,24,1.0,last_token,ja,,,512,stable_rank,7.51300902773567
Qwen/Qwen2.5-0.5B,24,1.0,last_token,zh,,,512,centroid_norm,0.9195231199264526
Qwen/Qwen2.5-0.5B,24,1.0,last_token,zh,,,512,within_language_cosine,0.8452204575510641
Qwen/Qwen2.5-0.5B,24,1.0,last_token,zh,,,512,stable_rank,7.068512399596951
Qwen/Qwen2.5-0.5B,24,1.0,last_token,,en,ko,512,matched_cosine,0.057425931096076965
Qwen/Qwen2.5-0.5B,24,1.0,last_token,,en,ko,512,unmatched_cosine,0.022623980417847633
Qwen/Qwen2.5-0.5B,24,1.0,last_token,,en,ko,512,cosine_margin,0.03480195067822933
Qwen/Qwen2.5-0.5B,24,1.0,last_token,,en,ja,512,matched_cosine,0.022309964522719383
Qwen/Qwen2.5-0.5B,24,1.0,last_token,,en,ja,512,unmatched_cosine,-0.026550166308879852
Qwen/Qwen2.5-0.5B,24,1.0,last_token,,en,ja,512,cosine_margin,0.048860130831599236
Qwen/Qwen2.5-0.5B,24,1.0,last_token,,en,zh,512,matched_cosine,0.15025247633457184
Qwen/Qwen2.5-0.5B,24,1.0,last_token,,en,zh,512,unmatched_cosine,0.06318657100200653
Qwen/Qwen2.5-0.5B,24,1.0,last_token,,en,zh,512,cosine_margin,0.08706590533256531
Qwen/Qwen2.5-0.5B,24,1.0,last_token,,ko,en,512,matched_cosine,0.057425931096076965
Qwen/Qwen2.5-0.5B,24,1.0,last_token,,ko,en,512,unmatched_cosine,0.02176576294004917
Qwen/Qwen2.5-0.5B,24,1.0,last_token,,ko,en,512,cosine_margin,0.035660168156027794
Qwen/Qwen2.5-0.5B,24,1.0,last_token,,ko,ja,512,matched_cosine,0.12907123565673828
Qwen/Qwen2.5-0.5B,24,1.0,last_token,,ko,ja,512,unmatched_cosine,0.10045719146728516
Qwen/Qwen2.5-0.5B,24,1.0,last_token,,ko,ja,512,cosine_margin,0.028614044189453125
Qwen/Qwen2.5-0.5B,24,1.0,last_token,,ko,zh,512,matched_cosine,-0.13297328352928162
Qwen/Qwen2.5-0.5B,24,1.0,last_token,,ko,zh,512,unmatched_cosine,-0.16981951892375946
Qwen/Qwen2.5-0.5B,24,1.0,last_token,,ko,zh,512,cosine_margin,0.036846235394477844
Qwen/Qwen2.5-0.5B,24,1.0,last_token,,ja,en,512,matched_cosine,0.022309964522719383
Qwen/Qwen2.5-0.5B,24,1.0,last_token,,ja,en,512,unmatched_cosine,-0.027184976264834404
Qwen/Qwen2.5-0.5B,24,1.0,last_token,,ja,en,512,cosine_margin,0.04949494078755379
Qwen/Qwen2.5-0.5B,24,1.0,last_token,,ja,ko,512,matched_cosine,0.12907123565673828
Qwen/Qwen2.5-0.5B,24,1.0,last_token,,ja,ko,512,unmatched_cosine,0.10049261152744293
Qwen/Qwen2.5-0.5B,24,1.0,last_token,,ja,ko,512,cosine_margin,0.02857862412929535
Qwen/Qwen2.5-0.5B,24,1.0,last_token,,ja,zh,512,matched_cosine,0.31175535917282104
Qwen/Qwen2.5-0.5B,24,1.0,last_token,,ja,zh,512,unmatched_cosine,0.2497052550315857
Qwen/Qwen2.5-0.5B,24,1.0,last_token,,ja,zh,512,cosine_margin,0.06205010414123535
Qwen/Qwen2.5-0.5B,24,1.0,last_token,,zh,en,512,matched_cosine,0.15025247633457184
Qwen/Qwen2.5-0.5B,24,1.0,last_token,,zh,en,512,unmatched_cosine,0.0623931810259819
Qwen/Qwen2.5-0.5B,24,1.0,last_token,,zh,en,512,cosine_margin,0.08785929530858994
Qwen/Qwen2.5-0.5B,24,1.0,last_token,,zh,ko,512,matched_cosine,-0.13297328352928162
Qwen/Qwen2.5-0.5B,24,1.0,last_token,,zh,ko,512,unmatched_cosine,-0.16964715719223022
Qwen/Qwen2.5-0.5B,24,1.0,last_token,,zh,ko,512,cosine_margin,0.03667387366294861
Qwen/Qwen2.5-0.5B,24,1.0,last_token,,zh,ja,512,matched_cosine,0.31175535917282104
Qwen/Qwen2.5-0.5B,24,1.0,last_token,,zh,ja,512,unmatched_cosine,0.25071293115615845
Qwen/Qwen2.5-0.5B,24,1.0,last_token,,zh,ja,512,cosine_margin,0.0610424280166626
Qwen/Qwen2.5-0.5B,0,0.0,mean,en,,,512,centroid_norm,0.7370784878730774
Qwen/Qwen2.5-0.5B,0,0.0,mean,en,,,512,within_language_cosine,0.5423909465394141
Qwen/Qwen2.5-0.5B,0,0.0,mean,en,,,512,stable_rank,5.428276327579579
Qwen/Qwen2.5-0.5B,0,0.0,mean,ko,,,512,centroid_norm,0.7937029600143433
Qwen/Qwen2.5-0.5B,0,0.0,mean,ko,,,512,within_language_cosine,0.6292402114420255
Qwen/Qwen2.5-0.5B,0,0.0,mean,ko,,,512,stable_rank,4.709522951726443
Qwen/Qwen2.5-0.5B,0,0.0,mean,ja,,,512,centroid_norm,0.780905544757843
Qwen/Qwen2.5-0.5B,0,0.0,mean,ja,,,512,within_language_cosine,0.6090498773085861
Qwen/Qwen2.5-0.5B,0,0.0,mean,ja,,,512,stable_rank,6.936138033854937
Qwen/Qwen2.5-0.5B,0,0.0,mean,zh,,,512,centroid_norm,0.6973169445991516
Qwen/Qwen2.5-0.5B,0,0.0,mean,zh,,,512,within_language_cosine,0.4852455273533054
Qwen/Qwen2.5-0.5B,0,0.0,mean,zh,,,512,stable_rank,5.623978904811773
Qwen/Qwen2.5-0.5B,0,0.0,mean,,en,ko,512,matched_cosine,-0.007034360431134701
Qwen/Qwen2.5-0.5B,0,0.0,mean,,en,ko,512,unmatched_cosine,-0.09388646483421326
Qwen/Qwen2.5-0.5B,0,0.0,mean,,en,ko,512,cosine_margin,0.08685210440307856
Qwen/Qwen2.5-0.5B,0,0.0,mean,,en,ja,512,matched_cosine,0.011564024724066257
Qwen/Qwen2.5-0.5B,0,0.0,mean,,en,ja,512,unmatched_cosine,-0.08863797783851624
Qwen/Qwen2.5-0.5B,0,0.0,mean,,en,ja,512,cosine_margin,0.10020200256258249
Qwen/Qwen2.5-0.5B,0,0.0,mean,,en,zh,512,matched_cosine,0.19018268585205078
Qwen/Qwen2.5-0.5B,0,0.0,mean,,en,zh,512,unmatched_cosine,0.012088228017091751
Qwen/Qwen2.5-0.5B,0,0.0,mean,,en,zh,512,cosine_margin,0.17809445783495903
Qwen/Qwen2.5-0.5B,0,0.0,mean,,ko,en,512,matched_cosine,-0.007034360431134701
Qwen/Qwen2.5-0.5B,0,0.0,mean,,ko,en,512,unmatched_cosine,-0.09584923088550568
Qwen/Qwen2.5-0.5B,0,0.0,mean,,ko,en,512,cosine_margin,0.08881487045437098
Qwen/Qwen2.5-0.5B,0,0.0,mean,,ko,ja,512,matched_cosine,0.5734734535217285
Qwen/Qwen2.5-0.5B,0,0.0,mean,,ko,ja,512,unmatched_cosine,0.4781997799873352
Qwen/Qwen2.5-0.5B,0,0.0,mean,,ko,ja,512,cosine_margin,0.09527367353439331
Qwen/Qwen2.5-0.5B,0,0.0,mean,,ko,zh,512,matched_cosine,0.4035543203353882
Qwen/Qwen2.5-0.5B,0,0.0,mean,,ko,zh,512,unmatched_cosine,0.29685908555984497
Qwen/Qwen2.5-0.5B,0,0.0,mean,,ko,zh,512,cosine_margin,0.10669523477554321
Qwen/Qwen2.5-0.5B,0,0.0,mean,,ja,en,512,matched_cosine,0.011564024724066257
Qwen/Qwen2.5-0.5B,0,0.0,mean,,ja,en,512,unmatched_cosine,-0.08773132413625717
Qwen/Qwen2.5-0.5B,0,0.0,mean,,ja,en,512,cosine_margin,0.09929534886032343
Qwen/Qwen2.5-0.5B,0,0.0,mean,,ja,ko,512,matched_cosine,0.5734734535217285
Qwen/Qwen2.5-0.5B,0,0.0,mean,,ja,ko,512,unmatched_cosine,0.4767695665359497
Qwen/Qwen2.5-0.5B,0,0.0,mean,,ja,ko,512,cosine_margin,0.09670388698577881
Qwen/Qwen2.5-0.5B,0,0.0,mean,,ja,zh,512,matched_cosine,0.5527140498161316
Qwen/Qwen2.5-0.5B,0,0.0,mean,,ja,zh,512,unmatched_cosine,0.40233248472213745
Qwen/Qwen2.5-0.5B,0,0.0,mean,,ja,zh,512,cosine_margin,0.15038156509399414
Qwen/Qwen2.5-0.5B,0,0.0,mean,,zh,en,512,matched_cosine,0.19018268585205078
Qwen/Qwen2.5-0.5B,0,0.0,mean,,zh,en,512,unmatched_cosine,0.010747157037258148
Qwen/Qwen2.5-0.5B,0,0.0,mean,,zh,en,512,cosine_margin,0.17943552881479263
Qwen/Qwen2.5-0.5B,0,0.0,mean,,zh,ko,512,matched_cosine,0.4035543203353882
Qwen/Qwen2.5-0.5B,0,0.0,mean,,zh,ko,512,unmatched_cosine,0.29587915539741516
Qwen/Qwen2.5-0.5B,0,0.0,mean,,zh,ko,512,cosine_margin,0.10767516493797302
Qwen/Qwen2.5-0.5B,0,0.0,mean,,zh,ja,512,matched_cosine,0.5527140498161316
Qwen/Qwen2.5-0.5B,0,0.0,mean,,zh,ja,512,unmatched_cosine,0.4014085829257965
Qwen/Qwen2.5-0.5B,0,0.0,mean,,zh,ja,512,cosine_margin,0.15130546689033508
Qwen/Qwen2.5-0.5B,1,0.041666666666666664,mean,en,,,512,centroid_norm,0.8477181792259216
Qwen/Qwen2.5-0.5B,1,0.041666666666666664,mean,en,,,512,within_language_cosine,0.7180755077742784
Qwen/Qwen2.5-0.5B,1,0.041666666666666664,mean,en,,,512,stable_rank,15.80545708547573
Qwen/Qwen2.5-0.5B,1,0.041666666666666664,mean,ko,,,512,centroid_norm,0.9441657066345215
Qwen/Qwen2.5-0.5B,1,0.041666666666666664,mean,ko,,,512,within_language_cosine,0.8912364265456825
Qwen/Qwen2.5-0.5B,1,0.041666666666666664,mean,ko,,,512,stable_rank,8.770837257925036
Qwen/Qwen2.5-0.5B,1,0.041666666666666664,mean,ja,,,512,centroid_norm,0.9273032546043396
Qwen/Qwen2.5-0.5B,1,0.041666666666666664,mean,ja,,,512,within_language_cosine,0.8596171698224988
Qwen/Qwen2.5-0.5B,1,0.041666666666666664,mean,ja,,,512,stable_rank,9.129773268519282
Qwen/Qwen2.5-0.5B,1,0.041666666666666664,mean,zh,,,512,centroid_norm,0.8444478511810303
Qwen/Qwen2.5-0.5B,1,0.041666666666666664,mean,zh,,,512,within_language_cosine,0.7125306847977312
Qwen/Qwen2.5-0.5B,1,0.041666666666666664,mean,zh,,,512,stable_rank,10.55473985493688
Qwen/Qwen2.5-0.5B,1,0.041666666666666664,mean,,en,ko,512,matched_cosine,0.5813789367675781
Qwen/Qwen2.5-0.5B,1,0.041666666666666664,mean,,en,ko,512,unmatched_cosine,0.5362371802330017
Qwen/Qwen2.5-0.5B,1,0.041666666666666664,mean,,en,ko,512,cosine_margin,0.045141756534576416
Qwen/Qwen2.5-0.5B,1,0.041666666666666664,mean,,en,ja,512,matched_cosine,0.6269168853759766
Qwen/Qwen2.5-0.5B,1,0.041666666666666664,mean,,en,ja,512,unmatched_cosine,0.5606417655944824
Qwen/Qwen2.5-0.5B,1,0.041666666666666664,mean,,en,ja,512,cosine_margin,0.06627511978149414
Qwen/Qwen2.5-0.5B,1,0.041666666666666664,mean,,en,zh,512,matched_cosine,0.7377293705940247
Qwen/Qwen2.5-0.5B,1,0.041666666666666664,mean,,en,zh,512,unmatched_cosine,0.5934542417526245
Qwen/Qwen2.5-0.5B,1,0.041666666666666664,mean,,en,zh,512,cosine_margin,0.14427512884140015
Qwen/Qwen2.5-0.5B,1,0.041666666666666664,mean,,ko,en,512,matched_cosine,0.5813789367675781
Qwen/Qwen2.5-0.5B,1,0.041666666666666664,mean,,ko,en,512,unmatched_cosine,0.5368238091468811
Qwen/Qwen2.5-0.5B,1,0.041666666666666664,mean,,ko,en,512,cosine_margin,0.04455512762069702
Qwen/Qwen2.5-0.5B,1,0.041666666666666664,mean,,ko,ja,512,matched_cosine,0.7736380100250244
Qwen/Qwen2.5-0.5B,1,0.041666666666666664,mean,,ko,ja,512,unmatched_cosine,0.7400937676429749
Qwen/Qwen2.5-0.5B,1,0.041666666666666664,mean,,ko,ja,512,cosine_margin,0.03354424238204956
Qwen/Qwen2.5-0.5B,1,0.041666666666666664,mean,,ko,zh,512,matched_cosine,0.6339356899261475
Qwen/Qwen2.5-0.5B,1,0.041666666666666664,mean,,ko,zh,512,unmatched_cosine,0.5893505215644836
Qwen/Qwen2.5-0.5B,1,0.041666666666666664,mean,,ko,zh,512,cosine_margin,0.04458516836166382
Qwen/Qwen2.5-0.5B,1,0.041666666666666664,mean,,ja,en,512,matched_cosine,0.6269168853759766
Qwen/Qwen2.5-0.5B,1,0.041666666666666664,mean,,ja,en,512,unmatched_cosine,0.5599837303161621
Qwen/Qwen2.5-0.5B,1,0.041666666666666664,mean,,ja,en,512,cosine_margin,0.06693315505981445
Qwen/Qwen2.5-0.5B,1,0.041666666666666664,mean,,ja,ko,512,matched_cosine,0.7736380100250244
Qwen/Qwen2.5-0.5B,1,0.041666666666666664,mean,,ja,ko,512,unmatched_cosine,0.7405956983566284
Qwen/Qwen2.5-0.5B,1,0.041666666666666664,mean,,ja,ko,512,cosine_margin,0.033042311668395996
Qwen/Qwen2.5-0.5B,1,0.041666666666666664,mean,,ja,zh,512,matched_cosine,0.7327541708946228
Qwen/Qwen2.5-0.5B,1,0.041666666666666664,mean,,ja,zh,512,unmatched_cosine,0.6539623737335205
Qwen/Qwen2.5-0.5B,1,0.041666666666666664,mean,,ja,zh,512,cosine_margin,0.0787917971611023
Qwen/Qwen2.5-0.5B,1,0.041666666666666664,mean,,zh,en,512,matched_cosine,0.7377293705940247
Qwen/Qwen2.5-0.5B,1,0.041666666666666664,mean,,zh,en,512,unmatched_cosine,0.593468189239502
Qwen/Qwen2.5-0.5B,1,0.041666666666666664,mean,,zh,en,512,cosine_margin,0.1442611813545227
Qwen/Qwen2.5-0.5B,1,0.041666666666666664,mean,,zh,ko,512,matched_cosine,0.6339356899261475
Qwen/Qwen2.5-0.5B,1,0.041666666666666664,mean,,zh,ko,512,unmatched_cosine,0.5884279012680054
Qwen/Qwen2.5-0.5B,1,0.041666666666666664,mean,,zh,ko,512,cosine_margin,0.04550778865814209
Qwen/Qwen2.5-0.5B,1,0.041666666666666664,mean,,zh,ja,512,matched_cosine,0.7327541708946228
Qwen/Qwen2.5-0.5B,1,0.041666666666666664,mean,,zh,ja,512,unmatched_cosine,0.6535140872001648
Qwen/Qwen2.5-0.5B,1,0.041666666666666664,mean,,zh,ja,512,cosine_margin,0.07924008369445801
Qwen/Qwen2.5-0.5B,2,0.08333333333333333,mean,en,,,512,centroid_norm,0.9284493923187256
Qwen/Qwen2.5-0.5B,2,0.08333333333333333,mean,en,,,512,within_language_cosine,0.8617482045392001
Qwen/Qwen2.5-0.5B,2,0.08333333333333333,mean,en,,,512,stable_rank,15.959705927767816
Qwen/Qwen2.5-0.5B,2,0.08333333333333333,mean,ko,,,512,centroid_norm,0.9581329822540283
Qwen/Qwen2.5-0.5B,2,0.08333333333333333,mean,ko,,,512,within_language_cosine,0.9178583253386436
Qwen/Qwen2.5-0.5B,2,0.08333333333333333,mean,ko,,,512,stable_rank,11.679673676282725
Qwen/Qwen2.5-0.5B,2,0.08333333333333333,mean,ja,,,512,centroid_norm,0.9481952786445618
Qwen/Qwen2.5-0.5B,2,0.08333333333333333,mean,ja,,,512,within_language_cosine,0.898876809793909
Qwen/Qwen2.5-0.5B,2,0.08333333333333333,mean,ja,,,512,stable_rank,10.730622422868603
Qwen/Qwen2.5-0.5B,2,0.08333333333333333,mean,zh,,,512,centroid_norm,0.9132757186889648
Qwen/Qwen2.5-0.5B,2,0.08333333333333333,mean,zh,,,512,within_language_cosine,0.8337478786998532
Qwen/Qwen2.5-0.5B,2,0.08333333333333333,mean,zh,,,512,stable_rank,11.558297802324741
Qwen/Qwen2.5-0.5B,2,0.08333333333333333,mean,,en,ko,512,matched_cosine,0.7222645282745361
Qwen/Qwen2.5-0.5B,2,0.08333333333333333,mean,,en,ko,512,unmatched_cosine,0.6927251219749451
Qwen/Qwen2.5-0.5B,2,0.08333333333333333,mean,,en,ko,512,cosine_margin,0.029539406299591064
Qwen/Qwen2.5-0.5B,2,0.08333333333333333,mean,,en,ja,512,matched_cosine,0.7499449253082275
Qwen/Qwen2.5-0.5B,2,0.08333333333333333,mean,,en,ja,512,unmatched_cosine,0.707899808883667
Qwen/Qwen2.5-0.5B,2,0.08333333333333333,mean,,en,ja,512,cosine_margin,0.04204511642456055
Qwen/Qwen2.5-0.5B,2,0.08333333333333333,mean,,en,zh,512,matched_cosine,0.8388091921806335
Qwen/Qwen2.5-0.5B,2,0.08333333333333333,mean,,en,zh,512,unmatched_cosine,0.759505569934845
Qwen/Qwen2.5-0.5B,2,0.08333333333333333,mean,,en,zh,512,cosine_margin,0.07930362224578857
Qwen/Qwen2.5-0.5B,2,0.08333333333333333,mean,,ko,en,512,matched_cosine,0.7222645282745361
Qwen/Qwen2.5-0.5B,2,0.08333333333333333,mean,,ko,en,512,unmatched_cosine,0.6922250986099243
Qwen/Qwen2.5-0.5B,2,0.08333333333333333,mean,,ko,en,512,cosine_margin,0.030039429664611816
Qwen/Qwen2.5-0.5B,2,0.08333333333333333,mean,,ko,ja,512,matched_cosine,0.8560705780982971
Qwen/Qwen2.5-0.5B,2,0.08333333333333333,mean,,ko,ja,512,unmatched_cosine,0.8271709680557251
Qwen/Qwen2.5-0.5B,2,0.08333333333333333,mean,,ko,ja,512,cosine_margin,0.02889961004257202
Qwen/Qwen2.5-0.5B,2,0.08333333333333333,mean,,ko,zh,512,matched_cosine,0.7596645355224609
Qwen/Qwen2.5-0.5B,2,0.08333333333333333,mean,,ko,zh,512,unmatched_cosine,0.7261543273925781
Qwen/Qwen2.5-0.5B,2,0.08333333333333333,mean,,ko,zh,512,cosine_margin,0.03351020812988281
Qwen/Qwen2.5-0.5B,2,0.08333333333333333,mean,,ja,en,512,matched_cosine,0.7499449253082275
Qwen/Qwen2.5-0.5B,2,0.08333333333333333,mean,,ja,en,512,unmatched_cosine,0.7077459692955017
Qwen/Qwen2.5-0.5B,2,0.08333333333333333,mean,,ja,en,512,cosine_margin,0.04219895601272583
Qwen/Qwen2.5-0.5B,2,0.08333333333333333,mean,,ja,ko,512,matched_cosine,0.8560705780982971
Qwen/Qwen2.5-0.5B,2,0.08333333333333333,mean,,ja,ko,512,unmatched_cosine,0.8274933099746704
Qwen/Qwen2.5-0.5B,2,0.08333333333333333,mean,,ja,ko,512,cosine_margin,0.02857726812362671
Qwen/Qwen2.5-0.5B,2,0.08333333333333333,mean,,ja,zh,512,matched_cosine,0.803130030632019
Qwen/Qwen2.5-0.5B,2,0.08333333333333333,mean,,ja,zh,512,unmatched_cosine,0.7493213415145874
Qwen/Qwen2.5-0.5B,2,0.08333333333333333,mean,,ja,zh,512,cosine_margin,0.05380868911743164
Qwen/Qwen2.5-0.5B,2,0.08333333333333333,mean,,zh,en,512,matched_cosine,0.8388091921806335
Qwen/Qwen2.5-0.5B,2,0.08333333333333333,mean,,zh,en,512,unmatched_cosine,0.7591776847839355
Qwen/Qwen2.5-0.5B,2,0.08333333333333333,mean,,zh,en,512,cosine_margin,0.079631507396698
Qwen/Qwen2.5-0.5B,2,0.08333333333333333,mean,,zh,ko,512,matched_cosine,0.7596645355224609
Qwen/Qwen2.5-0.5B,2,0.08333333333333333,mean,,zh,ko,512,unmatched_cosine,0.7264640927314758
Qwen/Qwen2.5-0.5B,2,0.08333333333333333,mean,,zh,ko,512,cosine_margin,0.03320044279098511
Qwen/Qwen2.5-0.5B,2,0.08333333333333333,mean,,zh,ja,512,matched_cosine,0.803130030632019
Qwen/Qwen2.5-0.5B,2,0.08333333333333333,mean,,zh,ja,512,unmatched_cosine,0.7495288848876953
Qwen/Qwen2.5-0.5B,2,0.08333333333333333,mean,,zh,ja,512,cosine_margin,0.05360114574432373
Qwen/Qwen2.5-0.5B,3,0.125,mean,en,,,512,centroid_norm,0.9948623180389404
Qwen/Qwen2.5-0.5B,3,0.125,mean,en,,,512,within_language_cosine,0.9897309245428694
Qwen/Qwen2.5-0.5B,3,0.125,mean,en,,,512,stable_rank,1.0406844451847486
Qwen/Qwen2.5-0.5B,3,0.125,mean,ko,,,512,centroid_norm,0.9908191561698914
Qwen/Qwen2.5-0.5B,3,0.125,mean,ko,,,512,within_language_cosine,0.9816868253883317
Qwen/Qwen2.5-0.5B,3,0.125,mean,ko,,,512,stable_rank,1.0531160385263225
Qwen/Qwen2.5-0.5B,3,0.125,mean,ja,,,512,centroid_norm,0.9909296631813049
Qwen/Qwen2.5-0.5B,3,0.125,mean,ja,,,512,within_language_cosine,0.9819062414001345
Qwen/Qwen2.5-0.5B,3,0.125,mean,ja,,,512,stable_rank,1.05445345489418
Qwen/Qwen2.5-0.5B,3,0.125,mean,zh,,,512,centroid_norm,0.9936558604240417
Qwen/Qwen2.5-0.5B,3,0.125,mean,zh,,,512,within_language_cosine,0.9873272024255443
Qwen/Qwen2.5-0.5B,3,0.125,mean,zh,,,512,stable_rank,1.0315294236550057
Qwen/Qwen2.5-0.5B,3,0.125,mean,,en,ko,512,matched_cosine,0.9709510803222656
Qwen/Qwen2.5-0.5B,3,0.125,mean,,en,ko,512,unmatched_cosine,0.9650393724441528
Qwen/Qwen2.5-0.5B,3,0.125,mean,,en,ko,512,cosine_margin,0.005911707878112793
Qwen/Qwen2.5-0.5B,3,0.125,mean,,en,ja,512,matched_cosine,0.9773402214050293
Qwen/Qwen2.5-0.5B,3,0.125,mean,,en,ja,512,unmatched_cosine,0.9708627462387085
Qwen/Qwen2.5-0.5B,3,0.125,mean,,en,ja,512,cosine_margin,0.006477475166320801
Qwen/Qwen2.5-0.5B,3,0.125,mean,,en,zh,512,matched_cosine,0.9912039041519165
Qwen/Qwen2.5-0.5B,3,0.125,mean,,en,zh,512,unmatched_cosine,0.9842044115066528
Qwen/Qwen2.5-0.5B,3,0.125,mean,,en,zh,512,cosine_margin,0.006999492645263672
Qwen/Qwen2.5-0.5B,3,0.125,mean,,ko,en,512,matched_cosine,0.9709510803222656
Qwen/Qwen2.5-0.5B,3,0.125,mean,,ko,en,512,unmatched_cosine,0.9647663235664368
Qwen/Qwen2.5-0.5B,3,0.125,mean,,ko,en,512,cosine_margin,0.006184756755828857
Qwen/Qwen2.5-0.5B,3,0.125,mean,,ko,ja,512,matched_cosine,0.9851348996162415
Qwen/Qwen2.5-0.5B,3,0.125,mean,,ko,ja,512,unmatched_cosine,0.9748784303665161
Qwen/Qwen2.5-0.5B,3,0.125,mean,,ko,ja,512,cosine_margin,0.010256469249725342
Qwen/Qwen2.5-0.5B,3,0.125,mean,,ko,zh,512,matched_cosine,0.975542426109314
Qwen/Qwen2.5-0.5B,3,0.125,mean,,ko,zh,512,unmatched_cosine,0.9680953621864319
Qwen/Qwen2.5-0.5B,3,0.125,mean,,ko,zh,512,cosine_margin,0.00744706392288208
Qwen/Qwen2.5-0.5B,3,0.125,mean,,ja,en,512,matched_cosine,0.9773402214050293
Qwen/Qwen2.5-0.5B,3,0.125,mean,,ja,en,512,unmatched_cosine,0.9709451198577881
Qwen/Qwen2.5-0.5B,3,0.125,mean,,ja,en,512,cosine_margin,0.006395101547241211
Qwen/Qwen2.5-0.5B,3,0.125,mean,,ja,ko,512,matched_cosine,0.9851348996162415
Qwen/Qwen2.5-0.5B,3,0.125,mean,,ja,ko,512,unmatched_cosine,0.9751535654067993
Qwen/Qwen2.5-0.5B,3,0.125,mean,,ja,ko,512,cosine_margin,0.009981334209442139
Qwen/Qwen2.5-0.5B,3,0.125,mean,,ja,zh,512,matched_cosine,0.9827023148536682
Qwen/Qwen2.5-0.5B,3,0.125,mean,,ja,zh,512,unmatched_cosine,0.9745639562606812
Qwen/Qwen2.5-0.5B,3,0.125,mean,,ja,zh,512,cosine_margin,0.00813835859298706
Qwen/Qwen2.5-0.5B,3,0.125,mean,,zh,en,512,matched_cosine,0.9912039041519165
Qwen/Qwen2.5-0.5B,3,0.125,mean,,zh,en,512,unmatched_cosine,0.9842865467071533
Qwen/Qwen2.5-0.5B,3,0.125,mean,,zh,en,512,cosine_margin,0.006917357444763184
Qwen/Qwen2.5-0.5B,3,0.125,mean,,zh,ko,512,matched_cosine,0.975542426109314
Qwen/Qwen2.5-0.5B,3,0.125,mean,,zh,ko,512,unmatched_cosine,0.9684430360794067
Qwen/Qwen2.5-0.5B,3,0.125,mean,,zh,ko,512,cosine_margin,0.0070993900299072266
Qwen/Qwen2.5-0.5B,3,0.125,mean,,zh,ja,512,matched_cosine,0.9827023148536682
Qwen/Qwen2.5-0.5B,3,0.125,mean,,zh,ja,512,unmatched_cosine,0.9744435548782349
Qwen/Qwen2.5-0.5B,3,0.125,mean,,zh,ja,512,cosine_margin,0.00825875997543335
Qwen/Qwen2.5-0.5B,4,0.16666666666666666,mean,en,,,512,centroid_norm,0.9985150694847107
Qwen/Qwen2.5-0.5B,4,0.16666666666666666,mean,en,,,512,within_language_cosine,0.9970264770746697
Qwen/Qwen2.5-0.5B,4,0.16666666666666666,mean,en,,,512,stable_rank,1.012602725113489
Qwen/Qwen2.5-0.5B,4,0.16666666666666666,mean,ko,,,512,centroid_norm,0.9972439408302307
Qwen/Qwen2.5-0.5B,4,0.16666666666666666,mean,ko,,,512,within_language_cosine,0.9944847390609711
Qwen/Qwen2.5-0.5B,4,0.16666666666666666,mean,ko,,,512,stable_rank,1.0148869414785409
Qwen/Qwen2.5-0.5B,4,0.16666666666666666,mean,ja,,,512,centroid_norm,0.9975271224975586
Qwen/Qwen2.5-0.5B,4,0.16666666666666666,mean,ja,,,512,within_language_cosine,0.9950506579852617
Qwen/Qwen2.5-0.5B,4,0.16666666666666666,mean,ja,,,512,stable_rank,1.01575914793844
Qwen/Qwen2.5-0.5B,4,0.16666666666666666,mean,zh,,,512,centroid_norm,0.9982504844665527
Qwen/Qwen2.5-0.5B,4,0.16666666666666666,mean,zh,,,512,within_language_cosine,0.9964971672998716
Qwen/Qwen2.5-0.5B,4,0.16666666666666666,mean,zh,,,512,stable_rank,1.0088292838329185
Qwen/Qwen2.5-0.5B,4,0.16666666666666666,mean,,en,ko,512,matched_cosine,0.9920386075973511
Qwen/Qwen2.5-0.5B,4,0.16666666666666666,mean,,en,ko,512,unmatched_cosine,0.9900686740875244
Qwen/Qwen2.5-0.5B,4,0.16666666666666666,mean,,en,ko,512,cosine_margin,0.00196993350982666
Qwen/Qwen2.5-0.5B,4,0.16666666666666666,mean,,en,ja,512,matched_cosine,0.9942688941955566
Qwen/Qwen2.5-0.5B,4,0.16666666666666666,mean,,en,ja,512,unmatched_cosine,0.992192268371582
Qwen/Qwen2.5-0.5B,4,0.16666666666666666,mean,,en,ja,512,cosine_margin,0.0020766258239746094
Qwen/Qwen2.5-0.5B,4,0.16666666666666666,mean,,en,zh,512,matched_cosine,0.997844934463501
Qwen/Qwen2.5-0.5B,4,0.16666666666666666,mean,,en,zh,512,unmatched_cosine,0.995724081993103
Qwen/Qwen2.5-0.5B,4,0.16666666666666666,mean,,en,zh,512,cosine_margin,0.0021208524703979492
Qwen/Qwen2.5-0.5B,4,0.16666666666666666,mean,,ko,en,512,matched_cosine,0.9920386075973511
Qwen/Qwen2.5-0.5B,4,0.16666666666666666,mean,,ko,en,512,unmatched_cosine,0.9900388717651367
Qwen/Qwen2.5-0.5B,4,0.16666666666666666,mean,,ko,en,512,cosine_margin,0.0019997358322143555
Qwen/Qwen2.5-0.5B,4,0.16666666666666666,mean,,ko,ja,512,matched_cosine,0.9963042736053467
Qwen/Qwen2.5-0.5B,4,0.16666666666666666,mean,,ko,ja,512,unmatched_cosine,0.9930549263954163
Qwen/Qwen2.5-0.5B,4,0.16666666666666666,mean,,ko,ja,512,cosine_margin,0.00324934720993042
Qwen/Qwen2.5-0.5B,4,0.16666666666666666,mean,,ko,zh,512,matched_cosine,0.9932411909103394
Qwen/Qwen2.5-0.5B,4,0.16666666666666666,mean,,ko,zh,512,unmatched_cosine,0.9908912181854248
Qwen/Qwen2.5-0.5B,4,0.16666666666666666,mean,,ko,zh,512,cosine_margin,0.0023499727249145508
Qwen/Qwen2.5-0.5B,4,0.16666666666666666,mean,,ja,en,512,matched_cosine,0.9942688941955566
Qwen/Qwen2.5-0.5B,4,0.16666666666666666,mean,,ja,en,512,unmatched_cosine,0.9922124147415161
Qwen/Qwen2.5-0.5B,4,0.16666666666666666,mean,,ja,en,512,cosine_margin,0.0020564794540405273
Qwen/Qwen2.5-0.5B,4,0.16666666666666666,mean,,ja,ko,512,matched_cosine,0.9963042736053467
Qwen/Qwen2.5-0.5B,4,0.16666666666666666,mean,,ja,ko,512,unmatched_cosine,0.9931434392929077
Qwen/Qwen2.5-0.5B,4,0.16666666666666666,mean,,ja,ko,512,cosine_margin,0.003160834312438965
Qwen/Qwen2.5-0.5B,4,0.16666666666666666,mean,,ja,zh,512,matched_cosine,0.9955662488937378
Qwen/Qwen2.5-0.5B,4,0.16666666666666666,mean,,ja,zh,512,unmatched_cosine,0.9930732250213623
Qwen/Qwen2.5-0.5B,4,0.16666666666666666,mean,,ja,zh,512,cosine_margin,0.0024930238723754883
Qwen/Qwen2.5-0.5B,4,0.16666666666666666,mean,,zh,en,512,matched_cosine,0.997844934463501
Qwen/Qwen2.5-0.5B,4,0.16666666666666666,mean,,zh,en,512,unmatched_cosine,0.9957579374313354
Qwen/Qwen2.5-0.5B,4,0.16666666666666666,mean,,zh,en,512,cosine_margin,0.0020869970321655273
Qwen/Qwen2.5-0.5B,4,0.16666666666666666,mean,,zh,ko,512,matched_cosine,0.9932411909103394
Qwen/Qwen2.5-0.5B,4,0.16666666666666666,mean,,zh,ko,512,unmatched_cosine,0.9910070896148682
Qwen/Qwen2.5-0.5B,4,0.16666666666666666,mean,,zh,ko,512,cosine_margin,0.0022341012954711914
Qwen/Qwen2.5-0.5B,4,0.16666666666666666,mean,,zh,ja,512,matched_cosine,0.9955662488937378
Qwen/Qwen2.5-0.5B,4,0.16666666666666666,mean,,zh,ja,512,unmatched_cosine,0.9930778741836548
Qwen/Qwen2.5-0.5B,4,0.16666666666666666,mean,,zh,ja,512,cosine_margin,0.002488374710083008
Qwen/Qwen2.5-0.5B,5,0.20833333333333334,mean,en,,,512,centroid_norm,0.9978407621383667
Qwen/Qwen2.5-0.5B,5,0.20833333333333334,mean,en,,,512,within_language_cosine,0.995677791229666
Qwen/Qwen2.5-0.5B,5,0.20833333333333334,mean,en,,,512,stable_rank,1.0200052590967286
Qwen/Qwen2.5-0.5B,5,0.20833333333333334,mean,ko,,,512,centroid_norm,0.9963639974594116
Qwen/Qwen2.5-0.5B,5,0.20833333333333334,mean,ko,,,512,within_language_cosine,0.9927270221150318
Qwen/Qwen2.5-0.5B,5,0.20833333333333334,mean,ko,,,512,stable_rank,1.0229217990767474
Qwen/Qwen2.5-0.5B,5,0.20833333333333334,mean,ja,,,512,centroid_norm,0.9965969324111938
Qwen/Qwen2.5-0.5B,5,0.20833333333333334,mean,ja,,,512,within_language_cosine,0.9931921912266084
Qwen/Qwen2.5-0.5B,5,0.20833333333333334,mean,ja,,,512,stable_rank,1.0242639138107839
Qwen/Qwen2.5-0.5B,5,0.20833333333333334,mean,zh,,,512,centroid_norm,0.9975587725639343
Qwen/Qwen2.5-0.5B,5,0.20833333333333334,mean,zh,,,512,within_language_cosine,0.9951139028291647
Qwen/Qwen2.5-0.5B,5,0.20833333333333334,mean,zh,,,512,stable_rank,1.0134246964731455
Qwen/Qwen2.5-0.5B,5,0.20833333333333334,mean,,en,ko,512,matched_cosine,0.9902029037475586
Qwen/Qwen2.5-0.5B,5,0.20833333333333334,mean,,en,ko,512,unmatched_cosine,0.9873045086860657
Qwen/Qwen2.5-0.5B,5,0.20833333333333334,mean,,en,ko,512,cosine_margin,0.00289839506149292
Qwen/Qwen2.5-0.5B,5,0.20833333333333334,mean,,en,ja,512,matched_cosine,0.9927298426628113
Qwen/Qwen2.5-0.5B,5,0.20833333333333334,mean,,en,ja,512,unmatched_cosine,0.9896952509880066
Qwen/Qwen2.5-0.5B,5,0.20833333333333334,mean,,en,ja,512,cosine_margin,0.0030345916748046875
Qwen/Qwen2.5-0.5B,5,0.20833333333333334,mean,,en,zh,512,matched_cosine,0.9973578453063965
Qwen/Qwen2.5-0.5B,5,0.20833333333333334,mean,,en,zh,512,unmatched_cosine,0.9942237138748169
Qwen/Qwen2.5-0.5B,5,0.20833333333333334,mean,,en,zh,512,cosine_margin,0.00313413143157959
Qwen/Qwen2.5-0.5B,5,0.20833333333333334,mean,,ko,en,512,matched_cosine,0.9902029037475586
Qwen/Qwen2.5-0.5B,5,0.20833333333333334,mean,,ko,en,512,unmatched_cosine,0.9873725771903992
Qwen/Qwen2.5-0.5B,5,0.20833333333333334,mean,,ko,en,512,cosine_margin,0.002830326557159424
Qwen/Qwen2.5-0.5B,5,0.20833333333333334,mean,,ko,ja,512,matched_cosine,0.9955822229385376
Qwen/Qwen2.5-0.5B,5,0.20833333333333334,mean,,ko,ja,512,unmatched_cosine,0.991142213344574
Qwen/Qwen2.5-0.5B,5,0.20833333333333334,mean,,ko,ja,512,cosine_margin,0.004440009593963623
Qwen/Qwen2.5-0.5B,5,0.20833333333333334,mean,,ko,zh,512,matched_cosine,0.9917773008346558
Qwen/Qwen2.5-0.5B,5,0.20833333333333334,mean,,ko,zh,512,unmatched_cosine,0.9885655641555786
Qwen/Qwen2.5-0.5B,5,0.20833333333333334,mean,,ko,zh,512,cosine_margin,0.0032117366790771484
Qwen/Qwen2.5-0.5B,5,0.20833333333333334,mean,,ja,en,512,matched_cosine,0.9927298426628113
Qwen/Qwen2.5-0.5B,5,0.20833333333333334,mean,,ja,en,512,unmatched_cosine,0.9897294044494629
Qwen/Qwen2.5-0.5B,5,0.20833333333333334,mean,,ja,en,512,cosine_margin,0.0030004382133483887
Qwen/Qwen2.5-0.5B,5,0.20833333333333334,mean,,ja,ko,512,matched_cosine,0.9955822229385376
Qwen/Qwen2.5-0.5B,5,0.20833333333333334,mean,,ja,ko,512,unmatched_cosine,0.9910984635353088
Qwen/Qwen2.5-0.5B,5,0.20833333333333334,mean,,ja,ko,512,cosine_margin,0.00448375940322876
Qwen/Qwen2.5-0.5B,5,0.20833333333333334,mean,,ja,zh,512,matched_cosine,0.9945415258407593
Qwen/Qwen2.5-0.5B,5,0.20833333333333334,mean,,ja,zh,512,unmatched_cosine,0.9909720420837402
Qwen/Qwen2.5-0.5B,5,0.20833333333333334,mean,,ja,zh,512,cosine_margin,0.003569483757019043
Qwen/Qwen2.5-0.5B,5,0.20833333333333334,mean,,zh,en,512,matched_cosine,0.9973578453063965
Qwen/Qwen2.5-0.5B,5,0.20833333333333334,mean,,zh,en,512,unmatched_cosine,0.9942478537559509
Qwen/Qwen2.5-0.5B,5,0.20833333333333334,mean,,zh,en,512,cosine_margin,0.0031099915504455566
Qwen/Qwen2.5-0.5B,5,0.20833333333333334,mean,,zh,ko,512,matched_cosine,0.9917773008346558
Qwen/Qwen2.5-0.5B,5,0.20833333333333334,mean,,zh,ko,512,unmatched_cosine,0.9884670972824097
Qwen/Qwen2.5-0.5B,5,0.20833333333333334,mean,,zh,ko,512,cosine_margin,0.0033102035522460938
Qwen/Qwen2.5-0.5B,5,0.20833333333333334,mean,,zh,ja,512,matched_cosine,0.9945415258407593
Qwen/Qwen2.5-0.5B,5,0.20833333333333334,mean,,zh,ja,512,unmatched_cosine,0.9909555315971375
Qwen/Qwen2.5-0.5B,5,0.20833333333333334,mean,,zh,ja,512,cosine_margin,0.003585994243621826
Qwen/Qwen2.5-0.5B,6,0.25,mean,en,,,512,centroid_norm,0.997268557548523
Qwen/Qwen2.5-0.5B,6,0.25,mean,en,,,512,within_language_cosine,0.9945338896809259
Qwen/Qwen2.5-0.5B,6,0.25,mean,en,,,512,stable_rank,1.0255381410094064
Qwen/Qwen2.5-0.5B,6,0.25,mean,ko,,,512,centroid_norm,0.995776355266571
Qwen/Qwen2.5-0.5B,6,0.25,mean,ko,,,512,within_language_cosine,0.9915540362990766
Qwen/Qwen2.5-0.5B,6,0.25,mean,ko,,,512,stable_rank,1.0269960299494674
Qwen/Qwen2.5-0.5B,6,0.25,mean,ja,,,512,centroid_norm,0.9958841800689697
Qwen/Qwen2.5-0.5B,6,0.25,mean,ja,,,512,within_language_cosine,0.9917692718207253
Qwen/Qwen2.5-0.5B,6,0.25,mean,ja,,,512,stable_rank,1.0296915313384123
Qwen/Qwen2.5-0.5B,6,0.25,mean,zh,,,512,centroid_norm,0.9969754815101624
Qwen/Qwen2.5-0.5B,6,0.25,mean,zh,,,512,within_language_cosine,0.9939482627316231
Qwen/Qwen2.5-0.5B,6,0.25,mean,zh,,,512,stable_rank,1.016725574648
Qwen/Qwen2.5-0.5B,6,0.25,mean,,en,ko,512,matched_cosine,0.9886348247528076
Qwen/Qwen2.5-0.5B,6,0.25,mean,,en,ko,512,unmatched_cosine,0.9851317405700684
Qwen/Qwen2.5-0.5B,6,0.25,mean,,en,ko,512,cosine_margin,0.003503084182739258
Qwen/Qwen2.5-0.5B,6,0.25,mean,,en,ja,512,matched_cosine,0.9912813901901245
Qwen/Qwen2.5-0.5B,6,0.25,mean,,en,ja,512,unmatched_cosine,0.9874410629272461
Qwen/Qwen2.5-0.5B,6,0.25,mean,,en,ja,512,cosine_margin,0.003840327262878418
Qwen/Qwen2.5-0.5B,6,0.25,mean,,en,zh,512,matched_cosine,0.9969290494918823
Qwen/Qwen2.5-0.5B,6,0.25,mean,,en,zh,512,unmatched_cosine,0.9929616451263428
Qwen/Qwen2.5-0.5B,6,0.25,mean,,en,zh,512,cosine_margin,0.003967404365539551
Qwen/Qwen2.5-0.5B,6,0.25,mean,,ko,en,512,matched_cosine,0.9886348247528076
Qwen/Qwen2.5-0.5B,6,0.25,mean,,ko,en,512,unmatched_cosine,0.9851700663566589
Qwen/Qwen2.5-0.5B,6,0.25,mean,,ko,en,512,cosine_margin,0.0034647583961486816
Qwen/Qwen2.5-0.5B,6,0.25,mean,,ko,ja,512,matched_cosine,0.9954422116279602
Qwen/Qwen2.5-0.5B,6,0.25,mean,,ko,ja,512,unmatched_cosine,0.9901250600814819
Qwen/Qwen2.5-0.5B,6,0.25,mean,,ko,ja,512,cosine_margin,0.0053171515464782715
Qwen/Qwen2.5-0.5B,6,0.25,mean,,ko,zh,512,matched_cosine,0.9906675815582275
Qwen/Qwen2.5-0.5B,6,0.25,mean,,ko,zh,512,unmatched_cosine,0.9867614507675171
Qwen/Qwen2.5-0.5B,6,0.25,mean,,ko,zh,512,cosine_margin,0.0039061307907104492
Qwen/Qwen2.5-0.5B,6,0.25,mean,,ja,en,512,matched_cosine,0.9912813901901245
Qwen/Qwen2.5-0.5B,6,0.25,mean,,ja,en,512,unmatched_cosine,0.9874419569969177
Qwen/Qwen2.5-0.5B,6,0.25,mean,,ja,en,512,cosine_margin,0.003839433193206787
Qwen/Qwen2.5-0.5B,6,0.25,mean,,ja,ko,512,matched_cosine,0.9954422116279602
Qwen/Qwen2.5-0.5B,6,0.25,mean,,ja,ko,512,unmatched_cosine,0.9901295900344849
Qwen/Qwen2.5-0.5B,6,0.25,mean,,ja,ko,512,cosine_margin,0.005312621593475342
Qwen/Qwen2.5-0.5B,6,0.25,mean,,ja,zh,512,matched_cosine,0.9935150742530823
Qwen/Qwen2.5-0.5B,6,0.25,mean,,ja,zh,512,unmatched_cosine,0.9890603423118591
Qwen/Qwen2.5-0.5B,6,0.25,mean,,ja,zh,512,cosine_margin,0.0044547319412231445
Qwen/Qwen2.5-0.5B,6,0.25,mean,,zh,en,512,matched_cosine,0.9969290494918823
Qwen/Qwen2.5-0.5B,6,0.25,mean,,zh,en,512,unmatched_cosine,0.9929947257041931
Qwen/Qwen2.5-0.5B,6,0.25,mean,,zh,en,512,cosine_margin,0.003934323787689209
Qwen/Qwen2.5-0.5B,6,0.25,mean,,zh,ko,512,matched_cosine,0.9906675815582275
Qwen/Qwen2.5-0.5B,6,0.25,mean,,zh,ko,512,unmatched_cosine,0.9867016077041626
Qwen/Qwen2.5-0.5B,6,0.25,mean,,zh,ko,512,cosine_margin,0.003965973854064941
Qwen/Qwen2.5-0.5B,6,0.25,mean,,zh,ja,512,matched_cosine,0.9935150742530823
Qwen/Qwen2.5-0.5B,6,0.25,mean,,zh,ja,512,unmatched_cosine,0.9890524744987488
Qwen/Qwen2.5-0.5B,6,0.25,mean,,zh,ja,512,cosine_margin,0.004462599754333496
Qwen/Qwen2.5-0.5B,7,0.2916666666666667,mean,en,,,512,centroid_norm,0.9966984987258911
Qwen/Qwen2.5-0.5B,7,0.2916666666666667,mean,en,,,512,within_language_cosine,0.9933949449990827
Qwen/Qwen2.5-0.5B,7,0.2916666666666667,mean,en,,,512,stable_rank,1.0290096094801986
Qwen/Qwen2.5-0.5B,7,0.2916666666666667,mean,ko,,,512,centroid_norm,0.9943788647651672
Qwen/Qwen2.5-0.5B,7,0.2916666666666667,mean,ko,,,512,within_language_cosine,0.9887673812836351
Qwen/Qwen2.5-0.5B,7,0.2916666666666667,mean,ko,,,512,stable_rank,1.0339588849512429
Qwen/Qwen2.5-0.5B,7,0.2916666666666667,mean,ja,,,512,centroid_norm,0.994706392288208
Qwen/Qwen2.5-0.5B,7,0.2916666666666667,mean,ja,,,512,within_language_cosine,0.9894201946818432
Qwen/Qwen2.5-0.5B,7,0.2916666666666667,mean,ja,,,512,stable_rank,1.035783216792604
Qwen/Qwen2.5-0.5B,7,0.2916666666666667,mean,zh,,,512,centroid_norm,0.996220588684082
Qwen/Qwen2.5-0.5B,7,0.2916666666666667,mean,zh,,,512,within_language_cosine,0.9924406585394753
Qwen/Qwen2.5-0.5B,7,0.2916666666666667,mean,zh,,,512,stable_rank,1.0191245874946397
Qwen/Qwen2.5-0.5B,7,0.2916666666666667,mean,,en,ko,512,matched_cosine,0.9853374361991882
Qwen/Qwen2.5-0.5B,7,0.2916666666666667,mean,,en,ko,512,unmatched_cosine,0.9804219007492065
Qwen/Qwen2.5-0.5B,7,0.2916666666666667,mean,,en,ko,512,cosine_margin,0.0049155354499816895
Qwen/Qwen2.5-0.5B,7,0.2916666666666667,mean,,en,ja,512,matched_cosine,0.9888264536857605
Qwen/Qwen2.5-0.5B,7,0.2916666666666667,mean,,en,ja,512,unmatched_cosine,0.9836293458938599
Qwen/Qwen2.5-0.5B,7,0.2916666666666667,mean,,en,ja,512,cosine_margin,0.005197107791900635
Qwen/Qwen2.5-0.5B,7,0.2916666666666667,mean,,en,zh,512,matched_cosine,0.9959758520126343
Qwen/Qwen2.5-0.5B,7,0.2916666666666667,mean,,en,zh,512,unmatched_cosine,0.9908928275108337
Qwen/Qwen2.5-0.5B,7,0.2916666666666667,mean,,en,zh,512,cosine_margin,0.005083024501800537
Qwen/Qwen2.5-0.5B,7,0.2916666666666667,mean,,ko,en,512,matched_cosine,0.9853374361991882
Qwen/Qwen2.5-0.5B,7,0.2916666666666667,mean,,ko,en,512,unmatched_cosine,0.980331301689148
Qwen/Qwen2.5-0.5B,7,0.2916666666666667,mean,,ko,en,512,cosine_margin,0.005006134510040283
Qwen/Qwen2.5-0.5B,7,0.2916666666666667,mean,,ko,ja,512,matched_cosine,0.9947216510772705
Qwen/Qwen2.5-0.5B,7,0.2916666666666667,mean,,ko,ja,512,unmatched_cosine,0.9869216084480286
Qwen/Qwen2.5-0.5B,7,0.2916666666666667,mean,,ko,ja,512,cosine_margin,0.007800042629241943
Qwen/Qwen2.5-0.5B,7,0.2916666666666667,mean,,ko,zh,512,matched_cosine,0.988434910774231
Qwen/Qwen2.5-0.5B,7,0.2916666666666667,mean,,ko,zh,512,unmatched_cosine,0.9827699065208435
Qwen/Qwen2.5-0.5B,7,0.2916666666666667,mean,,ko,zh,512,cosine_margin,0.005665004253387451
Qwen/Qwen2.5-0.5B,7,0.2916666666666667,mean,,ja,en,512,matched_cosine,0.9888264536857605
Qwen/Qwen2.5-0.5B,7,0.2916666666666667,mean,,ja,en,512,unmatched_cosine,0.9836201667785645
Qwen/Qwen2.5-0.5B,7,0.2916666666666667,mean,,ja,en,512,cosine_margin,0.005206286907196045
Qwen/Qwen2.5-0.5B,7,0.2916666666666667,mean,,ja,ko,512,matched_cosine,0.9947216510772705
Qwen/Qwen2.5-0.5B,7,0.2916666666666667,mean,,ja,ko,512,unmatched_cosine,0.9870131015777588
Qwen/Qwen2.5-0.5B,7,0.2916666666666667,mean,,ja,ko,512,cosine_margin,0.007708549499511719
Qwen/Qwen2.5-0.5B,7,0.2916666666666667,mean,,ja,zh,512,matched_cosine,0.9921270608901978
Qwen/Qwen2.5-0.5B,7,0.2916666666666667,mean,,ja,zh,512,unmatched_cosine,0.9860570430755615
Qwen/Qwen2.5-0.5B,7,0.2916666666666667,mean,,ja,zh,512,cosine_margin,0.0060700178146362305
Qwen/Qwen2.5-0.5B,7,0.2916666666666667,mean,,zh,en,512,matched_cosine,0.9959758520126343
Qwen/Qwen2.5-0.5B,7,0.2916666666666667,mean,,zh,en,512,unmatched_cosine,0.9908350706100464
Qwen/Qwen2.5-0.5B,7,0.2916666666666667,mean,,zh,en,512,cosine_margin,0.005140781402587891
Qwen/Qwen2.5-0.5B,7,0.2916666666666667,mean,,zh,ko,512,matched_cosine,0.988434910774231
Qwen/Qwen2.5-0.5B,7,0.2916666666666667,mean,,zh,ko,512,unmatched_cosine,0.9827497601509094
Qwen/Qwen2.5-0.5B,7,0.2916666666666667,mean,,zh,ko,512,cosine_margin,0.005685150623321533
Qwen/Qwen2.5-0.5B,7,0.2916666666666667,mean,,zh,ja,512,matched_cosine,0.9921270608901978
Qwen/Qwen2.5-0.5B,7,0.2916666666666667,mean,,zh,ja,512,unmatched_cosine,0.9859216213226318
Qwen/Qwen2.5-0.5B,7,0.2916666666666667,mean,,zh,ja,512,cosine_margin,0.006205439567565918
Qwen/Qwen2.5-0.5B,8,0.3333333333333333,mean,en,,,512,centroid_norm,0.9964563250541687
Qwen/Qwen2.5-0.5B,8,0.3333333333333333,mean,en,,,512,within_language_cosine,0.9929113220095401
Qwen/Qwen2.5-0.5B,8,0.3333333333333333,mean,en,,,512,stable_rank,1.0322544858055447
Qwen/Qwen2.5-0.5B,8,0.3333333333333333,mean,ko,,,512,centroid_norm,0.9939071536064148
Qwen/Qwen2.5-0.5B,8,0.3333333333333333,mean,ko,,,512,within_language_cosine,0.9878276070969912
Qwen/Qwen2.5-0.5B,8,0.3333333333333333,mean,ko,,,512,stable_rank,1.038348107637677
Qwen/Qwen2.5-0.5B,8,0.3333333333333333,mean,ja,,,512,centroid_norm,0.9942500591278076
Qwen/Qwen2.5-0.5B,8,0.3333333333333333,mean,ja,,,512,within_language_cosine,0.9885106991881727
Qwen/Qwen2.5-0.5B,8,0.3333333333333333,mean,ja,,,512,stable_rank,1.0402944667711418
Qwen/Qwen2.5-0.5B,8,0.3333333333333333,mean,zh,,,512,centroid_norm,0.9959351420402527
Qwen/Qwen2.5-0.5B,8,0.3333333333333333,mean,zh,,,512,within_language_cosine,0.991870977174046
Qwen/Qwen2.5-0.5B,8,0.3333333333333333,mean,zh,,,512,stable_rank,1.0212032798273933
Qwen/Qwen2.5-0.5B,8,0.3333333333333333,mean,,en,ko,512,matched_cosine,0.9836974143981934
Qwen/Qwen2.5-0.5B,8,0.3333333333333333,mean,,en,ko,512,unmatched_cosine,0.9783894419670105
Qwen/Qwen2.5-0.5B,8,0.3333333333333333,mean,,en,ko,512,cosine_margin,0.005307972431182861
Qwen/Qwen2.5-0.5B,8,0.3333333333333333,mean,,en,ja,512,matched_cosine,0.9875231981277466
Qwen/Qwen2.5-0.5B,8,0.3333333333333333,mean,,en,ja,512,unmatched_cosine,0.9818984270095825
Qwen/Qwen2.5-0.5B,8,0.3333333333333333,mean,,en,ja,512,cosine_margin,0.0056247711181640625
Qwen/Qwen2.5-0.5B,8,0.3333333333333333,mean,,en,zh,512,matched_cosine,0.9957902431488037
Qwen/Qwen2.5-0.5B,8,0.3333333333333333,mean,,en,zh,512,unmatched_cosine,0.9903497695922852
Qwen/Qwen2.5-0.5B,8,0.3333333333333333,mean,,en,zh,512,cosine_margin,0.005440473556518555
Qwen/Qwen2.5-0.5B,8,0.3333333333333333,mean,,ko,en,512,matched_cosine,0.9836974143981934
Qwen/Qwen2.5-0.5B,8,0.3333333333333333,mean,,ko,en,512,unmatched_cosine,0.978445291519165
Qwen/Qwen2.5-0.5B,8,0.3333333333333333,mean,,ko,en,512,cosine_margin,0.00525212287902832
Qwen/Qwen2.5-0.5B,8,0.3333333333333333,mean,,ko,ja,512,matched_cosine,0.994378924369812
Qwen/Qwen2.5-0.5B,8,0.3333333333333333,mean,,ko,ja,512,unmatched_cosine,0.9857503175735474
Qwen/Qwen2.5-0.5B,8,0.3333333333333333,mean,,ko,ja,512,cosine_margin,0.008628606796264648
Qwen/Qwen2.5-0.5B,8,0.3333333333333333,mean,,ko,zh,512,matched_cosine,0.9868322014808655
Qwen/Qwen2.5-0.5B,8,0.3333333333333333,mean,,ko,zh,512,unmatched_cosine,0.9807377457618713
Qwen/Qwen2.5-0.5B,8,0.3333333333333333,mean,,ko,zh,512,cosine_margin,0.006094455718994141
Qwen/Qwen2.5-0.5B,8,0.3333333333333333,mean,,ja,en,512,matched_cosine,0.9875231981277466
Qwen/Qwen2.5-0.5B,8,0.3333333333333333,mean,,ja,en,512,unmatched_cosine,0.9820592403411865
Qwen/Qwen2.5-0.5B,8,0.3333333333333333,mean,,ja,en,512,cosine_margin,0.005463957786560059
Qwen/Qwen2.5-0.5B,8,0.3333333333333333,mean,,ja,ko,512,matched_cosine,0.994378924369812
Qwen/Qwen2.5-0.5B,8,0.3333333333333333,mean,,ja,ko,512,unmatched_cosine,0.9859760403633118
Qwen/Qwen2.5-0.5B,8,0.3333333333333333,mean,,ja,ko,512,cosine_margin,0.008402884006500244
Qwen/Qwen2.5-0.5B,8,0.3333333333333333,mean,,ja,zh,512,matched_cosine,0.9908934831619263
Qwen/Qwen2.5-0.5B,8,0.3333333333333333,mean,,ja,zh,512,unmatched_cosine,0.9843608140945435
Qwen/Qwen2.5-0.5B,8,0.3333333333333333,mean,,ja,zh,512,cosine_margin,0.0065326690673828125
Qwen/Qwen2.5-0.5B,8,0.3333333333333333,mean,,zh,en,512,matched_cosine,0.9957902431488037
Qwen/Qwen2.5-0.5B,8,0.3333333333333333,mean,,zh,en,512,unmatched_cosine,0.9904076457023621
Qwen/Qwen2.5-0.5B,8,0.3333333333333333,mean,,zh,en,512,cosine_margin,0.00538259744644165
Qwen/Qwen2.5-0.5B,8,0.3333333333333333,mean,,zh,ko,512,matched_cosine,0.9868322014808655
Qwen/Qwen2.5-0.5B,8,0.3333333333333333,mean,,zh,ko,512,unmatched_cosine,0.9806814193725586
Qwen/Qwen2.5-0.5B,8,0.3333333333333333,mean,,zh,ko,512,cosine_margin,0.006150782108306885
Qwen/Qwen2.5-0.5B,8,0.3333333333333333,mean,,zh,ja,512,matched_cosine,0.9908934831619263
Qwen/Qwen2.5-0.5B,8,0.3333333333333333,mean,,zh,ja,512,unmatched_cosine,0.9842062592506409
Qwen/Qwen2.5-0.5B,8,0.3333333333333333,mean,,zh,ja,512,cosine_margin,0.0066872239112854
Qwen/Qwen2.5-0.5B,9,0.375,mean,en,,,512,centroid_norm,0.9959908127784729
Qwen/Qwen2.5-0.5B,9,0.375,mean,en,,,512,within_language_cosine,0.9919819990482815
Qwen/Qwen2.5-0.5B,9,0.375,mean,en,,,512,stable_rank,1.036042741122219
Qwen/Qwen2.5-0.5B,9,0.375,mean,ko,,,512,centroid_norm,0.992988109588623
Qwen/Qwen2.5-0.5B,9,0.375,mean,ko,,,512,within_language_cosine,0.9859980454416891
Qwen/Qwen2.5-0.5B,9,0.375,mean,ko,,,512,stable_rank,1.0441662090541057
Qwen/Qwen2.5-0.5B,9,0.375,mean,ja,,,512,centroid_norm,0.9934134483337402
Qwen/Qwen2.5-0.5B,9,0.375,mean,ja,,,512,within_language_cosine,0.9868445349766084
Qwen/Qwen2.5-0.5B,9,0.375,mean,ja,,,512,stable_rank,1.0456302026717776
Qwen/Qwen2.5-0.5B,9,0.375,mean,zh,,,512,centroid_norm,0.9953747987747192
Qwen/Qwen2.5-0.5B,9,0.375,mean,zh,,,512,within_language_cosine,0.9907529349429733
Qwen/Qwen2.5-0.5B,9,0.375,mean,zh,,,512,stable_rank,1.0235493896501962
Qwen/Qwen2.5-0.5B,9,0.375,mean,,en,ko,512,matched_cosine,0.9831118583679199
Qwen/Qwen2.5-0.5B,9,0.375,mean,,en,ko,512,unmatched_cosine,0.9771320223808289
Qwen/Qwen2.5-0.5B,9,0.375,mean,,en,ko,512,cosine_margin,0.0059798359870910645
Qwen/Qwen2.5-0.5B,9,0.375,mean,,en,ja,512,matched_cosine,0.9870091080665588
Qwen/Qwen2.5-0.5B,9,0.375,mean,,en,ja,512,unmatched_cosine,0.9807184934616089
Qwen/Qwen2.5-0.5B,9,0.375,mean,,en,ja,512,cosine_margin,0.006290614604949951
Qwen/Qwen2.5-0.5B,9,0.375,mean,,en,zh,512,matched_cosine,0.9955469369888306
Qwen/Qwen2.5-0.5B,9,0.375,mean,,en,zh,512,unmatched_cosine,0.989439845085144
Qwen/Qwen2.5-0.5B,9,0.375,mean,,en,zh,512,cosine_margin,0.0061070919036865234
Qwen/Qwen2.5-0.5B,9,0.375,mean,,ko,en,512,matched_cosine,0.9831118583679199
Qwen/Qwen2.5-0.5B,9,0.375,mean,,ko,en,512,unmatched_cosine,0.977070689201355
Qwen/Qwen2.5-0.5B,9,0.375,mean,,ko,en,512,cosine_margin,0.006041169166564941
Qwen/Qwen2.5-0.5B,9,0.375,mean,,ko,ja,512,matched_cosine,0.9938944578170776
Qwen/Qwen2.5-0.5B,9,0.375,mean,,ko,ja,512,unmatched_cosine,0.9843754768371582
Qwen/Qwen2.5-0.5B,9,0.375,mean,,ko,ja,512,cosine_margin,0.009518980979919434
Qwen/Qwen2.5-0.5B,9,0.375,mean,,ko,zh,512,matched_cosine,0.9863107204437256
Qwen/Qwen2.5-0.5B,9,0.375,mean,,ko,zh,512,unmatched_cosine,0.9793985486030579
Qwen/Qwen2.5-0.5B,9,0.375,mean,,ko,zh,512,cosine_margin,0.006912171840667725
Qwen/Qwen2.5-0.5B,9,0.375,mean,,ja,en,512,matched_cosine,0.9870091080665588
Qwen/Qwen2.5-0.5B,9,0.375,mean,,ja,en,512,unmatched_cosine,0.9807347059249878
Qwen/Qwen2.5-0.5B,9,0.375,mean,,ja,en,512,cosine_margin,0.006274402141571045
Qwen/Qwen2.5-0.5B,9,0.375,mean,,ja,ko,512,matched_cosine,0.9938944578170776
Qwen/Qwen2.5-0.5B,9,0.375,mean,,ja,ko,512,unmatched_cosine,0.984514594078064
Qwen/Qwen2.5-0.5B,9,0.375,mean,,ja,ko,512,cosine_margin,0.009379863739013672
Qwen/Qwen2.5-0.5B,9,0.375,mean,,ja,zh,512,matched_cosine,0.9905098676681519
Qwen/Qwen2.5-0.5B,9,0.375,mean,,ja,zh,512,unmatched_cosine,0.9830979108810425
Qwen/Qwen2.5-0.5B,9,0.375,mean,,ja,zh,512,cosine_margin,0.007411956787109375
Qwen/Qwen2.5-0.5B,9,0.375,mean,,zh,en,512,matched_cosine,0.9955469369888306
Qwen/Qwen2.5-0.5B,9,0.375,mean,,zh,en,512,unmatched_cosine,0.9893660545349121
Qwen/Qwen2.5-0.5B,9,0.375,mean,,zh,en,512,cosine_margin,0.006180882453918457
Qwen/Qwen2.5-0.5B,9,0.375,mean,,zh,ko,512,matched_cosine,0.9863107204437256
Qwen/Qwen2.5-0.5B,9,0.375,mean,,zh,ko,512,unmatched_cosine,0.9794347286224365
Qwen/Qwen2.5-0.5B,9,0.375,mean,,zh,ko,512,cosine_margin,0.0068759918212890625
Qwen/Qwen2.5-0.5B,9,0.375,mean,,zh,ja,512,matched_cosine,0.9905098676681519
Qwen/Qwen2.5-0.5B,9,0.375,mean,,zh,ja,512,unmatched_cosine,0.9830021858215332
Qwen/Qwen2.5-0.5B,9,0.375,mean,,zh,ja,512,cosine_margin,0.007507681846618652
Qwen/Qwen2.5-0.5B,10,0.4166666666666667,mean,en,,,512,centroid_norm,0.9957731366157532
Qwen/Qwen2.5-0.5B,10,0.4166666666666667,mean,en,,,512,within_language_cosine,0.9915476461212696
Qwen/Qwen2.5-0.5B,10,0.4166666666666667,mean,en,,,512,stable_rank,1.037585684870358
Qwen/Qwen2.5-0.5B,10,0.4166666666666667,mean,ko,,,512,centroid_norm,0.9926891326904297
Qwen/Qwen2.5-0.5B,10,0.4166666666666667,mean,ko,,,512,within_language_cosine,0.9854032214140472
Qwen/Qwen2.5-0.5B,10,0.4166666666666667,mean,ko,,,512,stable_rank,1.046529976718049
Qwen/Qwen2.5-0.5B,10,0.4166666666666667,mean,ja,,,512,centroid_norm,0.9931461215019226
Qwen/Qwen2.5-0.5B,10,0.4166666666666667,mean,ja,,,512,within_language_cosine,0.986312478022566
Qwen/Qwen2.5-0.5B,10,0.4166666666666667,mean,ja,,,512,stable_rank,1.048074622614386
Qwen/Qwen2.5-0.5B,10,0.4166666666666667,mean,zh,,,512,centroid_norm,0.9951600432395935
Qwen/Qwen2.5-0.5B,10,0.4166666666666667,mean,zh,,,512,within_language_cosine,0.9903246735873288
Qwen/Qwen2.5-0.5B,10,0.4166666666666667,mean,zh,,,512,stable_rank,1.0245470944812243
Qwen/Qwen2.5-0.5B,10,0.4166666666666667,mean,,en,ko,512,matched_cosine,0.9830795526504517
Qwen/Qwen2.5-0.5B,10,0.4166666666666667,mean,,en,ko,512,unmatched_cosine,0.9765197038650513
Qwen/Qwen2.5-0.5B,10,0.4166666666666667,mean,,en,ko,512,cosine_margin,0.006559848785400391
Qwen/Qwen2.5-0.5B,10,0.4166666666666667,mean,,en,ja,512,matched_cosine,0.9870401620864868
Qwen/Qwen2.5-0.5B,10,0.4166666666666667,mean,,en,ja,512,unmatched_cosine,0.9802367687225342
Qwen/Qwen2.5-0.5B,10,0.4166666666666667,mean,,en,ja,512,cosine_margin,0.006803393363952637
Qwen/Qwen2.5-0.5B,10,0.4166666666666667,mean,,en,zh,512,matched_cosine,0.995526909828186
Qwen/Qwen2.5-0.5B,10,0.4166666666666667,mean,,en,zh,512,unmatched_cosine,0.9888349175453186
Qwen/Qwen2.5-0.5B,10,0.4166666666666667,mean,,en,zh,512,cosine_margin,0.006691992282867432
Qwen/Qwen2.5-0.5B,10,0.4166666666666667,mean,,ko,en,512,matched_cosine,0.9830795526504517
Qwen/Qwen2.5-0.5B,10,0.4166666666666667,mean,,ko,en,512,unmatched_cosine,0.9763548374176025
Qwen/Qwen2.5-0.5B,10,0.4166666666666667,mean,,ko,en,512,cosine_margin,0.006724715232849121
Qwen/Qwen2.5-0.5B,10,0.4166666666666667,mean,,ko,ja,512,matched_cosine,0.9937916994094849
Qwen/Qwen2.5-0.5B,10,0.4166666666666667,mean,,ko,ja,512,unmatched_cosine,0.9837296009063721
Qwen/Qwen2.5-0.5B,10,0.4166666666666667,mean,,ko,ja,512,cosine_margin,0.010062098503112793
Qwen/Qwen2.5-0.5B,10,0.4166666666666667,mean,,ko,zh,512,matched_cosine,0.9862264394760132
Qwen/Qwen2.5-0.5B,10,0.4166666666666667,mean,,ko,zh,512,unmatched_cosine,0.9786681532859802
Qwen/Qwen2.5-0.5B,10,0.4166666666666667,mean,,ko,zh,512,cosine_margin,0.007558286190032959
Qwen/Qwen2.5-0.5B,10,0.4166666666666667,mean,,ja,en,512,matched_cosine,0.9870401620864868
Qwen/Qwen2.5-0.5B,10,0.4166666666666667,mean,,ja,en,512,unmatched_cosine,0.9800735712051392
Qwen/Qwen2.5-0.5B,10,0.4166666666666667,mean,,ja,en,512,cosine_margin,0.006966590881347656
Qwen/Qwen2.5-0.5B,10,0.4166666666666667,mean,,ja,ko,512,matched_cosine,0.9937916994094849
Qwen/Qwen2.5-0.5B,10,0.4166666666666667,mean,,ja,ko,512,unmatched_cosine,0.9836617708206177
Qwen/Qwen2.5-0.5B,10,0.4166666666666667,mean,,ja,ko,512,cosine_margin,0.010129928588867188
Qwen/Qwen2.5-0.5B,10,0.4166666666666667,mean,,ja,zh,512,matched_cosine,0.9904998540878296
Qwen/Qwen2.5-0.5B,10,0.4166666666666667,mean,,ja,zh,512,unmatched_cosine,0.9824029207229614
Qwen/Qwen2.5-0.5B,10,0.4166666666666667,mean,,ja,zh,512,cosine_margin,0.008096933364868164
Qwen/Qwen2.5-0.5B,10,0.4166666666666667,mean,,zh,en,512,matched_cosine,0.995526909828186
Qwen/Qwen2.5-0.5B,10,0.4166666666666667,mean,,zh,en,512,unmatched_cosine,0.9889145493507385
Qwen/Qwen2.5-0.5B,10,0.4166666666666667,mean,,zh,en,512,cosine_margin,0.00661236047744751
Qwen/Qwen2.5-0.5B,10,0.4166666666666667,mean,,zh,ko,512,matched_cosine,0.9862264394760132
Qwen/Qwen2.5-0.5B,10,0.4166666666666667,mean,,zh,ko,512,unmatched_cosine,0.9790149927139282
Qwen/Qwen2.5-0.5B,10,0.4166666666666667,mean,,zh,ko,512,cosine_margin,0.007211446762084961
Qwen/Qwen2.5-0.5B,10,0.4166666666666667,mean,,zh,ja,512,matched_cosine,0.9904998540878296
Qwen/Qwen2.5-0.5B,10,0.4166666666666667,mean,,zh,ja,512,unmatched_cosine,0.9827120304107666
Qwen/Qwen2.5-0.5B,10,0.4166666666666667,mean,,zh,ja,512,cosine_margin,0.007787823677062988
Qwen/Qwen2.5-0.5B,11,0.4583333333333333,mean,en,,,512,centroid_norm,0.9950522184371948
Qwen/Qwen2.5-0.5B,11,0.4583333333333333,mean,en,,,512,within_language_cosine,0.9901096172295438
Qwen/Qwen2.5-0.5B,11,0.4583333333333333,mean,en,,,512,stable_rank,1.0432471972021793
Qwen/Qwen2.5-0.5B,11,0.4583333333333333,mean,ko,,,512,centroid_norm,0.9914610385894775
Qwen/Qwen2.5-0.5B,11,0.4583333333333333,mean,ko,,,512,within_language_cosine,0.9829616957214714
Qwen/Qwen2.5-0.5B,11,0.4583333333333333,mean,ko,,,512,stable_rank,1.0547436297486528
Qwen/Qwen2.5-0.5B,11,0.4583333333333333,mean,ja,,,512,centroid_norm,0.9920259714126587
Qwen/Qwen2.5-0.5B,11,0.4583333333333333,mean,ja,,,512,within_language_cosine,0.9840844559342894
Qwen/Qwen2.5-0.5B,11,0.4583333333333333,mean,ja,,,512,stable_rank,1.055997020523452
Qwen/Qwen2.5-0.5B,11,0.4583333333333333,mean,zh,,,512,centroid_norm,0.99442458152771
Qwen/Qwen2.5-0.5B,11,0.4583333333333333,mean,zh,,,512,within_language_cosine,0.9888585159689947
Qwen/Qwen2.5-0.5B,11,0.4583333333333333,mean,zh,,,512,stable_rank,1.0280872478746148
Qwen/Qwen2.5-0.5B,11,0.4583333333333333,mean,,en,ko,512,matched_cosine,0.9812972545623779
Qwen/Qwen2.5-0.5B,11,0.4583333333333333,mean,,en,ko,512,unmatched_cosine,0.97356116771698
Qwen/Qwen2.5-0.5B,11,0.4583333333333333,mean,,en,ko,512,cosine_margin,0.007736086845397949
Qwen/Qwen2.5-0.5B,11,0.4583333333333333,mean,,en,ja,512,matched_cosine,0.9856020212173462
Qwen/Qwen2.5-0.5B,11,0.4583333333333333,mean,,en,ja,512,unmatched_cosine,0.9778245687484741
Qwen/Qwen2.5-0.5B,11,0.4583333333333333,mean,,en,ja,512,cosine_margin,0.00777745246887207
Qwen/Qwen2.5-0.5B,11,0.4583333333333333,mean,,en,zh,512,matched_cosine,0.9947725534439087
Qwen/Qwen2.5-0.5B,11,0.4583333333333333,mean,,en,zh,512,unmatched_cosine,0.987165093421936
Qwen/Qwen2.5-0.5B,11,0.4583333333333333,mean,,en,zh,512,cosine_margin,0.007607460021972656
Qwen/Qwen2.5-0.5B,11,0.4583333333333333,mean,,ko,en,512,matched_cosine,0.9812972545623779
Qwen/Qwen2.5-0.5B,11,0.4583333333333333,mean,,ko,en,512,unmatched_cosine,0.9734586477279663
Qwen/Qwen2.5-0.5B,11,0.4583333333333333,mean,,ko,en,512,cosine_margin,0.007838606834411621
Qwen/Qwen2.5-0.5B,11,0.4583333333333333,mean,,ko,ja,512,matched_cosine,0.993313729763031
Qwen/Qwen2.5-0.5B,11,0.4583333333333333,mean,,ko,ja,512,unmatched_cosine,0.9816374778747559
Qwen/Qwen2.5-0.5B,11,0.4583333333333333,mean,,ko,ja,512,cosine_margin,0.011676251888275146
Qwen/Qwen2.5-0.5B,11,0.4583333333333333,mean,,ko,zh,512,matched_cosine,0.9849898815155029
Qwen/Qwen2.5-0.5B,11,0.4583333333333333,mean,,ko,zh,512,unmatched_cosine,0.9761737585067749
Qwen/Qwen2.5-0.5B,11,0.4583333333333333,mean,,ko,zh,512,cosine_margin,0.008816123008728027
Qwen/Qwen2.5-0.5B,11,0.4583333333333333,mean,,ja,en,512,matched_cosine,0.9856020212173462
Qwen/Qwen2.5-0.5B,11,0.4583333333333333,mean,,ja,en,512,unmatched_cosine,0.9775842428207397
Qwen/Qwen2.5-0.5B,11,0.4583333333333333,mean,,ja,en,512,cosine_margin,0.008017778396606445
Qwen/Qwen2.5-0.5B,11,0.4583333333333333,mean,,ja,ko,512,matched_cosine,0.993313729763031
Qwen/Qwen2.5-0.5B,11,0.4583333333333333,mean,,ja,ko,512,unmatched_cosine,0.9814716577529907
Qwen/Qwen2.5-0.5B,11,0.4583333333333333,mean,,ja,ko,512,cosine_margin,0.011842072010040283
Qwen/Qwen2.5-0.5B,11,0.4583333333333333,mean,,ja,zh,512,matched_cosine,0.9896386861801147
Qwen/Qwen2.5-0.5B,11,0.4583333333333333,mean,,ja,zh,512,unmatched_cosine,0.9803003072738647
Qwen/Qwen2.5-0.5B,11,0.4583333333333333,mean,,ja,zh,512,cosine_margin,0.00933837890625
Qwen/Qwen2.5-0.5B,11,0.4583333333333333,mean,,zh,en,512,matched_cosine,0.9947725534439087
Qwen/Qwen2.5-0.5B,11,0.4583333333333333,mean,,zh,en,512,unmatched_cosine,0.9871681928634644
Qwen/Qwen2.5-0.5B,11,0.4583333333333333,mean,,zh,en,512,cosine_margin,0.007604360580444336
Qwen/Qwen2.5-0.5B,11,0.4583333333333333,mean,,zh,ko,512,matched_cosine,0.9849898815155029
Qwen/Qwen2.5-0.5B,11,0.4583333333333333,mean,,zh,ko,512,unmatched_cosine,0.9763078689575195
Qwen/Qwen2.5-0.5B,11,0.4583333333333333,mean,,zh,ko,512,cosine_margin,0.008682012557983398
Qwen/Qwen2.5-0.5B,11,0.4583333333333333,mean,,zh,ja,512,matched_cosine,0.9896386861801147
Qwen/Qwen2.5-0.5B,11,0.4583333333333333,mean,,zh,ja,512,unmatched_cosine,0.9805974364280701
Qwen/Qwen2.5-0.5B,11,0.4583333333333333,mean,,zh,ja,512,cosine_margin,0.009041249752044678
Qwen/Qwen2.5-0.5B,12,0.5,mean,en,,,512,centroid_norm,0.9951246380805969
Qwen/Qwen2.5-0.5B,12,0.5,mean,en,,,512,within_language_cosine,0.9902540233037244
Qwen/Qwen2.5-0.5B,12,0.5,mean,en,,,512,stable_rank,1.0422678948492132
Qwen/Qwen2.5-0.5B,12,0.5,mean,ko,,,512,centroid_norm,0.9915338158607483
Qwen/Qwen2.5-0.5B,12,0.5,mean,ko,,,512,within_language_cosine,0.9831063406808036
Qwen/Qwen2.5-0.5B,12,0.5,mean,ko,,,512,stable_rank,1.0532585758120214
Qwen/Qwen2.5-0.5B,12,0.5,mean,ja,,,512,centroid_norm,0.9920960068702698
Qwen/Qwen2.5-0.5B,12,0.5,mean,ja,,,512,within_language_cosine,0.9842236662564212
Qwen/Qwen2.5-0.5B,12,0.5,mean,ja,,,512,stable_rank,1.0547634486412978
Qwen/Qwen2.5-0.5B,12,0.5,mean,zh,,,512,centroid_norm,0.9945034384727478
Qwen/Qwen2.5-0.5B,12,0.5,mean,zh,,,512,within_language_cosine,0.9890155829562133
Qwen/Qwen2.5-0.5B,12,0.5,mean,zh,,,512,stable_rank,1.0274202031052564
Qwen/Qwen2.5-0.5B,12,0.5,mean,,en,ko,512,matched_cosine,0.9808642268180847
Qwen/Qwen2.5-0.5B,12,0.5,mean,,en,ko,512,unmatched_cosine,0.9730197191238403
Qwen/Qwen2.5-0.5B,12,0.5,mean,,en,ko,512,cosine_margin,0.007844507694244385
Qwen/Qwen2.5-0.5B,12,0.5,mean,,en,ja,512,matched_cosine,0.9851745367050171
Qwen/Qwen2.5-0.5B,12,0.5,mean,,en,ja,512,unmatched_cosine,0.9771437644958496
Qwen/Qwen2.5-0.5B,12,0.5,mean,,en,ja,512,cosine_margin,0.00803077220916748
Qwen/Qwen2.5-0.5B,12,0.5,mean,,en,zh,512,matched_cosine,0.9946724772453308
Qwen/Qwen2.5-0.5B,12,0.5,mean,,en,zh,512,unmatched_cosine,0.9871630668640137
Qwen/Qwen2.5-0.5B,12,0.5,mean,,en,zh,512,cosine_margin,0.007509410381317139
Qwen/Qwen2.5-0.5B,12,0.5,mean,,ko,en,512,matched_cosine,0.9808642268180847
Qwen/Qwen2.5-0.5B,12,0.5,mean,,ko,en,512,unmatched_cosine,0.9729999303817749
Qwen/Qwen2.5-0.5B,12,0.5,mean,,ko,en,512,cosine_margin,0.007864296436309814
Qwen/Qwen2.5-0.5B,12,0.5,mean,,ko,ja,512,matched_cosine,0.9932724237442017
Qwen/Qwen2.5-0.5B,12,0.5,mean,,ko,ja,512,unmatched_cosine,0.981002151966095
Qwen/Qwen2.5-0.5B,12,0.5,mean,,ko,ja,512,cosine_margin,0.01227027177810669
Qwen/Qwen2.5-0.5B,12,0.5,mean,,ko,zh,512,matched_cosine,0.9848154187202454
Qwen/Qwen2.5-0.5B,12,0.5,mean,,ko,zh,512,unmatched_cosine,0.976231575012207
Qwen/Qwen2.5-0.5B,12,0.5,mean,,ko,zh,512,cosine_margin,0.00858384370803833
Qwen/Qwen2.5-0.5B,12,0.5,mean,,ja,en,512,matched_cosine,0.9851745367050171
Qwen/Qwen2.5-0.5B,12,0.5,mean,,ja,en,512,unmatched_cosine,0.977147102355957
Qwen/Qwen2.5-0.5B,12,0.5,mean,,ja,en,512,cosine_margin,0.008027434349060059
Qwen/Qwen2.5-0.5B,12,0.5,mean,,ja,ko,512,matched_cosine,0.9932724237442017
Qwen/Qwen2.5-0.5B,12,0.5,mean,,ja,ko,512,unmatched_cosine,0.9811534881591797
Qwen/Qwen2.5-0.5B,12,0.5,mean,,ja,ko,512,cosine_margin,0.012118935585021973
Qwen/Qwen2.5-0.5B,12,0.5,mean,,ja,zh,512,matched_cosine,0.989464521408081
Qwen/Qwen2.5-0.5B,12,0.5,mean,,ja,zh,512,unmatched_cosine,0.9804457426071167
Qwen/Qwen2.5-0.5B,12,0.5,mean,,ja,zh,512,cosine_margin,0.009018778800964355
Qwen/Qwen2.5-0.5B,12,0.5,mean,,zh,en,512,matched_cosine,0.9946724772453308
Qwen/Qwen2.5-0.5B,12,0.5,mean,,zh,en,512,unmatched_cosine,0.986992359161377
Qwen/Qwen2.5-0.5B,12,0.5,mean,,zh,en,512,cosine_margin,0.007680118083953857
Qwen/Qwen2.5-0.5B,12,0.5,mean,,zh,ko,512,matched_cosine,0.9848154187202454
Qwen/Qwen2.5-0.5B,12,0.5,mean,,zh,ko,512,unmatched_cosine,0.9758661389350891
Qwen/Qwen2.5-0.5B,12,0.5,mean,,zh,ko,512,cosine_margin,0.00894927978515625
Qwen/Qwen2.5-0.5B,12,0.5,mean,,zh,ja,512,matched_cosine,0.989464521408081
Qwen/Qwen2.5-0.5B,12,0.5,mean,,zh,ja,512,unmatched_cosine,0.9801681637763977
Qwen/Qwen2.5-0.5B,12,0.5,mean,,zh,ja,512,cosine_margin,0.00929635763168335
Qwen/Qwen2.5-0.5B,13,0.5416666666666666,mean,en,,,512,centroid_norm,0.9942853450775146
Qwen/Qwen2.5-0.5B,13,0.5416666666666666,mean,en,,,512,within_language_cosine,0.9885810508653375
Qwen/Qwen2.5-0.5B,13,0.5416666666666666,mean,en,,,512,stable_rank,1.0487310045428413
Qwen/Qwen2.5-0.5B,13,0.5416666666666666,mean,ko,,,512,centroid_norm,0.990419864654541
Qwen/Qwen2.5-0.5B,13,0.5416666666666666,mean,ko,,,512,within_language_cosine,0.9808942044551126
Qwen/Qwen2.5-0.5B,13,0.5416666666666666,mean,ko,,,512,stable_rank,1.0609340960452036
Qwen/Qwen2.5-0.5B,13,0.5416666666666666,mean,ja,,,512,centroid_norm,0.9910468459129333
Qwen/Qwen2.5-0.5B,13,0.5416666666666666,mean,ja,,,512,within_language_cosine,0.9821389752591426
Qwen/Qwen2.5-0.5B,13,0.5416666666666666,mean,ja,,,512,stable_rank,1.062114438087637
Qwen/Qwen2.5-0.5B,13,0.5416666666666666,mean,zh,,,512,centroid_norm,0.9935826063156128
Qwen/Qwen2.5-0.5B,13,0.5416666666666666,mean,zh,,,512,within_language_cosine,0.9871813630404538
Qwen/Qwen2.5-0.5B,13,0.5416666666666666,mean,zh,,,512,stable_rank,1.0315307517711803
Qwen/Qwen2.5-0.5B,13,0.5416666666666666,mean,,en,ko,512,matched_cosine,0.9781845808029175
Qwen/Qwen2.5-0.5B,13,0.5416666666666666,mean,,en,ko,512,unmatched_cosine,0.9689517021179199
Qwen/Qwen2.5-0.5B,13,0.5416666666666666,mean,,en,ko,512,cosine_margin,0.009232878684997559
Qwen/Qwen2.5-0.5B,13,0.5416666666666666,mean,,en,ja,512,matched_cosine,0.982894778251648
Qwen/Qwen2.5-0.5B,13,0.5416666666666666,mean,,en,ja,512,unmatched_cosine,0.9733781814575195
Qwen/Qwen2.5-0.5B,13,0.5416666666666666,mean,,en,ja,512,cosine_margin,0.009516596794128418
Qwen/Qwen2.5-0.5B,13,0.5416666666666666,mean,,en,zh,512,matched_cosine,0.9940401911735535
Qwen/Qwen2.5-0.5B,13,0.5416666666666666,mean,,en,zh,512,unmatched_cosine,0.9849547147750854
Qwen/Qwen2.5-0.5B,13,0.5416666666666666,mean,,en,zh,512,cosine_margin,0.009085476398468018
Qwen/Qwen2.5-0.5B,13,0.5416666666666666,mean,,ko,en,512,matched_cosine,0.9781845808029175
Qwen/Qwen2.5-0.5B,13,0.5416666666666666,mean,,ko,en,512,unmatched_cosine,0.9690527319908142
Qwen/Qwen2.5-0.5B,13,0.5416666666666666,mean,,ko,en,512,cosine_margin,0.009131848812103271
Qwen/Qwen2.5-0.5B,13,0.5416666666666666,mean,,ko,ja,512,matched_cosine,0.9927544593811035
Qwen/Qwen2.5-0.5B,13,0.5416666666666666,mean,,ko,ja,512,unmatched_cosine,0.978691816329956
Qwen/Qwen2.5-0.5B,13,0.5416666666666666,mean,,ko,ja,512,cosine_margin,0.014062643051147461
Qwen/Qwen2.5-0.5B,13,0.5416666666666666,mean,,ko,zh,512,matched_cosine,0.9825206995010376
Qwen/Qwen2.5-0.5B,13,0.5416666666666666,mean,,ko,zh,512,unmatched_cosine,0.9722141027450562
Qwen/Qwen2.5-0.5B,13,0.5416666666666666,mean,,ko,zh,512,cosine_margin,0.010306596755981445
Qwen/Qwen2.5-0.5B,13,0.5416666666666666,mean,,ja,en,512,matched_cosine,0.982894778251648
Qwen/Qwen2.5-0.5B,13,0.5416666666666666,mean,,ja,en,512,unmatched_cosine,0.9735468626022339
Qwen/Qwen2.5-0.5B,13,0.5416666666666666,mean,,ja,en,512,cosine_margin,0.009347915649414062
Qwen/Qwen2.5-0.5B,13,0.5416666666666666,mean,,ja,ko,512,matched_cosine,0.9927544593811035
Qwen/Qwen2.5-0.5B,13,0.5416666666666666,mean,,ja,ko,512,unmatched_cosine,0.978897750377655
Qwen/Qwen2.5-0.5B,13,0.5416666666666666,mean,,ja,ko,512,cosine_margin,0.013856709003448486
Qwen/Qwen2.5-0.5B,13,0.5416666666666666,mean,,ja,zh,512,matched_cosine,0.9876171350479126
Qwen/Qwen2.5-0.5B,13,0.5416666666666666,mean,,ja,zh,512,unmatched_cosine,0.976806640625
Qwen/Qwen2.5-0.5B,13,0.5416666666666666,mean,,ja,zh,512,cosine_margin,0.010810494422912598
Qwen/Qwen2.5-0.5B,13,0.5416666666666666,mean,,zh,en,512,matched_cosine,0.9940401911735535
Qwen/Qwen2.5-0.5B,13,0.5416666666666666,mean,,zh,en,512,unmatched_cosine,0.9850101470947266
Qwen/Qwen2.5-0.5B,13,0.5416666666666666,mean,,zh,en,512,cosine_margin,0.009030044078826904
Qwen/Qwen2.5-0.5B,13,0.5416666666666666,mean,,zh,ko,512,matched_cosine,0.9825206995010376
Qwen/Qwen2.5-0.5B,13,0.5416666666666666,mean,,zh,ko,512,unmatched_cosine,0.9722754955291748
Qwen/Qwen2.5-0.5B,13,0.5416666666666666,mean,,zh,ko,512,cosine_margin,0.010245203971862793
Qwen/Qwen2.5-0.5B,13,0.5416666666666666,mean,,zh,ja,512,matched_cosine,0.9876171350479126
Qwen/Qwen2.5-0.5B,13,0.5416666666666666,mean,,zh,ja,512,unmatched_cosine,0.9767404198646545
Qwen/Qwen2.5-0.5B,13,0.5416666666666666,mean,,zh,ja,512,cosine_margin,0.010876715183258057
Qwen/Qwen2.5-0.5B,14,0.5833333333333334,mean,en,,,512,centroid_norm,0.9937775135040283
Qwen/Qwen2.5-0.5B,14,0.5833333333333334,mean,en,,,512,within_language_cosine,0.987569431969331
Qwen/Qwen2.5-0.5B,14,0.5833333333333334,mean,en,,,512,stable_rank,1.053181963238029
Qwen/Qwen2.5-0.5B,14,0.5833333333333334,mean,ko,,,512,centroid_norm,0.989618182182312
Qwen/Qwen2.5-0.5B,14,0.5833333333333334,mean,ko,,,512,within_language_cosine,0.9793037668366255
Qwen/Qwen2.5-0.5B,14,0.5833333333333334,mean,ko,,,512,stable_rank,1.0657086225636307
Qwen/Qwen2.5-0.5B,14,0.5833333333333334,mean,ja,,,512,centroid_norm,0.9903044104576111
Qwen/Qwen2.5-0.5B,14,0.5833333333333334,mean,ja,,,512,within_language_cosine,0.9806650538733794
Qwen/Qwen2.5-0.5B,14,0.5833333333333334,mean,ja,,,512,stable_rank,1.0673410794891909
Qwen/Qwen2.5-0.5B,14,0.5833333333333334,mean,zh,,,512,centroid_norm,0.9930567145347595
Qwen/Qwen2.5-0.5B,14,0.5833333333333334,mean,zh,,,512,within_language_cosine,0.9861345683058648
Qwen/Qwen2.5-0.5B,14,0.5833333333333334,mean,zh,,,512,stable_rank,1.0343917918333585
Qwen/Qwen2.5-0.5B,14,0.5833333333333334,mean,,en,ko,512,matched_cosine,0.9757945537567139
Qwen/Qwen2.5-0.5B,14,0.5833333333333334,mean,,en,ko,512,unmatched_cosine,0.9661481976509094
Qwen/Qwen2.5-0.5B,14,0.5833333333333334,mean,,en,ko,512,cosine_margin,0.009646356105804443
Qwen/Qwen2.5-0.5B,14,0.5833333333333334,mean,,en,ja,512,matched_cosine,0.9810114502906799
Qwen/Qwen2.5-0.5B,14,0.5833333333333334,mean,,en,ja,512,unmatched_cosine,0.9710496068000793
Qwen/Qwen2.5-0.5B,14,0.5833333333333334,mean,,en,ja,512,cosine_margin,0.009961843490600586
Qwen/Qwen2.5-0.5B,14,0.5833333333333334,mean,,en,zh,512,matched_cosine,0.9933702945709229
Qwen/Qwen2.5-0.5B,14,0.5833333333333334,mean,,en,zh,512,unmatched_cosine,0.9837098121643066
Qwen/Qwen2.5-0.5B,14,0.5833333333333334,mean,,en,zh,512,cosine_margin,0.009660482406616211
Qwen/Qwen2.5-0.5B,14,0.5833333333333334,mean,,ko,en,512,matched_cosine,0.9757945537567139
Qwen/Qwen2.5-0.5B,14,0.5833333333333334,mean,,ko,en,512,unmatched_cosine,0.9659415483474731
Qwen/Qwen2.5-0.5B,14,0.5833333333333334,mean,,ko,en,512,cosine_margin,0.009853005409240723
Qwen/Qwen2.5-0.5B,14,0.5833333333333334,mean,,ko,ja,512,matched_cosine,0.9923310875892639
Qwen/Qwen2.5-0.5B,14,0.5833333333333334,mean,,ko,ja,512,unmatched_cosine,0.977275013923645
Qwen/Qwen2.5-0.5B,14,0.5833333333333334,mean,,ko,ja,512,cosine_margin,0.015056073665618896
Qwen/Qwen2.5-0.5B,14,0.5833333333333334,mean,,ko,zh,512,matched_cosine,0.9811007976531982
Qwen/Qwen2.5-0.5B,14,0.5833333333333334,mean,,ko,zh,512,unmatched_cosine,0.9700428247451782
Qwen/Qwen2.5-0.5B,14,0.5833333333333334,mean,,ko,zh,512,cosine_margin,0.01105797290802002
Qwen/Qwen2.5-0.5B,14,0.5833333333333334,mean,,ja,en,512,matched_cosine,0.9810114502906799
Qwen/Qwen2.5-0.5B,14,0.5833333333333334,mean,,ja,en,512,unmatched_cosine,0.9709116220474243
Qwen/Qwen2.5-0.5B,14,0.5833333333333334,mean,,ja,en,512,cosine_margin,0.010099828243255615
Qwen/Qwen2.5-0.5B,14,0.5833333333333334,mean,,ja,ko,512,matched_cosine,0.9923310875892639
Qwen/Qwen2.5-0.5B,14,0.5833333333333334,mean,,ja,ko,512,unmatched_cosine,0.9774173498153687
Qwen/Qwen2.5-0.5B,14,0.5833333333333334,mean,,ja,ko,512,cosine_margin,0.014913737773895264
Qwen/Qwen2.5-0.5B,14,0.5833333333333334,mean,,ja,zh,512,matched_cosine,0.9866847395896912
Qwen/Qwen2.5-0.5B,14,0.5833333333333334,mean,,ja,zh,512,unmatched_cosine,0.9750046730041504
Qwen/Qwen2.5-0.5B,14,0.5833333333333334,mean,,ja,zh,512,cosine_margin,0.011680066585540771
Qwen/Qwen2.5-0.5B,14,0.5833333333333334,mean,,zh,en,512,matched_cosine,0.9933702945709229
Qwen/Qwen2.5-0.5B,14,0.5833333333333334,mean,,zh,en,512,unmatched_cosine,0.9836245179176331
Qwen/Qwen2.5-0.5B,14,0.5833333333333334,mean,,zh,en,512,cosine_margin,0.009745776653289795
Qwen/Qwen2.5-0.5B,14,0.5833333333333334,mean,,zh,ko,512,matched_cosine,0.9811007976531982
Qwen/Qwen2.5-0.5B,14,0.5833333333333334,mean,,zh,ko,512,unmatched_cosine,0.9701336622238159
Qwen/Qwen2.5-0.5B,14,0.5833333333333334,mean,,zh,ko,512,cosine_margin,0.010967135429382324
Qwen/Qwen2.5-0.5B,14,0.5833333333333334,mean,,zh,ja,512,matched_cosine,0.9866847395896912
Qwen/Qwen2.5-0.5B,14,0.5833333333333334,mean,,zh,ja,512,unmatched_cosine,0.9750313758850098
Qwen/Qwen2.5-0.5B,14,0.5833333333333334,mean,,zh,ja,512,cosine_margin,0.011653363704681396
Qwen/Qwen2.5-0.5B,15,0.625,mean,en,,,512,centroid_norm,0.9909564852714539
Qwen/Qwen2.5-0.5B,15,0.625,mean,en,,,512,within_language_cosine,0.9819595127889554
Qwen/Qwen2.5-0.5B,15,0.625,mean,en,,,512,stable_rank,1.0797430613293961
Qwen/Qwen2.5-0.5B,15,0.625,mean,ko,,,512,centroid_norm,0.9864823818206787
Qwen/Qwen2.5-0.5B,15,0.625,mean,ko,,,512,within_language_cosine,0.9730949028597419
Qwen/Qwen2.5-0.5B,15,0.625,mean,ko,,,512,stable_rank,1.0912109941876562
Qwen/Qwen2.5-0.5B,15,0.625,mean,ja,,,512,centroid_norm,0.9871603846549988
Qwen/Qwen2.5-0.5B,15,0.625,mean,ja,,,512,within_language_cosine,0.9744357054947407
Qwen/Qwen2.5-0.5B,15,0.625,mean,ja,,,512,stable_rank,1.0949028818895272
Qwen/Qwen2.5-0.5B,15,0.625,mean,zh,,,512,centroid_norm,0.9902827143669128
Qwen/Qwen2.5-0.5B,15,0.625,mean,zh,,,512,within_language_cosine,0.9806219948247921
Qwen/Qwen2.5-0.5B,15,0.625,mean,zh,,,512,stable_rank,1.0508582281000975
Qwen/Qwen2.5-0.5B,15,0.625,mean,,en,ko,512,matched_cosine,0.9722070693969727
Qwen/Qwen2.5-0.5B,15,0.625,mean,,en,ko,512,unmatched_cosine,0.958159327507019
Qwen/Qwen2.5-0.5B,15,0.625,mean,,en,ko,512,cosine_margin,0.014047741889953613
Qwen/Qwen2.5-0.5B,15,0.625,mean,,en,ja,512,matched_cosine,0.9782153367996216
Qwen/Qwen2.5-0.5B,15,0.625,mean,,en,ja,512,unmatched_cosine,0.9639853239059448
Qwen/Qwen2.5-0.5B,15,0.625,mean,,en,ja,512,cosine_margin,0.014230012893676758
Qwen/Qwen2.5-0.5B,15,0.625,mean,,en,zh,512,matched_cosine,0.9922716617584229
Qwen/Qwen2.5-0.5B,15,0.625,mean,,en,zh,512,unmatched_cosine,0.9781196117401123
Qwen/Qwen2.5-0.5B,15,0.625,mean,,en,zh,512,cosine_margin,0.014152050018310547
Qwen/Qwen2.5-0.5B,15,0.625,mean,,ko,en,512,matched_cosine,0.9722070693969727
Qwen/Qwen2.5-0.5B,15,0.625,mean,,ko,en,512,unmatched_cosine,0.9583088755607605
Qwen/Qwen2.5-0.5B,15,0.625,mean,,ko,en,512,cosine_margin,0.013898193836212158
Qwen/Qwen2.5-0.5B,15,0.625,mean,,ko,ja,512,matched_cosine,0.9911868572235107
Qwen/Qwen2.5-0.5B,15,0.625,mean,,ko,ja,512,unmatched_cosine,0.9716588854789734
Qwen/Qwen2.5-0.5B,15,0.625,mean,,ko,ja,512,cosine_margin,0.019527971744537354
Qwen/Qwen2.5-0.5B,15,0.625,mean,,ko,zh,512,matched_cosine,0.9782748222351074
Qwen/Qwen2.5-0.5B,15,0.625,mean,,ko,zh,512,unmatched_cosine,0.9630206823348999
Qwen/Qwen2.5-0.5B,15,0.625,mean,,ko,zh,512,cosine_margin,0.01525413990020752
Qwen/Qwen2.5-0.5B,15,0.625,mean,,ja,en,512,matched_cosine,0.9782153367996216
Qwen/Qwen2.5-0.5B,15,0.625,mean,,ja,en,512,unmatched_cosine,0.9640092849731445
Qwen/Qwen2.5-0.5B,15,0.625,mean,,ja,en,512,cosine_margin,0.01420605182647705
Qwen/Qwen2.5-0.5B,15,0.625,mean,,ja,ko,512,matched_cosine,0.9911868572235107
Qwen/Qwen2.5-0.5B,15,0.625,mean,,ja,ko,512,unmatched_cosine,0.9718344211578369
Qwen/Qwen2.5-0.5B,15,0.625,mean,,ja,ko,512,cosine_margin,0.019352436065673828
Qwen/Qwen2.5-0.5B,15,0.625,mean,,ja,zh,512,matched_cosine,0.9846354722976685
Qwen/Qwen2.5-0.5B,15,0.625,mean,,ja,zh,512,unmatched_cosine,0.9689940214157104
Qwen/Qwen2.5-0.5B,15,0.625,mean,,ja,zh,512,cosine_margin,0.015641450881958008
Qwen/Qwen2.5-0.5B,15,0.625,mean,,zh,en,512,matched_cosine,0.9922716617584229
Qwen/Qwen2.5-0.5B,15,0.625,mean,,zh,en,512,unmatched_cosine,0.9781316518783569
Qwen/Qwen2.5-0.5B,15,0.625,mean,,zh,en,512,cosine_margin,0.014140009880065918
Qwen/Qwen2.5-0.5B,15,0.625,mean,,zh,ko,512,matched_cosine,0.9782748222351074
Qwen/Qwen2.5-0.5B,15,0.625,mean,,zh,ko,512,unmatched_cosine,0.9629970788955688
Qwen/Qwen2.5-0.5B,15,0.625,mean,,zh,ko,512,cosine_margin,0.015277743339538574
Qwen/Qwen2.5-0.5B,15,0.625,mean,,zh,ja,512,matched_cosine,0.9846354722976685
Qwen/Qwen2.5-0.5B,15,0.625,mean,,zh,ja,512,unmatched_cosine,0.9688495993614197
Qwen/Qwen2.5-0.5B,15,0.625,mean,,zh,ja,512,cosine_margin,0.01578587293624878
Qwen/Qwen2.5-0.5B,16,0.6666666666666666,mean,en,,,512,centroid_norm,0.9893550276756287
Qwen/Qwen2.5-0.5B,16,0.6666666666666666,mean,en,,,512,within_language_cosine,0.9787819819441047
Qwen/Qwen2.5-0.5B,16,0.6666666666666666,mean,en,,,512,stable_rank,1.0933639934426735
Qwen/Qwen2.5-0.5B,16,0.6666666666666666,mean,ko,,,512,centroid_norm,0.9849809408187866
Qwen/Qwen2.5-0.5B,16,0.6666666666666666,mean,ko,,,512,within_language_cosine,0.9701290839805529
Qwen/Qwen2.5-0.5B,16,0.6666666666666666,mean,ko,,,512,stable_rank,1.0978844261655214
Qwen/Qwen2.5-0.5B,16,0.6666666666666666,mean,ja,,,512,centroid_norm,0.9857040643692017
Qwen/Qwen2.5-0.5B,16,0.6666666666666666,mean,ja,,,512,within_language_cosine,0.9715569602533329
Qwen/Qwen2.5-0.5B,16,0.6666666666666666,mean,ja,,,512,stable_rank,1.1022764824296503
Qwen/Qwen2.5-0.5B,16,0.6666666666666666,mean,zh,,,512,centroid_norm,0.9886473417282104
Qwen/Qwen2.5-0.5B,16,0.6666666666666666,mean,zh,,,512,within_language_cosine,0.977379367776113
Qwen/Qwen2.5-0.5B,16,0.6666666666666666,mean,zh,,,512,stable_rank,1.059128588031132
Qwen/Qwen2.5-0.5B,16,0.6666666666666666,mean,,en,ko,512,matched_cosine,0.9662218689918518
Qwen/Qwen2.5-0.5B,16,0.6666666666666666,mean,,en,ko,512,unmatched_cosine,0.9495871663093567
Qwen/Qwen2.5-0.5B,16,0.6666666666666666,mean,,en,ko,512,cosine_margin,0.016634702682495117
Qwen/Qwen2.5-0.5B,16,0.6666666666666666,mean,,en,ja,512,matched_cosine,0.9734639525413513
Qwen/Qwen2.5-0.5B,16,0.6666666666666666,mean,,en,ja,512,unmatched_cosine,0.9566377401351929
Qwen/Qwen2.5-0.5B,16,0.6666666666666666,mean,,en,ja,512,cosine_margin,0.016826212406158447
Qwen/Qwen2.5-0.5B,16,0.6666666666666666,mean,,en,zh,512,matched_cosine,0.9897768497467041
Qwen/Qwen2.5-0.5B,16,0.6666666666666666,mean,,en,zh,512,unmatched_cosine,0.9728248119354248
Qwen/Qwen2.5-0.5B,16,0.6666666666666666,mean,,en,zh,512,cosine_margin,0.016952037811279297
Qwen/Qwen2.5-0.5B,16,0.6666666666666666,mean,,ko,en,512,matched_cosine,0.9662218689918518
Qwen/Qwen2.5-0.5B,16,0.6666666666666666,mean,,ko,en,512,unmatched_cosine,0.9496039748191833
Qwen/Qwen2.5-0.5B,16,0.6666666666666666,mean,,ko,en,512,cosine_margin,0.016617894172668457
Qwen/Qwen2.5-0.5B,16,0.6666666666666666,mean,,ko,ja,512,matched_cosine,0.9905107021331787
Qwen/Qwen2.5-0.5B,16,0.6666666666666666,mean,,ko,ja,512,unmatched_cosine,0.9679967164993286
Qwen/Qwen2.5-0.5B,16,0.6666666666666666,mean,,ko,ja,512,cosine_margin,0.022513985633850098
Qwen/Qwen2.5-0.5B,16,0.6666666666666666,mean,,ko,zh,512,matched_cosine,0.9741191267967224
Qwen/Qwen2.5-0.5B,16,0.6666666666666666,mean,,ko,zh,512,unmatched_cosine,0.9562810659408569
Qwen/Qwen2.5-0.5B,16,0.6666666666666666,mean,,ko,zh,512,cosine_margin,0.01783806085586548
Qwen/Qwen2.5-0.5B,16,0.6666666666666666,mean,,ja,en,512,matched_cosine,0.9734639525413513
Qwen/Qwen2.5-0.5B,16,0.6666666666666666,mean,,ja,en,512,unmatched_cosine,0.9563935995101929
Qwen/Qwen2.5-0.5B,16,0.6666666666666666,mean,,ja,en,512,cosine_margin,0.017070353031158447
Qwen/Qwen2.5-0.5B,16,0.6666666666666666,mean,,ja,ko,512,matched_cosine,0.9905107021331787
Qwen/Qwen2.5-0.5B,16,0.6666666666666666,mean,,ja,ko,512,unmatched_cosine,0.9678177833557129
Qwen/Qwen2.5-0.5B,16,0.6666666666666666,mean,,ja,ko,512,cosine_margin,0.02269291877746582
Qwen/Qwen2.5-0.5B,16,0.6666666666666666,mean,,ja,zh,512,matched_cosine,0.9820029735565186
Qwen/Qwen2.5-0.5B,16,0.6666666666666666,mean,,ja,zh,512,unmatched_cosine,0.9632596969604492
Qwen/Qwen2.5-0.5B,16,0.6666666666666666,mean,,ja,zh,512,cosine_margin,0.018743276596069336
Qwen/Qwen2.5-0.5B,16,0.6666666666666666,mean,,zh,en,512,matched_cosine,0.9897768497467041
Qwen/Qwen2.5-0.5B,16,0.6666666666666666,mean,,zh,en,512,unmatched_cosine,0.9726866483688354
Qwen/Qwen2.5-0.5B,16,0.6666666666666666,mean,,zh,en,512,cosine_margin,0.017090201377868652
Qwen/Qwen2.5-0.5B,16,0.6666666666666666,mean,,zh,ko,512,matched_cosine,0.9741191267967224
Qwen/Qwen2.5-0.5B,16,0.6666666666666666,mean,,zh,ko,512,unmatched_cosine,0.9560558795928955
Qwen/Qwen2.5-0.5B,16,0.6666666666666666,mean,,zh,ko,512,cosine_margin,0.018063247203826904
Qwen/Qwen2.5-0.5B,16,0.6666666666666666,mean,,zh,ja,512,matched_cosine,0.9820029735565186
Qwen/Qwen2.5-0.5B,16,0.6666666666666666,mean,,zh,ja,512,unmatched_cosine,0.9631834030151367
Qwen/Qwen2.5-0.5B,16,0.6666666666666666,mean,,zh,ja,512,cosine_margin,0.018819570541381836
Qwen/Qwen2.5-0.5B,17,0.7083333333333334,mean,en,,,512,centroid_norm,0.9862104058265686
Qwen/Qwen2.5-0.5B,17,0.7083333333333334,mean,en,,,512,within_language_cosine,0.9725573515472113
Qwen/Qwen2.5-0.5B,17,0.7083333333333334,mean,en,,,512,stable_rank,1.1255949625619697
Qwen/Qwen2.5-0.5B,17,0.7083333333333334,mean,ko,,,512,centroid_norm,0.9807958006858826
Qwen/Qwen2.5-0.5B,17,0.7083333333333334,mean,ko,,,512,within_language_cosine,0.9618859337733916
Qwen/Qwen2.5-0.5B,17,0.7083333333333334,mean,ko,,,512,stable_rank,1.1499149614874766
Qwen/Qwen2.5-0.5B,17,0.7083333333333334,mean,ja,,,512,centroid_norm,0.9815346598625183
Qwen/Qwen2.5-0.5B,17,0.7083333333333334,mean,ja,,,512,within_language_cosine,0.9633386541019447
Qwen/Qwen2.5-0.5B,17,0.7083333333333334,mean,ja,,,512,stable_rank,1.1540207036533678
Qwen/Qwen2.5-0.5B,17,0.7083333333333334,mean,zh,,,512,centroid_norm,0.9852478504180908
Qwen/Qwen2.5-0.5B,17,0.7083333333333334,mean,zh,,,512,within_language_cosine,0.9706560049038344
Qwen/Qwen2.5-0.5B,17,0.7083333333333334,mean,zh,,,512,stable_rank,1.0830352895159572
Qwen/Qwen2.5-0.5B,17,0.7083333333333334,mean,,en,ko,512,matched_cosine,0.9595311284065247
Qwen/Qwen2.5-0.5B,17,0.7083333333333334,mean,,en,ko,512,unmatched_cosine,0.9390183687210083
Qwen/Qwen2.5-0.5B,17,0.7083333333333334,mean,,en,ko,512,cosine_margin,0.020512759685516357
Qwen/Qwen2.5-0.5B,17,0.7083333333333334,mean,,en,ja,512,matched_cosine,0.9669459462165833
Qwen/Qwen2.5-0.5B,17,0.7083333333333334,mean,,en,ja,512,unmatched_cosine,0.9457504153251648
Qwen/Qwen2.5-0.5B,17,0.7083333333333334,mean,,en,ja,512,cosine_margin,0.021195530891418457
Qwen/Qwen2.5-0.5B,17,0.7083333333333334,mean,,en,zh,512,matched_cosine,0.9860939979553223
Qwen/Qwen2.5-0.5B,17,0.7083333333333334,mean,,en,zh,512,unmatched_cosine,0.9643590450286865
Qwen/Qwen2.5-0.5B,17,0.7083333333333334,mean,,en,zh,512,cosine_margin,0.021734952926635742
Qwen/Qwen2.5-0.5B,17,0.7083333333333334,mean,,ko,en,512,matched_cosine,0.9595311284065247
Qwen/Qwen2.5-0.5B,17,0.7083333333333334,mean,,ko,en,512,unmatched_cosine,0.9387683868408203
Qwen/Qwen2.5-0.5B,17,0.7083333333333334,mean,,ko,en,512,cosine_margin,0.020762741565704346
Qwen/Qwen2.5-0.5B,17,0.7083333333333334,mean,,ko,ja,512,matched_cosine,0.9859171509742737
Qwen/Qwen2.5-0.5B,17,0.7083333333333334,mean,,ko,ja,512,unmatched_cosine,0.9578924179077148
Qwen/Qwen2.5-0.5B,17,0.7083333333333334,mean,,ko,ja,512,cosine_margin,0.028024733066558838
Qwen/Qwen2.5-0.5B,17,0.7083333333333334,mean,,ko,zh,512,matched_cosine,0.9676056504249573
Qwen/Qwen2.5-0.5B,17,0.7083333333333334,mean,,ko,zh,512,unmatched_cosine,0.9451847672462463
Qwen/Qwen2.5-0.5B,17,0.7083333333333334,mean,,ko,zh,512,cosine_margin,0.022420883178710938
Qwen/Qwen2.5-0.5B,17,0.7083333333333334,mean,,ja,en,512,matched_cosine,0.9669459462165833
Qwen/Qwen2.5-0.5B,17,0.7083333333333334,mean,,ja,en,512,unmatched_cosine,0.9457013607025146
Qwen/Qwen2.5-0.5B,17,0.7083333333333334,mean,,ja,en,512,cosine_margin,0.021244585514068604
Qwen/Qwen2.5-0.5B,17,0.7083333333333334,mean,,ja,ko,512,matched_cosine,0.9859171509742737
Qwen/Qwen2.5-0.5B,17,0.7083333333333334,mean,,ja,ko,512,unmatched_cosine,0.9582704901695251
Qwen/Qwen2.5-0.5B,17,0.7083333333333334,mean,,ja,ko,512,cosine_margin,0.027646660804748535
Qwen/Qwen2.5-0.5B,17,0.7083333333333334,mean,,ja,zh,512,matched_cosine,0.9768761396408081
Qwen/Qwen2.5-0.5B,17,0.7083333333333334,mean,,ja,zh,512,unmatched_cosine,0.953252911567688
Qwen/Qwen2.5-0.5B,17,0.7083333333333334,mean,,ja,zh,512,cosine_margin,0.023623228073120117
Qwen/Qwen2.5-0.5B,17,0.7083333333333334,mean,,zh,en,512,matched_cosine,0.9860939979553223
Qwen/Qwen2.5-0.5B,17,0.7083333333333334,mean,,zh,en,512,unmatched_cosine,0.9640600085258484
Qwen/Qwen2.5-0.5B,17,0.7083333333333334,mean,,zh,en,512,cosine_margin,0.022033989429473877
Qwen/Qwen2.5-0.5B,17,0.7083333333333334,mean,,zh,ko,512,matched_cosine,0.9676056504249573
Qwen/Qwen2.5-0.5B,17,0.7083333333333334,mean,,zh,ko,512,unmatched_cosine,0.9450863599777222
Qwen/Qwen2.5-0.5B,17,0.7083333333333334,mean,,zh,ko,512,cosine_margin,0.022519290447235107
Qwen/Qwen2.5-0.5B,17,0.7083333333333334,mean,,zh,ja,512,matched_cosine,0.9768761396408081
Qwen/Qwen2.5-0.5B,17,0.7083333333333334,mean,,zh,ja,512,unmatched_cosine,0.9529138207435608
Qwen/Qwen2.5-0.5B,17,0.7083333333333334,mean,,zh,ja,512,cosine_margin,0.023962318897247314
Qwen/Qwen2.5-0.5B,18,0.75,mean,en,,,512,centroid_norm,0.9827876687049866
Qwen/Qwen2.5-0.5B,18,0.75,mean,en,,,512,within_language_cosine,0.9658048446864298
Qwen/Qwen2.5-0.5B,18,0.75,mean,en,,,512,stable_rank,1.1641054441836702
Qwen/Qwen2.5-0.5B,18,0.75,mean,ko,,,512,centroid_norm,0.9772186875343323
Qwen/Qwen2.5-0.5B,18,0.75,mean,ko,,,512,within_language_cosine,0.9548682046729757
Qwen/Qwen2.5-0.5B,18,0.75,mean,ko,,,512,stable_rank,1.1938060981350913
Qwen/Qwen2.5-0.5B,18,0.75,mean,ja,,,512,centroid_norm,0.9773769974708557
Qwen/Qwen2.5-0.5B,18,0.75,mean,ja,,,512,within_language_cosine,0.9551782775998349
Qwen/Qwen2.5-0.5B,18,0.75,mean,ja,,,512,stable_rank,1.202537420451597
Qwen/Qwen2.5-0.5B,18,0.75,mean,zh,,,512,centroid_norm,0.9810170531272888
Qwen/Qwen2.5-0.5B,18,0.75,mean,zh,,,512,within_language_cosine,0.9623208241919948
Qwen/Qwen2.5-0.5B,18,0.75,mean,zh,,,512,stable_rank,1.1106551811181689
Qwen/Qwen2.5-0.5B,18,0.75,mean,,en,ko,512,matched_cosine,0.9288201332092285
Qwen/Qwen2.5-0.5B,18,0.75,mean,,en,ko,512,unmatched_cosine,0.9062081575393677
Qwen/Qwen2.5-0.5B,18,0.75,mean,,en,ko,512,cosine_margin,0.02261197566986084
Qwen/Qwen2.5-0.5B,18,0.75,mean,,en,ja,512,matched_cosine,0.9354050755500793
Qwen/Qwen2.5-0.5B,18,0.75,mean,,en,ja,512,unmatched_cosine,0.911683201789856
Qwen/Qwen2.5-0.5B,18,0.75,mean,,en,ja,512,cosine_margin,0.02372187376022339
Qwen/Qwen2.5-0.5B,18,0.75,mean,,en,zh,512,matched_cosine,0.9763348698616028
Qwen/Qwen2.5-0.5B,18,0.75,mean,,en,zh,512,unmatched_cosine,0.9509813785552979
Qwen/Qwen2.5-0.5B,18,0.75,mean,,en,zh,512,cosine_margin,0.02535349130630493
Qwen/Qwen2.5-0.5B,18,0.75,mean,,ko,en,512,matched_cosine,0.9288201332092285
Qwen/Qwen2.5-0.5B,18,0.75,mean,,ko,en,512,unmatched_cosine,0.9063270092010498
Qwen/Qwen2.5-0.5B,18,0.75,mean,,ko,en,512,cosine_margin,0.02249312400817871
Qwen/Qwen2.5-0.5B,18,0.75,mean,,ko,ja,512,matched_cosine,0.9762887954711914
Qwen/Qwen2.5-0.5B,18,0.75,mean,,ko,ja,512,unmatched_cosine,0.9439612030982971
Qwen/Qwen2.5-0.5B,18,0.75,mean,,ko,ja,512,cosine_margin,0.03232759237289429
Qwen/Qwen2.5-0.5B,18,0.75,mean,,ko,zh,512,matched_cosine,0.941358745098114
Qwen/Qwen2.5-0.5B,18,0.75,mean,,ko,zh,512,unmatched_cosine,0.9160913825035095
Qwen/Qwen2.5-0.5B,18,0.75,mean,,ko,zh,512,cosine_margin,0.025267362594604492
Qwen/Qwen2.5-0.5B,18,0.75,mean,,ja,en,512,matched_cosine,0.9354050755500793
Qwen/Qwen2.5-0.5B,18,0.75,mean,,ja,en,512,unmatched_cosine,0.9117438793182373
Qwen/Qwen2.5-0.5B,18,0.75,mean,,ja,en,512,cosine_margin,0.02366119623184204
Qwen/Qwen2.5-0.5B,18,0.75,mean,,ja,ko,512,matched_cosine,0.9762887954711914
Qwen/Qwen2.5-0.5B,18,0.75,mean,,ja,ko,512,unmatched_cosine,0.9439706206321716
Qwen/Qwen2.5-0.5B,18,0.75,mean,,ja,ko,512,cosine_margin,0.032318174839019775
Qwen/Qwen2.5-0.5B,18,0.75,mean,,ja,zh,512,matched_cosine,0.9506492614746094
Qwen/Qwen2.5-0.5B,18,0.75,mean,,ja,zh,512,unmatched_cosine,0.923037052154541
Qwen/Qwen2.5-0.5B,18,0.75,mean,,ja,zh,512,cosine_margin,0.02761220932006836
Qwen/Qwen2.5-0.5B,18,0.75,mean,,zh,en,512,matched_cosine,0.9763348698616028
Qwen/Qwen2.5-0.5B,18,0.75,mean,,zh,en,512,unmatched_cosine,0.9508634805679321
Qwen/Qwen2.5-0.5B,18,0.75,mean,,zh,en,512,cosine_margin,0.025471389293670654
Qwen/Qwen2.5-0.5B,18,0.75,mean,,zh,ko,512,matched_cosine,0.941358745098114
Qwen/Qwen2.5-0.5B,18,0.75,mean,,zh,ko,512,unmatched_cosine,0.9157178401947021
Qwen/Qwen2.5-0.5B,18,0.75,mean,,zh,ko,512,cosine_margin,0.025640904903411865
Qwen/Qwen2.5-0.5B,18,0.75,mean,,zh,ja,512,matched_cosine,0.9506492614746094
Qwen/Qwen2.5-0.5B,18,0.75,mean,,zh,ja,512,unmatched_cosine,0.9230057001113892
Qwen/Qwen2.5-0.5B,18,0.75,mean,,zh,ja,512,cosine_margin,0.027643561363220215
Qwen/Qwen2.5-0.5B,19,0.7916666666666666,mean,en,,,512,centroid_norm,0.9792681932449341
Qwen/Qwen2.5-0.5B,19,0.7916666666666666,mean,en,,,512,within_language_cosine,0.9588858348749388
Qwen/Qwen2.5-0.5B,19,0.7916666666666666,mean,en,,,512,stable_rank,1.2089225711675535
Qwen/Qwen2.5-0.5B,19,0.7916666666666666,mean,ko,,,512,centroid_norm,0.973652184009552
Qwen/Qwen2.5-0.5B,19,0.7916666666666666,mean,ko,,,512,within_language_cosine,0.9478968192919827
Qwen/Qwen2.5-0.5B,19,0.7916666666666666,mean,ko,,,512,stable_rank,1.2521992658424543
Qwen/Qwen2.5-0.5B,19,0.7916666666666666,mean,ja,,,512,centroid_norm,0.973706841468811
Qwen/Qwen2.5-0.5B,19,0.7916666666666666,mean,ja,,,512,within_language_cosine,0.9480034217909125
Qwen/Qwen2.5-0.5B,19,0.7916666666666666,mean,ja,,,512,stable_rank,1.263737181171934
Qwen/Qwen2.5-0.5B,19,0.7916666666666666,mean,zh,,,512,centroid_norm,0.9771389961242676
Qwen/Qwen2.5-0.5B,19,0.7916666666666666,mean,zh,,,512,within_language_cosine,0.9547121529476517
Qwen/Qwen2.5-0.5B,19,0.7916666666666666,mean,zh,,,512,stable_rank,1.1429703121150874
Qwen/Qwen2.5-0.5B,19,0.7916666666666666,mean,,en,ko,512,matched_cosine,0.9099329710006714
Qwen/Qwen2.5-0.5B,19,0.7916666666666666,mean,,en,ko,512,unmatched_cosine,0.8832428455352783
Qwen/Qwen2.5-0.5B,19,0.7916666666666666,mean,,en,ko,512,cosine_margin,0.026690125465393066
Qwen/Qwen2.5-0.5B,19,0.7916666666666666,mean,,en,ja,512,matched_cosine,0.9239247441291809
Qwen/Qwen2.5-0.5B,19,0.7916666666666666,mean,,en,ja,512,unmatched_cosine,0.8955957293510437
Qwen/Qwen2.5-0.5B,19,0.7916666666666666,mean,,en,ja,512,cosine_margin,0.028329014778137207
Qwen/Qwen2.5-0.5B,19,0.7916666666666666,mean,,en,zh,512,matched_cosine,0.9729601144790649
Qwen/Qwen2.5-0.5B,19,0.7916666666666666,mean,,en,zh,512,unmatched_cosine,0.941447913646698
Qwen/Qwen2.5-0.5B,19,0.7916666666666666,mean,,en,zh,512,cosine_margin,0.03151220083236694
Qwen/Qwen2.5-0.5B,19,0.7916666666666666,mean,,ko,en,512,matched_cosine,0.9099329710006714
Qwen/Qwen2.5-0.5B,19,0.7916666666666666,mean,,ko,en,512,unmatched_cosine,0.8832056522369385
Qwen/Qwen2.5-0.5B,19,0.7916666666666666,mean,,ko,en,512,cosine_margin,0.02672731876373291
Qwen/Qwen2.5-0.5B,19,0.7916666666666666,mean,,ko,ja,512,matched_cosine,0.9555904865264893
Qwen/Qwen2.5-0.5B,19,0.7916666666666666,mean,,ko,ja,512,unmatched_cosine,0.9187057614326477
Qwen/Qwen2.5-0.5B,19,0.7916666666666666,mean,,ko,ja,512,cosine_margin,0.03688472509384155
Qwen/Qwen2.5-0.5B,19,0.7916666666666666,mean,,ko,zh,512,matched_cosine,0.9207128286361694
Qwen/Qwen2.5-0.5B,19,0.7916666666666666,mean,,ko,zh,512,unmatched_cosine,0.8909667730331421
Qwen/Qwen2.5-0.5B,19,0.7916666666666666,mean,,ko,zh,512,cosine_margin,0.029746055603027344
Qwen/Qwen2.5-0.5B,19,0.7916666666666666,mean,,ja,en,512,matched_cosine,0.9239247441291809
Qwen/Qwen2.5-0.5B,19,0.7916666666666666,mean,,ja,en,512,unmatched_cosine,0.8953880071640015
Qwen/Qwen2.5-0.5B,19,0.7916666666666666,mean,,ja,en,512,cosine_margin,0.028536736965179443
Qwen/Qwen2.5-0.5B,19,0.7916666666666666,mean,,ja,ko,512,matched_cosine,0.9555904865264893
Qwen/Qwen2.5-0.5B,19,0.7916666666666666,mean,,ja,ko,512,unmatched_cosine,0.9186934232711792
Qwen/Qwen2.5-0.5B,19,0.7916666666666666,mean,,ja,ko,512,cosine_margin,0.03689706325531006
Qwen/Qwen2.5-0.5B,19,0.7916666666666666,mean,,ja,zh,512,matched_cosine,0.939130961894989
Qwen/Qwen2.5-0.5B,19,0.7916666666666666,mean,,ja,zh,512,unmatched_cosine,0.9064056873321533
Qwen/Qwen2.5-0.5B,19,0.7916666666666666,mean,,ja,zh,512,cosine_margin,0.03272527456283569
Qwen/Qwen2.5-0.5B,19,0.7916666666666666,mean,,zh,en,512,matched_cosine,0.9729601144790649
Qwen/Qwen2.5-0.5B,19,0.7916666666666666,mean,,zh,en,512,unmatched_cosine,0.9411792159080505
Qwen/Qwen2.5-0.5B,19,0.7916666666666666,mean,,zh,en,512,cosine_margin,0.031780898571014404
Qwen/Qwen2.5-0.5B,19,0.7916666666666666,mean,,zh,ko,512,matched_cosine,0.9207128286361694
Qwen/Qwen2.5-0.5B,19,0.7916666666666666,mean,,zh,ko,512,unmatched_cosine,0.8907562494277954
Qwen/Qwen2.5-0.5B,19,0.7916666666666666,mean,,zh,ko,512,cosine_margin,0.029956579208374023
Qwen/Qwen2.5-0.5B,19,0.7916666666666666,mean,,zh,ja,512,matched_cosine,0.939130961894989
Qwen/Qwen2.5-0.5B,19,0.7916666666666666,mean,,zh,ja,512,unmatched_cosine,0.9064815044403076
Qwen/Qwen2.5-0.5B,19,0.7916666666666666,mean,,zh,ja,512,cosine_margin,0.032649457454681396
Qwen/Qwen2.5-0.5B,20,0.8333333333333334,mean,en,,,512,centroid_norm,0.9724187850952148
Qwen/Qwen2.5-0.5B,20,0.8333333333333334,mean,en,,,512,within_language_cosine,0.9454918430276114
Qwen/Qwen2.5-0.5B,20,0.8333333333333334,mean,en,,,512,stable_rank,1.3102566874846
Qwen/Qwen2.5-0.5B,20,0.8333333333333334,mean,ko,,,512,centroid_norm,0.9676346182823181
Qwen/Qwen2.5-0.5B,20,0.8333333333333334,mean,ko,,,512,within_language_cosine,0.9361921635159308
Qwen/Qwen2.5-0.5B,20,0.8333333333333334,mean,ko,,,512,stable_rank,1.3908042073506754
Qwen/Qwen2.5-0.5B,20,0.8333333333333334,mean,ja,,,512,centroid_norm,0.9682324528694153
Qwen/Qwen2.5-0.5B,20,0.8333333333333334,mean,ja,,,512,within_language_cosine,0.9373517717633929
Qwen/Qwen2.5-0.5B,20,0.8333333333333334,mean,ja,,,512,stable_rank,1.3819153437416831
Qwen/Qwen2.5-0.5B,20,0.8333333333333334,mean,zh,,,512,centroid_norm,0.9701938033103943
Qwen/Qwen2.5-0.5B,20,0.8333333333333334,mean,zh,,,512,within_language_cosine,0.9411610941131054
Qwen/Qwen2.5-0.5B,20,0.8333333333333334,mean,zh,,,512,stable_rank,1.2119691641997388
Qwen/Qwen2.5-0.5B,20,0.8333333333333334,mean,,en,ko,512,matched_cosine,0.8776037693023682
Qwen/Qwen2.5-0.5B,20,0.8333333333333334,mean,,en,ko,512,unmatched_cosine,0.8438000679016113
Qwen/Qwen2.5-0.5B,20,0.8333333333333334,mean,,en,ko,512,cosine_margin,0.033803701400756836
Qwen/Qwen2.5-0.5B,20,0.8333333333333334,mean,,en,ja,512,matched_cosine,0.9076347351074219
Qwen/Qwen2.5-0.5B,20,0.8333333333333334,mean,,en,ja,512,unmatched_cosine,0.8720700740814209
Qwen/Qwen2.5-0.5B,20,0.8333333333333334,mean,,en,ja,512,cosine_margin,0.03556466102600098
Qwen/Qwen2.5-0.5B,20,0.8333333333333334,mean,,en,zh,512,matched_cosine,0.9658876657485962
Qwen/Qwen2.5-0.5B,20,0.8333333333333334,mean,,en,zh,512,unmatched_cosine,0.9248987436294556
Qwen/Qwen2.5-0.5B,20,0.8333333333333334,mean,,en,zh,512,cosine_margin,0.040988922119140625
Qwen/Qwen2.5-0.5B,20,0.8333333333333334,mean,,ko,en,512,matched_cosine,0.8776037693023682
Qwen/Qwen2.5-0.5B,20,0.8333333333333334,mean,,ko,en,512,unmatched_cosine,0.8438000679016113
Qwen/Qwen2.5-0.5B,20,0.8333333333333334,mean,,ko,en,512,cosine_margin,0.033803701400756836
Qwen/Qwen2.5-0.5B,20,0.8333333333333334,mean,,ko,ja,512,matched_cosine,0.9282475709915161
Qwen/Qwen2.5-0.5B,20,0.8333333333333334,mean,,ko,ja,512,unmatched_cosine,0.8835386037826538
Qwen/Qwen2.5-0.5B,20,0.8333333333333334,mean,,ko,ja,512,cosine_margin,0.044708967208862305
Qwen/Qwen2.5-0.5B,20,0.8333333333333334,mean,,ko,zh,512,matched_cosine,0.8860652446746826
Qwen/Qwen2.5-0.5B,20,0.8333333333333334,mean,,ko,zh,512,unmatched_cosine,0.8485167026519775
Qwen/Qwen2.5-0.5B,20,0.8333333333333334,mean,,ko,zh,512,cosine_margin,0.03754854202270508
Qwen/Qwen2.5-0.5B,20,0.8333333333333334,mean,,ja,en,512,matched_cosine,0.9076347351074219
Qwen/Qwen2.5-0.5B,20,0.8333333333333334,mean,,ja,en,512,unmatched_cosine,0.8720700740814209
Qwen/Qwen2.5-0.5B,20,0.8333333333333334,mean,,ja,en,512,cosine_margin,0.03556466102600098
Qwen/Qwen2.5-0.5B,20,0.8333333333333334,mean,,ja,ko,512,matched_cosine,0.9282475709915161
Qwen/Qwen2.5-0.5B,20,0.8333333333333334,mean,,ja,ko,512,unmatched_cosine,0.8835386037826538
Qwen/Qwen2.5-0.5B,20,0.8333333333333334,mean,,ja,ko,512,cosine_margin,0.044708967208862305
Qwen/Qwen2.5-0.5B,20,0.8333333333333334,mean,,ja,zh,512,matched_cosine,0.9283873438835144
Qwen/Qwen2.5-0.5B,20,0.8333333333333334,mean,,ja,zh,512,unmatched_cosine,0.8874807953834534
Qwen/Qwen2.5-0.5B,20,0.8333333333333334,mean,,ja,zh,512,cosine_margin,0.040906548500061035
Qwen/Qwen2.5-0.5B,20,0.8333333333333334,mean,,zh,en,512,matched_cosine,0.9658876657485962
Qwen/Qwen2.5-0.5B,20,0.8333333333333334,mean,,zh,en,512,unmatched_cosine,0.9248987436294556
Qwen/Qwen2.5-0.5B,20,0.8333333333333334,mean,,zh,en,512,cosine_margin,0.040988922119140625
Qwen/Qwen2.5-0.5B,20,0.8333333333333334,mean,,zh,ko,512,matched_cosine,0.8860652446746826
Qwen/Qwen2.5-0.5B,20,0.8333333333333334,mean,,zh,ko,512,unmatched_cosine,0.8485167026519775
Qwen/Qwen2.5-0.5B,20,0.8333333333333334,mean,,zh,ko,512,cosine_margin,0.03754854202270508
Qwen/Qwen2.5-0.5B,20,0.8333333333333334,mean,,zh,ja,512,matched_cosine,0.9283873438835144
Qwen/Qwen2.5-0.5B,20,0.8333333333333334,mean,,zh,ja,512,unmatched_cosine,0.8874807953834534
Qwen/Qwen2.5-0.5B,20,0.8333333333333334,mean,,zh,ja,512,cosine_margin,0.040906548500061035
Qwen/Qwen2.5-0.5B,21,0.875,mean,en,,,512,centroid_norm,0.957947850227356
Qwen/Qwen2.5-0.5B,21,0.875,mean,en,,,512,within_language_cosine,0.9175029836755443
Qwen/Qwen2.5-0.5B,21,0.875,mean,en,,,512,stable_rank,1.5980871772408887
Qwen/Qwen2.5-0.5B,21,0.875,mean,ko,,,512,centroid_norm,0.9661006927490234
Qwen/Qwen2.5-0.5B,21,0.875,mean,ko,,,512,within_language_cosine,0.9332200739015105
Qwen/Qwen2.5-0.5B,21,0.875,mean,ko,,,512,stable_rank,1.5878685129065795
Qwen/Qwen2.5-0.5B,21,0.875,mean,ja,,,512,centroid_norm,0.9636805057525635
Qwen/Qwen2.5-0.5B,21,0.875,mean,ja,,,512,within_language_cosine,0.9285404929442882
Qwen/Qwen2.5-0.5B,21,0.875,mean,ja,,,512,stable_rank,1.612938392482329
Qwen/Qwen2.5-0.5B,21,0.875,mean,zh,,,512,centroid_norm,0.9566329121589661
Qwen/Qwen2.5-0.5B,21,0.875,mean,zh,,,512,within_language_cosine,0.9149804759165545
Qwen/Qwen2.5-0.5B,21,0.875,mean,zh,,,512,stable_rank,1.3914131441121136
Qwen/Qwen2.5-0.5B,21,0.875,mean,,en,ko,512,matched_cosine,0.8669925928115845
Qwen/Qwen2.5-0.5B,21,0.875,mean,,en,ko,512,unmatched_cosine,0.8204001784324646
Qwen/Qwen2.5-0.5B,21,0.875,mean,,en,ko,512,cosine_margin,0.04659241437911987
Qwen/Qwen2.5-0.5B,21,0.875,mean,,en,ja,512,matched_cosine,0.8580397367477417
Qwen/Qwen2.5-0.5B,21,0.875,mean,,en,ja,512,unmatched_cosine,0.8072041869163513
Qwen/Qwen2.5-0.5B,21,0.875,mean,,en,ja,512,cosine_margin,0.05083554983139038
Qwen/Qwen2.5-0.5B,21,0.875,mean,,en,zh,512,matched_cosine,0.9502975344657898
Qwen/Qwen2.5-0.5B,21,0.875,mean,,en,zh,512,unmatched_cosine,0.8840736150741577
Qwen/Qwen2.5-0.5B,21,0.875,mean,,en,zh,512,cosine_margin,0.06622391939163208
Qwen/Qwen2.5-0.5B,21,0.875,mean,,ko,en,512,matched_cosine,0.8669925928115845
Qwen/Qwen2.5-0.5B,21,0.875,mean,,ko,en,512,unmatched_cosine,0.8203885555267334
Qwen/Qwen2.5-0.5B,21,0.875,mean,,ko,en,512,cosine_margin,0.046604037284851074
Qwen/Qwen2.5-0.5B,21,0.875,mean,,ko,ja,512,matched_cosine,0.889619767665863
Qwen/Qwen2.5-0.5B,21,0.875,mean,,ko,ja,512,unmatched_cosine,0.837881326675415
Qwen/Qwen2.5-0.5B,21,0.875,mean,,ko,ja,512,cosine_margin,0.051738440990448
Qwen/Qwen2.5-0.5B,21,0.875,mean,,ko,zh,512,matched_cosine,0.870958685874939
Qwen/Qwen2.5-0.5B,21,0.875,mean,,ko,zh,512,unmatched_cosine,0.8210576772689819
Qwen/Qwen2.5-0.5B,21,0.875,mean,,ko,zh,512,cosine_margin,0.04990100860595703
Qwen/Qwen2.5-0.5B,21,0.875,mean,,ja,en,512,matched_cosine,0.8580397367477417
Qwen/Qwen2.5-0.5B,21,0.875,mean,,ja,en,512,unmatched_cosine,0.8074549436569214
Qwen/Qwen2.5-0.5B,21,0.875,mean,,ja,en,512,cosine_margin,0.05058479309082031
Qwen/Qwen2.5-0.5B,21,0.875,mean,,ja,ko,512,matched_cosine,0.889619767665863
Qwen/Qwen2.5-0.5B,21,0.875,mean,,ja,ko,512,unmatched_cosine,0.8382723331451416
Qwen/Qwen2.5-0.5B,21,0.875,mean,,ja,ko,512,cosine_margin,0.051347434520721436
Qwen/Qwen2.5-0.5B,21,0.875,mean,,ja,zh,512,matched_cosine,0.8852373361587524
Qwen/Qwen2.5-0.5B,21,0.875,mean,,ja,zh,512,unmatched_cosine,0.8291908502578735
Qwen/Qwen2.5-0.5B,21,0.875,mean,,ja,zh,512,cosine_margin,0.056046485900878906
Qwen/Qwen2.5-0.5B,21,0.875,mean,,zh,en,512,matched_cosine,0.9502975344657898
Qwen/Qwen2.5-0.5B,21,0.875,mean,,zh,en,512,unmatched_cosine,0.8853129148483276
Qwen/Qwen2.5-0.5B,21,0.875,mean,,zh,en,512,cosine_margin,0.06498461961746216
Qwen/Qwen2.5-0.5B,21,0.875,mean,,zh,ko,512,matched_cosine,0.870958685874939
Qwen/Qwen2.5-0.5B,21,0.875,mean,,zh,ko,512,unmatched_cosine,0.8220890760421753
Qwen/Qwen2.5-0.5B,21,0.875,mean,,zh,ko,512,cosine_margin,0.04886960983276367
Qwen/Qwen2.5-0.5B,21,0.875,mean,,zh,ja,512,matched_cosine,0.8852373361587524
Qwen/Qwen2.5-0.5B,21,0.875,mean,,zh,ja,512,unmatched_cosine,0.8292917013168335
Qwen/Qwen2.5-0.5B,21,0.875,mean,,zh,ja,512,cosine_margin,0.055945634841918945
Qwen/Qwen2.5-0.5B,22,0.9166666666666666,mean,en,,,512,centroid_norm,0.9294614791870117
Qwen/Qwen2.5-0.5B,22,0.9166666666666666,mean,en,,,512,within_language_cosine,0.8636322917303694
Qwen/Qwen2.5-0.5B,22,0.9166666666666666,mean,en,,,512,stable_rank,13.881047325065227
Qwen/Qwen2.5-0.5B,22,0.9166666666666666,mean,ko,,,512,centroid_norm,0.9718442559242249
Qwen/Qwen2.5-0.5B,22,0.9166666666666666,mean,ko,,,512,within_language_cosine,0.9443726063707804
Qwen/Qwen2.5-0.5B,22,0.9166666666666666,mean,ko,,,512,stable_rank,9.593103463439741
Qwen/Qwen2.5-0.5B,22,0.9166666666666666,mean,ja,,,512,centroid_norm,0.965651273727417
Qwen/Qwen2.5-0.5B,22,0.9166666666666666,mean,ja,,,512,within_language_cosine,0.9323502930643041
Qwen/Qwen2.5-0.5B,22,0.9166666666666666,mean,ja,,,512,stable_rank,9.769218271248931
Qwen/Qwen2.5-0.5B,22,0.9166666666666666,mean,zh,,,512,centroid_norm,0.9375663995742798
Qwen/Qwen2.5-0.5B,22,0.9166666666666666,mean,zh,,,512,within_language_cosine,0.8787940337000061
Qwen/Qwen2.5-0.5B,22,0.9166666666666666,mean,zh,,,512,stable_rank,10.727962803534956
Qwen/Qwen2.5-0.5B,22,0.9166666666666666,mean,,en,ko,512,matched_cosine,0.8354594707489014
Qwen/Qwen2.5-0.5B,22,0.9166666666666666,mean,,en,ko,512,unmatched_cosine,0.7916468381881714
Qwen/Qwen2.5-0.5B,22,0.9166666666666666,mean,,en,ko,512,cosine_margin,0.04381263256072998
Qwen/Qwen2.5-0.5B,22,0.9166666666666666,mean,,en,ja,512,matched_cosine,0.7970055341720581
Qwen/Qwen2.5-0.5B,22,0.9166666666666666,mean,,en,ja,512,unmatched_cosine,0.743140697479248
Qwen/Qwen2.5-0.5B,22,0.9166666666666666,mean,,en,ja,512,cosine_margin,0.05386483669281006
Qwen/Qwen2.5-0.5B,22,0.9166666666666666,mean,,en,zh,512,matched_cosine,0.9036828279495239
Qwen/Qwen2.5-0.5B,22,0.9166666666666666,mean,,en,zh,512,unmatched_cosine,0.811514139175415
Qwen/Qwen2.5-0.5B,22,0.9166666666666666,mean,,en,zh,512,cosine_margin,0.09216868877410889
Qwen/Qwen2.5-0.5B,22,0.9166666666666666,mean,,ko,en,512,matched_cosine,0.8354594707489014
Qwen/Qwen2.5-0.5B,22,0.9166666666666666,mean,,ko,en,512,unmatched_cosine,0.7910142540931702
Qwen/Qwen2.5-0.5B,22,0.9166666666666666,mean,,ko,en,512,cosine_margin,0.0444452166557312
Qwen/Qwen2.5-0.5B,22,0.9166666666666666,mean,,ko,ja,512,matched_cosine,0.858789324760437
Qwen/Qwen2.5-0.5B,22,0.9166666666666666,mean,,ko,ja,512,unmatched_cosine,0.8186956644058228
Qwen/Qwen2.5-0.5B,22,0.9166666666666666,mean,,ko,ja,512,cosine_margin,0.04009366035461426
Qwen/Qwen2.5-0.5B,22,0.9166666666666666,mean,,ko,zh,512,matched_cosine,0.8437641859054565
Qwen/Qwen2.5-0.5B,22,0.9166666666666666,mean,,ko,zh,512,unmatched_cosine,0.7977831363677979
Qwen/Qwen2.5-0.5B,22,0.9166666666666666,mean,,ko,zh,512,cosine_margin,0.04598104953765869
Qwen/Qwen2.5-0.5B,22,0.9166666666666666,mean,,ja,en,512,matched_cosine,0.7970055341720581
Qwen/Qwen2.5-0.5B,22,0.9166666666666666,mean,,ja,en,512,unmatched_cosine,0.7429010272026062
Qwen/Qwen2.5-0.5B,22,0.9166666666666666,mean,,ja,en,512,cosine_margin,0.054104506969451904
Qwen/Qwen2.5-0.5B,22,0.9166666666666666,mean,,ja,ko,512,matched_cosine,0.858789324760437
Qwen/Qwen2.5-0.5B,22,0.9166666666666666,mean,,ja,ko,512,unmatched_cosine,0.819145143032074
Qwen/Qwen2.5-0.5B,22,0.9166666666666666,mean,,ja,ko,512,cosine_margin,0.03964418172836304
Qwen/Qwen2.5-0.5B,22,0.9166666666666666,mean,,ja,zh,512,matched_cosine,0.8426523208618164
Qwen/Qwen2.5-0.5B,22,0.9166666666666666,mean,,ja,zh,512,unmatched_cosine,0.7859640121459961
Qwen/Qwen2.5-0.5B,22,0.9166666666666666,mean,,ja,zh,512,cosine_margin,0.05668830871582031
Qwen/Qwen2.5-0.5B,22,0.9166666666666666,mean,,zh,en,512,matched_cosine,0.9036828279495239
Qwen/Qwen2.5-0.5B,22,0.9166666666666666,mean,,zh,en,512,unmatched_cosine,0.8112809658050537
Qwen/Qwen2.5-0.5B,22,0.9166666666666666,mean,,zh,en,512,cosine_margin,0.09240186214447021
Qwen/Qwen2.5-0.5B,22,0.9166666666666666,mean,,zh,ko,512,matched_cosine,0.8437641859054565
Qwen/Qwen2.5-0.5B,22,0.9166666666666666,mean,,zh,ko,512,unmatched_cosine,0.7986061573028564
Qwen/Qwen2.5-0.5B,22,0.9166666666666666,mean,,zh,ko,512,cosine_margin,0.0451580286026001
Qwen/Qwen2.5-0.5B,22,0.9166666666666666,mean,,zh,ja,512,matched_cosine,0.8426523208618164
Qwen/Qwen2.5-0.5B,22,0.9166666666666666,mean,,zh,ja,512,unmatched_cosine,0.7860512733459473
Qwen/Qwen2.5-0.5B,22,0.9166666666666666,mean,,zh,ja,512,cosine_margin,0.05660104751586914
Qwen/Qwen2.5-0.5B,23,0.9583333333333334,mean,en,,,512,centroid_norm,0.9258190393447876
Qwen/Qwen2.5-0.5B,23,0.9583333333333334,mean,en,,,512,within_language_cosine,0.8568613309916219
Qwen/Qwen2.5-0.5B,23,0.9583333333333334,mean,en,,,512,stable_rank,13.98469087935566
Qwen/Qwen2.5-0.5B,23,0.9583333333333334,mean,ko,,,512,centroid_norm,0.9733185172080994
Qwen/Qwen2.5-0.5B,23,0.9583333333333334,mean,ko,,,512,within_language_cosine,0.9472458572536998
Qwen/Qwen2.5-0.5B,23,0.9583333333333334,mean,ko,,,512,stable_rank,8.783344535233555
Qwen/Qwen2.5-0.5B,23,0.9583333333333334,mean,ja,,,512,centroid_norm,0.9615749716758728
Qwen/Qwen2.5-0.5B,23,0.9583333333333334,mean,ja,,,512,within_language_cosine,0.9244789675957069
Qwen/Qwen2.5-0.5B,23,0.9583333333333334,mean,ja,,,512,stable_rank,8.714040690741768
Qwen/Qwen2.5-0.5B,23,0.9583333333333334,mean,zh,,,512,centroid_norm,0.9311922192573547
Qwen/Qwen2.5-0.5B,23,0.9583333333333334,mean,zh,,,512,within_language_cosine,0.866858913473887
Qwen/Qwen2.5-0.5B,23,0.9583333333333334,mean,zh,,,512,stable_rank,11.67858841523124
Qwen/Qwen2.5-0.5B,23,0.9583333333333334,mean,,en,ko,512,matched_cosine,0.716733455657959
Qwen/Qwen2.5-0.5B,23,0.9583333333333334,mean,,en,ko,512,unmatched_cosine,0.6784008741378784
Qwen/Qwen2.5-0.5B,23,0.9583333333333334,mean,,en,ko,512,cosine_margin,0.038332581520080566
Qwen/Qwen2.5-0.5B,23,0.9583333333333334,mean,,en,ja,512,matched_cosine,0.7751495838165283
Qwen/Qwen2.5-0.5B,23,0.9583333333333334,mean,,en,ja,512,unmatched_cosine,0.7257061004638672
Qwen/Qwen2.5-0.5B,23,0.9583333333333334,mean,,en,ja,512,cosine_margin,0.04944348335266113
Qwen/Qwen2.5-0.5B,23,0.9583333333333334,mean,,en,zh,512,matched_cosine,0.865665078163147
Qwen/Qwen2.5-0.5B,23,0.9583333333333334,mean,,en,zh,512,unmatched_cosine,0.7749463319778442
Qwen/Qwen2.5-0.5B,23,0.9583333333333334,mean,,en,zh,512,cosine_margin,0.09071874618530273
Qwen/Qwen2.5-0.5B,23,0.9583333333333334,mean,,ko,en,512,matched_cosine,0.716733455657959
Qwen/Qwen2.5-0.5B,23,0.9583333333333334,mean,,ko,en,512,unmatched_cosine,0.6783751249313354
Qwen/Qwen2.5-0.5B,23,0.9583333333333334,mean,,ko,en,512,cosine_margin,0.038358330726623535
Qwen/Qwen2.5-0.5B,23,0.9583333333333334,mean,,ko,ja,512,matched_cosine,0.7279260158538818
Qwen/Qwen2.5-0.5B,23,0.9583333333333334,mean,,ko,ja,512,unmatched_cosine,0.6922224760055542
Qwen/Qwen2.5-0.5B,23,0.9583333333333334,mean,,ko,ja,512,cosine_margin,0.03570353984832764
Qwen/Qwen2.5-0.5B,23,0.9583333333333334,mean,,ko,zh,512,matched_cosine,0.7113375663757324
Qwen/Qwen2.5-0.5B,23,0.9583333333333334,mean,,ko,zh,512,unmatched_cosine,0.6701617240905762
Qwen/Qwen2.5-0.5B,23,0.9583333333333334,mean,,ko,zh,512,cosine_margin,0.04117584228515625
Qwen/Qwen2.5-0.5B,23,0.9583333333333334,mean,,ja,en,512,matched_cosine,0.7751495838165283
Qwen/Qwen2.5-0.5B,23,0.9583333333333334,mean,,ja,en,512,unmatched_cosine,0.7256818413734436
Qwen/Qwen2.5-0.5B,23,0.9583333333333334,mean,,ja,en,512,cosine_margin,0.04946774244308472
Qwen/Qwen2.5-0.5B,23,0.9583333333333334,mean,,ja,ko,512,matched_cosine,0.7279260158538818
Qwen/Qwen2.5-0.5B,23,0.9583333333333334,mean,,ja,ko,512,unmatched_cosine,0.6922483444213867
Qwen/Qwen2.5-0.5B,23,0.9583333333333334,mean,,ja,ko,512,cosine_margin,0.03567767143249512
Qwen/Qwen2.5-0.5B,23,0.9583333333333334,mean,,ja,zh,512,matched_cosine,0.8259881734848022
Qwen/Qwen2.5-0.5B,23,0.9583333333333334,mean,,ja,zh,512,unmatched_cosine,0.7707480192184448
Qwen/Qwen2.5-0.5B,23,0.9583333333333334,mean,,ja,zh,512,cosine_margin,0.05524015426635742
Qwen/Qwen2.5-0.5B,23,0.9583333333333334,mean,,zh,en,512,matched_cosine,0.865665078163147
Qwen/Qwen2.5-0.5B,23,0.9583333333333334,mean,,zh,en,512,unmatched_cosine,0.7754573822021484
Qwen/Qwen2.5-0.5B,23,0.9583333333333334,mean,,zh,en,512,cosine_margin,0.09020769596099854
Qwen/Qwen2.5-0.5B,23,0.9583333333333334,mean,,zh,ko,512,matched_cosine,0.7113375663757324
Qwen/Qwen2.5-0.5B,23,0.9583333333333334,mean,,zh,ko,512,unmatched_cosine,0.6702054738998413
Qwen/Qwen2.5-0.5B,23,0.9583333333333334,mean,,zh,ko,512,cosine_margin,0.04113209247589111
Qwen/Qwen2.5-0.5B,23,0.9583333333333334,mean,,zh,ja,512,matched_cosine,0.8259881734848022
Qwen/Qwen2.5-0.5B,23,0.9583333333333334,mean,,zh,ja,512,unmatched_cosine,0.7712228298187256
Qwen/Qwen2.5-0.5B,23,0.9583333333333334,mean,,zh,ja,512,cosine_margin,0.05476534366607666
Qwen/Qwen2.5-0.5B,24,1.0,mean,en,,,512,centroid_norm,0.9260362982749939
Qwen/Qwen2.5-0.5B,24,1.0,mean,en,,,512,within_language_cosine,0.8572644496850538
Qwen/Qwen2.5-0.5B,24,1.0,mean,en,,,512,stable_rank,5.970411335287206
Qwen/Qwen2.5-0.5B,24,1.0,mean,ko,,,512,centroid_norm,0.9838061928749084
Qwen/Qwen2.5-0.5B,24,1.0,mean,ko,,,512,within_language_cosine,0.967811778566842
Qwen/Qwen2.5-0.5B,24,1.0,mean,ko,,,512,stable_rank,5.060664407161748
Qwen/Qwen2.5-0.5B,24,1.0,mean,ja,,,512,centroid_norm,0.9673659801483154
Qwen/Qwen2.5-0.5B,24,1.0,mean,ja,,,512,within_language_cosine,0.9356712744427287
Qwen/Qwen2.5-0.5B,24,1.0,mean,ja,,,512,stable_rank,6.354445212311442
Qwen/Qwen2.5-0.5B,24,1.0,mean,zh,,,512,centroid_norm,0.9274052977561951
Qwen/Qwen2.5-0.5B,24,1.0,mean,zh,,,512,within_language_cosine,0.8598067251903437
Qwen/Qwen2.5-0.5B,24,1.0,mean,zh,,,512,stable_rank,5.908513807539217
Qwen/Qwen2.5-0.5B,24,1.0,mean,,en,ko,512,matched_cosine,-0.16891415417194366
Qwen/Qwen2.5-0.5B,24,1.0,mean,,en,ko,512,unmatched_cosine,-0.19827328622341156
Qwen/Qwen2.5-0.5B,24,1.0,mean,,en,ko,512,cosine_margin,0.029359132051467896
Qwen/Qwen2.5-0.5B,24,1.0,mean,,en,ja,512,matched_cosine,-0.13728098571300507
Qwen/Qwen2.5-0.5B,24,1.0,mean,,en,ja,512,unmatched_cosine,-0.1779453158378601
Qwen/Qwen2.5-0.5B,24,1.0,mean,,en,ja,512,cosine_margin,0.04066433012485504
Qwen/Qwen2.5-0.5B,24,1.0,mean,,en,zh,512,matched_cosine,-0.05364404618740082
Qwen/Qwen2.5-0.5B,24,1.0,mean,,en,zh,512,unmatched_cosine,-0.1381014734506607
Qwen/Qwen2.5-0.5B,24,1.0,mean,,en,zh,512,cosine_margin,0.08445742726325989
Qwen/Qwen2.5-0.5B,24,1.0,mean,,ko,en,512,matched_cosine,-0.16891415417194366
Qwen/Qwen2.5-0.5B,24,1.0,mean,,ko,en,512,unmatched_cosine,-0.19859665632247925
Qwen/Qwen2.5-0.5B,24,1.0,mean,,ko,en,512,cosine_margin,0.029682502150535583
Qwen/Qwen2.5-0.5B,24,1.0,mean,,ko,ja,512,matched_cosine,0.06270653009414673
Qwen/Qwen2.5-0.5B,24,1.0,mean,,ko,ja,512,unmatched_cosine,0.03842973709106445
Qwen/Qwen2.5-0.5B,24,1.0,mean,,ko,ja,512,cosine_margin,0.024276793003082275
Qwen/Qwen2.5-0.5B,24,1.0,mean,,ko,zh,512,matched_cosine,-0.2445368766784668
Qwen/Qwen2.5-0.5B,24,1.0,mean,,ko,zh,512,unmatched_cosine,-0.27590635418891907
Qwen/Qwen2.5-0.5B,24,1.0,mean,,ko,zh,512,cosine_margin,0.03136947751045227
Qwen/Qwen2.5-0.5B,24,1.0,mean,,ja,en,512,matched_cosine,-0.13728098571300507
Qwen/Qwen2.5-0.5B,24,1.0,mean,,ja,en,512,unmatched_cosine,-0.17823143303394318
Qwen/Qwen2.5-0.5B,24,1.0,mean,,ja,en,512,cosine_margin,0.04095044732093811
Qwen/Qwen2.5-0.5B,24,1.0,mean,,ja,ko,512,matched_cosine,0.06270653009414673
Qwen/Qwen2.5-0.5B,24,1.0,mean,,ja,ko,512,unmatched_cosine,0.038247328251600266
Qwen/Qwen2.5-0.5B,24,1.0,mean,,ja,ko,512,cosine_margin,0.024459201842546463
Qwen/Qwen2.5-0.5B,24,1.0,mean,,ja,zh,512,matched_cosine,0.23893901705741882
Qwen/Qwen2.5-0.5B,24,1.0,mean,,ja,zh,512,unmatched_cosine,0.18684101104736328
Qwen/Qwen2.5-0.5B,24,1.0,mean,,ja,zh,512,cosine_margin,0.05209800601005554
Qwen/Qwen2.5-0.5B,24,1.0,mean,,zh,en,512,matched_cosine,-0.05364404618740082
Qwen/Qwen2.5-0.5B,24,1.0,mean,,zh,en,512,unmatched_cosine,-0.13879376649856567
Qwen/Qwen2.5-0.5B,24,1.0,mean,,zh,en,512,cosine_margin,0.08514972031116486
Qwen/Qwen2.5-0.5B,24,1.0,mean,,zh,ko,512,matched_cosine,-0.2445368766784668
Qwen/Qwen2.5-0.5B,24,1.0,mean,,zh,ko,512,unmatched_cosine,-0.2758452296257019
Qwen/Qwen2.5-0.5B,24,1.0,mean,,zh,ko,512,cosine_margin,0.03130835294723511
Qwen/Qwen2.5-0.5B,24,1.0,mean,,zh,ja,512,matched_cosine,0.23893901705741882
Qwen/Qwen2.5-0.5B,24,1.0,mean,,zh,ja,512,unmatched_cosine,0.18734440207481384
Qwen/Qwen2.5-0.5B,24,1.0,mean,,zh,ja,512,cosine_margin,0.05159461498260498
