model,layer,normalized_depth,pooling,condition,seed,source_language,target_language,metric,value,n_train,n_eval,record_type,comparison,ci_lower,ci_upper,n_resamples
Qwen/Qwen2.5-0.5B,22,0.9166666666666666,last_token,normal,,en,ko,r1,0.560546875,1024,2048,metric,,,,
Qwen/Qwen2.5-0.5B,22,0.9166666666666666,last_token,normal,,en,ko,mrr,0.6799383635752078,1024,2048,metric,,,,
Qwen/Qwen2.5-0.5B,22,0.9166666666666666,last_token,normal,,en,ja,r1,0.693359375,1024,2048,metric,,,,
Qwen/Qwen2.5-0.5B,22,0.9166666666666666,last_token,normal,,en,ja,mrr,0.7904402941662543,1024,2048,metric,,,,
Qwen/Qwen2.5-0.5B,22,0.9166666666666666,last_token,normal,,en,zh,r1,0.861328125,1024,2048,metric,,,,
Qwen/Qwen2.5-0.5B,22,0.9166666666666666,last_token,normal,,en,zh,mrr,0.9112075188145778,1024,2048,metric,,,,
Qwen/Qwen2.5-0.5B,22,0.9166666666666666,last_token,normal,,ko,en,r1,0.259765625,1024,2048,metric,,,,
Qwen/Qwen2.5-0.5B,22,0.9166666666666666,last_token,normal,,ko,en,mrr,0.3521068451256352,1024,2048,metric,,,,
Qwen/Qwen2.5-0.5B,22,0.9166666666666666,last_token,normal,,ko,ja,r1,0.505859375,1024,2048,metric,,,,
Qwen/Qwen2.5-0.5B,22,0.9166666666666666,last_token,normal,,ko,ja,mrr,0.620130389033301,1024,2048,metric,,,,
Qwen/Qwen2.5-0.5B,22,0.9166666666666666,last_token,normal,,ko,zh,r1,0.421875,1024,2048,metric,,,,
Qwen/Qwen2.5-0.5B,22,0.9166666666666666,last_token,normal,,ko,zh,mrr,0.539308521576397,1024,2048,metric,,,,
Qwen/Qwen2.5-0.5B,22,0.9166666666666666,last_token,normal,,ja,en,r1,0.49609375,1024,2048,metric,,,,
Qwen/Qwen2.5-0.5B,22,0.9166666666666666,last_token,normal,,ja,en,mrr,0.6082637852137671,1024,2048,metric,,,,
Qwen/Qwen2.5-0.5B,22,0.9166666666666666,last_token,normal,,ja,ko,r1,0.728515625,1024,2048,metric,,,,
Qwen/Qwen2.5-0.5B,22,0.9166666666666666,last_token,normal,,ja,ko,mrr,0.7933719627882894,1024,2048,metric,,,,
Qwen/Qwen2.5-0.5B,22,0.9166666666666666,last_token,normal,,ja,zh,r1,0.732421875,1024,2048,metric,,,,
Qwen/Qwen2.5-0.5B,22,0.9166666666666666,last_token,normal,,ja,zh,mrr,0.8045451685328651,1024,2048,metric,,,,
Qwen/Qwen2.5-0.5B,22,0.9166666666666666,last_token,normal,,zh,en,r1,0.7578125,1024,2048,metric,,,,
Qwen/Qwen2.5-0.5B,22,0.9166666666666666,last_token,normal,,zh,en,mrr,0.8296961797525817,1024,2048,metric,,,,
Qwen/Qwen2.5-0.5B,22,0.9166666666666666,last_token,normal,,zh,ko,r1,0.578125,1024,2048,metric,,,,
Qwen/Qwen2.5-0.5B,22,0.9166666666666666,last_token,normal,,zh,ko,mrr,0.6887150851434244,1024,2048,metric,,,,
Qwen/Qwen2.5-0.5B,22,0.9166666666666666,last_token,normal,,zh,ja,r1,0.6640625,1024,2048,metric,,,,
Qwen/Qwen2.5-0.5B,22,0.9166666666666666,last_token,normal,,zh,ja,mrr,0.7661806546105527,1024,2048,metric,,,,
Qwen/Qwen2.5-0.5B,23,0.9583333333333334,last_token,normal,,en,ko,r1,0.171875,1024,2048,metric,,,,
Qwen/Qwen2.5-0.5B,23,0.9583333333333334,last_token,normal,,en,ko,mrr,0.27470544034983235,1024,2048,metric,,,,
Qwen/Qwen2.5-0.5B,23,0.9583333333333334,last_token,normal,,en,ja,r1,0.6796875,1024,2048,metric,,,,
Qwen/Qwen2.5-0.5B,23,0.9583333333333334,last_token,normal,,en,ja,mrr,0.7849249628049534,1024,2048,metric,,,,
Qwen/Qwen2.5-0.5B,23,0.9583333333333334,last_token,normal,,en,zh,r1,0.830078125,1024,2048,metric,,,,
Qwen/Qwen2.5-0.5B,23,0.9583333333333334,last_token,normal,,en,zh,mrr,0.8841731533151518,1024,2048,metric,,,,
Qwen/Qwen2.5-0.5B,23,0.9583333333333334,last_token,normal,,ko,en,r1,0.361328125,1024,2048,metric,,,,
Qwen/Qwen2.5-0.5B,23,0.9583333333333334,last_token,normal,,ko,en,mrr,0.46764864024332764,1024,2048,metric,,,,
Qwen/Qwen2.5-0.5B,23,0.9583333333333334,last_token,normal,,ko,ja,r1,0.5703125,1024,2048,metric,,,,
Qwen/Qwen2.5-0.5B,23,0.9583333333333334,last_token,normal,,ko,ja,mrr,0.6742021890420345,1024,2048,metric,,,,
Qwen/Qwen2.5-0.5B,23,0.9583333333333334,last_token,normal,,ko,zh,r1,0.40625,1024,2048,metric,,,,
Qwen/Qwen2.5-0.5B,23,0.9583333333333334,last_token,normal,,ko,zh,mrr,0.5188392400922022,1024,2048,metric,,,,
Qwen/Qwen2.5-0.5B,23,0.9583333333333334,last_token,normal,,ja,en,r1,0.439453125,1024,2048,metric,,,,
Qwen/Qwen2.5-0.5B,23,0.9583333333333334,last_token,normal,,ja,en,mrr,0.5679333864087015,1024,2048,metric,,,,
Qwen/Qwen2.5-0.5B,23,0.9583333333333334,last_token,normal,,ja,ko,r1,0.375,1024,2048,metric,,,,
Qwen/Qwen2.5-0.5B,23,0.9583333333333334,last_token,normal,,ja,ko,mrr,0.48381750317656025,1024,2048,metric,,,,
Qwen/Qwen2.5-0.5B,23,0.9583333333333334,last_token,normal,,ja,zh,r1,0.751953125,1024,2048,metric,,,,
Qwen/Qwen2.5-0.5B,23,0.9583333333333334,last_token,normal,,ja,zh,mrr,0.8272622997528127,1024,2048,metric,,,,
Qwen/Qwen2.5-0.5B,23,0.9583333333333334,last_token,normal,,zh,en,r1,0.703125,1024,2048,metric,,,,
Qwen/Qwen2.5-0.5B,23,0.9583333333333334,last_token,normal,,zh,en,mrr,0.7865832420330305,1024,2048,metric,,,,
Qwen/Qwen2.5-0.5B,23,0.9583333333333334,last_token,normal,,zh,ko,r1,0.212890625,1024,2048,metric,,,,
Qwen/Qwen2.5-0.5B,23,0.9583333333333334,last_token,normal,,zh,ko,mrr,0.3142987455752206,1024,2048,metric,,,,
Qwen/Qwen2.5-0.5B,23,0.9583333333333334,last_token,normal,,zh,ja,r1,0.67578125,1024,2048,metric,,,,
Qwen/Qwen2.5-0.5B,23,0.9583333333333334,last_token,normal,,zh,ja,mrr,0.7683955817491437,1024,2048,metric,,,,
Qwen/Qwen2.5-0.5B,24,1.0,last_token,normal,,en,ko,r1,0.00390625,1024,2048,metric,,,,
Qwen/Qwen2.5-0.5B,24,1.0,last_token,normal,,en,ko,mrr,0.03665829019571684,1024,2048,metric,,,,
Qwen/Qwen2.5-0.5B,24,1.0,last_token,normal,,en,ja,r1,0.029296875,1024,2048,metric,,,,
Qwen/Qwen2.5-0.5B,24,1.0,last_token,normal,,en,ja,mrr,0.07597735550845935,1024,2048,metric,,,,
Qwen/Qwen2.5-0.5B,24,1.0,last_token,normal,,en,zh,r1,0.00390625,1024,2048,metric,,,,
Qwen/Qwen2.5-0.5B,24,1.0,last_token,normal,,en,zh,mrr,0.043598689584160015,1024,2048,metric,,,,
Qwen/Qwen2.5-0.5B,24,1.0,last_token,normal,,ko,en,r1,0.005859375,1024,2048,metric,,,,
Qwen/Qwen2.5-0.5B,24,1.0,last_token,normal,,ko,en,mrr,0.057881120576703915,1024,2048,metric,,,,
Qwen/Qwen2.5-0.5B,24,1.0,last_token,normal,,ko,ja,r1,0.021484375,1024,2048,metric,,,,
Qwen/Qwen2.5-0.5B,24,1.0,last_token,normal,,ko,ja,mrr,0.061712274011326805,1024,2048,metric,,,,
Qwen/Qwen2.5-0.5B,24,1.0,last_token,normal,,ko,zh,r1,0.009765625,1024,2048,metric,,,,
Qwen/Qwen2.5-0.5B,24,1.0,last_token,normal,,ko,zh,mrr,0.040295488657775325,1024,2048,metric,,,,
Qwen/Qwen2.5-0.5B,24,1.0,last_token,normal,,ja,en,r1,0.001953125,1024,2048,metric,,,,
Qwen/Qwen2.5-0.5B,24,1.0,last_token,normal,,ja,en,mrr,0.04577168986320759,1024,2048,metric,,,,
Qwen/Qwen2.5-0.5B,24,1.0,last_token,normal,,ja,ko,r1,0.001953125,1024,2048,metric,,,,
Qwen/Qwen2.5-0.5B,24,1.0,last_token,normal,,ja,ko,mrr,0.04748493923331133,1024,2048,metric,,,,
Qwen/Qwen2.5-0.5B,24,1.0,last_token,normal,,ja,zh,r1,0.0703125,1024,2048,metric,,,,
Qwen/Qwen2.5-0.5B,24,1.0,last_token,normal,,ja,zh,mrr,0.15530407045940886,1024,2048,metric,,,,
Qwen/Qwen2.5-0.5B,24,1.0,last_token,normal,,zh,en,r1,0.017578125,1024,2048,metric,,,,
Qwen/Qwen2.5-0.5B,24,1.0,last_token,normal,,zh,en,mrr,0.09618382133483952,1024,2048,metric,,,,
Qwen/Qwen2.5-0.5B,24,1.0,last_token,normal,,zh,ko,r1,0.00390625,1024,2048,metric,,,,
Qwen/Qwen2.5-0.5B,24,1.0,last_token,normal,,zh,ko,mrr,0.08726857002188787,1024,2048,metric,,,,
Qwen/Qwen2.5-0.5B,24,1.0,last_token,normal,,zh,ja,r1,0.138671875,1024,2048,metric,,,,
Qwen/Qwen2.5-0.5B,24,1.0,last_token,normal,,zh,ja,mrr,0.26992827667504243,1024,2048,metric,,,,
Qwen/Qwen2.5-0.5B,22,0.9166666666666666,mean,normal,,en,ko,r1,0.392578125,1024,2048,metric,,,,
Qwen/Qwen2.5-0.5B,22,0.9166666666666666,mean,normal,,en,ko,mrr,0.5498172242601971,1024,2048,metric,,,,
Qwen/Qwen2.5-0.5B,22,0.9166666666666666,mean,normal,,en,ja,r1,0.087890625,1024,2048,metric,,,,
Qwen/Qwen2.5-0.5B,22,0.9166666666666666,mean,normal,,en,ja,mrr,0.2638299557062176,1024,2048,metric,,,,
Qwen/Qwen2.5-0.5B,22,0.9166666666666666,mean,normal,,en,zh,r1,0.94921875,1024,2048,metric,,,,
Qwen/Qwen2.5-0.5B,22,0.9166666666666666,mean,normal,,en,zh,mrr,0.9678905404491343,1024,2048,metric,,,,
Qwen/Qwen2.5-0.5B,22,0.9166666666666666,mean,normal,,ko,en,r1,0.35546875,1024,2048,metric,,,,
Qwen/Qwen2.5-0.5B,22,0.9166666666666666,mean,normal,,ko,en,mrr,0.46275006300921667,1024,2048,metric,,,,
Qwen/Qwen2.5-0.5B,22,0.9166666666666666,mean,normal,,ko,ja,r1,0.22265625,1024,2048,metric,,,,
Qwen/Qwen2.5-0.5B,22,0.9166666666666666,mean,normal,,ko,ja,mrr,0.39955967177660834,1024,2048,metric,,,,
Qwen/Qwen2.5-0.5B,22,0.9166666666666666,mean,normal,,ko,zh,r1,0.427734375,1024,2048,metric,,,,
Qwen/Qwen2.5-0.5B,22,0.9166666666666666,mean,normal,,ko,zh,mrr,0.5553352635895872,1024,2048,metric,,,,
Qwen/Qwen2.5-0.5B,22,0.9166666666666666,mean,normal,,ja,en,r1,0.548828125,1024,2048,metric,,,,
Qwen/Qwen2.5-0.5B,22,0.9166666666666666,mean,normal,,ja,en,mrr,0.6533569768451204,1024,2048,metric,,,,
Qwen/Qwen2.5-0.5B,22,0.9166666666666666,mean,normal,,ja,ko,r1,0.7734375,1024,2048,metric,,,,
Qwen/Qwen2.5-0.5B,22,0.9166666666666666,mean,normal,,ja,ko,mrr,0.8394821140038191,1024,2048,metric,,,,
Qwen/Qwen2.5-0.5B,22,0.9166666666666666,mean,normal,,ja,zh,r1,0.767578125,1024,2048,metric,,,,
Qwen/Qwen2.5-0.5B,22,0.9166666666666666,mean,normal,,ja,zh,mrr,0.8460172878874153,1024,2048,metric,,,,
Qwen/Qwen2.5-0.5B,22,0.9166666666666666,mean,normal,,zh,en,r1,0.958984375,1024,2048,metric,,,,
Qwen/Qwen2.5-0.5B,22,0.9166666666666666,mean,normal,,zh,en,mrr,0.9735056046060451,1024,2048,metric,,,,
Qwen/Qwen2.5-0.5B,22,0.9166666666666666,mean,normal,,zh,ko,r1,0.517578125,1024,2048,metric,,,,
Qwen/Qwen2.5-0.5B,22,0.9166666666666666,mean,normal,,zh,ko,mrr,0.6461970006008798,1024,2048,metric,,,,
Qwen/Qwen2.5-0.5B,22,0.9166666666666666,mean,normal,,zh,ja,r1,0.21875,1024,2048,metric,,,,
Qwen/Qwen2.5-0.5B,22,0.9166666666666666,mean,normal,,zh,ja,mrr,0.38853531867151453,1024,2048,metric,,,,
Qwen/Qwen2.5-0.5B,23,0.9583333333333334,mean,normal,,en,ko,r1,0.0546875,1024,2048,metric,,,,
Qwen/Qwen2.5-0.5B,23,0.9583333333333334,mean,normal,,en,ko,mrr,0.12181211645266193,1024,2048,metric,,,,
Qwen/Qwen2.5-0.5B,23,0.9583333333333334,mean,normal,,en,ja,r1,0.04296875,1024,2048,metric,,,,
Qwen/Qwen2.5-0.5B,23,0.9583333333333334,mean,normal,,en,ja,mrr,0.2059836718158127,1024,2048,metric,,,,
Qwen/Qwen2.5-0.5B,23,0.9583333333333334,mean,normal,,en,zh,r1,0.814453125,1024,2048,metric,,,,
Qwen/Qwen2.5-0.5B,23,0.9583333333333334,mean,normal,,en,zh,mrr,0.8805354259455822,1024,2048,metric,,,,
Qwen/Qwen2.5-0.5B,23,0.9583333333333334,mean,normal,,ko,en,r1,0.25390625,1024,2048,metric,,,,
Qwen/Qwen2.5-0.5B,23,0.9583333333333334,mean,normal,,ko,en,mrr,0.3966981553257553,1024,2048,metric,,,,
Qwen/Qwen2.5-0.5B,23,0.9583333333333334,mean,normal,,ko,ja,r1,0.23828125,1024,2048,metric,,,,
Qwen/Qwen2.5-0.5B,23,0.9583333333333334,mean,normal,,ko,ja,mrr,0.4118805390924753,1024,2048,metric,,,,
Qwen/Qwen2.5-0.5B,23,0.9583333333333334,mean,normal,,ko,zh,r1,0.359375,1024,2048,metric,,,,
Qwen/Qwen2.5-0.5B,23,0.9583333333333334,mean,normal,,ko,zh,mrr,0.47627171654771483,1024,2048,metric,,,,
Qwen/Qwen2.5-0.5B,23,0.9583333333333334,mean,normal,,ja,en,r1,0.388671875,1024,2048,metric,,,,
Qwen/Qwen2.5-0.5B,23,0.9583333333333334,mean,normal,,ja,en,mrr,0.5183026804920733,1024,2048,metric,,,,
Qwen/Qwen2.5-0.5B,23,0.9583333333333334,mean,normal,,ja,ko,r1,0.080078125,1024,2048,metric,,,,
Qwen/Qwen2.5-0.5B,23,0.9583333333333334,mean,normal,,ja,ko,mrr,0.18121426906307886,1024,2048,metric,,,,
Qwen/Qwen2.5-0.5B,23,0.9583333333333334,mean,normal,,ja,zh,r1,0.708984375,1024,2048,metric,,,,
Qwen/Qwen2.5-0.5B,23,0.9583333333333334,mean,normal,,ja,zh,mrr,0.7968515746352036,1024,2048,metric,,,,
Qwen/Qwen2.5-0.5B,23,0.9583333333333334,mean,normal,,zh,en,r1,0.951171875,1024,2048,metric,,,,
Qwen/Qwen2.5-0.5B,23,0.9583333333333334,mean,normal,,zh,en,mrr,0.9691297645870652,1024,2048,metric,,,,
Qwen/Qwen2.5-0.5B,23,0.9583333333333334,mean,normal,,zh,ko,r1,0.07421875,1024,2048,metric,,,,
Qwen/Qwen2.5-0.5B,23,0.9583333333333334,mean,normal,,zh,ko,mrr,0.16066358724164426,1024,2048,metric,,,,
Qwen/Qwen2.5-0.5B,23,0.9583333333333334,mean,normal,,zh,ja,r1,0.193359375,1024,2048,metric,,,,
Qwen/Qwen2.5-0.5B,23,0.9583333333333334,mean,normal,,zh,ja,mrr,0.3646700152899443,1024,2048,metric,,,,
Qwen/Qwen2.5-0.5B,24,1.0,mean,normal,,en,ko,r1,0.00390625,1024,2048,metric,,,,
Qwen/Qwen2.5-0.5B,24,1.0,mean,normal,,en,ko,mrr,0.03718469092666364,1024,2048,metric,,,,
Qwen/Qwen2.5-0.5B,24,1.0,mean,normal,,en,ja,r1,0.001953125,1024,2048,metric,,,,
Qwen/Qwen2.5-0.5B,24,1.0,mean,normal,,en,ja,mrr,0.03995642536339147,1024,2048,metric,,,,
Qwen/Qwen2.5-0.5B,24,1.0,mean,normal,,en,zh,r1,0.001953125,1024,2048,metric,,,,
Qwen/Qwen2.5-0.5B,24,1.0,mean,normal,,en,zh,mrr,0.03151967035100478,1024,2048,metric,,,,
Qwen/Qwen2.5-0.5B,24,1.0,mean,normal,,ko,en,r1,0.013671875,1024,2048,metric,,,,
Qwen/Qwen2.5-0.5B,24,1.0,mean,normal,,ko,en,mrr,0.05047240833201811,1024,2048,metric,,,,
Qwen/Qwen2.5-0.5B,24,1.0,mean,normal,,ko,ja,r1,0.068359375,1024,2048,metric,,,,
Qwen/Qwen2.5-0.5B,24,1.0,mean,normal,,ko,ja,mrr,0.11090432082909289,1024,2048,metric,,,,
Qwen/Qwen2.5-0.5B,24,1.0,mean,normal,,ko,zh,r1,0.033203125,1024,2048,metric,,,,
Qwen/Qwen2.5-0.5B,24,1.0,mean,normal,,ko,zh,mrr,0.05802702225502217,1024,2048,metric,,,,
Qwen/Qwen2.5-0.5B,24,1.0,mean,normal,,ja,en,r1,0.1015625,1024,2048,metric,,,,
Qwen/Qwen2.5-0.5B,24,1.0,mean,normal,,ja,en,mrr,0.16036188339327323,1024,2048,metric,,,,
Qwen/Qwen2.5-0.5B,24,1.0,mean,normal,,ja,ko,r1,0.015625,1024,2048,metric,,,,
Qwen/Qwen2.5-0.5B,24,1.0,mean,normal,,ja,ko,mrr,0.056259814259745036,1024,2048,metric,,,,
Qwen/Qwen2.5-0.5B,24,1.0,mean,normal,,ja,zh,r1,0.0703125,1024,2048,metric,,,,
Qwen/Qwen2.5-0.5B,24,1.0,mean,normal,,ja,zh,mrr,0.13737283753741736,1024,2048,metric,,,,
Qwen/Qwen2.5-0.5B,24,1.0,mean,normal,,zh,en,r1,0.1875,1024,2048,metric,,,,
Qwen/Qwen2.5-0.5B,24,1.0,mean,normal,,zh,en,mrr,0.32564540510534745,1024,2048,metric,,,,
Qwen/Qwen2.5-0.5B,24,1.0,mean,normal,,zh,ko,r1,0.017578125,1024,2048,metric,,,,
Qwen/Qwen2.5-0.5B,24,1.0,mean,normal,,zh,ko,mrr,0.08995286082723752,1024,2048,metric,,,,
Qwen/Qwen2.5-0.5B,24,1.0,mean,normal,,zh,ja,r1,0.00390625,1024,2048,metric,,,,
Qwen/Qwen2.5-0.5B,24,1.0,mean,normal,,zh,ja,mrr,0.04047837273240151,1024,2048,metric,,,,
Qwen/Qwen2.5-0.5B,22,0.9166666666666666,last_token,remove_language,,en,ko,r1,0.560546875,1024,2048,metric,,,,
Qwen/Qwen2.5-0.5B,22,0.9166666666666666,last_token,remove_language,,en,ko,mrr,0.6799383635752078,1024,2048,metric,,,,
Qwen/Qwen2.5-0.5B,22,0.9166666666666666,last_token,remove_language,,en,ja,r1,0.693359375,1024,2048,metric,,,,
Qwen/Qwen2.5-0.5B,22,0.9166666666666666,last_token,remove_language,,en,ja,mrr,0.7904402941662543,1024,2048,metric,,,,
Qwen/Qwen2.5-0.5B,22,0.9166666666666666,last_token,remove_language,,en,zh,r1,0.861328125,1024,2048,metric,,,,
Qwen/Qwen2.5-0.5B,22,0.9166666666666666,last_token,remove_language,,en,zh,mrr,0.9112075188145778,1024,2048,metric,,,,
Qwen/Qwen2.5-0.5B,22,0.9166666666666666,last_token,remove_language,,ko,en,r1,0.259765625,1024,2048,metric,,,,
Qwen/Qwen2.5-0.5B,22,0.9166666666666666,last_token,remove_language,,ko,en,mrr,0.3521068451256352,1024,2048,metric,,,,
Qwen/Qwen2.5-0.5B,22,0.9166666666666666,last_token,remove_language,,ko,ja,r1,0.505859375,1024,2048,metric,,,,
Qwen/Qwen2.5-0.5B,22,0.9166666666666666,last_token,remove_language,,ko,ja,mrr,0.620130389033301,1024,2048,metric,,,,
Qwen/Qwen2.5-0.5B,22,0.9166666666666666,last_token,remove_language,,ko,zh,r1,0.421875,1024,2048,metric,,,,
Qwen/Qwen2.5-0.5B,22,0.9166666666666666,last_token,remove_language,,ko,zh,mrr,0.539308521576397,1024,2048,metric,,,,
Qwen/Qwen2.5-0.5B,22,0.9166666666666666,last_token,remove_language,,ja,en,r1,0.49609375,1024,2048,metric,,,,
Qwen/Qwen2.5-0.5B,22,0.9166666666666666,last_token,remove_language,,ja,en,mrr,0.6082637852137671,1024,2048,metric,,,,
Qwen/Qwen2.5-0.5B,22,0.9166666666666666,last_token,remove_language,,ja,ko,r1,0.728515625,1024,2048,metric,,,,
Qwen/Qwen2.5-0.5B,22,0.9166666666666666,last_token,remove_language,,ja,ko,mrr,0.7933719627882894,1024,2048,metric,,,,
Qwen/Qwen2.5-0.5B,22,0.9166666666666666,last_token,remove_language,,ja,zh,r1,0.732421875,1024,2048,metric,,,,
Qwen/Qwen2.5-0.5B,22,0.9166666666666666,last_token,remove_language,,ja,zh,mrr,0.8045451685328651,1024,2048,metric,,,,
Qwen/Qwen2.5-0.5B,22,0.9166666666666666,last_token,remove_language,,zh,en,r1,0.7578125,1024,2048,metric,,,,
Qwen/Qwen2.5-0.5B,22,0.9166666666666666,last_token,remove_language,,zh,en,mrr,0.8296961797525817,1024,2048,metric,,,,
Qwen/Qwen2.5-0.5B,22,0.9166666666666666,last_token,remove_language,,zh,ko,r1,0.578125,1024,2048,metric,,,,
Qwen/Qwen2.5-0.5B,22,0.9166666666666666,last_token,remove_language,,zh,ko,mrr,0.6887150851434244,1024,2048,metric,,,,
Qwen/Qwen2.5-0.5B,22,0.9166666666666666,last_token,remove_language,,zh,ja,r1,0.6640625,1024,2048,metric,,,,
Qwen/Qwen2.5-0.5B,22,0.9166666666666666,last_token,remove_language,,zh,ja,mrr,0.7661806546105527,1024,2048,metric,,,,
Qwen/Qwen2.5-0.5B,23,0.9583333333333334,last_token,remove_language,,en,ko,r1,0.634765625,1024,2048,metric,,,,
Qwen/Qwen2.5-0.5B,23,0.9583333333333334,last_token,remove_language,,en,ko,mrr,0.739609142037008,1024,2048,metric,,,,
Qwen/Qwen2.5-0.5B,23,0.9583333333333334,last_token,remove_language,,en,ja,r1,0.87890625,1024,2048,metric,,,,
Qwen/Qwen2.5-0.5B,23,0.9583333333333334,last_token,remove_language,,en,ja,mrr,0.9290166025171065,1024,2048,metric,,,,
Qwen/Qwen2.5-0.5B,23,0.9583333333333334,last_token,remove_language,,en,zh,r1,0.904296875,1024,2048,metric,,,,
Qwen/Qwen2.5-0.5B,23,0.9583333333333334,last_token,remove_language,,en,zh,mrr,0.9400211918780192,1024,2048,metric,,,,
Qwen/Qwen2.5-0.5B,23,0.9583333333333334,last_token,remove_language,,ko,en,r1,0.30859375,1024,2048,metric,,,,
Qwen/Qwen2.5-0.5B,23,0.9583333333333334,last_token,remove_language,,ko,en,mrr,0.40579713301035747,1024,2048,metric,,,,
Qwen/Qwen2.5-0.5B,23,0.9583333333333334,last_token,remove_language,,ko,ja,r1,0.693359375,1024,2048,metric,,,,
Qwen/Qwen2.5-0.5B,23,0.9583333333333334,last_token,remove_language,,ko,ja,mrr,0.7770976177673842,1024,2048,metric,,,,
Qwen/Qwen2.5-0.5B,23,0.9583333333333334,last_token,remove_language,,ko,zh,r1,0.501953125,1024,2048,metric,,,,
Qwen/Qwen2.5-0.5B,23,0.9583333333333334,last_token,remove_language,,ko,zh,mrr,0.6011866385429414,1024,2048,metric,,,,
Qwen/Qwen2.5-0.5B,23,0.9583333333333334,last_token,remove_language,,ja,en,r1,0.587890625,1024,2048,metric,,,,
Qwen/Qwen2.5-0.5B,23,0.9583333333333334,last_token,remove_language,,ja,en,mrr,0.6884750709152482,1024,2048,metric,,,,
Qwen/Qwen2.5-0.5B,23,0.9583333333333334,last_token,remove_language,,ja,ko,r1,0.7734375,1024,2048,metric,,,,
Qwen/Qwen2.5-0.5B,23,0.9583333333333334,last_token,remove_language,,ja,ko,mrr,0.8257123040454608,1024,2048,metric,,,,
Qwen/Qwen2.5-0.5B,23,0.9583333333333334,last_token,remove_language,,ja,zh,r1,0.75390625,1024,2048,metric,,,,
Qwen/Qwen2.5-0.5B,23,0.9583333333333334,last_token,remove_language,,ja,zh,mrr,0.8271015461698372,1024,2048,metric,,,,
Qwen/Qwen2.5-0.5B,23,0.9583333333333334,last_token,remove_language,,zh,en,r1,0.80078125,1024,2048,metric,,,,
Qwen/Qwen2.5-0.5B,23,0.9583333333333334,last_token,remove_language,,zh,en,mrr,0.8583566783812715,1024,2048,metric,,,,
Qwen/Qwen2.5-0.5B,23,0.9583333333333334,last_token,remove_language,,zh,ko,r1,0.662109375,1024,2048,metric,,,,
Qwen/Qwen2.5-0.5B,23,0.9583333333333334,last_token,remove_language,,zh,ko,mrr,0.7473110928366005,1024,2048,metric,,,,
Qwen/Qwen2.5-0.5B,23,0.9583333333333334,last_token,remove_language,,zh,ja,r1,0.90625,1024,2048,metric,,,,
Qwen/Qwen2.5-0.5B,23,0.9583333333333334,last_token,remove_language,,zh,ja,mrr,0.9424429921207265,1024,2048,metric,,,,
Qwen/Qwen2.5-0.5B,24,1.0,last_token,remove_language,,en,ko,r1,0.240234375,1024,2048,metric,,,,
Qwen/Qwen2.5-0.5B,24,1.0,last_token,remove_language,,en,ko,mrr,0.341785642380547,1024,2048,metric,,,,
Qwen/Qwen2.5-0.5B,24,1.0,last_token,remove_language,,en,ja,r1,0.314453125,1024,2048,metric,,,,
Qwen/Qwen2.5-0.5B,24,1.0,last_token,remove_language,,en,ja,mrr,0.46027954773052104,1024,2048,metric,,,,
Qwen/Qwen2.5-0.5B,24,1.0,last_token,remove_language,,en,zh,r1,0.416015625,1024,2048,metric,,,,
Qwen/Qwen2.5-0.5B,24,1.0,last_token,remove_language,,en,zh,mrr,0.545914623359992,1024,2048,metric,,,,
Qwen/Qwen2.5-0.5B,24,1.0,last_token,remove_language,,ko,en,r1,0.04296875,1024,2048,metric,,,,
Qwen/Qwen2.5-0.5B,24,1.0,last_token,remove_language,,ko,en,mrr,0.11006356866561448,1024,2048,metric,,,,
Qwen/Qwen2.5-0.5B,24,1.0,last_token,remove_language,,ko,ja,r1,0.419921875,1024,2048,metric,,,,
Qwen/Qwen2.5-0.5B,24,1.0,last_token,remove_language,,ko,ja,mrr,0.5469024547118473,1024,2048,metric,,,,
Qwen/Qwen2.5-0.5B,24,1.0,last_token,remove_language,,ko,zh,r1,0.19921875,1024,2048,metric,,,,
Qwen/Qwen2.5-0.5B,24,1.0,last_token,remove_language,,ko,zh,mrr,0.3043279981711645,1024,2048,metric,,,,
Qwen/Qwen2.5-0.5B,24,1.0,last_token,remove_language,,ja,en,r1,0.126953125,1024,2048,metric,,,,
Qwen/Qwen2.5-0.5B,24,1.0,last_token,remove_language,,ja,en,mrr,0.253855812831223,1024,2048,metric,,,,
Qwen/Qwen2.5-0.5B,24,1.0,last_token,remove_language,,ja,ko,r1,0.435546875,1024,2048,metric,,,,
Qwen/Qwen2.5-0.5B,24,1.0,last_token,remove_language,,ja,ko,mrr,0.561114792522521,1024,2048,metric,,,,
Qwen/Qwen2.5-0.5B,24,1.0,last_token,remove_language,,ja,zh,r1,0.556640625,1024,2048,metric,,,,
Qwen/Qwen2.5-0.5B,24,1.0,last_token,remove_language,,ja,zh,mrr,0.646510399489856,1024,2048,metric,,,,
Qwen/Qwen2.5-0.5B,24,1.0,last_token,remove_language,,zh,en,r1,0.505859375,1024,2048,metric,,,,
Qwen/Qwen2.5-0.5B,24,1.0,last_token,remove_language,,zh,en,mrr,0.6448722535921072,1024,2048,metric,,,,
Qwen/Qwen2.5-0.5B,24,1.0,last_token,remove_language,,zh,ko,r1,0.37890625,1024,2048,metric,,,,
Qwen/Qwen2.5-0.5B,24,1.0,last_token,remove_language,,zh,ko,mrr,0.503316686411436,1024,2048,metric,,,,
Qwen/Qwen2.5-0.5B,24,1.0,last_token,remove_language,,zh,ja,r1,0.7578125,1024,2048,metric,,,,
Qwen/Qwen2.5-0.5B,24,1.0,last_token,remove_language,,zh,ja,mrr,0.8320519041067971,1024,2048,metric,,,,
Qwen/Qwen2.5-0.5B,22,0.9166666666666666,mean,remove_language,,en,ko,r1,0.392578125,1024,2048,metric,,,,
Qwen/Qwen2.5-0.5B,22,0.9166666666666666,mean,remove_language,,en,ko,mrr,0.5498172242601971,1024,2048,metric,,,,
Qwen/Qwen2.5-0.5B,22,0.9166666666666666,mean,remove_language,,en,ja,r1,0.087890625,1024,2048,metric,,,,
Qwen/Qwen2.5-0.5B,22,0.9166666666666666,mean,remove_language,,en,ja,mrr,0.2638299557062176,1024,2048,metric,,,,
Qwen/Qwen2.5-0.5B,22,0.9166666666666666,mean,remove_language,,en,zh,r1,0.94921875,1024,2048,metric,,,,
Qwen/Qwen2.5-0.5B,22,0.9166666666666666,mean,remove_language,,en,zh,mrr,0.9678905404491343,1024,2048,metric,,,,
Qwen/Qwen2.5-0.5B,22,0.9166666666666666,mean,remove_language,,ko,en,r1,0.35546875,1024,2048,metric,,,,
Qwen/Qwen2.5-0.5B,22,0.9166666666666666,mean,remove_language,,ko,en,mrr,0.46275006300921667,1024,2048,metric,,,,
Qwen/Qwen2.5-0.5B,22,0.9166666666666666,mean,remove_language,,ko,ja,r1,0.22265625,1024,2048,metric,,,,
Qwen/Qwen2.5-0.5B,22,0.9166666666666666,mean,remove_language,,ko,ja,mrr,0.39955967177660834,1024,2048,metric,,,,
Qwen/Qwen2.5-0.5B,22,0.9166666666666666,mean,remove_language,,ko,zh,r1,0.427734375,1024,2048,metric,,,,
Qwen/Qwen2.5-0.5B,22,0.9166666666666666,mean,remove_language,,ko,zh,mrr,0.5553352635895872,1024,2048,metric,,,,
Qwen/Qwen2.5-0.5B,22,0.9166666666666666,mean,remove_language,,ja,en,r1,0.548828125,1024,2048,metric,,,,
Qwen/Qwen2.5-0.5B,22,0.9166666666666666,mean,remove_language,,ja,en,mrr,0.6533569768451204,1024,2048,metric,,,,
Qwen/Qwen2.5-0.5B,22,0.9166666666666666,mean,remove_language,,ja,ko,r1,0.7734375,1024,2048,metric,,,,
Qwen/Qwen2.5-0.5B,22,0.9166666666666666,mean,remove_language,,ja,ko,mrr,0.8394821140038191,1024,2048,metric,,,,
Qwen/Qwen2.5-0.5B,22,0.9166666666666666,mean,remove_language,,ja,zh,r1,0.767578125,1024,2048,metric,,,,
Qwen/Qwen2.5-0.5B,22,0.9166666666666666,mean,remove_language,,ja,zh,mrr,0.8460172878874153,1024,2048,metric,,,,
Qwen/Qwen2.5-0.5B,22,0.9166666666666666,mean,remove_language,,zh,en,r1,0.958984375,1024,2048,metric,,,,
Qwen/Qwen2.5-0.5B,22,0.9166666666666666,mean,remove_language,,zh,en,mrr,0.9735056046060451,1024,2048,metric,,,,
Qwen/Qwen2.5-0.5B,22,0.9166666666666666,mean,remove_language,,zh,ko,r1,0.517578125,1024,2048,metric,,,,
Qwen/Qwen2.5-0.5B,22,0.9166666666666666,mean,remove_language,,zh,ko,mrr,0.6461970006008798,1024,2048,metric,,,,
Qwen/Qwen2.5-0.5B,22,0.9166666666666666,mean,remove_language,,zh,ja,r1,0.21875,1024,2048,metric,,,,
Qwen/Qwen2.5-0.5B,22,0.9166666666666666,mean,remove_language,,zh,ja,mrr,0.38853531867151453,1024,2048,metric,,,,
Qwen/Qwen2.5-0.5B,23,0.9583333333333334,mean,remove_language,,en,ko,r1,0.818359375,1024,2048,metric,,,,
Qwen/Qwen2.5-0.5B,23,0.9583333333333334,mean,remove_language,,en,ko,mrr,0.8841606728682673,1024,2048,metric,,,,
Qwen/Qwen2.5-0.5B,23,0.9583333333333334,mean,remove_language,,en,ja,r1,0.916015625,1024,2048,metric,,,,
Qwen/Qwen2.5-0.5B,23,0.9583333333333334,mean,remove_language,,en,ja,mrr,0.9481778583829366,1024,2048,metric,,,,
Qwen/Qwen2.5-0.5B,23,0.9583333333333334,mean,remove_language,,en,zh,r1,0.97265625,1024,2048,metric,,,,
Qwen/Qwen2.5-0.5B,23,0.9583333333333334,mean,remove_language,,en,zh,mrr,0.983729098135965,1024,2048,metric,,,,
Qwen/Qwen2.5-0.5B,23,0.9583333333333334,mean,remove_language,,ko,en,r1,0.392578125,1024,2048,metric,,,,
Qwen/Qwen2.5-0.5B,23,0.9583333333333334,mean,remove_language,,ko,en,mrr,0.4984387842527945,1024,2048,metric,,,,
Qwen/Qwen2.5-0.5B,23,0.9583333333333334,mean,remove_language,,ko,ja,r1,0.896484375,1024,2048,metric,,,,
Qwen/Qwen2.5-0.5B,23,0.9583333333333334,mean,remove_language,,ko,ja,mrr,0.9293925212817451,1024,2048,metric,,,,
Qwen/Qwen2.5-0.5B,23,0.9583333333333334,mean,remove_language,,ko,zh,r1,0.537109375,1024,2048,metric,,,,
Qwen/Qwen2.5-0.5B,23,0.9583333333333334,mean,remove_language,,ko,zh,mrr,0.631656162181132,1024,2048,metric,,,,
Qwen/Qwen2.5-0.5B,23,0.9583333333333334,mean,remove_language,,ja,en,r1,0.638671875,1024,2048,metric,,,,
Qwen/Qwen2.5-0.5B,23,0.9583333333333334,mean,remove_language,,ja,en,mrr,0.7215866902636525,1024,2048,metric,,,,
Qwen/Qwen2.5-0.5B,23,0.9583333333333334,mean,remove_language,,ja,ko,r1,0.9140625,1024,2048,metric,,,,
Qwen/Qwen2.5-0.5B,23,0.9583333333333334,mean,remove_language,,ja,ko,mrr,0.9442966727985433,1024,2048,metric,,,,
Qwen/Qwen2.5-0.5B,23,0.9583333333333334,mean,remove_language,,ja,zh,r1,0.798828125,1024,2048,metric,,,,
Qwen/Qwen2.5-0.5B,23,0.9583333333333334,mean,remove_language,,ja,zh,mrr,0.8646241874956568,1024,2048,metric,,,,
Qwen/Qwen2.5-0.5B,23,0.9583333333333334,mean,remove_language,,zh,en,r1,0.974609375,1024,2048,metric,,,,
Qwen/Qwen2.5-0.5B,23,0.9583333333333334,mean,remove_language,,zh,en,mrr,0.9832891555059524,1024,2048,metric,,,,
Qwen/Qwen2.5-0.5B,23,0.9583333333333334,mean,remove_language,,zh,ko,r1,0.8359375,1024,2048,metric,,,,
Qwen/Qwen2.5-0.5B,23,0.9583333333333334,mean,remove_language,,zh,ko,mrr,0.892600379216439,1024,2048,metric,,,,
Qwen/Qwen2.5-0.5B,23,0.9583333333333334,mean,remove_language,,zh,ja,r1,0.94140625,1024,2048,metric,,,,
Qwen/Qwen2.5-0.5B,23,0.9583333333333334,mean,remove_language,,zh,ja,mrr,0.9637393043154762,1024,2048,metric,,,,
Qwen/Qwen2.5-0.5B,24,1.0,mean,remove_language,,en,ko,r1,0.69140625,1024,2048,metric,,,,
Qwen/Qwen2.5-0.5B,24,1.0,mean,remove_language,,en,ko,mrr,0.7725751160003769,1024,2048,metric,,,,
Qwen/Qwen2.5-0.5B,24,1.0,mean,remove_language,,en,ja,r1,0.78515625,1024,2048,metric,,,,
Qwen/Qwen2.5-0.5B,24,1.0,mean,remove_language,,en,ja,mrr,0.8549861638082177,1024,2048,metric,,,,
Qwen/Qwen2.5-0.5B,24,1.0,mean,remove_language,,en,zh,r1,0.908203125,1024,2048,metric,,,,
Qwen/Qwen2.5-0.5B,24,1.0,mean,remove_language,,en,zh,mrr,0.9351979225447065,1024,2048,metric,,,,
Qwen/Qwen2.5-0.5B,24,1.0,mean,remove_language,,ko,en,r1,0.33203125,1024,2048,metric,,,,
Qwen/Qwen2.5-0.5B,24,1.0,mean,remove_language,,ko,en,mrr,0.441756484754489,1024,2048,metric,,,,
Qwen/Qwen2.5-0.5B,24,1.0,mean,remove_language,,ko,ja,r1,0.830078125,1024,2048,metric,,,,
Qwen/Qwen2.5-0.5B,24,1.0,mean,remove_language,,ko,ja,mrr,0.88020688097732,1024,2048,metric,,,,
Qwen/Qwen2.5-0.5B,24,1.0,mean,remove_language,,ko,zh,r1,0.4765625,1024,2048,metric,,,,
Qwen/Qwen2.5-0.5B,24,1.0,mean,remove_language,,ko,zh,mrr,0.5877425486738869,1024,2048,metric,,,,
Qwen/Qwen2.5-0.5B,24,1.0,mean,remove_language,,ja,en,r1,0.478515625,1024,2048,metric,,,,
Qwen/Qwen2.5-0.5B,24,1.0,mean,remove_language,,ja,en,mrr,0.580120204313196,1024,2048,metric,,,,
Qwen/Qwen2.5-0.5B,24,1.0,mean,remove_language,,ja,ko,r1,0.82421875,1024,2048,metric,,,,
Qwen/Qwen2.5-0.5B,24,1.0,mean,remove_language,,ja,ko,mrr,0.8763908168246559,1024,2048,metric,,,,
Qwen/Qwen2.5-0.5B,24,1.0,mean,remove_language,,ja,zh,r1,0.69921875,1024,2048,metric,,,,
Qwen/Qwen2.5-0.5B,24,1.0,mean,remove_language,,ja,zh,mrr,0.7861876307472477,1024,2048,metric,,,,
Qwen/Qwen2.5-0.5B,24,1.0,mean,remove_language,,zh,en,r1,0.90234375,1024,2048,metric,,,,
Qwen/Qwen2.5-0.5B,24,1.0,mean,remove_language,,zh,en,mrr,0.9348706935943072,1024,2048,metric,,,,
Qwen/Qwen2.5-0.5B,24,1.0,mean,remove_language,,zh,ko,r1,0.716796875,1024,2048,metric,,,,
Qwen/Qwen2.5-0.5B,24,1.0,mean,remove_language,,zh,ko,mrr,0.7930905627925839,1024,2048,metric,,,,
Qwen/Qwen2.5-0.5B,24,1.0,mean,remove_language,,zh,ja,r1,0.830078125,1024,2048,metric,,,,
Qwen/Qwen2.5-0.5B,24,1.0,mean,remove_language,,zh,ja,mrr,0.8881569898781073,1024,2048,metric,,,,
Qwen/Qwen2.5-0.5B,22,0.9166666666666666,last_token,remove_pca,,en,ko,r1,0.560546875,1024,2048,metric,,,,
Qwen/Qwen2.5-0.5B,22,0.9166666666666666,last_token,remove_pca,,en,ko,mrr,0.6799383635752078,1024,2048,metric,,,,
Qwen/Qwen2.5-0.5B,22,0.9166666666666666,last_token,remove_pca,,en,ja,r1,0.693359375,1024,2048,metric,,,,
Qwen/Qwen2.5-0.5B,22,0.9166666666666666,last_token,remove_pca,,en,ja,mrr,0.7904402941662543,1024,2048,metric,,,,
Qwen/Qwen2.5-0.5B,22,0.9166666666666666,last_token,remove_pca,,en,zh,r1,0.861328125,1024,2048,metric,,,,
Qwen/Qwen2.5-0.5B,22,0.9166666666666666,last_token,remove_pca,,en,zh,mrr,0.9112075188145778,1024,2048,metric,,,,
Qwen/Qwen2.5-0.5B,22,0.9166666666666666,last_token,remove_pca,,ko,en,r1,0.259765625,1024,2048,metric,,,,
Qwen/Qwen2.5-0.5B,22,0.9166666666666666,last_token,remove_pca,,ko,en,mrr,0.3521068451256352,1024,2048,metric,,,,
Qwen/Qwen2.5-0.5B,22,0.9166666666666666,last_token,remove_pca,,ko,ja,r1,0.505859375,1024,2048,metric,,,,
Qwen/Qwen2.5-0.5B,22,0.9166666666666666,last_token,remove_pca,,ko,ja,mrr,0.620130389033301,1024,2048,metric,,,,
Qwen/Qwen2.5-0.5B,22,0.9166666666666666,last_token,remove_pca,,ko,zh,r1,0.421875,1024,2048,metric,,,,
Qwen/Qwen2.5-0.5B,22,0.9166666666666666,last_token,remove_pca,,ko,zh,mrr,0.539308521576397,1024,2048,metric,,,,
Qwen/Qwen2.5-0.5B,22,0.9166666666666666,last_token,remove_pca,,ja,en,r1,0.49609375,1024,2048,metric,,,,
Qwen/Qwen2.5-0.5B,22,0.9166666666666666,last_token,remove_pca,,ja,en,mrr,0.6082637852137671,1024,2048,metric,,,,
Qwen/Qwen2.5-0.5B,22,0.9166666666666666,last_token,remove_pca,,ja,ko,r1,0.728515625,1024,2048,metric,,,,
Qwen/Qwen2.5-0.5B,22,0.9166666666666666,last_token,remove_pca,,ja,ko,mrr,0.7933719627882894,1024,2048,metric,,,,
Qwen/Qwen2.5-0.5B,22,0.9166666666666666,last_token,remove_pca,,ja,zh,r1,0.732421875,1024,2048,metric,,,,
Qwen/Qwen2.5-0.5B,22,0.9166666666666666,last_token,remove_pca,,ja,zh,mrr,0.8045451685328651,1024,2048,metric,,,,
Qwen/Qwen2.5-0.5B,22,0.9166666666666666,last_token,remove_pca,,zh,en,r1,0.7578125,1024,2048,metric,,,,
Qwen/Qwen2.5-0.5B,22,0.9166666666666666,last_token,remove_pca,,zh,en,mrr,0.8296961797525817,1024,2048,metric,,,,
Qwen/Qwen2.5-0.5B,22,0.9166666666666666,last_token,remove_pca,,zh,ko,r1,0.578125,1024,2048,metric,,,,
Qwen/Qwen2.5-0.5B,22,0.9166666666666666,last_token,remove_pca,,zh,ko,mrr,0.6887150851434244,1024,2048,metric,,,,
Qwen/Qwen2.5-0.5B,22,0.9166666666666666,last_token,remove_pca,,zh,ja,r1,0.6640625,1024,2048,metric,,,,
Qwen/Qwen2.5-0.5B,22,0.9166666666666666,last_token,remove_pca,,zh,ja,mrr,0.7661806546105527,1024,2048,metric,,,,
Qwen/Qwen2.5-0.5B,23,0.9583333333333334,last_token,remove_pca,,en,ko,r1,0.642578125,1024,2048,metric,,,,
Qwen/Qwen2.5-0.5B,23,0.9583333333333334,last_token,remove_pca,,en,ko,mrr,0.7421369278271938,1024,2048,metric,,,,
Qwen/Qwen2.5-0.5B,23,0.9583333333333334,last_token,remove_pca,,en,ja,r1,0.87890625,1024,2048,metric,,,,
Qwen/Qwen2.5-0.5B,23,0.9583333333333334,last_token,remove_pca,,en,ja,mrr,0.9291520465002068,1024,2048,metric,,,,
Qwen/Qwen2.5-0.5B,23,0.9583333333333334,last_token,remove_pca,,en,zh,r1,0.896484375,1024,2048,metric,,,,
Qwen/Qwen2.5-0.5B,23,0.9583333333333334,last_token,remove_pca,,en,zh,mrr,0.9345999043820751,1024,2048,metric,,,,
Qwen/Qwen2.5-0.5B,23,0.9583333333333334,last_token,remove_pca,,ko,en,r1,0.306640625,1024,2048,metric,,,,
Qwen/Qwen2.5-0.5B,23,0.9583333333333334,last_token,remove_pca,,ko,en,mrr,0.40173058515129245,1024,2048,metric,,,,
Qwen/Qwen2.5-0.5B,23,0.9583333333333334,last_token,remove_pca,,ko,ja,r1,0.689453125,1024,2048,metric,,,,
Qwen/Qwen2.5-0.5B,23,0.9583333333333334,last_token,remove_pca,,ko,ja,mrr,0.7751994231593904,1024,2048,metric,,,,
Qwen/Qwen2.5-0.5B,23,0.9583333333333334,last_token,remove_pca,,ko,zh,r1,0.484375,1024,2048,metric,,,,
Qwen/Qwen2.5-0.5B,23,0.9583333333333334,last_token,remove_pca,,ko,zh,mrr,0.5846262536429648,1024,2048,metric,,,,
Qwen/Qwen2.5-0.5B,23,0.9583333333333334,last_token,remove_pca,,ja,en,r1,0.578125,1024,2048,metric,,,,
Qwen/Qwen2.5-0.5B,23,0.9583333333333334,last_token,remove_pca,,ja,en,mrr,0.6809195959193893,1024,2048,metric,,,,
Qwen/Qwen2.5-0.5B,23,0.9583333333333334,last_token,remove_pca,,ja,ko,r1,0.771484375,1024,2048,metric,,,,
Qwen/Qwen2.5-0.5B,23,0.9583333333333334,last_token,remove_pca,,ja,ko,mrr,0.8243678462957448,1024,2048,metric,,,,
Qwen/Qwen2.5-0.5B,23,0.9583333333333334,last_token,remove_pca,,ja,zh,r1,0.748046875,1024,2048,metric,,,,
Qwen/Qwen2.5-0.5B,23,0.9583333333333334,last_token,remove_pca,,ja,zh,mrr,0.8214805441519676,1024,2048,metric,,,,
Qwen/Qwen2.5-0.5B,23,0.9583333333333334,last_token,remove_pca,,zh,en,r1,0.794921875,1024,2048,metric,,,,
Qwen/Qwen2.5-0.5B,23,0.9583333333333334,last_token,remove_pca,,zh,en,mrr,0.8558419690308219,1024,2048,metric,,,,
Qwen/Qwen2.5-0.5B,23,0.9583333333333334,last_token,remove_pca,,zh,ko,r1,0.66796875,1024,2048,metric,,,,
Qwen/Qwen2.5-0.5B,23,0.9583333333333334,last_token,remove_pca,,zh,ko,mrr,0.7501161956288608,1024,2048,metric,,,,
Qwen/Qwen2.5-0.5B,23,0.9583333333333334,last_token,remove_pca,,zh,ja,r1,0.89453125,1024,2048,metric,,,,
Qwen/Qwen2.5-0.5B,23,0.9583333333333334,last_token,remove_pca,,zh,ja,mrr,0.9364387782356531,1024,2048,metric,,,,
Qwen/Qwen2.5-0.5B,24,1.0,last_token,remove_pca,,en,ko,r1,0.2578125,1024,2048,metric,,,,
Qwen/Qwen2.5-0.5B,24,1.0,last_token,remove_pca,,en,ko,mrr,0.3563014985210646,1024,2048,metric,,,,
Qwen/Qwen2.5-0.5B,24,1.0,last_token,remove_pca,,en,ja,r1,0.33203125,1024,2048,metric,,,,
Qwen/Qwen2.5-0.5B,24,1.0,last_token,remove_pca,,en,ja,mrr,0.4695371321754742,1024,2048,metric,,,,
Qwen/Qwen2.5-0.5B,24,1.0,last_token,remove_pca,,en,zh,r1,0.431640625,1024,2048,metric,,,,
Qwen/Qwen2.5-0.5B,24,1.0,last_token,remove_pca,,en,zh,mrr,0.56081201452496,1024,2048,metric,,,,
Qwen/Qwen2.5-0.5B,24,1.0,last_token,remove_pca,,ko,en,r1,0.03515625,1024,2048,metric,,,,
Qwen/Qwen2.5-0.5B,24,1.0,last_token,remove_pca,,ko,en,mrr,0.08847928913026062,1024,2048,metric,,,,
Qwen/Qwen2.5-0.5B,24,1.0,last_token,remove_pca,,ko,ja,r1,0.40625,1024,2048,metric,,,,
Qwen/Qwen2.5-0.5B,24,1.0,last_token,remove_pca,,ko,ja,mrr,0.5300950878174819,1024,2048,metric,,,,
Qwen/Qwen2.5-0.5B,24,1.0,last_token,remove_pca,,ko,zh,r1,0.1953125,1024,2048,metric,,,,
Qwen/Qwen2.5-0.5B,24,1.0,last_token,remove_pca,,ko,zh,mrr,0.29924590251056316,1024,2048,metric,,,,
Qwen/Qwen2.5-0.5B,24,1.0,last_token,remove_pca,,ja,en,r1,0.09375,1024,2048,metric,,,,
Qwen/Qwen2.5-0.5B,24,1.0,last_token,remove_pca,,ja,en,mrr,0.18052814339522305,1024,2048,metric,,,,
Qwen/Qwen2.5-0.5B,24,1.0,last_token,remove_pca,,ja,ko,r1,0.43359375,1024,2048,metric,,,,
Qwen/Qwen2.5-0.5B,24,1.0,last_token,remove_pca,,ja,ko,mrr,0.5572694205035826,1024,2048,metric,,,,
Qwen/Qwen2.5-0.5B,24,1.0,last_token,remove_pca,,ja,zh,r1,0.51171875,1024,2048,metric,,,,
Qwen/Qwen2.5-0.5B,24,1.0,last_token,remove_pca,,ja,zh,mrr,0.6095040570665724,1024,2048,metric,,,,
Qwen/Qwen2.5-0.5B,24,1.0,last_token,remove_pca,,zh,en,r1,0.4140625,1024,2048,metric,,,,
Qwen/Qwen2.5-0.5B,24,1.0,last_token,remove_pca,,zh,en,mrr,0.5558529110119947,1024,2048,metric,,,,
Qwen/Qwen2.5-0.5B,24,1.0,last_token,remove_pca,,zh,ko,r1,0.3984375,1024,2048,metric,,,,
Qwen/Qwen2.5-0.5B,24,1.0,last_token,remove_pca,,zh,ko,mrr,0.5178389801819823,1024,2048,metric,,,,
Qwen/Qwen2.5-0.5B,24,1.0,last_token,remove_pca,,zh,ja,r1,0.76953125,1024,2048,metric,,,,
Qwen/Qwen2.5-0.5B,24,1.0,last_token,remove_pca,,zh,ja,mrr,0.8381146552869574,1024,2048,metric,,,,
Qwen/Qwen2.5-0.5B,22,0.9166666666666666,mean,remove_pca,,en,ko,r1,0.392578125,1024,2048,metric,,,,
Qwen/Qwen2.5-0.5B,22,0.9166666666666666,mean,remove_pca,,en,ko,mrr,0.5498172242601971,1024,2048,metric,,,,
Qwen/Qwen2.5-0.5B,22,0.9166666666666666,mean,remove_pca,,en,ja,r1,0.087890625,1024,2048,metric,,,,
Qwen/Qwen2.5-0.5B,22,0.9166666666666666,mean,remove_pca,,en,ja,mrr,0.2638299557062176,1024,2048,metric,,,,
Qwen/Qwen2.5-0.5B,22,0.9166666666666666,mean,remove_pca,,en,zh,r1,0.94921875,1024,2048,metric,,,,
Qwen/Qwen2.5-0.5B,22,0.9166666666666666,mean,remove_pca,,en,zh,mrr,0.9678905404491343,1024,2048,metric,,,,
Qwen/Qwen2.5-0.5B,22,0.9166666666666666,mean,remove_pca,,ko,en,r1,0.35546875,1024,2048,metric,,,,
Qwen/Qwen2.5-0.5B,22,0.9166666666666666,mean,remove_pca,,ko,en,mrr,0.46275006300921667,1024,2048,metric,,,,
Qwen/Qwen2.5-0.5B,22,0.9166666666666666,mean,remove_pca,,ko,ja,r1,0.22265625,1024,2048,metric,,,,
Qwen/Qwen2.5-0.5B,22,0.9166666666666666,mean,remove_pca,,ko,ja,mrr,0.39955967177660834,1024,2048,metric,,,,
Qwen/Qwen2.5-0.5B,22,0.9166666666666666,mean,remove_pca,,ko,zh,r1,0.427734375,1024,2048,metric,,,,
Qwen/Qwen2.5-0.5B,22,0.9166666666666666,mean,remove_pca,,ko,zh,mrr,0.5553352635895872,1024,2048,metric,,,,
Qwen/Qwen2.5-0.5B,22,0.9166666666666666,mean,remove_pca,,ja,en,r1,0.548828125,1024,2048,metric,,,,
Qwen/Qwen2.5-0.5B,22,0.9166666666666666,mean,remove_pca,,ja,en,mrr,0.6533569768451204,1024,2048,metric,,,,
Qwen/Qwen2.5-0.5B,22,0.9166666666666666,mean,remove_pca,,ja,ko,r1,0.7734375,1024,2048,metric,,,,
Qwen/Qwen2.5-0.5B,22,0.9166666666666666,mean,remove_pca,,ja,ko,mrr,0.8394821140038191,1024,2048,metric,,,,
Qwen/Qwen2.5-0.5B,22,0.9166666666666666,mean,remove_pca,,ja,zh,r1,0.767578125,1024,2048,metric,,,,
Qwen/Qwen2.5-0.5B,22,0.9166666666666666,mean,remove_pca,,ja,zh,mrr,0.8460172878874153,1024,2048,metric,,,,
Qwen/Qwen2.5-0.5B,22,0.9166666666666666,mean,remove_pca,,zh,en,r1,0.958984375,1024,2048,metric,,,,
Qwen/Qwen2.5-0.5B,22,0.9166666666666666,mean,remove_pca,,zh,en,mrr,0.9735056046060451,1024,2048,metric,,,,
Qwen/Qwen2.5-0.5B,22,0.9166666666666666,mean,remove_pca,,zh,ko,r1,0.517578125,1024,2048,metric,,,,
Qwen/Qwen2.5-0.5B,22,0.9166666666666666,mean,remove_pca,,zh,ko,mrr,0.6461970006008798,1024,2048,metric,,,,
Qwen/Qwen2.5-0.5B,22,0.9166666666666666,mean,remove_pca,,zh,ja,r1,0.21875,1024,2048,metric,,,,
Qwen/Qwen2.5-0.5B,22,0.9166666666666666,mean,remove_pca,,zh,ja,mrr,0.38853531867151453,1024,2048,metric,,,,
Qwen/Qwen2.5-0.5B,23,0.9583333333333334,mean,remove_pca,,en,ko,r1,0.83984375,1024,2048,metric,,,,
Qwen/Qwen2.5-0.5B,23,0.9583333333333334,mean,remove_pca,,en,ko,mrr,0.8954652587731315,1024,2048,metric,,,,
Qwen/Qwen2.5-0.5B,23,0.9583333333333334,mean,remove_pca,,en,ja,r1,0.91796875,1024,2048,metric,,,,
Qwen/Qwen2.5-0.5B,23,0.9583333333333334,mean,remove_pca,,en,ja,mrr,0.9492699032738094,1024,2048,metric,,,,
Qwen/Qwen2.5-0.5B,23,0.9583333333333334,mean,remove_pca,,en,zh,r1,0.970703125,1024,2048,metric,,,,
Qwen/Qwen2.5-0.5B,23,0.9583333333333334,mean,remove_pca,,en,zh,mrr,0.9823986235119048,1024,2048,metric,,,,
Qwen/Qwen2.5-0.5B,23,0.9583333333333334,mean,remove_pca,,ko,en,r1,0.40625,1024,2048,metric,,,,
Qwen/Qwen2.5-0.5B,23,0.9583333333333334,mean,remove_pca,,ko,en,mrr,0.506138895459351,1024,2048,metric,,,,
Qwen/Qwen2.5-0.5B,23,0.9583333333333334,mean,remove_pca,,ko,ja,r1,0.896484375,1024,2048,metric,,,,
Qwen/Qwen2.5-0.5B,23,0.9583333333333334,mean,remove_pca,,ko,ja,mrr,0.9291326696930562,1024,2048,metric,,,,
Qwen/Qwen2.5-0.5B,23,0.9583333333333334,mean,remove_pca,,ko,zh,r1,0.513671875,1024,2048,metric,,,,
Qwen/Qwen2.5-0.5B,23,0.9583333333333334,mean,remove_pca,,ko,zh,mrr,0.609805965023293,1024,2048,metric,,,,
Qwen/Qwen2.5-0.5B,23,0.9583333333333334,mean,remove_pca,,ja,en,r1,0.634765625,1024,2048,metric,,,,
Qwen/Qwen2.5-0.5B,23,0.9583333333333334,mean,remove_pca,,ja,en,mrr,0.7189754205624139,1024,2048,metric,,,,
Qwen/Qwen2.5-0.5B,23,0.9583333333333334,mean,remove_pca,,ja,ko,r1,0.91796875,1024,2048,metric,,,,
Qwen/Qwen2.5-0.5B,23,0.9583333333333334,mean,remove_pca,,ja,ko,mrr,0.9468762520032051,1024,2048,metric,,,,
Qwen/Qwen2.5-0.5B,23,0.9583333333333334,mean,remove_pca,,ja,zh,r1,0.76953125,1024,2048,metric,,,,
Qwen/Qwen2.5-0.5B,23,0.9583333333333334,mean,remove_pca,,ja,zh,mrr,0.842899251330839,1024,2048,metric,,,,
Qwen/Qwen2.5-0.5B,23,0.9583333333333334,mean,remove_pca,,zh,en,r1,0.9765625,1024,2048,metric,,,,
Qwen/Qwen2.5-0.5B,23,0.9583333333333334,mean,remove_pca,,zh,en,mrr,0.9845126732847744,1024,2048,metric,,,,
Qwen/Qwen2.5-0.5B,23,0.9583333333333334,mean,remove_pca,,zh,ko,r1,0.826171875,1024,2048,metric,,,,
Qwen/Qwen2.5-0.5B,23,0.9583333333333334,mean,remove_pca,,zh,ko,mrr,0.8861693302074445,1024,2048,metric,,,,
Qwen/Qwen2.5-0.5B,23,0.9583333333333334,mean,remove_pca,,zh,ja,r1,0.939453125,1024,2048,metric,,,,
Qwen/Qwen2.5-0.5B,23,0.9583333333333334,mean,remove_pca,,zh,ja,mrr,0.9622395833333333,1024,2048,metric,,,,
Qwen/Qwen2.5-0.5B,24,1.0,mean,remove_pca,,en,ko,r1,0.693359375,1024,2048,metric,,,,
Qwen/Qwen2.5-0.5B,24,1.0,mean,remove_pca,,en,ko,mrr,0.775924440790692,1024,2048,metric,,,,
Qwen/Qwen2.5-0.5B,24,1.0,mean,remove_pca,,en,ja,r1,0.771484375,1024,2048,metric,,,,
Qwen/Qwen2.5-0.5B,24,1.0,mean,remove_pca,,en,ja,mrr,0.8478402657497275,1024,2048,metric,,,,
Qwen/Qwen2.5-0.5B,24,1.0,mean,remove_pca,,en,zh,r1,0.908203125,1024,2048,metric,,,,
Qwen/Qwen2.5-0.5B,24,1.0,mean,remove_pca,,en,zh,mrr,0.9360916883262176,1024,2048,metric,,,,
Qwen/Qwen2.5-0.5B,24,1.0,mean,remove_pca,,ko,en,r1,0.271484375,1024,2048,metric,,,,
Qwen/Qwen2.5-0.5B,24,1.0,mean,remove_pca,,ko,en,mrr,0.38509547798913735,1024,2048,metric,,,,
Qwen/Qwen2.5-0.5B,24,1.0,mean,remove_pca,,ko,ja,r1,0.822265625,1024,2048,metric,,,,
Qwen/Qwen2.5-0.5B,24,1.0,mean,remove_pca,,ko,ja,mrr,0.8745698493761711,1024,2048,metric,,,,
Qwen/Qwen2.5-0.5B,24,1.0,mean,remove_pca,,ko,zh,r1,0.4375,1024,2048,metric,,,,
Qwen/Qwen2.5-0.5B,24,1.0,mean,remove_pca,,ko,zh,mrr,0.5416348912873145,1024,2048,metric,,,,
Qwen/Qwen2.5-0.5B,24,1.0,mean,remove_pca,,ja,en,r1,0.42578125,1024,2048,metric,,,,
Qwen/Qwen2.5-0.5B,24,1.0,mean,remove_pca,,ja,en,mrr,0.524922011343851,1024,2048,metric,,,,
Qwen/Qwen2.5-0.5B,24,1.0,mean,remove_pca,,ja,ko,r1,0.822265625,1024,2048,metric,,,,
Qwen/Qwen2.5-0.5B,24,1.0,mean,remove_pca,,ja,ko,mrr,0.8755097551618719,1024,2048,metric,,,,
Qwen/Qwen2.5-0.5B,24,1.0,mean,remove_pca,,ja,zh,r1,0.642578125,1024,2048,metric,,,,
Qwen/Qwen2.5-0.5B,24,1.0,mean,remove_pca,,ja,zh,mrr,0.7360095152806085,1024,2048,metric,,,,
Qwen/Qwen2.5-0.5B,24,1.0,mean,remove_pca,,zh,en,r1,0.89453125,1024,2048,metric,,,,
Qwen/Qwen2.5-0.5B,24,1.0,mean,remove_pca,,zh,en,mrr,0.9297694278085066,1024,2048,metric,,,,
Qwen/Qwen2.5-0.5B,24,1.0,mean,remove_pca,,zh,ko,r1,0.720703125,1024,2048,metric,,,,
Qwen/Qwen2.5-0.5B,24,1.0,mean,remove_pca,,zh,ko,mrr,0.7905660165831332,1024,2048,metric,,,,
Qwen/Qwen2.5-0.5B,24,1.0,mean,remove_pca,,zh,ja,r1,0.82421875,1024,2048,metric,,,,
Qwen/Qwen2.5-0.5B,24,1.0,mean,remove_pca,,zh,ja,mrr,0.8830109778070699,1024,2048,metric,,,,
Qwen/Qwen2.5-0.5B,22,0.9166666666666666,last_token,remove_random,0,en,ko,r1,0.560546875,1024,2048,metric,,,,
Qwen/Qwen2.5-0.5B,22,0.9166666666666666,last_token,remove_random,0,en,ko,mrr,0.6799383635752078,1024,2048,metric,,,,
Qwen/Qwen2.5-0.5B,22,0.9166666666666666,last_token,remove_random,0,en,ja,r1,0.693359375,1024,2048,metric,,,,
Qwen/Qwen2.5-0.5B,22,0.9166666666666666,last_token,remove_random,0,en,ja,mrr,0.7904402941662543,1024,2048,metric,,,,
Qwen/Qwen2.5-0.5B,22,0.9166666666666666,last_token,remove_random,0,en,zh,r1,0.861328125,1024,2048,metric,,,,
Qwen/Qwen2.5-0.5B,22,0.9166666666666666,last_token,remove_random,0,en,zh,mrr,0.9112075188145778,1024,2048,metric,,,,
Qwen/Qwen2.5-0.5B,22,0.9166666666666666,last_token,remove_random,0,ko,en,r1,0.259765625,1024,2048,metric,,,,
Qwen/Qwen2.5-0.5B,22,0.9166666666666666,last_token,remove_random,0,ko,en,mrr,0.3521068451256352,1024,2048,metric,,,,
Qwen/Qwen2.5-0.5B,22,0.9166666666666666,last_token,remove_random,0,ko,ja,r1,0.505859375,1024,2048,metric,,,,
Qwen/Qwen2.5-0.5B,22,0.9166666666666666,last_token,remove_random,0,ko,ja,mrr,0.620130389033301,1024,2048,metric,,,,
Qwen/Qwen2.5-0.5B,22,0.9166666666666666,last_token,remove_random,0,ko,zh,r1,0.421875,1024,2048,metric,,,,
Qwen/Qwen2.5-0.5B,22,0.9166666666666666,last_token,remove_random,0,ko,zh,mrr,0.539308521576397,1024,2048,metric,,,,
Qwen/Qwen2.5-0.5B,22,0.9166666666666666,last_token,remove_random,0,ja,en,r1,0.49609375,1024,2048,metric,,,,
Qwen/Qwen2.5-0.5B,22,0.9166666666666666,last_token,remove_random,0,ja,en,mrr,0.6082637852137671,1024,2048,metric,,,,
Qwen/Qwen2.5-0.5B,22,0.9166666666666666,last_token,remove_random,0,ja,ko,r1,0.728515625,1024,2048,metric,,,,
Qwen/Qwen2.5-0.5B,22,0.9166666666666666,last_token,remove_random,0,ja,ko,mrr,0.7933719627882894,1024,2048,metric,,,,
Qwen/Qwen2.5-0.5B,22,0.9166666666666666,last_token,remove_random,0,ja,zh,r1,0.732421875,1024,2048,metric,,,,
Qwen/Qwen2.5-0.5B,22,0.9166666666666666,last_token,remove_random,0,ja,zh,mrr,0.8045451685328651,1024,2048,metric,,,,
Qwen/Qwen2.5-0.5B,22,0.9166666666666666,last_token,remove_random,0,zh,en,r1,0.7578125,1024,2048,metric,,,,
Qwen/Qwen2.5-0.5B,22,0.9166666666666666,last_token,remove_random,0,zh,en,mrr,0.8296961797525817,1024,2048,metric,,,,
Qwen/Qwen2.5-0.5B,22,0.9166666666666666,last_token,remove_random,0,zh,ko,r1,0.578125,1024,2048,metric,,,,
Qwen/Qwen2.5-0.5B,22,0.9166666666666666,last_token,remove_random,0,zh,ko,mrr,0.6887150851434244,1024,2048,metric,,,,
Qwen/Qwen2.5-0.5B,22,0.9166666666666666,last_token,remove_random,0,zh,ja,r1,0.6640625,1024,2048,metric,,,,
Qwen/Qwen2.5-0.5B,22,0.9166666666666666,last_token,remove_random,0,zh,ja,mrr,0.7661806546105527,1024,2048,metric,,,,
Qwen/Qwen2.5-0.5B,23,0.9583333333333334,last_token,remove_random,0,en,ko,r1,0.173828125,1024,2048,metric,,,,
Qwen/Qwen2.5-0.5B,23,0.9583333333333334,last_token,remove_random,0,en,ko,mrr,0.27624997475584545,1024,2048,metric,,,,
Qwen/Qwen2.5-0.5B,23,0.9583333333333334,last_token,remove_random,0,en,ja,r1,0.662109375,1024,2048,metric,,,,
Qwen/Qwen2.5-0.5B,23,0.9583333333333334,last_token,remove_random,0,en,ja,mrr,0.7759844147334577,1024,2048,metric,,,,
Qwen/Qwen2.5-0.5B,23,0.9583333333333334,last_token,remove_random,0,en,zh,r1,0.830078125,1024,2048,metric,,,,
Qwen/Qwen2.5-0.5B,23,0.9583333333333334,last_token,remove_random,0,en,zh,mrr,0.8837168006994844,1024,2048,metric,,,,
Qwen/Qwen2.5-0.5B,23,0.9583333333333334,last_token,remove_random,0,ko,en,r1,0.36328125,1024,2048,metric,,,,
Qwen/Qwen2.5-0.5B,23,0.9583333333333334,last_token,remove_random,0,ko,en,mrr,0.46851108956731835,1024,2048,metric,,,,
Qwen/Qwen2.5-0.5B,23,0.9583333333333334,last_token,remove_random,0,ko,ja,r1,0.57421875,1024,2048,metric,,,,
Qwen/Qwen2.5-0.5B,23,0.9583333333333334,last_token,remove_random,0,ko,ja,mrr,0.6741758042886936,1024,2048,metric,,,,
Qwen/Qwen2.5-0.5B,23,0.9583333333333334,last_token,remove_random,0,ko,zh,r1,0.396484375,1024,2048,metric,,,,
Qwen/Qwen2.5-0.5B,23,0.9583333333333334,last_token,remove_random,0,ko,zh,mrr,0.5135155320399809,1024,2048,metric,,,,
Qwen/Qwen2.5-0.5B,23,0.9583333333333334,last_token,remove_random,0,ja,en,r1,0.435546875,1024,2048,metric,,,,
Qwen/Qwen2.5-0.5B,23,0.9583333333333334,last_token,remove_random,0,ja,en,mrr,0.5641480424876463,1024,2048,metric,,,,
Qwen/Qwen2.5-0.5B,23,0.9583333333333334,last_token,remove_random,0,ja,ko,r1,0.380859375,1024,2048,metric,,,,
Qwen/Qwen2.5-0.5B,23,0.9583333333333334,last_token,remove_random,0,ja,ko,mrr,0.4835911263456294,1024,2048,metric,,,,
Qwen/Qwen2.5-0.5B,23,0.9583333333333334,last_token,remove_random,0,ja,zh,r1,0.751953125,1024,2048,metric,,,,
Qwen/Qwen2.5-0.5B,23,0.9583333333333334,last_token,remove_random,0,ja,zh,mrr,0.8280270924024142,1024,2048,metric,,,,
Qwen/Qwen2.5-0.5B,23,0.9583333333333334,last_token,remove_random,0,zh,en,r1,0.6953125,1024,2048,metric,,,,
Qwen/Qwen2.5-0.5B,23,0.9583333333333334,last_token,remove_random,0,zh,en,mrr,0.7820896978791005,1024,2048,metric,,,,
Qwen/Qwen2.5-0.5B,23,0.9583333333333334,last_token,remove_random,0,zh,ko,r1,0.21875,1024,2048,metric,,,,
Qwen/Qwen2.5-0.5B,23,0.9583333333333334,last_token,remove_random,0,zh,ko,mrr,0.3206855661941975,1024,2048,metric,,,,
Qwen/Qwen2.5-0.5B,23,0.9583333333333334,last_token,remove_random,0,zh,ja,r1,0.669921875,1024,2048,metric,,,,
Qwen/Qwen2.5-0.5B,23,0.9583333333333334,last_token,remove_random,0,zh,ja,mrr,0.7656686119594918,1024,2048,metric,,,,
Qwen/Qwen2.5-0.5B,24,1.0,last_token,remove_random,0,en,ko,r1,0.00390625,1024,2048,metric,,,,
Qwen/Qwen2.5-0.5B,24,1.0,last_token,remove_random,0,en,ko,mrr,0.0365831657347927,1024,2048,metric,,,,
Qwen/Qwen2.5-0.5B,24,1.0,last_token,remove_random,0,en,ja,r1,0.02734375,1024,2048,metric,,,,
Qwen/Qwen2.5-0.5B,24,1.0,last_token,remove_random,0,en,ja,mrr,0.07322001704553877,1024,2048,metric,,,,
Qwen/Qwen2.5-0.5B,24,1.0,last_token,remove_random,0,en,zh,r1,0.00390625,1024,2048,metric,,,,
Qwen/Qwen2.5-0.5B,24,1.0,last_token,remove_random,0,en,zh,mrr,0.04327077462381065,1024,2048,metric,,,,
Qwen/Qwen2.5-0.5B,24,1.0,last_token,remove_random,0,ko,en,r1,0.005859375,1024,2048,metric,,,,
Qwen/Qwen2.5-0.5B,24,1.0,last_token,remove_random,0,ko,en,mrr,0.0581784147749447,1024,2048,metric,,,,
Qwen/Qwen2.5-0.5B,24,1.0,last_token,remove_random,0,ko,ja,r1,0.021484375,1024,2048,metric,,,,
Qwen/Qwen2.5-0.5B,24,1.0,last_token,remove_random,0,ko,ja,mrr,0.06090271209001098,1024,2048,metric,,,,
Qwen/Qwen2.5-0.5B,24,1.0,last_token,remove_random,0,ko,zh,r1,0.01171875,1024,2048,metric,,,,
Qwen/Qwen2.5-0.5B,24,1.0,last_token,remove_random,0,ko,zh,mrr,0.04136266430914821,1024,2048,metric,,,,
Qwen/Qwen2.5-0.5B,24,1.0,last_token,remove_random,0,ja,en,r1,0.001953125,1024,2048,metric,,,,
Qwen/Qwen2.5-0.5B,24,1.0,last_token,remove_random,0,ja,en,mrr,0.04600446497318384,1024,2048,metric,,,,
Qwen/Qwen2.5-0.5B,24,1.0,last_token,remove_random,0,ja,ko,r1,0.001953125,1024,2048,metric,,,,
Qwen/Qwen2.5-0.5B,24,1.0,last_token,remove_random,0,ja,ko,mrr,0.04654380924905253,1024,2048,metric,,,,
Qwen/Qwen2.5-0.5B,24,1.0,last_token,remove_random,0,ja,zh,r1,0.060546875,1024,2048,metric,,,,
Qwen/Qwen2.5-0.5B,24,1.0,last_token,remove_random,0,ja,zh,mrr,0.15351498249614506,1024,2048,metric,,,,
Qwen/Qwen2.5-0.5B,24,1.0,last_token,remove_random,0,zh,en,r1,0.015625,1024,2048,metric,,,,
Qwen/Qwen2.5-0.5B,24,1.0,last_token,remove_random,0,zh,en,mrr,0.09601235664529456,1024,2048,metric,,,,
Qwen/Qwen2.5-0.5B,24,1.0,last_token,remove_random,0,zh,ko,r1,0.001953125,1024,2048,metric,,,,
Qwen/Qwen2.5-0.5B,24,1.0,last_token,remove_random,0,zh,ko,mrr,0.08528490857821872,1024,2048,metric,,,,
Qwen/Qwen2.5-0.5B,24,1.0,last_token,remove_random,0,zh,ja,r1,0.14453125,1024,2048,metric,,,,
Qwen/Qwen2.5-0.5B,24,1.0,last_token,remove_random,0,zh,ja,mrr,0.2726433814018182,1024,2048,metric,,,,
Qwen/Qwen2.5-0.5B,22,0.9166666666666666,mean,remove_random,0,en,ko,r1,0.392578125,1024,2048,metric,,,,
Qwen/Qwen2.5-0.5B,22,0.9166666666666666,mean,remove_random,0,en,ko,mrr,0.5498172242601971,1024,2048,metric,,,,
Qwen/Qwen2.5-0.5B,22,0.9166666666666666,mean,remove_random,0,en,ja,r1,0.087890625,1024,2048,metric,,,,
Qwen/Qwen2.5-0.5B,22,0.9166666666666666,mean,remove_random,0,en,ja,mrr,0.2638299557062176,1024,2048,metric,,,,
Qwen/Qwen2.5-0.5B,22,0.9166666666666666,mean,remove_random,0,en,zh,r1,0.94921875,1024,2048,metric,,,,
Qwen/Qwen2.5-0.5B,22,0.9166666666666666,mean,remove_random,0,en,zh,mrr,0.9678905404491343,1024,2048,metric,,,,
Qwen/Qwen2.5-0.5B,22,0.9166666666666666,mean,remove_random,0,ko,en,r1,0.35546875,1024,2048,metric,,,,
Qwen/Qwen2.5-0.5B,22,0.9166666666666666,mean,remove_random,0,ko,en,mrr,0.46275006300921667,1024,2048,metric,,,,
Qwen/Qwen2.5-0.5B,22,0.9166666666666666,mean,remove_random,0,ko,ja,r1,0.22265625,1024,2048,metric,,,,
Qwen/Qwen2.5-0.5B,22,0.9166666666666666,mean,remove_random,0,ko,ja,mrr,0.39955967177660834,1024,2048,metric,,,,
Qwen/Qwen2.5-0.5B,22,0.9166666666666666,mean,remove_random,0,ko,zh,r1,0.427734375,1024,2048,metric,,,,
Qwen/Qwen2.5-0.5B,22,0.9166666666666666,mean,remove_random,0,ko,zh,mrr,0.5553352635895872,1024,2048,metric,,,,
Qwen/Qwen2.5-0.5B,22,0.9166666666666666,mean,remove_random,0,ja,en,r1,0.548828125,1024,2048,metric,,,,
Qwen/Qwen2.5-0.5B,22,0.9166666666666666,mean,remove_random,0,ja,en,mrr,0.6533569768451204,1024,2048,metric,,,,
Qwen/Qwen2.5-0.5B,22,0.9166666666666666,mean,remove_random,0,ja,ko,r1,0.7734375,1024,2048,metric,,,,
Qwen/Qwen2.5-0.5B,22,0.9166666666666666,mean,remove_random,0,ja,ko,mrr,0.8394821140038191,1024,2048,metric,,,,
Qwen/Qwen2.5-0.5B,22,0.9166666666666666,mean,remove_random,0,ja,zh,r1,0.767578125,1024,2048,metric,,,,
Qwen/Qwen2.5-0.5B,22,0.9166666666666666,mean,remove_random,0,ja,zh,mrr,0.8460172878874153,1024,2048,metric,,,,
Qwen/Qwen2.5-0.5B,22,0.9166666666666666,mean,remove_random,0,zh,en,r1,0.958984375,1024,2048,metric,,,,
Qwen/Qwen2.5-0.5B,22,0.9166666666666666,mean,remove_random,0,zh,en,mrr,0.9735056046060451,1024,2048,metric,,,,
Qwen/Qwen2.5-0.5B,22,0.9166666666666666,mean,remove_random,0,zh,ko,r1,0.517578125,1024,2048,metric,,,,
Qwen/Qwen2.5-0.5B,22,0.9166666666666666,mean,remove_random,0,zh,ko,mrr,0.6461970006008798,1024,2048,metric,,,,
Qwen/Qwen2.5-0.5B,22,0.9166666666666666,mean,remove_random,0,zh,ja,r1,0.21875,1024,2048,metric,,,,
Qwen/Qwen2.5-0.5B,22,0.9166666666666666,mean,remove_random,0,zh,ja,mrr,0.38853531867151453,1024,2048,metric,,,,
Qwen/Qwen2.5-0.5B,23,0.9583333333333334,mean,remove_random,0,en,ko,r1,0.056640625,1024,2048,metric,,,,
Qwen/Qwen2.5-0.5B,23,0.9583333333333334,mean,remove_random,0,en,ko,mrr,0.1250077786468669,1024,2048,metric,,,,
Qwen/Qwen2.5-0.5B,23,0.9583333333333334,mean,remove_random,0,en,ja,r1,0.044921875,1024,2048,metric,,,,
Qwen/Qwen2.5-0.5B,23,0.9583333333333334,mean,remove_random,0,en,ja,mrr,0.2065822703668865,1024,2048,metric,,,,
Qwen/Qwen2.5-0.5B,23,0.9583333333333334,mean,remove_random,0,en,zh,r1,0.8125,1024,2048,metric,,,,
Qwen/Qwen2.5-0.5B,23,0.9583333333333334,mean,remove_random,0,en,zh,mrr,0.8794766982511123,1024,2048,metric,,,,
Qwen/Qwen2.5-0.5B,23,0.9583333333333334,mean,remove_random,0,ko,en,r1,0.24609375,1024,2048,metric,,,,
Qwen/Qwen2.5-0.5B,23,0.9583333333333334,mean,remove_random,0,ko,en,mrr,0.39144218996218283,1024,2048,metric,,,,
Qwen/Qwen2.5-0.5B,23,0.9583333333333334,mean,remove_random,0,ko,ja,r1,0.23046875,1024,2048,metric,,,,
Qwen/Qwen2.5-0.5B,23,0.9583333333333334,mean,remove_random,0,ko,ja,mrr,0.40528610351085415,1024,2048,metric,,,,
Qwen/Qwen2.5-0.5B,23,0.9583333333333334,mean,remove_random,0,ko,zh,r1,0.359375,1024,2048,metric,,,,
Qwen/Qwen2.5-0.5B,23,0.9583333333333334,mean,remove_random,0,ko,zh,mrr,0.47632775959375695,1024,2048,metric,,,,
Qwen/Qwen2.5-0.5B,23,0.9583333333333334,mean,remove_random,0,ja,en,r1,0.39453125,1024,2048,metric,,,,
Qwen/Qwen2.5-0.5B,23,0.9583333333333334,mean,remove_random,0,ja,en,mrr,0.5209062730118097,1024,2048,metric,,,,
Qwen/Qwen2.5-0.5B,23,0.9583333333333334,mean,remove_random,0,ja,ko,r1,0.095703125,1024,2048,metric,,,,
Qwen/Qwen2.5-0.5B,23,0.9583333333333334,mean,remove_random,0,ja,ko,mrr,0.18900023142902797,1024,2048,metric,,,,
Qwen/Qwen2.5-0.5B,23,0.9583333333333334,mean,remove_random,0,ja,zh,r1,0.70703125,1024,2048,metric,,,,
Qwen/Qwen2.5-0.5B,23,0.9583333333333334,mean,remove_random,0,ja,zh,mrr,0.7942061174589718,1024,2048,metric,,,,
Qwen/Qwen2.5-0.5B,23,0.9583333333333334,mean,remove_random,0,zh,en,r1,0.94921875,1024,2048,metric,,,,
Qwen/Qwen2.5-0.5B,23,0.9583333333333334,mean,remove_random,0,zh,en,mrr,0.968529876194208,1024,2048,metric,,,,
Qwen/Qwen2.5-0.5B,23,0.9583333333333334,mean,remove_random,0,zh,ko,r1,0.083984375,1024,2048,metric,,,,
Qwen/Qwen2.5-0.5B,23,0.9583333333333334,mean,remove_random,0,zh,ko,mrr,0.1678595591928039,1024,2048,metric,,,,
Qwen/Qwen2.5-0.5B,23,0.9583333333333334,mean,remove_random,0,zh,ja,r1,0.193359375,1024,2048,metric,,,,
Qwen/Qwen2.5-0.5B,23,0.9583333333333334,mean,remove_random,0,zh,ja,mrr,0.362352396842545,1024,2048,metric,,,,
Qwen/Qwen2.5-0.5B,24,1.0,mean,remove_random,0,en,ko,r1,0.00390625,1024,2048,metric,,,,
Qwen/Qwen2.5-0.5B,24,1.0,mean,remove_random,0,en,ko,mrr,0.037274863742074574,1024,2048,metric,,,,
Qwen/Qwen2.5-0.5B,24,1.0,mean,remove_random,0,en,ja,r1,0.001953125,1024,2048,metric,,,,
Qwen/Qwen2.5-0.5B,24,1.0,mean,remove_random,0,en,ja,mrr,0.03962401331965476,1024,2048,metric,,,,
Qwen/Qwen2.5-0.5B,24,1.0,mean,remove_random,0,en,zh,r1,0.001953125,1024,2048,metric,,,,
Qwen/Qwen2.5-0.5B,24,1.0,mean,remove_random,0,en,zh,mrr,0.03143677264016362,1024,2048,metric,,,,
Qwen/Qwen2.5-0.5B,24,1.0,mean,remove_random,0,ko,en,r1,0.017578125,1024,2048,metric,,,,
Qwen/Qwen2.5-0.5B,24,1.0,mean,remove_random,0,ko,en,mrr,0.05306722090158522,1024,2048,metric,,,,
Qwen/Qwen2.5-0.5B,24,1.0,mean,remove_random,0,ko,ja,r1,0.078125,1024,2048,metric,,,,
Qwen/Qwen2.5-0.5B,24,1.0,mean,remove_random,0,ko,ja,mrr,0.11941956835135784,1024,2048,metric,,,,
Qwen/Qwen2.5-0.5B,24,1.0,mean,remove_random,0,ko,zh,r1,0.033203125,1024,2048,metric,,,,
Qwen/Qwen2.5-0.5B,24,1.0,mean,remove_random,0,ko,zh,mrr,0.0584667205370017,1024,2048,metric,,,,
Qwen/Qwen2.5-0.5B,24,1.0,mean,remove_random,0,ja,en,r1,0.0859375,1024,2048,metric,,,,
Qwen/Qwen2.5-0.5B,24,1.0,mean,remove_random,0,ja,en,mrr,0.14941084104791352,1024,2048,metric,,,,
Qwen/Qwen2.5-0.5B,24,1.0,mean,remove_random,0,ja,ko,r1,0.017578125,1024,2048,metric,,,,
Qwen/Qwen2.5-0.5B,24,1.0,mean,remove_random,0,ja,ko,mrr,0.05785322737281518,1024,2048,metric,,,,
Qwen/Qwen2.5-0.5B,24,1.0,mean,remove_random,0,ja,zh,r1,0.064453125,1024,2048,metric,,,,
Qwen/Qwen2.5-0.5B,24,1.0,mean,remove_random,0,ja,zh,mrr,0.13340915086341035,1024,2048,metric,,,,
Qwen/Qwen2.5-0.5B,24,1.0,mean,remove_random,0,zh,en,r1,0.181640625,1024,2048,metric,,,,
Qwen/Qwen2.5-0.5B,24,1.0,mean,remove_random,0,zh,en,mrr,0.3202018682428925,1024,2048,metric,,,,
Qwen/Qwen2.5-0.5B,24,1.0,mean,remove_random,0,zh,ko,r1,0.017578125,1024,2048,metric,,,,
Qwen/Qwen2.5-0.5B,24,1.0,mean,remove_random,0,zh,ko,mrr,0.09063033720592134,1024,2048,metric,,,,
Qwen/Qwen2.5-0.5B,24,1.0,mean,remove_random,0,zh,ja,r1,0.00390625,1024,2048,metric,,,,
Qwen/Qwen2.5-0.5B,24,1.0,mean,remove_random,0,zh,ja,mrr,0.039775018086169796,1024,2048,metric,,,,
Qwen/Qwen2.5-0.5B,22,0.9166666666666666,last_token,remove_random,1,en,ko,r1,0.560546875,1024,2048,metric,,,,
Qwen/Qwen2.5-0.5B,22,0.9166666666666666,last_token,remove_random,1,en,ko,mrr,0.6799383635752078,1024,2048,metric,,,,
Qwen/Qwen2.5-0.5B,22,0.9166666666666666,last_token,remove_random,1,en,ja,r1,0.693359375,1024,2048,metric,,,,
Qwen/Qwen2.5-0.5B,22,0.9166666666666666,last_token,remove_random,1,en,ja,mrr,0.7904402941662543,1024,2048,metric,,,,
Qwen/Qwen2.5-0.5B,22,0.9166666666666666,last_token,remove_random,1,en,zh,r1,0.861328125,1024,2048,metric,,,,
Qwen/Qwen2.5-0.5B,22,0.9166666666666666,last_token,remove_random,1,en,zh,mrr,0.9112075188145778,1024,2048,metric,,,,
Qwen/Qwen2.5-0.5B,22,0.9166666666666666,last_token,remove_random,1,ko,en,r1,0.259765625,1024,2048,metric,,,,
Qwen/Qwen2.5-0.5B,22,0.9166666666666666,last_token,remove_random,1,ko,en,mrr,0.3521068451256352,1024,2048,metric,,,,
Qwen/Qwen2.5-0.5B,22,0.9166666666666666,last_token,remove_random,1,ko,ja,r1,0.505859375,1024,2048,metric,,,,
Qwen/Qwen2.5-0.5B,22,0.9166666666666666,last_token,remove_random,1,ko,ja,mrr,0.620130389033301,1024,2048,metric,,,,
Qwen/Qwen2.5-0.5B,22,0.9166666666666666,last_token,remove_random,1,ko,zh,r1,0.421875,1024,2048,metric,,,,
Qwen/Qwen2.5-0.5B,22,0.9166666666666666,last_token,remove_random,1,ko,zh,mrr,0.539308521576397,1024,2048,metric,,,,
Qwen/Qwen2.5-0.5B,22,0.9166666666666666,last_token,remove_random,1,ja,en,r1,0.49609375,1024,2048,metric,,,,
Qwen/Qwen2.5-0.5B,22,0.9166666666666666,last_token,remove_random,1,ja,en,mrr,0.6082637852137671,1024,2048,metric,,,,
Qwen/Qwen2.5-0.5B,22,0.9166666666666666,last_token,remove_random,1,ja,ko,r1,0.728515625,1024,2048,metric,,,,
Qwen/Qwen2.5-0.5B,22,0.9166666666666666,last_token,remove_random,1,ja,ko,mrr,0.7933719627882894,1024,2048,metric,,,,
Qwen/Qwen2.5-0.5B,22,0.9166666666666666,last_token,remove_random,1,ja,zh,r1,0.732421875,1024,2048,metric,,,,
Qwen/Qwen2.5-0.5B,22,0.9166666666666666,last_token,remove_random,1,ja,zh,mrr,0.8045451685328651,1024,2048,metric,,,,
Qwen/Qwen2.5-0.5B,22,0.9166666666666666,last_token,remove_random,1,zh,en,r1,0.7578125,1024,2048,metric,,,,
Qwen/Qwen2.5-0.5B,22,0.9166666666666666,last_token,remove_random,1,zh,en,mrr,0.8296961797525817,1024,2048,metric,,,,
Qwen/Qwen2.5-0.5B,22,0.9166666666666666,last_token,remove_random,1,zh,ko,r1,0.578125,1024,2048,metric,,,,
Qwen/Qwen2.5-0.5B,22,0.9166666666666666,last_token,remove_random,1,zh,ko,mrr,0.6887150851434244,1024,2048,metric,,,,
Qwen/Qwen2.5-0.5B,22,0.9166666666666666,last_token,remove_random,1,zh,ja,r1,0.6640625,1024,2048,metric,,,,
Qwen/Qwen2.5-0.5B,22,0.9166666666666666,last_token,remove_random,1,zh,ja,mrr,0.7661806546105527,1024,2048,metric,,,,
Qwen/Qwen2.5-0.5B,23,0.9583333333333334,last_token,remove_random,1,en,ko,r1,0.181640625,1024,2048,metric,,,,
Qwen/Qwen2.5-0.5B,23,0.9583333333333334,last_token,remove_random,1,en,ko,mrr,0.28461843484695387,1024,2048,metric,,,,
Qwen/Qwen2.5-0.5B,23,0.9583333333333334,last_token,remove_random,1,en,ja,r1,0.669921875,1024,2048,metric,,,,
Qwen/Qwen2.5-0.5B,23,0.9583333333333334,last_token,remove_random,1,en,ja,mrr,0.7811939056269408,1024,2048,metric,,,,
Qwen/Qwen2.5-0.5B,23,0.9583333333333334,last_token,remove_random,1,en,zh,r1,0.83203125,1024,2048,metric,,,,
Qwen/Qwen2.5-0.5B,23,0.9583333333333334,last_token,remove_random,1,en,zh,mrr,0.8849027583315108,1024,2048,metric,,,,
Qwen/Qwen2.5-0.5B,23,0.9583333333333334,last_token,remove_random,1,ko,en,r1,0.36328125,1024,2048,metric,,,,
Qwen/Qwen2.5-0.5B,23,0.9583333333333334,last_token,remove_random,1,ko,en,mrr,0.4709818651972216,1024,2048,metric,,,,
Qwen/Qwen2.5-0.5B,23,0.9583333333333334,last_token,remove_random,1,ko,ja,r1,0.5859375,1024,2048,metric,,,,
Qwen/Qwen2.5-0.5B,23,0.9583333333333334,last_token,remove_random,1,ko,ja,mrr,0.6818593414016425,1024,2048,metric,,,,
Qwen/Qwen2.5-0.5B,23,0.9583333333333334,last_token,remove_random,1,ko,zh,r1,0.3984375,1024,2048,metric,,,,
Qwen/Qwen2.5-0.5B,23,0.9583333333333334,last_token,remove_random,1,ko,zh,mrr,0.513454193870461,1024,2048,metric,,,,
Qwen/Qwen2.5-0.5B,23,0.9583333333333334,last_token,remove_random,1,ja,en,r1,0.4375,1024,2048,metric,,,,
Qwen/Qwen2.5-0.5B,23,0.9583333333333334,last_token,remove_random,1,ja,en,mrr,0.5613588232827216,1024,2048,metric,,,,
Qwen/Qwen2.5-0.5B,23,0.9583333333333334,last_token,remove_random,1,ja,ko,r1,0.376953125,1024,2048,metric,,,,
Qwen/Qwen2.5-0.5B,23,0.9583333333333334,last_token,remove_random,1,ja,ko,mrr,0.481138954136968,1024,2048,metric,,,,
Qwen/Qwen2.5-0.5B,23,0.9583333333333334,last_token,remove_random,1,ja,zh,r1,0.751953125,1024,2048,metric,,,,
Qwen/Qwen2.5-0.5B,23,0.9583333333333334,last_token,remove_random,1,ja,zh,mrr,0.827381240527555,1024,2048,metric,,,,
Qwen/Qwen2.5-0.5B,23,0.9583333333333334,last_token,remove_random,1,zh,en,r1,0.6953125,1024,2048,metric,,,,
Qwen/Qwen2.5-0.5B,23,0.9583333333333334,last_token,remove_random,1,zh,en,mrr,0.7813296581555176,1024,2048,metric,,,,
Qwen/Qwen2.5-0.5B,23,0.9583333333333334,last_token,remove_random,1,zh,ko,r1,0.2265625,1024,2048,metric,,,,
Qwen/Qwen2.5-0.5B,23,0.9583333333333334,last_token,remove_random,1,zh,ko,mrr,0.3240506027660529,1024,2048,metric,,,,
Qwen/Qwen2.5-0.5B,23,0.9583333333333334,last_token,remove_random,1,zh,ja,r1,0.666015625,1024,2048,metric,,,,
Qwen/Qwen2.5-0.5B,23,0.9583333333333334,last_token,remove_random,1,zh,ja,mrr,0.7641395418388789,1024,2048,metric,,,,
Qwen/Qwen2.5-0.5B,24,1.0,last_token,remove_random,1,en,ko,r1,0.00390625,1024,2048,metric,,,,
Qwen/Qwen2.5-0.5B,24,1.0,last_token,remove_random,1,en,ko,mrr,0.03530246962692702,1024,2048,metric,,,,
Qwen/Qwen2.5-0.5B,24,1.0,last_token,remove_random,1,en,ja,r1,0.025390625,1024,2048,metric,,,,
Qwen/Qwen2.5-0.5B,24,1.0,last_token,remove_random,1,en,ja,mrr,0.0724184554143269,1024,2048,metric,,,,
Qwen/Qwen2.5-0.5B,24,1.0,last_token,remove_random,1,en,zh,r1,0.00390625,1024,2048,metric,,,,
Qwen/Qwen2.5-0.5B,24,1.0,last_token,remove_random,1,en,zh,mrr,0.04311229908478955,1024,2048,metric,,,,
Qwen/Qwen2.5-0.5B,24,1.0,last_token,remove_random,1,ko,en,r1,0.005859375,1024,2048,metric,,,,
Qwen/Qwen2.5-0.5B,24,1.0,last_token,remove_random,1,ko,en,mrr,0.05527849841027438,1024,2048,metric,,,,
Qwen/Qwen2.5-0.5B,24,1.0,last_token,remove_random,1,ko,ja,r1,0.0234375,1024,2048,metric,,,,
Qwen/Qwen2.5-0.5B,24,1.0,last_token,remove_random,1,ko,ja,mrr,0.061803686308026344,1024,2048,metric,,,,
Qwen/Qwen2.5-0.5B,24,1.0,last_token,remove_random,1,ko,zh,r1,0.009765625,1024,2048,metric,,,,
Qwen/Qwen2.5-0.5B,24,1.0,last_token,remove_random,1,ko,zh,mrr,0.04044485755066027,1024,2048,metric,,,,
Qwen/Qwen2.5-0.5B,24,1.0,last_token,remove_random,1,ja,en,r1,0.001953125,1024,2048,metric,,,,
Qwen/Qwen2.5-0.5B,24,1.0,last_token,remove_random,1,ja,en,mrr,0.04471383345905475,1024,2048,metric,,,,
Qwen/Qwen2.5-0.5B,24,1.0,last_token,remove_random,1,ja,ko,r1,0.001953125,1024,2048,metric,,,,
Qwen/Qwen2.5-0.5B,24,1.0,last_token,remove_random,1,ja,ko,mrr,0.050334536152649045,1024,2048,metric,,,,
Qwen/Qwen2.5-0.5B,24,1.0,last_token,remove_random,1,ja,zh,r1,0.0625,1024,2048,metric,,,,
Qwen/Qwen2.5-0.5B,24,1.0,last_token,remove_random,1,ja,zh,mrr,0.14666375110488117,1024,2048,metric,,,,
Qwen/Qwen2.5-0.5B,24,1.0,last_token,remove_random,1,zh,en,r1,0.013671875,1024,2048,metric,,,,
Qwen/Qwen2.5-0.5B,24,1.0,last_token,remove_random,1,zh,en,mrr,0.09266226232360711,1024,2048,metric,,,,
Qwen/Qwen2.5-0.5B,24,1.0,last_token,remove_random,1,zh,ko,r1,0.00390625,1024,2048,metric,,,,
Qwen/Qwen2.5-0.5B,24,1.0,last_token,remove_random,1,zh,ko,mrr,0.08972271697189571,1024,2048,metric,,,,
Qwen/Qwen2.5-0.5B,24,1.0,last_token,remove_random,1,zh,ja,r1,0.154296875,1024,2048,metric,,,,
Qwen/Qwen2.5-0.5B,24,1.0,last_token,remove_random,1,zh,ja,mrr,0.27497248319989404,1024,2048,metric,,,,
Qwen/Qwen2.5-0.5B,22,0.9166666666666666,mean,remove_random,1,en,ko,r1,0.392578125,1024,2048,metric,,,,
Qwen/Qwen2.5-0.5B,22,0.9166666666666666,mean,remove_random,1,en,ko,mrr,0.5498172242601971,1024,2048,metric,,,,
Qwen/Qwen2.5-0.5B,22,0.9166666666666666,mean,remove_random,1,en,ja,r1,0.087890625,1024,2048,metric,,,,
Qwen/Qwen2.5-0.5B,22,0.9166666666666666,mean,remove_random,1,en,ja,mrr,0.2638299557062176,1024,2048,metric,,,,
Qwen/Qwen2.5-0.5B,22,0.9166666666666666,mean,remove_random,1,en,zh,r1,0.94921875,1024,2048,metric,,,,
Qwen/Qwen2.5-0.5B,22,0.9166666666666666,mean,remove_random,1,en,zh,mrr,0.9678905404491343,1024,2048,metric,,,,
Qwen/Qwen2.5-0.5B,22,0.9166666666666666,mean,remove_random,1,ko,en,r1,0.35546875,1024,2048,metric,,,,
Qwen/Qwen2.5-0.5B,22,0.9166666666666666,mean,remove_random,1,ko,en,mrr,0.46275006300921667,1024,2048,metric,,,,
Qwen/Qwen2.5-0.5B,22,0.9166666666666666,mean,remove_random,1,ko,ja,r1,0.22265625,1024,2048,metric,,,,
Qwen/Qwen2.5-0.5B,22,0.9166666666666666,mean,remove_random,1,ko,ja,mrr,0.39955967177660834,1024,2048,metric,,,,
Qwen/Qwen2.5-0.5B,22,0.9166666666666666,mean,remove_random,1,ko,zh,r1,0.427734375,1024,2048,metric,,,,
Qwen/Qwen2.5-0.5B,22,0.9166666666666666,mean,remove_random,1,ko,zh,mrr,0.5553352635895872,1024,2048,metric,,,,
Qwen/Qwen2.5-0.5B,22,0.9166666666666666,mean,remove_random,1,ja,en,r1,0.548828125,1024,2048,metric,,,,
Qwen/Qwen2.5-0.5B,22,0.9166666666666666,mean,remove_random,1,ja,en,mrr,0.6533569768451204,1024,2048,metric,,,,
Qwen/Qwen2.5-0.5B,22,0.9166666666666666,mean,remove_random,1,ja,ko,r1,0.7734375,1024,2048,metric,,,,
Qwen/Qwen2.5-0.5B,22,0.9166666666666666,mean,remove_random,1,ja,ko,mrr,0.8394821140038191,1024,2048,metric,,,,
Qwen/Qwen2.5-0.5B,22,0.9166666666666666,mean,remove_random,1,ja,zh,r1,0.767578125,1024,2048,metric,,,,
Qwen/Qwen2.5-0.5B,22,0.9166666666666666,mean,remove_random,1,ja,zh,mrr,0.8460172878874153,1024,2048,metric,,,,
Qwen/Qwen2.5-0.5B,22,0.9166666666666666,mean,remove_random,1,zh,en,r1,0.958984375,1024,2048,metric,,,,
Qwen/Qwen2.5-0.5B,22,0.9166666666666666,mean,remove_random,1,zh,en,mrr,0.9735056046060451,1024,2048,metric,,,,
Qwen/Qwen2.5-0.5B,22,0.9166666666666666,mean,remove_random,1,zh,ko,r1,0.517578125,1024,2048,metric,,,,
Qwen/Qwen2.5-0.5B,22,0.9166666666666666,mean,remove_random,1,zh,ko,mrr,0.6461970006008798,1024,2048,metric,,,,
Qwen/Qwen2.5-0.5B,22,0.9166666666666666,mean,remove_random,1,zh,ja,r1,0.21875,1024,2048,metric,,,,
Qwen/Qwen2.5-0.5B,22,0.9166666666666666,mean,remove_random,1,zh,ja,mrr,0.38853531867151453,1024,2048,metric,,,,
Qwen/Qwen2.5-0.5B,23,0.9583333333333334,mean,remove_random,1,en,ko,r1,0.0546875,1024,2048,metric,,,,
Qwen/Qwen2.5-0.5B,23,0.9583333333333334,mean,remove_random,1,en,ko,mrr,0.12108954089959736,1024,2048,metric,,,,
Qwen/Qwen2.5-0.5B,23,0.9583333333333334,mean,remove_random,1,en,ja,r1,0.044921875,1024,2048,metric,,,,
Qwen/Qwen2.5-0.5B,23,0.9583333333333334,mean,remove_random,1,en,ja,mrr,0.2087061329561078,1024,2048,metric,,,,
Qwen/Qwen2.5-0.5B,23,0.9583333333333334,mean,remove_random,1,en,zh,r1,0.8046875,1024,2048,metric,,,,
Qwen/Qwen2.5-0.5B,23,0.9583333333333334,mean,remove_random,1,en,zh,mrr,0.87318027567051,1024,2048,metric,,,,
Qwen/Qwen2.5-0.5B,23,0.9583333333333334,mean,remove_random,1,ko,en,r1,0.271484375,1024,2048,metric,,,,
Qwen/Qwen2.5-0.5B,23,0.9583333333333334,mean,remove_random,1,ko,en,mrr,0.4104763189035908,1024,2048,metric,,,,
Qwen/Qwen2.5-0.5B,23,0.9583333333333334,mean,remove_random,1,ko,ja,r1,0.232421875,1024,2048,metric,,,,
Qwen/Qwen2.5-0.5B,23,0.9583333333333334,mean,remove_random,1,ko,ja,mrr,0.4067624640781046,1024,2048,metric,,,,
Qwen/Qwen2.5-0.5B,23,0.9583333333333334,mean,remove_random,1,ko,zh,r1,0.37109375,1024,2048,metric,,,,
Qwen/Qwen2.5-0.5B,23,0.9583333333333334,mean,remove_random,1,ko,zh,mrr,0.48113099421007877,1024,2048,metric,,,,
Qwen/Qwen2.5-0.5B,23,0.9583333333333334,mean,remove_random,1,ja,en,r1,0.3984375,1024,2048,metric,,,,
Qwen/Qwen2.5-0.5B,23,0.9583333333333334,mean,remove_random,1,ja,en,mrr,0.5246402709225906,1024,2048,metric,,,,
Qwen/Qwen2.5-0.5B,23,0.9583333333333334,mean,remove_random,1,ja,ko,r1,0.0859375,1024,2048,metric,,,,
Qwen/Qwen2.5-0.5B,23,0.9583333333333334,mean,remove_random,1,ja,ko,mrr,0.1779027406154325,1024,2048,metric,,,,
Qwen/Qwen2.5-0.5B,23,0.9583333333333334,mean,remove_random,1,ja,zh,r1,0.712890625,1024,2048,metric,,,,
Qwen/Qwen2.5-0.5B,23,0.9583333333333334,mean,remove_random,1,ja,zh,mrr,0.7971023433685334,1024,2048,metric,,,,
Qwen/Qwen2.5-0.5B,23,0.9583333333333334,mean,remove_random,1,zh,en,r1,0.94921875,1024,2048,metric,,,,
Qwen/Qwen2.5-0.5B,23,0.9583333333333334,mean,remove_random,1,zh,en,mrr,0.9682639951194639,1024,2048,metric,,,,
Qwen/Qwen2.5-0.5B,23,0.9583333333333334,mean,remove_random,1,zh,ko,r1,0.072265625,1024,2048,metric,,,,
Qwen/Qwen2.5-0.5B,23,0.9583333333333334,mean,remove_random,1,zh,ko,mrr,0.15648586172033568,1024,2048,metric,,,,
Qwen/Qwen2.5-0.5B,23,0.9583333333333334,mean,remove_random,1,zh,ja,r1,0.1953125,1024,2048,metric,,,,
Qwen/Qwen2.5-0.5B,23,0.9583333333333334,mean,remove_random,1,zh,ja,mrr,0.36754010556630146,1024,2048,metric,,,,
Qwen/Qwen2.5-0.5B,24,1.0,mean,remove_random,1,en,ko,r1,0.00390625,1024,2048,metric,,,,
Qwen/Qwen2.5-0.5B,24,1.0,mean,remove_random,1,en,ko,mrr,0.036622576227902645,1024,2048,metric,,,,
Qwen/Qwen2.5-0.5B,24,1.0,mean,remove_random,1,en,ja,r1,0.001953125,1024,2048,metric,,,,
Qwen/Qwen2.5-0.5B,24,1.0,mean,remove_random,1,en,ja,mrr,0.039504245287229,1024,2048,metric,,,,
Qwen/Qwen2.5-0.5B,24,1.0,mean,remove_random,1,en,zh,r1,0.001953125,1024,2048,metric,,,,
Qwen/Qwen2.5-0.5B,24,1.0,mean,remove_random,1,en,zh,mrr,0.031320942385390585,1024,2048,metric,,,,
Qwen/Qwen2.5-0.5B,24,1.0,mean,remove_random,1,ko,en,r1,0.015625,1024,2048,metric,,,,
Qwen/Qwen2.5-0.5B,24,1.0,mean,remove_random,1,ko,en,mrr,0.05207541397961914,1024,2048,metric,,,,
Qwen/Qwen2.5-0.5B,24,1.0,mean,remove_random,1,ko,ja,r1,0.064453125,1024,2048,metric,,,,
Qwen/Qwen2.5-0.5B,24,1.0,mean,remove_random,1,ko,ja,mrr,0.1054511548854896,1024,2048,metric,,,,
Qwen/Qwen2.5-0.5B,24,1.0,mean,remove_random,1,ko,zh,r1,0.02734375,1024,2048,metric,,,,
Qwen/Qwen2.5-0.5B,24,1.0,mean,remove_random,1,ko,zh,mrr,0.05492289680743319,1024,2048,metric,,,,
Qwen/Qwen2.5-0.5B,24,1.0,mean,remove_random,1,ja,en,r1,0.095703125,1024,2048,metric,,,,
Qwen/Qwen2.5-0.5B,24,1.0,mean,remove_random,1,ja,en,mrr,0.1582708337528333,1024,2048,metric,,,,
Qwen/Qwen2.5-0.5B,24,1.0,mean,remove_random,1,ja,ko,r1,0.017578125,1024,2048,metric,,,,
Qwen/Qwen2.5-0.5B,24,1.0,mean,remove_random,1,ja,ko,mrr,0.05580843459542231,1024,2048,metric,,,,
Qwen/Qwen2.5-0.5B,24,1.0,mean,remove_random,1,ja,zh,r1,0.064453125,1024,2048,metric,,,,
Qwen/Qwen2.5-0.5B,24,1.0,mean,remove_random,1,ja,zh,mrr,0.1356596221644682,1024,2048,metric,,,,
Qwen/Qwen2.5-0.5B,24,1.0,mean,remove_random,1,zh,en,r1,0.181640625,1024,2048,metric,,,,
Qwen/Qwen2.5-0.5B,24,1.0,mean,remove_random,1,zh,en,mrr,0.3188216964160411,1024,2048,metric,,,,
Qwen/Qwen2.5-0.5B,24,1.0,mean,remove_random,1,zh,ko,r1,0.013671875,1024,2048,metric,,,,
Qwen/Qwen2.5-0.5B,24,1.0,mean,remove_random,1,zh,ko,mrr,0.08379197414691375,1024,2048,metric,,,,
Qwen/Qwen2.5-0.5B,24,1.0,mean,remove_random,1,zh,ja,r1,0.00390625,1024,2048,metric,,,,
Qwen/Qwen2.5-0.5B,24,1.0,mean,remove_random,1,zh,ja,mrr,0.03971564428558675,1024,2048,metric,,,,
Qwen/Qwen2.5-0.5B,22,0.9166666666666666,last_token,remove_random,2,en,ko,r1,0.560546875,1024,2048,metric,,,,
Qwen/Qwen2.5-0.5B,22,0.9166666666666666,last_token,remove_random,2,en,ko,mrr,0.6799383635752078,1024,2048,metric,,,,
Qwen/Qwen2.5-0.5B,22,0.9166666666666666,last_token,remove_random,2,en,ja,r1,0.693359375,1024,2048,metric,,,,
Qwen/Qwen2.5-0.5B,22,0.9166666666666666,last_token,remove_random,2,en,ja,mrr,0.7904402941662543,1024,2048,metric,,,,
Qwen/Qwen2.5-0.5B,22,0.9166666666666666,last_token,remove_random,2,en,zh,r1,0.861328125,1024,2048,metric,,,,
Qwen/Qwen2.5-0.5B,22,0.9166666666666666,last_token,remove_random,2,en,zh,mrr,0.9112075188145778,1024,2048,metric,,,,
Qwen/Qwen2.5-0.5B,22,0.9166666666666666,last_token,remove_random,2,ko,en,r1,0.259765625,1024,2048,metric,,,,
Qwen/Qwen2.5-0.5B,22,0.9166666666666666,last_token,remove_random,2,ko,en,mrr,0.3521068451256352,1024,2048,metric,,,,
Qwen/Qwen2.5-0.5B,22,0.9166666666666666,last_token,remove_random,2,ko,ja,r1,0.505859375,1024,2048,metric,,,,
Qwen/Qwen2.5-0.5B,22,0.9166666666666666,last_token,remove_random,2,ko,ja,mrr,0.620130389033301,1024,2048,metric,,,,
Qwen/Qwen2.5-0.5B,22,0.9166666666666666,last_token,remove_random,2,ko,zh,r1,0.421875,1024,2048,metric,,,,
Qwen/Qwen2.5-0.5B,22,0.9166666666666666,last_token,remove_random,2,ko,zh,mrr,0.539308521576397,1024,2048,metric,,,,
Qwen/Qwen2.5-0.5B,22,0.9166666666666666,last_token,remove_random,2,ja,en,r1,0.49609375,1024,2048,metric,,,,
Qwen/Qwen2.5-0.5B,22,0.9166666666666666,last_token,remove_random,2,ja,en,mrr,0.6082637852137671,1024,2048,metric,,,,
Qwen/Qwen2.5-0.5B,22,0.9166666666666666,last_token,remove_random,2,ja,ko,r1,0.728515625,1024,2048,metric,,,,
Qwen/Qwen2.5-0.5B,22,0.9166666666666666,last_token,remove_random,2,ja,ko,mrr,0.7933719627882894,1024,2048,metric,,,,
Qwen/Qwen2.5-0.5B,22,0.9166666666666666,last_token,remove_random,2,ja,zh,r1,0.732421875,1024,2048,metric,,,,
Qwen/Qwen2.5-0.5B,22,0.9166666666666666,last_token,remove_random,2,ja,zh,mrr,0.8045451685328651,1024,2048,metric,,,,
Qwen/Qwen2.5-0.5B,22,0.9166666666666666,last_token,remove_random,2,zh,en,r1,0.7578125,1024,2048,metric,,,,
Qwen/Qwen2.5-0.5B,22,0.9166666666666666,last_token,remove_random,2,zh,en,mrr,0.8296961797525817,1024,2048,metric,,,,
Qwen/Qwen2.5-0.5B,22,0.9166666666666666,last_token,remove_random,2,zh,ko,r1,0.578125,1024,2048,metric,,,,
Qwen/Qwen2.5-0.5B,22,0.9166666666666666,last_token,remove_random,2,zh,ko,mrr,0.6887150851434244,1024,2048,metric,,,,
Qwen/Qwen2.5-0.5B,22,0.9166666666666666,last_token,remove_random,2,zh,ja,r1,0.6640625,1024,2048,metric,,,,
Qwen/Qwen2.5-0.5B,22,0.9166666666666666,last_token,remove_random,2,zh,ja,mrr,0.7661806546105527,1024,2048,metric,,,,
Qwen/Qwen2.5-0.5B,23,0.9583333333333334,last_token,remove_random,2,en,ko,r1,0.162109375,1024,2048,metric,,,,
Qwen/Qwen2.5-0.5B,23,0.9583333333333334,last_token,remove_random,2,en,ko,mrr,0.2681051078918669,1024,2048,metric,,,,
Qwen/Qwen2.5-0.5B,23,0.9583333333333334,last_token,remove_random,2,en,ja,r1,0.673828125,1024,2048,metric,,,,
Qwen/Qwen2.5-0.5B,23,0.9583333333333334,last_token,remove_random,2,en,ja,mrr,0.7812112047762628,1024,2048,metric,,,,
Qwen/Qwen2.5-0.5B,23,0.9583333333333334,last_token,remove_random,2,en,zh,r1,0.8203125,1024,2048,metric,,,,
Qwen/Qwen2.5-0.5B,23,0.9583333333333334,last_token,remove_random,2,en,zh,mrr,0.8784938147814663,1024,2048,metric,,,,
Qwen/Qwen2.5-0.5B,23,0.9583333333333334,last_token,remove_random,2,ko,en,r1,0.36328125,1024,2048,metric,,,,
Qwen/Qwen2.5-0.5B,23,0.9583333333333334,last_token,remove_random,2,ko,en,mrr,0.4678012775129211,1024,2048,metric,,,,
Qwen/Qwen2.5-0.5B,23,0.9583333333333334,last_token,remove_random,2,ko,ja,r1,0.56640625,1024,2048,metric,,,,
Qwen/Qwen2.5-0.5B,23,0.9583333333333334,last_token,remove_random,2,ko,ja,mrr,0.6715465120635483,1024,2048,metric,,,,
Qwen/Qwen2.5-0.5B,23,0.9583333333333334,last_token,remove_random,2,ko,zh,r1,0.400390625,1024,2048,metric,,,,
Qwen/Qwen2.5-0.5B,23,0.9583333333333334,last_token,remove_random,2,ko,zh,mrr,0.5149758197468803,1024,2048,metric,,,,
Qwen/Qwen2.5-0.5B,23,0.9583333333333334,last_token,remove_random,2,ja,en,r1,0.435546875,1024,2048,metric,,,,
Qwen/Qwen2.5-0.5B,23,0.9583333333333334,last_token,remove_random,2,ja,en,mrr,0.5654256301368881,1024,2048,metric,,,,
Qwen/Qwen2.5-0.5B,23,0.9583333333333334,last_token,remove_random,2,ja,ko,r1,0.39453125,1024,2048,metric,,,,
Qwen/Qwen2.5-0.5B,23,0.9583333333333334,last_token,remove_random,2,ja,ko,mrr,0.49548142756863767,1024,2048,metric,,,,
Qwen/Qwen2.5-0.5B,23,0.9583333333333334,last_token,remove_random,2,ja,zh,r1,0.76171875,1024,2048,metric,,,,
Qwen/Qwen2.5-0.5B,23,0.9583333333333334,last_token,remove_random,2,ja,zh,mrr,0.8331535801579828,1024,2048,metric,,,,
Qwen/Qwen2.5-0.5B,23,0.9583333333333334,last_token,remove_random,2,zh,en,r1,0.701171875,1024,2048,metric,,,,
Qwen/Qwen2.5-0.5B,23,0.9583333333333334,last_token,remove_random,2,zh,en,mrr,0.785423116311928,1024,2048,metric,,,,
Qwen/Qwen2.5-0.5B,23,0.9583333333333334,last_token,remove_random,2,zh,ko,r1,0.212890625,1024,2048,metric,,,,
Qwen/Qwen2.5-0.5B,23,0.9583333333333334,last_token,remove_random,2,zh,ko,mrr,0.31648106279897037,1024,2048,metric,,,,
Qwen/Qwen2.5-0.5B,23,0.9583333333333334,last_token,remove_random,2,zh,ja,r1,0.6640625,1024,2048,metric,,,,
Qwen/Qwen2.5-0.5B,23,0.9583333333333334,last_token,remove_random,2,zh,ja,mrr,0.7614093796796926,1024,2048,metric,,,,
Qwen/Qwen2.5-0.5B,24,1.0,last_token,remove_random,2,en,ko,r1,0.00390625,1024,2048,metric,,,,
Qwen/Qwen2.5-0.5B,24,1.0,last_token,remove_random,2,en,ko,mrr,0.037142890837027855,1024,2048,metric,,,,
Qwen/Qwen2.5-0.5B,24,1.0,last_token,remove_random,2,en,ja,r1,0.037109375,1024,2048,metric,,,,
Qwen/Qwen2.5-0.5B,24,1.0,last_token,remove_random,2,en,ja,mrr,0.0835921555099176,1024,2048,metric,,,,
Qwen/Qwen2.5-0.5B,24,1.0,last_token,remove_random,2,en,zh,r1,0.00390625,1024,2048,metric,,,,
Qwen/Qwen2.5-0.5B,24,1.0,last_token,remove_random,2,en,zh,mrr,0.04385030213923042,1024,2048,metric,,,,
Qwen/Qwen2.5-0.5B,24,1.0,last_token,remove_random,2,ko,en,r1,0.005859375,1024,2048,metric,,,,
Qwen/Qwen2.5-0.5B,24,1.0,last_token,remove_random,2,ko,en,mrr,0.05574018156390792,1024,2048,metric,,,,
Qwen/Qwen2.5-0.5B,24,1.0,last_token,remove_random,2,ko,ja,r1,0.021484375,1024,2048,metric,,,,
Qwen/Qwen2.5-0.5B,24,1.0,last_token,remove_random,2,ko,ja,mrr,0.061452818917694024,1024,2048,metric,,,,
Qwen/Qwen2.5-0.5B,24,1.0,last_token,remove_random,2,ko,zh,r1,0.009765625,1024,2048,metric,,,,
Qwen/Qwen2.5-0.5B,24,1.0,last_token,remove_random,2,ko,zh,mrr,0.040170699123920885,1024,2048,metric,,,,
Qwen/Qwen2.5-0.5B,24,1.0,last_token,remove_random,2,ja,en,r1,0.001953125,1024,2048,metric,,,,
Qwen/Qwen2.5-0.5B,24,1.0,last_token,remove_random,2,ja,en,mrr,0.0478365244218657,1024,2048,metric,,,,
Qwen/Qwen2.5-0.5B,24,1.0,last_token,remove_random,2,ja,ko,r1,0.001953125,1024,2048,metric,,,,
Qwen/Qwen2.5-0.5B,24,1.0,last_token,remove_random,2,ja,ko,mrr,0.048747725119767105,1024,2048,metric,,,,
Qwen/Qwen2.5-0.5B,24,1.0,last_token,remove_random,2,ja,zh,r1,0.083984375,1024,2048,metric,,,,
Qwen/Qwen2.5-0.5B,24,1.0,last_token,remove_random,2,ja,zh,mrr,0.16785252565539438,1024,2048,metric,,,,
Qwen/Qwen2.5-0.5B,24,1.0,last_token,remove_random,2,zh,en,r1,0.021484375,1024,2048,metric,,,,
Qwen/Qwen2.5-0.5B,24,1.0,last_token,remove_random,2,zh,en,mrr,0.09670343738438782,1024,2048,metric,,,,
Qwen/Qwen2.5-0.5B,24,1.0,last_token,remove_random,2,zh,ko,r1,0.00390625,1024,2048,metric,,,,
Qwen/Qwen2.5-0.5B,24,1.0,last_token,remove_random,2,zh,ko,mrr,0.08799319415206806,1024,2048,metric,,,,
Qwen/Qwen2.5-0.5B,24,1.0,last_token,remove_random,2,zh,ja,r1,0.146484375,1024,2048,metric,,,,
Qwen/Qwen2.5-0.5B,24,1.0,last_token,remove_random,2,zh,ja,mrr,0.27287988792564055,1024,2048,metric,,,,
Qwen/Qwen2.5-0.5B,22,0.9166666666666666,mean,remove_random,2,en,ko,r1,0.392578125,1024,2048,metric,,,,
Qwen/Qwen2.5-0.5B,22,0.9166666666666666,mean,remove_random,2,en,ko,mrr,0.5498172242601971,1024,2048,metric,,,,
Qwen/Qwen2.5-0.5B,22,0.9166666666666666,mean,remove_random,2,en,ja,r1,0.087890625,1024,2048,metric,,,,
Qwen/Qwen2.5-0.5B,22,0.9166666666666666,mean,remove_random,2,en,ja,mrr,0.2638299557062176,1024,2048,metric,,,,
Qwen/Qwen2.5-0.5B,22,0.9166666666666666,mean,remove_random,2,en,zh,r1,0.94921875,1024,2048,metric,,,,
Qwen/Qwen2.5-0.5B,22,0.9166666666666666,mean,remove_random,2,en,zh,mrr,0.9678905404491343,1024,2048,metric,,,,
Qwen/Qwen2.5-0.5B,22,0.9166666666666666,mean,remove_random,2,ko,en,r1,0.35546875,1024,2048,metric,,,,
Qwen/Qwen2.5-0.5B,22,0.9166666666666666,mean,remove_random,2,ko,en,mrr,0.46275006300921667,1024,2048,metric,,,,
Qwen/Qwen2.5-0.5B,22,0.9166666666666666,mean,remove_random,2,ko,ja,r1,0.22265625,1024,2048,metric,,,,
Qwen/Qwen2.5-0.5B,22,0.9166666666666666,mean,remove_random,2,ko,ja,mrr,0.39955967177660834,1024,2048,metric,,,,
Qwen/Qwen2.5-0.5B,22,0.9166666666666666,mean,remove_random,2,ko,zh,r1,0.427734375,1024,2048,metric,,,,
Qwen/Qwen2.5-0.5B,22,0.9166666666666666,mean,remove_random,2,ko,zh,mrr,0.5553352635895872,1024,2048,metric,,,,
Qwen/Qwen2.5-0.5B,22,0.9166666666666666,mean,remove_random,2,ja,en,r1,0.548828125,1024,2048,metric,,,,
Qwen/Qwen2.5-0.5B,22,0.9166666666666666,mean,remove_random,2,ja,en,mrr,0.6533569768451204,1024,2048,metric,,,,
Qwen/Qwen2.5-0.5B,22,0.9166666666666666,mean,remove_random,2,ja,ko,r1,0.7734375,1024,2048,metric,,,,
Qwen/Qwen2.5-0.5B,22,0.9166666666666666,mean,remove_random,2,ja,ko,mrr,0.8394821140038191,1024,2048,metric,,,,
Qwen/Qwen2.5-0.5B,22,0.9166666666666666,mean,remove_random,2,ja,zh,r1,0.767578125,1024,2048,metric,,,,
Qwen/Qwen2.5-0.5B,22,0.9166666666666666,mean,remove_random,2,ja,zh,mrr,0.8460172878874153,1024,2048,metric,,,,
Qwen/Qwen2.5-0.5B,22,0.9166666666666666,mean,remove_random,2,zh,en,r1,0.958984375,1024,2048,metric,,,,
Qwen/Qwen2.5-0.5B,22,0.9166666666666666,mean,remove_random,2,zh,en,mrr,0.9735056046060451,1024,2048,metric,,,,
Qwen/Qwen2.5-0.5B,22,0.9166666666666666,mean,remove_random,2,zh,ko,r1,0.517578125,1024,2048,metric,,,,
Qwen/Qwen2.5-0.5B,22,0.9166666666666666,mean,remove_random,2,zh,ko,mrr,0.6461970006008798,1024,2048,metric,,,,
Qwen/Qwen2.5-0.5B,22,0.9166666666666666,mean,remove_random,2,zh,ja,r1,0.21875,1024,2048,metric,,,,
Qwen/Qwen2.5-0.5B,22,0.9166666666666666,mean,remove_random,2,zh,ja,mrr,0.38853531867151453,1024,2048,metric,,,,
Qwen/Qwen2.5-0.5B,23,0.9583333333333334,mean,remove_random,2,en,ko,r1,0.056640625,1024,2048,metric,,,,
Qwen/Qwen2.5-0.5B,23,0.9583333333333334,mean,remove_random,2,en,ko,mrr,0.12354874431124596,1024,2048,metric,,,,
Qwen/Qwen2.5-0.5B,23,0.9583333333333334,mean,remove_random,2,en,ja,r1,0.048828125,1024,2048,metric,,,,
Qwen/Qwen2.5-0.5B,23,0.9583333333333334,mean,remove_random,2,en,ja,mrr,0.20975966249084188,1024,2048,metric,,,,
Qwen/Qwen2.5-0.5B,23,0.9583333333333334,mean,remove_random,2,en,zh,r1,0.818359375,1024,2048,metric,,,,
Qwen/Qwen2.5-0.5B,23,0.9583333333333334,mean,remove_random,2,en,zh,mrr,0.8823501955189285,1024,2048,metric,,,,
Qwen/Qwen2.5-0.5B,23,0.9583333333333334,mean,remove_random,2,ko,en,r1,0.25,1024,2048,metric,,,,
Qwen/Qwen2.5-0.5B,23,0.9583333333333334,mean,remove_random,2,ko,en,mrr,0.39426161666803966,1024,2048,metric,,,,
Qwen/Qwen2.5-0.5B,23,0.9583333333333334,mean,remove_random,2,ko,ja,r1,0.236328125,1024,2048,metric,,,,
Qwen/Qwen2.5-0.5B,23,0.9583333333333334,mean,remove_random,2,ko,ja,mrr,0.4205175716005475,1024,2048,metric,,,,
Qwen/Qwen2.5-0.5B,23,0.9583333333333334,mean,remove_random,2,ko,zh,r1,0.361328125,1024,2048,metric,,,,
Qwen/Qwen2.5-0.5B,23,0.9583333333333334,mean,remove_random,2,ko,zh,mrr,0.4780324755390507,1024,2048,metric,,,,
Qwen/Qwen2.5-0.5B,23,0.9583333333333334,mean,remove_random,2,ja,en,r1,0.390625,1024,2048,metric,,,,
Qwen/Qwen2.5-0.5B,23,0.9583333333333334,mean,remove_random,2,ja,en,mrr,0.5199459358014278,1024,2048,metric,,,,
Qwen/Qwen2.5-0.5B,23,0.9583333333333334,mean,remove_random,2,ja,ko,r1,0.1015625,1024,2048,metric,,,,
Qwen/Qwen2.5-0.5B,23,0.9583333333333334,mean,remove_random,2,ja,ko,mrr,0.1937813512974681,1024,2048,metric,,,,
Qwen/Qwen2.5-0.5B,23,0.9583333333333334,mean,remove_random,2,ja,zh,r1,0.7109375,1024,2048,metric,,,,
Qwen/Qwen2.5-0.5B,23,0.9583333333333334,mean,remove_random,2,ja,zh,mrr,0.7962485255891056,1024,2048,metric,,,,
Qwen/Qwen2.5-0.5B,23,0.9583333333333334,mean,remove_random,2,zh,en,r1,0.94921875,1024,2048,metric,,,,
Qwen/Qwen2.5-0.5B,23,0.9583333333333334,mean,remove_random,2,zh,en,mrr,0.9681532020870652,1024,2048,metric,,,,
Qwen/Qwen2.5-0.5B,23,0.9583333333333334,mean,remove_random,2,zh,ko,r1,0.083984375,1024,2048,metric,,,,
Qwen/Qwen2.5-0.5B,23,0.9583333333333334,mean,remove_random,2,zh,ko,mrr,0.16679288687844615,1024,2048,metric,,,,
Qwen/Qwen2.5-0.5B,23,0.9583333333333334,mean,remove_random,2,zh,ja,r1,0.19921875,1024,2048,metric,,,,
Qwen/Qwen2.5-0.5B,23,0.9583333333333334,mean,remove_random,2,zh,ja,mrr,0.3666715594338974,1024,2048,metric,,,,
Qwen/Qwen2.5-0.5B,24,1.0,mean,remove_random,2,en,ko,r1,0.00390625,1024,2048,metric,,,,
Qwen/Qwen2.5-0.5B,24,1.0,mean,remove_random,2,en,ko,mrr,0.037180407299323114,1024,2048,metric,,,,
Qwen/Qwen2.5-0.5B,24,1.0,mean,remove_random,2,en,ja,r1,0.001953125,1024,2048,metric,,,,
Qwen/Qwen2.5-0.5B,24,1.0,mean,remove_random,2,en,ja,mrr,0.04039401669575471,1024,2048,metric,,,,
Qwen/Qwen2.5-0.5B,24,1.0,mean,remove_random,2,en,zh,r1,0.001953125,1024,2048,metric,,,,
Qwen/Qwen2.5-0.5B,24,1.0,mean,remove_random,2,en,zh,mrr,0.0316903268158827,1024,2048,metric,,,,
Qwen/Qwen2.5-0.5B,24,1.0,mean,remove_random,2,ko,en,r1,0.015625,1024,2048,metric,,,,
Qwen/Qwen2.5-0.5B,24,1.0,mean,remove_random,2,ko,en,mrr,0.05128654787304379,1024,2048,metric,,,,
Qwen/Qwen2.5-0.5B,24,1.0,mean,remove_random,2,ko,ja,r1,0.060546875,1024,2048,metric,,,,
Qwen/Qwen2.5-0.5B,24,1.0,mean,remove_random,2,ko,ja,mrr,0.10684615718147275,1024,2048,metric,,,,
Qwen/Qwen2.5-0.5B,24,1.0,mean,remove_random,2,ko,zh,r1,0.03125,1024,2048,metric,,,,
Qwen/Qwen2.5-0.5B,24,1.0,mean,remove_random,2,ko,zh,mrr,0.057821583480919814,1024,2048,metric,,,,
Qwen/Qwen2.5-0.5B,24,1.0,mean,remove_random,2,ja,en,r1,0.08984375,1024,2048,metric,,,,
Qwen/Qwen2.5-0.5B,24,1.0,mean,remove_random,2,ja,en,mrr,0.15618471016621718,1024,2048,metric,,,,
Qwen/Qwen2.5-0.5B,24,1.0,mean,remove_random,2,ja,ko,r1,0.013671875,1024,2048,metric,,,,
Qwen/Qwen2.5-0.5B,24,1.0,mean,remove_random,2,ja,ko,mrr,0.05549719721270856,1024,2048,metric,,,,
Qwen/Qwen2.5-0.5B,24,1.0,mean,remove_random,2,ja,zh,r1,0.0625,1024,2048,metric,,,,
Qwen/Qwen2.5-0.5B,24,1.0,mean,remove_random,2,ja,zh,mrr,0.1362175910903641,1024,2048,metric,,,,
Qwen/Qwen2.5-0.5B,24,1.0,mean,remove_random,2,zh,en,r1,0.19140625,1024,2048,metric,,,,
Qwen/Qwen2.5-0.5B,24,1.0,mean,remove_random,2,zh,en,mrr,0.32601869758631397,1024,2048,metric,,,,
Qwen/Qwen2.5-0.5B,24,1.0,mean,remove_random,2,zh,ko,r1,0.015625,1024,2048,metric,,,,
Qwen/Qwen2.5-0.5B,24,1.0,mean,remove_random,2,zh,ko,mrr,0.08756086142729583,1024,2048,metric,,,,
Qwen/Qwen2.5-0.5B,24,1.0,mean,remove_random,2,zh,ja,r1,0.00390625,1024,2048,metric,,,,
Qwen/Qwen2.5-0.5B,24,1.0,mean,remove_random,2,zh,ja,mrr,0.04016938684833948,1024,2048,metric,,,,
Qwen/Qwen2.5-0.5B,22,0.9166666666666666,last_token,remove_random,3,en,ko,r1,0.560546875,1024,2048,metric,,,,
Qwen/Qwen2.5-0.5B,22,0.9166666666666666,last_token,remove_random,3,en,ko,mrr,0.6799383635752078,1024,2048,metric,,,,
Qwen/Qwen2.5-0.5B,22,0.9166666666666666,last_token,remove_random,3,en,ja,r1,0.693359375,1024,2048,metric,,,,
Qwen/Qwen2.5-0.5B,22,0.9166666666666666,last_token,remove_random,3,en,ja,mrr,0.7904402941662543,1024,2048,metric,,,,
Qwen/Qwen2.5-0.5B,22,0.9166666666666666,last_token,remove_random,3,en,zh,r1,0.861328125,1024,2048,metric,,,,
Qwen/Qwen2.5-0.5B,22,0.9166666666666666,last_token,remove_random,3,en,zh,mrr,0.9112075188145778,1024,2048,metric,,,,
Qwen/Qwen2.5-0.5B,22,0.9166666666666666,last_token,remove_random,3,ko,en,r1,0.259765625,1024,2048,metric,,,,
Qwen/Qwen2.5-0.5B,22,0.9166666666666666,last_token,remove_random,3,ko,en,mrr,0.3521068451256352,1024,2048,metric,,,,
Qwen/Qwen2.5-0.5B,22,0.9166666666666666,last_token,remove_random,3,ko,ja,r1,0.505859375,1024,2048,metric,,,,
Qwen/Qwen2.5-0.5B,22,0.9166666666666666,last_token,remove_random,3,ko,ja,mrr,0.620130389033301,1024,2048,metric,,,,
Qwen/Qwen2.5-0.5B,22,0.9166666666666666,last_token,remove_random,3,ko,zh,r1,0.421875,1024,2048,metric,,,,
Qwen/Qwen2.5-0.5B,22,0.9166666666666666,last_token,remove_random,3,ko,zh,mrr,0.539308521576397,1024,2048,metric,,,,
Qwen/Qwen2.5-0.5B,22,0.9166666666666666,last_token,remove_random,3,ja,en,r1,0.49609375,1024,2048,metric,,,,
Qwen/Qwen2.5-0.5B,22,0.9166666666666666,last_token,remove_random,3,ja,en,mrr,0.6082637852137671,1024,2048,metric,,,,
Qwen/Qwen2.5-0.5B,22,0.9166666666666666,last_token,remove_random,3,ja,ko,r1,0.728515625,1024,2048,metric,,,,
Qwen/Qwen2.5-0.5B,22,0.9166666666666666,last_token,remove_random,3,ja,ko,mrr,0.7933719627882894,1024,2048,metric,,,,
Qwen/Qwen2.5-0.5B,22,0.9166666666666666,last_token,remove_random,3,ja,zh,r1,0.732421875,1024,2048,metric,,,,
Qwen/Qwen2.5-0.5B,22,0.9166666666666666,last_token,remove_random,3,ja,zh,mrr,0.8045451685328651,1024,2048,metric,,,,
Qwen/Qwen2.5-0.5B,22,0.9166666666666666,last_token,remove_random,3,zh,en,r1,0.7578125,1024,2048,metric,,,,
Qwen/Qwen2.5-0.5B,22,0.9166666666666666,last_token,remove_random,3,zh,en,mrr,0.8296961797525817,1024,2048,metric,,,,
Qwen/Qwen2.5-0.5B,22,0.9166666666666666,last_token,remove_random,3,zh,ko,r1,0.578125,1024,2048,metric,,,,
Qwen/Qwen2.5-0.5B,22,0.9166666666666666,last_token,remove_random,3,zh,ko,mrr,0.6887150851434244,1024,2048,metric,,,,
Qwen/Qwen2.5-0.5B,22,0.9166666666666666,last_token,remove_random,3,zh,ja,r1,0.6640625,1024,2048,metric,,,,
Qwen/Qwen2.5-0.5B,22,0.9166666666666666,last_token,remove_random,3,zh,ja,mrr,0.7661806546105527,1024,2048,metric,,,,
Qwen/Qwen2.5-0.5B,23,0.9583333333333334,last_token,remove_random,3,en,ko,r1,0.171875,1024,2048,metric,,,,
Qwen/Qwen2.5-0.5B,23,0.9583333333333334,last_token,remove_random,3,en,ko,mrr,0.2791664545337085,1024,2048,metric,,,,
Qwen/Qwen2.5-0.5B,23,0.9583333333333334,last_token,remove_random,3,en,ja,r1,0.677734375,1024,2048,metric,,,,
Qwen/Qwen2.5-0.5B,23,0.9583333333333334,last_token,remove_random,3,en,ja,mrr,0.7841519735853961,1024,2048,metric,,,,
Qwen/Qwen2.5-0.5B,23,0.9583333333333334,last_token,remove_random,3,en,zh,r1,0.830078125,1024,2048,metric,,,,
Qwen/Qwen2.5-0.5B,23,0.9583333333333334,last_token,remove_random,3,en,zh,mrr,0.8839555407830686,1024,2048,metric,,,,
Qwen/Qwen2.5-0.5B,23,0.9583333333333334,last_token,remove_random,3,ko,en,r1,0.359375,1024,2048,metric,,,,
Qwen/Qwen2.5-0.5B,23,0.9583333333333334,last_token,remove_random,3,ko,en,mrr,0.46261503969081175,1024,2048,metric,,,,
Qwen/Qwen2.5-0.5B,23,0.9583333333333334,last_token,remove_random,3,ko,ja,r1,0.57421875,1024,2048,metric,,,,
Qwen/Qwen2.5-0.5B,23,0.9583333333333334,last_token,remove_random,3,ko,ja,mrr,0.6760214701065084,1024,2048,metric,,,,
Qwen/Qwen2.5-0.5B,23,0.9583333333333334,last_token,remove_random,3,ko,zh,r1,0.3984375,1024,2048,metric,,,,
Qwen/Qwen2.5-0.5B,23,0.9583333333333334,last_token,remove_random,3,ko,zh,mrr,0.5139223144364307,1024,2048,metric,,,,
Qwen/Qwen2.5-0.5B,23,0.9583333333333334,last_token,remove_random,3,ja,en,r1,0.4453125,1024,2048,metric,,,,
Qwen/Qwen2.5-0.5B,23,0.9583333333333334,last_token,remove_random,3,ja,en,mrr,0.5683507591695849,1024,2048,metric,,,,
Qwen/Qwen2.5-0.5B,23,0.9583333333333334,last_token,remove_random,3,ja,ko,r1,0.396484375,1024,2048,metric,,,,
Qwen/Qwen2.5-0.5B,23,0.9583333333333334,last_token,remove_random,3,ja,ko,mrr,0.4951086038354523,1024,2048,metric,,,,
Qwen/Qwen2.5-0.5B,23,0.9583333333333334,last_token,remove_random,3,ja,zh,r1,0.75390625,1024,2048,metric,,,,
Qwen/Qwen2.5-0.5B,23,0.9583333333333334,last_token,remove_random,3,ja,zh,mrr,0.8277073398291168,1024,2048,metric,,,,
Qwen/Qwen2.5-0.5B,23,0.9583333333333334,last_token,remove_random,3,zh,en,r1,0.701171875,1024,2048,metric,,,,
Qwen/Qwen2.5-0.5B,23,0.9583333333333334,last_token,remove_random,3,zh,en,mrr,0.7844182076210046,1024,2048,metric,,,,
Qwen/Qwen2.5-0.5B,23,0.9583333333333334,last_token,remove_random,3,zh,ko,r1,0.201171875,1024,2048,metric,,,,
Qwen/Qwen2.5-0.5B,23,0.9583333333333334,last_token,remove_random,3,zh,ko,mrr,0.31156725289405307,1024,2048,metric,,,,
Qwen/Qwen2.5-0.5B,23,0.9583333333333334,last_token,remove_random,3,zh,ja,r1,0.666015625,1024,2048,metric,,,,
Qwen/Qwen2.5-0.5B,23,0.9583333333333334,last_token,remove_random,3,zh,ja,mrr,0.7618229970655168,1024,2048,metric,,,,
Qwen/Qwen2.5-0.5B,24,1.0,last_token,remove_random,3,en,ko,r1,0.00390625,1024,2048,metric,,,,
Qwen/Qwen2.5-0.5B,24,1.0,last_token,remove_random,3,en,ko,mrr,0.035975868825149596,1024,2048,metric,,,,
Qwen/Qwen2.5-0.5B,24,1.0,last_token,remove_random,3,en,ja,r1,0.025390625,1024,2048,metric,,,,
Qwen/Qwen2.5-0.5B,24,1.0,last_token,remove_random,3,en,ja,mrr,0.07313240780289663,1024,2048,metric,,,,
Qwen/Qwen2.5-0.5B,24,1.0,last_token,remove_random,3,en,zh,r1,0.00390625,1024,2048,metric,,,,
Qwen/Qwen2.5-0.5B,24,1.0,last_token,remove_random,3,en,zh,mrr,0.043507974164287505,1024,2048,metric,,,,
Qwen/Qwen2.5-0.5B,24,1.0,last_token,remove_random,3,ko,en,r1,0.0078125,1024,2048,metric,,,,
Qwen/Qwen2.5-0.5B,24,1.0,last_token,remove_random,3,ko,en,mrr,0.0583811915611776,1024,2048,metric,,,,
Qwen/Qwen2.5-0.5B,24,1.0,last_token,remove_random,3,ko,ja,r1,0.025390625,1024,2048,metric,,,,
Qwen/Qwen2.5-0.5B,24,1.0,last_token,remove_random,3,ko,ja,mrr,0.06377452641926132,1024,2048,metric,,,,
Qwen/Qwen2.5-0.5B,24,1.0,last_token,remove_random,3,ko,zh,r1,0.01171875,1024,2048,metric,,,,
Qwen/Qwen2.5-0.5B,24,1.0,last_token,remove_random,3,ko,zh,mrr,0.04290639096577605,1024,2048,metric,,,,
Qwen/Qwen2.5-0.5B,24,1.0,last_token,remove_random,3,ja,en,r1,0.001953125,1024,2048,metric,,,,
Qwen/Qwen2.5-0.5B,24,1.0,last_token,remove_random,3,ja,en,mrr,0.04634104447758379,1024,2048,metric,,,,
Qwen/Qwen2.5-0.5B,24,1.0,last_token,remove_random,3,ja,ko,r1,0.001953125,1024,2048,metric,,,,
Qwen/Qwen2.5-0.5B,24,1.0,last_token,remove_random,3,ja,ko,mrr,0.04791547661462577,1024,2048,metric,,,,
Qwen/Qwen2.5-0.5B,24,1.0,last_token,remove_random,3,ja,zh,r1,0.076171875,1024,2048,metric,,,,
Qwen/Qwen2.5-0.5B,24,1.0,last_token,remove_random,3,ja,zh,mrr,0.16113954993586302,1024,2048,metric,,,,
Qwen/Qwen2.5-0.5B,24,1.0,last_token,remove_random,3,zh,en,r1,0.013671875,1024,2048,metric,,,,
Qwen/Qwen2.5-0.5B,24,1.0,last_token,remove_random,3,zh,en,mrr,0.09264127817613621,1024,2048,metric,,,,
Qwen/Qwen2.5-0.5B,24,1.0,last_token,remove_random,3,zh,ko,r1,0.00390625,1024,2048,metric,,,,
Qwen/Qwen2.5-0.5B,24,1.0,last_token,remove_random,3,zh,ko,mrr,0.08628360357603446,1024,2048,metric,,,,
Qwen/Qwen2.5-0.5B,24,1.0,last_token,remove_random,3,zh,ja,r1,0.126953125,1024,2048,metric,,,,
Qwen/Qwen2.5-0.5B,24,1.0,last_token,remove_random,3,zh,ja,mrr,0.25648072869041194,1024,2048,metric,,,,
Qwen/Qwen2.5-0.5B,22,0.9166666666666666,mean,remove_random,3,en,ko,r1,0.392578125,1024,2048,metric,,,,
Qwen/Qwen2.5-0.5B,22,0.9166666666666666,mean,remove_random,3,en,ko,mrr,0.5498172242601971,1024,2048,metric,,,,
Qwen/Qwen2.5-0.5B,22,0.9166666666666666,mean,remove_random,3,en,ja,r1,0.087890625,1024,2048,metric,,,,
Qwen/Qwen2.5-0.5B,22,0.9166666666666666,mean,remove_random,3,en,ja,mrr,0.2638299557062176,1024,2048,metric,,,,
Qwen/Qwen2.5-0.5B,22,0.9166666666666666,mean,remove_random,3,en,zh,r1,0.94921875,1024,2048,metric,,,,
Qwen/Qwen2.5-0.5B,22,0.9166666666666666,mean,remove_random,3,en,zh,mrr,0.9678905404491343,1024,2048,metric,,,,
Qwen/Qwen2.5-0.5B,22,0.9166666666666666,mean,remove_random,3,ko,en,r1,0.35546875,1024,2048,metric,,,,
Qwen/Qwen2.5-0.5B,22,0.9166666666666666,mean,remove_random,3,ko,en,mrr,0.46275006300921667,1024,2048,metric,,,,
Qwen/Qwen2.5-0.5B,22,0.9166666666666666,mean,remove_random,3,ko,ja,r1,0.22265625,1024,2048,metric,,,,
Qwen/Qwen2.5-0.5B,22,0.9166666666666666,mean,remove_random,3,ko,ja,mrr,0.39955967177660834,1024,2048,metric,,,,
Qwen/Qwen2.5-0.5B,22,0.9166666666666666,mean,remove_random,3,ko,zh,r1,0.427734375,1024,2048,metric,,,,
Qwen/Qwen2.5-0.5B,22,0.9166666666666666,mean,remove_random,3,ko,zh,mrr,0.5553352635895872,1024,2048,metric,,,,
Qwen/Qwen2.5-0.5B,22,0.9166666666666666,mean,remove_random,3,ja,en,r1,0.548828125,1024,2048,metric,,,,
Qwen/Qwen2.5-0.5B,22,0.9166666666666666,mean,remove_random,3,ja,en,mrr,0.6533569768451204,1024,2048,metric,,,,
Qwen/Qwen2.5-0.5B,22,0.9166666666666666,mean,remove_random,3,ja,ko,r1,0.7734375,1024,2048,metric,,,,
Qwen/Qwen2.5-0.5B,22,0.9166666666666666,mean,remove_random,3,ja,ko,mrr,0.8394821140038191,1024,2048,metric,,,,
Qwen/Qwen2.5-0.5B,22,0.9166666666666666,mean,remove_random,3,ja,zh,r1,0.767578125,1024,2048,metric,,,,
Qwen/Qwen2.5-0.5B,22,0.9166666666666666,mean,remove_random,3,ja,zh,mrr,0.8460172878874153,1024,2048,metric,,,,
Qwen/Qwen2.5-0.5B,22,0.9166666666666666,mean,remove_random,3,zh,en,r1,0.958984375,1024,2048,metric,,,,
Qwen/Qwen2.5-0.5B,22,0.9166666666666666,mean,remove_random,3,zh,en,mrr,0.9735056046060451,1024,2048,metric,,,,
Qwen/Qwen2.5-0.5B,22,0.9166666666666666,mean,remove_random,3,zh,ko,r1,0.517578125,1024,2048,metric,,,,
Qwen/Qwen2.5-0.5B,22,0.9166666666666666,mean,remove_random,3,zh,ko,mrr,0.6461970006008798,1024,2048,metric,,,,
Qwen/Qwen2.5-0.5B,22,0.9166666666666666,mean,remove_random,3,zh,ja,r1,0.21875,1024,2048,metric,,,,
Qwen/Qwen2.5-0.5B,22,0.9166666666666666,mean,remove_random,3,zh,ja,mrr,0.38853531867151453,1024,2048,metric,,,,
Qwen/Qwen2.5-0.5B,23,0.9583333333333334,mean,remove_random,3,en,ko,r1,0.0546875,1024,2048,metric,,,,
Qwen/Qwen2.5-0.5B,23,0.9583333333333334,mean,remove_random,3,en,ko,mrr,0.12236522696354601,1024,2048,metric,,,,
Qwen/Qwen2.5-0.5B,23,0.9583333333333334,mean,remove_random,3,en,ja,r1,0.04296875,1024,2048,metric,,,,
Qwen/Qwen2.5-0.5B,23,0.9583333333333334,mean,remove_random,3,en,ja,mrr,0.20313988837821545,1024,2048,metric,,,,
Qwen/Qwen2.5-0.5B,23,0.9583333333333334,mean,remove_random,3,en,zh,r1,0.814453125,1024,2048,metric,,,,
Qwen/Qwen2.5-0.5B,23,0.9583333333333334,mean,remove_random,3,en,zh,mrr,0.879183418870384,1024,2048,metric,,,,
Qwen/Qwen2.5-0.5B,23,0.9583333333333334,mean,remove_random,3,ko,en,r1,0.24609375,1024,2048,metric,,,,
Qwen/Qwen2.5-0.5B,23,0.9583333333333334,mean,remove_random,3,ko,en,mrr,0.39199245077516603,1024,2048,metric,,,,
Qwen/Qwen2.5-0.5B,23,0.9583333333333334,mean,remove_random,3,ko,ja,r1,0.23046875,1024,2048,metric,,,,
Qwen/Qwen2.5-0.5B,23,0.9583333333333334,mean,remove_random,3,ko,ja,mrr,0.40253884049013705,1024,2048,metric,,,,
Qwen/Qwen2.5-0.5B,23,0.9583333333333334,mean,remove_random,3,ko,zh,r1,0.373046875,1024,2048,metric,,,,
Qwen/Qwen2.5-0.5B,23,0.9583333333333334,mean,remove_random,3,ko,zh,mrr,0.4816140723587228,1024,2048,metric,,,,
Qwen/Qwen2.5-0.5B,23,0.9583333333333334,mean,remove_random,3,ja,en,r1,0.392578125,1024,2048,metric,,,,
Qwen/Qwen2.5-0.5B,23,0.9583333333333334,mean,remove_random,3,ja,en,mrr,0.5189729938775977,1024,2048,metric,,,,
Qwen/Qwen2.5-0.5B,23,0.9583333333333334,mean,remove_random,3,ja,ko,r1,0.095703125,1024,2048,metric,,,,
Qwen/Qwen2.5-0.5B,23,0.9583333333333334,mean,remove_random,3,ja,ko,mrr,0.1926801798666049,1024,2048,metric,,,,
Qwen/Qwen2.5-0.5B,23,0.9583333333333334,mean,remove_random,3,ja,zh,r1,0.7109375,1024,2048,metric,,,,
Qwen/Qwen2.5-0.5B,23,0.9583333333333334,mean,remove_random,3,ja,zh,mrr,0.796466951888065,1024,2048,metric,,,,
Qwen/Qwen2.5-0.5B,23,0.9583333333333334,mean,remove_random,3,zh,en,r1,0.94921875,1024,2048,metric,,,,
Qwen/Qwen2.5-0.5B,23,0.9583333333333334,mean,remove_random,3,zh,en,mrr,0.9682232950787638,1024,2048,metric,,,,
Qwen/Qwen2.5-0.5B,23,0.9583333333333334,mean,remove_random,3,zh,ko,r1,0.080078125,1024,2048,metric,,,,
Qwen/Qwen2.5-0.5B,23,0.9583333333333334,mean,remove_random,3,zh,ko,mrr,0.1674403535325108,1024,2048,metric,,,,
Qwen/Qwen2.5-0.5B,23,0.9583333333333334,mean,remove_random,3,zh,ja,r1,0.1875,1024,2048,metric,,,,
Qwen/Qwen2.5-0.5B,23,0.9583333333333334,mean,remove_random,3,zh,ja,mrr,0.35578759187417386,1024,2048,metric,,,,
Qwen/Qwen2.5-0.5B,24,1.0,mean,remove_random,3,en,ko,r1,0.00390625,1024,2048,metric,,,,
Qwen/Qwen2.5-0.5B,24,1.0,mean,remove_random,3,en,ko,mrr,0.036027102481438644,1024,2048,metric,,,,
Qwen/Qwen2.5-0.5B,24,1.0,mean,remove_random,3,en,ja,r1,0.001953125,1024,2048,metric,,,,
Qwen/Qwen2.5-0.5B,24,1.0,mean,remove_random,3,en,ja,mrr,0.03909993147224142,1024,2048,metric,,,,
Qwen/Qwen2.5-0.5B,24,1.0,mean,remove_random,3,en,zh,r1,0.001953125,1024,2048,metric,,,,
Qwen/Qwen2.5-0.5B,24,1.0,mean,remove_random,3,en,zh,mrr,0.031501273075596636,1024,2048,metric,,,,
Qwen/Qwen2.5-0.5B,24,1.0,mean,remove_random,3,ko,en,r1,0.015625,1024,2048,metric,,,,
Qwen/Qwen2.5-0.5B,24,1.0,mean,remove_random,3,ko,en,mrr,0.05276932206872004,1024,2048,metric,,,,
Qwen/Qwen2.5-0.5B,24,1.0,mean,remove_random,3,ko,ja,r1,0.078125,1024,2048,metric,,,,
Qwen/Qwen2.5-0.5B,24,1.0,mean,remove_random,3,ko,ja,mrr,0.1208996711213059,1024,2048,metric,,,,
Qwen/Qwen2.5-0.5B,24,1.0,mean,remove_random,3,ko,zh,r1,0.03125,1024,2048,metric,,,,
Qwen/Qwen2.5-0.5B,24,1.0,mean,remove_random,3,ko,zh,mrr,0.058268182747224465,1024,2048,metric,,,,
Qwen/Qwen2.5-0.5B,24,1.0,mean,remove_random,3,ja,en,r1,0.10546875,1024,2048,metric,,,,
Qwen/Qwen2.5-0.5B,24,1.0,mean,remove_random,3,ja,en,mrr,0.16066427952482848,1024,2048,metric,,,,
Qwen/Qwen2.5-0.5B,24,1.0,mean,remove_random,3,ja,ko,r1,0.017578125,1024,2048,metric,,,,
Qwen/Qwen2.5-0.5B,24,1.0,mean,remove_random,3,ja,ko,mrr,0.05453123453757601,1024,2048,metric,,,,
Qwen/Qwen2.5-0.5B,24,1.0,mean,remove_random,3,ja,zh,r1,0.068359375,1024,2048,metric,,,,
Qwen/Qwen2.5-0.5B,24,1.0,mean,remove_random,3,ja,zh,mrr,0.13798441958569052,1024,2048,metric,,,,
Qwen/Qwen2.5-0.5B,24,1.0,mean,remove_random,3,zh,en,r1,0.1875,1024,2048,metric,,,,
Qwen/Qwen2.5-0.5B,24,1.0,mean,remove_random,3,zh,en,mrr,0.32447593163236255,1024,2048,metric,,,,
Qwen/Qwen2.5-0.5B,24,1.0,mean,remove_random,3,zh,ko,r1,0.015625,1024,2048,metric,,,,
Qwen/Qwen2.5-0.5B,24,1.0,mean,remove_random,3,zh,ko,mrr,0.0828153138138954,1024,2048,metric,,,,
Qwen/Qwen2.5-0.5B,24,1.0,mean,remove_random,3,zh,ja,r1,0.00390625,1024,2048,metric,,,,
Qwen/Qwen2.5-0.5B,24,1.0,mean,remove_random,3,zh,ja,mrr,0.0392872603015814,1024,2048,metric,,,,
Qwen/Qwen2.5-0.5B,22,0.9166666666666666,last_token,remove_random,4,en,ko,r1,0.560546875,1024,2048,metric,,,,
Qwen/Qwen2.5-0.5B,22,0.9166666666666666,last_token,remove_random,4,en,ko,mrr,0.6799383635752078,1024,2048,metric,,,,
Qwen/Qwen2.5-0.5B,22,0.9166666666666666,last_token,remove_random,4,en,ja,r1,0.693359375,1024,2048,metric,,,,
Qwen/Qwen2.5-0.5B,22,0.9166666666666666,last_token,remove_random,4,en,ja,mrr,0.7904402941662543,1024,2048,metric,,,,
Qwen/Qwen2.5-0.5B,22,0.9166666666666666,last_token,remove_random,4,en,zh,r1,0.861328125,1024,2048,metric,,,,
Qwen/Qwen2.5-0.5B,22,0.9166666666666666,last_token,remove_random,4,en,zh,mrr,0.9112075188145778,1024,2048,metric,,,,
Qwen/Qwen2.5-0.5B,22,0.9166666666666666,last_token,remove_random,4,ko,en,r1,0.259765625,1024,2048,metric,,,,
Qwen/Qwen2.5-0.5B,22,0.9166666666666666,last_token,remove_random,4,ko,en,mrr,0.3521068451256352,1024,2048,metric,,,,
Qwen/Qwen2.5-0.5B,22,0.9166666666666666,last_token,remove_random,4,ko,ja,r1,0.505859375,1024,2048,metric,,,,
Qwen/Qwen2.5-0.5B,22,0.9166666666666666,last_token,remove_random,4,ko,ja,mrr,0.620130389033301,1024,2048,metric,,,,
Qwen/Qwen2.5-0.5B,22,0.9166666666666666,last_token,remove_random,4,ko,zh,r1,0.421875,1024,2048,metric,,,,
Qwen/Qwen2.5-0.5B,22,0.9166666666666666,last_token,remove_random,4,ko,zh,mrr,0.539308521576397,1024,2048,metric,,,,
Qwen/Qwen2.5-0.5B,22,0.9166666666666666,last_token,remove_random,4,ja,en,r1,0.49609375,1024,2048,metric,,,,
Qwen/Qwen2.5-0.5B,22,0.9166666666666666,last_token,remove_random,4,ja,en,mrr,0.6082637852137671,1024,2048,metric,,,,
Qwen/Qwen2.5-0.5B,22,0.9166666666666666,last_token,remove_random,4,ja,ko,r1,0.728515625,1024,2048,metric,,,,
Qwen/Qwen2.5-0.5B,22,0.9166666666666666,last_token,remove_random,4,ja,ko,mrr,0.7933719627882894,1024,2048,metric,,,,
Qwen/Qwen2.5-0.5B,22,0.9166666666666666,last_token,remove_random,4,ja,zh,r1,0.732421875,1024,2048,metric,,,,
Qwen/Qwen2.5-0.5B,22,0.9166666666666666,last_token,remove_random,4,ja,zh,mrr,0.8045451685328651,1024,2048,metric,,,,
Qwen/Qwen2.5-0.5B,22,0.9166666666666666,last_token,remove_random,4,zh,en,r1,0.7578125,1024,2048,metric,,,,
Qwen/Qwen2.5-0.5B,22,0.9166666666666666,last_token,remove_random,4,zh,en,mrr,0.8296961797525817,1024,2048,metric,,,,
Qwen/Qwen2.5-0.5B,22,0.9166666666666666,last_token,remove_random,4,zh,ko,r1,0.578125,1024,2048,metric,,,,
Qwen/Qwen2.5-0.5B,22,0.9166666666666666,last_token,remove_random,4,zh,ko,mrr,0.6887150851434244,1024,2048,metric,,,,
Qwen/Qwen2.5-0.5B,22,0.9166666666666666,last_token,remove_random,4,zh,ja,r1,0.6640625,1024,2048,metric,,,,
Qwen/Qwen2.5-0.5B,22,0.9166666666666666,last_token,remove_random,4,zh,ja,mrr,0.7661806546105527,1024,2048,metric,,,,
Qwen/Qwen2.5-0.5B,23,0.9583333333333334,last_token,remove_random,4,en,ko,r1,0.177734375,1024,2048,metric,,,,
Qwen/Qwen2.5-0.5B,23,0.9583333333333334,last_token,remove_random,4,en,ko,mrr,0.2800012894026509,1024,2048,metric,,,,
Qwen/Qwen2.5-0.5B,23,0.9583333333333334,last_token,remove_random,4,en,ja,r1,0.671875,1024,2048,metric,,,,
Qwen/Qwen2.5-0.5B,23,0.9583333333333334,last_token,remove_random,4,en,ja,mrr,0.7815927660750668,1024,2048,metric,,,,
Qwen/Qwen2.5-0.5B,23,0.9583333333333334,last_token,remove_random,4,en,zh,r1,0.830078125,1024,2048,metric,,,,
Qwen/Qwen2.5-0.5B,23,0.9583333333333334,last_token,remove_random,4,en,zh,mrr,0.8859411944779438,1024,2048,metric,,,,
Qwen/Qwen2.5-0.5B,23,0.9583333333333334,last_token,remove_random,4,ko,en,r1,0.3671875,1024,2048,metric,,,,
Qwen/Qwen2.5-0.5B,23,0.9583333333333334,last_token,remove_random,4,ko,en,mrr,0.4721237417182933,1024,2048,metric,,,,
Qwen/Qwen2.5-0.5B,23,0.9583333333333334,last_token,remove_random,4,ko,ja,r1,0.5859375,1024,2048,metric,,,,
Qwen/Qwen2.5-0.5B,23,0.9583333333333334,last_token,remove_random,4,ko,ja,mrr,0.6857923357965816,1024,2048,metric,,,,
Qwen/Qwen2.5-0.5B,23,0.9583333333333334,last_token,remove_random,4,ko,zh,r1,0.404296875,1024,2048,metric,,,,
Qwen/Qwen2.5-0.5B,23,0.9583333333333334,last_token,remove_random,4,ko,zh,mrr,0.517699224768728,1024,2048,metric,,,,
Qwen/Qwen2.5-0.5B,23,0.9583333333333334,last_token,remove_random,4,ja,en,r1,0.45703125,1024,2048,metric,,,,
Qwen/Qwen2.5-0.5B,23,0.9583333333333334,last_token,remove_random,4,ja,en,mrr,0.577118441923047,1024,2048,metric,,,,
Qwen/Qwen2.5-0.5B,23,0.9583333333333334,last_token,remove_random,4,ja,ko,r1,0.37890625,1024,2048,metric,,,,
Qwen/Qwen2.5-0.5B,23,0.9583333333333334,last_token,remove_random,4,ja,ko,mrr,0.4862091592459269,1024,2048,metric,,,,
Qwen/Qwen2.5-0.5B,23,0.9583333333333334,last_token,remove_random,4,ja,zh,r1,0.75,1024,2048,metric,,,,
Qwen/Qwen2.5-0.5B,23,0.9583333333333334,last_token,remove_random,4,ja,zh,mrr,0.8253544536553596,1024,2048,metric,,,,
Qwen/Qwen2.5-0.5B,23,0.9583333333333334,last_token,remove_random,4,zh,en,r1,0.705078125,1024,2048,metric,,,,
Qwen/Qwen2.5-0.5B,23,0.9583333333333334,last_token,remove_random,4,zh,en,mrr,0.7871401824146929,1024,2048,metric,,,,
Qwen/Qwen2.5-0.5B,23,0.9583333333333334,last_token,remove_random,4,zh,ko,r1,0.220703125,1024,2048,metric,,,,
Qwen/Qwen2.5-0.5B,23,0.9583333333333334,last_token,remove_random,4,zh,ko,mrr,0.31543651265899125,1024,2048,metric,,,,
Qwen/Qwen2.5-0.5B,23,0.9583333333333334,last_token,remove_random,4,zh,ja,r1,0.67578125,1024,2048,metric,,,,
Qwen/Qwen2.5-0.5B,23,0.9583333333333334,last_token,remove_random,4,zh,ja,mrr,0.7684412802813302,1024,2048,metric,,,,
Qwen/Qwen2.5-0.5B,24,1.0,last_token,remove_random,4,en,ko,r1,0.001953125,1024,2048,metric,,,,
Qwen/Qwen2.5-0.5B,24,1.0,last_token,remove_random,4,en,ko,mrr,0.03697627375694772,1024,2048,metric,,,,
Qwen/Qwen2.5-0.5B,24,1.0,last_token,remove_random,4,en,ja,r1,0.025390625,1024,2048,metric,,,,
Qwen/Qwen2.5-0.5B,24,1.0,last_token,remove_random,4,en,ja,mrr,0.07377779935896796,1024,2048,metric,,,,
Qwen/Qwen2.5-0.5B,24,1.0,last_token,remove_random,4,en,zh,r1,0.00390625,1024,2048,metric,,,,
Qwen/Qwen2.5-0.5B,24,1.0,last_token,remove_random,4,en,zh,mrr,0.04461831424893613,1024,2048,metric,,,,
Qwen/Qwen2.5-0.5B,24,1.0,last_token,remove_random,4,ko,en,r1,0.0078125,1024,2048,metric,,,,
Qwen/Qwen2.5-0.5B,24,1.0,last_token,remove_random,4,ko,en,mrr,0.05678656325021064,1024,2048,metric,,,,
Qwen/Qwen2.5-0.5B,24,1.0,last_token,remove_random,4,ko,ja,r1,0.021484375,1024,2048,metric,,,,
Qwen/Qwen2.5-0.5B,24,1.0,last_token,remove_random,4,ko,ja,mrr,0.05937969796316865,1024,2048,metric,,,,
Qwen/Qwen2.5-0.5B,24,1.0,last_token,remove_random,4,ko,zh,r1,0.009765625,1024,2048,metric,,,,
Qwen/Qwen2.5-0.5B,24,1.0,last_token,remove_random,4,ko,zh,mrr,0.04134202220875776,1024,2048,metric,,,,
Qwen/Qwen2.5-0.5B,24,1.0,last_token,remove_random,4,ja,en,r1,0.001953125,1024,2048,metric,,,,
Qwen/Qwen2.5-0.5B,24,1.0,last_token,remove_random,4,ja,en,mrr,0.04482297306276217,1024,2048,metric,,,,
Qwen/Qwen2.5-0.5B,24,1.0,last_token,remove_random,4,ja,ko,r1,0.001953125,1024,2048,metric,,,,
Qwen/Qwen2.5-0.5B,24,1.0,last_token,remove_random,4,ja,ko,mrr,0.04819348509995474,1024,2048,metric,,,,
Qwen/Qwen2.5-0.5B,24,1.0,last_token,remove_random,4,ja,zh,r1,0.064453125,1024,2048,metric,,,,
Qwen/Qwen2.5-0.5B,24,1.0,last_token,remove_random,4,ja,zh,mrr,0.14955290380889522,1024,2048,metric,,,,
Qwen/Qwen2.5-0.5B,24,1.0,last_token,remove_random,4,zh,en,r1,0.01953125,1024,2048,metric,,,,
Qwen/Qwen2.5-0.5B,24,1.0,last_token,remove_random,4,zh,en,mrr,0.10008548346518992,1024,2048,metric,,,,
Qwen/Qwen2.5-0.5B,24,1.0,last_token,remove_random,4,zh,ko,r1,0.00390625,1024,2048,metric,,,,
Qwen/Qwen2.5-0.5B,24,1.0,last_token,remove_random,4,zh,ko,mrr,0.0928498529025066,1024,2048,metric,,,,
Qwen/Qwen2.5-0.5B,24,1.0,last_token,remove_random,4,zh,ja,r1,0.1484375,1024,2048,metric,,,,
Qwen/Qwen2.5-0.5B,24,1.0,last_token,remove_random,4,zh,ja,mrr,0.27881357844159427,1024,2048,metric,,,,
Qwen/Qwen2.5-0.5B,22,0.9166666666666666,mean,remove_random,4,en,ko,r1,0.392578125,1024,2048,metric,,,,
Qwen/Qwen2.5-0.5B,22,0.9166666666666666,mean,remove_random,4,en,ko,mrr,0.5498172242601971,1024,2048,metric,,,,
Qwen/Qwen2.5-0.5B,22,0.9166666666666666,mean,remove_random,4,en,ja,r1,0.087890625,1024,2048,metric,,,,
Qwen/Qwen2.5-0.5B,22,0.9166666666666666,mean,remove_random,4,en,ja,mrr,0.2638299557062176,1024,2048,metric,,,,
Qwen/Qwen2.5-0.5B,22,0.9166666666666666,mean,remove_random,4,en,zh,r1,0.94921875,1024,2048,metric,,,,
Qwen/Qwen2.5-0.5B,22,0.9166666666666666,mean,remove_random,4,en,zh,mrr,0.9678905404491343,1024,2048,metric,,,,
Qwen/Qwen2.5-0.5B,22,0.9166666666666666,mean,remove_random,4,ko,en,r1,0.35546875,1024,2048,metric,,,,
Qwen/Qwen2.5-0.5B,22,0.9166666666666666,mean,remove_random,4,ko,en,mrr,0.46275006300921667,1024,2048,metric,,,,
Qwen/Qwen2.5-0.5B,22,0.9166666666666666,mean,remove_random,4,ko,ja,r1,0.22265625,1024,2048,metric,,,,
Qwen/Qwen2.5-0.5B,22,0.9166666666666666,mean,remove_random,4,ko,ja,mrr,0.39955967177660834,1024,2048,metric,,,,
Qwen/Qwen2.5-0.5B,22,0.9166666666666666,mean,remove_random,4,ko,zh,r1,0.427734375,1024,2048,metric,,,,
Qwen/Qwen2.5-0.5B,22,0.9166666666666666,mean,remove_random,4,ko,zh,mrr,0.5553352635895872,1024,2048,metric,,,,
Qwen/Qwen2.5-0.5B,22,0.9166666666666666,mean,remove_random,4,ja,en,r1,0.548828125,1024,2048,metric,,,,
Qwen/Qwen2.5-0.5B,22,0.9166666666666666,mean,remove_random,4,ja,en,mrr,0.6533569768451204,1024,2048,metric,,,,
Qwen/Qwen2.5-0.5B,22,0.9166666666666666,mean,remove_random,4,ja,ko,r1,0.7734375,1024,2048,metric,,,,
Qwen/Qwen2.5-0.5B,22,0.9166666666666666,mean,remove_random,4,ja,ko,mrr,0.8394821140038191,1024,2048,metric,,,,
Qwen/Qwen2.5-0.5B,22,0.9166666666666666,mean,remove_random,4,ja,zh,r1,0.767578125,1024,2048,metric,,,,
Qwen/Qwen2.5-0.5B,22,0.9166666666666666,mean,remove_random,4,ja,zh,mrr,0.8460172878874153,1024,2048,metric,,,,
Qwen/Qwen2.5-0.5B,22,0.9166666666666666,mean,remove_random,4,zh,en,r1,0.958984375,1024,2048,metric,,,,
Qwen/Qwen2.5-0.5B,22,0.9166666666666666,mean,remove_random,4,zh,en,mrr,0.9735056046060451,1024,2048,metric,,,,
Qwen/Qwen2.5-0.5B,22,0.9166666666666666,mean,remove_random,4,zh,ko,r1,0.517578125,1024,2048,metric,,,,
Qwen/Qwen2.5-0.5B,22,0.9166666666666666,mean,remove_random,4,zh,ko,mrr,0.6461970006008798,1024,2048,metric,,,,
Qwen/Qwen2.5-0.5B,22,0.9166666666666666,mean,remove_random,4,zh,ja,r1,0.21875,1024,2048,metric,,,,
Qwen/Qwen2.5-0.5B,22,0.9166666666666666,mean,remove_random,4,zh,ja,mrr,0.38853531867151453,1024,2048,metric,,,,
Qwen/Qwen2.5-0.5B,23,0.9583333333333334,mean,remove_random,4,en,ko,r1,0.048828125,1024,2048,metric,,,,
Qwen/Qwen2.5-0.5B,23,0.9583333333333334,mean,remove_random,4,en,ko,mrr,0.1152323077411844,1024,2048,metric,,,,
Qwen/Qwen2.5-0.5B,23,0.9583333333333334,mean,remove_random,4,en,ja,r1,0.04296875,1024,2048,metric,,,,
Qwen/Qwen2.5-0.5B,23,0.9583333333333334,mean,remove_random,4,en,ja,mrr,0.2041570835097739,1024,2048,metric,,,,
Qwen/Qwen2.5-0.5B,23,0.9583333333333334,mean,remove_random,4,en,zh,r1,0.830078125,1024,2048,metric,,,,
Qwen/Qwen2.5-0.5B,23,0.9583333333333334,mean,remove_random,4,en,zh,mrr,0.8898963592932481,1024,2048,metric,,,,
Qwen/Qwen2.5-0.5B,23,0.9583333333333334,mean,remove_random,4,ko,en,r1,0.263671875,1024,2048,metric,,,,
Qwen/Qwen2.5-0.5B,23,0.9583333333333334,mean,remove_random,4,ko,en,mrr,0.4044763227596191,1024,2048,metric,,,,
Qwen/Qwen2.5-0.5B,23,0.9583333333333334,mean,remove_random,4,ko,ja,r1,0.23828125,1024,2048,metric,,,,
Qwen/Qwen2.5-0.5B,23,0.9583333333333334,mean,remove_random,4,ko,ja,mrr,0.41671109121038186,1024,2048,metric,,,,
Qwen/Qwen2.5-0.5B,23,0.9583333333333334,mean,remove_random,4,ko,zh,r1,0.396484375,1024,2048,metric,,,,
Qwen/Qwen2.5-0.5B,23,0.9583333333333334,mean,remove_random,4,ko,zh,mrr,0.5068823152497457,1024,2048,metric,,,,
Qwen/Qwen2.5-0.5B,23,0.9583333333333334,mean,remove_random,4,ja,en,r1,0.392578125,1024,2048,metric,,,,
Qwen/Qwen2.5-0.5B,23,0.9583333333333334,mean,remove_random,4,ja,en,mrr,0.5209546355209185,1024,2048,metric,,,,
Qwen/Qwen2.5-0.5B,23,0.9583333333333334,mean,remove_random,4,ja,ko,r1,0.08203125,1024,2048,metric,,,,
Qwen/Qwen2.5-0.5B,23,0.9583333333333334,mean,remove_random,4,ja,ko,mrr,0.1736807783393254,1024,2048,metric,,,,
Qwen/Qwen2.5-0.5B,23,0.9583333333333334,mean,remove_random,4,ja,zh,r1,0.72265625,1024,2048,metric,,,,
Qwen/Qwen2.5-0.5B,23,0.9583333333333334,mean,remove_random,4,ja,zh,mrr,0.8043183647025496,1024,2048,metric,,,,
Qwen/Qwen2.5-0.5B,23,0.9583333333333334,mean,remove_random,4,zh,en,r1,0.94921875,1024,2048,metric,,,,
Qwen/Qwen2.5-0.5B,23,0.9583333333333334,mean,remove_random,4,zh,en,mrr,0.9681116879359066,1024,2048,metric,,,,
Qwen/Qwen2.5-0.5B,23,0.9583333333333334,mean,remove_random,4,zh,ko,r1,0.0703125,1024,2048,metric,,,,
Qwen/Qwen2.5-0.5B,23,0.9583333333333334,mean,remove_random,4,zh,ko,mrr,0.15161032287113677,1024,2048,metric,,,,
Qwen/Qwen2.5-0.5B,23,0.9583333333333334,mean,remove_random,4,zh,ja,r1,0.19140625,1024,2048,metric,,,,
Qwen/Qwen2.5-0.5B,23,0.9583333333333334,mean,remove_random,4,zh,ja,mrr,0.36261084790433273,1024,2048,metric,,,,
Qwen/Qwen2.5-0.5B,24,1.0,mean,remove_random,4,en,ko,r1,0.00390625,1024,2048,metric,,,,
Qwen/Qwen2.5-0.5B,24,1.0,mean,remove_random,4,en,ko,mrr,0.0363509151382531,1024,2048,metric,,,,
Qwen/Qwen2.5-0.5B,24,1.0,mean,remove_random,4,en,ja,r1,0.001953125,1024,2048,metric,,,,
Qwen/Qwen2.5-0.5B,24,1.0,mean,remove_random,4,en,ja,mrr,0.039584340403886496,1024,2048,metric,,,,
Qwen/Qwen2.5-0.5B,24,1.0,mean,remove_random,4,en,zh,r1,0.001953125,1024,2048,metric,,,,
Qwen/Qwen2.5-0.5B,24,1.0,mean,remove_random,4,en,zh,mrr,0.031334481462377856,1024,2048,metric,,,,
Qwen/Qwen2.5-0.5B,24,1.0,mean,remove_random,4,ko,en,r1,0.013671875,1024,2048,metric,,,,
Qwen/Qwen2.5-0.5B,24,1.0,mean,remove_random,4,ko,en,mrr,0.04933544156065296,1024,2048,metric,,,,
Qwen/Qwen2.5-0.5B,24,1.0,mean,remove_random,4,ko,ja,r1,0.0625,1024,2048,metric,,,,
Qwen/Qwen2.5-0.5B,24,1.0,mean,remove_random,4,ko,ja,mrr,0.10514232183033878,1024,2048,metric,,,,
Qwen/Qwen2.5-0.5B,24,1.0,mean,remove_random,4,ko,zh,r1,0.029296875,1024,2048,metric,,,,
Qwen/Qwen2.5-0.5B,24,1.0,mean,remove_random,4,ko,zh,mrr,0.056283490186734134,1024,2048,metric,,,,
Qwen/Qwen2.5-0.5B,24,1.0,mean,remove_random,4,ja,en,r1,0.09375,1024,2048,metric,,,,
Qwen/Qwen2.5-0.5B,24,1.0,mean,remove_random,4,ja,en,mrr,0.15681639984008505,1024,2048,metric,,,,
Qwen/Qwen2.5-0.5B,24,1.0,mean,remove_random,4,ja,ko,r1,0.013671875,1024,2048,metric,,,,
Qwen/Qwen2.5-0.5B,24,1.0,mean,remove_random,4,ja,ko,mrr,0.0541037134280275,1024,2048,metric,,,,
Qwen/Qwen2.5-0.5B,24,1.0,mean,remove_random,4,ja,zh,r1,0.056640625,1024,2048,metric,,,,
Qwen/Qwen2.5-0.5B,24,1.0,mean,remove_random,4,ja,zh,mrr,0.12794618007232067,1024,2048,metric,,,,
Qwen/Qwen2.5-0.5B,24,1.0,mean,remove_random,4,zh,en,r1,0.19921875,1024,2048,metric,,,,
Qwen/Qwen2.5-0.5B,24,1.0,mean,remove_random,4,zh,en,mrr,0.3413957677494239,1024,2048,metric,,,,
Qwen/Qwen2.5-0.5B,24,1.0,mean,remove_random,4,zh,ko,r1,0.021484375,1024,2048,metric,,,,
Qwen/Qwen2.5-0.5B,24,1.0,mean,remove_random,4,zh,ko,mrr,0.09272090923796145,1024,2048,metric,,,,
Qwen/Qwen2.5-0.5B,24,1.0,mean,remove_random,4,zh,ja,r1,0.00390625,1024,2048,metric,,,,
Qwen/Qwen2.5-0.5B,24,1.0,mean,remove_random,4,zh,ja,mrr,0.0406406133271662,1024,2048,metric,,,,
Qwen/Qwen2.5-0.5B,24,1.0,last_token,remove_language,,,,delta_r1,0.3404947916666667,0,2048,bootstrap_delta,remove_language-normal,0.32550455729166666,0.35644938151041666,1000
Qwen/Qwen2.5-0.5B,24,1.0,last_token,remove_pca,,,,delta_r1,0.3308919270833333,0,2048,bootstrap_delta,remove_pca-normal,0.3154296875,0.34766031901041666,1000
Qwen/Qwen2.5-0.5B,24,1.0,last_token,remove_language,,,,delta_r1,0.009602864583333334,0,2048,bootstrap_delta,remove_language-remove_pca,0.0032552083333333335,0.01547037760416666,1000
Qwen/Qwen2.5-0.5B,24,1.0,mean,remove_language,,,,delta_r1,0.6629231770833334,0,2048,bootstrap_delta,remove_language-normal,0.6435506184895833,0.68343505859375,1000
Qwen/Qwen2.5-0.5B,24,1.0,mean,remove_pca,,,,delta_r1,0.6429036458333334,0,2048,bootstrap_delta,remove_pca-normal,0.623046875,0.6632527669270833,1000
Qwen/Qwen2.5-0.5B,24,1.0,mean,remove_language,,,,delta_r1,0.02001953125,0,2048,bootstrap_delta,remove_language-remove_pca,0.014481608072916667,0.02604573567708333,1000
