model,layer,normalized_depth,pooling,source_language,target_language,condition,metric,value,n
Qwen/Qwen2.5-0.5B,0,0.0,last_token,en,ko,raw,r1,0.00390625,512
Qwen/Qwen2.5-0.5B,0,0.0,last_token,en,ko,raw,r5,0.015625,512
Qwen/Qwen2.5-0.5B,0,0.0,last_token,en,ko,raw,r10,0.017578125,512
Qwen/Qwen2.5-0.5B,0,0.0,last_token,en,ko,raw,mrr,0.014996462888940385,512
Qwen/Qwen2.5-0.5B,0,0.0,last_token,en,ja,raw,r1,0.0,512
Qwen/Qwen2.5-0.5B,0,0.0,last_token,en,ja,raw,r5,0.0078125,512
Qwen/Qwen2.5-0.5B,0,0.0,last_token,en,ja,raw,r10,0.0078125,512
Qwen/Qwen2.5-0.5B,0,0.0,last_token,en,ja,raw,mrr,0.011105388016606972,512
Qwen/Qwen2.5-0.5B,0,0.0,last_token,en,zh,raw,r1,0.0078125,512
Qwen/Qwen2.5-0.5B,0,0.0,last_token,en,zh,raw,r5,0.029296875,512
Qwen/Qwen2.5-0.5B,0,0.0,last_token,en,zh,raw,r10,0.04296875,512
Qwen/Qwen2.5-0.5B,0,0.0,last_token,en,zh,raw,mrr,0.024161923170655044,512
Qwen/Qwen2.5-0.5B,0,0.0,last_token,ko,en,raw,r1,0.00390625,512
Qwen/Qwen2.5-0.5B,0,0.0,last_token,ko,en,raw,r5,0.01171875,512
Qwen/Qwen2.5-0.5B,0,0.0,last_token,ko,en,raw,r10,0.025390625,512
Qwen/Qwen2.5-0.5B,0,0.0,last_token,ko,en,raw,mrr,0.013758199859964921,512
Qwen/Qwen2.5-0.5B,0,0.0,last_token,ko,ja,raw,r1,0.0,512
Qwen/Qwen2.5-0.5B,0,0.0,last_token,ko,ja,raw,r5,0.005859375,512
Qwen/Qwen2.5-0.5B,0,0.0,last_token,ko,ja,raw,r10,0.005859375,512
Qwen/Qwen2.5-0.5B,0,0.0,last_token,ko,ja,raw,mrr,0.010688744788777517,512
Qwen/Qwen2.5-0.5B,0,0.0,last_token,ko,zh,raw,r1,0.001953125,512
Qwen/Qwen2.5-0.5B,0,0.0,last_token,ko,zh,raw,r5,0.021484375,512
Qwen/Qwen2.5-0.5B,0,0.0,last_token,ko,zh,raw,r10,0.025390625,512
Qwen/Qwen2.5-0.5B,0,0.0,last_token,ko,zh,raw,mrr,0.01641005735491923,512
Qwen/Qwen2.5-0.5B,0,0.0,last_token,ja,en,raw,r1,0.001953125,512
Qwen/Qwen2.5-0.5B,0,0.0,last_token,ja,en,raw,r5,0.001953125,512
Qwen/Qwen2.5-0.5B,0,0.0,last_token,ja,en,raw,r10,0.0078125,512
Qwen/Qwen2.5-0.5B,0,0.0,last_token,ja,en,raw,mrr,0.011748921423374475,512
Qwen/Qwen2.5-0.5B,0,0.0,last_token,ja,ko,raw,r1,0.001953125,512
Qwen/Qwen2.5-0.5B,0,0.0,last_token,ja,ko,raw,r5,0.005859375,512
Qwen/Qwen2.5-0.5B,0,0.0,last_token,ja,ko,raw,r10,0.03125,512
Qwen/Qwen2.5-0.5B,0,0.0,last_token,ja,ko,raw,mrr,0.01205798762146516,512
Qwen/Qwen2.5-0.5B,0,0.0,last_token,ja,zh,raw,r1,0.0,512
Qwen/Qwen2.5-0.5B,0,0.0,last_token,ja,zh,raw,r5,0.0,512
Qwen/Qwen2.5-0.5B,0,0.0,last_token,ja,zh,raw,r10,0.0078125,512
Qwen/Qwen2.5-0.5B,0,0.0,last_token,ja,zh,raw,mrr,0.005367965104129621,512
Qwen/Qwen2.5-0.5B,0,0.0,last_token,zh,en,raw,r1,0.009765625,512
Qwen/Qwen2.5-0.5B,0,0.0,last_token,zh,en,raw,r5,0.0234375,512
Qwen/Qwen2.5-0.5B,0,0.0,last_token,zh,en,raw,r10,0.037109375,512
Qwen/Qwen2.5-0.5B,0,0.0,last_token,zh,en,raw,mrr,0.026578738646823266,512
Qwen/Qwen2.5-0.5B,0,0.0,last_token,zh,ko,raw,r1,0.005859375,512
Qwen/Qwen2.5-0.5B,0,0.0,last_token,zh,ko,raw,r5,0.017578125,512
Qwen/Qwen2.5-0.5B,0,0.0,last_token,zh,ko,raw,r10,0.046875,512
Qwen/Qwen2.5-0.5B,0,0.0,last_token,zh,ko,raw,mrr,0.02061798731466394,512
Qwen/Qwen2.5-0.5B,0,0.0,last_token,zh,ja,raw,r1,0.0,512
Qwen/Qwen2.5-0.5B,0,0.0,last_token,zh,ja,raw,r5,0.0078125,512
Qwen/Qwen2.5-0.5B,0,0.0,last_token,zh,ja,raw,r10,0.0078125,512
Qwen/Qwen2.5-0.5B,0,0.0,last_token,zh,ja,raw,mrr,0.007600510148682141,512
Qwen/Qwen2.5-0.5B,1,0.041666666666666664,last_token,en,ko,raw,r1,0.017578125,512
Qwen/Qwen2.5-0.5B,1,0.041666666666666664,last_token,en,ko,raw,r5,0.052734375,512
Qwen/Qwen2.5-0.5B,1,0.041666666666666664,last_token,en,ko,raw,r10,0.08984375,512
Qwen/Qwen2.5-0.5B,1,0.041666666666666664,last_token,en,ko,raw,mrr,0.04672191808045148,512
Qwen/Qwen2.5-0.5B,1,0.041666666666666664,last_token,en,ja,raw,r1,0.009765625,512
Qwen/Qwen2.5-0.5B,1,0.041666666666666664,last_token,en,ja,raw,r5,0.03515625,512
Qwen/Qwen2.5-0.5B,1,0.041666666666666664,last_token,en,ja,raw,r10,0.05078125,512
Qwen/Qwen2.5-0.5B,1,0.041666666666666664,last_token,en,ja,raw,mrr,0.03017967261950393,512
Qwen/Qwen2.5-0.5B,1,0.041666666666666664,last_token,en,zh,raw,r1,0.03125,512
Qwen/Qwen2.5-0.5B,1,0.041666666666666664,last_token,en,zh,raw,r5,0.08203125,512
Qwen/Qwen2.5-0.5B,1,0.041666666666666664,last_token,en,zh,raw,r10,0.119140625,512
Qwen/Qwen2.5-0.5B,1,0.041666666666666664,last_token,en,zh,raw,mrr,0.065398648138494,512
Qwen/Qwen2.5-0.5B,1,0.041666666666666664,last_token,ko,en,raw,r1,0.015625,512
Qwen/Qwen2.5-0.5B,1,0.041666666666666664,last_token,ko,en,raw,r5,0.056640625,512
Qwen/Qwen2.5-0.5B,1,0.041666666666666664,last_token,ko,en,raw,r10,0.087890625,512
Qwen/Qwen2.5-0.5B,1,0.041666666666666664,last_token,ko,en,raw,mrr,0.04507928447862218,512
Qwen/Qwen2.5-0.5B,1,0.041666666666666664,last_token,ko,ja,raw,r1,0.009765625,512
Qwen/Qwen2.5-0.5B,1,0.041666666666666664,last_token,ko,ja,raw,r5,0.025390625,512
Qwen/Qwen2.5-0.5B,1,0.041666666666666664,last_token,ko,ja,raw,r10,0.048828125,512
Qwen/Qwen2.5-0.5B,1,0.041666666666666664,last_token,ko,ja,raw,mrr,0.029604087512060017,512
Qwen/Qwen2.5-0.5B,1,0.041666666666666664,last_token,ko,zh,raw,r1,0.01171875,512
Qwen/Qwen2.5-0.5B,1,0.041666666666666664,last_token,ko,zh,raw,r5,0.041015625,512
Qwen/Qwen2.5-0.5B,1,0.041666666666666664,last_token,ko,zh,raw,r10,0.064453125,512
Qwen/Qwen2.5-0.5B,1,0.041666666666666664,last_token,ko,zh,raw,mrr,0.03533242474443847,512
Qwen/Qwen2.5-0.5B,1,0.041666666666666664,last_token,ja,en,raw,r1,0.005859375,512
Qwen/Qwen2.5-0.5B,1,0.041666666666666664,last_token,ja,en,raw,r5,0.0234375,512
Qwen/Qwen2.5-0.5B,1,0.041666666666666664,last_token,ja,en,raw,r10,0.044921875,512
Qwen/Qwen2.5-0.5B,1,0.041666666666666664,last_token,ja,en,raw,mrr,0.024207617805622514,512
Qwen/Qwen2.5-0.5B,1,0.041666666666666664,last_token,ja,ko,raw,r1,0.0078125,512
Qwen/Qwen2.5-0.5B,1,0.041666666666666664,last_token,ja,ko,raw,r5,0.025390625,512
Qwen/Qwen2.5-0.5B,1,0.041666666666666664,last_token,ja,ko,raw,r10,0.04296875,512
Qwen/Qwen2.5-0.5B,1,0.041666666666666664,last_token,ja,ko,raw,mrr,0.024679592531098027,512
Qwen/Qwen2.5-0.5B,1,0.041666666666666664,last_token,ja,zh,raw,r1,0.015625,512
Qwen/Qwen2.5-0.5B,1,0.041666666666666664,last_token,ja,zh,raw,r5,0.052734375,512
Qwen/Qwen2.5-0.5B,1,0.041666666666666664,last_token,ja,zh,raw,r10,0.080078125,512
Qwen/Qwen2.5-0.5B,1,0.041666666666666664,last_token,ja,zh,raw,mrr,0.04345416503679082,512
Qwen/Qwen2.5-0.5B,1,0.041666666666666664,last_token,zh,en,raw,r1,0.04296875,512
Qwen/Qwen2.5-0.5B,1,0.041666666666666664,last_token,zh,en,raw,r5,0.083984375,512
Qwen/Qwen2.5-0.5B,1,0.041666666666666664,last_token,zh,en,raw,r10,0.10546875,512
Qwen/Qwen2.5-0.5B,1,0.041666666666666664,last_token,zh,en,raw,mrr,0.07245851510333323,512
Qwen/Qwen2.5-0.5B,1,0.041666666666666664,last_token,zh,ko,raw,r1,0.013671875,512
Qwen/Qwen2.5-0.5B,1,0.041666666666666664,last_token,zh,ko,raw,r5,0.03515625,512
Qwen/Qwen2.5-0.5B,1,0.041666666666666664,last_token,zh,ko,raw,r10,0.046875,512
Qwen/Qwen2.5-0.5B,1,0.041666666666666664,last_token,zh,ko,raw,mrr,0.03380741166385219,512
Qwen/Qwen2.5-0.5B,1,0.041666666666666664,last_token,zh,ja,raw,r1,0.01953125,512
Qwen/Qwen2.5-0.5B,1,0.041666666666666664,last_token,zh,ja,raw,r5,0.072265625,512
Qwen/Qwen2.5-0.5B,1,0.041666666666666664,last_token,zh,ja,raw,r10,0.115234375,512
Qwen/Qwen2.5-0.5B,1,0.041666666666666664,last_token,zh,ja,raw,mrr,0.055102505019942016,512
Qwen/Qwen2.5-0.5B,2,0.08333333333333333,last_token,en,ko,raw,r1,0.02734375,512
Qwen/Qwen2.5-0.5B,2,0.08333333333333333,last_token,en,ko,raw,r5,0.064453125,512
Qwen/Qwen2.5-0.5B,2,0.08333333333333333,last_token,en,ko,raw,r10,0.107421875,512
Qwen/Qwen2.5-0.5B,2,0.08333333333333333,last_token,en,ko,raw,mrr,0.05785054111578297,512
Qwen/Qwen2.5-0.5B,2,0.08333333333333333,last_token,en,ja,raw,r1,0.017578125,512
Qwen/Qwen2.5-0.5B,2,0.08333333333333333,last_token,en,ja,raw,r5,0.03125,512
Qwen/Qwen2.5-0.5B,2,0.08333333333333333,last_token,en,ja,raw,r10,0.04296875,512
Qwen/Qwen2.5-0.5B,2,0.08333333333333333,last_token,en,ja,raw,mrr,0.03620890077270168,512
Qwen/Qwen2.5-0.5B,2,0.08333333333333333,last_token,en,zh,raw,r1,0.119140625,512
Qwen/Qwen2.5-0.5B,2,0.08333333333333333,last_token,en,zh,raw,r5,0.27734375,512
Qwen/Qwen2.5-0.5B,2,0.08333333333333333,last_token,en,zh,raw,r10,0.380859375,512
Qwen/Qwen2.5-0.5B,2,0.08333333333333333,last_token,en,zh,raw,mrr,0.19858502338696385,512
Qwen/Qwen2.5-0.5B,2,0.08333333333333333,last_token,ko,en,raw,r1,0.017578125,512
Qwen/Qwen2.5-0.5B,2,0.08333333333333333,last_token,ko,en,raw,r5,0.076171875,512
Qwen/Qwen2.5-0.5B,2,0.08333333333333333,last_token,ko,en,raw,r10,0.115234375,512
Qwen/Qwen2.5-0.5B,2,0.08333333333333333,last_token,ko,en,raw,mrr,0.05413647177816779,512
Qwen/Qwen2.5-0.5B,2,0.08333333333333333,last_token,ko,ja,raw,r1,0.017578125,512
Qwen/Qwen2.5-0.5B,2,0.08333333333333333,last_token,ko,ja,raw,r5,0.04296875,512
Qwen/Qwen2.5-0.5B,2,0.08333333333333333,last_token,ko,ja,raw,r10,0.07421875,512
Qwen/Qwen2.5-0.5B,2,0.08333333333333333,last_token,ko,ja,raw,mrr,0.04315367194930966,512
Qwen/Qwen2.5-0.5B,2,0.08333333333333333,last_token,ko,zh,raw,r1,0.015625,512
Qwen/Qwen2.5-0.5B,2,0.08333333333333333,last_token,ko,zh,raw,r5,0.068359375,512
Qwen/Qwen2.5-0.5B,2,0.08333333333333333,last_token,ko,zh,raw,r10,0.099609375,512
Qwen/Qwen2.5-0.5B,2,0.08333333333333333,last_token,ko,zh,raw,mrr,0.04995362667833968,512
Qwen/Qwen2.5-0.5B,2,0.08333333333333333,last_token,ja,en,raw,r1,0.01953125,512
Qwen/Qwen2.5-0.5B,2,0.08333333333333333,last_token,ja,en,raw,r5,0.056640625,512
Qwen/Qwen2.5-0.5B,2,0.08333333333333333,last_token,ja,en,raw,r10,0.083984375,512
Qwen/Qwen2.5-0.5B,2,0.08333333333333333,last_token,ja,en,raw,mrr,0.04499464250698004,512
Qwen/Qwen2.5-0.5B,2,0.08333333333333333,last_token,ja,ko,raw,r1,0.025390625,512
Qwen/Qwen2.5-0.5B,2,0.08333333333333333,last_token,ja,ko,raw,r5,0.048828125,512
Qwen/Qwen2.5-0.5B,2,0.08333333333333333,last_token,ja,ko,raw,r10,0.08203125,512
Qwen/Qwen2.5-0.5B,2,0.08333333333333333,last_token,ja,ko,raw,mrr,0.048790273278754036,512
Qwen/Qwen2.5-0.5B,2,0.08333333333333333,last_token,ja,zh,raw,r1,0.015625,512
Qwen/Qwen2.5-0.5B,2,0.08333333333333333,last_token,ja,zh,raw,r5,0.078125,512
Qwen/Qwen2.5-0.5B,2,0.08333333333333333,last_token,ja,zh,raw,r10,0.134765625,512
Qwen/Qwen2.5-0.5B,2,0.08333333333333333,last_token,ja,zh,raw,mrr,0.057745101463092516,512
Qwen/Qwen2.5-0.5B,2,0.08333333333333333,last_token,zh,en,raw,r1,0.140625,512
Qwen/Qwen2.5-0.5B,2,0.08333333333333333,last_token,zh,en,raw,r5,0.29296875,512
Qwen/Qwen2.5-0.5B,2,0.08333333333333333,last_token,zh,en,raw,r10,0.36328125,512
Qwen/Qwen2.5-0.5B,2,0.08333333333333333,last_token,zh,en,raw,mrr,0.21833460838269625,512
Qwen/Qwen2.5-0.5B,2,0.08333333333333333,last_token,zh,ko,raw,r1,0.021484375,512
Qwen/Qwen2.5-0.5B,2,0.08333333333333333,last_token,zh,ko,raw,r5,0.0703125,512
Qwen/Qwen2.5-0.5B,2,0.08333333333333333,last_token,zh,ko,raw,r10,0.095703125,512
Qwen/Qwen2.5-0.5B,2,0.08333333333333333,last_token,zh,ko,raw,mrr,0.05065946909664444,512
Qwen/Qwen2.5-0.5B,2,0.08333333333333333,last_token,zh,ja,raw,r1,0.021484375,512
Qwen/Qwen2.5-0.5B,2,0.08333333333333333,last_token,zh,ja,raw,r5,0.05078125,512
Qwen/Qwen2.5-0.5B,2,0.08333333333333333,last_token,zh,ja,raw,r10,0.0703125,512
Qwen/Qwen2.5-0.5B,2,0.08333333333333333,last_token,zh,ja,raw,mrr,0.04600632384109743,512
Qwen/Qwen2.5-0.5B,3,0.125,last_token,en,ko,raw,r1,0.0234375,512
Qwen/Qwen2.5-0.5B,3,0.125,last_token,en,ko,raw,r5,0.068359375,512
Qwen/Qwen2.5-0.5B,3,0.125,last_token,en,ko,raw,r10,0.11328125,512
Qwen/Qwen2.5-0.5B,3,0.125,last_token,en,ko,raw,mrr,0.05795697955451709,512
Qwen/Qwen2.5-0.5B,3,0.125,last_token,en,ja,raw,r1,0.015625,512
Qwen/Qwen2.5-0.5B,3,0.125,last_token,en,ja,raw,r5,0.02734375,512
Qwen/Qwen2.5-0.5B,3,0.125,last_token,en,ja,raw,r10,0.056640625,512
Qwen/Qwen2.5-0.5B,3,0.125,last_token,en,ja,raw,mrr,0.033913023287432675,512
Qwen/Qwen2.5-0.5B,3,0.125,last_token,en,zh,raw,r1,0.111328125,512
Qwen/Qwen2.5-0.5B,3,0.125,last_token,en,zh,raw,r5,0.251953125,512
Qwen/Qwen2.5-0.5B,3,0.125,last_token,en,zh,raw,r10,0.33984375,512
Qwen/Qwen2.5-0.5B,3,0.125,last_token,en,zh,raw,mrr,0.18661963117643934,512
Qwen/Qwen2.5-0.5B,3,0.125,last_token,ko,en,raw,r1,0.03125,512
Qwen/Qwen2.5-0.5B,3,0.125,last_token,ko,en,raw,r5,0.08203125,512
Qwen/Qwen2.5-0.5B,3,0.125,last_token,ko,en,raw,r10,0.13671875,512
Qwen/Qwen2.5-0.5B,3,0.125,last_token,ko,en,raw,mrr,0.07000687893637816,512
Qwen/Qwen2.5-0.5B,3,0.125,last_token,ko,ja,raw,r1,0.017578125,512
Qwen/Qwen2.5-0.5B,3,0.125,last_token,ko,ja,raw,r5,0.06640625,512
Qwen/Qwen2.5-0.5B,3,0.125,last_token,ko,ja,raw,r10,0.1015625,512
Qwen/Qwen2.5-0.5B,3,0.125,last_token,ko,ja,raw,mrr,0.05300016088303092,512
Qwen/Qwen2.5-0.5B,3,0.125,last_token,ko,zh,raw,r1,0.025390625,512
Qwen/Qwen2.5-0.5B,3,0.125,last_token,ko,zh,raw,r5,0.0703125,512
Qwen/Qwen2.5-0.5B,3,0.125,last_token,ko,zh,raw,r10,0.1015625,512
Qwen/Qwen2.5-0.5B,3,0.125,last_token,ko,zh,raw,mrr,0.05961128515486548,512
Qwen/Qwen2.5-0.5B,3,0.125,last_token,ja,en,raw,r1,0.01953125,512
Qwen/Qwen2.5-0.5B,3,0.125,last_token,ja,en,raw,r5,0.080078125,512
Qwen/Qwen2.5-0.5B,3,0.125,last_token,ja,en,raw,r10,0.115234375,512
Qwen/Qwen2.5-0.5B,3,0.125,last_token,ja,en,raw,mrr,0.054175686362214065,512
Qwen/Qwen2.5-0.5B,3,0.125,last_token,ja,ko,raw,r1,0.025390625,512
Qwen/Qwen2.5-0.5B,3,0.125,last_token,ja,ko,raw,r5,0.06640625,512
Qwen/Qwen2.5-0.5B,3,0.125,last_token,ja,ko,raw,r10,0.12890625,512
Qwen/Qwen2.5-0.5B,3,0.125,last_token,ja,ko,raw,mrr,0.05961745160066061,512
Qwen/Qwen2.5-0.5B,3,0.125,last_token,ja,zh,raw,r1,0.04296875,512
Qwen/Qwen2.5-0.5B,3,0.125,last_token,ja,zh,raw,r5,0.09375,512
Qwen/Qwen2.5-0.5B,3,0.125,last_token,ja,zh,raw,r10,0.140625,512
Qwen/Qwen2.5-0.5B,3,0.125,last_token,ja,zh,raw,mrr,0.07971787009473505,512
Qwen/Qwen2.5-0.5B,3,0.125,last_token,zh,en,raw,r1,0.205078125,512
Qwen/Qwen2.5-0.5B,3,0.125,last_token,zh,en,raw,r5,0.376953125,512
Qwen/Qwen2.5-0.5B,3,0.125,last_token,zh,en,raw,r10,0.466796875,512
Qwen/Qwen2.5-0.5B,3,0.125,last_token,zh,en,raw,mrr,0.2940773886889695,512
Qwen/Qwen2.5-0.5B,3,0.125,last_token,zh,ko,raw,r1,0.0234375,512
Qwen/Qwen2.5-0.5B,3,0.125,last_token,zh,ko,raw,r5,0.08203125,512
Qwen/Qwen2.5-0.5B,3,0.125,last_token,zh,ko,raw,r10,0.107421875,512
Qwen/Qwen2.5-0.5B,3,0.125,last_token,zh,ko,raw,mrr,0.05916469421590681,512
Qwen/Qwen2.5-0.5B,3,0.125,last_token,zh,ja,raw,r1,0.025390625,512
Qwen/Qwen2.5-0.5B,3,0.125,last_token,zh,ja,raw,r5,0.0546875,512
Qwen/Qwen2.5-0.5B,3,0.125,last_token,zh,ja,raw,r10,0.095703125,512
Qwen/Qwen2.5-0.5B,3,0.125,last_token,zh,ja,raw,mrr,0.05212430815319884,512
Qwen/Qwen2.5-0.5B,4,0.16666666666666666,last_token,en,ko,raw,r1,0.0703125,512
Qwen/Qwen2.5-0.5B,4,0.16666666666666666,last_token,en,ko,raw,r5,0.140625,512
Qwen/Qwen2.5-0.5B,4,0.16666666666666666,last_token,en,ko,raw,r10,0.205078125,512
Qwen/Qwen2.5-0.5B,4,0.16666666666666666,last_token,en,ko,raw,mrr,0.11493596734348795,512
Qwen/Qwen2.5-0.5B,4,0.16666666666666666,last_token,en,ja,raw,r1,0.033203125,512
Qwen/Qwen2.5-0.5B,4,0.16666666666666666,last_token,en,ja,raw,r5,0.09765625,512
Qwen/Qwen2.5-0.5B,4,0.16666666666666666,last_token,en,ja,raw,r10,0.1328125,512
Qwen/Qwen2.5-0.5B,4,0.16666666666666666,last_token,en,ja,raw,mrr,0.07418904601579868,512
Qwen/Qwen2.5-0.5B,4,0.16666666666666666,last_token,en,zh,raw,r1,0.189453125,512
Qwen/Qwen2.5-0.5B,4,0.16666666666666666,last_token,en,zh,raw,r5,0.353515625,512
Qwen/Qwen2.5-0.5B,4,0.16666666666666666,last_token,en,zh,raw,r10,0.451171875,512
Qwen/Qwen2.5-0.5B,4,0.16666666666666666,last_token,en,zh,raw,mrr,0.2753307261246065,512
Qwen/Qwen2.5-0.5B,4,0.16666666666666666,last_token,ko,en,raw,r1,0.05078125,512
Qwen/Qwen2.5-0.5B,4,0.16666666666666666,last_token,ko,en,raw,r5,0.16015625,512
Qwen/Qwen2.5-0.5B,4,0.16666666666666666,last_token,ko,en,raw,r10,0.234375,512
Qwen/Qwen2.5-0.5B,4,0.16666666666666666,last_token,ko,en,raw,mrr,0.11670051304003737,512
Qwen/Qwen2.5-0.5B,4,0.16666666666666666,last_token,ko,ja,raw,r1,0.044921875,512
Qwen/Qwen2.5-0.5B,4,0.16666666666666666,last_token,ko,ja,raw,r5,0.154296875,512
Qwen/Qwen2.5-0.5B,4,0.16666666666666666,last_token,ko,ja,raw,r10,0.220703125,512
Qwen/Qwen2.5-0.5B,4,0.16666666666666666,last_token,ko,ja,raw,mrr,0.10957038518250714,512
Qwen/Qwen2.5-0.5B,4,0.16666666666666666,last_token,ko,zh,raw,r1,0.046875,512
Qwen/Qwen2.5-0.5B,4,0.16666666666666666,last_token,ko,zh,raw,r5,0.11328125,512
Qwen/Qwen2.5-0.5B,4,0.16666666666666666,last_token,ko,zh,raw,r10,0.185546875,512
Qwen/Qwen2.5-0.5B,4,0.16666666666666666,last_token,ko,zh,raw,mrr,0.09362859521284168,512
Qwen/Qwen2.5-0.5B,4,0.16666666666666666,last_token,ja,en,raw,r1,0.05859375,512
Qwen/Qwen2.5-0.5B,4,0.16666666666666666,last_token,ja,en,raw,r5,0.208984375,512
Qwen/Qwen2.5-0.5B,4,0.16666666666666666,last_token,ja,en,raw,r10,0.271484375,512
Qwen/Qwen2.5-0.5B,4,0.16666666666666666,last_token,ja,en,raw,mrr,0.13558381771197722,512
Qwen/Qwen2.5-0.5B,4,0.16666666666666666,last_token,ja,ko,raw,r1,0.068359375,512
Qwen/Qwen2.5-0.5B,4,0.16666666666666666,last_token,ja,ko,raw,r5,0.166015625,512
Qwen/Qwen2.5-0.5B,4,0.16666666666666666,last_token,ja,ko,raw,r10,0.240234375,512
Qwen/Qwen2.5-0.5B,4,0.16666666666666666,last_token,ja,ko,raw,mrr,0.12770493165030622,512
Qwen/Qwen2.5-0.5B,4,0.16666666666666666,last_token,ja,zh,raw,r1,0.078125,512
Qwen/Qwen2.5-0.5B,4,0.16666666666666666,last_token,ja,zh,raw,r5,0.19140625,512
Qwen/Qwen2.5-0.5B,4,0.16666666666666666,last_token,ja,zh,raw,r10,0.25,512
Qwen/Qwen2.5-0.5B,4,0.16666666666666666,last_token,ja,zh,raw,mrr,0.13814785551178843,512
Qwen/Qwen2.5-0.5B,4,0.16666666666666666,last_token,zh,en,raw,r1,0.330078125,512
Qwen/Qwen2.5-0.5B,4,0.16666666666666666,last_token,zh,en,raw,r5,0.52734375,512
Qwen/Qwen2.5-0.5B,4,0.16666666666666666,last_token,zh,en,raw,r10,0.62890625,512
Qwen/Qwen2.5-0.5B,4,0.16666666666666666,last_token,zh,en,raw,mrr,0.4279224342548118,512
Qwen/Qwen2.5-0.5B,4,0.16666666666666666,last_token,zh,ko,raw,r1,0.064453125,512
Qwen/Qwen2.5-0.5B,4,0.16666666666666666,last_token,zh,ko,raw,r5,0.130859375,512
Qwen/Qwen2.5-0.5B,4,0.16666666666666666,last_token,zh,ko,raw,r10,0.19140625,512
Qwen/Qwen2.5-0.5B,4,0.16666666666666666,last_token,zh,ko,raw,mrr,0.10609396958321061,512
Qwen/Qwen2.5-0.5B,4,0.16666666666666666,last_token,zh,ja,raw,r1,0.041015625,512
Qwen/Qwen2.5-0.5B,4,0.16666666666666666,last_token,zh,ja,raw,r5,0.12109375,512
Qwen/Qwen2.5-0.5B,4,0.16666666666666666,last_token,zh,ja,raw,r10,0.162109375,512
Qwen/Qwen2.5-0.5B,4,0.16666666666666666,last_token,zh,ja,raw,mrr,0.08572784467694292,512
Qwen/Qwen2.5-0.5B,5,0.20833333333333334,last_token,en,ko,raw,r1,0.23046875,512
Qwen/Qwen2.5-0.5B,5,0.20833333333333334,last_token,en,ko,raw,r5,0.451171875,512
Qwen/Qwen2.5-0.5B,5,0.20833333333333334,last_token,en,ko,raw,r10,0.55078125,512
Qwen/Qwen2.5-0.5B,5,0.20833333333333334,last_token,en,ko,raw,mrr,0.3373850054792594,512
Qwen/Qwen2.5-0.5B,5,0.20833333333333334,last_token,en,ja,raw,r1,0.20703125,512
Qwen/Qwen2.5-0.5B,5,0.20833333333333334,last_token,en,ja,raw,r5,0.41015625,512
Qwen/Qwen2.5-0.5B,5,0.20833333333333334,last_token,en,ja,raw,r10,0.521484375,512
Qwen/Qwen2.5-0.5B,5,0.20833333333333334,last_token,en,ja,raw,mrr,0.30834982119920296,512
Qwen/Qwen2.5-0.5B,5,0.20833333333333334,last_token,en,zh,raw,r1,0.49609375,512
Qwen/Qwen2.5-0.5B,5,0.20833333333333334,last_token,en,zh,raw,r5,0.705078125,512
Qwen/Qwen2.5-0.5B,5,0.20833333333333334,last_token,en,zh,raw,r10,0.79296875,512
Qwen/Qwen2.5-0.5B,5,0.20833333333333334,last_token,en,zh,raw,mrr,0.5964957457609265,512
Qwen/Qwen2.5-0.5B,5,0.20833333333333334,last_token,ko,en,raw,r1,0.259765625,512
Qwen/Qwen2.5-0.5B,5,0.20833333333333334,last_token,ko,en,raw,r5,0.515625,512
Qwen/Qwen2.5-0.5B,5,0.20833333333333334,last_token,ko,en,raw,r10,0.60546875,512
Qwen/Qwen2.5-0.5B,5,0.20833333333333334,last_token,ko,en,raw,mrr,0.37465969235110236,512
Qwen/Qwen2.5-0.5B,5,0.20833333333333334,last_token,ko,ja,raw,r1,0.298828125,512
Qwen/Qwen2.5-0.5B,5,0.20833333333333334,last_token,ko,ja,raw,r5,0.515625,512
Qwen/Qwen2.5-0.5B,5,0.20833333333333334,last_token,ko,ja,raw,r10,0.634765625,512
Qwen/Qwen2.5-0.5B,5,0.20833333333333334,last_token,ko,ja,raw,mrr,0.4091518395037045,512
Qwen/Qwen2.5-0.5B,5,0.20833333333333334,last_token,ko,zh,raw,r1,0.140625,512
Qwen/Qwen2.5-0.5B,5,0.20833333333333334,last_token,ko,zh,raw,r5,0.30078125,512
Qwen/Qwen2.5-0.5B,5,0.20833333333333334,last_token,ko,zh,raw,r10,0.412109375,512
Qwen/Qwen2.5-0.5B,5,0.20833333333333334,last_token,ko,zh,raw,mrr,0.22936089375054175,512
Qwen/Qwen2.5-0.5B,5,0.20833333333333334,last_token,ja,en,raw,r1,0.28125,512
Qwen/Qwen2.5-0.5B,5,0.20833333333333334,last_token,ja,en,raw,r5,0.505859375,512
Qwen/Qwen2.5-0.5B,5,0.20833333333333334,last_token,ja,en,raw,r10,0.5859375,512
Qwen/Qwen2.5-0.5B,5,0.20833333333333334,last_token,ja,en,raw,mrr,0.38758800590387876,512
Qwen/Qwen2.5-0.5B,5,0.20833333333333334,last_token,ja,ko,raw,r1,0.24609375,512
Qwen/Qwen2.5-0.5B,5,0.20833333333333334,last_token,ja,ko,raw,r5,0.4609375,512
Qwen/Qwen2.5-0.5B,5,0.20833333333333334,last_token,ja,ko,raw,r10,0.580078125,512
Qwen/Qwen2.5-0.5B,5,0.20833333333333334,last_token,ja,ko,raw,mrr,0.35355428154940316,512
Qwen/Qwen2.5-0.5B,5,0.20833333333333334,last_token,ja,zh,raw,r1,0.1875,512
Qwen/Qwen2.5-0.5B,5,0.20833333333333334,last_token,ja,zh,raw,r5,0.4140625,512
Qwen/Qwen2.5-0.5B,5,0.20833333333333334,last_token,ja,zh,raw,r10,0.51171875,512
Qwen/Qwen2.5-0.5B,5,0.20833333333333334,last_token,ja,zh,raw,mrr,0.29270894663447256,512
Qwen/Qwen2.5-0.5B,5,0.20833333333333334,last_token,zh,en,raw,r1,0.591796875,512
Qwen/Qwen2.5-0.5B,5,0.20833333333333334,last_token,zh,en,raw,r5,0.791015625,512
Qwen/Qwen2.5-0.5B,5,0.20833333333333334,last_token,zh,en,raw,r10,0.859375,512
Qwen/Qwen2.5-0.5B,5,0.20833333333333334,last_token,zh,en,raw,mrr,0.6842369749005021,512
Qwen/Qwen2.5-0.5B,5,0.20833333333333334,last_token,zh,ko,raw,r1,0.189453125,512
Qwen/Qwen2.5-0.5B,5,0.20833333333333334,last_token,zh,ko,raw,r5,0.392578125,512
Qwen/Qwen2.5-0.5B,5,0.20833333333333334,last_token,zh,ko,raw,r10,0.498046875,512
Qwen/Qwen2.5-0.5B,5,0.20833333333333334,last_token,zh,ko,raw,mrr,0.28833865812282633,512
Qwen/Qwen2.5-0.5B,5,0.20833333333333334,last_token,zh,ja,raw,r1,0.146484375,512
Qwen/Qwen2.5-0.5B,5,0.20833333333333334,last_token,zh,ja,raw,r5,0.32421875,512
Qwen/Qwen2.5-0.5B,5,0.20833333333333334,last_token,zh,ja,raw,r10,0.419921875,512
Qwen/Qwen2.5-0.5B,5,0.20833333333333334,last_token,zh,ja,raw,mrr,0.24177648708739452,512
Qwen/Qwen2.5-0.5B,6,0.25,last_token,en,ko,raw,r1,0.232421875,512
Qwen/Qwen2.5-0.5B,6,0.25,last_token,en,ko,raw,r5,0.396484375,512
Qwen/Qwen2.5-0.5B,6,0.25,last_token,en,ko,raw,r10,0.474609375,512
Qwen/Qwen2.5-0.5B,6,0.25,last_token,en,ko,raw,mrr,0.3172671923369494,512
Qwen/Qwen2.5-0.5B,6,0.25,last_token,en,ja,raw,r1,0.16796875,512
Qwen/Qwen2.5-0.5B,6,0.25,last_token,en,ja,raw,r5,0.318359375,512
Qwen/Qwen2.5-0.5B,6,0.25,last_token,en,ja,raw,r10,0.404296875,512
Qwen/Qwen2.5-0.5B,6,0.25,last_token,en,ja,raw,mrr,0.24987343594632783,512
Qwen/Qwen2.5-0.5B,6,0.25,last_token,en,zh,raw,r1,0.40625,512
Qwen/Qwen2.5-0.5B,6,0.25,last_token,en,zh,raw,r5,0.603515625,512
Qwen/Qwen2.5-0.5B,6,0.25,last_token,en,zh,raw,r10,0.677734375,512
Qwen/Qwen2.5-0.5B,6,0.25,last_token,en,zh,raw,mrr,0.500195887206203,512
Qwen/Qwen2.5-0.5B,6,0.25,last_token,ko,en,raw,r1,0.216796875,512
Qwen/Qwen2.5-0.5B,6,0.25,last_token,ko,en,raw,r5,0.423828125,512
Qwen/Qwen2.5-0.5B,6,0.25,last_token,ko,en,raw,r10,0.537109375,512
Qwen/Qwen2.5-0.5B,6,0.25,last_token,ko,en,raw,mrr,0.3188318964008684,512
Qwen/Qwen2.5-0.5B,6,0.25,last_token,ko,ja,raw,r1,0.314453125,512
Qwen/Qwen2.5-0.5B,6,0.25,last_token,ko,ja,raw,r5,0.509765625,512
Qwen/Qwen2.5-0.5B,6,0.25,last_token,ko,ja,raw,r10,0.603515625,512
Qwen/Qwen2.5-0.5B,6,0.25,last_token,ko,ja,raw,mrr,0.4149055622032932,512
Qwen/Qwen2.5-0.5B,6,0.25,last_token,ko,zh,raw,r1,0.126953125,512
Qwen/Qwen2.5-0.5B,6,0.25,last_token,ko,zh,raw,r5,0.271484375,512
Qwen/Qwen2.5-0.5B,6,0.25,last_token,ko,zh,raw,r10,0.3515625,512
Qwen/Qwen2.5-0.5B,6,0.25,last_token,ko,zh,raw,mrr,0.20264759212408226,512
Qwen/Qwen2.5-0.5B,6,0.25,last_token,ja,en,raw,r1,0.169921875,512
Qwen/Qwen2.5-0.5B,6,0.25,last_token,ja,en,raw,r5,0.37109375,512
Qwen/Qwen2.5-0.5B,6,0.25,last_token,ja,en,raw,r10,0.4921875,512
Qwen/Qwen2.5-0.5B,6,0.25,last_token,ja,en,raw,mrr,0.2670313731452948,512
Qwen/Qwen2.5-0.5B,6,0.25,last_token,ja,ko,raw,r1,0.22265625,512
Qwen/Qwen2.5-0.5B,6,0.25,last_token,ja,ko,raw,r5,0.453125,512
Qwen/Qwen2.5-0.5B,6,0.25,last_token,ja,ko,raw,r10,0.54296875,512
Qwen/Qwen2.5-0.5B,6,0.25,last_token,ja,ko,raw,mrr,0.3325420006956127,512
Qwen/Qwen2.5-0.5B,6,0.25,last_token,ja,zh,raw,r1,0.125,512
Qwen/Qwen2.5-0.5B,6,0.25,last_token,ja,zh,raw,r5,0.234375,512
Qwen/Qwen2.5-0.5B,6,0.25,last_token,ja,zh,raw,r10,0.330078125,512
Qwen/Qwen2.5-0.5B,6,0.25,last_token,ja,zh,raw,mrr,0.19112979435386498,512
Qwen/Qwen2.5-0.5B,6,0.25,last_token,zh,en,raw,r1,0.478515625,512
Qwen/Qwen2.5-0.5B,6,0.25,last_token,zh,en,raw,r5,0.693359375,512
Qwen/Qwen2.5-0.5B,6,0.25,last_token,zh,en,raw,r10,0.779296875,512
Qwen/Qwen2.5-0.5B,6,0.25,last_token,zh,en,raw,mrr,0.5794015182036744,512
Qwen/Qwen2.5-0.5B,6,0.25,last_token,zh,ko,raw,r1,0.15625,512
Qwen/Qwen2.5-0.5B,6,0.25,last_token,zh,ko,raw,r5,0.3046875,512
Qwen/Qwen2.5-0.5B,6,0.25,last_token,zh,ko,raw,r10,0.38671875,512
Qwen/Qwen2.5-0.5B,6,0.25,last_token,zh,ko,raw,mrr,0.2375501694393927,512
Qwen/Qwen2.5-0.5B,6,0.25,last_token,zh,ja,raw,r1,0.099609375,512
Qwen/Qwen2.5-0.5B,6,0.25,last_token,zh,ja,raw,r5,0.232421875,512
Qwen/Qwen2.5-0.5B,6,0.25,last_token,zh,ja,raw,r10,0.298828125,512
Qwen/Qwen2.5-0.5B,6,0.25,last_token,zh,ja,raw,mrr,0.16969711591161138,512
Qwen/Qwen2.5-0.5B,7,0.2916666666666667,last_token,en,ko,raw,r1,0.296875,512
Qwen/Qwen2.5-0.5B,7,0.2916666666666667,last_token,en,ko,raw,r5,0.48046875,512
Qwen/Qwen2.5-0.5B,7,0.2916666666666667,last_token,en,ko,raw,r10,0.546875,512
Qwen/Qwen2.5-0.5B,7,0.2916666666666667,last_token,en,ko,raw,mrr,0.3909211628820859,512
Qwen/Qwen2.5-0.5B,7,0.2916666666666667,last_token,en,ja,raw,r1,0.21875,512
Qwen/Qwen2.5-0.5B,7,0.2916666666666667,last_token,en,ja,raw,r5,0.408203125,512
Qwen/Qwen2.5-0.5B,7,0.2916666666666667,last_token,en,ja,raw,r10,0.509765625,512
Qwen/Qwen2.5-0.5B,7,0.2916666666666667,last_token,en,ja,raw,mrr,0.3165331470113334,512
Qwen/Qwen2.5-0.5B,7,0.2916666666666667,last_token,en,zh,raw,r1,0.439453125,512
Qwen/Qwen2.5-0.5B,7,0.2916666666666667,last_token,en,zh,raw,r5,0.66015625,512
Qwen/Qwen2.5-0.5B,7,0.2916666666666667,last_token,en,zh,raw,r10,0.748046875,512
Qwen/Qwen2.5-0.5B,7,0.2916666666666667,last_token,en,zh,raw,mrr,0.542217302007904,512
Qwen/Qwen2.5-0.5B,7,0.2916666666666667,last_token,ko,en,raw,r1,0.234375,512
Qwen/Qwen2.5-0.5B,7,0.2916666666666667,last_token,ko,en,raw,r5,0.4296875,512
Qwen/Qwen2.5-0.5B,7,0.2916666666666667,last_token,ko,en,raw,r10,0.5234375,512
Qwen/Qwen2.5-0.5B,7,0.2916666666666667,last_token,ko,en,raw,mrr,0.33134613819375514,512
Qwen/Qwen2.5-0.5B,7,0.2916666666666667,last_token,ko,ja,raw,r1,0.357421875,512
Qwen/Qwen2.5-0.5B,7,0.2916666666666667,last_token,ko,ja,raw,r5,0.5859375,512
Qwen/Qwen2.5-0.5B,7,0.2916666666666667,last_token,ko,ja,raw,r10,0.6953125,512
Qwen/Qwen2.5-0.5B,7,0.2916666666666667,last_token,ko,ja,raw,mrr,0.4745403759780712,512
Qwen/Qwen2.5-0.5B,7,0.2916666666666667,last_token,ko,zh,raw,r1,0.171875,512
Qwen/Qwen2.5-0.5B,7,0.2916666666666667,last_token,ko,zh,raw,r5,0.322265625,512
Qwen/Qwen2.5-0.5B,7,0.2916666666666667,last_token,ko,zh,raw,r10,0.39453125,512
Qwen/Qwen2.5-0.5B,7,0.2916666666666667,last_token,ko,zh,raw,mrr,0.2498430576686126,512
Qwen/Qwen2.5-0.5B,7,0.2916666666666667,last_token,ja,en,raw,r1,0.193359375,512
Qwen/Qwen2.5-0.5B,7,0.2916666666666667,last_token,ja,en,raw,r5,0.373046875,512
Qwen/Qwen2.5-0.5B,7,0.2916666666666667,last_token,ja,en,raw,r10,0.46875,512
Qwen/Qwen2.5-0.5B,7,0.2916666666666667,last_token,ja,en,raw,mrr,0.28365758035007865,512
Qwen/Qwen2.5-0.5B,7,0.2916666666666667,last_token,ja,ko,raw,r1,0.32421875,512
Qwen/Qwen2.5-0.5B,7,0.2916666666666667,last_token,ja,ko,raw,r5,0.552734375,512
Qwen/Qwen2.5-0.5B,7,0.2916666666666667,last_token,ja,ko,raw,r10,0.65625,512
Qwen/Qwen2.5-0.5B,7,0.2916666666666667,last_token,ja,ko,raw,mrr,0.4334183379352006,512
Qwen/Qwen2.5-0.5B,7,0.2916666666666667,last_token,ja,zh,raw,r1,0.177734375,512
Qwen/Qwen2.5-0.5B,7,0.2916666666666667,last_token,ja,zh,raw,r5,0.322265625,512
Qwen/Qwen2.5-0.5B,7,0.2916666666666667,last_token,ja,zh,raw,r10,0.421875,512
Qwen/Qwen2.5-0.5B,7,0.2916666666666667,last_token,ja,zh,raw,mrr,0.25589639607741677,512
Qwen/Qwen2.5-0.5B,7,0.2916666666666667,last_token,zh,en,raw,r1,0.470703125,512
Qwen/Qwen2.5-0.5B,7,0.2916666666666667,last_token,zh,en,raw,r5,0.6796875,512
Qwen/Qwen2.5-0.5B,7,0.2916666666666667,last_token,zh,en,raw,r10,0.775390625,512
Qwen/Qwen2.5-0.5B,7,0.2916666666666667,last_token,zh,en,raw,mrr,0.5699332473840647,512
Qwen/Qwen2.5-0.5B,7,0.2916666666666667,last_token,zh,ko,raw,r1,0.22265625,512
Qwen/Qwen2.5-0.5B,7,0.2916666666666667,last_token,zh,ko,raw,r5,0.412109375,512
Qwen/Qwen2.5-0.5B,7,0.2916666666666667,last_token,zh,ko,raw,r10,0.51171875,512
Qwen/Qwen2.5-0.5B,7,0.2916666666666667,last_token,zh,ko,raw,mrr,0.31352175776698354,512
Qwen/Qwen2.5-0.5B,7,0.2916666666666667,last_token,zh,ja,raw,r1,0.1640625,512
Qwen/Qwen2.5-0.5B,7,0.2916666666666667,last_token,zh,ja,raw,r5,0.3359375,512
Qwen/Qwen2.5-0.5B,7,0.2916666666666667,last_token,zh,ja,raw,r10,0.42578125,512
Qwen/Qwen2.5-0.5B,7,0.2916666666666667,last_token,zh,ja,raw,mrr,0.2488102394962617,512
Qwen/Qwen2.5-0.5B,8,0.3333333333333333,last_token,en,ko,raw,r1,0.3984375,512
Qwen/Qwen2.5-0.5B,8,0.3333333333333333,last_token,en,ko,raw,r5,0.595703125,512
Qwen/Qwen2.5-0.5B,8,0.3333333333333333,last_token,en,ko,raw,r10,0.677734375,512
Qwen/Qwen2.5-0.5B,8,0.3333333333333333,last_token,en,ko,raw,mrr,0.4981684107493734,512
Qwen/Qwen2.5-0.5B,8,0.3333333333333333,last_token,en,ja,raw,r1,0.328125,512
Qwen/Qwen2.5-0.5B,8,0.3333333333333333,last_token,en,ja,raw,r5,0.533203125,512
Qwen/Qwen2.5-0.5B,8,0.3333333333333333,last_token,en,ja,raw,r10,0.626953125,512
Qwen/Qwen2.5-0.5B,8,0.3333333333333333,last_token,en,ja,raw,mrr,0.4275583426392452,512
Qwen/Qwen2.5-0.5B,8,0.3333333333333333,last_token,en,zh,raw,r1,0.515625,512
Qwen/Qwen2.5-0.5B,8,0.3333333333333333,last_token,en,zh,raw,r5,0.716796875,512
Qwen/Qwen2.5-0.5B,8,0.3333333333333333,last_token,en,zh,raw,r10,0.794921875,512
Qwen/Qwen2.5-0.5B,8,0.3333333333333333,last_token,en,zh,raw,mrr,0.6091215137883981,512
Qwen/Qwen2.5-0.5B,8,0.3333333333333333,last_token,ko,en,raw,r1,0.291015625,512
Qwen/Qwen2.5-0.5B,8,0.3333333333333333,last_token,ko,en,raw,r5,0.525390625,512
Qwen/Qwen2.5-0.5B,8,0.3333333333333333,last_token,ko,en,raw,r10,0.587890625,512
Qwen/Qwen2.5-0.5B,8,0.3333333333333333,last_token,ko,en,raw,mrr,0.39883245887927427,512
Qwen/Qwen2.5-0.5B,8,0.3333333333333333,last_token,ko,ja,raw,r1,0.453125,512
Qwen/Qwen2.5-0.5B,8,0.3333333333333333,last_token,ko,ja,raw,r5,0.6953125,512
Qwen/Qwen2.5-0.5B,8,0.3333333333333333,last_token,ko,ja,raw,r10,0.771484375,512
Qwen/Qwen2.5-0.5B,8,0.3333333333333333,last_token,ko,ja,raw,mrr,0.5660559197973994,512
Qwen/Qwen2.5-0.5B,8,0.3333333333333333,last_token,ko,zh,raw,r1,0.23828125,512
Qwen/Qwen2.5-0.5B,8,0.3333333333333333,last_token,ko,zh,raw,r5,0.390625,512
Qwen/Qwen2.5-0.5B,8,0.3333333333333333,last_token,ko,zh,raw,r10,0.47265625,512
Qwen/Qwen2.5-0.5B,8,0.3333333333333333,last_token,ko,zh,raw,mrr,0.3153854834197458,512
Qwen/Qwen2.5-0.5B,8,0.3333333333333333,last_token,ja,en,raw,r1,0.263671875,512
Qwen/Qwen2.5-0.5B,8,0.3333333333333333,last_token,ja,en,raw,r5,0.44140625,512
Qwen/Qwen2.5-0.5B,8,0.3333333333333333,last_token,ja,en,raw,r10,0.544921875,512
Qwen/Qwen2.5-0.5B,8,0.3333333333333333,last_token,ja,en,raw,mrr,0.3538067285023463,512
Qwen/Qwen2.5-0.5B,8,0.3333333333333333,last_token,ja,ko,raw,r1,0.408203125,512
Qwen/Qwen2.5-0.5B,8,0.3333333333333333,last_token,ja,ko,raw,r5,0.634765625,512
Qwen/Qwen2.5-0.5B,8,0.3333333333333333,last_token,ja,ko,raw,r10,0.703125,512
Qwen/Qwen2.5-0.5B,8,0.3333333333333333,last_token,ja,ko,raw,mrr,0.513044696300672,512
Qwen/Qwen2.5-0.5B,8,0.3333333333333333,last_token,ja,zh,raw,r1,0.25,512
Qwen/Qwen2.5-0.5B,8,0.3333333333333333,last_token,ja,zh,raw,r5,0.431640625,512
Qwen/Qwen2.5-0.5B,8,0.3333333333333333,last_token,ja,zh,raw,r10,0.51171875,512
Qwen/Qwen2.5-0.5B,8,0.3333333333333333,last_token,ja,zh,raw,mrr,0.33869336899530467,512
Qwen/Qwen2.5-0.5B,8,0.3333333333333333,last_token,zh,en,raw,r1,0.5703125,512
Qwen/Qwen2.5-0.5B,8,0.3333333333333333,last_token,zh,en,raw,r5,0.75390625,512
Qwen/Qwen2.5-0.5B,8,0.3333333333333333,last_token,zh,en,raw,r10,0.826171875,512
Qwen/Qwen2.5-0.5B,8,0.3333333333333333,last_token,zh,en,raw,mrr,0.6578682103501584,512
Qwen/Qwen2.5-0.5B,8,0.3333333333333333,last_token,zh,ko,raw,r1,0.310546875,512
Qwen/Qwen2.5-0.5B,8,0.3333333333333333,last_token,zh,ko,raw,r5,0.55078125,512
Qwen/Qwen2.5-0.5B,8,0.3333333333333333,last_token,zh,ko,raw,r10,0.66015625,512
Qwen/Qwen2.5-0.5B,8,0.3333333333333333,last_token,zh,ko,raw,mrr,0.4261527374664189,512
Qwen/Qwen2.5-0.5B,8,0.3333333333333333,last_token,zh,ja,raw,r1,0.26953125,512
Qwen/Qwen2.5-0.5B,8,0.3333333333333333,last_token,zh,ja,raw,r5,0.51171875,512
Qwen/Qwen2.5-0.5B,8,0.3333333333333333,last_token,zh,ja,raw,r10,0.59765625,512
Qwen/Qwen2.5-0.5B,8,0.3333333333333333,last_token,zh,ja,raw,mrr,0.3789945864999863,512
Qwen/Qwen2.5-0.5B,9,0.375,last_token,en,ko,raw,r1,0.4765625,512
Qwen/Qwen2.5-0.5B,9,0.375,last_token,en,ko,raw,r5,0.708984375,512
Qwen/Qwen2.5-0.5B,9,0.375,last_token,en,ko,raw,r10,0.794921875,512
Qwen/Qwen2.5-0.5B,9,0.375,last_token,en,ko,raw,mrr,0.5754305975878384,512
Qwen/Qwen2.5-0.5B,9,0.375,last_token,en,ja,raw,r1,0.44921875,512
Qwen/Qwen2.5-0.5B,9,0.375,last_token,en,ja,raw,r5,0.697265625,512
Qwen/Qwen2.5-0.5B,9,0.375,last_token,en,ja,raw,r10,0.77734375,512
Qwen/Qwen2.5-0.5B,9,0.375,last_token,en,ja,raw,mrr,0.5587360133602548,512
Qwen/Qwen2.5-0.5B,9,0.375,last_token,en,zh,raw,r1,0.681640625,512
Qwen/Qwen2.5-0.5B,9,0.375,last_token,en,zh,raw,r5,0.84765625,512
Qwen/Qwen2.5-0.5B,9,0.375,last_token,en,zh,raw,r10,0.892578125,512
Qwen/Qwen2.5-0.5B,9,0.375,last_token,en,zh,raw,mrr,0.7558081447449203,512
Qwen/Qwen2.5-0.5B,9,0.375,last_token,ko,en,raw,r1,0.353515625,512
Qwen/Qwen2.5-0.5B,9,0.375,last_token,ko,en,raw,r5,0.5625,512
Qwen/Qwen2.5-0.5B,9,0.375,last_token,ko,en,raw,r10,0.669921875,512
Qwen/Qwen2.5-0.5B,9,0.375,last_token,ko,en,raw,mrr,0.45281154108610283,512
Qwen/Qwen2.5-0.5B,9,0.375,last_token,ko,ja,raw,r1,0.5625,512
Qwen/Qwen2.5-0.5B,9,0.375,last_token,ko,ja,raw,r5,0.7734375,512
Qwen/Qwen2.5-0.5B,9,0.375,last_token,ko,ja,raw,r10,0.83984375,512
Qwen/Qwen2.5-0.5B,9,0.375,last_token,ko,ja,raw,mrr,0.657106947961983,512
Qwen/Qwen2.5-0.5B,9,0.375,last_token,ko,zh,raw,r1,0.279296875,512
Qwen/Qwen2.5-0.5B,9,0.375,last_token,ko,zh,raw,r5,0.46484375,512
Qwen/Qwen2.5-0.5B,9,0.375,last_token,ko,zh,raw,r10,0.55859375,512
Qwen/Qwen2.5-0.5B,9,0.375,last_token,ko,zh,raw,mrr,0.37632066784643686,512
Qwen/Qwen2.5-0.5B,9,0.375,last_token,ja,en,raw,r1,0.337890625,512
Qwen/Qwen2.5-0.5B,9,0.375,last_token,ja,en,raw,r5,0.5703125,512
Qwen/Qwen2.5-0.5B,9,0.375,last_token,ja,en,raw,r10,0.65234375,512
Qwen/Qwen2.5-0.5B,9,0.375,last_token,ja,en,raw,mrr,0.4407246714556081,512
Qwen/Qwen2.5-0.5B,9,0.375,last_token,ja,ko,raw,r1,0.51953125,512
Qwen/Qwen2.5-0.5B,9,0.375,last_token,ja,ko,raw,r5,0.708984375,512
Qwen/Qwen2.5-0.5B,9,0.375,last_token,ja,ko,raw,r10,0.7578125,512
Qwen/Qwen2.5-0.5B,9,0.375,last_token,ja,ko,raw,mrr,0.6022439782601621,512
Qwen/Qwen2.5-0.5B,9,0.375,last_token,ja,zh,raw,r1,0.314453125,512
Qwen/Qwen2.5-0.5B,9,0.375,last_token,ja,zh,raw,r5,0.52734375,512
Qwen/Qwen2.5-0.5B,9,0.375,last_token,ja,zh,raw,r10,0.615234375,512
Qwen/Qwen2.5-0.5B,9,0.375,last_token,ja,zh,raw,mrr,0.4173266968157213,512
Qwen/Qwen2.5-0.5B,9,0.375,last_token,zh,en,raw,r1,0.673828125,512
Qwen/Qwen2.5-0.5B,9,0.375,last_token,zh,en,raw,r5,0.857421875,512
Qwen/Qwen2.5-0.5B,9,0.375,last_token,zh,en,raw,r10,0.908203125,512
Qwen/Qwen2.5-0.5B,9,0.375,last_token,zh,en,raw,mrr,0.756138400373783,512
Qwen/Qwen2.5-0.5B,9,0.375,last_token,zh,ko,raw,r1,0.455078125,512
Qwen/Qwen2.5-0.5B,9,0.375,last_token,zh,ko,raw,r5,0.671875,512
Qwen/Qwen2.5-0.5B,9,0.375,last_token,zh,ko,raw,r10,0.751953125,512
Qwen/Qwen2.5-0.5B,9,0.375,last_token,zh,ko,raw,mrr,0.5515850620872588,512
Qwen/Qwen2.5-0.5B,9,0.375,last_token,zh,ja,raw,r1,0.380859375,512
Qwen/Qwen2.5-0.5B,9,0.375,last_token,zh,ja,raw,r5,0.640625,512
Qwen/Qwen2.5-0.5B,9,0.375,last_token,zh,ja,raw,r10,0.740234375,512
Qwen/Qwen2.5-0.5B,9,0.375,last_token,zh,ja,raw,mrr,0.4996665074438923,512
Qwen/Qwen2.5-0.5B,10,0.4166666666666667,last_token,en,ko,raw,r1,0.515625,512
Qwen/Qwen2.5-0.5B,10,0.4166666666666667,last_token,en,ko,raw,r5,0.7109375,512
Qwen/Qwen2.5-0.5B,10,0.4166666666666667,last_token,en,ko,raw,r10,0.798828125,512
Qwen/Qwen2.5-0.5B,10,0.4166666666666667,last_token,en,ko,raw,mrr,0.6101189704724519,512
Qwen/Qwen2.5-0.5B,10,0.4166666666666667,last_token,en,ja,raw,r1,0.49609375,512
Qwen/Qwen2.5-0.5B,10,0.4166666666666667,last_token,en,ja,raw,r5,0.75,512
Qwen/Qwen2.5-0.5B,10,0.4166666666666667,last_token,en,ja,raw,r10,0.83203125,512
Qwen/Qwen2.5-0.5B,10,0.4166666666666667,last_token,en,ja,raw,mrr,0.6107919446459692,512
Qwen/Qwen2.5-0.5B,10,0.4166666666666667,last_token,en,zh,raw,r1,0.705078125,512
Qwen/Qwen2.5-0.5B,10,0.4166666666666667,last_token,en,zh,raw,r5,0.859375,512
Qwen/Qwen2.5-0.5B,10,0.4166666666666667,last_token,en,zh,raw,r10,0.9140625,512
Qwen/Qwen2.5-0.5B,10,0.4166666666666667,last_token,en,zh,raw,mrr,0.7749544151815808,512
Qwen/Qwen2.5-0.5B,10,0.4166666666666667,last_token,ko,en,raw,r1,0.44140625,512
Qwen/Qwen2.5-0.5B,10,0.4166666666666667,last_token,ko,en,raw,r5,0.638671875,512
Qwen/Qwen2.5-0.5B,10,0.4166666666666667,last_token,ko,en,raw,r10,0.728515625,512
Qwen/Qwen2.5-0.5B,10,0.4166666666666667,last_token,ko,en,raw,mrr,0.5341507985578349,512
Qwen/Qwen2.5-0.5B,10,0.4166666666666667,last_token,ko,ja,raw,r1,0.583984375,512
Qwen/Qwen2.5-0.5B,10,0.4166666666666667,last_token,ko,ja,raw,r5,0.810546875,512
Qwen/Qwen2.5-0.5B,10,0.4166666666666667,last_token,ko,ja,raw,r10,0.8515625,512
Qwen/Qwen2.5-0.5B,10,0.4166666666666667,last_token,ko,ja,raw,mrr,0.686201071241284,512
Qwen/Qwen2.5-0.5B,10,0.4166666666666667,last_token,ko,zh,raw,r1,0.310546875,512
Qwen/Qwen2.5-0.5B,10,0.4166666666666667,last_token,ko,zh,raw,r5,0.525390625,512
Qwen/Qwen2.5-0.5B,10,0.4166666666666667,last_token,ko,zh,raw,r10,0.63671875,512
Qwen/Qwen2.5-0.5B,10,0.4166666666666667,last_token,ko,zh,raw,mrr,0.4182857584609474,512
Qwen/Qwen2.5-0.5B,10,0.4166666666666667,last_token,ja,en,raw,r1,0.4296875,512
Qwen/Qwen2.5-0.5B,10,0.4166666666666667,last_token,ja,en,raw,r5,0.66015625,512
Qwen/Qwen2.5-0.5B,10,0.4166666666666667,last_token,ja,en,raw,r10,0.728515625,512
Qwen/Qwen2.5-0.5B,10,0.4166666666666667,last_token,ja,en,raw,mrr,0.5321743803983042,512
Qwen/Qwen2.5-0.5B,10,0.4166666666666667,last_token,ja,ko,raw,r1,0.54296875,512
Qwen/Qwen2.5-0.5B,10,0.4166666666666667,last_token,ja,ko,raw,r5,0.73828125,512
Qwen/Qwen2.5-0.5B,10,0.4166666666666667,last_token,ja,ko,raw,r10,0.787109375,512
Qwen/Qwen2.5-0.5B,10,0.4166666666666667,last_token,ja,ko,raw,mrr,0.6268512229062544,512
Qwen/Qwen2.5-0.5B,10,0.4166666666666667,last_token,ja,zh,raw,r1,0.3828125,512
Qwen/Qwen2.5-0.5B,10,0.4166666666666667,last_token,ja,zh,raw,r5,0.599609375,512
Qwen/Qwen2.5-0.5B,10,0.4166666666666667,last_token,ja,zh,raw,r10,0.685546875,512
Qwen/Qwen2.5-0.5B,10,0.4166666666666667,last_token,ja,zh,raw,mrr,0.4823452158341588,512
Qwen/Qwen2.5-0.5B,10,0.4166666666666667,last_token,zh,en,raw,r1,0.72265625,512
Qwen/Qwen2.5-0.5B,10,0.4166666666666667,last_token,zh,en,raw,r5,0.876953125,512
Qwen/Qwen2.5-0.5B,10,0.4166666666666667,last_token,zh,en,raw,r10,0.91796875,512
Qwen/Qwen2.5-0.5B,10,0.4166666666666667,last_token,zh,en,raw,mrr,0.7931538790260864,512
Qwen/Qwen2.5-0.5B,10,0.4166666666666667,last_token,zh,ko,raw,r1,0.466796875,512
Qwen/Qwen2.5-0.5B,10,0.4166666666666667,last_token,zh,ko,raw,r5,0.67578125,512
Qwen/Qwen2.5-0.5B,10,0.4166666666666667,last_token,zh,ko,raw,r10,0.76171875,512
Qwen/Qwen2.5-0.5B,10,0.4166666666666667,last_token,zh,ko,raw,mrr,0.5646056086638622,512
Qwen/Qwen2.5-0.5B,10,0.4166666666666667,last_token,zh,ja,raw,r1,0.419921875,512
Qwen/Qwen2.5-0.5B,10,0.4166666666666667,last_token,zh,ja,raw,r5,0.697265625,512
Qwen/Qwen2.5-0.5B,10,0.4166666666666667,last_token,zh,ja,raw,r10,0.76953125,512
Qwen/Qwen2.5-0.5B,10,0.4166666666666667,last_token,zh,ja,raw,mrr,0.5445050004945351,512
Qwen/Qwen2.5-0.5B,11,0.4583333333333333,last_token,en,ko,raw,r1,0.77734375,512
Qwen/Qwen2.5-0.5B,11,0.4583333333333333,last_token,en,ko,raw,r5,0.88671875,512
Qwen/Qwen2.5-0.5B,11,0.4583333333333333,last_token,en,ko,raw,r10,0.90234375,512
Qwen/Qwen2.5-0.5B,11,0.4583333333333333,last_token,en,ko,raw,mrr,0.8260845730806687,512
Qwen/Qwen2.5-0.5B,11,0.4583333333333333,last_token,en,ja,raw,r1,0.78515625,512
Qwen/Qwen2.5-0.5B,11,0.4583333333333333,last_token,en,ja,raw,r5,0.9453125,512
Qwen/Qwen2.5-0.5B,11,0.4583333333333333,last_token,en,ja,raw,r10,0.96484375,512
Qwen/Qwen2.5-0.5B,11,0.4583333333333333,last_token,en,ja,raw,mrr,0.8563416981590621,512
Qwen/Qwen2.5-0.5B,11,0.4583333333333333,last_token,en,zh,raw,r1,0.853515625,512
Qwen/Qwen2.5-0.5B,11,0.4583333333333333,last_token,en,zh,raw,r5,0.947265625,512
Qwen/Qwen2.5-0.5B,11,0.4583333333333333,last_token,en,zh,raw,r10,0.96484375,512
Qwen/Qwen2.5-0.5B,11,0.4583333333333333,last_token,en,zh,raw,mrr,0.896615728023414,512
Qwen/Qwen2.5-0.5B,11,0.4583333333333333,last_token,ko,en,raw,r1,0.677734375,512
Qwen/Qwen2.5-0.5B,11,0.4583333333333333,last_token,ko,en,raw,r5,0.830078125,512
Qwen/Qwen2.5-0.5B,11,0.4583333333333333,last_token,ko,en,raw,r10,0.873046875,512
Qwen/Qwen2.5-0.5B,11,0.4583333333333333,last_token,ko,en,raw,mrr,0.7463843320938152,512
Qwen/Qwen2.5-0.5B,11,0.4583333333333333,last_token,ko,ja,raw,r1,0.78515625,512
Qwen/Qwen2.5-0.5B,11,0.4583333333333333,last_token,ko,ja,raw,r5,0.89453125,512
Qwen/Qwen2.5-0.5B,11,0.4583333333333333,last_token,ko,ja,raw,r10,0.92578125,512
Qwen/Qwen2.5-0.5B,11,0.4583333333333333,last_token,ko,ja,raw,mrr,0.8368360037986792,512
Qwen/Qwen2.5-0.5B,11,0.4583333333333333,last_token,ko,zh,raw,r1,0.513671875,512
Qwen/Qwen2.5-0.5B,11,0.4583333333333333,last_token,ko,zh,raw,r5,0.73828125,512
Qwen/Qwen2.5-0.5B,11,0.4583333333333333,last_token,ko,zh,raw,r10,0.771484375,512
Qwen/Qwen2.5-0.5B,11,0.4583333333333333,last_token,ko,zh,raw,mrr,0.6103184119695189,512
Qwen/Qwen2.5-0.5B,11,0.4583333333333333,last_token,ja,en,raw,r1,0.697265625,512
Qwen/Qwen2.5-0.5B,11,0.4583333333333333,last_token,ja,en,raw,r5,0.833984375,512
Qwen/Qwen2.5-0.5B,11,0.4583333333333333,last_token,ja,en,raw,r10,0.865234375,512
Qwen/Qwen2.5-0.5B,11,0.4583333333333333,last_token,ja,en,raw,mrr,0.7618099694571099,512
Qwen/Qwen2.5-0.5B,11,0.4583333333333333,last_token,ja,ko,raw,r1,0.71484375,512
Qwen/Qwen2.5-0.5B,11,0.4583333333333333,last_token,ja,ko,raw,r5,0.861328125,512
Qwen/Qwen2.5-0.5B,11,0.4583333333333333,last_token,ja,ko,raw,r10,0.876953125,512
Qwen/Qwen2.5-0.5B,11,0.4583333333333333,last_token,ja,ko,raw,mrr,0.7790494071545762,512
Qwen/Qwen2.5-0.5B,11,0.4583333333333333,last_token,ja,zh,raw,r1,0.6015625,512
Qwen/Qwen2.5-0.5B,11,0.4583333333333333,last_token,ja,zh,raw,r5,0.779296875,512
Qwen/Qwen2.5-0.5B,11,0.4583333333333333,last_token,ja,zh,raw,r10,0.83203125,512
Qwen/Qwen2.5-0.5B,11,0.4583333333333333,last_token,ja,zh,raw,mrr,0.6839412808614616,512
Qwen/Qwen2.5-0.5B,11,0.4583333333333333,last_token,zh,en,raw,r1,0.88671875,512
Qwen/Qwen2.5-0.5B,11,0.4583333333333333,last_token,zh,en,raw,r5,0.966796875,512
Qwen/Qwen2.5-0.5B,11,0.4583333333333333,last_token,zh,en,raw,r10,0.986328125,512
Qwen/Qwen2.5-0.5B,11,0.4583333333333333,last_token,zh,en,raw,mrr,0.9198418265207033,512
Qwen/Qwen2.5-0.5B,11,0.4583333333333333,last_token,zh,ko,raw,r1,0.6953125,512
Qwen/Qwen2.5-0.5B,11,0.4583333333333333,last_token,zh,ko,raw,r5,0.8515625,512
Qwen/Qwen2.5-0.5B,11,0.4583333333333333,last_token,zh,ko,raw,r10,0.888671875,512
Qwen/Qwen2.5-0.5B,11,0.4583333333333333,last_token,zh,ko,raw,mrr,0.7667988469662054,512
Qwen/Qwen2.5-0.5B,11,0.4583333333333333,last_token,zh,ja,raw,r1,0.7265625,512
Qwen/Qwen2.5-0.5B,11,0.4583333333333333,last_token,zh,ja,raw,r5,0.900390625,512
Qwen/Qwen2.5-0.5B,11,0.4583333333333333,last_token,zh,ja,raw,r10,0.9453125,512
Qwen/Qwen2.5-0.5B,11,0.4583333333333333,last_token,zh,ja,raw,mrr,0.8060045577741373,512
Qwen/Qwen2.5-0.5B,12,0.5,last_token,en,ko,raw,r1,0.71875,512
Qwen/Qwen2.5-0.5B,12,0.5,last_token,en,ko,raw,r5,0.857421875,512
Qwen/Qwen2.5-0.5B,12,0.5,last_token,en,ko,raw,r10,0.892578125,512
Qwen/Qwen2.5-0.5B,12,0.5,last_token,en,ko,raw,mrr,0.7831675241879033,512
Qwen/Qwen2.5-0.5B,12,0.5,last_token,en,ja,raw,r1,0.75,512
Qwen/Qwen2.5-0.5B,12,0.5,last_token,en,ja,raw,r5,0.9296875,512
Qwen/Qwen2.5-0.5B,12,0.5,last_token,en,ja,raw,r10,0.951171875,512
Qwen/Qwen2.5-0.5B,12,0.5,last_token,en,ja,raw,mrr,0.8253989954786007,512
Qwen/Qwen2.5-0.5B,12,0.5,last_token,en,zh,raw,r1,0.8125,512
Qwen/Qwen2.5-0.5B,12,0.5,last_token,en,zh,raw,r5,0.923828125,512
Qwen/Qwen2.5-0.5B,12,0.5,last_token,en,zh,raw,r10,0.9453125,512
Qwen/Qwen2.5-0.5B,12,0.5,last_token,en,zh,raw,mrr,0.8624426152606199,512
Qwen/Qwen2.5-0.5B,12,0.5,last_token,ko,en,raw,r1,0.6484375,512
Qwen/Qwen2.5-0.5B,12,0.5,last_token,ko,en,raw,r5,0.791015625,512
Qwen/Qwen2.5-0.5B,12,0.5,last_token,ko,en,raw,r10,0.845703125,512
Qwen/Qwen2.5-0.5B,12,0.5,last_token,ko,en,raw,mrr,0.721078475844278,512
Qwen/Qwen2.5-0.5B,12,0.5,last_token,ko,ja,raw,r1,0.732421875,512
Qwen/Qwen2.5-0.5B,12,0.5,last_token,ko,ja,raw,r5,0.884765625,512
Qwen/Qwen2.5-0.5B,12,0.5,last_token,ko,ja,raw,r10,0.919921875,512
Qwen/Qwen2.5-0.5B,12,0.5,last_token,ko,ja,raw,mrr,0.7985712660561078,512
Qwen/Qwen2.5-0.5B,12,0.5,last_token,ko,zh,raw,r1,0.486328125,512
Qwen/Qwen2.5-0.5B,12,0.5,last_token,ko,zh,raw,r5,0.681640625,512
Qwen/Qwen2.5-0.5B,12,0.5,last_token,ko,zh,raw,r10,0.755859375,512
Qwen/Qwen2.5-0.5B,12,0.5,last_token,ko,zh,raw,mrr,0.5774489440932201,512
Qwen/Qwen2.5-0.5B,12,0.5,last_token,ja,en,raw,r1,0.6484375,512
Qwen/Qwen2.5-0.5B,12,0.5,last_token,ja,en,raw,r5,0.802734375,512
Qwen/Qwen2.5-0.5B,12,0.5,last_token,ja,en,raw,r10,0.84375,512
Qwen/Qwen2.5-0.5B,12,0.5,last_token,ja,en,raw,mrr,0.7183149791664822,512
Qwen/Qwen2.5-0.5B,12,0.5,last_token,ja,ko,raw,r1,0.6953125,512
Qwen/Qwen2.5-0.5B,12,0.5,last_token,ja,ko,raw,r5,0.849609375,512
Qwen/Qwen2.5-0.5B,12,0.5,last_token,ja,ko,raw,r10,0.873046875,512
Qwen/Qwen2.5-0.5B,12,0.5,last_token,ja,ko,raw,mrr,0.765395320992335,512
Qwen/Qwen2.5-0.5B,12,0.5,last_token,ja,zh,raw,r1,0.552734375,512
Qwen/Qwen2.5-0.5B,12,0.5,last_token,ja,zh,raw,r5,0.728515625,512
Qwen/Qwen2.5-0.5B,12,0.5,last_token,ja,zh,raw,r10,0.79296875,512
Qwen/Qwen2.5-0.5B,12,0.5,last_token,ja,zh,raw,mrr,0.6389074693959165,512
Qwen/Qwen2.5-0.5B,12,0.5,last_token,zh,en,raw,r1,0.818359375,512
Qwen/Qwen2.5-0.5B,12,0.5,last_token,zh,en,raw,r5,0.9296875,512
Qwen/Qwen2.5-0.5B,12,0.5,last_token,zh,en,raw,r10,0.958984375,512
Qwen/Qwen2.5-0.5B,12,0.5,last_token,zh,en,raw,mrr,0.8669190547695269,512
Qwen/Qwen2.5-0.5B,12,0.5,last_token,zh,ko,raw,r1,0.646484375,512
Qwen/Qwen2.5-0.5B,12,0.5,last_token,zh,ko,raw,r5,0.818359375,512
Qwen/Qwen2.5-0.5B,12,0.5,last_token,zh,ko,raw,r10,0.861328125,512
Qwen/Qwen2.5-0.5B,12,0.5,last_token,zh,ko,raw,mrr,0.7229751618949556,512
Qwen/Qwen2.5-0.5B,12,0.5,last_token,zh,ja,raw,r1,0.65234375,512
Qwen/Qwen2.5-0.5B,12,0.5,last_token,zh,ja,raw,r5,0.873046875,512
Qwen/Qwen2.5-0.5B,12,0.5,last_token,zh,ja,raw,r10,0.91796875,512
Qwen/Qwen2.5-0.5B,12,0.5,last_token,zh,ja,raw,mrr,0.7487061597939733,512
Qwen/Qwen2.5-0.5B,13,0.5416666666666666,last_token,en,ko,raw,r1,0.6953125,512
Qwen/Qwen2.5-0.5B,13,0.5416666666666666,last_token,en,ko,raw,r5,0.8515625,512
Qwen/Qwen2.5-0.5B,13,0.5416666666666666,last_token,en,ko,raw,r10,0.88671875,512
Qwen/Qwen2.5-0.5B,13,0.5416666666666666,last_token,en,ko,raw,mrr,0.7687748179570375,512
Qwen/Qwen2.5-0.5B,13,0.5416666666666666,last_token,en,ja,raw,r1,0.72265625,512
Qwen/Qwen2.5-0.5B,13,0.5416666666666666,last_token,en,ja,raw,r5,0.912109375,512
Qwen/Qwen2.5-0.5B,13,0.5416666666666666,last_token,en,ja,raw,r10,0.94921875,512
Qwen/Qwen2.5-0.5B,13,0.5416666666666666,last_token,en,ja,raw,mrr,0.8074446778200827,512
Qwen/Qwen2.5-0.5B,13,0.5416666666666666,last_token,en,zh,raw,r1,0.845703125,512
Qwen/Qwen2.5-0.5B,13,0.5416666666666666,last_token,en,zh,raw,r5,0.931640625,512
Qwen/Qwen2.5-0.5B,13,0.5416666666666666,last_token,en,zh,raw,r10,0.947265625,512
Qwen/Qwen2.5-0.5B,13,0.5416666666666666,last_token,en,zh,raw,mrr,0.8839678135407919,512
Qwen/Qwen2.5-0.5B,13,0.5416666666666666,last_token,ko,en,raw,r1,0.66015625,512
Qwen/Qwen2.5-0.5B,13,0.5416666666666666,last_token,ko,en,raw,r5,0.794921875,512
Qwen/Qwen2.5-0.5B,13,0.5416666666666666,last_token,ko,en,raw,r10,0.84765625,512
Qwen/Qwen2.5-0.5B,13,0.5416666666666666,last_token,ko,en,raw,mrr,0.7211019605640948,512
Qwen/Qwen2.5-0.5B,13,0.5416666666666666,last_token,ko,ja,raw,r1,0.759765625,512
Qwen/Qwen2.5-0.5B,13,0.5416666666666666,last_token,ko,ja,raw,r5,0.904296875,512
Qwen/Qwen2.5-0.5B,13,0.5416666666666666,last_token,ko,ja,raw,r10,0.92578125,512
Qwen/Qwen2.5-0.5B,13,0.5416666666666666,last_token,ko,ja,raw,mrr,0.8207697883853009,512
Qwen/Qwen2.5-0.5B,13,0.5416666666666666,last_token,ko,zh,raw,r1,0.52734375,512
Qwen/Qwen2.5-0.5B,13,0.5416666666666666,last_token,ko,zh,raw,r5,0.724609375,512
Qwen/Qwen2.5-0.5B,13,0.5416666666666666,last_token,ko,zh,raw,r10,0.771484375,512
Qwen/Qwen2.5-0.5B,13,0.5416666666666666,last_token,ko,zh,raw,mrr,0.6201690326704521,512
Qwen/Qwen2.5-0.5B,13,0.5416666666666666,last_token,ja,en,raw,r1,0.68359375,512
Qwen/Qwen2.5-0.5B,13,0.5416666666666666,last_token,ja,en,raw,r5,0.83203125,512
Qwen/Qwen2.5-0.5B,13,0.5416666666666666,last_token,ja,en,raw,r10,0.86328125,512
Qwen/Qwen2.5-0.5B,13,0.5416666666666666,last_token,ja,en,raw,mrr,0.7511424156399131,512
Qwen/Qwen2.5-0.5B,13,0.5416666666666666,last_token,ja,ko,raw,r1,0.693359375,512
Qwen/Qwen2.5-0.5B,13,0.5416666666666666,last_token,ja,ko,raw,r5,0.83984375,512
Qwen/Qwen2.5-0.5B,13,0.5416666666666666,last_token,ja,ko,raw,r10,0.87109375,512
Qwen/Qwen2.5-0.5B,13,0.5416666666666666,last_token,ja,ko,raw,mrr,0.7618973152711022,512
Qwen/Qwen2.5-0.5B,13,0.5416666666666666,last_token,ja,zh,raw,r1,0.611328125,512
Qwen/Qwen2.5-0.5B,13,0.5416666666666666,last_token,ja,zh,raw,r5,0.76171875,512
Qwen/Qwen2.5-0.5B,13,0.5416666666666666,last_token,ja,zh,raw,r10,0.818359375,512
Qwen/Qwen2.5-0.5B,13,0.5416666666666666,last_token,ja,zh,raw,mrr,0.6863513079854879,512
Qwen/Qwen2.5-0.5B,13,0.5416666666666666,last_token,zh,en,raw,r1,0.83984375,512
Qwen/Qwen2.5-0.5B,13,0.5416666666666666,last_token,zh,en,raw,r5,0.935546875,512
Qwen/Qwen2.5-0.5B,13,0.5416666666666666,last_token,zh,en,raw,r10,0.96484375,512
Qwen/Qwen2.5-0.5B,13,0.5416666666666666,last_token,zh,en,raw,mrr,0.8842867454428658,512
Qwen/Qwen2.5-0.5B,13,0.5416666666666666,last_token,zh,ko,raw,r1,0.65234375,512
Qwen/Qwen2.5-0.5B,13,0.5416666666666666,last_token,zh,ko,raw,r5,0.83203125,512
Qwen/Qwen2.5-0.5B,13,0.5416666666666666,last_token,zh,ko,raw,r10,0.87109375,512
Qwen/Qwen2.5-0.5B,13,0.5416666666666666,last_token,zh,ko,raw,mrr,0.7296544133618991,512
Qwen/Qwen2.5-0.5B,13,0.5416666666666666,last_token,zh,ja,raw,r1,0.638671875,512
Qwen/Qwen2.5-0.5B,13,0.5416666666666666,last_token,zh,ja,raw,r5,0.876953125,512
Qwen/Qwen2.5-0.5B,13,0.5416666666666666,last_token,zh,ja,raw,r10,0.919921875,512
Qwen/Qwen2.5-0.5B,13,0.5416666666666666,last_token,zh,ja,raw,mrr,0.7406148283501366,512
Qwen/Qwen2.5-0.5B,14,0.5833333333333334,last_token,en,ko,raw,r1,0.634765625,512
Qwen/Qwen2.5-0.5B,14,0.5833333333333334,last_token,en,ko,raw,r5,0.828125,512
Qwen/Qwen2.5-0.5B,14,0.5833333333333334,last_token,en,ko,raw,r10,0.87890625,512
Qwen/Qwen2.5-0.5B,14,0.5833333333333334,last_token,en,ko,raw,mrr,0.7229649983203917,512
Qwen/Qwen2.5-0.5B,14,0.5833333333333334,last_token,en,ja,raw,r1,0.6484375,512
Qwen/Qwen2.5-0.5B,14,0.5833333333333334,last_token,en,ja,raw,r5,0.873046875,512
Qwen/Qwen2.5-0.5B,14,0.5833333333333334,last_token,en,ja,raw,r10,0.93359375,512
Qwen/Qwen2.5-0.5B,14,0.5833333333333334,last_token,en,ja,raw,mrr,0.7488732928720974,512
Qwen/Qwen2.5-0.5B,14,0.5833333333333334,last_token,en,zh,raw,r1,0.802734375,512
Qwen/Qwen2.5-0.5B,14,0.5833333333333334,last_token,en,zh,raw,r5,0.916015625,512
Qwen/Qwen2.5-0.5B,14,0.5833333333333334,last_token,en,zh,raw,r10,0.9453125,512
Qwen/Qwen2.5-0.5B,14,0.5833333333333334,last_token,en,zh,raw,mrr,0.8549243394895321,512
Qwen/Qwen2.5-0.5B,14,0.5833333333333334,last_token,ko,en,raw,r1,0.60546875,512
Qwen/Qwen2.5-0.5B,14,0.5833333333333334,last_token,ko,en,raw,r5,0.76953125,512
Qwen/Qwen2.5-0.5B,14,0.5833333333333334,last_token,ko,en,raw,r10,0.818359375,512
Qwen/Qwen2.5-0.5B,14,0.5833333333333334,last_token,ko,en,raw,mrr,0.6819664718128885,512
Qwen/Qwen2.5-0.5B,14,0.5833333333333334,last_token,ko,ja,raw,r1,0.70703125,512
Qwen/Qwen2.5-0.5B,14,0.5833333333333334,last_token,ko,ja,raw,r5,0.869140625,512
Qwen/Qwen2.5-0.5B,14,0.5833333333333334,last_token,ko,ja,raw,r10,0.9140625,512
Qwen/Qwen2.5-0.5B,14,0.5833333333333334,last_token,ko,ja,raw,mrr,0.7772708463442547,512
Qwen/Qwen2.5-0.5B,14,0.5833333333333334,last_token,ko,zh,raw,r1,0.5,512
Qwen/Qwen2.5-0.5B,14,0.5833333333333334,last_token,ko,zh,raw,r5,0.673828125,512
Qwen/Qwen2.5-0.5B,14,0.5833333333333334,last_token,ko,zh,raw,r10,0.736328125,512
Qwen/Qwen2.5-0.5B,14,0.5833333333333334,last_token,ko,zh,raw,mrr,0.5802827817700615,512
Qwen/Qwen2.5-0.5B,14,0.5833333333333334,last_token,ja,en,raw,r1,0.66796875,512
Qwen/Qwen2.5-0.5B,14,0.5833333333333334,last_token,ja,en,raw,r5,0.794921875,512
Qwen/Qwen2.5-0.5B,14,0.5833333333333334,last_token,ja,en,raw,r10,0.83203125,512
Qwen/Qwen2.5-0.5B,14,0.5833333333333334,last_token,ja,en,raw,mrr,0.7256920829549405,512
Qwen/Qwen2.5-0.5B,14,0.5833333333333334,last_token,ja,ko,raw,r1,0.654296875,512
Qwen/Qwen2.5-0.5B,14,0.5833333333333334,last_token,ja,ko,raw,r5,0.828125,512
Qwen/Qwen2.5-0.5B,14,0.5833333333333334,last_token,ja,ko,raw,r10,0.859375,512
Qwen/Qwen2.5-0.5B,14,0.5833333333333334,last_token,ja,ko,raw,mrr,0.7282492478142204,512
Qwen/Qwen2.5-0.5B,14,0.5833333333333334,last_token,ja,zh,raw,r1,0.525390625,512
Qwen/Qwen2.5-0.5B,14,0.5833333333333334,last_token,ja,zh,raw,r5,0.708984375,512
Qwen/Qwen2.5-0.5B,14,0.5833333333333334,last_token,ja,zh,raw,r10,0.779296875,512
Qwen/Qwen2.5-0.5B,14,0.5833333333333334,last_token,ja,zh,raw,mrr,0.6161099694636204,512
Qwen/Qwen2.5-0.5B,14,0.5833333333333334,last_token,zh,en,raw,r1,0.828125,512
Qwen/Qwen2.5-0.5B,14,0.5833333333333334,last_token,zh,en,raw,r5,0.939453125,512
Qwen/Qwen2.5-0.5B,14,0.5833333333333334,last_token,zh,en,raw,r10,0.9609375,512
Qwen/Qwen2.5-0.5B,14,0.5833333333333334,last_token,zh,en,raw,mrr,0.8723685734557522,512
Qwen/Qwen2.5-0.5B,14,0.5833333333333334,last_token,zh,ko,raw,r1,0.611328125,512
Qwen/Qwen2.5-0.5B,14,0.5833333333333334,last_token,zh,ko,raw,r5,0.8046875,512
Qwen/Qwen2.5-0.5B,14,0.5833333333333334,last_token,zh,ko,raw,r10,0.845703125,512
Qwen/Qwen2.5-0.5B,14,0.5833333333333334,last_token,zh,ko,raw,mrr,0.6927594227942074,512
Qwen/Qwen2.5-0.5B,14,0.5833333333333334,last_token,zh,ja,raw,r1,0.59765625,512
Qwen/Qwen2.5-0.5B,14,0.5833333333333334,last_token,zh,ja,raw,r5,0.822265625,512
Qwen/Qwen2.5-0.5B,14,0.5833333333333334,last_token,zh,ja,raw,r10,0.884765625,512
Qwen/Qwen2.5-0.5B,14,0.5833333333333334,last_token,zh,ja,raw,mrr,0.7017652344999498,512
Qwen/Qwen2.5-0.5B,15,0.625,last_token,en,ko,raw,r1,0.751953125,512
Qwen/Qwen2.5-0.5B,15,0.625,last_token,en,ko,raw,r5,0.892578125,512
Qwen/Qwen2.5-0.5B,15,0.625,last_token,en,ko,raw,r10,0.916015625,512
Qwen/Qwen2.5-0.5B,15,0.625,last_token,en,ko,raw,mrr,0.8143701309761131,512
Qwen/Qwen2.5-0.5B,15,0.625,last_token,en,ja,raw,r1,0.810546875,512
Qwen/Qwen2.5-0.5B,15,0.625,last_token,en,ja,raw,r5,0.95703125,512
Qwen/Qwen2.5-0.5B,15,0.625,last_token,en,ja,raw,r10,0.9765625,512
Qwen/Qwen2.5-0.5B,15,0.625,last_token,en,ja,raw,mrr,0.8752838174559561,512
Qwen/Qwen2.5-0.5B,15,0.625,last_token,en,zh,raw,r1,0.89453125,512
Qwen/Qwen2.5-0.5B,15,0.625,last_token,en,zh,raw,r5,0.9609375,512
Qwen/Qwen2.5-0.5B,15,0.625,last_token,en,zh,raw,r10,0.98046875,512
Qwen/Qwen2.5-0.5B,15,0.625,last_token,en,zh,raw,mrr,0.9243402859128523,512
Qwen/Qwen2.5-0.5B,15,0.625,last_token,ko,en,raw,r1,0.693359375,512
Qwen/Qwen2.5-0.5B,15,0.625,last_token,ko,en,raw,r5,0.841796875,512
Qwen/Qwen2.5-0.5B,15,0.625,last_token,ko,en,raw,r10,0.880859375,512
Qwen/Qwen2.5-0.5B,15,0.625,last_token,ko,en,raw,mrr,0.7589384975242299,512
Qwen/Qwen2.5-0.5B,15,0.625,last_token,ko,ja,raw,r1,0.810546875,512
Qwen/Qwen2.5-0.5B,15,0.625,last_token,ko,ja,raw,r5,0.9296875,512
Qwen/Qwen2.5-0.5B,15,0.625,last_token,ko,ja,raw,r10,0.94921875,512
Qwen/Qwen2.5-0.5B,15,0.625,last_token,ko,ja,raw,mrr,0.8618212079695822,512
Qwen/Qwen2.5-0.5B,15,0.625,last_token,ko,zh,raw,r1,0.61328125,512
Qwen/Qwen2.5-0.5B,15,0.625,last_token,ko,zh,raw,r5,0.796875,512
Qwen/Qwen2.5-0.5B,15,0.625,last_token,ko,zh,raw,r10,0.841796875,512
Qwen/Qwen2.5-0.5B,15,0.625,last_token,ko,zh,raw,mrr,0.6972561638416177,512
Qwen/Qwen2.5-0.5B,15,0.625,last_token,ja,en,raw,r1,0.76953125,512
Qwen/Qwen2.5-0.5B,15,0.625,last_token,ja,en,raw,r5,0.888671875,512
Qwen/Qwen2.5-0.5B,15,0.625,last_token,ja,en,raw,r10,0.912109375,512
Qwen/Qwen2.5-0.5B,15,0.625,last_token,ja,en,raw,mrr,0.8244493710783165,512
Qwen/Qwen2.5-0.5B,15,0.625,last_token,ja,ko,raw,r1,0.7890625,512
Qwen/Qwen2.5-0.5B,15,0.625,last_token,ja,ko,raw,r5,0.896484375,512
Qwen/Qwen2.5-0.5B,15,0.625,last_token,ja,ko,raw,r10,0.904296875,512
Qwen/Qwen2.5-0.5B,15,0.625,last_token,ja,ko,raw,mrr,0.839106171400658,512
Qwen/Qwen2.5-0.5B,15,0.625,last_token,ja,zh,raw,r1,0.7265625,512
Qwen/Qwen2.5-0.5B,15,0.625,last_token,ja,zh,raw,r5,0.875,512
Qwen/Qwen2.5-0.5B,15,0.625,last_token,ja,zh,raw,r10,0.908203125,512
Qwen/Qwen2.5-0.5B,15,0.625,last_token,ja,zh,raw,mrr,0.7959367549852623,512
Qwen/Qwen2.5-0.5B,15,0.625,last_token,zh,en,raw,r1,0.888671875,512
Qwen/Qwen2.5-0.5B,15,0.625,last_token,zh,en,raw,r5,0.96484375,512
Qwen/Qwen2.5-0.5B,15,0.625,last_token,zh,en,raw,r10,0.978515625,512
Qwen/Qwen2.5-0.5B,15,0.625,last_token,zh,en,raw,mrr,0.9225895767937549,512
Qwen/Qwen2.5-0.5B,15,0.625,last_token,zh,ko,raw,r1,0.72265625,512
Qwen/Qwen2.5-0.5B,15,0.625,last_token,zh,ko,raw,r5,0.869140625,512
Qwen/Qwen2.5-0.5B,15,0.625,last_token,zh,ko,raw,r10,0.89453125,512
Qwen/Qwen2.5-0.5B,15,0.625,last_token,zh,ko,raw,mrr,0.786715421239464,512
Qwen/Qwen2.5-0.5B,15,0.625,last_token,zh,ja,raw,r1,0.775390625,512
Qwen/Qwen2.5-0.5B,15,0.625,last_token,zh,ja,raw,r5,0.943359375,512
Qwen/Qwen2.5-0.5B,15,0.625,last_token,zh,ja,raw,r10,0.96484375,512
Qwen/Qwen2.5-0.5B,15,0.625,last_token,zh,ja,raw,mrr,0.8503460867071612,512
Qwen/Qwen2.5-0.5B,16,0.6666666666666666,last_token,en,ko,raw,r1,0.685546875,512
Qwen/Qwen2.5-0.5B,16,0.6666666666666666,last_token,en,ko,raw,r5,0.87109375,512
Qwen/Qwen2.5-0.5B,16,0.6666666666666666,last_token,en,ko,raw,r10,0.90625,512
Qwen/Qwen2.5-0.5B,16,0.6666666666666666,last_token,en,ko,raw,mrr,0.7664621405038351,512
Qwen/Qwen2.5-0.5B,16,0.6666666666666666,last_token,en,ja,raw,r1,0.767578125,512
Qwen/Qwen2.5-0.5B,16,0.6666666666666666,last_token,en,ja,raw,r5,0.94140625,512
Qwen/Qwen2.5-0.5B,16,0.6666666666666666,last_token,en,ja,raw,r10,0.96875,512
Qwen/Qwen2.5-0.5B,16,0.6666666666666666,last_token,en,ja,raw,mrr,0.8495926548119015,512
Qwen/Qwen2.5-0.5B,16,0.6666666666666666,last_token,en,zh,raw,r1,0.83203125,512
Qwen/Qwen2.5-0.5B,16,0.6666666666666666,last_token,en,zh,raw,r5,0.92578125,512
Qwen/Qwen2.5-0.5B,16,0.6666666666666666,last_token,en,zh,raw,r10,0.958984375,512
Qwen/Qwen2.5-0.5B,16,0.6666666666666666,last_token,en,zh,raw,mrr,0.8758765971002789,512
Qwen/Qwen2.5-0.5B,16,0.6666666666666666,last_token,ko,en,raw,r1,0.568359375,512
Qwen/Qwen2.5-0.5B,16,0.6666666666666666,last_token,ko,en,raw,r5,0.748046875,512
Qwen/Qwen2.5-0.5B,16,0.6666666666666666,last_token,ko,en,raw,r10,0.80859375,512
Qwen/Qwen2.5-0.5B,16,0.6666666666666666,last_token,ko,en,raw,mrr,0.6490455796923412,512
Qwen/Qwen2.5-0.5B,16,0.6666666666666666,last_token,ko,ja,raw,r1,0.78125,512
Qwen/Qwen2.5-0.5B,16,0.6666666666666666,last_token,ko,ja,raw,r5,0.908203125,512
Qwen/Qwen2.5-0.5B,16,0.6666666666666666,last_token,ko,ja,raw,r10,0.931640625,512
Qwen/Qwen2.5-0.5B,16,0.6666666666666666,last_token,ko,ja,raw,mrr,0.8357352389762926,512
Qwen/Qwen2.5-0.5B,16,0.6666666666666666,last_token,ko,zh,raw,r1,0.529296875,512
Qwen/Qwen2.5-0.5B,16,0.6666666666666666,last_token,ko,zh,raw,r5,0.677734375,512
Qwen/Qwen2.5-0.5B,16,0.6666666666666666,last_token,ko,zh,raw,r10,0.72265625,512
Qwen/Qwen2.5-0.5B,16,0.6666666666666666,last_token,ko,zh,raw,mrr,0.6002969218455627,512
Qwen/Qwen2.5-0.5B,16,0.6666666666666666,last_token,ja,en,raw,r1,0.638671875,512
Qwen/Qwen2.5-0.5B,16,0.6666666666666666,last_token,ja,en,raw,r5,0.798828125,512
Qwen/Qwen2.5-0.5B,16,0.6666666666666666,last_token,ja,en,raw,r10,0.849609375,512
Qwen/Qwen2.5-0.5B,16,0.6666666666666666,last_token,ja,en,raw,mrr,0.7145834251780372,512
Qwen/Qwen2.5-0.5B,16,0.6666666666666666,last_token,ja,ko,raw,r1,0.755859375,512
Qwen/Qwen2.5-0.5B,16,0.6666666666666666,last_token,ja,ko,raw,r5,0.884765625,512
Qwen/Qwen2.5-0.5B,16,0.6666666666666666,last_token,ja,ko,raw,r10,0.900390625,512
Qwen/Qwen2.5-0.5B,16,0.6666666666666666,last_token,ja,ko,raw,mrr,0.8118482682547341,512
Qwen/Qwen2.5-0.5B,16,0.6666666666666666,last_token,ja,zh,raw,r1,0.603515625,512
Qwen/Qwen2.5-0.5B,16,0.6666666666666666,last_token,ja,zh,raw,r5,0.765625,512
Qwen/Qwen2.5-0.5B,16,0.6666666666666666,last_token,ja,zh,raw,r10,0.81640625,512
Qwen/Qwen2.5-0.5B,16,0.6666666666666666,last_token,ja,zh,raw,mrr,0.6800989258651566,512
Qwen/Qwen2.5-0.5B,16,0.6666666666666666,last_token,zh,en,raw,r1,0.830078125,512
Qwen/Qwen2.5-0.5B,16,0.6666666666666666,last_token,zh,en,raw,r5,0.943359375,512
Qwen/Qwen2.5-0.5B,16,0.6666666666666666,last_token,zh,en,raw,r10,0.9609375,512
Qwen/Qwen2.5-0.5B,16,0.6666666666666666,last_token,zh,en,raw,mrr,0.8813421406345878,512
Qwen/Qwen2.5-0.5B,16,0.6666666666666666,last_token,zh,ko,raw,r1,0.673828125,512
Qwen/Qwen2.5-0.5B,16,0.6666666666666666,last_token,zh,ko,raw,r5,0.837890625,512
Qwen/Qwen2.5-0.5B,16,0.6666666666666666,last_token,zh,ko,raw,r10,0.888671875,512
Qwen/Qwen2.5-0.5B,16,0.6666666666666666,last_token,zh,ko,raw,mrr,0.747780030346858,512
Qwen/Qwen2.5-0.5B,16,0.6666666666666666,last_token,zh,ja,raw,r1,0.73828125,512
Qwen/Qwen2.5-0.5B,16,0.6666666666666666,last_token,zh,ja,raw,r5,0.91796875,512
Qwen/Qwen2.5-0.5B,16,0.6666666666666666,last_token,zh,ja,raw,r10,0.951171875,512
Qwen/Qwen2.5-0.5B,16,0.6666666666666666,last_token,zh,ja,raw,mrr,0.819184095079096,512
Qwen/Qwen2.5-0.5B,17,0.7083333333333334,last_token,en,ko,raw,r1,0.638671875,512
Qwen/Qwen2.5-0.5B,17,0.7083333333333334,last_token,en,ko,raw,r5,0.841796875,512
Qwen/Qwen2.5-0.5B,17,0.7083333333333334,last_token,en,ko,raw,r10,0.890625,512
Qwen/Qwen2.5-0.5B,17,0.7083333333333334,last_token,en,ko,raw,mrr,0.7301908833590305,512
Qwen/Qwen2.5-0.5B,17,0.7083333333333334,last_token,en,ja,raw,r1,0.72265625,512
Qwen/Qwen2.5-0.5B,17,0.7083333333333334,last_token,en,ja,raw,r5,0.935546875,512
Qwen/Qwen2.5-0.5B,17,0.7083333333333334,last_token,en,ja,raw,r10,0.96484375,512
Qwen/Qwen2.5-0.5B,17,0.7083333333333334,last_token,en,ja,raw,mrr,0.8157755937205324,512
Qwen/Qwen2.5-0.5B,17,0.7083333333333334,last_token,en,zh,raw,r1,0.76171875,512
Qwen/Qwen2.5-0.5B,17,0.7083333333333334,last_token,en,zh,raw,r5,0.875,512
Qwen/Qwen2.5-0.5B,17,0.7083333333333334,last_token,en,zh,raw,r10,0.908203125,512
Qwen/Qwen2.5-0.5B,17,0.7083333333333334,last_token,en,zh,raw,mrr,0.8153628157296073,512
Qwen/Qwen2.5-0.5B,17,0.7083333333333334,last_token,ko,en,raw,r1,0.5078125,512
Qwen/Qwen2.5-0.5B,17,0.7083333333333334,last_token,ko,en,raw,r5,0.7109375,512
Qwen/Qwen2.5-0.5B,17,0.7083333333333334,last_token,ko,en,raw,r10,0.7890625,512
Qwen/Qwen2.5-0.5B,17,0.7083333333333334,last_token,ko,en,raw,mrr,0.5993347279148123,512
Qwen/Qwen2.5-0.5B,17,0.7083333333333334,last_token,ko,ja,raw,r1,0.734375,512
Qwen/Qwen2.5-0.5B,17,0.7083333333333334,last_token,ko,ja,raw,r5,0.88671875,512
Qwen/Qwen2.5-0.5B,17,0.7083333333333334,last_token,ko,ja,raw,r10,0.916015625,512
Qwen/Qwen2.5-0.5B,17,0.7083333333333334,last_token,ko,ja,raw,mrr,0.8034641582081852,512
Qwen/Qwen2.5-0.5B,17,0.7083333333333334,last_token,ko,zh,raw,r1,0.470703125,512
Qwen/Qwen2.5-0.5B,17,0.7083333333333334,last_token,ko,zh,raw,r5,0.626953125,512
Qwen/Qwen2.5-0.5B,17,0.7083333333333334,last_token,ko,zh,raw,r10,0.6875,512
Qwen/Qwen2.5-0.5B,17,0.7083333333333334,last_token,ko,zh,raw,mrr,0.5465298086905885,512
Qwen/Qwen2.5-0.5B,17,0.7083333333333334,last_token,ja,en,raw,r1,0.583984375,512
Qwen/Qwen2.5-0.5B,17,0.7083333333333334,last_token,ja,en,raw,r5,0.76171875,512
Qwen/Qwen2.5-0.5B,17,0.7083333333333334,last_token,ja,en,raw,r10,0.814453125,512
Qwen/Qwen2.5-0.5B,17,0.7083333333333334,last_token,ja,en,raw,mrr,0.6675239526857958,512
Qwen/Qwen2.5-0.5B,17,0.7083333333333334,last_token,ja,ko,raw,r1,0.720703125,512
Qwen/Qwen2.5-0.5B,17,0.7083333333333334,last_token,ja,ko,raw,r5,0.86328125,512
Qwen/Qwen2.5-0.5B,17,0.7083333333333334,last_token,ja,ko,raw,r10,0.890625,512
Qwen/Qwen2.5-0.5B,17,0.7083333333333334,last_token,ja,ko,raw,mrr,0.7828805693794711,512
Qwen/Qwen2.5-0.5B,17,0.7083333333333334,last_token,ja,zh,raw,r1,0.552734375,512
Qwen/Qwen2.5-0.5B,17,0.7083333333333334,last_token,ja,zh,raw,r5,0.69921875,512
Qwen/Qwen2.5-0.5B,17,0.7083333333333334,last_token,ja,zh,raw,r10,0.744140625,512
Qwen/Qwen2.5-0.5B,17,0.7083333333333334,last_token,ja,zh,raw,mrr,0.6245824999768481,512
Qwen/Qwen2.5-0.5B,17,0.7083333333333334,last_token,zh,en,raw,r1,0.76953125,512
Qwen/Qwen2.5-0.5B,17,0.7083333333333334,last_token,zh,en,raw,r5,0.91015625,512
Qwen/Qwen2.5-0.5B,17,0.7083333333333334,last_token,zh,en,raw,r10,0.93359375,512
Qwen/Qwen2.5-0.5B,17,0.7083333333333334,last_token,zh,en,raw,mrr,0.8279222096200111,512
Qwen/Qwen2.5-0.5B,17,0.7083333333333334,last_token,zh,ko,raw,r1,0.650390625,512
Qwen/Qwen2.5-0.5B,17,0.7083333333333334,last_token,zh,ko,raw,r5,0.814453125,512
Qwen/Qwen2.5-0.5B,17,0.7083333333333334,last_token,zh,ko,raw,r10,0.861328125,512
Qwen/Qwen2.5-0.5B,17,0.7083333333333334,last_token,zh,ko,raw,mrr,0.724773915458328,512
Qwen/Qwen2.5-0.5B,17,0.7083333333333334,last_token,zh,ja,raw,r1,0.728515625,512
Qwen/Qwen2.5-0.5B,17,0.7083333333333334,last_token,zh,ja,raw,r5,0.90625,512
Qwen/Qwen2.5-0.5B,17,0.7083333333333334,last_token,zh,ja,raw,r10,0.943359375,512
Qwen/Qwen2.5-0.5B,17,0.7083333333333334,last_token,zh,ja,raw,mrr,0.8105982614520428,512
Qwen/Qwen2.5-0.5B,18,0.75,last_token,en,ko,raw,r1,0.529296875,512
Qwen/Qwen2.5-0.5B,18,0.75,last_token,en,ko,raw,r5,0.771484375,512
Qwen/Qwen2.5-0.5B,18,0.75,last_token,en,ko,raw,r10,0.841796875,512
Qwen/Qwen2.5-0.5B,18,0.75,last_token,en,ko,raw,mrr,0.6348098895109692,512
Qwen/Qwen2.5-0.5B,18,0.75,last_token,en,ja,raw,r1,0.578125,512
Qwen/Qwen2.5-0.5B,18,0.75,last_token,en,ja,raw,r5,0.841796875,512
Qwen/Qwen2.5-0.5B,18,0.75,last_token,en,ja,raw,r10,0.896484375,512
Qwen/Qwen2.5-0.5B,18,0.75,last_token,en,ja,raw,mrr,0.6969668415950719,512
Qwen/Qwen2.5-0.5B,18,0.75,last_token,en,zh,raw,r1,0.7109375,512
Qwen/Qwen2.5-0.5B,18,0.75,last_token,en,zh,raw,r5,0.83203125,512
Qwen/Qwen2.5-0.5B,18,0.75,last_token,en,zh,raw,r10,0.876953125,512
Qwen/Qwen2.5-0.5B,18,0.75,last_token,en,zh,raw,mrr,0.7687554492070345,512
Qwen/Qwen2.5-0.5B,18,0.75,last_token,ko,en,raw,r1,0.376953125,512
Qwen/Qwen2.5-0.5B,18,0.75,last_token,ko,en,raw,r5,0.60546875,512
Qwen/Qwen2.5-0.5B,18,0.75,last_token,ko,en,raw,r10,0.67578125,512
Qwen/Qwen2.5-0.5B,18,0.75,last_token,ko,en,raw,mrr,0.48179008734129025,512
Qwen/Qwen2.5-0.5B,18,0.75,last_token,ko,ja,raw,r1,0.671875,512
Qwen/Qwen2.5-0.5B,18,0.75,last_token,ko,ja,raw,r5,0.85546875,512
Qwen/Qwen2.5-0.5B,18,0.75,last_token,ko,ja,raw,r10,0.888671875,512
Qwen/Qwen2.5-0.5B,18,0.75,last_token,ko,ja,raw,mrr,0.7544659817702188,512
Qwen/Qwen2.5-0.5B,18,0.75,last_token,ko,zh,raw,r1,0.392578125,512
Qwen/Qwen2.5-0.5B,18,0.75,last_token,ko,zh,raw,r5,0.5859375,512
Qwen/Qwen2.5-0.5B,18,0.75,last_token,ko,zh,raw,r10,0.634765625,512
Qwen/Qwen2.5-0.5B,18,0.75,last_token,ko,zh,raw,mrr,0.48195420027980795,512
Qwen/Qwen2.5-0.5B,18,0.75,last_token,ja,en,raw,r1,0.44140625,512
Qwen/Qwen2.5-0.5B,18,0.75,last_token,ja,en,raw,r5,0.689453125,512
Qwen/Qwen2.5-0.5B,18,0.75,last_token,ja,en,raw,r10,0.765625,512
Qwen/Qwen2.5-0.5B,18,0.75,last_token,ja,en,raw,mrr,0.5529439665511563,512
Qwen/Qwen2.5-0.5B,18,0.75,last_token,ja,ko,raw,r1,0.634765625,512
Qwen/Qwen2.5-0.5B,18,0.75,last_token,ja,ko,raw,r5,0.80859375,512
Qwen/Qwen2.5-0.5B,18,0.75,last_token,ja,ko,raw,r10,0.865234375,512
Qwen/Qwen2.5-0.5B,18,0.75,last_token,ja,ko,raw,mrr,0.7124816259463531,512
Qwen/Qwen2.5-0.5B,18,0.75,last_token,ja,zh,raw,r1,0.482421875,512
Qwen/Qwen2.5-0.5B,18,0.75,last_token,ja,zh,raw,r5,0.646484375,512
Qwen/Qwen2.5-0.5B,18,0.75,last_token,ja,zh,raw,r10,0.708984375,512
Qwen/Qwen2.5-0.5B,18,0.75,last_token,ja,zh,raw,mrr,0.5630932342315973,512
Qwen/Qwen2.5-0.5B,18,0.75,last_token,zh,en,raw,r1,0.67578125,512
Qwen/Qwen2.5-0.5B,18,0.75,last_token,zh,en,raw,r5,0.84765625,512
Qwen/Qwen2.5-0.5B,18,0.75,last_token,zh,en,raw,r10,0.88671875,512
Qwen/Qwen2.5-0.5B,18,0.75,last_token,zh,en,raw,mrr,0.7497966133478409,512
Qwen/Qwen2.5-0.5B,18,0.75,last_token,zh,ko,raw,r1,0.54296875,512
Qwen/Qwen2.5-0.5B,18,0.75,last_token,zh,ko,raw,r5,0.759765625,512
Qwen/Qwen2.5-0.5B,18,0.75,last_token,zh,ko,raw,r10,0.814453125,512
Qwen/Qwen2.5-0.5B,18,0.75,last_token,zh,ko,raw,mrr,0.6328728626349807,512
Qwen/Qwen2.5-0.5B,18,0.75,last_token,zh,ja,raw,r1,0.513671875,512
Qwen/Qwen2.5-0.5B,18,0.75,last_token,zh,ja,raw,r5,0.7578125,512
Qwen/Qwen2.5-0.5B,18,0.75,last_token,zh,ja,raw,r10,0.833984375,512
Qwen/Qwen2.5-0.5B,18,0.75,last_token,zh,ja,raw,mrr,0.6281705166219342,512
Qwen/Qwen2.5-0.5B,19,0.7916666666666666,last_token,en,ko,raw,r1,0.39453125,512
Qwen/Qwen2.5-0.5B,19,0.7916666666666666,last_token,en,ko,raw,r5,0.66796875,512
Qwen/Qwen2.5-0.5B,19,0.7916666666666666,last_token,en,ko,raw,r10,0.75,512
Qwen/Qwen2.5-0.5B,19,0.7916666666666666,last_token,en,ko,raw,mrr,0.5197880427145947,512
Qwen/Qwen2.5-0.5B,19,0.7916666666666666,last_token,en,ja,raw,r1,0.583984375,512
Qwen/Qwen2.5-0.5B,19,0.7916666666666666,last_token,en,ja,raw,r5,0.833984375,512
Qwen/Qwen2.5-0.5B,19,0.7916666666666666,last_token,en,ja,raw,r10,0.91015625,512
Qwen/Qwen2.5-0.5B,19,0.7916666666666666,last_token,en,ja,raw,mrr,0.7001805559324872,512
Qwen/Qwen2.5-0.5B,19,0.7916666666666666,last_token,en,zh,raw,r1,0.724609375,512
Qwen/Qwen2.5-0.5B,19,0.7916666666666666,last_token,en,zh,raw,r5,0.857421875,512
Qwen/Qwen2.5-0.5B,19,0.7916666666666666,last_token,en,zh,raw,r10,0.888671875,512
Qwen/Qwen2.5-0.5B,19,0.7916666666666666,last_token,en,zh,raw,mrr,0.7844159970127917,512
Qwen/Qwen2.5-0.5B,19,0.7916666666666666,last_token,ko,en,raw,r1,0.357421875,512
Qwen/Qwen2.5-0.5B,19,0.7916666666666666,last_token,ko,en,raw,r5,0.5859375,512
Qwen/Qwen2.5-0.5B,19,0.7916666666666666,last_token,ko,en,raw,r10,0.6796875,512
Qwen/Qwen2.5-0.5B,19,0.7916666666666666,last_token,ko,en,raw,mrr,0.4638790109967804,512
Qwen/Qwen2.5-0.5B,19,0.7916666666666666,last_token,ko,ja,raw,r1,0.66796875,512
Qwen/Qwen2.5-0.5B,19,0.7916666666666666,last_token,ko,ja,raw,r5,0.8359375,512
Qwen/Qwen2.5-0.5B,19,0.7916666666666666,last_token,ko,ja,raw,r10,0.888671875,512
Qwen/Qwen2.5-0.5B,19,0.7916666666666666,last_token,ko,ja,raw,mrr,0.7461623957301242,512
Qwen/Qwen2.5-0.5B,19,0.7916666666666666,last_token,ko,zh,raw,r1,0.380859375,512
Qwen/Qwen2.5-0.5B,19,0.7916666666666666,last_token,ko,zh,raw,r5,0.58203125,512
Qwen/Qwen2.5-0.5B,19,0.7916666666666666,last_token,ko,zh,raw,r10,0.64453125,512
Qwen/Qwen2.5-0.5B,19,0.7916666666666666,last_token,ko,zh,raw,mrr,0.4747932298521586,512
Qwen/Qwen2.5-0.5B,19,0.7916666666666666,last_token,ja,en,raw,r1,0.4296875,512
Qwen/Qwen2.5-0.5B,19,0.7916666666666666,last_token,ja,en,raw,r5,0.693359375,512
Qwen/Qwen2.5-0.5B,19,0.7916666666666666,last_token,ja,en,raw,r10,0.771484375,512
Qwen/Qwen2.5-0.5B,19,0.7916666666666666,last_token,ja,en,raw,mrr,0.5456238882476369,512
Qwen/Qwen2.5-0.5B,19,0.7916666666666666,last_token,ja,ko,raw,r1,0.6015625,512
Qwen/Qwen2.5-0.5B,19,0.7916666666666666,last_token,ja,ko,raw,r5,0.7890625,512
Qwen/Qwen2.5-0.5B,19,0.7916666666666666,last_token,ja,ko,raw,r10,0.859375,512
Qwen/Qwen2.5-0.5B,19,0.7916666666666666,last_token,ja,ko,raw,mrr,0.6873527335418703,512
Qwen/Qwen2.5-0.5B,19,0.7916666666666666,last_token,ja,zh,raw,r1,0.46484375,512
Qwen/Qwen2.5-0.5B,19,0.7916666666666666,last_token,ja,zh,raw,r5,0.658203125,512
Qwen/Qwen2.5-0.5B,19,0.7916666666666666,last_token,ja,zh,raw,r10,0.708984375,512
Qwen/Qwen2.5-0.5B,19,0.7916666666666666,last_token,ja,zh,raw,mrr,0.5580083341874056,512
Qwen/Qwen2.5-0.5B,19,0.7916666666666666,last_token,zh,en,raw,r1,0.67578125,512
Qwen/Qwen2.5-0.5B,19,0.7916666666666666,last_token,zh,en,raw,r5,0.853515625,512
Qwen/Qwen2.5-0.5B,19,0.7916666666666666,last_token,zh,en,raw,r10,0.896484375,512
Qwen/Qwen2.5-0.5B,19,0.7916666666666666,last_token,zh,en,raw,mrr,0.7569006837718372,512
Qwen/Qwen2.5-0.5B,19,0.7916666666666666,last_token,zh,ko,raw,r1,0.39453125,512
Qwen/Qwen2.5-0.5B,19,0.7916666666666666,last_token,zh,ko,raw,r5,0.626953125,512
Qwen/Qwen2.5-0.5B,19,0.7916666666666666,last_token,zh,ko,raw,r10,0.732421875,512
Qwen/Qwen2.5-0.5B,19,0.7916666666666666,last_token,zh,ko,raw,mrr,0.50934949904841,512
Qwen/Qwen2.5-0.5B,19,0.7916666666666666,last_token,zh,ja,raw,r1,0.4921875,512
Qwen/Qwen2.5-0.5B,19,0.7916666666666666,last_token,zh,ja,raw,r5,0.744140625,512
Qwen/Qwen2.5-0.5B,19,0.7916666666666666,last_token,zh,ja,raw,r10,0.826171875,512
Qwen/Qwen2.5-0.5B,19,0.7916666666666666,last_token,zh,ja,raw,mrr,0.6053047845369053,512
Qwen/Qwen2.5-0.5B,20,0.8333333333333334,last_token,en,ko,raw,r1,0.380859375,512
Qwen/Qwen2.5-0.5B,20,0.8333333333333334,last_token,en,ko,raw,r5,0.689453125,512
Qwen/Qwen2.5-0.5B,20,0.8333333333333334,last_token,en,ko,raw,r10,0.76171875,512
Qwen/Qwen2.5-0.5B,20,0.8333333333333334,last_token,en,ko,raw,mrr,0.5171607465915574,512
Qwen/Qwen2.5-0.5B,20,0.8333333333333334,last_token,en,ja,raw,r1,0.630859375,512
Qwen/Qwen2.5-0.5B,20,0.8333333333333334,last_token,en,ja,raw,r5,0.865234375,512
Qwen/Qwen2.5-0.5B,20,0.8333333333333334,last_token,en,ja,raw,r10,0.921875,512
Qwen/Qwen2.5-0.5B,20,0.8333333333333334,last_token,en,ja,raw,mrr,0.7331602988303181,512
Qwen/Qwen2.5-0.5B,20,0.8333333333333334,last_token,en,zh,raw,r1,0.71875,512
Qwen/Qwen2.5-0.5B,20,0.8333333333333334,last_token,en,zh,raw,r5,0.873046875,512
Qwen/Qwen2.5-0.5B,20,0.8333333333333334,last_token,en,zh,raw,r10,0.91796875,512
Qwen/Qwen2.5-0.5B,20,0.8333333333333334,last_token,en,zh,raw,mrr,0.7878000848410615,512
Qwen/Qwen2.5-0.5B,20,0.8333333333333334,last_token,ko,en,raw,r1,0.302734375,512
Qwen/Qwen2.5-0.5B,20,0.8333333333333334,last_token,ko,en,raw,r5,0.494140625,512
Qwen/Qwen2.5-0.5B,20,0.8333333333333334,last_token,ko,en,raw,r10,0.591796875,512
Qwen/Qwen2.5-0.5B,20,0.8333333333333334,last_token,ko,en,raw,mrr,0.3947049240376588,512
Qwen/Qwen2.5-0.5B,20,0.8333333333333334,last_token,ko,ja,raw,r1,0.609375,512
Qwen/Qwen2.5-0.5B,20,0.8333333333333334,last_token,ko,ja,raw,r5,0.81640625,512
Qwen/Qwen2.5-0.5B,20,0.8333333333333334,last_token,ko,ja,raw,r10,0.87890625,512
Qwen/Qwen2.5-0.5B,20,0.8333333333333334,last_token,ko,ja,raw,mrr,0.7041673432807956,512
Qwen/Qwen2.5-0.5B,20,0.8333333333333334,last_token,ko,zh,raw,r1,0.30078125,512
Qwen/Qwen2.5-0.5B,20,0.8333333333333334,last_token,ko,zh,raw,r5,0.54296875,512
Qwen/Qwen2.5-0.5B,20,0.8333333333333334,last_token,ko,zh,raw,r10,0.6484375,512
Qwen/Qwen2.5-0.5B,20,0.8333333333333334,last_token,ko,zh,raw,mrr,0.41670674653011053,512
Qwen/Qwen2.5-0.5B,20,0.8333333333333334,last_token,ja,en,raw,r1,0.33203125,512
Qwen/Qwen2.5-0.5B,20,0.8333333333333334,last_token,ja,en,raw,r5,0.572265625,512
Qwen/Qwen2.5-0.5B,20,0.8333333333333334,last_token,ja,en,raw,r10,0.6640625,512
Qwen/Qwen2.5-0.5B,20,0.8333333333333334,last_token,ja,en,raw,mrr,0.445415218296919,512
Qwen/Qwen2.5-0.5B,20,0.8333333333333334,last_token,ja,ko,raw,r1,0.4765625,512
Qwen/Qwen2.5-0.5B,20,0.8333333333333334,last_token,ja,ko,raw,r5,0.748046875,512
Qwen/Qwen2.5-0.5B,20,0.8333333333333334,last_token,ja,ko,raw,r10,0.82421875,512
Qwen/Qwen2.5-0.5B,20,0.8333333333333334,last_token,ja,ko,raw,mrr,0.5968256218901036,512
Qwen/Qwen2.5-0.5B,20,0.8333333333333334,last_token,ja,zh,raw,r1,0.455078125,512
Qwen/Qwen2.5-0.5B,20,0.8333333333333334,last_token,ja,zh,raw,r5,0.66796875,512
Qwen/Qwen2.5-0.5B,20,0.8333333333333334,last_token,ja,zh,raw,r10,0.716796875,512
Qwen/Qwen2.5-0.5B,20,0.8333333333333334,last_token,ja,zh,raw,mrr,0.554601894056546,512
Qwen/Qwen2.5-0.5B,20,0.8333333333333334,last_token,zh,en,raw,r1,0.615234375,512
Qwen/Qwen2.5-0.5B,20,0.8333333333333334,last_token,zh,en,raw,r5,0.8125,512
Qwen/Qwen2.5-0.5B,20,0.8333333333333334,last_token,zh,en,raw,r10,0.865234375,512
Qwen/Qwen2.5-0.5B,20,0.8333333333333334,last_token,zh,en,raw,mrr,0.7012259746294869,512
Qwen/Qwen2.5-0.5B,20,0.8333333333333334,last_token,zh,ko,raw,r1,0.38671875,512
Qwen/Qwen2.5-0.5B,20,0.8333333333333334,last_token,zh,ko,raw,r5,0.66796875,512
Qwen/Qwen2.5-0.5B,20,0.8333333333333334,last_token,zh,ko,raw,r10,0.732421875,512
Qwen/Qwen2.5-0.5B,20,0.8333333333333334,last_token,zh,ko,raw,mrr,0.5123173822356014,512
Qwen/Qwen2.5-0.5B,20,0.8333333333333334,last_token,zh,ja,raw,r1,0.556640625,512
Qwen/Qwen2.5-0.5B,20,0.8333333333333334,last_token,zh,ja,raw,r5,0.806640625,512
Qwen/Qwen2.5-0.5B,20,0.8333333333333334,last_token,zh,ja,raw,r10,0.875,512
Qwen/Qwen2.5-0.5B,20,0.8333333333333334,last_token,zh,ja,raw,mrr,0.672960398802214,512
Qwen/Qwen2.5-0.5B,21,0.875,last_token,en,ko,raw,r1,0.5234375,512
Qwen/Qwen2.5-0.5B,21,0.875,last_token,en,ko,raw,r5,0.7890625,512
Qwen/Qwen2.5-0.5B,21,0.875,last_token,en,ko,raw,r10,0.84375,512
Qwen/Qwen2.5-0.5B,21,0.875,last_token,en,ko,raw,mrr,0.6384197569385878,512
Qwen/Qwen2.5-0.5B,21,0.875,last_token,en,ja,raw,r1,0.59375,512
Qwen/Qwen2.5-0.5B,21,0.875,last_token,en,ja,raw,r5,0.85546875,512
Qwen/Qwen2.5-0.5B,21,0.875,last_token,en,ja,raw,r10,0.912109375,512
Qwen/Qwen2.5-0.5B,21,0.875,last_token,en,ja,raw,mrr,0.7123149038173573,512
Qwen/Qwen2.5-0.5B,21,0.875,last_token,en,zh,raw,r1,0.837890625,512
Qwen/Qwen2.5-0.5B,21,0.875,last_token,en,zh,raw,r5,0.958984375,512
Qwen/Qwen2.5-0.5B,21,0.875,last_token,en,zh,raw,r10,0.974609375,512
Qwen/Qwen2.5-0.5B,21,0.875,last_token,en,zh,raw,mrr,0.8911315879456388,512
Qwen/Qwen2.5-0.5B,21,0.875,last_token,ko,en,raw,r1,0.283203125,512
Qwen/Qwen2.5-0.5B,21,0.875,last_token,ko,en,raw,r5,0.51171875,512
Qwen/Qwen2.5-0.5B,21,0.875,last_token,ko,en,raw,r10,0.59375,512
Qwen/Qwen2.5-0.5B,21,0.875,last_token,ko,en,raw,mrr,0.39504841056800133,512
Qwen/Qwen2.5-0.5B,21,0.875,last_token,ko,ja,raw,r1,0.439453125,512
Qwen/Qwen2.5-0.5B,21,0.875,last_token,ko,ja,raw,r5,0.69921875,512
Qwen/Qwen2.5-0.5B,21,0.875,last_token,ko,ja,raw,r10,0.783203125,512
Qwen/Qwen2.5-0.5B,21,0.875,last_token,ko,ja,raw,mrr,0.558994256277761,512
Qwen/Qwen2.5-0.5B,21,0.875,last_token,ko,zh,raw,r1,0.423828125,512
Qwen/Qwen2.5-0.5B,21,0.875,last_token,ko,zh,raw,r5,0.662109375,512
Qwen/Qwen2.5-0.5B,21,0.875,last_token,ko,zh,raw,r10,0.744140625,512
Qwen/Qwen2.5-0.5B,21,0.875,last_token,ko,zh,raw,mrr,0.5335652281145624,512
Qwen/Qwen2.5-0.5B,21,0.875,last_token,ja,en,raw,r1,0.4765625,512
Qwen/Qwen2.5-0.5B,21,0.875,last_token,ja,en,raw,r5,0.748046875,512
Qwen/Qwen2.5-0.5B,21,0.875,last_token,ja,en,raw,r10,0.830078125,512
Qwen/Qwen2.5-0.5B,21,0.875,last_token,ja,en,raw,mrr,0.5992536372253926,512
Qwen/Qwen2.5-0.5B,21,0.875,last_token,ja,ko,raw,r1,0.677734375,512
Qwen/Qwen2.5-0.5B,21,0.875,last_token,ja,ko,raw,r5,0.876953125,512
Qwen/Qwen2.5-0.5B,21,0.875,last_token,ja,ko,raw,r10,0.900390625,512
Qwen/Qwen2.5-0.5B,21,0.875,last_token,ja,ko,raw,mrr,0.7651188030163381,512
Qwen/Qwen2.5-0.5B,21,0.875,last_token,ja,zh,raw,r1,0.677734375,512
Qwen/Qwen2.5-0.5B,21,0.875,last_token,ja,zh,raw,r5,0.85546875,512
Qwen/Qwen2.5-0.5B,21,0.875,last_token,ja,zh,raw,r10,0.904296875,512
Qwen/Qwen2.5-0.5B,21,0.875,last_token,ja,zh,raw,mrr,0.7583794578675811,512
Qwen/Qwen2.5-0.5B,21,0.875,last_token,zh,en,raw,r1,0.73828125,512
Qwen/Qwen2.5-0.5B,21,0.875,last_token,zh,en,raw,r5,0.927734375,512
Qwen/Qwen2.5-0.5B,21,0.875,last_token,zh,en,raw,r10,0.953125,512
Qwen/Qwen2.5-0.5B,21,0.875,last_token,zh,en,raw,mrr,0.820328451972764,512
Qwen/Qwen2.5-0.5B,21,0.875,last_token,zh,ko,raw,r1,0.5546875,512
Qwen/Qwen2.5-0.5B,21,0.875,last_token,zh,ko,raw,r5,0.775390625,512
Qwen/Qwen2.5-0.5B,21,0.875,last_token,zh,ko,raw,r10,0.833984375,512
Qwen/Qwen2.5-0.5B,21,0.875,last_token,zh,ko,raw,mrr,0.6582510351292832,512
Qwen/Qwen2.5-0.5B,21,0.875,last_token,zh,ja,raw,r1,0.546875,512
Qwen/Qwen2.5-0.5B,21,0.875,last_token,zh,ja,raw,r5,0.796875,512
Qwen/Qwen2.5-0.5B,21,0.875,last_token,zh,ja,raw,r10,0.85546875,512
Qwen/Qwen2.5-0.5B,21,0.875,last_token,zh,ja,raw,mrr,0.6622730640302775,512
Qwen/Qwen2.5-0.5B,22,0.9166666666666666,last_token,en,ko,raw,r1,0.560546875,512
Qwen/Qwen2.5-0.5B,22,0.9166666666666666,last_token,en,ko,raw,r5,0.830078125,512
Qwen/Qwen2.5-0.5B,22,0.9166666666666666,last_token,en,ko,raw,r10,0.880859375,512
Qwen/Qwen2.5-0.5B,22,0.9166666666666666,last_token,en,ko,raw,mrr,0.6799383635752078,512
Qwen/Qwen2.5-0.5B,22,0.9166666666666666,last_token,en,ja,raw,r1,0.693359375,512
Qwen/Qwen2.5-0.5B,22,0.9166666666666666,last_token,en,ja,raw,r5,0.9140625,512
Qwen/Qwen2.5-0.5B,22,0.9166666666666666,last_token,en,ja,raw,r10,0.95703125,512
Qwen/Qwen2.5-0.5B,22,0.9166666666666666,last_token,en,ja,raw,mrr,0.7904402941662543,512
Qwen/Qwen2.5-0.5B,22,0.9166666666666666,last_token,en,zh,raw,r1,0.861328125,512
Qwen/Qwen2.5-0.5B,22,0.9166666666666666,last_token,en,zh,raw,r5,0.974609375,512
Qwen/Qwen2.5-0.5B,22,0.9166666666666666,last_token,en,zh,raw,r10,0.982421875,512
Qwen/Qwen2.5-0.5B,22,0.9166666666666666,last_token,en,zh,raw,mrr,0.9112075188145778,512
Qwen/Qwen2.5-0.5B,22,0.9166666666666666,last_token,ko,en,raw,r1,0.259765625,512
Qwen/Qwen2.5-0.5B,22,0.9166666666666666,last_token,ko,en,raw,r5,0.44140625,512
Qwen/Qwen2.5-0.5B,22,0.9166666666666666,last_token,ko,en,raw,r10,0.53515625,512
Qwen/Qwen2.5-0.5B,22,0.9166666666666666,last_token,ko,en,raw,mrr,0.3521068451256352,512
Qwen/Qwen2.5-0.5B,22,0.9166666666666666,last_token,ko,ja,raw,r1,0.505859375,512
Qwen/Qwen2.5-0.5B,22,0.9166666666666666,last_token,ko,ja,raw,r5,0.763671875,512
Qwen/Qwen2.5-0.5B,22,0.9166666666666666,last_token,ko,ja,raw,r10,0.8359375,512
Qwen/Qwen2.5-0.5B,22,0.9166666666666666,last_token,ko,ja,raw,mrr,0.620130389033301,512
Qwen/Qwen2.5-0.5B,22,0.9166666666666666,last_token,ko,zh,raw,r1,0.421875,512
Qwen/Qwen2.5-0.5B,22,0.9166666666666666,last_token,ko,zh,raw,r5,0.669921875,512
Qwen/Qwen2.5-0.5B,22,0.9166666666666666,last_token,ko,zh,raw,r10,0.75390625,512
Qwen/Qwen2.5-0.5B,22,0.9166666666666666,last_token,ko,zh,raw,mrr,0.539308521576397,512
Qwen/Qwen2.5-0.5B,22,0.9166666666666666,last_token,ja,en,raw,r1,0.49609375,512
Qwen/Qwen2.5-0.5B,22,0.9166666666666666,last_token,ja,en,raw,r5,0.73828125,512
Qwen/Qwen2.5-0.5B,22,0.9166666666666666,last_token,ja,en,raw,r10,0.822265625,512
Qwen/Qwen2.5-0.5B,22,0.9166666666666666,last_token,ja,en,raw,mrr,0.6082637852137671,512
Qwen/Qwen2.5-0.5B,22,0.9166666666666666,last_token,ja,ko,raw,r1,0.728515625,512
Qwen/Qwen2.5-0.5B,22,0.9166666666666666,last_token,ja,ko,raw,r5,0.876953125,512
Qwen/Qwen2.5-0.5B,22,0.9166666666666666,last_token,ja,ko,raw,r10,0.91015625,512
Qwen/Qwen2.5-0.5B,22,0.9166666666666666,last_token,ja,ko,raw,mrr,0.7933719627882894,512
Qwen/Qwen2.5-0.5B,22,0.9166666666666666,last_token,ja,zh,raw,r1,0.732421875,512
Qwen/Qwen2.5-0.5B,22,0.9166666666666666,last_token,ja,zh,raw,r5,0.892578125,512
Qwen/Qwen2.5-0.5B,22,0.9166666666666666,last_token,ja,zh,raw,r10,0.9375,512
Qwen/Qwen2.5-0.5B,22,0.9166666666666666,last_token,ja,zh,raw,mrr,0.8045451685328651,512
Qwen/Qwen2.5-0.5B,22,0.9166666666666666,last_token,zh,en,raw,r1,0.7578125,512
Qwen/Qwen2.5-0.5B,22,0.9166666666666666,last_token,zh,en,raw,r5,0.919921875,512
Qwen/Qwen2.5-0.5B,22,0.9166666666666666,last_token,zh,en,raw,r10,0.95703125,512
Qwen/Qwen2.5-0.5B,22,0.9166666666666666,last_token,zh,en,raw,mrr,0.8296961797525817,512
Qwen/Qwen2.5-0.5B,22,0.9166666666666666,last_token,zh,ko,raw,r1,0.578125,512
Qwen/Qwen2.5-0.5B,22,0.9166666666666666,last_token,zh,ko,raw,r5,0.81640625,512
Qwen/Qwen2.5-0.5B,22,0.9166666666666666,last_token,zh,ko,raw,r10,0.861328125,512
Qwen/Qwen2.5-0.5B,22,0.9166666666666666,last_token,zh,ko,raw,mrr,0.6887150851434244,512
Qwen/Qwen2.5-0.5B,22,0.9166666666666666,last_token,zh,ja,raw,r1,0.6640625,512
Qwen/Qwen2.5-0.5B,22,0.9166666666666666,last_token,zh,ja,raw,r5,0.8828125,512
Qwen/Qwen2.5-0.5B,22,0.9166666666666666,last_token,zh,ja,raw,r10,0.93359375,512
Qwen/Qwen2.5-0.5B,22,0.9166666666666666,last_token,zh,ja,raw,mrr,0.7661806546105527,512
Qwen/Qwen2.5-0.5B,23,0.9583333333333334,last_token,en,ko,raw,r1,0.171875,512
Qwen/Qwen2.5-0.5B,23,0.9583333333333334,last_token,en,ko,raw,r5,0.369140625,512
Qwen/Qwen2.5-0.5B,23,0.9583333333333334,last_token,en,ko,raw,r10,0.48046875,512
Qwen/Qwen2.5-0.5B,23,0.9583333333333334,last_token,en,ko,raw,mrr,0.27470544034983235,512
Qwen/Qwen2.5-0.5B,23,0.9583333333333334,last_token,en,ja,raw,r1,0.6796875,512
Qwen/Qwen2.5-0.5B,23,0.9583333333333334,last_token,en,ja,raw,r5,0.919921875,512
Qwen/Qwen2.5-0.5B,23,0.9583333333333334,last_token,en,ja,raw,r10,0.96484375,512
Qwen/Qwen2.5-0.5B,23,0.9583333333333334,last_token,en,ja,raw,mrr,0.7849249628049534,512
Qwen/Qwen2.5-0.5B,23,0.9583333333333334,last_token,en,zh,raw,r1,0.830078125,512
Qwen/Qwen2.5-0.5B,23,0.9583333333333334,last_token,en,zh,raw,r5,0.955078125,512
Qwen/Qwen2.5-0.5B,23,0.9583333333333334,last_token,en,zh,raw,r10,0.978515625,512
Qwen/Qwen2.5-0.5B,23,0.9583333333333334,last_token,en,zh,raw,mrr,0.8841731533151518,512
Qwen/Qwen2.5-0.5B,23,0.9583333333333334,last_token,ko,en,raw,r1,0.361328125,512
Qwen/Qwen2.5-0.5B,23,0.9583333333333334,last_token,ko,en,raw,r5,0.58984375,512
Qwen/Qwen2.5-0.5B,23,0.9583333333333334,last_token,ko,en,raw,r10,0.693359375,512
Qwen/Qwen2.5-0.5B,23,0.9583333333333334,last_token,ko,en,raw,mrr,0.46764864024332764,512
Qwen/Qwen2.5-0.5B,23,0.9583333333333334,last_token,ko,ja,raw,r1,0.5703125,512
Qwen/Qwen2.5-0.5B,23,0.9583333333333334,last_token,ko,ja,raw,r5,0.810546875,512
Qwen/Qwen2.5-0.5B,23,0.9583333333333334,last_token,ko,ja,raw,r10,0.87109375,512
Qwen/Qwen2.5-0.5B,23,0.9583333333333334,last_token,ko,ja,raw,mrr,0.6742021890420345,512
Qwen/Qwen2.5-0.5B,23,0.9583333333333334,last_token,ko,zh,raw,r1,0.40625,512
Qwen/Qwen2.5-0.5B,23,0.9583333333333334,last_token,ko,zh,raw,r5,0.650390625,512
Qwen/Qwen2.5-0.5B,23,0.9583333333333334,last_token,ko,zh,raw,r10,0.736328125,512
Qwen/Qwen2.5-0.5B,23,0.9583333333333334,last_token,ko,zh,raw,mrr,0.5188392400922022,512
Qwen/Qwen2.5-0.5B,23,0.9583333333333334,last_token,ja,en,raw,r1,0.439453125,512
Qwen/Qwen2.5-0.5B,23,0.9583333333333334,last_token,ja,en,raw,r5,0.71484375,512
Qwen/Qwen2.5-0.5B,23,0.9583333333333334,last_token,ja,en,raw,r10,0.796875,512
Qwen/Qwen2.5-0.5B,23,0.9583333333333334,last_token,ja,en,raw,mrr,0.5679333864087015,512
Qwen/Qwen2.5-0.5B,23,0.9583333333333334,last_token,ja,ko,raw,r1,0.375,512
Qwen/Qwen2.5-0.5B,23,0.9583333333333334,last_token,ja,ko,raw,r5,0.61328125,512
Qwen/Qwen2.5-0.5B,23,0.9583333333333334,last_token,ja,ko,raw,r10,0.703125,512
Qwen/Qwen2.5-0.5B,23,0.9583333333333334,last_token,ja,ko,raw,mrr,0.48381750317656025,512
Qwen/Qwen2.5-0.5B,23,0.9583333333333334,last_token,ja,zh,raw,r1,0.751953125,512
Qwen/Qwen2.5-0.5B,23,0.9583333333333334,last_token,ja,zh,raw,r5,0.923828125,512
Qwen/Qwen2.5-0.5B,23,0.9583333333333334,last_token,ja,zh,raw,r10,0.955078125,512
Qwen/Qwen2.5-0.5B,23,0.9583333333333334,last_token,ja,zh,raw,mrr,0.8272622997528127,512
Qwen/Qwen2.5-0.5B,23,0.9583333333333334,last_token,zh,en,raw,r1,0.703125,512
Qwen/Qwen2.5-0.5B,23,0.9583333333333334,last_token,zh,en,raw,r5,0.890625,512
Qwen/Qwen2.5-0.5B,23,0.9583333333333334,last_token,zh,en,raw,r10,0.951171875,512
Qwen/Qwen2.5-0.5B,23,0.9583333333333334,last_token,zh,en,raw,mrr,0.7865832420330305,512
Qwen/Qwen2.5-0.5B,23,0.9583333333333334,last_token,zh,ko,raw,r1,0.212890625,512
Qwen/Qwen2.5-0.5B,23,0.9583333333333334,last_token,zh,ko,raw,r5,0.42578125,512
Qwen/Qwen2.5-0.5B,23,0.9583333333333334,last_token,zh,ko,raw,r10,0.51953125,512
Qwen/Qwen2.5-0.5B,23,0.9583333333333334,last_token,zh,ko,raw,mrr,0.3142987455752206,512
Qwen/Qwen2.5-0.5B,23,0.9583333333333334,last_token,zh,ja,raw,r1,0.67578125,512
Qwen/Qwen2.5-0.5B,23,0.9583333333333334,last_token,zh,ja,raw,r5,0.873046875,512
Qwen/Qwen2.5-0.5B,23,0.9583333333333334,last_token,zh,ja,raw,r10,0.921875,512
Qwen/Qwen2.5-0.5B,23,0.9583333333333334,last_token,zh,ja,raw,mrr,0.7683955817491437,512
Qwen/Qwen2.5-0.5B,24,1.0,last_token,en,ko,raw,r1,0.00390625,512
Qwen/Qwen2.5-0.5B,24,1.0,last_token,en,ko,raw,r5,0.05078125,512
Qwen/Qwen2.5-0.5B,24,1.0,last_token,en,ko,raw,r10,0.091796875,512
Qwen/Qwen2.5-0.5B,24,1.0,last_token,en,ko,raw,mrr,0.03665829019571684,512
Qwen/Qwen2.5-0.5B,24,1.0,last_token,en,ja,raw,r1,0.029296875,512
Qwen/Qwen2.5-0.5B,24,1.0,last_token,en,ja,raw,r5,0.09375,512
Qwen/Qwen2.5-0.5B,24,1.0,last_token,en,ja,raw,r10,0.16015625,512
Qwen/Qwen2.5-0.5B,24,1.0,last_token,en,ja,raw,mrr,0.07597735550845935,512
Qwen/Qwen2.5-0.5B,24,1.0,last_token,en,zh,raw,r1,0.00390625,512
Qwen/Qwen2.5-0.5B,24,1.0,last_token,en,zh,raw,r5,0.060546875,512
Qwen/Qwen2.5-0.5B,24,1.0,last_token,en,zh,raw,r10,0.09765625,512
Qwen/Qwen2.5-0.5B,24,1.0,last_token,en,zh,raw,mrr,0.043598689584160015,512
Qwen/Qwen2.5-0.5B,24,1.0,last_token,ko,en,raw,r1,0.005859375,512
Qwen/Qwen2.5-0.5B,24,1.0,last_token,ko,en,raw,r5,0.087890625,512
Qwen/Qwen2.5-0.5B,24,1.0,last_token,ko,en,raw,r10,0.125,512
Qwen/Qwen2.5-0.5B,24,1.0,last_token,ko,en,raw,mrr,0.057881120576703915,512
Qwen/Qwen2.5-0.5B,24,1.0,last_token,ko,ja,raw,r1,0.021484375,512
Qwen/Qwen2.5-0.5B,24,1.0,last_token,ko,ja,raw,r5,0.080078125,512
Qwen/Qwen2.5-0.5B,24,1.0,last_token,ko,ja,raw,r10,0.11328125,512
Qwen/Qwen2.5-0.5B,24,1.0,last_token,ko,ja,raw,mrr,0.061712274011326805,512
Qwen/Qwen2.5-0.5B,24,1.0,last_token,ko,zh,raw,r1,0.009765625,512
Qwen/Qwen2.5-0.5B,24,1.0,last_token,ko,zh,raw,r5,0.0390625,512
Qwen/Qwen2.5-0.5B,24,1.0,last_token,ko,zh,raw,r10,0.091796875,512
Qwen/Qwen2.5-0.5B,24,1.0,last_token,ko,zh,raw,mrr,0.040295488657775325,512
Qwen/Qwen2.5-0.5B,24,1.0,last_token,ja,en,raw,r1,0.001953125,512
Qwen/Qwen2.5-0.5B,24,1.0,last_token,ja,en,raw,r5,0.021484375,512
Qwen/Qwen2.5-0.5B,24,1.0,last_token,ja,en,raw,r10,0.10546875,512
Qwen/Qwen2.5-0.5B,24,1.0,last_token,ja,en,raw,mrr,0.04577168986320759,512
Qwen/Qwen2.5-0.5B,24,1.0,last_token,ja,ko,raw,r1,0.001953125,512
Qwen/Qwen2.5-0.5B,24,1.0,last_token,ja,ko,raw,r5,0.076171875,512
Qwen/Qwen2.5-0.5B,24,1.0,last_token,ja,ko,raw,r10,0.125,512
Qwen/Qwen2.5-0.5B,24,1.0,last_token,ja,ko,raw,mrr,0.04748493923331133,512
Qwen/Qwen2.5-0.5B,24,1.0,last_token,ja,zh,raw,r1,0.0703125,512
Qwen/Qwen2.5-0.5B,24,1.0,last_token,ja,zh,raw,r5,0.224609375,512
Qwen/Qwen2.5-0.5B,24,1.0,last_token,ja,zh,raw,r10,0.345703125,512
Qwen/Qwen2.5-0.5B,24,1.0,last_token,ja,zh,raw,mrr,0.15530407045940886,512
Qwen/Qwen2.5-0.5B,24,1.0,last_token,zh,en,raw,r1,0.017578125,512
Qwen/Qwen2.5-0.5B,24,1.0,last_token,zh,en,raw,r5,0.11328125,512
Qwen/Qwen2.5-0.5B,24,1.0,last_token,zh,en,raw,r10,0.3203125,512
Qwen/Qwen2.5-0.5B,24,1.0,last_token,zh,en,raw,mrr,0.09618382133483952,512
Qwen/Qwen2.5-0.5B,24,1.0,last_token,zh,ko,raw,r1,0.00390625,512
Qwen/Qwen2.5-0.5B,24,1.0,last_token,zh,ko,raw,r5,0.1640625,512
Qwen/Qwen2.5-0.5B,24,1.0,last_token,zh,ko,raw,r10,0.265625,512
Qwen/Qwen2.5-0.5B,24,1.0,last_token,zh,ko,raw,mrr,0.08726857002188787,512
Qwen/Qwen2.5-0.5B,24,1.0,last_token,zh,ja,raw,r1,0.138671875,512
Qwen/Qwen2.5-0.5B,24,1.0,last_token,zh,ja,raw,r5,0.404296875,512
Qwen/Qwen2.5-0.5B,24,1.0,last_token,zh,ja,raw,r10,0.5234375,512
Qwen/Qwen2.5-0.5B,24,1.0,last_token,zh,ja,raw,mrr,0.26992827667504243,512
Qwen/Qwen2.5-0.5B,0,0.0,mean,en,ko,raw,r1,0.005859375,512
Qwen/Qwen2.5-0.5B,0,0.0,mean,en,ko,raw,r5,0.029296875,512
Qwen/Qwen2.5-0.5B,0,0.0,mean,en,ko,raw,r10,0.046875,512
Qwen/Qwen2.5-0.5B,0,0.0,mean,en,ko,raw,mrr,0.025512896182114428,512
Qwen/Qwen2.5-0.5B,0,0.0,mean,en,ja,raw,r1,0.025390625,512
Qwen/Qwen2.5-0.5B,0,0.0,mean,en,ja,raw,r5,0.046875,512
Qwen/Qwen2.5-0.5B,0,0.0,mean,en,ja,raw,r10,0.078125,512
Qwen/Qwen2.5-0.5B,0,0.0,mean,en,ja,raw,mrr,0.05292595730596181,512
Qwen/Qwen2.5-0.5B,0,0.0,mean,en,zh,raw,r1,0.0859375,512
Qwen/Qwen2.5-0.5B,0,0.0,mean,en,zh,raw,r5,0.126953125,512
Qwen/Qwen2.5-0.5B,0,0.0,mean,en,zh,raw,r10,0.162109375,512
Qwen/Qwen2.5-0.5B,0,0.0,mean,en,zh,raw,mrr,0.12285418786140286,512
Qwen/Qwen2.5-0.5B,0,0.0,mean,ko,en,raw,r1,0.048828125,512
Qwen/Qwen2.5-0.5B,0,0.0,mean,ko,en,raw,r5,0.095703125,512
Qwen/Qwen2.5-0.5B,0,0.0,mean,ko,en,raw,r10,0.138671875,512
Qwen/Qwen2.5-0.5B,0,0.0,mean,ko,en,raw,mrr,0.08391250807660464,512
Qwen/Qwen2.5-0.5B,0,0.0,mean,ko,ja,raw,r1,0.08984375,512
Qwen/Qwen2.5-0.5B,0,0.0,mean,ko,ja,raw,r5,0.166015625,512
Qwen/Qwen2.5-0.5B,0,0.0,mean,ko,ja,raw,r10,0.279296875,512
Qwen/Qwen2.5-0.5B,0,0.0,mean,ko,ja,raw,mrr,0.14778491720449824,512
Qwen/Qwen2.5-0.5B,0,0.0,mean,ko,zh,raw,r1,0.048828125,512
Qwen/Qwen2.5-0.5B,0,0.0,mean,ko,zh,raw,r5,0.1328125,512
Qwen/Qwen2.5-0.5B,0,0.0,mean,ko,zh,raw,r10,0.21875,512
Qwen/Qwen2.5-0.5B,0,0.0,mean,ko,zh,raw,mrr,0.10292683777616674,512
Qwen/Qwen2.5-0.5B,0,0.0,mean,ja,en,raw,r1,0.05859375,512
Qwen/Qwen2.5-0.5B,0,0.0,mean,ja,en,raw,r5,0.115234375,512
Qwen/Qwen2.5-0.5B,0,0.0,mean,ja,en,raw,r10,0.162109375,512
Qwen/Qwen2.5-0.5B,0,0.0,mean,ja,en,raw,mrr,0.10020867009464811,512
Qwen/Qwen2.5-0.5B,0,0.0,mean,ja,ko,raw,r1,0.150390625,512
Qwen/Qwen2.5-0.5B,0,0.0,mean,ja,ko,raw,r5,0.29296875,512
Qwen/Qwen2.5-0.5B,0,0.0,mean,ja,ko,raw,r10,0.3671875,512
Qwen/Qwen2.5-0.5B,0,0.0,mean,ja,ko,raw,mrr,0.22658411832203845,512
Qwen/Qwen2.5-0.5B,0,0.0,mean,ja,zh,raw,r1,0.341796875,512
Qwen/Qwen2.5-0.5B,0,0.0,mean,ja,zh,raw,r5,0.5625,512
Qwen/Qwen2.5-0.5B,0,0.0,mean,ja,zh,raw,r10,0.642578125,512
Qwen/Qwen2.5-0.5B,0,0.0,mean,ja,zh,raw,mrr,0.4447000391926136,512
Qwen/Qwen2.5-0.5B,0,0.0,mean,zh,en,raw,r1,0.333984375,512
Qwen/Qwen2.5-0.5B,0,0.0,mean,zh,en,raw,r5,0.478515625,512
Qwen/Qwen2.5-0.5B,0,0.0,mean,zh,en,raw,r10,0.5703125,512
Qwen/Qwen2.5-0.5B,0,0.0,mean,zh,en,raw,mrr,0.41173301591304506,512
Qwen/Qwen2.5-0.5B,0,0.0,mean,zh,ko,raw,r1,0.169921875,512
Qwen/Qwen2.5-0.5B,0,0.0,mean,zh,ko,raw,r5,0.32421875,512
Qwen/Qwen2.5-0.5B,0,0.0,mean,zh,ko,raw,r10,0.41015625,512
Qwen/Qwen2.5-0.5B,0,0.0,mean,zh,ko,raw,mrr,0.2492275064845714,512
Qwen/Qwen2.5-0.5B,0,0.0,mean,zh,ja,raw,r1,0.38671875,512
Qwen/Qwen2.5-0.5B,0,0.0,mean,zh,ja,raw,r5,0.52734375,512
Qwen/Qwen2.5-0.5B,0,0.0,mean,zh,ja,raw,r10,0.619140625,512
Qwen/Qwen2.5-0.5B,0,0.0,mean,zh,ja,raw,mrr,0.46100450761555056,512
Qwen/Qwen2.5-0.5B,1,0.041666666666666664,mean,en,ko,raw,r1,0.056640625,512
Qwen/Qwen2.5-0.5B,1,0.041666666666666664,mean,en,ko,raw,r5,0.2109375,512
Qwen/Qwen2.5-0.5B,1,0.041666666666666664,mean,en,ko,raw,r10,0.2890625,512
Qwen/Qwen2.5-0.5B,1,0.041666666666666664,mean,en,ko,raw,mrr,0.1375303901205182,512
Qwen/Qwen2.5-0.5B,1,0.041666666666666664,mean,en,ja,raw,r1,0.16796875,512
Qwen/Qwen2.5-0.5B,1,0.041666666666666664,mean,en,ja,raw,r5,0.36328125,512
Qwen/Qwen2.5-0.5B,1,0.041666666666666664,mean,en,ja,raw,r10,0.46875,512
Qwen/Qwen2.5-0.5B,1,0.041666666666666664,mean,en,ja,raw,mrr,0.2689531238454218,512
Qwen/Qwen2.5-0.5B,1,0.041666666666666664,mean,en,zh,raw,r1,0.814453125,512
Qwen/Qwen2.5-0.5B,1,0.041666666666666664,mean,en,zh,raw,r5,0.931640625,512
Qwen/Qwen2.5-0.5B,1,0.041666666666666664,mean,en,zh,raw,r10,0.94921875,512
Qwen/Qwen2.5-0.5B,1,0.041666666666666664,mean,en,zh,raw,mrr,0.866871383682206,512
Qwen/Qwen2.5-0.5B,1,0.041666666666666664,mean,ko,en,raw,r1,0.138671875,512
Qwen/Qwen2.5-0.5B,1,0.041666666666666664,mean,ko,en,raw,r5,0.2578125,512
Qwen/Qwen2.5-0.5B,1,0.041666666666666664,mean,ko,en,raw,r10,0.337890625,512
Qwen/Qwen2.5-0.5B,1,0.041666666666666664,mean,ko,en,raw,mrr,0.20656049607363874,512
Qwen/Qwen2.5-0.5B,1,0.041666666666666664,mean,ko,ja,raw,r1,0.228515625,512
Qwen/Qwen2.5-0.5B,1,0.041666666666666664,mean,ko,ja,raw,r5,0.37890625,512
Qwen/Qwen2.5-0.5B,1,0.041666666666666664,mean,ko,ja,raw,r10,0.47265625,512
Qwen/Qwen2.5-0.5B,1,0.041666666666666664,mean,ko,ja,raw,mrr,0.31243263088437995,512
Qwen/Qwen2.5-0.5B,1,0.041666666666666664,mean,ko,zh,raw,r1,0.064453125,512
Qwen/Qwen2.5-0.5B,1,0.041666666666666664,mean,ko,zh,raw,r5,0.154296875,512
Qwen/Qwen2.5-0.5B,1,0.041666666666666664,mean,ko,zh,raw,r10,0.224609375,512
Qwen/Qwen2.5-0.5B,1,0.041666666666666664,mean,ko,zh,raw,mrr,0.12540180183982338,512
Qwen/Qwen2.5-0.5B,1,0.041666666666666664,mean,ja,en,raw,r1,0.412109375,512
Qwen/Qwen2.5-0.5B,1,0.041666666666666664,mean,ja,en,raw,r5,0.640625,512
Qwen/Qwen2.5-0.5B,1,0.041666666666666664,mean,ja,en,raw,r10,0.728515625,512
Qwen/Qwen2.5-0.5B,1,0.041666666666666664,mean,ja,en,raw,mrr,0.521632459955614,512
Qwen/Qwen2.5-0.5B,1,0.041666666666666664,mean,ja,ko,raw,r1,0.2734375,512
Qwen/Qwen2.5-0.5B,1,0.041666666666666664,mean,ja,ko,raw,r5,0.408203125,512
Qwen/Qwen2.5-0.5B,1,0.041666666666666664,mean,ja,ko,raw,r10,0.494140625,512
Qwen/Qwen2.5-0.5B,1,0.041666666666666664,mean,ja,ko,raw,mrr,0.34563316752084716,512
Qwen/Qwen2.5-0.5B,1,0.041666666666666664,mean,ja,zh,raw,r1,0.443359375,512
Qwen/Qwen2.5-0.5B,1,0.041666666666666664,mean,ja,zh,raw,r5,0.634765625,512
Qwen/Qwen2.5-0.5B,1,0.041666666666666664,mean,ja,zh,raw,r10,0.7109375,512
Qwen/Qwen2.5-0.5B,1,0.041666666666666664,mean,ja,zh,raw,mrr,0.5322268619795867,512
Qwen/Qwen2.5-0.5B,1,0.041666666666666664,mean,zh,en,raw,r1,0.9453125,512
Qwen/Qwen2.5-0.5B,1,0.041666666666666664,mean,zh,en,raw,r5,0.982421875,512
Qwen/Qwen2.5-0.5B,1,0.041666666666666664,mean,zh,en,raw,r10,0.994140625,512
Qwen/Qwen2.5-0.5B,1,0.041666666666666664,mean,zh,en,raw,mrr,0.9630378152949645,512
Qwen/Qwen2.5-0.5B,1,0.041666666666666664,mean,zh,ko,raw,r1,0.1171875,512
Qwen/Qwen2.5-0.5B,1,0.041666666666666664,mean,zh,ko,raw,r5,0.298828125,512
Qwen/Qwen2.5-0.5B,1,0.041666666666666664,mean,zh,ko,raw,r10,0.396484375,512
Qwen/Qwen2.5-0.5B,1,0.041666666666666664,mean,zh,ko,raw,mrr,0.21005900347350082,512
Qwen/Qwen2.5-0.5B,1,0.041666666666666664,mean,zh,ja,raw,r1,0.37109375,512
Qwen/Qwen2.5-0.5B,1,0.041666666666666664,mean,zh,ja,raw,r5,0.587890625,512
Qwen/Qwen2.5-0.5B,1,0.041666666666666664,mean,zh,ja,raw,r10,0.671875,512
Qwen/Qwen2.5-0.5B,1,0.041666666666666664,mean,zh,ja,raw,mrr,0.4755620120909103,512
Qwen/Qwen2.5-0.5B,2,0.08333333333333333,mean,en,ko,raw,r1,0.041015625,512
Qwen/Qwen2.5-0.5B,2,0.08333333333333333,mean,en,ko,raw,r5,0.1328125,512
Qwen/Qwen2.5-0.5B,2,0.08333333333333333,mean,en,ko,raw,r10,0.1875,512
Qwen/Qwen2.5-0.5B,2,0.08333333333333333,mean,en,ko,raw,mrr,0.09727826868094491,512
Qwen/Qwen2.5-0.5B,2,0.08333333333333333,mean,en,ja,raw,r1,0.06640625,512
Qwen/Qwen2.5-0.5B,2,0.08333333333333333,mean,en,ja,raw,r5,0.240234375,512
Qwen/Qwen2.5-0.5B,2,0.08333333333333333,mean,en,ja,raw,r10,0.37890625,512
Qwen/Qwen2.5-0.5B,2,0.08333333333333333,mean,en,ja,raw,mrr,0.16385025756019456,512
Qwen/Qwen2.5-0.5B,2,0.08333333333333333,mean,en,zh,raw,r1,0.77734375,512
Qwen/Qwen2.5-0.5B,2,0.08333333333333333,mean,en,zh,raw,r5,0.896484375,512
Qwen/Qwen2.5-0.5B,2,0.08333333333333333,mean,en,zh,raw,r10,0.935546875,512
Qwen/Qwen2.5-0.5B,2,0.08333333333333333,mean,en,zh,raw,mrr,0.8320177013419374,512
Qwen/Qwen2.5-0.5B,2,0.08333333333333333,mean,ko,en,raw,r1,0.1328125,512
Qwen/Qwen2.5-0.5B,2,0.08333333333333333,mean,ko,en,raw,r5,0.244140625,512
Qwen/Qwen2.5-0.5B,2,0.08333333333333333,mean,ko,en,raw,r10,0.328125,512
Qwen/Qwen2.5-0.5B,2,0.08333333333333333,mean,ko,en,raw,mrr,0.2023966312286875,512
Qwen/Qwen2.5-0.5B,2,0.08333333333333333,mean,ko,ja,raw,r1,0.2265625,512
Qwen/Qwen2.5-0.5B,2,0.08333333333333333,mean,ko,ja,raw,r5,0.384765625,512
Qwen/Qwen2.5-0.5B,2,0.08333333333333333,mean,ko,ja,raw,r10,0.46484375,512
Qwen/Qwen2.5-0.5B,2,0.08333333333333333,mean,ko,ja,raw,mrr,0.31059933499900333,512
Qwen/Qwen2.5-0.5B,2,0.08333333333333333,mean,ko,zh,raw,r1,0.08984375,512
Qwen/Qwen2.5-0.5B,2,0.08333333333333333,mean,ko,zh,raw,r5,0.1953125,512
Qwen/Qwen2.5-0.5B,2,0.08333333333333333,mean,ko,zh,raw,r10,0.2734375,512
Qwen/Qwen2.5-0.5B,2,0.08333333333333333,mean,ko,zh,raw,mrr,0.1545995901760916,512
Qwen/Qwen2.5-0.5B,2,0.08333333333333333,mean,ja,en,raw,r1,0.4140625,512
Qwen/Qwen2.5-0.5B,2,0.08333333333333333,mean,ja,en,raw,r5,0.62890625,512
Qwen/Qwen2.5-0.5B,2,0.08333333333333333,mean,ja,en,raw,r10,0.69921875,512
Qwen/Qwen2.5-0.5B,2,0.08333333333333333,mean,ja,en,raw,mrr,0.5140036661385714,512
Qwen/Qwen2.5-0.5B,2,0.08333333333333333,mean,ja,ko,raw,r1,0.3125,512
Qwen/Qwen2.5-0.5B,2,0.08333333333333333,mean,ja,ko,raw,r5,0.501953125,512
Qwen/Qwen2.5-0.5B,2,0.08333333333333333,mean,ja,ko,raw,r10,0.58984375,512
Qwen/Qwen2.5-0.5B,2,0.08333333333333333,mean,ja,ko,raw,mrr,0.40744695967691635,512
Qwen/Qwen2.5-0.5B,2,0.08333333333333333,mean,ja,zh,raw,r1,0.392578125,512
Qwen/Qwen2.5-0.5B,2,0.08333333333333333,mean,ja,zh,raw,r5,0.619140625,512
Qwen/Qwen2.5-0.5B,2,0.08333333333333333,mean,ja,zh,raw,r10,0.70703125,512
Qwen/Qwen2.5-0.5B,2,0.08333333333333333,mean,ja,zh,raw,mrr,0.49826146587762277,512
Qwen/Qwen2.5-0.5B,2,0.08333333333333333,mean,zh,en,raw,r1,0.953125,512
Qwen/Qwen2.5-0.5B,2,0.08333333333333333,mean,zh,en,raw,r5,0.984375,512
Qwen/Qwen2.5-0.5B,2,0.08333333333333333,mean,zh,en,raw,r10,0.986328125,512
Qwen/Qwen2.5-0.5B,2,0.08333333333333333,mean,zh,en,raw,mrr,0.9673292259640943,512
Qwen/Qwen2.5-0.5B,2,0.08333333333333333,mean,zh,ko,raw,r1,0.107421875,512
Qwen/Qwen2.5-0.5B,2,0.08333333333333333,mean,zh,ko,raw,r5,0.236328125,512
Qwen/Qwen2.5-0.5B,2,0.08333333333333333,mean,zh,ko,raw,r10,0.3125,512
Qwen/Qwen2.5-0.5B,2,0.08333333333333333,mean,zh,ko,raw,mrr,0.18125572555808359,512
Qwen/Qwen2.5-0.5B,2,0.08333333333333333,mean,zh,ja,raw,r1,0.33984375,512
Qwen/Qwen2.5-0.5B,2,0.08333333333333333,mean,zh,ja,raw,r5,0.560546875,512
Qwen/Qwen2.5-0.5B,2,0.08333333333333333,mean,zh,ja,raw,r10,0.662109375,512
Qwen/Qwen2.5-0.5B,2,0.08333333333333333,mean,zh,ja,raw,mrr,0.4419158622849746,512
Qwen/Qwen2.5-0.5B,3,0.125,mean,en,ko,raw,r1,0.0078125,512
Qwen/Qwen2.5-0.5B,3,0.125,mean,en,ko,raw,r5,0.025390625,512
Qwen/Qwen2.5-0.5B,3,0.125,mean,en,ko,raw,r10,0.041015625,512
Qwen/Qwen2.5-0.5B,3,0.125,mean,en,ko,raw,mrr,0.024971994136164313,512
Qwen/Qwen2.5-0.5B,3,0.125,mean,en,ja,raw,r1,0.02734375,512
Qwen/Qwen2.5-0.5B,3,0.125,mean,en,ja,raw,r5,0.060546875,512
Qwen/Qwen2.5-0.5B,3,0.125,mean,en,ja,raw,r10,0.083984375,512
Qwen/Qwen2.5-0.5B,3,0.125,mean,en,ja,raw,mrr,0.05313792674442809,512
Qwen/Qwen2.5-0.5B,3,0.125,mean,en,zh,raw,r1,0.541015625,512
Qwen/Qwen2.5-0.5B,3,0.125,mean,en,zh,raw,r5,0.662109375,512
Qwen/Qwen2.5-0.5B,3,0.125,mean,en,zh,raw,r10,0.69921875,512
Qwen/Qwen2.5-0.5B,3,0.125,mean,en,zh,raw,mrr,0.5933380324117515,512
Qwen/Qwen2.5-0.5B,3,0.125,mean,ko,en,raw,r1,0.23046875,512
Qwen/Qwen2.5-0.5B,3,0.125,mean,ko,en,raw,r5,0.421875,512
Qwen/Qwen2.5-0.5B,3,0.125,mean,ko,en,raw,r10,0.533203125,512
Qwen/Qwen2.5-0.5B,3,0.125,mean,ko,en,raw,mrr,0.326684210824828,512
Qwen/Qwen2.5-0.5B,3,0.125,mean,ko,ja,raw,r1,0.314453125,512
Qwen/Qwen2.5-0.5B,3,0.125,mean,ko,ja,raw,r5,0.525390625,512
Qwen/Qwen2.5-0.5B,3,0.125,mean,ko,ja,raw,r10,0.59375,512
Qwen/Qwen2.5-0.5B,3,0.125,mean,ko,ja,raw,mrr,0.4126593700268527,512
Qwen/Qwen2.5-0.5B,3,0.125,mean,ko,zh,raw,r1,0.193359375,512
Qwen/Qwen2.5-0.5B,3,0.125,mean,ko,zh,raw,r5,0.37890625,512
Qwen/Qwen2.5-0.5B,3,0.125,mean,ko,zh,raw,r10,0.482421875,512
Qwen/Qwen2.5-0.5B,3,0.125,mean,ko,zh,raw,mrr,0.29385046766037637,512
Qwen/Qwen2.5-0.5B,3,0.125,mean,ja,en,raw,r1,0.5078125,512
Qwen/Qwen2.5-0.5B,3,0.125,mean,ja,en,raw,r5,0.712890625,512
Qwen/Qwen2.5-0.5B,3,0.125,mean,ja,en,raw,r10,0.771484375,512
Qwen/Qwen2.5-0.5B,3,0.125,mean,ja,en,raw,mrr,0.603111599608604,512
Qwen/Qwen2.5-0.5B,3,0.125,mean,ja,ko,raw,r1,0.23828125,512
Qwen/Qwen2.5-0.5B,3,0.125,mean,ja,ko,raw,r5,0.3671875,512
Qwen/Qwen2.5-0.5B,3,0.125,mean,ja,ko,raw,r10,0.421875,512
Qwen/Qwen2.5-0.5B,3,0.125,mean,ja,ko,raw,mrr,0.3016292368046469,512
Qwen/Qwen2.5-0.5B,3,0.125,mean,ja,zh,raw,r1,0.560546875,512
Qwen/Qwen2.5-0.5B,3,0.125,mean,ja,zh,raw,r5,0.69140625,512
Qwen/Qwen2.5-0.5B,3,0.125,mean,ja,zh,raw,r10,0.74609375,512
Qwen/Qwen2.5-0.5B,3,0.125,mean,ja,zh,raw,mrr,0.6279454805681931,512
Qwen/Qwen2.5-0.5B,3,0.125,mean,zh,en,raw,r1,0.732421875,512
Qwen/Qwen2.5-0.5B,3,0.125,mean,zh,en,raw,r5,0.82421875,512
Qwen/Qwen2.5-0.5B,3,0.125,mean,zh,en,raw,r10,0.845703125,512
Qwen/Qwen2.5-0.5B,3,0.125,mean,zh,en,raw,mrr,0.7764493470529201,512
Qwen/Qwen2.5-0.5B,3,0.125,mean,zh,ko,raw,r1,0.021484375,512
Qwen/Qwen2.5-0.5B,3,0.125,mean,zh,ko,raw,r5,0.048828125,512
Qwen/Qwen2.5-0.5B,3,0.125,mean,zh,ko,raw,r10,0.06640625,512
Qwen/Qwen2.5-0.5B,3,0.125,mean,zh,ko,raw,mrr,0.042240601367601605,512
Qwen/Qwen2.5-0.5B,3,0.125,mean,zh,ja,raw,r1,0.0703125,512
Qwen/Qwen2.5-0.5B,3,0.125,mean,zh,ja,raw,r5,0.12890625,512
Qwen/Qwen2.5-0.5B,3,0.125,mean,zh,ja,raw,r10,0.16796875,512
Qwen/Qwen2.5-0.5B,3,0.125,mean,zh,ja,raw,mrr,0.1079537028186659,512
Qwen/Qwen2.5-0.5B,4,0.16666666666666666,mean,en,ko,raw,r1,0.0078125,512
Qwen/Qwen2.5-0.5B,4,0.16666666666666666,mean,en,ko,raw,r5,0.037109375,512
Qwen/Qwen2.5-0.5B,4,0.16666666666666666,mean,en,ko,raw,r10,0.052734375,512
Qwen/Qwen2.5-0.5B,4,0.16666666666666666,mean,en,ko,raw,mrr,0.027033863942649033,512
Qwen/Qwen2.5-0.5B,4,0.16666666666666666,mean,en,ja,raw,r1,0.037109375,512
Qwen/Qwen2.5-0.5B,4,0.16666666666666666,mean,en,ja,raw,r5,0.0703125,512
Qwen/Qwen2.5-0.5B,4,0.16666666666666666,mean,en,ja,raw,r10,0.09765625,512
Qwen/Qwen2.5-0.5B,4,0.16666666666666666,mean,en,ja,raw,mrr,0.06311284005109705,512
Qwen/Qwen2.5-0.5B,4,0.16666666666666666,mean,en,zh,raw,r1,0.71484375,512
Qwen/Qwen2.5-0.5B,4,0.16666666666666666,mean,en,zh,raw,r5,0.779296875,512
Qwen/Qwen2.5-0.5B,4,0.16666666666666666,mean,en,zh,raw,r10,0.80859375,512
Qwen/Qwen2.5-0.5B,4,0.16666666666666666,mean,en,zh,raw,mrr,0.7482475227783909,512
Qwen/Qwen2.5-0.5B,4,0.16666666666666666,mean,ko,en,raw,r1,0.29296875,512
Qwen/Qwen2.5-0.5B,4,0.16666666666666666,mean,ko,en,raw,r5,0.498046875,512
Qwen/Qwen2.5-0.5B,4,0.16666666666666666,mean,ko,en,raw,r10,0.599609375,512
Qwen/Qwen2.5-0.5B,4,0.16666666666666666,mean,ko,en,raw,mrr,0.39354993405898153,512
Qwen/Qwen2.5-0.5B,4,0.16666666666666666,mean,ko,ja,raw,r1,0.56640625,512
Qwen/Qwen2.5-0.5B,4,0.16666666666666666,mean,ko,ja,raw,r5,0.734375,512
Qwen/Qwen2.5-0.5B,4,0.16666666666666666,mean,ko,ja,raw,r10,0.787109375,512
Qwen/Qwen2.5-0.5B,4,0.16666666666666666,mean,ko,ja,raw,mrr,0.6440687934903755,512
Qwen/Qwen2.5-0.5B,4,0.16666666666666666,mean,ko,zh,raw,r1,0.248046875,512
Qwen/Qwen2.5-0.5B,4,0.16666666666666666,mean,ko,zh,raw,r5,0.400390625,512
Qwen/Qwen2.5-0.5B,4,0.16666666666666666,mean,ko,zh,raw,r10,0.47265625,512
Qwen/Qwen2.5-0.5B,4,0.16666666666666666,mean,ko,zh,raw,mrr,0.3277286659873653,512
Qwen/Qwen2.5-0.5B,4,0.16666666666666666,mean,ja,en,raw,r1,0.5859375,512
Qwen/Qwen2.5-0.5B,4,0.16666666666666666,mean,ja,en,raw,r5,0.75390625,512
Qwen/Qwen2.5-0.5B,4,0.16666666666666666,mean,ja,en,raw,r10,0.8125,512
Qwen/Qwen2.5-0.5B,4,0.16666666666666666,mean,ja,en,raw,mrr,0.6639881255183424,512
Qwen/Qwen2.5-0.5B,4,0.16666666666666666,mean,ja,ko,raw,r1,0.32421875,512
Qwen/Qwen2.5-0.5B,4,0.16666666666666666,mean,ja,ko,raw,r5,0.453125,512
Qwen/Qwen2.5-0.5B,4,0.16666666666666666,mean,ja,ko,raw,r10,0.498046875,512
Qwen/Qwen2.5-0.5B,4,0.16666666666666666,mean,ja,ko,raw,mrr,0.38851229379662566,512
Qwen/Qwen2.5-0.5B,4,0.16666666666666666,mean,ja,zh,raw,r1,0.591796875,512
Qwen/Qwen2.5-0.5B,4,0.16666666666666666,mean,ja,zh,raw,r5,0.732421875,512
Qwen/Qwen2.5-0.5B,4,0.16666666666666666,mean,ja,zh,raw,r10,0.787109375,512
Qwen/Qwen2.5-0.5B,4,0.16666666666666666,mean,ja,zh,raw,mrr,0.6587563147529907,512
Qwen/Qwen2.5-0.5B,4,0.16666666666666666,mean,zh,en,raw,r1,0.80078125,512
Qwen/Qwen2.5-0.5B,4,0.16666666666666666,mean,zh,en,raw,r5,0.873046875,512
Qwen/Qwen2.5-0.5B,4,0.16666666666666666,mean,zh,en,raw,r10,0.89453125,512
Qwen/Qwen2.5-0.5B,4,0.16666666666666666,mean,zh,en,raw,mrr,0.8342498219383312,512
Qwen/Qwen2.5-0.5B,4,0.16666666666666666,mean,zh,ko,raw,r1,0.017578125,512
Qwen/Qwen2.5-0.5B,4,0.16666666666666666,mean,zh,ko,raw,r5,0.064453125,512
Qwen/Qwen2.5-0.5B,4,0.16666666666666666,mean,zh,ko,raw,r10,0.076171875,512
Qwen/Qwen2.5-0.5B,4,0.16666666666666666,mean,zh,ko,raw,mrr,0.045053125397871915,512
Qwen/Qwen2.5-0.5B,4,0.16666666666666666,mean,zh,ja,raw,r1,0.0703125,512
Qwen/Qwen2.5-0.5B,4,0.16666666666666666,mean,zh,ja,raw,r5,0.15234375,512
Qwen/Qwen2.5-0.5B,4,0.16666666666666666,mean,zh,ja,raw,r10,0.181640625,512
Qwen/Qwen2.5-0.5B,4,0.16666666666666666,mean,zh,ja,raw,mrr,0.11575376714518365,512
Qwen/Qwen2.5-0.5B,5,0.20833333333333334,mean,en,ko,raw,r1,0.01171875,512
Qwen/Qwen2.5-0.5B,5,0.20833333333333334,mean,en,ko,raw,r5,0.044921875,512
Qwen/Qwen2.5-0.5B,5,0.20833333333333334,mean,en,ko,raw,r10,0.0625,512
Qwen/Qwen2.5-0.5B,5,0.20833333333333334,mean,en,ko,raw,mrr,0.03341910311076007,512
Qwen/Qwen2.5-0.5B,5,0.20833333333333334,mean,en,ja,raw,r1,0.048828125,512
Qwen/Qwen2.5-0.5B,5,0.20833333333333334,mean,en,ja,raw,r5,0.087890625,512
Qwen/Qwen2.5-0.5B,5,0.20833333333333334,mean,en,ja,raw,r10,0.115234375,512
Qwen/Qwen2.5-0.5B,5,0.20833333333333334,mean,en,ja,raw,mrr,0.07895552975346509,512
Qwen/Qwen2.5-0.5B,5,0.20833333333333334,mean,en,zh,raw,r1,0.7890625,512
Qwen/Qwen2.5-0.5B,5,0.20833333333333334,mean,en,zh,raw,r5,0.8359375,512
Qwen/Qwen2.5-0.5B,5,0.20833333333333334,mean,en,zh,raw,r10,0.853515625,512
Qwen/Qwen2.5-0.5B,5,0.20833333333333334,mean,en,zh,raw,mrr,0.8125125187312655,512
Qwen/Qwen2.5-0.5B,5,0.20833333333333334,mean,ko,en,raw,r1,0.490234375,512
Qwen/Qwen2.5-0.5B,5,0.20833333333333334,mean,ko,en,raw,r5,0.724609375,512
Qwen/Qwen2.5-0.5B,5,0.20833333333333334,mean,ko,en,raw,r10,0.8046875,512
Qwen/Qwen2.5-0.5B,5,0.20833333333333334,mean,ko,en,raw,mrr,0.5981347673208329,512
Qwen/Qwen2.5-0.5B,5,0.20833333333333334,mean,ko,ja,raw,r1,0.734375,512
Qwen/Qwen2.5-0.5B,5,0.20833333333333334,mean,ko,ja,raw,r5,0.84765625,512
Qwen/Qwen2.5-0.5B,5,0.20833333333333334,mean,ko,ja,raw,r10,0.876953125,512
Qwen/Qwen2.5-0.5B,5,0.20833333333333334,mean,ko,ja,raw,mrr,0.7873080389904807,512
Qwen/Qwen2.5-0.5B,5,0.20833333333333334,mean,ko,zh,raw,r1,0.39453125,512
Qwen/Qwen2.5-0.5B,5,0.20833333333333334,mean,ko,zh,raw,r5,0.578125,512
Qwen/Qwen2.5-0.5B,5,0.20833333333333334,mean,ko,zh,raw,r10,0.66796875,512
Qwen/Qwen2.5-0.5B,5,0.20833333333333334,mean,ko,zh,raw,mrr,0.48805350021431476,512
Qwen/Qwen2.5-0.5B,5,0.20833333333333334,mean,ja,en,raw,r1,0.712890625,512
Qwen/Qwen2.5-0.5B,5,0.20833333333333334,mean,ja,en,raw,r5,0.853515625,512
Qwen/Qwen2.5-0.5B,5,0.20833333333333334,mean,ja,en,raw,r10,0.88671875,512
Qwen/Qwen2.5-0.5B,5,0.20833333333333334,mean,ja,en,raw,mrr,0.7790987981364398,512
Qwen/Qwen2.5-0.5B,5,0.20833333333333334,mean,ja,ko,raw,r1,0.455078125,512
Qwen/Qwen2.5-0.5B,5,0.20833333333333334,mean,ja,ko,raw,r5,0.572265625,512
Qwen/Qwen2.5-0.5B,5,0.20833333333333334,mean,ja,ko,raw,r10,0.609375,512
Qwen/Qwen2.5-0.5B,5,0.20833333333333334,mean,ja,ko,raw,mrr,0.5153005262481463,512
Qwen/Qwen2.5-0.5B,5,0.20833333333333334,mean,ja,zh,raw,r1,0.703125,512
Qwen/Qwen2.5-0.5B,5,0.20833333333333334,mean,ja,zh,raw,r5,0.83203125,512
Qwen/Qwen2.5-0.5B,5,0.20833333333333334,mean,ja,zh,raw,r10,0.869140625,512
Qwen/Qwen2.5-0.5B,5,0.20833333333333334,mean,ja,zh,raw,mrr,0.7648309085529059,512
Qwen/Qwen2.5-0.5B,5,0.20833333333333334,mean,zh,en,raw,r1,0.859375,512
Qwen/Qwen2.5-0.5B,5,0.20833333333333334,mean,zh,en,raw,r5,0.92578125,512
Qwen/Qwen2.5-0.5B,5,0.20833333333333334,mean,zh,en,raw,r10,0.939453125,512
Qwen/Qwen2.5-0.5B,5,0.20833333333333334,mean,zh,en,raw,mrr,0.8883286440497271,512
Qwen/Qwen2.5-0.5B,5,0.20833333333333334,mean,zh,ko,raw,r1,0.025390625,512
Qwen/Qwen2.5-0.5B,5,0.20833333333333334,mean,zh,ko,raw,r5,0.080078125,512
Qwen/Qwen2.5-0.5B,5,0.20833333333333334,mean,zh,ko,raw,r10,0.099609375,512
Qwen/Qwen2.5-0.5B,5,0.20833333333333334,mean,zh,ko,raw,mrr,0.05699228477464469,512
Qwen/Qwen2.5-0.5B,5,0.20833333333333334,mean,zh,ja,raw,r1,0.1171875,512
Qwen/Qwen2.5-0.5B,5,0.20833333333333334,mean,zh,ja,raw,r5,0.19140625,512
Qwen/Qwen2.5-0.5B,5,0.20833333333333334,mean,zh,ja,raw,r10,0.22265625,512
Qwen/Qwen2.5-0.5B,5,0.20833333333333334,mean,zh,ja,raw,mrr,0.16531673059405458,512
Qwen/Qwen2.5-0.5B,6,0.25,mean,en,ko,raw,r1,0.01171875,512
Qwen/Qwen2.5-0.5B,6,0.25,mean,en,ko,raw,r5,0.0546875,512
Qwen/Qwen2.5-0.5B,6,0.25,mean,en,ko,raw,r10,0.07421875,512
Qwen/Qwen2.5-0.5B,6,0.25,mean,en,ko,raw,mrr,0.03931682491053756,512
Qwen/Qwen2.5-0.5B,6,0.25,mean,en,ja,raw,r1,0.05859375,512
Qwen/Qwen2.5-0.5B,6,0.25,mean,en,ja,raw,r5,0.109375,512
Qwen/Qwen2.5-0.5B,6,0.25,mean,en,ja,raw,r10,0.1328125,512
Qwen/Qwen2.5-0.5B,6,0.25,mean,en,ja,raw,mrr,0.09443892491554354,512
Qwen/Qwen2.5-0.5B,6,0.25,mean,en,zh,raw,r1,0.80078125,512
Qwen/Qwen2.5-0.5B,6,0.25,mean,en,zh,raw,r5,0.853515625,512
Qwen/Qwen2.5-0.5B,6,0.25,mean,en,zh,raw,r10,0.87109375,512
Qwen/Qwen2.5-0.5B,6,0.25,mean,en,zh,raw,mrr,0.8264880557954224,512
Qwen/Qwen2.5-0.5B,6,0.25,mean,ko,en,raw,r1,0.626953125,512
Qwen/Qwen2.5-0.5B,6,0.25,mean,ko,en,raw,r5,0.822265625,512
Qwen/Qwen2.5-0.5B,6,0.25,mean,ko,en,raw,r10,0.8828125,512
Qwen/Qwen2.5-0.5B,6,0.25,mean,ko,en,raw,mrr,0.7172282472381823,512
Qwen/Qwen2.5-0.5B,6,0.25,mean,ko,ja,raw,r1,0.76953125,512
Qwen/Qwen2.5-0.5B,6,0.25,mean,ko,ja,raw,r5,0.869140625,512
Qwen/Qwen2.5-0.5B,6,0.25,mean,ko,ja,raw,r10,0.91015625,512
Qwen/Qwen2.5-0.5B,6,0.25,mean,ko,ja,raw,mrr,0.8182164447875009,512
Qwen/Qwen2.5-0.5B,6,0.25,mean,ko,zh,raw,r1,0.478515625,512
Qwen/Qwen2.5-0.5B,6,0.25,mean,ko,zh,raw,r5,0.6796875,512
Qwen/Qwen2.5-0.5B,6,0.25,mean,ko,zh,raw,r10,0.7578125,512
Qwen/Qwen2.5-0.5B,6,0.25,mean,ko,zh,raw,mrr,0.5755572041714058,512
Qwen/Qwen2.5-0.5B,6,0.25,mean,ja,en,raw,r1,0.830078125,512
Qwen/Qwen2.5-0.5B,6,0.25,mean,ja,en,raw,r5,0.923828125,512
Qwen/Qwen2.5-0.5B,6,0.25,mean,ja,en,raw,r10,0.943359375,512
Qwen/Qwen2.5-0.5B,6,0.25,mean,ja,en,raw,mrr,0.8728222766099314,512
Qwen/Qwen2.5-0.5B,6,0.25,mean,ja,ko,raw,r1,0.564453125,512
Qwen/Qwen2.5-0.5B,6,0.25,mean,ja,ko,raw,r5,0.67578125,512
Qwen/Qwen2.5-0.5B,6,0.25,mean,ja,ko,raw,r10,0.7109375,512
Qwen/Qwen2.5-0.5B,6,0.25,mean,ja,ko,raw,mrr,0.6199420761024471,512
Qwen/Qwen2.5-0.5B,6,0.25,mean,ja,zh,raw,r1,0.744140625,512
Qwen/Qwen2.5-0.5B,6,0.25,mean,ja,zh,raw,r5,0.875,512
Qwen/Qwen2.5-0.5B,6,0.25,mean,ja,zh,raw,r10,0.923828125,512
Qwen/Qwen2.5-0.5B,6,0.25,mean,ja,zh,raw,mrr,0.8059713936035502,512
Qwen/Qwen2.5-0.5B,6,0.25,mean,zh,en,raw,r1,0.861328125,512
Qwen/Qwen2.5-0.5B,6,0.25,mean,zh,en,raw,r5,0.921875,512
Qwen/Qwen2.5-0.5B,6,0.25,mean,zh,en,raw,r10,0.935546875,512
Qwen/Qwen2.5-0.5B,6,0.25,mean,zh,en,raw,mrr,0.8890361059735956,512
Qwen/Qwen2.5-0.5B,6,0.25,mean,zh,ko,raw,r1,0.03515625,512
Qwen/Qwen2.5-0.5B,6,0.25,mean,zh,ko,raw,r5,0.095703125,512
Qwen/Qwen2.5-0.5B,6,0.25,mean,zh,ko,raw,r10,0.12109375,512
Qwen/Qwen2.5-0.5B,6,0.25,mean,zh,ko,raw,mrr,0.07062987042007443,512
Qwen/Qwen2.5-0.5B,6,0.25,mean,zh,ja,raw,r1,0.12890625,512
Qwen/Qwen2.5-0.5B,6,0.25,mean,zh,ja,raw,r5,0.220703125,512
Qwen/Qwen2.5-0.5B,6,0.25,mean,zh,ja,raw,r10,0.26171875,512
Qwen/Qwen2.5-0.5B,6,0.25,mean,zh,ja,raw,mrr,0.18012037878999163,512
Qwen/Qwen2.5-0.5B,7,0.2916666666666667,mean,en,ko,raw,r1,0.009765625,512
Qwen/Qwen2.5-0.5B,7,0.2916666666666667,mean,en,ko,raw,r5,0.048828125,512
Qwen/Qwen2.5-0.5B,7,0.2916666666666667,mean,en,ko,raw,r10,0.068359375,512
Qwen/Qwen2.5-0.5B,7,0.2916666666666667,mean,en,ko,raw,mrr,0.03497657987902706,512
Qwen/Qwen2.5-0.5B,7,0.2916666666666667,mean,en,ja,raw,r1,0.044921875,512
Qwen/Qwen2.5-0.5B,7,0.2916666666666667,mean,en,ja,raw,r5,0.1015625,512
Qwen/Qwen2.5-0.5B,7,0.2916666666666667,mean,en,ja,raw,r10,0.1328125,512
Qwen/Qwen2.5-0.5B,7,0.2916666666666667,mean,en,ja,raw,mrr,0.08207938219050277,512
Qwen/Qwen2.5-0.5B,7,0.2916666666666667,mean,en,zh,raw,r1,0.76953125,512
Qwen/Qwen2.5-0.5B,7,0.2916666666666667,mean,en,zh,raw,r5,0.830078125,512
Qwen/Qwen2.5-0.5B,7,0.2916666666666667,mean,en,zh,raw,r10,0.853515625,512
Qwen/Qwen2.5-0.5B,7,0.2916666666666667,mean,en,zh,raw,mrr,0.7965135485454118,512
Qwen/Qwen2.5-0.5B,7,0.2916666666666667,mean,ko,en,raw,r1,0.556640625,512
Qwen/Qwen2.5-0.5B,7,0.2916666666666667,mean,ko,en,raw,r5,0.76171875,512
Qwen/Qwen2.5-0.5B,7,0.2916666666666667,mean,ko,en,raw,r10,0.833984375,512
Qwen/Qwen2.5-0.5B,7,0.2916666666666667,mean,ko,en,raw,mrr,0.6533674010556669,512
Qwen/Qwen2.5-0.5B,7,0.2916666666666667,mean,ko,ja,raw,r1,0.767578125,512
Qwen/Qwen2.5-0.5B,7,0.2916666666666667,mean,ko,ja,raw,r5,0.880859375,512
Qwen/Qwen2.5-0.5B,7,0.2916666666666667,mean,ko,ja,raw,r10,0.8984375,512
Qwen/Qwen2.5-0.5B,7,0.2916666666666667,mean,ko,ja,raw,mrr,0.8153987397740285,512
Qwen/Qwen2.5-0.5B,7,0.2916666666666667,mean,ko,zh,raw,r1,0.38671875,512
Qwen/Qwen2.5-0.5B,7,0.2916666666666667,mean,ko,zh,raw,r5,0.587890625,512
Qwen/Qwen2.5-0.5B,7,0.2916666666666667,mean,ko,zh,raw,r10,0.666015625,512
Qwen/Qwen2.5-0.5B,7,0.2916666666666667,mean,ko,zh,raw,mrr,0.48519396412416016,512
Qwen/Qwen2.5-0.5B,7,0.2916666666666667,mean,ja,en,raw,r1,0.76171875,512
Qwen/Qwen2.5-0.5B,7,0.2916666666666667,mean,ja,en,raw,r5,0.8984375,512
Qwen/Qwen2.5-0.5B,7,0.2916666666666667,mean,ja,en,raw,r10,0.92578125,512
Qwen/Qwen2.5-0.5B,7,0.2916666666666667,mean,ja,en,raw,mrr,0.8233614760606245,512
Qwen/Qwen2.5-0.5B,7,0.2916666666666667,mean,ja,ko,raw,r1,0.5703125,512
Qwen/Qwen2.5-0.5B,7,0.2916666666666667,mean,ja,ko,raw,r5,0.6875,512
Qwen/Qwen2.5-0.5B,7,0.2916666666666667,mean,ja,ko,raw,r10,0.712890625,512
Qwen/Qwen2.5-0.5B,7,0.2916666666666667,mean,ja,ko,raw,mrr,0.6270584970722923,512
Qwen/Qwen2.5-0.5B,7,0.2916666666666667,mean,ja,zh,raw,r1,0.677734375,512
Qwen/Qwen2.5-0.5B,7,0.2916666666666667,mean,ja,zh,raw,r5,0.814453125,512
Qwen/Qwen2.5-0.5B,7,0.2916666666666667,mean,ja,zh,raw,r10,0.865234375,512
Qwen/Qwen2.5-0.5B,7,0.2916666666666667,mean,ja,zh,raw,mrr,0.7435792114895353,512
Qwen/Qwen2.5-0.5B,7,0.2916666666666667,mean,zh,en,raw,r1,0.837890625,512
Qwen/Qwen2.5-0.5B,7,0.2916666666666667,mean,zh,en,raw,r5,0.90234375,512
Qwen/Qwen2.5-0.5B,7,0.2916666666666667,mean,zh,en,raw,r10,0.927734375,512
Qwen/Qwen2.5-0.5B,7,0.2916666666666667,mean,zh,en,raw,mrr,0.8689098474323332,512
Qwen/Qwen2.5-0.5B,7,0.2916666666666667,mean,zh,ko,raw,r1,0.0390625,512
Qwen/Qwen2.5-0.5B,7,0.2916666666666667,mean,zh,ko,raw,r5,0.1015625,512
Qwen/Qwen2.5-0.5B,7,0.2916666666666667,mean,zh,ko,raw,r10,0.125,512
Qwen/Qwen2.5-0.5B,7,0.2916666666666667,mean,zh,ko,raw,mrr,0.07418439703464981,512
Qwen/Qwen2.5-0.5B,7,0.2916666666666667,mean,zh,ja,raw,r1,0.126953125,512
Qwen/Qwen2.5-0.5B,7,0.2916666666666667,mean,zh,ja,raw,r5,0.212890625,512
Qwen/Qwen2.5-0.5B,7,0.2916666666666667,mean,zh,ja,raw,r10,0.2578125,512
Qwen/Qwen2.5-0.5B,7,0.2916666666666667,mean,zh,ja,raw,mrr,0.1776086522545252,512
Qwen/Qwen2.5-0.5B,8,0.3333333333333333,mean,en,ko,raw,r1,0.01171875,512
Qwen/Qwen2.5-0.5B,8,0.3333333333333333,mean,en,ko,raw,r5,0.046875,512
Qwen/Qwen2.5-0.5B,8,0.3333333333333333,mean,en,ko,raw,r10,0.064453125,512
Qwen/Qwen2.5-0.5B,8,0.3333333333333333,mean,en,ko,raw,mrr,0.03747563506397486,512
Qwen/Qwen2.5-0.5B,8,0.3333333333333333,mean,en,ja,raw,r1,0.048828125,512
Qwen/Qwen2.5-0.5B,8,0.3333333333333333,mean,en,ja,raw,r5,0.103515625,512
Qwen/Qwen2.5-0.5B,8,0.3333333333333333,mean,en,ja,raw,r10,0.123046875,512
Qwen/Qwen2.5-0.5B,8,0.3333333333333333,mean,en,ja,raw,mrr,0.0830753713252875,512
Qwen/Qwen2.5-0.5B,8,0.3333333333333333,mean,en,zh,raw,r1,0.796875,512
Qwen/Qwen2.5-0.5B,8,0.3333333333333333,mean,en,zh,raw,r5,0.845703125,512
Qwen/Qwen2.5-0.5B,8,0.3333333333333333,mean,en,zh,raw,r10,0.865234375,512
Qwen/Qwen2.5-0.5B,8,0.3333333333333333,mean,en,zh,raw,mrr,0.8203453655254287,512
Qwen/Qwen2.5-0.5B,8,0.3333333333333333,mean,ko,en,raw,r1,0.619140625,512
Qwen/Qwen2.5-0.5B,8,0.3333333333333333,mean,ko,en,raw,r5,0.83203125,512
Qwen/Qwen2.5-0.5B,8,0.3333333333333333,mean,ko,en,raw,r10,0.892578125,512
Qwen/Qwen2.5-0.5B,8,0.3333333333333333,mean,ko,en,raw,mrr,0.7173973442196582,512
Qwen/Qwen2.5-0.5B,8,0.3333333333333333,mean,ko,ja,raw,r1,0.814453125,512
Qwen/Qwen2.5-0.5B,8,0.3333333333333333,mean,ko,ja,raw,r5,0.8984375,512
Qwen/Qwen2.5-0.5B,8,0.3333333333333333,mean,ko,ja,raw,r10,0.91796875,512
Qwen/Qwen2.5-0.5B,8,0.3333333333333333,mean,ko,ja,raw,mrr,0.8524296250094137,512
Qwen/Qwen2.5-0.5B,8,0.3333333333333333,mean,ko,zh,raw,r1,0.46875,512
Qwen/Qwen2.5-0.5B,8,0.3333333333333333,mean,ko,zh,raw,r5,0.69140625,512
Qwen/Qwen2.5-0.5B,8,0.3333333333333333,mean,ko,zh,raw,r10,0.76953125,512
Qwen/Qwen2.5-0.5B,8,0.3333333333333333,mean,ko,zh,raw,mrr,0.575221008916944,512
Qwen/Qwen2.5-0.5B,8,0.3333333333333333,mean,ja,en,raw,r1,0.80859375,512
Qwen/Qwen2.5-0.5B,8,0.3333333333333333,mean,ja,en,raw,r5,0.923828125,512
Qwen/Qwen2.5-0.5B,8,0.3333333333333333,mean,ja,en,raw,r10,0.947265625,512
Qwen/Qwen2.5-0.5B,8,0.3333333333333333,mean,ja,en,raw,mrr,0.8581546857457741,512
Qwen/Qwen2.5-0.5B,8,0.3333333333333333,mean,ja,ko,raw,r1,0.60546875,512
Qwen/Qwen2.5-0.5B,8,0.3333333333333333,mean,ja,ko,raw,r5,0.705078125,512
Qwen/Qwen2.5-0.5B,8,0.3333333333333333,mean,ja,ko,raw,r10,0.74609375,512
Qwen/Qwen2.5-0.5B,8,0.3333333333333333,mean,ja,ko,raw,mrr,0.6575035065248573,512
Qwen/Qwen2.5-0.5B,8,0.3333333333333333,mean,ja,zh,raw,r1,0.734375,512
Qwen/Qwen2.5-0.5B,8,0.3333333333333333,mean,ja,zh,raw,r5,0.8828125,512
Qwen/Qwen2.5-0.5B,8,0.3333333333333333,mean,ja,zh,raw,r10,0.919921875,512
Qwen/Qwen2.5-0.5B,8,0.3333333333333333,mean,ja,zh,raw,mrr,0.8014957224359387,512
Qwen/Qwen2.5-0.5B,8,0.3333333333333333,mean,zh,en,raw,r1,0.85546875,512
Qwen/Qwen2.5-0.5B,8,0.3333333333333333,mean,zh,en,raw,r5,0.91796875,512
Qwen/Qwen2.5-0.5B,8,0.3333333333333333,mean,zh,en,raw,r10,0.931640625,512
Qwen/Qwen2.5-0.5B,8,0.3333333333333333,mean,zh,en,raw,mrr,0.8841895877964204,512
Qwen/Qwen2.5-0.5B,8,0.3333333333333333,mean,zh,ko,raw,r1,0.0390625,512
Qwen/Qwen2.5-0.5B,8,0.3333333333333333,mean,zh,ko,raw,r5,0.1015625,512
Qwen/Qwen2.5-0.5B,8,0.3333333333333333,mean,zh,ko,raw,r10,0.123046875,512
Qwen/Qwen2.5-0.5B,8,0.3333333333333333,mean,zh,ko,raw,mrr,0.07284407515719021,512
Qwen/Qwen2.5-0.5B,8,0.3333333333333333,mean,zh,ja,raw,r1,0.12890625,512
Qwen/Qwen2.5-0.5B,8,0.3333333333333333,mean,zh,ja,raw,r5,0.19921875,512
Qwen/Qwen2.5-0.5B,8,0.3333333333333333,mean,zh,ja,raw,r10,0.25,512
Qwen/Qwen2.5-0.5B,8,0.3333333333333333,mean,zh,ja,raw,mrr,0.17284288539002457,512
Qwen/Qwen2.5-0.5B,9,0.375,mean,en,ko,raw,r1,0.017578125,512
Qwen/Qwen2.5-0.5B,9,0.375,mean,en,ko,raw,r5,0.052734375,512
Qwen/Qwen2.5-0.5B,9,0.375,mean,en,ko,raw,r10,0.07421875,512
Qwen/Qwen2.5-0.5B,9,0.375,mean,en,ko,raw,mrr,0.04356474038847697,512
Qwen/Qwen2.5-0.5B,9,0.375,mean,en,ja,raw,r1,0.068359375,512
Qwen/Qwen2.5-0.5B,9,0.375,mean,en,ja,raw,r5,0.12109375,512
Qwen/Qwen2.5-0.5B,9,0.375,mean,en,ja,raw,r10,0.146484375,512
Qwen/Qwen2.5-0.5B,9,0.375,mean,en,ja,raw,mrr,0.10184690889206766,512
Qwen/Qwen2.5-0.5B,9,0.375,mean,en,zh,raw,r1,0.818359375,512
Qwen/Qwen2.5-0.5B,9,0.375,mean,en,zh,raw,r5,0.859375,512
Qwen/Qwen2.5-0.5B,9,0.375,mean,en,zh,raw,r10,0.875,512
Qwen/Qwen2.5-0.5B,9,0.375,mean,en,zh,raw,mrr,0.839183034302194,512
Qwen/Qwen2.5-0.5B,9,0.375,mean,ko,en,raw,r1,0.66796875,512
Qwen/Qwen2.5-0.5B,9,0.375,mean,ko,en,raw,r5,0.85546875,512
Qwen/Qwen2.5-0.5B,9,0.375,mean,ko,en,raw,r10,0.916015625,512
Qwen/Qwen2.5-0.5B,9,0.375,mean,ko,en,raw,mrr,0.7505058277278935,512
Qwen/Qwen2.5-0.5B,9,0.375,mean,ko,ja,raw,r1,0.828125,512
Qwen/Qwen2.5-0.5B,9,0.375,mean,ko,ja,raw,r5,0.90625,512
Qwen/Qwen2.5-0.5B,9,0.375,mean,ko,ja,raw,r10,0.92578125,512
Qwen/Qwen2.5-0.5B,9,0.375,mean,ko,ja,raw,mrr,0.8633750358817427,512
Qwen/Qwen2.5-0.5B,9,0.375,mean,ko,zh,raw,r1,0.513671875,512
Qwen/Qwen2.5-0.5B,9,0.375,mean,ko,zh,raw,r5,0.716796875,512
Qwen/Qwen2.5-0.5B,9,0.375,mean,ko,zh,raw,r10,0.78515625,512
Qwen/Qwen2.5-0.5B,9,0.375,mean,ko,zh,raw,mrr,0.6077550352477508,512
Qwen/Qwen2.5-0.5B,9,0.375,mean,ja,en,raw,r1,0.806640625,512
Qwen/Qwen2.5-0.5B,9,0.375,mean,ja,en,raw,r5,0.923828125,512
Qwen/Qwen2.5-0.5B,9,0.375,mean,ja,en,raw,r10,0.95703125,512
Qwen/Qwen2.5-0.5B,9,0.375,mean,ja,en,raw,mrr,0.8590737946190883,512
Qwen/Qwen2.5-0.5B,9,0.375,mean,ja,ko,raw,r1,0.646484375,512
Qwen/Qwen2.5-0.5B,9,0.375,mean,ja,ko,raw,r5,0.728515625,512
Qwen/Qwen2.5-0.5B,9,0.375,mean,ja,ko,raw,r10,0.76171875,512
Qwen/Qwen2.5-0.5B,9,0.375,mean,ja,ko,raw,mrr,0.6879057873635489,512
Qwen/Qwen2.5-0.5B,9,0.375,mean,ja,zh,raw,r1,0.755859375,512
Qwen/Qwen2.5-0.5B,9,0.375,mean,ja,zh,raw,r5,0.880859375,512
Qwen/Qwen2.5-0.5B,9,0.375,mean,ja,zh,raw,r10,0.90625,512
Qwen/Qwen2.5-0.5B,9,0.375,mean,ja,zh,raw,mrr,0.8083868390496041,512
Qwen/Qwen2.5-0.5B,9,0.375,mean,zh,en,raw,r1,0.84765625,512
Qwen/Qwen2.5-0.5B,9,0.375,mean,zh,en,raw,r5,0.91796875,512
Qwen/Qwen2.5-0.5B,9,0.375,mean,zh,en,raw,r10,0.927734375,512
Qwen/Qwen2.5-0.5B,9,0.375,mean,zh,en,raw,mrr,0.8792145451638148,512
Qwen/Qwen2.5-0.5B,9,0.375,mean,zh,ko,raw,r1,0.04296875,512
Qwen/Qwen2.5-0.5B,9,0.375,mean,zh,ko,raw,r5,0.115234375,512
Qwen/Qwen2.5-0.5B,9,0.375,mean,zh,ko,raw,r10,0.130859375,512
Qwen/Qwen2.5-0.5B,9,0.375,mean,zh,ko,raw,mrr,0.08263059738816775,512
Qwen/Qwen2.5-0.5B,9,0.375,mean,zh,ja,raw,r1,0.14453125,512
Qwen/Qwen2.5-0.5B,9,0.375,mean,zh,ja,raw,r5,0.236328125,512
Qwen/Qwen2.5-0.5B,9,0.375,mean,zh,ja,raw,r10,0.29296875,512
Qwen/Qwen2.5-0.5B,9,0.375,mean,zh,ja,raw,mrr,0.1952160199644017,512
Qwen/Qwen2.5-0.5B,10,0.4166666666666667,mean,en,ko,raw,r1,0.015625,512
Qwen/Qwen2.5-0.5B,10,0.4166666666666667,mean,en,ko,raw,r5,0.068359375,512
Qwen/Qwen2.5-0.5B,10,0.4166666666666667,mean,en,ko,raw,r10,0.080078125,512
Qwen/Qwen2.5-0.5B,10,0.4166666666666667,mean,en,ko,raw,mrr,0.04615683608561462,512
Qwen/Qwen2.5-0.5B,10,0.4166666666666667,mean,en,ja,raw,r1,0.083984375,512
Qwen/Qwen2.5-0.5B,10,0.4166666666666667,mean,en,ja,raw,r5,0.1328125,512
Qwen/Qwen2.5-0.5B,10,0.4166666666666667,mean,en,ja,raw,r10,0.169921875,512
Qwen/Qwen2.5-0.5B,10,0.4166666666666667,mean,en,ja,raw,mrr,0.11734375048887874,512
Qwen/Qwen2.5-0.5B,10,0.4166666666666667,mean,en,zh,raw,r1,0.83203125,512
Qwen/Qwen2.5-0.5B,10,0.4166666666666667,mean,en,zh,raw,r5,0.87109375,512
Qwen/Qwen2.5-0.5B,10,0.4166666666666667,mean,en,zh,raw,r10,0.88671875,512
Qwen/Qwen2.5-0.5B,10,0.4166666666666667,mean,en,zh,raw,mrr,0.8507929693190418,512
Qwen/Qwen2.5-0.5B,10,0.4166666666666667,mean,ko,en,raw,r1,0.69140625,512
Qwen/Qwen2.5-0.5B,10,0.4166666666666667,mean,ko,en,raw,r5,0.89453125,512
Qwen/Qwen2.5-0.5B,10,0.4166666666666667,mean,ko,en,raw,r10,0.9375,512
Qwen/Qwen2.5-0.5B,10,0.4166666666666667,mean,ko,en,raw,mrr,0.7769502250322406,512
Qwen/Qwen2.5-0.5B,10,0.4166666666666667,mean,ko,ja,raw,r1,0.841796875,512
Qwen/Qwen2.5-0.5B,10,0.4166666666666667,mean,ko,ja,raw,r5,0.912109375,512
Qwen/Qwen2.5-0.5B,10,0.4166666666666667,mean,ko,ja,raw,r10,0.92578125,512
Qwen/Qwen2.5-0.5B,10,0.4166666666666667,mean,ko,ja,raw,mrr,0.872948533722143,512
Qwen/Qwen2.5-0.5B,10,0.4166666666666667,mean,ko,zh,raw,r1,0.5390625,512
Qwen/Qwen2.5-0.5B,10,0.4166666666666667,mean,ko,zh,raw,r5,0.75,512
Qwen/Qwen2.5-0.5B,10,0.4166666666666667,mean,ko,zh,raw,r10,0.8046875,512
Qwen/Qwen2.5-0.5B,10,0.4166666666666667,mean,ko,zh,raw,mrr,0.6339941277026797,512
Qwen/Qwen2.5-0.5B,10,0.4166666666666667,mean,ja,en,raw,r1,0.828125,512
Qwen/Qwen2.5-0.5B,10,0.4166666666666667,mean,ja,en,raw,r5,0.931640625,512
Qwen/Qwen2.5-0.5B,10,0.4166666666666667,mean,ja,en,raw,r10,0.9609375,512
Qwen/Qwen2.5-0.5B,10,0.4166666666666667,mean,ja,en,raw,mrr,0.8759084271935934,512
Qwen/Qwen2.5-0.5B,10,0.4166666666666667,mean,ja,ko,raw,r1,0.65625,512
Qwen/Qwen2.5-0.5B,10,0.4166666666666667,mean,ja,ko,raw,r5,0.7421875,512
Qwen/Qwen2.5-0.5B,10,0.4166666666666667,mean,ja,ko,raw,r10,0.787109375,512
Qwen/Qwen2.5-0.5B,10,0.4166666666666667,mean,ja,ko,raw,mrr,0.6983232252088823,512
Qwen/Qwen2.5-0.5B,10,0.4166666666666667,mean,ja,zh,raw,r1,0.76953125,512
Qwen/Qwen2.5-0.5B,10,0.4166666666666667,mean,ja,zh,raw,r5,0.8828125,512
Qwen/Qwen2.5-0.5B,10,0.4166666666666667,mean,ja,zh,raw,r10,0.919921875,512
Qwen/Qwen2.5-0.5B,10,0.4166666666666667,mean,ja,zh,raw,mrr,0.8215941185750394,512
Qwen/Qwen2.5-0.5B,10,0.4166666666666667,mean,zh,en,raw,r1,0.849609375,512
Qwen/Qwen2.5-0.5B,10,0.4166666666666667,mean,zh,en,raw,r5,0.916015625,512
Qwen/Qwen2.5-0.5B,10,0.4166666666666667,mean,zh,en,raw,r10,0.93359375,512
Qwen/Qwen2.5-0.5B,10,0.4166666666666667,mean,zh,en,raw,mrr,0.8813906640918834,512
Qwen/Qwen2.5-0.5B,10,0.4166666666666667,mean,zh,ko,raw,r1,0.044921875,512
Qwen/Qwen2.5-0.5B,10,0.4166666666666667,mean,zh,ko,raw,r5,0.12109375,512
Qwen/Qwen2.5-0.5B,10,0.4166666666666667,mean,zh,ko,raw,r10,0.142578125,512
Qwen/Qwen2.5-0.5B,10,0.4166666666666667,mean,zh,ko,raw,mrr,0.08700295965609708,512
Qwen/Qwen2.5-0.5B,10,0.4166666666666667,mean,zh,ja,raw,r1,0.154296875,512
Qwen/Qwen2.5-0.5B,10,0.4166666666666667,mean,zh,ja,raw,r5,0.255859375,512
Qwen/Qwen2.5-0.5B,10,0.4166666666666667,mean,zh,ja,raw,r10,0.30078125,512
Qwen/Qwen2.5-0.5B,10,0.4166666666666667,mean,zh,ja,raw,mrr,0.2069787600865815,512
Qwen/Qwen2.5-0.5B,11,0.4583333333333333,mean,en,ko,raw,r1,0.02734375,512
Qwen/Qwen2.5-0.5B,11,0.4583333333333333,mean,en,ko,raw,r5,0.072265625,512
Qwen/Qwen2.5-0.5B,11,0.4583333333333333,mean,en,ko,raw,r10,0.0859375,512
Qwen/Qwen2.5-0.5B,11,0.4583333333333333,mean,en,ko,raw,mrr,0.05509714436465155,512
Qwen/Qwen2.5-0.5B,11,0.4583333333333333,mean,en,ja,raw,r1,0.091796875,512
Qwen/Qwen2.5-0.5B,11,0.4583333333333333,mean,en,ja,raw,r5,0.15234375,512
Qwen/Qwen2.5-0.5B,11,0.4583333333333333,mean,en,ja,raw,r10,0.189453125,512
Qwen/Qwen2.5-0.5B,11,0.4583333333333333,mean,en,ja,raw,mrr,0.12953096085400045,512
Qwen/Qwen2.5-0.5B,11,0.4583333333333333,mean,en,zh,raw,r1,0.841796875,512
Qwen/Qwen2.5-0.5B,11,0.4583333333333333,mean,en,zh,raw,r5,0.876953125,512
Qwen/Qwen2.5-0.5B,11,0.4583333333333333,mean,en,zh,raw,r10,0.896484375,512
Qwen/Qwen2.5-0.5B,11,0.4583333333333333,mean,en,zh,raw,mrr,0.8596915202384848,512
Qwen/Qwen2.5-0.5B,11,0.4583333333333333,mean,ko,en,raw,r1,0.673828125,512
Qwen/Qwen2.5-0.5B,11,0.4583333333333333,mean,ko,en,raw,r5,0.859375,512
Qwen/Qwen2.5-0.5B,11,0.4583333333333333,mean,ko,en,raw,r10,0.908203125,512
Qwen/Qwen2.5-0.5B,11,0.4583333333333333,mean,ko,en,raw,mrr,0.7575121866347747,512
Qwen/Qwen2.5-0.5B,11,0.4583333333333333,mean,ko,ja,raw,r1,0.849609375,512
Qwen/Qwen2.5-0.5B,11,0.4583333333333333,mean,ko,ja,raw,r5,0.9140625,512
Qwen/Qwen2.5-0.5B,11,0.4583333333333333,mean,ko,ja,raw,r10,0.9296875,512
Qwen/Qwen2.5-0.5B,11,0.4583333333333333,mean,ko,ja,raw,mrr,0.8822133663889825,512
Qwen/Qwen2.5-0.5B,11,0.4583333333333333,mean,ko,zh,raw,r1,0.50390625,512
Qwen/Qwen2.5-0.5B,11,0.4583333333333333,mean,ko,zh,raw,r5,0.701171875,512
Qwen/Qwen2.5-0.5B,11,0.4583333333333333,mean,ko,zh,raw,r10,0.76171875,512
Qwen/Qwen2.5-0.5B,11,0.4583333333333333,mean,ko,zh,raw,mrr,0.597229904511039,512
Qwen/Qwen2.5-0.5B,11,0.4583333333333333,mean,ja,en,raw,r1,0.826171875,512
Qwen/Qwen2.5-0.5B,11,0.4583333333333333,mean,ja,en,raw,r5,0.927734375,512
Qwen/Qwen2.5-0.5B,11,0.4583333333333333,mean,ja,en,raw,r10,0.95703125,512
Qwen/Qwen2.5-0.5B,11,0.4583333333333333,mean,ja,en,raw,mrr,0.8703478354752209,512
Qwen/Qwen2.5-0.5B,11,0.4583333333333333,mean,ja,ko,raw,r1,0.671875,512
Qwen/Qwen2.5-0.5B,11,0.4583333333333333,mean,ja,ko,raw,r5,0.76171875,512
Qwen/Qwen2.5-0.5B,11,0.4583333333333333,mean,ja,ko,raw,r10,0.787109375,512
Qwen/Qwen2.5-0.5B,11,0.4583333333333333,mean,ja,ko,raw,mrr,0.7147224287242808,512
Qwen/Qwen2.5-0.5B,11,0.4583333333333333,mean,ja,zh,raw,r1,0.740234375,512
Qwen/Qwen2.5-0.5B,11,0.4583333333333333,mean,ja,zh,raw,r5,0.86328125,512
Qwen/Qwen2.5-0.5B,11,0.4583333333333333,mean,ja,zh,raw,r10,0.896484375,512
Qwen/Qwen2.5-0.5B,11,0.4583333333333333,mean,ja,zh,raw,mrr,0.7937117850834188,512
Qwen/Qwen2.5-0.5B,11,0.4583333333333333,mean,zh,en,raw,r1,0.83984375,512
Qwen/Qwen2.5-0.5B,11,0.4583333333333333,mean,zh,en,raw,r5,0.90625,512
Qwen/Qwen2.5-0.5B,11,0.4583333333333333,mean,zh,en,raw,r10,0.92578125,512
Qwen/Qwen2.5-0.5B,11,0.4583333333333333,mean,zh,en,raw,mrr,0.8718307376807525,512
Qwen/Qwen2.5-0.5B,11,0.4583333333333333,mean,zh,ko,raw,r1,0.05859375,512
Qwen/Qwen2.5-0.5B,11,0.4583333333333333,mean,zh,ko,raw,r5,0.134765625,512
Qwen/Qwen2.5-0.5B,11,0.4583333333333333,mean,zh,ko,raw,r10,0.158203125,512
Qwen/Qwen2.5-0.5B,11,0.4583333333333333,mean,zh,ko,raw,mrr,0.09867716465553371,512
Qwen/Qwen2.5-0.5B,11,0.4583333333333333,mean,zh,ja,raw,r1,0.166015625,512
Qwen/Qwen2.5-0.5B,11,0.4583333333333333,mean,zh,ja,raw,r5,0.267578125,512
Qwen/Qwen2.5-0.5B,11,0.4583333333333333,mean,zh,ja,raw,r10,0.318359375,512
Qwen/Qwen2.5-0.5B,11,0.4583333333333333,mean,zh,ja,raw,mrr,0.21861839999431903,512
Qwen/Qwen2.5-0.5B,12,0.5,mean,en,ko,raw,r1,0.0234375,512
Qwen/Qwen2.5-0.5B,12,0.5,mean,en,ko,raw,r5,0.0703125,512
Qwen/Qwen2.5-0.5B,12,0.5,mean,en,ko,raw,r10,0.080078125,512
Qwen/Qwen2.5-0.5B,12,0.5,mean,en,ko,raw,mrr,0.0508828096637447,512
Qwen/Qwen2.5-0.5B,12,0.5,mean,en,ja,raw,r1,0.078125,512
Qwen/Qwen2.5-0.5B,12,0.5,mean,en,ja,raw,r5,0.138671875,512
Qwen/Qwen2.5-0.5B,12,0.5,mean,en,ja,raw,r10,0.173828125,512
Qwen/Qwen2.5-0.5B,12,0.5,mean,en,ja,raw,mrr,0.11575917609576777,512
Qwen/Qwen2.5-0.5B,12,0.5,mean,en,zh,raw,r1,0.830078125,512
Qwen/Qwen2.5-0.5B,12,0.5,mean,en,zh,raw,r5,0.873046875,512
Qwen/Qwen2.5-0.5B,12,0.5,mean,en,zh,raw,r10,0.888671875,512
Qwen/Qwen2.5-0.5B,12,0.5,mean,en,zh,raw,mrr,0.8511693038379713,512
Qwen/Qwen2.5-0.5B,12,0.5,mean,ko,en,raw,r1,0.701171875,512
Qwen/Qwen2.5-0.5B,12,0.5,mean,ko,en,raw,r5,0.892578125,512
Qwen/Qwen2.5-0.5B,12,0.5,mean,ko,en,raw,r10,0.939453125,512
Qwen/Qwen2.5-0.5B,12,0.5,mean,ko,en,raw,mrr,0.782115093056638,512
Qwen/Qwen2.5-0.5B,12,0.5,mean,ko,ja,raw,r1,0.849609375,512
Qwen/Qwen2.5-0.5B,12,0.5,mean,ko,ja,raw,r5,0.9140625,512
Qwen/Qwen2.5-0.5B,12,0.5,mean,ko,ja,raw,r10,0.927734375,512
Qwen/Qwen2.5-0.5B,12,0.5,mean,ko,ja,raw,mrr,0.8800585428833605,512
Qwen/Qwen2.5-0.5B,12,0.5,mean,ko,zh,raw,r1,0.53125,512
Qwen/Qwen2.5-0.5B,12,0.5,mean,ko,zh,raw,r5,0.736328125,512
Qwen/Qwen2.5-0.5B,12,0.5,mean,ko,zh,raw,r10,0.794921875,512
Qwen/Qwen2.5-0.5B,12,0.5,mean,ko,zh,raw,mrr,0.6264525046272922,512
Qwen/Qwen2.5-0.5B,12,0.5,mean,ja,en,raw,r1,0.8359375,512
Qwen/Qwen2.5-0.5B,12,0.5,mean,ja,en,raw,r5,0.92578125,512
Qwen/Qwen2.5-0.5B,12,0.5,mean,ja,en,raw,r10,0.9609375,512
Qwen/Qwen2.5-0.5B,12,0.5,mean,ja,en,raw,mrr,0.8804788448976935,512
Qwen/Qwen2.5-0.5B,12,0.5,mean,ja,ko,raw,r1,0.669921875,512
Qwen/Qwen2.5-0.5B,12,0.5,mean,ja,ko,raw,r5,0.75390625,512
Qwen/Qwen2.5-0.5B,12,0.5,mean,ja,ko,raw,r10,0.787109375,512
Qwen/Qwen2.5-0.5B,12,0.5,mean,ja,ko,raw,mrr,0.7104722717881338,512
Qwen/Qwen2.5-0.5B,12,0.5,mean,ja,zh,raw,r1,0.763671875,512
Qwen/Qwen2.5-0.5B,12,0.5,mean,ja,zh,raw,r5,0.876953125,512
Qwen/Qwen2.5-0.5B,12,0.5,mean,ja,zh,raw,r10,0.921875,512
Qwen/Qwen2.5-0.5B,12,0.5,mean,ja,zh,raw,mrr,0.8168173821258969,512
Qwen/Qwen2.5-0.5B,12,0.5,mean,zh,en,raw,r1,0.83984375,512
Qwen/Qwen2.5-0.5B,12,0.5,mean,zh,en,raw,r5,0.908203125,512
Qwen/Qwen2.5-0.5B,12,0.5,mean,zh,en,raw,r10,0.92578125,512
Qwen/Qwen2.5-0.5B,12,0.5,mean,zh,en,raw,mrr,0.871923549110498,512
Qwen/Qwen2.5-0.5B,12,0.5,mean,zh,ko,raw,r1,0.05078125,512
Qwen/Qwen2.5-0.5B,12,0.5,mean,zh,ko,raw,r5,0.130859375,512
Qwen/Qwen2.5-0.5B,12,0.5,mean,zh,ko,raw,r10,0.1484375,512
Qwen/Qwen2.5-0.5B,12,0.5,mean,zh,ko,raw,mrr,0.09249065400883143,512
Qwen/Qwen2.5-0.5B,12,0.5,mean,zh,ja,raw,r1,0.154296875,512
Qwen/Qwen2.5-0.5B,12,0.5,mean,zh,ja,raw,r5,0.24609375,512
Qwen/Qwen2.5-0.5B,12,0.5,mean,zh,ja,raw,r10,0.296875,512
Qwen/Qwen2.5-0.5B,12,0.5,mean,zh,ja,raw,mrr,0.20698564703211747,512
Qwen/Qwen2.5-0.5B,13,0.5416666666666666,mean,en,ko,raw,r1,0.025390625,512
Qwen/Qwen2.5-0.5B,13,0.5416666666666666,mean,en,ko,raw,r5,0.06640625,512
Qwen/Qwen2.5-0.5B,13,0.5416666666666666,mean,en,ko,raw,r10,0.080078125,512
Qwen/Qwen2.5-0.5B,13,0.5416666666666666,mean,en,ko,raw,mrr,0.052461396514332154,512
Qwen/Qwen2.5-0.5B,13,0.5416666666666666,mean,en,ja,raw,r1,0.07421875,512
Qwen/Qwen2.5-0.5B,13,0.5416666666666666,mean,en,ja,raw,r5,0.138671875,512
Qwen/Qwen2.5-0.5B,13,0.5416666666666666,mean,en,ja,raw,r10,0.16796875,512
Qwen/Qwen2.5-0.5B,13,0.5416666666666666,mean,en,ja,raw,mrr,0.11431910621879256,512
Qwen/Qwen2.5-0.5B,13,0.5416666666666666,mean,en,zh,raw,r1,0.828125,512
Qwen/Qwen2.5-0.5B,13,0.5416666666666666,mean,en,zh,raw,r5,0.869140625,512
Qwen/Qwen2.5-0.5B,13,0.5416666666666666,mean,en,zh,raw,r10,0.884765625,512
Qwen/Qwen2.5-0.5B,13,0.5416666666666666,mean,en,zh,raw,mrr,0.8491529860336615,512
Qwen/Qwen2.5-0.5B,13,0.5416666666666666,mean,ko,en,raw,r1,0.693359375,512
Qwen/Qwen2.5-0.5B,13,0.5416666666666666,mean,ko,en,raw,r5,0.890625,512
Qwen/Qwen2.5-0.5B,13,0.5416666666666666,mean,ko,en,raw,r10,0.9375,512
Qwen/Qwen2.5-0.5B,13,0.5416666666666666,mean,ko,en,raw,mrr,0.7776502296517174,512
Qwen/Qwen2.5-0.5B,13,0.5416666666666666,mean,ko,ja,raw,r1,0.841796875,512
Qwen/Qwen2.5-0.5B,13,0.5416666666666666,mean,ko,ja,raw,r5,0.912109375,512
Qwen/Qwen2.5-0.5B,13,0.5416666666666666,mean,ko,ja,raw,r10,0.92578125,512
Qwen/Qwen2.5-0.5B,13,0.5416666666666666,mean,ko,ja,raw,mrr,0.8752210622037996,512
Qwen/Qwen2.5-0.5B,13,0.5416666666666666,mean,ko,zh,raw,r1,0.53125,512
Qwen/Qwen2.5-0.5B,13,0.5416666666666666,mean,ko,zh,raw,r5,0.728515625,512
Qwen/Qwen2.5-0.5B,13,0.5416666666666666,mean,ko,zh,raw,r10,0.787109375,512
Qwen/Qwen2.5-0.5B,13,0.5416666666666666,mean,ko,zh,raw,mrr,0.6238532438463973,512
Qwen/Qwen2.5-0.5B,13,0.5416666666666666,mean,ja,en,raw,r1,0.814453125,512
Qwen/Qwen2.5-0.5B,13,0.5416666666666666,mean,ja,en,raw,r5,0.927734375,512
Qwen/Qwen2.5-0.5B,13,0.5416666666666666,mean,ja,en,raw,r10,0.962890625,512
Qwen/Qwen2.5-0.5B,13,0.5416666666666666,mean,ja,en,raw,mrr,0.8649739440463158,512
Qwen/Qwen2.5-0.5B,13,0.5416666666666666,mean,ja,ko,raw,r1,0.677734375,512
Qwen/Qwen2.5-0.5B,13,0.5416666666666666,mean,ja,ko,raw,r5,0.77734375,512
Qwen/Qwen2.5-0.5B,13,0.5416666666666666,mean,ja,ko,raw,r10,0.80078125,512
Qwen/Qwen2.5-0.5B,13,0.5416666666666666,mean,ja,ko,raw,mrr,0.721207243410839,512
Qwen/Qwen2.5-0.5B,13,0.5416666666666666,mean,ja,zh,raw,r1,0.7421875,512
Qwen/Qwen2.5-0.5B,13,0.5416666666666666,mean,ja,zh,raw,r5,0.86328125,512
Qwen/Qwen2.5-0.5B,13,0.5416666666666666,mean,ja,zh,raw,r10,0.90234375,512
Qwen/Qwen2.5-0.5B,13,0.5416666666666666,mean,ja,zh,raw,mrr,0.7970034343003886,512
Qwen/Qwen2.5-0.5B,13,0.5416666666666666,mean,zh,en,raw,r1,0.8359375,512
Qwen/Qwen2.5-0.5B,13,0.5416666666666666,mean,zh,en,raw,r5,0.904296875,512
Qwen/Qwen2.5-0.5B,13,0.5416666666666666,mean,zh,en,raw,r10,0.919921875,512
Qwen/Qwen2.5-0.5B,13,0.5416666666666666,mean,zh,en,raw,mrr,0.8672730861756146,512
Qwen/Qwen2.5-0.5B,13,0.5416666666666666,mean,zh,ko,raw,r1,0.056640625,512
Qwen/Qwen2.5-0.5B,13,0.5416666666666666,mean,zh,ko,raw,r5,0.12890625,512
Qwen/Qwen2.5-0.5B,13,0.5416666666666666,mean,zh,ko,raw,r10,0.15625,512
Qwen/Qwen2.5-0.5B,13,0.5416666666666666,mean,zh,ko,raw,mrr,0.09799855652511477,512
Qwen/Qwen2.5-0.5B,13,0.5416666666666666,mean,zh,ja,raw,r1,0.142578125,512
Qwen/Qwen2.5-0.5B,13,0.5416666666666666,mean,zh,ja,raw,r5,0.244140625,512
Qwen/Qwen2.5-0.5B,13,0.5416666666666666,mean,zh,ja,raw,r10,0.298828125,512
Qwen/Qwen2.5-0.5B,13,0.5416666666666666,mean,zh,ja,raw,mrr,0.1995433557260825,512
Qwen/Qwen2.5-0.5B,14,0.5833333333333334,mean,en,ko,raw,r1,0.0234375,512
Qwen/Qwen2.5-0.5B,14,0.5833333333333334,mean,en,ko,raw,r5,0.06640625,512
Qwen/Qwen2.5-0.5B,14,0.5833333333333334,mean,en,ko,raw,r10,0.08203125,512
Qwen/Qwen2.5-0.5B,14,0.5833333333333334,mean,en,ko,raw,mrr,0.050285439446041386,512
Qwen/Qwen2.5-0.5B,14,0.5833333333333334,mean,en,ja,raw,r1,0.0703125,512
Qwen/Qwen2.5-0.5B,14,0.5833333333333334,mean,en,ja,raw,r5,0.138671875,512
Qwen/Qwen2.5-0.5B,14,0.5833333333333334,mean,en,ja,raw,r10,0.162109375,512
Qwen/Qwen2.5-0.5B,14,0.5833333333333334,mean,en,ja,raw,mrr,0.11078207922280561,512
Qwen/Qwen2.5-0.5B,14,0.5833333333333334,mean,en,zh,raw,r1,0.82421875,512
Qwen/Qwen2.5-0.5B,14,0.5833333333333334,mean,en,zh,raw,r5,0.87890625,512
Qwen/Qwen2.5-0.5B,14,0.5833333333333334,mean,en,zh,raw,r10,0.888671875,512
Qwen/Qwen2.5-0.5B,14,0.5833333333333334,mean,en,zh,raw,mrr,0.849369742340425,512
Qwen/Qwen2.5-0.5B,14,0.5833333333333334,mean,ko,en,raw,r1,0.6875,512
Qwen/Qwen2.5-0.5B,14,0.5833333333333334,mean,ko,en,raw,r5,0.875,512
Qwen/Qwen2.5-0.5B,14,0.5833333333333334,mean,ko,en,raw,r10,0.92578125,512
Qwen/Qwen2.5-0.5B,14,0.5833333333333334,mean,ko,en,raw,mrr,0.7711483791732832,512
Qwen/Qwen2.5-0.5B,14,0.5833333333333334,mean,ko,ja,raw,r1,0.8359375,512
Qwen/Qwen2.5-0.5B,14,0.5833333333333334,mean,ko,ja,raw,r5,0.916015625,512
Qwen/Qwen2.5-0.5B,14,0.5833333333333334,mean,ko,ja,raw,r10,0.92578125,512
Qwen/Qwen2.5-0.5B,14,0.5833333333333334,mean,ko,ja,raw,mrr,0.8726722737045668,512
Qwen/Qwen2.5-0.5B,14,0.5833333333333334,mean,ko,zh,raw,r1,0.49609375,512
Qwen/Qwen2.5-0.5B,14,0.5833333333333334,mean,ko,zh,raw,r5,0.69140625,512
Qwen/Qwen2.5-0.5B,14,0.5833333333333334,mean,ko,zh,raw,r10,0.76171875,512
Qwen/Qwen2.5-0.5B,14,0.5833333333333334,mean,ko,zh,raw,mrr,0.589652974313059,512
Qwen/Qwen2.5-0.5B,14,0.5833333333333334,mean,ja,en,raw,r1,0.8046875,512
Qwen/Qwen2.5-0.5B,14,0.5833333333333334,mean,ja,en,raw,r5,0.916015625,512
Qwen/Qwen2.5-0.5B,14,0.5833333333333334,mean,ja,en,raw,r10,0.95703125,512
Qwen/Qwen2.5-0.5B,14,0.5833333333333334,mean,ja,en,raw,mrr,0.8569615799451475,512
Qwen/Qwen2.5-0.5B,14,0.5833333333333334,mean,ja,ko,raw,r1,0.671875,512
Qwen/Qwen2.5-0.5B,14,0.5833333333333334,mean,ja,ko,raw,r5,0.779296875,512
Qwen/Qwen2.5-0.5B,14,0.5833333333333334,mean,ja,ko,raw,r10,0.8046875,512
Qwen/Qwen2.5-0.5B,14,0.5833333333333334,mean,ja,ko,raw,mrr,0.7188135558475628,512
Qwen/Qwen2.5-0.5B,14,0.5833333333333334,mean,ja,zh,raw,r1,0.708984375,512
Qwen/Qwen2.5-0.5B,14,0.5833333333333334,mean,ja,zh,raw,r5,0.83984375,512
Qwen/Qwen2.5-0.5B,14,0.5833333333333334,mean,ja,zh,raw,r10,0.876953125,512
Qwen/Qwen2.5-0.5B,14,0.5833333333333334,mean,ja,zh,raw,mrr,0.7692231476931489,512
Qwen/Qwen2.5-0.5B,14,0.5833333333333334,mean,zh,en,raw,r1,0.828125,512
Qwen/Qwen2.5-0.5B,14,0.5833333333333334,mean,zh,en,raw,r5,0.900390625,512
Qwen/Qwen2.5-0.5B,14,0.5833333333333334,mean,zh,en,raw,r10,0.916015625,512
Qwen/Qwen2.5-0.5B,14,0.5833333333333334,mean,zh,en,raw,mrr,0.8613106316871955,512
Qwen/Qwen2.5-0.5B,14,0.5833333333333334,mean,zh,ko,raw,r1,0.05859375,512
Qwen/Qwen2.5-0.5B,14,0.5833333333333334,mean,zh,ko,raw,r5,0.1328125,512
Qwen/Qwen2.5-0.5B,14,0.5833333333333334,mean,zh,ko,raw,r10,0.16015625,512
Qwen/Qwen2.5-0.5B,14,0.5833333333333334,mean,zh,ko,raw,mrr,0.09878986750181157,512
Qwen/Qwen2.5-0.5B,14,0.5833333333333334,mean,zh,ja,raw,r1,0.138671875,512
Qwen/Qwen2.5-0.5B,14,0.5833333333333334,mean,zh,ja,raw,r5,0.23828125,512
Qwen/Qwen2.5-0.5B,14,0.5833333333333334,mean,zh,ja,raw,r10,0.2890625,512
Qwen/Qwen2.5-0.5B,14,0.5833333333333334,mean,zh,ja,raw,mrr,0.19340323756944594,512
Qwen/Qwen2.5-0.5B,15,0.625,mean,en,ko,raw,r1,0.033203125,512
Qwen/Qwen2.5-0.5B,15,0.625,mean,en,ko,raw,r5,0.08203125,512
Qwen/Qwen2.5-0.5B,15,0.625,mean,en,ko,raw,r10,0.1015625,512
Qwen/Qwen2.5-0.5B,15,0.625,mean,en,ko,raw,mrr,0.06473522378294472,512
Qwen/Qwen2.5-0.5B,15,0.625,mean,en,ja,raw,r1,0.12109375,512
Qwen/Qwen2.5-0.5B,15,0.625,mean,en,ja,raw,r5,0.1953125,512
Qwen/Qwen2.5-0.5B,15,0.625,mean,en,ja,raw,r10,0.24609375,512
Qwen/Qwen2.5-0.5B,15,0.625,mean,en,ja,raw,mrr,0.16831824420844999,512
Qwen/Qwen2.5-0.5B,15,0.625,mean,en,zh,raw,r1,0.85546875,512
Qwen/Qwen2.5-0.5B,15,0.625,mean,en,zh,raw,r5,0.89453125,512
Qwen/Qwen2.5-0.5B,15,0.625,mean,en,zh,raw,r10,0.923828125,512
Qwen/Qwen2.5-0.5B,15,0.625,mean,en,zh,raw,mrr,0.8769004627253464,512
Qwen/Qwen2.5-0.5B,15,0.625,mean,ko,en,raw,r1,0.78515625,512
Qwen/Qwen2.5-0.5B,15,0.625,mean,ko,en,raw,r5,0.931640625,512
Qwen/Qwen2.5-0.5B,15,0.625,mean,ko,en,raw,r10,0.953125,512
Qwen/Qwen2.5-0.5B,15,0.625,mean,ko,en,raw,mrr,0.8472515117433979,512
Qwen/Qwen2.5-0.5B,15,0.625,mean,ko,ja,raw,r1,0.87109375,512
Qwen/Qwen2.5-0.5B,15,0.625,mean,ko,ja,raw,r5,0.92578125,512
Qwen/Qwen2.5-0.5B,15,0.625,mean,ko,ja,raw,r10,0.943359375,512
Qwen/Qwen2.5-0.5B,15,0.625,mean,ko,ja,raw,mrr,0.8988297222499166,512
Qwen/Qwen2.5-0.5B,15,0.625,mean,ko,zh,raw,r1,0.625,512
Qwen/Qwen2.5-0.5B,15,0.625,mean,ko,zh,raw,r5,0.80859375,512
Qwen/Qwen2.5-0.5B,15,0.625,mean,ko,zh,raw,r10,0.8515625,512
Qwen/Qwen2.5-0.5B,15,0.625,mean,ko,zh,raw,mrr,0.708865460892852,512
Qwen/Qwen2.5-0.5B,15,0.625,mean,ja,en,raw,r1,0.86328125,512
Qwen/Qwen2.5-0.5B,15,0.625,mean,ja,en,raw,r5,0.9609375,512
Qwen/Qwen2.5-0.5B,15,0.625,mean,ja,en,raw,r10,0.96484375,512
Qwen/Qwen2.5-0.5B,15,0.625,mean,ja,en,raw,mrr,0.9054915477974187,512
Qwen/Qwen2.5-0.5B,15,0.625,mean,ja,ko,raw,r1,0.740234375,512
Qwen/Qwen2.5-0.5B,15,0.625,mean,ja,ko,raw,r5,0.826171875,512
Qwen/Qwen2.5-0.5B,15,0.625,mean,ja,ko,raw,r10,0.8515625,512
Qwen/Qwen2.5-0.5B,15,0.625,mean,ja,ko,raw,mrr,0.7822053547448014,512
Qwen/Qwen2.5-0.5B,15,0.625,mean,ja,zh,raw,r1,0.810546875,512
Qwen/Qwen2.5-0.5B,15,0.625,mean,ja,zh,raw,r5,0.9140625,512
Qwen/Qwen2.5-0.5B,15,0.625,mean,ja,zh,raw,r10,0.93359375,512
Qwen/Qwen2.5-0.5B,15,0.625,mean,ja,zh,raw,mrr,0.8573254755854988,512
Qwen/Qwen2.5-0.5B,15,0.625,mean,zh,en,raw,r1,0.869140625,512
Qwen/Qwen2.5-0.5B,15,0.625,mean,zh,en,raw,r5,0.9296875,512
Qwen/Qwen2.5-0.5B,15,0.625,mean,zh,en,raw,r10,0.947265625,512
Qwen/Qwen2.5-0.5B,15,0.625,mean,zh,en,raw,mrr,0.8974429192416356,512
Qwen/Qwen2.5-0.5B,15,0.625,mean,zh,ko,raw,r1,0.080078125,512
Qwen/Qwen2.5-0.5B,15,0.625,mean,zh,ko,raw,r5,0.171875,512
Qwen/Qwen2.5-0.5B,15,0.625,mean,zh,ko,raw,r10,0.201171875,512
Qwen/Qwen2.5-0.5B,15,0.625,mean,zh,ko,raw,mrr,0.12734793078258388,512
Qwen/Qwen2.5-0.5B,15,0.625,mean,zh,ja,raw,r1,0.21484375,512
Qwen/Qwen2.5-0.5B,15,0.625,mean,zh,ja,raw,r5,0.330078125,512
Qwen/Qwen2.5-0.5B,15,0.625,mean,zh,ja,raw,r10,0.3828125,512
Qwen/Qwen2.5-0.5B,15,0.625,mean,zh,ja,raw,mrr,0.27308038279260893,512
Qwen/Qwen2.5-0.5B,16,0.6666666666666666,mean,en,ko,raw,r1,0.033203125,512
Qwen/Qwen2.5-0.5B,16,0.6666666666666666,mean,en,ko,raw,r5,0.072265625,512
Qwen/Qwen2.5-0.5B,16,0.6666666666666666,mean,en,ko,raw,r10,0.099609375,512
Qwen/Qwen2.5-0.5B,16,0.6666666666666666,mean,en,ko,raw,mrr,0.059699120371757265,512
Qwen/Qwen2.5-0.5B,16,0.6666666666666666,mean,en,ja,raw,r1,0.10546875,512
Qwen/Qwen2.5-0.5B,16,0.6666666666666666,mean,en,ja,raw,r5,0.181640625,512
Qwen/Qwen2.5-0.5B,16,0.6666666666666666,mean,en,ja,raw,r10,0.232421875,512
Qwen/Qwen2.5-0.5B,16,0.6666666666666666,mean,en,ja,raw,mrr,0.152934970580562,512
Qwen/Qwen2.5-0.5B,16,0.6666666666666666,mean,en,zh,raw,r1,0.83203125,512
Qwen/Qwen2.5-0.5B,16,0.6666666666666666,mean,en,zh,raw,r5,0.884765625,512
Qwen/Qwen2.5-0.5B,16,0.6666666666666666,mean,en,zh,raw,r10,0.900390625,512
Qwen/Qwen2.5-0.5B,16,0.6666666666666666,mean,en,zh,raw,mrr,0.8593379441715165,512
Qwen/Qwen2.5-0.5B,16,0.6666666666666666,mean,ko,en,raw,r1,0.564453125,512
Qwen/Qwen2.5-0.5B,16,0.6666666666666666,mean,ko,en,raw,r5,0.796875,512
Qwen/Qwen2.5-0.5B,16,0.6666666666666666,mean,ko,en,raw,r10,0.873046875,512
Qwen/Qwen2.5-0.5B,16,0.6666666666666666,mean,ko,en,raw,mrr,0.6681479386483392,512
Qwen/Qwen2.5-0.5B,16,0.6666666666666666,mean,ko,ja,raw,r1,0.810546875,512
Qwen/Qwen2.5-0.5B,16,0.6666666666666666,mean,ko,ja,raw,r5,0.904296875,512
Qwen/Qwen2.5-0.5B,16,0.6666666666666666,mean,ko,ja,raw,r10,0.921875,512
Qwen/Qwen2.5-0.5B,16,0.6666666666666666,mean,ko,ja,raw,mrr,0.85469413890977,512
Qwen/Qwen2.5-0.5B,16,0.6666666666666666,mean,ko,zh,raw,r1,0.458984375,512
Qwen/Qwen2.5-0.5B,16,0.6666666666666666,mean,ko,zh,raw,r5,0.634765625,512
Qwen/Qwen2.5-0.5B,16,0.6666666666666666,mean,ko,zh,raw,r10,0.701171875,512
Qwen/Qwen2.5-0.5B,16,0.6666666666666666,mean,ko,zh,raw,mrr,0.542992624063233,512
Qwen/Qwen2.5-0.5B,16,0.6666666666666666,mean,ja,en,raw,r1,0.744140625,512
Qwen/Qwen2.5-0.5B,16,0.6666666666666666,mean,ja,en,raw,r5,0.896484375,512
Qwen/Qwen2.5-0.5B,16,0.6666666666666666,mean,ja,en,raw,r10,0.939453125,512
Qwen/Qwen2.5-0.5B,16,0.6666666666666666,mean,ja,en,raw,mrr,0.8109675753903067,512
Qwen/Qwen2.5-0.5B,16,0.6666666666666666,mean,ja,ko,raw,r1,0.69921875,512
Qwen/Qwen2.5-0.5B,16,0.6666666666666666,mean,ja,ko,raw,r5,0.7890625,512
Qwen/Qwen2.5-0.5B,16,0.6666666666666666,mean,ja,ko,raw,r10,0.8203125,512
Qwen/Qwen2.5-0.5B,16,0.6666666666666666,mean,ja,ko,raw,mrr,0.7408300342621104,512
Qwen/Qwen2.5-0.5B,16,0.6666666666666666,mean,ja,zh,raw,r1,0.685546875,512
Qwen/Qwen2.5-0.5B,16,0.6666666666666666,mean,ja,zh,raw,r5,0.818359375,512
Qwen/Qwen2.5-0.5B,16,0.6666666666666666,mean,ja,zh,raw,r10,0.8671875,512
Qwen/Qwen2.5-0.5B,16,0.6666666666666666,mean,ja,zh,raw,mrr,0.7499738293787364,512
Qwen/Qwen2.5-0.5B,16,0.6666666666666666,mean,zh,en,raw,r1,0.826171875,512
Qwen/Qwen2.5-0.5B,16,0.6666666666666666,mean,zh,en,raw,r5,0.90625,512
Qwen/Qwen2.5-0.5B,16,0.6666666666666666,mean,zh,en,raw,r10,0.9296875,512
Qwen/Qwen2.5-0.5B,16,0.6666666666666666,mean,zh,en,raw,mrr,0.8630478711819152,512
Qwen/Qwen2.5-0.5B,16,0.6666666666666666,mean,zh,ko,raw,r1,0.08203125,512
Qwen/Qwen2.5-0.5B,16,0.6666666666666666,mean,zh,ko,raw,r5,0.1640625,512
Qwen/Qwen2.5-0.5B,16,0.6666666666666666,mean,zh,ko,raw,r10,0.1796875,512
Qwen/Qwen2.5-0.5B,16,0.6666666666666666,mean,zh,ko,raw,mrr,0.12187181366681654,512
Qwen/Qwen2.5-0.5B,16,0.6666666666666666,mean,zh,ja,raw,r1,0.19921875,512
Qwen/Qwen2.5-0.5B,16,0.6666666666666666,mean,zh,ja,raw,r5,0.30078125,512
Qwen/Qwen2.5-0.5B,16,0.6666666666666666,mean,zh,ja,raw,r10,0.34375,512
Qwen/Qwen2.5-0.5B,16,0.6666666666666666,mean,zh,ja,raw,mrr,0.2517998975450978,512
Qwen/Qwen2.5-0.5B,17,0.7083333333333334,mean,en,ko,raw,r1,0.04296875,512
Qwen/Qwen2.5-0.5B,17,0.7083333333333334,mean,en,ko,raw,r5,0.103515625,512
Qwen/Qwen2.5-0.5B,17,0.7083333333333334,mean,en,ko,raw,r10,0.119140625,512
Qwen/Qwen2.5-0.5B,17,0.7083333333333334,mean,en,ko,raw,mrr,0.07801542009282258,512
Qwen/Qwen2.5-0.5B,17,0.7083333333333334,mean,en,ja,raw,r1,0.123046875,512
Qwen/Qwen2.5-0.5B,17,0.7083333333333334,mean,en,ja,raw,r5,0.2265625,512
Qwen/Qwen2.5-0.5B,17,0.7083333333333334,mean,en,ja,raw,r10,0.279296875,512
Qwen/Qwen2.5-0.5B,17,0.7083333333333334,mean,en,ja,raw,mrr,0.1775391309316561,512
Qwen/Qwen2.5-0.5B,17,0.7083333333333334,mean,en,zh,raw,r1,0.828125,512
Qwen/Qwen2.5-0.5B,17,0.7083333333333334,mean,en,zh,raw,r5,0.888671875,512
Qwen/Qwen2.5-0.5B,17,0.7083333333333334,mean,en,zh,raw,r10,0.91015625,512
Qwen/Qwen2.5-0.5B,17,0.7083333333333334,mean,en,zh,raw,mrr,0.8551052099819564,512
Qwen/Qwen2.5-0.5B,17,0.7083333333333334,mean,ko,en,raw,r1,0.740234375,512
Qwen/Qwen2.5-0.5B,17,0.7083333333333334,mean,ko,en,raw,r5,0.900390625,512
Qwen/Qwen2.5-0.5B,17,0.7083333333333334,mean,ko,en,raw,r10,0.93359375,512
Qwen/Qwen2.5-0.5B,17,0.7083333333333334,mean,ko,en,raw,mrr,0.8114988507563875,512
Qwen/Qwen2.5-0.5B,17,0.7083333333333334,mean,ko,ja,raw,r1,0.8515625,512
Qwen/Qwen2.5-0.5B,17,0.7083333333333334,mean,ko,ja,raw,r5,0.919921875,512
Qwen/Qwen2.5-0.5B,17,0.7083333333333334,mean,ko,ja,raw,r10,0.935546875,512
Qwen/Qwen2.5-0.5B,17,0.7083333333333334,mean,ko,ja,raw,mrr,0.8843544157343798,512
Qwen/Qwen2.5-0.5B,17,0.7083333333333334,mean,ko,zh,raw,r1,0.64453125,512
Qwen/Qwen2.5-0.5B,17,0.7083333333333334,mean,ko,zh,raw,r5,0.791015625,512
Qwen/Qwen2.5-0.5B,17,0.7083333333333334,mean,ko,zh,raw,r10,0.84765625,512
Qwen/Qwen2.5-0.5B,17,0.7083333333333334,mean,ko,zh,raw,mrr,0.7144217642456836,512
Qwen/Qwen2.5-0.5B,17,0.7083333333333334,mean,ja,en,raw,r1,0.837890625,512
Qwen/Qwen2.5-0.5B,17,0.7083333333333334,mean,ja,en,raw,r5,0.9453125,512
Qwen/Qwen2.5-0.5B,17,0.7083333333333334,mean,ja,en,raw,r10,0.962890625,512
Qwen/Qwen2.5-0.5B,17,0.7083333333333334,mean,ja,en,raw,mrr,0.8836091843179065,512
Qwen/Qwen2.5-0.5B,17,0.7083333333333334,mean,ja,ko,raw,r1,0.69140625,512
Qwen/Qwen2.5-0.5B,17,0.7083333333333334,mean,ja,ko,raw,r5,0.814453125,512
Qwen/Qwen2.5-0.5B,17,0.7083333333333334,mean,ja,ko,raw,r10,0.837890625,512
Qwen/Qwen2.5-0.5B,17,0.7083333333333334,mean,ja,ko,raw,mrr,0.7472139845640042,512
Qwen/Qwen2.5-0.5B,17,0.7083333333333334,mean,ja,zh,raw,r1,0.806640625,512
Qwen/Qwen2.5-0.5B,17,0.7083333333333334,mean,ja,zh,raw,r5,0.904296875,512
Qwen/Qwen2.5-0.5B,17,0.7083333333333334,mean,ja,zh,raw,r10,0.931640625,512
Qwen/Qwen2.5-0.5B,17,0.7083333333333334,mean,ja,zh,raw,mrr,0.8492758171862986,512
Qwen/Qwen2.5-0.5B,17,0.7083333333333334,mean,zh,en,raw,r1,0.81640625,512
Qwen/Qwen2.5-0.5B,17,0.7083333333333334,mean,zh,en,raw,r5,0.90234375,512
Qwen/Qwen2.5-0.5B,17,0.7083333333333334,mean,zh,en,raw,r10,0.916015625,512
Qwen/Qwen2.5-0.5B,17,0.7083333333333334,mean,zh,en,raw,mrr,0.8536644975259131,512
Qwen/Qwen2.5-0.5B,17,0.7083333333333334,mean,zh,ko,raw,r1,0.095703125,512
Qwen/Qwen2.5-0.5B,17,0.7083333333333334,mean,zh,ko,raw,r5,0.181640625,512
Qwen/Qwen2.5-0.5B,17,0.7083333333333334,mean,zh,ko,raw,r10,0.20703125,512
Qwen/Qwen2.5-0.5B,17,0.7083333333333334,mean,zh,ko,raw,mrr,0.1420380838088605,512
Qwen/Qwen2.5-0.5B,17,0.7083333333333334,mean,zh,ja,raw,r1,0.216796875,512
Qwen/Qwen2.5-0.5B,17,0.7083333333333334,mean,zh,ja,raw,r5,0.337890625,512
Qwen/Qwen2.5-0.5B,17,0.7083333333333334,mean,zh,ja,raw,r10,0.408203125,512
Qwen/Qwen2.5-0.5B,17,0.7083333333333334,mean,zh,ja,raw,mrr,0.2834311380366721,512
Qwen/Qwen2.5-0.5B,18,0.75,mean,en,ko,raw,r1,0.009765625,512
Qwen/Qwen2.5-0.5B,18,0.75,mean,en,ko,raw,r5,0.044921875,512
Qwen/Qwen2.5-0.5B,18,0.75,mean,en,ko,raw,r10,0.0625,512
Qwen/Qwen2.5-0.5B,18,0.75,mean,en,ko,raw,mrr,0.03470549008314387,512
Qwen/Qwen2.5-0.5B,18,0.75,mean,en,ja,raw,r1,0.017578125,512
Qwen/Qwen2.5-0.5B,18,0.75,mean,en,ja,raw,r5,0.080078125,512
Qwen/Qwen2.5-0.5B,18,0.75,mean,en,ja,raw,r10,0.09375,512
Qwen/Qwen2.5-0.5B,18,0.75,mean,en,ja,raw,mrr,0.05133757090251209,512
Qwen/Qwen2.5-0.5B,18,0.75,mean,en,zh,raw,r1,0.72265625,512
Qwen/Qwen2.5-0.5B,18,0.75,mean,en,zh,raw,r5,0.80078125,512
Qwen/Qwen2.5-0.5B,18,0.75,mean,en,zh,raw,r10,0.833984375,512
Qwen/Qwen2.5-0.5B,18,0.75,mean,en,zh,raw,mrr,0.7618803437452337,512
Qwen/Qwen2.5-0.5B,18,0.75,mean,ko,en,raw,r1,0.64453125,512
Qwen/Qwen2.5-0.5B,18,0.75,mean,ko,en,raw,r5,0.8203125,512
Qwen/Qwen2.5-0.5B,18,0.75,mean,ko,en,raw,r10,0.8828125,512
Qwen/Qwen2.5-0.5B,18,0.75,mean,ko,en,raw,mrr,0.7261048621130295,512
Qwen/Qwen2.5-0.5B,18,0.75,mean,ko,ja,raw,r1,0.814453125,512
Qwen/Qwen2.5-0.5B,18,0.75,mean,ko,ja,raw,r5,0.88671875,512
Qwen/Qwen2.5-0.5B,18,0.75,mean,ko,ja,raw,r10,0.908203125,512
Qwen/Qwen2.5-0.5B,18,0.75,mean,ko,ja,raw,mrr,0.8481852216868854,512
Qwen/Qwen2.5-0.5B,18,0.75,mean,ko,zh,raw,r1,0.5546875,512
Qwen/Qwen2.5-0.5B,18,0.75,mean,ko,zh,raw,r5,0.74609375,512
Qwen/Qwen2.5-0.5B,18,0.75,mean,ko,zh,raw,r10,0.81640625,512
Qwen/Qwen2.5-0.5B,18,0.75,mean,ko,zh,raw,mrr,0.6464713930995172,512
Qwen/Qwen2.5-0.5B,18,0.75,mean,ja,en,raw,r1,0.74609375,512
Qwen/Qwen2.5-0.5B,18,0.75,mean,ja,en,raw,r5,0.890625,512
Qwen/Qwen2.5-0.5B,18,0.75,mean,ja,en,raw,r10,0.927734375,512
Qwen/Qwen2.5-0.5B,18,0.75,mean,ja,en,raw,mrr,0.8111542356207238,512
Qwen/Qwen2.5-0.5B,18,0.75,mean,ja,ko,raw,r1,0.65234375,512
Qwen/Qwen2.5-0.5B,18,0.75,mean,ja,ko,raw,r5,0.767578125,512
Qwen/Qwen2.5-0.5B,18,0.75,mean,ja,ko,raw,r10,0.798828125,512
Qwen/Qwen2.5-0.5B,18,0.75,mean,ja,ko,raw,mrr,0.708910459793495,512
Qwen/Qwen2.5-0.5B,18,0.75,mean,ja,zh,raw,r1,0.70703125,512
Qwen/Qwen2.5-0.5B,18,0.75,mean,ja,zh,raw,r5,0.857421875,512
Qwen/Qwen2.5-0.5B,18,0.75,mean,ja,zh,raw,r10,0.90234375,512
Qwen/Qwen2.5-0.5B,18,0.75,mean,ja,zh,raw,mrr,0.7737682237539161,512
Qwen/Qwen2.5-0.5B,18,0.75,mean,zh,en,raw,r1,0.7890625,512
Qwen/Qwen2.5-0.5B,18,0.75,mean,zh,en,raw,r5,0.87109375,512
Qwen/Qwen2.5-0.5B,18,0.75,mean,zh,en,raw,r10,0.90234375,512
Qwen/Qwen2.5-0.5B,18,0.75,mean,zh,en,raw,mrr,0.8281836578652914,512
Qwen/Qwen2.5-0.5B,18,0.75,mean,zh,ko,raw,r1,0.041015625,512
Qwen/Qwen2.5-0.5B,18,0.75,mean,zh,ko,raw,r5,0.08984375,512
Qwen/Qwen2.5-0.5B,18,0.75,mean,zh,ko,raw,r10,0.125,512
Qwen/Qwen2.5-0.5B,18,0.75,mean,zh,ko,raw,mrr,0.07451879596981015,512
Qwen/Qwen2.5-0.5B,18,0.75,mean,zh,ja,raw,r1,0.0625,512
Qwen/Qwen2.5-0.5B,18,0.75,mean,zh,ja,raw,r5,0.138671875,512
Qwen/Qwen2.5-0.5B,18,0.75,mean,zh,ja,raw,r10,0.171875,512
Qwen/Qwen2.5-0.5B,18,0.75,mean,zh,ja,raw,mrr,0.10479030823828438,512
Qwen/Qwen2.5-0.5B,19,0.7916666666666666,mean,en,ko,raw,r1,0.005859375,512
Qwen/Qwen2.5-0.5B,19,0.7916666666666666,mean,en,ko,raw,r5,0.041015625,512
Qwen/Qwen2.5-0.5B,19,0.7916666666666666,mean,en,ko,raw,r10,0.056640625,512
Qwen/Qwen2.5-0.5B,19,0.7916666666666666,mean,en,ko,raw,mrr,0.030761666994421913,512
Qwen/Qwen2.5-0.5B,19,0.7916666666666666,mean,en,ja,raw,r1,0.0234375,512
Qwen/Qwen2.5-0.5B,19,0.7916666666666666,mean,en,ja,raw,r5,0.08203125,512
Qwen/Qwen2.5-0.5B,19,0.7916666666666666,mean,en,ja,raw,r10,0.1015625,512
Qwen/Qwen2.5-0.5B,19,0.7916666666666666,mean,en,ja,raw,mrr,0.054688857173297654,512
Qwen/Qwen2.5-0.5B,19,0.7916666666666666,mean,en,zh,raw,r1,0.73828125,512
Qwen/Qwen2.5-0.5B,19,0.7916666666666666,mean,en,zh,raw,r5,0.806640625,512
Qwen/Qwen2.5-0.5B,19,0.7916666666666666,mean,en,zh,raw,r10,0.837890625,512
Qwen/Qwen2.5-0.5B,19,0.7916666666666666,mean,en,zh,raw,mrr,0.77309611296378,512
Qwen/Qwen2.5-0.5B,19,0.7916666666666666,mean,ko,en,raw,r1,0.6953125,512
Qwen/Qwen2.5-0.5B,19,0.7916666666666666,mean,ko,en,raw,r5,0.869140625,512
Qwen/Qwen2.5-0.5B,19,0.7916666666666666,mean,ko,en,raw,r10,0.908203125,512
Qwen/Qwen2.5-0.5B,19,0.7916666666666666,mean,ko,en,raw,mrr,0.7696814540820489,512
Qwen/Qwen2.5-0.5B,19,0.7916666666666666,mean,ko,ja,raw,r1,0.73046875,512
Qwen/Qwen2.5-0.5B,19,0.7916666666666666,mean,ko,ja,raw,r5,0.849609375,512
Qwen/Qwen2.5-0.5B,19,0.7916666666666666,mean,ko,ja,raw,r10,0.8671875,512
Qwen/Qwen2.5-0.5B,19,0.7916666666666666,mean,ko,ja,raw,mrr,0.7820174454998647,512
Qwen/Qwen2.5-0.5B,19,0.7916666666666666,mean,ko,zh,raw,r1,0.669921875,512
Qwen/Qwen2.5-0.5B,19,0.7916666666666666,mean,ko,zh,raw,r5,0.8515625,512
Qwen/Qwen2.5-0.5B,19,0.7916666666666666,mean,ko,zh,raw,r10,0.8828125,512
Qwen/Qwen2.5-0.5B,19,0.7916666666666666,mean,ko,zh,raw,mrr,0.7498118813956238,512
Qwen/Qwen2.5-0.5B,19,0.7916666666666666,mean,ja,en,raw,r1,0.73046875,512
Qwen/Qwen2.5-0.5B,19,0.7916666666666666,mean,ja,en,raw,r5,0.884765625,512
Qwen/Qwen2.5-0.5B,19,0.7916666666666666,mean,ja,en,raw,r10,0.927734375,512
Qwen/Qwen2.5-0.5B,19,0.7916666666666666,mean,ja,en,raw,mrr,0.8009369741693827,512
Qwen/Qwen2.5-0.5B,19,0.7916666666666666,mean,ja,ko,raw,r1,0.53125,512
Qwen/Qwen2.5-0.5B,19,0.7916666666666666,mean,ja,ko,raw,r5,0.701171875,512
Qwen/Qwen2.5-0.5B,19,0.7916666666666666,mean,ja,ko,raw,r10,0.74609375,512
Qwen/Qwen2.5-0.5B,19,0.7916666666666666,mean,ja,ko,raw,mrr,0.6142916398384912,512
Qwen/Qwen2.5-0.5B,19,0.7916666666666666,mean,ja,zh,raw,r1,0.744140625,512
Qwen/Qwen2.5-0.5B,19,0.7916666666666666,mean,ja,zh,raw,r5,0.875,512
Qwen/Qwen2.5-0.5B,19,0.7916666666666666,mean,ja,zh,raw,r10,0.91796875,512
Qwen/Qwen2.5-0.5B,19,0.7916666666666666,mean,ja,zh,raw,mrr,0.8065863608978658,512
Qwen/Qwen2.5-0.5B,19,0.7916666666666666,mean,zh,en,raw,r1,0.82421875,512
Qwen/Qwen2.5-0.5B,19,0.7916666666666666,mean,zh,en,raw,r5,0.904296875,512
Qwen/Qwen2.5-0.5B,19,0.7916666666666666,mean,zh,en,raw,r10,0.9140625,512
Qwen/Qwen2.5-0.5B,19,0.7916666666666666,mean,zh,en,raw,mrr,0.8597292418848268,512
Qwen/Qwen2.5-0.5B,19,0.7916666666666666,mean,zh,ko,raw,r1,0.03125,512
Qwen/Qwen2.5-0.5B,19,0.7916666666666666,mean,zh,ko,raw,r5,0.07421875,512
Qwen/Qwen2.5-0.5B,19,0.7916666666666666,mean,zh,ko,raw,r10,0.103515625,512
Qwen/Qwen2.5-0.5B,19,0.7916666666666666,mean,zh,ko,raw,mrr,0.06184509733702845,512
Qwen/Qwen2.5-0.5B,19,0.7916666666666666,mean,zh,ja,raw,r1,0.0625,512
Qwen/Qwen2.5-0.5B,19,0.7916666666666666,mean,zh,ja,raw,r5,0.142578125,512
Qwen/Qwen2.5-0.5B,19,0.7916666666666666,mean,zh,ja,raw,r10,0.17578125,512
Qwen/Qwen2.5-0.5B,19,0.7916666666666666,mean,zh,ja,raw,mrr,0.10694419792080702,512
Qwen/Qwen2.5-0.5B,20,0.8333333333333334,mean,en,ko,raw,r1,0.005859375,512
Qwen/Qwen2.5-0.5B,20,0.8333333333333334,mean,en,ko,raw,r5,0.033203125,512
Qwen/Qwen2.5-0.5B,20,0.8333333333333334,mean,en,ko,raw,r10,0.05078125,512
Qwen/Qwen2.5-0.5B,20,0.8333333333333334,mean,en,ko,raw,mrr,0.02743321356654098,512
Qwen/Qwen2.5-0.5B,20,0.8333333333333334,mean,en,ja,raw,r1,0.029296875,512
Qwen/Qwen2.5-0.5B,20,0.8333333333333334,mean,en,ja,raw,r5,0.076171875,512
Qwen/Qwen2.5-0.5B,20,0.8333333333333334,mean,en,ja,raw,r10,0.109375,512
Qwen/Qwen2.5-0.5B,20,0.8333333333333334,mean,en,ja,raw,mrr,0.06044354739188307,512
Qwen/Qwen2.5-0.5B,20,0.8333333333333334,mean,en,zh,raw,r1,0.73828125,512
Qwen/Qwen2.5-0.5B,20,0.8333333333333334,mean,en,zh,raw,r5,0.830078125,512
Qwen/Qwen2.5-0.5B,20,0.8333333333333334,mean,en,zh,raw,r10,0.857421875,512
Qwen/Qwen2.5-0.5B,20,0.8333333333333334,mean,en,zh,raw,mrr,0.7786517652033365,512
Qwen/Qwen2.5-0.5B,20,0.8333333333333334,mean,ko,en,raw,r1,0.619140625,512
Qwen/Qwen2.5-0.5B,20,0.8333333333333334,mean,ko,en,raw,r5,0.80859375,512
Qwen/Qwen2.5-0.5B,20,0.8333333333333334,mean,ko,en,raw,r10,0.857421875,512
Qwen/Qwen2.5-0.5B,20,0.8333333333333334,mean,ko,en,raw,mrr,0.7056695831801405,512
Qwen/Qwen2.5-0.5B,20,0.8333333333333334,mean,ko,ja,raw,r1,0.744140625,512
Qwen/Qwen2.5-0.5B,20,0.8333333333333334,mean,ko,ja,raw,r5,0.861328125,512
Qwen/Qwen2.5-0.5B,20,0.8333333333333334,mean,ko,ja,raw,r10,0.884765625,512
Qwen/Qwen2.5-0.5B,20,0.8333333333333334,mean,ko,ja,raw,mrr,0.7986883257375915,512
Qwen/Qwen2.5-0.5B,20,0.8333333333333334,mean,ko,zh,raw,r1,0.603515625,512
Qwen/Qwen2.5-0.5B,20,0.8333333333333334,mean,ko,zh,raw,r5,0.83203125,512
Qwen/Qwen2.5-0.5B,20,0.8333333333333334,mean,ko,zh,raw,r10,0.869140625,512
Qwen/Qwen2.5-0.5B,20,0.8333333333333334,mean,ko,zh,raw,mrr,0.7019249447510172,512
Qwen/Qwen2.5-0.5B,20,0.8333333333333334,mean,ja,en,raw,r1,0.685546875,512
Qwen/Qwen2.5-0.5B,20,0.8333333333333334,mean,ja,en,raw,r5,0.845703125,512
Qwen/Qwen2.5-0.5B,20,0.8333333333333334,mean,ja,en,raw,r10,0.896484375,512
Qwen/Qwen2.5-0.5B,20,0.8333333333333334,mean,ja,en,raw,mrr,0.7590191796279677,512
Qwen/Qwen2.5-0.5B,20,0.8333333333333334,mean,ja,ko,raw,r1,0.392578125,512
Qwen/Qwen2.5-0.5B,20,0.8333333333333334,mean,ja,ko,raw,r5,0.56640625,512
Qwen/Qwen2.5-0.5B,20,0.8333333333333334,mean,ja,ko,raw,r10,0.642578125,512
Qwen/Qwen2.5-0.5B,20,0.8333333333333334,mean,ja,ko,raw,mrr,0.47896386473538705,512
Qwen/Qwen2.5-0.5B,20,0.8333333333333334,mean,ja,zh,raw,r1,0.693359375,512
Qwen/Qwen2.5-0.5B,20,0.8333333333333334,mean,ja,zh,raw,r5,0.826171875,512
Qwen/Qwen2.5-0.5B,20,0.8333333333333334,mean,ja,zh,raw,r10,0.8828125,512
Qwen/Qwen2.5-0.5B,20,0.8333333333333334,mean,ja,zh,raw,mrr,0.7564759471642161,512
Qwen/Qwen2.5-0.5B,20,0.8333333333333334,mean,zh,en,raw,r1,0.845703125,512
Qwen/Qwen2.5-0.5B,20,0.8333333333333334,mean,zh,en,raw,r5,0.916015625,512
Qwen/Qwen2.5-0.5B,20,0.8333333333333334,mean,zh,en,raw,r10,0.9296875,512
Qwen/Qwen2.5-0.5B,20,0.8333333333333334,mean,zh,en,raw,mrr,0.8770783539552426,512
Qwen/Qwen2.5-0.5B,20,0.8333333333333334,mean,zh,ko,raw,r1,0.017578125,512
Qwen/Qwen2.5-0.5B,20,0.8333333333333334,mean,zh,ko,raw,r5,0.05078125,512
Qwen/Qwen2.5-0.5B,20,0.8333333333333334,mean,zh,ko,raw,r10,0.099609375,512
Qwen/Qwen2.5-0.5B,20,0.8333333333333334,mean,zh,ko,raw,mrr,0.04558770042971778,512
Qwen/Qwen2.5-0.5B,20,0.8333333333333334,mean,zh,ja,raw,r1,0.068359375,512
Qwen/Qwen2.5-0.5B,20,0.8333333333333334,mean,zh,ja,raw,r5,0.15625,512
Qwen/Qwen2.5-0.5B,20,0.8333333333333334,mean,zh,ja,raw,r10,0.197265625,512
Qwen/Qwen2.5-0.5B,20,0.8333333333333334,mean,zh,ja,raw,mrr,0.11890171380164022,512
Qwen/Qwen2.5-0.5B,21,0.875,mean,en,ko,raw,r1,0.01171875,512
Qwen/Qwen2.5-0.5B,21,0.875,mean,en,ko,raw,r5,0.044921875,512
Qwen/Qwen2.5-0.5B,21,0.875,mean,en,ko,raw,r10,0.072265625,512
Qwen/Qwen2.5-0.5B,21,0.875,mean,en,ko,raw,mrr,0.036722746013030834,512
Qwen/Qwen2.5-0.5B,21,0.875,mean,en,ja,raw,r1,0.01953125,512
Qwen/Qwen2.5-0.5B,21,0.875,mean,en,ja,raw,r5,0.07421875,512
Qwen/Qwen2.5-0.5B,21,0.875,mean,en,ja,raw,r10,0.1015625,512
Qwen/Qwen2.5-0.5B,21,0.875,mean,en,ja,raw,mrr,0.05295744372277508,512
Qwen/Qwen2.5-0.5B,21,0.875,mean,en,zh,raw,r1,0.802734375,512
Qwen/Qwen2.5-0.5B,21,0.875,mean,en,zh,raw,r5,0.900390625,512
Qwen/Qwen2.5-0.5B,21,0.875,mean,en,zh,raw,r10,0.9140625,512
Qwen/Qwen2.5-0.5B,21,0.875,mean,en,zh,raw,mrr,0.8480224026710892,512
Qwen/Qwen2.5-0.5B,21,0.875,mean,ko,en,raw,r1,0.361328125,512
Qwen/Qwen2.5-0.5B,21,0.875,mean,ko,en,raw,r5,0.59375,512
Qwen/Qwen2.5-0.5B,21,0.875,mean,ko,en,raw,r10,0.681640625,512
Qwen/Qwen2.5-0.5B,21,0.875,mean,ko,en,raw,mrr,0.46858703985544203,512
Qwen/Qwen2.5-0.5B,21,0.875,mean,ko,ja,raw,r1,0.3515625,512
Qwen/Qwen2.5-0.5B,21,0.875,mean,ko,ja,raw,r5,0.6484375,512
Qwen/Qwen2.5-0.5B,21,0.875,mean,ko,ja,raw,r10,0.755859375,512
Qwen/Qwen2.5-0.5B,21,0.875,mean,ko,ja,raw,mrr,0.4853030552815636,512
Qwen/Qwen2.5-0.5B,21,0.875,mean,ko,zh,raw,r1,0.357421875,512
Qwen/Qwen2.5-0.5B,21,0.875,mean,ko,zh,raw,r5,0.587890625,512
Qwen/Qwen2.5-0.5B,21,0.875,mean,ko,zh,raw,r10,0.693359375,512
Qwen/Qwen2.5-0.5B,21,0.875,mean,ko,zh,raw,mrr,0.4701258787116982,512
Qwen/Qwen2.5-0.5B,21,0.875,mean,ja,en,raw,r1,0.6484375,512
Qwen/Qwen2.5-0.5B,21,0.875,mean,ja,en,raw,r5,0.8515625,512
Qwen/Qwen2.5-0.5B,21,0.875,mean,ja,en,raw,r10,0.89453125,512
Qwen/Qwen2.5-0.5B,21,0.875,mean,ja,en,raw,mrr,0.7384451637836433,512
Qwen/Qwen2.5-0.5B,21,0.875,mean,ja,ko,raw,r1,0.458984375,512
Qwen/Qwen2.5-0.5B,21,0.875,mean,ja,ko,raw,r5,0.623046875,512
Qwen/Qwen2.5-0.5B,21,0.875,mean,ja,ko,raw,r10,0.68359375,512
Qwen/Qwen2.5-0.5B,21,0.875,mean,ja,ko,raw,mrr,0.5408772435136313,512
Qwen/Qwen2.5-0.5B,21,0.875,mean,ja,zh,raw,r1,0.685546875,512
Qwen/Qwen2.5-0.5B,21,0.875,mean,ja,zh,raw,r5,0.845703125,512
Qwen/Qwen2.5-0.5B,21,0.875,mean,ja,zh,raw,r10,0.88671875,512
Qwen/Qwen2.5-0.5B,21,0.875,mean,ja,zh,raw,mrr,0.7610800819200214,512
Qwen/Qwen2.5-0.5B,21,0.875,mean,zh,en,raw,r1,0.84375,512
Qwen/Qwen2.5-0.5B,21,0.875,mean,zh,en,raw,r5,0.92578125,512
Qwen/Qwen2.5-0.5B,21,0.875,mean,zh,en,raw,r10,0.9375,512
Qwen/Qwen2.5-0.5B,21,0.875,mean,zh,en,raw,mrr,0.8791839472094236,512
Qwen/Qwen2.5-0.5B,21,0.875,mean,zh,ko,raw,r1,0.0390625,512
Qwen/Qwen2.5-0.5B,21,0.875,mean,zh,ko,raw,r5,0.083984375,512
Qwen/Qwen2.5-0.5B,21,0.875,mean,zh,ko,raw,r10,0.1328125,512
Qwen/Qwen2.5-0.5B,21,0.875,mean,zh,ko,raw,mrr,0.0730462633787797,512
Qwen/Qwen2.5-0.5B,21,0.875,mean,zh,ja,raw,r1,0.052734375,512
Qwen/Qwen2.5-0.5B,21,0.875,mean,zh,ja,raw,r5,0.12890625,512
Qwen/Qwen2.5-0.5B,21,0.875,mean,zh,ja,raw,r10,0.158203125,512
Qwen/Qwen2.5-0.5B,21,0.875,mean,zh,ja,raw,mrr,0.09757354887816869,512
Qwen/Qwen2.5-0.5B,22,0.9166666666666666,mean,en,ko,raw,r1,0.392578125,512
Qwen/Qwen2.5-0.5B,22,0.9166666666666666,mean,en,ko,raw,r5,0.7578125,512
Qwen/Qwen2.5-0.5B,22,0.9166666666666666,mean,en,ko,raw,r10,0.845703125,512
Qwen/Qwen2.5-0.5B,22,0.9166666666666666,mean,en,ko,raw,mrr,0.5498172242601971,512
Qwen/Qwen2.5-0.5B,22,0.9166666666666666,mean,en,ja,raw,r1,0.087890625,512
Qwen/Qwen2.5-0.5B,22,0.9166666666666666,mean,en,ja,raw,r5,0.505859375,512
Qwen/Qwen2.5-0.5B,22,0.9166666666666666,mean,en,ja,raw,r10,0.712890625,512
Qwen/Qwen2.5-0.5B,22,0.9166666666666666,mean,en,ja,raw,mrr,0.2638299557062176,512
Qwen/Qwen2.5-0.5B,22,0.9166666666666666,mean,en,zh,raw,r1,0.94921875,512
Qwen/Qwen2.5-0.5B,22,0.9166666666666666,mean,en,zh,raw,r5,0.98828125,512
Qwen/Qwen2.5-0.5B,22,0.9166666666666666,mean,en,zh,raw,r10,0.994140625,512
Qwen/Qwen2.5-0.5B,22,0.9166666666666666,mean,en,zh,raw,mrr,0.9678905404491343,512
Qwen/Qwen2.5-0.5B,22,0.9166666666666666,mean,ko,en,raw,r1,0.35546875,512
Qwen/Qwen2.5-0.5B,22,0.9166666666666666,mean,ko,en,raw,r5,0.5859375,512
Qwen/Qwen2.5-0.5B,22,0.9166666666666666,mean,ko,en,raw,r10,0.677734375,512
Qwen/Qwen2.5-0.5B,22,0.9166666666666666,mean,ko,en,raw,mrr,0.46275006300921667,512
Qwen/Qwen2.5-0.5B,22,0.9166666666666666,mean,ko,ja,raw,r1,0.22265625,512
Qwen/Qwen2.5-0.5B,22,0.9166666666666666,mean,ko,ja,raw,r5,0.6328125,512
Qwen/Qwen2.5-0.5B,22,0.9166666666666666,mean,ko,ja,raw,r10,0.8046875,512
Qwen/Qwen2.5-0.5B,22,0.9166666666666666,mean,ko,ja,raw,mrr,0.39955967177660834,512
Qwen/Qwen2.5-0.5B,22,0.9166666666666666,mean,ko,zh,raw,r1,0.427734375,512
Qwen/Qwen2.5-0.5B,22,0.9166666666666666,mean,ko,zh,raw,r5,0.70703125,512
Qwen/Qwen2.5-0.5B,22,0.9166666666666666,mean,ko,zh,raw,r10,0.798828125,512
Qwen/Qwen2.5-0.5B,22,0.9166666666666666,mean,ko,zh,raw,mrr,0.5553352635895872,512
Qwen/Qwen2.5-0.5B,22,0.9166666666666666,mean,ja,en,raw,r1,0.548828125,512
Qwen/Qwen2.5-0.5B,22,0.9166666666666666,mean,ja,en,raw,r5,0.779296875,512
Qwen/Qwen2.5-0.5B,22,0.9166666666666666,mean,ja,en,raw,r10,0.87109375,512
Qwen/Qwen2.5-0.5B,22,0.9166666666666666,mean,ja,en,raw,mrr,0.6533569768451204,512
Qwen/Qwen2.5-0.5B,22,0.9166666666666666,mean,ja,ko,raw,r1,0.7734375,512
Qwen/Qwen2.5-0.5B,22,0.9166666666666666,mean,ja,ko,raw,r5,0.927734375,512
Qwen/Qwen2.5-0.5B,22,0.9166666666666666,mean,ja,ko,raw,r10,0.95703125,512
Qwen/Qwen2.5-0.5B,22,0.9166666666666666,mean,ja,ko,raw,mrr,0.8394821140038191,512
Qwen/Qwen2.5-0.5B,22,0.9166666666666666,mean,ja,zh,raw,r1,0.767578125,512
Qwen/Qwen2.5-0.5B,22,0.9166666666666666,mean,ja,zh,raw,r5,0.94140625,512
Qwen/Qwen2.5-0.5B,22,0.9166666666666666,mean,ja,zh,raw,r10,0.970703125,512
Qwen/Qwen2.5-0.5B,22,0.9166666666666666,mean,ja,zh,raw,mrr,0.8460172878874153,512
Qwen/Qwen2.5-0.5B,22,0.9166666666666666,mean,zh,en,raw,r1,0.958984375,512
Qwen/Qwen2.5-0.5B,22,0.9166666666666666,mean,zh,en,raw,r5,0.990234375,512
Qwen/Qwen2.5-0.5B,22,0.9166666666666666,mean,zh,en,raw,r10,0.9921875,512
Qwen/Qwen2.5-0.5B,22,0.9166666666666666,mean,zh,en,raw,mrr,0.9735056046060451,512
Qwen/Qwen2.5-0.5B,22,0.9166666666666666,mean,zh,ko,raw,r1,0.517578125,512
Qwen/Qwen2.5-0.5B,22,0.9166666666666666,mean,zh,ko,raw,r5,0.8046875,512
Qwen/Qwen2.5-0.5B,22,0.9166666666666666,mean,zh,ko,raw,r10,0.892578125,512
Qwen/Qwen2.5-0.5B,22,0.9166666666666666,mean,zh,ko,raw,mrr,0.6461970006008798,512
Qwen/Qwen2.5-0.5B,22,0.9166666666666666,mean,zh,ja,raw,r1,0.21875,512
Qwen/Qwen2.5-0.5B,22,0.9166666666666666,mean,zh,ja,raw,r5,0.615234375,512
Qwen/Qwen2.5-0.5B,22,0.9166666666666666,mean,zh,ja,raw,r10,0.796875,512
Qwen/Qwen2.5-0.5B,22,0.9166666666666666,mean,zh,ja,raw,mrr,0.38853531867151453,512
Qwen/Qwen2.5-0.5B,23,0.9583333333333334,mean,en,ko,raw,r1,0.0546875,512
Qwen/Qwen2.5-0.5B,23,0.9583333333333334,mean,en,ko,raw,r5,0.123046875,512
Qwen/Qwen2.5-0.5B,23,0.9583333333333334,mean,en,ko,raw,r10,0.25390625,512
Qwen/Qwen2.5-0.5B,23,0.9583333333333334,mean,en,ko,raw,mrr,0.12181211645266193,512
Qwen/Qwen2.5-0.5B,23,0.9583333333333334,mean,en,ja,raw,r1,0.04296875,512
Qwen/Qwen2.5-0.5B,23,0.9583333333333334,mean,en,ja,raw,r5,0.384765625,512
Qwen/Qwen2.5-0.5B,23,0.9583333333333334,mean,en,ja,raw,r10,0.69921875,512
Qwen/Qwen2.5-0.5B,23,0.9583333333333334,mean,en,ja,raw,mrr,0.2059836718158127,512
Qwen/Qwen2.5-0.5B,23,0.9583333333333334,mean,en,zh,raw,r1,0.814453125,512
Qwen/Qwen2.5-0.5B,23,0.9583333333333334,mean,en,zh,raw,r5,0.962890625,512
Qwen/Qwen2.5-0.5B,23,0.9583333333333334,mean,en,zh,raw,r10,0.984375,512
Qwen/Qwen2.5-0.5B,23,0.9583333333333334,mean,en,zh,raw,mrr,0.8805354259455822,512
Qwen/Qwen2.5-0.5B,23,0.9583333333333334,mean,ko,en,raw,r1,0.25390625,512
Qwen/Qwen2.5-0.5B,23,0.9583333333333334,mean,ko,en,raw,r5,0.564453125,512
Qwen/Qwen2.5-0.5B,23,0.9583333333333334,mean,ko,en,raw,r10,0.677734375,512
Qwen/Qwen2.5-0.5B,23,0.9583333333333334,mean,ko,en,raw,mrr,0.3966981553257553,512
Qwen/Qwen2.5-0.5B,23,0.9583333333333334,mean,ko,ja,raw,r1,0.23828125,512
Qwen/Qwen2.5-0.5B,23,0.9583333333333334,mean,ko,ja,raw,r5,0.625,512
Qwen/Qwen2.5-0.5B,23,0.9583333333333334,mean,ko,ja,raw,r10,0.734375,512
Qwen/Qwen2.5-0.5B,23,0.9583333333333334,mean,ko,ja,raw,mrr,0.4118805390924753,512
Qwen/Qwen2.5-0.5B,23,0.9583333333333334,mean,ko,zh,raw,r1,0.359375,512
Qwen/Qwen2.5-0.5B,23,0.9583333333333334,mean,ko,zh,raw,r5,0.60546875,512
Qwen/Qwen2.5-0.5B,23,0.9583333333333334,mean,ko,zh,raw,r10,0.712890625,512
Qwen/Qwen2.5-0.5B,23,0.9583333333333334,mean,ko,zh,raw,mrr,0.47627171654771483,512
Qwen/Qwen2.5-0.5B,23,0.9583333333333334,mean,ja,en,raw,r1,0.388671875,512
Qwen/Qwen2.5-0.5B,23,0.9583333333333334,mean,ja,en,raw,r5,0.68359375,512
Qwen/Qwen2.5-0.5B,23,0.9583333333333334,mean,ja,en,raw,r10,0.7890625,512
Qwen/Qwen2.5-0.5B,23,0.9583333333333334,mean,ja,en,raw,mrr,0.5183026804920733,512
Qwen/Qwen2.5-0.5B,23,0.9583333333333334,mean,ja,ko,raw,r1,0.080078125,512
Qwen/Qwen2.5-0.5B,23,0.9583333333333334,mean,ja,ko,raw,r5,0.236328125,512
Qwen/Qwen2.5-0.5B,23,0.9583333333333334,mean,ja,ko,raw,r10,0.380859375,512
Qwen/Qwen2.5-0.5B,23,0.9583333333333334,mean,ja,ko,raw,mrr,0.18121426906307886,512
Qwen/Qwen2.5-0.5B,23,0.9583333333333334,mean,ja,zh,raw,r1,0.708984375,512
Qwen/Qwen2.5-0.5B,23,0.9583333333333334,mean,ja,zh,raw,r5,0.908203125,512
Qwen/Qwen2.5-0.5B,23,0.9583333333333334,mean,ja,zh,raw,r10,0.947265625,512
Qwen/Qwen2.5-0.5B,23,0.9583333333333334,mean,ja,zh,raw,mrr,0.7968515746352036,512
Qwen/Qwen2.5-0.5B,23,0.9583333333333334,mean,zh,en,raw,r1,0.951171875,512
Qwen/Qwen2.5-0.5B,23,0.9583333333333334,mean,zh,en,raw,r5,0.9921875,512
Qwen/Qwen2.5-0.5B,23,0.9583333333333334,mean,zh,en,raw,r10,0.994140625,512
Qwen/Qwen2.5-0.5B,23,0.9583333333333334,mean,zh,en,raw,mrr,0.9691297645870652,512
Qwen/Qwen2.5-0.5B,23,0.9583333333333334,mean,zh,ko,raw,r1,0.07421875,512
Qwen/Qwen2.5-0.5B,23,0.9583333333333334,mean,zh,ko,raw,r5,0.193359375,512
Qwen/Qwen2.5-0.5B,23,0.9583333333333334,mean,zh,ko,raw,r10,0.34765625,512
Qwen/Qwen2.5-0.5B,23,0.9583333333333334,mean,zh,ko,raw,mrr,0.16066358724164426,512
Qwen/Qwen2.5-0.5B,23,0.9583333333333334,mean,zh,ja,raw,r1,0.193359375,512
Qwen/Qwen2.5-0.5B,23,0.9583333333333334,mean,zh,ja,raw,r5,0.556640625,512
Qwen/Qwen2.5-0.5B,23,0.9583333333333334,mean,zh,ja,raw,r10,0.787109375,512
Qwen/Qwen2.5-0.5B,23,0.9583333333333334,mean,zh,ja,raw,mrr,0.3646700152899443,512
Qwen/Qwen2.5-0.5B,24,1.0,mean,en,ko,raw,r1,0.00390625,512
Qwen/Qwen2.5-0.5B,24,1.0,mean,en,ko,raw,r5,0.029296875,512
Qwen/Qwen2.5-0.5B,24,1.0,mean,en,ko,raw,r10,0.072265625,512
Qwen/Qwen2.5-0.5B,24,1.0,mean,en,ko,raw,mrr,0.03718469092666364,512
Qwen/Qwen2.5-0.5B,24,1.0,mean,en,ja,raw,r1,0.001953125,512
Qwen/Qwen2.5-0.5B,24,1.0,mean,en,ja,raw,r5,0.029296875,512
Qwen/Qwen2.5-0.5B,24,1.0,mean,en,ja,raw,r10,0.115234375,512
Qwen/Qwen2.5-0.5B,24,1.0,mean,en,ja,raw,mrr,0.03995642536339147,512
Qwen/Qwen2.5-0.5B,24,1.0,mean,en,zh,raw,r1,0.001953125,512
Qwen/Qwen2.5-0.5B,24,1.0,mean,en,zh,raw,r5,0.03515625,512
Qwen/Qwen2.5-0.5B,24,1.0,mean,en,zh,raw,r10,0.064453125,512
Qwen/Qwen2.5-0.5B,24,1.0,mean,en,zh,raw,mrr,0.03151967035100478,512
Qwen/Qwen2.5-0.5B,24,1.0,mean,ko,en,raw,r1,0.013671875,512
Qwen/Qwen2.5-0.5B,24,1.0,mean,ko,en,raw,r5,0.0703125,512
Qwen/Qwen2.5-0.5B,24,1.0,mean,ko,en,raw,r10,0.10546875,512
Qwen/Qwen2.5-0.5B,24,1.0,mean,ko,en,raw,mrr,0.05047240833201811,512
Qwen/Qwen2.5-0.5B,24,1.0,mean,ko,ja,raw,r1,0.068359375,512
Qwen/Qwen2.5-0.5B,24,1.0,mean,ko,ja,raw,r5,0.126953125,512
Qwen/Qwen2.5-0.5B,24,1.0,mean,ko,ja,raw,r10,0.1796875,512
Qwen/Qwen2.5-0.5B,24,1.0,mean,ko,ja,raw,mrr,0.11090432082909289,512
Qwen/Qwen2.5-0.5B,24,1.0,mean,ko,zh,raw,r1,0.033203125,512
Qwen/Qwen2.5-0.5B,24,1.0,mean,ko,zh,raw,r5,0.052734375,512
Qwen/Qwen2.5-0.5B,24,1.0,mean,ko,zh,raw,r10,0.083984375,512
Qwen/Qwen2.5-0.5B,24,1.0,mean,ko,zh,raw,mrr,0.05802702225502217,512
Qwen/Qwen2.5-0.5B,24,1.0,mean,ja,en,raw,r1,0.1015625,512
Qwen/Qwen2.5-0.5B,24,1.0,mean,ja,en,raw,r5,0.208984375,512
Qwen/Qwen2.5-0.5B,24,1.0,mean,ja,en,raw,r10,0.25,512
Qwen/Qwen2.5-0.5B,24,1.0,mean,ja,en,raw,mrr,0.16036188339327323,512
Qwen/Qwen2.5-0.5B,24,1.0,mean,ja,ko,raw,r1,0.015625,512
Qwen/Qwen2.5-0.5B,24,1.0,mean,ja,ko,raw,r5,0.048828125,512
Qwen/Qwen2.5-0.5B,24,1.0,mean,ja,ko,raw,r10,0.140625,512
Qwen/Qwen2.5-0.5B,24,1.0,mean,ja,ko,raw,mrr,0.056259814259745036,512
Qwen/Qwen2.5-0.5B,24,1.0,mean,ja,zh,raw,r1,0.0703125,512
Qwen/Qwen2.5-0.5B,24,1.0,mean,ja,zh,raw,r5,0.1953125,512
Qwen/Qwen2.5-0.5B,24,1.0,mean,ja,zh,raw,r10,0.255859375,512
Qwen/Qwen2.5-0.5B,24,1.0,mean,ja,zh,raw,mrr,0.13737283753741736,512
Qwen/Qwen2.5-0.5B,24,1.0,mean,zh,en,raw,r1,0.1875,512
Qwen/Qwen2.5-0.5B,24,1.0,mean,zh,en,raw,r5,0.48046875,512
Qwen/Qwen2.5-0.5B,24,1.0,mean,zh,en,raw,r10,0.58984375,512
Qwen/Qwen2.5-0.5B,24,1.0,mean,zh,en,raw,mrr,0.32564540510534745,512
Qwen/Qwen2.5-0.5B,24,1.0,mean,zh,ko,raw,r1,0.017578125,512
Qwen/Qwen2.5-0.5B,24,1.0,mean,zh,ko,raw,r5,0.119140625,512
Qwen/Qwen2.5-0.5B,24,1.0,mean,zh,ko,raw,r10,0.2578125,512
Qwen/Qwen2.5-0.5B,24,1.0,mean,zh,ko,raw,mrr,0.08995286082723752,512
Qwen/Qwen2.5-0.5B,24,1.0,mean,zh,ja,raw,r1,0.00390625,512
Qwen/Qwen2.5-0.5B,24,1.0,mean,zh,ja,raw,r5,0.05078125,512
Qwen/Qwen2.5-0.5B,24,1.0,mean,zh,ja,raw,r10,0.078125,512
Qwen/Qwen2.5-0.5B,24,1.0,mean,zh,ja,raw,mrr,0.04047837273240151,512
