model,split,language,sentence_id,characters,bytes,tokens,tokens_per_100_characters,bytes_per_token,characters_per_token,token_ratio_to_en
trillionlabs/Tri-0.5B-Base,devtest,en,4,175,175,37,21.142857142857142,4.72972972972973,4.72972972972973,1.0
trillionlabs/Tri-0.5B-Base,devtest,en,6,35,35,10,28.571428571428573,3.5,3.5,1.0
trillionlabs/Tri-0.5B-Base,devtest,en,7,128,128,24,18.75,5.333333333333333,5.333333333333333,1.0
trillionlabs/Tri-0.5B-Base,devtest,en,12,133,133,30,22.55639097744361,4.433333333333334,4.433333333333334,1.0
trillionlabs/Tri-0.5B-Base,devtest,en,14,213,213,41,19.248826291079812,5.195121951219512,5.195121951219512,1.0
trillionlabs/Tri-0.5B-Base,devtest,en,15,254,254,44,17.322834645669293,5.7727272727272725,5.7727272727272725,1.0
trillionlabs/Tri-0.5B-Base,devtest,en,16,195,197,41,21.025641025641026,4.804878048780488,4.7560975609756095,1.0
trillionlabs/Tri-0.5B-Base,devtest,en,17,117,117,25,21.367521367521366,4.68,4.68,1.0
trillionlabs/Tri-0.5B-Base,devtest,en,19,275,277,57,20.727272727272727,4.859649122807017,4.824561403508772,1.0
trillionlabs/Tri-0.5B-Base,devtest,en,22,187,187,35,18.71657754010695,5.3428571428571425,5.3428571428571425,1.0
trillionlabs/Tri-0.5B-Base,devtest,en,23,191,193,39,20.418848167539267,4.948717948717949,4.897435897435898,1.0
trillionlabs/Tri-0.5B-Base,devtest,en,24,151,151,28,18.543046357615893,5.392857142857143,5.392857142857143,1.0
trillionlabs/Tri-0.5B-Base,devtest,en,28,109,109,23,21.10091743119266,4.739130434782608,4.739130434782608,1.0
trillionlabs/Tri-0.5B-Base,devtest,en,30,251,255,50,19.9203187250996,5.1,5.02,1.0
trillionlabs/Tri-0.5B-Base,devtest,en,31,253,253,48,18.972332015810277,5.270833333333333,5.270833333333333,1.0
trillionlabs/Tri-0.5B-Base,devtest,en,34,72,72,13,18.055555555555557,5.538461538461538,5.538461538461538,1.0
trillionlabs/Tri-0.5B-Base,devtest,en,37,115,115,23,20.0,5.0,5.0,1.0
trillionlabs/Tri-0.5B-Base,devtest,en,38,91,91,18,19.78021978021978,5.055555555555555,5.055555555555555,1.0
trillionlabs/Tri-0.5B-Base,devtest,en,40,112,112,24,21.428571428571427,4.666666666666667,4.666666666666667,1.0
trillionlabs/Tri-0.5B-Base,devtest,en,43,128,128,27,21.09375,4.7407407407407405,4.7407407407407405,1.0
trillionlabs/Tri-0.5B-Base,devtest,en,44,120,120,28,23.333333333333332,4.285714285714286,4.285714285714286,1.0
trillionlabs/Tri-0.5B-Base,devtest,en,48,100,100,18,18.0,5.555555555555555,5.555555555555555,1.0
trillionlabs/Tri-0.5B-Base,devtest,en,49,146,146,27,18.493150684931507,5.407407407407407,5.407407407407407,1.0
trillionlabs/Tri-0.5B-Base,devtest,en,50,61,61,14,22.950819672131146,4.357142857142857,4.357142857142857,1.0
trillionlabs/Tri-0.5B-Base,devtest,en,56,204,204,38,18.627450980392158,5.368421052631579,5.368421052631579,1.0
trillionlabs/Tri-0.5B-Base,devtest,en,57,194,194,33,17.010309278350515,5.878787878787879,5.878787878787879,1.0
trillionlabs/Tri-0.5B-Base,devtest,en,59,60,60,12,20.0,5.0,5.0,1.0
trillionlabs/Tri-0.5B-Base,devtest,en,60,133,133,28,21.05263157894737,4.75,4.75,1.0
trillionlabs/Tri-0.5B-Base,devtest,en,61,111,111,19,17.117117117117118,5.842105263157895,5.842105263157895,1.0
trillionlabs/Tri-0.5B-Base,devtest,en,62,156,156,33,21.153846153846153,4.7272727272727275,4.7272727272727275,1.0
trillionlabs/Tri-0.5B-Base,devtest,en,64,133,133,22,16.541353383458645,6.045454545454546,6.045454545454546,1.0
trillionlabs/Tri-0.5B-Base,devtest,en,66,107,107,25,23.364485981308412,4.28,4.28,1.0
trillionlabs/Tri-0.5B-Base,devtest,en,69,157,157,29,18.471337579617835,5.413793103448276,5.413793103448276,1.0
trillionlabs/Tri-0.5B-Base,devtest,en,70,107,107,22,20.560747663551403,4.863636363636363,4.863636363636363,1.0
trillionlabs/Tri-0.5B-Base,devtest,en,71,220,220,46,20.90909090909091,4.782608695652174,4.782608695652174,1.0
trillionlabs/Tri-0.5B-Base,devtest,en,74,186,186,35,18.817204301075268,5.314285714285714,5.314285714285714,1.0
trillionlabs/Tri-0.5B-Base,devtest,en,75,162,162,31,19.135802469135804,5.225806451612903,5.225806451612903,1.0
trillionlabs/Tri-0.5B-Base,devtest,en,78,56,56,13,23.214285714285715,4.3076923076923075,4.3076923076923075,1.0
trillionlabs/Tri-0.5B-Base,devtest,en,82,107,107,22,20.560747663551403,4.863636363636363,4.863636363636363,1.0
trillionlabs/Tri-0.5B-Base,devtest,en,83,148,148,33,22.2972972972973,4.484848484848484,4.484848484848484,1.0
trillionlabs/Tri-0.5B-Base,devtest,en,86,176,176,43,24.431818181818183,4.093023255813954,4.093023255813954,1.0
trillionlabs/Tri-0.5B-Base,devtest,en,87,150,150,26,17.333333333333332,5.769230769230769,5.769230769230769,1.0
trillionlabs/Tri-0.5B-Base,devtest,en,88,122,122,21,17.21311475409836,5.809523809523809,5.809523809523809,1.0
trillionlabs/Tri-0.5B-Base,devtest,en,89,133,133,27,20.30075187969925,4.925925925925926,4.925925925925926,1.0
trillionlabs/Tri-0.5B-Base,devtest,en,91,119,119,22,18.48739495798319,5.409090909090909,5.409090909090909,1.0
trillionlabs/Tri-0.5B-Base,devtest,en,93,58,58,10,17.24137931034483,5.8,5.8,1.0
trillionlabs/Tri-0.5B-Base,devtest,en,95,101,101,19,18.81188118811881,5.315789473684211,5.315789473684211,1.0
trillionlabs/Tri-0.5B-Base,devtest,en,96,125,125,20,16.0,6.25,6.25,1.0
trillionlabs/Tri-0.5B-Base,devtest,en,100,74,74,17,22.972972972972972,4.352941176470588,4.352941176470588,1.0
trillionlabs/Tri-0.5B-Base,devtest,en,101,189,189,42,22.22222222222222,4.5,4.5,1.0
trillionlabs/Tri-0.5B-Base,devtest,en,102,154,154,34,22.07792207792208,4.529411764705882,4.529411764705882,1.0
trillionlabs/Tri-0.5B-Base,devtest,en,103,65,65,11,16.923076923076923,5.909090909090909,5.909090909090909,1.0
trillionlabs/Tri-0.5B-Base,devtest,en,106,67,67,13,19.402985074626866,5.153846153846154,5.153846153846154,1.0
trillionlabs/Tri-0.5B-Base,devtest,en,107,201,201,37,18.407960199004975,5.4324324324324325,5.4324324324324325,1.0
trillionlabs/Tri-0.5B-Base,devtest,en,108,216,216,49,22.685185185185187,4.408163265306122,4.408163265306122,1.0
trillionlabs/Tri-0.5B-Base,devtest,en,109,79,79,17,21.518987341772153,4.647058823529412,4.647058823529412,1.0
trillionlabs/Tri-0.5B-Base,devtest,en,111,70,70,15,21.428571428571427,4.666666666666667,4.666666666666667,1.0
trillionlabs/Tri-0.5B-Base,devtest,en,113,80,80,17,21.25,4.705882352941177,4.705882352941177,1.0
trillionlabs/Tri-0.5B-Base,devtest,en,114,202,202,30,14.851485148514852,6.733333333333333,6.733333333333333,1.0
trillionlabs/Tri-0.5B-Base,devtest,en,115,143,143,24,16.783216783216783,5.958333333333333,5.958333333333333,1.0
trillionlabs/Tri-0.5B-Base,devtest,en,117,130,131,28,21.53846153846154,4.678571428571429,4.642857142857143,1.0
trillionlabs/Tri-0.5B-Base,devtest,en,118,64,64,14,21.875,4.571428571428571,4.571428571428571,1.0
trillionlabs/Tri-0.5B-Base,devtest,en,120,161,162,40,24.84472049689441,4.05,4.025,1.0
trillionlabs/Tri-0.5B-Base,devtest,en,122,94,94,16,17.02127659574468,5.875,5.875,1.0
trillionlabs/Tri-0.5B-Base,devtest,en,124,107,107,21,19.626168224299064,5.095238095238095,5.095238095238095,1.0
trillionlabs/Tri-0.5B-Base,devtest,en,126,55,55,11,20.0,5.0,5.0,1.0
trillionlabs/Tri-0.5B-Base,devtest,en,129,96,96,18,18.75,5.333333333333333,5.333333333333333,1.0
trillionlabs/Tri-0.5B-Base,devtest,en,130,113,115,23,20.353982300884955,5.0,4.913043478260869,1.0
trillionlabs/Tri-0.5B-Base,devtest,en,131,207,207,33,15.942028985507246,6.2727272727272725,6.2727272727272725,1.0
trillionlabs/Tri-0.5B-Base,devtest,en,132,173,173,32,18.497109826589597,5.40625,5.40625,1.0
trillionlabs/Tri-0.5B-Base,devtest,en,134,74,74,23,31.08108108108108,3.217391304347826,3.217391304347826,1.0
trillionlabs/Tri-0.5B-Base,devtest,en,135,95,95,18,18.94736842105263,5.277777777777778,5.277777777777778,1.0
trillionlabs/Tri-0.5B-Base,devtest,en,136,57,57,13,22.80701754385965,4.384615384615385,4.384615384615385,1.0
trillionlabs/Tri-0.5B-Base,devtest,en,137,113,113,21,18.58407079646018,5.380952380952381,5.380952380952381,1.0
trillionlabs/Tri-0.5B-Base,devtest,en,139,118,118,25,21.1864406779661,4.72,4.72,1.0
trillionlabs/Tri-0.5B-Base,devtest,en,141,179,179,35,19.553072625698324,5.114285714285714,5.114285714285714,1.0
trillionlabs/Tri-0.5B-Base,devtest,en,143,93,93,20,21.50537634408602,4.65,4.65,1.0
trillionlabs/Tri-0.5B-Base,devtest,en,146,123,123,24,19.51219512195122,5.125,5.125,1.0
trillionlabs/Tri-0.5B-Base,devtest,en,149,84,84,18,21.428571428571427,4.666666666666667,4.666666666666667,1.0
trillionlabs/Tri-0.5B-Base,devtest,en,151,163,163,37,22.699386503067483,4.405405405405405,4.405405405405405,1.0
trillionlabs/Tri-0.5B-Base,devtest,en,153,126,126,26,20.634920634920636,4.846153846153846,4.846153846153846,1.0
trillionlabs/Tri-0.5B-Base,devtest,en,158,126,126,30,23.80952380952381,4.2,4.2,1.0
trillionlabs/Tri-0.5B-Base,devtest,en,159,104,104,19,18.26923076923077,5.473684210526316,5.473684210526316,1.0
trillionlabs/Tri-0.5B-Base,devtest,en,160,77,77,16,20.77922077922078,4.8125,4.8125,1.0
trillionlabs/Tri-0.5B-Base,devtest,en,164,62,62,10,16.129032258064516,6.2,6.2,1.0
trillionlabs/Tri-0.5B-Base,devtest,en,169,109,109,22,20.18348623853211,4.954545454545454,4.954545454545454,1.0
trillionlabs/Tri-0.5B-Base,devtest,en,170,132,132,30,22.727272727272727,4.4,4.4,1.0
trillionlabs/Tri-0.5B-Base,devtest,en,171,73,73,16,21.91780821917808,4.5625,4.5625,1.0
trillionlabs/Tri-0.5B-Base,devtest,en,175,79,79,14,17.72151898734177,5.642857142857143,5.642857142857143,1.0
trillionlabs/Tri-0.5B-Base,devtest,en,176,149,149,33,22.14765100671141,4.515151515151516,4.515151515151516,1.0
trillionlabs/Tri-0.5B-Base,devtest,en,177,97,97,24,24.742268041237114,4.041666666666667,4.041666666666667,1.0
trillionlabs/Tri-0.5B-Base,devtest,en,183,120,120,32,26.666666666666668,3.75,3.75,1.0
trillionlabs/Tri-0.5B-Base,devtest,en,184,163,163,40,24.539877300613497,4.075,4.075,1.0
trillionlabs/Tri-0.5B-Base,devtest,en,185,139,139,27,19.424460431654676,5.148148148148148,5.148148148148148,1.0
trillionlabs/Tri-0.5B-Base,devtest,en,186,66,66,16,24.242424242424242,4.125,4.125,1.0
trillionlabs/Tri-0.5B-Base,devtest,en,187,129,129,25,19.37984496124031,5.16,5.16,1.0
trillionlabs/Tri-0.5B-Base,devtest,en,190,122,122,24,19.672131147540984,5.083333333333333,5.083333333333333,1.0
trillionlabs/Tri-0.5B-Base,devtest,en,192,170,170,30,17.647058823529413,5.666666666666667,5.666666666666667,1.0
trillionlabs/Tri-0.5B-Base,devtest,en,193,256,256,51,19.921875,5.019607843137255,5.019607843137255,1.0
trillionlabs/Tri-0.5B-Base,devtest,en,194,77,77,19,24.675324675324674,4.052631578947368,4.052631578947368,1.0
trillionlabs/Tri-0.5B-Base,devtest,en,195,98,98,16,16.3265306122449,6.125,6.125,1.0
trillionlabs/Tri-0.5B-Base,devtest,en,198,110,110,20,18.181818181818183,5.5,5.5,1.0
trillionlabs/Tri-0.5B-Base,devtest,en,201,159,159,34,21.38364779874214,4.676470588235294,4.676470588235294,1.0
trillionlabs/Tri-0.5B-Base,devtest,en,206,106,106,21,19.81132075471698,5.0476190476190474,5.0476190476190474,1.0
trillionlabs/Tri-0.5B-Base,devtest,en,208,105,105,23,21.904761904761905,4.565217391304348,4.565217391304348,1.0
trillionlabs/Tri-0.5B-Base,devtest,en,209,87,87,12,13.793103448275861,7.25,7.25,1.0
trillionlabs/Tri-0.5B-Base,devtest,en,210,83,83,17,20.481927710843372,4.882352941176471,4.882352941176471,1.0
trillionlabs/Tri-0.5B-Base,devtest,en,211,143,143,22,15.384615384615385,6.5,6.5,1.0
trillionlabs/Tri-0.5B-Base,devtest,en,212,75,75,13,17.333333333333332,5.769230769230769,5.769230769230769,1.0
trillionlabs/Tri-0.5B-Base,devtest,en,213,84,84,21,25.0,4.0,4.0,1.0
trillionlabs/Tri-0.5B-Base,devtest,en,214,125,125,25,20.0,5.0,5.0,1.0
trillionlabs/Tri-0.5B-Base,devtest,en,215,153,153,28,18.30065359477124,5.464285714285714,5.464285714285714,1.0
trillionlabs/Tri-0.5B-Base,devtest,en,216,71,71,14,19.718309859154928,5.071428571428571,5.071428571428571,1.0
trillionlabs/Tri-0.5B-Base,devtest,en,218,115,117,24,20.869565217391305,4.875,4.791666666666667,1.0
trillionlabs/Tri-0.5B-Base,devtest,en,221,88,88,16,18.181818181818183,5.5,5.5,1.0
trillionlabs/Tri-0.5B-Base,devtest,en,222,122,122,24,19.672131147540984,5.083333333333333,5.083333333333333,1.0
trillionlabs/Tri-0.5B-Base,devtest,en,223,101,101,20,19.801980198019802,5.05,5.05,1.0
trillionlabs/Tri-0.5B-Base,devtest,en,227,93,93,21,22.580645161290324,4.428571428571429,4.428571428571429,1.0
trillionlabs/Tri-0.5B-Base,devtest,en,228,106,106,25,23.58490566037736,4.24,4.24,1.0
trillionlabs/Tri-0.5B-Base,devtest,en,229,89,89,18,20.224719101123597,4.944444444444445,4.944444444444445,1.0
trillionlabs/Tri-0.5B-Base,devtest,en,230,56,56,19,33.92857142857143,2.9473684210526314,2.9473684210526314,1.0
trillionlabs/Tri-0.5B-Base,devtest,en,232,163,163,42,25.766871165644172,3.880952380952381,3.880952380952381,1.0
trillionlabs/Tri-0.5B-Base,devtest,en,234,163,163,40,24.539877300613497,4.075,4.075,1.0
trillionlabs/Tri-0.5B-Base,devtest,en,235,102,102,28,27.45098039215686,3.642857142857143,3.642857142857143,1.0
trillionlabs/Tri-0.5B-Base,devtest,en,236,172,172,31,18.023255813953487,5.548387096774194,5.548387096774194,1.0
trillionlabs/Tri-0.5B-Base,devtest,en,238,109,109,20,18.34862385321101,5.45,5.45,1.0
trillionlabs/Tri-0.5B-Base,devtest,en,239,90,90,22,24.444444444444443,4.090909090909091,4.090909090909091,1.0
trillionlabs/Tri-0.5B-Base,devtest,en,243,81,81,20,24.691358024691358,4.05,4.05,1.0
trillionlabs/Tri-0.5B-Base,devtest,en,244,125,125,25,20.0,5.0,5.0,1.0
trillionlabs/Tri-0.5B-Base,devtest,en,246,112,112,25,22.321428571428573,4.48,4.48,1.0
trillionlabs/Tri-0.5B-Base,devtest,en,248,158,158,34,21.518987341772153,4.647058823529412,4.647058823529412,1.0
trillionlabs/Tri-0.5B-Base,devtest,en,249,111,111,23,20.72072072072072,4.826086956521739,4.826086956521739,1.0
trillionlabs/Tri-0.5B-Base,devtest,en,251,110,110,20,18.181818181818183,5.5,5.5,1.0
trillionlabs/Tri-0.5B-Base,devtest,en,252,140,140,26,18.571428571428573,5.384615384615385,5.384615384615385,1.0
trillionlabs/Tri-0.5B-Base,devtest,en,254,77,77,14,18.181818181818183,5.5,5.5,1.0
trillionlabs/Tri-0.5B-Base,devtest,en,255,144,144,29,20.13888888888889,4.9655172413793105,4.9655172413793105,1.0
trillionlabs/Tri-0.5B-Base,devtest,en,256,118,118,22,18.64406779661017,5.363636363636363,5.363636363636363,1.0
trillionlabs/Tri-0.5B-Base,devtest,en,257,125,125,22,17.6,5.681818181818182,5.681818181818182,1.0
trillionlabs/Tri-0.5B-Base,devtest,en,258,100,100,19,19.0,5.2631578947368425,5.2631578947368425,1.0
trillionlabs/Tri-0.5B-Base,devtest,en,260,115,115,27,23.47826086956522,4.2592592592592595,4.2592592592592595,1.0
trillionlabs/Tri-0.5B-Base,devtest,en,262,63,63,16,25.396825396825395,3.9375,3.9375,1.0
trillionlabs/Tri-0.5B-Base,devtest,en,263,57,57,15,26.31578947368421,3.8,3.8,1.0
trillionlabs/Tri-0.5B-Base,devtest,en,265,184,184,40,21.73913043478261,4.6,4.6,1.0
trillionlabs/Tri-0.5B-Base,devtest,en,266,135,135,28,20.74074074074074,4.821428571428571,4.821428571428571,1.0
trillionlabs/Tri-0.5B-Base,devtest,en,267,153,153,33,21.568627450980394,4.636363636363637,4.636363636363637,1.0
trillionlabs/Tri-0.5B-Base,devtest,en,269,97,97,27,27.835051546391753,3.5925925925925926,3.5925925925925926,1.0
trillionlabs/Tri-0.5B-Base,devtest,en,271,168,168,36,21.428571428571427,4.666666666666667,4.666666666666667,1.0
trillionlabs/Tri-0.5B-Base,devtest,en,272,67,67,16,23.880597014925375,4.1875,4.1875,1.0
trillionlabs/Tri-0.5B-Base,devtest,en,273,90,90,17,18.88888888888889,5.294117647058823,5.294117647058823,1.0
trillionlabs/Tri-0.5B-Base,devtest,en,274,137,137,32,23.357664233576642,4.28125,4.28125,1.0
trillionlabs/Tri-0.5B-Base,devtest,en,275,278,279,69,24.820143884892087,4.043478260869565,4.028985507246377,1.0
trillionlabs/Tri-0.5B-Base,devtest,en,276,148,148,33,22.2972972972973,4.484848484848484,4.484848484848484,1.0
trillionlabs/Tri-0.5B-Base,devtest,en,277,71,71,13,18.309859154929576,5.461538461538462,5.461538461538462,1.0
trillionlabs/Tri-0.5B-Base,devtest,en,279,98,98,28,28.571428571428573,3.5,3.5,1.0
trillionlabs/Tri-0.5B-Base,devtest,en,281,93,93,19,20.43010752688172,4.894736842105263,4.894736842105263,1.0
trillionlabs/Tri-0.5B-Base,devtest,en,282,59,59,11,18.64406779661017,5.363636363636363,5.363636363636363,1.0
trillionlabs/Tri-0.5B-Base,devtest,en,283,120,120,21,17.5,5.714285714285714,5.714285714285714,1.0
trillionlabs/Tri-0.5B-Base,devtest,en,284,76,76,17,22.36842105263158,4.470588235294118,4.470588235294118,1.0
trillionlabs/Tri-0.5B-Base,devtest,en,287,135,135,24,17.77777777777778,5.625,5.625,1.0
trillionlabs/Tri-0.5B-Base,devtest,en,288,155,155,24,15.483870967741936,6.458333333333333,6.458333333333333,1.0
trillionlabs/Tri-0.5B-Base,devtest,en,289,150,150,27,18.0,5.555555555555555,5.555555555555555,1.0
trillionlabs/Tri-0.5B-Base,devtest,en,291,143,143,28,19.58041958041958,5.107142857142857,5.107142857142857,1.0
trillionlabs/Tri-0.5B-Base,devtest,en,292,130,130,22,16.923076923076923,5.909090909090909,5.909090909090909,1.0
trillionlabs/Tri-0.5B-Base,devtest,en,293,163,163,30,18.404907975460123,5.433333333333334,5.433333333333334,1.0
trillionlabs/Tri-0.5B-Base,devtest,en,296,208,208,36,17.307692307692307,5.777777777777778,5.777777777777778,1.0
trillionlabs/Tri-0.5B-Base,devtest,en,297,86,86,18,20.930232558139537,4.777777777777778,4.777777777777778,1.0
trillionlabs/Tri-0.5B-Base,devtest,en,304,132,132,26,19.696969696969695,5.076923076923077,5.076923076923077,1.0
trillionlabs/Tri-0.5B-Base,devtest,en,306,78,78,27,34.61538461538461,2.888888888888889,2.888888888888889,1.0
trillionlabs/Tri-0.5B-Base,devtest,en,308,82,82,14,17.073170731707318,5.857142857142857,5.857142857142857,1.0
trillionlabs/Tri-0.5B-Base,devtest,en,310,52,52,13,25.0,4.0,4.0,1.0
trillionlabs/Tri-0.5B-Base,devtest,en,311,81,81,15,18.51851851851852,5.4,5.4,1.0
trillionlabs/Tri-0.5B-Base,devtest,en,312,106,106,19,17.92452830188679,5.578947368421052,5.578947368421052,1.0
trillionlabs/Tri-0.5B-Base,devtest,en,318,102,102,18,17.647058823529413,5.666666666666667,5.666666666666667,1.0
trillionlabs/Tri-0.5B-Base,devtest,en,320,162,162,35,21.604938271604937,4.628571428571429,4.628571428571429,1.0
trillionlabs/Tri-0.5B-Base,devtest,en,321,150,150,37,24.666666666666668,4.054054054054054,4.054054054054054,1.0
trillionlabs/Tri-0.5B-Base,devtest,en,322,140,140,29,20.714285714285715,4.827586206896552,4.827586206896552,1.0
trillionlabs/Tri-0.5B-Base,devtest,en,324,108,108,23,21.296296296296298,4.695652173913044,4.695652173913044,1.0
trillionlabs/Tri-0.5B-Base,devtest,en,326,176,176,38,21.59090909090909,4.631578947368421,4.631578947368421,1.0
trillionlabs/Tri-0.5B-Base,devtest,en,327,99,99,21,21.21212121212121,4.714285714285714,4.714285714285714,1.0
trillionlabs/Tri-0.5B-Base,devtest,en,329,137,137,22,16.05839416058394,6.2272727272727275,6.2272727272727275,1.0
trillionlabs/Tri-0.5B-Base,devtest,en,332,110,110,24,21.818181818181817,4.583333333333333,4.583333333333333,1.0
trillionlabs/Tri-0.5B-Base,devtest,en,334,53,53,12,22.641509433962263,4.416666666666667,4.416666666666667,1.0
trillionlabs/Tri-0.5B-Base,devtest,en,338,143,143,26,18.181818181818183,5.5,5.5,1.0
trillionlabs/Tri-0.5B-Base,devtest,en,339,133,134,28,21.05263157894737,4.785714285714286,4.75,1.0
trillionlabs/Tri-0.5B-Base,devtest,en,340,328,328,67,20.426829268292682,4.895522388059701,4.895522388059701,1.0
trillionlabs/Tri-0.5B-Base,devtest,en,341,79,79,18,22.78481012658228,4.388888888888889,4.388888888888889,1.0
trillionlabs/Tri-0.5B-Base,devtest,en,342,108,108,25,23.14814814814815,4.32,4.32,1.0
trillionlabs/Tri-0.5B-Base,devtest,en,346,94,94,22,23.404255319148938,4.2727272727272725,4.2727272727272725,1.0
trillionlabs/Tri-0.5B-Base,devtest,en,348,92,92,21,22.82608695652174,4.380952380952381,4.380952380952381,1.0
trillionlabs/Tri-0.5B-Base,devtest,en,349,108,108,23,21.296296296296298,4.695652173913044,4.695652173913044,1.0
trillionlabs/Tri-0.5B-Base,devtest,en,350,123,123,28,22.764227642276424,4.392857142857143,4.392857142857143,1.0
trillionlabs/Tri-0.5B-Base,devtest,en,353,80,80,17,21.25,4.705882352941177,4.705882352941177,1.0
trillionlabs/Tri-0.5B-Base,devtest,en,354,86,86,17,19.767441860465116,5.0588235294117645,5.0588235294117645,1.0
trillionlabs/Tri-0.5B-Base,devtest,en,356,86,86,19,22.093023255813954,4.526315789473684,4.526315789473684,1.0
trillionlabs/Tri-0.5B-Base,devtest,en,358,76,76,16,21.05263157894737,4.75,4.75,1.0
trillionlabs/Tri-0.5B-Base,devtest,en,361,127,127,26,20.47244094488189,4.884615384615385,4.884615384615385,1.0
trillionlabs/Tri-0.5B-Base,devtest,en,362,69,69,15,21.73913043478261,4.6,4.6,1.0
trillionlabs/Tri-0.5B-Base,devtest,en,366,143,143,31,21.678321678321677,4.612903225806452,4.612903225806452,1.0
trillionlabs/Tri-0.5B-Base,devtest,en,368,111,111,28,25.225225225225227,3.9642857142857144,3.9642857142857144,1.0
trillionlabs/Tri-0.5B-Base,devtest,en,369,174,174,41,23.563218390804597,4.2439024390243905,4.2439024390243905,1.0
trillionlabs/Tri-0.5B-Base,devtest,en,371,176,176,38,21.59090909090909,4.631578947368421,4.631578947368421,1.0
trillionlabs/Tri-0.5B-Base,devtest,en,372,323,323,67,20.743034055727556,4.82089552238806,4.82089552238806,1.0
trillionlabs/Tri-0.5B-Base,devtest,en,373,197,197,32,16.243654822335024,6.15625,6.15625,1.0
trillionlabs/Tri-0.5B-Base,devtest,en,374,94,94,18,19.148936170212767,5.222222222222222,5.222222222222222,1.0
trillionlabs/Tri-0.5B-Base,devtest,en,377,160,160,29,18.125,5.517241379310345,5.517241379310345,1.0
trillionlabs/Tri-0.5B-Base,devtest,en,380,138,138,28,20.28985507246377,4.928571428571429,4.928571428571429,1.0
trillionlabs/Tri-0.5B-Base,devtest,en,381,91,91,22,24.175824175824175,4.136363636363637,4.136363636363637,1.0
trillionlabs/Tri-0.5B-Base,devtest,en,382,182,182,39,21.428571428571427,4.666666666666667,4.666666666666667,1.0
trillionlabs/Tri-0.5B-Base,devtest,en,384,112,112,25,22.321428571428573,4.48,4.48,1.0
trillionlabs/Tri-0.5B-Base,devtest,en,385,189,189,40,21.164021164021165,4.725,4.725,1.0
trillionlabs/Tri-0.5B-Base,devtest,en,388,118,118,27,22.88135593220339,4.37037037037037,4.37037037037037,1.0
trillionlabs/Tri-0.5B-Base,devtest,en,391,103,103,19,18.446601941747574,5.421052631578948,5.421052631578948,1.0
trillionlabs/Tri-0.5B-Base,devtest,en,393,55,55,12,21.818181818181817,4.583333333333333,4.583333333333333,1.0
trillionlabs/Tri-0.5B-Base,devtest,en,394,71,71,16,22.535211267605632,4.4375,4.4375,1.0
trillionlabs/Tri-0.5B-Base,devtest,en,398,187,187,37,19.78609625668449,5.054054054054054,5.054054054054054,1.0
trillionlabs/Tri-0.5B-Base,devtest,en,399,85,85,17,20.0,5.0,5.0,1.0
trillionlabs/Tri-0.5B-Base,devtest,en,404,175,177,40,22.857142857142858,4.425,4.375,1.0
trillionlabs/Tri-0.5B-Base,devtest,en,405,63,63,15,23.80952380952381,4.2,4.2,1.0
trillionlabs/Tri-0.5B-Base,devtest,en,407,159,159,34,21.38364779874214,4.676470588235294,4.676470588235294,1.0
trillionlabs/Tri-0.5B-Base,devtest,en,408,99,99,20,20.2020202020202,4.95,4.95,1.0
trillionlabs/Tri-0.5B-Base,devtest,en,410,127,127,26,20.47244094488189,4.884615384615385,4.884615384615385,1.0
trillionlabs/Tri-0.5B-Base,devtest,en,414,168,172,29,17.261904761904763,5.931034482758621,5.793103448275862,1.0
trillionlabs/Tri-0.5B-Base,devtest,en,415,188,188,37,19.680851063829788,5.081081081081081,5.081081081081081,1.0
trillionlabs/Tri-0.5B-Base,devtest,en,418,162,162,30,18.51851851851852,5.4,5.4,1.0
trillionlabs/Tri-0.5B-Base,devtest,en,420,122,122,20,16.39344262295082,6.1,6.1,1.0
trillionlabs/Tri-0.5B-Base,devtest,en,421,111,111,28,25.225225225225227,3.9642857142857144,3.9642857142857144,1.0
trillionlabs/Tri-0.5B-Base,devtest,en,425,162,164,37,22.839506172839506,4.4324324324324325,4.378378378378378,1.0
trillionlabs/Tri-0.5B-Base,devtest,en,427,124,124,30,24.193548387096776,4.133333333333334,4.133333333333334,1.0
trillionlabs/Tri-0.5B-Base,devtest,en,428,140,140,27,19.285714285714285,5.185185185185185,5.185185185185185,1.0
trillionlabs/Tri-0.5B-Base,devtest,en,430,151,151,32,21.192052980132452,4.71875,4.71875,1.0
trillionlabs/Tri-0.5B-Base,devtest,en,433,123,123,29,23.577235772357724,4.241379310344827,4.241379310344827,1.0
trillionlabs/Tri-0.5B-Base,devtest,en,434,111,111,22,19.81981981981982,5.045454545454546,5.045454545454546,1.0
trillionlabs/Tri-0.5B-Base,devtest,en,435,136,136,30,22.058823529411764,4.533333333333333,4.533333333333333,1.0
trillionlabs/Tri-0.5B-Base,devtest,en,436,166,166,29,17.46987951807229,5.724137931034483,5.724137931034483,1.0
trillionlabs/Tri-0.5B-Base,devtest,en,439,64,64,15,23.4375,4.266666666666667,4.266666666666667,1.0
trillionlabs/Tri-0.5B-Base,devtest,en,445,123,123,20,16.260162601626018,6.15,6.15,1.0
trillionlabs/Tri-0.5B-Base,devtest,en,446,107,107,21,19.626168224299064,5.095238095238095,5.095238095238095,1.0
trillionlabs/Tri-0.5B-Base,devtest,en,447,129,129,25,19.37984496124031,5.16,5.16,1.0
trillionlabs/Tri-0.5B-Base,devtest,en,449,170,170,39,22.941176470588236,4.358974358974359,4.358974358974359,1.0
trillionlabs/Tri-0.5B-Base,devtest,en,450,145,145,28,19.310344827586206,5.178571428571429,5.178571428571429,1.0
trillionlabs/Tri-0.5B-Base,devtest,en,451,191,191,37,19.3717277486911,5.162162162162162,5.162162162162162,1.0
trillionlabs/Tri-0.5B-Base,devtest,en,452,91,91,15,16.483516483516482,6.066666666666666,6.066666666666666,1.0
trillionlabs/Tri-0.5B-Base,devtest,en,453,166,170,36,21.686746987951807,4.722222222222222,4.611111111111111,1.0
trillionlabs/Tri-0.5B-Base,devtest,en,454,207,207,42,20.28985507246377,4.928571428571429,4.928571428571429,1.0
trillionlabs/Tri-0.5B-Base,devtest,en,455,125,125,20,16.0,6.25,6.25,1.0
trillionlabs/Tri-0.5B-Base,devtest,en,456,113,113,23,20.353982300884955,4.913043478260869,4.913043478260869,1.0
trillionlabs/Tri-0.5B-Base,devtest,en,460,118,118,26,22.033898305084747,4.538461538461538,4.538461538461538,1.0
trillionlabs/Tri-0.5B-Base,devtest,en,461,114,114,29,25.43859649122807,3.9310344827586206,3.9310344827586206,1.0
trillionlabs/Tri-0.5B-Base,devtest,en,464,135,135,26,19.25925925925926,5.1923076923076925,5.1923076923076925,1.0
trillionlabs/Tri-0.5B-Base,devtest,en,465,204,204,43,21.07843137254902,4.744186046511628,4.744186046511628,1.0
trillionlabs/Tri-0.5B-Base,devtest,en,468,162,162,38,23.45679012345679,4.2631578947368425,4.2631578947368425,1.0
trillionlabs/Tri-0.5B-Base,devtest,en,470,145,145,29,20.0,5.0,5.0,1.0
trillionlabs/Tri-0.5B-Base,devtest,en,472,131,131,25,19.083969465648856,5.24,5.24,1.0
trillionlabs/Tri-0.5B-Base,devtest,en,473,85,85,17,20.0,5.0,5.0,1.0
trillionlabs/Tri-0.5B-Base,devtest,en,475,124,124,24,19.35483870967742,5.166666666666667,5.166666666666667,1.0
trillionlabs/Tri-0.5B-Base,devtest,en,476,218,218,43,19.724770642201836,5.069767441860465,5.069767441860465,1.0
trillionlabs/Tri-0.5B-Base,devtest,en,477,145,145,27,18.620689655172413,5.37037037037037,5.37037037037037,1.0
trillionlabs/Tri-0.5B-Base,devtest,en,480,135,135,26,19.25925925925926,5.1923076923076925,5.1923076923076925,1.0
trillionlabs/Tri-0.5B-Base,devtest,en,482,287,287,46,16.027874564459932,6.239130434782608,6.239130434782608,1.0
trillionlabs/Tri-0.5B-Base,devtest,en,483,92,92,18,19.565217391304348,5.111111111111111,5.111111111111111,1.0
trillionlabs/Tri-0.5B-Base,devtest,en,485,169,169,30,17.75147928994083,5.633333333333334,5.633333333333334,1.0
trillionlabs/Tri-0.5B-Base,devtest,en,486,113,113,26,23.008849557522122,4.346153846153846,4.346153846153846,1.0
trillionlabs/Tri-0.5B-Base,devtest,en,488,152,152,27,17.763157894736842,5.62962962962963,5.62962962962963,1.0
trillionlabs/Tri-0.5B-Base,devtest,en,489,103,103,26,25.24271844660194,3.9615384615384617,3.9615384615384617,1.0
trillionlabs/Tri-0.5B-Base,devtest,en,491,108,108,21,19.444444444444443,5.142857142857143,5.142857142857143,1.0
trillionlabs/Tri-0.5B-Base,devtest,en,492,89,89,21,23.59550561797753,4.238095238095238,4.238095238095238,1.0
trillionlabs/Tri-0.5B-Base,devtest,en,494,102,102,22,21.568627450980394,4.636363636363637,4.636363636363637,1.0
trillionlabs/Tri-0.5B-Base,devtest,en,498,120,120,19,15.833333333333334,6.315789473684211,6.315789473684211,1.0
trillionlabs/Tri-0.5B-Base,devtest,en,499,138,138,24,17.391304347826086,5.75,5.75,1.0
trillionlabs/Tri-0.5B-Base,devtest,en,500,108,108,24,22.22222222222222,4.5,4.5,1.0
trillionlabs/Tri-0.5B-Base,devtest,en,504,247,247,48,19.4331983805668,5.145833333333333,5.145833333333333,1.0
trillionlabs/Tri-0.5B-Base,devtest,en,505,104,104,18,17.307692307692307,5.777777777777778,5.777777777777778,1.0
trillionlabs/Tri-0.5B-Base,devtest,en,509,205,205,38,18.536585365853657,5.394736842105263,5.394736842105263,1.0
trillionlabs/Tri-0.5B-Base,devtest,en,510,143,143,33,23.076923076923077,4.333333333333333,4.333333333333333,1.0
trillionlabs/Tri-0.5B-Base,devtest,en,513,115,115,25,21.73913043478261,4.6,4.6,1.0
trillionlabs/Tri-0.5B-Base,devtest,en,517,76,76,11,14.473684210526315,6.909090909090909,6.909090909090909,1.0
trillionlabs/Tri-0.5B-Base,devtest,en,519,121,129,26,21.487603305785125,4.961538461538462,4.653846153846154,1.0
trillionlabs/Tri-0.5B-Base,devtest,en,523,185,185,33,17.83783783783784,5.606060606060606,5.606060606060606,1.0
trillionlabs/Tri-0.5B-Base,devtest,en,524,115,115,20,17.391304347826086,5.75,5.75,1.0
trillionlabs/Tri-0.5B-Base,devtest,en,525,105,105,19,18.095238095238095,5.526315789473684,5.526315789473684,1.0
trillionlabs/Tri-0.5B-Base,devtest,en,526,99,99,18,18.181818181818183,5.5,5.5,1.0
trillionlabs/Tri-0.5B-Base,devtest,en,527,106,106,17,16.037735849056602,6.235294117647059,6.235294117647059,1.0
trillionlabs/Tri-0.5B-Base,devtest,en,529,107,107,19,17.757009345794394,5.631578947368421,5.631578947368421,1.0
trillionlabs/Tri-0.5B-Base,devtest,en,530,180,180,32,17.77777777777778,5.625,5.625,1.0
trillionlabs/Tri-0.5B-Base,devtest,en,531,164,164,33,20.121951219512194,4.96969696969697,4.96969696969697,1.0
trillionlabs/Tri-0.5B-Base,devtest,en,533,146,148,26,17.80821917808219,5.6923076923076925,5.615384615384615,1.0
trillionlabs/Tri-0.5B-Base,devtest,en,534,119,119,22,18.48739495798319,5.409090909090909,5.409090909090909,1.0
trillionlabs/Tri-0.5B-Base,devtest,en,535,149,149,35,23.48993288590604,4.257142857142857,4.257142857142857,1.0
trillionlabs/Tri-0.5B-Base,devtest,en,536,156,156,34,21.794871794871796,4.588235294117647,4.588235294117647,1.0
trillionlabs/Tri-0.5B-Base,devtest,en,538,135,135,25,18.51851851851852,5.4,5.4,1.0
trillionlabs/Tri-0.5B-Base,devtest,en,540,149,149,31,20.80536912751678,4.806451612903226,4.806451612903226,1.0
trillionlabs/Tri-0.5B-Base,devtest,en,541,127,127,27,21.25984251968504,4.703703703703703,4.703703703703703,1.0
trillionlabs/Tri-0.5B-Base,devtest,en,542,147,147,24,16.3265306122449,6.125,6.125,1.0
trillionlabs/Tri-0.5B-Base,devtest,en,545,96,96,22,22.916666666666668,4.363636363636363,4.363636363636363,1.0
trillionlabs/Tri-0.5B-Base,devtest,en,546,164,164,36,21.951219512195124,4.555555555555555,4.555555555555555,1.0
trillionlabs/Tri-0.5B-Base,devtest,en,551,186,186,34,18.27956989247312,5.470588235294118,5.470588235294118,1.0
trillionlabs/Tri-0.5B-Base,devtest,en,552,89,89,22,24.719101123595507,4.045454545454546,4.045454545454546,1.0
trillionlabs/Tri-0.5B-Base,devtest,en,556,251,251,46,18.326693227091635,5.456521739130435,5.456521739130435,1.0
trillionlabs/Tri-0.5B-Base,devtest,en,557,61,61,15,24.59016393442623,4.066666666666666,4.066666666666666,1.0
trillionlabs/Tri-0.5B-Base,devtest,en,561,107,107,23,21.49532710280374,4.6521739130434785,4.6521739130434785,1.0
trillionlabs/Tri-0.5B-Base,devtest,en,562,152,152,27,17.763157894736842,5.62962962962963,5.62962962962963,1.0
trillionlabs/Tri-0.5B-Base,devtest,en,565,181,181,35,19.337016574585636,5.171428571428572,5.171428571428572,1.0
trillionlabs/Tri-0.5B-Base,devtest,en,568,213,213,41,19.248826291079812,5.195121951219512,5.195121951219512,1.0
trillionlabs/Tri-0.5B-Base,devtest,en,570,102,102,21,20.58823529411765,4.857142857142857,4.857142857142857,1.0
trillionlabs/Tri-0.5B-Base,devtest,en,572,142,142,27,19.014084507042252,5.2592592592592595,5.2592592592592595,1.0
trillionlabs/Tri-0.5B-Base,devtest,en,576,103,103,26,25.24271844660194,3.9615384615384617,3.9615384615384617,1.0
trillionlabs/Tri-0.5B-Base,devtest,en,579,147,147,24,16.3265306122449,6.125,6.125,1.0
trillionlabs/Tri-0.5B-Base,devtest,en,585,190,190,36,18.94736842105263,5.277777777777778,5.277777777777778,1.0
trillionlabs/Tri-0.5B-Base,devtest,en,587,80,80,16,20.0,5.0,5.0,1.0
trillionlabs/Tri-0.5B-Base,devtest,en,589,65,65,13,20.0,5.0,5.0,1.0
trillionlabs/Tri-0.5B-Base,devtest,en,592,207,209,39,18.840579710144926,5.358974358974359,5.3076923076923075,1.0
trillionlabs/Tri-0.5B-Base,devtest,en,594,80,80,14,17.5,5.714285714285714,5.714285714285714,1.0
trillionlabs/Tri-0.5B-Base,devtest,en,596,156,156,23,14.743589743589743,6.782608695652174,6.782608695652174,1.0
trillionlabs/Tri-0.5B-Base,devtest,en,599,100,100,18,18.0,5.555555555555555,5.555555555555555,1.0
trillionlabs/Tri-0.5B-Base,devtest,en,601,143,143,25,17.482517482517483,5.72,5.72,1.0
trillionlabs/Tri-0.5B-Base,devtest,en,602,195,195,36,18.46153846153846,5.416666666666667,5.416666666666667,1.0
trillionlabs/Tri-0.5B-Base,devtest,en,603,121,121,25,20.66115702479339,4.84,4.84,1.0
trillionlabs/Tri-0.5B-Base,devtest,en,605,149,149,26,17.449664429530202,5.730769230769231,5.730769230769231,1.0
trillionlabs/Tri-0.5B-Base,devtest,en,607,159,159,30,18.867924528301888,5.3,5.3,1.0
trillionlabs/Tri-0.5B-Base,devtest,en,608,127,127,22,17.322834645669293,5.7727272727272725,5.7727272727272725,1.0
trillionlabs/Tri-0.5B-Base,devtest,en,611,112,112,18,16.071428571428573,6.222222222222222,6.222222222222222,1.0
trillionlabs/Tri-0.5B-Base,devtest,en,617,83,83,14,16.867469879518072,5.928571428571429,5.928571428571429,1.0
trillionlabs/Tri-0.5B-Base,devtest,en,618,151,151,30,19.867549668874172,5.033333333333333,5.033333333333333,1.0
trillionlabs/Tri-0.5B-Base,devtest,en,620,69,69,14,20.28985507246377,4.928571428571429,4.928571428571429,1.0
trillionlabs/Tri-0.5B-Base,devtest,en,621,88,88,18,20.454545454545453,4.888888888888889,4.888888888888889,1.0
trillionlabs/Tri-0.5B-Base,devtest,en,624,79,79,19,24.050632911392405,4.157894736842105,4.157894736842105,1.0
trillionlabs/Tri-0.5B-Base,devtest,en,626,70,70,16,22.857142857142858,4.375,4.375,1.0
trillionlabs/Tri-0.5B-Base,devtest,en,627,107,107,23,21.49532710280374,4.6521739130434785,4.6521739130434785,1.0
trillionlabs/Tri-0.5B-Base,devtest,en,629,186,186,33,17.741935483870968,5.636363636363637,5.636363636363637,1.0
trillionlabs/Tri-0.5B-Base,devtest,en,630,119,119,21,17.647058823529413,5.666666666666667,5.666666666666667,1.0
trillionlabs/Tri-0.5B-Base,devtest,en,632,73,73,12,16.438356164383563,6.083333333333333,6.083333333333333,1.0
trillionlabs/Tri-0.5B-Base,devtest,en,633,132,132,25,18.939393939393938,5.28,5.28,1.0
trillionlabs/Tri-0.5B-Base,devtest,en,635,208,208,39,18.75,5.333333333333333,5.333333333333333,1.0
trillionlabs/Tri-0.5B-Base,devtest,en,637,180,180,41,22.77777777777778,4.390243902439025,4.390243902439025,1.0
trillionlabs/Tri-0.5B-Base,devtest,en,638,118,118,25,21.1864406779661,4.72,4.72,1.0
trillionlabs/Tri-0.5B-Base,devtest,en,640,89,89,18,20.224719101123597,4.944444444444445,4.944444444444445,1.0
trillionlabs/Tri-0.5B-Base,devtest,en,643,67,67,16,23.880597014925375,4.1875,4.1875,1.0
trillionlabs/Tri-0.5B-Base,devtest,en,644,105,105,21,20.0,5.0,5.0,1.0
trillionlabs/Tri-0.5B-Base,devtest,en,646,83,83,15,18.072289156626507,5.533333333333333,5.533333333333333,1.0
trillionlabs/Tri-0.5B-Base,devtest,en,647,118,118,22,18.64406779661017,5.363636363636363,5.363636363636363,1.0
trillionlabs/Tri-0.5B-Base,devtest,en,649,100,100,19,19.0,5.2631578947368425,5.2631578947368425,1.0
trillionlabs/Tri-0.5B-Base,devtest,en,651,81,81,20,24.691358024691358,4.05,4.05,1.0
trillionlabs/Tri-0.5B-Base,devtest,en,653,120,120,28,23.333333333333332,4.285714285714286,4.285714285714286,1.0
trillionlabs/Tri-0.5B-Base,devtest,en,655,126,126,22,17.46031746031746,5.7272727272727275,5.7272727272727275,1.0
trillionlabs/Tri-0.5B-Base,devtest,en,658,163,167,35,21.47239263803681,4.771428571428571,4.6571428571428575,1.0
trillionlabs/Tri-0.5B-Base,devtest,en,659,178,178,25,14.044943820224718,7.12,7.12,1.0
trillionlabs/Tri-0.5B-Base,devtest,en,662,87,87,17,19.54022988505747,5.117647058823529,5.117647058823529,1.0
trillionlabs/Tri-0.5B-Base,devtest,en,663,115,115,20,17.391304347826086,5.75,5.75,1.0
trillionlabs/Tri-0.5B-Base,devtest,en,665,171,171,29,16.95906432748538,5.896551724137931,5.896551724137931,1.0
trillionlabs/Tri-0.5B-Base,devtest,en,666,118,122,32,27.11864406779661,3.8125,3.6875,1.0
trillionlabs/Tri-0.5B-Base,devtest,en,670,151,151,29,19.205298013245034,5.206896551724138,5.206896551724138,1.0
trillionlabs/Tri-0.5B-Base,devtest,en,671,145,145,23,15.862068965517242,6.304347826086956,6.304347826086956,1.0
trillionlabs/Tri-0.5B-Base,devtest,en,673,177,177,29,16.384180790960453,6.103448275862069,6.103448275862069,1.0
trillionlabs/Tri-0.5B-Base,devtest,en,675,162,162,31,19.135802469135804,5.225806451612903,5.225806451612903,1.0
trillionlabs/Tri-0.5B-Base,devtest,en,676,111,111,19,17.117117117117118,5.842105263157895,5.842105263157895,1.0
trillionlabs/Tri-0.5B-Base,devtest,en,677,133,133,24,18.045112781954888,5.541666666666667,5.541666666666667,1.0
trillionlabs/Tri-0.5B-Base,devtest,en,679,92,92,14,15.217391304347826,6.571428571428571,6.571428571428571,1.0
trillionlabs/Tri-0.5B-Base,devtest,en,683,145,145,31,21.379310344827587,4.67741935483871,4.67741935483871,1.0
trillionlabs/Tri-0.5B-Base,devtest,en,684,170,170,30,17.647058823529413,5.666666666666667,5.666666666666667,1.0
trillionlabs/Tri-0.5B-Base,devtest,en,686,220,220,43,19.545454545454547,5.116279069767442,5.116279069767442,1.0
trillionlabs/Tri-0.5B-Base,devtest,en,688,124,124,22,17.741935483870968,5.636363636363637,5.636363636363637,1.0
trillionlabs/Tri-0.5B-Base,devtest,en,692,138,138,26,18.840579710144926,5.3076923076923075,5.3076923076923075,1.0
trillionlabs/Tri-0.5B-Base,devtest,en,695,97,97,15,15.463917525773196,6.466666666666667,6.466666666666667,1.0
trillionlabs/Tri-0.5B-Base,devtest,en,697,81,81,16,19.753086419753085,5.0625,5.0625,1.0
trillionlabs/Tri-0.5B-Base,devtest,en,699,114,114,21,18.42105263157895,5.428571428571429,5.428571428571429,1.0
trillionlabs/Tri-0.5B-Base,devtest,en,701,141,141,28,19.858156028368793,5.035714285714286,5.035714285714286,1.0
trillionlabs/Tri-0.5B-Base,devtest,en,706,124,124,29,23.387096774193548,4.275862068965517,4.275862068965517,1.0
trillionlabs/Tri-0.5B-Base,devtest,en,707,177,177,40,22.598870056497177,4.425,4.425,1.0
trillionlabs/Tri-0.5B-Base,devtest,en,716,129,129,36,27.906976744186046,3.5833333333333335,3.5833333333333335,1.0
trillionlabs/Tri-0.5B-Base,devtest,en,719,103,103,24,23.300970873786408,4.291666666666667,4.291666666666667,1.0
trillionlabs/Tri-0.5B-Base,devtest,en,720,97,97,20,20.61855670103093,4.85,4.85,1.0
trillionlabs/Tri-0.5B-Base,devtest,en,721,125,125,28,22.4,4.464285714285714,4.464285714285714,1.0
trillionlabs/Tri-0.5B-Base,devtest,en,725,99,99,19,19.19191919191919,5.2105263157894735,5.2105263157894735,1.0
trillionlabs/Tri-0.5B-Base,devtest,en,728,171,171,32,18.71345029239766,5.34375,5.34375,1.0
trillionlabs/Tri-0.5B-Base,devtest,en,730,120,120,21,17.5,5.714285714285714,5.714285714285714,1.0
trillionlabs/Tri-0.5B-Base,devtest,en,737,182,182,45,24.725274725274726,4.044444444444444,4.044444444444444,1.0
trillionlabs/Tri-0.5B-Base,devtest,en,738,103,103,23,22.33009708737864,4.478260869565218,4.478260869565218,1.0
trillionlabs/Tri-0.5B-Base,devtest,en,740,118,118,30,25.423728813559322,3.933333333333333,3.933333333333333,1.0
trillionlabs/Tri-0.5B-Base,devtest,en,741,167,167,48,28.74251497005988,3.4791666666666665,3.4791666666666665,1.0
trillionlabs/Tri-0.5B-Base,devtest,en,746,144,146,33,22.916666666666668,4.424242424242424,4.363636363636363,1.0
trillionlabs/Tri-0.5B-Base,devtest,en,748,79,79,12,15.189873417721518,6.583333333333333,6.583333333333333,1.0
trillionlabs/Tri-0.5B-Base,devtest,en,754,125,125,28,22.4,4.464285714285714,4.464285714285714,1.0
trillionlabs/Tri-0.5B-Base,devtest,en,755,114,114,24,21.05263157894737,4.75,4.75,1.0
trillionlabs/Tri-0.5B-Base,devtest,en,756,148,148,24,16.216216216216218,6.166666666666667,6.166666666666667,1.0
trillionlabs/Tri-0.5B-Base,devtest,en,757,209,209,37,17.70334928229665,5.648648648648648,5.648648648648648,1.0
trillionlabs/Tri-0.5B-Base,devtest,en,761,165,165,30,18.181818181818183,5.5,5.5,1.0
trillionlabs/Tri-0.5B-Base,devtest,en,762,113,113,26,23.008849557522122,4.346153846153846,4.346153846153846,1.0
trillionlabs/Tri-0.5B-Base,devtest,en,765,102,102,24,23.529411764705884,4.25,4.25,1.0
trillionlabs/Tri-0.5B-Base,devtest,en,767,132,132,27,20.454545454545453,4.888888888888889,4.888888888888889,1.0
trillionlabs/Tri-0.5B-Base,devtest,en,768,107,107,28,26.16822429906542,3.8214285714285716,3.8214285714285716,1.0
trillionlabs/Tri-0.5B-Base,devtest,en,770,141,141,29,20.56737588652482,4.862068965517241,4.862068965517241,1.0
trillionlabs/Tri-0.5B-Base,devtest,en,771,104,104,21,20.192307692307693,4.9523809523809526,4.9523809523809526,1.0
trillionlabs/Tri-0.5B-Base,devtest,en,775,103,103,22,21.359223300970875,4.681818181818182,4.681818181818182,1.0
trillionlabs/Tri-0.5B-Base,devtest,en,776,125,125,28,22.4,4.464285714285714,4.464285714285714,1.0
trillionlabs/Tri-0.5B-Base,devtest,en,781,174,174,39,22.413793103448278,4.461538461538462,4.461538461538462,1.0
trillionlabs/Tri-0.5B-Base,devtest,en,783,110,110,25,22.727272727272727,4.4,4.4,1.0
trillionlabs/Tri-0.5B-Base,devtest,en,784,96,96,19,19.791666666666668,5.052631578947368,5.052631578947368,1.0
trillionlabs/Tri-0.5B-Base,devtest,en,789,170,170,31,18.235294117647058,5.483870967741935,5.483870967741935,1.0
trillionlabs/Tri-0.5B-Base,devtest,en,790,152,152,24,15.789473684210526,6.333333333333333,6.333333333333333,1.0
trillionlabs/Tri-0.5B-Base,devtest,en,792,115,115,21,18.26086956521739,5.476190476190476,5.476190476190476,1.0
trillionlabs/Tri-0.5B-Base,devtest,en,793,162,162,31,19.135802469135804,5.225806451612903,5.225806451612903,1.0
trillionlabs/Tri-0.5B-Base,devtest,en,794,116,116,28,24.137931034482758,4.142857142857143,4.142857142857143,1.0
trillionlabs/Tri-0.5B-Base,devtest,en,797,142,142,26,18.309859154929576,5.461538461538462,5.461538461538462,1.0
trillionlabs/Tri-0.5B-Base,devtest,en,798,119,119,20,16.80672268907563,5.95,5.95,1.0
trillionlabs/Tri-0.5B-Base,devtest,en,799,149,149,30,20.13422818791946,4.966666666666667,4.966666666666667,1.0
trillionlabs/Tri-0.5B-Base,devtest,en,800,124,124,26,20.967741935483872,4.769230769230769,4.769230769230769,1.0
trillionlabs/Tri-0.5B-Base,devtest,en,801,151,151,26,17.218543046357617,5.8076923076923075,5.8076923076923075,1.0
trillionlabs/Tri-0.5B-Base,devtest,en,804,76,76,18,23.68421052631579,4.222222222222222,4.222222222222222,1.0
trillionlabs/Tri-0.5B-Base,devtest,en,806,130,130,25,19.23076923076923,5.2,5.2,1.0
trillionlabs/Tri-0.5B-Base,devtest,en,810,92,92,20,21.73913043478261,4.6,4.6,1.0
trillionlabs/Tri-0.5B-Base,devtest,en,811,141,141,35,24.822695035460992,4.0285714285714285,4.0285714285714285,1.0
trillionlabs/Tri-0.5B-Base,devtest,en,813,102,102,21,20.58823529411765,4.857142857142857,4.857142857142857,1.0
trillionlabs/Tri-0.5B-Base,devtest,en,814,125,125,23,18.4,5.434782608695652,5.434782608695652,1.0
trillionlabs/Tri-0.5B-Base,devtest,en,818,121,121,30,24.793388429752067,4.033333333333333,4.033333333333333,1.0
trillionlabs/Tri-0.5B-Base,devtest,en,820,90,90,15,16.666666666666668,6.0,6.0,1.0
trillionlabs/Tri-0.5B-Base,devtest,en,824,122,122,25,20.491803278688526,4.88,4.88,1.0
trillionlabs/Tri-0.5B-Base,devtest,en,825,126,126,25,19.841269841269842,5.04,5.04,1.0
trillionlabs/Tri-0.5B-Base,devtest,en,826,104,104,20,19.23076923076923,5.2,5.2,1.0
trillionlabs/Tri-0.5B-Base,devtest,en,827,165,165,28,16.96969696969697,5.892857142857143,5.892857142857143,1.0
trillionlabs/Tri-0.5B-Base,devtest,en,828,184,184,30,16.304347826086957,6.133333333333334,6.133333333333334,1.0
trillionlabs/Tri-0.5B-Base,devtest,en,829,131,131,29,22.137404580152673,4.517241379310345,4.517241379310345,1.0
trillionlabs/Tri-0.5B-Base,devtest,en,830,185,189,39,21.08108108108108,4.846153846153846,4.743589743589744,1.0
trillionlabs/Tri-0.5B-Base,devtest,en,832,128,128,26,20.3125,4.923076923076923,4.923076923076923,1.0
trillionlabs/Tri-0.5B-Base,devtest,en,834,149,149,29,19.463087248322147,5.137931034482759,5.137931034482759,1.0
trillionlabs/Tri-0.5B-Base,devtest,en,836,85,85,18,21.176470588235293,4.722222222222222,4.722222222222222,1.0
trillionlabs/Tri-0.5B-Base,devtest,en,837,71,71,19,26.760563380281692,3.736842105263158,3.736842105263158,1.0
trillionlabs/Tri-0.5B-Base,devtest,en,839,141,141,27,19.148936170212767,5.222222222222222,5.222222222222222,1.0
trillionlabs/Tri-0.5B-Base,devtest,en,840,143,143,28,19.58041958041958,5.107142857142857,5.107142857142857,1.0
trillionlabs/Tri-0.5B-Base,devtest,en,843,135,135,27,20.0,5.0,5.0,1.0
trillionlabs/Tri-0.5B-Base,devtest,en,844,185,185,42,22.7027027027027,4.404761904761905,4.404761904761905,1.0
trillionlabs/Tri-0.5B-Base,devtest,en,847,141,142,31,21.98581560283688,4.580645161290323,4.548387096774194,1.0
trillionlabs/Tri-0.5B-Base,devtest,en,849,170,170,31,18.235294117647058,5.483870967741935,5.483870967741935,1.0
trillionlabs/Tri-0.5B-Base,devtest,en,852,149,149,32,21.476510067114095,4.65625,4.65625,1.0
trillionlabs/Tri-0.5B-Base,devtest,en,853,92,92,20,21.73913043478261,4.6,4.6,1.0
trillionlabs/Tri-0.5B-Base,devtest,en,854,167,167,31,18.562874251497007,5.387096774193548,5.387096774193548,1.0
trillionlabs/Tri-0.5B-Base,devtest,en,856,199,201,36,18.09045226130653,5.583333333333333,5.527777777777778,1.0
trillionlabs/Tri-0.5B-Base,devtest,en,857,236,236,36,15.254237288135593,6.555555555555555,6.555555555555555,1.0
trillionlabs/Tri-0.5B-Base,devtest,en,858,76,76,16,21.05263157894737,4.75,4.75,1.0
trillionlabs/Tri-0.5B-Base,devtest,en,860,165,165,35,21.21212121212121,4.714285714285714,4.714285714285714,1.0
trillionlabs/Tri-0.5B-Base,devtest,en,862,126,126,23,18.253968253968253,5.478260869565218,5.478260869565218,1.0
trillionlabs/Tri-0.5B-Base,devtest,en,866,94,97,27,28.72340425531915,3.5925925925925926,3.4814814814814814,1.0
trillionlabs/Tri-0.5B-Base,devtest,en,867,200,200,38,19.0,5.2631578947368425,5.2631578947368425,1.0
trillionlabs/Tri-0.5B-Base,devtest,en,868,155,155,27,17.419354838709676,5.7407407407407405,5.7407407407407405,1.0
trillionlabs/Tri-0.5B-Base,devtest,en,870,109,109,19,17.431192660550458,5.7368421052631575,5.7368421052631575,1.0
trillionlabs/Tri-0.5B-Base,devtest,en,873,157,157,28,17.8343949044586,5.607142857142857,5.607142857142857,1.0
trillionlabs/Tri-0.5B-Base,devtest,en,875,157,157,31,19.745222929936304,5.064516129032258,5.064516129032258,1.0
trillionlabs/Tri-0.5B-Base,devtest,en,876,106,106,21,19.81132075471698,5.0476190476190474,5.0476190476190474,1.0
trillionlabs/Tri-0.5B-Base,devtest,en,877,131,131,26,19.84732824427481,5.038461538461538,5.038461538461538,1.0
trillionlabs/Tri-0.5B-Base,devtest,en,878,106,106,19,17.92452830188679,5.578947368421052,5.578947368421052,1.0
trillionlabs/Tri-0.5B-Base,devtest,en,879,111,111,22,19.81981981981982,5.045454545454546,5.045454545454546,1.0
trillionlabs/Tri-0.5B-Base,devtest,en,880,116,116,20,17.24137931034483,5.8,5.8,1.0
trillionlabs/Tri-0.5B-Base,devtest,en,882,113,113,19,16.8141592920354,5.947368421052632,5.947368421052632,1.0
trillionlabs/Tri-0.5B-Base,devtest,en,885,88,88,16,18.181818181818183,5.5,5.5,1.0
trillionlabs/Tri-0.5B-Base,devtest,en,888,98,98,20,20.408163265306122,4.9,4.9,1.0
trillionlabs/Tri-0.5B-Base,devtest,en,895,127,127,25,19.68503937007874,5.08,5.08,1.0
trillionlabs/Tri-0.5B-Base,devtest,en,899,92,92,20,21.73913043478261,4.6,4.6,1.0
trillionlabs/Tri-0.5B-Base,devtest,en,900,118,118,25,21.1864406779661,4.72,4.72,1.0
trillionlabs/Tri-0.5B-Base,devtest,en,905,139,139,24,17.26618705035971,5.791666666666667,5.791666666666667,1.0
trillionlabs/Tri-0.5B-Base,devtest,en,908,122,122,27,22.131147540983605,4.518518518518518,4.518518518518518,1.0
trillionlabs/Tri-0.5B-Base,devtest,en,912,111,111,18,16.216216216216218,6.166666666666667,6.166666666666667,1.0
trillionlabs/Tri-0.5B-Base,devtest,en,913,89,89,18,20.224719101123597,4.944444444444445,4.944444444444445,1.0
trillionlabs/Tri-0.5B-Base,devtest,en,915,145,145,28,19.310344827586206,5.178571428571429,5.178571428571429,1.0
trillionlabs/Tri-0.5B-Base,devtest,en,916,78,78,14,17.94871794871795,5.571428571428571,5.571428571428571,1.0
trillionlabs/Tri-0.5B-Base,devtest,en,917,146,146,34,23.28767123287671,4.294117647058823,4.294117647058823,1.0
trillionlabs/Tri-0.5B-Base,devtest,en,920,85,85,19,22.352941176470587,4.473684210526316,4.473684210526316,1.0
trillionlabs/Tri-0.5B-Base,devtest,en,921,131,131,30,22.900763358778626,4.366666666666666,4.366666666666666,1.0
trillionlabs/Tri-0.5B-Base,devtest,en,924,96,96,21,21.875,4.571428571428571,4.571428571428571,1.0
trillionlabs/Tri-0.5B-Base,devtest,en,925,188,188,41,21.80851063829787,4.585365853658536,4.585365853658536,1.0
trillionlabs/Tri-0.5B-Base,devtest,en,929,171,171,30,17.54385964912281,5.7,5.7,1.0
trillionlabs/Tri-0.5B-Base,devtest,en,930,119,119,24,20.168067226890756,4.958333333333333,4.958333333333333,1.0
trillionlabs/Tri-0.5B-Base,devtest,en,933,159,159,37,23.270440251572328,4.297297297297297,4.297297297297297,1.0
trillionlabs/Tri-0.5B-Base,devtest,en,934,170,170,37,21.764705882352942,4.594594594594595,4.594594594594595,1.0
trillionlabs/Tri-0.5B-Base,devtest,en,944,263,263,51,19.39163498098859,5.1568627450980395,5.1568627450980395,1.0
trillionlabs/Tri-0.5B-Base,devtest,en,945,104,105,26,25.0,4.038461538461538,4.0,1.0
trillionlabs/Tri-0.5B-Base,devtest,en,947,63,63,13,20.634920634920636,4.846153846153846,4.846153846153846,1.0
trillionlabs/Tri-0.5B-Base,devtest,en,949,71,71,18,25.35211267605634,3.9444444444444446,3.9444444444444446,1.0
trillionlabs/Tri-0.5B-Base,devtest,en,950,123,123,26,21.13821138211382,4.730769230769231,4.730769230769231,1.0
trillionlabs/Tri-0.5B-Base,devtest,en,951,178,178,36,20.224719101123597,4.944444444444445,4.944444444444445,1.0
trillionlabs/Tri-0.5B-Base,devtest,en,952,172,172,37,21.511627906976745,4.648648648648648,4.648648648648648,1.0
trillionlabs/Tri-0.5B-Base,devtest,en,953,129,129,27,20.930232558139537,4.777777777777778,4.777777777777778,1.0
trillionlabs/Tri-0.5B-Base,devtest,en,955,163,163,30,18.404907975460123,5.433333333333334,5.433333333333334,1.0
trillionlabs/Tri-0.5B-Base,devtest,en,956,114,114,21,18.42105263157895,5.428571428571429,5.428571428571429,1.0
trillionlabs/Tri-0.5B-Base,devtest,en,958,211,211,37,17.53554502369668,5.702702702702703,5.702702702702703,1.0
trillionlabs/Tri-0.5B-Base,devtest,en,962,158,158,32,20.253164556962027,4.9375,4.9375,1.0
trillionlabs/Tri-0.5B-Base,devtest,en,963,134,134,27,20.149253731343283,4.962962962962963,4.962962962962963,1.0
trillionlabs/Tri-0.5B-Base,devtest,en,965,149,149,37,24.83221476510067,4.027027027027027,4.027027027027027,1.0
trillionlabs/Tri-0.5B-Base,devtest,en,967,190,190,40,21.05263157894737,4.75,4.75,1.0
trillionlabs/Tri-0.5B-Base,devtest,en,969,184,184,37,20.108695652173914,4.972972972972973,4.972972972972973,1.0
trillionlabs/Tri-0.5B-Base,devtest,en,971,163,163,38,23.312883435582823,4.2894736842105265,4.2894736842105265,1.0
trillionlabs/Tri-0.5B-Base,devtest,en,972,112,112,25,22.321428571428573,4.48,4.48,1.0
trillionlabs/Tri-0.5B-Base,devtest,en,973,71,71,13,18.309859154929576,5.461538461538462,5.461538461538462,1.0
trillionlabs/Tri-0.5B-Base,devtest,en,975,104,104,17,16.346153846153847,6.117647058823529,6.117647058823529,1.0
trillionlabs/Tri-0.5B-Base,devtest,en,977,96,96,23,23.958333333333332,4.173913043478261,4.173913043478261,1.0
trillionlabs/Tri-0.5B-Base,devtest,en,978,57,57,10,17.54385964912281,5.7,5.7,1.0
trillionlabs/Tri-0.5B-Base,devtest,en,986,74,74,14,18.91891891891892,5.285714285714286,5.285714285714286,1.0
trillionlabs/Tri-0.5B-Base,devtest,en,987,150,150,27,18.0,5.555555555555555,5.555555555555555,1.0
trillionlabs/Tri-0.5B-Base,devtest,en,988,114,114,23,20.17543859649123,4.956521739130435,4.956521739130435,1.0
trillionlabs/Tri-0.5B-Base,devtest,en,989,116,116,23,19.82758620689655,5.043478260869565,5.043478260869565,1.0
trillionlabs/Tri-0.5B-Base,devtest,en,993,123,123,28,22.764227642276424,4.392857142857143,4.392857142857143,1.0
trillionlabs/Tri-0.5B-Base,devtest,en,994,62,62,14,22.580645161290324,4.428571428571429,4.428571428571429,1.0
trillionlabs/Tri-0.5B-Base,devtest,en,995,153,153,30,19.607843137254903,5.1,5.1,1.0
trillionlabs/Tri-0.5B-Base,devtest,en,997,108,108,20,18.51851851851852,5.4,5.4,1.0
trillionlabs/Tri-0.5B-Base,devtest,en,998,146,146,26,17.80821917808219,5.615384615384615,5.615384615384615,1.0
trillionlabs/Tri-0.5B-Base,devtest,en,1000,138,138,25,18.115942028985508,5.52,5.52,1.0
trillionlabs/Tri-0.5B-Base,devtest,en,1001,214,214,34,15.88785046728972,6.294117647058823,6.294117647058823,1.0
trillionlabs/Tri-0.5B-Base,devtest,en,1003,154,154,27,17.532467532467532,5.703703703703703,5.703703703703703,1.0
trillionlabs/Tri-0.5B-Base,devtest,en,1005,150,150,30,20.0,5.0,5.0,1.0
trillionlabs/Tri-0.5B-Base,devtest,en,1006,113,113,25,22.123893805309734,4.52,4.52,1.0
trillionlabs/Tri-0.5B-Base,devtest,en,1008,90,90,16,17.77777777777778,5.625,5.625,1.0
trillionlabs/Tri-0.5B-Base,devtest,en,1009,105,105,21,20.0,5.0,5.0,1.0
trillionlabs/Tri-0.5B-Base,devtest,en,1010,103,103,15,14.563106796116505,6.866666666666666,6.866666666666666,1.0
trillionlabs/Tri-0.5B-Base,devtest,en,1011,150,150,26,17.333333333333332,5.769230769230769,5.769230769230769,1.0
trillionlabs/Tri-0.5B-Base,devtest,ko,4,111,255,43,38.73873873873874,5.930232558139535,2.5813953488372094,1.162162162162162
trillionlabs/Tri-0.5B-Base,devtest,ko,6,37,69,15,40.54054054054054,4.6,2.466666666666667,1.5
trillionlabs/Tri-0.5B-Base,devtest,ko,7,83,173,28,33.734939759036145,6.178571428571429,2.9642857142857144,1.1666666666666667
trillionlabs/Tri-0.5B-Base,devtest,ko,12,81,177,34,41.97530864197531,5.205882352941177,2.3823529411764706,1.1333333333333333
trillionlabs/Tri-0.5B-Base,devtest,ko,14,86,208,31,36.04651162790697,6.709677419354839,2.774193548387097,0.7560975609756098
trillionlabs/Tri-0.5B-Base,devtest,ko,15,109,275,39,35.77981651376147,7.051282051282051,2.7948717948717947,0.8863636363636364
trillionlabs/Tri-0.5B-Base,devtest,ko,16,104,250,36,34.61538461538461,6.944444444444445,2.888888888888889,0.8780487804878049
trillionlabs/Tri-0.5B-Base,devtest,ko,17,51,123,25,49.01960784313726,4.92,2.04,1.0
trillionlabs/Tri-0.5B-Base,devtest,ko,19,143,321,55,38.46153846153846,5.836363636363636,2.6,0.9649122807017544
trillionlabs/Tri-0.5B-Base,devtest,ko,22,90,212,42,46.666666666666664,5.0476190476190474,2.142857142857143,1.2
trillionlabs/Tri-0.5B-Base,devtest,ko,23,107,263,45,42.05607476635514,5.844444444444444,2.3777777777777778,1.1538461538461537
trillionlabs/Tri-0.5B-Base,devtest,ko,24,69,175,24,34.78260869565217,7.291666666666667,2.875,0.8571428571428571
trillionlabs/Tri-0.5B-Base,devtest,ko,28,48,120,25,52.083333333333336,4.8,1.92,1.0869565217391304
trillionlabs/Tri-0.5B-Base,devtest,ko,30,113,285,48,42.47787610619469,5.9375,2.3541666666666665,0.96
trillionlabs/Tri-0.5B-Base,devtest,ko,31,104,262,46,44.23076923076923,5.695652173913044,2.260869565217391,0.9583333333333334
trillionlabs/Tri-0.5B-Base,devtest,ko,34,29,69,13,44.827586206896555,5.3076923076923075,2.230769230769231,1.0
trillionlabs/Tri-0.5B-Base,devtest,ko,37,64,138,28,43.75,4.928571428571429,2.2857142857142856,1.2173913043478262
trillionlabs/Tri-0.5B-Base,devtest,ko,38,51,103,23,45.09803921568628,4.478260869565218,2.217391304347826,1.2777777777777777
trillionlabs/Tri-0.5B-Base,devtest,ko,40,65,165,30,46.15384615384615,5.5,2.1666666666666665,1.25
trillionlabs/Tri-0.5B-Base,devtest,ko,43,54,108,25,46.2962962962963,4.32,2.16,0.9259259259259259
trillionlabs/Tri-0.5B-Base,devtest,ko,44,56,138,24,42.857142857142854,5.75,2.3333333333333335,0.8571428571428571
trillionlabs/Tri-0.5B-Base,devtest,ko,48,53,127,24,45.283018867924525,5.291666666666667,2.2083333333333335,1.3333333333333333
trillionlabs/Tri-0.5B-Base,devtest,ko,49,74,174,30,40.54054054054054,5.8,2.466666666666667,1.1111111111111112
trillionlabs/Tri-0.5B-Base,devtest,ko,50,44,100,21,47.72727272727273,4.761904761904762,2.0952380952380953,1.5
trillionlabs/Tri-0.5B-Base,devtest,ko,56,90,222,38,42.22222222222222,5.842105263157895,2.3684210526315788,1.0
trillionlabs/Tri-0.5B-Base,devtest,ko,57,86,214,39,45.348837209302324,5.487179487179487,2.2051282051282053,1.1818181818181819
trillionlabs/Tri-0.5B-Base,devtest,ko,59,39,93,15,38.46153846153846,6.2,2.6,1.25
trillionlabs/Tri-0.5B-Base,devtest,ko,60,56,140,23,41.07142857142857,6.086956521739131,2.4347826086956523,0.8214285714285714
trillionlabs/Tri-0.5B-Base,devtest,ko,61,55,137,17,30.90909090909091,8.058823529411764,3.235294117647059,0.8947368421052632
trillionlabs/Tri-0.5B-Base,devtest,ko,62,81,199,28,34.5679012345679,7.107142857142857,2.892857142857143,0.8484848484848485
trillionlabs/Tri-0.5B-Base,devtest,ko,64,78,178,31,39.743589743589745,5.741935483870968,2.5161290322580645,1.4090909090909092
trillionlabs/Tri-0.5B-Base,devtest,ko,66,63,155,31,49.20634920634921,5.0,2.032258064516129,1.24
trillionlabs/Tri-0.5B-Base,devtest,ko,69,58,146,28,48.275862068965516,5.214285714285714,2.0714285714285716,0.9655172413793104
trillionlabs/Tri-0.5B-Base,devtest,ko,70,54,134,17,31.48148148148148,7.882352941176471,3.176470588235294,0.7727272727272727
trillionlabs/Tri-0.5B-Base,devtest,ko,71,106,242,46,43.39622641509434,5.260869565217392,2.3043478260869565,1.0
trillionlabs/Tri-0.5B-Base,devtest,ko,74,85,203,32,37.64705882352941,6.34375,2.65625,0.9142857142857143
trillionlabs/Tri-0.5B-Base,devtest,ko,75,76,190,32,42.10526315789474,5.9375,2.375,1.032258064516129
trillionlabs/Tri-0.5B-Base,devtest,ko,78,33,77,13,39.39393939393939,5.923076923076923,2.5384615384615383,1.0
trillionlabs/Tri-0.5B-Base,devtest,ko,82,48,118,23,47.916666666666664,5.130434782608695,2.0869565217391304,1.0454545454545454
trillionlabs/Tri-0.5B-Base,devtest,ko,83,90,188,40,44.44444444444444,4.7,2.25,1.2121212121212122
trillionlabs/Tri-0.5B-Base,devtest,ko,86,93,215,35,37.634408602150536,6.142857142857143,2.657142857142857,0.813953488372093
trillionlabs/Tri-0.5B-Base,devtest,ko,87,81,203,27,33.333333333333336,7.518518518518518,3.0,1.0384615384615385
trillionlabs/Tri-0.5B-Base,devtest,ko,88,54,138,21,38.888888888888886,6.571428571428571,2.5714285714285716,1.0
trillionlabs/Tri-0.5B-Base,devtest,ko,89,58,146,26,44.827586206896555,5.615384615384615,2.230769230769231,0.9629629629629629
trillionlabs/Tri-0.5B-Base,devtest,ko,91,52,134,22,42.30769230769231,6.090909090909091,2.3636363636363638,1.0
trillionlabs/Tri-0.5B-Base,devtest,ko,93,28,66,9,32.142857142857146,7.333333333333333,3.111111111111111,0.9
trillionlabs/Tri-0.5B-Base,devtest,ko,95,50,124,21,42.0,5.904761904761905,2.380952380952381,1.105263157894737
trillionlabs/Tri-0.5B-Base,devtest,ko,96,60,154,25,41.666666666666664,6.16,2.4,1.25
trillionlabs/Tri-0.5B-Base,devtest,ko,100,54,124,22,40.74074074074074,5.636363636363637,2.4545454545454546,1.2941176470588236
trillionlabs/Tri-0.5B-Base,devtest,ko,101,119,251,50,42.016806722689076,5.02,2.38,1.1904761904761905
trillionlabs/Tri-0.5B-Base,devtest,ko,102,68,148,33,48.529411764705884,4.484848484848484,2.0606060606060606,0.9705882352941176
trillionlabs/Tri-0.5B-Base,devtest,ko,103,27,69,11,40.74074074074074,6.2727272727272725,2.4545454545454546,1.0
trillionlabs/Tri-0.5B-Base,devtest,ko,106,31,79,11,35.483870967741936,7.181818181818182,2.8181818181818183,0.8461538461538461
trillionlabs/Tri-0.5B-Base,devtest,ko,107,109,275,42,38.53211009174312,6.5476190476190474,2.5952380952380953,1.135135135135135
trillionlabs/Tri-0.5B-Base,devtest,ko,108,111,273,50,45.04504504504504,5.46,2.22,1.0204081632653061
trillionlabs/Tri-0.5B-Base,devtest,ko,109,47,115,20,42.5531914893617,5.75,2.35,1.1764705882352942
trillionlabs/Tri-0.5B-Base,devtest,ko,111,33,83,11,33.333333333333336,7.545454545454546,3.0,0.7333333333333333
trillionlabs/Tri-0.5B-Base,devtest,ko,113,38,92,18,47.36842105263158,5.111111111111111,2.111111111111111,1.0588235294117647
trillionlabs/Tri-0.5B-Base,devtest,ko,114,81,201,35,43.20987654320987,5.742857142857143,2.3142857142857145,1.1666666666666667
trillionlabs/Tri-0.5B-Base,devtest,ko,115,60,148,24,40.0,6.166666666666667,2.5,1.0
trillionlabs/Tri-0.5B-Base,devtest,ko,117,79,191,30,37.9746835443038,6.366666666666666,2.6333333333333333,1.0714285714285714
trillionlabs/Tri-0.5B-Base,devtest,ko,118,40,88,18,45.0,4.888888888888889,2.2222222222222223,1.2857142857142858
trillionlabs/Tri-0.5B-Base,devtest,ko,120,95,217,48,50.526315789473685,4.520833333333333,1.9791666666666667,1.2
trillionlabs/Tri-0.5B-Base,devtest,ko,122,46,100,21,45.65217391304348,4.761904761904762,2.1904761904761907,1.3125
trillionlabs/Tri-0.5B-Base,devtest,ko,124,45,109,17,37.77777777777778,6.411764705882353,2.6470588235294117,0.8095238095238095
trillionlabs/Tri-0.5B-Base,devtest,ko,126,20,50,8,40.0,6.25,2.5,0.7272727272727273
trillionlabs/Tri-0.5B-Base,devtest,ko,129,49,113,20,40.816326530612244,5.65,2.45,1.1111111111111112
trillionlabs/Tri-0.5B-Base,devtest,ko,130,72,172,29,40.27777777777778,5.931034482758621,2.4827586206896552,1.2608695652173914
trillionlabs/Tri-0.5B-Base,devtest,ko,131,82,206,30,36.58536585365854,6.866666666666666,2.7333333333333334,0.9090909090909091
trillionlabs/Tri-0.5B-Base,devtest,ko,132,73,183,29,39.726027397260275,6.310344827586207,2.5172413793103448,0.90625
trillionlabs/Tri-0.5B-Base,devtest,ko,134,53,113,24,45.283018867924525,4.708333333333333,2.2083333333333335,1.0434782608695652
trillionlabs/Tri-0.5B-Base,devtest,ko,135,60,150,26,43.333333333333336,5.769230769230769,2.3076923076923075,1.4444444444444444
trillionlabs/Tri-0.5B-Base,devtest,ko,136,33,73,14,42.42424242424242,5.214285714285714,2.357142857142857,1.0769230769230769
trillionlabs/Tri-0.5B-Base,devtest,ko,137,46,106,22,47.82608695652174,4.818181818181818,2.090909090909091,1.0476190476190477
trillionlabs/Tri-0.5B-Base,devtest,ko,139,54,128,25,46.2962962962963,5.12,2.16,1.0
trillionlabs/Tri-0.5B-Base,devtest,ko,141,83,203,36,43.373493975903614,5.638888888888889,2.3055555555555554,1.0285714285714285
trillionlabs/Tri-0.5B-Base,devtest,ko,143,48,122,19,39.583333333333336,6.421052631578948,2.526315789473684,0.95
trillionlabs/Tri-0.5B-Base,devtest,ko,146,45,105,21,46.666666666666664,5.0,2.142857142857143,0.875
trillionlabs/Tri-0.5B-Base,devtest,ko,149,40,102,20,50.0,5.1,2.0,1.1111111111111112
trillionlabs/Tri-0.5B-Base,devtest,ko,151,96,208,40,41.666666666666664,5.2,2.4,1.0810810810810811
trillionlabs/Tri-0.5B-Base,devtest,ko,153,66,158,34,51.515151515151516,4.647058823529412,1.9411764705882353,1.3076923076923077
trillionlabs/Tri-0.5B-Base,devtest,ko,158,73,153,31,42.465753424657535,4.935483870967742,2.3548387096774195,1.0333333333333334
trillionlabs/Tri-0.5B-Base,devtest,ko,159,45,111,17,37.77777777777778,6.529411764705882,2.6470588235294117,0.8947368421052632
trillionlabs/Tri-0.5B-Base,devtest,ko,160,40,94,18,45.0,5.222222222222222,2.2222222222222223,1.125
trillionlabs/Tri-0.5B-Base,devtest,ko,164,29,75,11,37.93103448275862,6.818181818181818,2.6363636363636362,1.1
trillionlabs/Tri-0.5B-Base,devtest,ko,169,67,169,27,40.298507462686565,6.2592592592592595,2.4814814814814814,1.2272727272727273
trillionlabs/Tri-0.5B-Base,devtest,ko,170,76,172,26,34.21052631578947,6.615384615384615,2.923076923076923,0.8666666666666667
trillionlabs/Tri-0.5B-Base,devtest,ko,171,51,87,18,35.294117647058826,4.833333333333333,2.8333333333333335,1.125
trillionlabs/Tri-0.5B-Base,devtest,ko,175,41,103,17,41.46341463414634,6.0588235294117645,2.411764705882353,1.2142857142857142
trillionlabs/Tri-0.5B-Base,devtest,ko,176,82,210,39,47.5609756097561,5.384615384615385,2.1025641025641026,1.1818181818181819
trillionlabs/Tri-0.5B-Base,devtest,ko,177,58,112,27,46.55172413793103,4.148148148148148,2.1481481481481484,1.125
trillionlabs/Tri-0.5B-Base,devtest,ko,183,71,139,32,45.070422535211264,4.34375,2.21875,1.0
trillionlabs/Tri-0.5B-Base,devtest,ko,184,82,198,34,41.46341463414634,5.823529411764706,2.411764705882353,0.85
trillionlabs/Tri-0.5B-Base,devtest,ko,185,72,176,30,41.666666666666664,5.866666666666666,2.4,1.1111111111111112
trillionlabs/Tri-0.5B-Base,devtest,ko,186,44,110,21,47.72727272727273,5.238095238095238,2.0952380952380953,1.3125
trillionlabs/Tri-0.5B-Base,devtest,ko,187,63,147,28,44.44444444444444,5.25,2.25,1.12
trillionlabs/Tri-0.5B-Base,devtest,ko,190,58,150,22,37.93103448275862,6.818181818181818,2.6363636363636362,0.9166666666666666
trillionlabs/Tri-0.5B-Base,devtest,ko,192,78,196,38,48.717948717948715,5.157894736842105,2.0526315789473686,1.2666666666666666
trillionlabs/Tri-0.5B-Base,devtest,ko,193,140,336,56,40.0,6.0,2.5,1.0980392156862746
trillionlabs/Tri-0.5B-Base,devtest,ko,194,68,128,31,45.588235294117645,4.129032258064516,2.193548387096774,1.631578947368421
trillionlabs/Tri-0.5B-Base,devtest,ko,195,53,127,22,41.509433962264154,5.7727272727272725,2.409090909090909,1.375
trillionlabs/Tri-0.5B-Base,devtest,ko,198,43,107,18,41.86046511627907,5.944444444444445,2.388888888888889,0.9
trillionlabs/Tri-0.5B-Base,devtest,ko,201,88,206,44,50.0,4.681818181818182,2.0,1.2941176470588236
trillionlabs/Tri-0.5B-Base,devtest,ko,206,51,119,20,39.21568627450981,5.95,2.55,0.9523809523809523
trillionlabs/Tri-0.5B-Base,devtest,ko,208,59,149,22,37.28813559322034,6.7727272727272725,2.6818181818181817,0.9565217391304348
trillionlabs/Tri-0.5B-Base,devtest,ko,209,49,123,19,38.775510204081634,6.473684210526316,2.5789473684210527,1.5833333333333333
trillionlabs/Tri-0.5B-Base,devtest,ko,210,41,103,16,39.02439024390244,6.4375,2.5625,0.9411764705882353
trillionlabs/Tri-0.5B-Base,devtest,ko,211,69,173,22,31.884057971014492,7.863636363636363,3.1363636363636362,1.0
trillionlabs/Tri-0.5B-Base,devtest,ko,212,43,107,18,41.86046511627907,5.944444444444445,2.388888888888889,1.3846153846153846
trillionlabs/Tri-0.5B-Base,devtest,ko,213,49,113,20,40.816326530612244,5.65,2.45,0.9523809523809523
trillionlabs/Tri-0.5B-Base,devtest,ko,214,85,181,35,41.1764705882353,5.171428571428572,2.4285714285714284,1.4
trillionlabs/Tri-0.5B-Base,devtest,ko,215,72,172,28,38.888888888888886,6.142857142857143,2.5714285714285716,1.0
trillionlabs/Tri-0.5B-Base,devtest,ko,216,31,79,12,38.70967741935484,6.583333333333333,2.5833333333333335,0.8571428571428571
trillionlabs/Tri-0.5B-Base,devtest,ko,218,59,149,29,49.152542372881356,5.137931034482759,2.0344827586206895,1.2083333333333333
trillionlabs/Tri-0.5B-Base,devtest,ko,221,48,116,20,41.666666666666664,5.8,2.4,1.25
trillionlabs/Tri-0.5B-Base,devtest,ko,222,86,210,34,39.53488372093023,6.176470588235294,2.5294117647058822,1.4166666666666667
trillionlabs/Tri-0.5B-Base,devtest,ko,223,59,145,24,40.67796610169491,6.041666666666667,2.4583333333333335,1.2
trillionlabs/Tri-0.5B-Base,devtest,ko,227,45,111,22,48.888888888888886,5.045454545454546,2.0454545454545454,1.0476190476190477
trillionlabs/Tri-0.5B-Base,devtest,ko,228,56,132,27,48.214285714285715,4.888888888888889,2.074074074074074,1.08
trillionlabs/Tri-0.5B-Base,devtest,ko,229,39,97,18,46.15384615384615,5.388888888888889,2.1666666666666665,1.0
trillionlabs/Tri-0.5B-Base,devtest,ko,230,45,91,18,40.0,5.055555555555555,2.5,0.9473684210526315
trillionlabs/Tri-0.5B-Base,devtest,ko,232,97,219,46,47.422680412371136,4.760869565217392,2.108695652173913,1.0952380952380953
trillionlabs/Tri-0.5B-Base,devtest,ko,234,91,177,41,45.05494505494506,4.317073170731708,2.2195121951219514,1.025
trillionlabs/Tri-0.5B-Base,devtest,ko,235,49,117,28,57.142857142857146,4.178571428571429,1.75,1.0
trillionlabs/Tri-0.5B-Base,devtest,ko,236,76,192,32,42.10526315789474,6.0,2.375,1.032258064516129
trillionlabs/Tri-0.5B-Base,devtest,ko,238,48,120,18,37.5,6.666666666666667,2.6666666666666665,0.9
trillionlabs/Tri-0.5B-Base,devtest,ko,239,45,117,23,51.111111111111114,5.086956521739131,1.9565217391304348,1.0454545454545454
trillionlabs/Tri-0.5B-Base,devtest,ko,243,46,104,18,39.130434782608695,5.777777777777778,2.5555555555555554,0.9
trillionlabs/Tri-0.5B-Base,devtest,ko,244,66,160,29,43.93939393939394,5.517241379310345,2.2758620689655173,1.16
trillionlabs/Tri-0.5B-Base,devtest,ko,246,91,187,39,42.857142857142854,4.794871794871795,2.3333333333333335,1.56
trillionlabs/Tri-0.5B-Base,devtest,ko,248,100,216,41,41.0,5.2682926829268295,2.4390243902439024,1.2058823529411764
trillionlabs/Tri-0.5B-Base,devtest,ko,249,55,137,22,40.0,6.2272727272727275,2.5,0.9565217391304348
trillionlabs/Tri-0.5B-Base,devtest,ko,251,46,100,20,43.47826086956522,5.0,2.3,1.0
trillionlabs/Tri-0.5B-Base,devtest,ko,252,55,139,23,41.81818181818182,6.043478260869565,2.391304347826087,0.8846153846153846
trillionlabs/Tri-0.5B-Base,devtest,ko,254,33,79,13,39.39393939393939,6.076923076923077,2.5384615384615383,0.9285714285714286
trillionlabs/Tri-0.5B-Base,devtest,ko,255,93,223,30,32.25806451612903,7.433333333333334,3.1,1.0344827586206897
trillionlabs/Tri-0.5B-Base,devtest,ko,256,58,146,27,46.55172413793103,5.407407407407407,2.1481481481481484,1.2272727272727273
trillionlabs/Tri-0.5B-Base,devtest,ko,257,57,141,21,36.8421052631579,6.714285714285714,2.7142857142857144,0.9545454545454546
trillionlabs/Tri-0.5B-Base,devtest,ko,258,47,121,22,46.808510638297875,5.5,2.1363636363636362,1.1578947368421053
trillionlabs/Tri-0.5B-Base,devtest,ko,260,48,122,19,39.583333333333336,6.421052631578948,2.526315789473684,0.7037037037037037
trillionlabs/Tri-0.5B-Base,devtest,ko,262,38,92,17,44.73684210526316,5.411764705882353,2.235294117647059,1.0625
trillionlabs/Tri-0.5B-Base,devtest,ko,263,48,122,16,33.333333333333336,7.625,3.0,1.0666666666666667
trillionlabs/Tri-0.5B-Base,devtest,ko,265,107,251,39,36.44859813084112,6.435897435897436,2.7435897435897436,0.975
trillionlabs/Tri-0.5B-Base,devtest,ko,266,63,137,26,41.26984126984127,5.269230769230769,2.423076923076923,0.9285714285714286
trillionlabs/Tri-0.5B-Base,devtest,ko,267,82,202,38,46.34146341463415,5.315789473684211,2.1578947368421053,1.1515151515151516
trillionlabs/Tri-0.5B-Base,devtest,ko,269,49,115,28,57.142857142857146,4.107142857142857,1.75,1.037037037037037
trillionlabs/Tri-0.5B-Base,devtest,ko,271,102,256,41,40.19607843137255,6.2439024390243905,2.4878048780487805,1.1388888888888888
trillionlabs/Tri-0.5B-Base,devtest,ko,272,39,93,15,38.46153846153846,6.2,2.6,0.9375
trillionlabs/Tri-0.5B-Base,devtest,ko,273,58,130,26,44.827586206896555,5.0,2.230769230769231,1.5294117647058822
trillionlabs/Tri-0.5B-Base,devtest,ko,274,82,192,30,36.58536585365854,6.4,2.7333333333333334,0.9375
trillionlabs/Tri-0.5B-Base,devtest,ko,275,130,292,64,49.23076923076923,4.5625,2.03125,0.927536231884058
trillionlabs/Tri-0.5B-Base,devtest,ko,276,80,188,32,40.0,5.875,2.5,0.9696969696969697
trillionlabs/Tri-0.5B-Base,devtest,ko,277,33,85,14,42.42424242424242,6.071428571428571,2.357142857142857,1.0769230769230769
trillionlabs/Tri-0.5B-Base,devtest,ko,279,118,180,58,49.152542372881356,3.103448275862069,2.0344827586206895,2.0714285714285716
trillionlabs/Tri-0.5B-Base,devtest,ko,281,45,105,19,42.22222222222222,5.526315789473684,2.3684210526315788,1.0
trillionlabs/Tri-0.5B-Base,devtest,ko,282,28,70,10,35.714285714285715,7.0,2.8,0.9090909090909091
trillionlabs/Tri-0.5B-Base,devtest,ko,283,58,144,23,39.6551724137931,6.260869565217392,2.5217391304347827,1.0952380952380953
trillionlabs/Tri-0.5B-Base,devtest,ko,284,68,128,28,41.1764705882353,4.571428571428571,2.4285714285714284,1.6470588235294117
trillionlabs/Tri-0.5B-Base,devtest,ko,287,75,185,30,40.0,6.166666666666667,2.5,1.25
trillionlabs/Tri-0.5B-Base,devtest,ko,288,74,188,27,36.486486486486484,6.962962962962963,2.740740740740741,1.125
trillionlabs/Tri-0.5B-Base,devtest,ko,289,74,182,36,48.648648648648646,5.055555555555555,2.0555555555555554,1.3333333333333333
trillionlabs/Tri-0.5B-Base,devtest,ko,291,72,170,28,38.888888888888886,6.071428571428571,2.5714285714285716,1.0
trillionlabs/Tri-0.5B-Base,devtest,ko,292,63,157,24,38.095238095238095,6.541666666666667,2.625,1.0909090909090908
trillionlabs/Tri-0.5B-Base,devtest,ko,293,74,174,33,44.5945945945946,5.2727272727272725,2.242424242424242,1.1
trillionlabs/Tri-0.5B-Base,devtest,ko,296,127,253,47,37.00787401574803,5.382978723404255,2.702127659574468,1.3055555555555556
trillionlabs/Tri-0.5B-Base,devtest,ko,297,48,112,20,41.666666666666664,5.6,2.4,1.1111111111111112
trillionlabs/Tri-0.5B-Base,devtest,ko,304,70,158,31,44.285714285714285,5.096774193548387,2.2580645161290325,1.1923076923076923
trillionlabs/Tri-0.5B-Base,devtest,ko,306,57,121,27,47.36842105263158,4.481481481481482,2.111111111111111,1.0
trillionlabs/Tri-0.5B-Base,devtest,ko,308,35,87,17,48.57142857142857,5.117647058823529,2.0588235294117645,1.2142857142857142
trillionlabs/Tri-0.5B-Base,devtest,ko,310,32,76,16,50.0,4.75,2.0,1.2307692307692308
trillionlabs/Tri-0.5B-Base,devtest,ko,311,40,100,15,37.5,6.666666666666667,2.6666666666666665,1.0
trillionlabs/Tri-0.5B-Base,devtest,ko,312,48,122,20,41.666666666666664,6.1,2.4,1.0526315789473684
trillionlabs/Tri-0.5B-Base,devtest,ko,318,58,132,27,46.55172413793103,4.888888888888889,2.1481481481481484,1.5
trillionlabs/Tri-0.5B-Base,devtest,ko,320,123,265,49,39.83739837398374,5.408163265306122,2.510204081632653,1.4
trillionlabs/Tri-0.5B-Base,devtest,ko,321,106,246,45,42.45283018867924,5.466666666666667,2.3555555555555556,1.2162162162162162
trillionlabs/Tri-0.5B-Base,devtest,ko,322,88,196,34,38.63636363636363,5.764705882352941,2.588235294117647,1.1724137931034482
trillionlabs/Tri-0.5B-Base,devtest,ko,324,54,132,25,46.2962962962963,5.28,2.16,1.0869565217391304
trillionlabs/Tri-0.5B-Base,devtest,ko,326,80,190,32,40.0,5.9375,2.5,0.8421052631578947
trillionlabs/Tri-0.5B-Base,devtest,ko,327,47,117,21,44.680851063829785,5.571428571428571,2.238095238095238,1.0
trillionlabs/Tri-0.5B-Base,devtest,ko,329,61,153,22,36.0655737704918,6.954545454545454,2.772727272727273,1.0
trillionlabs/Tri-0.5B-Base,devtest,ko,332,51,123,22,43.13725490196079,5.590909090909091,2.3181818181818183,0.9166666666666666
trillionlabs/Tri-0.5B-Base,devtest,ko,334,32,74,11,34.375,6.7272727272727275,2.909090909090909,0.9166666666666666
trillionlabs/Tri-0.5B-Base,devtest,ko,338,45,113,18,40.0,6.277777777777778,2.5,0.6923076923076923
trillionlabs/Tri-0.5B-Base,devtest,ko,339,65,165,26,40.0,6.346153846153846,2.5,0.9285714285714286
trillionlabs/Tri-0.5B-Base,devtest,ko,340,165,403,77,46.666666666666664,5.233766233766234,2.142857142857143,1.1492537313432836
trillionlabs/Tri-0.5B-Base,devtest,ko,341,46,112,17,36.95652173913044,6.588235294117647,2.7058823529411766,0.9444444444444444
trillionlabs/Tri-0.5B-Base,devtest,ko,342,61,145,27,44.26229508196721,5.37037037037037,2.259259259259259,1.08
trillionlabs/Tri-0.5B-Base,devtest,ko,346,47,105,20,42.5531914893617,5.25,2.35,0.9090909090909091
trillionlabs/Tri-0.5B-Base,devtest,ko,348,43,103,20,46.51162790697674,5.15,2.15,0.9523809523809523
trillionlabs/Tri-0.5B-Base,devtest,ko,349,44,110,20,45.45454545454545,5.5,2.2,0.8695652173913043
trillionlabs/Tri-0.5B-Base,devtest,ko,350,58,146,24,41.37931034482759,6.083333333333333,2.4166666666666665,0.8571428571428571
trillionlabs/Tri-0.5B-Base,devtest,ko,353,40,94,17,42.5,5.529411764705882,2.3529411764705883,1.0
trillionlabs/Tri-0.5B-Base,devtest,ko,354,40,100,17,42.5,5.882352941176471,2.3529411764705883,1.0
trillionlabs/Tri-0.5B-Base,devtest,ko,356,45,111,19,42.22222222222222,5.842105263157895,2.3684210526315788,1.0
trillionlabs/Tri-0.5B-Base,devtest,ko,358,32,82,13,40.625,6.3076923076923075,2.4615384615384617,0.8125
trillionlabs/Tri-0.5B-Base,devtest,ko,361,67,165,26,38.80597014925373,6.346153846153846,2.576923076923077,1.0
trillionlabs/Tri-0.5B-Base,devtest,ko,362,32,80,13,40.625,6.153846153846154,2.4615384615384617,0.8666666666666667
trillionlabs/Tri-0.5B-Base,devtest,ko,366,86,202,40,46.51162790697674,5.05,2.15,1.2903225806451613
trillionlabs/Tri-0.5B-Base,devtest,ko,368,56,142,30,53.57142857142857,4.733333333333333,1.8666666666666667,1.0714285714285714
trillionlabs/Tri-0.5B-Base,devtest,ko,369,71,171,33,46.478873239436616,5.181818181818182,2.1515151515151514,0.8048780487804879
trillionlabs/Tri-0.5B-Base,devtest,ko,371,96,236,41,42.708333333333336,5.7560975609756095,2.341463414634146,1.0789473684210527
trillionlabs/Tri-0.5B-Base,devtest,ko,372,147,353,59,40.136054421768705,5.983050847457627,2.4915254237288136,0.8805970149253731
trillionlabs/Tri-0.5B-Base,devtest,ko,373,93,233,33,35.483870967741936,7.0606060606060606,2.8181818181818183,1.03125
trillionlabs/Tri-0.5B-Base,devtest,ko,374,39,97,14,35.8974358974359,6.928571428571429,2.7857142857142856,0.7777777777777778
trillionlabs/Tri-0.5B-Base,devtest,ko,377,93,207,36,38.70967741935484,5.75,2.5833333333333335,1.2413793103448276
trillionlabs/Tri-0.5B-Base,devtest,ko,380,75,183,28,37.333333333333336,6.535714285714286,2.6785714285714284,1.0
trillionlabs/Tri-0.5B-Base,devtest,ko,381,58,150,25,43.10344827586207,6.0,2.32,1.1363636363636365
trillionlabs/Tri-0.5B-Base,devtest,ko,382,94,226,40,42.5531914893617,5.65,2.35,1.0256410256410255
trillionlabs/Tri-0.5B-Base,devtest,ko,384,62,156,26,41.935483870967744,6.0,2.3846153846153846,1.04
trillionlabs/Tri-0.5B-Base,devtest,ko,385,87,211,37,42.52873563218391,5.702702702702703,2.3513513513513513,0.925
trillionlabs/Tri-0.5B-Base,devtest,ko,388,63,149,27,42.857142857142854,5.518518518518518,2.3333333333333335,1.0
trillionlabs/Tri-0.5B-Base,devtest,ko,391,45,111,20,44.44444444444444,5.55,2.25,1.0526315789473684
trillionlabs/Tri-0.5B-Base,devtest,ko,393,25,61,14,56.0,4.357142857142857,1.7857142857142858,1.1666666666666667
trillionlabs/Tri-0.5B-Base,devtest,ko,394,33,83,11,33.333333333333336,7.545454545454546,3.0,0.6875
trillionlabs/Tri-0.5B-Base,devtest,ko,398,117,277,52,44.44444444444444,5.326923076923077,2.25,1.4054054054054055
trillionlabs/Tri-0.5B-Base,devtest,ko,399,43,105,18,41.86046511627907,5.833333333333333,2.388888888888889,1.0588235294117647
trillionlabs/Tri-0.5B-Base,devtest,ko,404,68,140,31,45.588235294117645,4.516129032258065,2.193548387096774,0.775
trillionlabs/Tri-0.5B-Base,devtest,ko,405,25,63,9,36.0,7.0,2.7777777777777777,0.6
trillionlabs/Tri-0.5B-Base,devtest,ko,407,80,186,35,43.75,5.314285714285714,2.2857142857142856,1.0294117647058822
trillionlabs/Tri-0.5B-Base,devtest,ko,408,59,121,29,49.152542372881356,4.172413793103448,2.0344827586206895,1.45
trillionlabs/Tri-0.5B-Base,devtest,ko,410,52,128,18,34.61538461538461,7.111111111111111,2.888888888888889,0.6923076923076923
trillionlabs/Tri-0.5B-Base,devtest,ko,414,70,166,29,41.42857142857143,5.724137931034483,2.413793103448276,1.0
trillionlabs/Tri-0.5B-Base,devtest,ko,415,88,222,36,40.90909090909091,6.166666666666667,2.4444444444444446,0.972972972972973
trillionlabs/Tri-0.5B-Base,devtest,ko,418,79,181,28,35.44303797468354,6.464285714285714,2.8214285714285716,0.9333333333333333
trillionlabs/Tri-0.5B-Base,devtest,ko,420,61,151,21,34.42622950819672,7.190476190476191,2.9047619047619047,1.05
trillionlabs/Tri-0.5B-Base,devtest,ko,421,58,128,28,48.275862068965516,4.571428571428571,2.0714285714285716,1.0
trillionlabs/Tri-0.5B-Base,devtest,ko,425,80,170,38,47.5,4.473684210526316,2.1052631578947367,1.027027027027027
trillionlabs/Tri-0.5B-Base,devtest,ko,427,67,159,34,50.74626865671642,4.676470588235294,1.9705882352941178,1.1333333333333333
trillionlabs/Tri-0.5B-Base,devtest,ko,428,58,146,18,31.03448275862069,8.11111111111111,3.2222222222222223,0.6666666666666666
trillionlabs/Tri-0.5B-Base,devtest,ko,430,79,183,29,36.70886075949367,6.310344827586207,2.7241379310344827,0.90625
trillionlabs/Tri-0.5B-Base,devtest,ko,433,53,119,24,45.283018867924525,4.958333333333333,2.2083333333333335,0.8275862068965517
trillionlabs/Tri-0.5B-Base,devtest,ko,434,50,114,21,42.0,5.428571428571429,2.380952380952381,0.9545454545454546
trillionlabs/Tri-0.5B-Base,devtest,ko,435,59,151,22,37.28813559322034,6.863636363636363,2.6818181818181817,0.7333333333333333
trillionlabs/Tri-0.5B-Base,devtest,ko,436,78,196,34,43.58974358974359,5.764705882352941,2.2941176470588234,1.1724137931034482
trillionlabs/Tri-0.5B-Base,devtest,ko,439,40,100,17,42.5,5.882352941176471,2.3529411764705883,1.1333333333333333
trillionlabs/Tri-0.5B-Base,devtest,ko,445,54,138,21,38.888888888888886,6.571428571428571,2.5714285714285716,1.05
trillionlabs/Tri-0.5B-Base,devtest,ko,446,46,112,18,39.130434782608695,6.222222222222222,2.5555555555555554,0.8571428571428571
trillionlabs/Tri-0.5B-Base,devtest,ko,447,62,154,26,41.935483870967744,5.923076923076923,2.3846153846153846,1.04
trillionlabs/Tri-0.5B-Base,devtest,ko,449,78,186,37,47.43589743589744,5.027027027027027,2.108108108108108,0.9487179487179487
trillionlabs/Tri-0.5B-Base,devtest,ko,450,76,188,26,34.21052631578947,7.230769230769231,2.923076923076923,0.9285714285714286
trillionlabs/Tri-0.5B-Base,devtest,ko,451,90,220,35,38.888888888888886,6.285714285714286,2.5714285714285716,0.9459459459459459
trillionlabs/Tri-0.5B-Base,devtest,ko,452,40,98,16,40.0,6.125,2.5,1.0666666666666667
trillionlabs/Tri-0.5B-Base,devtest,ko,453,81,197,39,48.148148148148145,5.051282051282051,2.076923076923077,1.0833333333333333
trillionlabs/Tri-0.5B-Base,devtest,ko,454,100,246,42,42.0,5.857142857142857,2.380952380952381,1.0
trillionlabs/Tri-0.5B-Base,devtest,ko,455,73,181,26,35.61643835616438,6.961538461538462,2.8076923076923075,1.3
trillionlabs/Tri-0.5B-Base,devtest,ko,456,62,152,22,35.483870967741936,6.909090909090909,2.8181818181818183,0.9565217391304348
trillionlabs/Tri-0.5B-Base,devtest,ko,460,63,153,26,41.26984126984127,5.884615384615385,2.423076923076923,1.0
trillionlabs/Tri-0.5B-Base,devtest,ko,461,72,174,25,34.72222222222222,6.96,2.88,0.8620689655172413
trillionlabs/Tri-0.5B-Base,devtest,ko,464,93,199,36,38.70967741935484,5.527777777777778,2.5833333333333335,1.3846153846153846
trillionlabs/Tri-0.5B-Base,devtest,ko,465,140,284,60,42.857142857142854,4.733333333333333,2.3333333333333335,1.3953488372093024
trillionlabs/Tri-0.5B-Base,devtest,ko,468,71,171,36,50.70422535211268,4.75,1.9722222222222223,0.9473684210526315
trillionlabs/Tri-0.5B-Base,devtest,ko,470,63,155,27,42.857142857142854,5.7407407407407405,2.3333333333333335,0.9310344827586207
trillionlabs/Tri-0.5B-Base,devtest,ko,472,57,143,25,43.85964912280702,5.72,2.28,1.0
trillionlabs/Tri-0.5B-Base,devtest,ko,473,36,90,18,50.0,5.0,2.0,1.0588235294117647
trillionlabs/Tri-0.5B-Base,devtest,ko,475,47,119,17,36.170212765957444,7.0,2.764705882352941,0.7083333333333334
trillionlabs/Tri-0.5B-Base,devtest,ko,476,92,230,35,38.04347826086956,6.571428571428571,2.6285714285714286,0.813953488372093
trillionlabs/Tri-0.5B-Base,devtest,ko,477,62,152,26,41.935483870967744,5.846153846153846,2.3846153846153846,0.9629629629629629
trillionlabs/Tri-0.5B-Base,devtest,ko,480,55,129,25,45.45454545454545,5.16,2.2,0.9615384615384616
trillionlabs/Tri-0.5B-Base,devtest,ko,482,119,287,41,34.45378151260504,7.0,2.902439024390244,0.8913043478260869
trillionlabs/Tri-0.5B-Base,devtest,ko,483,46,114,19,41.30434782608695,6.0,2.4210526315789473,1.0555555555555556
trillionlabs/Tri-0.5B-Base,devtest,ko,485,87,219,28,32.18390804597701,7.821428571428571,3.107142857142857,0.9333333333333333
trillionlabs/Tri-0.5B-Base,devtest,ko,486,62,156,28,45.16129032258065,5.571428571428571,2.2142857142857144,1.0769230769230769
trillionlabs/Tri-0.5B-Base,devtest,ko,488,56,140,26,46.42857142857143,5.384615384615385,2.1538461538461537,0.9629629629629629
trillionlabs/Tri-0.5B-Base,devtest,ko,489,48,112,23,47.916666666666664,4.869565217391305,2.0869565217391304,0.8846153846153846
trillionlabs/Tri-0.5B-Base,devtest,ko,491,31,79,15,48.38709677419355,5.266666666666667,2.066666666666667,0.7142857142857143
trillionlabs/Tri-0.5B-Base,devtest,ko,492,39,87,18,46.15384615384615,4.833333333333333,2.1666666666666665,0.8571428571428571
trillionlabs/Tri-0.5B-Base,devtest,ko,494,49,111,23,46.93877551020408,4.826086956521739,2.130434782608696,1.0454545454545454
trillionlabs/Tri-0.5B-Base,devtest,ko,498,49,127,22,44.89795918367347,5.7727272727272725,2.227272727272727,1.1578947368421053
trillionlabs/Tri-0.5B-Base,devtest,ko,499,60,152,21,35.0,7.238095238095238,2.857142857142857,0.875
trillionlabs/Tri-0.5B-Base,devtest,ko,500,47,109,22,46.808510638297875,4.954545454545454,2.1363636363636362,0.9166666666666666
trillionlabs/Tri-0.5B-Base,devtest,ko,504,128,314,49,38.28125,6.408163265306122,2.6122448979591835,1.0208333333333333
trillionlabs/Tri-0.5B-Base,devtest,ko,505,48,122,21,43.75,5.809523809523809,2.2857142857142856,1.1666666666666667
trillionlabs/Tri-0.5B-Base,devtest,ko,509,111,259,42,37.83783783783784,6.166666666666667,2.642857142857143,1.105263157894737
trillionlabs/Tri-0.5B-Base,devtest,ko,510,91,219,36,39.56043956043956,6.083333333333333,2.5277777777777777,1.0909090909090908
trillionlabs/Tri-0.5B-Base,devtest,ko,513,49,121,19,38.775510204081634,6.368421052631579,2.5789473684210527,0.76
trillionlabs/Tri-0.5B-Base,devtest,ko,517,49,125,15,30.612244897959183,8.333333333333334,3.2666666666666666,1.3636363636363635
trillionlabs/Tri-0.5B-Base,devtest,ko,519,66,140,29,43.93939393939394,4.827586206896552,2.2758620689655173,1.1153846153846154
trillionlabs/Tri-0.5B-Base,devtest,ko,523,95,239,39,41.05263157894737,6.128205128205129,2.4358974358974357,1.1818181818181819
trillionlabs/Tri-0.5B-Base,devtest,ko,524,53,131,17,32.075471698113205,7.705882352941177,3.1176470588235294,0.85
trillionlabs/Tri-0.5B-Base,devtest,ko,525,46,112,17,36.95652173913044,6.588235294117647,2.7058823529411766,0.8947368421052632
trillionlabs/Tri-0.5B-Base,devtest,ko,526,48,122,20,41.666666666666664,6.1,2.4,1.1111111111111112
trillionlabs/Tri-0.5B-Base,devtest,ko,527,48,120,22,45.833333333333336,5.454545454545454,2.1818181818181817,1.2941176470588236
trillionlabs/Tri-0.5B-Base,devtest,ko,529,53,129,21,39.62264150943396,6.142857142857143,2.5238095238095237,1.105263157894737
trillionlabs/Tri-0.5B-Base,devtest,ko,530,80,198,29,36.25,6.827586206896552,2.7586206896551726,0.90625
trillionlabs/Tri-0.5B-Base,devtest,ko,531,77,189,32,41.55844155844156,5.90625,2.40625,0.9696969696969697
trillionlabs/Tri-0.5B-Base,devtest,ko,533,67,157,28,41.791044776119406,5.607142857142857,2.392857142857143,1.0769230769230769
trillionlabs/Tri-0.5B-Base,devtest,ko,534,63,155,23,36.507936507936506,6.739130434782608,2.739130434782609,1.0454545454545454
trillionlabs/Tri-0.5B-Base,devtest,ko,535,67,161,30,44.776119402985074,5.366666666666666,2.2333333333333334,0.8571428571428571
trillionlabs/Tri-0.5B-Base,devtest,ko,536,78,188,35,44.87179487179487,5.371428571428571,2.2285714285714286,1.0294117647058822
trillionlabs/Tri-0.5B-Base,devtest,ko,538,76,184,27,35.526315789473685,6.814814814814815,2.814814814814815,1.08
trillionlabs/Tri-0.5B-Base,devtest,ko,540,69,173,28,40.57971014492754,6.178571428571429,2.4642857142857144,0.9032258064516129
trillionlabs/Tri-0.5B-Base,devtest,ko,541,64,158,26,40.625,6.076923076923077,2.4615384615384617,0.9629629629629629
trillionlabs/Tri-0.5B-Base,devtest,ko,542,64,154,32,50.0,4.8125,2.0,1.3333333333333333
trillionlabs/Tri-0.5B-Base,devtest,ko,545,48,120,20,41.666666666666664,6.0,2.4,0.9090909090909091
trillionlabs/Tri-0.5B-Base,devtest,ko,546,92,222,38,41.30434782608695,5.842105263157895,2.4210526315789473,1.0555555555555556
trillionlabs/Tri-0.5B-Base,devtest,ko,551,92,228,38,41.30434782608695,6.0,2.4210526315789473,1.1176470588235294
trillionlabs/Tri-0.5B-Base,devtest,ko,552,42,104,18,42.857142857142854,5.777777777777778,2.3333333333333335,0.8181818181818182
trillionlabs/Tri-0.5B-Base,devtest,ko,556,119,295,50,42.016806722689076,5.9,2.38,1.0869565217391304
trillionlabs/Tri-0.5B-Base,devtest,ko,557,25,61,11,44.0,5.545454545454546,2.272727272727273,0.7333333333333333
trillionlabs/Tri-0.5B-Base,devtest,ko,561,59,139,24,40.67796610169491,5.791666666666667,2.4583333333333335,1.0434782608695652
trillionlabs/Tri-0.5B-Base,devtest,ko,562,74,184,33,44.5945945945946,5.575757575757576,2.242424242424242,1.2222222222222223
trillionlabs/Tri-0.5B-Base,devtest,ko,565,90,216,31,34.44444444444444,6.967741935483871,2.903225806451613,0.8857142857142857
trillionlabs/Tri-0.5B-Base,devtest,ko,568,108,200,39,36.111111111111114,5.128205128205129,2.769230769230769,0.9512195121951219
trillionlabs/Tri-0.5B-Base,devtest,ko,570,49,117,25,51.02040816326531,4.68,1.96,1.1904761904761905
trillionlabs/Tri-0.5B-Base,devtest,ko,572,82,196,30,36.58536585365854,6.533333333333333,2.7333333333333334,1.1111111111111112
trillionlabs/Tri-0.5B-Base,devtest,ko,576,53,129,29,54.716981132075475,4.448275862068965,1.8275862068965518,1.1153846153846154
trillionlabs/Tri-0.5B-Base,devtest,ko,579,64,154,25,39.0625,6.16,2.56,1.0416666666666667
trillionlabs/Tri-0.5B-Base,devtest,ko,585,68,160,33,48.529411764705884,4.848484848484849,2.0606060606060606,0.9166666666666666
trillionlabs/Tri-0.5B-Base,devtest,ko,587,50,122,19,38.0,6.421052631578948,2.6315789473684212,1.1875
trillionlabs/Tri-0.5B-Base,devtest,ko,589,29,73,10,34.48275862068966,7.3,2.9,0.7692307692307693
trillionlabs/Tri-0.5B-Base,devtest,ko,592,66,162,24,36.36363636363637,6.75,2.75,0.6153846153846154
trillionlabs/Tri-0.5B-Base,devtest,ko,594,44,114,18,40.90909090909091,6.333333333333333,2.4444444444444446,1.2857142857142858
trillionlabs/Tri-0.5B-Base,devtest,ko,596,62,156,27,43.54838709677419,5.777777777777778,2.2962962962962963,1.173913043478261
trillionlabs/Tri-0.5B-Base,devtest,ko,599,47,113,21,44.680851063829785,5.380952380952381,2.238095238095238,1.1666666666666667
trillionlabs/Tri-0.5B-Base,devtest,ko,601,65,151,28,43.07692307692308,5.392857142857143,2.3214285714285716,1.12
trillionlabs/Tri-0.5B-Base,devtest,ko,602,86,208,36,41.86046511627907,5.777777777777778,2.388888888888889,1.0
trillionlabs/Tri-0.5B-Base,devtest,ko,603,69,169,29,42.028985507246375,5.827586206896552,2.3793103448275863,1.16
trillionlabs/Tri-0.5B-Base,devtest,ko,605,51,117,21,41.1764705882353,5.571428571428571,2.4285714285714284,0.8076923076923077
trillionlabs/Tri-0.5B-Base,devtest,ko,607,80,194,31,38.75,6.258064516129032,2.5806451612903225,1.0333333333333334
trillionlabs/Tri-0.5B-Base,devtest,ko,608,68,170,24,35.294117647058826,7.083333333333333,2.8333333333333335,1.0909090909090908
trillionlabs/Tri-0.5B-Base,devtest,ko,611,50,122,20,40.0,6.1,2.5,1.1111111111111112
trillionlabs/Tri-0.5B-Base,devtest,ko,617,39,95,12,30.76923076923077,7.916666666666667,3.25,0.8571428571428571
trillionlabs/Tri-0.5B-Base,devtest,ko,618,82,198,31,37.80487804878049,6.387096774193548,2.6451612903225805,1.0333333333333334
trillionlabs/Tri-0.5B-Base,devtest,ko,620,46,114,17,36.95652173913044,6.705882352941177,2.7058823529411766,1.2142857142857142
trillionlabs/Tri-0.5B-Base,devtest,ko,621,35,87,16,45.714285714285715,5.4375,2.1875,0.8888888888888888
trillionlabs/Tri-0.5B-Base,devtest,ko,624,43,105,17,39.53488372093023,6.176470588235294,2.5294117647058822,0.8947368421052632
trillionlabs/Tri-0.5B-Base,devtest,ko,626,43,103,19,44.18604651162791,5.421052631578948,2.263157894736842,1.1875
trillionlabs/Tri-0.5B-Base,devtest,ko,627,41,99,17,41.46341463414634,5.823529411764706,2.411764705882353,0.7391304347826086
trillionlabs/Tri-0.5B-Base,devtest,ko,629,69,173,31,44.927536231884055,5.580645161290323,2.225806451612903,0.9393939393939394
trillionlabs/Tri-0.5B-Base,devtest,ko,630,73,179,31,42.465753424657535,5.774193548387097,2.3548387096774195,1.4761904761904763
trillionlabs/Tri-0.5B-Base,devtest,ko,632,38,98,14,36.8421052631579,7.0,2.7142857142857144,1.1666666666666667
trillionlabs/Tri-0.5B-Base,devtest,ko,633,66,166,23,34.84848484848485,7.217391304347826,2.869565217391304,0.92
trillionlabs/Tri-0.5B-Base,devtest,ko,635,108,268,39,36.111111111111114,6.871794871794871,2.769230769230769,1.0
trillionlabs/Tri-0.5B-Base,devtest,ko,637,106,260,48,45.283018867924525,5.416666666666667,2.2083333333333335,1.170731707317073
trillionlabs/Tri-0.5B-Base,devtest,ko,638,56,136,24,42.857142857142854,5.666666666666667,2.3333333333333335,0.96
trillionlabs/Tri-0.5B-Base,devtest,ko,640,30,76,13,43.333333333333336,5.846153846153846,2.3076923076923075,0.7222222222222222
trillionlabs/Tri-0.5B-Base,devtest,ko,643,40,100,17,42.5,5.882352941176471,2.3529411764705883,1.0625
trillionlabs/Tri-0.5B-Base,devtest,ko,644,61,147,28,45.90163934426229,5.25,2.1785714285714284,1.3333333333333333
trillionlabs/Tri-0.5B-Base,devtest,ko,646,49,121,17,34.69387755102041,7.117647058823529,2.8823529411764706,1.1333333333333333
trillionlabs/Tri-0.5B-Base,devtest,ko,647,59,149,24,40.67796610169491,6.208333333333333,2.4583333333333335,1.0909090909090908
trillionlabs/Tri-0.5B-Base,devtest,ko,649,80,196,28,35.0,7.0,2.857142857142857,1.4736842105263157
trillionlabs/Tri-0.5B-Base,devtest,ko,651,38,74,17,44.73684210526316,4.352941176470588,2.235294117647059,0.85
trillionlabs/Tri-0.5B-Base,devtest,ko,653,77,165,36,46.753246753246756,4.583333333333333,2.138888888888889,1.2857142857142858
trillionlabs/Tri-0.5B-Base,devtest,ko,655,59,149,19,32.20338983050848,7.842105263157895,3.1052631578947367,0.8636363636363636
trillionlabs/Tri-0.5B-Base,devtest,ko,658,91,217,36,39.56043956043956,6.027777777777778,2.5277777777777777,1.0285714285714285
trillionlabs/Tri-0.5B-Base,devtest,ko,659,85,207,30,35.294117647058826,6.9,2.8333333333333335,1.2
trillionlabs/Tri-0.5B-Base,devtest,ko,662,32,80,13,40.625,6.153846153846154,2.4615384615384617,0.7647058823529411
trillionlabs/Tri-0.5B-Base,devtest,ko,663,85,153,28,32.94117647058823,5.464285714285714,3.0357142857142856,1.4
trillionlabs/Tri-0.5B-Base,devtest,ko,665,79,195,28,35.44303797468354,6.964285714285714,2.8214285714285716,0.9655172413793104
trillionlabs/Tri-0.5B-Base,devtest,ko,666,64,130,31,48.4375,4.193548387096774,2.064516129032258,0.96875
trillionlabs/Tri-0.5B-Base,devtest,ko,670,77,193,26,33.76623376623377,7.423076923076923,2.9615384615384617,0.896551724137931
trillionlabs/Tri-0.5B-Base,devtest,ko,671,57,141,23,40.35087719298246,6.130434782608695,2.4782608695652173,1.0
trillionlabs/Tri-0.5B-Base,devtest,ko,673,85,209,31,36.470588235294116,6.741935483870968,2.7419354838709675,1.0689655172413792
trillionlabs/Tri-0.5B-Base,devtest,ko,675,81,197,32,39.50617283950617,6.15625,2.53125,1.032258064516129
trillionlabs/Tri-0.5B-Base,devtest,ko,676,51,125,19,37.254901960784316,6.578947368421052,2.6842105263157894,1.0
trillionlabs/Tri-0.5B-Base,devtest,ko,677,63,157,18,28.571428571428573,8.722222222222221,3.5,0.75
trillionlabs/Tri-0.5B-Base,devtest,ko,679,44,108,14,31.818181818181817,7.714285714285714,3.142857142857143,1.0
trillionlabs/Tri-0.5B-Base,devtest,ko,683,77,189,28,36.36363636363637,6.75,2.75,0.9032258064516129
trillionlabs/Tri-0.5B-Base,devtest,ko,684,95,231,36,37.89473684210526,6.416666666666667,2.638888888888889,1.2
trillionlabs/Tri-0.5B-Base,devtest,ko,686,101,255,37,36.633663366336634,6.891891891891892,2.72972972972973,0.8604651162790697
trillionlabs/Tri-0.5B-Base,devtest,ko,688,66,168,23,34.84848484848485,7.304347826086956,2.869565217391304,1.0454545454545454
trillionlabs/Tri-0.5B-Base,devtest,ko,692,73,187,29,39.726027397260275,6.448275862068965,2.5172413793103448,1.1153846153846154
trillionlabs/Tri-0.5B-Base,devtest,ko,695,45,109,20,44.44444444444444,5.45,2.25,1.3333333333333333
trillionlabs/Tri-0.5B-Base,devtest,ko,697,40,100,17,42.5,5.882352941176471,2.3529411764705883,1.0625
trillionlabs/Tri-0.5B-Base,devtest,ko,699,57,139,23,40.35087719298246,6.043478260869565,2.4782608695652173,1.0952380952380953
trillionlabs/Tri-0.5B-Base,devtest,ko,701,102,212,42,41.1764705882353,5.0476190476190474,2.4285714285714284,1.5
trillionlabs/Tri-0.5B-Base,devtest,ko,706,68,164,31,45.588235294117645,5.290322580645161,2.193548387096774,1.0689655172413792
trillionlabs/Tri-0.5B-Base,devtest,ko,707,85,203,43,50.588235294117645,4.72093023255814,1.9767441860465116,1.075
trillionlabs/Tri-0.5B-Base,devtest,ko,716,67,155,32,47.76119402985075,4.84375,2.09375,0.8888888888888888
trillionlabs/Tri-0.5B-Base,devtest,ko,719,54,128,22,40.74074074074074,5.818181818181818,2.4545454545454546,0.9166666666666666
trillionlabs/Tri-0.5B-Base,devtest,ko,720,64,124,23,35.9375,5.391304347826087,2.782608695652174,1.15
trillionlabs/Tri-0.5B-Base,devtest,ko,721,58,144,23,39.6551724137931,6.260869565217392,2.5217391304347827,0.8214285714285714
trillionlabs/Tri-0.5B-Base,devtest,ko,725,45,115,17,37.77777777777778,6.764705882352941,2.6470588235294117,0.8947368421052632
trillionlabs/Tri-0.5B-Base,devtest,ko,728,67,171,30,44.776119402985074,5.7,2.2333333333333334,0.9375
trillionlabs/Tri-0.5B-Base,devtest,ko,730,44,110,18,40.90909090909091,6.111111111111111,2.4444444444444446,0.8571428571428571
trillionlabs/Tri-0.5B-Base,devtest,ko,737,90,204,41,45.55555555555556,4.975609756097561,2.1951219512195124,0.9111111111111111
trillionlabs/Tri-0.5B-Base,devtest,ko,738,43,105,17,39.53488372093023,6.176470588235294,2.5294117647058822,0.7391304347826086
trillionlabs/Tri-0.5B-Base,devtest,ko,740,65,135,28,43.07692307692308,4.821428571428571,2.3214285714285716,0.9333333333333333
trillionlabs/Tri-0.5B-Base,devtest,ko,741,153,271,74,48.36601307189542,3.6621621621621623,2.0675675675675675,1.5416666666666667
trillionlabs/Tri-0.5B-Base,devtest,ko,746,58,142,31,53.44827586206897,4.580645161290323,1.8709677419354838,0.9393939393939394
trillionlabs/Tri-0.5B-Base,devtest,ko,748,33,81,11,33.333333333333336,7.363636363636363,3.0,0.9166666666666666
trillionlabs/Tri-0.5B-Base,devtest,ko,754,56,126,29,51.785714285714285,4.344827586206897,1.9310344827586208,1.0357142857142858
trillionlabs/Tri-0.5B-Base,devtest,ko,755,56,114,20,35.714285714285715,5.7,2.8,0.8333333333333334
trillionlabs/Tri-0.5B-Base,devtest,ko,756,54,134,21,38.888888888888886,6.380952380952381,2.5714285714285716,0.875
trillionlabs/Tri-0.5B-Base,devtest,ko,757,97,243,33,34.02061855670103,7.363636363636363,2.9393939393939394,0.8918918918918919
trillionlabs/Tri-0.5B-Base,devtest,ko,761,78,190,35,44.87179487179487,5.428571428571429,2.2285714285714286,1.1666666666666667
trillionlabs/Tri-0.5B-Base,devtest,ko,762,55,119,21,38.18181818181818,5.666666666666667,2.619047619047619,0.8076923076923077
trillionlabs/Tri-0.5B-Base,devtest,ko,765,60,142,29,48.333333333333336,4.896551724137931,2.0689655172413794,1.2083333333333333
trillionlabs/Tri-0.5B-Base,devtest,ko,767,77,191,30,38.96103896103896,6.366666666666666,2.566666666666667,1.1111111111111112
trillionlabs/Tri-0.5B-Base,devtest,ko,768,50,118,26,52.0,4.538461538461538,1.9230769230769231,0.9285714285714286
trillionlabs/Tri-0.5B-Base,devtest,ko,770,68,156,29,42.64705882352941,5.379310344827586,2.3448275862068964,1.0
trillionlabs/Tri-0.5B-Base,devtest,ko,771,59,141,26,44.067796610169495,5.423076923076923,2.269230769230769,1.2380952380952381
trillionlabs/Tri-0.5B-Base,devtest,ko,775,84,182,37,44.04761904761905,4.918918918918919,2.27027027027027,1.6818181818181819
trillionlabs/Tri-0.5B-Base,devtest,ko,776,62,158,30,48.38709677419355,5.266666666666667,2.066666666666667,1.0714285714285714
trillionlabs/Tri-0.5B-Base,devtest,ko,781,97,233,47,48.45360824742268,4.957446808510638,2.0638297872340425,1.205128205128205
trillionlabs/Tri-0.5B-Base,devtest,ko,783,65,157,26,40.0,6.038461538461538,2.5,1.04
trillionlabs/Tri-0.5B-Base,devtest,ko,784,53,131,18,33.9622641509434,7.277777777777778,2.9444444444444446,0.9473684210526315
trillionlabs/Tri-0.5B-Base,devtest,ko,789,72,176,25,34.72222222222222,7.04,2.88,0.8064516129032258
trillionlabs/Tri-0.5B-Base,devtest,ko,790,58,142,23,39.6551724137931,6.173913043478261,2.5217391304347827,0.9583333333333334
trillionlabs/Tri-0.5B-Base,devtest,ko,792,61,151,21,34.42622950819672,7.190476190476191,2.9047619047619047,1.0
trillionlabs/Tri-0.5B-Base,devtest,ko,793,84,212,32,38.095238095238095,6.625,2.625,1.032258064516129
trillionlabs/Tri-0.5B-Base,devtest,ko,794,48,120,19,39.583333333333336,6.315789473684211,2.526315789473684,0.6785714285714286
trillionlabs/Tri-0.5B-Base,devtest,ko,797,67,167,27,40.298507462686565,6.185185185185185,2.4814814814814814,1.0384615384615385
trillionlabs/Tri-0.5B-Base,devtest,ko,798,64,164,25,39.0625,6.56,2.56,1.25
trillionlabs/Tri-0.5B-Base,devtest,ko,799,82,202,31,37.80487804878049,6.516129032258065,2.6451612903225805,1.0333333333333334
trillionlabs/Tri-0.5B-Base,devtest,ko,800,66,160,24,36.36363636363637,6.666666666666667,2.75,0.9230769230769231
trillionlabs/Tri-0.5B-Base,devtest,ko,801,84,208,33,39.285714285714285,6.303030303030303,2.5454545454545454,1.2692307692307692
trillionlabs/Tri-0.5B-Base,devtest,ko,804,33,79,14,42.42424242424242,5.642857142857143,2.357142857142857,0.7777777777777778
trillionlabs/Tri-0.5B-Base,devtest,ko,806,60,144,24,40.0,6.0,2.5,0.96
trillionlabs/Tri-0.5B-Base,devtest,ko,810,54,130,25,46.2962962962963,5.2,2.16,1.25
trillionlabs/Tri-0.5B-Base,devtest,ko,811,84,182,41,48.80952380952381,4.439024390243903,2.048780487804878,1.1714285714285715
trillionlabs/Tri-0.5B-Base,devtest,ko,813,60,142,25,41.666666666666664,5.68,2.4,1.1904761904761905
trillionlabs/Tri-0.5B-Base,devtest,ko,814,57,135,21,36.8421052631579,6.428571428571429,2.7142857142857144,0.9130434782608695
trillionlabs/Tri-0.5B-Base,devtest,ko,818,76,186,30,39.473684210526315,6.2,2.533333333333333,1.0
trillionlabs/Tri-0.5B-Base,devtest,ko,820,47,117,18,38.297872340425535,6.5,2.611111111111111,1.2
trillionlabs/Tri-0.5B-Base,devtest,ko,824,72,178,29,40.27777777777778,6.137931034482759,2.4827586206896552,1.16
trillionlabs/Tri-0.5B-Base,devtest,ko,825,60,146,26,43.333333333333336,5.615384615384615,2.3076923076923075,1.04
trillionlabs/Tri-0.5B-Base,devtest,ko,826,52,128,19,36.53846153846154,6.7368421052631575,2.736842105263158,0.95
trillionlabs/Tri-0.5B-Base,devtest,ko,827,62,150,25,40.32258064516129,6.0,2.48,0.8928571428571429
trillionlabs/Tri-0.5B-Base,devtest,ko,828,76,190,33,43.421052631578945,5.757575757575758,2.303030303030303,1.1
trillionlabs/Tri-0.5B-Base,devtest,ko,829,53,129,26,49.056603773584904,4.961538461538462,2.0384615384615383,0.896551724137931
trillionlabs/Tri-0.5B-Base,devtest,ko,830,99,205,42,42.42424242424242,4.880952380952381,2.357142857142857,1.0769230769230769
trillionlabs/Tri-0.5B-Base,devtest,ko,832,63,161,25,39.682539682539684,6.44,2.52,0.9615384615384616
trillionlabs/Tri-0.5B-Base,devtest,ko,834,89,215,38,42.69662921348315,5.657894736842105,2.3421052631578947,1.3103448275862069
trillionlabs/Tri-0.5B-Base,devtest,ko,836,43,109,20,46.51162790697674,5.45,2.15,1.1111111111111112
trillionlabs/Tri-0.5B-Base,devtest,ko,837,38,78,21,55.26315789473684,3.7142857142857144,1.8095238095238095,1.105263157894737
trillionlabs/Tri-0.5B-Base,devtest,ko,839,69,167,23,33.333333333333336,7.260869565217392,3.0,0.8518518518518519
trillionlabs/Tri-0.5B-Base,devtest,ko,840,70,168,25,35.714285714285715,6.72,2.8,0.8928571428571429
trillionlabs/Tri-0.5B-Base,devtest,ko,843,58,138,24,41.37931034482759,5.75,2.4166666666666665,0.8888888888888888
trillionlabs/Tri-0.5B-Base,devtest,ko,844,101,243,37,36.633663366336634,6.5675675675675675,2.72972972972973,0.8809523809523809
trillionlabs/Tri-0.5B-Base,devtest,ko,847,84,187,40,47.61904761904762,4.675,2.1,1.2903225806451613
trillionlabs/Tri-0.5B-Base,devtest,ko,849,84,210,37,44.04761904761905,5.675675675675675,2.27027027027027,1.1935483870967742
trillionlabs/Tri-0.5B-Base,devtest,ko,852,81,199,30,37.03703703703704,6.633333333333334,2.7,0.9375
trillionlabs/Tri-0.5B-Base,devtest,ko,853,56,134,26,46.42857142857143,5.153846153846154,2.1538461538461537,1.3
trillionlabs/Tri-0.5B-Base,devtest,ko,854,92,226,39,42.391304347826086,5.794871794871795,2.358974358974359,1.2580645161290323
trillionlabs/Tri-0.5B-Base,devtest,ko,856,93,227,34,36.55913978494624,6.676470588235294,2.735294117647059,0.9444444444444444
trillionlabs/Tri-0.5B-Base,devtest,ko,857,89,219,30,33.70786516853933,7.3,2.966666666666667,0.8333333333333334
trillionlabs/Tri-0.5B-Base,devtest,ko,858,62,126,27,43.54838709677419,4.666666666666667,2.2962962962962963,1.6875
trillionlabs/Tri-0.5B-Base,devtest,ko,860,74,182,32,43.24324324324324,5.6875,2.3125,0.9142857142857143
trillionlabs/Tri-0.5B-Base,devtest,ko,862,46,114,19,41.30434782608695,6.0,2.4210526315789473,0.8260869565217391
trillionlabs/Tri-0.5B-Base,devtest,ko,866,59,151,26,44.067796610169495,5.8076923076923075,2.269230769230769,0.9629629629629629
trillionlabs/Tri-0.5B-Base,devtest,ko,867,93,225,43,46.236559139784944,5.232558139534884,2.1627906976744184,1.131578947368421
trillionlabs/Tri-0.5B-Base,devtest,ko,868,60,146,21,35.0,6.9523809523809526,2.857142857142857,0.7777777777777778
trillionlabs/Tri-0.5B-Base,devtest,ko,870,43,107,20,46.51162790697674,5.35,2.15,1.0526315789473684
trillionlabs/Tri-0.5B-Base,devtest,ko,873,54,130,23,42.592592592592595,5.6521739130434785,2.347826086956522,0.8214285714285714
trillionlabs/Tri-0.5B-Base,devtest,ko,875,56,132,33,58.92857142857143,4.0,1.696969696969697,1.064516129032258
trillionlabs/Tri-0.5B-Base,devtest,ko,876,48,116,25,52.083333333333336,4.64,1.92,1.1904761904761905
trillionlabs/Tri-0.5B-Base,devtest,ko,877,49,121,17,34.69387755102041,7.117647058823529,2.8823529411764706,0.6538461538461539
trillionlabs/Tri-0.5B-Base,devtest,ko,878,50,124,15,30.0,8.266666666666667,3.3333333333333335,0.7894736842105263
trillionlabs/Tri-0.5B-Base,devtest,ko,879,52,124,20,38.46153846153846,6.2,2.6,0.9090909090909091
trillionlabs/Tri-0.5B-Base,devtest,ko,880,60,148,21,35.0,7.0476190476190474,2.857142857142857,1.05
trillionlabs/Tri-0.5B-Base,devtest,ko,882,48,120,20,41.666666666666664,6.0,2.4,1.0526315789473684
trillionlabs/Tri-0.5B-Base,devtest,ko,885,38,96,12,31.57894736842105,8.0,3.1666666666666665,0.75
trillionlabs/Tri-0.5B-Base,devtest,ko,888,68,152,31,45.588235294117645,4.903225806451613,2.193548387096774,1.55
trillionlabs/Tri-0.5B-Base,devtest,ko,895,63,155,26,41.26984126984127,5.961538461538462,2.423076923076923,1.04
trillionlabs/Tri-0.5B-Base,devtest,ko,899,53,129,23,43.39622641509434,5.608695652173913,2.3043478260869565,1.15
trillionlabs/Tri-0.5B-Base,devtest,ko,900,52,128,21,40.38461538461539,6.095238095238095,2.4761904761904763,0.84
trillionlabs/Tri-0.5B-Base,devtest,ko,905,86,214,37,43.02325581395349,5.783783783783784,2.324324324324324,1.5416666666666667
trillionlabs/Tri-0.5B-Base,devtest,ko,908,81,165,40,49.382716049382715,4.125,2.025,1.4814814814814814
trillionlabs/Tri-0.5B-Base,devtest,ko,912,52,128,18,34.61538461538461,7.111111111111111,2.888888888888889,1.0
trillionlabs/Tri-0.5B-Base,devtest,ko,913,36,90,15,41.666666666666664,6.0,2.4,0.8333333333333334
trillionlabs/Tri-0.5B-Base,devtest,ko,915,71,159,28,39.436619718309856,5.678571428571429,2.5357142857142856,1.0
trillionlabs/Tri-0.5B-Base,devtest,ko,916,36,92,11,30.555555555555557,8.363636363636363,3.272727272727273,0.7857142857142857
trillionlabs/Tri-0.5B-Base,devtest,ko,917,98,192,40,40.816326530612244,4.8,2.45,1.1764705882352942
trillionlabs/Tri-0.5B-Base,devtest,ko,920,52,126,24,46.15384615384615,5.25,2.1666666666666665,1.263157894736842
trillionlabs/Tri-0.5B-Base,devtest,ko,921,93,223,37,39.784946236559136,6.027027027027027,2.5135135135135136,1.2333333333333334
trillionlabs/Tri-0.5B-Base,devtest,ko,924,40,92,17,42.5,5.411764705882353,2.3529411764705883,0.8095238095238095
trillionlabs/Tri-0.5B-Base,devtest,ko,925,96,234,38,39.583333333333336,6.157894736842105,2.526315789473684,0.926829268292683
trillionlabs/Tri-0.5B-Base,devtest,ko,929,87,213,31,35.632183908045974,6.870967741935484,2.806451612903226,1.0333333333333334
trillionlabs/Tri-0.5B-Base,devtest,ko,930,60,154,24,40.0,6.416666666666667,2.5,1.0
trillionlabs/Tri-0.5B-Base,devtest,ko,933,103,255,40,38.83495145631068,6.375,2.575,1.0810810810810811
trillionlabs/Tri-0.5B-Base,devtest,ko,934,73,177,29,39.726027397260275,6.103448275862069,2.5172413793103448,0.7837837837837838
trillionlabs/Tri-0.5B-Base,devtest,ko,944,135,331,54,40.0,6.12962962962963,2.5,1.0588235294117647
trillionlabs/Tri-0.5B-Base,devtest,ko,945,66,132,26,39.39393939393939,5.076923076923077,2.5384615384615383,1.0
trillionlabs/Tri-0.5B-Base,devtest,ko,947,30,74,11,36.666666666666664,6.7272727272727275,2.727272727272727,0.8461538461538461
trillionlabs/Tri-0.5B-Base,devtest,ko,949,51,111,21,41.1764705882353,5.285714285714286,2.4285714285714284,1.1666666666666667
trillionlabs/Tri-0.5B-Base,devtest,ko,950,54,134,23,42.592592592592595,5.826086956521739,2.347826086956522,0.8846153846153846
trillionlabs/Tri-0.5B-Base,devtest,ko,951,72,178,26,36.111111111111114,6.846153846153846,2.769230769230769,0.7222222222222222
trillionlabs/Tri-0.5B-Base,devtest,ko,952,88,218,33,37.5,6.606060606060606,2.6666666666666665,0.8918918918918919
trillionlabs/Tri-0.5B-Base,devtest,ko,953,60,144,29,48.333333333333336,4.9655172413793105,2.0689655172413794,1.0740740740740742
trillionlabs/Tri-0.5B-Base,devtest,ko,955,99,249,39,39.39393939393939,6.384615384615385,2.5384615384615383,1.3
trillionlabs/Tri-0.5B-Base,devtest,ko,956,51,131,20,39.21568627450981,6.55,2.55,0.9523809523809523
trillionlabs/Tri-0.5B-Base,devtest,ko,958,104,256,43,41.34615384615385,5.953488372093023,2.4186046511627906,1.162162162162162
trillionlabs/Tri-0.5B-Base,devtest,ko,962,71,177,41,57.74647887323944,4.317073170731708,1.7317073170731707,1.28125
trillionlabs/Tri-0.5B-Base,devtest,ko,963,61,149,25,40.98360655737705,5.96,2.44,0.9259259259259259
trillionlabs/Tri-0.5B-Base,devtest,ko,965,87,209,46,52.87356321839081,4.543478260869565,1.891304347826087,1.2432432432432432
trillionlabs/Tri-0.5B-Base,devtest,ko,967,111,275,43,38.73873873873874,6.395348837209302,2.5813953488372094,1.075
trillionlabs/Tri-0.5B-Base,devtest,ko,969,94,226,35,37.234042553191486,6.457142857142857,2.6857142857142855,0.9459459459459459
trillionlabs/Tri-0.5B-Base,devtest,ko,971,86,212,37,43.02325581395349,5.72972972972973,2.324324324324324,0.9736842105263158
trillionlabs/Tri-0.5B-Base,devtest,ko,972,57,139,22,38.59649122807018,6.318181818181818,2.590909090909091,0.88
trillionlabs/Tri-0.5B-Base,devtest,ko,973,29,73,11,37.93103448275862,6.636363636363637,2.6363636363636362,0.8461538461538461
trillionlabs/Tri-0.5B-Base,devtest,ko,975,47,121,17,36.170212765957444,7.117647058823529,2.764705882352941,1.0
trillionlabs/Tri-0.5B-Base,devtest,ko,977,59,125,26,44.067796610169495,4.8076923076923075,2.269230769230769,1.1304347826086956
trillionlabs/Tri-0.5B-Base,devtest,ko,978,38,98,14,36.8421052631579,7.0,2.7142857142857144,1.4
trillionlabs/Tri-0.5B-Base,devtest,ko,986,37,93,15,40.54054054054054,6.2,2.466666666666667,1.0714285714285714
trillionlabs/Tri-0.5B-Base,devtest,ko,987,66,166,29,43.93939393939394,5.724137931034483,2.2758620689655173,1.0740740740740742
trillionlabs/Tri-0.5B-Base,devtest,ko,988,57,133,26,45.6140350877193,5.115384615384615,2.1923076923076925,1.1304347826086956
trillionlabs/Tri-0.5B-Base,devtest,ko,989,47,109,25,53.191489361702125,4.36,1.88,1.0869565217391304
trillionlabs/Tri-0.5B-Base,devtest,ko,993,77,193,33,42.857142857142854,5.848484848484849,2.3333333333333335,1.1785714285714286
trillionlabs/Tri-0.5B-Base,devtest,ko,994,34,84,15,44.11764705882353,5.6,2.2666666666666666,1.0714285714285714
trillionlabs/Tri-0.5B-Base,devtest,ko,995,78,192,34,43.58974358974359,5.647058823529412,2.2941176470588234,1.1333333333333333
trillionlabs/Tri-0.5B-Base,devtest,ko,997,50,126,19,38.0,6.631578947368421,2.6315789473684212,0.95
trillionlabs/Tri-0.5B-Base,devtest,ko,998,53,137,21,39.62264150943396,6.523809523809524,2.5238095238095237,0.8076923076923077
trillionlabs/Tri-0.5B-Base,devtest,ko,1000,55,133,22,40.0,6.045454545454546,2.5,0.88
trillionlabs/Tri-0.5B-Base,devtest,ko,1001,68,168,28,41.1764705882353,6.0,2.4285714285714284,0.8235294117647058
trillionlabs/Tri-0.5B-Base,devtest,ko,1003,60,152,28,46.666666666666664,5.428571428571429,2.142857142857143,1.037037037037037
trillionlabs/Tri-0.5B-Base,devtest,ko,1005,60,148,25,41.666666666666664,5.92,2.4,0.8333333333333334
trillionlabs/Tri-0.5B-Base,devtest,ko,1006,41,101,17,41.46341463414634,5.9411764705882355,2.411764705882353,0.68
trillionlabs/Tri-0.5B-Base,devtest,ko,1008,39,101,19,48.717948717948715,5.315789473684211,2.0526315789473686,1.1875
trillionlabs/Tri-0.5B-Base,devtest,ko,1009,42,106,18,42.857142857142854,5.888888888888889,2.3333333333333335,0.8571428571428571
trillionlabs/Tri-0.5B-Base,devtest,ko,1010,40,102,16,40.0,6.375,2.5,1.0666666666666667
trillionlabs/Tri-0.5B-Base,devtest,ko,1011,65,159,25,38.46153846153846,6.36,2.6,0.9615384615384616
trillionlabs/Tri-0.5B-Base,devtest,ja,4,84,252,42,50.0,6.0,2.0,1.135135135135135
trillionlabs/Tri-0.5B-Base,devtest,ja,6,23,59,13,56.52173913043478,4.538461538461538,1.7692307692307692,1.3
trillionlabs/Tri-0.5B-Base,devtest,ja,7,67,193,35,52.23880597014925,5.514285714285714,1.9142857142857144,1.4583333333333333
trillionlabs/Tri-0.5B-Base,devtest,ja,12,60,150,34,56.666666666666664,4.411764705882353,1.7647058823529411,1.1333333333333333
trillionlabs/Tri-0.5B-Base,devtest,ja,14,76,220,37,48.68421052631579,5.945945945945946,2.054054054054054,0.9024390243902439
trillionlabs/Tri-0.5B-Base,devtest,ja,15,96,288,53,55.208333333333336,5.433962264150943,1.8113207547169812,1.2045454545454546
trillionlabs/Tri-0.5B-Base,devtest,ja,16,99,289,48,48.484848484848484,6.020833333333333,2.0625,1.170731707317073
trillionlabs/Tri-0.5B-Base,devtest,ja,17,62,174,36,58.064516129032256,4.833333333333333,1.7222222222222223,1.44
trillionlabs/Tri-0.5B-Base,devtest,ja,19,114,304,64,56.14035087719298,4.75,1.78125,1.1228070175438596
trillionlabs/Tri-0.5B-Base,devtest,ja,22,64,192,41,64.0625,4.682926829268292,1.5609756097560976,1.1714285714285715
trillionlabs/Tri-0.5B-Base,devtest,ja,23,122,322,58,47.540983606557376,5.551724137931035,2.103448275862069,1.4871794871794872
trillionlabs/Tri-0.5B-Base,devtest,ja,24,59,177,32,54.23728813559322,5.53125,1.84375,1.1428571428571428
trillionlabs/Tri-0.5B-Base,devtest,ja,28,35,103,24,68.57142857142857,4.291666666666667,1.4583333333333333,1.0434782608695652
trillionlabs/Tri-0.5B-Base,devtest,ja,30,98,294,50,51.02040816326531,5.88,1.96,1.0
trillionlabs/Tri-0.5B-Base,devtest,ja,31,105,315,59,56.19047619047619,5.338983050847458,1.7796610169491525,1.2291666666666667
trillionlabs/Tri-0.5B-Base,devtest,ja,34,27,77,16,59.25925925925926,4.8125,1.6875,1.2307692307692308
trillionlabs/Tri-0.5B-Base,devtest,ja,37,39,117,22,56.41025641025641,5.318181818181818,1.7727272727272727,0.9565217391304348
trillionlabs/Tri-0.5B-Base,devtest,ja,38,33,99,18,54.54545454545455,5.5,1.8333333333333333,1.0
trillionlabs/Tri-0.5B-Base,devtest,ja,40,54,162,34,62.96296296296296,4.764705882352941,1.588235294117647,1.4166666666666667
trillionlabs/Tri-0.5B-Base,devtest,ja,43,56,138,30,53.57142857142857,4.6,1.8666666666666667,1.1111111111111112
trillionlabs/Tri-0.5B-Base,devtest,ja,44,51,151,28,54.90196078431372,5.392857142857143,1.8214285714285714,1.0
trillionlabs/Tri-0.5B-Base,devtest,ja,48,58,174,34,58.62068965517241,5.117647058823529,1.7058823529411764,1.8888888888888888
trillionlabs/Tri-0.5B-Base,devtest,ja,49,47,141,25,53.191489361702125,5.64,1.88,0.9259259259259259
trillionlabs/Tri-0.5B-Base,devtest,ja,50,28,74,15,53.57142857142857,4.933333333333334,1.8666666666666667,1.0714285714285714
trillionlabs/Tri-0.5B-Base,devtest,ja,56,87,253,51,58.62068965517241,4.96078431372549,1.7058823529411764,1.3421052631578947
trillionlabs/Tri-0.5B-Base,devtest,ja,57,96,288,55,57.291666666666664,5.236363636363636,1.7454545454545454,1.6666666666666667
trillionlabs/Tri-0.5B-Base,devtest,ja,59,28,78,15,53.57142857142857,5.2,1.8666666666666667,1.25
trillionlabs/Tri-0.5B-Base,devtest,ja,60,41,123,21,51.21951219512195,5.857142857142857,1.9523809523809523,0.75
trillionlabs/Tri-0.5B-Base,devtest,ja,61,45,135,25,55.55555555555556,5.4,1.8,1.3157894736842106
trillionlabs/Tri-0.5B-Base,devtest,ja,62,56,168,28,50.0,6.0,2.0,0.8484848484848485
trillionlabs/Tri-0.5B-Base,devtest,ja,64,69,189,38,55.072463768115945,4.973684210526316,1.8157894736842106,1.7272727272727273
trillionlabs/Tri-0.5B-Base,devtest,ja,66,59,171,35,59.32203389830509,4.885714285714286,1.6857142857142857,1.4
trillionlabs/Tri-0.5B-Base,devtest,ja,69,69,207,44,63.768115942028984,4.704545454545454,1.5681818181818181,1.5172413793103448
trillionlabs/Tri-0.5B-Base,devtest,ja,70,41,121,27,65.85365853658537,4.481481481481482,1.5185185185185186,1.2272727272727273
trillionlabs/Tri-0.5B-Base,devtest,ja,71,105,297,66,62.857142857142854,4.5,1.5909090909090908,1.434782608695652
trillionlabs/Tri-0.5B-Base,devtest,ja,74,90,262,44,48.888888888888886,5.954545454545454,2.0454545454545454,1.2571428571428571
trillionlabs/Tri-0.5B-Base,devtest,ja,75,63,189,39,61.904761904761905,4.846153846153846,1.6153846153846154,1.2580645161290323
trillionlabs/Tri-0.5B-Base,devtest,ja,78,30,88,17,56.666666666666664,5.176470588235294,1.7647058823529411,1.3076923076923077
trillionlabs/Tri-0.5B-Base,devtest,ja,82,46,136,30,65.21739130434783,4.533333333333333,1.5333333333333334,1.3636363636363635
trillionlabs/Tri-0.5B-Base,devtest,ja,83,74,218,44,59.45945945945946,4.954545454545454,1.6818181818181819,1.3333333333333333
trillionlabs/Tri-0.5B-Base,devtest,ja,86,101,299,51,50.495049504950494,5.862745098039215,1.9803921568627452,1.186046511627907
trillionlabs/Tri-0.5B-Base,devtest,ja,87,82,246,33,40.24390243902439,7.454545454545454,2.484848484848485,1.2692307692307692
trillionlabs/Tri-0.5B-Base,devtest,ja,88,52,156,28,53.84615384615385,5.571428571428571,1.8571428571428572,1.3333333333333333
trillionlabs/Tri-0.5B-Base,devtest,ja,89,54,162,31,57.407407407407405,5.225806451612903,1.7419354838709677,1.1481481481481481
trillionlabs/Tri-0.5B-Base,devtest,ja,91,49,147,25,51.02040816326531,5.88,1.96,1.1363636363636365
trillionlabs/Tri-0.5B-Base,devtest,ja,93,26,78,13,50.0,6.0,2.0,1.3
trillionlabs/Tri-0.5B-Base,devtest,ja,95,37,111,22,59.45945945945946,5.045454545454546,1.6818181818181819,1.1578947368421053
trillionlabs/Tri-0.5B-Base,devtest,ja,96,50,150,27,54.0,5.555555555555555,1.8518518518518519,1.35
trillionlabs/Tri-0.5B-Base,devtest,ja,100,38,102,18,47.36842105263158,5.666666666666667,2.111111111111111,1.0588235294117647
trillionlabs/Tri-0.5B-Base,devtest,ja,101,69,181,37,53.6231884057971,4.891891891891892,1.864864864864865,0.8809523809523809
trillionlabs/Tri-0.5B-Base,devtest,ja,102,63,161,38,60.317460317460316,4.2368421052631575,1.6578947368421053,1.1176470588235294
trillionlabs/Tri-0.5B-Base,devtest,ja,103,28,84,15,53.57142857142857,5.6,1.8666666666666667,1.3636363636363635
trillionlabs/Tri-0.5B-Base,devtest,ja,106,27,81,12,44.44444444444444,6.75,2.25,0.9230769230769231
trillionlabs/Tri-0.5B-Base,devtest,ja,107,89,267,52,58.42696629213483,5.134615384615385,1.7115384615384615,1.4054054054054055
trillionlabs/Tri-0.5B-Base,devtest,ja,108,100,292,65,65.0,4.492307692307692,1.5384615384615385,1.3265306122448979
trillionlabs/Tri-0.5B-Base,devtest,ja,109,50,144,24,48.0,6.0,2.0833333333333335,1.411764705882353
trillionlabs/Tri-0.5B-Base,devtest,ja,111,29,85,14,48.275862068965516,6.071428571428571,2.0714285714285716,0.9333333333333333
trillionlabs/Tri-0.5B-Base,devtest,ja,113,34,102,22,64.70588235294117,4.636363636363637,1.5454545454545454,1.2941176470588236
trillionlabs/Tri-0.5B-Base,devtest,ja,114,64,192,41,64.0625,4.682926829268292,1.5609756097560976,1.3666666666666667
trillionlabs/Tri-0.5B-Base,devtest,ja,115,44,132,23,52.27272727272727,5.739130434782608,1.9130434782608696,0.9583333333333334
trillionlabs/Tri-0.5B-Base,devtest,ja,117,56,158,34,60.714285714285715,4.647058823529412,1.6470588235294117,1.2142857142857142
trillionlabs/Tri-0.5B-Base,devtest,ja,118,34,88,19,55.88235294117647,4.631578947368421,1.7894736842105263,1.3571428571428572
trillionlabs/Tri-0.5B-Base,devtest,ja,120,83,231,47,56.626506024096386,4.914893617021277,1.7659574468085106,1.175
trillionlabs/Tri-0.5B-Base,devtest,ja,122,38,114,21,55.26315789473684,5.428571428571429,1.8095238095238095,1.3125
trillionlabs/Tri-0.5B-Base,devtest,ja,124,38,104,20,52.63157894736842,5.2,1.9,0.9523809523809523
trillionlabs/Tri-0.5B-Base,devtest,ja,126,17,51,8,47.05882352941177,6.375,2.125,0.7272727272727273
trillionlabs/Tri-0.5B-Base,devtest,ja,129,47,141,24,51.06382978723404,5.875,1.9583333333333333,1.3333333333333333
trillionlabs/Tri-0.5B-Base,devtest,ja,130,56,168,25,44.642857142857146,6.72,2.24,1.0869565217391304
trillionlabs/Tri-0.5B-Base,devtest,ja,131,66,198,35,53.03030303030303,5.6571428571428575,1.8857142857142857,1.0606060606060606
trillionlabs/Tri-0.5B-Base,devtest,ja,132,54,158,34,62.96296296296296,4.647058823529412,1.588235294117647,1.0625
trillionlabs/Tri-0.5B-Base,devtest,ja,134,36,76,23,63.888888888888886,3.3043478260869565,1.565217391304348,1.0
trillionlabs/Tri-0.5B-Base,devtest,ja,135,46,138,30,65.21739130434783,4.6,1.5333333333333334,1.6666666666666667
trillionlabs/Tri-0.5B-Base,devtest,ja,136,27,73,15,55.55555555555556,4.866666666666666,1.8,1.1538461538461537
trillionlabs/Tri-0.5B-Base,devtest,ja,137,42,118,24,57.142857142857146,4.916666666666667,1.75,1.1428571428571428
trillionlabs/Tri-0.5B-Base,devtest,ja,139,57,167,37,64.91228070175438,4.513513513513513,1.5405405405405406,1.48
trillionlabs/Tri-0.5B-Base,devtest,ja,141,80,234,42,52.5,5.571428571428571,1.9047619047619047,1.2
trillionlabs/Tri-0.5B-Base,devtest,ja,143,46,138,22,47.82608695652174,6.2727272727272725,2.090909090909091,1.1
trillionlabs/Tri-0.5B-Base,devtest,ja,146,45,125,27,60.0,4.62962962962963,1.6666666666666667,1.125
trillionlabs/Tri-0.5B-Base,devtest,ja,149,32,96,21,65.625,4.571428571428571,1.5238095238095237,1.1666666666666667
trillionlabs/Tri-0.5B-Base,devtest,ja,151,77,231,42,54.54545454545455,5.5,1.8333333333333333,1.135135135135135
trillionlabs/Tri-0.5B-Base,devtest,ja,153,62,174,41,66.12903225806451,4.2439024390243905,1.5121951219512195,1.5769230769230769
trillionlabs/Tri-0.5B-Base,devtest,ja,158,60,146,35,58.333333333333336,4.171428571428572,1.7142857142857142,1.1666666666666667
trillionlabs/Tri-0.5B-Base,devtest,ja,159,38,114,19,50.0,6.0,2.0,1.0
trillionlabs/Tri-0.5B-Base,devtest,ja,160,26,78,15,57.69230769230769,5.2,1.7333333333333334,0.9375
trillionlabs/Tri-0.5B-Base,devtest,ja,164,29,87,16,55.172413793103445,5.4375,1.8125,1.6
trillionlabs/Tri-0.5B-Base,devtest,ja,169,66,198,34,51.515151515151516,5.823529411764706,1.9411764705882353,1.5454545454545454
trillionlabs/Tri-0.5B-Base,devtest,ja,170,66,172,27,40.90909090909091,6.37037037037037,2.4444444444444446,0.9
trillionlabs/Tri-0.5B-Base,devtest,ja,171,39,95,18,46.15384615384615,5.277777777777778,2.1666666666666665,1.125
trillionlabs/Tri-0.5B-Base,devtest,ja,175,38,114,22,57.89473684210526,5.181818181818182,1.7272727272727273,1.5714285714285714
trillionlabs/Tri-0.5B-Base,devtest,ja,176,96,286,55,57.291666666666664,5.2,1.7454545454545454,1.6666666666666667
trillionlabs/Tri-0.5B-Base,devtest,ja,177,43,115,28,65.11627906976744,4.107142857142857,1.5357142857142858,1.1666666666666667
trillionlabs/Tri-0.5B-Base,devtest,ja,183,53,131,34,64.15094339622641,3.8529411764705883,1.5588235294117647,1.0625
trillionlabs/Tri-0.5B-Base,devtest,ja,184,81,235,49,60.49382716049383,4.795918367346939,1.653061224489796,1.225
trillionlabs/Tri-0.5B-Base,devtest,ja,185,70,208,38,54.285714285714285,5.473684210526316,1.8421052631578947,1.4074074074074074
trillionlabs/Tri-0.5B-Base,devtest,ja,186,39,117,22,56.41025641025641,5.318181818181818,1.7727272727272727,1.375
trillionlabs/Tri-0.5B-Base,devtest,ja,187,51,153,28,54.90196078431372,5.464285714285714,1.8214285714285714,1.12
trillionlabs/Tri-0.5B-Base,devtest,ja,190,39,117,22,56.41025641025641,5.318181818181818,1.7727272727272727,0.9166666666666666
trillionlabs/Tri-0.5B-Base,devtest,ja,192,97,291,56,57.7319587628866,5.196428571428571,1.7321428571428572,1.8666666666666667
trillionlabs/Tri-0.5B-Base,devtest,ja,193,106,312,64,60.37735849056604,4.875,1.65625,1.2549019607843137
trillionlabs/Tri-0.5B-Base,devtest,ja,194,41,121,22,53.65853658536585,5.5,1.8636363636363635,1.1578947368421053
trillionlabs/Tri-0.5B-Base,devtest,ja,195,42,118,23,54.76190476190476,5.130434782608695,1.826086956521739,1.4375
trillionlabs/Tri-0.5B-Base,devtest,ja,198,40,120,20,50.0,6.0,2.0,1.0
trillionlabs/Tri-0.5B-Base,devtest,ja,201,86,246,47,54.651162790697676,5.23404255319149,1.8297872340425532,1.3823529411764706
trillionlabs/Tri-0.5B-Base,devtest,ja,206,50,142,22,44.0,6.454545454545454,2.272727272727273,1.0476190476190477
trillionlabs/Tri-0.5B-Base,devtest,ja,208,56,168,34,60.714285714285715,4.9411764705882355,1.6470588235294117,1.4782608695652173
trillionlabs/Tri-0.5B-Base,devtest,ja,209,40,120,20,50.0,6.0,2.0,1.6666666666666667
trillionlabs/Tri-0.5B-Base,devtest,ja,210,40,120,19,47.5,6.315789473684211,2.1052631578947367,1.1176470588235294
trillionlabs/Tri-0.5B-Base,devtest,ja,211,52,156,26,50.0,6.0,2.0,1.1818181818181819
trillionlabs/Tri-0.5B-Base,devtest,ja,212,40,120,21,52.5,5.714285714285714,1.9047619047619047,1.6153846153846154
trillionlabs/Tri-0.5B-Base,devtest,ja,213,51,145,25,49.01960784313726,5.8,2.04,1.1904761904761905
trillionlabs/Tri-0.5B-Base,devtest,ja,214,61,175,31,50.81967213114754,5.645161290322581,1.967741935483871,1.24
trillionlabs/Tri-0.5B-Base,devtest,ja,215,62,178,31,50.0,5.741935483870968,2.0,1.1071428571428572
trillionlabs/Tri-0.5B-Base,devtest,ja,216,32,96,18,56.25,5.333333333333333,1.7777777777777777,1.2857142857142858
trillionlabs/Tri-0.5B-Base,devtest,ja,218,60,180,35,58.333333333333336,5.142857142857143,1.7142857142857142,1.4583333333333333
trillionlabs/Tri-0.5B-Base,devtest,ja,221,39,113,27,69.23076923076923,4.185185185185185,1.4444444444444444,1.6875
trillionlabs/Tri-0.5B-Base,devtest,ja,222,59,171,36,61.016949152542374,4.75,1.6388888888888888,1.5
trillionlabs/Tri-0.5B-Base,devtest,ja,223,50,146,35,70.0,4.171428571428572,1.4285714285714286,1.75
trillionlabs/Tri-0.5B-Base,devtest,ja,227,50,146,28,56.0,5.214285714285714,1.7857142857142858,1.3333333333333333
trillionlabs/Tri-0.5B-Base,devtest,ja,228,58,166,35,60.3448275862069,4.742857142857143,1.6571428571428573,1.4
trillionlabs/Tri-0.5B-Base,devtest,ja,229,38,114,17,44.73684210526316,6.705882352941177,2.235294117647059,0.9444444444444444
trillionlabs/Tri-0.5B-Base,devtest,ja,230,40,96,21,52.5,4.571428571428571,1.9047619047619047,1.105263157894737
trillionlabs/Tri-0.5B-Base,devtest,ja,232,97,291,62,63.91752577319588,4.693548387096774,1.564516129032258,1.4761904761904763
trillionlabs/Tri-0.5B-Base,devtest,ja,234,70,200,48,68.57142857142857,4.166666666666667,1.4583333333333333,1.2
trillionlabs/Tri-0.5B-Base,devtest,ja,235,46,138,31,67.3913043478261,4.451612903225806,1.4838709677419355,1.1071428571428572
trillionlabs/Tri-0.5B-Base,devtest,ja,236,75,225,44,58.666666666666664,5.113636363636363,1.7045454545454546,1.4193548387096775
trillionlabs/Tri-0.5B-Base,devtest,ja,238,52,156,20,38.46153846153846,7.8,2.6,1.0
trillionlabs/Tri-0.5B-Base,devtest,ja,239,49,147,24,48.97959183673469,6.125,2.0416666666666665,1.0909090909090908
trillionlabs/Tri-0.5B-Base,devtest,ja,243,25,75,17,68.0,4.411764705882353,1.4705882352941178,0.85
trillionlabs/Tri-0.5B-Base,devtest,ja,244,57,169,36,63.1578947368421,4.694444444444445,1.5833333333333333,1.44
trillionlabs/Tri-0.5B-Base,devtest,ja,246,72,206,40,55.55555555555556,5.15,1.8,1.6
trillionlabs/Tri-0.5B-Base,devtest,ja,248,87,259,45,51.724137931034484,5.7555555555555555,1.9333333333333333,1.3235294117647058
trillionlabs/Tri-0.5B-Base,devtest,ja,249,37,105,20,54.054054054054056,5.25,1.85,0.8695652173913043
trillionlabs/Tri-0.5B-Base,devtest,ja,251,48,130,24,50.0,5.416666666666667,2.0,1.2
trillionlabs/Tri-0.5B-Base,devtest,ja,252,44,132,28,63.63636363636363,4.714285714285714,1.5714285714285714,1.0769230769230769
trillionlabs/Tri-0.5B-Base,devtest,ja,254,35,101,19,54.285714285714285,5.315789473684211,1.8421052631578947,1.3571428571428572
trillionlabs/Tri-0.5B-Base,devtest,ja,255,68,198,33,48.529411764705884,6.0,2.0606060606060606,1.1379310344827587
trillionlabs/Tri-0.5B-Base,devtest,ja,256,51,153,27,52.94117647058823,5.666666666666667,1.8888888888888888,1.2272727272727273
trillionlabs/Tri-0.5B-Base,devtest,ja,257,52,154,32,61.53846153846154,4.8125,1.625,1.4545454545454546
trillionlabs/Tri-0.5B-Base,devtest,ja,258,42,126,25,59.523809523809526,5.04,1.68,1.3157894736842106
trillionlabs/Tri-0.5B-Base,devtest,ja,260,43,129,22,51.16279069767442,5.863636363636363,1.9545454545454546,0.8148148148148148
trillionlabs/Tri-0.5B-Base,devtest,ja,262,28,84,13,46.42857142857143,6.461538461538462,2.1538461538461537,0.8125
trillionlabs/Tri-0.5B-Base,devtest,ja,263,45,135,19,42.22222222222222,7.105263157894737,2.3684210526315788,1.2666666666666666
trillionlabs/Tri-0.5B-Base,devtest,ja,265,85,241,45,52.94117647058823,5.355555555555555,1.8888888888888888,1.125
trillionlabs/Tri-0.5B-Base,devtest,ja,266,57,171,37,64.91228070175438,4.621621621621622,1.5405405405405406,1.3214285714285714
trillionlabs/Tri-0.5B-Base,devtest,ja,267,83,249,52,62.65060240963855,4.788461538461538,1.5961538461538463,1.5757575757575757
trillionlabs/Tri-0.5B-Base,devtest,ja,269,54,154,32,59.25925925925926,4.8125,1.6875,1.1851851851851851
trillionlabs/Tri-0.5B-Base,devtest,ja,271,70,208,46,65.71428571428571,4.521739130434782,1.5217391304347827,1.2777777777777777
trillionlabs/Tri-0.5B-Base,devtest,ja,272,31,93,20,64.51612903225806,4.65,1.55,1.25
trillionlabs/Tri-0.5B-Base,devtest,ja,273,37,109,21,56.75675675675676,5.190476190476191,1.7619047619047619,1.2352941176470589
trillionlabs/Tri-0.5B-Base,devtest,ja,274,85,217,36,42.35294117647059,6.027777777777778,2.361111111111111,1.125
trillionlabs/Tri-0.5B-Base,devtest,ja,275,139,367,81,58.273381294964025,4.530864197530864,1.7160493827160495,1.173913043478261
trillionlabs/Tri-0.5B-Base,devtest,ja,276,67,189,34,50.74626865671642,5.5588235294117645,1.9705882352941178,1.0303030303030303
trillionlabs/Tri-0.5B-Base,devtest,ja,277,39,117,21,53.84615384615385,5.571428571428571,1.8571428571428572,1.6153846153846154
trillionlabs/Tri-0.5B-Base,devtest,ja,279,68,204,43,63.23529411764706,4.744186046511628,1.5813953488372092,1.5357142857142858
trillionlabs/Tri-0.5B-Base,devtest,ja,281,32,96,15,46.875,6.4,2.1333333333333333,0.7894736842105263
trillionlabs/Tri-0.5B-Base,devtest,ja,282,20,60,12,60.0,5.0,1.6666666666666667,1.0909090909090908
trillionlabs/Tri-0.5B-Base,devtest,ja,283,49,143,26,53.06122448979592,5.5,1.8846153846153846,1.2380952380952381
trillionlabs/Tri-0.5B-Base,devtest,ja,284,40,120,21,52.5,5.714285714285714,1.9047619047619047,1.2352941176470589
trillionlabs/Tri-0.5B-Base,devtest,ja,287,62,186,33,53.225806451612904,5.636363636363637,1.878787878787879,1.375
trillionlabs/Tri-0.5B-Base,devtest,ja,288,79,237,39,49.36708860759494,6.076923076923077,2.0256410256410255,1.625
trillionlabs/Tri-0.5B-Base,devtest,ja,289,60,180,32,53.333333333333336,5.625,1.875,1.1851851851851851
trillionlabs/Tri-0.5B-Base,devtest,ja,291,62,178,35,56.45161290322581,5.085714285714285,1.7714285714285714,1.25
trillionlabs/Tri-0.5B-Base,devtest,ja,292,55,165,32,58.18181818181818,5.15625,1.71875,1.4545454545454546
trillionlabs/Tri-0.5B-Base,devtest,ja,293,80,234,49,61.25,4.775510204081633,1.6326530612244898,1.6333333333333333
trillionlabs/Tri-0.5B-Base,devtest,ja,296,75,215,45,60.0,4.777777777777778,1.6666666666666667,1.25
trillionlabs/Tri-0.5B-Base,devtest,ja,297,48,136,26,54.166666666666664,5.230769230769231,1.8461538461538463,1.4444444444444444
trillionlabs/Tri-0.5B-Base,devtest,ja,304,50,136,26,52.0,5.230769230769231,1.9230769230769231,1.0
trillionlabs/Tri-0.5B-Base,devtest,ja,306,44,114,29,65.9090909090909,3.9310344827586206,1.5172413793103448,1.0740740740740742
trillionlabs/Tri-0.5B-Base,devtest,ja,308,32,96,17,53.125,5.647058823529412,1.8823529411764706,1.2142857142857142
trillionlabs/Tri-0.5B-Base,devtest,ja,310,30,84,19,63.333333333333336,4.421052631578948,1.5789473684210527,1.4615384615384615
trillionlabs/Tri-0.5B-Base,devtest,ja,311,41,121,21,51.21951219512195,5.761904761904762,1.9523809523809523,1.4
trillionlabs/Tri-0.5B-Base,devtest,ja,312,47,139,26,55.319148936170215,5.346153846153846,1.8076923076923077,1.368421052631579
trillionlabs/Tri-0.5B-Base,devtest,ja,318,50,148,33,66.0,4.484848484848484,1.5151515151515151,1.8333333333333333
trillionlabs/Tri-0.5B-Base,devtest,ja,320,111,331,58,52.252252252252255,5.706896551724138,1.9137931034482758,1.6571428571428573
trillionlabs/Tri-0.5B-Base,devtest,ja,321,108,318,59,54.629629629629626,5.389830508474576,1.8305084745762712,1.5945945945945945
trillionlabs/Tri-0.5B-Base,devtest,ja,322,69,179,33,47.82608695652174,5.424242424242424,2.090909090909091,1.1379310344827587
trillionlabs/Tri-0.5B-Base,devtest,ja,324,59,169,31,52.54237288135593,5.451612903225806,1.903225806451613,1.3478260869565217
trillionlabs/Tri-0.5B-Base,devtest,ja,326,79,219,44,55.69620253164557,4.9772727272727275,1.7954545454545454,1.1578947368421053
trillionlabs/Tri-0.5B-Base,devtest,ja,327,41,123,18,43.90243902439025,6.833333333333333,2.2777777777777777,0.8571428571428571
trillionlabs/Tri-0.5B-Base,devtest,ja,329,53,157,25,47.16981132075472,6.28,2.12,1.1363636363636365
trillionlabs/Tri-0.5B-Base,devtest,ja,332,40,116,31,77.5,3.7419354838709675,1.2903225806451613,1.2916666666666667
trillionlabs/Tri-0.5B-Base,devtest,ja,334,31,85,13,41.935483870967744,6.538461538461538,2.3846153846153846,1.0833333333333333
trillionlabs/Tri-0.5B-Base,devtest,ja,338,66,198,33,50.0,6.0,2.0,1.2692307692307692
trillionlabs/Tri-0.5B-Base,devtest,ja,339,63,189,39,61.904761904761905,4.846153846153846,1.6153846153846154,1.3928571428571428
trillionlabs/Tri-0.5B-Base,devtest,ja,340,128,382,76,59.375,5.026315789473684,1.6842105263157894,1.1343283582089552
trillionlabs/Tri-0.5B-Base,devtest,ja,341,35,105,15,42.857142857142854,7.0,2.3333333333333335,0.8333333333333334
trillionlabs/Tri-0.5B-Base,devtest,ja,342,46,138,27,58.69565217391305,5.111111111111111,1.7037037037037037,1.08
trillionlabs/Tri-0.5B-Base,devtest,ja,346,41,111,25,60.97560975609756,4.44,1.64,1.1363636363636365
trillionlabs/Tri-0.5B-Base,devtest,ja,348,38,112,24,63.1578947368421,4.666666666666667,1.5833333333333333,1.1428571428571428
trillionlabs/Tri-0.5B-Base,devtest,ja,349,42,126,25,59.523809523809526,5.04,1.68,1.0869565217391304
trillionlabs/Tri-0.5B-Base,devtest,ja,350,51,153,29,56.86274509803921,5.275862068965517,1.7586206896551724,1.0357142857142858
trillionlabs/Tri-0.5B-Base,devtest,ja,353,43,129,21,48.83720930232558,6.142857142857143,2.0476190476190474,1.2352941176470589
trillionlabs/Tri-0.5B-Base,devtest,ja,354,32,96,18,56.25,5.333333333333333,1.7777777777777777,1.0588235294117647
trillionlabs/Tri-0.5B-Base,devtest,ja,356,52,150,27,51.92307692307692,5.555555555555555,1.9259259259259258,1.4210526315789473
trillionlabs/Tri-0.5B-Base,devtest,ja,358,28,84,14,50.0,6.0,2.0,0.875
trillionlabs/Tri-0.5B-Base,devtest,ja,361,55,165,29,52.72727272727273,5.689655172413793,1.896551724137931,1.1153846153846154
trillionlabs/Tri-0.5B-Base,devtest,ja,362,42,126,21,50.0,6.0,2.0,1.4
trillionlabs/Tri-0.5B-Base,devtest,ja,366,75,223,44,58.666666666666664,5.068181818181818,1.7045454545454546,1.4193548387096775
trillionlabs/Tri-0.5B-Base,devtest,ja,368,47,141,32,68.08510638297872,4.40625,1.46875,1.1428571428571428
trillionlabs/Tri-0.5B-Base,devtest,ja,369,79,237,51,64.55696202531645,4.647058823529412,1.5490196078431373,1.2439024390243902
trillionlabs/Tri-0.5B-Base,devtest,ja,371,62,186,39,62.903225806451616,4.769230769230769,1.5897435897435896,1.0263157894736843
trillionlabs/Tri-0.5B-Base,devtest,ja,372,108,324,56,51.851851851851855,5.785714285714286,1.9285714285714286,0.835820895522388
trillionlabs/Tri-0.5B-Base,devtest,ja,373,85,255,37,43.529411764705884,6.891891891891892,2.2972972972972974,1.15625
trillionlabs/Tri-0.5B-Base,devtest,ja,374,37,111,17,45.945945945945944,6.529411764705882,2.176470588235294,0.9444444444444444
trillionlabs/Tri-0.5B-Base,devtest,ja,377,68,204,33,48.529411764705884,6.181818181818182,2.0606060606060606,1.1379310344827587
trillionlabs/Tri-0.5B-Base,devtest,ja,380,59,177,32,54.23728813559322,5.53125,1.84375,1.1428571428571428
trillionlabs/Tri-0.5B-Base,devtest,ja,381,49,147,29,59.183673469387756,5.068965517241379,1.6896551724137931,1.3181818181818181
trillionlabs/Tri-0.5B-Base,devtest,ja,382,59,173,32,54.23728813559322,5.40625,1.84375,0.8205128205128205
trillionlabs/Tri-0.5B-Base,devtest,ja,384,49,147,26,53.06122448979592,5.653846153846154,1.8846153846153846,1.04
trillionlabs/Tri-0.5B-Base,devtest,ja,385,82,246,49,59.75609756097561,5.020408163265306,1.6734693877551021,1.225
trillionlabs/Tri-0.5B-Base,devtest,ja,388,57,171,33,57.89473684210526,5.181818181818182,1.7272727272727273,1.2222222222222223
trillionlabs/Tri-0.5B-Base,devtest,ja,391,37,111,22,59.45945945945946,5.045454545454546,1.6818181818181819,1.1578947368421053
trillionlabs/Tri-0.5B-Base,devtest,ja,393,20,60,12,60.0,5.0,1.6666666666666667,1.0
trillionlabs/Tri-0.5B-Base,devtest,ja,394,38,114,18,47.36842105263158,6.333333333333333,2.111111111111111,1.125
trillionlabs/Tri-0.5B-Base,devtest,ja,398,93,279,51,54.83870967741935,5.470588235294118,1.8235294117647058,1.3783783783783783
trillionlabs/Tri-0.5B-Base,devtest,ja,399,39,117,22,56.41025641025641,5.318181818181818,1.7727272727272727,1.2941176470588236
trillionlabs/Tri-0.5B-Base,devtest,ja,404,76,209,39,51.31578947368421,5.358974358974359,1.9487179487179487,0.975
trillionlabs/Tri-0.5B-Base,devtest,ja,405,25,75,12,48.0,6.25,2.0833333333333335,0.8
trillionlabs/Tri-0.5B-Base,devtest,ja,407,71,205,37,52.11267605633803,5.54054054054054,1.9189189189189189,1.088235294117647
trillionlabs/Tri-0.5B-Base,devtest,ja,408,47,127,30,63.829787234042556,4.233333333333333,1.5666666666666667,1.5
trillionlabs/Tri-0.5B-Base,devtest,ja,410,44,130,24,54.54545454545455,5.416666666666667,1.8333333333333333,0.9230769230769231
trillionlabs/Tri-0.5B-Base,devtest,ja,414,50,146,26,52.0,5.615384615384615,1.9230769230769231,0.896551724137931
trillionlabs/Tri-0.5B-Base,devtest,ja,415,72,216,39,54.166666666666664,5.538461538461538,1.8461538461538463,1.054054054054054
trillionlabs/Tri-0.5B-Base,devtest,ja,418,66,180,30,45.45454545454545,6.0,2.2,1.0
trillionlabs/Tri-0.5B-Base,devtest,ja,420,52,156,27,51.92307692307692,5.777777777777778,1.9259259259259258,1.35
trillionlabs/Tri-0.5B-Base,devtest,ja,421,47,129,29,61.702127659574465,4.448275862068965,1.6206896551724137,1.0357142857142858
trillionlabs/Tri-0.5B-Base,devtest,ja,425,66,166,38,57.57575757575758,4.368421052631579,1.736842105263158,1.027027027027027
trillionlabs/Tri-0.5B-Base,devtest,ja,427,60,176,40,66.66666666666667,4.4,1.5,1.3333333333333333
trillionlabs/Tri-0.5B-Base,devtest,ja,428,51,153,24,47.05882352941177,6.375,2.125,0.8888888888888888
trillionlabs/Tri-0.5B-Base,devtest,ja,430,69,197,31,44.927536231884055,6.354838709677419,2.225806451612903,0.96875
trillionlabs/Tri-0.5B-Base,devtest,ja,433,49,137,26,53.06122448979592,5.269230769230769,1.8846153846153846,0.896551724137931
trillionlabs/Tri-0.5B-Base,devtest,ja,434,50,144,25,50.0,5.76,2.0,1.1363636363636365
trillionlabs/Tri-0.5B-Base,devtest,ja,435,55,163,30,54.54545454545455,5.433333333333334,1.8333333333333333,1.0
trillionlabs/Tri-0.5B-Base,devtest,ja,436,60,176,35,58.333333333333336,5.0285714285714285,1.7142857142857142,1.206896551724138
trillionlabs/Tri-0.5B-Base,devtest,ja,439,37,111,18,48.648648648648646,6.166666666666667,2.0555555555555554,1.2
trillionlabs/Tri-0.5B-Base,devtest,ja,445,50,150,25,50.0,6.0,2.0,1.25
trillionlabs/Tri-0.5B-Base,devtest,ja,446,41,115,23,56.09756097560975,5.0,1.7826086956521738,1.0952380952380953
trillionlabs/Tri-0.5B-Base,devtest,ja,447,63,189,31,49.20634920634921,6.096774193548387,2.032258064516129,1.24
trillionlabs/Tri-0.5B-Base,devtest,ja,449,60,178,45,75.0,3.9555555555555557,1.3333333333333333,1.1538461538461537
trillionlabs/Tri-0.5B-Base,devtest,ja,450,60,180,31,51.666666666666664,5.806451612903226,1.935483870967742,1.1071428571428572
trillionlabs/Tri-0.5B-Base,devtest,ja,451,84,248,48,57.142857142857146,5.166666666666667,1.75,1.2972972972972974
trillionlabs/Tri-0.5B-Base,devtest,ja,452,40,120,21,52.5,5.714285714285714,1.9047619047619047,1.4
trillionlabs/Tri-0.5B-Base,devtest,ja,453,62,184,40,64.51612903225806,4.6,1.55,1.1111111111111112
trillionlabs/Tri-0.5B-Base,devtest,ja,454,76,228,38,50.0,6.0,2.0,0.9047619047619048
trillionlabs/Tri-0.5B-Base,devtest,ja,455,56,168,28,50.0,6.0,2.0,1.4
trillionlabs/Tri-0.5B-Base,devtest,ja,456,55,165,30,54.54545454545455,5.5,1.8333333333333333,1.3043478260869565
trillionlabs/Tri-0.5B-Base,devtest,ja,460,34,102,22,64.70588235294117,4.636363636363637,1.5454545454545454,0.8461538461538461
trillionlabs/Tri-0.5B-Base,devtest,ja,461,56,168,29,51.785714285714285,5.793103448275862,1.9310344827586208,1.0
trillionlabs/Tri-0.5B-Base,devtest,ja,464,66,194,44,66.66666666666667,4.409090909090909,1.5,1.6923076923076923
trillionlabs/Tri-0.5B-Base,devtest,ja,465,86,258,59,68.6046511627907,4.372881355932203,1.4576271186440677,1.372093023255814
trillionlabs/Tri-0.5B-Base,devtest,ja,468,58,174,30,51.724137931034484,5.8,1.9333333333333333,0.7894736842105263
trillionlabs/Tri-0.5B-Base,devtest,ja,470,66,198,35,53.03030303030303,5.6571428571428575,1.8857142857142857,1.206896551724138
trillionlabs/Tri-0.5B-Base,devtest,ja,472,49,147,29,59.183673469387756,5.068965517241379,1.6896551724137931,1.16
trillionlabs/Tri-0.5B-Base,devtest,ja,473,32,96,24,75.0,4.0,1.3333333333333333,1.411764705882353
trillionlabs/Tri-0.5B-Base,devtest,ja,475,44,132,23,52.27272727272727,5.739130434782608,1.9130434782608696,0.9583333333333334
trillionlabs/Tri-0.5B-Base,devtest,ja,476,89,267,49,55.056179775280896,5.448979591836735,1.816326530612245,1.1395348837209303
trillionlabs/Tri-0.5B-Base,devtest,ja,477,56,168,33,58.92857142857143,5.090909090909091,1.696969696969697,1.2222222222222223
trillionlabs/Tri-0.5B-Base,devtest,ja,480,63,181,39,61.904761904761905,4.641025641025641,1.6153846153846154,1.5
trillionlabs/Tri-0.5B-Base,devtest,ja,482,118,348,60,50.847457627118644,5.8,1.9666666666666666,1.3043478260869565
trillionlabs/Tri-0.5B-Base,devtest,ja,483,34,102,15,44.11764705882353,6.8,2.2666666666666666,0.8333333333333334
trillionlabs/Tri-0.5B-Base,devtest,ja,485,69,207,35,50.72463768115942,5.914285714285715,1.9714285714285715,1.1666666666666667
trillionlabs/Tri-0.5B-Base,devtest,ja,486,54,162,31,57.407407407407405,5.225806451612903,1.7419354838709677,1.1923076923076923
trillionlabs/Tri-0.5B-Base,devtest,ja,488,73,219,32,43.83561643835616,6.84375,2.28125,1.1851851851851851
trillionlabs/Tri-0.5B-Base,devtest,ja,489,46,124,27,58.69565217391305,4.592592592592593,1.7037037037037037,1.0384615384615385
trillionlabs/Tri-0.5B-Base,devtest,ja,491,45,135,22,48.888888888888886,6.136363636363637,2.0454545454545454,1.0476190476190477
trillionlabs/Tri-0.5B-Base,devtest,ja,492,31,81,18,58.064516129032256,4.5,1.7222222222222223,0.8571428571428571
trillionlabs/Tri-0.5B-Base,devtest,ja,494,42,118,21,50.0,5.619047619047619,2.0,0.9545454545454546
trillionlabs/Tri-0.5B-Base,devtest,ja,498,47,141,29,61.702127659574465,4.862068965517241,1.6206896551724137,1.5263157894736843
trillionlabs/Tri-0.5B-Base,devtest,ja,499,61,183,32,52.459016393442624,5.71875,1.90625,1.3333333333333333
trillionlabs/Tri-0.5B-Base,devtest,ja,500,52,156,27,51.92307692307692,5.777777777777778,1.9259259259259258,1.125
trillionlabs/Tri-0.5B-Base,devtest,ja,504,111,333,58,52.252252252252255,5.741379310344827,1.9137931034482758,1.2083333333333333
trillionlabs/Tri-0.5B-Base,devtest,ja,505,51,153,25,49.01960784313726,6.12,2.04,1.3888888888888888
trillionlabs/Tri-0.5B-Base,devtest,ja,509,83,249,28,33.734939759036145,8.892857142857142,2.9642857142857144,0.7368421052631579
trillionlabs/Tri-0.5B-Base,devtest,ja,510,89,235,36,40.449438202247194,6.527777777777778,2.4722222222222223,1.0909090909090908
trillionlabs/Tri-0.5B-Base,devtest,ja,513,50,150,30,60.0,5.0,1.6666666666666667,1.2
trillionlabs/Tri-0.5B-Base,devtest,ja,517,47,141,17,36.170212765957444,8.294117647058824,2.764705882352941,1.5454545454545454
trillionlabs/Tri-0.5B-Base,devtest,ja,519,62,146,29,46.774193548387096,5.0344827586206895,2.1379310344827585,1.1153846153846154
trillionlabs/Tri-0.5B-Base,devtest,ja,523,72,216,36,50.0,6.0,2.0,1.0909090909090908
trillionlabs/Tri-0.5B-Base,devtest,ja,524,53,159,25,47.16981132075472,6.36,2.12,1.25
trillionlabs/Tri-0.5B-Base,devtest,ja,525,53,153,28,52.83018867924528,5.464285714285714,1.8928571428571428,1.4736842105263157
trillionlabs/Tri-0.5B-Base,devtest,ja,526,48,144,29,60.416666666666664,4.9655172413793105,1.6551724137931034,1.6111111111111112
trillionlabs/Tri-0.5B-Base,devtest,ja,527,44,130,28,63.63636363636363,4.642857142857143,1.5714285714285714,1.6470588235294117
trillionlabs/Tri-0.5B-Base,devtest,ja,529,45,135,26,57.77777777777778,5.1923076923076925,1.7307692307692308,1.368421052631579
trillionlabs/Tri-0.5B-Base,devtest,ja,530,68,204,31,45.588235294117645,6.580645161290323,2.193548387096774,0.96875
trillionlabs/Tri-0.5B-Base,devtest,ja,531,54,162,33,61.111111111111114,4.909090909090909,1.6363636363636365,1.0
trillionlabs/Tri-0.5B-Base,devtest,ja,533,56,160,29,51.785714285714285,5.517241379310345,1.9310344827586208,1.1153846153846154
trillionlabs/Tri-0.5B-Base,devtest,ja,534,49,147,24,48.97959183673469,6.125,2.0416666666666665,1.0909090909090908
trillionlabs/Tri-0.5B-Base,devtest,ja,535,70,210,32,45.714285714285715,6.5625,2.1875,0.9142857142857143
trillionlabs/Tri-0.5B-Base,devtest,ja,536,75,225,39,52.0,5.769230769230769,1.9230769230769231,1.1470588235294117
trillionlabs/Tri-0.5B-Base,devtest,ja,538,61,183,33,54.09836065573771,5.545454545454546,1.8484848484848484,1.32
trillionlabs/Tri-0.5B-Base,devtest,ja,540,59,177,33,55.932203389830505,5.363636363636363,1.7878787878787878,1.064516129032258
trillionlabs/Tri-0.5B-Base,devtest,ja,541,58,174,34,58.62068965517241,5.117647058823529,1.7058823529411764,1.2592592592592593
trillionlabs/Tri-0.5B-Base,devtest,ja,542,62,186,37,59.67741935483871,5.027027027027027,1.6756756756756757,1.5416666666666667
trillionlabs/Tri-0.5B-Base,devtest,ja,545,36,106,23,63.888888888888886,4.608695652173913,1.565217391304348,1.0454545454545454
trillionlabs/Tri-0.5B-Base,devtest,ja,546,71,209,38,53.521126760563384,5.5,1.868421052631579,1.0555555555555556
trillionlabs/Tri-0.5B-Base,devtest,ja,551,73,219,40,54.794520547945204,5.475,1.825,1.1764705882352942
trillionlabs/Tri-0.5B-Base,devtest,ja,552,40,118,20,50.0,5.9,2.0,0.9090909090909091
trillionlabs/Tri-0.5B-Base,devtest,ja,556,79,237,50,63.29113924050633,4.74,1.58,1.0869565217391304
trillionlabs/Tri-0.5B-Base,devtest,ja,557,30,86,15,50.0,5.733333333333333,2.0,1.0
trillionlabs/Tri-0.5B-Base,devtest,ja,561,52,148,31,59.61538461538461,4.774193548387097,1.6774193548387097,1.3478260869565217
trillionlabs/Tri-0.5B-Base,devtest,ja,562,68,198,42,61.76470588235294,4.714285714285714,1.619047619047619,1.5555555555555556
trillionlabs/Tri-0.5B-Base,devtest,ja,565,66,198,27,40.90909090909091,7.333333333333333,2.4444444444444446,0.7714285714285715
trillionlabs/Tri-0.5B-Base,devtest,ja,568,80,236,50,62.5,4.72,1.6,1.2195121951219512
trillionlabs/Tri-0.5B-Base,devtest,ja,570,45,131,28,62.22222222222222,4.678571428571429,1.6071428571428572,1.3333333333333333
trillionlabs/Tri-0.5B-Base,devtest,ja,572,67,197,38,56.71641791044776,5.184210526315789,1.763157894736842,1.4074074074074074
trillionlabs/Tri-0.5B-Base,devtest,ja,576,42,124,29,69.04761904761905,4.275862068965517,1.4482758620689655,1.1153846153846154
trillionlabs/Tri-0.5B-Base,devtest,ja,579,58,174,24,41.37931034482759,7.25,2.4166666666666665,1.0
trillionlabs/Tri-0.5B-Base,devtest,ja,585,62,178,38,61.29032258064516,4.684210526315789,1.631578947368421,1.0555555555555556
trillionlabs/Tri-0.5B-Base,devtest,ja,587,46,134,23,50.0,5.826086956521739,2.0,1.4375
trillionlabs/Tri-0.5B-Base,devtest,ja,589,34,102,16,47.05882352941177,6.375,2.125,1.2307692307692308
trillionlabs/Tri-0.5B-Base,devtest,ja,592,84,250,35,41.666666666666664,7.142857142857143,2.4,0.8974358974358975
trillionlabs/Tri-0.5B-Base,devtest,ja,594,43,129,19,44.18604651162791,6.7894736842105265,2.263157894736842,1.3571428571428572
trillionlabs/Tri-0.5B-Base,devtest,ja,596,64,192,31,48.4375,6.193548387096774,2.064516129032258,1.3478260869565217
trillionlabs/Tri-0.5B-Base,devtest,ja,599,44,124,27,61.36363636363637,4.592592592592593,1.6296296296296295,1.5
trillionlabs/Tri-0.5B-Base,devtest,ja,601,73,207,40,54.794520547945204,5.175,1.825,1.6
trillionlabs/Tri-0.5B-Base,devtest,ja,602,76,228,36,47.36842105263158,6.333333333333333,2.111111111111111,1.0
trillionlabs/Tri-0.5B-Base,devtest,ja,603,56,168,33,58.92857142857143,5.090909090909091,1.696969696969697,1.32
trillionlabs/Tri-0.5B-Base,devtest,ja,605,61,183,34,55.73770491803279,5.382352941176471,1.7941176470588236,1.3076923076923077
trillionlabs/Tri-0.5B-Base,devtest,ja,607,51,153,29,56.86274509803921,5.275862068965517,1.7586206896551724,0.9666666666666667
trillionlabs/Tri-0.5B-Base,devtest,ja,608,58,174,28,48.275862068965516,6.214285714285714,2.0714285714285716,1.2727272727272727
trillionlabs/Tri-0.5B-Base,devtest,ja,611,29,87,20,68.96551724137932,4.35,1.45,1.1111111111111112
trillionlabs/Tri-0.5B-Base,devtest,ja,617,28,84,15,53.57142857142857,5.6,1.8666666666666667,1.0714285714285714
trillionlabs/Tri-0.5B-Base,devtest,ja,618,55,165,35,63.63636363636363,4.714285714285714,1.5714285714285714,1.1666666666666667
trillionlabs/Tri-0.5B-Base,devtest,ja,620,31,93,17,54.83870967741935,5.470588235294118,1.8235294117647058,1.2142857142857142
trillionlabs/Tri-0.5B-Base,devtest,ja,621,32,96,21,65.625,4.571428571428571,1.5238095238095237,1.1666666666666667
trillionlabs/Tri-0.5B-Base,devtest,ja,624,39,117,20,51.282051282051285,5.85,1.95,1.0526315789473684
trillionlabs/Tri-0.5B-Base,devtest,ja,626,38,112,23,60.526315789473685,4.869565217391305,1.6521739130434783,1.4375
trillionlabs/Tri-0.5B-Base,devtest,ja,627,33,93,20,60.60606060606061,4.65,1.65,0.8695652173913043
trillionlabs/Tri-0.5B-Base,devtest,ja,629,63,189,44,69.84126984126983,4.295454545454546,1.4318181818181819,1.3333333333333333
trillionlabs/Tri-0.5B-Base,devtest,ja,630,45,135,27,60.0,5.0,1.6666666666666667,1.2857142857142858
trillionlabs/Tri-0.5B-Base,devtest,ja,632,31,93,17,54.83870967741935,5.470588235294118,1.8235294117647058,1.4166666666666667
trillionlabs/Tri-0.5B-Base,devtest,ja,633,61,183,30,49.18032786885246,6.1,2.033333333333333,1.2
trillionlabs/Tri-0.5B-Base,devtest,ja,635,79,237,43,54.43037974683544,5.511627906976744,1.8372093023255813,1.1025641025641026
trillionlabs/Tri-0.5B-Base,devtest,ja,637,83,247,43,51.80722891566265,5.744186046511628,1.930232558139535,1.048780487804878
trillionlabs/Tri-0.5B-Base,devtest,ja,638,52,154,24,46.15384615384615,6.416666666666667,2.1666666666666665,0.96
trillionlabs/Tri-0.5B-Base,devtest,ja,640,35,105,19,54.285714285714285,5.526315789473684,1.8421052631578947,1.0555555555555556
trillionlabs/Tri-0.5B-Base,devtest,ja,643,34,102,17,50.0,6.0,2.0,1.0625
trillionlabs/Tri-0.5B-Base,devtest,ja,644,38,114,20,52.63157894736842,5.7,1.9,0.9523809523809523
trillionlabs/Tri-0.5B-Base,devtest,ja,646,40,120,13,32.5,9.23076923076923,3.076923076923077,0.8666666666666667
trillionlabs/Tri-0.5B-Base,devtest,ja,647,50,148,29,58.0,5.103448275862069,1.7241379310344827,1.3181818181818181
trillionlabs/Tri-0.5B-Base,devtest,ja,649,55,165,26,47.27272727272727,6.346153846153846,2.1153846153846154,1.368421052631579
trillionlabs/Tri-0.5B-Base,devtest,ja,651,31,71,20,64.51612903225806,3.55,1.55,1.0
trillionlabs/Tri-0.5B-Base,devtest,ja,653,44,132,23,52.27272727272727,5.739130434782608,1.9130434782608696,0.8214285714285714
trillionlabs/Tri-0.5B-Base,devtest,ja,655,57,171,28,49.12280701754386,6.107142857142857,2.0357142857142856,1.2727272727272727
trillionlabs/Tri-0.5B-Base,devtest,ja,658,76,222,40,52.63157894736842,5.55,1.9,1.1428571428571428
trillionlabs/Tri-0.5B-Base,devtest,ja,659,59,177,34,57.6271186440678,5.205882352941177,1.7352941176470589,1.36
trillionlabs/Tri-0.5B-Base,devtest,ja,662,38,114,17,44.73684210526316,6.705882352941177,2.235294117647059,1.0
trillionlabs/Tri-0.5B-Base,devtest,ja,663,45,135,23,51.111111111111114,5.869565217391305,1.9565217391304348,1.15
trillionlabs/Tri-0.5B-Base,devtest,ja,665,95,285,39,41.05263157894737,7.3076923076923075,2.4358974358974357,1.3448275862068966
trillionlabs/Tri-0.5B-Base,devtest,ja,666,68,144,31,45.588235294117645,4.645161290322581,2.193548387096774,0.96875
trillionlabs/Tri-0.5B-Base,devtest,ja,670,63,189,26,41.26984126984127,7.269230769230769,2.423076923076923,0.896551724137931
trillionlabs/Tri-0.5B-Base,devtest,ja,671,64,192,27,42.1875,7.111111111111111,2.3703703703703702,1.173913043478261
trillionlabs/Tri-0.5B-Base,devtest,ja,673,75,225,36,48.0,6.25,2.0833333333333335,1.2413793103448276
trillionlabs/Tri-0.5B-Base,devtest,ja,675,62,186,34,54.83870967741935,5.470588235294118,1.8235294117647058,1.096774193548387
trillionlabs/Tri-0.5B-Base,devtest,ja,676,58,174,23,39.6551724137931,7.565217391304348,2.5217391304347827,1.2105263157894737
trillionlabs/Tri-0.5B-Base,devtest,ja,677,64,192,23,35.9375,8.347826086956522,2.782608695652174,0.9583333333333334
trillionlabs/Tri-0.5B-Base,devtest,ja,679,46,134,23,50.0,5.826086956521739,2.0,1.6428571428571428
trillionlabs/Tri-0.5B-Base,devtest,ja,683,56,168,28,50.0,6.0,2.0,0.9032258064516129
trillionlabs/Tri-0.5B-Base,devtest,ja,684,79,237,43,54.43037974683544,5.511627906976744,1.8372093023255813,1.4333333333333333
trillionlabs/Tri-0.5B-Base,devtest,ja,686,109,327,47,43.11926605504587,6.957446808510638,2.3191489361702127,1.0930232558139534
trillionlabs/Tri-0.5B-Base,devtest,ja,688,59,177,30,50.847457627118644,5.9,1.9666666666666666,1.3636363636363635
trillionlabs/Tri-0.5B-Base,devtest,ja,692,56,168,31,55.357142857142854,5.419354838709677,1.8064516129032258,1.1923076923076923
trillionlabs/Tri-0.5B-Base,devtest,ja,695,40,120,20,50.0,6.0,2.0,1.3333333333333333
trillionlabs/Tri-0.5B-Base,devtest,ja,697,29,87,17,58.62068965517241,5.117647058823529,1.7058823529411764,1.0625
trillionlabs/Tri-0.5B-Base,devtest,ja,699,50,150,24,48.0,6.25,2.0833333333333335,1.1428571428571428
trillionlabs/Tri-0.5B-Base,devtest,ja,701,81,239,48,59.25925925925926,4.979166666666667,1.6875,1.7142857142857142
trillionlabs/Tri-0.5B-Base,devtest,ja,706,77,231,43,55.84415584415584,5.372093023255814,1.7906976744186047,1.4827586206896552
trillionlabs/Tri-0.5B-Base,devtest,ja,707,97,287,59,60.824742268041234,4.864406779661017,1.6440677966101696,1.475
trillionlabs/Tri-0.5B-Base,devtest,ja,716,65,189,32,49.23076923076923,5.90625,2.03125,0.8888888888888888
trillionlabs/Tri-0.5B-Base,devtest,ja,719,45,127,22,48.888888888888886,5.7727272727272725,2.0454545454545454,0.9166666666666666
trillionlabs/Tri-0.5B-Base,devtest,ja,720,77,167,34,44.15584415584416,4.911764705882353,2.264705882352941,1.7
trillionlabs/Tri-0.5B-Base,devtest,ja,721,47,141,25,53.191489361702125,5.64,1.88,0.8928571428571429
trillionlabs/Tri-0.5B-Base,devtest,ja,725,43,129,21,48.83720930232558,6.142857142857143,2.0476190476190474,1.105263157894737
trillionlabs/Tri-0.5B-Base,devtest,ja,728,59,177,34,57.6271186440678,5.205882352941177,1.7352941176470589,1.0625
trillionlabs/Tri-0.5B-Base,devtest,ja,730,33,99,20,60.60606060606061,4.95,1.65,0.9523809523809523
trillionlabs/Tri-0.5B-Base,devtest,ja,737,93,261,52,55.913978494623656,5.019230769230769,1.7884615384615385,1.1555555555555554
trillionlabs/Tri-0.5B-Base,devtest,ja,738,44,132,22,50.0,6.0,2.0,0.9565217391304348
trillionlabs/Tri-0.5B-Base,devtest,ja,740,57,159,35,61.40350877192982,4.542857142857143,1.6285714285714286,1.1666666666666667
trillionlabs/Tri-0.5B-Base,devtest,ja,741,78,234,53,67.94871794871794,4.415094339622642,1.471698113207547,1.1041666666666667
trillionlabs/Tri-0.5B-Base,devtest,ja,746,60,180,41,68.33333333333333,4.390243902439025,1.4634146341463414,1.2424242424242424
trillionlabs/Tri-0.5B-Base,devtest,ja,748,33,97,17,51.515151515151516,5.705882352941177,1.9411764705882353,1.4166666666666667
trillionlabs/Tri-0.5B-Base,devtest,ja,754,59,161,37,62.71186440677966,4.351351351351352,1.5945945945945945,1.3214285714285714
trillionlabs/Tri-0.5B-Base,devtest,ja,755,39,101,23,58.97435897435897,4.391304347826087,1.6956521739130435,0.9583333333333334
trillionlabs/Tri-0.5B-Base,devtest,ja,756,50,150,23,46.0,6.521739130434782,2.1739130434782608,0.9583333333333334
trillionlabs/Tri-0.5B-Base,devtest,ja,757,67,201,27,40.298507462686565,7.444444444444445,2.4814814814814814,0.7297297297297297
trillionlabs/Tri-0.5B-Base,devtest,ja,761,55,165,30,54.54545454545455,5.5,1.8333333333333333,1.0
trillionlabs/Tri-0.5B-Base,devtest,ja,762,31,93,22,70.96774193548387,4.2272727272727275,1.4090909090909092,0.8461538461538461
trillionlabs/Tri-0.5B-Base,devtest,ja,765,59,177,34,57.6271186440678,5.205882352941177,1.7352941176470589,1.4166666666666667
trillionlabs/Tri-0.5B-Base,devtest,ja,767,59,177,34,57.6271186440678,5.205882352941177,1.7352941176470589,1.2592592592592593
trillionlabs/Tri-0.5B-Base,devtest,ja,768,35,103,26,74.28571428571429,3.9615384615384617,1.3461538461538463,0.9285714285714286
trillionlabs/Tri-0.5B-Base,devtest,ja,770,60,170,37,61.666666666666664,4.594594594594595,1.6216216216216217,1.2758620689655173
trillionlabs/Tri-0.5B-Base,devtest,ja,771,57,163,33,57.89473684210526,4.9393939393939394,1.7272727272727273,1.5714285714285714
trillionlabs/Tri-0.5B-Base,devtest,ja,775,37,111,23,62.16216216216216,4.826086956521739,1.608695652173913,1.0454545454545454
trillionlabs/Tri-0.5B-Base,devtest,ja,776,62,186,35,56.45161290322581,5.314285714285714,1.7714285714285714,1.25
trillionlabs/Tri-0.5B-Base,devtest,ja,781,112,336,55,49.107142857142854,6.109090909090909,2.036363636363636,1.4102564102564104
trillionlabs/Tri-0.5B-Base,devtest,ja,783,46,138,29,63.04347826086956,4.758620689655173,1.5862068965517242,1.16
trillionlabs/Tri-0.5B-Base,devtest,ja,784,49,147,24,48.97959183673469,6.125,2.0416666666666665,1.263157894736842
trillionlabs/Tri-0.5B-Base,devtest,ja,789,62,186,26,41.935483870967744,7.153846153846154,2.3846153846153846,0.8387096774193549
trillionlabs/Tri-0.5B-Base,devtest,ja,790,61,183,30,49.18032786885246,6.1,2.033333333333333,1.25
trillionlabs/Tri-0.5B-Base,devtest,ja,792,41,123,21,51.21951219512195,5.857142857142857,1.9523809523809523,1.0
trillionlabs/Tri-0.5B-Base,devtest,ja,793,81,243,33,40.74074074074074,7.363636363636363,2.4545454545454546,1.064516129032258
trillionlabs/Tri-0.5B-Base,devtest,ja,794,46,138,20,43.47826086956522,6.9,2.3,0.7142857142857143
trillionlabs/Tri-0.5B-Base,devtest,ja,797,70,210,39,55.714285714285715,5.384615384615385,1.794871794871795,1.5
trillionlabs/Tri-0.5B-Base,devtest,ja,798,64,192,34,53.125,5.647058823529412,1.8823529411764706,1.7
trillionlabs/Tri-0.5B-Base,devtest,ja,799,72,216,34,47.22222222222222,6.352941176470588,2.1176470588235294,1.1333333333333333
trillionlabs/Tri-0.5B-Base,devtest,ja,800,57,171,26,45.6140350877193,6.576923076923077,2.1923076923076925,1.0
trillionlabs/Tri-0.5B-Base,devtest,ja,801,73,219,35,47.945205479452056,6.257142857142857,2.085714285714286,1.3461538461538463
trillionlabs/Tri-0.5B-Base,devtest,ja,804,31,93,18,58.064516129032256,5.166666666666667,1.7222222222222223,1.0
trillionlabs/Tri-0.5B-Base,devtest,ja,806,46,136,26,56.52173913043478,5.230769230769231,1.7692307692307692,1.04
trillionlabs/Tri-0.5B-Base,devtest,ja,810,45,135,25,55.55555555555556,5.4,1.8,1.25
trillionlabs/Tri-0.5B-Base,devtest,ja,811,75,225,42,56.0,5.357142857142857,1.7857142857142858,1.2
trillionlabs/Tri-0.5B-Base,devtest,ja,813,45,125,21,46.666666666666664,5.9523809523809526,2.142857142857143,1.0
trillionlabs/Tri-0.5B-Base,devtest,ja,814,51,145,24,47.05882352941177,6.041666666666667,2.125,1.0434782608695652
trillionlabs/Tri-0.5B-Base,devtest,ja,818,58,174,29,50.0,6.0,2.0,0.9666666666666667
trillionlabs/Tri-0.5B-Base,devtest,ja,820,56,168,27,48.214285714285715,6.222222222222222,2.074074074074074,1.8
trillionlabs/Tri-0.5B-Base,devtest,ja,824,70,210,37,52.857142857142854,5.675675675675675,1.8918918918918919,1.48
trillionlabs/Tri-0.5B-Base,devtest,ja,825,39,117,24,61.53846153846154,4.875,1.625,0.96
trillionlabs/Tri-0.5B-Base,devtest,ja,826,47,141,22,46.808510638297875,6.409090909090909,2.1363636363636362,1.1
trillionlabs/Tri-0.5B-Base,devtest,ja,827,49,147,26,53.06122448979592,5.653846153846154,1.8846153846153846,0.9285714285714286
trillionlabs/Tri-0.5B-Base,devtest,ja,828,78,234,48,61.53846153846154,4.875,1.625,1.6
trillionlabs/Tri-0.5B-Base,devtest,ja,829,46,138,29,63.04347826086956,4.758620689655173,1.5862068965517242,1.0
trillionlabs/Tri-0.5B-Base,devtest,ja,830,86,242,48,55.81395348837209,5.041666666666667,1.7916666666666667,1.2307692307692308
trillionlabs/Tri-0.5B-Base,devtest,ja,832,57,171,33,57.89473684210526,5.181818181818182,1.7272727272727273,1.2692307692307692
trillionlabs/Tri-0.5B-Base,devtest,ja,834,66,198,35,53.03030303030303,5.6571428571428575,1.8857142857142857,1.206896551724138
trillionlabs/Tri-0.5B-Base,devtest,ja,836,32,96,19,59.375,5.052631578947368,1.6842105263157894,1.0555555555555556
trillionlabs/Tri-0.5B-Base,devtest,ja,837,36,108,19,52.77777777777778,5.684210526315789,1.894736842105263,1.0
trillionlabs/Tri-0.5B-Base,devtest,ja,839,53,155,31,58.490566037735846,5.0,1.7096774193548387,1.1481481481481481
trillionlabs/Tri-0.5B-Base,devtest,ja,840,53,159,29,54.716981132075475,5.482758620689655,1.8275862068965518,1.0357142857142858
trillionlabs/Tri-0.5B-Base,devtest,ja,843,55,165,25,45.45454545454545,6.6,2.2,0.9259259259259259
trillionlabs/Tri-0.5B-Base,devtest,ja,844,89,267,47,52.80898876404494,5.680851063829787,1.8936170212765957,1.119047619047619
trillionlabs/Tri-0.5B-Base,devtest,ja,847,53,153,37,69.81132075471699,4.135135135135135,1.4324324324324325,1.1935483870967742
trillionlabs/Tri-0.5B-Base,devtest,ja,849,69,207,43,62.31884057971015,4.813953488372093,1.6046511627906976,1.3870967741935485
trillionlabs/Tri-0.5B-Base,devtest,ja,852,83,237,38,45.78313253012048,6.2368421052631575,2.1842105263157894,1.1875
trillionlabs/Tri-0.5B-Base,devtest,ja,853,60,180,30,50.0,6.0,2.0,1.5
trillionlabs/Tri-0.5B-Base,devtest,ja,854,73,219,40,54.794520547945204,5.475,1.825,1.2903225806451613
trillionlabs/Tri-0.5B-Base,devtest,ja,856,83,249,41,49.397590361445786,6.073170731707317,2.024390243902439,1.1388888888888888
trillionlabs/Tri-0.5B-Base,devtest,ja,857,75,225,39,52.0,5.769230769230769,1.9230769230769231,1.0833333333333333
trillionlabs/Tri-0.5B-Base,devtest,ja,858,29,87,17,58.62068965517241,5.117647058823529,1.7058823529411764,1.0625
trillionlabs/Tri-0.5B-Base,devtest,ja,860,70,210,41,58.57142857142857,5.121951219512195,1.7073170731707317,1.1714285714285715
trillionlabs/Tri-0.5B-Base,devtest,ja,862,47,141,23,48.93617021276596,6.130434782608695,2.0434782608695654,1.0
trillionlabs/Tri-0.5B-Base,devtest,ja,866,45,135,26,57.77777777777778,5.1923076923076925,1.7307692307692308,0.9629629629629629
trillionlabs/Tri-0.5B-Base,devtest,ja,867,89,267,49,55.056179775280896,5.448979591836735,1.816326530612245,1.2894736842105263
trillionlabs/Tri-0.5B-Base,devtest,ja,868,53,159,24,45.283018867924525,6.625,2.2083333333333335,0.8888888888888888
trillionlabs/Tri-0.5B-Base,devtest,ja,870,50,150,24,48.0,6.25,2.0833333333333335,1.263157894736842
trillionlabs/Tri-0.5B-Base,devtest,ja,873,49,147,29,59.183673469387756,5.068965517241379,1.6896551724137931,1.0357142857142858
trillionlabs/Tri-0.5B-Base,devtest,ja,875,63,189,41,65.07936507936508,4.609756097560975,1.5365853658536586,1.3225806451612903
trillionlabs/Tri-0.5B-Base,devtest,ja,876,39,117,25,64.1025641025641,4.68,1.56,1.1904761904761905
trillionlabs/Tri-0.5B-Base,devtest,ja,877,66,198,33,50.0,6.0,2.0,1.2692307692307692
trillionlabs/Tri-0.5B-Base,devtest,ja,878,46,138,22,47.82608695652174,6.2727272727272725,2.090909090909091,1.1578947368421053
trillionlabs/Tri-0.5B-Base,devtest,ja,879,49,147,20,40.816326530612244,7.35,2.45,0.9090909090909091
trillionlabs/Tri-0.5B-Base,devtest,ja,880,55,165,26,47.27272727272727,6.346153846153846,2.1153846153846154,1.3
trillionlabs/Tri-0.5B-Base,devtest,ja,882,48,144,29,60.416666666666664,4.9655172413793105,1.6551724137931034,1.5263157894736843
trillionlabs/Tri-0.5B-Base,devtest,ja,885,34,102,17,50.0,6.0,2.0,1.0625
trillionlabs/Tri-0.5B-Base,devtest,ja,888,48,144,30,62.5,4.8,1.6,1.5
trillionlabs/Tri-0.5B-Base,devtest,ja,895,47,141,25,53.191489361702125,5.64,1.88,1.0
trillionlabs/Tri-0.5B-Base,devtest,ja,899,37,111,25,67.56756756756756,4.44,1.48,1.25
trillionlabs/Tri-0.5B-Base,devtest,ja,900,54,162,30,55.55555555555556,5.4,1.8,1.2
trillionlabs/Tri-0.5B-Base,devtest,ja,905,66,198,36,54.54545454545455,5.5,1.8333333333333333,1.5
trillionlabs/Tri-0.5B-Base,devtest,ja,908,56,158,38,67.85714285714286,4.157894736842105,1.4736842105263157,1.4074074074074074
trillionlabs/Tri-0.5B-Base,devtest,ja,912,45,135,17,37.77777777777778,7.9411764705882355,2.6470588235294117,0.9444444444444444
trillionlabs/Tri-0.5B-Base,devtest,ja,913,42,126,20,47.61904761904762,6.3,2.1,1.1111111111111112
trillionlabs/Tri-0.5B-Base,devtest,ja,915,49,147,22,44.89795918367347,6.681818181818182,2.227272727272727,0.7857142857142857
trillionlabs/Tri-0.5B-Base,devtest,ja,916,31,93,12,38.70967741935484,7.75,2.5833333333333335,0.8571428571428571
trillionlabs/Tri-0.5B-Base,devtest,ja,917,64,192,38,59.375,5.052631578947368,1.6842105263157894,1.1176470588235294
trillionlabs/Tri-0.5B-Base,devtest,ja,920,40,114,24,60.0,4.75,1.6666666666666667,1.263157894736842
trillionlabs/Tri-0.5B-Base,devtest,ja,921,67,195,39,58.208955223880594,5.0,1.7179487179487178,1.3
trillionlabs/Tri-0.5B-Base,devtest,ja,924,46,130,22,47.82608695652174,5.909090909090909,2.090909090909091,1.0476190476190477
trillionlabs/Tri-0.5B-Base,devtest,ja,925,78,234,39,50.0,6.0,2.0,0.9512195121951219
trillionlabs/Tri-0.5B-Base,devtest,ja,929,69,207,35,50.72463768115942,5.914285714285715,1.9714285714285715,1.1666666666666667
trillionlabs/Tri-0.5B-Base,devtest,ja,930,44,132,21,47.72727272727273,6.285714285714286,2.0952380952380953,0.875
trillionlabs/Tri-0.5B-Base,devtest,ja,933,72,216,30,41.666666666666664,7.2,2.4,0.8108108108108109
trillionlabs/Tri-0.5B-Base,devtest,ja,934,75,219,37,49.333333333333336,5.918918918918919,2.027027027027027,1.0
trillionlabs/Tri-0.5B-Base,devtest,ja,944,109,323,58,53.211009174311926,5.568965517241379,1.8793103448275863,1.1372549019607843
trillionlabs/Tri-0.5B-Base,devtest,ja,945,44,132,26,59.09090909090909,5.076923076923077,1.6923076923076923,1.0
trillionlabs/Tri-0.5B-Base,devtest,ja,947,29,83,15,51.724137931034484,5.533333333333333,1.9333333333333333,1.1538461538461537
trillionlabs/Tri-0.5B-Base,devtest,ja,949,44,126,27,61.36363636363637,4.666666666666667,1.6296296296296295,1.5
trillionlabs/Tri-0.5B-Base,devtest,ja,950,50,150,31,62.0,4.838709677419355,1.6129032258064515,1.1923076923076923
trillionlabs/Tri-0.5B-Base,devtest,ja,951,72,216,35,48.611111111111114,6.171428571428572,2.057142857142857,0.9722222222222222
trillionlabs/Tri-0.5B-Base,devtest,ja,952,70,210,39,55.714285714285715,5.384615384615385,1.794871794871795,1.054054054054054
trillionlabs/Tri-0.5B-Base,devtest,ja,953,64,192,39,60.9375,4.923076923076923,1.641025641025641,1.4444444444444444
trillionlabs/Tri-0.5B-Base,devtest,ja,955,75,225,45,60.0,5.0,1.6666666666666667,1.5
trillionlabs/Tri-0.5B-Base,devtest,ja,956,60,180,31,51.666666666666664,5.806451612903226,1.935483870967742,1.4761904761904763
trillionlabs/Tri-0.5B-Base,devtest,ja,958,96,288,50,52.083333333333336,5.76,1.92,1.3513513513513513
trillionlabs/Tri-0.5B-Base,devtest,ja,962,74,218,58,78.37837837837837,3.7586206896551726,1.2758620689655173,1.8125
trillionlabs/Tri-0.5B-Base,devtest,ja,963,40,120,24,60.0,5.0,1.6666666666666667,0.8888888888888888
trillionlabs/Tri-0.5B-Base,devtest,ja,965,73,219,49,67.12328767123287,4.469387755102041,1.489795918367347,1.3243243243243243
trillionlabs/Tri-0.5B-Base,devtest,ja,967,78,234,40,51.282051282051285,5.85,1.95,1.0
trillionlabs/Tri-0.5B-Base,devtest,ja,969,80,240,31,38.75,7.741935483870968,2.5806451612903225,0.8378378378378378
trillionlabs/Tri-0.5B-Base,devtest,ja,971,65,195,34,52.30769230769231,5.735294117647059,1.911764705882353,0.8947368421052632
trillionlabs/Tri-0.5B-Base,devtest,ja,972,47,135,25,53.191489361702125,5.4,1.88,1.0
trillionlabs/Tri-0.5B-Base,devtest,ja,973,29,87,16,55.172413793103445,5.4375,1.8125,1.2307692307692308
trillionlabs/Tri-0.5B-Base,devtest,ja,975,36,108,18,50.0,6.0,2.0,1.0588235294117647
trillionlabs/Tri-0.5B-Base,devtest,ja,977,64,168,36,56.25,4.666666666666667,1.7777777777777777,1.565217391304348
trillionlabs/Tri-0.5B-Base,devtest,ja,978,30,90,17,56.666666666666664,5.294117647058823,1.7647058823529411,1.7
trillionlabs/Tri-0.5B-Base,devtest,ja,986,25,75,14,56.0,5.357142857142857,1.7857142857142858,1.0
trillionlabs/Tri-0.5B-Base,devtest,ja,987,46,138,27,58.69565217391305,5.111111111111111,1.7037037037037037,1.0
trillionlabs/Tri-0.5B-Base,devtest,ja,988,58,172,35,60.3448275862069,4.914285714285715,1.6571428571428573,1.5217391304347827
trillionlabs/Tri-0.5B-Base,devtest,ja,989,47,141,28,59.57446808510638,5.035714285714286,1.6785714285714286,1.2173913043478262
trillionlabs/Tri-0.5B-Base,devtest,ja,993,62,186,31,50.0,6.0,2.0,1.1071428571428572
trillionlabs/Tri-0.5B-Base,devtest,ja,994,35,105,18,51.42857142857143,5.833333333333333,1.9444444444444444,1.2857142857142858
trillionlabs/Tri-0.5B-Base,devtest,ja,995,71,213,47,66.19718309859155,4.531914893617022,1.5106382978723405,1.5666666666666667
trillionlabs/Tri-0.5B-Base,devtest,ja,997,45,133,21,46.666666666666664,6.333333333333333,2.142857142857143,1.05
trillionlabs/Tri-0.5B-Base,devtest,ja,998,56,168,27,48.214285714285715,6.222222222222222,2.074074074074074,1.0384615384615385
trillionlabs/Tri-0.5B-Base,devtest,ja,1000,66,198,34,51.515151515151516,5.823529411764706,1.9411764705882353,1.36
trillionlabs/Tri-0.5B-Base,devtest,ja,1001,83,249,47,56.626506024096386,5.297872340425532,1.7659574468085106,1.3823529411764706
trillionlabs/Tri-0.5B-Base,devtest,ja,1003,52,156,33,63.46153846153846,4.7272727272727275,1.5757575757575757,1.2222222222222223
trillionlabs/Tri-0.5B-Base,devtest,ja,1005,42,126,26,61.904761904761905,4.846153846153846,1.6153846153846154,0.8666666666666667
trillionlabs/Tri-0.5B-Base,devtest,ja,1006,42,122,21,50.0,5.809523809523809,2.0,0.84
trillionlabs/Tri-0.5B-Base,devtest,ja,1008,38,114,23,60.526315789473685,4.956521739130435,1.6521739130434783,1.4375
trillionlabs/Tri-0.5B-Base,devtest,ja,1009,39,117,23,58.97435897435897,5.086956521739131,1.6956521739130435,1.0952380952380953
trillionlabs/Tri-0.5B-Base,devtest,ja,1010,50,150,23,46.0,6.521739130434782,2.1739130434782608,1.5333333333333334
trillionlabs/Tri-0.5B-Base,devtest,ja,1011,57,171,28,49.12280701754386,6.107142857142857,2.0357142857142856,1.0769230769230769
trillionlabs/Tri-0.5B-Base,devtest,zh,4,70,210,46,65.71428571428571,4.565217391304348,1.5217391304347827,1.2432432432432432
trillionlabs/Tri-0.5B-Base,devtest,zh,6,18,42,12,66.66666666666667,3.5,1.5,1.2
trillionlabs/Tri-0.5B-Base,devtest,zh,7,53,149,38,71.69811320754717,3.9210526315789473,1.394736842105263,1.5833333333333333
trillionlabs/Tri-0.5B-Base,devtest,zh,12,50,126,31,62.0,4.064516129032258,1.6129032258064515,1.0333333333333334
trillionlabs/Tri-0.5B-Base,devtest,zh,14,63,189,40,63.492063492063494,4.725,1.575,0.975609756097561
trillionlabs/Tri-0.5B-Base,devtest,zh,15,88,263,57,64.77272727272727,4.614035087719298,1.543859649122807,1.2954545454545454
trillionlabs/Tri-0.5B-Base,devtest,zh,16,70,210,38,54.285714285714285,5.526315789473684,1.8421052631578947,0.926829268292683
trillionlabs/Tri-0.5B-Base,devtest,zh,17,58,156,49,84.48275862068965,3.183673469387755,1.183673469387755,1.96
trillionlabs/Tri-0.5B-Base,devtest,zh,19,100,254,65,65.0,3.9076923076923076,1.5384615384615385,1.1403508771929824
trillionlabs/Tri-0.5B-Base,devtest,zh,22,68,204,48,70.58823529411765,4.25,1.4166666666666667,1.3714285714285714
trillionlabs/Tri-0.5B-Base,devtest,zh,23,64,184,51,79.6875,3.607843137254902,1.2549019607843137,1.3076923076923077
trillionlabs/Tri-0.5B-Base,devtest,zh,24,40,119,31,77.5,3.838709677419355,1.2903225806451613,1.1071428571428572
trillionlabs/Tri-0.5B-Base,devtest,zh,28,31,93,26,83.87096774193549,3.576923076923077,1.1923076923076923,1.1304347826086956
trillionlabs/Tri-0.5B-Base,devtest,zh,30,68,204,49,72.05882352941177,4.163265306122449,1.3877551020408163,0.98
trillionlabs/Tri-0.5B-Base,devtest,zh,31,73,219,53,72.6027397260274,4.132075471698113,1.3773584905660377,1.1041666666666667
trillionlabs/Tri-0.5B-Base,devtest,zh,34,19,57,13,68.42105263157895,4.384615384615385,1.4615384615384615,1.0
trillionlabs/Tri-0.5B-Base,devtest,zh,37,30,90,25,83.33333333333333,3.6,1.2,1.0869565217391304
trillionlabs/Tri-0.5B-Base,devtest,zh,38,22,66,19,86.36363636363636,3.473684210526316,1.1578947368421053,1.0555555555555556
trillionlabs/Tri-0.5B-Base,devtest,zh,40,32,96,32,100.0,3.0,1.0,1.3333333333333333
trillionlabs/Tri-0.5B-Base,devtest,zh,43,40,84,26,65.0,3.230769230769231,1.5384615384615385,0.9629629629629629
trillionlabs/Tri-0.5B-Base,devtest,zh,44,37,111,27,72.97297297297297,4.111111111111111,1.3703703703703705,0.9642857142857143
trillionlabs/Tri-0.5B-Base,devtest,zh,48,26,78,19,73.07692307692308,4.105263157894737,1.368421052631579,1.0555555555555556
trillionlabs/Tri-0.5B-Base,devtest,zh,49,39,117,24,61.53846153846154,4.875,1.625,0.8888888888888888
trillionlabs/Tri-0.5B-Base,devtest,zh,50,34,80,23,67.6470588235294,3.4782608695652173,1.4782608695652173,1.6428571428571428
trillionlabs/Tri-0.5B-Base,devtest,zh,56,58,164,44,75.86206896551724,3.727272727272727,1.3181818181818181,1.1578947368421053
trillionlabs/Tri-0.5B-Base,devtest,zh,57,58,174,47,81.03448275862068,3.702127659574468,1.2340425531914894,1.4242424242424243
trillionlabs/Tri-0.5B-Base,devtest,zh,59,18,44,11,61.111111111111114,4.0,1.6363636363636365,0.9166666666666666
trillionlabs/Tri-0.5B-Base,devtest,zh,60,34,102,22,64.70588235294117,4.636363636363637,1.5454545454545454,0.7857142857142857
trillionlabs/Tri-0.5B-Base,devtest,zh,61,24,72,16,66.66666666666667,4.5,1.5,0.8421052631578947
trillionlabs/Tri-0.5B-Base,devtest,zh,62,45,135,27,60.0,5.0,1.6666666666666667,0.8181818181818182
trillionlabs/Tri-0.5B-Base,devtest,zh,64,56,134,36,64.28571428571429,3.7222222222222223,1.5555555555555556,1.6363636363636365
trillionlabs/Tri-0.5B-Base,devtest,zh,66,41,111,35,85.36585365853658,3.1714285714285713,1.1714285714285715,1.4
trillionlabs/Tri-0.5B-Base,devtest,zh,69,40,120,28,70.0,4.285714285714286,1.4285714285714286,0.9655172413793104
trillionlabs/Tri-0.5B-Base,devtest,zh,70,32,96,24,75.0,4.0,1.3333333333333333,1.0909090909090908
trillionlabs/Tri-0.5B-Base,devtest,zh,71,109,259,68,62.38532110091743,3.8088235294117645,1.6029411764705883,1.4782608695652173
trillionlabs/Tri-0.5B-Base,devtest,zh,74,71,171,46,64.78873239436619,3.717391304347826,1.5434782608695652,1.3142857142857143
trillionlabs/Tri-0.5B-Base,devtest,zh,75,46,138,39,84.78260869565217,3.5384615384615383,1.1794871794871795,1.2580645161290323
trillionlabs/Tri-0.5B-Base,devtest,zh,78,22,64,16,72.72727272727273,4.0,1.375,1.2307692307692308
trillionlabs/Tri-0.5B-Base,devtest,zh,82,32,92,27,84.375,3.4074074074074074,1.1851851851851851,1.2272727272727273
trillionlabs/Tri-0.5B-Base,devtest,zh,83,55,157,49,89.0909090909091,3.204081632653061,1.1224489795918366,1.4848484848484849
trillionlabs/Tri-0.5B-Base,devtest,zh,86,74,218,55,74.32432432432432,3.963636363636364,1.3454545454545455,1.2790697674418605
trillionlabs/Tri-0.5B-Base,devtest,zh,87,46,138,30,65.21739130434783,4.6,1.5333333333333334,1.1538461538461537
trillionlabs/Tri-0.5B-Base,devtest,zh,88,37,111,24,64.86486486486487,4.625,1.5416666666666667,1.1428571428571428
trillionlabs/Tri-0.5B-Base,devtest,zh,89,36,108,25,69.44444444444444,4.32,1.44,0.9259259259259259
trillionlabs/Tri-0.5B-Base,devtest,zh,91,33,99,20,60.60606060606061,4.95,1.65,0.9090909090909091
trillionlabs/Tri-0.5B-Base,devtest,zh,93,17,51,13,76.47058823529412,3.923076923076923,1.3076923076923077,1.3
trillionlabs/Tri-0.5B-Base,devtest,zh,95,26,78,19,73.07692307692308,4.105263157894737,1.368421052631579,1.0
trillionlabs/Tri-0.5B-Base,devtest,zh,96,34,102,23,67.6470588235294,4.434782608695652,1.4782608695652173,1.15
trillionlabs/Tri-0.5B-Base,devtest,zh,100,30,74,16,53.333333333333336,4.625,1.875,0.9411764705882353
trillionlabs/Tri-0.5B-Base,devtest,zh,101,66,178,44,66.66666666666667,4.045454545454546,1.5,1.0476190476190477
trillionlabs/Tri-0.5B-Base,devtest,zh,102,55,125,37,67.27272727272727,3.3783783783783785,1.4864864864864864,1.088235294117647
trillionlabs/Tri-0.5B-Base,devtest,zh,103,20,60,11,55.0,5.454545454545454,1.8181818181818181,1.0
trillionlabs/Tri-0.5B-Base,devtest,zh,106,15,45,10,66.66666666666667,4.5,1.5,0.7692307692307693
trillionlabs/Tri-0.5B-Base,devtest,zh,107,67,201,54,80.59701492537313,3.7222222222222223,1.2407407407407407,1.4594594594594594
trillionlabs/Tri-0.5B-Base,devtest,zh,108,95,219,71,74.73684210526316,3.084507042253521,1.3380281690140845,1.4489795918367347
trillionlabs/Tri-0.5B-Base,devtest,zh,109,43,119,36,83.72093023255815,3.3055555555555554,1.1944444444444444,2.1176470588235294
trillionlabs/Tri-0.5B-Base,devtest,zh,111,19,57,16,84.21052631578948,3.5625,1.1875,1.0666666666666667
trillionlabs/Tri-0.5B-Base,devtest,zh,113,19,57,14,73.6842105263158,4.071428571428571,1.3571428571428572,0.8235294117647058
trillionlabs/Tri-0.5B-Base,devtest,zh,114,46,138,35,76.08695652173913,3.942857142857143,1.3142857142857143,1.1666666666666667
trillionlabs/Tri-0.5B-Base,devtest,zh,115,33,99,21,63.63636363636363,4.714285714285714,1.5714285714285714,0.875
trillionlabs/Tri-0.5B-Base,devtest,zh,117,49,126,36,73.46938775510205,3.5,1.3611111111111112,1.2857142857142858
trillionlabs/Tri-0.5B-Base,devtest,zh,118,32,74,19,59.375,3.8947368421052633,1.6842105263157894,1.3571428571428572
trillionlabs/Tri-0.5B-Base,devtest,zh,120,72,190,54,75.0,3.5185185185185186,1.3333333333333333,1.35
trillionlabs/Tri-0.5B-Base,devtest,zh,122,24,72,21,87.5,3.4285714285714284,1.1428571428571428,1.3125
trillionlabs/Tri-0.5B-Base,devtest,zh,124,35,83,25,71.42857142857143,3.32,1.4,1.1904761904761905
trillionlabs/Tri-0.5B-Base,devtest,zh,126,16,48,10,62.5,4.8,1.6,0.9090909090909091
trillionlabs/Tri-0.5B-Base,devtest,zh,129,33,99,20,60.60606060606061,4.95,1.65,1.1111111111111112
trillionlabs/Tri-0.5B-Base,devtest,zh,130,33,99,27,81.81818181818181,3.6666666666666665,1.2222222222222223,1.173913043478261
trillionlabs/Tri-0.5B-Base,devtest,zh,131,48,144,32,66.66666666666667,4.5,1.5,0.9696969696969697
trillionlabs/Tri-0.5B-Base,devtest,zh,132,39,109,32,82.05128205128206,3.40625,1.21875,1.0
trillionlabs/Tri-0.5B-Base,devtest,zh,134,36,92,24,66.66666666666667,3.8333333333333335,1.5,1.0434782608695652
trillionlabs/Tri-0.5B-Base,devtest,zh,135,35,105,31,88.57142857142857,3.3870967741935485,1.1290322580645162,1.7222222222222223
trillionlabs/Tri-0.5B-Base,devtest,zh,136,27,65,17,62.96296296296296,3.823529411764706,1.588235294117647,1.3076923076923077
trillionlabs/Tri-0.5B-Base,devtest,zh,137,35,95,27,77.14285714285714,3.5185185185185186,1.2962962962962963,1.2857142857142858
trillionlabs/Tri-0.5B-Base,devtest,zh,139,29,87,25,86.20689655172414,3.48,1.16,1.0
trillionlabs/Tri-0.5B-Base,devtest,zh,141,52,146,36,69.23076923076923,4.055555555555555,1.4444444444444444,1.0285714285714285
trillionlabs/Tri-0.5B-Base,devtest,zh,143,37,93,25,67.56756756756756,3.72,1.48,1.25
trillionlabs/Tri-0.5B-Base,devtest,zh,146,35,87,26,74.28571428571429,3.3461538461538463,1.3461538461538463,1.0833333333333333
trillionlabs/Tri-0.5B-Base,devtest,zh,149,21,63,17,80.95238095238095,3.7058823529411766,1.2352941176470589,0.9444444444444444
trillionlabs/Tri-0.5B-Base,devtest,zh,151,70,171,44,62.857142857142854,3.8863636363636362,1.5909090909090908,1.1891891891891893
trillionlabs/Tri-0.5B-Base,devtest,zh,153,43,105,32,74.4186046511628,3.28125,1.34375,1.2307692307692308
trillionlabs/Tri-0.5B-Base,devtest,zh,158,52,118,33,63.46153846153846,3.5757575757575757,1.5757575757575757,1.1
trillionlabs/Tri-0.5B-Base,devtest,zh,159,27,81,17,62.96296296296296,4.764705882352941,1.588235294117647,0.8947368421052632
trillionlabs/Tri-0.5B-Base,devtest,zh,160,22,66,17,77.27272727272727,3.8823529411764706,1.2941176470588236,1.0625
trillionlabs/Tri-0.5B-Base,devtest,zh,164,21,63,16,76.19047619047619,3.9375,1.3125,1.6
trillionlabs/Tri-0.5B-Base,devtest,zh,169,38,114,31,81.57894736842105,3.6774193548387095,1.2258064516129032,1.4090909090909092
trillionlabs/Tri-0.5B-Base,devtest,zh,170,64,140,35,54.6875,4.0,1.8285714285714285,1.1666666666666667
trillionlabs/Tri-0.5B-Base,devtest,zh,171,39,69,19,48.717948717948715,3.6315789473684212,2.0526315789473686,1.1875
trillionlabs/Tri-0.5B-Base,devtest,zh,175,27,81,21,77.77777777777777,3.857142857142857,1.2857142857142858,1.5
trillionlabs/Tri-0.5B-Base,devtest,zh,176,57,151,49,85.96491228070175,3.0816326530612246,1.163265306122449,1.4848484848484849
trillionlabs/Tri-0.5B-Base,devtest,zh,177,39,95,27,69.23076923076923,3.5185185185185186,1.4444444444444444,1.125
trillionlabs/Tri-0.5B-Base,devtest,zh,183,62,140,42,67.74193548387096,3.3333333333333335,1.4761904761904763,1.3125
trillionlabs/Tri-0.5B-Base,devtest,zh,184,54,150,46,85.18518518518519,3.260869565217391,1.173913043478261,1.15
trillionlabs/Tri-0.5B-Base,devtest,zh,185,48,144,38,79.16666666666667,3.789473684210526,1.263157894736842,1.4074074074074074
trillionlabs/Tri-0.5B-Base,devtest,zh,186,23,57,20,86.95652173913044,2.85,1.15,1.25
trillionlabs/Tri-0.5B-Base,devtest,zh,187,40,120,31,77.5,3.870967741935484,1.2903225806451613,1.24
trillionlabs/Tri-0.5B-Base,devtest,zh,190,28,84,21,75.0,4.0,1.3333333333333333,0.875
trillionlabs/Tri-0.5B-Base,devtest,zh,192,56,168,46,82.14285714285714,3.652173913043478,1.2173913043478262,1.5333333333333334
trillionlabs/Tri-0.5B-Base,devtest,zh,193,88,250,65,73.86363636363636,3.8461538461538463,1.353846153846154,1.2745098039215685
trillionlabs/Tri-0.5B-Base,devtest,zh,194,27,81,22,81.48148148148148,3.6818181818181817,1.2272727272727273,1.1578947368421053
trillionlabs/Tri-0.5B-Base,devtest,zh,195,33,98,30,90.9090909090909,3.2666666666666666,1.1,1.875
trillionlabs/Tri-0.5B-Base,devtest,zh,198,25,75,20,80.0,3.75,1.25,1.0
trillionlabs/Tri-0.5B-Base,devtest,zh,201,62,184,48,77.41935483870968,3.8333333333333335,1.2916666666666667,1.411764705882353
trillionlabs/Tri-0.5B-Base,devtest,zh,206,35,97,23,65.71428571428571,4.217391304347826,1.5217391304347827,1.0952380952380953
trillionlabs/Tri-0.5B-Base,devtest,zh,208,59,134,34,57.6271186440678,3.9411764705882355,1.7352941176470589,1.4782608695652173
trillionlabs/Tri-0.5B-Base,devtest,zh,209,34,86,21,61.76470588235294,4.095238095238095,1.619047619047619,1.75
trillionlabs/Tri-0.5B-Base,devtest,zh,210,28,84,23,82.14285714285714,3.652173913043478,1.2173913043478262,1.3529411764705883
trillionlabs/Tri-0.5B-Base,devtest,zh,211,32,96,21,65.625,4.571428571428571,1.5238095238095237,0.9545454545454546
trillionlabs/Tri-0.5B-Base,devtest,zh,212,29,87,22,75.86206896551724,3.9545454545454546,1.3181818181818181,1.6923076923076923
trillionlabs/Tri-0.5B-Base,devtest,zh,213,42,111,31,73.80952380952381,3.5806451612903225,1.3548387096774193,1.4761904761904763
trillionlabs/Tri-0.5B-Base,devtest,zh,214,46,128,36,78.26086956521739,3.5555555555555554,1.2777777777777777,1.44
trillionlabs/Tri-0.5B-Base,devtest,zh,215,47,129,31,65.95744680851064,4.161290322580645,1.5161290322580645,1.1071428571428572
trillionlabs/Tri-0.5B-Base,devtest,zh,216,28,84,21,75.0,4.0,1.3333333333333333,1.5
trillionlabs/Tri-0.5B-Base,devtest,zh,218,34,102,28,82.3529411764706,3.642857142857143,1.2142857142857142,1.1666666666666667
trillionlabs/Tri-0.5B-Base,devtest,zh,221,34,92,28,82.3529411764706,3.2857142857142856,1.2142857142857142,1.75
trillionlabs/Tri-0.5B-Base,devtest,zh,222,47,131,40,85.1063829787234,3.275,1.175,1.6666666666666667
trillionlabs/Tri-0.5B-Base,devtest,zh,223,37,103,28,75.67567567567568,3.6785714285714284,1.3214285714285714,1.4
trillionlabs/Tri-0.5B-Base,devtest,zh,227,31,93,27,87.09677419354838,3.4444444444444446,1.1481481481481481,1.2857142857142858
trillionlabs/Tri-0.5B-Base,devtest,zh,228,51,124,40,78.43137254901961,3.1,1.275,1.6
trillionlabs/Tri-0.5B-Base,devtest,zh,229,22,66,16,72.72727272727273,4.125,1.375,0.8888888888888888
trillionlabs/Tri-0.5B-Base,devtest,zh,230,30,54,17,56.666666666666664,3.176470588235294,1.7647058823529411,0.8947368421052632
trillionlabs/Tri-0.5B-Base,devtest,zh,232,130,256,84,64.61538461538461,3.0476190476190474,1.5476190476190477,2.0
trillionlabs/Tri-0.5B-Base,devtest,zh,234,93,189,61,65.59139784946237,3.098360655737705,1.5245901639344261,1.525
trillionlabs/Tri-0.5B-Base,devtest,zh,235,72,107,36,50.0,2.9722222222222223,2.0,1.2857142857142858
trillionlabs/Tri-0.5B-Base,devtest,zh,236,60,156,38,63.333333333333336,4.105263157894737,1.5789473684210527,1.2258064516129032
trillionlabs/Tri-0.5B-Base,devtest,zh,238,30,90,17,56.666666666666664,5.294117647058823,1.7647058823529411,0.85
trillionlabs/Tri-0.5B-Base,devtest,zh,239,32,95,27,84.375,3.5185185185185186,1.1851851851851851,1.2272727272727273
trillionlabs/Tri-0.5B-Base,devtest,zh,243,29,87,23,79.3103448275862,3.782608695652174,1.2608695652173914,1.15
trillionlabs/Tri-0.5B-Base,devtest,zh,244,33,93,23,69.6969696969697,4.043478260869565,1.434782608695652,0.92
trillionlabs/Tri-0.5B-Base,devtest,zh,246,60,142,37,61.666666666666664,3.8378378378378377,1.6216216216216217,1.48
trillionlabs/Tri-0.5B-Base,devtest,zh,248,49,146,40,81.63265306122449,3.65,1.225,1.1764705882352942
trillionlabs/Tri-0.5B-Base,devtest,zh,249,58,116,35,60.3448275862069,3.3142857142857145,1.6571428571428573,1.5217391304347827
trillionlabs/Tri-0.5B-Base,devtest,zh,251,32,74,22,68.75,3.3636363636363638,1.4545454545454546,1.1
trillionlabs/Tri-0.5B-Base,devtest,zh,252,50,134,28,56.0,4.785714285714286,1.7857142857142858,1.0769230769230769
trillionlabs/Tri-0.5B-Base,devtest,zh,254,24,72,17,70.83333333333333,4.235294117647059,1.411764705882353,1.2142857142857142
trillionlabs/Tri-0.5B-Base,devtest,zh,255,52,142,32,61.53846153846154,4.4375,1.625,1.103448275862069
trillionlabs/Tri-0.5B-Base,devtest,zh,256,34,102,30,88.23529411764706,3.4,1.1333333333333333,1.3636363636363635
trillionlabs/Tri-0.5B-Base,devtest,zh,257,38,114,22,57.89473684210526,5.181818181818182,1.7272727272727273,1.0
trillionlabs/Tri-0.5B-Base,devtest,zh,258,34,102,30,88.23529411764706,3.4,1.1333333333333333,1.5789473684210527
trillionlabs/Tri-0.5B-Base,devtest,zh,260,36,108,23,63.888888888888886,4.695652173913044,1.565217391304348,0.8518518518518519
trillionlabs/Tri-0.5B-Base,devtest,zh,262,15,45,10,66.66666666666667,4.5,1.5,0.625
trillionlabs/Tri-0.5B-Base,devtest,zh,263,25,75,17,68.0,4.411764705882353,1.4705882352941178,1.1333333333333333
trillionlabs/Tri-0.5B-Base,devtest,zh,265,61,167,39,63.9344262295082,4.282051282051282,1.564102564102564,0.975
trillionlabs/Tri-0.5B-Base,devtest,zh,266,56,135,38,67.85714285714286,3.5526315789473686,1.4736842105263157,1.3571428571428572
trillionlabs/Tri-0.5B-Base,devtest,zh,267,82,190,54,65.85365853658537,3.5185185185185186,1.5185185185185186,1.6363636363636365
trillionlabs/Tri-0.5B-Base,devtest,zh,269,85,161,50,58.8235294117647,3.22,1.7,1.8518518518518519
trillionlabs/Tri-0.5B-Base,devtest,zh,271,70,178,55,78.57142857142857,3.2363636363636363,1.2727272727272727,1.5277777777777777
trillionlabs/Tri-0.5B-Base,devtest,zh,272,46,96,29,63.04347826086956,3.310344827586207,1.5862068965517242,1.8125
trillionlabs/Tri-0.5B-Base,devtest,zh,273,38,96,28,73.6842105263158,3.4285714285714284,1.3571428571428572,1.6470588235294117
trillionlabs/Tri-0.5B-Base,devtest,zh,274,61,165,36,59.01639344262295,4.583333333333333,1.6944444444444444,1.125
trillionlabs/Tri-0.5B-Base,devtest,zh,275,102,250,83,81.37254901960785,3.0120481927710845,1.2289156626506024,1.2028985507246377
trillionlabs/Tri-0.5B-Base,devtest,zh,276,59,135,38,64.40677966101696,3.5526315789473686,1.5526315789473684,1.1515151515151516
trillionlabs/Tri-0.5B-Base,devtest,zh,277,20,60,16,80.0,3.75,1.25,1.2307692307692308
trillionlabs/Tri-0.5B-Base,devtest,zh,279,77,103,30,38.96103896103896,3.433333333333333,2.566666666666667,1.0714285714285714
trillionlabs/Tri-0.5B-Base,devtest,zh,281,28,84,20,71.42857142857143,4.2,1.4,1.0526315789473684
trillionlabs/Tri-0.5B-Base,devtest,zh,282,14,42,11,78.57142857142857,3.8181818181818183,1.2727272727272727,1.0
trillionlabs/Tri-0.5B-Base,devtest,zh,283,36,100,21,58.333333333333336,4.761904761904762,1.7142857142857142,1.0
trillionlabs/Tri-0.5B-Base,devtest,zh,284,28,83,26,92.85714285714286,3.1923076923076925,1.0769230769230769,1.5294117647058822
trillionlabs/Tri-0.5B-Base,devtest,zh,287,46,138,32,69.56521739130434,4.3125,1.4375,1.3333333333333333
trillionlabs/Tri-0.5B-Base,devtest,zh,288,48,144,29,60.416666666666664,4.9655172413793105,1.6551724137931034,1.2083333333333333
trillionlabs/Tri-0.5B-Base,devtest,zh,289,79,163,32,40.50632911392405,5.09375,2.46875,1.1851851851851851
trillionlabs/Tri-0.5B-Base,devtest,zh,291,40,112,28,70.0,4.0,1.4285714285714286,1.0
trillionlabs/Tri-0.5B-Base,devtest,zh,292,39,117,30,76.92307692307692,3.9,1.3,1.3636363636363635
trillionlabs/Tri-0.5B-Base,devtest,zh,293,44,132,30,68.18181818181819,4.4,1.4666666666666666,1.0
trillionlabs/Tri-0.5B-Base,devtest,zh,296,91,242,57,62.637362637362635,4.245614035087719,1.5964912280701755,1.5833333333333333
trillionlabs/Tri-0.5B-Base,devtest,zh,297,38,96,26,68.42105263157895,3.6923076923076925,1.4615384615384615,1.4444444444444444
trillionlabs/Tri-0.5B-Base,devtest,zh,304,63,165,38,60.317460317460316,4.342105263157895,1.6578947368421053,1.4615384615384615
trillionlabs/Tri-0.5B-Base,devtest,zh,306,48,116,34,70.83333333333333,3.411764705882353,1.411764705882353,1.2592592592592593
trillionlabs/Tri-0.5B-Base,devtest,zh,308,64,114,25,39.0625,4.56,2.56,1.7857142857142858
trillionlabs/Tri-0.5B-Base,devtest,zh,310,43,80,27,62.7906976744186,2.962962962962963,1.5925925925925926,2.076923076923077
trillionlabs/Tri-0.5B-Base,devtest,zh,311,21,63,18,85.71428571428571,3.5,1.1666666666666667,1.2
trillionlabs/Tri-0.5B-Base,devtest,zh,312,31,93,23,74.19354838709677,4.043478260869565,1.3478260869565217,1.2105263157894737
trillionlabs/Tri-0.5B-Base,devtest,zh,318,31,93,23,74.19354838709677,4.043478260869565,1.3478260869565217,1.2777777777777777
trillionlabs/Tri-0.5B-Base,devtest,zh,320,63,188,50,79.36507936507937,3.76,1.26,1.4285714285714286
trillionlabs/Tri-0.5B-Base,devtest,zh,321,81,214,58,71.60493827160494,3.689655172413793,1.396551724137931,1.5675675675675675
trillionlabs/Tri-0.5B-Base,devtest,zh,322,67,157,38,56.71641791044776,4.131578947368421,1.763157894736842,1.3103448275862069
trillionlabs/Tri-0.5B-Base,devtest,zh,324,39,109,28,71.7948717948718,3.892857142857143,1.3928571428571428,1.2173913043478262
trillionlabs/Tri-0.5B-Base,devtest,zh,326,64,172,44,68.75,3.909090909090909,1.4545454545454546,1.1578947368421053
trillionlabs/Tri-0.5B-Base,devtest,zh,327,30,90,19,63.333333333333336,4.7368421052631575,1.5789473684210527,0.9047619047619048
trillionlabs/Tri-0.5B-Base,devtest,zh,329,31,93,20,64.51612903225806,4.65,1.55,0.9090909090909091
trillionlabs/Tri-0.5B-Base,devtest,zh,332,51,135,34,66.66666666666667,3.9705882352941178,1.5,1.4166666666666667
trillionlabs/Tri-0.5B-Base,devtest,zh,334,21,51,13,61.904761904761905,3.923076923076923,1.6153846153846154,1.0833333333333333
trillionlabs/Tri-0.5B-Base,devtest,zh,338,35,105,21,60.0,5.0,1.6666666666666667,0.8076923076923077
trillionlabs/Tri-0.5B-Base,devtest,zh,339,42,126,34,80.95238095238095,3.7058823529411766,1.2352941176470589,1.2142857142857142
trillionlabs/Tri-0.5B-Base,devtest,zh,340,91,273,66,72.52747252747253,4.136363636363637,1.378787878787879,0.9850746268656716
trillionlabs/Tri-0.5B-Base,devtest,zh,341,23,69,15,65.21739130434783,4.6,1.5333333333333334,0.8333333333333334
trillionlabs/Tri-0.5B-Base,devtest,zh,342,27,81,26,96.29629629629629,3.1153846153846154,1.0384615384615385,1.04
trillionlabs/Tri-0.5B-Base,devtest,zh,346,29,71,20,68.96551724137932,3.55,1.45,0.9090909090909091
trillionlabs/Tri-0.5B-Base,devtest,zh,348,28,84,21,75.0,4.0,1.3333333333333333,1.0
trillionlabs/Tri-0.5B-Base,devtest,zh,349,37,111,25,67.56756756756756,4.44,1.48,1.0869565217391304
trillionlabs/Tri-0.5B-Base,devtest,zh,350,72,160,49,68.05555555555556,3.2653061224489797,1.469387755102041,1.75
trillionlabs/Tri-0.5B-Base,devtest,zh,353,21,63,16,76.19047619047619,3.9375,1.3125,0.9411764705882353
trillionlabs/Tri-0.5B-Base,devtest,zh,354,24,72,18,75.0,4.0,1.3333333333333333,1.0588235294117647
trillionlabs/Tri-0.5B-Base,devtest,zh,356,33,89,24,72.72727272727273,3.7083333333333335,1.375,1.263157894736842
trillionlabs/Tri-0.5B-Base,devtest,zh,358,24,72,16,66.66666666666667,4.5,1.5,1.0
trillionlabs/Tri-0.5B-Base,devtest,zh,361,38,114,25,65.78947368421052,4.56,1.52,0.9615384615384616
trillionlabs/Tri-0.5B-Base,devtest,zh,362,30,90,24,80.0,3.75,1.25,1.6
trillionlabs/Tri-0.5B-Base,devtest,zh,366,46,138,38,82.6086956521739,3.6315789473684212,1.2105263157894737,1.2258064516129032
trillionlabs/Tri-0.5B-Base,devtest,zh,368,30,90,33,110.0,2.727272727272727,0.9090909090909091,1.1785714285714286
trillionlabs/Tri-0.5B-Base,devtest,zh,369,50,150,45,90.0,3.3333333333333335,1.1111111111111112,1.0975609756097562
trillionlabs/Tri-0.5B-Base,devtest,zh,371,54,162,43,79.62962962962963,3.7674418604651163,1.255813953488372,1.131578947368421
trillionlabs/Tri-0.5B-Base,devtest,zh,372,83,247,58,69.87951807228916,4.258620689655173,1.4310344827586208,0.8656716417910447
trillionlabs/Tri-0.5B-Base,devtest,zh,373,68,204,38,55.88235294117647,5.368421052631579,1.7894736842105263,1.1875
trillionlabs/Tri-0.5B-Base,devtest,zh,374,27,81,17,62.96296296296296,4.764705882352941,1.588235294117647,0.9444444444444444
trillionlabs/Tri-0.5B-Base,devtest,zh,377,52,156,36,69.23076923076923,4.333333333333333,1.4444444444444444,1.2413793103448276
trillionlabs/Tri-0.5B-Base,devtest,zh,380,43,129,27,62.7906976744186,4.777777777777778,1.5925925925925926,0.9642857142857143
trillionlabs/Tri-0.5B-Base,devtest,zh,381,25,75,21,84.0,3.5714285714285716,1.1904761904761905,0.9545454545454546
trillionlabs/Tri-0.5B-Base,devtest,zh,382,51,145,44,86.27450980392157,3.2954545454545454,1.1590909090909092,1.1282051282051282
trillionlabs/Tri-0.5B-Base,devtest,zh,384,35,105,24,68.57142857142857,4.375,1.4583333333333333,0.96
trillionlabs/Tri-0.5B-Base,devtest,zh,385,62,186,50,80.64516129032258,3.72,1.24,1.25
trillionlabs/Tri-0.5B-Base,devtest,zh,388,34,102,27,79.41176470588235,3.7777777777777777,1.2592592592592593,1.0
trillionlabs/Tri-0.5B-Base,devtest,zh,391,32,96,25,78.125,3.84,1.28,1.3157894736842106
trillionlabs/Tri-0.5B-Base,devtest,zh,393,11,33,10,90.9090909090909,3.3,1.1,0.8333333333333334
trillionlabs/Tri-0.5B-Base,devtest,zh,394,19,57,13,68.42105263157895,4.384615384615385,1.4615384615384615,0.8125
trillionlabs/Tri-0.5B-Base,devtest,zh,398,59,177,55,93.22033898305085,3.2181818181818183,1.0727272727272728,1.4864864864864864
trillionlabs/Tri-0.5B-Base,devtest,zh,399,26,78,18,69.23076923076923,4.333333333333333,1.4444444444444444,1.0588235294117647
trillionlabs/Tri-0.5B-Base,devtest,zh,404,61,165,46,75.40983606557377,3.5869565217391304,1.326086956521739,1.15
trillionlabs/Tri-0.5B-Base,devtest,zh,405,22,66,13,59.09090909090909,5.076923076923077,1.6923076923076923,0.8666666666666667
trillionlabs/Tri-0.5B-Base,devtest,zh,407,52,144,36,69.23076923076923,4.0,1.4444444444444444,1.0588235294117647
trillionlabs/Tri-0.5B-Base,devtest,zh,408,40,96,24,60.0,4.0,1.6666666666666667,1.2
trillionlabs/Tri-0.5B-Base,devtest,zh,410,31,93,19,61.29032258064516,4.894736842105263,1.631578947368421,0.7307692307692307
trillionlabs/Tri-0.5B-Base,devtest,zh,414,46,138,28,60.869565217391305,4.928571428571429,1.6428571428571428,0.9655172413793104
trillionlabs/Tri-0.5B-Base,devtest,zh,415,55,165,34,61.81818181818182,4.852941176470588,1.6176470588235294,0.918918918918919
trillionlabs/Tri-0.5B-Base,devtest,zh,418,48,132,27,56.25,4.888888888888889,1.7777777777777777,0.9
trillionlabs/Tri-0.5B-Base,devtest,zh,420,35,105,21,60.0,5.0,1.6666666666666667,1.05
trillionlabs/Tri-0.5B-Base,devtest,zh,421,39,105,25,64.1025641025641,4.2,1.56,0.8928571428571429
trillionlabs/Tri-0.5B-Base,devtest,zh,425,60,138,37,61.666666666666664,3.72972972972973,1.6216216216216217,1.0
trillionlabs/Tri-0.5B-Base,devtest,zh,427,48,116,35,72.91666666666667,3.3142857142857145,1.3714285714285714,1.1666666666666667
trillionlabs/Tri-0.5B-Base,devtest,zh,428,35,105,23,65.71428571428571,4.565217391304348,1.5217391304347827,0.8518518518518519
trillionlabs/Tri-0.5B-Base,devtest,zh,430,49,135,30,61.224489795918366,4.5,1.6333333333333333,0.9375
trillionlabs/Tri-0.5B-Base,devtest,zh,433,35,89,25,71.42857142857143,3.56,1.4,0.8620689655172413
trillionlabs/Tri-0.5B-Base,devtest,zh,434,34,92,21,61.76470588235294,4.380952380952381,1.619047619047619,0.9545454545454546
trillionlabs/Tri-0.5B-Base,devtest,zh,435,42,126,31,73.80952380952381,4.064516129032258,1.3548387096774193,1.0333333333333334
trillionlabs/Tri-0.5B-Base,devtest,zh,436,41,123,27,65.85365853658537,4.555555555555555,1.5185185185185186,0.9310344827586207
trillionlabs/Tri-0.5B-Base,devtest,zh,439,23,69,18,78.26086956521739,3.8333333333333335,1.2777777777777777,1.2
trillionlabs/Tri-0.5B-Base,devtest,zh,445,33,99,22,66.66666666666667,4.5,1.5,1.1
trillionlabs/Tri-0.5B-Base,devtest,zh,446,36,92,22,61.111111111111114,4.181818181818182,1.6363636363636365,1.0476190476190477
trillionlabs/Tri-0.5B-Base,devtest,zh,447,29,87,27,93.10344827586206,3.2222222222222223,1.0740740740740742,1.08
trillionlabs/Tri-0.5B-Base,devtest,zh,449,92,210,56,60.869565217391305,3.75,1.6428571428571428,1.435897435897436
trillionlabs/Tri-0.5B-Base,devtest,zh,450,43,129,27,62.7906976744186,4.777777777777778,1.5925925925925926,0.9642857142857143
trillionlabs/Tri-0.5B-Base,devtest,zh,451,62,178,47,75.80645161290323,3.7872340425531914,1.3191489361702127,1.2702702702702702
trillionlabs/Tri-0.5B-Base,devtest,zh,452,25,75,20,80.0,3.75,1.25,1.3333333333333333
trillionlabs/Tri-0.5B-Base,devtest,zh,453,44,132,34,77.27272727272727,3.8823529411764706,1.2941176470588236,0.9444444444444444
trillionlabs/Tri-0.5B-Base,devtest,zh,454,58,174,37,63.793103448275865,4.702702702702703,1.5675675675675675,0.8809523809523809
trillionlabs/Tri-0.5B-Base,devtest,zh,455,43,129,32,74.4186046511628,4.03125,1.34375,1.6
trillionlabs/Tri-0.5B-Base,devtest,zh,456,26,78,18,69.23076923076923,4.333333333333333,1.4444444444444444,0.782608695652174
trillionlabs/Tri-0.5B-Base,devtest,zh,460,34,84,26,76.47058823529412,3.230769230769231,1.3076923076923077,1.0
trillionlabs/Tri-0.5B-Base,devtest,zh,461,36,108,24,66.66666666666667,4.5,1.5,0.8275862068965517
trillionlabs/Tri-0.5B-Base,devtest,zh,464,44,132,36,81.81818181818181,3.6666666666666665,1.2222222222222223,1.3846153846153846
trillionlabs/Tri-0.5B-Base,devtest,zh,465,66,190,56,84.84848484848484,3.392857142857143,1.1785714285714286,1.302325581395349
trillionlabs/Tri-0.5B-Base,devtest,zh,468,38,114,29,76.3157894736842,3.9310344827586206,1.3103448275862069,0.7631578947368421
trillionlabs/Tri-0.5B-Base,devtest,zh,470,47,141,32,68.08510638297872,4.40625,1.46875,1.103448275862069
trillionlabs/Tri-0.5B-Base,devtest,zh,472,34,102,31,91.17647058823529,3.2903225806451615,1.096774193548387,1.24
trillionlabs/Tri-0.5B-Base,devtest,zh,473,20,60,17,85.0,3.5294117647058822,1.1764705882352942,1.0
trillionlabs/Tri-0.5B-Base,devtest,zh,475,30,90,22,73.33333333333333,4.090909090909091,1.3636363636363635,0.9166666666666666
trillionlabs/Tri-0.5B-Base,devtest,zh,476,50,150,35,70.0,4.285714285714286,1.4285714285714286,0.813953488372093
trillionlabs/Tri-0.5B-Base,devtest,zh,477,33,99,21,63.63636363636363,4.714285714285714,1.5714285714285714,0.7777777777777778
trillionlabs/Tri-0.5B-Base,devtest,zh,480,49,135,32,65.3061224489796,4.21875,1.53125,1.2307692307692308
trillionlabs/Tri-0.5B-Base,devtest,zh,482,78,234,43,55.12820512820513,5.441860465116279,1.813953488372093,0.9347826086956522
trillionlabs/Tri-0.5B-Base,devtest,zh,483,23,69,13,56.52173913043478,5.3076923076923075,1.7692307692307692,0.7222222222222222
trillionlabs/Tri-0.5B-Base,devtest,zh,485,49,147,29,59.183673469387756,5.068965517241379,1.6896551724137931,0.9666666666666667
trillionlabs/Tri-0.5B-Base,devtest,zh,486,35,105,28,80.0,3.75,1.25,1.0769230769230769
trillionlabs/Tri-0.5B-Base,devtest,zh,488,40,120,28,70.0,4.285714285714286,1.4285714285714286,1.037037037037037
trillionlabs/Tri-0.5B-Base,devtest,zh,489,41,101,26,63.41463414634146,3.8846153846153846,1.5769230769230769,1.0
trillionlabs/Tri-0.5B-Base,devtest,zh,491,28,84,22,78.57142857142857,3.8181818181818183,1.2727272727272727,1.0476190476190477
trillionlabs/Tri-0.5B-Base,devtest,zh,492,29,61,18,62.06896551724138,3.388888888888889,1.6111111111111112,0.8571428571428571
trillionlabs/Tri-0.5B-Base,devtest,zh,494,32,80,20,62.5,4.0,1.6,0.9090909090909091
trillionlabs/Tri-0.5B-Base,devtest,zh,498,44,132,29,65.9090909090909,4.551724137931035,1.5172413793103448,1.5263157894736843
trillionlabs/Tri-0.5B-Base,devtest,zh,499,49,147,33,67.34693877551021,4.454545454545454,1.4848484848484849,1.375
trillionlabs/Tri-0.5B-Base,devtest,zh,500,36,106,27,75.0,3.925925925925926,1.3333333333333333,1.125
trillionlabs/Tri-0.5B-Base,devtest,zh,504,82,242,52,63.41463414634146,4.653846153846154,1.5769230769230769,1.0833333333333333
trillionlabs/Tri-0.5B-Base,devtest,zh,505,31,93,24,77.41935483870968,3.875,1.2916666666666667,1.3333333333333333
trillionlabs/Tri-0.5B-Base,devtest,zh,509,42,126,25,59.523809523809526,5.04,1.68,0.6578947368421053
trillionlabs/Tri-0.5B-Base,devtest,zh,510,65,159,36,55.38461538461539,4.416666666666667,1.8055555555555556,1.0909090909090908
trillionlabs/Tri-0.5B-Base,devtest,zh,513,38,114,25,65.78947368421052,4.56,1.52,1.0
trillionlabs/Tri-0.5B-Base,devtest,zh,517,19,57,12,63.1578947368421,4.75,1.5833333333333333,1.0909090909090908
trillionlabs/Tri-0.5B-Base,devtest,zh,519,38,106,26,68.42105263157895,4.076923076923077,1.4615384615384615,1.0
trillionlabs/Tri-0.5B-Base,devtest,zh,523,73,186,43,58.9041095890411,4.325581395348837,1.697674418604651,1.303030303030303
trillionlabs/Tri-0.5B-Base,devtest,zh,524,31,93,19,61.29032258064516,4.894736842105263,1.631578947368421,0.95
trillionlabs/Tri-0.5B-Base,devtest,zh,525,25,75,17,68.0,4.411764705882353,1.4705882352941178,0.8947368421052632
trillionlabs/Tri-0.5B-Base,devtest,zh,526,33,99,27,81.81818181818181,3.6666666666666665,1.2222222222222223,1.5
trillionlabs/Tri-0.5B-Base,devtest,zh,527,25,75,18,72.0,4.166666666666667,1.3888888888888888,1.0588235294117647
trillionlabs/Tri-0.5B-Base,devtest,zh,529,38,114,21,55.26315789473684,5.428571428571429,1.8095238095238095,1.105263157894737
trillionlabs/Tri-0.5B-Base,devtest,zh,530,56,168,37,66.07142857142857,4.54054054054054,1.5135135135135136,1.15625
trillionlabs/Tri-0.5B-Base,devtest,zh,531,50,150,37,74.0,4.054054054054054,1.3513513513513513,1.121212121212121
trillionlabs/Tri-0.5B-Base,devtest,zh,533,45,125,30,66.66666666666667,4.166666666666667,1.5,1.1538461538461537
trillionlabs/Tri-0.5B-Base,devtest,zh,534,33,99,24,72.72727272727273,4.125,1.375,1.0909090909090908
trillionlabs/Tri-0.5B-Base,devtest,zh,535,42,126,33,78.57142857142857,3.8181818181818183,1.2727272727272727,0.9428571428571428
trillionlabs/Tri-0.5B-Base,devtest,zh,536,50,150,33,66.0,4.545454545454546,1.5151515151515151,0.9705882352941176
trillionlabs/Tri-0.5B-Base,devtest,zh,538,34,102,23,67.6470588235294,4.434782608695652,1.4782608695652173,0.92
trillionlabs/Tri-0.5B-Base,devtest,zh,540,42,126,35,83.33333333333333,3.6,1.2,1.1290322580645162
trillionlabs/Tri-0.5B-Base,devtest,zh,541,36,108,31,86.11111111111111,3.4838709677419355,1.1612903225806452,1.1481481481481481
trillionlabs/Tri-0.5B-Base,devtest,zh,542,44,132,41,93.18181818181819,3.2195121951219514,1.0731707317073171,1.7083333333333333
trillionlabs/Tri-0.5B-Base,devtest,zh,545,27,81,20,74.07407407407408,4.05,1.35,0.9090909090909091
trillionlabs/Tri-0.5B-Base,devtest,zh,546,48,136,36,75.0,3.7777777777777777,1.3333333333333333,1.0
trillionlabs/Tri-0.5B-Base,devtest,zh,551,50,150,35,70.0,4.285714285714286,1.4285714285714286,1.0294117647058822
trillionlabs/Tri-0.5B-Base,devtest,zh,552,29,81,21,72.41379310344827,3.857142857142857,1.380952380952381,0.9545454545454546
trillionlabs/Tri-0.5B-Base,devtest,zh,556,72,216,55,76.38888888888889,3.9272727272727272,1.309090909090909,1.1956521739130435
trillionlabs/Tri-0.5B-Base,devtest,zh,557,18,46,14,77.77777777777777,3.2857142857142856,1.2857142857142858,0.9333333333333333
trillionlabs/Tri-0.5B-Base,devtest,zh,561,29,77,22,75.86206896551724,3.5,1.3181818181818181,0.9565217391304348
trillionlabs/Tri-0.5B-Base,devtest,zh,562,62,154,40,64.51612903225806,3.85,1.55,1.4814814814814814
trillionlabs/Tri-0.5B-Base,devtest,zh,565,47,141,27,57.4468085106383,5.222222222222222,1.7407407407407407,0.7714285714285715
trillionlabs/Tri-0.5B-Base,devtest,zh,568,65,188,58,89.23076923076923,3.2413793103448274,1.1206896551724137,1.4146341463414633
trillionlabs/Tri-0.5B-Base,devtest,zh,570,49,108,33,67.34693877551021,3.272727272727273,1.4848484848484849,1.5714285714285714
trillionlabs/Tri-0.5B-Base,devtest,zh,572,59,133,36,61.016949152542374,3.6944444444444446,1.6388888888888888,1.3333333333333333
trillionlabs/Tri-0.5B-Base,devtest,zh,576,30,90,28,93.33333333333333,3.2142857142857144,1.0714285714285714,1.0769230769230769
trillionlabs/Tri-0.5B-Base,devtest,zh,579,36,108,23,63.888888888888886,4.695652173913044,1.565217391304348,0.9583333333333334
trillionlabs/Tri-0.5B-Base,devtest,zh,585,53,139,33,62.264150943396224,4.212121212121212,1.606060606060606,0.9166666666666666
trillionlabs/Tri-0.5B-Base,devtest,zh,587,30,78,22,73.33333333333333,3.5454545454545454,1.3636363636363635,1.375
trillionlabs/Tri-0.5B-Base,devtest,zh,589,20,60,12,60.0,5.0,1.6666666666666667,0.9230769230769231
trillionlabs/Tri-0.5B-Base,devtest,zh,592,56,168,28,50.0,6.0,2.0,0.717948717948718
trillionlabs/Tri-0.5B-Base,devtest,zh,594,37,111,27,72.97297297297297,4.111111111111111,1.3703703703703705,1.9285714285714286
trillionlabs/Tri-0.5B-Base,devtest,zh,596,46,138,27,58.69565217391305,5.111111111111111,1.7037037037037037,1.173913043478261
trillionlabs/Tri-0.5B-Base,devtest,zh,599,51,109,28,54.90196078431372,3.892857142857143,1.8214285714285714,1.5555555555555556
trillionlabs/Tri-0.5B-Base,devtest,zh,601,46,130,31,67.3913043478261,4.193548387096774,1.4838709677419355,1.24
trillionlabs/Tri-0.5B-Base,devtest,zh,602,53,159,34,64.15094339622641,4.676470588235294,1.5588235294117647,0.9444444444444444
trillionlabs/Tri-0.5B-Base,devtest,zh,603,37,111,25,67.56756756756756,4.44,1.48,1.0
trillionlabs/Tri-0.5B-Base,devtest,zh,605,30,90,22,73.33333333333333,4.090909090909091,1.3636363636363635,0.8461538461538461
trillionlabs/Tri-0.5B-Base,devtest,zh,607,43,129,27,62.7906976744186,4.777777777777778,1.5925925925925926,0.9
trillionlabs/Tri-0.5B-Base,devtest,zh,608,43,129,28,65.11627906976744,4.607142857142857,1.5357142857142858,1.2727272727272727
trillionlabs/Tri-0.5B-Base,devtest,zh,611,29,87,21,72.41379310344827,4.142857142857143,1.380952380952381,1.1666666666666667
trillionlabs/Tri-0.5B-Base,devtest,zh,617,22,66,14,63.63636363636363,4.714285714285714,1.5714285714285714,1.0
trillionlabs/Tri-0.5B-Base,devtest,zh,618,41,123,28,68.29268292682927,4.392857142857143,1.4642857142857142,0.9333333333333333
trillionlabs/Tri-0.5B-Base,devtest,zh,620,20,60,16,80.0,3.75,1.25,1.1428571428571428
trillionlabs/Tri-0.5B-Base,devtest,zh,621,23,69,25,108.69565217391305,2.76,0.92,1.3888888888888888
trillionlabs/Tri-0.5B-Base,devtest,zh,624,26,78,16,61.53846153846154,4.875,1.625,0.8421052631578947
trillionlabs/Tri-0.5B-Base,devtest,zh,626,28,82,25,89.28571428571429,3.28,1.12,1.5625
trillionlabs/Tri-0.5B-Base,devtest,zh,627,23,61,16,69.56521739130434,3.8125,1.4375,0.6956521739130435
trillionlabs/Tri-0.5B-Base,devtest,zh,629,47,141,37,78.72340425531915,3.810810810810811,1.2702702702702702,1.121212121212121
trillionlabs/Tri-0.5B-Base,devtest,zh,630,30,90,24,80.0,3.75,1.25,1.1428571428571428
trillionlabs/Tri-0.5B-Base,devtest,zh,632,22,66,17,77.27272727272727,3.8823529411764706,1.2941176470588236,1.4166666666666667
trillionlabs/Tri-0.5B-Base,devtest,zh,633,37,111,23,62.16216216216216,4.826086956521739,1.608695652173913,0.92
trillionlabs/Tri-0.5B-Base,devtest,zh,635,60,180,39,65.0,4.615384615384615,1.5384615384615385,1.0
trillionlabs/Tri-0.5B-Base,devtest,zh,637,67,201,47,70.14925373134328,4.276595744680851,1.425531914893617,1.146341463414634
trillionlabs/Tri-0.5B-Base,devtest,zh,638,37,111,22,59.45945945945946,5.045454545454546,1.6818181818181819,0.88
trillionlabs/Tri-0.5B-Base,devtest,zh,640,19,57,13,68.42105263157895,4.384615384615385,1.4615384615384615,0.7222222222222222
trillionlabs/Tri-0.5B-Base,devtest,zh,643,20,60,16,80.0,3.75,1.25,1.0
trillionlabs/Tri-0.5B-Base,devtest,zh,644,35,105,25,71.42857142857143,4.2,1.4,1.1904761904761905
trillionlabs/Tri-0.5B-Base,devtest,zh,646,27,81,20,74.07407407407408,4.05,1.35,1.3333333333333333
trillionlabs/Tri-0.5B-Base,devtest,zh,647,36,108,24,66.66666666666667,4.5,1.5,1.0909090909090908
trillionlabs/Tri-0.5B-Base,devtest,zh,649,41,123,23,56.09756097560975,5.3478260869565215,1.7826086956521738,1.2105263157894737
trillionlabs/Tri-0.5B-Base,devtest,zh,651,25,57,18,72.0,3.1666666666666665,1.3888888888888888,0.9
trillionlabs/Tri-0.5B-Base,devtest,zh,653,35,105,25,71.42857142857143,4.2,1.4,0.8928571428571429
trillionlabs/Tri-0.5B-Base,devtest,zh,655,38,112,26,68.42105263157895,4.3076923076923075,1.4615384615384615,1.1818181818181819
trillionlabs/Tri-0.5B-Base,devtest,zh,658,53,159,31,58.490566037735846,5.129032258064516,1.7096774193548387,0.8857142857142857
trillionlabs/Tri-0.5B-Base,devtest,zh,659,49,147,28,57.142857142857146,5.25,1.75,1.12
trillionlabs/Tri-0.5B-Base,devtest,zh,662,24,72,14,58.333333333333336,5.142857142857143,1.7142857142857142,0.8235294117647058
trillionlabs/Tri-0.5B-Base,devtest,zh,663,30,90,19,63.333333333333336,4.7368421052631575,1.5789473684210527,0.95
trillionlabs/Tri-0.5B-Base,devtest,zh,665,60,180,33,55.0,5.454545454545454,1.8181818181818181,1.1379310344827587
trillionlabs/Tri-0.5B-Base,devtest,zh,666,57,121,28,49.12280701754386,4.321428571428571,2.0357142857142856,0.875
trillionlabs/Tri-0.5B-Base,devtest,zh,670,42,126,23,54.76190476190476,5.478260869565218,1.826086956521739,0.7931034482758621
trillionlabs/Tri-0.5B-Base,devtest,zh,671,38,114,23,60.526315789473685,4.956521739130435,1.6521739130434783,1.0
trillionlabs/Tri-0.5B-Base,devtest,zh,673,46,138,29,63.04347826086956,4.758620689655173,1.5862068965517242,1.0
trillionlabs/Tri-0.5B-Base,devtest,zh,675,50,150,33,66.0,4.545454545454546,1.5151515151515151,1.064516129032258
trillionlabs/Tri-0.5B-Base,devtest,zh,676,38,114,24,63.1578947368421,4.75,1.5833333333333333,1.263157894736842
trillionlabs/Tri-0.5B-Base,devtest,zh,677,37,111,20,54.054054054054056,5.55,1.85,0.8333333333333334
trillionlabs/Tri-0.5B-Base,devtest,zh,679,33,87,17,51.515151515151516,5.117647058823529,1.9411764705882353,1.2142857142857142
trillionlabs/Tri-0.5B-Base,devtest,zh,683,45,135,26,57.77777777777778,5.1923076923076925,1.7307692307692308,0.8387096774193549
trillionlabs/Tri-0.5B-Base,devtest,zh,684,52,156,31,59.61538461538461,5.032258064516129,1.6774193548387097,1.0333333333333334
trillionlabs/Tri-0.5B-Base,devtest,zh,686,84,216,49,58.333333333333336,4.408163265306122,1.7142857142857142,1.1395348837209303
trillionlabs/Tri-0.5B-Base,devtest,zh,688,36,108,22,61.111111111111114,4.909090909090909,1.6363636363636365,1.0
trillionlabs/Tri-0.5B-Base,devtest,zh,692,51,153,35,68.62745098039215,4.371428571428571,1.457142857142857,1.3461538461538463
trillionlabs/Tri-0.5B-Base,devtest,zh,695,26,78,24,92.3076923076923,3.25,1.0833333333333333,1.6
trillionlabs/Tri-0.5B-Base,devtest,zh,697,18,54,14,77.77777777777777,3.857142857142857,1.2857142857142858,0.875
trillionlabs/Tri-0.5B-Base,devtest,zh,699,35,105,30,85.71428571428571,3.5,1.1666666666666667,1.4285714285714286
trillionlabs/Tri-0.5B-Base,devtest,zh,701,64,160,46,71.875,3.4782608695652173,1.391304347826087,1.6428571428571428
trillionlabs/Tri-0.5B-Base,devtest,zh,706,38,114,27,71.05263157894737,4.222222222222222,1.4074074074074074,0.9310344827586207
trillionlabs/Tri-0.5B-Base,devtest,zh,707,90,206,65,72.22222222222223,3.169230769230769,1.3846153846153846,1.625
trillionlabs/Tri-0.5B-Base,devtest,zh,716,58,136,42,72.41379310344827,3.238095238095238,1.380952380952381,1.1666666666666667
trillionlabs/Tri-0.5B-Base,devtest,zh,719,29,77,21,72.41379310344827,3.6666666666666665,1.380952380952381,0.875
trillionlabs/Tri-0.5B-Base,devtest,zh,720,62,142,34,54.83870967741935,4.176470588235294,1.8235294117647058,1.7
trillionlabs/Tri-0.5B-Base,devtest,zh,721,40,120,26,65.0,4.615384615384615,1.5384615384615385,0.9285714285714286
trillionlabs/Tri-0.5B-Base,devtest,zh,725,28,84,21,75.0,4.0,1.3333333333333333,1.105263157894737
trillionlabs/Tri-0.5B-Base,devtest,zh,728,45,135,37,82.22222222222223,3.6486486486486487,1.2162162162162162,1.15625
trillionlabs/Tri-0.5B-Base,devtest,zh,730,24,72,17,70.83333333333333,4.235294117647059,1.411764705882353,0.8095238095238095
trillionlabs/Tri-0.5B-Base,devtest,zh,737,69,177,53,76.81159420289855,3.339622641509434,1.3018867924528301,1.1777777777777778
trillionlabs/Tri-0.5B-Base,devtest,zh,738,20,60,15,75.0,4.0,1.3333333333333333,0.6521739130434783
trillionlabs/Tri-0.5B-Base,devtest,zh,740,51,115,29,56.86274509803921,3.9655172413793105,1.7586206896551724,0.9666666666666667
trillionlabs/Tri-0.5B-Base,devtest,zh,741,41,123,39,95.1219512195122,3.1538461538461537,1.0512820512820513,0.8125
trillionlabs/Tri-0.5B-Base,devtest,zh,746,70,146,51,72.85714285714286,2.8627450980392157,1.3725490196078431,1.5454545454545454
trillionlabs/Tri-0.5B-Base,devtest,zh,748,19,57,15,78.94736842105263,3.8,1.2666666666666666,1.25
trillionlabs/Tri-0.5B-Base,devtest,zh,754,23,69,23,100.0,3.0,1.0,0.8214285714285714
trillionlabs/Tri-0.5B-Base,devtest,zh,755,40,100,25,62.5,4.0,1.6,1.0416666666666667
trillionlabs/Tri-0.5B-Base,devtest,zh,756,35,105,23,65.71428571428571,4.565217391304348,1.5217391304347827,0.9583333333333334
trillionlabs/Tri-0.5B-Base,devtest,zh,757,46,138,34,73.91304347826087,4.0588235294117645,1.3529411764705883,0.918918918918919
trillionlabs/Tri-0.5B-Base,devtest,zh,761,52,156,36,69.23076923076923,4.333333333333333,1.4444444444444444,1.2
trillionlabs/Tri-0.5B-Base,devtest,zh,762,28,84,23,82.14285714285714,3.652173913043478,1.2173913043478262,0.8846153846153846
trillionlabs/Tri-0.5B-Base,devtest,zh,765,41,123,32,78.04878048780488,3.84375,1.28125,1.3333333333333333
trillionlabs/Tri-0.5B-Base,devtest,zh,767,46,138,35,76.08695652173913,3.942857142857143,1.3142857142857143,1.2962962962962963
trillionlabs/Tri-0.5B-Base,devtest,zh,768,40,104,30,75.0,3.466666666666667,1.3333333333333333,1.0714285714285714
trillionlabs/Tri-0.5B-Base,devtest,zh,770,53,147,41,77.35849056603773,3.5853658536585367,1.2926829268292683,1.4137931034482758
trillionlabs/Tri-0.5B-Base,devtest,zh,771,39,107,30,76.92307692307692,3.566666666666667,1.3,1.4285714285714286
trillionlabs/Tri-0.5B-Base,devtest,zh,775,32,96,26,81.25,3.6923076923076925,1.2307692307692308,1.1818181818181819
trillionlabs/Tri-0.5B-Base,devtest,zh,776,103,179,55,53.398058252427184,3.2545454545454544,1.8727272727272728,1.9642857142857142
trillionlabs/Tri-0.5B-Base,devtest,zh,781,66,198,51,77.27272727272727,3.8823529411764706,1.2941176470588236,1.3076923076923077
trillionlabs/Tri-0.5B-Base,devtest,zh,783,41,123,27,65.85365853658537,4.555555555555555,1.5185185185185186,1.08
trillionlabs/Tri-0.5B-Base,devtest,zh,784,35,105,20,57.142857142857146,5.25,1.75,1.0526315789473684
trillionlabs/Tri-0.5B-Base,devtest,zh,789,39,115,27,69.23076923076923,4.2592592592592595,1.4444444444444444,0.8709677419354839
trillionlabs/Tri-0.5B-Base,devtest,zh,790,40,120,31,77.5,3.870967741935484,1.2903225806451613,1.2916666666666667
trillionlabs/Tri-0.5B-Base,devtest,zh,792,44,132,27,61.36363636363637,4.888888888888889,1.6296296296296295,1.2857142857142858
trillionlabs/Tri-0.5B-Base,devtest,zh,793,48,144,27,56.25,5.333333333333333,1.7777777777777777,0.8709677419354839
trillionlabs/Tri-0.5B-Base,devtest,zh,794,30,90,23,76.66666666666667,3.9130434782608696,1.3043478260869565,0.8214285714285714
trillionlabs/Tri-0.5B-Base,devtest,zh,797,52,156,41,78.84615384615384,3.8048780487804876,1.2682926829268293,1.5769230769230769
trillionlabs/Tri-0.5B-Base,devtest,zh,798,37,111,33,89.1891891891892,3.3636363636363638,1.121212121212121,1.65
trillionlabs/Tri-0.5B-Base,devtest,zh,799,44,132,34,77.27272727272727,3.8823529411764706,1.2941176470588236,1.1333333333333333
trillionlabs/Tri-0.5B-Base,devtest,zh,800,34,102,24,70.58823529411765,4.25,1.4166666666666667,0.9230769230769231
trillionlabs/Tri-0.5B-Base,devtest,zh,801,47,141,29,61.702127659574465,4.862068965517241,1.6206896551724137,1.1153846153846154
trillionlabs/Tri-0.5B-Base,devtest,zh,804,21,63,17,80.95238095238095,3.7058823529411766,1.2352941176470589,0.9444444444444444
trillionlabs/Tri-0.5B-Base,devtest,zh,806,32,96,19,59.375,5.052631578947368,1.6842105263157894,0.76
trillionlabs/Tri-0.5B-Base,devtest,zh,810,28,84,29,103.57142857142857,2.896551724137931,0.9655172413793104,1.45
trillionlabs/Tri-0.5B-Base,devtest,zh,811,49,145,39,79.59183673469387,3.717948717948718,1.2564102564102564,1.1142857142857143
trillionlabs/Tri-0.5B-Base,devtest,zh,813,35,95,20,57.142857142857146,4.75,1.75,0.9523809523809523
trillionlabs/Tri-0.5B-Base,devtest,zh,814,39,105,26,66.66666666666667,4.038461538461538,1.5,1.1304347826086956
trillionlabs/Tri-0.5B-Base,devtest,zh,818,39,117,31,79.48717948717949,3.774193548387097,1.2580645161290323,1.0333333333333334
trillionlabs/Tri-0.5B-Base,devtest,zh,820,21,63,13,61.904761904761905,4.846153846153846,1.6153846153846154,0.8666666666666667
trillionlabs/Tri-0.5B-Base,devtest,zh,824,41,123,27,65.85365853658537,4.555555555555555,1.5185185185185186,1.08
trillionlabs/Tri-0.5B-Base,devtest,zh,825,36,108,25,69.44444444444444,4.32,1.44,1.0
trillionlabs/Tri-0.5B-Base,devtest,zh,826,21,63,13,61.904761904761905,4.846153846153846,1.6153846153846154,0.65
trillionlabs/Tri-0.5B-Base,devtest,zh,827,46,136,32,69.56521739130434,4.25,1.4375,1.1428571428571428
trillionlabs/Tri-0.5B-Base,devtest,zh,828,87,203,61,70.11494252873563,3.3278688524590163,1.4262295081967213,2.033333333333333
trillionlabs/Tri-0.5B-Base,devtest,zh,829,42,126,35,83.33333333333333,3.6,1.2,1.206896551724138
trillionlabs/Tri-0.5B-Base,devtest,zh,830,74,192,52,70.27027027027027,3.6923076923076925,1.4230769230769231,1.3333333333333333
trillionlabs/Tri-0.5B-Base,devtest,zh,832,39,117,32,82.05128205128206,3.65625,1.21875,1.2307692307692308
trillionlabs/Tri-0.5B-Base,devtest,zh,834,40,120,33,82.5,3.6363636363636362,1.2121212121212122,1.1379310344827587
trillionlabs/Tri-0.5B-Base,devtest,zh,836,28,84,27,96.42857142857143,3.111111111111111,1.037037037037037,1.5
trillionlabs/Tri-0.5B-Base,devtest,zh,837,34,102,27,79.41176470588235,3.7777777777777777,1.2592592592592593,1.4210526315789473
trillionlabs/Tri-0.5B-Base,devtest,zh,839,46,122,33,71.73913043478261,3.696969696969697,1.393939393939394,1.2222222222222223
trillionlabs/Tri-0.5B-Base,devtest,zh,840,38,114,29,76.3157894736842,3.9310344827586206,1.3103448275862069,1.0357142857142858
trillionlabs/Tri-0.5B-Base,devtest,zh,843,35,105,22,62.857142857142854,4.7727272727272725,1.5909090909090908,0.8148148148148148
trillionlabs/Tri-0.5B-Base,devtest,zh,844,61,183,47,77.04918032786885,3.893617021276596,1.297872340425532,1.119047619047619
trillionlabs/Tri-0.5B-Base,devtest,zh,847,73,162,51,69.86301369863014,3.176470588235294,1.4313725490196079,1.6451612903225807
trillionlabs/Tri-0.5B-Base,devtest,zh,849,66,198,53,80.3030303030303,3.7358490566037736,1.2452830188679245,1.7096774193548387
trillionlabs/Tri-0.5B-Base,devtest,zh,852,53,143,37,69.81132075471699,3.864864864864865,1.4324324324324325,1.15625
trillionlabs/Tri-0.5B-Base,devtest,zh,853,27,81,23,85.18518518518519,3.5217391304347827,1.173913043478261,1.15
trillionlabs/Tri-0.5B-Base,devtest,zh,854,65,195,50,76.92307692307692,3.9,1.3,1.6129032258064515
trillionlabs/Tri-0.5B-Base,devtest,zh,856,62,186,45,72.58064516129032,4.133333333333334,1.3777777777777778,1.25
trillionlabs/Tri-0.5B-Base,devtest,zh,857,57,171,35,61.40350877192982,4.885714285714286,1.6285714285714286,0.9722222222222222
trillionlabs/Tri-0.5B-Base,devtest,zh,858,18,54,12,66.66666666666667,4.5,1.5,0.75
trillionlabs/Tri-0.5B-Base,devtest,zh,860,43,129,33,76.74418604651163,3.909090909090909,1.303030303030303,0.9428571428571428
trillionlabs/Tri-0.5B-Base,devtest,zh,862,27,81,19,70.37037037037037,4.2631578947368425,1.4210526315789473,0.8260869565217391
trillionlabs/Tri-0.5B-Base,devtest,zh,866,38,114,27,71.05263157894737,4.222222222222222,1.4074074074074074,1.0
trillionlabs/Tri-0.5B-Base,devtest,zh,867,66,198,50,75.75757575757575,3.96,1.32,1.3157894736842106
trillionlabs/Tri-0.5B-Base,devtest,zh,868,42,126,22,52.38095238095238,5.7272727272727275,1.9090909090909092,0.8148148148148148
trillionlabs/Tri-0.5B-Base,devtest,zh,870,31,93,21,67.74193548387096,4.428571428571429,1.4761904761904763,1.105263157894737
trillionlabs/Tri-0.5B-Base,devtest,zh,873,39,117,26,66.66666666666667,4.5,1.5,0.9285714285714286
trillionlabs/Tri-0.5B-Base,devtest,zh,875,43,129,39,90.69767441860465,3.3076923076923075,1.1025641025641026,1.2580645161290323
trillionlabs/Tri-0.5B-Base,devtest,zh,876,31,93,24,77.41935483870968,3.875,1.2916666666666667,1.1428571428571428
trillionlabs/Tri-0.5B-Base,devtest,zh,877,31,93,17,54.83870967741935,5.470588235294118,1.8235294117647058,0.6538461538461539
trillionlabs/Tri-0.5B-Base,devtest,zh,878,28,84,18,64.28571428571429,4.666666666666667,1.5555555555555556,0.9473684210526315
trillionlabs/Tri-0.5B-Base,devtest,zh,879,36,108,21,58.333333333333336,5.142857142857143,1.7142857142857142,0.9545454545454546
trillionlabs/Tri-0.5B-Base,devtest,zh,880,36,108,22,61.111111111111114,4.909090909090909,1.6363636363636365,1.1
trillionlabs/Tri-0.5B-Base,devtest,zh,882,31,93,22,70.96774193548387,4.2272727272727275,1.4090909090909092,1.1578947368421053
trillionlabs/Tri-0.5B-Base,devtest,zh,885,20,60,14,70.0,4.285714285714286,1.4285714285714286,0.875
trillionlabs/Tri-0.5B-Base,devtest,zh,888,34,102,29,85.29411764705883,3.5172413793103448,1.1724137931034482,1.45
trillionlabs/Tri-0.5B-Base,devtest,zh,895,43,129,28,65.11627906976744,4.607142857142857,1.5357142857142858,1.12
trillionlabs/Tri-0.5B-Base,devtest,zh,899,33,99,23,69.6969696969697,4.304347826086956,1.434782608695652,1.15
trillionlabs/Tri-0.5B-Base,devtest,zh,900,38,114,28,73.6842105263158,4.071428571428571,1.3571428571428572,1.12
trillionlabs/Tri-0.5B-Base,devtest,zh,905,48,144,38,79.16666666666667,3.789473684210526,1.263157894736842,1.5833333333333333
trillionlabs/Tri-0.5B-Base,devtest,zh,908,43,117,36,83.72093023255815,3.25,1.1944444444444444,1.3333333333333333
trillionlabs/Tri-0.5B-Base,devtest,zh,912,32,96,18,56.25,5.333333333333333,1.7777777777777777,1.0
trillionlabs/Tri-0.5B-Base,devtest,zh,913,32,96,20,62.5,4.8,1.6,1.1111111111111112
trillionlabs/Tri-0.5B-Base,devtest,zh,915,32,96,21,65.625,4.571428571428571,1.5238095238095237,0.75
trillionlabs/Tri-0.5B-Base,devtest,zh,916,21,63,13,61.904761904761905,4.846153846153846,1.6153846153846154,0.9285714285714286
trillionlabs/Tri-0.5B-Base,devtest,zh,917,48,140,44,91.66666666666667,3.1818181818181817,1.0909090909090908,1.2941176470588236
trillionlabs/Tri-0.5B-Base,devtest,zh,920,28,84,23,82.14285714285714,3.652173913043478,1.2173913043478262,1.2105263157894737
trillionlabs/Tri-0.5B-Base,devtest,zh,921,46,138,34,73.91304347826087,4.0588235294117645,1.3529411764705883,1.1333333333333333
trillionlabs/Tri-0.5B-Base,devtest,zh,924,39,105,23,58.97435897435897,4.565217391304348,1.6956521739130435,1.0952380952380953
trillionlabs/Tri-0.5B-Base,devtest,zh,925,66,198,48,72.72727272727273,4.125,1.375,1.170731707317073
trillionlabs/Tri-0.5B-Base,devtest,zh,929,53,159,33,62.264150943396224,4.818181818181818,1.606060606060606,1.1
trillionlabs/Tri-0.5B-Base,devtest,zh,930,38,114,25,65.78947368421052,4.56,1.52,1.0416666666666667
trillionlabs/Tri-0.5B-Base,devtest,zh,933,51,153,38,74.50980392156863,4.026315789473684,1.3421052631578947,1.027027027027027
trillionlabs/Tri-0.5B-Base,devtest,zh,934,52,142,42,80.76923076923077,3.380952380952381,1.2380952380952381,1.135135135135135
trillionlabs/Tri-0.5B-Base,devtest,zh,944,83,243,63,75.90361445783132,3.857142857142857,1.3174603174603174,1.2352941176470589
trillionlabs/Tri-0.5B-Base,devtest,zh,945,66,147,48,72.72727272727273,3.0625,1.375,1.8461538461538463
trillionlabs/Tri-0.5B-Base,devtest,zh,947,18,54,13,72.22222222222223,4.153846153846154,1.3846153846153846,1.0
trillionlabs/Tri-0.5B-Base,devtest,zh,949,44,88,25,56.81818181818182,3.52,1.76,1.3888888888888888
trillionlabs/Tri-0.5B-Base,devtest,zh,950,36,108,31,86.11111111111111,3.4838709677419355,1.1612903225806452,1.1923076923076923
trillionlabs/Tri-0.5B-Base,devtest,zh,951,43,129,27,62.7906976744186,4.777777777777778,1.5925925925925926,0.75
trillionlabs/Tri-0.5B-Base,devtest,zh,952,65,195,49,75.38461538461539,3.979591836734694,1.3265306122448979,1.3243243243243243
trillionlabs/Tri-0.5B-Base,devtest,zh,953,30,90,29,96.66666666666667,3.103448275862069,1.0344827586206897,1.0740740740740742
trillionlabs/Tri-0.5B-Base,devtest,zh,955,73,219,61,83.56164383561644,3.5901639344262297,1.1967213114754098,2.033333333333333
trillionlabs/Tri-0.5B-Base,devtest,zh,956,36,108,23,63.888888888888886,4.695652173913044,1.565217391304348,1.0952380952380953
trillionlabs/Tri-0.5B-Base,devtest,zh,958,56,168,42,75.0,4.0,1.3333333333333333,1.135135135135135
trillionlabs/Tri-0.5B-Base,devtest,zh,962,46,138,41,89.1304347826087,3.3658536585365852,1.1219512195121952,1.28125
trillionlabs/Tri-0.5B-Base,devtest,zh,963,40,120,29,72.5,4.137931034482759,1.3793103448275863,1.0740740740740742
trillionlabs/Tri-0.5B-Base,devtest,zh,965,43,129,39,90.69767441860465,3.3076923076923075,1.1025641025641026,1.054054054054054
trillionlabs/Tri-0.5B-Base,devtest,zh,967,55,165,44,80.0,3.75,1.25,1.1
trillionlabs/Tri-0.5B-Base,devtest,zh,969,57,169,40,70.17543859649123,4.225,1.425,1.0810810810810811
trillionlabs/Tri-0.5B-Base,devtest,zh,971,60,158,50,83.33333333333333,3.16,1.2,1.3157894736842106
trillionlabs/Tri-0.5B-Base,devtest,zh,972,40,114,30,75.0,3.8,1.3333333333333333,1.2
trillionlabs/Tri-0.5B-Base,devtest,zh,973,19,57,12,63.1578947368421,4.75,1.5833333333333333,0.9230769230769231
trillionlabs/Tri-0.5B-Base,devtest,zh,975,29,87,19,65.51724137931035,4.578947368421052,1.5263157894736843,1.1176470588235294
trillionlabs/Tri-0.5B-Base,devtest,zh,977,64,152,41,64.0625,3.707317073170732,1.5609756097560976,1.7826086956521738
trillionlabs/Tri-0.5B-Base,devtest,zh,978,19,57,15,78.94736842105263,3.8,1.2666666666666666,1.5
trillionlabs/Tri-0.5B-Base,devtest,zh,986,25,75,18,72.0,4.166666666666667,1.3888888888888888,1.2857142857142858
trillionlabs/Tri-0.5B-Base,devtest,zh,987,37,111,30,81.08108108108108,3.7,1.2333333333333334,1.1111111111111112
trillionlabs/Tri-0.5B-Base,devtest,zh,988,37,111,28,75.67567567567568,3.9642857142857144,1.3214285714285714,1.2173913043478262
trillionlabs/Tri-0.5B-Base,devtest,zh,989,33,99,25,75.75757575757575,3.96,1.32,1.0869565217391304
trillionlabs/Tri-0.5B-Base,devtest,zh,993,56,137,42,75.0,3.261904761904762,1.3333333333333333,1.5
trillionlabs/Tri-0.5B-Base,devtest,zh,994,21,63,14,66.66666666666667,4.5,1.5,1.0
trillionlabs/Tri-0.5B-Base,devtest,zh,995,50,150,47,94.0,3.1914893617021276,1.0638297872340425,1.5666666666666667
trillionlabs/Tri-0.5B-Base,devtest,zh,997,30,90,23,76.66666666666667,3.9130434782608696,1.3043478260869565,1.15
trillionlabs/Tri-0.5B-Base,devtest,zh,998,37,111,28,75.67567567567568,3.9642857142857144,1.3214285714285714,1.0769230769230769
trillionlabs/Tri-0.5B-Base,devtest,zh,1000,49,147,37,75.51020408163265,3.972972972972973,1.3243243243243243,1.48
trillionlabs/Tri-0.5B-Base,devtest,zh,1001,55,165,48,87.27272727272727,3.4375,1.1458333333333333,1.411764705882353
trillionlabs/Tri-0.5B-Base,devtest,zh,1003,38,114,32,84.21052631578948,3.5625,1.1875,1.1851851851851851
trillionlabs/Tri-0.5B-Base,devtest,zh,1005,42,126,30,71.42857142857143,4.2,1.4,1.0
trillionlabs/Tri-0.5B-Base,devtest,zh,1006,38,114,29,76.3157894736842,3.9310344827586206,1.3103448275862069,1.16
trillionlabs/Tri-0.5B-Base,devtest,zh,1008,36,108,21,58.333333333333336,5.142857142857143,1.7142857142857142,1.3125
trillionlabs/Tri-0.5B-Base,devtest,zh,1009,29,87,23,79.3103448275862,3.782608695652174,1.2608695652173914,1.0952380952380953
trillionlabs/Tri-0.5B-Base,devtest,zh,1010,30,90,19,63.333333333333336,4.7368421052631575,1.5789473684210527,1.2666666666666666
trillionlabs/Tri-0.5B-Base,devtest,zh,1011,34,102,23,67.6470588235294,4.434782608695652,1.4782608695652173,0.8846153846153846
Qwen/Qwen2.5-0.5B,devtest,en,4,175,175,37,21.142857142857142,4.72972972972973,4.72972972972973,1.0
Qwen/Qwen2.5-0.5B,devtest,en,6,35,35,10,28.571428571428573,3.5,3.5,1.0
Qwen/Qwen2.5-0.5B,devtest,en,7,128,128,28,21.875,4.571428571428571,4.571428571428571,1.0
Qwen/Qwen2.5-0.5B,devtest,en,12,133,133,30,22.55639097744361,4.433333333333334,4.433333333333334,1.0
Qwen/Qwen2.5-0.5B,devtest,en,14,213,213,41,19.248826291079812,5.195121951219512,5.195121951219512,1.0
Qwen/Qwen2.5-0.5B,devtest,en,15,254,254,46,18.11023622047244,5.521739130434782,5.521739130434782,1.0
Qwen/Qwen2.5-0.5B,devtest,en,16,195,197,42,21.53846153846154,4.690476190476191,4.642857142857143,1.0
Qwen/Qwen2.5-0.5B,devtest,en,17,117,117,31,26.495726495726494,3.774193548387097,3.774193548387097,1.0
Qwen/Qwen2.5-0.5B,devtest,en,19,275,277,74,26.90909090909091,3.7432432432432434,3.7162162162162162,1.0
Qwen/Qwen2.5-0.5B,devtest,en,22,187,187,36,19.25133689839572,5.194444444444445,5.194444444444445,1.0
Qwen/Qwen2.5-0.5B,devtest,en,23,191,193,42,21.98952879581152,4.595238095238095,4.5476190476190474,1.0
Qwen/Qwen2.5-0.5B,devtest,en,24,151,151,28,18.543046357615893,5.392857142857143,5.392857142857143,1.0
Qwen/Qwen2.5-0.5B,devtest,en,28,109,109,25,22.93577981651376,4.36,4.36,1.0
Qwen/Qwen2.5-0.5B,devtest,en,30,251,255,52,20.717131474103585,4.903846153846154,4.826923076923077,1.0
Qwen/Qwen2.5-0.5B,devtest,en,31,253,253,49,19.367588932806324,5.163265306122449,5.163265306122449,1.0
Qwen/Qwen2.5-0.5B,devtest,en,34,72,72,13,18.055555555555557,5.538461538461538,5.538461538461538,1.0
Qwen/Qwen2.5-0.5B,devtest,en,37,115,115,24,20.869565217391305,4.791666666666667,4.791666666666667,1.0
Qwen/Qwen2.5-0.5B,devtest,en,38,91,91,19,20.87912087912088,4.7894736842105265,4.7894736842105265,1.0
Qwen/Qwen2.5-0.5B,devtest,en,40,112,112,25,22.321428571428573,4.48,4.48,1.0
Qwen/Qwen2.5-0.5B,devtest,en,43,128,128,33,25.78125,3.878787878787879,3.878787878787879,1.0
Qwen/Qwen2.5-0.5B,devtest,en,44,120,120,28,23.333333333333332,4.285714285714286,4.285714285714286,1.0
Qwen/Qwen2.5-0.5B,devtest,en,48,100,100,19,19.0,5.2631578947368425,5.2631578947368425,1.0
Qwen/Qwen2.5-0.5B,devtest,en,49,146,146,27,18.493150684931507,5.407407407407407,5.407407407407407,1.0
Qwen/Qwen2.5-0.5B,devtest,en,50,61,61,17,27.868852459016395,3.588235294117647,3.588235294117647,1.0
Qwen/Qwen2.5-0.5B,devtest,en,56,204,204,42,20.58823529411765,4.857142857142857,4.857142857142857,1.0
Qwen/Qwen2.5-0.5B,devtest,en,57,194,194,33,17.010309278350515,5.878787878787879,5.878787878787879,1.0
Qwen/Qwen2.5-0.5B,devtest,en,59,60,60,12,20.0,5.0,5.0,1.0
Qwen/Qwen2.5-0.5B,devtest,en,60,133,133,28,21.05263157894737,4.75,4.75,1.0
Qwen/Qwen2.5-0.5B,devtest,en,61,111,111,19,17.117117117117118,5.842105263157895,5.842105263157895,1.0
Qwen/Qwen2.5-0.5B,devtest,en,62,156,156,33,21.153846153846153,4.7272727272727275,4.7272727272727275,1.0
Qwen/Qwen2.5-0.5B,devtest,en,64,133,133,29,21.804511278195488,4.586206896551724,4.586206896551724,1.0
Qwen/Qwen2.5-0.5B,devtest,en,66,107,107,25,23.364485981308412,4.28,4.28,1.0
Qwen/Qwen2.5-0.5B,devtest,en,69,157,157,31,19.745222929936304,5.064516129032258,5.064516129032258,1.0
Qwen/Qwen2.5-0.5B,devtest,en,70,107,107,22,20.560747663551403,4.863636363636363,4.863636363636363,1.0
Qwen/Qwen2.5-0.5B,devtest,en,71,220,220,48,21.818181818181817,4.583333333333333,4.583333333333333,1.0
Qwen/Qwen2.5-0.5B,devtest,en,74,186,186,39,20.967741935483872,4.769230769230769,4.769230769230769,1.0
Qwen/Qwen2.5-0.5B,devtest,en,75,162,162,31,19.135802469135804,5.225806451612903,5.225806451612903,1.0
Qwen/Qwen2.5-0.5B,devtest,en,78,56,56,12,21.428571428571427,4.666666666666667,4.666666666666667,1.0
Qwen/Qwen2.5-0.5B,devtest,en,82,107,107,22,20.560747663551403,4.863636363636363,4.863636363636363,1.0
Qwen/Qwen2.5-0.5B,devtest,en,83,148,148,34,22.972972972972972,4.352941176470588,4.352941176470588,1.0
Qwen/Qwen2.5-0.5B,devtest,en,86,176,176,42,23.863636363636363,4.190476190476191,4.190476190476191,1.0
Qwen/Qwen2.5-0.5B,devtest,en,87,150,150,26,17.333333333333332,5.769230769230769,5.769230769230769,1.0
Qwen/Qwen2.5-0.5B,devtest,en,88,122,122,23,18.852459016393443,5.304347826086956,5.304347826086956,1.0
Qwen/Qwen2.5-0.5B,devtest,en,89,133,133,27,20.30075187969925,4.925925925925926,4.925925925925926,1.0
Qwen/Qwen2.5-0.5B,devtest,en,91,119,119,22,18.48739495798319,5.409090909090909,5.409090909090909,1.0
Qwen/Qwen2.5-0.5B,devtest,en,93,58,58,11,18.96551724137931,5.2727272727272725,5.2727272727272725,1.0
Qwen/Qwen2.5-0.5B,devtest,en,95,101,101,20,19.801980198019802,5.05,5.05,1.0
Qwen/Qwen2.5-0.5B,devtest,en,96,125,125,21,16.8,5.9523809523809526,5.9523809523809526,1.0
Qwen/Qwen2.5-0.5B,devtest,en,100,74,74,21,28.37837837837838,3.5238095238095237,3.5238095238095237,1.0
Qwen/Qwen2.5-0.5B,devtest,en,101,189,189,50,26.455026455026456,3.78,3.78,1.0
Qwen/Qwen2.5-0.5B,devtest,en,102,154,154,43,27.92207792207792,3.5813953488372094,3.5813953488372094,1.0
Qwen/Qwen2.5-0.5B,devtest,en,103,65,65,11,16.923076923076923,5.909090909090909,5.909090909090909,1.0
Qwen/Qwen2.5-0.5B,devtest,en,106,67,67,13,19.402985074626866,5.153846153846154,5.153846153846154,1.0
Qwen/Qwen2.5-0.5B,devtest,en,107,201,201,37,18.407960199004975,5.4324324324324325,5.4324324324324325,1.0
Qwen/Qwen2.5-0.5B,devtest,en,108,216,216,53,24.537037037037038,4.0754716981132075,4.0754716981132075,1.0
Qwen/Qwen2.5-0.5B,devtest,en,109,79,79,20,25.31645569620253,3.95,3.95,1.0
Qwen/Qwen2.5-0.5B,devtest,en,111,70,70,15,21.428571428571427,4.666666666666667,4.666666666666667,1.0
Qwen/Qwen2.5-0.5B,devtest,en,113,80,80,18,22.5,4.444444444444445,4.444444444444445,1.0
Qwen/Qwen2.5-0.5B,devtest,en,114,202,202,31,15.346534653465346,6.516129032258065,6.516129032258065,1.0
Qwen/Qwen2.5-0.5B,devtest,en,115,143,143,28,19.58041958041958,5.107142857142857,5.107142857142857,1.0
Qwen/Qwen2.5-0.5B,devtest,en,117,130,131,32,24.615384615384617,4.09375,4.0625,1.0
Qwen/Qwen2.5-0.5B,devtest,en,118,64,64,19,29.6875,3.3684210526315788,3.3684210526315788,1.0
Qwen/Qwen2.5-0.5B,devtest,en,120,161,162,47,29.19254658385093,3.4468085106382977,3.425531914893617,1.0
Qwen/Qwen2.5-0.5B,devtest,en,122,94,94,16,17.02127659574468,5.875,5.875,1.0
Qwen/Qwen2.5-0.5B,devtest,en,124,107,107,25,23.364485981308412,4.28,4.28,1.0
Qwen/Qwen2.5-0.5B,devtest,en,126,55,55,11,20.0,5.0,5.0,1.0
Qwen/Qwen2.5-0.5B,devtest,en,129,96,96,18,18.75,5.333333333333333,5.333333333333333,1.0
Qwen/Qwen2.5-0.5B,devtest,en,130,113,115,22,19.469026548672566,5.2272727272727275,5.136363636363637,1.0
Qwen/Qwen2.5-0.5B,devtest,en,131,207,207,33,15.942028985507246,6.2727272727272725,6.2727272727272725,1.0
Qwen/Qwen2.5-0.5B,devtest,en,132,173,173,34,19.653179190751445,5.088235294117647,5.088235294117647,1.0
Qwen/Qwen2.5-0.5B,devtest,en,134,74,74,28,37.83783783783784,2.642857142857143,2.642857142857143,1.0
Qwen/Qwen2.5-0.5B,devtest,en,135,95,95,19,20.0,5.0,5.0,1.0
Qwen/Qwen2.5-0.5B,devtest,en,136,57,57,17,29.82456140350877,3.3529411764705883,3.3529411764705883,1.0
Qwen/Qwen2.5-0.5B,devtest,en,137,113,113,25,22.123893805309734,4.52,4.52,1.0
Qwen/Qwen2.5-0.5B,devtest,en,139,118,118,26,22.033898305084747,4.538461538461538,4.538461538461538,1.0
Qwen/Qwen2.5-0.5B,devtest,en,141,179,179,37,20.670391061452513,4.837837837837838,4.837837837837838,1.0
Qwen/Qwen2.5-0.5B,devtest,en,143,93,93,22,23.655913978494624,4.2272727272727275,4.2272727272727275,1.0
Qwen/Qwen2.5-0.5B,devtest,en,146,123,123,23,18.69918699186992,5.3478260869565215,5.3478260869565215,1.0
Qwen/Qwen2.5-0.5B,devtest,en,149,84,84,18,21.428571428571427,4.666666666666667,4.666666666666667,1.0
Qwen/Qwen2.5-0.5B,devtest,en,151,163,163,37,22.699386503067483,4.405405405405405,4.405405405405405,1.0
Qwen/Qwen2.5-0.5B,devtest,en,153,126,126,31,24.603174603174605,4.064516129032258,4.064516129032258,1.0
Qwen/Qwen2.5-0.5B,devtest,en,158,126,126,41,32.53968253968254,3.073170731707317,3.073170731707317,1.0
Qwen/Qwen2.5-0.5B,devtest,en,159,104,104,19,18.26923076923077,5.473684210526316,5.473684210526316,1.0
Qwen/Qwen2.5-0.5B,devtest,en,160,77,77,15,19.48051948051948,5.133333333333334,5.133333333333334,1.0
Qwen/Qwen2.5-0.5B,devtest,en,164,62,62,10,16.129032258064516,6.2,6.2,1.0
Qwen/Qwen2.5-0.5B,devtest,en,169,109,109,23,21.10091743119266,4.739130434782608,4.739130434782608,1.0
Qwen/Qwen2.5-0.5B,devtest,en,170,132,132,29,21.96969696969697,4.551724137931035,4.551724137931035,1.0
Qwen/Qwen2.5-0.5B,devtest,en,171,73,73,20,27.397260273972602,3.65,3.65,1.0
Qwen/Qwen2.5-0.5B,devtest,en,175,79,79,15,18.9873417721519,5.266666666666667,5.266666666666667,1.0
Qwen/Qwen2.5-0.5B,devtest,en,176,149,149,33,22.14765100671141,4.515151515151516,4.515151515151516,1.0
Qwen/Qwen2.5-0.5B,devtest,en,177,97,97,29,29.896907216494846,3.3448275862068964,3.3448275862068964,1.0
Qwen/Qwen2.5-0.5B,devtest,en,183,120,120,37,30.833333333333332,3.2432432432432434,3.2432432432432434,1.0
Qwen/Qwen2.5-0.5B,devtest,en,184,163,163,40,24.539877300613497,4.075,4.075,1.0
Qwen/Qwen2.5-0.5B,devtest,en,185,139,139,27,19.424460431654676,5.148148148148148,5.148148148148148,1.0
Qwen/Qwen2.5-0.5B,devtest,en,186,66,66,16,24.242424242424242,4.125,4.125,1.0
Qwen/Qwen2.5-0.5B,devtest,en,187,129,129,27,20.930232558139537,4.777777777777778,4.777777777777778,1.0
Qwen/Qwen2.5-0.5B,devtest,en,190,122,122,24,19.672131147540984,5.083333333333333,5.083333333333333,1.0
Qwen/Qwen2.5-0.5B,devtest,en,192,170,170,32,18.823529411764707,5.3125,5.3125,1.0
Qwen/Qwen2.5-0.5B,devtest,en,193,256,256,54,21.09375,4.7407407407407405,4.7407407407407405,1.0
Qwen/Qwen2.5-0.5B,devtest,en,194,77,77,19,24.675324675324674,4.052631578947368,4.052631578947368,1.0
Qwen/Qwen2.5-0.5B,devtest,en,195,98,98,16,16.3265306122449,6.125,6.125,1.0
Qwen/Qwen2.5-0.5B,devtest,en,198,110,110,20,18.181818181818183,5.5,5.5,1.0
Qwen/Qwen2.5-0.5B,devtest,en,201,159,159,35,22.0125786163522,4.542857142857143,4.542857142857143,1.0
Qwen/Qwen2.5-0.5B,devtest,en,206,106,106,25,23.58490566037736,4.24,4.24,1.0
Qwen/Qwen2.5-0.5B,devtest,en,208,105,105,24,22.857142857142858,4.375,4.375,1.0
Qwen/Qwen2.5-0.5B,devtest,en,209,87,87,12,13.793103448275861,7.25,7.25,1.0
Qwen/Qwen2.5-0.5B,devtest,en,210,83,83,17,20.481927710843372,4.882352941176471,4.882352941176471,1.0
Qwen/Qwen2.5-0.5B,devtest,en,211,143,143,22,15.384615384615385,6.5,6.5,1.0
Qwen/Qwen2.5-0.5B,devtest,en,212,75,75,13,17.333333333333332,5.769230769230769,5.769230769230769,1.0
Qwen/Qwen2.5-0.5B,devtest,en,213,84,84,26,30.952380952380953,3.230769230769231,3.230769230769231,1.0
Qwen/Qwen2.5-0.5B,devtest,en,214,125,125,29,23.2,4.310344827586207,4.310344827586207,1.0
Qwen/Qwen2.5-0.5B,devtest,en,215,153,153,32,20.915032679738562,4.78125,4.78125,1.0
Qwen/Qwen2.5-0.5B,devtest,en,216,71,71,16,22.535211267605632,4.4375,4.4375,1.0
Qwen/Qwen2.5-0.5B,devtest,en,218,115,117,23,20.0,5.086956521739131,5.0,1.0
Qwen/Qwen2.5-0.5B,devtest,en,221,88,88,16,18.181818181818183,5.5,5.5,1.0
Qwen/Qwen2.5-0.5B,devtest,en,222,122,122,28,22.950819672131146,4.357142857142857,4.357142857142857,1.0
Qwen/Qwen2.5-0.5B,devtest,en,223,101,101,21,20.792079207920793,4.809523809523809,4.809523809523809,1.0
Qwen/Qwen2.5-0.5B,devtest,en,227,93,93,22,23.655913978494624,4.2272727272727275,4.2272727272727275,1.0
Qwen/Qwen2.5-0.5B,devtest,en,228,106,106,26,24.528301886792452,4.076923076923077,4.076923076923077,1.0
Qwen/Qwen2.5-0.5B,devtest,en,229,89,89,18,20.224719101123597,4.944444444444445,4.944444444444445,1.0
Qwen/Qwen2.5-0.5B,devtest,en,230,56,56,22,39.285714285714285,2.5454545454545454,2.5454545454545454,1.0
Qwen/Qwen2.5-0.5B,devtest,en,232,163,163,46,28.220858895705522,3.5434782608695654,3.5434782608695654,1.0
Qwen/Qwen2.5-0.5B,devtest,en,234,163,163,48,29.447852760736197,3.3958333333333335,3.3958333333333335,1.0
Qwen/Qwen2.5-0.5B,devtest,en,235,102,102,29,28.431372549019606,3.5172413793103448,3.5172413793103448,1.0
Qwen/Qwen2.5-0.5B,devtest,en,236,172,172,32,18.6046511627907,5.375,5.375,1.0
Qwen/Qwen2.5-0.5B,devtest,en,238,109,109,20,18.34862385321101,5.45,5.45,1.0
Qwen/Qwen2.5-0.5B,devtest,en,239,90,90,23,25.555555555555557,3.9130434782608696,3.9130434782608696,1.0
Qwen/Qwen2.5-0.5B,devtest,en,243,81,81,19,23.45679012345679,4.2631578947368425,4.2631578947368425,1.0
Qwen/Qwen2.5-0.5B,devtest,en,244,125,125,25,20.0,5.0,5.0,1.0
Qwen/Qwen2.5-0.5B,devtest,en,246,112,112,25,22.321428571428573,4.48,4.48,1.0
Qwen/Qwen2.5-0.5B,devtest,en,248,158,158,36,22.78481012658228,4.388888888888889,4.388888888888889,1.0
Qwen/Qwen2.5-0.5B,devtest,en,249,111,111,27,24.324324324324323,4.111111111111111,4.111111111111111,1.0
Qwen/Qwen2.5-0.5B,devtest,en,251,110,110,26,23.636363636363637,4.230769230769231,4.230769230769231,1.0
Qwen/Qwen2.5-0.5B,devtest,en,252,140,140,28,20.0,5.0,5.0,1.0
Qwen/Qwen2.5-0.5B,devtest,en,254,77,77,14,18.181818181818183,5.5,5.5,1.0
Qwen/Qwen2.5-0.5B,devtest,en,255,144,144,31,21.52777777777778,4.645161290322581,4.645161290322581,1.0
Qwen/Qwen2.5-0.5B,devtest,en,256,118,118,23,19.491525423728813,5.130434782608695,5.130434782608695,1.0
Qwen/Qwen2.5-0.5B,devtest,en,257,125,125,22,17.6,5.681818181818182,5.681818181818182,1.0
Qwen/Qwen2.5-0.5B,devtest,en,258,100,100,20,20.0,5.0,5.0,1.0
Qwen/Qwen2.5-0.5B,devtest,en,260,115,115,26,22.608695652173914,4.423076923076923,4.423076923076923,1.0
Qwen/Qwen2.5-0.5B,devtest,en,262,63,63,16,25.396825396825395,3.9375,3.9375,1.0
Qwen/Qwen2.5-0.5B,devtest,en,263,57,57,15,26.31578947368421,3.8,3.8,1.0
Qwen/Qwen2.5-0.5B,devtest,en,265,184,184,44,23.91304347826087,4.181818181818182,4.181818181818182,1.0
Qwen/Qwen2.5-0.5B,devtest,en,266,135,135,30,22.22222222222222,4.5,4.5,1.0
Qwen/Qwen2.5-0.5B,devtest,en,267,153,153,36,23.529411764705884,4.25,4.25,1.0
Qwen/Qwen2.5-0.5B,devtest,en,269,97,97,32,32.98969072164948,3.03125,3.03125,1.0
Qwen/Qwen2.5-0.5B,devtest,en,271,168,168,36,21.428571428571427,4.666666666666667,4.666666666666667,1.0
Qwen/Qwen2.5-0.5B,devtest,en,272,67,67,16,23.880597014925375,4.1875,4.1875,1.0
Qwen/Qwen2.5-0.5B,devtest,en,273,90,90,17,18.88888888888889,5.294117647058823,5.294117647058823,1.0
Qwen/Qwen2.5-0.5B,devtest,en,274,137,137,37,27.00729927007299,3.7027027027027026,3.7027027027027026,1.0
Qwen/Qwen2.5-0.5B,devtest,en,275,278,279,79,28.41726618705036,3.5316455696202533,3.518987341772152,1.0
Qwen/Qwen2.5-0.5B,devtest,en,276,148,148,40,27.027027027027028,3.7,3.7,1.0
Qwen/Qwen2.5-0.5B,devtest,en,277,71,71,13,18.309859154929576,5.461538461538462,5.461538461538462,1.0
Qwen/Qwen2.5-0.5B,devtest,en,279,98,98,29,29.591836734693878,3.3793103448275863,3.3793103448275863,1.0
Qwen/Qwen2.5-0.5B,devtest,en,281,93,93,19,20.43010752688172,4.894736842105263,4.894736842105263,1.0
Qwen/Qwen2.5-0.5B,devtest,en,282,59,59,11,18.64406779661017,5.363636363636363,5.363636363636363,1.0
Qwen/Qwen2.5-0.5B,devtest,en,283,120,120,21,17.5,5.714285714285714,5.714285714285714,1.0
Qwen/Qwen2.5-0.5B,devtest,en,284,76,76,17,22.36842105263158,4.470588235294118,4.470588235294118,1.0
Qwen/Qwen2.5-0.5B,devtest,en,287,135,135,24,17.77777777777778,5.625,5.625,1.0
Qwen/Qwen2.5-0.5B,devtest,en,288,155,155,25,16.129032258064516,6.2,6.2,1.0
Qwen/Qwen2.5-0.5B,devtest,en,289,150,150,28,18.666666666666668,5.357142857142857,5.357142857142857,1.0
Qwen/Qwen2.5-0.5B,devtest,en,291,143,143,34,23.776223776223777,4.205882352941177,4.205882352941177,1.0
Qwen/Qwen2.5-0.5B,devtest,en,292,130,130,22,16.923076923076923,5.909090909090909,5.909090909090909,1.0
Qwen/Qwen2.5-0.5B,devtest,en,293,163,163,30,18.404907975460123,5.433333333333334,5.433333333333334,1.0
Qwen/Qwen2.5-0.5B,devtest,en,296,208,208,36,17.307692307692307,5.777777777777778,5.777777777777778,1.0
Qwen/Qwen2.5-0.5B,devtest,en,297,86,86,19,22.093023255813954,4.526315789473684,4.526315789473684,1.0
Qwen/Qwen2.5-0.5B,devtest,en,304,132,132,29,21.96969696969697,4.551724137931035,4.551724137931035,1.0
Qwen/Qwen2.5-0.5B,devtest,en,306,78,78,31,39.743589743589745,2.5161290322580645,2.5161290322580645,1.0
Qwen/Qwen2.5-0.5B,devtest,en,308,82,82,16,19.51219512195122,5.125,5.125,1.0
Qwen/Qwen2.5-0.5B,devtest,en,310,52,52,14,26.923076923076923,3.7142857142857144,3.7142857142857144,1.0
Qwen/Qwen2.5-0.5B,devtest,en,311,81,81,15,18.51851851851852,5.4,5.4,1.0
Qwen/Qwen2.5-0.5B,devtest,en,312,106,106,19,17.92452830188679,5.578947368421052,5.578947368421052,1.0
Qwen/Qwen2.5-0.5B,devtest,en,318,102,102,19,18.627450980392158,5.368421052631579,5.368421052631579,1.0
Qwen/Qwen2.5-0.5B,devtest,en,320,162,162,38,23.45679012345679,4.2631578947368425,4.2631578947368425,1.0
Qwen/Qwen2.5-0.5B,devtest,en,321,150,150,39,26.0,3.8461538461538463,3.8461538461538463,1.0
Qwen/Qwen2.5-0.5B,devtest,en,322,140,140,41,29.285714285714285,3.4146341463414633,3.4146341463414633,1.0
Qwen/Qwen2.5-0.5B,devtest,en,324,108,108,24,22.22222222222222,4.5,4.5,1.0
Qwen/Qwen2.5-0.5B,devtest,en,326,176,176,46,26.136363636363637,3.8260869565217392,3.8260869565217392,1.0
Qwen/Qwen2.5-0.5B,devtest,en,327,99,99,21,21.21212121212121,4.714285714285714,4.714285714285714,1.0
Qwen/Qwen2.5-0.5B,devtest,en,329,137,137,22,16.05839416058394,6.2272727272727275,6.2272727272727275,1.0
Qwen/Qwen2.5-0.5B,devtest,en,332,110,110,26,23.636363636363637,4.230769230769231,4.230769230769231,1.0
Qwen/Qwen2.5-0.5B,devtest,en,334,53,53,16,30.18867924528302,3.3125,3.3125,1.0
Qwen/Qwen2.5-0.5B,devtest,en,338,143,143,26,18.181818181818183,5.5,5.5,1.0
Qwen/Qwen2.5-0.5B,devtest,en,339,133,134,29,21.804511278195488,4.620689655172414,4.586206896551724,1.0
Qwen/Qwen2.5-0.5B,devtest,en,340,328,328,68,20.73170731707317,4.823529411764706,4.823529411764706,1.0
Qwen/Qwen2.5-0.5B,devtest,en,341,79,79,18,22.78481012658228,4.388888888888889,4.388888888888889,1.0
Qwen/Qwen2.5-0.5B,devtest,en,342,108,108,26,24.074074074074073,4.153846153846154,4.153846153846154,1.0
Qwen/Qwen2.5-0.5B,devtest,en,346,94,94,23,24.46808510638298,4.086956521739131,4.086956521739131,1.0
Qwen/Qwen2.5-0.5B,devtest,en,348,92,92,22,23.91304347826087,4.181818181818182,4.181818181818182,1.0
Qwen/Qwen2.5-0.5B,devtest,en,349,108,108,23,21.296296296296298,4.695652173913044,4.695652173913044,1.0
Qwen/Qwen2.5-0.5B,devtest,en,350,123,123,27,21.951219512195124,4.555555555555555,4.555555555555555,1.0
Qwen/Qwen2.5-0.5B,devtest,en,353,80,80,17,21.25,4.705882352941177,4.705882352941177,1.0
Qwen/Qwen2.5-0.5B,devtest,en,354,86,86,17,19.767441860465116,5.0588235294117645,5.0588235294117645,1.0
Qwen/Qwen2.5-0.5B,devtest,en,356,86,86,22,25.58139534883721,3.909090909090909,3.909090909090909,1.0
Qwen/Qwen2.5-0.5B,devtest,en,358,76,76,16,21.05263157894737,4.75,4.75,1.0
Qwen/Qwen2.5-0.5B,devtest,en,361,127,127,26,20.47244094488189,4.884615384615385,4.884615384615385,1.0
Qwen/Qwen2.5-0.5B,devtest,en,362,69,69,16,23.18840579710145,4.3125,4.3125,1.0
Qwen/Qwen2.5-0.5B,devtest,en,366,143,143,31,21.678321678321677,4.612903225806452,4.612903225806452,1.0
Qwen/Qwen2.5-0.5B,devtest,en,368,111,111,30,27.027027027027028,3.7,3.7,1.0
Qwen/Qwen2.5-0.5B,devtest,en,369,174,174,41,23.563218390804597,4.2439024390243905,4.2439024390243905,1.0
Qwen/Qwen2.5-0.5B,devtest,en,371,176,176,39,22.15909090909091,4.512820512820513,4.512820512820513,1.0
Qwen/Qwen2.5-0.5B,devtest,en,372,323,323,67,20.743034055727556,4.82089552238806,4.82089552238806,1.0
Qwen/Qwen2.5-0.5B,devtest,en,373,197,197,32,16.243654822335024,6.15625,6.15625,1.0
Qwen/Qwen2.5-0.5B,devtest,en,374,94,94,18,19.148936170212767,5.222222222222222,5.222222222222222,1.0
Qwen/Qwen2.5-0.5B,devtest,en,377,160,160,30,18.75,5.333333333333333,5.333333333333333,1.0
Qwen/Qwen2.5-0.5B,devtest,en,380,138,138,28,20.28985507246377,4.928571428571429,4.928571428571429,1.0
Qwen/Qwen2.5-0.5B,devtest,en,381,91,91,22,24.175824175824175,4.136363636363637,4.136363636363637,1.0
Qwen/Qwen2.5-0.5B,devtest,en,382,182,182,42,23.076923076923077,4.333333333333333,4.333333333333333,1.0
Qwen/Qwen2.5-0.5B,devtest,en,384,112,112,25,22.321428571428573,4.48,4.48,1.0
Qwen/Qwen2.5-0.5B,devtest,en,385,189,189,44,23.280423280423282,4.295454545454546,4.295454545454546,1.0
Qwen/Qwen2.5-0.5B,devtest,en,388,118,118,27,22.88135593220339,4.37037037037037,4.37037037037037,1.0
Qwen/Qwen2.5-0.5B,devtest,en,391,103,103,19,18.446601941747574,5.421052631578948,5.421052631578948,1.0
Qwen/Qwen2.5-0.5B,devtest,en,393,55,55,12,21.818181818181817,4.583333333333333,4.583333333333333,1.0
Qwen/Qwen2.5-0.5B,devtest,en,394,71,71,16,22.535211267605632,4.4375,4.4375,1.0
Qwen/Qwen2.5-0.5B,devtest,en,398,187,187,40,21.390374331550802,4.675,4.675,1.0
Qwen/Qwen2.5-0.5B,devtest,en,399,85,85,17,20.0,5.0,5.0,1.0
Qwen/Qwen2.5-0.5B,devtest,en,404,175,177,44,25.142857142857142,4.0227272727272725,3.977272727272727,1.0
Qwen/Qwen2.5-0.5B,devtest,en,405,63,63,15,23.80952380952381,4.2,4.2,1.0
Qwen/Qwen2.5-0.5B,devtest,en,407,159,159,39,24.528301886792452,4.076923076923077,4.076923076923077,1.0
Qwen/Qwen2.5-0.5B,devtest,en,408,99,99,26,26.262626262626263,3.8076923076923075,3.8076923076923075,1.0
Qwen/Qwen2.5-0.5B,devtest,en,410,127,127,25,19.68503937007874,5.08,5.08,1.0
Qwen/Qwen2.5-0.5B,devtest,en,414,168,172,29,17.261904761904763,5.931034482758621,5.793103448275862,1.0
Qwen/Qwen2.5-0.5B,devtest,en,415,188,188,38,20.21276595744681,4.947368421052632,4.947368421052632,1.0
Qwen/Qwen2.5-0.5B,devtest,en,418,162,162,34,20.987654320987655,4.764705882352941,4.764705882352941,1.0
Qwen/Qwen2.5-0.5B,devtest,en,420,122,122,20,16.39344262295082,6.1,6.1,1.0
Qwen/Qwen2.5-0.5B,devtest,en,421,111,111,32,28.82882882882883,3.46875,3.46875,1.0
Qwen/Qwen2.5-0.5B,devtest,en,425,162,164,48,29.62962962962963,3.4166666666666665,3.375,1.0
Qwen/Qwen2.5-0.5B,devtest,en,427,124,124,30,24.193548387096776,4.133333333333334,4.133333333333334,1.0
Qwen/Qwen2.5-0.5B,devtest,en,428,140,140,27,19.285714285714285,5.185185185185185,5.185185185185185,1.0
Qwen/Qwen2.5-0.5B,devtest,en,430,151,151,34,22.516556291390728,4.4411764705882355,4.4411764705882355,1.0
Qwen/Qwen2.5-0.5B,devtest,en,433,123,123,29,23.577235772357724,4.241379310344827,4.241379310344827,1.0
Qwen/Qwen2.5-0.5B,devtest,en,434,111,111,22,19.81981981981982,5.045454545454546,5.045454545454546,1.0
Qwen/Qwen2.5-0.5B,devtest,en,435,136,136,30,22.058823529411764,4.533333333333333,4.533333333333333,1.0
Qwen/Qwen2.5-0.5B,devtest,en,436,166,166,29,17.46987951807229,5.724137931034483,5.724137931034483,1.0
Qwen/Qwen2.5-0.5B,devtest,en,439,64,64,14,21.875,4.571428571428571,4.571428571428571,1.0
Qwen/Qwen2.5-0.5B,devtest,en,445,123,123,20,16.260162601626018,6.15,6.15,1.0
Qwen/Qwen2.5-0.5B,devtest,en,446,107,107,26,24.299065420560748,4.115384615384615,4.115384615384615,1.0
Qwen/Qwen2.5-0.5B,devtest,en,447,129,129,25,19.37984496124031,5.16,5.16,1.0
Qwen/Qwen2.5-0.5B,devtest,en,449,170,170,39,22.941176470588236,4.358974358974359,4.358974358974359,1.0
Qwen/Qwen2.5-0.5B,devtest,en,450,145,145,29,20.0,5.0,5.0,1.0
Qwen/Qwen2.5-0.5B,devtest,en,451,191,191,39,20.418848167539267,4.897435897435898,4.897435897435898,1.0
Qwen/Qwen2.5-0.5B,devtest,en,452,91,91,16,17.582417582417584,5.6875,5.6875,1.0
Qwen/Qwen2.5-0.5B,devtest,en,453,166,170,36,21.686746987951807,4.722222222222222,4.611111111111111,1.0
Qwen/Qwen2.5-0.5B,devtest,en,454,207,207,42,20.28985507246377,4.928571428571429,4.928571428571429,1.0
Qwen/Qwen2.5-0.5B,devtest,en,455,125,125,20,16.0,6.25,6.25,1.0
Qwen/Qwen2.5-0.5B,devtest,en,456,113,113,23,20.353982300884955,4.913043478260869,4.913043478260869,1.0
Qwen/Qwen2.5-0.5B,devtest,en,460,118,118,27,22.88135593220339,4.37037037037037,4.37037037037037,1.0
Qwen/Qwen2.5-0.5B,devtest,en,461,114,114,29,25.43859649122807,3.9310344827586206,3.9310344827586206,1.0
Qwen/Qwen2.5-0.5B,devtest,en,464,135,135,27,20.0,5.0,5.0,1.0
Qwen/Qwen2.5-0.5B,devtest,en,465,204,204,47,23.03921568627451,4.340425531914893,4.340425531914893,1.0
Qwen/Qwen2.5-0.5B,devtest,en,468,162,162,38,23.45679012345679,4.2631578947368425,4.2631578947368425,1.0
Qwen/Qwen2.5-0.5B,devtest,en,470,145,145,30,20.689655172413794,4.833333333333333,4.833333333333333,1.0
Qwen/Qwen2.5-0.5B,devtest,en,472,131,131,25,19.083969465648856,5.24,5.24,1.0
Qwen/Qwen2.5-0.5B,devtest,en,473,85,85,17,20.0,5.0,5.0,1.0
Qwen/Qwen2.5-0.5B,devtest,en,475,124,124,23,18.548387096774192,5.391304347826087,5.391304347826087,1.0
Qwen/Qwen2.5-0.5B,devtest,en,476,218,218,42,19.26605504587156,5.190476190476191,5.190476190476191,1.0
Qwen/Qwen2.5-0.5B,devtest,en,477,145,145,27,18.620689655172413,5.37037037037037,5.37037037037037,1.0
Qwen/Qwen2.5-0.5B,devtest,en,480,135,135,30,22.22222222222222,4.5,4.5,1.0
Qwen/Qwen2.5-0.5B,devtest,en,482,287,287,47,16.37630662020906,6.1063829787234045,6.1063829787234045,1.0
Qwen/Qwen2.5-0.5B,devtest,en,483,92,92,18,19.565217391304348,5.111111111111111,5.111111111111111,1.0
Qwen/Qwen2.5-0.5B,devtest,en,485,169,169,30,17.75147928994083,5.633333333333334,5.633333333333334,1.0
Qwen/Qwen2.5-0.5B,devtest,en,486,113,113,28,24.778761061946902,4.035714285714286,4.035714285714286,1.0
Qwen/Qwen2.5-0.5B,devtest,en,488,152,152,28,18.42105263157895,5.428571428571429,5.428571428571429,1.0
Qwen/Qwen2.5-0.5B,devtest,en,489,103,103,32,31.067961165048544,3.21875,3.21875,1.0
Qwen/Qwen2.5-0.5B,devtest,en,491,108,108,22,20.37037037037037,4.909090909090909,4.909090909090909,1.0
Qwen/Qwen2.5-0.5B,devtest,en,492,89,89,28,31.46067415730337,3.1785714285714284,3.1785714285714284,1.0
Qwen/Qwen2.5-0.5B,devtest,en,494,102,102,26,25.49019607843137,3.923076923076923,3.923076923076923,1.0
Qwen/Qwen2.5-0.5B,devtest,en,498,120,120,21,17.5,5.714285714285714,5.714285714285714,1.0
Qwen/Qwen2.5-0.5B,devtest,en,499,138,138,24,17.391304347826086,5.75,5.75,1.0
Qwen/Qwen2.5-0.5B,devtest,en,500,108,108,24,22.22222222222222,4.5,4.5,1.0
Qwen/Qwen2.5-0.5B,devtest,en,504,247,247,49,19.838056680161944,5.040816326530612,5.040816326530612,1.0
Qwen/Qwen2.5-0.5B,devtest,en,505,104,104,18,17.307692307692307,5.777777777777778,5.777777777777778,1.0
Qwen/Qwen2.5-0.5B,devtest,en,509,205,205,38,18.536585365853657,5.394736842105263,5.394736842105263,1.0
Qwen/Qwen2.5-0.5B,devtest,en,510,143,143,33,23.076923076923077,4.333333333333333,4.333333333333333,1.0
Qwen/Qwen2.5-0.5B,devtest,en,513,115,115,25,21.73913043478261,4.6,4.6,1.0
Qwen/Qwen2.5-0.5B,devtest,en,517,76,76,11,14.473684210526315,6.909090909090909,6.909090909090909,1.0
Qwen/Qwen2.5-0.5B,devtest,en,519,121,129,30,24.793388429752067,4.3,4.033333333333333,1.0
Qwen/Qwen2.5-0.5B,devtest,en,523,185,185,34,18.37837837837838,5.4411764705882355,5.4411764705882355,1.0
Qwen/Qwen2.5-0.5B,devtest,en,524,115,115,20,17.391304347826086,5.75,5.75,1.0
Qwen/Qwen2.5-0.5B,devtest,en,525,105,105,19,18.095238095238095,5.526315789473684,5.526315789473684,1.0
Qwen/Qwen2.5-0.5B,devtest,en,526,99,99,17,17.171717171717173,5.823529411764706,5.823529411764706,1.0
Qwen/Qwen2.5-0.5B,devtest,en,527,106,106,18,16.9811320754717,5.888888888888889,5.888888888888889,1.0
Qwen/Qwen2.5-0.5B,devtest,en,529,107,107,20,18.69158878504673,5.35,5.35,1.0
Qwen/Qwen2.5-0.5B,devtest,en,530,180,180,34,18.88888888888889,5.294117647058823,5.294117647058823,1.0
Qwen/Qwen2.5-0.5B,devtest,en,531,164,164,35,21.341463414634145,4.685714285714286,4.685714285714286,1.0
Qwen/Qwen2.5-0.5B,devtest,en,533,146,148,29,19.863013698630137,5.103448275862069,5.0344827586206895,1.0
Qwen/Qwen2.5-0.5B,devtest,en,534,119,119,22,18.48739495798319,5.409090909090909,5.409090909090909,1.0
Qwen/Qwen2.5-0.5B,devtest,en,535,149,149,35,23.48993288590604,4.257142857142857,4.257142857142857,1.0
Qwen/Qwen2.5-0.5B,devtest,en,536,156,156,36,23.076923076923077,4.333333333333333,4.333333333333333,1.0
Qwen/Qwen2.5-0.5B,devtest,en,538,135,135,26,19.25925925925926,5.1923076923076925,5.1923076923076925,1.0
Qwen/Qwen2.5-0.5B,devtest,en,540,149,149,32,21.476510067114095,4.65625,4.65625,1.0
Qwen/Qwen2.5-0.5B,devtest,en,541,127,127,28,22.04724409448819,4.535714285714286,4.535714285714286,1.0
Qwen/Qwen2.5-0.5B,devtest,en,542,147,147,32,21.768707482993197,4.59375,4.59375,1.0
Qwen/Qwen2.5-0.5B,devtest,en,545,96,96,22,22.916666666666668,4.363636363636363,4.363636363636363,1.0
Qwen/Qwen2.5-0.5B,devtest,en,546,164,164,39,23.78048780487805,4.205128205128205,4.205128205128205,1.0
Qwen/Qwen2.5-0.5B,devtest,en,551,186,186,34,18.27956989247312,5.470588235294118,5.470588235294118,1.0
Qwen/Qwen2.5-0.5B,devtest,en,552,89,89,22,24.719101123595507,4.045454545454546,4.045454545454546,1.0
Qwen/Qwen2.5-0.5B,devtest,en,556,251,251,49,19.52191235059761,5.122448979591836,5.122448979591836,1.0
Qwen/Qwen2.5-0.5B,devtest,en,557,61,61,17,27.868852459016395,3.588235294117647,3.588235294117647,1.0
Qwen/Qwen2.5-0.5B,devtest,en,561,107,107,26,24.299065420560748,4.115384615384615,4.115384615384615,1.0
Qwen/Qwen2.5-0.5B,devtest,en,562,152,152,27,17.763157894736842,5.62962962962963,5.62962962962963,1.0
Qwen/Qwen2.5-0.5B,devtest,en,565,181,181,35,19.337016574585636,5.171428571428572,5.171428571428572,1.0
Qwen/Qwen2.5-0.5B,devtest,en,568,213,213,42,19.718309859154928,5.071428571428571,5.071428571428571,1.0
Qwen/Qwen2.5-0.5B,devtest,en,570,102,102,22,21.568627450980394,4.636363636363637,4.636363636363637,1.0
Qwen/Qwen2.5-0.5B,devtest,en,572,142,142,30,21.12676056338028,4.733333333333333,4.733333333333333,1.0
Qwen/Qwen2.5-0.5B,devtest,en,576,103,103,26,25.24271844660194,3.9615384615384617,3.9615384615384617,1.0
Qwen/Qwen2.5-0.5B,devtest,en,579,147,147,24,16.3265306122449,6.125,6.125,1.0
Qwen/Qwen2.5-0.5B,devtest,en,585,190,190,41,21.57894736842105,4.634146341463414,4.634146341463414,1.0
Qwen/Qwen2.5-0.5B,devtest,en,587,80,80,16,20.0,5.0,5.0,1.0
Qwen/Qwen2.5-0.5B,devtest,en,589,65,65,13,20.0,5.0,5.0,1.0
Qwen/Qwen2.5-0.5B,devtest,en,592,207,209,38,18.357487922705314,5.5,5.447368421052632,1.0
Qwen/Qwen2.5-0.5B,devtest,en,594,80,80,14,17.5,5.714285714285714,5.714285714285714,1.0
Qwen/Qwen2.5-0.5B,devtest,en,596,156,156,25,16.025641025641026,6.24,6.24,1.0
Qwen/Qwen2.5-0.5B,devtest,en,599,100,100,19,19.0,5.2631578947368425,5.2631578947368425,1.0
Qwen/Qwen2.5-0.5B,devtest,en,601,143,143,28,19.58041958041958,5.107142857142857,5.107142857142857,1.0
Qwen/Qwen2.5-0.5B,devtest,en,602,195,195,35,17.94871794871795,5.571428571428571,5.571428571428571,1.0
Qwen/Qwen2.5-0.5B,devtest,en,603,121,121,23,19.00826446280992,5.260869565217392,5.260869565217392,1.0
Qwen/Qwen2.5-0.5B,devtest,en,605,149,149,25,16.778523489932887,5.96,5.96,1.0
Qwen/Qwen2.5-0.5B,devtest,en,607,159,159,30,18.867924528301888,5.3,5.3,1.0
Qwen/Qwen2.5-0.5B,devtest,en,608,127,127,22,17.322834645669293,5.7727272727272725,5.7727272727272725,1.0
Qwen/Qwen2.5-0.5B,devtest,en,611,112,112,18,16.071428571428573,6.222222222222222,6.222222222222222,1.0
Qwen/Qwen2.5-0.5B,devtest,en,617,83,83,14,16.867469879518072,5.928571428571429,5.928571428571429,1.0
Qwen/Qwen2.5-0.5B,devtest,en,618,151,151,30,19.867549668874172,5.033333333333333,5.033333333333333,1.0
Qwen/Qwen2.5-0.5B,devtest,en,620,69,69,14,20.28985507246377,4.928571428571429,4.928571428571429,1.0
Qwen/Qwen2.5-0.5B,devtest,en,621,88,88,18,20.454545454545453,4.888888888888889,4.888888888888889,1.0
Qwen/Qwen2.5-0.5B,devtest,en,624,79,79,19,24.050632911392405,4.157894736842105,4.157894736842105,1.0
Qwen/Qwen2.5-0.5B,devtest,en,626,70,70,16,22.857142857142858,4.375,4.375,1.0
Qwen/Qwen2.5-0.5B,devtest,en,627,107,107,25,23.364485981308412,4.28,4.28,1.0
Qwen/Qwen2.5-0.5B,devtest,en,629,186,186,34,18.27956989247312,5.470588235294118,5.470588235294118,1.0
Qwen/Qwen2.5-0.5B,devtest,en,630,119,119,21,17.647058823529413,5.666666666666667,5.666666666666667,1.0
Qwen/Qwen2.5-0.5B,devtest,en,632,73,73,12,16.438356164383563,6.083333333333333,6.083333333333333,1.0
Qwen/Qwen2.5-0.5B,devtest,en,633,132,132,25,18.939393939393938,5.28,5.28,1.0
Qwen/Qwen2.5-0.5B,devtest,en,635,208,208,40,19.23076923076923,5.2,5.2,1.0
Qwen/Qwen2.5-0.5B,devtest,en,637,180,180,41,22.77777777777778,4.390243902439025,4.390243902439025,1.0
Qwen/Qwen2.5-0.5B,devtest,en,638,118,118,25,21.1864406779661,4.72,4.72,1.0
Qwen/Qwen2.5-0.5B,devtest,en,640,89,89,17,19.10112359550562,5.235294117647059,5.235294117647059,1.0
Qwen/Qwen2.5-0.5B,devtest,en,643,67,67,16,23.880597014925375,4.1875,4.1875,1.0
Qwen/Qwen2.5-0.5B,devtest,en,644,105,105,21,20.0,5.0,5.0,1.0
Qwen/Qwen2.5-0.5B,devtest,en,646,83,83,15,18.072289156626507,5.533333333333333,5.533333333333333,1.0
Qwen/Qwen2.5-0.5B,devtest,en,647,118,118,25,21.1864406779661,4.72,4.72,1.0
Qwen/Qwen2.5-0.5B,devtest,en,649,100,100,20,20.0,5.0,5.0,1.0
Qwen/Qwen2.5-0.5B,devtest,en,651,81,81,25,30.864197530864196,3.24,3.24,1.0
Qwen/Qwen2.5-0.5B,devtest,en,653,120,120,28,23.333333333333332,4.285714285714286,4.285714285714286,1.0
Qwen/Qwen2.5-0.5B,devtest,en,655,126,126,22,17.46031746031746,5.7272727272727275,5.7272727272727275,1.0
Qwen/Qwen2.5-0.5B,devtest,en,658,163,167,36,22.085889570552148,4.638888888888889,4.527777777777778,1.0
Qwen/Qwen2.5-0.5B,devtest,en,659,178,178,25,14.044943820224718,7.12,7.12,1.0
Qwen/Qwen2.5-0.5B,devtest,en,662,87,87,18,20.689655172413794,4.833333333333333,4.833333333333333,1.0
Qwen/Qwen2.5-0.5B,devtest,en,663,115,115,20,17.391304347826086,5.75,5.75,1.0
Qwen/Qwen2.5-0.5B,devtest,en,665,171,171,29,16.95906432748538,5.896551724137931,5.896551724137931,1.0
Qwen/Qwen2.5-0.5B,devtest,en,666,118,122,39,33.05084745762712,3.128205128205128,3.0256410256410255,1.0
Qwen/Qwen2.5-0.5B,devtest,en,670,151,151,29,19.205298013245034,5.206896551724138,5.206896551724138,1.0
Qwen/Qwen2.5-0.5B,devtest,en,671,145,145,23,15.862068965517242,6.304347826086956,6.304347826086956,1.0
Qwen/Qwen2.5-0.5B,devtest,en,673,177,177,32,18.07909604519774,5.53125,5.53125,1.0
Qwen/Qwen2.5-0.5B,devtest,en,675,162,162,33,20.37037037037037,4.909090909090909,4.909090909090909,1.0
Qwen/Qwen2.5-0.5B,devtest,en,676,111,111,19,17.117117117117118,5.842105263157895,5.842105263157895,1.0
Qwen/Qwen2.5-0.5B,devtest,en,677,133,133,24,18.045112781954888,5.541666666666667,5.541666666666667,1.0
Qwen/Qwen2.5-0.5B,devtest,en,679,92,92,14,15.217391304347826,6.571428571428571,6.571428571428571,1.0
Qwen/Qwen2.5-0.5B,devtest,en,683,145,145,31,21.379310344827587,4.67741935483871,4.67741935483871,1.0
Qwen/Qwen2.5-0.5B,devtest,en,684,170,170,30,17.647058823529413,5.666666666666667,5.666666666666667,1.0
Qwen/Qwen2.5-0.5B,devtest,en,686,220,220,45,20.454545454545453,4.888888888888889,4.888888888888889,1.0
Qwen/Qwen2.5-0.5B,devtest,en,688,124,124,22,17.741935483870968,5.636363636363637,5.636363636363637,1.0
Qwen/Qwen2.5-0.5B,devtest,en,692,138,138,27,19.565217391304348,5.111111111111111,5.111111111111111,1.0
Qwen/Qwen2.5-0.5B,devtest,en,695,97,97,19,19.587628865979383,5.105263157894737,5.105263157894737,1.0
Qwen/Qwen2.5-0.5B,devtest,en,697,81,81,16,19.753086419753085,5.0625,5.0625,1.0
Qwen/Qwen2.5-0.5B,devtest,en,699,114,114,21,18.42105263157895,5.428571428571429,5.428571428571429,1.0
Qwen/Qwen2.5-0.5B,devtest,en,701,141,141,31,21.98581560283688,4.548387096774194,4.548387096774194,1.0
Qwen/Qwen2.5-0.5B,devtest,en,706,124,124,30,24.193548387096776,4.133333333333334,4.133333333333334,1.0
Qwen/Qwen2.5-0.5B,devtest,en,707,177,177,47,26.55367231638418,3.765957446808511,3.765957446808511,1.0
Qwen/Qwen2.5-0.5B,devtest,en,716,129,129,39,30.232558139534884,3.3076923076923075,3.3076923076923075,1.0
Qwen/Qwen2.5-0.5B,devtest,en,719,103,103,28,27.184466019417474,3.6785714285714284,3.6785714285714284,1.0
Qwen/Qwen2.5-0.5B,devtest,en,720,97,97,21,21.649484536082475,4.619047619047619,4.619047619047619,1.0
Qwen/Qwen2.5-0.5B,devtest,en,721,125,125,28,22.4,4.464285714285714,4.464285714285714,1.0
Qwen/Qwen2.5-0.5B,devtest,en,725,99,99,19,19.19191919191919,5.2105263157894735,5.2105263157894735,1.0
Qwen/Qwen2.5-0.5B,devtest,en,728,171,171,34,19.883040935672515,5.029411764705882,5.029411764705882,1.0
Qwen/Qwen2.5-0.5B,devtest,en,730,120,120,21,17.5,5.714285714285714,5.714285714285714,1.0
Qwen/Qwen2.5-0.5B,devtest,en,737,182,182,51,28.021978021978022,3.5686274509803924,3.5686274509803924,1.0
Qwen/Qwen2.5-0.5B,devtest,en,738,103,103,23,22.33009708737864,4.478260869565218,4.478260869565218,1.0
Qwen/Qwen2.5-0.5B,devtest,en,740,118,118,36,30.508474576271187,3.2777777777777777,3.2777777777777777,1.0
Qwen/Qwen2.5-0.5B,devtest,en,741,167,167,48,28.74251497005988,3.4791666666666665,3.4791666666666665,1.0
Qwen/Qwen2.5-0.5B,devtest,en,746,144,146,33,22.916666666666668,4.424242424242424,4.363636363636363,1.0
Qwen/Qwen2.5-0.5B,devtest,en,748,79,79,13,16.455696202531644,6.076923076923077,6.076923076923077,1.0
Qwen/Qwen2.5-0.5B,devtest,en,754,125,125,28,22.4,4.464285714285714,4.464285714285714,1.0
Qwen/Qwen2.5-0.5B,devtest,en,755,114,114,24,21.05263157894737,4.75,4.75,1.0
Qwen/Qwen2.5-0.5B,devtest,en,756,148,148,24,16.216216216216218,6.166666666666667,6.166666666666667,1.0
Qwen/Qwen2.5-0.5B,devtest,en,757,209,209,38,18.181818181818183,5.5,5.5,1.0
Qwen/Qwen2.5-0.5B,devtest,en,761,165,165,32,19.393939393939394,5.15625,5.15625,1.0
Qwen/Qwen2.5-0.5B,devtest,en,762,113,113,26,23.008849557522122,4.346153846153846,4.346153846153846,1.0
Qwen/Qwen2.5-0.5B,devtest,en,765,102,102,27,26.470588235294116,3.7777777777777777,3.7777777777777777,1.0
Qwen/Qwen2.5-0.5B,devtest,en,767,132,132,28,21.21212121212121,4.714285714285714,4.714285714285714,1.0
Qwen/Qwen2.5-0.5B,devtest,en,768,107,107,32,29.906542056074766,3.34375,3.34375,1.0
Qwen/Qwen2.5-0.5B,devtest,en,770,141,141,33,23.404255319148938,4.2727272727272725,4.2727272727272725,1.0
Qwen/Qwen2.5-0.5B,devtest,en,771,104,104,24,23.076923076923077,4.333333333333333,4.333333333333333,1.0
Qwen/Qwen2.5-0.5B,devtest,en,775,103,103,23,22.33009708737864,4.478260869565218,4.478260869565218,1.0
Qwen/Qwen2.5-0.5B,devtest,en,776,125,125,28,22.4,4.464285714285714,4.464285714285714,1.0
Qwen/Qwen2.5-0.5B,devtest,en,781,174,174,44,25.28735632183908,3.9545454545454546,3.9545454545454546,1.0
Qwen/Qwen2.5-0.5B,devtest,en,783,110,110,25,22.727272727272727,4.4,4.4,1.0
Qwen/Qwen2.5-0.5B,devtest,en,784,96,96,19,19.791666666666668,5.052631578947368,5.052631578947368,1.0
Qwen/Qwen2.5-0.5B,devtest,en,789,170,170,31,18.235294117647058,5.483870967741935,5.483870967741935,1.0
Qwen/Qwen2.5-0.5B,devtest,en,790,152,152,23,15.131578947368421,6.608695652173913,6.608695652173913,1.0
Qwen/Qwen2.5-0.5B,devtest,en,792,115,115,21,18.26086956521739,5.476190476190476,5.476190476190476,1.0
Qwen/Qwen2.5-0.5B,devtest,en,793,162,162,33,20.37037037037037,4.909090909090909,4.909090909090909,1.0
Qwen/Qwen2.5-0.5B,devtest,en,794,116,116,28,24.137931034482758,4.142857142857143,4.142857142857143,1.0
Qwen/Qwen2.5-0.5B,devtest,en,797,142,142,26,18.309859154929576,5.461538461538462,5.461538461538462,1.0
Qwen/Qwen2.5-0.5B,devtest,en,798,119,119,22,18.48739495798319,5.409090909090909,5.409090909090909,1.0
Qwen/Qwen2.5-0.5B,devtest,en,799,149,149,30,20.13422818791946,4.966666666666667,4.966666666666667,1.0
Qwen/Qwen2.5-0.5B,devtest,en,800,124,124,26,20.967741935483872,4.769230769230769,4.769230769230769,1.0
Qwen/Qwen2.5-0.5B,devtest,en,801,151,151,29,19.205298013245034,5.206896551724138,5.206896551724138,1.0
Qwen/Qwen2.5-0.5B,devtest,en,804,76,76,18,23.68421052631579,4.222222222222222,4.222222222222222,1.0
Qwen/Qwen2.5-0.5B,devtest,en,806,130,130,25,19.23076923076923,5.2,5.2,1.0
Qwen/Qwen2.5-0.5B,devtest,en,810,92,92,25,27.17391304347826,3.68,3.68,1.0
Qwen/Qwen2.5-0.5B,devtest,en,811,141,141,36,25.53191489361702,3.9166666666666665,3.9166666666666665,1.0
Qwen/Qwen2.5-0.5B,devtest,en,813,102,102,26,25.49019607843137,3.923076923076923,3.923076923076923,1.0
Qwen/Qwen2.5-0.5B,devtest,en,814,125,125,27,21.6,4.62962962962963,4.62962962962963,1.0
Qwen/Qwen2.5-0.5B,devtest,en,818,121,121,31,25.619834710743802,3.903225806451613,3.903225806451613,1.0
Qwen/Qwen2.5-0.5B,devtest,en,820,90,90,16,17.77777777777778,5.625,5.625,1.0
Qwen/Qwen2.5-0.5B,devtest,en,824,122,122,25,20.491803278688526,4.88,4.88,1.0
Qwen/Qwen2.5-0.5B,devtest,en,825,126,126,26,20.634920634920636,4.846153846153846,4.846153846153846,1.0
Qwen/Qwen2.5-0.5B,devtest,en,826,104,104,21,20.192307692307693,4.9523809523809526,4.9523809523809526,1.0
Qwen/Qwen2.5-0.5B,devtest,en,827,165,165,28,16.96969696969697,5.892857142857143,5.892857142857143,1.0
Qwen/Qwen2.5-0.5B,devtest,en,828,184,184,30,16.304347826086957,6.133333333333334,6.133333333333334,1.0
Qwen/Qwen2.5-0.5B,devtest,en,829,131,131,31,23.66412213740458,4.225806451612903,4.225806451612903,1.0
Qwen/Qwen2.5-0.5B,devtest,en,830,185,189,43,23.243243243243242,4.395348837209302,4.3023255813953485,1.0
Qwen/Qwen2.5-0.5B,devtest,en,832,128,128,28,21.875,4.571428571428571,4.571428571428571,1.0
Qwen/Qwen2.5-0.5B,devtest,en,834,149,149,30,20.13422818791946,4.966666666666667,4.966666666666667,1.0
Qwen/Qwen2.5-0.5B,devtest,en,836,85,85,18,21.176470588235293,4.722222222222222,4.722222222222222,1.0
Qwen/Qwen2.5-0.5B,devtest,en,837,71,71,20,28.169014084507044,3.55,3.55,1.0
Qwen/Qwen2.5-0.5B,devtest,en,839,141,141,32,22.69503546099291,4.40625,4.40625,1.0
Qwen/Qwen2.5-0.5B,devtest,en,840,143,143,28,19.58041958041958,5.107142857142857,5.107142857142857,1.0
Qwen/Qwen2.5-0.5B,devtest,en,843,135,135,27,20.0,5.0,5.0,1.0
Qwen/Qwen2.5-0.5B,devtest,en,844,185,185,42,22.7027027027027,4.404761904761905,4.404761904761905,1.0
Qwen/Qwen2.5-0.5B,devtest,en,847,141,142,31,21.98581560283688,4.580645161290323,4.548387096774194,1.0
Qwen/Qwen2.5-0.5B,devtest,en,849,170,170,33,19.41176470588235,5.151515151515151,5.151515151515151,1.0
Qwen/Qwen2.5-0.5B,devtest,en,852,149,149,39,26.174496644295303,3.8205128205128207,3.8205128205128207,1.0
Qwen/Qwen2.5-0.5B,devtest,en,853,92,92,20,21.73913043478261,4.6,4.6,1.0
Qwen/Qwen2.5-0.5B,devtest,en,854,167,167,35,20.95808383233533,4.771428571428571,4.771428571428571,1.0
Qwen/Qwen2.5-0.5B,devtest,en,856,199,201,37,18.592964824120603,5.4324324324324325,5.378378378378378,1.0
Qwen/Qwen2.5-0.5B,devtest,en,857,236,236,36,15.254237288135593,6.555555555555555,6.555555555555555,1.0
Qwen/Qwen2.5-0.5B,devtest,en,858,76,76,17,22.36842105263158,4.470588235294118,4.470588235294118,1.0
Qwen/Qwen2.5-0.5B,devtest,en,860,165,165,37,22.424242424242426,4.45945945945946,4.45945945945946,1.0
Qwen/Qwen2.5-0.5B,devtest,en,862,126,126,23,18.253968253968253,5.478260869565218,5.478260869565218,1.0
Qwen/Qwen2.5-0.5B,devtest,en,866,94,97,27,28.72340425531915,3.5925925925925926,3.4814814814814814,1.0
Qwen/Qwen2.5-0.5B,devtest,en,867,200,200,38,19.0,5.2631578947368425,5.2631578947368425,1.0
Qwen/Qwen2.5-0.5B,devtest,en,868,155,155,27,17.419354838709676,5.7407407407407405,5.7407407407407405,1.0
Qwen/Qwen2.5-0.5B,devtest,en,870,109,109,19,17.431192660550458,5.7368421052631575,5.7368421052631575,1.0
Qwen/Qwen2.5-0.5B,devtest,en,873,157,157,29,18.471337579617835,5.413793103448276,5.413793103448276,1.0
Qwen/Qwen2.5-0.5B,devtest,en,875,157,157,34,21.656050955414013,4.617647058823529,4.617647058823529,1.0
Qwen/Qwen2.5-0.5B,devtest,en,876,106,106,21,19.81132075471698,5.0476190476190474,5.0476190476190474,1.0
Qwen/Qwen2.5-0.5B,devtest,en,877,131,131,26,19.84732824427481,5.038461538461538,5.038461538461538,1.0
Qwen/Qwen2.5-0.5B,devtest,en,878,106,106,19,17.92452830188679,5.578947368421052,5.578947368421052,1.0
Qwen/Qwen2.5-0.5B,devtest,en,879,111,111,22,19.81981981981982,5.045454545454546,5.045454545454546,1.0
Qwen/Qwen2.5-0.5B,devtest,en,880,116,116,20,17.24137931034483,5.8,5.8,1.0
Qwen/Qwen2.5-0.5B,devtest,en,882,113,113,19,16.8141592920354,5.947368421052632,5.947368421052632,1.0
Qwen/Qwen2.5-0.5B,devtest,en,885,88,88,16,18.181818181818183,5.5,5.5,1.0
Qwen/Qwen2.5-0.5B,devtest,en,888,98,98,21,21.428571428571427,4.666666666666667,4.666666666666667,1.0
Qwen/Qwen2.5-0.5B,devtest,en,895,127,127,25,19.68503937007874,5.08,5.08,1.0
Qwen/Qwen2.5-0.5B,devtest,en,899,92,92,21,22.82608695652174,4.380952380952381,4.380952380952381,1.0
Qwen/Qwen2.5-0.5B,devtest,en,900,118,118,25,21.1864406779661,4.72,4.72,1.0
Qwen/Qwen2.5-0.5B,devtest,en,905,139,139,24,17.26618705035971,5.791666666666667,5.791666666666667,1.0
Qwen/Qwen2.5-0.5B,devtest,en,908,122,122,31,25.40983606557377,3.935483870967742,3.935483870967742,1.0
Qwen/Qwen2.5-0.5B,devtest,en,912,111,111,18,16.216216216216218,6.166666666666667,6.166666666666667,1.0
Qwen/Qwen2.5-0.5B,devtest,en,913,89,89,17,19.10112359550562,5.235294117647059,5.235294117647059,1.0
Qwen/Qwen2.5-0.5B,devtest,en,915,145,145,28,19.310344827586206,5.178571428571429,5.178571428571429,1.0
Qwen/Qwen2.5-0.5B,devtest,en,916,78,78,15,19.23076923076923,5.2,5.2,1.0
Qwen/Qwen2.5-0.5B,devtest,en,917,146,146,34,23.28767123287671,4.294117647058823,4.294117647058823,1.0
Qwen/Qwen2.5-0.5B,devtest,en,920,85,85,20,23.529411764705884,4.25,4.25,1.0
Qwen/Qwen2.5-0.5B,devtest,en,921,131,131,29,22.137404580152673,4.517241379310345,4.517241379310345,1.0
Qwen/Qwen2.5-0.5B,devtest,en,924,96,96,27,28.125,3.5555555555555554,3.5555555555555554,1.0
Qwen/Qwen2.5-0.5B,devtest,en,925,188,188,44,23.404255319148938,4.2727272727272725,4.2727272727272725,1.0
Qwen/Qwen2.5-0.5B,devtest,en,929,171,171,29,16.95906432748538,5.896551724137931,5.896551724137931,1.0
Qwen/Qwen2.5-0.5B,devtest,en,930,119,119,24,20.168067226890756,4.958333333333333,4.958333333333333,1.0
Qwen/Qwen2.5-0.5B,devtest,en,933,159,159,38,23.89937106918239,4.184210526315789,4.184210526315789,1.0
Qwen/Qwen2.5-0.5B,devtest,en,934,170,170,37,21.764705882352942,4.594594594594595,4.594594594594595,1.0
Qwen/Qwen2.5-0.5B,devtest,en,944,263,263,51,19.39163498098859,5.1568627450980395,5.1568627450980395,1.0
Qwen/Qwen2.5-0.5B,devtest,en,945,104,105,26,25.0,4.038461538461538,4.0,1.0
Qwen/Qwen2.5-0.5B,devtest,en,947,63,63,13,20.634920634920636,4.846153846153846,4.846153846153846,1.0
Qwen/Qwen2.5-0.5B,devtest,en,949,71,71,21,29.577464788732396,3.380952380952381,3.380952380952381,1.0
Qwen/Qwen2.5-0.5B,devtest,en,950,123,123,27,21.951219512195124,4.555555555555555,4.555555555555555,1.0
Qwen/Qwen2.5-0.5B,devtest,en,951,178,178,36,20.224719101123597,4.944444444444445,4.944444444444445,1.0
Qwen/Qwen2.5-0.5B,devtest,en,952,172,172,37,21.511627906976745,4.648648648648648,4.648648648648648,1.0
Qwen/Qwen2.5-0.5B,devtest,en,953,129,129,27,20.930232558139537,4.777777777777778,4.777777777777778,1.0
Qwen/Qwen2.5-0.5B,devtest,en,955,163,163,30,18.404907975460123,5.433333333333334,5.433333333333334,1.0
Qwen/Qwen2.5-0.5B,devtest,en,956,114,114,21,18.42105263157895,5.428571428571429,5.428571428571429,1.0
Qwen/Qwen2.5-0.5B,devtest,en,958,211,211,38,18.009478672985782,5.552631578947368,5.552631578947368,1.0
Qwen/Qwen2.5-0.5B,devtest,en,962,158,158,34,21.518987341772153,4.647058823529412,4.647058823529412,1.0
Qwen/Qwen2.5-0.5B,devtest,en,963,134,134,27,20.149253731343283,4.962962962962963,4.962962962962963,1.0
Qwen/Qwen2.5-0.5B,devtest,en,965,149,149,36,24.161073825503355,4.138888888888889,4.138888888888889,1.0
Qwen/Qwen2.5-0.5B,devtest,en,967,190,190,43,22.63157894736842,4.4186046511627906,4.4186046511627906,1.0
Qwen/Qwen2.5-0.5B,devtest,en,969,184,184,37,20.108695652173914,4.972972972972973,4.972972972972973,1.0
Qwen/Qwen2.5-0.5B,devtest,en,971,163,163,39,23.926380368098158,4.17948717948718,4.17948717948718,1.0
Qwen/Qwen2.5-0.5B,devtest,en,972,112,112,25,22.321428571428573,4.48,4.48,1.0
Qwen/Qwen2.5-0.5B,devtest,en,973,71,71,13,18.309859154929576,5.461538461538462,5.461538461538462,1.0
Qwen/Qwen2.5-0.5B,devtest,en,975,104,104,18,17.307692307692307,5.777777777777778,5.777777777777778,1.0
Qwen/Qwen2.5-0.5B,devtest,en,977,96,96,22,22.916666666666668,4.363636363636363,4.363636363636363,1.0
Qwen/Qwen2.5-0.5B,devtest,en,978,57,57,11,19.29824561403509,5.181818181818182,5.181818181818182,1.0
Qwen/Qwen2.5-0.5B,devtest,en,986,74,74,15,20.27027027027027,4.933333333333334,4.933333333333334,1.0
Qwen/Qwen2.5-0.5B,devtest,en,987,150,150,28,18.666666666666668,5.357142857142857,5.357142857142857,1.0
Qwen/Qwen2.5-0.5B,devtest,en,988,114,114,24,21.05263157894737,4.75,4.75,1.0
Qwen/Qwen2.5-0.5B,devtest,en,989,116,116,23,19.82758620689655,5.043478260869565,5.043478260869565,1.0
Qwen/Qwen2.5-0.5B,devtest,en,993,123,123,27,21.951219512195124,4.555555555555555,4.555555555555555,1.0
Qwen/Qwen2.5-0.5B,devtest,en,994,62,62,15,24.193548387096776,4.133333333333334,4.133333333333334,1.0
Qwen/Qwen2.5-0.5B,devtest,en,995,153,153,34,22.22222222222222,4.5,4.5,1.0
Qwen/Qwen2.5-0.5B,devtest,en,997,108,108,20,18.51851851851852,5.4,5.4,1.0
Qwen/Qwen2.5-0.5B,devtest,en,998,146,146,28,19.17808219178082,5.214285714285714,5.214285714285714,1.0
Qwen/Qwen2.5-0.5B,devtest,en,1000,138,138,25,18.115942028985508,5.52,5.52,1.0
Qwen/Qwen2.5-0.5B,devtest,en,1001,214,214,36,16.822429906542055,5.944444444444445,5.944444444444445,1.0
Qwen/Qwen2.5-0.5B,devtest,en,1003,154,154,30,19.48051948051948,5.133333333333334,5.133333333333334,1.0
Qwen/Qwen2.5-0.5B,devtest,en,1005,150,150,30,20.0,5.0,5.0,1.0
Qwen/Qwen2.5-0.5B,devtest,en,1006,113,113,25,22.123893805309734,4.52,4.52,1.0
Qwen/Qwen2.5-0.5B,devtest,en,1008,90,90,17,18.88888888888889,5.294117647058823,5.294117647058823,1.0
Qwen/Qwen2.5-0.5B,devtest,en,1009,105,105,21,20.0,5.0,5.0,1.0
Qwen/Qwen2.5-0.5B,devtest,en,1010,103,103,15,14.563106796116505,6.866666666666666,6.866666666666666,1.0
Qwen/Qwen2.5-0.5B,devtest,en,1011,150,150,28,18.666666666666668,5.357142857142857,5.357142857142857,1.0
Qwen/Qwen2.5-0.5B,devtest,ko,4,111,255,70,63.06306306306306,3.642857142857143,1.5857142857142856,1.8918918918918919
Qwen/Qwen2.5-0.5B,devtest,ko,6,37,69,20,54.054054054054056,3.45,1.85,2.0
Qwen/Qwen2.5-0.5B,devtest,ko,7,83,173,56,67.46987951807229,3.0892857142857144,1.4821428571428572,2.0
Qwen/Qwen2.5-0.5B,devtest,ko,12,81,177,52,64.19753086419753,3.4038461538461537,1.5576923076923077,1.7333333333333334
Qwen/Qwen2.5-0.5B,devtest,ko,14,86,208,51,59.30232558139535,4.078431372549019,1.6862745098039216,1.2439024390243902
Qwen/Qwen2.5-0.5B,devtest,ko,15,109,275,71,65.13761467889908,3.8732394366197185,1.5352112676056338,1.5434782608695652
Qwen/Qwen2.5-0.5B,devtest,ko,16,104,250,68,65.38461538461539,3.676470588235294,1.5294117647058822,1.619047619047619
Qwen/Qwen2.5-0.5B,devtest,ko,17,51,123,46,90.19607843137256,2.6739130434782608,1.108695652173913,1.4838709677419355
Qwen/Qwen2.5-0.5B,devtest,ko,19,143,321,105,73.42657342657343,3.057142857142857,1.361904761904762,1.4189189189189189
Qwen/Qwen2.5-0.5B,devtest,ko,22,90,212,76,84.44444444444444,2.789473684210526,1.1842105263157894,2.111111111111111
Qwen/Qwen2.5-0.5B,devtest,ko,23,107,263,80,74.76635514018692,3.2875,1.3375,1.9047619047619047
Qwen/Qwen2.5-0.5B,devtest,ko,24,69,175,45,65.21739130434783,3.888888888888889,1.5333333333333334,1.6071428571428572
Qwen/Qwen2.5-0.5B,devtest,ko,28,48,120,40,83.33333333333333,3.0,1.2,1.6
Qwen/Qwen2.5-0.5B,devtest,ko,30,113,285,67,59.29203539823009,4.253731343283582,1.6865671641791045,1.2884615384615385
Qwen/Qwen2.5-0.5B,devtest,ko,31,104,262,76,73.07692307692308,3.4473684210526314,1.368421052631579,1.5510204081632653
Qwen/Qwen2.5-0.5B,devtest,ko,34,29,69,20,68.96551724137932,3.45,1.45,1.5384615384615385
Qwen/Qwen2.5-0.5B,devtest,ko,37,64,138,40,62.5,3.45,1.6,1.6666666666666667
Qwen/Qwen2.5-0.5B,devtest,ko,38,51,103,30,58.8235294117647,3.433333333333333,1.7,1.5789473684210527
Qwen/Qwen2.5-0.5B,devtest,ko,40,65,165,48,73.84615384615384,3.4375,1.3541666666666667,1.92
Qwen/Qwen2.5-0.5B,devtest,ko,43,54,108,42,77.77777777777777,2.5714285714285716,1.2857142857142858,1.2727272727272727
Qwen/Qwen2.5-0.5B,devtest,ko,44,56,138,40,71.42857142857143,3.45,1.4,1.4285714285714286
Qwen/Qwen2.5-0.5B,devtest,ko,48,53,127,40,75.47169811320755,3.175,1.325,2.1052631578947367
Qwen/Qwen2.5-0.5B,devtest,ko,49,74,174,49,66.21621621621621,3.5510204081632653,1.510204081632653,1.8148148148148149
Qwen/Qwen2.5-0.5B,devtest,ko,50,44,100,31,70.45454545454545,3.225806451612903,1.4193548387096775,1.8235294117647058
Qwen/Qwen2.5-0.5B,devtest,ko,56,90,222,65,72.22222222222223,3.4153846153846152,1.3846153846153846,1.5476190476190477
Qwen/Qwen2.5-0.5B,devtest,ko,57,86,214,64,74.4186046511628,3.34375,1.34375,1.9393939393939394
Qwen/Qwen2.5-0.5B,devtest,ko,59,39,93,24,61.53846153846154,3.875,1.625,2.0
Qwen/Qwen2.5-0.5B,devtest,ko,60,56,140,37,66.07142857142857,3.7837837837837838,1.5135135135135136,1.3214285714285714
Qwen/Qwen2.5-0.5B,devtest,ko,61,55,137,38,69.0909090909091,3.6052631578947367,1.4473684210526316,2.0
Qwen/Qwen2.5-0.5B,devtest,ko,62,81,199,48,59.25925925925926,4.145833333333333,1.6875,1.4545454545454546
Qwen/Qwen2.5-0.5B,devtest,ko,64,78,178,53,67.94871794871794,3.358490566037736,1.471698113207547,1.8275862068965518
Qwen/Qwen2.5-0.5B,devtest,ko,66,63,155,56,88.88888888888889,2.767857142857143,1.125,2.24
Qwen/Qwen2.5-0.5B,devtest,ko,69,58,146,48,82.75862068965517,3.0416666666666665,1.2083333333333333,1.5483870967741935
Qwen/Qwen2.5-0.5B,devtest,ko,70,54,134,36,66.66666666666667,3.7222222222222223,1.5,1.6363636363636365
Qwen/Qwen2.5-0.5B,devtest,ko,71,106,242,78,73.58490566037736,3.1025641025641026,1.358974358974359,1.625
Qwen/Qwen2.5-0.5B,devtest,ko,74,85,203,62,72.94117647058823,3.274193548387097,1.3709677419354838,1.5897435897435896
Qwen/Qwen2.5-0.5B,devtest,ko,75,76,190,60,78.94736842105263,3.1666666666666665,1.2666666666666666,1.935483870967742
Qwen/Qwen2.5-0.5B,devtest,ko,78,33,77,18,54.54545454545455,4.277777777777778,1.8333333333333333,1.5
Qwen/Qwen2.5-0.5B,devtest,ko,82,48,118,34,70.83333333333333,3.4705882352941178,1.411764705882353,1.5454545454545454
Qwen/Qwen2.5-0.5B,devtest,ko,83,90,188,65,72.22222222222223,2.8923076923076922,1.3846153846153846,1.911764705882353
Qwen/Qwen2.5-0.5B,devtest,ko,86,93,215,51,54.83870967741935,4.215686274509804,1.8235294117647058,1.2142857142857142
Qwen/Qwen2.5-0.5B,devtest,ko,87,81,203,55,67.90123456790124,3.690909090909091,1.4727272727272727,2.1153846153846154
Qwen/Qwen2.5-0.5B,devtest,ko,88,54,138,37,68.51851851851852,3.72972972972973,1.4594594594594594,1.608695652173913
Qwen/Qwen2.5-0.5B,devtest,ko,89,58,146,42,72.41379310344827,3.4761904761904763,1.380952380952381,1.5555555555555556
Qwen/Qwen2.5-0.5B,devtest,ko,91,52,134,34,65.38461538461539,3.9411764705882355,1.5294117647058822,1.5454545454545454
Qwen/Qwen2.5-0.5B,devtest,ko,93,28,66,19,67.85714285714286,3.473684210526316,1.4736842105263157,1.7272727272727273
Qwen/Qwen2.5-0.5B,devtest,ko,95,50,124,35,70.0,3.5428571428571427,1.4285714285714286,1.75
Qwen/Qwen2.5-0.5B,devtest,ko,96,60,154,37,61.666666666666664,4.162162162162162,1.6216216216216217,1.7619047619047619
Qwen/Qwen2.5-0.5B,devtest,ko,100,54,124,38,70.37037037037037,3.263157894736842,1.4210526315789473,1.8095238095238095
Qwen/Qwen2.5-0.5B,devtest,ko,101,119,251,79,66.38655462184875,3.1772151898734178,1.5063291139240507,1.58
Qwen/Qwen2.5-0.5B,devtest,ko,102,68,148,54,79.41176470588235,2.740740740740741,1.2592592592592593,1.255813953488372
Qwen/Qwen2.5-0.5B,devtest,ko,103,27,69,20,74.07407407407408,3.45,1.35,1.8181818181818181
Qwen/Qwen2.5-0.5B,devtest,ko,106,31,79,21,67.74193548387096,3.761904761904762,1.4761904761904763,1.6153846153846154
Qwen/Qwen2.5-0.5B,devtest,ko,107,109,275,79,72.4770642201835,3.481012658227848,1.379746835443038,2.135135135135135
Qwen/Qwen2.5-0.5B,devtest,ko,108,111,273,90,81.08108108108108,3.033333333333333,1.2333333333333334,1.6981132075471699
Qwen/Qwen2.5-0.5B,devtest,ko,109,47,115,39,82.97872340425532,2.948717948717949,1.205128205128205,1.95
Qwen/Qwen2.5-0.5B,devtest,ko,111,33,83,18,54.54545454545455,4.611111111111111,1.8333333333333333,1.2
Qwen/Qwen2.5-0.5B,devtest,ko,113,38,92,26,68.42105263157895,3.5384615384615383,1.4615384615384615,1.4444444444444444
Qwen/Qwen2.5-0.5B,devtest,ko,114,81,201,56,69.1358024691358,3.5892857142857144,1.4464285714285714,1.8064516129032258
Qwen/Qwen2.5-0.5B,devtest,ko,115,60,148,43,71.66666666666667,3.441860465116279,1.3953488372093024,1.5357142857142858
Qwen/Qwen2.5-0.5B,devtest,ko,117,79,191,54,68.35443037974683,3.537037037037037,1.462962962962963,1.6875
Qwen/Qwen2.5-0.5B,devtest,ko,118,40,88,30,75.0,2.933333333333333,1.3333333333333333,1.5789473684210527
Qwen/Qwen2.5-0.5B,devtest,ko,120,95,217,68,71.57894736842105,3.1911764705882355,1.3970588235294117,1.446808510638298
Qwen/Qwen2.5-0.5B,devtest,ko,122,46,100,31,67.3913043478261,3.225806451612903,1.4838709677419355,1.9375
Qwen/Qwen2.5-0.5B,devtest,ko,124,45,109,33,73.33333333333333,3.303030303030303,1.3636363636363635,1.32
Qwen/Qwen2.5-0.5B,devtest,ko,126,20,50,14,70.0,3.5714285714285716,1.4285714285714286,1.2727272727272727
Qwen/Qwen2.5-0.5B,devtest,ko,129,49,113,37,75.51020408163265,3.054054054054054,1.3243243243243243,2.0555555555555554
Qwen/Qwen2.5-0.5B,devtest,ko,130,72,172,45,62.5,3.8222222222222224,1.6,2.0454545454545454
Qwen/Qwen2.5-0.5B,devtest,ko,131,82,206,56,68.29268292682927,3.6785714285714284,1.4642857142857142,1.696969696969697
Qwen/Qwen2.5-0.5B,devtest,ko,132,73,183,53,72.6027397260274,3.452830188679245,1.3773584905660377,1.5588235294117647
Qwen/Qwen2.5-0.5B,devtest,ko,134,53,113,39,73.58490566037736,2.8974358974358974,1.358974358974359,1.3928571428571428
Qwen/Qwen2.5-0.5B,devtest,ko,135,60,150,42,70.0,3.5714285714285716,1.4285714285714286,2.210526315789474
Qwen/Qwen2.5-0.5B,devtest,ko,136,33,73,26,78.78787878787878,2.8076923076923075,1.2692307692307692,1.5294117647058822
Qwen/Qwen2.5-0.5B,devtest,ko,137,46,106,37,80.43478260869566,2.864864864864865,1.2432432432432432,1.48
Qwen/Qwen2.5-0.5B,devtest,ko,139,54,128,38,70.37037037037037,3.3684210526315788,1.4210526315789473,1.4615384615384615
Qwen/Qwen2.5-0.5B,devtest,ko,141,83,203,54,65.06024096385542,3.759259259259259,1.537037037037037,1.4594594594594594
Qwen/Qwen2.5-0.5B,devtest,ko,143,48,122,33,68.75,3.696969696969697,1.4545454545454546,1.5
Qwen/Qwen2.5-0.5B,devtest,ko,146,45,105,31,68.88888888888889,3.3870967741935485,1.4516129032258065,1.3478260869565217
Qwen/Qwen2.5-0.5B,devtest,ko,149,40,102,30,75.0,3.4,1.3333333333333333,1.6666666666666667
Qwen/Qwen2.5-0.5B,devtest,ko,151,96,208,57,59.375,3.6491228070175437,1.6842105263157894,1.5405405405405406
Qwen/Qwen2.5-0.5B,devtest,ko,153,66,158,58,87.87878787878788,2.7241379310344827,1.1379310344827587,1.8709677419354838
Qwen/Qwen2.5-0.5B,devtest,ko,158,73,153,54,73.97260273972603,2.8333333333333335,1.3518518518518519,1.3170731707317074
Qwen/Qwen2.5-0.5B,devtest,ko,159,45,111,32,71.11111111111111,3.46875,1.40625,1.6842105263157894
Qwen/Qwen2.5-0.5B,devtest,ko,160,40,94,24,60.0,3.9166666666666665,1.6666666666666667,1.6
Qwen/Qwen2.5-0.5B,devtest,ko,164,29,75,20,68.96551724137932,3.75,1.45,2.0
Qwen/Qwen2.5-0.5B,devtest,ko,169,67,169,44,65.67164179104478,3.840909090909091,1.5227272727272727,1.9130434782608696
Qwen/Qwen2.5-0.5B,devtest,ko,170,76,172,48,63.1578947368421,3.5833333333333335,1.5833333333333333,1.6551724137931034
Qwen/Qwen2.5-0.5B,devtest,ko,171,51,87,25,49.01960784313726,3.48,2.04,1.25
Qwen/Qwen2.5-0.5B,devtest,ko,175,41,103,27,65.85365853658537,3.814814814814815,1.5185185185185186,1.8
Qwen/Qwen2.5-0.5B,devtest,ko,176,82,210,68,82.92682926829268,3.088235294117647,1.2058823529411764,2.0606060606060606
Qwen/Qwen2.5-0.5B,devtest,ko,177,58,112,46,79.3103448275862,2.4347826086956523,1.2608695652173914,1.5862068965517242
Qwen/Qwen2.5-0.5B,devtest,ko,183,71,139,53,74.64788732394366,2.6226415094339623,1.3396226415094339,1.4324324324324325
Qwen/Qwen2.5-0.5B,devtest,ko,184,82,198,62,75.60975609756098,3.193548387096774,1.3225806451612903,1.55
Qwen/Qwen2.5-0.5B,devtest,ko,185,72,176,53,73.61111111111111,3.3207547169811322,1.3584905660377358,1.962962962962963
Qwen/Qwen2.5-0.5B,devtest,ko,186,44,110,34,77.27272727272727,3.235294117647059,1.2941176470588236,2.125
Qwen/Qwen2.5-0.5B,devtest,ko,187,63,147,45,71.42857142857143,3.2666666666666666,1.4,1.6666666666666667
Qwen/Qwen2.5-0.5B,devtest,ko,190,58,150,37,63.793103448275865,4.054054054054054,1.5675675675675675,1.5416666666666667
Qwen/Qwen2.5-0.5B,devtest,ko,192,78,196,65,83.33333333333333,3.0153846153846153,1.2,2.03125
Qwen/Qwen2.5-0.5B,devtest,ko,193,140,336,92,65.71428571428571,3.652173913043478,1.5217391304347827,1.7037037037037037
Qwen/Qwen2.5-0.5B,devtest,ko,194,68,128,44,64.70588235294117,2.909090909090909,1.5454545454545454,2.3157894736842106
Qwen/Qwen2.5-0.5B,devtest,ko,195,53,127,34,64.15094339622641,3.735294117647059,1.5588235294117647,2.125
Qwen/Qwen2.5-0.5B,devtest,ko,198,43,107,30,69.76744186046511,3.566666666666667,1.4333333333333333,1.5
Qwen/Qwen2.5-0.5B,devtest,ko,201,88,206,69,78.4090909090909,2.9855072463768115,1.2753623188405796,1.9714285714285715
Qwen/Qwen2.5-0.5B,devtest,ko,206,51,119,34,66.66666666666667,3.5,1.5,1.36
Qwen/Qwen2.5-0.5B,devtest,ko,208,59,149,40,67.79661016949153,3.725,1.475,1.6666666666666667
Qwen/Qwen2.5-0.5B,devtest,ko,209,49,123,34,69.38775510204081,3.6176470588235294,1.4411764705882353,2.8333333333333335
Qwen/Qwen2.5-0.5B,devtest,ko,210,41,103,28,68.29268292682927,3.6785714285714284,1.4642857142857142,1.6470588235294117
Qwen/Qwen2.5-0.5B,devtest,ko,211,69,173,37,53.6231884057971,4.675675675675675,1.864864864864865,1.6818181818181819
Qwen/Qwen2.5-0.5B,devtest,ko,212,43,107,26,60.46511627906977,4.115384615384615,1.6538461538461537,2.0
Qwen/Qwen2.5-0.5B,devtest,ko,213,49,113,38,77.55102040816327,2.973684210526316,1.2894736842105263,1.4615384615384615
Qwen/Qwen2.5-0.5B,devtest,ko,214,85,181,61,71.76470588235294,2.9672131147540983,1.3934426229508197,2.103448275862069
Qwen/Qwen2.5-0.5B,devtest,ko,215,72,172,52,72.22222222222223,3.3076923076923075,1.3846153846153846,1.625
Qwen/Qwen2.5-0.5B,devtest,ko,216,31,79,20,64.51612903225806,3.95,1.55,1.25
Qwen/Qwen2.5-0.5B,devtest,ko,218,59,149,44,74.57627118644068,3.3863636363636362,1.3409090909090908,1.9130434782608696
Qwen/Qwen2.5-0.5B,devtest,ko,221,48,116,30,62.5,3.8666666666666667,1.6,1.875
Qwen/Qwen2.5-0.5B,devtest,ko,222,86,210,61,70.93023255813954,3.442622950819672,1.4098360655737705,2.1785714285714284
Qwen/Qwen2.5-0.5B,devtest,ko,223,59,145,42,71.1864406779661,3.4523809523809526,1.4047619047619047,2.0
Qwen/Qwen2.5-0.5B,devtest,ko,227,45,111,31,68.88888888888889,3.5806451612903225,1.4516129032258065,1.4090909090909092
Qwen/Qwen2.5-0.5B,devtest,ko,228,56,132,41,73.21428571428571,3.2195121951219514,1.3658536585365855,1.5769230769230769
Qwen/Qwen2.5-0.5B,devtest,ko,229,39,97,33,84.61538461538461,2.9393939393939394,1.1818181818181819,1.8333333333333333
Qwen/Qwen2.5-0.5B,devtest,ko,230,45,91,30,66.66666666666667,3.033333333333333,1.5,1.3636363636363635
Qwen/Qwen2.5-0.5B,devtest,ko,232,97,219,69,71.1340206185567,3.1739130434782608,1.4057971014492754,1.5
Qwen/Qwen2.5-0.5B,devtest,ko,234,91,177,60,65.93406593406593,2.95,1.5166666666666666,1.25
Qwen/Qwen2.5-0.5B,devtest,ko,235,49,117,38,77.55102040816327,3.0789473684210527,1.2894736842105263,1.3103448275862069
Qwen/Qwen2.5-0.5B,devtest,ko,236,76,192,62,81.57894736842105,3.096774193548387,1.2258064516129032,1.9375
Qwen/Qwen2.5-0.5B,devtest,ko,238,48,120,37,77.08333333333333,3.2432432432432434,1.2972972972972974,1.85
Qwen/Qwen2.5-0.5B,devtest,ko,239,45,117,39,86.66666666666667,3.0,1.1538461538461537,1.6956521739130435
Qwen/Qwen2.5-0.5B,devtest,ko,243,46,104,28,60.869565217391305,3.7142857142857144,1.6428571428571428,1.4736842105263157
Qwen/Qwen2.5-0.5B,devtest,ko,244,66,160,49,74.24242424242425,3.2653061224489797,1.346938775510204,1.96
Qwen/Qwen2.5-0.5B,devtest,ko,246,91,187,63,69.23076923076923,2.9682539682539684,1.4444444444444444,2.52
Qwen/Qwen2.5-0.5B,devtest,ko,248,100,216,66,66.0,3.272727272727273,1.5151515151515151,1.8333333333333333
Qwen/Qwen2.5-0.5B,devtest,ko,249,55,137,38,69.0909090909091,3.6052631578947367,1.4473684210526316,1.4074074074074074
Qwen/Qwen2.5-0.5B,devtest,ko,251,46,100,36,78.26086956521739,2.7777777777777777,1.2777777777777777,1.3846153846153846
Qwen/Qwen2.5-0.5B,devtest,ko,252,55,139,38,69.0909090909091,3.6578947368421053,1.4473684210526316,1.3571428571428572
Qwen/Qwen2.5-0.5B,devtest,ko,254,33,79,27,81.81818181818181,2.925925925925926,1.2222222222222223,1.9285714285714286
Qwen/Qwen2.5-0.5B,devtest,ko,255,93,223,63,67.74193548387096,3.5396825396825395,1.4761904761904763,2.032258064516129
Qwen/Qwen2.5-0.5B,devtest,ko,256,58,146,49,84.48275862068965,2.979591836734694,1.183673469387755,2.130434782608696
Qwen/Qwen2.5-0.5B,devtest,ko,257,57,141,37,64.91228070175438,3.810810810810811,1.5405405405405406,1.6818181818181819
Qwen/Qwen2.5-0.5B,devtest,ko,258,47,121,35,74.46808510638297,3.4571428571428573,1.3428571428571427,1.75
Qwen/Qwen2.5-0.5B,devtest,ko,260,48,122,32,66.66666666666667,3.8125,1.5,1.2307692307692308
Qwen/Qwen2.5-0.5B,devtest,ko,262,38,92,26,68.42105263157895,3.5384615384615383,1.4615384615384615,1.625
Qwen/Qwen2.5-0.5B,devtest,ko,263,48,122,25,52.083333333333336,4.88,1.92,1.6666666666666667
Qwen/Qwen2.5-0.5B,devtest,ko,265,107,251,74,69.1588785046729,3.391891891891892,1.445945945945946,1.6818181818181819
Qwen/Qwen2.5-0.5B,devtest,ko,266,63,137,44,69.84126984126983,3.1136363636363638,1.4318181818181819,1.4666666666666666
Qwen/Qwen2.5-0.5B,devtest,ko,267,82,202,57,69.51219512195122,3.543859649122807,1.4385964912280702,1.5833333333333333
Qwen/Qwen2.5-0.5B,devtest,ko,269,49,115,41,83.6734693877551,2.8048780487804876,1.1951219512195121,1.28125
Qwen/Qwen2.5-0.5B,devtest,ko,271,102,256,69,67.6470588235294,3.710144927536232,1.4782608695652173,1.9166666666666667
Qwen/Qwen2.5-0.5B,devtest,ko,272,39,93,28,71.7948717948718,3.3214285714285716,1.3928571428571428,1.75
Qwen/Qwen2.5-0.5B,devtest,ko,273,58,130,44,75.86206896551724,2.9545454545454546,1.3181818181818181,2.588235294117647
Qwen/Qwen2.5-0.5B,devtest,ko,274,82,192,56,68.29268292682927,3.4285714285714284,1.4642857142857142,1.5135135135135136
Qwen/Qwen2.5-0.5B,devtest,ko,275,130,292,107,82.3076923076923,2.7289719626168223,1.2149532710280373,1.3544303797468353
Qwen/Qwen2.5-0.5B,devtest,ko,276,80,188,64,80.0,2.9375,1.25,1.6
Qwen/Qwen2.5-0.5B,devtest,ko,277,33,85,28,84.84848484848484,3.0357142857142856,1.1785714285714286,2.1538461538461537
Qwen/Qwen2.5-0.5B,devtest,ko,279,118,180,65,55.08474576271186,2.769230769230769,1.8153846153846154,2.2413793103448274
Qwen/Qwen2.5-0.5B,devtest,ko,281,45,105,30,66.66666666666667,3.5,1.5,1.5789473684210527
Qwen/Qwen2.5-0.5B,devtest,ko,282,28,70,20,71.42857142857143,3.5,1.4,1.8181818181818181
Qwen/Qwen2.5-0.5B,devtest,ko,283,58,144,41,70.6896551724138,3.5121951219512195,1.4146341463414633,1.9523809523809523
Qwen/Qwen2.5-0.5B,devtest,ko,284,68,128,39,57.35294117647059,3.282051282051282,1.7435897435897436,2.2941176470588234
Qwen/Qwen2.5-0.5B,devtest,ko,287,75,185,52,69.33333333333333,3.5576923076923075,1.4423076923076923,2.1666666666666665
Qwen/Qwen2.5-0.5B,devtest,ko,288,74,188,48,64.86486486486487,3.9166666666666665,1.5416666666666667,1.92
Qwen/Qwen2.5-0.5B,devtest,ko,289,74,182,48,64.86486486486487,3.7916666666666665,1.5416666666666667,1.7142857142857142
Qwen/Qwen2.5-0.5B,devtest,ko,291,72,170,47,65.27777777777777,3.617021276595745,1.5319148936170213,1.3823529411764706
Qwen/Qwen2.5-0.5B,devtest,ko,292,63,157,39,61.904761904761905,4.0256410256410255,1.6153846153846154,1.7727272727272727
Qwen/Qwen2.5-0.5B,devtest,ko,293,74,174,55,74.32432432432432,3.1636363636363636,1.3454545454545455,1.8333333333333333
Qwen/Qwen2.5-0.5B,devtest,ko,296,127,253,76,59.84251968503937,3.3289473684210527,1.6710526315789473,2.111111111111111
Qwen/Qwen2.5-0.5B,devtest,ko,297,48,112,34,70.83333333333333,3.2941176470588234,1.411764705882353,1.7894736842105263
Qwen/Qwen2.5-0.5B,devtest,ko,304,70,158,46,65.71428571428571,3.4347826086956523,1.5217391304347827,1.5862068965517242
Qwen/Qwen2.5-0.5B,devtest,ko,306,57,121,43,75.43859649122807,2.813953488372093,1.3255813953488371,1.3870967741935485
Qwen/Qwen2.5-0.5B,devtest,ko,308,35,87,32,91.42857142857143,2.71875,1.09375,2.0
Qwen/Qwen2.5-0.5B,devtest,ko,310,32,76,22,68.75,3.4545454545454546,1.4545454545454546,1.5714285714285714
Qwen/Qwen2.5-0.5B,devtest,ko,311,40,100,24,60.0,4.166666666666667,1.6666666666666667,1.6
Qwen/Qwen2.5-0.5B,devtest,ko,312,48,122,37,77.08333333333333,3.2972972972972974,1.2972972972972974,1.9473684210526316
Qwen/Qwen2.5-0.5B,devtest,ko,318,58,132,42,72.41379310344827,3.142857142857143,1.380952380952381,2.210526315789474
Qwen/Qwen2.5-0.5B,devtest,ko,320,123,265,83,67.47967479674797,3.1927710843373496,1.4819277108433735,2.1842105263157894
Qwen/Qwen2.5-0.5B,devtest,ko,321,106,246,64,60.37735849056604,3.84375,1.65625,1.641025641025641
Qwen/Qwen2.5-0.5B,devtest,ko,322,88,196,65,73.86363636363636,3.0153846153846153,1.353846153846154,1.5853658536585367
Qwen/Qwen2.5-0.5B,devtest,ko,324,54,132,41,75.92592592592592,3.2195121951219514,1.3170731707317074,1.7083333333333333
Qwen/Qwen2.5-0.5B,devtest,ko,326,80,190,65,81.25,2.923076923076923,1.2307692307692308,1.4130434782608696
Qwen/Qwen2.5-0.5B,devtest,ko,327,47,117,34,72.34042553191489,3.4411764705882355,1.3823529411764706,1.619047619047619
Qwen/Qwen2.5-0.5B,devtest,ko,329,61,153,40,65.57377049180327,3.825,1.525,1.8181818181818181
Qwen/Qwen2.5-0.5B,devtest,ko,332,51,123,40,78.43137254901961,3.075,1.275,1.5384615384615385
Qwen/Qwen2.5-0.5B,devtest,ko,334,32,74,22,68.75,3.3636363636363638,1.4545454545454546,1.375
Qwen/Qwen2.5-0.5B,devtest,ko,338,45,113,33,73.33333333333333,3.4242424242424243,1.3636363636363635,1.2692307692307692
Qwen/Qwen2.5-0.5B,devtest,ko,339,65,165,43,66.15384615384616,3.8372093023255816,1.5116279069767442,1.4827586206896552
Qwen/Qwen2.5-0.5B,devtest,ko,340,165,403,118,71.51515151515152,3.4152542372881354,1.3983050847457628,1.7352941176470589
Qwen/Qwen2.5-0.5B,devtest,ko,341,46,112,30,65.21739130434783,3.7333333333333334,1.5333333333333334,1.6666666666666667
Qwen/Qwen2.5-0.5B,devtest,ko,342,61,145,40,65.57377049180327,3.625,1.525,1.5384615384615385
Qwen/Qwen2.5-0.5B,devtest,ko,346,47,105,35,74.46808510638297,3.0,1.3428571428571427,1.5217391304347827
Qwen/Qwen2.5-0.5B,devtest,ko,348,43,103,36,83.72093023255815,2.861111111111111,1.1944444444444444,1.6363636363636365
Qwen/Qwen2.5-0.5B,devtest,ko,349,44,110,34,77.27272727272727,3.235294117647059,1.2941176470588236,1.4782608695652173
Qwen/Qwen2.5-0.5B,devtest,ko,350,58,146,38,65.51724137931035,3.8421052631578947,1.5263157894736843,1.4074074074074074
Qwen/Qwen2.5-0.5B,devtest,ko,353,40,94,28,70.0,3.357142857142857,1.4285714285714286,1.6470588235294117
Qwen/Qwen2.5-0.5B,devtest,ko,354,40,100,27,67.5,3.7037037037037037,1.4814814814814814,1.588235294117647
Qwen/Qwen2.5-0.5B,devtest,ko,356,45,111,35,77.77777777777777,3.1714285714285713,1.2857142857142858,1.5909090909090908
Qwen/Qwen2.5-0.5B,devtest,ko,358,32,82,21,65.625,3.9047619047619047,1.5238095238095237,1.3125
Qwen/Qwen2.5-0.5B,devtest,ko,361,67,165,46,68.65671641791045,3.5869565217391304,1.4565217391304348,1.7692307692307692
Qwen/Qwen2.5-0.5B,devtest,ko,362,32,80,19,59.375,4.2105263157894735,1.6842105263157894,1.1875
Qwen/Qwen2.5-0.5B,devtest,ko,366,86,202,63,73.25581395348837,3.2063492063492065,1.3650793650793651,2.032258064516129
Qwen/Qwen2.5-0.5B,devtest,ko,368,56,142,40,71.42857142857143,3.55,1.4,1.3333333333333333
Qwen/Qwen2.5-0.5B,devtest,ko,369,71,171,47,66.19718309859155,3.6382978723404253,1.5106382978723405,1.146341463414634
Qwen/Qwen2.5-0.5B,devtest,ko,371,96,236,71,73.95833333333333,3.323943661971831,1.352112676056338,1.8205128205128205
Qwen/Qwen2.5-0.5B,devtest,ko,372,147,353,98,66.66666666666667,3.6020408163265305,1.5,1.462686567164179
Qwen/Qwen2.5-0.5B,devtest,ko,373,93,233,55,59.13978494623656,4.236363636363636,1.690909090909091,1.71875
Qwen/Qwen2.5-0.5B,devtest,ko,374,39,97,24,61.53846153846154,4.041666666666667,1.625,1.3333333333333333
Qwen/Qwen2.5-0.5B,devtest,ko,377,93,207,50,53.763440860215056,4.14,1.86,1.6666666666666667
Qwen/Qwen2.5-0.5B,devtest,ko,380,75,183,52,69.33333333333333,3.519230769230769,1.4423076923076923,1.8571428571428572
Qwen/Qwen2.5-0.5B,devtest,ko,381,58,150,40,68.96551724137932,3.75,1.45,1.8181818181818181
Qwen/Qwen2.5-0.5B,devtest,ko,382,94,226,68,72.34042553191489,3.323529411764706,1.3823529411764706,1.619047619047619
Qwen/Qwen2.5-0.5B,devtest,ko,384,62,156,42,67.74193548387096,3.7142857142857144,1.4761904761904763,1.68
Qwen/Qwen2.5-0.5B,devtest,ko,385,87,211,57,65.51724137931035,3.7017543859649122,1.5263157894736843,1.2954545454545454
Qwen/Qwen2.5-0.5B,devtest,ko,388,63,149,51,80.95238095238095,2.9215686274509802,1.2352941176470589,1.8888888888888888
Qwen/Qwen2.5-0.5B,devtest,ko,391,45,111,29,64.44444444444444,3.8275862068965516,1.5517241379310345,1.5263157894736843
Qwen/Qwen2.5-0.5B,devtest,ko,393,25,61,18,72.0,3.388888888888889,1.3888888888888888,1.5
Qwen/Qwen2.5-0.5B,devtest,ko,394,33,83,20,60.60606060606061,4.15,1.65,1.25
Qwen/Qwen2.5-0.5B,devtest,ko,398,117,277,74,63.24786324786325,3.7432432432432434,1.5810810810810811,1.85
Qwen/Qwen2.5-0.5B,devtest,ko,399,43,105,26,60.46511627906977,4.038461538461538,1.6538461538461537,1.5294117647058822
Qwen/Qwen2.5-0.5B,devtest,ko,404,68,140,43,63.23529411764706,3.255813953488372,1.5813953488372092,0.9772727272727273
Qwen/Qwen2.5-0.5B,devtest,ko,405,25,63,20,80.0,3.15,1.25,1.3333333333333333
Qwen/Qwen2.5-0.5B,devtest,ko,407,80,186,60,75.0,3.1,1.3333333333333333,1.5384615384615385
Qwen/Qwen2.5-0.5B,devtest,ko,408,59,121,48,81.35593220338983,2.5208333333333335,1.2291666666666667,1.8461538461538463
Qwen/Qwen2.5-0.5B,devtest,ko,410,52,128,29,55.76923076923077,4.413793103448276,1.793103448275862,1.16
Qwen/Qwen2.5-0.5B,devtest,ko,414,70,166,45,64.28571428571429,3.688888888888889,1.5555555555555556,1.5517241379310345
Qwen/Qwen2.5-0.5B,devtest,ko,415,88,222,54,61.36363636363637,4.111111111111111,1.6296296296296295,1.4210526315789473
Qwen/Qwen2.5-0.5B,devtest,ko,418,79,181,58,73.41772151898734,3.1206896551724137,1.3620689655172413,1.7058823529411764
Qwen/Qwen2.5-0.5B,devtest,ko,420,61,151,40,65.57377049180327,3.775,1.525,2.0
Qwen/Qwen2.5-0.5B,devtest,ko,421,58,128,42,72.41379310344827,3.0476190476190474,1.380952380952381,1.3125
Qwen/Qwen2.5-0.5B,devtest,ko,425,80,170,66,82.5,2.5757575757575757,1.2121212121212122,1.375
Qwen/Qwen2.5-0.5B,devtest,ko,427,67,159,46,68.65671641791045,3.4565217391304346,1.4565217391304348,1.5333333333333334
Qwen/Qwen2.5-0.5B,devtest,ko,428,58,146,32,55.172413793103445,4.5625,1.8125,1.1851851851851851
Qwen/Qwen2.5-0.5B,devtest,ko,430,79,183,52,65.82278481012658,3.519230769230769,1.5192307692307692,1.5294117647058822
Qwen/Qwen2.5-0.5B,devtest,ko,433,53,119,41,77.35849056603773,2.902439024390244,1.2926829268292683,1.4137931034482758
Qwen/Qwen2.5-0.5B,devtest,ko,434,50,114,30,60.0,3.8,1.6666666666666667,1.3636363636363635
Qwen/Qwen2.5-0.5B,devtest,ko,435,59,151,41,69.49152542372882,3.682926829268293,1.4390243902439024,1.3666666666666667
Qwen/Qwen2.5-0.5B,devtest,ko,436,78,196,49,62.82051282051282,4.0,1.5918367346938775,1.6896551724137931
Qwen/Qwen2.5-0.5B,devtest,ko,439,40,100,30,75.0,3.3333333333333335,1.3333333333333333,2.142857142857143
Qwen/Qwen2.5-0.5B,devtest,ko,445,54,138,37,68.51851851851852,3.72972972972973,1.4594594594594594,1.85
Qwen/Qwen2.5-0.5B,devtest,ko,446,46,112,31,67.3913043478261,3.6129032258064515,1.4838709677419355,1.1923076923076923
Qwen/Qwen2.5-0.5B,devtest,ko,447,62,154,39,62.903225806451616,3.948717948717949,1.5897435897435896,1.56
Qwen/Qwen2.5-0.5B,devtest,ko,449,78,186,60,76.92307692307692,3.1,1.3,1.5384615384615385
Qwen/Qwen2.5-0.5B,devtest,ko,450,76,188,45,59.21052631578947,4.177777777777778,1.6888888888888889,1.5517241379310345
Qwen/Qwen2.5-0.5B,devtest,ko,451,90,220,56,62.22222222222222,3.9285714285714284,1.6071428571428572,1.435897435897436
Qwen/Qwen2.5-0.5B,devtest,ko,452,40,98,33,82.5,2.9696969696969697,1.2121212121212122,2.0625
Qwen/Qwen2.5-0.5B,devtest,ko,453,81,197,55,67.90123456790124,3.581818181818182,1.4727272727272727,1.5277777777777777
Qwen/Qwen2.5-0.5B,devtest,ko,454,100,246,60,60.0,4.1,1.6666666666666667,1.4285714285714286
Qwen/Qwen2.5-0.5B,devtest,ko,455,73,181,43,58.9041095890411,4.209302325581396,1.697674418604651,2.15
Qwen/Qwen2.5-0.5B,devtest,ko,456,62,152,42,67.74193548387096,3.619047619047619,1.4761904761904763,1.826086956521739
Qwen/Qwen2.5-0.5B,devtest,ko,460,63,153,43,68.25396825396825,3.558139534883721,1.4651162790697674,1.5925925925925926
Qwen/Qwen2.5-0.5B,devtest,ko,461,72,174,40,55.55555555555556,4.35,1.8,1.3793103448275863
Qwen/Qwen2.5-0.5B,devtest,ko,464,93,199,57,61.29032258064516,3.491228070175439,1.631578947368421,2.111111111111111
Qwen/Qwen2.5-0.5B,devtest,ko,465,140,284,81,57.857142857142854,3.506172839506173,1.728395061728395,1.7234042553191489
Qwen/Qwen2.5-0.5B,devtest,ko,468,71,171,52,73.2394366197183,3.2884615384615383,1.3653846153846154,1.368421052631579
Qwen/Qwen2.5-0.5B,devtest,ko,470,63,155,41,65.07936507936508,3.7804878048780486,1.5365853658536586,1.3666666666666667
Qwen/Qwen2.5-0.5B,devtest,ko,472,57,143,43,75.43859649122807,3.3255813953488373,1.3255813953488371,1.72
Qwen/Qwen2.5-0.5B,devtest,ko,473,36,90,26,72.22222222222223,3.4615384615384617,1.3846153846153846,1.5294117647058822
Qwen/Qwen2.5-0.5B,devtest,ko,475,47,119,30,63.829787234042556,3.966666666666667,1.5666666666666667,1.3043478260869565
Qwen/Qwen2.5-0.5B,devtest,ko,476,92,230,65,70.65217391304348,3.5384615384615383,1.4153846153846155,1.5476190476190477
Qwen/Qwen2.5-0.5B,devtest,ko,477,62,152,37,59.67741935483871,4.108108108108108,1.6756756756756757,1.3703703703703705
Qwen/Qwen2.5-0.5B,devtest,ko,480,55,129,43,78.18181818181819,3.0,1.2790697674418605,1.4333333333333333
Qwen/Qwen2.5-0.5B,devtest,ko,482,119,287,63,52.94117647058823,4.555555555555555,1.8888888888888888,1.3404255319148937
Qwen/Qwen2.5-0.5B,devtest,ko,483,46,114,27,58.69565217391305,4.222222222222222,1.7037037037037037,1.5
Qwen/Qwen2.5-0.5B,devtest,ko,485,87,219,57,65.51724137931035,3.8421052631578947,1.5263157894736843,1.9
Qwen/Qwen2.5-0.5B,devtest,ko,486,62,156,41,66.12903225806451,3.8048780487804876,1.5121951219512195,1.4642857142857142
Qwen/Qwen2.5-0.5B,devtest,ko,488,56,140,45,80.35714285714286,3.111111111111111,1.2444444444444445,1.6071428571428572
Qwen/Qwen2.5-0.5B,devtest,ko,489,48,112,36,75.0,3.111111111111111,1.3333333333333333,1.125
Qwen/Qwen2.5-0.5B,devtest,ko,491,31,79,23,74.19354838709677,3.4347826086956523,1.3478260869565217,1.0454545454545454
Qwen/Qwen2.5-0.5B,devtest,ko,492,39,87,32,82.05128205128206,2.71875,1.21875,1.1428571428571428
Qwen/Qwen2.5-0.5B,devtest,ko,494,49,111,38,77.55102040816327,2.9210526315789473,1.2894736842105263,1.4615384615384615
Qwen/Qwen2.5-0.5B,devtest,ko,498,49,127,37,75.51020408163265,3.4324324324324325,1.3243243243243243,1.7619047619047619
Qwen/Qwen2.5-0.5B,devtest,ko,499,60,152,39,65.0,3.8974358974358974,1.5384615384615385,1.625
Qwen/Qwen2.5-0.5B,devtest,ko,500,47,109,31,65.95744680851064,3.5161290322580645,1.5161290322580645,1.2916666666666667
Qwen/Qwen2.5-0.5B,devtest,ko,504,128,314,83,64.84375,3.783132530120482,1.5421686746987953,1.6938775510204083
Qwen/Qwen2.5-0.5B,devtest,ko,505,48,122,35,72.91666666666667,3.4857142857142858,1.3714285714285714,1.9444444444444444
Qwen/Qwen2.5-0.5B,devtest,ko,509,111,259,62,55.85585585585586,4.17741935483871,1.7903225806451613,1.631578947368421
Qwen/Qwen2.5-0.5B,devtest,ko,510,91,219,56,61.53846153846154,3.9107142857142856,1.625,1.696969696969697
Qwen/Qwen2.5-0.5B,devtest,ko,513,49,121,33,67.34693877551021,3.6666666666666665,1.4848484848484849,1.32
Qwen/Qwen2.5-0.5B,devtest,ko,517,49,125,35,71.42857142857143,3.5714285714285716,1.4,3.1818181818181817
Qwen/Qwen2.5-0.5B,devtest,ko,519,66,140,42,63.63636363636363,3.3333333333333335,1.5714285714285714,1.4
Qwen/Qwen2.5-0.5B,devtest,ko,523,95,239,62,65.26315789473684,3.8548387096774195,1.532258064516129,1.8235294117647058
Qwen/Qwen2.5-0.5B,devtest,ko,524,53,131,33,62.264150943396224,3.9696969696969697,1.606060606060606,1.65
Qwen/Qwen2.5-0.5B,devtest,ko,525,46,112,30,65.21739130434783,3.7333333333333334,1.5333333333333334,1.5789473684210527
Qwen/Qwen2.5-0.5B,devtest,ko,526,48,122,30,62.5,4.066666666666666,1.6,1.7647058823529411
Qwen/Qwen2.5-0.5B,devtest,ko,527,48,120,33,68.75,3.6363636363636362,1.4545454545454546,1.8333333333333333
Qwen/Qwen2.5-0.5B,devtest,ko,529,53,129,38,71.69811320754717,3.3947368421052633,1.394736842105263,1.9
Qwen/Qwen2.5-0.5B,devtest,ko,530,80,198,52,65.0,3.8076923076923075,1.5384615384615385,1.5294117647058822
Qwen/Qwen2.5-0.5B,devtest,ko,531,77,189,60,77.92207792207792,3.15,1.2833333333333334,1.7142857142857142
Qwen/Qwen2.5-0.5B,devtest,ko,533,67,157,49,73.13432835820896,3.204081632653061,1.3673469387755102,1.6896551724137931
Qwen/Qwen2.5-0.5B,devtest,ko,534,63,155,40,63.492063492063494,3.875,1.575,1.8181818181818181
Qwen/Qwen2.5-0.5B,devtest,ko,535,67,161,48,71.64179104477611,3.3541666666666665,1.3958333333333333,1.3714285714285714
Qwen/Qwen2.5-0.5B,devtest,ko,536,78,188,52,66.66666666666667,3.6153846153846154,1.5,1.4444444444444444
Qwen/Qwen2.5-0.5B,devtest,ko,538,76,184,50,65.78947368421052,3.68,1.52,1.9230769230769231
Qwen/Qwen2.5-0.5B,devtest,ko,540,69,173,44,63.768115942028984,3.9318181818181817,1.5681818181818181,1.375
Qwen/Qwen2.5-0.5B,devtest,ko,541,64,158,42,65.625,3.761904761904762,1.5238095238095237,1.5
Qwen/Qwen2.5-0.5B,devtest,ko,542,64,154,51,79.6875,3.019607843137255,1.2549019607843137,1.59375
Qwen/Qwen2.5-0.5B,devtest,ko,545,48,120,35,72.91666666666667,3.4285714285714284,1.3714285714285714,1.5909090909090908
Qwen/Qwen2.5-0.5B,devtest,ko,546,92,222,62,67.3913043478261,3.5806451612903225,1.4838709677419355,1.5897435897435896
Qwen/Qwen2.5-0.5B,devtest,ko,551,92,228,62,67.3913043478261,3.6774193548387095,1.4838709677419355,1.8235294117647058
Qwen/Qwen2.5-0.5B,devtest,ko,552,42,104,29,69.04761904761905,3.586206896551724,1.4482758620689655,1.3181818181818181
Qwen/Qwen2.5-0.5B,devtest,ko,556,119,295,74,62.18487394957983,3.9864864864864864,1.6081081081081081,1.510204081632653
Qwen/Qwen2.5-0.5B,devtest,ko,557,25,61,19,76.0,3.210526315789474,1.3157894736842106,1.1176470588235294
Qwen/Qwen2.5-0.5B,devtest,ko,561,59,139,45,76.27118644067797,3.088888888888889,1.3111111111111111,1.7307692307692308
Qwen/Qwen2.5-0.5B,devtest,ko,562,74,184,54,72.97297297297297,3.4074074074074074,1.3703703703703705,2.0
Qwen/Qwen2.5-0.5B,devtest,ko,565,90,216,55,61.111111111111114,3.9272727272727272,1.6363636363636365,1.5714285714285714
Qwen/Qwen2.5-0.5B,devtest,ko,568,108,200,61,56.48148148148148,3.278688524590164,1.7704918032786885,1.4523809523809523
Qwen/Qwen2.5-0.5B,devtest,ko,570,49,117,35,71.42857142857143,3.342857142857143,1.4,1.5909090909090908
Qwen/Qwen2.5-0.5B,devtest,ko,572,82,196,55,67.07317073170732,3.5636363636363635,1.490909090909091,1.8333333333333333
Qwen/Qwen2.5-0.5B,devtest,ko,576,53,129,43,81.13207547169812,3.0,1.2325581395348837,1.6538461538461537
Qwen/Qwen2.5-0.5B,devtest,ko,579,64,154,40,62.5,3.85,1.6,1.6666666666666667
Qwen/Qwen2.5-0.5B,devtest,ko,585,68,160,52,76.47058823529412,3.076923076923077,1.3076923076923077,1.2682926829268293
Qwen/Qwen2.5-0.5B,devtest,ko,587,50,122,35,70.0,3.4857142857142858,1.4285714285714286,2.1875
Qwen/Qwen2.5-0.5B,devtest,ko,589,29,73,17,58.62068965517241,4.294117647058823,1.7058823529411764,1.3076923076923077
Qwen/Qwen2.5-0.5B,devtest,ko,592,66,162,42,63.63636363636363,3.857142857142857,1.5714285714285714,1.105263157894737
Qwen/Qwen2.5-0.5B,devtest,ko,594,44,114,34,77.27272727272727,3.3529411764705883,1.2941176470588236,2.4285714285714284
Qwen/Qwen2.5-0.5B,devtest,ko,596,62,156,38,61.29032258064516,4.105263157894737,1.631578947368421,1.52
Qwen/Qwen2.5-0.5B,devtest,ko,599,47,113,31,65.95744680851064,3.6451612903225805,1.5161290322580645,1.631578947368421
Qwen/Qwen2.5-0.5B,devtest,ko,601,65,151,42,64.61538461538461,3.5952380952380953,1.5476190476190477,1.5
Qwen/Qwen2.5-0.5B,devtest,ko,602,86,208,54,62.7906976744186,3.8518518518518516,1.5925925925925926,1.542857142857143
Qwen/Qwen2.5-0.5B,devtest,ko,603,69,169,45,65.21739130434783,3.7555555555555555,1.5333333333333334,1.9565217391304348
Qwen/Qwen2.5-0.5B,devtest,ko,605,51,117,34,66.66666666666667,3.4411764705882355,1.5,1.36
Qwen/Qwen2.5-0.5B,devtest,ko,607,80,194,57,71.25,3.4035087719298245,1.4035087719298245,1.9
Qwen/Qwen2.5-0.5B,devtest,ko,608,68,170,39,57.35294117647059,4.358974358974359,1.7435897435897436,1.7727272727272727
Qwen/Qwen2.5-0.5B,devtest,ko,611,50,122,31,62.0,3.935483870967742,1.6129032258064515,1.7222222222222223
Qwen/Qwen2.5-0.5B,devtest,ko,617,39,95,27,69.23076923076923,3.5185185185185186,1.4444444444444444,1.9285714285714286
Qwen/Qwen2.5-0.5B,devtest,ko,618,82,198,56,68.29268292682927,3.5357142857142856,1.4642857142857142,1.8666666666666667
Qwen/Qwen2.5-0.5B,devtest,ko,620,46,114,29,63.04347826086956,3.9310344827586206,1.5862068965517242,2.0714285714285716
Qwen/Qwen2.5-0.5B,devtest,ko,621,35,87,25,71.42857142857143,3.48,1.4,1.3888888888888888
Qwen/Qwen2.5-0.5B,devtest,ko,624,43,105,28,65.11627906976744,3.75,1.5357142857142858,1.4736842105263157
Qwen/Qwen2.5-0.5B,devtest,ko,626,43,103,31,72.09302325581395,3.3225806451612905,1.3870967741935485,1.9375
Qwen/Qwen2.5-0.5B,devtest,ko,627,41,99,33,80.48780487804878,3.0,1.2424242424242424,1.32
Qwen/Qwen2.5-0.5B,devtest,ko,629,69,173,48,69.56521739130434,3.6041666666666665,1.4375,1.411764705882353
Qwen/Qwen2.5-0.5B,devtest,ko,630,73,179,51,69.86301369863014,3.5098039215686274,1.4313725490196079,2.4285714285714284
Qwen/Qwen2.5-0.5B,devtest,ko,632,38,98,29,76.3157894736842,3.3793103448275863,1.3103448275862069,2.4166666666666665
Qwen/Qwen2.5-0.5B,devtest,ko,633,66,166,41,62.121212121212125,4.048780487804878,1.6097560975609757,1.64
Qwen/Qwen2.5-0.5B,devtest,ko,635,108,268,64,59.25925925925926,4.1875,1.6875,1.6
Qwen/Qwen2.5-0.5B,devtest,ko,637,106,260,71,66.98113207547169,3.6619718309859155,1.4929577464788732,1.7317073170731707
Qwen/Qwen2.5-0.5B,devtest,ko,638,56,136,36,64.28571428571429,3.7777777777777777,1.5555555555555556,1.44
Qwen/Qwen2.5-0.5B,devtest,ko,640,30,76,20,66.66666666666667,3.8,1.5,1.1764705882352942
Qwen/Qwen2.5-0.5B,devtest,ko,643,40,100,24,60.0,4.166666666666667,1.6666666666666667,1.5
Qwen/Qwen2.5-0.5B,devtest,ko,644,61,147,40,65.57377049180327,3.675,1.525,1.9047619047619047
Qwen/Qwen2.5-0.5B,devtest,ko,646,49,121,33,67.34693877551021,3.6666666666666665,1.4848484848484849,2.2
Qwen/Qwen2.5-0.5B,devtest,ko,647,59,149,42,71.1864406779661,3.5476190476190474,1.4047619047619047,1.68
Qwen/Qwen2.5-0.5B,devtest,ko,649,80,196,49,61.25,4.0,1.6326530612244898,2.45
Qwen/Qwen2.5-0.5B,devtest,ko,651,38,74,33,86.84210526315789,2.242424242424242,1.1515151515151516,1.32
Qwen/Qwen2.5-0.5B,devtest,ko,653,77,165,53,68.83116883116882,3.1132075471698113,1.4528301886792452,1.8928571428571428
Qwen/Qwen2.5-0.5B,devtest,ko,655,59,149,32,54.23728813559322,4.65625,1.84375,1.4545454545454546
Qwen/Qwen2.5-0.5B,devtest,ko,658,91,217,54,59.34065934065934,4.018518518518518,1.6851851851851851,1.5
Qwen/Qwen2.5-0.5B,devtest,ko,659,85,207,59,69.41176470588235,3.5084745762711864,1.4406779661016949,2.36
Qwen/Qwen2.5-0.5B,devtest,ko,662,32,80,24,75.0,3.3333333333333335,1.3333333333333333,1.3333333333333333
Qwen/Qwen2.5-0.5B,devtest,ko,663,85,153,44,51.76470588235294,3.477272727272727,1.9318181818181819,2.2
Qwen/Qwen2.5-0.5B,devtest,ko,665,79,195,44,55.69620253164557,4.431818181818182,1.7954545454545454,1.5172413793103448
Qwen/Qwen2.5-0.5B,devtest,ko,666,64,130,51,79.6875,2.549019607843137,1.2549019607843137,1.3076923076923077
Qwen/Qwen2.5-0.5B,devtest,ko,670,77,193,48,62.33766233766234,4.020833333333333,1.6041666666666667,1.6551724137931034
Qwen/Qwen2.5-0.5B,devtest,ko,671,57,141,39,68.42105263157895,3.6153846153846154,1.4615384615384615,1.6956521739130435
Qwen/Qwen2.5-0.5B,devtest,ko,673,85,209,57,67.05882352941177,3.6666666666666665,1.4912280701754386,1.78125
Qwen/Qwen2.5-0.5B,devtest,ko,675,81,197,61,75.30864197530865,3.2295081967213113,1.3278688524590163,1.8484848484848484
Qwen/Qwen2.5-0.5B,devtest,ko,676,51,125,36,70.58823529411765,3.4722222222222223,1.4166666666666667,1.894736842105263
Qwen/Qwen2.5-0.5B,devtest,ko,677,63,157,38,60.317460317460316,4.131578947368421,1.6578947368421053,1.5833333333333333
Qwen/Qwen2.5-0.5B,devtest,ko,679,44,108,24,54.54545454545455,4.5,1.8333333333333333,1.7142857142857142
Qwen/Qwen2.5-0.5B,devtest,ko,683,77,189,48,62.33766233766234,3.9375,1.6041666666666667,1.5483870967741935
Qwen/Qwen2.5-0.5B,devtest,ko,684,95,231,65,68.42105263157895,3.5538461538461537,1.4615384615384615,2.1666666666666665
Qwen/Qwen2.5-0.5B,devtest,ko,686,101,255,77,76.23762376237623,3.311688311688312,1.3116883116883118,1.711111111111111
Qwen/Qwen2.5-0.5B,devtest,ko,688,66,168,44,66.66666666666667,3.8181818181818183,1.5,2.0
Qwen/Qwen2.5-0.5B,devtest,ko,692,73,187,59,80.82191780821918,3.169491525423729,1.2372881355932204,2.185185185185185
Qwen/Qwen2.5-0.5B,devtest,ko,695,45,109,31,68.88888888888889,3.5161290322580645,1.4516129032258065,1.631578947368421
Qwen/Qwen2.5-0.5B,devtest,ko,697,40,100,29,72.5,3.4482758620689653,1.3793103448275863,1.8125
Qwen/Qwen2.5-0.5B,devtest,ko,699,57,139,36,63.1578947368421,3.861111111111111,1.5833333333333333,1.7142857142857142
Qwen/Qwen2.5-0.5B,devtest,ko,701,102,212,67,65.68627450980392,3.1641791044776117,1.5223880597014925,2.161290322580645
Qwen/Qwen2.5-0.5B,devtest,ko,706,68,164,44,64.70588235294117,3.727272727272727,1.5454545454545454,1.4666666666666666
Qwen/Qwen2.5-0.5B,devtest,ko,707,85,203,68,80.0,2.985294117647059,1.25,1.446808510638298
Qwen/Qwen2.5-0.5B,devtest,ko,716,67,155,51,76.11940298507463,3.0392156862745097,1.3137254901960784,1.3076923076923077
Qwen/Qwen2.5-0.5B,devtest,ko,719,54,128,38,70.37037037037037,3.3684210526315788,1.4210526315789473,1.3571428571428572
Qwen/Qwen2.5-0.5B,devtest,ko,720,64,124,31,48.4375,4.0,2.064516129032258,1.4761904761904763
Qwen/Qwen2.5-0.5B,devtest,ko,721,58,144,35,60.3448275862069,4.114285714285714,1.6571428571428573,1.25
Qwen/Qwen2.5-0.5B,devtest,ko,725,45,115,32,71.11111111111111,3.59375,1.40625,1.6842105263157894
Qwen/Qwen2.5-0.5B,devtest,ko,728,67,171,50,74.6268656716418,3.42,1.34,1.4705882352941178
Qwen/Qwen2.5-0.5B,devtest,ko,730,44,110,31,70.45454545454545,3.5483870967741935,1.4193548387096775,1.4761904761904763
Qwen/Qwen2.5-0.5B,devtest,ko,737,90,204,69,76.66666666666667,2.9565217391304346,1.3043478260869565,1.3529411764705883
Qwen/Qwen2.5-0.5B,devtest,ko,738,43,105,31,72.09302325581395,3.3870967741935485,1.3870967741935485,1.3478260869565217
Qwen/Qwen2.5-0.5B,devtest,ko,740,65,135,51,78.46153846153847,2.6470588235294117,1.2745098039215685,1.4166666666666667
Qwen/Qwen2.5-0.5B,devtest,ko,741,153,271,91,59.47712418300654,2.978021978021978,1.6813186813186813,1.8958333333333333
Qwen/Qwen2.5-0.5B,devtest,ko,746,58,142,44,75.86206896551724,3.227272727272727,1.3181818181818181,1.3333333333333333
Qwen/Qwen2.5-0.5B,devtest,ko,748,33,81,23,69.6969696969697,3.5217391304347827,1.434782608695652,1.7692307692307692
Qwen/Qwen2.5-0.5B,devtest,ko,754,56,126,41,73.21428571428571,3.073170731707317,1.3658536585365855,1.4642857142857142
Qwen/Qwen2.5-0.5B,devtest,ko,755,56,114,33,58.92857142857143,3.4545454545454546,1.696969696969697,1.375
Qwen/Qwen2.5-0.5B,devtest,ko,756,54,134,41,75.92592592592592,3.268292682926829,1.3170731707317074,1.7083333333333333
Qwen/Qwen2.5-0.5B,devtest,ko,757,97,243,56,57.7319587628866,4.339285714285714,1.7321428571428572,1.4736842105263157
Qwen/Qwen2.5-0.5B,devtest,ko,761,78,190,61,78.2051282051282,3.1147540983606556,1.278688524590164,1.90625
Qwen/Qwen2.5-0.5B,devtest,ko,762,55,119,32,58.18181818181818,3.71875,1.71875,1.2307692307692308
Qwen/Qwen2.5-0.5B,devtest,ko,765,60,142,42,70.0,3.380952380952381,1.4285714285714286,1.5555555555555556
Qwen/Qwen2.5-0.5B,devtest,ko,767,77,191,55,71.42857142857143,3.4727272727272727,1.4,1.9642857142857142
Qwen/Qwen2.5-0.5B,devtest,ko,768,50,118,34,68.0,3.4705882352941178,1.4705882352941178,1.0625
Qwen/Qwen2.5-0.5B,devtest,ko,770,68,156,52,76.47058823529412,3.0,1.3076923076923077,1.5757575757575757
Qwen/Qwen2.5-0.5B,devtest,ko,771,59,141,43,72.88135593220339,3.2790697674418605,1.372093023255814,1.7916666666666667
Qwen/Qwen2.5-0.5B,devtest,ko,775,84,182,52,61.904761904761905,3.5,1.6153846153846154,2.260869565217391
Qwen/Qwen2.5-0.5B,devtest,ko,776,62,158,49,79.03225806451613,3.2244897959183674,1.2653061224489797,1.75
Qwen/Qwen2.5-0.5B,devtest,ko,781,97,233,76,78.35051546391753,3.0657894736842106,1.2763157894736843,1.7272727272727273
Qwen/Qwen2.5-0.5B,devtest,ko,783,65,157,40,61.53846153846154,3.925,1.625,1.6
Qwen/Qwen2.5-0.5B,devtest,ko,784,53,131,37,69.81132075471699,3.5405405405405403,1.4324324324324325,1.9473684210526316
Qwen/Qwen2.5-0.5B,devtest,ko,789,72,176,42,58.333333333333336,4.190476190476191,1.7142857142857142,1.3548387096774193
Qwen/Qwen2.5-0.5B,devtest,ko,790,58,142,42,72.41379310344827,3.380952380952381,1.380952380952381,1.826086956521739
Qwen/Qwen2.5-0.5B,devtest,ko,792,61,151,28,45.90163934426229,5.392857142857143,2.1785714285714284,1.3333333333333333
Qwen/Qwen2.5-0.5B,devtest,ko,793,84,212,50,59.523809523809526,4.24,1.68,1.5151515151515151
Qwen/Qwen2.5-0.5B,devtest,ko,794,48,120,37,77.08333333333333,3.2432432432432434,1.2972972972972974,1.3214285714285714
Qwen/Qwen2.5-0.5B,devtest,ko,797,67,167,46,68.65671641791045,3.630434782608696,1.4565217391304348,1.7692307692307692
Qwen/Qwen2.5-0.5B,devtest,ko,798,64,164,43,67.1875,3.813953488372093,1.4883720930232558,1.9545454545454546
Qwen/Qwen2.5-0.5B,devtest,ko,799,82,202,52,63.41463414634146,3.8846153846153846,1.5769230769230769,1.7333333333333334
Qwen/Qwen2.5-0.5B,devtest,ko,800,66,160,41,62.121212121212125,3.902439024390244,1.6097560975609757,1.5769230769230769
Qwen/Qwen2.5-0.5B,devtest,ko,801,84,208,50,59.523809523809526,4.16,1.68,1.7241379310344827
Qwen/Qwen2.5-0.5B,devtest,ko,804,33,79,24,72.72727272727273,3.2916666666666665,1.375,1.3333333333333333
Qwen/Qwen2.5-0.5B,devtest,ko,806,60,144,43,71.66666666666667,3.3488372093023258,1.3953488372093024,1.72
Qwen/Qwen2.5-0.5B,devtest,ko,810,54,130,38,70.37037037037037,3.4210526315789473,1.4210526315789473,1.52
Qwen/Qwen2.5-0.5B,devtest,ko,811,84,182,52,61.904761904761905,3.5,1.6153846153846154,1.4444444444444444
Qwen/Qwen2.5-0.5B,devtest,ko,813,60,142,44,73.33333333333333,3.227272727272727,1.3636363636363635,1.6923076923076923
Qwen/Qwen2.5-0.5B,devtest,ko,814,57,135,38,66.66666666666667,3.5526315789473686,1.5,1.4074074074074074
Qwen/Qwen2.5-0.5B,devtest,ko,818,76,186,44,57.89473684210526,4.2272727272727275,1.7272727272727273,1.4193548387096775
Qwen/Qwen2.5-0.5B,devtest,ko,820,47,117,25,53.191489361702125,4.68,1.88,1.5625
Qwen/Qwen2.5-0.5B,devtest,ko,824,72,178,55,76.38888888888889,3.2363636363636363,1.309090909090909,2.2
Qwen/Qwen2.5-0.5B,devtest,ko,825,60,146,40,66.66666666666667,3.65,1.5,1.5384615384615385
Qwen/Qwen2.5-0.5B,devtest,ko,826,52,128,37,71.15384615384616,3.4594594594594597,1.4054054054054055,1.7619047619047619
Qwen/Qwen2.5-0.5B,devtest,ko,827,62,150,41,66.12903225806451,3.658536585365854,1.5121951219512195,1.4642857142857142
Qwen/Qwen2.5-0.5B,devtest,ko,828,76,190,57,75.0,3.3333333333333335,1.3333333333333333,1.9
Qwen/Qwen2.5-0.5B,devtest,ko,829,53,129,38,71.69811320754717,3.3947368421052633,1.394736842105263,1.2258064516129032
Qwen/Qwen2.5-0.5B,devtest,ko,830,99,205,70,70.70707070707071,2.9285714285714284,1.4142857142857144,1.627906976744186
Qwen/Qwen2.5-0.5B,devtest,ko,832,63,161,43,68.25396825396825,3.744186046511628,1.4651162790697674,1.5357142857142858
Qwen/Qwen2.5-0.5B,devtest,ko,834,89,215,63,70.78651685393258,3.4126984126984126,1.4126984126984128,2.1
Qwen/Qwen2.5-0.5B,devtest,ko,836,43,109,35,81.3953488372093,3.1142857142857143,1.2285714285714286,1.9444444444444444
Qwen/Qwen2.5-0.5B,devtest,ko,837,38,78,23,60.526315789473685,3.391304347826087,1.6521739130434783,1.15
Qwen/Qwen2.5-0.5B,devtest,ko,839,69,167,48,69.56521739130434,3.4791666666666665,1.4375,1.5
Qwen/Qwen2.5-0.5B,devtest,ko,840,70,168,48,68.57142857142857,3.5,1.4583333333333333,1.7142857142857142
Qwen/Qwen2.5-0.5B,devtest,ko,843,58,138,35,60.3448275862069,3.942857142857143,1.6571428571428573,1.2962962962962963
Qwen/Qwen2.5-0.5B,devtest,ko,844,101,243,63,62.37623762376238,3.857142857142857,1.6031746031746033,1.5
Qwen/Qwen2.5-0.5B,devtest,ko,847,84,187,55,65.47619047619048,3.4,1.5272727272727273,1.7741935483870968
Qwen/Qwen2.5-0.5B,devtest,ko,849,84,210,65,77.38095238095238,3.230769230769231,1.2923076923076924,1.9696969696969697
Qwen/Qwen2.5-0.5B,devtest,ko,852,81,199,66,81.48148148148148,3.015151515151515,1.2272727272727273,1.6923076923076923
Qwen/Qwen2.5-0.5B,devtest,ko,853,56,134,44,78.57142857142857,3.0454545454545454,1.2727272727272727,2.2
Qwen/Qwen2.5-0.5B,devtest,ko,854,92,226,63,68.47826086956522,3.5873015873015874,1.4603174603174602,1.8
Qwen/Qwen2.5-0.5B,devtest,ko,856,93,227,59,63.44086021505376,3.847457627118644,1.576271186440678,1.5945945945945945
Qwen/Qwen2.5-0.5B,devtest,ko,857,89,219,48,53.93258426966292,4.5625,1.8541666666666667,1.3333333333333333
Qwen/Qwen2.5-0.5B,devtest,ko,858,62,126,37,59.67741935483871,3.4054054054054053,1.6756756756756757,2.176470588235294
Qwen/Qwen2.5-0.5B,devtest,ko,860,74,182,49,66.21621621621621,3.7142857142857144,1.510204081632653,1.3243243243243243
Qwen/Qwen2.5-0.5B,devtest,ko,862,46,114,35,76.08695652173913,3.257142857142857,1.3142857142857143,1.5217391304347827
Qwen/Qwen2.5-0.5B,devtest,ko,866,59,151,40,67.79661016949153,3.775,1.475,1.4814814814814814
Qwen/Qwen2.5-0.5B,devtest,ko,867,93,225,63,67.74193548387096,3.5714285714285716,1.4761904761904763,1.6578947368421053
Qwen/Qwen2.5-0.5B,devtest,ko,868,60,146,34,56.666666666666664,4.294117647058823,1.7647058823529411,1.2592592592592593
Qwen/Qwen2.5-0.5B,devtest,ko,870,43,107,28,65.11627906976744,3.8214285714285716,1.5357142857142858,1.4736842105263157
Qwen/Qwen2.5-0.5B,devtest,ko,873,54,130,40,74.07407407407408,3.25,1.35,1.3793103448275863
Qwen/Qwen2.5-0.5B,devtest,ko,875,56,132,47,83.92857142857143,2.8085106382978724,1.1914893617021276,1.3823529411764706
Qwen/Qwen2.5-0.5B,devtest,ko,876,48,116,37,77.08333333333333,3.135135135135135,1.2972972972972974,1.7619047619047619
Qwen/Qwen2.5-0.5B,devtest,ko,877,49,121,31,63.265306122448976,3.903225806451613,1.5806451612903225,1.1923076923076923
Qwen/Qwen2.5-0.5B,devtest,ko,878,50,124,32,64.0,3.875,1.5625,1.6842105263157894
Qwen/Qwen2.5-0.5B,devtest,ko,879,52,124,35,67.3076923076923,3.5428571428571427,1.4857142857142858,1.5909090909090908
Qwen/Qwen2.5-0.5B,devtest,ko,880,60,148,38,63.333333333333336,3.8947368421052633,1.5789473684210527,1.9
Qwen/Qwen2.5-0.5B,devtest,ko,882,48,120,34,70.83333333333333,3.5294117647058822,1.411764705882353,1.7894736842105263
Qwen/Qwen2.5-0.5B,devtest,ko,885,38,96,19,50.0,5.052631578947368,2.0,1.1875
Qwen/Qwen2.5-0.5B,devtest,ko,888,68,152,43,63.23529411764706,3.5348837209302326,1.5813953488372092,2.0476190476190474
Qwen/Qwen2.5-0.5B,devtest,ko,895,63,155,44,69.84126984126983,3.522727272727273,1.4318181818181819,1.76
Qwen/Qwen2.5-0.5B,devtest,ko,899,53,129,37,69.81132075471699,3.4864864864864864,1.4324324324324325,1.7619047619047619
Qwen/Qwen2.5-0.5B,devtest,ko,900,52,128,33,63.46153846153846,3.878787878787879,1.5757575757575757,1.32
Qwen/Qwen2.5-0.5B,devtest,ko,905,86,214,64,74.4186046511628,3.34375,1.34375,2.6666666666666665
Qwen/Qwen2.5-0.5B,devtest,ko,908,81,165,59,72.8395061728395,2.7966101694915255,1.3728813559322033,1.903225806451613
Qwen/Qwen2.5-0.5B,devtest,ko,912,52,128,25,48.07692307692308,5.12,2.08,1.3888888888888888
Qwen/Qwen2.5-0.5B,devtest,ko,913,36,90,23,63.888888888888886,3.9130434782608696,1.565217391304348,1.3529411764705883
Qwen/Qwen2.5-0.5B,devtest,ko,915,71,159,44,61.971830985915496,3.6136363636363638,1.6136363636363635,1.5714285714285714
Qwen/Qwen2.5-0.5B,devtest,ko,916,36,92,22,61.111111111111114,4.181818181818182,1.6363636363636365,1.4666666666666666
Qwen/Qwen2.5-0.5B,devtest,ko,917,98,192,56,57.142857142857146,3.4285714285714284,1.75,1.6470588235294117
Qwen/Qwen2.5-0.5B,devtest,ko,920,52,126,34,65.38461538461539,3.7058823529411766,1.5294117647058822,1.7
Qwen/Qwen2.5-0.5B,devtest,ko,921,93,223,65,69.89247311827957,3.4307692307692306,1.4307692307692308,2.2413793103448274
Qwen/Qwen2.5-0.5B,devtest,ko,924,40,92,27,67.5,3.4074074074074074,1.4814814814814814,1.0
Qwen/Qwen2.5-0.5B,devtest,ko,925,96,234,68,70.83333333333333,3.4411764705882355,1.411764705882353,1.5454545454545454
Qwen/Qwen2.5-0.5B,devtest,ko,929,87,213,55,63.2183908045977,3.8727272727272726,1.5818181818181818,1.896551724137931
Qwen/Qwen2.5-0.5B,devtest,ko,930,60,154,31,51.666666666666664,4.967741935483871,1.935483870967742,1.2916666666666667
Qwen/Qwen2.5-0.5B,devtest,ko,933,103,255,62,60.19417475728155,4.112903225806452,1.6612903225806452,1.631578947368421
Qwen/Qwen2.5-0.5B,devtest,ko,934,73,177,46,63.013698630136986,3.847826086956522,1.5869565217391304,1.2432432432432432
Qwen/Qwen2.5-0.5B,devtest,ko,944,135,331,92,68.14814814814815,3.597826086956522,1.4673913043478262,1.803921568627451
Qwen/Qwen2.5-0.5B,devtest,ko,945,66,132,39,59.09090909090909,3.3846153846153846,1.6923076923076923,1.5
Qwen/Qwen2.5-0.5B,devtest,ko,947,30,74,27,90.0,2.740740740740741,1.1111111111111112,2.076923076923077
Qwen/Qwen2.5-0.5B,devtest,ko,949,51,111,31,60.78431372549019,3.5806451612903225,1.6451612903225807,1.4761904761904763
Qwen/Qwen2.5-0.5B,devtest,ko,950,54,134,36,66.66666666666667,3.7222222222222223,1.5,1.3333333333333333
Qwen/Qwen2.5-0.5B,devtest,ko,951,72,178,42,58.333333333333336,4.238095238095238,1.7142857142857142,1.1666666666666667
Qwen/Qwen2.5-0.5B,devtest,ko,952,88,218,55,62.5,3.963636363636364,1.6,1.4864864864864864
Qwen/Qwen2.5-0.5B,devtest,ko,953,60,144,44,73.33333333333333,3.272727272727273,1.3636363636363635,1.6296296296296295
Qwen/Qwen2.5-0.5B,devtest,ko,955,99,249,70,70.70707070707071,3.557142857142857,1.4142857142857144,2.3333333333333335
Qwen/Qwen2.5-0.5B,devtest,ko,956,51,131,34,66.66666666666667,3.8529411764705883,1.5,1.619047619047619
Qwen/Qwen2.5-0.5B,devtest,ko,958,104,256,76,73.07692307692308,3.3684210526315788,1.368421052631579,2.0
Qwen/Qwen2.5-0.5B,devtest,ko,962,71,177,56,78.87323943661971,3.1607142857142856,1.2678571428571428,1.6470588235294117
Qwen/Qwen2.5-0.5B,devtest,ko,963,61,149,47,77.04918032786885,3.1702127659574466,1.297872340425532,1.7407407407407407
Qwen/Qwen2.5-0.5B,devtest,ko,965,87,209,65,74.71264367816092,3.2153846153846155,1.3384615384615384,1.8055555555555556
Qwen/Qwen2.5-0.5B,devtest,ko,967,111,275,69,62.16216216216216,3.9855072463768115,1.608695652173913,1.6046511627906976
Qwen/Qwen2.5-0.5B,devtest,ko,969,94,226,51,54.255319148936174,4.431372549019608,1.8431372549019607,1.3783783783783783
Qwen/Qwen2.5-0.5B,devtest,ko,971,86,212,67,77.90697674418605,3.1641791044776117,1.2835820895522387,1.7179487179487178
Qwen/Qwen2.5-0.5B,devtest,ko,972,57,139,32,56.14035087719298,4.34375,1.78125,1.28
Qwen/Qwen2.5-0.5B,devtest,ko,973,29,73,18,62.06896551724138,4.055555555555555,1.6111111111111112,1.3846153846153846
Qwen/Qwen2.5-0.5B,devtest,ko,975,47,121,32,68.08510638297872,3.78125,1.46875,1.7777777777777777
Qwen/Qwen2.5-0.5B,devtest,ko,977,59,125,32,54.23728813559322,3.90625,1.84375,1.4545454545454546
Qwen/Qwen2.5-0.5B,devtest,ko,978,38,98,21,55.26315789473684,4.666666666666667,1.8095238095238095,1.9090909090909092
Qwen/Qwen2.5-0.5B,devtest,ko,986,37,93,22,59.45945945945946,4.2272727272727275,1.6818181818181819,1.4666666666666666
Qwen/Qwen2.5-0.5B,devtest,ko,987,66,166,45,68.18181818181819,3.688888888888889,1.4666666666666666,1.6071428571428572
Qwen/Qwen2.5-0.5B,devtest,ko,988,57,133,37,64.91228070175438,3.5945945945945947,1.5405405405405406,1.5416666666666667
Qwen/Qwen2.5-0.5B,devtest,ko,989,47,109,32,68.08510638297872,3.40625,1.46875,1.391304347826087
Qwen/Qwen2.5-0.5B,devtest,ko,993,77,193,55,71.42857142857143,3.5090909090909093,1.4,2.037037037037037
Qwen/Qwen2.5-0.5B,devtest,ko,994,34,84,22,64.70588235294117,3.8181818181818183,1.5454545454545454,1.4666666666666666
Qwen/Qwen2.5-0.5B,devtest,ko,995,78,192,60,76.92307692307692,3.2,1.3,1.7647058823529411
Qwen/Qwen2.5-0.5B,devtest,ko,997,50,126,30,60.0,4.2,1.6666666666666667,1.5
Qwen/Qwen2.5-0.5B,devtest,ko,998,53,137,36,67.9245283018868,3.8055555555555554,1.4722222222222223,1.2857142857142858
Qwen/Qwen2.5-0.5B,devtest,ko,1000,55,133,37,67.27272727272727,3.5945945945945947,1.4864864864864864,1.48
Qwen/Qwen2.5-0.5B,devtest,ko,1001,68,168,51,75.0,3.2941176470588234,1.3333333333333333,1.4166666666666667
Qwen/Qwen2.5-0.5B,devtest,ko,1003,60,152,41,68.33333333333333,3.707317073170732,1.4634146341463414,1.3666666666666667
Qwen/Qwen2.5-0.5B,devtest,ko,1005,60,148,41,68.33333333333333,3.6097560975609757,1.4634146341463414,1.3666666666666667
Qwen/Qwen2.5-0.5B,devtest,ko,1006,41,101,26,63.41463414634146,3.8846153846153846,1.5769230769230769,1.04
Qwen/Qwen2.5-0.5B,devtest,ko,1008,39,101,30,76.92307692307692,3.3666666666666667,1.3,1.7647058823529411
Qwen/Qwen2.5-0.5B,devtest,ko,1009,42,106,29,69.04761904761905,3.6551724137931036,1.4482758620689655,1.380952380952381
Qwen/Qwen2.5-0.5B,devtest,ko,1010,40,102,24,60.0,4.25,1.6666666666666667,1.6
Qwen/Qwen2.5-0.5B,devtest,ko,1011,65,159,38,58.46153846153846,4.184210526315789,1.7105263157894737,1.3571428571428572
Qwen/Qwen2.5-0.5B,devtest,ja,4,84,252,53,63.095238095238095,4.754716981132075,1.5849056603773586,1.4324324324324325
Qwen/Qwen2.5-0.5B,devtest,ja,6,23,59,15,65.21739130434783,3.933333333333333,1.5333333333333334,1.5
Qwen/Qwen2.5-0.5B,devtest,ja,7,67,193,51,76.11940298507463,3.784313725490196,1.3137254901960784,1.8214285714285714
Qwen/Qwen2.5-0.5B,devtest,ja,12,60,150,41,68.33333333333333,3.658536585365854,1.4634146341463414,1.3666666666666667
Qwen/Qwen2.5-0.5B,devtest,ja,14,76,220,43,56.578947368421055,5.116279069767442,1.7674418604651163,1.048780487804878
Qwen/Qwen2.5-0.5B,devtest,ja,15,96,288,69,71.875,4.173913043478261,1.391304347826087,1.5
Qwen/Qwen2.5-0.5B,devtest,ja,16,99,289,60,60.60606060606061,4.816666666666666,1.65,1.4285714285714286
Qwen/Qwen2.5-0.5B,devtest,ja,17,62,174,45,72.58064516129032,3.8666666666666667,1.3777777777777778,1.4516129032258065
Qwen/Qwen2.5-0.5B,devtest,ja,19,114,304,88,77.19298245614036,3.4545454545454546,1.2954545454545454,1.1891891891891893
Qwen/Qwen2.5-0.5B,devtest,ja,22,64,192,55,85.9375,3.4909090909090907,1.1636363636363636,1.5277777777777777
Qwen/Qwen2.5-0.5B,devtest,ja,23,122,322,77,63.114754098360656,4.181818181818182,1.5844155844155845,1.8333333333333333
Qwen/Qwen2.5-0.5B,devtest,ja,24,59,177,44,74.57627118644068,4.0227272727272725,1.3409090909090908,1.5714285714285714
Qwen/Qwen2.5-0.5B,devtest,ja,28,35,103,27,77.14285714285714,3.814814814814815,1.2962962962962963,1.08
Qwen/Qwen2.5-0.5B,devtest,ja,30,98,294,69,70.40816326530613,4.260869565217392,1.4202898550724639,1.3269230769230769
Qwen/Qwen2.5-0.5B,devtest,ja,31,105,315,70,66.66666666666667,4.5,1.5,1.4285714285714286
Qwen/Qwen2.5-0.5B,devtest,ja,34,27,77,20,74.07407407407408,3.85,1.35,1.5384615384615385
Qwen/Qwen2.5-0.5B,devtest,ja,37,39,117,29,74.35897435897436,4.0344827586206895,1.3448275862068966,1.2083333333333333
Qwen/Qwen2.5-0.5B,devtest,ja,38,33,99,21,63.63636363636363,4.714285714285714,1.5714285714285714,1.105263157894737
Qwen/Qwen2.5-0.5B,devtest,ja,40,54,162,38,70.37037037037037,4.2631578947368425,1.4210526315789473,1.52
Qwen/Qwen2.5-0.5B,devtest,ja,43,56,138,39,69.64285714285714,3.5384615384615383,1.435897435897436,1.1818181818181819
Qwen/Qwen2.5-0.5B,devtest,ja,44,51,151,33,64.70588235294117,4.575757575757576,1.5454545454545454,1.1785714285714286
Qwen/Qwen2.5-0.5B,devtest,ja,48,58,174,40,68.96551724137932,4.35,1.45,2.1052631578947367
Qwen/Qwen2.5-0.5B,devtest,ja,49,47,141,29,61.702127659574465,4.862068965517241,1.6206896551724137,1.0740740740740742
Qwen/Qwen2.5-0.5B,devtest,ja,50,28,74,19,67.85714285714286,3.8947368421052633,1.4736842105263157,1.1176470588235294
Qwen/Qwen2.5-0.5B,devtest,ja,56,87,253,62,71.26436781609195,4.080645161290323,1.403225806451613,1.4761904761904763
Qwen/Qwen2.5-0.5B,devtest,ja,57,96,288,71,73.95833333333333,4.056338028169014,1.352112676056338,2.1515151515151514
Qwen/Qwen2.5-0.5B,devtest,ja,59,28,78,19,67.85714285714286,4.105263157894737,1.4736842105263157,1.5833333333333333
Qwen/Qwen2.5-0.5B,devtest,ja,60,41,123,28,68.29268292682927,4.392857142857143,1.4642857142857142,1.0
Qwen/Qwen2.5-0.5B,devtest,ja,61,45,135,30,66.66666666666667,4.5,1.5,1.5789473684210527
Qwen/Qwen2.5-0.5B,devtest,ja,62,56,168,36,64.28571428571429,4.666666666666667,1.5555555555555556,1.0909090909090908
Qwen/Qwen2.5-0.5B,devtest,ja,64,69,189,54,78.26086956521739,3.5,1.2777777777777777,1.8620689655172413
Qwen/Qwen2.5-0.5B,devtest,ja,66,59,171,43,72.88135593220339,3.9767441860465116,1.372093023255814,1.72
Qwen/Qwen2.5-0.5B,devtest,ja,69,69,207,48,69.56521739130434,4.3125,1.4375,1.5483870967741935
Qwen/Qwen2.5-0.5B,devtest,ja,70,41,121,34,82.92682926829268,3.5588235294117645,1.2058823529411764,1.5454545454545454
Qwen/Qwen2.5-0.5B,devtest,ja,71,105,297,80,76.19047619047619,3.7125,1.3125,1.6666666666666667
Qwen/Qwen2.5-0.5B,devtest,ja,74,90,262,54,60.0,4.851851851851852,1.6666666666666667,1.3846153846153846
Qwen/Qwen2.5-0.5B,devtest,ja,75,63,189,51,80.95238095238095,3.7058823529411766,1.2352941176470589,1.6451612903225807
Qwen/Qwen2.5-0.5B,devtest,ja,78,30,88,24,80.0,3.6666666666666665,1.25,2.0
Qwen/Qwen2.5-0.5B,devtest,ja,82,46,136,35,76.08695652173913,3.8857142857142857,1.3142857142857143,1.5909090909090908
Qwen/Qwen2.5-0.5B,devtest,ja,83,74,218,51,68.91891891891892,4.2745098039215685,1.4509803921568627,1.5
Qwen/Qwen2.5-0.5B,devtest,ja,86,101,299,62,61.386138613861384,4.82258064516129,1.6290322580645162,1.4761904761904763
Qwen/Qwen2.5-0.5B,devtest,ja,87,82,246,40,48.78048780487805,6.15,2.05,1.5384615384615385
Qwen/Qwen2.5-0.5B,devtest,ja,88,52,156,32,61.53846153846154,4.875,1.625,1.391304347826087
Qwen/Qwen2.5-0.5B,devtest,ja,89,54,162,42,77.77777777777777,3.857142857142857,1.2857142857142858,1.5555555555555556
Qwen/Qwen2.5-0.5B,devtest,ja,91,49,147,35,71.42857142857143,4.2,1.4,1.5909090909090908
Qwen/Qwen2.5-0.5B,devtest,ja,93,26,78,17,65.38461538461539,4.588235294117647,1.5294117647058822,1.5454545454545454
Qwen/Qwen2.5-0.5B,devtest,ja,95,37,111,26,70.27027027027027,4.269230769230769,1.4230769230769231,1.3
Qwen/Qwen2.5-0.5B,devtest,ja,96,50,150,29,58.0,5.172413793103448,1.7241379310344827,1.380952380952381
Qwen/Qwen2.5-0.5B,devtest,ja,100,38,102,23,60.526315789473685,4.434782608695652,1.6521739130434783,1.0952380952380953
Qwen/Qwen2.5-0.5B,devtest,ja,101,69,181,45,65.21739130434783,4.022222222222222,1.5333333333333334,0.9
Qwen/Qwen2.5-0.5B,devtest,ja,102,63,161,47,74.60317460317461,3.425531914893617,1.3404255319148937,1.0930232558139534
Qwen/Qwen2.5-0.5B,devtest,ja,103,28,84,18,64.28571428571429,4.666666666666667,1.5555555555555556,1.6363636363636365
Qwen/Qwen2.5-0.5B,devtest,ja,106,27,81,18,66.66666666666667,4.5,1.5,1.3846153846153846
Qwen/Qwen2.5-0.5B,devtest,ja,107,89,267,66,74.15730337078652,4.045454545454546,1.3484848484848484,1.7837837837837838
Qwen/Qwen2.5-0.5B,devtest,ja,108,100,292,81,81.0,3.6049382716049383,1.2345679012345678,1.528301886792453
Qwen/Qwen2.5-0.5B,devtest,ja,109,50,144,38,76.0,3.789473684210526,1.3157894736842106,1.9
Qwen/Qwen2.5-0.5B,devtest,ja,111,29,85,17,58.62068965517241,5.0,1.7058823529411764,1.1333333333333333
Qwen/Qwen2.5-0.5B,devtest,ja,113,34,102,21,61.76470588235294,4.857142857142857,1.619047619047619,1.1666666666666667
Qwen/Qwen2.5-0.5B,devtest,ja,114,64,192,44,68.75,4.363636363636363,1.4545454545454546,1.4193548387096775
Qwen/Qwen2.5-0.5B,devtest,ja,115,44,132,32,72.72727272727273,4.125,1.375,1.1428571428571428
Qwen/Qwen2.5-0.5B,devtest,ja,117,56,158,43,76.78571428571429,3.6744186046511627,1.302325581395349,1.34375
Qwen/Qwen2.5-0.5B,devtest,ja,118,34,88,25,73.52941176470588,3.52,1.36,1.3157894736842106
Qwen/Qwen2.5-0.5B,devtest,ja,120,83,231,64,77.10843373493977,3.609375,1.296875,1.3617021276595744
Qwen/Qwen2.5-0.5B,devtest,ja,122,38,114,25,65.78947368421052,4.56,1.52,1.5625
Qwen/Qwen2.5-0.5B,devtest,ja,124,38,104,31,81.57894736842105,3.3548387096774195,1.2258064516129032,1.24
Qwen/Qwen2.5-0.5B,devtest,ja,126,17,51,11,64.70588235294117,4.636363636363637,1.5454545454545454,1.0
Qwen/Qwen2.5-0.5B,devtest,ja,129,47,141,29,61.702127659574465,4.862068965517241,1.6206896551724137,1.6111111111111112
Qwen/Qwen2.5-0.5B,devtest,ja,130,56,168,30,53.57142857142857,5.6,1.8666666666666667,1.3636363636363635
Qwen/Qwen2.5-0.5B,devtest,ja,131,66,198,43,65.15151515151516,4.604651162790698,1.5348837209302326,1.303030303030303
Qwen/Qwen2.5-0.5B,devtest,ja,132,54,158,43,79.62962962962963,3.6744186046511627,1.255813953488372,1.2647058823529411
Qwen/Qwen2.5-0.5B,devtest,ja,134,36,76,28,77.77777777777777,2.7142857142857144,1.2857142857142858,1.0
Qwen/Qwen2.5-0.5B,devtest,ja,135,46,138,42,91.30434782608695,3.2857142857142856,1.0952380952380953,2.210526315789474
Qwen/Qwen2.5-0.5B,devtest,ja,136,27,73,20,74.07407407407408,3.65,1.35,1.1764705882352942
Qwen/Qwen2.5-0.5B,devtest,ja,137,42,118,31,73.80952380952381,3.806451612903226,1.3548387096774193,1.24
Qwen/Qwen2.5-0.5B,devtest,ja,139,57,167,42,73.6842105263158,3.9761904761904763,1.3571428571428572,1.6153846153846154
Qwen/Qwen2.5-0.5B,devtest,ja,141,80,234,55,68.75,4.254545454545455,1.4545454545454546,1.4864864864864864
Qwen/Qwen2.5-0.5B,devtest,ja,143,46,138,28,60.869565217391305,4.928571428571429,1.6428571428571428,1.2727272727272727
Qwen/Qwen2.5-0.5B,devtest,ja,146,45,125,35,77.77777777777777,3.5714285714285716,1.2857142857142858,1.5217391304347827
Qwen/Qwen2.5-0.5B,devtest,ja,149,32,96,22,68.75,4.363636363636363,1.4545454545454546,1.2222222222222223
Qwen/Qwen2.5-0.5B,devtest,ja,151,77,231,53,68.83116883116882,4.3584905660377355,1.4528301886792452,1.4324324324324325
Qwen/Qwen2.5-0.5B,devtest,ja,153,62,174,49,79.03225806451613,3.5510204081632653,1.2653061224489797,1.5806451612903225
Qwen/Qwen2.5-0.5B,devtest,ja,158,60,146,44,73.33333333333333,3.3181818181818183,1.3636363636363635,1.0731707317073171
Qwen/Qwen2.5-0.5B,devtest,ja,159,38,114,21,55.26315789473684,5.428571428571429,1.8095238095238095,1.105263157894737
Qwen/Qwen2.5-0.5B,devtest,ja,160,26,78,19,73.07692307692308,4.105263157894737,1.368421052631579,1.2666666666666666
Qwen/Qwen2.5-0.5B,devtest,ja,164,29,87,20,68.96551724137932,4.35,1.45,2.0
Qwen/Qwen2.5-0.5B,devtest,ja,169,66,198,42,63.63636363636363,4.714285714285714,1.5714285714285714,1.826086956521739
Qwen/Qwen2.5-0.5B,devtest,ja,170,66,172,36,54.54545454545455,4.777777777777778,1.8333333333333333,1.2413793103448276
Qwen/Qwen2.5-0.5B,devtest,ja,171,39,95,26,66.66666666666667,3.6538461538461537,1.5,1.3
Qwen/Qwen2.5-0.5B,devtest,ja,175,38,114,26,68.42105263157895,4.384615384615385,1.4615384615384615,1.7333333333333334
Qwen/Qwen2.5-0.5B,devtest,ja,176,96,286,75,78.125,3.8133333333333335,1.28,2.272727272727273
Qwen/Qwen2.5-0.5B,devtest,ja,177,43,115,37,86.04651162790698,3.108108108108108,1.162162162162162,1.2758620689655173
Qwen/Qwen2.5-0.5B,devtest,ja,183,53,131,40,75.47169811320755,3.275,1.325,1.0810810810810811
Qwen/Qwen2.5-0.5B,devtest,ja,184,81,235,56,69.1358024691358,4.196428571428571,1.4464285714285714,1.4
Qwen/Qwen2.5-0.5B,devtest,ja,185,70,208,50,71.42857142857143,4.16,1.4,1.8518518518518519
Qwen/Qwen2.5-0.5B,devtest,ja,186,39,117,27,69.23076923076923,4.333333333333333,1.4444444444444444,1.6875
Qwen/Qwen2.5-0.5B,devtest,ja,187,51,153,36,70.58823529411765,4.25,1.4166666666666667,1.3333333333333333
Qwen/Qwen2.5-0.5B,devtest,ja,190,39,117,27,69.23076923076923,4.333333333333333,1.4444444444444444,1.125
Qwen/Qwen2.5-0.5B,devtest,ja,192,97,291,66,68.04123711340206,4.409090909090909,1.4696969696969697,2.0625
Qwen/Qwen2.5-0.5B,devtest,ja,193,106,312,80,75.47169811320755,3.9,1.325,1.4814814814814814
Qwen/Qwen2.5-0.5B,devtest,ja,194,41,121,34,82.92682926829268,3.5588235294117645,1.2058823529411764,1.7894736842105263
Qwen/Qwen2.5-0.5B,devtest,ja,195,42,118,25,59.523809523809526,4.72,1.68,1.5625
Qwen/Qwen2.5-0.5B,devtest,ja,198,40,120,27,67.5,4.444444444444445,1.4814814814814814,1.35
Qwen/Qwen2.5-0.5B,devtest,ja,201,86,246,57,66.27906976744185,4.315789473684211,1.5087719298245614,1.6285714285714286
Qwen/Qwen2.5-0.5B,devtest,ja,206,50,142,31,62.0,4.580645161290323,1.6129032258064515,1.24
Qwen/Qwen2.5-0.5B,devtest,ja,208,56,168,43,76.78571428571429,3.9069767441860463,1.302325581395349,1.7916666666666667
Qwen/Qwen2.5-0.5B,devtest,ja,209,40,120,27,67.5,4.444444444444445,1.4814814814814814,2.25
Qwen/Qwen2.5-0.5B,devtest,ja,210,40,120,25,62.5,4.8,1.6,1.4705882352941178
Qwen/Qwen2.5-0.5B,devtest,ja,211,52,156,35,67.3076923076923,4.457142857142857,1.4857142857142858,1.5909090909090908
Qwen/Qwen2.5-0.5B,devtest,ja,212,40,120,24,60.0,5.0,1.6666666666666667,1.8461538461538463
Qwen/Qwen2.5-0.5B,devtest,ja,213,51,145,35,68.62745098039215,4.142857142857143,1.457142857142857,1.3461538461538463
Qwen/Qwen2.5-0.5B,devtest,ja,214,61,175,39,63.9344262295082,4.487179487179487,1.564102564102564,1.3448275862068966
Qwen/Qwen2.5-0.5B,devtest,ja,215,62,178,42,67.74193548387096,4.238095238095238,1.4761904761904763,1.3125
Qwen/Qwen2.5-0.5B,devtest,ja,216,32,96,23,71.875,4.173913043478261,1.391304347826087,1.4375
Qwen/Qwen2.5-0.5B,devtest,ja,218,60,180,41,68.33333333333333,4.390243902439025,1.4634146341463414,1.7826086956521738
Qwen/Qwen2.5-0.5B,devtest,ja,221,39,113,29,74.35897435897436,3.896551724137931,1.3448275862068966,1.8125
Qwen/Qwen2.5-0.5B,devtest,ja,222,59,171,44,74.57627118644068,3.8863636363636362,1.3409090909090908,1.5714285714285714
Qwen/Qwen2.5-0.5B,devtest,ja,223,50,146,38,76.0,3.8421052631578947,1.3157894736842106,1.8095238095238095
Qwen/Qwen2.5-0.5B,devtest,ja,227,50,146,37,74.0,3.945945945945946,1.3513513513513513,1.6818181818181819
Qwen/Qwen2.5-0.5B,devtest,ja,228,58,166,40,68.96551724137932,4.15,1.45,1.5384615384615385
Qwen/Qwen2.5-0.5B,devtest,ja,229,38,114,25,65.78947368421052,4.56,1.52,1.3888888888888888
Qwen/Qwen2.5-0.5B,devtest,ja,230,40,96,27,67.5,3.5555555555555554,1.4814814814814814,1.2272727272727273
Qwen/Qwen2.5-0.5B,devtest,ja,232,97,291,67,69.0721649484536,4.343283582089552,1.4477611940298507,1.4565217391304348
Qwen/Qwen2.5-0.5B,devtest,ja,234,70,200,58,82.85714285714286,3.4482758620689653,1.206896551724138,1.2083333333333333
Qwen/Qwen2.5-0.5B,devtest,ja,235,46,138,34,73.91304347826087,4.0588235294117645,1.3529411764705883,1.1724137931034482
Qwen/Qwen2.5-0.5B,devtest,ja,236,75,225,58,77.33333333333333,3.8793103448275863,1.293103448275862,1.8125
Qwen/Qwen2.5-0.5B,devtest,ja,238,52,156,32,61.53846153846154,4.875,1.625,1.6
Qwen/Qwen2.5-0.5B,devtest,ja,239,49,147,29,59.183673469387756,5.068965517241379,1.6896551724137931,1.2608695652173914
Qwen/Qwen2.5-0.5B,devtest,ja,243,25,75,21,84.0,3.5714285714285716,1.1904761904761905,1.105263157894737
Qwen/Qwen2.5-0.5B,devtest,ja,244,57,169,45,78.94736842105263,3.7555555555555555,1.2666666666666666,1.8
Qwen/Qwen2.5-0.5B,devtest,ja,246,72,206,43,59.72222222222222,4.790697674418604,1.6744186046511629,1.72
Qwen/Qwen2.5-0.5B,devtest,ja,248,87,259,50,57.47126436781609,5.18,1.74,1.3888888888888888
Qwen/Qwen2.5-0.5B,devtest,ja,249,37,105,27,72.97297297297297,3.888888888888889,1.3703703703703705,1.0
Qwen/Qwen2.5-0.5B,devtest,ja,251,48,130,35,72.91666666666667,3.7142857142857144,1.3714285714285714,1.3461538461538463
Qwen/Qwen2.5-0.5B,devtest,ja,252,44,132,34,77.27272727272727,3.8823529411764706,1.2941176470588236,1.2142857142857142
Qwen/Qwen2.5-0.5B,devtest,ja,254,35,101,27,77.14285714285714,3.740740740740741,1.2962962962962963,1.9285714285714286
Qwen/Qwen2.5-0.5B,devtest,ja,255,68,198,37,54.411764705882355,5.351351351351352,1.837837837837838,1.1935483870967742
Qwen/Qwen2.5-0.5B,devtest,ja,256,51,153,34,66.66666666666667,4.5,1.5,1.4782608695652173
Qwen/Qwen2.5-0.5B,devtest,ja,257,52,154,41,78.84615384615384,3.7560975609756095,1.2682926829268293,1.8636363636363635
Qwen/Qwen2.5-0.5B,devtest,ja,258,42,126,31,73.80952380952381,4.064516129032258,1.3548387096774193,1.55
Qwen/Qwen2.5-0.5B,devtest,ja,260,43,129,23,53.48837209302326,5.608695652173913,1.8695652173913044,0.8846153846153846
Qwen/Qwen2.5-0.5B,devtest,ja,262,28,84,12,42.857142857142854,7.0,2.3333333333333335,0.75
Qwen/Qwen2.5-0.5B,devtest,ja,263,45,135,26,57.77777777777778,5.1923076923076925,1.7307692307692308,1.7333333333333334
Qwen/Qwen2.5-0.5B,devtest,ja,265,85,241,61,71.76470588235294,3.9508196721311477,1.3934426229508197,1.3863636363636365
Qwen/Qwen2.5-0.5B,devtest,ja,266,57,171,47,82.45614035087719,3.6382978723404253,1.2127659574468086,1.5666666666666667
Qwen/Qwen2.5-0.5B,devtest,ja,267,83,249,67,80.72289156626506,3.716417910447761,1.2388059701492538,1.8611111111111112
Qwen/Qwen2.5-0.5B,devtest,ja,269,54,154,41,75.92592592592592,3.7560975609756095,1.3170731707317074,1.28125
Qwen/Qwen2.5-0.5B,devtest,ja,271,70,208,52,74.28571428571429,4.0,1.3461538461538463,1.4444444444444444
Qwen/Qwen2.5-0.5B,devtest,ja,272,31,93,21,67.74193548387096,4.428571428571429,1.4761904761904763,1.3125
Qwen/Qwen2.5-0.5B,devtest,ja,273,37,109,26,70.27027027027027,4.1923076923076925,1.4230769230769231,1.5294117647058822
Qwen/Qwen2.5-0.5B,devtest,ja,274,85,217,50,58.8235294117647,4.34,1.7,1.3513513513513513
Qwen/Qwen2.5-0.5B,devtest,ja,275,139,367,108,77.6978417266187,3.3981481481481484,1.287037037037037,1.3670886075949367
Qwen/Qwen2.5-0.5B,devtest,ja,276,67,189,45,67.16417910447761,4.2,1.488888888888889,1.125
Qwen/Qwen2.5-0.5B,devtest,ja,277,39,117,28,71.7948717948718,4.178571428571429,1.3928571428571428,2.1538461538461537
Qwen/Qwen2.5-0.5B,devtest,ja,279,68,204,44,64.70588235294117,4.636363636363637,1.5454545454545454,1.5172413793103448
Qwen/Qwen2.5-0.5B,devtest,ja,281,32,96,18,56.25,5.333333333333333,1.7777777777777777,0.9473684210526315
Qwen/Qwen2.5-0.5B,devtest,ja,282,20,60,16,80.0,3.75,1.25,1.4545454545454546
Qwen/Qwen2.5-0.5B,devtest,ja,283,49,143,33,67.34693877551021,4.333333333333333,1.4848484848484849,1.5714285714285714
Qwen/Qwen2.5-0.5B,devtest,ja,284,40,120,26,65.0,4.615384615384615,1.5384615384615385,1.5294117647058822
Qwen/Qwen2.5-0.5B,devtest,ja,287,62,186,44,70.96774193548387,4.2272727272727275,1.4090909090909092,1.8333333333333333
Qwen/Qwen2.5-0.5B,devtest,ja,288,79,237,46,58.22784810126582,5.1521739130434785,1.7173913043478262,1.84
Qwen/Qwen2.5-0.5B,devtest,ja,289,60,180,39,65.0,4.615384615384615,1.5384615384615385,1.3928571428571428
Qwen/Qwen2.5-0.5B,devtest,ja,291,62,178,48,77.41935483870968,3.7083333333333335,1.2916666666666667,1.411764705882353
Qwen/Qwen2.5-0.5B,devtest,ja,292,55,165,37,67.27272727272727,4.45945945945946,1.4864864864864864,1.6818181818181819
Qwen/Qwen2.5-0.5B,devtest,ja,293,80,234,54,67.5,4.333333333333333,1.4814814814814814,1.8
Qwen/Qwen2.5-0.5B,devtest,ja,296,75,215,59,78.66666666666667,3.6440677966101696,1.271186440677966,1.6388888888888888
Qwen/Qwen2.5-0.5B,devtest,ja,297,48,136,33,68.75,4.121212121212121,1.4545454545454546,1.736842105263158
Qwen/Qwen2.5-0.5B,devtest,ja,304,50,136,37,74.0,3.675675675675676,1.3513513513513513,1.2758620689655173
Qwen/Qwen2.5-0.5B,devtest,ja,306,44,114,35,79.54545454545455,3.257142857142857,1.2571428571428571,1.1290322580645162
Qwen/Qwen2.5-0.5B,devtest,ja,308,32,96,18,56.25,5.333333333333333,1.7777777777777777,1.125
Qwen/Qwen2.5-0.5B,devtest,ja,310,30,84,25,83.33333333333333,3.36,1.2,1.7857142857142858
Qwen/Qwen2.5-0.5B,devtest,ja,311,41,121,22,53.65853658536585,5.5,1.8636363636363635,1.4666666666666666
Qwen/Qwen2.5-0.5B,devtest,ja,312,47,139,34,72.34042553191489,4.088235294117647,1.3823529411764706,1.7894736842105263
Qwen/Qwen2.5-0.5B,devtest,ja,318,50,148,39,78.0,3.7948717948717947,1.2820512820512822,2.0526315789473686
Qwen/Qwen2.5-0.5B,devtest,ja,320,111,331,76,68.46846846846847,4.355263157894737,1.4605263157894737,2.0
Qwen/Qwen2.5-0.5B,devtest,ja,321,108,318,66,61.111111111111114,4.818181818181818,1.6363636363636365,1.6923076923076923
Qwen/Qwen2.5-0.5B,devtest,ja,322,69,179,54,78.26086956521739,3.314814814814815,1.2777777777777777,1.3170731707317074
Qwen/Qwen2.5-0.5B,devtest,ja,324,59,169,42,71.1864406779661,4.023809523809524,1.4047619047619047,1.75
Qwen/Qwen2.5-0.5B,devtest,ja,326,79,219,55,69.62025316455696,3.981818181818182,1.4363636363636363,1.1956521739130435
Qwen/Qwen2.5-0.5B,devtest,ja,327,41,123,22,53.65853658536585,5.590909090909091,1.8636363636363635,1.0476190476190477
Qwen/Qwen2.5-0.5B,devtest,ja,329,53,157,37,69.81132075471699,4.243243243243243,1.4324324324324325,1.6818181818181819
Qwen/Qwen2.5-0.5B,devtest,ja,332,40,116,35,87.5,3.3142857142857145,1.1428571428571428,1.3461538461538463
Qwen/Qwen2.5-0.5B,devtest,ja,334,31,85,18,58.064516129032256,4.722222222222222,1.7222222222222223,1.125
Qwen/Qwen2.5-0.5B,devtest,ja,338,66,198,41,62.121212121212125,4.829268292682927,1.6097560975609757,1.5769230769230769
Qwen/Qwen2.5-0.5B,devtest,ja,339,63,189,49,77.77777777777777,3.857142857142857,1.2857142857142858,1.6896551724137931
Qwen/Qwen2.5-0.5B,devtest,ja,340,128,382,85,66.40625,4.4941176470588236,1.5058823529411764,1.25
Qwen/Qwen2.5-0.5B,devtest,ja,341,35,105,21,60.0,5.0,1.6666666666666667,1.1666666666666667
Qwen/Qwen2.5-0.5B,devtest,ja,342,46,138,31,67.3913043478261,4.451612903225806,1.4838709677419355,1.1923076923076923
Qwen/Qwen2.5-0.5B,devtest,ja,346,41,111,34,82.92682926829268,3.264705882352941,1.2058823529411764,1.4782608695652173
Qwen/Qwen2.5-0.5B,devtest,ja,348,38,112,28,73.6842105263158,4.0,1.3571428571428572,1.2727272727272727
Qwen/Qwen2.5-0.5B,devtest,ja,349,42,126,29,69.04761904761905,4.344827586206897,1.4482758620689655,1.2608695652173914
Qwen/Qwen2.5-0.5B,devtest,ja,350,51,153,35,68.62745098039215,4.371428571428571,1.457142857142857,1.2962962962962963
Qwen/Qwen2.5-0.5B,devtest,ja,353,43,129,31,72.09302325581395,4.161290322580645,1.3870967741935485,1.8235294117647058
Qwen/Qwen2.5-0.5B,devtest,ja,354,32,96,19,59.375,5.052631578947368,1.6842105263157894,1.1176470588235294
Qwen/Qwen2.5-0.5B,devtest,ja,356,52,150,34,65.38461538461539,4.411764705882353,1.5294117647058822,1.5454545454545454
Qwen/Qwen2.5-0.5B,devtest,ja,358,28,84,16,57.142857142857146,5.25,1.75,1.0
Qwen/Qwen2.5-0.5B,devtest,ja,361,55,165,33,60.0,5.0,1.6666666666666667,1.2692307692307692
Qwen/Qwen2.5-0.5B,devtest,ja,362,42,126,26,61.904761904761905,4.846153846153846,1.6153846153846154,1.625
Qwen/Qwen2.5-0.5B,devtest,ja,366,75,223,52,69.33333333333333,4.288461538461538,1.4423076923076923,1.6774193548387097
Qwen/Qwen2.5-0.5B,devtest,ja,368,47,141,32,68.08510638297872,4.40625,1.46875,1.0666666666666667
Qwen/Qwen2.5-0.5B,devtest,ja,369,79,237,58,73.41772151898734,4.086206896551724,1.3620689655172413,1.4146341463414633
Qwen/Qwen2.5-0.5B,devtest,ja,371,62,186,50,80.64516129032258,3.72,1.24,1.2820512820512822
Qwen/Qwen2.5-0.5B,devtest,ja,372,108,324,69,63.888888888888886,4.695652173913044,1.565217391304348,1.0298507462686568
Qwen/Qwen2.5-0.5B,devtest,ja,373,85,255,49,57.64705882352941,5.204081632653061,1.7346938775510203,1.53125
Qwen/Qwen2.5-0.5B,devtest,ja,374,37,111,24,64.86486486486487,4.625,1.5416666666666667,1.3333333333333333
Qwen/Qwen2.5-0.5B,devtest,ja,377,68,204,39,57.35294117647059,5.230769230769231,1.7435897435897436,1.3
Qwen/Qwen2.5-0.5B,devtest,ja,380,59,177,36,61.016949152542374,4.916666666666667,1.6388888888888888,1.2857142857142858
Qwen/Qwen2.5-0.5B,devtest,ja,381,49,147,36,73.46938775510205,4.083333333333333,1.3611111111111112,1.6363636363636365
Qwen/Qwen2.5-0.5B,devtest,ja,382,59,173,38,64.40677966101696,4.552631578947368,1.5526315789473684,0.9047619047619048
Qwen/Qwen2.5-0.5B,devtest,ja,384,49,147,32,65.3061224489796,4.59375,1.53125,1.28
Qwen/Qwen2.5-0.5B,devtest,ja,385,82,246,59,71.95121951219512,4.169491525423729,1.3898305084745763,1.3409090909090908
Qwen/Qwen2.5-0.5B,devtest,ja,388,57,171,40,70.17543859649123,4.275,1.425,1.4814814814814814
Qwen/Qwen2.5-0.5B,devtest,ja,391,37,111,22,59.45945945945946,5.045454545454546,1.6818181818181819,1.1578947368421053
Qwen/Qwen2.5-0.5B,devtest,ja,393,20,60,16,80.0,3.75,1.25,1.3333333333333333
Qwen/Qwen2.5-0.5B,devtest,ja,394,38,114,21,55.26315789473684,5.428571428571429,1.8095238095238095,1.3125
Qwen/Qwen2.5-0.5B,devtest,ja,398,93,279,65,69.89247311827957,4.292307692307692,1.4307692307692308,1.625
Qwen/Qwen2.5-0.5B,devtest,ja,399,39,117,27,69.23076923076923,4.333333333333333,1.4444444444444444,1.588235294117647
Qwen/Qwen2.5-0.5B,devtest,ja,404,76,209,53,69.73684210526316,3.943396226415094,1.4339622641509433,1.2045454545454546
Qwen/Qwen2.5-0.5B,devtest,ja,405,25,75,18,72.0,4.166666666666667,1.3888888888888888,1.2
Qwen/Qwen2.5-0.5B,devtest,ja,407,71,205,46,64.78873239436619,4.456521739130435,1.5434782608695652,1.1794871794871795
Qwen/Qwen2.5-0.5B,devtest,ja,408,47,127,37,78.72340425531915,3.4324324324324325,1.2702702702702702,1.4230769230769231
Qwen/Qwen2.5-0.5B,devtest,ja,410,44,130,28,63.63636363636363,4.642857142857143,1.5714285714285714,1.12
Qwen/Qwen2.5-0.5B,devtest,ja,414,50,146,37,74.0,3.945945945945946,1.3513513513513513,1.2758620689655173
Qwen/Qwen2.5-0.5B,devtest,ja,415,72,216,50,69.44444444444444,4.32,1.44,1.3157894736842106
Qwen/Qwen2.5-0.5B,devtest,ja,418,66,180,44,66.66666666666667,4.090909090909091,1.5,1.2941176470588236
Qwen/Qwen2.5-0.5B,devtest,ja,420,52,156,37,71.15384615384616,4.216216216216216,1.4054054054054055,1.85
Qwen/Qwen2.5-0.5B,devtest,ja,421,47,129,32,68.08510638297872,4.03125,1.46875,1.0
Qwen/Qwen2.5-0.5B,devtest,ja,425,66,166,49,74.24242424242425,3.3877551020408165,1.346938775510204,1.0208333333333333
Qwen/Qwen2.5-0.5B,devtest,ja,427,60,176,45,75.0,3.911111111111111,1.3333333333333333,1.5
Qwen/Qwen2.5-0.5B,devtest,ja,428,51,153,33,64.70588235294117,4.636363636363637,1.5454545454545454,1.2222222222222223
Qwen/Qwen2.5-0.5B,devtest,ja,430,69,197,43,62.31884057971015,4.5813953488372094,1.6046511627906976,1.2647058823529411
Qwen/Qwen2.5-0.5B,devtest,ja,433,49,137,34,69.38775510204081,4.029411764705882,1.4411764705882353,1.1724137931034482
Qwen/Qwen2.5-0.5B,devtest,ja,434,50,144,34,68.0,4.235294117647059,1.4705882352941178,1.5454545454545454
Qwen/Qwen2.5-0.5B,devtest,ja,435,55,163,40,72.72727272727273,4.075,1.375,1.3333333333333333
Qwen/Qwen2.5-0.5B,devtest,ja,436,60,176,48,80.0,3.6666666666666665,1.25,1.6551724137931034
Qwen/Qwen2.5-0.5B,devtest,ja,439,37,111,22,59.45945945945946,5.045454545454546,1.6818181818181819,1.5714285714285714
Qwen/Qwen2.5-0.5B,devtest,ja,445,50,150,36,72.0,4.166666666666667,1.3888888888888888,1.8
Qwen/Qwen2.5-0.5B,devtest,ja,446,41,115,27,65.85365853658537,4.2592592592592595,1.5185185185185186,1.0384615384615385
Qwen/Qwen2.5-0.5B,devtest,ja,447,63,189,42,66.66666666666667,4.5,1.5,1.68
Qwen/Qwen2.5-0.5B,devtest,ja,449,60,178,45,75.0,3.9555555555555557,1.3333333333333333,1.1538461538461537
Qwen/Qwen2.5-0.5B,devtest,ja,450,60,180,37,61.666666666666664,4.864864864864865,1.6216216216216217,1.2758620689655173
Qwen/Qwen2.5-0.5B,devtest,ja,451,84,248,50,59.523809523809526,4.96,1.68,1.2820512820512822
Qwen/Qwen2.5-0.5B,devtest,ja,452,40,120,30,75.0,4.0,1.3333333333333333,1.875
Qwen/Qwen2.5-0.5B,devtest,ja,453,62,184,45,72.58064516129032,4.088888888888889,1.3777777777777778,1.25
Qwen/Qwen2.5-0.5B,devtest,ja,454,76,228,48,63.1578947368421,4.75,1.5833333333333333,1.1428571428571428
Qwen/Qwen2.5-0.5B,devtest,ja,455,56,168,36,64.28571428571429,4.666666666666667,1.5555555555555556,1.8
Qwen/Qwen2.5-0.5B,devtest,ja,456,55,165,32,58.18181818181818,5.15625,1.71875,1.391304347826087
Qwen/Qwen2.5-0.5B,devtest,ja,460,34,102,24,70.58823529411765,4.25,1.4166666666666667,0.8888888888888888
Qwen/Qwen2.5-0.5B,devtest,ja,461,56,168,34,60.714285714285715,4.9411764705882355,1.6470588235294117,1.1724137931034482
Qwen/Qwen2.5-0.5B,devtest,ja,464,66,194,46,69.6969696969697,4.217391304347826,1.434782608695652,1.7037037037037037
Qwen/Qwen2.5-0.5B,devtest,ja,465,86,258,66,76.74418604651163,3.909090909090909,1.303030303030303,1.4042553191489362
Qwen/Qwen2.5-0.5B,devtest,ja,468,58,174,38,65.51724137931035,4.578947368421052,1.5263157894736843,1.0
Qwen/Qwen2.5-0.5B,devtest,ja,470,66,198,43,65.15151515151516,4.604651162790698,1.5348837209302326,1.4333333333333333
Qwen/Qwen2.5-0.5B,devtest,ja,472,49,147,39,79.59183673469387,3.769230769230769,1.2564102564102564,1.56
Qwen/Qwen2.5-0.5B,devtest,ja,473,32,96,29,90.625,3.310344827586207,1.103448275862069,1.7058823529411764
Qwen/Qwen2.5-0.5B,devtest,ja,475,44,132,26,59.09090909090909,5.076923076923077,1.6923076923076923,1.1304347826086956
Qwen/Qwen2.5-0.5B,devtest,ja,476,89,267,58,65.1685393258427,4.603448275862069,1.5344827586206897,1.380952380952381
Qwen/Qwen2.5-0.5B,devtest,ja,477,56,168,35,62.5,4.8,1.6,1.2962962962962963
Qwen/Qwen2.5-0.5B,devtest,ja,480,63,181,48,76.19047619047619,3.7708333333333335,1.3125,1.6
Qwen/Qwen2.5-0.5B,devtest,ja,482,118,348,76,64.40677966101696,4.578947368421052,1.5526315789473684,1.6170212765957446
Qwen/Qwen2.5-0.5B,devtest,ja,483,34,102,20,58.8235294117647,5.1,1.7,1.1111111111111112
Qwen/Qwen2.5-0.5B,devtest,ja,485,69,207,50,72.46376811594203,4.14,1.38,1.6666666666666667
Qwen/Qwen2.5-0.5B,devtest,ja,486,54,162,36,66.66666666666667,4.5,1.5,1.2857142857142858
Qwen/Qwen2.5-0.5B,devtest,ja,488,73,219,39,53.42465753424658,5.615384615384615,1.8717948717948718,1.3928571428571428
Qwen/Qwen2.5-0.5B,devtest,ja,489,46,124,38,82.6086956521739,3.263157894736842,1.2105263157894737,1.1875
Qwen/Qwen2.5-0.5B,devtest,ja,491,45,135,25,55.55555555555556,5.4,1.8,1.1363636363636365
Qwen/Qwen2.5-0.5B,devtest,ja,492,31,81,26,83.87096774193549,3.1153846153846154,1.1923076923076923,0.9285714285714286
Qwen/Qwen2.5-0.5B,devtest,ja,494,42,118,29,69.04761904761905,4.068965517241379,1.4482758620689655,1.1153846153846154
Qwen/Qwen2.5-0.5B,devtest,ja,498,47,141,38,80.85106382978724,3.710526315789474,1.236842105263158,1.8095238095238095
Qwen/Qwen2.5-0.5B,devtest,ja,499,61,183,39,63.9344262295082,4.6923076923076925,1.564102564102564,1.625
Qwen/Qwen2.5-0.5B,devtest,ja,500,52,156,34,65.38461538461539,4.588235294117647,1.5294117647058822,1.4166666666666667
Qwen/Qwen2.5-0.5B,devtest,ja,504,111,333,73,65.76576576576576,4.561643835616438,1.5205479452054795,1.489795918367347
Qwen/Qwen2.5-0.5B,devtest,ja,505,51,153,35,68.62745098039215,4.371428571428571,1.457142857142857,1.9444444444444444
Qwen/Qwen2.5-0.5B,devtest,ja,509,83,249,42,50.602409638554214,5.928571428571429,1.9761904761904763,1.105263157894737
Qwen/Qwen2.5-0.5B,devtest,ja,510,89,235,45,50.561797752808985,5.222222222222222,1.9777777777777779,1.3636363636363635
Qwen/Qwen2.5-0.5B,devtest,ja,513,50,150,33,66.0,4.545454545454546,1.5151515151515151,1.32
Qwen/Qwen2.5-0.5B,devtest,ja,517,47,141,23,48.93617021276596,6.130434782608695,2.0434782608695654,2.090909090909091
Qwen/Qwen2.5-0.5B,devtest,ja,519,62,146,33,53.225806451612904,4.424242424242424,1.878787878787879,1.1
Qwen/Qwen2.5-0.5B,devtest,ja,523,72,216,50,69.44444444444444,4.32,1.44,1.4705882352941178
Qwen/Qwen2.5-0.5B,devtest,ja,524,53,159,32,60.37735849056604,4.96875,1.65625,1.6
Qwen/Qwen2.5-0.5B,devtest,ja,525,53,153,36,67.9245283018868,4.25,1.4722222222222223,1.894736842105263
Qwen/Qwen2.5-0.5B,devtest,ja,526,48,144,32,66.66666666666667,4.5,1.5,1.8823529411764706
Qwen/Qwen2.5-0.5B,devtest,ja,527,44,130,31,70.45454545454545,4.193548387096774,1.4193548387096775,1.7222222222222223
Qwen/Qwen2.5-0.5B,devtest,ja,529,45,135,31,68.88888888888889,4.354838709677419,1.4516129032258065,1.55
Qwen/Qwen2.5-0.5B,devtest,ja,530,68,204,42,61.76470588235294,4.857142857142857,1.619047619047619,1.2352941176470589
Qwen/Qwen2.5-0.5B,devtest,ja,531,54,162,43,79.62962962962963,3.7674418604651163,1.255813953488372,1.2285714285714286
Qwen/Qwen2.5-0.5B,devtest,ja,533,56,160,41,73.21428571428571,3.902439024390244,1.3658536585365855,1.4137931034482758
Qwen/Qwen2.5-0.5B,devtest,ja,534,49,147,31,63.265306122448976,4.741935483870968,1.5806451612903225,1.4090909090909092
Qwen/Qwen2.5-0.5B,devtest,ja,535,70,210,40,57.142857142857146,5.25,1.75,1.1428571428571428
Qwen/Qwen2.5-0.5B,devtest,ja,536,75,225,47,62.666666666666664,4.787234042553192,1.5957446808510638,1.3055555555555556
Qwen/Qwen2.5-0.5B,devtest,ja,538,61,183,43,70.49180327868852,4.255813953488372,1.4186046511627908,1.6538461538461537
Qwen/Qwen2.5-0.5B,devtest,ja,540,59,177,40,67.79661016949153,4.425,1.475,1.25
Qwen/Qwen2.5-0.5B,devtest,ja,541,58,174,40,68.96551724137932,4.35,1.45,1.4285714285714286
Qwen/Qwen2.5-0.5B,devtest,ja,542,62,186,48,77.41935483870968,3.875,1.2916666666666667,1.5
Qwen/Qwen2.5-0.5B,devtest,ja,545,36,106,29,80.55555555555556,3.6551724137931036,1.2413793103448276,1.3181818181818181
Qwen/Qwen2.5-0.5B,devtest,ja,546,71,209,51,71.83098591549296,4.098039215686274,1.392156862745098,1.3076923076923077
Qwen/Qwen2.5-0.5B,devtest,ja,551,73,219,48,65.75342465753425,4.5625,1.5208333333333333,1.411764705882353
Qwen/Qwen2.5-0.5B,devtest,ja,552,40,118,23,57.5,5.130434782608695,1.7391304347826086,1.0454545454545454
Qwen/Qwen2.5-0.5B,devtest,ja,556,79,237,58,73.41772151898734,4.086206896551724,1.3620689655172413,1.183673469387755
Qwen/Qwen2.5-0.5B,devtest,ja,557,30,86,21,70.0,4.095238095238095,1.4285714285714286,1.2352941176470589
Qwen/Qwen2.5-0.5B,devtest,ja,561,52,148,42,80.76923076923077,3.5238095238095237,1.2380952380952381,1.6153846153846154
Qwen/Qwen2.5-0.5B,devtest,ja,562,68,198,52,76.47058823529412,3.8076923076923075,1.3076923076923077,1.9259259259259258
Qwen/Qwen2.5-0.5B,devtest,ja,565,66,198,37,56.06060606060606,5.351351351351352,1.7837837837837838,1.0571428571428572
Qwen/Qwen2.5-0.5B,devtest,ja,568,80,236,59,73.75,4.0,1.3559322033898304,1.4047619047619047
Qwen/Qwen2.5-0.5B,devtest,ja,570,45,131,31,68.88888888888889,4.225806451612903,1.4516129032258065,1.4090909090909092
Qwen/Qwen2.5-0.5B,devtest,ja,572,67,197,44,65.67164179104478,4.4772727272727275,1.5227272727272727,1.4666666666666666
Qwen/Qwen2.5-0.5B,devtest,ja,576,42,124,33,78.57142857142857,3.757575757575758,1.2727272727272727,1.2692307692307692
Qwen/Qwen2.5-0.5B,devtest,ja,579,58,174,31,53.44827586206897,5.612903225806452,1.8709677419354838,1.2916666666666667
Qwen/Qwen2.5-0.5B,devtest,ja,585,62,178,45,72.58064516129032,3.9555555555555557,1.3777777777777778,1.0975609756097562
Qwen/Qwen2.5-0.5B,devtest,ja,587,46,134,31,67.3913043478261,4.32258064516129,1.4838709677419355,1.9375
Qwen/Qwen2.5-0.5B,devtest,ja,589,34,102,18,52.94117647058823,5.666666666666667,1.8888888888888888,1.3846153846153846
Qwen/Qwen2.5-0.5B,devtest,ja,592,84,250,49,58.333333333333336,5.1020408163265305,1.7142857142857142,1.2894736842105263
Qwen/Qwen2.5-0.5B,devtest,ja,594,43,129,27,62.7906976744186,4.777777777777778,1.5925925925925926,1.9285714285714286
Qwen/Qwen2.5-0.5B,devtest,ja,596,64,192,41,64.0625,4.682926829268292,1.5609756097560976,1.64
Qwen/Qwen2.5-0.5B,devtest,ja,599,44,124,33,75.0,3.757575757575758,1.3333333333333333,1.736842105263158
Qwen/Qwen2.5-0.5B,devtest,ja,601,73,207,59,80.82191780821918,3.5084745762711864,1.2372881355932204,2.107142857142857
Qwen/Qwen2.5-0.5B,devtest,ja,602,76,228,46,60.526315789473685,4.956521739130435,1.6521739130434783,1.3142857142857143
Qwen/Qwen2.5-0.5B,devtest,ja,603,56,168,41,73.21428571428571,4.097560975609756,1.3658536585365855,1.7826086956521738
Qwen/Qwen2.5-0.5B,devtest,ja,605,61,183,45,73.77049180327869,4.066666666666666,1.3555555555555556,1.8
Qwen/Qwen2.5-0.5B,devtest,ja,607,51,153,42,82.3529411764706,3.642857142857143,1.2142857142857142,1.4
Qwen/Qwen2.5-0.5B,devtest,ja,608,58,174,42,72.41379310344827,4.142857142857143,1.380952380952381,1.9090909090909092
Qwen/Qwen2.5-0.5B,devtest,ja,611,29,87,21,72.41379310344827,4.142857142857143,1.380952380952381,1.1666666666666667
Qwen/Qwen2.5-0.5B,devtest,ja,617,28,84,22,78.57142857142857,3.8181818181818183,1.2727272727272727,1.5714285714285714
Qwen/Qwen2.5-0.5B,devtest,ja,618,55,165,41,74.54545454545455,4.024390243902439,1.3414634146341464,1.3666666666666667
Qwen/Qwen2.5-0.5B,devtest,ja,620,31,93,26,83.87096774193549,3.576923076923077,1.1923076923076923,1.8571428571428572
Qwen/Qwen2.5-0.5B,devtest,ja,621,32,96,22,68.75,4.363636363636363,1.4545454545454546,1.2222222222222223
Qwen/Qwen2.5-0.5B,devtest,ja,624,39,117,21,53.84615384615385,5.571428571428571,1.8571428571428572,1.105263157894737
Qwen/Qwen2.5-0.5B,devtest,ja,626,38,112,29,76.3157894736842,3.8620689655172415,1.3103448275862069,1.8125
Qwen/Qwen2.5-0.5B,devtest,ja,627,33,93,25,75.75757575757575,3.72,1.32,1.0
Qwen/Qwen2.5-0.5B,devtest,ja,629,63,189,44,69.84126984126983,4.295454545454546,1.4318181818181819,1.2941176470588236
Qwen/Qwen2.5-0.5B,devtest,ja,630,45,135,30,66.66666666666667,4.5,1.5,1.4285714285714286
Qwen/Qwen2.5-0.5B,devtest,ja,632,31,93,19,61.29032258064516,4.894736842105263,1.631578947368421,1.5833333333333333
Qwen/Qwen2.5-0.5B,devtest,ja,633,61,183,37,60.65573770491803,4.945945945945946,1.6486486486486487,1.48
Qwen/Qwen2.5-0.5B,devtest,ja,635,79,237,47,59.49367088607595,5.042553191489362,1.6808510638297873,1.175
Qwen/Qwen2.5-0.5B,devtest,ja,637,83,247,54,65.06024096385542,4.574074074074074,1.537037037037037,1.3170731707317074
Qwen/Qwen2.5-0.5B,devtest,ja,638,52,154,27,51.92307692307692,5.703703703703703,1.9259259259259258,1.08
Qwen/Qwen2.5-0.5B,devtest,ja,640,35,105,23,65.71428571428571,4.565217391304348,1.5217391304347827,1.3529411764705883
Qwen/Qwen2.5-0.5B,devtest,ja,643,34,102,22,64.70588235294117,4.636363636363637,1.5454545454545454,1.375
Qwen/Qwen2.5-0.5B,devtest,ja,644,38,114,25,65.78947368421052,4.56,1.52,1.1904761904761905
Qwen/Qwen2.5-0.5B,devtest,ja,646,40,120,19,47.5,6.315789473684211,2.1052631578947367,1.2666666666666666
Qwen/Qwen2.5-0.5B,devtest,ja,647,50,148,30,60.0,4.933333333333334,1.6666666666666667,1.2
Qwen/Qwen2.5-0.5B,devtest,ja,649,55,165,28,50.90909090909091,5.892857142857143,1.9642857142857142,1.4
Qwen/Qwen2.5-0.5B,devtest,ja,651,31,71,27,87.09677419354838,2.6296296296296298,1.1481481481481481,1.08
Qwen/Qwen2.5-0.5B,devtest,ja,653,44,132,27,61.36363636363637,4.888888888888889,1.6296296296296295,0.9642857142857143
Qwen/Qwen2.5-0.5B,devtest,ja,655,57,171,31,54.3859649122807,5.516129032258065,1.8387096774193548,1.4090909090909092
Qwen/Qwen2.5-0.5B,devtest,ja,658,76,222,49,64.47368421052632,4.530612244897959,1.5510204081632653,1.3611111111111112
Qwen/Qwen2.5-0.5B,devtest,ja,659,59,177,44,74.57627118644068,4.0227272727272725,1.3409090909090908,1.76
Qwen/Qwen2.5-0.5B,devtest,ja,662,38,114,25,65.78947368421052,4.56,1.52,1.3888888888888888
Qwen/Qwen2.5-0.5B,devtest,ja,663,45,135,29,64.44444444444444,4.655172413793103,1.5517241379310345,1.45
Qwen/Qwen2.5-0.5B,devtest,ja,665,95,285,60,63.1578947368421,4.75,1.5833333333333333,2.0689655172413794
Qwen/Qwen2.5-0.5B,devtest,ja,666,68,144,44,64.70588235294117,3.272727272727273,1.5454545454545454,1.1282051282051282
Qwen/Qwen2.5-0.5B,devtest,ja,670,63,189,43,68.25396825396825,4.395348837209302,1.4651162790697674,1.4827586206896552
Qwen/Qwen2.5-0.5B,devtest,ja,671,64,192,35,54.6875,5.485714285714286,1.8285714285714285,1.5217391304347827
Qwen/Qwen2.5-0.5B,devtest,ja,673,75,225,49,65.33333333333333,4.591836734693878,1.530612244897959,1.53125
Qwen/Qwen2.5-0.5B,devtest,ja,675,62,186,42,67.74193548387096,4.428571428571429,1.4761904761904763,1.2727272727272727
Qwen/Qwen2.5-0.5B,devtest,ja,676,58,174,29,50.0,6.0,2.0,1.5263157894736843
Qwen/Qwen2.5-0.5B,devtest,ja,677,64,192,34,53.125,5.647058823529412,1.8823529411764706,1.4166666666666667
Qwen/Qwen2.5-0.5B,devtest,ja,679,46,134,28,60.869565217391305,4.785714285714286,1.6428571428571428,2.0
Qwen/Qwen2.5-0.5B,devtest,ja,683,56,168,38,67.85714285714286,4.421052631578948,1.4736842105263157,1.2258064516129032
Qwen/Qwen2.5-0.5B,devtest,ja,684,79,237,55,69.62025316455696,4.3090909090909095,1.4363636363636363,1.8333333333333333
Qwen/Qwen2.5-0.5B,devtest,ja,686,109,327,66,60.55045871559633,4.954545454545454,1.6515151515151516,1.4666666666666666
Qwen/Qwen2.5-0.5B,devtest,ja,688,59,177,31,52.54237288135593,5.709677419354839,1.903225806451613,1.4090909090909092
Qwen/Qwen2.5-0.5B,devtest,ja,692,56,168,44,78.57142857142857,3.8181818181818183,1.2727272727272727,1.6296296296296295
Qwen/Qwen2.5-0.5B,devtest,ja,695,40,120,22,55.0,5.454545454545454,1.8181818181818181,1.1578947368421053
Qwen/Qwen2.5-0.5B,devtest,ja,697,29,87,23,79.3103448275862,3.782608695652174,1.2608695652173914,1.4375
Qwen/Qwen2.5-0.5B,devtest,ja,699,50,150,31,62.0,4.838709677419355,1.6129032258064515,1.4761904761904763
Qwen/Qwen2.5-0.5B,devtest,ja,701,81,239,70,86.41975308641975,3.414285714285714,1.1571428571428573,2.2580645161290325
Qwen/Qwen2.5-0.5B,devtest,ja,706,77,231,49,63.63636363636363,4.714285714285714,1.5714285714285714,1.6333333333333333
Qwen/Qwen2.5-0.5B,devtest,ja,707,97,287,70,72.16494845360825,4.1,1.3857142857142857,1.4893617021276595
Qwen/Qwen2.5-0.5B,devtest,ja,716,65,189,43,66.15384615384616,4.395348837209302,1.5116279069767442,1.1025641025641026
Qwen/Qwen2.5-0.5B,devtest,ja,719,45,127,33,73.33333333333333,3.8484848484848486,1.3636363636363635,1.1785714285714286
Qwen/Qwen2.5-0.5B,devtest,ja,720,77,167,45,58.44155844155844,3.7111111111111112,1.711111111111111,2.142857142857143
Qwen/Qwen2.5-0.5B,devtest,ja,721,47,141,36,76.59574468085107,3.9166666666666665,1.3055555555555556,1.2857142857142858
Qwen/Qwen2.5-0.5B,devtest,ja,725,43,129,31,72.09302325581395,4.161290322580645,1.3870967741935485,1.631578947368421
Qwen/Qwen2.5-0.5B,devtest,ja,728,59,177,42,71.1864406779661,4.214285714285714,1.4047619047619047,1.2352941176470589
Qwen/Qwen2.5-0.5B,devtest,ja,730,33,99,25,75.75757575757575,3.96,1.32,1.1904761904761905
Qwen/Qwen2.5-0.5B,devtest,ja,737,93,261,68,73.11827956989248,3.838235294117647,1.3676470588235294,1.3333333333333333
Qwen/Qwen2.5-0.5B,devtest,ja,738,44,132,25,56.81818181818182,5.28,1.76,1.0869565217391304
Qwen/Qwen2.5-0.5B,devtest,ja,740,57,159,43,75.43859649122807,3.697674418604651,1.3255813953488371,1.1944444444444444
Qwen/Qwen2.5-0.5B,devtest,ja,741,78,234,57,73.07692307692308,4.105263157894737,1.368421052631579,1.1875
Qwen/Qwen2.5-0.5B,devtest,ja,746,60,180,45,75.0,4.0,1.3333333333333333,1.3636363636363635
Qwen/Qwen2.5-0.5B,devtest,ja,748,33,97,19,57.57575757575758,5.105263157894737,1.736842105263158,1.4615384615384615
Qwen/Qwen2.5-0.5B,devtest,ja,754,59,161,38,64.40677966101696,4.2368421052631575,1.5526315789473684,1.3571428571428572
Qwen/Qwen2.5-0.5B,devtest,ja,755,39,101,24,61.53846153846154,4.208333333333333,1.625,1.0
Qwen/Qwen2.5-0.5B,devtest,ja,756,50,150,29,58.0,5.172413793103448,1.7241379310344827,1.2083333333333333
Qwen/Qwen2.5-0.5B,devtest,ja,757,67,201,41,61.19402985074627,4.902439024390244,1.6341463414634145,1.0789473684210527
Qwen/Qwen2.5-0.5B,devtest,ja,761,55,165,36,65.45454545454545,4.583333333333333,1.5277777777777777,1.125
Qwen/Qwen2.5-0.5B,devtest,ja,762,31,93,24,77.41935483870968,3.875,1.2916666666666667,0.9230769230769231
Qwen/Qwen2.5-0.5B,devtest,ja,765,59,177,35,59.32203389830509,5.057142857142857,1.6857142857142857,1.2962962962962963
Qwen/Qwen2.5-0.5B,devtest,ja,767,59,177,44,74.57627118644068,4.0227272727272725,1.3409090909090908,1.5714285714285714
Qwen/Qwen2.5-0.5B,devtest,ja,768,35,103,28,80.0,3.6785714285714284,1.25,0.875
Qwen/Qwen2.5-0.5B,devtest,ja,770,60,170,45,75.0,3.7777777777777777,1.3333333333333333,1.3636363636363635
Qwen/Qwen2.5-0.5B,devtest,ja,771,57,163,42,73.6842105263158,3.880952380952381,1.3571428571428572,1.75
Qwen/Qwen2.5-0.5B,devtest,ja,775,37,111,25,67.56756756756756,4.44,1.48,1.0869565217391304
Qwen/Qwen2.5-0.5B,devtest,ja,776,62,186,46,74.19354838709677,4.043478260869565,1.3478260869565217,1.6428571428571428
Qwen/Qwen2.5-0.5B,devtest,ja,781,112,336,72,64.28571428571429,4.666666666666667,1.5555555555555556,1.6363636363636365
Qwen/Qwen2.5-0.5B,devtest,ja,783,46,138,29,63.04347826086956,4.758620689655173,1.5862068965517242,1.16
Qwen/Qwen2.5-0.5B,devtest,ja,784,49,147,31,63.265306122448976,4.741935483870968,1.5806451612903225,1.631578947368421
Qwen/Qwen2.5-0.5B,devtest,ja,789,62,186,35,56.45161290322581,5.314285714285714,1.7714285714285714,1.1290322580645162
Qwen/Qwen2.5-0.5B,devtest,ja,790,61,183,40,65.57377049180327,4.575,1.525,1.7391304347826086
Qwen/Qwen2.5-0.5B,devtest,ja,792,41,123,24,58.53658536585366,5.125,1.7083333333333333,1.1428571428571428
Qwen/Qwen2.5-0.5B,devtest,ja,793,81,243,44,54.32098765432099,5.5227272727272725,1.8409090909090908,1.3333333333333333
Qwen/Qwen2.5-0.5B,devtest,ja,794,46,138,30,65.21739130434783,4.6,1.5333333333333334,1.0714285714285714
Qwen/Qwen2.5-0.5B,devtest,ja,797,70,210,52,74.28571428571429,4.038461538461538,1.3461538461538463,2.0
Qwen/Qwen2.5-0.5B,devtest,ja,798,64,192,38,59.375,5.052631578947368,1.6842105263157894,1.7272727272727273
Qwen/Qwen2.5-0.5B,devtest,ja,799,72,216,44,61.111111111111114,4.909090909090909,1.6363636363636365,1.4666666666666666
Qwen/Qwen2.5-0.5B,devtest,ja,800,57,171,39,68.42105263157895,4.384615384615385,1.4615384615384615,1.5
Qwen/Qwen2.5-0.5B,devtest,ja,801,73,219,50,68.4931506849315,4.38,1.46,1.7241379310344827
Qwen/Qwen2.5-0.5B,devtest,ja,804,31,93,23,74.19354838709677,4.043478260869565,1.3478260869565217,1.2777777777777777
Qwen/Qwen2.5-0.5B,devtest,ja,806,46,136,29,63.04347826086956,4.689655172413793,1.5862068965517242,1.16
Qwen/Qwen2.5-0.5B,devtest,ja,810,45,135,25,55.55555555555556,5.4,1.8,1.0
Qwen/Qwen2.5-0.5B,devtest,ja,811,75,225,53,70.66666666666667,4.245283018867925,1.4150943396226414,1.4722222222222223
Qwen/Qwen2.5-0.5B,devtest,ja,813,45,125,31,68.88888888888889,4.032258064516129,1.4516129032258065,1.1923076923076923
Qwen/Qwen2.5-0.5B,devtest,ja,814,51,145,37,72.54901960784314,3.918918918918919,1.3783783783783783,1.3703703703703705
Qwen/Qwen2.5-0.5B,devtest,ja,818,58,174,31,53.44827586206897,5.612903225806452,1.8709677419354838,1.0
Qwen/Qwen2.5-0.5B,devtest,ja,820,56,168,38,67.85714285714286,4.421052631578948,1.4736842105263157,2.375
Qwen/Qwen2.5-0.5B,devtest,ja,824,70,210,50,71.42857142857143,4.2,1.4,2.0
Qwen/Qwen2.5-0.5B,devtest,ja,825,39,117,32,82.05128205128206,3.65625,1.21875,1.2307692307692308
Qwen/Qwen2.5-0.5B,devtest,ja,826,47,141,29,61.702127659574465,4.862068965517241,1.6206896551724137,1.380952380952381
Qwen/Qwen2.5-0.5B,devtest,ja,827,49,147,31,63.265306122448976,4.741935483870968,1.5806451612903225,1.1071428571428572
Qwen/Qwen2.5-0.5B,devtest,ja,828,78,234,63,80.76923076923077,3.7142857142857144,1.2380952380952381,2.1
Qwen/Qwen2.5-0.5B,devtest,ja,829,46,138,38,82.6086956521739,3.6315789473684212,1.2105263157894737,1.2258064516129032
Qwen/Qwen2.5-0.5B,devtest,ja,830,86,242,60,69.76744186046511,4.033333333333333,1.4333333333333333,1.3953488372093024
Qwen/Qwen2.5-0.5B,devtest,ja,832,57,171,42,73.6842105263158,4.071428571428571,1.3571428571428572,1.5
Qwen/Qwen2.5-0.5B,devtest,ja,834,66,198,42,63.63636363636363,4.714285714285714,1.5714285714285714,1.4
Qwen/Qwen2.5-0.5B,devtest,ja,836,32,96,25,78.125,3.84,1.28,1.3888888888888888
Qwen/Qwen2.5-0.5B,devtest,ja,837,36,108,27,75.0,4.0,1.3333333333333333,1.35
Qwen/Qwen2.5-0.5B,devtest,ja,839,53,155,36,67.9245283018868,4.305555555555555,1.4722222222222223,1.125
Qwen/Qwen2.5-0.5B,devtest,ja,840,53,159,33,62.264150943396224,4.818181818181818,1.606060606060606,1.1785714285714286
Qwen/Qwen2.5-0.5B,devtest,ja,843,55,165,32,58.18181818181818,5.15625,1.71875,1.1851851851851851
Qwen/Qwen2.5-0.5B,devtest,ja,844,89,267,57,64.04494382022472,4.684210526315789,1.5614035087719298,1.3571428571428572
Qwen/Qwen2.5-0.5B,devtest,ja,847,53,153,43,81.13207547169812,3.558139534883721,1.2325581395348837,1.3870967741935485
Qwen/Qwen2.5-0.5B,devtest,ja,849,69,207,55,79.71014492753623,3.7636363636363637,1.2545454545454546,1.6666666666666667
Qwen/Qwen2.5-0.5B,devtest,ja,852,83,237,56,67.46987951807229,4.232142857142857,1.4821428571428572,1.435897435897436
Qwen/Qwen2.5-0.5B,devtest,ja,853,60,180,35,58.333333333333336,5.142857142857143,1.7142857142857142,1.75
Qwen/Qwen2.5-0.5B,devtest,ja,854,73,219,49,67.12328767123287,4.469387755102041,1.489795918367347,1.4
Qwen/Qwen2.5-0.5B,devtest,ja,856,83,249,49,59.036144578313255,5.081632653061225,1.6938775510204083,1.3243243243243243
Qwen/Qwen2.5-0.5B,devtest,ja,857,75,225,50,66.66666666666667,4.5,1.5,1.3888888888888888
Qwen/Qwen2.5-0.5B,devtest,ja,858,29,87,20,68.96551724137932,4.35,1.45,1.1764705882352942
Qwen/Qwen2.5-0.5B,devtest,ja,860,70,210,51,72.85714285714286,4.117647058823529,1.3725490196078431,1.3783783783783783
Qwen/Qwen2.5-0.5B,devtest,ja,862,47,141,32,68.08510638297872,4.40625,1.46875,1.391304347826087
Qwen/Qwen2.5-0.5B,devtest,ja,866,45,135,32,71.11111111111111,4.21875,1.40625,1.1851851851851851
Qwen/Qwen2.5-0.5B,devtest,ja,867,89,267,62,69.66292134831461,4.306451612903226,1.435483870967742,1.631578947368421
Qwen/Qwen2.5-0.5B,devtest,ja,868,53,159,34,64.15094339622641,4.676470588235294,1.5588235294117647,1.2592592592592593
Qwen/Qwen2.5-0.5B,devtest,ja,870,50,150,33,66.0,4.545454545454546,1.5151515151515151,1.736842105263158
Qwen/Qwen2.5-0.5B,devtest,ja,873,49,147,41,83.6734693877551,3.5853658536585367,1.1951219512195121,1.4137931034482758
Qwen/Qwen2.5-0.5B,devtest,ja,875,63,189,46,73.01587301587301,4.108695652173913,1.3695652173913044,1.3529411764705883
Qwen/Qwen2.5-0.5B,devtest,ja,876,39,117,29,74.35897435897436,4.0344827586206895,1.3448275862068966,1.380952380952381
Qwen/Qwen2.5-0.5B,devtest,ja,877,66,198,43,65.15151515151516,4.604651162790698,1.5348837209302326,1.6538461538461537
Qwen/Qwen2.5-0.5B,devtest,ja,878,46,138,33,71.73913043478261,4.181818181818182,1.393939393939394,1.736842105263158
Qwen/Qwen2.5-0.5B,devtest,ja,879,49,147,26,53.06122448979592,5.653846153846154,1.8846153846153846,1.1818181818181819
Qwen/Qwen2.5-0.5B,devtest,ja,880,55,165,36,65.45454545454545,4.583333333333333,1.5277777777777777,1.8
Qwen/Qwen2.5-0.5B,devtest,ja,882,48,144,39,81.25,3.6923076923076925,1.2307692307692308,2.0526315789473686
Qwen/Qwen2.5-0.5B,devtest,ja,885,34,102,21,61.76470588235294,4.857142857142857,1.619047619047619,1.3125
Qwen/Qwen2.5-0.5B,devtest,ja,888,48,144,35,72.91666666666667,4.114285714285714,1.3714285714285714,1.6666666666666667
Qwen/Qwen2.5-0.5B,devtest,ja,895,47,141,29,61.702127659574465,4.862068965517241,1.6206896551724137,1.16
Qwen/Qwen2.5-0.5B,devtest,ja,899,37,111,27,72.97297297297297,4.111111111111111,1.3703703703703705,1.2857142857142858
Qwen/Qwen2.5-0.5B,devtest,ja,900,54,162,44,81.48148148148148,3.6818181818181817,1.2272727272727273,1.76
Qwen/Qwen2.5-0.5B,devtest,ja,905,66,198,42,63.63636363636363,4.714285714285714,1.5714285714285714,1.75
Qwen/Qwen2.5-0.5B,devtest,ja,908,56,158,41,73.21428571428571,3.8536585365853657,1.3658536585365855,1.3225806451612903
Qwen/Qwen2.5-0.5B,devtest,ja,912,45,135,22,48.888888888888886,6.136363636363637,2.0454545454545454,1.2222222222222223
Qwen/Qwen2.5-0.5B,devtest,ja,913,42,126,29,69.04761904761905,4.344827586206897,1.4482758620689655,1.7058823529411764
Qwen/Qwen2.5-0.5B,devtest,ja,915,49,147,27,55.10204081632653,5.444444444444445,1.8148148148148149,0.9642857142857143
Qwen/Qwen2.5-0.5B,devtest,ja,916,31,93,18,58.064516129032256,5.166666666666667,1.7222222222222223,1.2
Qwen/Qwen2.5-0.5B,devtest,ja,917,64,192,43,67.1875,4.465116279069767,1.4883720930232558,1.2647058823529411
Qwen/Qwen2.5-0.5B,devtest,ja,920,40,114,27,67.5,4.222222222222222,1.4814814814814814,1.35
Qwen/Qwen2.5-0.5B,devtest,ja,921,67,195,46,68.65671641791045,4.239130434782608,1.4565217391304348,1.5862068965517242
Qwen/Qwen2.5-0.5B,devtest,ja,924,46,130,30,65.21739130434783,4.333333333333333,1.5333333333333334,1.1111111111111112
Qwen/Qwen2.5-0.5B,devtest,ja,925,78,234,50,64.1025641025641,4.68,1.56,1.1363636363636365
Qwen/Qwen2.5-0.5B,devtest,ja,929,69,207,48,69.56521739130434,4.3125,1.4375,1.6551724137931034
Qwen/Qwen2.5-0.5B,devtest,ja,930,44,132,27,61.36363636363637,4.888888888888889,1.6296296296296295,1.125
Qwen/Qwen2.5-0.5B,devtest,ja,933,72,216,42,58.333333333333336,5.142857142857143,1.7142857142857142,1.105263157894737
Qwen/Qwen2.5-0.5B,devtest,ja,934,75,219,47,62.666666666666664,4.659574468085107,1.5957446808510638,1.2702702702702702
Qwen/Qwen2.5-0.5B,devtest,ja,944,109,323,80,73.39449541284404,4.0375,1.3625,1.5686274509803921
Qwen/Qwen2.5-0.5B,devtest,ja,945,44,132,32,72.72727272727273,4.125,1.375,1.2307692307692308
Qwen/Qwen2.5-0.5B,devtest,ja,947,29,83,20,68.96551724137932,4.15,1.45,1.5384615384615385
Qwen/Qwen2.5-0.5B,devtest,ja,949,44,126,34,77.27272727272727,3.7058823529411766,1.2941176470588236,1.619047619047619
Qwen/Qwen2.5-0.5B,devtest,ja,950,50,150,34,68.0,4.411764705882353,1.4705882352941178,1.2592592592592593
Qwen/Qwen2.5-0.5B,devtest,ja,951,72,216,41,56.94444444444444,5.2682926829268295,1.7560975609756098,1.1388888888888888
Qwen/Qwen2.5-0.5B,devtest,ja,952,70,210,45,64.28571428571429,4.666666666666667,1.5555555555555556,1.2162162162162162
Qwen/Qwen2.5-0.5B,devtest,ja,953,64,192,46,71.875,4.173913043478261,1.391304347826087,1.7037037037037037
Qwen/Qwen2.5-0.5B,devtest,ja,955,75,225,56,74.66666666666667,4.017857142857143,1.3392857142857142,1.8666666666666667
Qwen/Qwen2.5-0.5B,devtest,ja,956,60,180,37,61.666666666666664,4.864864864864865,1.6216216216216217,1.7619047619047619
Qwen/Qwen2.5-0.5B,devtest,ja,958,96,288,62,64.58333333333333,4.645161290322581,1.5483870967741935,1.631578947368421
Qwen/Qwen2.5-0.5B,devtest,ja,962,74,218,63,85.13513513513513,3.4603174603174605,1.1746031746031746,1.8529411764705883
Qwen/Qwen2.5-0.5B,devtest,ja,963,40,120,37,92.5,3.2432432432432434,1.0810810810810811,1.3703703703703705
Qwen/Qwen2.5-0.5B,devtest,ja,965,73,219,59,80.82191780821918,3.711864406779661,1.2372881355932204,1.6388888888888888
Qwen/Qwen2.5-0.5B,devtest,ja,967,78,234,52,66.66666666666667,4.5,1.5,1.2093023255813953
Qwen/Qwen2.5-0.5B,devtest,ja,969,80,240,40,50.0,6.0,2.0,1.0810810810810811
Qwen/Qwen2.5-0.5B,devtest,ja,971,65,195,47,72.3076923076923,4.148936170212766,1.3829787234042554,1.205128205128205
Qwen/Qwen2.5-0.5B,devtest,ja,972,47,135,34,72.34042553191489,3.9705882352941178,1.3823529411764706,1.36
Qwen/Qwen2.5-0.5B,devtest,ja,973,29,87,20,68.96551724137932,4.35,1.45,1.5384615384615385
Qwen/Qwen2.5-0.5B,devtest,ja,975,36,108,29,80.55555555555556,3.7241379310344827,1.2413793103448276,1.6111111111111112
Qwen/Qwen2.5-0.5B,devtest,ja,977,64,168,45,70.3125,3.7333333333333334,1.4222222222222223,2.0454545454545454
Qwen/Qwen2.5-0.5B,devtest,ja,978,30,90,22,73.33333333333333,4.090909090909091,1.3636363636363635,2.0
Qwen/Qwen2.5-0.5B,devtest,ja,986,25,75,18,72.0,4.166666666666667,1.3888888888888888,1.2
Qwen/Qwen2.5-0.5B,devtest,ja,987,46,138,36,78.26086956521739,3.8333333333333335,1.2777777777777777,1.2857142857142858
Qwen/Qwen2.5-0.5B,devtest,ja,988,58,172,37,63.793103448275865,4.648648648648648,1.5675675675675675,1.5416666666666667
Qwen/Qwen2.5-0.5B,devtest,ja,989,47,141,31,65.95744680851064,4.548387096774194,1.5161290322580645,1.3478260869565217
Qwen/Qwen2.5-0.5B,devtest,ja,993,62,186,36,58.064516129032256,5.166666666666667,1.7222222222222223,1.3333333333333333
Qwen/Qwen2.5-0.5B,devtest,ja,994,35,105,24,68.57142857142857,4.375,1.4583333333333333,1.6
Qwen/Qwen2.5-0.5B,devtest,ja,995,71,213,53,74.64788732394366,4.018867924528302,1.3396226415094339,1.5588235294117647
Qwen/Qwen2.5-0.5B,devtest,ja,997,45,133,28,62.22222222222222,4.75,1.6071428571428572,1.4
Qwen/Qwen2.5-0.5B,devtest,ja,998,56,168,36,64.28571428571429,4.666666666666667,1.5555555555555556,1.2857142857142858
Qwen/Qwen2.5-0.5B,devtest,ja,1000,66,198,42,63.63636363636363,4.714285714285714,1.5714285714285714,1.68
Qwen/Qwen2.5-0.5B,devtest,ja,1001,83,249,58,69.87951807228916,4.293103448275862,1.4310344827586208,1.6111111111111112
Qwen/Qwen2.5-0.5B,devtest,ja,1003,52,156,32,61.53846153846154,4.875,1.625,1.0666666666666667
Qwen/Qwen2.5-0.5B,devtest,ja,1005,42,126,30,71.42857142857143,4.2,1.4,1.0
Qwen/Qwen2.5-0.5B,devtest,ja,1006,42,122,25,59.523809523809526,4.88,1.68,1.0
Qwen/Qwen2.5-0.5B,devtest,ja,1008,38,114,28,73.6842105263158,4.071428571428571,1.3571428571428572,1.6470588235294117
Qwen/Qwen2.5-0.5B,devtest,ja,1009,39,117,27,69.23076923076923,4.333333333333333,1.4444444444444444,1.2857142857142858
Qwen/Qwen2.5-0.5B,devtest,ja,1010,50,150,28,56.0,5.357142857142857,1.7857142857142858,1.8666666666666667
Qwen/Qwen2.5-0.5B,devtest,ja,1011,57,171,36,63.1578947368421,4.75,1.5833333333333333,1.2857142857142858
Qwen/Qwen2.5-0.5B,devtest,zh,4,70,210,43,61.42857142857143,4.883720930232558,1.627906976744186,1.162162162162162
Qwen/Qwen2.5-0.5B,devtest,zh,6,18,42,11,61.111111111111114,3.8181818181818183,1.6363636363636365,1.1
Qwen/Qwen2.5-0.5B,devtest,zh,7,53,149,38,71.69811320754717,3.9210526315789473,1.394736842105263,1.3571428571428572
Qwen/Qwen2.5-0.5B,devtest,zh,12,50,126,30,60.0,4.2,1.6666666666666667,1.0
Qwen/Qwen2.5-0.5B,devtest,zh,14,63,189,36,57.142857142857146,5.25,1.75,0.8780487804878049
Qwen/Qwen2.5-0.5B,devtest,zh,15,88,263,55,62.5,4.781818181818182,1.6,1.1956521739130435
Qwen/Qwen2.5-0.5B,devtest,zh,16,70,210,38,54.285714285714285,5.526315789473684,1.8421052631578947,0.9047619047619048
Qwen/Qwen2.5-0.5B,devtest,zh,17,58,156,45,77.58620689655173,3.466666666666667,1.288888888888889,1.4516129032258065
Qwen/Qwen2.5-0.5B,devtest,zh,19,100,254,73,73.0,3.4794520547945207,1.36986301369863,0.9864864864864865
Qwen/Qwen2.5-0.5B,devtest,zh,22,68,204,44,64.70588235294117,4.636363636363637,1.5454545454545454,1.2222222222222223
Qwen/Qwen2.5-0.5B,devtest,zh,23,64,184,44,68.75,4.181818181818182,1.4545454545454546,1.0476190476190477
Qwen/Qwen2.5-0.5B,devtest,zh,24,40,119,23,57.5,5.173913043478261,1.7391304347826086,0.8214285714285714
Qwen/Qwen2.5-0.5B,devtest,zh,28,31,93,20,64.51612903225806,4.65,1.55,0.8
Qwen/Qwen2.5-0.5B,devtest,zh,30,68,204,45,66.17647058823529,4.533333333333333,1.511111111111111,0.8653846153846154
Qwen/Qwen2.5-0.5B,devtest,zh,31,73,219,47,64.38356164383562,4.659574468085107,1.553191489361702,0.9591836734693877
Qwen/Qwen2.5-0.5B,devtest,zh,34,19,57,13,68.42105263157895,4.384615384615385,1.4615384615384615,1.0
Qwen/Qwen2.5-0.5B,devtest,zh,37,30,90,24,80.0,3.75,1.25,1.0
Qwen/Qwen2.5-0.5B,devtest,zh,38,22,66,17,77.27272727272727,3.8823529411764706,1.2941176470588236,0.8947368421052632
Qwen/Qwen2.5-0.5B,devtest,zh,40,32,96,22,68.75,4.363636363636363,1.4545454545454546,0.88
Qwen/Qwen2.5-0.5B,devtest,zh,43,40,84,30,75.0,2.8,1.3333333333333333,0.9090909090909091
Qwen/Qwen2.5-0.5B,devtest,zh,44,37,111,25,67.56756756756756,4.44,1.48,0.8928571428571429
Qwen/Qwen2.5-0.5B,devtest,zh,48,26,78,18,69.23076923076923,4.333333333333333,1.4444444444444444,0.9473684210526315
Qwen/Qwen2.5-0.5B,devtest,zh,49,39,117,22,56.41025641025641,5.318181818181818,1.7727272727272727,0.8148148148148148
Qwen/Qwen2.5-0.5B,devtest,zh,50,34,80,22,64.70588235294117,3.6363636363636362,1.5454545454545454,1.2941176470588236
Qwen/Qwen2.5-0.5B,devtest,zh,56,58,164,41,70.6896551724138,4.0,1.4146341463414633,0.9761904761904762
Qwen/Qwen2.5-0.5B,devtest,zh,57,58,174,40,68.96551724137932,4.35,1.45,1.2121212121212122
Qwen/Qwen2.5-0.5B,devtest,zh,59,18,44,14,77.77777777777777,3.142857142857143,1.2857142857142858,1.1666666666666667
Qwen/Qwen2.5-0.5B,devtest,zh,60,34,102,19,55.88235294117647,5.368421052631579,1.7894736842105263,0.6785714285714286
Qwen/Qwen2.5-0.5B,devtest,zh,61,24,72,15,62.5,4.8,1.6,0.7894736842105263
Qwen/Qwen2.5-0.5B,devtest,zh,62,45,135,24,53.333333333333336,5.625,1.875,0.7272727272727273
Qwen/Qwen2.5-0.5B,devtest,zh,64,56,134,41,73.21428571428571,3.268292682926829,1.3658536585365855,1.4137931034482758
Qwen/Qwen2.5-0.5B,devtest,zh,66,41,111,34,82.92682926829268,3.264705882352941,1.2058823529411764,1.36
Qwen/Qwen2.5-0.5B,devtest,zh,69,40,120,25,62.5,4.8,1.6,0.8064516129032258
Qwen/Qwen2.5-0.5B,devtest,zh,70,32,96,20,62.5,4.8,1.6,0.9090909090909091
Qwen/Qwen2.5-0.5B,devtest,zh,71,109,259,64,58.71559633027523,4.046875,1.703125,1.3333333333333333
Qwen/Qwen2.5-0.5B,devtest,zh,74,71,171,45,63.38028169014085,3.8,1.5777777777777777,1.1538461538461537
Qwen/Qwen2.5-0.5B,devtest,zh,75,46,138,33,71.73913043478261,4.181818181818182,1.393939393939394,1.064516129032258
Qwen/Qwen2.5-0.5B,devtest,zh,78,22,64,14,63.63636363636363,4.571428571428571,1.5714285714285714,1.1666666666666667
Qwen/Qwen2.5-0.5B,devtest,zh,82,32,92,24,75.0,3.8333333333333335,1.3333333333333333,1.0909090909090908
Qwen/Qwen2.5-0.5B,devtest,zh,83,55,157,41,74.54545454545455,3.8292682926829267,1.3414634146341464,1.2058823529411764
Qwen/Qwen2.5-0.5B,devtest,zh,86,74,218,45,60.810810810810814,4.844444444444444,1.6444444444444444,1.0714285714285714
Qwen/Qwen2.5-0.5B,devtest,zh,87,46,138,27,58.69565217391305,5.111111111111111,1.7037037037037037,1.0384615384615385
Qwen/Qwen2.5-0.5B,devtest,zh,88,37,111,22,59.45945945945946,5.045454545454546,1.6818181818181819,0.9565217391304348
Qwen/Qwen2.5-0.5B,devtest,zh,89,36,108,23,63.888888888888886,4.695652173913044,1.565217391304348,0.8518518518518519
Qwen/Qwen2.5-0.5B,devtest,zh,91,33,99,19,57.57575757575758,5.2105263157894735,1.736842105263158,0.8636363636363636
Qwen/Qwen2.5-0.5B,devtest,zh,93,17,51,12,70.58823529411765,4.25,1.4166666666666667,1.0909090909090908
Qwen/Qwen2.5-0.5B,devtest,zh,95,26,78,17,65.38461538461539,4.588235294117647,1.5294117647058822,0.85
Qwen/Qwen2.5-0.5B,devtest,zh,96,34,102,19,55.88235294117647,5.368421052631579,1.7894736842105263,0.9047619047619048
Qwen/Qwen2.5-0.5B,devtest,zh,100,30,74,20,66.66666666666667,3.7,1.5,0.9523809523809523
Qwen/Qwen2.5-0.5B,devtest,zh,101,66,178,46,69.6969696969697,3.869565217391304,1.434782608695652,0.92
Qwen/Qwen2.5-0.5B,devtest,zh,102,55,125,45,81.81818181818181,2.7777777777777777,1.2222222222222223,1.0465116279069768
Qwen/Qwen2.5-0.5B,devtest,zh,103,20,60,10,50.0,6.0,2.0,0.9090909090909091
Qwen/Qwen2.5-0.5B,devtest,zh,106,15,45,10,66.66666666666667,4.5,1.5,0.7692307692307693
Qwen/Qwen2.5-0.5B,devtest,zh,107,67,201,46,68.65671641791045,4.369565217391305,1.4565217391304348,1.2432432432432432
Qwen/Qwen2.5-0.5B,devtest,zh,108,95,219,66,69.47368421052632,3.3181818181818183,1.4393939393939394,1.2452830188679245
Qwen/Qwen2.5-0.5B,devtest,zh,109,43,119,33,76.74418604651163,3.606060606060606,1.303030303030303,1.65
Qwen/Qwen2.5-0.5B,devtest,zh,111,19,57,11,57.89473684210526,5.181818181818182,1.7272727272727273,0.7333333333333333
Qwen/Qwen2.5-0.5B,devtest,zh,113,19,57,13,68.42105263157895,4.384615384615385,1.4615384615384615,0.7222222222222222
Qwen/Qwen2.5-0.5B,devtest,zh,114,46,138,32,69.56521739130434,4.3125,1.4375,1.032258064516129
Qwen/Qwen2.5-0.5B,devtest,zh,115,33,99,20,60.60606060606061,4.95,1.65,0.7142857142857143
Qwen/Qwen2.5-0.5B,devtest,zh,117,49,126,36,73.46938775510205,3.5,1.3611111111111112,1.125
Qwen/Qwen2.5-0.5B,devtest,zh,118,32,74,24,75.0,3.0833333333333335,1.3333333333333333,1.263157894736842
Qwen/Qwen2.5-0.5B,devtest,zh,120,72,190,55,76.38888888888889,3.4545454545454546,1.309090909090909,1.1702127659574468
Qwen/Qwen2.5-0.5B,devtest,zh,122,24,72,17,70.83333333333333,4.235294117647059,1.411764705882353,1.0625
Qwen/Qwen2.5-0.5B,devtest,zh,124,35,83,26,74.28571428571429,3.1923076923076925,1.3461538461538463,1.04
Qwen/Qwen2.5-0.5B,devtest,zh,126,16,48,7,43.75,6.857142857142857,2.2857142857142856,0.6363636363636364
Qwen/Qwen2.5-0.5B,devtest,zh,129,33,99,17,51.515151515151516,5.823529411764706,1.9411764705882353,0.9444444444444444
Qwen/Qwen2.5-0.5B,devtest,zh,130,33,99,24,72.72727272727273,4.125,1.375,1.0909090909090908
Qwen/Qwen2.5-0.5B,devtest,zh,131,48,144,28,58.333333333333336,5.142857142857143,1.7142857142857142,0.8484848484848485
Qwen/Qwen2.5-0.5B,devtest,zh,132,39,109,29,74.35897435897436,3.7586206896551726,1.3448275862068966,0.8529411764705882
Qwen/Qwen2.5-0.5B,devtest,zh,134,36,92,26,72.22222222222223,3.5384615384615383,1.3846153846153846,0.9285714285714286
Qwen/Qwen2.5-0.5B,devtest,zh,135,35,105,26,74.28571428571429,4.038461538461538,1.3461538461538463,1.368421052631579
Qwen/Qwen2.5-0.5B,devtest,zh,136,27,65,20,74.07407407407408,3.25,1.35,1.1764705882352942
Qwen/Qwen2.5-0.5B,devtest,zh,137,35,95,26,74.28571428571429,3.6538461538461537,1.3461538461538463,1.04
Qwen/Qwen2.5-0.5B,devtest,zh,139,29,87,19,65.51724137931035,4.578947368421052,1.5263157894736843,0.7307692307692307
Qwen/Qwen2.5-0.5B,devtest,zh,141,52,146,35,67.3076923076923,4.171428571428572,1.4857142857142858,0.9459459459459459
Qwen/Qwen2.5-0.5B,devtest,zh,143,37,93,22,59.45945945945946,4.2272727272727275,1.6818181818181819,1.0
Qwen/Qwen2.5-0.5B,devtest,zh,146,35,87,21,60.0,4.142857142857143,1.6666666666666667,0.9130434782608695
Qwen/Qwen2.5-0.5B,devtest,zh,149,21,63,13,61.904761904761905,4.846153846153846,1.6153846153846154,0.7222222222222222
Qwen/Qwen2.5-0.5B,devtest,zh,151,70,171,39,55.714285714285715,4.384615384615385,1.794871794871795,1.054054054054054
Qwen/Qwen2.5-0.5B,devtest,zh,153,43,105,33,76.74418604651163,3.1818181818181817,1.303030303030303,1.064516129032258
Qwen/Qwen2.5-0.5B,devtest,zh,158,52,118,42,80.76923076923077,2.8095238095238093,1.2380952380952381,1.024390243902439
Qwen/Qwen2.5-0.5B,devtest,zh,159,27,81,15,55.55555555555556,5.4,1.8,0.7894736842105263
Qwen/Qwen2.5-0.5B,devtest,zh,160,22,66,15,68.18181818181819,4.4,1.4666666666666666,1.0
Qwen/Qwen2.5-0.5B,devtest,zh,164,21,63,12,57.142857142857146,5.25,1.75,1.2
Qwen/Qwen2.5-0.5B,devtest,zh,169,38,114,25,65.78947368421052,4.56,1.52,1.0869565217391304
Qwen/Qwen2.5-0.5B,devtest,zh,170,64,140,30,46.875,4.666666666666667,2.1333333333333333,1.0344827586206897
Qwen/Qwen2.5-0.5B,devtest,zh,171,39,69,22,56.41025641025641,3.1363636363636362,1.7727272727272727,1.1
Qwen/Qwen2.5-0.5B,devtest,zh,175,27,81,19,70.37037037037037,4.2631578947368425,1.4210526315789473,1.2666666666666666
Qwen/Qwen2.5-0.5B,devtest,zh,176,57,151,36,63.1578947368421,4.194444444444445,1.5833333333333333,1.0909090909090908
Qwen/Qwen2.5-0.5B,devtest,zh,177,39,95,31,79.48717948717949,3.064516129032258,1.2580645161290323,1.0689655172413792
Qwen/Qwen2.5-0.5B,devtest,zh,183,62,140,49,79.03225806451613,2.857142857142857,1.2653061224489797,1.3243243243243243
Qwen/Qwen2.5-0.5B,devtest,zh,184,54,150,39,72.22222222222223,3.8461538461538463,1.3846153846153846,0.975
Qwen/Qwen2.5-0.5B,devtest,zh,185,48,144,32,66.66666666666667,4.5,1.5,1.1851851851851851
Qwen/Qwen2.5-0.5B,devtest,zh,186,23,57,19,82.6086956521739,3.0,1.2105263157894737,1.1875
Qwen/Qwen2.5-0.5B,devtest,zh,187,40,120,27,67.5,4.444444444444445,1.4814814814814814,1.0
Qwen/Qwen2.5-0.5B,devtest,zh,190,28,84,18,64.28571428571429,4.666666666666667,1.5555555555555556,0.75
Qwen/Qwen2.5-0.5B,devtest,zh,192,56,168,42,75.0,4.0,1.3333333333333333,1.3125
Qwen/Qwen2.5-0.5B,devtest,zh,193,88,250,62,70.45454545454545,4.032258064516129,1.4193548387096775,1.1481481481481481
Qwen/Qwen2.5-0.5B,devtest,zh,194,27,81,20,74.07407407407408,4.05,1.35,1.0526315789473684
Qwen/Qwen2.5-0.5B,devtest,zh,195,33,98,22,66.66666666666667,4.454545454545454,1.5,1.375
Qwen/Qwen2.5-0.5B,devtest,zh,198,25,75,16,64.0,4.6875,1.5625,0.8
Qwen/Qwen2.5-0.5B,devtest,zh,201,62,184,45,72.58064516129032,4.088888888888889,1.3777777777777778,1.2857142857142858
Qwen/Qwen2.5-0.5B,devtest,zh,206,35,97,24,68.57142857142857,4.041666666666667,1.4583333333333333,0.96
Qwen/Qwen2.5-0.5B,devtest,zh,208,59,134,33,55.932203389830505,4.0606060606060606,1.7878787878787878,1.375
Qwen/Qwen2.5-0.5B,devtest,zh,209,34,86,21,61.76470588235294,4.095238095238095,1.619047619047619,1.75
Qwen/Qwen2.5-0.5B,devtest,zh,210,28,84,20,71.42857142857143,4.2,1.4,1.1764705882352942
Qwen/Qwen2.5-0.5B,devtest,zh,211,32,96,19,59.375,5.052631578947368,1.6842105263157894,0.8636363636363636
Qwen/Qwen2.5-0.5B,devtest,zh,212,29,87,20,68.96551724137932,4.35,1.45,1.5384615384615385
Qwen/Qwen2.5-0.5B,devtest,zh,213,42,111,34,80.95238095238095,3.264705882352941,1.2352941176470589,1.3076923076923077
Qwen/Qwen2.5-0.5B,devtest,zh,214,46,128,35,76.08695652173913,3.657142857142857,1.3142857142857143,1.206896551724138
Qwen/Qwen2.5-0.5B,devtest,zh,215,47,129,33,70.2127659574468,3.909090909090909,1.4242424242424243,1.03125
Qwen/Qwen2.5-0.5B,devtest,zh,216,28,84,18,64.28571428571429,4.666666666666667,1.5555555555555556,1.125
Qwen/Qwen2.5-0.5B,devtest,zh,218,34,102,21,61.76470588235294,4.857142857142857,1.619047619047619,0.9130434782608695
Qwen/Qwen2.5-0.5B,devtest,zh,221,34,92,24,70.58823529411765,3.8333333333333335,1.4166666666666667,1.5
Qwen/Qwen2.5-0.5B,devtest,zh,222,47,131,37,78.72340425531915,3.5405405405405403,1.2702702702702702,1.3214285714285714
Qwen/Qwen2.5-0.5B,devtest,zh,223,37,103,30,81.08108108108108,3.433333333333333,1.2333333333333334,1.4285714285714286
Qwen/Qwen2.5-0.5B,devtest,zh,227,31,93,23,74.19354838709677,4.043478260869565,1.3478260869565217,1.0454545454545454
Qwen/Qwen2.5-0.5B,devtest,zh,228,51,124,35,68.62745098039215,3.5428571428571427,1.457142857142857,1.3461538461538463
Qwen/Qwen2.5-0.5B,devtest,zh,229,22,66,12,54.54545454545455,5.5,1.8333333333333333,0.6666666666666666
Qwen/Qwen2.5-0.5B,devtest,zh,230,30,54,20,66.66666666666667,2.7,1.5,0.9090909090909091
Qwen/Qwen2.5-0.5B,devtest,zh,232,130,256,78,60.0,3.282051282051282,1.6666666666666667,1.6956521739130435
Qwen/Qwen2.5-0.5B,devtest,zh,234,93,189,64,68.81720430107526,2.953125,1.453125,1.3333333333333333
Qwen/Qwen2.5-0.5B,devtest,zh,235,72,107,35,48.611111111111114,3.057142857142857,2.057142857142857,1.206896551724138
Qwen/Qwen2.5-0.5B,devtest,zh,236,60,156,32,53.333333333333336,4.875,1.875,1.0
Qwen/Qwen2.5-0.5B,devtest,zh,238,30,90,17,56.666666666666664,5.294117647058823,1.7647058823529411,0.85
Qwen/Qwen2.5-0.5B,devtest,zh,239,32,95,23,71.875,4.130434782608695,1.391304347826087,1.0
Qwen/Qwen2.5-0.5B,devtest,zh,243,29,87,18,62.06896551724138,4.833333333333333,1.6111111111111112,0.9473684210526315
Qwen/Qwen2.5-0.5B,devtest,zh,244,33,93,22,66.66666666666667,4.2272727272727275,1.5,0.88
Qwen/Qwen2.5-0.5B,devtest,zh,246,60,142,36,60.0,3.9444444444444446,1.6666666666666667,1.44
Qwen/Qwen2.5-0.5B,devtest,zh,248,49,146,32,65.3061224489796,4.5625,1.53125,0.8888888888888888
Qwen/Qwen2.5-0.5B,devtest,zh,249,58,116,37,63.793103448275865,3.135135135135135,1.5675675675675675,1.3703703703703705
Qwen/Qwen2.5-0.5B,devtest,zh,251,32,74,27,84.375,2.740740740740741,1.1851851851851851,1.0384615384615385
Qwen/Qwen2.5-0.5B,devtest,zh,252,50,134,29,58.0,4.620689655172414,1.7241379310344827,1.0357142857142858
Qwen/Qwen2.5-0.5B,devtest,zh,254,24,72,14,58.333333333333336,5.142857142857143,1.7142857142857142,1.0
Qwen/Qwen2.5-0.5B,devtest,zh,255,52,142,35,67.3076923076923,4.057142857142857,1.4857142857142858,1.1290322580645162
Qwen/Qwen2.5-0.5B,devtest,zh,256,34,102,26,76.47058823529412,3.923076923076923,1.3076923076923077,1.1304347826086956
Qwen/Qwen2.5-0.5B,devtest,zh,257,38,114,18,47.36842105263158,6.333333333333333,2.111111111111111,0.8181818181818182
Qwen/Qwen2.5-0.5B,devtest,zh,258,34,102,25,73.52941176470588,4.08,1.36,1.25
Qwen/Qwen2.5-0.5B,devtest,zh,260,36,108,20,55.55555555555556,5.4,1.8,0.7692307692307693
Qwen/Qwen2.5-0.5B,devtest,zh,262,15,45,8,53.333333333333336,5.625,1.875,0.5
Qwen/Qwen2.5-0.5B,devtest,zh,263,25,75,14,56.0,5.357142857142857,1.7857142857142858,0.9333333333333333
Qwen/Qwen2.5-0.5B,devtest,zh,265,61,167,43,70.49180327868852,3.883720930232558,1.4186046511627908,0.9772727272727273
Qwen/Qwen2.5-0.5B,devtest,zh,266,56,135,35,62.5,3.857142857142857,1.6,1.1666666666666667
Qwen/Qwen2.5-0.5B,devtest,zh,267,82,190,56,68.29268292682927,3.392857142857143,1.4642857142857142,1.5555555555555556
Qwen/Qwen2.5-0.5B,devtest,zh,269,85,161,57,67.05882352941177,2.824561403508772,1.4912280701754386,1.78125
Qwen/Qwen2.5-0.5B,devtest,zh,271,70,178,47,67.14285714285714,3.7872340425531914,1.4893617021276595,1.3055555555555556
Qwen/Qwen2.5-0.5B,devtest,zh,272,46,96,28,60.869565217391305,3.4285714285714284,1.6428571428571428,1.75
Qwen/Qwen2.5-0.5B,devtest,zh,273,38,96,21,55.26315789473684,4.571428571428571,1.8095238095238095,1.2352941176470589
Qwen/Qwen2.5-0.5B,devtest,zh,274,61,165,38,62.295081967213115,4.342105263157895,1.605263157894737,1.027027027027027
Qwen/Qwen2.5-0.5B,devtest,zh,275,102,250,82,80.3921568627451,3.048780487804878,1.2439024390243902,1.0379746835443038
Qwen/Qwen2.5-0.5B,devtest,zh,276,59,135,41,69.49152542372882,3.292682926829268,1.4390243902439024,1.025
Qwen/Qwen2.5-0.5B,devtest,zh,277,20,60,13,65.0,4.615384615384615,1.5384615384615385,1.0
Qwen/Qwen2.5-0.5B,devtest,zh,279,77,103,30,38.96103896103896,3.433333333333333,2.566666666666667,1.0344827586206897
Qwen/Qwen2.5-0.5B,devtest,zh,281,28,84,18,64.28571428571429,4.666666666666667,1.5555555555555556,0.9473684210526315
Qwen/Qwen2.5-0.5B,devtest,zh,282,14,42,9,64.28571428571429,4.666666666666667,1.5555555555555556,0.8181818181818182
Qwen/Qwen2.5-0.5B,devtest,zh,283,36,100,19,52.77777777777778,5.2631578947368425,1.894736842105263,0.9047619047619048
Qwen/Qwen2.5-0.5B,devtest,zh,284,28,83,20,71.42857142857143,4.15,1.4,1.1764705882352942
Qwen/Qwen2.5-0.5B,devtest,zh,287,46,138,27,58.69565217391305,5.111111111111111,1.7037037037037037,1.125
Qwen/Qwen2.5-0.5B,devtest,zh,288,48,144,28,58.333333333333336,5.142857142857143,1.7142857142857142,1.12
Qwen/Qwen2.5-0.5B,devtest,zh,289,79,163,33,41.77215189873418,4.9393939393939394,2.393939393939394,1.1785714285714286
Qwen/Qwen2.5-0.5B,devtest,zh,291,40,112,28,70.0,4.0,1.4285714285714286,0.8235294117647058
Qwen/Qwen2.5-0.5B,devtest,zh,292,39,117,27,69.23076923076923,4.333333333333333,1.4444444444444444,1.2272727272727273
Qwen/Qwen2.5-0.5B,devtest,zh,293,44,132,26,59.09090909090909,5.076923076923077,1.6923076923076923,0.8666666666666667
Qwen/Qwen2.5-0.5B,devtest,zh,296,91,242,54,59.34065934065934,4.481481481481482,1.6851851851851851,1.5
Qwen/Qwen2.5-0.5B,devtest,zh,297,38,96,27,71.05263157894737,3.5555555555555554,1.4074074074074074,1.4210526315789473
Qwen/Qwen2.5-0.5B,devtest,zh,304,63,165,41,65.07936507936508,4.024390243902439,1.5365853658536586,1.4137931034482758
Qwen/Qwen2.5-0.5B,devtest,zh,306,48,116,35,72.91666666666667,3.3142857142857145,1.3714285714285714,1.1290322580645162
Qwen/Qwen2.5-0.5B,devtest,zh,308,64,114,23,35.9375,4.956521739130435,2.782608695652174,1.4375
Qwen/Qwen2.5-0.5B,devtest,zh,310,43,80,28,65.11627906976744,2.857142857142857,1.5357142857142858,2.0
Qwen/Qwen2.5-0.5B,devtest,zh,311,21,63,15,71.42857142857143,4.2,1.4,1.0
Qwen/Qwen2.5-0.5B,devtest,zh,312,31,93,19,61.29032258064516,4.894736842105263,1.631578947368421,1.0
Qwen/Qwen2.5-0.5B,devtest,zh,318,31,93,18,58.064516129032256,5.166666666666667,1.7222222222222223,0.9473684210526315
Qwen/Qwen2.5-0.5B,devtest,zh,320,63,188,42,66.66666666666667,4.476190476190476,1.5,1.105263157894737
Qwen/Qwen2.5-0.5B,devtest,zh,321,81,214,54,66.66666666666667,3.962962962962963,1.5,1.3846153846153846
Qwen/Qwen2.5-0.5B,devtest,zh,322,67,157,48,71.64179104477611,3.2708333333333335,1.3958333333333333,1.170731707317073
Qwen/Qwen2.5-0.5B,devtest,zh,324,39,109,24,61.53846153846154,4.541666666666667,1.625,1.0
Qwen/Qwen2.5-0.5B,devtest,zh,326,64,172,43,67.1875,4.0,1.4883720930232558,0.9347826086956522
Qwen/Qwen2.5-0.5B,devtest,zh,327,30,90,18,60.0,5.0,1.6666666666666667,0.8571428571428571
Qwen/Qwen2.5-0.5B,devtest,zh,329,31,93,18,58.064516129032256,5.166666666666667,1.7222222222222223,0.8181818181818182
Qwen/Qwen2.5-0.5B,devtest,zh,332,51,135,37,72.54901960784314,3.6486486486486487,1.3783783783783783,1.4230769230769231
Qwen/Qwen2.5-0.5B,devtest,zh,334,21,51,16,76.19047619047619,3.1875,1.3125,1.0
Qwen/Qwen2.5-0.5B,devtest,zh,338,35,105,18,51.42857142857143,5.833333333333333,1.9444444444444444,0.6923076923076923
Qwen/Qwen2.5-0.5B,devtest,zh,339,42,126,29,69.04761904761905,4.344827586206897,1.4482758620689655,1.0
Qwen/Qwen2.5-0.5B,devtest,zh,340,91,273,60,65.93406593406593,4.55,1.5166666666666666,0.8823529411764706
Qwen/Qwen2.5-0.5B,devtest,zh,341,23,69,16,69.56521739130434,4.3125,1.4375,0.8888888888888888
Qwen/Qwen2.5-0.5B,devtest,zh,342,27,81,22,81.48148148148148,3.6818181818181817,1.2272727272727273,0.8461538461538461
Qwen/Qwen2.5-0.5B,devtest,zh,346,29,71,22,75.86206896551724,3.227272727272727,1.3181818181818181,0.9565217391304348
Qwen/Qwen2.5-0.5B,devtest,zh,348,28,84,21,75.0,4.0,1.3333333333333333,0.9545454545454546
Qwen/Qwen2.5-0.5B,devtest,zh,349,37,111,23,62.16216216216216,4.826086956521739,1.608695652173913,1.0
Qwen/Qwen2.5-0.5B,devtest,zh,350,72,160,44,61.111111111111114,3.6363636363636362,1.6363636363636365,1.6296296296296295
Qwen/Qwen2.5-0.5B,devtest,zh,353,21,63,14,66.66666666666667,4.5,1.5,0.8235294117647058
Qwen/Qwen2.5-0.5B,devtest,zh,354,24,72,13,54.166666666666664,5.538461538461538,1.8461538461538463,0.7647058823529411
Qwen/Qwen2.5-0.5B,devtest,zh,356,33,89,24,72.72727272727273,3.7083333333333335,1.375,1.0909090909090908
Qwen/Qwen2.5-0.5B,devtest,zh,358,24,72,14,58.333333333333336,5.142857142857143,1.7142857142857142,0.875
Qwen/Qwen2.5-0.5B,devtest,zh,361,38,114,23,60.526315789473685,4.956521739130435,1.6521739130434783,0.8846153846153846
Qwen/Qwen2.5-0.5B,devtest,zh,362,30,90,20,66.66666666666667,4.5,1.5,1.25
Qwen/Qwen2.5-0.5B,devtest,zh,366,46,138,32,69.56521739130434,4.3125,1.4375,1.032258064516129
Qwen/Qwen2.5-0.5B,devtest,zh,368,30,90,22,73.33333333333333,4.090909090909091,1.3636363636363635,0.7333333333333333
Qwen/Qwen2.5-0.5B,devtest,zh,369,50,150,35,70.0,4.285714285714286,1.4285714285714286,0.8536585365853658
Qwen/Qwen2.5-0.5B,devtest,zh,371,54,162,39,72.22222222222223,4.153846153846154,1.3846153846153846,1.0
Qwen/Qwen2.5-0.5B,devtest,zh,372,83,247,48,57.83132530120482,5.145833333333333,1.7291666666666667,0.7164179104477612
Qwen/Qwen2.5-0.5B,devtest,zh,373,68,204,31,45.588235294117645,6.580645161290323,2.193548387096774,0.96875
Qwen/Qwen2.5-0.5B,devtest,zh,374,27,81,15,55.55555555555556,5.4,1.8,0.8333333333333334
Qwen/Qwen2.5-0.5B,devtest,zh,377,52,156,30,57.69230769230769,5.2,1.7333333333333334,1.0
Qwen/Qwen2.5-0.5B,devtest,zh,380,43,129,25,58.13953488372093,5.16,1.72,0.8928571428571429
Qwen/Qwen2.5-0.5B,devtest,zh,381,25,75,16,64.0,4.6875,1.5625,0.7272727272727273
Qwen/Qwen2.5-0.5B,devtest,zh,382,51,145,40,78.43137254901961,3.625,1.275,0.9523809523809523
Qwen/Qwen2.5-0.5B,devtest,zh,384,35,105,20,57.142857142857146,5.25,1.75,0.8
Qwen/Qwen2.5-0.5B,devtest,zh,385,62,186,38,61.29032258064516,4.894736842105263,1.631578947368421,0.8636363636363636
Qwen/Qwen2.5-0.5B,devtest,zh,388,34,102,22,64.70588235294117,4.636363636363637,1.5454545454545454,0.8148148148148148
Qwen/Qwen2.5-0.5B,devtest,zh,391,32,96,22,68.75,4.363636363636363,1.4545454545454546,1.1578947368421053
Qwen/Qwen2.5-0.5B,devtest,zh,393,11,33,8,72.72727272727273,4.125,1.375,0.6666666666666666
Qwen/Qwen2.5-0.5B,devtest,zh,394,19,57,12,63.1578947368421,4.75,1.5833333333333333,0.75
Qwen/Qwen2.5-0.5B,devtest,zh,398,59,177,50,84.7457627118644,3.54,1.18,1.25
Qwen/Qwen2.5-0.5B,devtest,zh,399,26,78,16,61.53846153846154,4.875,1.625,0.9411764705882353
Qwen/Qwen2.5-0.5B,devtest,zh,404,61,165,47,77.04918032786885,3.5106382978723403,1.297872340425532,1.0681818181818181
Qwen/Qwen2.5-0.5B,devtest,zh,405,22,66,11,50.0,6.0,2.0,0.7333333333333333
Qwen/Qwen2.5-0.5B,devtest,zh,407,52,144,38,73.07692307692308,3.789473684210526,1.368421052631579,0.9743589743589743
Qwen/Qwen2.5-0.5B,devtest,zh,408,40,96,30,75.0,3.2,1.3333333333333333,1.1538461538461537
Qwen/Qwen2.5-0.5B,devtest,zh,410,31,93,19,61.29032258064516,4.894736842105263,1.631578947368421,0.76
Qwen/Qwen2.5-0.5B,devtest,zh,414,46,138,28,60.869565217391305,4.928571428571429,1.6428571428571428,0.9655172413793104
Qwen/Qwen2.5-0.5B,devtest,zh,415,55,165,33,60.0,5.0,1.6666666666666667,0.868421052631579
Qwen/Qwen2.5-0.5B,devtest,zh,418,48,132,28,58.333333333333336,4.714285714285714,1.7142857142857142,0.8235294117647058
Qwen/Qwen2.5-0.5B,devtest,zh,420,35,105,18,51.42857142857143,5.833333333333333,1.9444444444444444,0.9
Qwen/Qwen2.5-0.5B,devtest,zh,421,39,105,27,69.23076923076923,3.888888888888889,1.4444444444444444,0.84375
Qwen/Qwen2.5-0.5B,devtest,zh,425,60,138,48,80.0,2.875,1.25,1.0
Qwen/Qwen2.5-0.5B,devtest,zh,427,48,116,32,66.66666666666667,3.625,1.5,1.0666666666666667
Qwen/Qwen2.5-0.5B,devtest,zh,428,35,105,21,60.0,5.0,1.6666666666666667,0.7777777777777778
Qwen/Qwen2.5-0.5B,devtest,zh,430,49,135,31,63.265306122448976,4.354838709677419,1.5806451612903225,0.9117647058823529
Qwen/Qwen2.5-0.5B,devtest,zh,433,35,89,29,82.85714285714286,3.0689655172413794,1.206896551724138,1.0
Qwen/Qwen2.5-0.5B,devtest,zh,434,34,92,22,64.70588235294117,4.181818181818182,1.5454545454545454,1.0
Qwen/Qwen2.5-0.5B,devtest,zh,435,42,126,25,59.523809523809526,5.04,1.68,0.8333333333333334
Qwen/Qwen2.5-0.5B,devtest,zh,436,41,123,28,68.29268292682927,4.392857142857143,1.4642857142857142,0.9655172413793104
Qwen/Qwen2.5-0.5B,devtest,zh,439,23,69,14,60.869565217391305,4.928571428571429,1.6428571428571428,1.0
Qwen/Qwen2.5-0.5B,devtest,zh,445,33,99,20,60.60606060606061,4.95,1.65,1.0
Qwen/Qwen2.5-0.5B,devtest,zh,446,36,92,27,75.0,3.4074074074074074,1.3333333333333333,1.0384615384615385
Qwen/Qwen2.5-0.5B,devtest,zh,447,29,87,20,68.96551724137932,4.35,1.45,0.8
Qwen/Qwen2.5-0.5B,devtest,zh,449,92,210,56,60.869565217391305,3.75,1.6428571428571428,1.435897435897436
Qwen/Qwen2.5-0.5B,devtest,zh,450,43,129,25,58.13953488372093,5.16,1.72,0.8620689655172413
Qwen/Qwen2.5-0.5B,devtest,zh,451,62,178,46,74.19354838709677,3.869565217391304,1.3478260869565217,1.1794871794871795
Qwen/Qwen2.5-0.5B,devtest,zh,452,25,75,18,72.0,4.166666666666667,1.3888888888888888,1.125
Qwen/Qwen2.5-0.5B,devtest,zh,453,44,132,24,54.54545454545455,5.5,1.8333333333333333,0.6666666666666666
Qwen/Qwen2.5-0.5B,devtest,zh,454,58,174,36,62.06896551724138,4.833333333333333,1.6111111111111112,0.8571428571428571
Qwen/Qwen2.5-0.5B,devtest,zh,455,43,129,28,65.11627906976744,4.607142857142857,1.5357142857142858,1.4
Qwen/Qwen2.5-0.5B,devtest,zh,456,26,78,17,65.38461538461539,4.588235294117647,1.5294117647058822,0.7391304347826086
Qwen/Qwen2.5-0.5B,devtest,zh,460,34,84,24,70.58823529411765,3.5,1.4166666666666667,0.8888888888888888
Qwen/Qwen2.5-0.5B,devtest,zh,461,36,108,24,66.66666666666667,4.5,1.5,0.8275862068965517
Qwen/Qwen2.5-0.5B,devtest,zh,464,44,132,28,63.63636363636363,4.714285714285714,1.5714285714285714,1.037037037037037
Qwen/Qwen2.5-0.5B,devtest,zh,465,66,190,46,69.6969696969697,4.130434782608695,1.434782608695652,0.9787234042553191
Qwen/Qwen2.5-0.5B,devtest,zh,468,38,114,25,65.78947368421052,4.56,1.52,0.6578947368421053
Qwen/Qwen2.5-0.5B,devtest,zh,470,47,141,32,68.08510638297872,4.40625,1.46875,1.0666666666666667
Qwen/Qwen2.5-0.5B,devtest,zh,472,34,102,23,67.6470588235294,4.434782608695652,1.4782608695652173,0.92
Qwen/Qwen2.5-0.5B,devtest,zh,473,20,60,15,75.0,4.0,1.3333333333333333,0.8823529411764706
Qwen/Qwen2.5-0.5B,devtest,zh,475,30,90,17,56.666666666666664,5.294117647058823,1.7647058823529411,0.7391304347826086
Qwen/Qwen2.5-0.5B,devtest,zh,476,50,150,28,56.0,5.357142857142857,1.7857142857142858,0.6666666666666666
Qwen/Qwen2.5-0.5B,devtest,zh,477,33,99,19,57.57575757575758,5.2105263157894735,1.736842105263158,0.7037037037037037
Qwen/Qwen2.5-0.5B,devtest,zh,480,49,135,35,71.42857142857143,3.857142857142857,1.4,1.1666666666666667
Qwen/Qwen2.5-0.5B,devtest,zh,482,78,234,42,53.84615384615385,5.571428571428571,1.8571428571428572,0.8936170212765957
Qwen/Qwen2.5-0.5B,devtest,zh,483,23,69,12,52.17391304347826,5.75,1.9166666666666667,0.6666666666666666
Qwen/Qwen2.5-0.5B,devtest,zh,485,49,147,29,59.183673469387756,5.068965517241379,1.6896551724137931,0.9666666666666667
Qwen/Qwen2.5-0.5B,devtest,zh,486,35,105,24,68.57142857142857,4.375,1.4583333333333333,0.8571428571428571
Qwen/Qwen2.5-0.5B,devtest,zh,488,40,120,23,57.5,5.217391304347826,1.7391304347826086,0.8214285714285714
Qwen/Qwen2.5-0.5B,devtest,zh,489,41,101,29,70.73170731707317,3.4827586206896552,1.4137931034482758,0.90625
Qwen/Qwen2.5-0.5B,devtest,zh,491,28,84,19,67.85714285714286,4.421052631578948,1.4736842105263157,0.8636363636363636
Qwen/Qwen2.5-0.5B,devtest,zh,492,29,61,24,82.75862068965517,2.5416666666666665,1.2083333333333333,0.8571428571428571
Qwen/Qwen2.5-0.5B,devtest,zh,494,32,80,23,71.875,3.4782608695652173,1.391304347826087,0.8846153846153846
Qwen/Qwen2.5-0.5B,devtest,zh,498,44,132,27,61.36363636363637,4.888888888888889,1.6296296296296295,1.2857142857142858
Qwen/Qwen2.5-0.5B,devtest,zh,499,49,147,32,65.3061224489796,4.59375,1.53125,1.3333333333333333
Qwen/Qwen2.5-0.5B,devtest,zh,500,36,106,23,63.888888888888886,4.608695652173913,1.565217391304348,0.9583333333333334
Qwen/Qwen2.5-0.5B,devtest,zh,504,82,242,49,59.75609756097561,4.938775510204081,1.6734693877551021,1.0
Qwen/Qwen2.5-0.5B,devtest,zh,505,31,93,20,64.51612903225806,4.65,1.55,1.1111111111111112
Qwen/Qwen2.5-0.5B,devtest,zh,509,42,126,25,59.523809523809526,5.04,1.68,0.6578947368421053
Qwen/Qwen2.5-0.5B,devtest,zh,510,65,159,31,47.69230769230769,5.129032258064516,2.096774193548387,0.9393939393939394
Qwen/Qwen2.5-0.5B,devtest,zh,513,38,114,24,63.1578947368421,4.75,1.5833333333333333,0.96
Qwen/Qwen2.5-0.5B,devtest,zh,517,19,57,11,57.89473684210526,5.181818181818182,1.7272727272727273,1.0
Qwen/Qwen2.5-0.5B,devtest,zh,519,38,106,22,57.89473684210526,4.818181818181818,1.7272727272727273,0.7333333333333333
Qwen/Qwen2.5-0.5B,devtest,zh,523,73,186,42,57.534246575342465,4.428571428571429,1.7380952380952381,1.2352941176470589
Qwen/Qwen2.5-0.5B,devtest,zh,524,31,93,18,58.064516129032256,5.166666666666667,1.7222222222222223,0.9
Qwen/Qwen2.5-0.5B,devtest,zh,525,25,75,15,60.0,5.0,1.6666666666666667,0.7894736842105263
Qwen/Qwen2.5-0.5B,devtest,zh,526,33,99,24,72.72727272727273,4.125,1.375,1.411764705882353
Qwen/Qwen2.5-0.5B,devtest,zh,527,25,75,16,64.0,4.6875,1.5625,0.8888888888888888
Qwen/Qwen2.5-0.5B,devtest,zh,529,38,114,20,52.63157894736842,5.7,1.9,1.0
Qwen/Qwen2.5-0.5B,devtest,zh,530,56,168,34,60.714285714285715,4.9411764705882355,1.6470588235294117,1.0
Qwen/Qwen2.5-0.5B,devtest,zh,531,50,150,30,60.0,5.0,1.6666666666666667,0.8571428571428571
Qwen/Qwen2.5-0.5B,devtest,zh,533,45,125,30,66.66666666666667,4.166666666666667,1.5,1.0344827586206897
Qwen/Qwen2.5-0.5B,devtest,zh,534,33,99,22,66.66666666666667,4.5,1.5,1.0
Qwen/Qwen2.5-0.5B,devtest,zh,535,42,126,29,69.04761904761905,4.344827586206897,1.4482758620689655,0.8285714285714286
Qwen/Qwen2.5-0.5B,devtest,zh,536,50,150,28,56.0,5.357142857142857,1.7857142857142858,0.7777777777777778
Qwen/Qwen2.5-0.5B,devtest,zh,538,34,102,21,61.76470588235294,4.857142857142857,1.619047619047619,0.8076923076923077
Qwen/Qwen2.5-0.5B,devtest,zh,540,42,126,29,69.04761904761905,4.344827586206897,1.4482758620689655,0.90625
Qwen/Qwen2.5-0.5B,devtest,zh,541,36,108,25,69.44444444444444,4.32,1.44,0.8928571428571429
Qwen/Qwen2.5-0.5B,devtest,zh,542,44,132,32,72.72727272727273,4.125,1.375,1.0
Qwen/Qwen2.5-0.5B,devtest,zh,545,27,81,18,66.66666666666667,4.5,1.5,0.8181818181818182
Qwen/Qwen2.5-0.5B,devtest,zh,546,48,136,34,70.83333333333333,4.0,1.411764705882353,0.8717948717948718
Qwen/Qwen2.5-0.5B,devtest,zh,551,50,150,28,56.0,5.357142857142857,1.7857142857142858,0.8235294117647058
Qwen/Qwen2.5-0.5B,devtest,zh,552,29,81,17,58.62068965517241,4.764705882352941,1.7058823529411764,0.7727272727272727
Qwen/Qwen2.5-0.5B,devtest,zh,556,72,216,55,76.38888888888889,3.9272727272727272,1.309090909090909,1.1224489795918366
Qwen/Qwen2.5-0.5B,devtest,zh,557,18,46,13,72.22222222222223,3.5384615384615383,1.3846153846153846,0.7647058823529411
Qwen/Qwen2.5-0.5B,devtest,zh,561,29,77,23,79.3103448275862,3.347826086956522,1.2608695652173914,0.8846153846153846
Qwen/Qwen2.5-0.5B,devtest,zh,562,62,154,40,64.51612903225806,3.85,1.55,1.4814814814814814
Qwen/Qwen2.5-0.5B,devtest,zh,565,47,141,25,53.191489361702125,5.64,1.88,0.7142857142857143
Qwen/Qwen2.5-0.5B,devtest,zh,568,65,188,47,72.3076923076923,4.0,1.3829787234042554,1.119047619047619
Qwen/Qwen2.5-0.5B,devtest,zh,570,49,108,28,57.142857142857146,3.857142857142857,1.75,1.2727272727272727
Qwen/Qwen2.5-0.5B,devtest,zh,572,59,133,37,62.71186440677966,3.5945945945945947,1.5945945945945945,1.2333333333333334
Qwen/Qwen2.5-0.5B,devtest,zh,576,30,90,24,80.0,3.75,1.25,0.9230769230769231
Qwen/Qwen2.5-0.5B,devtest,zh,579,36,108,19,52.77777777777778,5.684210526315789,1.894736842105263,0.7916666666666666
Qwen/Qwen2.5-0.5B,devtest,zh,585,53,139,35,66.0377358490566,3.9714285714285715,1.5142857142857142,0.8536585365853658
Qwen/Qwen2.5-0.5B,devtest,zh,587,30,78,21,70.0,3.7142857142857144,1.4285714285714286,1.3125
Qwen/Qwen2.5-0.5B,devtest,zh,589,20,60,11,55.0,5.454545454545454,1.8181818181818181,0.8461538461538461
Qwen/Qwen2.5-0.5B,devtest,zh,592,56,168,28,50.0,6.0,2.0,0.7368421052631579
Qwen/Qwen2.5-0.5B,devtest,zh,594,37,111,23,62.16216216216216,4.826086956521739,1.608695652173913,1.6428571428571428
Qwen/Qwen2.5-0.5B,devtest,zh,596,46,138,28,60.869565217391305,4.928571428571429,1.6428571428571428,1.12
Qwen/Qwen2.5-0.5B,devtest,zh,599,51,109,26,50.98039215686274,4.1923076923076925,1.9615384615384615,1.368421052631579
Qwen/Qwen2.5-0.5B,devtest,zh,601,46,130,29,63.04347826086956,4.482758620689655,1.5862068965517242,1.0357142857142858
Qwen/Qwen2.5-0.5B,devtest,zh,602,53,159,28,52.83018867924528,5.678571428571429,1.8928571428571428,0.8
Qwen/Qwen2.5-0.5B,devtest,zh,603,37,111,23,62.16216216216216,4.826086956521739,1.608695652173913,1.0
Qwen/Qwen2.5-0.5B,devtest,zh,605,30,90,18,60.0,5.0,1.6666666666666667,0.72
Qwen/Qwen2.5-0.5B,devtest,zh,607,43,129,25,58.13953488372093,5.16,1.72,0.8333333333333334
Qwen/Qwen2.5-0.5B,devtest,zh,608,43,129,25,58.13953488372093,5.16,1.72,1.1363636363636365
Qwen/Qwen2.5-0.5B,devtest,zh,611,29,87,18,62.06896551724138,4.833333333333333,1.6111111111111112,1.0
Qwen/Qwen2.5-0.5B,devtest,zh,617,22,66,14,63.63636363636363,4.714285714285714,1.5714285714285714,1.0
Qwen/Qwen2.5-0.5B,devtest,zh,618,41,123,24,58.53658536585366,5.125,1.7083333333333333,0.8
Qwen/Qwen2.5-0.5B,devtest,zh,620,20,60,13,65.0,4.615384615384615,1.5384615384615385,0.9285714285714286
Qwen/Qwen2.5-0.5B,devtest,zh,621,23,69,17,73.91304347826087,4.0588235294117645,1.3529411764705883,0.9444444444444444
Qwen/Qwen2.5-0.5B,devtest,zh,624,26,78,15,57.69230769230769,5.2,1.7333333333333334,0.7894736842105263
Qwen/Qwen2.5-0.5B,devtest,zh,626,28,82,19,67.85714285714286,4.315789473684211,1.4736842105263157,1.1875
Qwen/Qwen2.5-0.5B,devtest,zh,627,23,61,16,69.56521739130434,3.8125,1.4375,0.64
Qwen/Qwen2.5-0.5B,devtest,zh,629,47,141,32,68.08510638297872,4.40625,1.46875,0.9411764705882353
Qwen/Qwen2.5-0.5B,devtest,zh,630,30,90,19,63.333333333333336,4.7368421052631575,1.5789473684210527,0.9047619047619048
Qwen/Qwen2.5-0.5B,devtest,zh,632,22,66,14,63.63636363636363,4.714285714285714,1.5714285714285714,1.1666666666666667
Qwen/Qwen2.5-0.5B,devtest,zh,633,37,111,22,59.45945945945946,5.045454545454546,1.6818181818181819,0.88
Qwen/Qwen2.5-0.5B,devtest,zh,635,60,180,36,60.0,5.0,1.6666666666666667,0.9
Qwen/Qwen2.5-0.5B,devtest,zh,637,67,201,42,62.6865671641791,4.785714285714286,1.5952380952380953,1.024390243902439
Qwen/Qwen2.5-0.5B,devtest,zh,638,37,111,21,56.75675675675676,5.285714285714286,1.7619047619047619,0.84
Qwen/Qwen2.5-0.5B,devtest,zh,640,19,57,13,68.42105263157895,4.384615384615385,1.4615384615384615,0.7647058823529411
Qwen/Qwen2.5-0.5B,devtest,zh,643,20,60,13,65.0,4.615384615384615,1.5384615384615385,0.8125
Qwen/Qwen2.5-0.5B,devtest,zh,644,35,105,20,57.142857142857146,5.25,1.75,0.9523809523809523
Qwen/Qwen2.5-0.5B,devtest,zh,646,27,81,16,59.25925925925926,5.0625,1.6875,1.0666666666666667
Qwen/Qwen2.5-0.5B,devtest,zh,647,36,108,24,66.66666666666667,4.5,1.5,0.96
Qwen/Qwen2.5-0.5B,devtest,zh,649,41,123,21,51.21951219512195,5.857142857142857,1.9523809523809523,1.05
Qwen/Qwen2.5-0.5B,devtest,zh,651,25,57,25,100.0,2.28,1.0,1.0
Qwen/Qwen2.5-0.5B,devtest,zh,653,35,105,23,65.71428571428571,4.565217391304348,1.5217391304347827,0.8214285714285714
Qwen/Qwen2.5-0.5B,devtest,zh,655,38,112,25,65.78947368421052,4.48,1.52,1.1363636363636365
Qwen/Qwen2.5-0.5B,devtest,zh,658,53,159,28,52.83018867924528,5.678571428571429,1.8928571428571428,0.7777777777777778
Qwen/Qwen2.5-0.5B,devtest,zh,659,49,147,27,55.10204081632653,5.444444444444445,1.8148148148148149,1.08
Qwen/Qwen2.5-0.5B,devtest,zh,662,24,72,13,54.166666666666664,5.538461538461538,1.8461538461538463,0.7222222222222222
Qwen/Qwen2.5-0.5B,devtest,zh,663,30,90,17,56.666666666666664,5.294117647058823,1.7647058823529411,0.85
Qwen/Qwen2.5-0.5B,devtest,zh,665,60,180,31,51.666666666666664,5.806451612903226,1.935483870967742,1.0689655172413792
Qwen/Qwen2.5-0.5B,devtest,zh,666,57,121,32,56.14035087719298,3.78125,1.78125,0.8205128205128205
Qwen/Qwen2.5-0.5B,devtest,zh,670,42,126,21,50.0,6.0,2.0,0.7241379310344828
Qwen/Qwen2.5-0.5B,devtest,zh,671,38,114,21,55.26315789473684,5.428571428571429,1.8095238095238095,0.9130434782608695
Qwen/Qwen2.5-0.5B,devtest,zh,673,46,138,26,56.52173913043478,5.3076923076923075,1.7692307692307692,0.8125
Qwen/Qwen2.5-0.5B,devtest,zh,675,50,150,27,54.0,5.555555555555555,1.8518518518518519,0.8181818181818182
Qwen/Qwen2.5-0.5B,devtest,zh,676,38,114,22,57.89473684210526,5.181818181818182,1.7272727272727273,1.1578947368421053
Qwen/Qwen2.5-0.5B,devtest,zh,677,37,111,18,48.648648648648646,6.166666666666667,2.0555555555555554,0.75
Qwen/Qwen2.5-0.5B,devtest,zh,679,33,87,16,48.484848484848484,5.4375,2.0625,1.1428571428571428
Qwen/Qwen2.5-0.5B,devtest,zh,683,45,135,24,53.333333333333336,5.625,1.875,0.7741935483870968
Qwen/Qwen2.5-0.5B,devtest,zh,684,52,156,29,55.76923076923077,5.379310344827586,1.793103448275862,0.9666666666666667
Qwen/Qwen2.5-0.5B,devtest,zh,686,84,216,51,60.714285714285715,4.235294117647059,1.6470588235294117,1.1333333333333333
Qwen/Qwen2.5-0.5B,devtest,zh,688,36,108,20,55.55555555555556,5.4,1.8,0.9090909090909091
Qwen/Qwen2.5-0.5B,devtest,zh,692,51,153,32,62.745098039215684,4.78125,1.59375,1.1851851851851851
Qwen/Qwen2.5-0.5B,devtest,zh,695,26,78,22,84.61538461538461,3.5454545454545454,1.1818181818181819,1.1578947368421053
Qwen/Qwen2.5-0.5B,devtest,zh,697,18,54,13,72.22222222222223,4.153846153846154,1.3846153846153846,0.8125
Qwen/Qwen2.5-0.5B,devtest,zh,699,35,105,22,62.857142857142854,4.7727272727272725,1.5909090909090908,1.0476190476190477
Qwen/Qwen2.5-0.5B,devtest,zh,701,64,160,40,62.5,4.0,1.6,1.2903225806451613
Qwen/Qwen2.5-0.5B,devtest,zh,706,38,114,24,63.1578947368421,4.75,1.5833333333333333,0.8
Qwen/Qwen2.5-0.5B,devtest,zh,707,90,206,64,71.11111111111111,3.21875,1.40625,1.3617021276595744
Qwen/Qwen2.5-0.5B,devtest,zh,716,58,136,39,67.24137931034483,3.4871794871794872,1.4871794871794872,1.0
Qwen/Qwen2.5-0.5B,devtest,zh,719,29,77,21,72.41379310344827,3.6666666666666665,1.380952380952381,0.75
Qwen/Qwen2.5-0.5B,devtest,zh,720,62,142,31,50.0,4.580645161290323,2.0,1.4761904761904763
Qwen/Qwen2.5-0.5B,devtest,zh,721,40,120,19,47.5,6.315789473684211,2.1052631578947367,0.6785714285714286
Qwen/Qwen2.5-0.5B,devtest,zh,725,28,84,17,60.714285714285715,4.9411764705882355,1.6470588235294117,0.8947368421052632
Qwen/Qwen2.5-0.5B,devtest,zh,728,45,135,31,68.88888888888889,4.354838709677419,1.4516129032258065,0.9117647058823529
Qwen/Qwen2.5-0.5B,devtest,zh,730,24,72,15,62.5,4.8,1.6,0.7142857142857143
Qwen/Qwen2.5-0.5B,devtest,zh,737,69,177,53,76.81159420289855,3.339622641509434,1.3018867924528301,1.0392156862745099
Qwen/Qwen2.5-0.5B,devtest,zh,738,20,60,12,60.0,5.0,1.6666666666666667,0.5217391304347826
Qwen/Qwen2.5-0.5B,devtest,zh,740,51,115,33,64.70588235294117,3.484848484848485,1.5454545454545454,0.9166666666666666
Qwen/Qwen2.5-0.5B,devtest,zh,741,41,123,35,85.36585365853658,3.5142857142857142,1.1714285714285715,0.7291666666666666
Qwen/Qwen2.5-0.5B,devtest,zh,746,70,146,49,70.0,2.979591836734694,1.4285714285714286,1.4848484848484849
Qwen/Qwen2.5-0.5B,devtest,zh,748,19,57,10,52.63157894736842,5.7,1.9,0.7692307692307693
Qwen/Qwen2.5-0.5B,devtest,zh,754,23,69,18,78.26086956521739,3.8333333333333335,1.2777777777777777,0.6428571428571429
Qwen/Qwen2.5-0.5B,devtest,zh,755,40,100,20,50.0,5.0,2.0,0.8333333333333334
Qwen/Qwen2.5-0.5B,devtest,zh,756,35,105,20,57.142857142857146,5.25,1.75,0.8333333333333334
Qwen/Qwen2.5-0.5B,devtest,zh,757,46,138,30,65.21739130434783,4.6,1.5333333333333334,0.7894736842105263
Qwen/Qwen2.5-0.5B,devtest,zh,761,52,156,34,65.38461538461539,4.588235294117647,1.5294117647058822,1.0625
Qwen/Qwen2.5-0.5B,devtest,zh,762,28,84,21,75.0,4.0,1.3333333333333333,0.8076923076923077
Qwen/Qwen2.5-0.5B,devtest,zh,765,41,123,27,65.85365853658537,4.555555555555555,1.5185185185185186,1.0
Qwen/Qwen2.5-0.5B,devtest,zh,767,46,138,24,52.17391304347826,5.75,1.9166666666666667,0.8571428571428571
Qwen/Qwen2.5-0.5B,devtest,zh,768,40,104,30,75.0,3.466666666666667,1.3333333333333333,0.9375
Qwen/Qwen2.5-0.5B,devtest,zh,770,53,147,40,75.47169811320755,3.675,1.325,1.2121212121212122
Qwen/Qwen2.5-0.5B,devtest,zh,771,39,107,28,71.7948717948718,3.8214285714285716,1.3928571428571428,1.1666666666666667
Qwen/Qwen2.5-0.5B,devtest,zh,775,32,96,19,59.375,5.052631578947368,1.6842105263157894,0.8260869565217391
Qwen/Qwen2.5-0.5B,devtest,zh,776,103,179,51,49.51456310679612,3.5098039215686274,2.019607843137255,1.8214285714285714
Qwen/Qwen2.5-0.5B,devtest,zh,781,66,198,46,69.6969696969697,4.304347826086956,1.434782608695652,1.0454545454545454
Qwen/Qwen2.5-0.5B,devtest,zh,783,41,123,25,60.97560975609756,4.92,1.64,1.0
Qwen/Qwen2.5-0.5B,devtest,zh,784,35,105,19,54.285714285714285,5.526315789473684,1.8421052631578947,1.0
Qwen/Qwen2.5-0.5B,devtest,zh,789,39,115,24,61.53846153846154,4.791666666666667,1.625,0.7741935483870968
Qwen/Qwen2.5-0.5B,devtest,zh,790,40,120,23,57.5,5.217391304347826,1.7391304347826086,1.0
Qwen/Qwen2.5-0.5B,devtest,zh,792,44,132,24,54.54545454545455,5.5,1.8333333333333333,1.1428571428571428
Qwen/Qwen2.5-0.5B,devtest,zh,793,48,144,26,54.166666666666664,5.538461538461538,1.8461538461538463,0.7878787878787878
Qwen/Qwen2.5-0.5B,devtest,zh,794,30,90,18,60.0,5.0,1.6666666666666667,0.6428571428571429
Qwen/Qwen2.5-0.5B,devtest,zh,797,52,156,31,59.61538461538461,5.032258064516129,1.6774193548387097,1.1923076923076923
Qwen/Qwen2.5-0.5B,devtest,zh,798,37,111,27,72.97297297297297,4.111111111111111,1.3703703703703705,1.2272727272727273
Qwen/Qwen2.5-0.5B,devtest,zh,799,44,132,29,65.9090909090909,4.551724137931035,1.5172413793103448,0.9666666666666667
Qwen/Qwen2.5-0.5B,devtest,zh,800,34,102,21,61.76470588235294,4.857142857142857,1.619047619047619,0.8076923076923077
Qwen/Qwen2.5-0.5B,devtest,zh,801,47,141,26,55.319148936170215,5.423076923076923,1.8076923076923077,0.896551724137931
Qwen/Qwen2.5-0.5B,devtest,zh,804,21,63,15,71.42857142857143,4.2,1.4,0.8333333333333334
Qwen/Qwen2.5-0.5B,devtest,zh,806,32,96,18,56.25,5.333333333333333,1.7777777777777777,0.72
Qwen/Qwen2.5-0.5B,devtest,zh,810,28,84,23,82.14285714285714,3.652173913043478,1.2173913043478262,0.92
Qwen/Qwen2.5-0.5B,devtest,zh,811,49,145,35,71.42857142857143,4.142857142857143,1.4,0.9722222222222222
Qwen/Qwen2.5-0.5B,devtest,zh,813,35,95,22,62.857142857142854,4.318181818181818,1.5909090909090908,0.8461538461538461
Qwen/Qwen2.5-0.5B,devtest,zh,814,39,105,25,64.1025641025641,4.2,1.56,0.9259259259259259
Qwen/Qwen2.5-0.5B,devtest,zh,818,39,117,25,64.1025641025641,4.68,1.56,0.8064516129032258
Qwen/Qwen2.5-0.5B,devtest,zh,820,21,63,12,57.142857142857146,5.25,1.75,0.75
Qwen/Qwen2.5-0.5B,devtest,zh,824,41,123,24,58.53658536585366,5.125,1.7083333333333333,0.96
Qwen/Qwen2.5-0.5B,devtest,zh,825,36,108,23,63.888888888888886,4.695652173913044,1.565217391304348,0.8846153846153846
Qwen/Qwen2.5-0.5B,devtest,zh,826,21,63,11,52.38095238095238,5.7272727272727275,1.9090909090909092,0.5238095238095238
Qwen/Qwen2.5-0.5B,devtest,zh,827,46,136,30,65.21739130434783,4.533333333333333,1.5333333333333334,1.0714285714285714
Qwen/Qwen2.5-0.5B,devtest,zh,828,87,203,54,62.06896551724138,3.759259259259259,1.6111111111111112,1.8
Qwen/Qwen2.5-0.5B,devtest,zh,829,42,126,27,64.28571428571429,4.666666666666667,1.5555555555555556,0.8709677419354839
Qwen/Qwen2.5-0.5B,devtest,zh,830,74,192,56,75.67567567567568,3.4285714285714284,1.3214285714285714,1.302325581395349
Qwen/Qwen2.5-0.5B,devtest,zh,832,39,117,26,66.66666666666667,4.5,1.5,0.9285714285714286
Qwen/Qwen2.5-0.5B,devtest,zh,834,40,120,26,65.0,4.615384615384615,1.5384615384615385,0.8666666666666667
Qwen/Qwen2.5-0.5B,devtest,zh,836,28,84,20,71.42857142857143,4.2,1.4,1.1111111111111112
Qwen/Qwen2.5-0.5B,devtest,zh,837,34,102,22,64.70588235294117,4.636363636363637,1.5454545454545454,1.1
Qwen/Qwen2.5-0.5B,devtest,zh,839,46,122,32,69.56521739130434,3.8125,1.4375,1.0
Qwen/Qwen2.5-0.5B,devtest,zh,840,38,114,23,60.526315789473685,4.956521739130435,1.6521739130434783,0.8214285714285714
Qwen/Qwen2.5-0.5B,devtest,zh,843,35,105,21,60.0,5.0,1.6666666666666667,0.7777777777777778
Qwen/Qwen2.5-0.5B,devtest,zh,844,61,183,42,68.85245901639344,4.357142857142857,1.4523809523809523,1.0
Qwen/Qwen2.5-0.5B,devtest,zh,847,73,162,45,61.64383561643836,3.6,1.6222222222222222,1.4516129032258065
Qwen/Qwen2.5-0.5B,devtest,zh,849,66,198,42,63.63636363636363,4.714285714285714,1.5714285714285714,1.2727272727272727
Qwen/Qwen2.5-0.5B,devtest,zh,852,53,143,32,60.37735849056604,4.46875,1.65625,0.8205128205128205
Qwen/Qwen2.5-0.5B,devtest,zh,853,27,81,18,66.66666666666667,4.5,1.5,0.9
Qwen/Qwen2.5-0.5B,devtest,zh,854,65,195,44,67.6923076923077,4.431818181818182,1.4772727272727273,1.2571428571428571
Qwen/Qwen2.5-0.5B,devtest,zh,856,62,186,38,61.29032258064516,4.894736842105263,1.631578947368421,1.027027027027027
Qwen/Qwen2.5-0.5B,devtest,zh,857,57,171,31,54.3859649122807,5.516129032258065,1.8387096774193548,0.8611111111111112
Qwen/Qwen2.5-0.5B,devtest,zh,858,18,54,11,61.111111111111114,4.909090909090909,1.6363636363636365,0.6470588235294118
Qwen/Qwen2.5-0.5B,devtest,zh,860,43,129,29,67.44186046511628,4.448275862068965,1.4827586206896552,0.7837837837837838
Qwen/Qwen2.5-0.5B,devtest,zh,862,27,81,18,66.66666666666667,4.5,1.5,0.782608695652174
Qwen/Qwen2.5-0.5B,devtest,zh,866,38,114,24,63.1578947368421,4.75,1.5833333333333333,0.8888888888888888
Qwen/Qwen2.5-0.5B,devtest,zh,867,66,198,45,68.18181818181819,4.4,1.4666666666666666,1.1842105263157894
Qwen/Qwen2.5-0.5B,devtest,zh,868,42,126,22,52.38095238095238,5.7272727272727275,1.9090909090909092,0.8148148148148148
Qwen/Qwen2.5-0.5B,devtest,zh,870,31,93,18,58.064516129032256,5.166666666666667,1.7222222222222223,0.9473684210526315
Qwen/Qwen2.5-0.5B,devtest,zh,873,39,117,23,58.97435897435897,5.086956521739131,1.6956521739130435,0.7931034482758621
Qwen/Qwen2.5-0.5B,devtest,zh,875,43,129,35,81.3953488372093,3.6857142857142855,1.2285714285714286,1.0294117647058822
Qwen/Qwen2.5-0.5B,devtest,zh,876,31,93,22,70.96774193548387,4.2272727272727275,1.4090909090909092,1.0476190476190477
Qwen/Qwen2.5-0.5B,devtest,zh,877,31,93,16,51.61290322580645,5.8125,1.9375,0.6153846153846154
Qwen/Qwen2.5-0.5B,devtest,zh,878,28,84,15,53.57142857142857,5.6,1.8666666666666667,0.7894736842105263
Qwen/Qwen2.5-0.5B,devtest,zh,879,36,108,20,55.55555555555556,5.4,1.8,0.9090909090909091
Qwen/Qwen2.5-0.5B,devtest,zh,880,36,108,20,55.55555555555556,5.4,1.8,1.0
Qwen/Qwen2.5-0.5B,devtest,zh,882,31,93,21,67.74193548387096,4.428571428571429,1.4761904761904763,1.105263157894737
Qwen/Qwen2.5-0.5B,devtest,zh,885,20,60,13,65.0,4.615384615384615,1.5384615384615385,0.8125
Qwen/Qwen2.5-0.5B,devtest,zh,888,34,102,25,73.52941176470588,4.08,1.36,1.1904761904761905
Qwen/Qwen2.5-0.5B,devtest,zh,895,43,129,22,51.16279069767442,5.863636363636363,1.9545454545454546,0.88
Qwen/Qwen2.5-0.5B,devtest,zh,899,33,99,16,48.484848484848484,6.1875,2.0625,0.7619047619047619
Qwen/Qwen2.5-0.5B,devtest,zh,900,38,114,25,65.78947368421052,4.56,1.52,1.0
Qwen/Qwen2.5-0.5B,devtest,zh,905,48,144,29,60.416666666666664,4.9655172413793105,1.6551724137931034,1.2083333333333333
Qwen/Qwen2.5-0.5B,devtest,zh,908,43,117,33,76.74418604651163,3.5454545454545454,1.303030303030303,1.064516129032258
Qwen/Qwen2.5-0.5B,devtest,zh,912,32,96,17,53.125,5.647058823529412,1.8823529411764706,0.9444444444444444
Qwen/Qwen2.5-0.5B,devtest,zh,913,32,96,17,53.125,5.647058823529412,1.8823529411764706,1.0
Qwen/Qwen2.5-0.5B,devtest,zh,915,32,96,17,53.125,5.647058823529412,1.8823529411764706,0.6071428571428571
Qwen/Qwen2.5-0.5B,devtest,zh,916,21,63,12,57.142857142857146,5.25,1.75,0.8
Qwen/Qwen2.5-0.5B,devtest,zh,917,48,140,32,66.66666666666667,4.375,1.5,0.9411764705882353
Qwen/Qwen2.5-0.5B,devtest,zh,920,28,84,20,71.42857142857143,4.2,1.4,1.0
Qwen/Qwen2.5-0.5B,devtest,zh,921,46,138,25,54.34782608695652,5.52,1.84,0.8620689655172413
Qwen/Qwen2.5-0.5B,devtest,zh,924,39,105,25,64.1025641025641,4.2,1.56,0.9259259259259259
Qwen/Qwen2.5-0.5B,devtest,zh,925,66,198,38,57.57575757575758,5.2105263157894735,1.736842105263158,0.8636363636363636
Qwen/Qwen2.5-0.5B,devtest,zh,929,53,159,30,56.60377358490566,5.3,1.7666666666666666,1.0344827586206897
Qwen/Qwen2.5-0.5B,devtest,zh,930,38,114,22,57.89473684210526,5.181818181818182,1.7272727272727273,0.9166666666666666
Qwen/Qwen2.5-0.5B,devtest,zh,933,51,153,33,64.70588235294117,4.636363636363637,1.5454545454545454,0.868421052631579
Qwen/Qwen2.5-0.5B,devtest,zh,934,52,142,41,78.84615384615384,3.4634146341463414,1.2682926829268293,1.1081081081081081
Qwen/Qwen2.5-0.5B,devtest,zh,944,83,243,49,59.036144578313255,4.959183673469388,1.6938775510204083,0.9607843137254902
Qwen/Qwen2.5-0.5B,devtest,zh,945,66,147,43,65.15151515151516,3.4186046511627906,1.5348837209302326,1.6538461538461537
Qwen/Qwen2.5-0.5B,devtest,zh,947,18,54,10,55.55555555555556,5.4,1.8,0.7692307692307693
Qwen/Qwen2.5-0.5B,devtest,zh,949,44,88,29,65.9090909090909,3.0344827586206895,1.5172413793103448,1.380952380952381
Qwen/Qwen2.5-0.5B,devtest,zh,950,36,108,25,69.44444444444444,4.32,1.44,0.9259259259259259
Qwen/Qwen2.5-0.5B,devtest,zh,951,43,129,25,58.13953488372093,5.16,1.72,0.6944444444444444
Qwen/Qwen2.5-0.5B,devtest,zh,952,65,195,43,66.15384615384616,4.534883720930233,1.5116279069767442,1.162162162162162
Qwen/Qwen2.5-0.5B,devtest,zh,953,30,90,22,73.33333333333333,4.090909090909091,1.3636363636363635,0.8148148148148148
Qwen/Qwen2.5-0.5B,devtest,zh,955,73,219,50,68.4931506849315,4.38,1.46,1.6666666666666667
Qwen/Qwen2.5-0.5B,devtest,zh,956,36,108,21,58.333333333333336,5.142857142857143,1.7142857142857142,1.0
Qwen/Qwen2.5-0.5B,devtest,zh,958,56,168,37,66.07142857142857,4.54054054054054,1.5135135135135136,0.9736842105263158
Qwen/Qwen2.5-0.5B,devtest,zh,962,46,138,35,76.08695652173913,3.942857142857143,1.3142857142857143,1.0294117647058822
Qwen/Qwen2.5-0.5B,devtest,zh,963,40,120,24,60.0,5.0,1.6666666666666667,0.8888888888888888
Qwen/Qwen2.5-0.5B,devtest,zh,965,43,129,31,72.09302325581395,4.161290322580645,1.3870967741935485,0.8611111111111112
Qwen/Qwen2.5-0.5B,devtest,zh,967,55,165,38,69.0909090909091,4.342105263157895,1.4473684210526316,0.8837209302325582
Qwen/Qwen2.5-0.5B,devtest,zh,969,57,169,35,61.40350877192982,4.828571428571428,1.6285714285714286,0.9459459459459459
Qwen/Qwen2.5-0.5B,devtest,zh,971,60,158,38,63.333333333333336,4.157894736842105,1.5789473684210527,0.9743589743589743
Qwen/Qwen2.5-0.5B,devtest,zh,972,40,114,25,62.5,4.56,1.6,1.0
Qwen/Qwen2.5-0.5B,devtest,zh,973,19,57,12,63.1578947368421,4.75,1.5833333333333333,0.9230769230769231
Qwen/Qwen2.5-0.5B,devtest,zh,975,29,87,17,58.62068965517241,5.117647058823529,1.7058823529411764,0.9444444444444444
Qwen/Qwen2.5-0.5B,devtest,zh,977,64,152,37,57.8125,4.108108108108108,1.7297297297297298,1.6818181818181819
Qwen/Qwen2.5-0.5B,devtest,zh,978,19,57,14,73.6842105263158,4.071428571428571,1.3571428571428572,1.2727272727272727
Qwen/Qwen2.5-0.5B,devtest,zh,986,25,75,15,60.0,5.0,1.6666666666666667,1.0
Qwen/Qwen2.5-0.5B,devtest,zh,987,37,111,23,62.16216216216216,4.826086956521739,1.608695652173913,0.8214285714285714
Qwen/Qwen2.5-0.5B,devtest,zh,988,37,111,24,64.86486486486487,4.625,1.5416666666666667,1.0
Qwen/Qwen2.5-0.5B,devtest,zh,989,33,99,23,69.6969696969697,4.304347826086956,1.434782608695652,1.0
Qwen/Qwen2.5-0.5B,devtest,zh,993,56,137,37,66.07142857142857,3.7027027027027026,1.5135135135135136,1.3703703703703705
Qwen/Qwen2.5-0.5B,devtest,zh,994,21,63,11,52.38095238095238,5.7272727272727275,1.9090909090909092,0.7333333333333333
Qwen/Qwen2.5-0.5B,devtest,zh,995,50,150,37,74.0,4.054054054054054,1.3513513513513513,1.088235294117647
Qwen/Qwen2.5-0.5B,devtest,zh,997,30,90,16,53.333333333333336,5.625,1.875,0.8
Qwen/Qwen2.5-0.5B,devtest,zh,998,37,111,21,56.75675675675676,5.285714285714286,1.7619047619047619,0.75
Qwen/Qwen2.5-0.5B,devtest,zh,1000,49,147,30,61.224489795918366,4.9,1.6333333333333333,1.2
Qwen/Qwen2.5-0.5B,devtest,zh,1001,55,165,37,67.27272727272727,4.45945945945946,1.4864864864864864,1.0277777777777777
Qwen/Qwen2.5-0.5B,devtest,zh,1003,38,114,25,65.78947368421052,4.56,1.52,0.8333333333333334
Qwen/Qwen2.5-0.5B,devtest,zh,1005,42,126,27,64.28571428571429,4.666666666666667,1.5555555555555556,0.9
Qwen/Qwen2.5-0.5B,devtest,zh,1006,38,114,21,55.26315789473684,5.428571428571429,1.8095238095238095,0.84
Qwen/Qwen2.5-0.5B,devtest,zh,1008,36,108,21,58.333333333333336,5.142857142857143,1.7142857142857142,1.2352941176470589
Qwen/Qwen2.5-0.5B,devtest,zh,1009,29,87,20,68.96551724137932,4.35,1.45,0.9523809523809523
Qwen/Qwen2.5-0.5B,devtest,zh,1010,30,90,15,50.0,6.0,2.0,1.0
Qwen/Qwen2.5-0.5B,devtest,zh,1011,34,102,21,61.76470588235294,4.857142857142857,1.619047619047619,0.75
