model,layer,normalized_depth,pooling,language,source_language,target_language,n,metric,value
trillionlabs/Tri-0.5B-Base,0,0.0,last_token,en,,,512,centroid_norm,0.9483764171600342
trillionlabs/Tri-0.5B-Base,0,0.0,last_token,en,,,512,within_language_cosine,0.8992209835761681
trillionlabs/Tri-0.5B-Base,0,0.0,last_token,en,,,512,stable_rank,2.1470550395337065
trillionlabs/Tri-0.5B-Base,0,0.0,last_token,ko,,,512,centroid_norm,0.9349328875541687
trillionlabs/Tri-0.5B-Base,0,0.0,last_token,ko,,,512,within_language_cosine,0.873853112386864
trillionlabs/Tri-0.5B-Base,0,0.0,last_token,ko,,,512,stable_rank,1.7085617559885933
trillionlabs/Tri-0.5B-Base,0,0.0,last_token,ja,,,512,centroid_norm,0.9930764436721802
trillionlabs/Tri-0.5B-Base,0,0.0,last_token,ja,,,512,within_language_cosine,0.9861738051920255
trillionlabs/Tri-0.5B-Base,0,0.0,last_token,ja,,,512,stable_rank,1.4154231134680673
trillionlabs/Tri-0.5B-Base,0,0.0,last_token,zh,,,512,centroid_norm,0.9470526576042175
trillionlabs/Tri-0.5B-Base,0,0.0,last_token,zh,,,512,within_language_cosine,0.8967070159613503
trillionlabs/Tri-0.5B-Base,0,0.0,last_token,zh,,,512,stable_rank,1.952306791894208
trillionlabs/Tri-0.5B-Base,0,0.0,last_token,,en,ko,512,matched_cosine,0.9354678392410278
trillionlabs/Tri-0.5B-Base,0,0.0,last_token,,en,ko,512,unmatched_cosine,0.8975934982299805
trillionlabs/Tri-0.5B-Base,0,0.0,last_token,,en,ko,512,cosine_margin,0.03787434101104736
trillionlabs/Tri-0.5B-Base,0,0.0,last_token,,en,ja,512,matched_cosine,0.48561376333236694
trillionlabs/Tri-0.5B-Base,0,0.0,last_token,,en,ja,512,unmatched_cosine,0.47988787293434143
trillionlabs/Tri-0.5B-Base,0,0.0,last_token,,en,ja,512,cosine_margin,0.005725890398025513
trillionlabs/Tri-0.5B-Base,0,0.0,last_token,,en,zh,512,matched_cosine,0.48613858222961426
trillionlabs/Tri-0.5B-Base,0,0.0,last_token,,en,zh,512,unmatched_cosine,0.45887070894241333
trillionlabs/Tri-0.5B-Base,0,0.0,last_token,,en,zh,512,cosine_margin,0.027267873287200928
trillionlabs/Tri-0.5B-Base,0,0.0,last_token,,ko,en,512,matched_cosine,0.9354678392410278
trillionlabs/Tri-0.5B-Base,0,0.0,last_token,,ko,en,512,unmatched_cosine,0.8905635476112366
trillionlabs/Tri-0.5B-Base,0,0.0,last_token,,ko,en,512,cosine_margin,0.04490429162979126
trillionlabs/Tri-0.5B-Base,0,0.0,last_token,,ko,ja,512,matched_cosine,0.4788269102573395
trillionlabs/Tri-0.5B-Base,0,0.0,last_token,,ko,ja,512,unmatched_cosine,0.47434937953948975
trillionlabs/Tri-0.5B-Base,0,0.0,last_token,,ko,ja,512,cosine_margin,0.0044775307178497314
trillionlabs/Tri-0.5B-Base,0,0.0,last_token,,ko,zh,512,matched_cosine,0.4734933376312256
trillionlabs/Tri-0.5B-Base,0,0.0,last_token,,ko,zh,512,unmatched_cosine,0.4527488350868225
trillionlabs/Tri-0.5B-Base,0,0.0,last_token,,ko,zh,512,cosine_margin,0.020744502544403076
trillionlabs/Tri-0.5B-Base,0,0.0,last_token,,ja,en,512,matched_cosine,0.48561376333236694
trillionlabs/Tri-0.5B-Base,0,0.0,last_token,,ja,en,512,unmatched_cosine,0.47918450832366943
trillionlabs/Tri-0.5B-Base,0,0.0,last_token,,ja,en,512,cosine_margin,0.00642925500869751
trillionlabs/Tri-0.5B-Base,0,0.0,last_token,,ja,ko,512,matched_cosine,0.4788269102573395
trillionlabs/Tri-0.5B-Base,0,0.0,last_token,,ja,ko,512,unmatched_cosine,0.47365573048591614
trillionlabs/Tri-0.5B-Base,0,0.0,last_token,,ja,ko,512,cosine_margin,0.00517117977142334
trillionlabs/Tri-0.5B-Base,0,0.0,last_token,,ja,zh,512,matched_cosine,0.950478196144104
trillionlabs/Tri-0.5B-Base,0,0.0,last_token,,ja,zh,512,unmatched_cosine,0.9390034675598145
trillionlabs/Tri-0.5B-Base,0,0.0,last_token,,ja,zh,512,cosine_margin,0.01147472858428955
trillionlabs/Tri-0.5B-Base,0,0.0,last_token,,zh,en,512,matched_cosine,0.48613858222961426
trillionlabs/Tri-0.5B-Base,0,0.0,last_token,,zh,en,512,unmatched_cosine,0.4602842926979065
trillionlabs/Tri-0.5B-Base,0,0.0,last_token,,zh,en,512,cosine_margin,0.025854289531707764
trillionlabs/Tri-0.5B-Base,0,0.0,last_token,,zh,ko,512,matched_cosine,0.4734933376312256
trillionlabs/Tri-0.5B-Base,0,0.0,last_token,,zh,ko,512,unmatched_cosine,0.45500457286834717
trillionlabs/Tri-0.5B-Base,0,0.0,last_token,,zh,ko,512,cosine_margin,0.018488764762878418
trillionlabs/Tri-0.5B-Base,0,0.0,last_token,,zh,ja,512,matched_cosine,0.950478196144104
trillionlabs/Tri-0.5B-Base,0,0.0,last_token,,zh,ja,512,unmatched_cosine,0.940176248550415
trillionlabs/Tri-0.5B-Base,0,0.0,last_token,,zh,ja,512,cosine_margin,0.010301947593688965
trillionlabs/Tri-0.5B-Base,1,0.041666666666666664,last_token,en,,,512,centroid_norm,0.9900731444358826
trillionlabs/Tri-0.5B-Base,1,0.041666666666666664,last_token,en,,,512,within_language_cosine,0.980206215218322
trillionlabs/Tri-0.5B-Base,1,0.041666666666666664,last_token,en,,,512,stable_rank,2.79977188502433
trillionlabs/Tri-0.5B-Base,1,0.041666666666666664,last_token,ko,,,512,centroid_norm,0.986560583114624
trillionlabs/Tri-0.5B-Base,1,0.041666666666666664,last_token,ko,,,512,within_language_cosine,0.973249580995444
trillionlabs/Tri-0.5B-Base,1,0.041666666666666664,last_token,ko,,,512,stable_rank,2.2502859099920585
trillionlabs/Tri-0.5B-Base,1,0.041666666666666664,last_token,ja,,,512,centroid_norm,0.9961335062980652
trillionlabs/Tri-0.5B-Base,1,0.041666666666666664,last_token,ja,,,512,within_language_cosine,0.9922668098703522
trillionlabs/Tri-0.5B-Base,1,0.041666666666666664,last_token,ja,,,512,stable_rank,5.29744176169951
trillionlabs/Tri-0.5B-Base,1,0.041666666666666664,last_token,zh,,,512,centroid_norm,0.9879794120788574
trillionlabs/Tri-0.5B-Base,1,0.041666666666666664,last_token,zh,,,512,within_language_cosine,0.9760566009700649
trillionlabs/Tri-0.5B-Base,1,0.041666666666666664,last_token,zh,,,512,stable_rank,3.137451056272663
trillionlabs/Tri-0.5B-Base,1,0.041666666666666664,last_token,,en,ko,512,matched_cosine,0.983699381351471
trillionlabs/Tri-0.5B-Base,1,0.041666666666666664,last_token,,en,ko,512,unmatched_cosine,0.975767195224762
trillionlabs/Tri-0.5B-Base,1,0.041666666666666664,last_token,,en,ko,512,cosine_margin,0.007932186126708984
trillionlabs/Tri-0.5B-Base,1,0.041666666666666664,last_token,,en,ja,512,matched_cosine,0.9671999216079712
trillionlabs/Tri-0.5B-Base,1,0.041666666666666664,last_token,,en,ja,512,unmatched_cosine,0.9659762382507324
trillionlabs/Tri-0.5B-Base,1,0.041666666666666664,last_token,,en,ja,512,cosine_margin,0.0012236833572387695
trillionlabs/Tri-0.5B-Base,1,0.041666666666666664,last_token,,en,zh,512,matched_cosine,0.9691434502601624
trillionlabs/Tri-0.5B-Base,1,0.041666666666666664,last_token,,en,zh,512,unmatched_cosine,0.9609622359275818
trillionlabs/Tri-0.5B-Base,1,0.041666666666666664,last_token,,en,zh,512,cosine_margin,0.008181214332580566
trillionlabs/Tri-0.5B-Base,1,0.041666666666666664,last_token,,ko,en,512,matched_cosine,0.983699381351471
trillionlabs/Tri-0.5B-Base,1,0.041666666666666664,last_token,,ko,en,512,unmatched_cosine,0.9751507043838501
trillionlabs/Tri-0.5B-Base,1,0.041666666666666664,last_token,,ko,en,512,cosine_margin,0.00854867696762085
trillionlabs/Tri-0.5B-Base,1,0.041666666666666664,last_token,,ko,ja,512,matched_cosine,0.9639133214950562
trillionlabs/Tri-0.5B-Base,1,0.041666666666666664,last_token,,ko,ja,512,unmatched_cosine,0.9629541635513306
trillionlabs/Tri-0.5B-Base,1,0.041666666666666664,last_token,,ko,ja,512,cosine_margin,0.0009591579437255859
trillionlabs/Tri-0.5B-Base,1,0.041666666666666664,last_token,,ko,zh,512,matched_cosine,0.9621117115020752
trillionlabs/Tri-0.5B-Base,1,0.041666666666666664,last_token,,ko,zh,512,unmatched_cosine,0.9568080306053162
trillionlabs/Tri-0.5B-Base,1,0.041666666666666664,last_token,,ko,zh,512,cosine_margin,0.005303680896759033
trillionlabs/Tri-0.5B-Base,1,0.041666666666666664,last_token,,ja,en,512,matched_cosine,0.9671999216079712
trillionlabs/Tri-0.5B-Base,1,0.041666666666666664,last_token,,ja,en,512,unmatched_cosine,0.9659484624862671
trillionlabs/Tri-0.5B-Base,1,0.041666666666666664,last_token,,ja,en,512,cosine_margin,0.0012514591217041016
trillionlabs/Tri-0.5B-Base,1,0.041666666666666664,last_token,,ja,ko,512,matched_cosine,0.9639133214950562
trillionlabs/Tri-0.5B-Base,1,0.041666666666666664,last_token,,ja,ko,512,unmatched_cosine,0.9629145264625549
trillionlabs/Tri-0.5B-Base,1,0.041666666666666664,last_token,,ja,ko,512,cosine_margin,0.0009987950325012207
trillionlabs/Tri-0.5B-Base,1,0.041666666666666664,last_token,,ja,zh,512,matched_cosine,0.9844487905502319
trillionlabs/Tri-0.5B-Base,1,0.041666666666666664,last_token,,ja,zh,512,unmatched_cosine,0.9824152588844299
trillionlabs/Tri-0.5B-Base,1,0.041666666666666664,last_token,,ja,zh,512,cosine_margin,0.002033531665802002
trillionlabs/Tri-0.5B-Base,1,0.041666666666666664,last_token,,zh,en,512,matched_cosine,0.9691434502601624
trillionlabs/Tri-0.5B-Base,1,0.041666666666666664,last_token,,zh,en,512,unmatched_cosine,0.9608559012413025
trillionlabs/Tri-0.5B-Base,1,0.041666666666666664,last_token,,zh,en,512,cosine_margin,0.008287549018859863
trillionlabs/Tri-0.5B-Base,1,0.041666666666666664,last_token,,zh,ko,512,matched_cosine,0.9621117115020752
trillionlabs/Tri-0.5B-Base,1,0.041666666666666664,last_token,,zh,ko,512,unmatched_cosine,0.9569823741912842
trillionlabs/Tri-0.5B-Base,1,0.041666666666666664,last_token,,zh,ko,512,cosine_margin,0.005129337310791016
trillionlabs/Tri-0.5B-Base,1,0.041666666666666664,last_token,,zh,ja,512,matched_cosine,0.9844487905502319
trillionlabs/Tri-0.5B-Base,1,0.041666666666666664,last_token,,zh,ja,512,unmatched_cosine,0.9824849963188171
trillionlabs/Tri-0.5B-Base,1,0.041666666666666664,last_token,,zh,ja,512,cosine_margin,0.001963794231414795
trillionlabs/Tri-0.5B-Base,2,0.08333333333333333,last_token,en,,,512,centroid_norm,0.9905294179916382
trillionlabs/Tri-0.5B-Base,2,0.08333333333333333,last_token,en,,,512,within_language_cosine,0.9811115899431262
trillionlabs/Tri-0.5B-Base,2,0.08333333333333333,last_token,en,,,512,stable_rank,2.5111283712120445
trillionlabs/Tri-0.5B-Base,2,0.08333333333333333,last_token,ko,,,512,centroid_norm,0.9884223937988281
trillionlabs/Tri-0.5B-Base,2,0.08333333333333333,last_token,ko,,,512,within_language_cosine,0.9769337872469729
trillionlabs/Tri-0.5B-Base,2,0.08333333333333333,last_token,ko,,,512,stable_rank,1.9639993879016542
trillionlabs/Tri-0.5B-Base,2,0.08333333333333333,last_token,ja,,,512,centroid_norm,0.9962485432624817
trillionlabs/Tri-0.5B-Base,2,0.08333333333333333,last_token,ja,,,512,within_language_cosine,0.9924965576649646
trillionlabs/Tri-0.5B-Base,2,0.08333333333333333,last_token,ja,,,512,stable_rank,2.941435748648187
trillionlabs/Tri-0.5B-Base,2,0.08333333333333333,last_token,zh,,,512,centroid_norm,0.9894594550132751
trillionlabs/Tri-0.5B-Base,2,0.08333333333333333,last_token,zh,,,512,within_language_cosine,0.978988975928021
trillionlabs/Tri-0.5B-Base,2,0.08333333333333333,last_token,zh,,,512,stable_rank,2.7176149750413074
trillionlabs/Tri-0.5B-Base,2,0.08333333333333333,last_token,,en,ko,512,matched_cosine,0.9836116433143616
trillionlabs/Tri-0.5B-Base,2,0.08333333333333333,last_token,,en,ko,512,unmatched_cosine,0.976742148399353
trillionlabs/Tri-0.5B-Base,2,0.08333333333333333,last_token,,en,ko,512,cosine_margin,0.006869494915008545
trillionlabs/Tri-0.5B-Base,2,0.08333333333333333,last_token,,en,ja,512,matched_cosine,0.9739606380462646
trillionlabs/Tri-0.5B-Base,2,0.08333333333333333,last_token,,en,ja,512,unmatched_cosine,0.9725151062011719
trillionlabs/Tri-0.5B-Base,2,0.08333333333333333,last_token,,en,ja,512,cosine_margin,0.0014455318450927734
trillionlabs/Tri-0.5B-Base,2,0.08333333333333333,last_token,,en,zh,512,matched_cosine,0.9771376848220825
trillionlabs/Tri-0.5B-Base,2,0.08333333333333333,last_token,,en,zh,512,unmatched_cosine,0.9693851470947266
trillionlabs/Tri-0.5B-Base,2,0.08333333333333333,last_token,,en,zh,512,cosine_margin,0.007752537727355957
trillionlabs/Tri-0.5B-Base,2,0.08333333333333333,last_token,,ko,en,512,matched_cosine,0.9836116433143616
trillionlabs/Tri-0.5B-Base,2,0.08333333333333333,last_token,,ko,en,512,unmatched_cosine,0.9764091968536377
trillionlabs/Tri-0.5B-Base,2,0.08333333333333333,last_token,,ko,en,512,cosine_margin,0.007202446460723877
trillionlabs/Tri-0.5B-Base,2,0.08333333333333333,last_token,,ko,ja,512,matched_cosine,0.9743892550468445
trillionlabs/Tri-0.5B-Base,2,0.08333333333333333,last_token,,ko,ja,512,unmatched_cosine,0.9731286764144897
trillionlabs/Tri-0.5B-Base,2,0.08333333333333333,last_token,,ko,ja,512,cosine_margin,0.0012605786323547363
trillionlabs/Tri-0.5B-Base,2,0.08333333333333333,last_token,,ko,zh,512,matched_cosine,0.9721380472183228
trillionlabs/Tri-0.5B-Base,2,0.08333333333333333,last_token,,ko,zh,512,unmatched_cosine,0.9673182964324951
trillionlabs/Tri-0.5B-Base,2,0.08333333333333333,last_token,,ko,zh,512,cosine_margin,0.004819750785827637
trillionlabs/Tri-0.5B-Base,2,0.08333333333333333,last_token,,ja,en,512,matched_cosine,0.9739606380462646
trillionlabs/Tri-0.5B-Base,2,0.08333333333333333,last_token,,ja,en,512,unmatched_cosine,0.9725001454353333
trillionlabs/Tri-0.5B-Base,2,0.08333333333333333,last_token,,ja,en,512,cosine_margin,0.0014604926109313965
trillionlabs/Tri-0.5B-Base,2,0.08333333333333333,last_token,,ja,ko,512,matched_cosine,0.9743892550468445
trillionlabs/Tri-0.5B-Base,2,0.08333333333333333,last_token,,ja,ko,512,unmatched_cosine,0.9731414914131165
trillionlabs/Tri-0.5B-Base,2,0.08333333333333333,last_token,,ja,ko,512,cosine_margin,0.0012477636337280273
trillionlabs/Tri-0.5B-Base,2,0.08333333333333333,last_token,,ja,zh,512,matched_cosine,0.9818838834762573
trillionlabs/Tri-0.5B-Base,2,0.08333333333333333,last_token,,ja,zh,512,unmatched_cosine,0.9798884391784668
trillionlabs/Tri-0.5B-Base,2,0.08333333333333333,last_token,,ja,zh,512,cosine_margin,0.0019954442977905273
trillionlabs/Tri-0.5B-Base,2,0.08333333333333333,last_token,,zh,en,512,matched_cosine,0.9771376848220825
trillionlabs/Tri-0.5B-Base,2,0.08333333333333333,last_token,,zh,en,512,unmatched_cosine,0.9692763090133667
trillionlabs/Tri-0.5B-Base,2,0.08333333333333333,last_token,,zh,en,512,cosine_margin,0.00786137580871582
trillionlabs/Tri-0.5B-Base,2,0.08333333333333333,last_token,,zh,ko,512,matched_cosine,0.9721380472183228
trillionlabs/Tri-0.5B-Base,2,0.08333333333333333,last_token,,zh,ko,512,unmatched_cosine,0.9674277901649475
trillionlabs/Tri-0.5B-Base,2,0.08333333333333333,last_token,,zh,ko,512,cosine_margin,0.004710257053375244
trillionlabs/Tri-0.5B-Base,2,0.08333333333333333,last_token,,zh,ja,512,matched_cosine,0.9818838834762573
trillionlabs/Tri-0.5B-Base,2,0.08333333333333333,last_token,,zh,ja,512,unmatched_cosine,0.9799436330795288
trillionlabs/Tri-0.5B-Base,2,0.08333333333333333,last_token,,zh,ja,512,cosine_margin,0.0019402503967285156
trillionlabs/Tri-0.5B-Base,3,0.125,last_token,en,,,512,centroid_norm,0.9908445477485657
trillionlabs/Tri-0.5B-Base,3,0.125,last_token,en,,,512,within_language_cosine,0.9817372898766206
trillionlabs/Tri-0.5B-Base,3,0.125,last_token,en,,,512,stable_rank,1.9682954690785301
trillionlabs/Tri-0.5B-Base,3,0.125,last_token,ko,,,512,centroid_norm,0.9880121350288391
trillionlabs/Tri-0.5B-Base,3,0.125,last_token,ko,,,512,within_language_cosine,0.9761213985674535
trillionlabs/Tri-0.5B-Base,3,0.125,last_token,ko,,,512,stable_rank,1.6240425839448032
trillionlabs/Tri-0.5B-Base,3,0.125,last_token,ja,,,512,centroid_norm,0.9965457320213318
trillionlabs/Tri-0.5B-Base,3,0.125,last_token,ja,,,512,within_language_cosine,0.9930898886604085
trillionlabs/Tri-0.5B-Base,3,0.125,last_token,ja,,,512,stable_rank,1.884972107355535
trillionlabs/Tri-0.5B-Base,3,0.125,last_token,zh,,,512,centroid_norm,0.9903185367584229
trillionlabs/Tri-0.5B-Base,3,0.125,last_token,zh,,,512,within_language_cosine,0.9806931228786998
trillionlabs/Tri-0.5B-Base,3,0.125,last_token,zh,,,512,stable_rank,2.118013456057489
trillionlabs/Tri-0.5B-Base,3,0.125,last_token,,en,ko,512,matched_cosine,0.9832161664962769
trillionlabs/Tri-0.5B-Base,3,0.125,last_token,,en,ko,512,unmatched_cosine,0.9762221574783325
trillionlabs/Tri-0.5B-Base,3,0.125,last_token,,en,ko,512,cosine_margin,0.006994009017944336
trillionlabs/Tri-0.5B-Base,3,0.125,last_token,,en,ja,512,matched_cosine,0.9764713644981384
trillionlabs/Tri-0.5B-Base,3,0.125,last_token,,en,ja,512,unmatched_cosine,0.9746417999267578
trillionlabs/Tri-0.5B-Base,3,0.125,last_token,,en,ja,512,cosine_margin,0.0018295645713806152
trillionlabs/Tri-0.5B-Base,3,0.125,last_token,,en,zh,512,matched_cosine,0.9798692464828491
trillionlabs/Tri-0.5B-Base,3,0.125,last_token,,en,zh,512,unmatched_cosine,0.9722751379013062
trillionlabs/Tri-0.5B-Base,3,0.125,last_token,,en,zh,512,cosine_margin,0.007594108581542969
trillionlabs/Tri-0.5B-Base,3,0.125,last_token,,ko,en,512,matched_cosine,0.9832161664962769
trillionlabs/Tri-0.5B-Base,3,0.125,last_token,,ko,en,512,unmatched_cosine,0.9762437343597412
trillionlabs/Tri-0.5B-Base,3,0.125,last_token,,ko,en,512,cosine_margin,0.0069724321365356445
trillionlabs/Tri-0.5B-Base,3,0.125,last_token,,ko,ja,512,matched_cosine,0.975938081741333
trillionlabs/Tri-0.5B-Base,3,0.125,last_token,,ko,ja,512,unmatched_cosine,0.9743038415908813
trillionlabs/Tri-0.5B-Base,3,0.125,last_token,,ko,ja,512,cosine_margin,0.0016342401504516602
trillionlabs/Tri-0.5B-Base,3,0.125,last_token,,ko,zh,512,matched_cosine,0.9742416739463806
trillionlabs/Tri-0.5B-Base,3,0.125,last_token,,ko,zh,512,unmatched_cosine,0.9695032238960266
trillionlabs/Tri-0.5B-Base,3,0.125,last_token,,ko,zh,512,cosine_margin,0.004738450050354004
trillionlabs/Tri-0.5B-Base,3,0.125,last_token,,ja,en,512,matched_cosine,0.9764713644981384
trillionlabs/Tri-0.5B-Base,3,0.125,last_token,,ja,en,512,unmatched_cosine,0.9746423363685608
trillionlabs/Tri-0.5B-Base,3,0.125,last_token,,ja,en,512,cosine_margin,0.0018290281295776367
trillionlabs/Tri-0.5B-Base,3,0.125,last_token,,ja,ko,512,matched_cosine,0.975938081741333
trillionlabs/Tri-0.5B-Base,3,0.125,last_token,,ja,ko,512,unmatched_cosine,0.9741664528846741
trillionlabs/Tri-0.5B-Base,3,0.125,last_token,,ja,ko,512,cosine_margin,0.0017716288566589355
trillionlabs/Tri-0.5B-Base,3,0.125,last_token,,ja,zh,512,matched_cosine,0.9834113121032715
trillionlabs/Tri-0.5B-Base,3,0.125,last_token,,ja,zh,512,unmatched_cosine,0.981290340423584
trillionlabs/Tri-0.5B-Base,3,0.125,last_token,,ja,zh,512,cosine_margin,0.0021209716796875
trillionlabs/Tri-0.5B-Base,3,0.125,last_token,,zh,en,512,matched_cosine,0.9798692464828491
trillionlabs/Tri-0.5B-Base,3,0.125,last_token,,zh,en,512,unmatched_cosine,0.972335696220398
trillionlabs/Tri-0.5B-Base,3,0.125,last_token,,zh,en,512,cosine_margin,0.007533550262451172
trillionlabs/Tri-0.5B-Base,3,0.125,last_token,,zh,ko,512,matched_cosine,0.9742416739463806
trillionlabs/Tri-0.5B-Base,3,0.125,last_token,,zh,ko,512,unmatched_cosine,0.9698518514633179
trillionlabs/Tri-0.5B-Base,3,0.125,last_token,,zh,ko,512,cosine_margin,0.004389822483062744
trillionlabs/Tri-0.5B-Base,3,0.125,last_token,,zh,ja,512,matched_cosine,0.9834113121032715
trillionlabs/Tri-0.5B-Base,3,0.125,last_token,,zh,ja,512,unmatched_cosine,0.9812940359115601
trillionlabs/Tri-0.5B-Base,3,0.125,last_token,,zh,ja,512,cosine_margin,0.0021172761917114258
trillionlabs/Tri-0.5B-Base,4,0.16666666666666666,last_token,en,,,512,centroid_norm,0.9904173016548157
trillionlabs/Tri-0.5B-Base,4,0.16666666666666666,last_token,en,,,512,within_language_cosine,0.9808890684243518
trillionlabs/Tri-0.5B-Base,4,0.16666666666666666,last_token,en,,,512,stable_rank,2.2125395762672375
trillionlabs/Tri-0.5B-Base,4,0.16666666666666666,last_token,ko,,,512,centroid_norm,0.9871630668640137
trillionlabs/Tri-0.5B-Base,4,0.16666666666666666,last_token,ko,,,512,within_language_cosine,0.9744410206893652
trillionlabs/Tri-0.5B-Base,4,0.16666666666666666,last_token,ko,,,512,stable_rank,1.7142640986794184
trillionlabs/Tri-0.5B-Base,4,0.16666666666666666,last_token,ja,,,512,centroid_norm,0.9962029457092285
trillionlabs/Tri-0.5B-Base,4,0.16666666666666666,last_token,ja,,,512,within_language_cosine,0.9924054827008929
trillionlabs/Tri-0.5B-Base,4,0.16666666666666666,last_token,ja,,,512,stable_rank,2.0056774424967294
trillionlabs/Tri-0.5B-Base,4,0.16666666666666666,last_token,zh,,,512,centroid_norm,0.9898150563240051
trillionlabs/Tri-0.5B-Base,4,0.16666666666666666,last_token,zh,,,512,within_language_cosine,0.9796941648957314
trillionlabs/Tri-0.5B-Base,4,0.16666666666666666,last_token,zh,,,512,stable_rank,2.3844747391352725
trillionlabs/Tri-0.5B-Base,4,0.16666666666666666,last_token,,en,ko,512,matched_cosine,0.9821138381958008
trillionlabs/Tri-0.5B-Base,4,0.16666666666666666,last_token,,en,ko,512,unmatched_cosine,0.9753382205963135
trillionlabs/Tri-0.5B-Base,4,0.16666666666666666,last_token,,en,ko,512,cosine_margin,0.006775617599487305
trillionlabs/Tri-0.5B-Base,4,0.16666666666666666,last_token,,en,ja,512,matched_cosine,0.975184440612793
trillionlabs/Tri-0.5B-Base,4,0.16666666666666666,last_token,,en,ja,512,unmatched_cosine,0.9732392430305481
trillionlabs/Tri-0.5B-Base,4,0.16666666666666666,last_token,,en,ja,512,cosine_margin,0.001945197582244873
trillionlabs/Tri-0.5B-Base,4,0.16666666666666666,last_token,,en,zh,512,matched_cosine,0.9791967868804932
trillionlabs/Tri-0.5B-Base,4,0.16666666666666666,last_token,,en,zh,512,unmatched_cosine,0.9709241986274719
trillionlabs/Tri-0.5B-Base,4,0.16666666666666666,last_token,,en,zh,512,cosine_margin,0.00827258825302124
trillionlabs/Tri-0.5B-Base,4,0.16666666666666666,last_token,,ko,en,512,matched_cosine,0.9821138381958008
trillionlabs/Tri-0.5B-Base,4,0.16666666666666666,last_token,,ko,en,512,unmatched_cosine,0.9749850034713745
trillionlabs/Tri-0.5B-Base,4,0.16666666666666666,last_token,,ko,en,512,cosine_margin,0.0071288347244262695
trillionlabs/Tri-0.5B-Base,4,0.16666666666666666,last_token,,ko,ja,512,matched_cosine,0.9742029905319214
trillionlabs/Tri-0.5B-Base,4,0.16666666666666666,last_token,,ko,ja,512,unmatched_cosine,0.9722902178764343
trillionlabs/Tri-0.5B-Base,4,0.16666666666666666,last_token,,ko,ja,512,cosine_margin,0.0019127726554870605
trillionlabs/Tri-0.5B-Base,4,0.16666666666666666,last_token,,ko,zh,512,matched_cosine,0.9726336002349854
trillionlabs/Tri-0.5B-Base,4,0.16666666666666666,last_token,,ko,zh,512,unmatched_cosine,0.967535138130188
trillionlabs/Tri-0.5B-Base,4,0.16666666666666666,last_token,,ko,zh,512,cosine_margin,0.005098462104797363
trillionlabs/Tri-0.5B-Base,4,0.16666666666666666,last_token,,ja,en,512,matched_cosine,0.975184440612793
trillionlabs/Tri-0.5B-Base,4,0.16666666666666666,last_token,,ja,en,512,unmatched_cosine,0.97328120470047
trillionlabs/Tri-0.5B-Base,4,0.16666666666666666,last_token,,ja,en,512,cosine_margin,0.001903235912322998
trillionlabs/Tri-0.5B-Base,4,0.16666666666666666,last_token,,ja,ko,512,matched_cosine,0.9742029905319214
trillionlabs/Tri-0.5B-Base,4,0.16666666666666666,last_token,,ja,ko,512,unmatched_cosine,0.9724550843238831
trillionlabs/Tri-0.5B-Base,4,0.16666666666666666,last_token,,ja,ko,512,cosine_margin,0.00174790620803833
trillionlabs/Tri-0.5B-Base,4,0.16666666666666666,last_token,,ja,zh,512,matched_cosine,0.9827263951301575
trillionlabs/Tri-0.5B-Base,4,0.16666666666666666,last_token,,ja,zh,512,unmatched_cosine,0.9803650379180908
trillionlabs/Tri-0.5B-Base,4,0.16666666666666666,last_token,,ja,zh,512,cosine_margin,0.0023613572120666504
trillionlabs/Tri-0.5B-Base,4,0.16666666666666666,last_token,,zh,en,512,matched_cosine,0.9791967868804932
trillionlabs/Tri-0.5B-Base,4,0.16666666666666666,last_token,,zh,en,512,unmatched_cosine,0.9713006615638733
trillionlabs/Tri-0.5B-Base,4,0.16666666666666666,last_token,,zh,en,512,cosine_margin,0.007896125316619873
trillionlabs/Tri-0.5B-Base,4,0.16666666666666666,last_token,,zh,ko,512,matched_cosine,0.9726336002349854
trillionlabs/Tri-0.5B-Base,4,0.16666666666666666,last_token,,zh,ko,512,unmatched_cosine,0.9679403901100159
trillionlabs/Tri-0.5B-Base,4,0.16666666666666666,last_token,,zh,ko,512,cosine_margin,0.004693210124969482
trillionlabs/Tri-0.5B-Base,4,0.16666666666666666,last_token,,zh,ja,512,matched_cosine,0.9827263951301575
trillionlabs/Tri-0.5B-Base,4,0.16666666666666666,last_token,,zh,ja,512,unmatched_cosine,0.9804673194885254
trillionlabs/Tri-0.5B-Base,4,0.16666666666666666,last_token,,zh,ja,512,cosine_margin,0.00225907564163208
trillionlabs/Tri-0.5B-Base,5,0.20833333333333334,last_token,en,,,512,centroid_norm,0.9896445274353027
trillionlabs/Tri-0.5B-Base,5,0.20833333333333334,last_token,en,,,512,within_language_cosine,0.9793560229635518
trillionlabs/Tri-0.5B-Base,5,0.20833333333333334,last_token,en,,,512,stable_rank,2.524575667043733
trillionlabs/Tri-0.5B-Base,5,0.20833333333333334,last_token,ko,,,512,centroid_norm,0.9864428639411926
trillionlabs/Tri-0.5B-Base,5,0.20833333333333334,last_token,ko,,,512,within_language_cosine,0.9730168471364359
trillionlabs/Tri-0.5B-Base,5,0.20833333333333334,last_token,ko,,,512,stable_rank,1.793682245186259
trillionlabs/Tri-0.5B-Base,5,0.20833333333333334,last_token,ja,,,512,centroid_norm,0.9957985281944275
trillionlabs/Tri-0.5B-Base,5,0.20833333333333334,last_token,ja,,,512,within_language_cosine,0.9915983494947102
trillionlabs/Tri-0.5B-Base,5,0.20833333333333334,last_token,ja,,,512,stable_rank,2.153716861407123
trillionlabs/Tri-0.5B-Base,5,0.20833333333333334,last_token,zh,,,512,centroid_norm,0.9892818927764893
trillionlabs/Tri-0.5B-Base,5,0.20833333333333334,last_token,zh,,,512,within_language_cosine,0.9786369189357571
trillionlabs/Tri-0.5B-Base,5,0.20833333333333334,last_token,zh,,,512,stable_rank,2.638331104850583
trillionlabs/Tri-0.5B-Base,5,0.20833333333333334,last_token,,en,ko,512,matched_cosine,0.9810398817062378
trillionlabs/Tri-0.5B-Base,5,0.20833333333333334,last_token,,en,ko,512,unmatched_cosine,0.9735397696495056
trillionlabs/Tri-0.5B-Base,5,0.20833333333333334,last_token,,en,ko,512,cosine_margin,0.007500112056732178
trillionlabs/Tri-0.5B-Base,5,0.20833333333333334,last_token,,en,ja,512,matched_cosine,0.9726983904838562
trillionlabs/Tri-0.5B-Base,5,0.20833333333333334,last_token,,en,ja,512,unmatched_cosine,0.9702506065368652
trillionlabs/Tri-0.5B-Base,5,0.20833333333333334,last_token,,en,ja,512,cosine_margin,0.002447783946990967
trillionlabs/Tri-0.5B-Base,5,0.20833333333333334,last_token,,en,zh,512,matched_cosine,0.9777319431304932
trillionlabs/Tri-0.5B-Base,5,0.20833333333333334,last_token,,en,zh,512,unmatched_cosine,0.9686984419822693
trillionlabs/Tri-0.5B-Base,5,0.20833333333333334,last_token,,en,zh,512,cosine_margin,0.009033501148223877
trillionlabs/Tri-0.5B-Base,5,0.20833333333333334,last_token,,ko,en,512,matched_cosine,0.9810398817062378
trillionlabs/Tri-0.5B-Base,5,0.20833333333333334,last_token,,ko,en,512,unmatched_cosine,0.9732240438461304
trillionlabs/Tri-0.5B-Base,5,0.20833333333333334,last_token,,ko,en,512,cosine_margin,0.007815837860107422
trillionlabs/Tri-0.5B-Base,5,0.20833333333333334,last_token,,ko,ja,512,matched_cosine,0.9723225831985474
trillionlabs/Tri-0.5B-Base,5,0.20833333333333334,last_token,,ko,ja,512,unmatched_cosine,0.9699788093566895
trillionlabs/Tri-0.5B-Base,5,0.20833333333333334,last_token,,ko,ja,512,cosine_margin,0.00234377384185791
trillionlabs/Tri-0.5B-Base,5,0.20833333333333334,last_token,,ko,zh,512,matched_cosine,0.971182107925415
trillionlabs/Tri-0.5B-Base,5,0.20833333333333334,last_token,,ko,zh,512,unmatched_cosine,0.9654433727264404
trillionlabs/Tri-0.5B-Base,5,0.20833333333333334,last_token,,ko,zh,512,cosine_margin,0.005738735198974609
trillionlabs/Tri-0.5B-Base,5,0.20833333333333334,last_token,,ja,en,512,matched_cosine,0.9726983904838562
trillionlabs/Tri-0.5B-Base,5,0.20833333333333334,last_token,,ja,en,512,unmatched_cosine,0.9702603816986084
trillionlabs/Tri-0.5B-Base,5,0.20833333333333334,last_token,,ja,en,512,cosine_margin,0.0024380087852478027
trillionlabs/Tri-0.5B-Base,5,0.20833333333333334,last_token,,ja,ko,512,matched_cosine,0.9723225831985474
trillionlabs/Tri-0.5B-Base,5,0.20833333333333334,last_token,,ja,ko,512,unmatched_cosine,0.9701688289642334
trillionlabs/Tri-0.5B-Base,5,0.20833333333333334,last_token,,ja,ko,512,cosine_margin,0.002153754234313965
trillionlabs/Tri-0.5B-Base,5,0.20833333333333334,last_token,,ja,zh,512,matched_cosine,0.9817118644714355
trillionlabs/Tri-0.5B-Base,5,0.20833333333333334,last_token,,ja,zh,512,unmatched_cosine,0.9789174199104309
trillionlabs/Tri-0.5B-Base,5,0.20833333333333334,last_token,,ja,zh,512,cosine_margin,0.0027944445610046387
trillionlabs/Tri-0.5B-Base,5,0.20833333333333334,last_token,,zh,en,512,matched_cosine,0.9777319431304932
trillionlabs/Tri-0.5B-Base,5,0.20833333333333334,last_token,,zh,en,512,unmatched_cosine,0.9688836336135864
trillionlabs/Tri-0.5B-Base,5,0.20833333333333334,last_token,,zh,en,512,cosine_margin,0.008848309516906738
trillionlabs/Tri-0.5B-Base,5,0.20833333333333334,last_token,,zh,ko,512,matched_cosine,0.971182107925415
trillionlabs/Tri-0.5B-Base,5,0.20833333333333334,last_token,,zh,ko,512,unmatched_cosine,0.9658065438270569
trillionlabs/Tri-0.5B-Base,5,0.20833333333333334,last_token,,zh,ko,512,cosine_margin,0.005375564098358154
trillionlabs/Tri-0.5B-Base,5,0.20833333333333334,last_token,,zh,ja,512,matched_cosine,0.9817118644714355
trillionlabs/Tri-0.5B-Base,5,0.20833333333333334,last_token,,zh,ja,512,unmatched_cosine,0.9788961410522461
trillionlabs/Tri-0.5B-Base,5,0.20833333333333334,last_token,,zh,ja,512,cosine_margin,0.002815723419189453
trillionlabs/Tri-0.5B-Base,6,0.25,last_token,en,,,512,centroid_norm,0.9851675033569336
trillionlabs/Tri-0.5B-Base,6,0.25,last_token,en,,,512,within_language_cosine,0.9704974448844178
trillionlabs/Tri-0.5B-Base,6,0.25,last_token,en,,,512,stable_rank,3.991216355988992
trillionlabs/Tri-0.5B-Base,6,0.25,last_token,ko,,,512,centroid_norm,0.980679452419281
trillionlabs/Tri-0.5B-Base,6,0.25,last_token,ko,,,512,within_language_cosine,0.9616573206832497
trillionlabs/Tri-0.5B-Base,6,0.25,last_token,ko,,,512,stable_rank,2.4834752434632756
trillionlabs/Tri-0.5B-Base,6,0.25,last_token,ja,,,512,centroid_norm,0.9912294745445251
trillionlabs/Tri-0.5B-Base,6,0.25,last_token,ja,,,512,within_language_cosine,0.9825017223619434
trillionlabs/Tri-0.5B-Base,6,0.25,last_token,ja,,,512,stable_rank,4.299078568562196
trillionlabs/Tri-0.5B-Base,6,0.25,last_token,zh,,,512,centroid_norm,0.9847598671913147
trillionlabs/Tri-0.5B-Base,6,0.25,last_token,zh,,,512,within_language_cosine,0.9696928199723276
trillionlabs/Tri-0.5B-Base,6,0.25,last_token,zh,,,512,stable_rank,3.9947651345498634
trillionlabs/Tri-0.5B-Base,6,0.25,last_token,,en,ko,512,matched_cosine,0.9713684916496277
trillionlabs/Tri-0.5B-Base,6,0.25,last_token,,en,ko,512,unmatched_cosine,0.9614819288253784
trillionlabs/Tri-0.5B-Base,6,0.25,last_token,,en,ko,512,cosine_margin,0.009886562824249268
trillionlabs/Tri-0.5B-Base,6,0.25,last_token,,en,ja,512,matched_cosine,0.9540815353393555
trillionlabs/Tri-0.5B-Base,6,0.25,last_token,,en,ja,512,unmatched_cosine,0.9494178295135498
trillionlabs/Tri-0.5B-Base,6,0.25,last_token,,en,ja,512,cosine_margin,0.004663705825805664
trillionlabs/Tri-0.5B-Base,6,0.25,last_token,,en,zh,512,matched_cosine,0.9666520953178406
trillionlabs/Tri-0.5B-Base,6,0.25,last_token,,en,zh,512,unmatched_cosine,0.9542615413665771
trillionlabs/Tri-0.5B-Base,6,0.25,last_token,,en,zh,512,cosine_margin,0.012390553951263428
trillionlabs/Tri-0.5B-Base,6,0.25,last_token,,ko,en,512,matched_cosine,0.9713684916496277
trillionlabs/Tri-0.5B-Base,6,0.25,last_token,,ko,en,512,unmatched_cosine,0.9615509510040283
trillionlabs/Tri-0.5B-Base,6,0.25,last_token,,ko,en,512,cosine_margin,0.009817540645599365
trillionlabs/Tri-0.5B-Base,6,0.25,last_token,,ko,ja,512,matched_cosine,0.9565163850784302
trillionlabs/Tri-0.5B-Base,6,0.25,last_token,,ko,ja,512,unmatched_cosine,0.951786994934082
trillionlabs/Tri-0.5B-Base,6,0.25,last_token,,ko,ja,512,cosine_margin,0.0047293901443481445
trillionlabs/Tri-0.5B-Base,6,0.25,last_token,,ko,zh,512,matched_cosine,0.9565961360931396
trillionlabs/Tri-0.5B-Base,6,0.25,last_token,,ko,zh,512,unmatched_cosine,0.9494174718856812
trillionlabs/Tri-0.5B-Base,6,0.25,last_token,,ko,zh,512,cosine_margin,0.007178664207458496
trillionlabs/Tri-0.5B-Base,6,0.25,last_token,,ja,en,512,matched_cosine,0.9540815353393555
trillionlabs/Tri-0.5B-Base,6,0.25,last_token,,ja,en,512,unmatched_cosine,0.9495114088058472
trillionlabs/Tri-0.5B-Base,6,0.25,last_token,,ja,en,512,cosine_margin,0.004570126533508301
trillionlabs/Tri-0.5B-Base,6,0.25,last_token,,ja,ko,512,matched_cosine,0.9565163850784302
trillionlabs/Tri-0.5B-Base,6,0.25,last_token,,ja,ko,512,unmatched_cosine,0.9519649744033813
trillionlabs/Tri-0.5B-Base,6,0.25,last_token,,ja,ko,512,cosine_margin,0.004551410675048828
trillionlabs/Tri-0.5B-Base,6,0.25,last_token,,ja,zh,512,matched_cosine,0.9686864018440247
trillionlabs/Tri-0.5B-Base,6,0.25,last_token,,ja,zh,512,unmatched_cosine,0.9637718200683594
trillionlabs/Tri-0.5B-Base,6,0.25,last_token,,ja,zh,512,cosine_margin,0.004914581775665283
trillionlabs/Tri-0.5B-Base,6,0.25,last_token,,zh,en,512,matched_cosine,0.9666520953178406
trillionlabs/Tri-0.5B-Base,6,0.25,last_token,,zh,en,512,unmatched_cosine,0.9543563723564148
trillionlabs/Tri-0.5B-Base,6,0.25,last_token,,zh,en,512,cosine_margin,0.012295722961425781
trillionlabs/Tri-0.5B-Base,6,0.25,last_token,,zh,ko,512,matched_cosine,0.9565961360931396
trillionlabs/Tri-0.5B-Base,6,0.25,last_token,,zh,ko,512,unmatched_cosine,0.9493256211280823
trillionlabs/Tri-0.5B-Base,6,0.25,last_token,,zh,ko,512,cosine_margin,0.007270514965057373
trillionlabs/Tri-0.5B-Base,6,0.25,last_token,,zh,ja,512,matched_cosine,0.9686864018440247
trillionlabs/Tri-0.5B-Base,6,0.25,last_token,,zh,ja,512,unmatched_cosine,0.9636629819869995
trillionlabs/Tri-0.5B-Base,6,0.25,last_token,,zh,ja,512,cosine_margin,0.0050234198570251465
trillionlabs/Tri-0.5B-Base,7,0.2916666666666667,last_token,en,,,512,centroid_norm,0.9631699919700623
trillionlabs/Tri-0.5B-Base,7,0.2916666666666667,last_token,en,,,512,within_language_cosine,0.9275549125298128
trillionlabs/Tri-0.5B-Base,7,0.2916666666666667,last_token,en,,,512,stable_rank,9.746004045206496
trillionlabs/Tri-0.5B-Base,7,0.2916666666666667,last_token,ko,,,512,centroid_norm,0.964128851890564
trillionlabs/Tri-0.5B-Base,7,0.2916666666666667,last_token,ko,,,512,within_language_cosine,0.9294065710616438
trillionlabs/Tri-0.5B-Base,7,0.2916666666666667,last_token,ko,,,512,stable_rank,3.9069725476877606
trillionlabs/Tri-0.5B-Base,7,0.2916666666666667,last_token,ja,,,512,centroid_norm,0.9684686064720154
trillionlabs/Tri-0.5B-Base,7,0.2916666666666667,last_token,ja,,,512,within_language_cosine,0.9378099534842833
trillionlabs/Tri-0.5B-Base,7,0.2916666666666667,last_token,ja,,,512,stable_rank,13.907470162369803
trillionlabs/Tri-0.5B-Base,7,0.2916666666666667,last_token,zh,,,512,centroid_norm,0.965747058391571
trillionlabs/Tri-0.5B-Base,7,0.2916666666666667,last_token,zh,,,512,within_language_cosine,0.9325356679419948
trillionlabs/Tri-0.5B-Base,7,0.2916666666666667,last_token,zh,,,512,stable_rank,8.052164928065265
trillionlabs/Tri-0.5B-Base,7,0.2916666666666667,last_token,,en,ko,512,matched_cosine,0.9450607299804688
trillionlabs/Tri-0.5B-Base,7,0.2916666666666667,last_token,,en,ko,512,unmatched_cosine,0.9155213832855225
trillionlabs/Tri-0.5B-Base,7,0.2916666666666667,last_token,,en,ko,512,cosine_margin,0.02953934669494629
trillionlabs/Tri-0.5B-Base,7,0.2916666666666667,last_token,,en,ja,512,matched_cosine,0.9164607524871826
trillionlabs/Tri-0.5B-Base,7,0.2916666666666667,last_token,,en,ja,512,unmatched_cosine,0.890912652015686
trillionlabs/Tri-0.5B-Base,7,0.2916666666666667,last_token,,en,ja,512,cosine_margin,0.025548100471496582
trillionlabs/Tri-0.5B-Base,7,0.2916666666666667,last_token,,en,zh,512,matched_cosine,0.9354962706565857
trillionlabs/Tri-0.5B-Base,7,0.2916666666666667,last_token,,en,zh,512,unmatched_cosine,0.9024710655212402
trillionlabs/Tri-0.5B-Base,7,0.2916666666666667,last_token,,en,zh,512,cosine_margin,0.03302520513534546
trillionlabs/Tri-0.5B-Base,7,0.2916666666666667,last_token,,ko,en,512,matched_cosine,0.9450607299804688
trillionlabs/Tri-0.5B-Base,7,0.2916666666666667,last_token,,ko,en,512,unmatched_cosine,0.9157146215438843
trillionlabs/Tri-0.5B-Base,7,0.2916666666666667,last_token,,ko,en,512,cosine_margin,0.029346108436584473
trillionlabs/Tri-0.5B-Base,7,0.2916666666666667,last_token,,ko,ja,512,matched_cosine,0.9295610785484314
trillionlabs/Tri-0.5B-Base,7,0.2916666666666667,last_token,,ko,ja,512,unmatched_cosine,0.9054597616195679
trillionlabs/Tri-0.5B-Base,7,0.2916666666666667,last_token,,ko,ja,512,cosine_margin,0.024101316928863525
trillionlabs/Tri-0.5B-Base,7,0.2916666666666667,last_token,,ko,zh,512,matched_cosine,0.9259198904037476
trillionlabs/Tri-0.5B-Base,7,0.2916666666666667,last_token,,ko,zh,512,unmatched_cosine,0.9034303426742554
trillionlabs/Tri-0.5B-Base,7,0.2916666666666667,last_token,,ko,zh,512,cosine_margin,0.022489547729492188
trillionlabs/Tri-0.5B-Base,7,0.2916666666666667,last_token,,ja,en,512,matched_cosine,0.9164607524871826
trillionlabs/Tri-0.5B-Base,7,0.2916666666666667,last_token,,ja,en,512,unmatched_cosine,0.8909987211227417
trillionlabs/Tri-0.5B-Base,7,0.2916666666666667,last_token,,ja,en,512,cosine_margin,0.025462031364440918
trillionlabs/Tri-0.5B-Base,7,0.2916666666666667,last_token,,ja,ko,512,matched_cosine,0.9295610785484314
trillionlabs/Tri-0.5B-Base,7,0.2916666666666667,last_token,,ja,ko,512,unmatched_cosine,0.9054518342018127
trillionlabs/Tri-0.5B-Base,7,0.2916666666666667,last_token,,ja,ko,512,cosine_margin,0.024109244346618652
trillionlabs/Tri-0.5B-Base,7,0.2916666666666667,last_token,,ja,zh,512,matched_cosine,0.9330370426177979
trillionlabs/Tri-0.5B-Base,7,0.2916666666666667,last_token,,ja,zh,512,unmatched_cosine,0.9103291034698486
trillionlabs/Tri-0.5B-Base,7,0.2916666666666667,last_token,,ja,zh,512,cosine_margin,0.02270793914794922
trillionlabs/Tri-0.5B-Base,7,0.2916666666666667,last_token,,zh,en,512,matched_cosine,0.9354962706565857
trillionlabs/Tri-0.5B-Base,7,0.2916666666666667,last_token,,zh,en,512,unmatched_cosine,0.9024579524993896
trillionlabs/Tri-0.5B-Base,7,0.2916666666666667,last_token,,zh,en,512,cosine_margin,0.033038318157196045
trillionlabs/Tri-0.5B-Base,7,0.2916666666666667,last_token,,zh,ko,512,matched_cosine,0.9259198904037476
trillionlabs/Tri-0.5B-Base,7,0.2916666666666667,last_token,,zh,ko,512,unmatched_cosine,0.9028946161270142
trillionlabs/Tri-0.5B-Base,7,0.2916666666666667,last_token,,zh,ko,512,cosine_margin,0.0230252742767334
trillionlabs/Tri-0.5B-Base,7,0.2916666666666667,last_token,,zh,ja,512,matched_cosine,0.9330370426177979
trillionlabs/Tri-0.5B-Base,7,0.2916666666666667,last_token,,zh,ja,512,unmatched_cosine,0.9096795320510864
trillionlabs/Tri-0.5B-Base,7,0.2916666666666667,last_token,,zh,ja,512,cosine_margin,0.023357510566711426
trillionlabs/Tri-0.5B-Base,8,0.3333333333333333,last_token,en,,,512,centroid_norm,0.9586496949195862
trillionlabs/Tri-0.5B-Base,8,0.3333333333333333,last_token,en,,,512,within_language_cosine,0.9188507139799413
trillionlabs/Tri-0.5B-Base,8,0.3333333333333333,last_token,en,,,512,stable_rank,11.25706991276431
trillionlabs/Tri-0.5B-Base,8,0.3333333333333333,last_token,ko,,,512,centroid_norm,0.9596852660179138
trillionlabs/Tri-0.5B-Base,8,0.3333333333333333,last_token,ko,,,512,within_language_cosine,0.9208411647848886
trillionlabs/Tri-0.5B-Base,8,0.3333333333333333,last_token,ko,,,512,stable_rank,4.264738280777948
trillionlabs/Tri-0.5B-Base,8,0.3333333333333333,last_token,ja,,,512,centroid_norm,0.962720513343811
trillionlabs/Tri-0.5B-Base,8,0.3333333333333333,last_token,ja,,,512,within_language_cosine,0.9266876399866989
trillionlabs/Tri-0.5B-Base,8,0.3333333333333333,last_token,ja,,,512,stable_rank,13.162214093172992
trillionlabs/Tri-0.5B-Base,8,0.3333333333333333,last_token,zh,,,512,centroid_norm,0.9623574614524841
trillionlabs/Tri-0.5B-Base,8,0.3333333333333333,last_token,zh,,,512,within_language_cosine,0.9259872884433097
trillionlabs/Tri-0.5B-Base,8,0.3333333333333333,last_token,zh,,,512,stable_rank,9.213432275220034
trillionlabs/Tri-0.5B-Base,8,0.3333333333333333,last_token,,en,ko,512,matched_cosine,0.9409748911857605
trillionlabs/Tri-0.5B-Base,8,0.3333333333333333,last_token,,en,ko,512,unmatched_cosine,0.9076319932937622
trillionlabs/Tri-0.5B-Base,8,0.3333333333333333,last_token,,en,ko,512,cosine_margin,0.03334289789199829
trillionlabs/Tri-0.5B-Base,8,0.3333333333333333,last_token,,en,ja,512,matched_cosine,0.911880373954773
trillionlabs/Tri-0.5B-Base,8,0.3333333333333333,last_token,,en,ja,512,unmatched_cosine,0.882664144039154
trillionlabs/Tri-0.5B-Base,8,0.3333333333333333,last_token,,en,ja,512,cosine_margin,0.029216229915618896
trillionlabs/Tri-0.5B-Base,8,0.3333333333333333,last_token,,en,zh,512,matched_cosine,0.9326748847961426
trillionlabs/Tri-0.5B-Base,8,0.3333333333333333,last_token,,en,zh,512,unmatched_cosine,0.8957319259643555
trillionlabs/Tri-0.5B-Base,8,0.3333333333333333,last_token,,en,zh,512,cosine_margin,0.03694295883178711
trillionlabs/Tri-0.5B-Base,8,0.3333333333333333,last_token,,ko,en,512,matched_cosine,0.9409748911857605
trillionlabs/Tri-0.5B-Base,8,0.3333333333333333,last_token,,ko,en,512,unmatched_cosine,0.9085252285003662
trillionlabs/Tri-0.5B-Base,8,0.3333333333333333,last_token,,ko,en,512,cosine_margin,0.03244966268539429
trillionlabs/Tri-0.5B-Base,8,0.3333333333333333,last_token,,ko,ja,512,matched_cosine,0.9239209890365601
trillionlabs/Tri-0.5B-Base,8,0.3333333333333333,last_token,,ko,ja,512,unmatched_cosine,0.8960964679718018
trillionlabs/Tri-0.5B-Base,8,0.3333333333333333,last_token,,ko,ja,512,cosine_margin,0.0278245210647583
trillionlabs/Tri-0.5B-Base,8,0.3333333333333333,last_token,,ko,zh,512,matched_cosine,0.922230064868927
trillionlabs/Tri-0.5B-Base,8,0.3333333333333333,last_token,,ko,zh,512,unmatched_cosine,0.8969759941101074
trillionlabs/Tri-0.5B-Base,8,0.3333333333333333,last_token,,ko,zh,512,cosine_margin,0.02525407075881958
trillionlabs/Tri-0.5B-Base,8,0.3333333333333333,last_token,,ja,en,512,matched_cosine,0.911880373954773
trillionlabs/Tri-0.5B-Base,8,0.3333333333333333,last_token,,ja,en,512,unmatched_cosine,0.8826936483383179
trillionlabs/Tri-0.5B-Base,8,0.3333333333333333,last_token,,ja,en,512,cosine_margin,0.029186725616455078
trillionlabs/Tri-0.5B-Base,8,0.3333333333333333,last_token,,ja,ko,512,matched_cosine,0.9239209890365601
trillionlabs/Tri-0.5B-Base,8,0.3333333333333333,last_token,,ja,ko,512,unmatched_cosine,0.8960680961608887
trillionlabs/Tri-0.5B-Base,8,0.3333333333333333,last_token,,ja,ko,512,cosine_margin,0.027852892875671387
trillionlabs/Tri-0.5B-Base,8,0.3333333333333333,last_token,,ja,zh,512,matched_cosine,0.926315426826477
trillionlabs/Tri-0.5B-Base,8,0.3333333333333333,last_token,,ja,zh,512,unmatched_cosine,0.9002377986907959
trillionlabs/Tri-0.5B-Base,8,0.3333333333333333,last_token,,ja,zh,512,cosine_margin,0.026077628135681152
trillionlabs/Tri-0.5B-Base,8,0.3333333333333333,last_token,,zh,en,512,matched_cosine,0.9326748847961426
trillionlabs/Tri-0.5B-Base,8,0.3333333333333333,last_token,,zh,en,512,unmatched_cosine,0.8956984877586365
trillionlabs/Tri-0.5B-Base,8,0.3333333333333333,last_token,,zh,en,512,cosine_margin,0.036976397037506104
trillionlabs/Tri-0.5B-Base,8,0.3333333333333333,last_token,,zh,ko,512,matched_cosine,0.922230064868927
trillionlabs/Tri-0.5B-Base,8,0.3333333333333333,last_token,,zh,ko,512,unmatched_cosine,0.8958953619003296
trillionlabs/Tri-0.5B-Base,8,0.3333333333333333,last_token,,zh,ko,512,cosine_margin,0.026334702968597412
trillionlabs/Tri-0.5B-Base,8,0.3333333333333333,last_token,,zh,ja,512,matched_cosine,0.926315426826477
trillionlabs/Tri-0.5B-Base,8,0.3333333333333333,last_token,,zh,ja,512,unmatched_cosine,0.8995336890220642
trillionlabs/Tri-0.5B-Base,8,0.3333333333333333,last_token,,zh,ja,512,cosine_margin,0.026781737804412842
trillionlabs/Tri-0.5B-Base,9,0.375,last_token,en,,,512,centroid_norm,0.9537952542304993
trillionlabs/Tri-0.5B-Base,9,0.375,last_token,en,,,512,within_language_cosine,0.9095487650593199
trillionlabs/Tri-0.5B-Base,9,0.375,last_token,en,,,512,stable_rank,13.221331975892234
trillionlabs/Tri-0.5B-Base,9,0.375,last_token,ko,,,512,centroid_norm,0.9555808901786804
trillionlabs/Tri-0.5B-Base,9,0.375,last_token,ko,,,512,within_language_cosine,0.9129648227281066
trillionlabs/Tri-0.5B-Base,9,0.375,last_token,ko,,,512,stable_rank,4.89824210514072
trillionlabs/Tri-0.5B-Base,9,0.375,last_token,ja,,,512,centroid_norm,0.9568318128585815
trillionlabs/Tri-0.5B-Base,9,0.375,last_token,ja,,,512,within_language_cosine,0.9153617963398972
trillionlabs/Tri-0.5B-Base,9,0.375,last_token,ja,,,512,stable_rank,12.573057356083902
trillionlabs/Tri-0.5B-Base,9,0.375,last_token,zh,,,512,centroid_norm,0.9579676985740662
trillionlabs/Tri-0.5B-Base,9,0.375,last_token,zh,,,512,within_language_cosine,0.9175410858572346
trillionlabs/Tri-0.5B-Base,9,0.375,last_token,zh,,,512,stable_rank,10.727719863426595
trillionlabs/Tri-0.5B-Base,9,0.375,last_token,,en,ko,512,matched_cosine,0.9386940598487854
trillionlabs/Tri-0.5B-Base,9,0.375,last_token,,en,ko,512,unmatched_cosine,0.9004760384559631
trillionlabs/Tri-0.5B-Base,9,0.375,last_token,,en,ko,512,cosine_margin,0.038218021392822266
trillionlabs/Tri-0.5B-Base,9,0.375,last_token,,en,ja,512,matched_cosine,0.9110327959060669
trillionlabs/Tri-0.5B-Base,9,0.375,last_token,,en,ja,512,unmatched_cosine,0.8756517767906189
trillionlabs/Tri-0.5B-Base,9,0.375,last_token,,en,ja,512,cosine_margin,0.035381019115448
trillionlabs/Tri-0.5B-Base,9,0.375,last_token,,en,zh,512,matched_cosine,0.9322007894515991
trillionlabs/Tri-0.5B-Base,9,0.375,last_token,,en,zh,512,unmatched_cosine,0.8889423608779907
trillionlabs/Tri-0.5B-Base,9,0.375,last_token,,en,zh,512,cosine_margin,0.0432584285736084
trillionlabs/Tri-0.5B-Base,9,0.375,last_token,,ko,en,512,matched_cosine,0.9386940598487854
trillionlabs/Tri-0.5B-Base,9,0.375,last_token,,ko,en,512,unmatched_cosine,0.9003424644470215
trillionlabs/Tri-0.5B-Base,9,0.375,last_token,,ko,en,512,cosine_margin,0.038351595401763916
trillionlabs/Tri-0.5B-Base,9,0.375,last_token,,ko,ja,512,matched_cosine,0.9230411052703857
trillionlabs/Tri-0.5B-Base,9,0.375,last_token,,ko,ja,512,unmatched_cosine,0.8894566297531128
trillionlabs/Tri-0.5B-Base,9,0.375,last_token,,ko,ja,512,cosine_margin,0.03358447551727295
trillionlabs/Tri-0.5B-Base,9,0.375,last_token,,ko,zh,512,matched_cosine,0.9212754964828491
trillionlabs/Tri-0.5B-Base,9,0.375,last_token,,ko,zh,512,unmatched_cosine,0.8904029130935669
trillionlabs/Tri-0.5B-Base,9,0.375,last_token,,ko,zh,512,cosine_margin,0.030872583389282227
trillionlabs/Tri-0.5B-Base,9,0.375,last_token,,ja,en,512,matched_cosine,0.9110327959060669
trillionlabs/Tri-0.5B-Base,9,0.375,last_token,,ja,en,512,unmatched_cosine,0.8756141066551208
trillionlabs/Tri-0.5B-Base,9,0.375,last_token,,ja,en,512,cosine_margin,0.035418689250946045
trillionlabs/Tri-0.5B-Base,9,0.375,last_token,,ja,ko,512,matched_cosine,0.9230411052703857
trillionlabs/Tri-0.5B-Base,9,0.375,last_token,,ja,ko,512,unmatched_cosine,0.8895736336708069
trillionlabs/Tri-0.5B-Base,9,0.375,last_token,,ja,ko,512,cosine_margin,0.03346747159957886
trillionlabs/Tri-0.5B-Base,9,0.375,last_token,,ja,zh,512,matched_cosine,0.9238260388374329
trillionlabs/Tri-0.5B-Base,9,0.375,last_token,,ja,zh,512,unmatched_cosine,0.8919986486434937
trillionlabs/Tri-0.5B-Base,9,0.375,last_token,,ja,zh,512,cosine_margin,0.03182739019393921
trillionlabs/Tri-0.5B-Base,9,0.375,last_token,,zh,en,512,matched_cosine,0.9322007894515991
trillionlabs/Tri-0.5B-Base,9,0.375,last_token,,zh,en,512,unmatched_cosine,0.8891489505767822
trillionlabs/Tri-0.5B-Base,9,0.375,last_token,,zh,en,512,cosine_margin,0.043051838874816895
trillionlabs/Tri-0.5B-Base,9,0.375,last_token,,zh,ko,512,matched_cosine,0.9212754964828491
trillionlabs/Tri-0.5B-Base,9,0.375,last_token,,zh,ko,512,unmatched_cosine,0.8907941579818726
trillionlabs/Tri-0.5B-Base,9,0.375,last_token,,zh,ko,512,cosine_margin,0.030481338500976562
trillionlabs/Tri-0.5B-Base,9,0.375,last_token,,zh,ja,512,matched_cosine,0.9238260388374329
trillionlabs/Tri-0.5B-Base,9,0.375,last_token,,zh,ja,512,unmatched_cosine,0.8920906186103821
trillionlabs/Tri-0.5B-Base,9,0.375,last_token,,zh,ja,512,cosine_margin,0.03173542022705078
trillionlabs/Tri-0.5B-Base,10,0.4166666666666667,last_token,en,,,512,centroid_norm,0.9462341070175171
trillionlabs/Tri-0.5B-Base,10,0.4166666666666667,last_token,en,,,512,within_language_cosine,0.8951542027542503
trillionlabs/Tri-0.5B-Base,10,0.4166666666666667,last_token,en,,,512,stable_rank,15.175479072691747
trillionlabs/Tri-0.5B-Base,10,0.4166666666666667,last_token,ko,,,512,centroid_norm,0.9509854316711426
trillionlabs/Tri-0.5B-Base,10,0.4166666666666667,last_token,ko,,,512,within_language_cosine,0.904186151732204
trillionlabs/Tri-0.5B-Base,10,0.4166666666666667,last_token,ko,,,512,stable_rank,5.718534397492769
trillionlabs/Tri-0.5B-Base,10,0.4166666666666667,last_token,ja,,,512,centroid_norm,0.9503085017204285
trillionlabs/Tri-0.5B-Base,10,0.4166666666666667,last_token,ja,,,512,within_language_cosine,0.902896589962237
trillionlabs/Tri-0.5B-Base,10,0.4166666666666667,last_token,ja,,,512,stable_rank,11.393759149718978
trillionlabs/Tri-0.5B-Base,10,0.4166666666666667,last_token,zh,,,512,centroid_norm,0.9521483778953552
trillionlabs/Tri-0.5B-Base,10,0.4166666666666667,last_token,zh,,,512,within_language_cosine,0.9064037225950954
trillionlabs/Tri-0.5B-Base,10,0.4166666666666667,last_token,zh,,,512,stable_rank,12.81077100214239
trillionlabs/Tri-0.5B-Base,10,0.4166666666666667,last_token,,en,ko,512,matched_cosine,0.9320971965789795
trillionlabs/Tri-0.5B-Base,10,0.4166666666666667,last_token,,en,ko,512,unmatched_cosine,0.8838880062103271
trillionlabs/Tri-0.5B-Base,10,0.4166666666666667,last_token,,en,ko,512,cosine_margin,0.048209190368652344
trillionlabs/Tri-0.5B-Base,10,0.4166666666666667,last_token,,en,ja,512,matched_cosine,0.9045073986053467
trillionlabs/Tri-0.5B-Base,10,0.4166666666666667,last_token,,en,ja,512,unmatched_cosine,0.8595467805862427
trillionlabs/Tri-0.5B-Base,10,0.4166666666666667,last_token,,en,ja,512,cosine_margin,0.044960618019104004
trillionlabs/Tri-0.5B-Base,10,0.4166666666666667,last_token,,en,zh,512,matched_cosine,0.9286051988601685
trillionlabs/Tri-0.5B-Base,10,0.4166666666666667,last_token,,en,zh,512,unmatched_cosine,0.8760966658592224
trillionlabs/Tri-0.5B-Base,10,0.4166666666666667,last_token,,en,zh,512,cosine_margin,0.052508533000946045
trillionlabs/Tri-0.5B-Base,10,0.4166666666666667,last_token,,ko,en,512,matched_cosine,0.9320971965789795
trillionlabs/Tri-0.5B-Base,10,0.4166666666666667,last_token,,ko,en,512,unmatched_cosine,0.8852267265319824
trillionlabs/Tri-0.5B-Base,10,0.4166666666666667,last_token,,ko,en,512,cosine_margin,0.04687047004699707
trillionlabs/Tri-0.5B-Base,10,0.4166666666666667,last_token,,ko,ja,512,matched_cosine,0.9207746982574463
trillionlabs/Tri-0.5B-Base,10,0.4166666666666667,last_token,,ko,ja,512,unmatched_cosine,0.8783245086669922
trillionlabs/Tri-0.5B-Base,10,0.4166666666666667,last_token,,ko,ja,512,cosine_margin,0.0424501895904541
trillionlabs/Tri-0.5B-Base,10,0.4166666666666667,last_token,,ko,zh,512,matched_cosine,0.9177128076553345
trillionlabs/Tri-0.5B-Base,10,0.4166666666666667,last_token,,ko,zh,512,unmatched_cosine,0.8806233406066895
trillionlabs/Tri-0.5B-Base,10,0.4166666666666667,last_token,,ko,zh,512,cosine_margin,0.03708946704864502
trillionlabs/Tri-0.5B-Base,10,0.4166666666666667,last_token,,ja,en,512,matched_cosine,0.9045073986053467
trillionlabs/Tri-0.5B-Base,10,0.4166666666666667,last_token,,ja,en,512,unmatched_cosine,0.8596523404121399
trillionlabs/Tri-0.5B-Base,10,0.4166666666666667,last_token,,ja,en,512,cosine_margin,0.04485505819320679
trillionlabs/Tri-0.5B-Base,10,0.4166666666666667,last_token,,ja,ko,512,matched_cosine,0.9207746982574463
trillionlabs/Tri-0.5B-Base,10,0.4166666666666667,last_token,,ja,ko,512,unmatched_cosine,0.8775503635406494
trillionlabs/Tri-0.5B-Base,10,0.4166666666666667,last_token,,ja,ko,512,cosine_margin,0.043224334716796875
trillionlabs/Tri-0.5B-Base,10,0.4166666666666667,last_token,,ja,zh,512,matched_cosine,0.9159127473831177
trillionlabs/Tri-0.5B-Base,10,0.4166666666666667,last_token,,ja,zh,512,unmatched_cosine,0.8772610425949097
trillionlabs/Tri-0.5B-Base,10,0.4166666666666667,last_token,,ja,zh,512,cosine_margin,0.03865170478820801
trillionlabs/Tri-0.5B-Base,10,0.4166666666666667,last_token,,zh,en,512,matched_cosine,0.9286051988601685
trillionlabs/Tri-0.5B-Base,10,0.4166666666666667,last_token,,zh,en,512,unmatched_cosine,0.8761259913444519
trillionlabs/Tri-0.5B-Base,10,0.4166666666666667,last_token,,zh,en,512,cosine_margin,0.05247920751571655
trillionlabs/Tri-0.5B-Base,10,0.4166666666666667,last_token,,zh,ko,512,matched_cosine,0.9177128076553345
trillionlabs/Tri-0.5B-Base,10,0.4166666666666667,last_token,,zh,ko,512,unmatched_cosine,0.8795517086982727
trillionlabs/Tri-0.5B-Base,10,0.4166666666666667,last_token,,zh,ko,512,cosine_margin,0.03816109895706177
trillionlabs/Tri-0.5B-Base,10,0.4166666666666667,last_token,,zh,ja,512,matched_cosine,0.9159127473831177
trillionlabs/Tri-0.5B-Base,10,0.4166666666666667,last_token,,zh,ja,512,unmatched_cosine,0.8771823644638062
trillionlabs/Tri-0.5B-Base,10,0.4166666666666667,last_token,,zh,ja,512,cosine_margin,0.03873038291931152
trillionlabs/Tri-0.5B-Base,11,0.4583333333333333,last_token,en,,,512,centroid_norm,0.9427024722099304
trillionlabs/Tri-0.5B-Base,11,0.4583333333333333,last_token,en,,,512,within_language_cosine,0.8884701364894203
trillionlabs/Tri-0.5B-Base,11,0.4583333333333333,last_token,en,,,512,stable_rank,15.432661711615395
trillionlabs/Tri-0.5B-Base,11,0.4583333333333333,last_token,ko,,,512,centroid_norm,0.9477288126945496
trillionlabs/Tri-0.5B-Base,11,0.4583333333333333,last_token,ko,,,512,within_language_cosine,0.8979906653238136
trillionlabs/Tri-0.5B-Base,11,0.4583333333333333,last_token,ko,,,512,stable_rank,6.0323695176451055
trillionlabs/Tri-0.5B-Base,11,0.4583333333333333,last_token,ja,,,512,centroid_norm,0.9462726712226868
trillionlabs/Tri-0.5B-Base,11,0.4583333333333333,last_token,ja,,,512,within_language_cosine,0.8952273613319471
trillionlabs/Tri-0.5B-Base,11,0.4583333333333333,last_token,ja,,,512,stable_rank,10.43939138055474
trillionlabs/Tri-0.5B-Base,11,0.4583333333333333,last_token,zh,,,512,centroid_norm,0.9499553442001343
trillionlabs/Tri-0.5B-Base,11,0.4583333333333333,last_token,zh,,,512,within_language_cosine,0.9022241879815924
trillionlabs/Tri-0.5B-Base,11,0.4583333333333333,last_token,zh,,,512,stable_rank,13.971826365266999
trillionlabs/Tri-0.5B-Base,11,0.4583333333333333,last_token,,en,ko,512,matched_cosine,0.9282759428024292
trillionlabs/Tri-0.5B-Base,11,0.4583333333333333,last_token,,en,ko,512,unmatched_cosine,0.8834590315818787
trillionlabs/Tri-0.5B-Base,11,0.4583333333333333,last_token,,en,ko,512,cosine_margin,0.04481691122055054
trillionlabs/Tri-0.5B-Base,11,0.4583333333333333,last_token,,en,ja,512,matched_cosine,0.9014395475387573
trillionlabs/Tri-0.5B-Base,11,0.4583333333333333,last_token,,en,ja,512,unmatched_cosine,0.8582366704940796
trillionlabs/Tri-0.5B-Base,11,0.4583333333333333,last_token,,en,ja,512,cosine_margin,0.043202877044677734
trillionlabs/Tri-0.5B-Base,11,0.4583333333333333,last_token,,en,zh,512,matched_cosine,0.9271092414855957
trillionlabs/Tri-0.5B-Base,11,0.4583333333333333,last_token,,en,zh,512,unmatched_cosine,0.8751333355903625
trillionlabs/Tri-0.5B-Base,11,0.4583333333333333,last_token,,en,zh,512,cosine_margin,0.051975905895233154
trillionlabs/Tri-0.5B-Base,11,0.4583333333333333,last_token,,ko,en,512,matched_cosine,0.9282759428024292
trillionlabs/Tri-0.5B-Base,11,0.4583333333333333,last_token,,ko,en,512,unmatched_cosine,0.8829687833786011
trillionlabs/Tri-0.5B-Base,11,0.4583333333333333,last_token,,ko,en,512,cosine_margin,0.045307159423828125
trillionlabs/Tri-0.5B-Base,11,0.4583333333333333,last_token,,ko,ja,512,matched_cosine,0.9185115098953247
trillionlabs/Tri-0.5B-Base,11,0.4583333333333333,last_token,,ko,ja,512,unmatched_cosine,0.8776570558547974
trillionlabs/Tri-0.5B-Base,11,0.4583333333333333,last_token,,ko,ja,512,cosine_margin,0.040854454040527344
trillionlabs/Tri-0.5B-Base,11,0.4583333333333333,last_token,,ko,zh,512,matched_cosine,0.9170955419540405
trillionlabs/Tri-0.5B-Base,11,0.4583333333333333,last_token,,ko,zh,512,unmatched_cosine,0.8798395395278931
trillionlabs/Tri-0.5B-Base,11,0.4583333333333333,last_token,,ko,zh,512,cosine_margin,0.03725600242614746
trillionlabs/Tri-0.5B-Base,11,0.4583333333333333,last_token,,ja,en,512,matched_cosine,0.9014395475387573
trillionlabs/Tri-0.5B-Base,11,0.4583333333333333,last_token,,ja,en,512,unmatched_cosine,0.8580971956253052
trillionlabs/Tri-0.5B-Base,11,0.4583333333333333,last_token,,ja,en,512,cosine_margin,0.04334235191345215
trillionlabs/Tri-0.5B-Base,11,0.4583333333333333,last_token,,ja,ko,512,matched_cosine,0.9185115098953247
trillionlabs/Tri-0.5B-Base,11,0.4583333333333333,last_token,,ja,ko,512,unmatched_cosine,0.877617359161377
trillionlabs/Tri-0.5B-Base,11,0.4583333333333333,last_token,,ja,ko,512,cosine_margin,0.040894150733947754
trillionlabs/Tri-0.5B-Base,11,0.4583333333333333,last_token,,ja,zh,512,matched_cosine,0.9148905277252197
trillionlabs/Tri-0.5B-Base,11,0.4583333333333333,last_token,,ja,zh,512,unmatched_cosine,0.8764897584915161
trillionlabs/Tri-0.5B-Base,11,0.4583333333333333,last_token,,ja,zh,512,cosine_margin,0.03840076923370361
trillionlabs/Tri-0.5B-Base,11,0.4583333333333333,last_token,,zh,en,512,matched_cosine,0.9271092414855957
trillionlabs/Tri-0.5B-Base,11,0.4583333333333333,last_token,,zh,en,512,unmatched_cosine,0.8756963610649109
trillionlabs/Tri-0.5B-Base,11,0.4583333333333333,last_token,,zh,en,512,cosine_margin,0.051412880420684814
trillionlabs/Tri-0.5B-Base,11,0.4583333333333333,last_token,,zh,ko,512,matched_cosine,0.9170955419540405
trillionlabs/Tri-0.5B-Base,11,0.4583333333333333,last_token,,zh,ko,512,unmatched_cosine,0.8804596066474915
trillionlabs/Tri-0.5B-Base,11,0.4583333333333333,last_token,,zh,ko,512,cosine_margin,0.03663593530654907
trillionlabs/Tri-0.5B-Base,11,0.4583333333333333,last_token,,zh,ja,512,matched_cosine,0.9148905277252197
trillionlabs/Tri-0.5B-Base,11,0.4583333333333333,last_token,,zh,ja,512,unmatched_cosine,0.8769958019256592
trillionlabs/Tri-0.5B-Base,11,0.4583333333333333,last_token,,zh,ja,512,cosine_margin,0.03789472579956055
trillionlabs/Tri-0.5B-Base,12,0.5,last_token,en,,,512,centroid_norm,0.935319721698761
trillionlabs/Tri-0.5B-Base,12,0.5,last_token,en,,,512,within_language_cosine,0.8745780093795866
trillionlabs/Tri-0.5B-Base,12,0.5,last_token,en,,,512,stable_rank,13.220184366435165
trillionlabs/Tri-0.5B-Base,12,0.5,last_token,ko,,,512,centroid_norm,0.9415163397789001
trillionlabs/Tri-0.5B-Base,12,0.5,last_token,ko,,,512,within_language_cosine,0.8862307673564396
trillionlabs/Tri-0.5B-Base,12,0.5,last_token,ko,,,512,stable_rank,7.028742708879256
trillionlabs/Tri-0.5B-Base,12,0.5,last_token,ja,,,512,centroid_norm,0.9410874843597412
trillionlabs/Tri-0.5B-Base,12,0.5,last_token,ja,,,512,within_language_cosine,0.8854218425116194
trillionlabs/Tri-0.5B-Base,12,0.5,last_token,ja,,,512,stable_rank,9.946221202797464
trillionlabs/Tri-0.5B-Base,12,0.5,last_token,zh,,,512,centroid_norm,0.9449818730354309
trillionlabs/Tri-0.5B-Base,12,0.5,last_token,zh,,,512,within_language_cosine,0.8927813565427777
trillionlabs/Tri-0.5B-Base,12,0.5,last_token,zh,,,512,stable_rank,14.904971601817367
trillionlabs/Tri-0.5B-Base,12,0.5,last_token,,en,ko,512,matched_cosine,0.9222207069396973
trillionlabs/Tri-0.5B-Base,12,0.5,last_token,,en,ko,512,unmatched_cosine,0.8625926971435547
trillionlabs/Tri-0.5B-Base,12,0.5,last_token,,en,ko,512,cosine_margin,0.05962800979614258
trillionlabs/Tri-0.5B-Base,12,0.5,last_token,,en,ja,512,matched_cosine,0.8993895053863525
trillionlabs/Tri-0.5B-Base,12,0.5,last_token,,en,ja,512,unmatched_cosine,0.8410534262657166
trillionlabs/Tri-0.5B-Base,12,0.5,last_token,,en,ja,512,cosine_margin,0.058336079120635986
trillionlabs/Tri-0.5B-Base,12,0.5,last_token,,en,zh,512,matched_cosine,0.9245872497558594
trillionlabs/Tri-0.5B-Base,12,0.5,last_token,,en,zh,512,unmatched_cosine,0.8581814765930176
trillionlabs/Tri-0.5B-Base,12,0.5,last_token,,en,zh,512,cosine_margin,0.0664057731628418
trillionlabs/Tri-0.5B-Base,12,0.5,last_token,,ko,en,512,matched_cosine,0.9222207069396973
trillionlabs/Tri-0.5B-Base,12,0.5,last_token,,ko,en,512,unmatched_cosine,0.863149881362915
trillionlabs/Tri-0.5B-Base,12,0.5,last_token,,ko,en,512,cosine_margin,0.05907082557678223
trillionlabs/Tri-0.5B-Base,12,0.5,last_token,,ko,ja,512,matched_cosine,0.9210134744644165
trillionlabs/Tri-0.5B-Base,12,0.5,last_token,,ko,ja,512,unmatched_cosine,0.8665825724601746
trillionlabs/Tri-0.5B-Base,12,0.5,last_token,,ko,ja,512,cosine_margin,0.05443090200424194
trillionlabs/Tri-0.5B-Base,12,0.5,last_token,,ko,zh,512,matched_cosine,0.9180272221565247
trillionlabs/Tri-0.5B-Base,12,0.5,last_token,,ko,zh,512,unmatched_cosine,0.8694128394126892
trillionlabs/Tri-0.5B-Base,12,0.5,last_token,,ko,zh,512,cosine_margin,0.04861438274383545
trillionlabs/Tri-0.5B-Base,12,0.5,last_token,,ja,en,512,matched_cosine,0.8993895053863525
trillionlabs/Tri-0.5B-Base,12,0.5,last_token,,ja,en,512,unmatched_cosine,0.8412550687789917
trillionlabs/Tri-0.5B-Base,12,0.5,last_token,,ja,en,512,cosine_margin,0.05813443660736084
trillionlabs/Tri-0.5B-Base,12,0.5,last_token,,ja,ko,512,matched_cosine,0.9210134744644165
trillionlabs/Tri-0.5B-Base,12,0.5,last_token,,ja,ko,512,unmatched_cosine,0.8669086694717407
trillionlabs/Tri-0.5B-Base,12,0.5,last_token,,ja,ko,512,cosine_margin,0.05410480499267578
trillionlabs/Tri-0.5B-Base,12,0.5,last_token,,ja,zh,512,matched_cosine,0.9170054793357849
trillionlabs/Tri-0.5B-Base,12,0.5,last_token,,ja,zh,512,unmatched_cosine,0.8663897514343262
trillionlabs/Tri-0.5B-Base,12,0.5,last_token,,ja,zh,512,cosine_margin,0.05061572790145874
trillionlabs/Tri-0.5B-Base,12,0.5,last_token,,zh,en,512,matched_cosine,0.9245872497558594
trillionlabs/Tri-0.5B-Base,12,0.5,last_token,,zh,en,512,unmatched_cosine,0.857893705368042
trillionlabs/Tri-0.5B-Base,12,0.5,last_token,,zh,en,512,cosine_margin,0.06669354438781738
trillionlabs/Tri-0.5B-Base,12,0.5,last_token,,zh,ko,512,matched_cosine,0.9180272221565247
trillionlabs/Tri-0.5B-Base,12,0.5,last_token,,zh,ko,512,unmatched_cosine,0.8689231872558594
trillionlabs/Tri-0.5B-Base,12,0.5,last_token,,zh,ko,512,cosine_margin,0.04910403490066528
trillionlabs/Tri-0.5B-Base,12,0.5,last_token,,zh,ja,512,matched_cosine,0.9170054793357849
trillionlabs/Tri-0.5B-Base,12,0.5,last_token,,zh,ja,512,unmatched_cosine,0.8660290837287903
trillionlabs/Tri-0.5B-Base,12,0.5,last_token,,zh,ja,512,cosine_margin,0.05097639560699463
trillionlabs/Tri-0.5B-Base,13,0.5416666666666666,last_token,en,,,512,centroid_norm,0.9268639087677002
trillionlabs/Tri-0.5B-Base,13,0.5416666666666666,last_token,en,,,512,within_language_cosine,0.8588009589805529
trillionlabs/Tri-0.5B-Base,13,0.5416666666666666,last_token,en,,,512,stable_rank,12.442418704425405
trillionlabs/Tri-0.5B-Base,13,0.5416666666666666,last_token,ko,,,512,centroid_norm,0.9350060820579529
trillionlabs/Tri-0.5B-Base,13,0.5416666666666666,last_token,ko,,,512,within_language_cosine,0.8739902324639188
trillionlabs/Tri-0.5B-Base,13,0.5416666666666666,last_token,ko,,,512,stable_rank,7.371082393384688
trillionlabs/Tri-0.5B-Base,13,0.5416666666666666,last_token,ja,,,512,centroid_norm,0.9348150491714478
trillionlabs/Tri-0.5B-Base,13,0.5416666666666666,last_token,ja,,,512,within_language_cosine,0.873632382506727
trillionlabs/Tri-0.5B-Base,13,0.5416666666666666,last_token,ja,,,512,stable_rank,9.96823691944214
trillionlabs/Tri-0.5B-Base,13,0.5416666666666666,last_token,zh,,,512,centroid_norm,0.9380708932876587
trillionlabs/Tri-0.5B-Base,13,0.5416666666666666,last_token,zh,,,512,within_language_cosine,0.8797421091456703
trillionlabs/Tri-0.5B-Base,13,0.5416666666666666,last_token,zh,,,512,stable_rank,14.062738320537447
trillionlabs/Tri-0.5B-Base,13,0.5416666666666666,last_token,,en,ko,512,matched_cosine,0.9167653918266296
trillionlabs/Tri-0.5B-Base,13,0.5416666666666666,last_token,,en,ko,512,unmatched_cosine,0.8479733467102051
trillionlabs/Tri-0.5B-Base,13,0.5416666666666666,last_token,,en,ko,512,cosine_margin,0.06879204511642456
trillionlabs/Tri-0.5B-Base,13,0.5416666666666666,last_token,,en,ja,512,matched_cosine,0.8953335285186768
trillionlabs/Tri-0.5B-Base,13,0.5416666666666666,last_token,,en,ja,512,unmatched_cosine,0.827553927898407
trillionlabs/Tri-0.5B-Base,13,0.5416666666666666,last_token,,en,ja,512,cosine_margin,0.06777960062026978
trillionlabs/Tri-0.5B-Base,13,0.5416666666666666,last_token,,en,zh,512,matched_cosine,0.9187297821044922
trillionlabs/Tri-0.5B-Base,13,0.5416666666666666,last_token,,en,zh,512,unmatched_cosine,0.8421900272369385
trillionlabs/Tri-0.5B-Base,13,0.5416666666666666,last_token,,en,zh,512,cosine_margin,0.07653975486755371
trillionlabs/Tri-0.5B-Base,13,0.5416666666666666,last_token,,ko,en,512,matched_cosine,0.9167653918266296
trillionlabs/Tri-0.5B-Base,13,0.5416666666666666,last_token,,ko,en,512,unmatched_cosine,0.8468967080116272
trillionlabs/Tri-0.5B-Base,13,0.5416666666666666,last_token,,ko,en,512,cosine_margin,0.06986868381500244
trillionlabs/Tri-0.5B-Base,13,0.5416666666666666,last_token,,ko,ja,512,matched_cosine,0.9185625314712524
trillionlabs/Tri-0.5B-Base,13,0.5416666666666666,last_token,,ko,ja,512,unmatched_cosine,0.8550493717193604
trillionlabs/Tri-0.5B-Base,13,0.5416666666666666,last_token,,ko,ja,512,cosine_margin,0.06351315975189209
trillionlabs/Tri-0.5B-Base,13,0.5416666666666666,last_token,,ko,zh,512,matched_cosine,0.9136004447937012
trillionlabs/Tri-0.5B-Base,13,0.5416666666666666,last_token,,ko,zh,512,unmatched_cosine,0.8561103940010071
trillionlabs/Tri-0.5B-Base,13,0.5416666666666666,last_token,,ko,zh,512,cosine_margin,0.05749005079269409
trillionlabs/Tri-0.5B-Base,13,0.5416666666666666,last_token,,ja,en,512,matched_cosine,0.8953335285186768
trillionlabs/Tri-0.5B-Base,13,0.5416666666666666,last_token,,ja,en,512,unmatched_cosine,0.8270643353462219
trillionlabs/Tri-0.5B-Base,13,0.5416666666666666,last_token,,ja,en,512,cosine_margin,0.06826919317245483
trillionlabs/Tri-0.5B-Base,13,0.5416666666666666,last_token,,ja,ko,512,matched_cosine,0.9185625314712524
trillionlabs/Tri-0.5B-Base,13,0.5416666666666666,last_token,,ja,ko,512,unmatched_cosine,0.8557184934616089
trillionlabs/Tri-0.5B-Base,13,0.5416666666666666,last_token,,ja,ko,512,cosine_margin,0.06284403800964355
trillionlabs/Tri-0.5B-Base,13,0.5416666666666666,last_token,,ja,zh,512,matched_cosine,0.9133645296096802
trillionlabs/Tri-0.5B-Base,13,0.5416666666666666,last_token,,ja,zh,512,unmatched_cosine,0.8539984226226807
trillionlabs/Tri-0.5B-Base,13,0.5416666666666666,last_token,,ja,zh,512,cosine_margin,0.05936610698699951
trillionlabs/Tri-0.5B-Base,13,0.5416666666666666,last_token,,zh,en,512,matched_cosine,0.9187297821044922
trillionlabs/Tri-0.5B-Base,13,0.5416666666666666,last_token,,zh,en,512,unmatched_cosine,0.8422931432723999
trillionlabs/Tri-0.5B-Base,13,0.5416666666666666,last_token,,zh,en,512,cosine_margin,0.07643663883209229
trillionlabs/Tri-0.5B-Base,13,0.5416666666666666,last_token,,zh,ko,512,matched_cosine,0.9136004447937012
trillionlabs/Tri-0.5B-Base,13,0.5416666666666666,last_token,,zh,ko,512,unmatched_cosine,0.8567941188812256
trillionlabs/Tri-0.5B-Base,13,0.5416666666666666,last_token,,zh,ko,512,cosine_margin,0.056806325912475586
trillionlabs/Tri-0.5B-Base,13,0.5416666666666666,last_token,,zh,ja,512,matched_cosine,0.9133645296096802
trillionlabs/Tri-0.5B-Base,13,0.5416666666666666,last_token,,zh,ja,512,unmatched_cosine,0.8542125821113586
trillionlabs/Tri-0.5B-Base,13,0.5416666666666666,last_token,,zh,ja,512,cosine_margin,0.05915194749832153
trillionlabs/Tri-0.5B-Base,14,0.5833333333333334,last_token,en,,,512,centroid_norm,0.9273436069488525
trillionlabs/Tri-0.5B-Base,14,0.5833333333333334,last_token,en,,,512,within_language_cosine,0.8596921200388332
trillionlabs/Tri-0.5B-Base,14,0.5833333333333334,last_token,en,,,512,stable_rank,11.90797921912825
trillionlabs/Tri-0.5B-Base,14,0.5833333333333334,last_token,ko,,,512,centroid_norm,0.9358102679252625
trillionlabs/Tri-0.5B-Base,14,0.5833333333333334,last_token,ko,,,512,within_language_cosine,0.8754977172134907
trillionlabs/Tri-0.5B-Base,14,0.5833333333333334,last_token,ko,,,512,stable_rank,7.249541791975079
trillionlabs/Tri-0.5B-Base,14,0.5833333333333334,last_token,ja,,,512,centroid_norm,0.9353720545768738
trillionlabs/Tri-0.5B-Base,14,0.5833333333333334,last_token,ja,,,512,within_language_cosine,0.8746760717343445
trillionlabs/Tri-0.5B-Base,14,0.5833333333333334,last_token,ja,,,512,stable_rank,9.246925314884134
trillionlabs/Tri-0.5B-Base,14,0.5833333333333334,last_token,zh,,,512,centroid_norm,0.9405962228775024
trillionlabs/Tri-0.5B-Base,14,0.5833333333333334,last_token,zh,,,512,within_language_cosine,0.8844956847786204
trillionlabs/Tri-0.5B-Base,14,0.5833333333333334,last_token,zh,,,512,stable_rank,13.619594948561925
trillionlabs/Tri-0.5B-Base,14,0.5833333333333334,last_token,,en,ko,512,matched_cosine,0.9183030128479004
trillionlabs/Tri-0.5B-Base,14,0.5833333333333334,last_token,,en,ko,512,unmatched_cosine,0.8489102125167847
trillionlabs/Tri-0.5B-Base,14,0.5833333333333334,last_token,,en,ko,512,cosine_margin,0.06939280033111572
trillionlabs/Tri-0.5B-Base,14,0.5833333333333334,last_token,,en,ja,512,matched_cosine,0.8943760395050049
trillionlabs/Tri-0.5B-Base,14,0.5833333333333334,last_token,,en,ja,512,unmatched_cosine,0.8267862200737
trillionlabs/Tri-0.5B-Base,14,0.5833333333333334,last_token,,en,ja,512,cosine_margin,0.06758981943130493
trillionlabs/Tri-0.5B-Base,14,0.5833333333333334,last_token,,en,zh,512,matched_cosine,0.9183114767074585
trillionlabs/Tri-0.5B-Base,14,0.5833333333333334,last_token,,en,zh,512,unmatched_cosine,0.8432979583740234
trillionlabs/Tri-0.5B-Base,14,0.5833333333333334,last_token,,en,zh,512,cosine_margin,0.07501351833343506
trillionlabs/Tri-0.5B-Base,14,0.5833333333333334,last_token,,ko,en,512,matched_cosine,0.9183030128479004
trillionlabs/Tri-0.5B-Base,14,0.5833333333333334,last_token,,ko,en,512,unmatched_cosine,0.8487054109573364
trillionlabs/Tri-0.5B-Base,14,0.5833333333333334,last_token,,ko,en,512,cosine_margin,0.06959760189056396
trillionlabs/Tri-0.5B-Base,14,0.5833333333333334,last_token,,ko,ja,512,matched_cosine,0.9177302718162537
trillionlabs/Tri-0.5B-Base,14,0.5833333333333334,last_token,,ko,ja,512,unmatched_cosine,0.8553224802017212
trillionlabs/Tri-0.5B-Base,14,0.5833333333333334,last_token,,ko,ja,512,cosine_margin,0.06240779161453247
trillionlabs/Tri-0.5B-Base,14,0.5833333333333334,last_token,,ko,zh,512,matched_cosine,0.9135913848876953
trillionlabs/Tri-0.5B-Base,14,0.5833333333333334,last_token,,ko,zh,512,unmatched_cosine,0.8575252294540405
trillionlabs/Tri-0.5B-Base,14,0.5833333333333334,last_token,,ko,zh,512,cosine_margin,0.056066155433654785
trillionlabs/Tri-0.5B-Base,14,0.5833333333333334,last_token,,ja,en,512,matched_cosine,0.8943760395050049
trillionlabs/Tri-0.5B-Base,14,0.5833333333333334,last_token,,ja,en,512,unmatched_cosine,0.826441764831543
trillionlabs/Tri-0.5B-Base,14,0.5833333333333334,last_token,,ja,en,512,cosine_margin,0.06793427467346191
trillionlabs/Tri-0.5B-Base,14,0.5833333333333334,last_token,,ja,ko,512,matched_cosine,0.9177302718162537
trillionlabs/Tri-0.5B-Base,14,0.5833333333333334,last_token,,ja,ko,512,unmatched_cosine,0.8552144765853882
trillionlabs/Tri-0.5B-Base,14,0.5833333333333334,last_token,,ja,ko,512,cosine_margin,0.06251579523086548
trillionlabs/Tri-0.5B-Base,14,0.5833333333333334,last_token,,ja,zh,512,matched_cosine,0.9108721017837524
trillionlabs/Tri-0.5B-Base,14,0.5833333333333334,last_token,,ja,zh,512,unmatched_cosine,0.8533256649971008
trillionlabs/Tri-0.5B-Base,14,0.5833333333333334,last_token,,ja,zh,512,cosine_margin,0.05754643678665161
trillionlabs/Tri-0.5B-Base,14,0.5833333333333334,last_token,,zh,en,512,matched_cosine,0.9183114767074585
trillionlabs/Tri-0.5B-Base,14,0.5833333333333334,last_token,,zh,en,512,unmatched_cosine,0.8431738615036011
trillionlabs/Tri-0.5B-Base,14,0.5833333333333334,last_token,,zh,en,512,cosine_margin,0.07513761520385742
trillionlabs/Tri-0.5B-Base,14,0.5833333333333334,last_token,,zh,ko,512,matched_cosine,0.9135913848876953
trillionlabs/Tri-0.5B-Base,14,0.5833333333333334,last_token,,zh,ko,512,unmatched_cosine,0.8578513860702515
trillionlabs/Tri-0.5B-Base,14,0.5833333333333334,last_token,,zh,ko,512,cosine_margin,0.05573999881744385
trillionlabs/Tri-0.5B-Base,14,0.5833333333333334,last_token,,zh,ja,512,matched_cosine,0.9108721017837524
trillionlabs/Tri-0.5B-Base,14,0.5833333333333334,last_token,,zh,ja,512,unmatched_cosine,0.853211522102356
trillionlabs/Tri-0.5B-Base,14,0.5833333333333334,last_token,,zh,ja,512,cosine_margin,0.057660579681396484
trillionlabs/Tri-0.5B-Base,15,0.625,last_token,en,,,512,centroid_norm,0.9246912598609924
trillionlabs/Tri-0.5B-Base,15,0.625,last_token,en,,,512,within_language_cosine,0.8547702498165362
trillionlabs/Tri-0.5B-Base,15,0.625,last_token,en,,,512,stable_rank,11.467881318913475
trillionlabs/Tri-0.5B-Base,15,0.625,last_token,ko,,,512,centroid_norm,0.9330265522003174
trillionlabs/Tri-0.5B-Base,15,0.625,last_token,ko,,,512,within_language_cosine,0.8702852432041952
trillionlabs/Tri-0.5B-Base,15,0.625,last_token,ko,,,512,stable_rank,7.4337250531909085
trillionlabs/Tri-0.5B-Base,15,0.625,last_token,ja,,,512,centroid_norm,0.9313570857048035
trillionlabs/Tri-0.5B-Base,15,0.625,last_token,ja,,,512,within_language_cosine,0.8671665975492294
trillionlabs/Tri-0.5B-Base,15,0.625,last_token,ja,,,512,stable_rank,8.69106926568552
trillionlabs/Tri-0.5B-Base,15,0.625,last_token,zh,,,512,centroid_norm,0.9385241270065308
trillionlabs/Tri-0.5B-Base,15,0.625,last_token,zh,,,512,within_language_cosine,0.8805943319242294
trillionlabs/Tri-0.5B-Base,15,0.625,last_token,zh,,,512,stable_rank,13.319980774316202
trillionlabs/Tri-0.5B-Base,15,0.625,last_token,,en,ko,512,matched_cosine,0.9095839262008667
trillionlabs/Tri-0.5B-Base,15,0.625,last_token,,en,ko,512,unmatched_cosine,0.8371819853782654
trillionlabs/Tri-0.5B-Base,15,0.625,last_token,,en,ko,512,cosine_margin,0.07240194082260132
trillionlabs/Tri-0.5B-Base,15,0.625,last_token,,en,ja,512,matched_cosine,0.8763220310211182
trillionlabs/Tri-0.5B-Base,15,0.625,last_token,,en,ja,512,unmatched_cosine,0.8052940368652344
trillionlabs/Tri-0.5B-Base,15,0.625,last_token,,en,ja,512,cosine_margin,0.07102799415588379
trillionlabs/Tri-0.5B-Base,15,0.625,last_token,,en,zh,512,matched_cosine,0.913307785987854
trillionlabs/Tri-0.5B-Base,15,0.625,last_token,,en,zh,512,unmatched_cosine,0.8344656229019165
trillionlabs/Tri-0.5B-Base,15,0.625,last_token,,en,zh,512,cosine_margin,0.0788421630859375
trillionlabs/Tri-0.5B-Base,15,0.625,last_token,,ko,en,512,matched_cosine,0.9095839262008667
trillionlabs/Tri-0.5B-Base,15,0.625,last_token,,ko,en,512,unmatched_cosine,0.8382665514945984
trillionlabs/Tri-0.5B-Base,15,0.625,last_token,,ko,en,512,cosine_margin,0.07131737470626831
trillionlabs/Tri-0.5B-Base,15,0.625,last_token,,ko,ja,512,matched_cosine,0.9119372963905334
trillionlabs/Tri-0.5B-Base,15,0.625,last_token,,ko,ja,512,unmatched_cosine,0.8467644453048706
trillionlabs/Tri-0.5B-Base,15,0.625,last_token,,ko,ja,512,cosine_margin,0.06517285108566284
trillionlabs/Tri-0.5B-Base,15,0.625,last_token,,ko,zh,512,matched_cosine,0.9073512554168701
trillionlabs/Tri-0.5B-Base,15,0.625,last_token,,ko,zh,512,unmatched_cosine,0.8486276865005493
trillionlabs/Tri-0.5B-Base,15,0.625,last_token,,ko,zh,512,cosine_margin,0.0587235689163208
trillionlabs/Tri-0.5B-Base,15,0.625,last_token,,ja,en,512,matched_cosine,0.8763220310211182
trillionlabs/Tri-0.5B-Base,15,0.625,last_token,,ja,en,512,unmatched_cosine,0.805030345916748
trillionlabs/Tri-0.5B-Base,15,0.625,last_token,,ja,en,512,cosine_margin,0.07129168510437012
trillionlabs/Tri-0.5B-Base,15,0.625,last_token,,ja,ko,512,matched_cosine,0.9119372963905334
trillionlabs/Tri-0.5B-Base,15,0.625,last_token,,ja,ko,512,unmatched_cosine,0.846047043800354
trillionlabs/Tri-0.5B-Base,15,0.625,last_token,,ja,ko,512,cosine_margin,0.06589025259017944
trillionlabs/Tri-0.5B-Base,15,0.625,last_token,,ja,zh,512,matched_cosine,0.898271918296814
trillionlabs/Tri-0.5B-Base,15,0.625,last_token,,ja,zh,512,unmatched_cosine,0.8365065455436707
trillionlabs/Tri-0.5B-Base,15,0.625,last_token,,ja,zh,512,cosine_margin,0.06176537275314331
trillionlabs/Tri-0.5B-Base,15,0.625,last_token,,zh,en,512,matched_cosine,0.913307785987854
trillionlabs/Tri-0.5B-Base,15,0.625,last_token,,zh,en,512,unmatched_cosine,0.8352930545806885
trillionlabs/Tri-0.5B-Base,15,0.625,last_token,,zh,en,512,cosine_margin,0.07801473140716553
trillionlabs/Tri-0.5B-Base,15,0.625,last_token,,zh,ko,512,matched_cosine,0.9073512554168701
trillionlabs/Tri-0.5B-Base,15,0.625,last_token,,zh,ko,512,unmatched_cosine,0.8481365442276001
trillionlabs/Tri-0.5B-Base,15,0.625,last_token,,zh,ko,512,cosine_margin,0.05921471118927002
trillionlabs/Tri-0.5B-Base,15,0.625,last_token,,zh,ja,512,matched_cosine,0.898271918296814
trillionlabs/Tri-0.5B-Base,15,0.625,last_token,,zh,ja,512,unmatched_cosine,0.8366317749023438
trillionlabs/Tri-0.5B-Base,15,0.625,last_token,,zh,ja,512,cosine_margin,0.061640143394470215
trillionlabs/Tri-0.5B-Base,16,0.6666666666666666,last_token,en,,,512,centroid_norm,0.9137551188468933
trillionlabs/Tri-0.5B-Base,16,0.6666666666666666,last_token,en,,,512,within_language_cosine,0.8346254233044887
trillionlabs/Tri-0.5B-Base,16,0.6666666666666666,last_token,en,,,512,stable_rank,10.55457581985732
trillionlabs/Tri-0.5B-Base,16,0.6666666666666666,last_token,ko,,,512,centroid_norm,0.9284982085227966
trillionlabs/Tri-0.5B-Base,16,0.6666666666666666,last_token,ko,,,512,within_language_cosine,0.8618390406181201
trillionlabs/Tri-0.5B-Base,16,0.6666666666666666,last_token,ko,,,512,stable_rank,8.244358055609641
trillionlabs/Tri-0.5B-Base,16,0.6666666666666666,last_token,ja,,,512,centroid_norm,0.924480140209198
trillionlabs/Tri-0.5B-Base,16,0.6666666666666666,last_token,ja,,,512,within_language_cosine,0.8543791351019753
trillionlabs/Tri-0.5B-Base,16,0.6666666666666666,last_token,ja,,,512,stable_rank,7.787302750200046
trillionlabs/Tri-0.5B-Base,16,0.6666666666666666,last_token,zh,,,512,centroid_norm,0.9302785396575928
trillionlabs/Tri-0.5B-Base,16,0.6666666666666666,last_token,zh,,,512,within_language_cosine,0.8651548262444961
trillionlabs/Tri-0.5B-Base,16,0.6666666666666666,last_token,zh,,,512,stable_rank,12.210770267350119
trillionlabs/Tri-0.5B-Base,16,0.6666666666666666,last_token,,en,ko,512,matched_cosine,0.8889048099517822
trillionlabs/Tri-0.5B-Base,16,0.6666666666666666,last_token,,en,ko,512,unmatched_cosine,0.8025407195091248
trillionlabs/Tri-0.5B-Base,16,0.6666666666666666,last_token,,en,ko,512,cosine_margin,0.08636409044265747
trillionlabs/Tri-0.5B-Base,16,0.6666666666666666,last_token,,en,ja,512,matched_cosine,0.8563624620437622
trillionlabs/Tri-0.5B-Base,16,0.6666666666666666,last_token,,en,ja,512,unmatched_cosine,0.7706929445266724
trillionlabs/Tri-0.5B-Base,16,0.6666666666666666,last_token,,en,ja,512,cosine_margin,0.08566951751708984
trillionlabs/Tri-0.5B-Base,16,0.6666666666666666,last_token,,en,zh,512,matched_cosine,0.8927964568138123
trillionlabs/Tri-0.5B-Base,16,0.6666666666666666,last_token,,en,zh,512,unmatched_cosine,0.797873854637146
trillionlabs/Tri-0.5B-Base,16,0.6666666666666666,last_token,,en,zh,512,cosine_margin,0.09492260217666626
trillionlabs/Tri-0.5B-Base,16,0.6666666666666666,last_token,,ko,en,512,matched_cosine,0.8889048099517822
trillionlabs/Tri-0.5B-Base,16,0.6666666666666666,last_token,,ko,en,512,unmatched_cosine,0.8018953204154968
trillionlabs/Tri-0.5B-Base,16,0.6666666666666666,last_token,,ko,en,512,cosine_margin,0.0870094895362854
trillionlabs/Tri-0.5B-Base,16,0.6666666666666666,last_token,,ko,ja,512,matched_cosine,0.9096121788024902
trillionlabs/Tri-0.5B-Base,16,0.6666666666666666,last_token,,ko,ja,512,unmatched_cosine,0.8321326971054077
trillionlabs/Tri-0.5B-Base,16,0.6666666666666666,last_token,,ko,ja,512,cosine_margin,0.07747948169708252
trillionlabs/Tri-0.5B-Base,16,0.6666666666666666,last_token,,ko,zh,512,matched_cosine,0.8984689712524414
trillionlabs/Tri-0.5B-Base,16,0.6666666666666666,last_token,,ko,zh,512,unmatched_cosine,0.8277031183242798
trillionlabs/Tri-0.5B-Base,16,0.6666666666666666,last_token,,ko,zh,512,cosine_margin,0.07076585292816162
trillionlabs/Tri-0.5B-Base,16,0.6666666666666666,last_token,,ja,en,512,matched_cosine,0.8563624620437622
trillionlabs/Tri-0.5B-Base,16,0.6666666666666666,last_token,,ja,en,512,unmatched_cosine,0.7704585790634155
trillionlabs/Tri-0.5B-Base,16,0.6666666666666666,last_token,,ja,en,512,cosine_margin,0.08590388298034668
trillionlabs/Tri-0.5B-Base,16,0.6666666666666666,last_token,,ja,ko,512,matched_cosine,0.9096121788024902
trillionlabs/Tri-0.5B-Base,16,0.6666666666666666,last_token,,ja,ko,512,unmatched_cosine,0.832338273525238
trillionlabs/Tri-0.5B-Base,16,0.6666666666666666,last_token,,ja,ko,512,cosine_margin,0.0772739052772522
trillionlabs/Tri-0.5B-Base,16,0.6666666666666666,last_token,,ja,zh,512,matched_cosine,0.8879820108413696
trillionlabs/Tri-0.5B-Base,16,0.6666666666666666,last_token,,ja,zh,512,unmatched_cosine,0.8147871494293213
trillionlabs/Tri-0.5B-Base,16,0.6666666666666666,last_token,,ja,zh,512,cosine_margin,0.07319486141204834
trillionlabs/Tri-0.5B-Base,16,0.6666666666666666,last_token,,zh,en,512,matched_cosine,0.8927964568138123
trillionlabs/Tri-0.5B-Base,16,0.6666666666666666,last_token,,zh,en,512,unmatched_cosine,0.7974412441253662
trillionlabs/Tri-0.5B-Base,16,0.6666666666666666,last_token,,zh,en,512,cosine_margin,0.09535521268844604
trillionlabs/Tri-0.5B-Base,16,0.6666666666666666,last_token,,zh,ko,512,matched_cosine,0.8984689712524414
trillionlabs/Tri-0.5B-Base,16,0.6666666666666666,last_token,,zh,ko,512,unmatched_cosine,0.8278963565826416
trillionlabs/Tri-0.5B-Base,16,0.6666666666666666,last_token,,zh,ko,512,cosine_margin,0.0705726146697998
trillionlabs/Tri-0.5B-Base,16,0.6666666666666666,last_token,,zh,ja,512,matched_cosine,0.8879820108413696
trillionlabs/Tri-0.5B-Base,16,0.6666666666666666,last_token,,zh,ja,512,unmatched_cosine,0.8147348165512085
trillionlabs/Tri-0.5B-Base,16,0.6666666666666666,last_token,,zh,ja,512,cosine_margin,0.07324719429016113
trillionlabs/Tri-0.5B-Base,17,0.7083333333333334,last_token,en,,,512,centroid_norm,0.9035096764564514
trillionlabs/Tri-0.5B-Base,17,0.7083333333333334,last_token,en,,,512,within_language_cosine,0.8159702845982143
trillionlabs/Tri-0.5B-Base,17,0.7083333333333334,last_token,en,,,512,stable_rank,9.427864710960325
trillionlabs/Tri-0.5B-Base,17,0.7083333333333334,last_token,ko,,,512,centroid_norm,0.9218451976776123
trillionlabs/Tri-0.5B-Base,17,0.7083333333333334,last_token,ko,,,512,within_language_cosine,0.8495046238609956
trillionlabs/Tri-0.5B-Base,17,0.7083333333333334,last_token,ko,,,512,stable_rank,8.991832019700702
trillionlabs/Tri-0.5B-Base,17,0.7083333333333334,last_token,ja,,,512,centroid_norm,0.9199675917625427
trillionlabs/Tri-0.5B-Base,17,0.7083333333333334,last_token,ja,,,512,within_language_cosine,0.8460397141786937
trillionlabs/Tri-0.5B-Base,17,0.7083333333333334,last_token,ja,,,512,stable_rank,6.244949314495136
trillionlabs/Tri-0.5B-Base,17,0.7083333333333334,last_token,zh,,,512,centroid_norm,0.9282863140106201
trillionlabs/Tri-0.5B-Base,17,0.7083333333333334,last_token,zh,,,512,within_language_cosine,0.8614448203965875
trillionlabs/Tri-0.5B-Base,17,0.7083333333333334,last_token,zh,,,512,stable_rank,10.349253057835975
trillionlabs/Tri-0.5B-Base,17,0.7083333333333334,last_token,,en,ko,512,matched_cosine,0.8665281534194946
trillionlabs/Tri-0.5B-Base,17,0.7083333333333334,last_token,,en,ko,512,unmatched_cosine,0.7777365446090698
trillionlabs/Tri-0.5B-Base,17,0.7083333333333334,last_token,,en,ko,512,cosine_margin,0.0887916088104248
trillionlabs/Tri-0.5B-Base,17,0.7083333333333334,last_token,,en,ja,512,matched_cosine,0.8043855428695679
trillionlabs/Tri-0.5B-Base,17,0.7083333333333334,last_token,,en,ja,512,unmatched_cosine,0.7220259308815002
trillionlabs/Tri-0.5B-Base,17,0.7083333333333334,last_token,,en,ja,512,cosine_margin,0.08235961198806763
trillionlabs/Tri-0.5B-Base,17,0.7083333333333334,last_token,,en,zh,512,matched_cosine,0.8526846170425415
trillionlabs/Tri-0.5B-Base,17,0.7083333333333334,last_token,,en,zh,512,unmatched_cosine,0.7576732635498047
trillionlabs/Tri-0.5B-Base,17,0.7083333333333334,last_token,,en,zh,512,cosine_margin,0.09501135349273682
trillionlabs/Tri-0.5B-Base,17,0.7083333333333334,last_token,,ko,en,512,matched_cosine,0.8665281534194946
trillionlabs/Tri-0.5B-Base,17,0.7083333333333334,last_token,,ko,en,512,unmatched_cosine,0.7777011394500732
trillionlabs/Tri-0.5B-Base,17,0.7083333333333334,last_token,,ko,en,512,cosine_margin,0.08882701396942139
trillionlabs/Tri-0.5B-Base,17,0.7083333333333334,last_token,,ko,ja,512,matched_cosine,0.873116672039032
trillionlabs/Tri-0.5B-Base,17,0.7083333333333334,last_token,,ko,ja,512,unmatched_cosine,0.7976811528205872
trillionlabs/Tri-0.5B-Base,17,0.7083333333333334,last_token,,ko,ja,512,cosine_margin,0.07543551921844482
trillionlabs/Tri-0.5B-Base,17,0.7083333333333334,last_token,,ko,zh,512,matched_cosine,0.8747113943099976
trillionlabs/Tri-0.5B-Base,17,0.7083333333333334,last_token,,ko,zh,512,unmatched_cosine,0.802751898765564
trillionlabs/Tri-0.5B-Base,17,0.7083333333333334,last_token,,ko,zh,512,cosine_margin,0.0719594955444336
trillionlabs/Tri-0.5B-Base,17,0.7083333333333334,last_token,,ja,en,512,matched_cosine,0.8043855428695679
trillionlabs/Tri-0.5B-Base,17,0.7083333333333334,last_token,,ja,en,512,unmatched_cosine,0.7214450836181641
trillionlabs/Tri-0.5B-Base,17,0.7083333333333334,last_token,,ja,en,512,cosine_margin,0.08294045925140381
trillionlabs/Tri-0.5B-Base,17,0.7083333333333334,last_token,,ja,ko,512,matched_cosine,0.873116672039032
trillionlabs/Tri-0.5B-Base,17,0.7083333333333334,last_token,,ja,ko,512,unmatched_cosine,0.7973570823669434
trillionlabs/Tri-0.5B-Base,17,0.7083333333333334,last_token,,ja,ko,512,cosine_margin,0.07575958967208862
trillionlabs/Tri-0.5B-Base,17,0.7083333333333334,last_token,,ja,zh,512,matched_cosine,0.8760301470756531
trillionlabs/Tri-0.5B-Base,17,0.7083333333333334,last_token,,ja,zh,512,unmatched_cosine,0.8049291372299194
trillionlabs/Tri-0.5B-Base,17,0.7083333333333334,last_token,,ja,zh,512,cosine_margin,0.07110100984573364
trillionlabs/Tri-0.5B-Base,17,0.7083333333333334,last_token,,zh,en,512,matched_cosine,0.8526846170425415
trillionlabs/Tri-0.5B-Base,17,0.7083333333333334,last_token,,zh,en,512,unmatched_cosine,0.7571561336517334
trillionlabs/Tri-0.5B-Base,17,0.7083333333333334,last_token,,zh,en,512,cosine_margin,0.0955284833908081
trillionlabs/Tri-0.5B-Base,17,0.7083333333333334,last_token,,zh,ko,512,matched_cosine,0.8747113943099976
trillionlabs/Tri-0.5B-Base,17,0.7083333333333334,last_token,,zh,ko,512,unmatched_cosine,0.803151547908783
trillionlabs/Tri-0.5B-Base,17,0.7083333333333334,last_token,,zh,ko,512,cosine_margin,0.0715598464012146
trillionlabs/Tri-0.5B-Base,17,0.7083333333333334,last_token,,zh,ja,512,matched_cosine,0.8760301470756531
trillionlabs/Tri-0.5B-Base,17,0.7083333333333334,last_token,,zh,ja,512,unmatched_cosine,0.8054160475730896
trillionlabs/Tri-0.5B-Base,17,0.7083333333333334,last_token,,zh,ja,512,cosine_margin,0.07061409950256348
trillionlabs/Tri-0.5B-Base,18,0.75,last_token,en,,,512,centroid_norm,0.9100242853164673
trillionlabs/Tri-0.5B-Base,18,0.75,last_token,en,,,512,within_language_cosine,0.8278079396824547
trillionlabs/Tri-0.5B-Base,18,0.75,last_token,en,,,512,stable_rank,9.289479502013668
trillionlabs/Tri-0.5B-Base,18,0.75,last_token,ko,,,512,centroid_norm,0.9264423847198486
trillionlabs/Tri-0.5B-Base,18,0.75,last_token,ko,,,512,within_language_cosine,0.8580181920598398
trillionlabs/Tri-0.5B-Base,18,0.75,last_token,ko,,,512,stable_rank,8.713860208824745
trillionlabs/Tri-0.5B-Base,18,0.75,last_token,ja,,,512,centroid_norm,0.9168011546134949
trillionlabs/Tri-0.5B-Base,18,0.75,last_token,ja,,,512,within_language_cosine,0.8402122900677287
trillionlabs/Tri-0.5B-Base,18,0.75,last_token,ja,,,512,stable_rank,4.737324626207582
trillionlabs/Tri-0.5B-Base,18,0.75,last_token,zh,,,512,centroid_norm,0.9337430596351624
trillionlabs/Tri-0.5B-Base,18,0.75,last_token,zh,,,512,within_language_cosine,0.8716253889050269
trillionlabs/Tri-0.5B-Base,18,0.75,last_token,zh,,,512,stable_rank,9.651389989937938
trillionlabs/Tri-0.5B-Base,18,0.75,last_token,,en,ko,512,matched_cosine,0.8545246720314026
trillionlabs/Tri-0.5B-Base,18,0.75,last_token,,en,ko,512,unmatched_cosine,0.7725039720535278
trillionlabs/Tri-0.5B-Base,18,0.75,last_token,,en,ko,512,cosine_margin,0.08202069997787476
trillionlabs/Tri-0.5B-Base,18,0.75,last_token,,en,ja,512,matched_cosine,0.7927654385566711
trillionlabs/Tri-0.5B-Base,18,0.75,last_token,,en,ja,512,unmatched_cosine,0.7138603925704956
trillionlabs/Tri-0.5B-Base,18,0.75,last_token,,en,ja,512,cosine_margin,0.07890504598617554
trillionlabs/Tri-0.5B-Base,18,0.75,last_token,,en,zh,512,matched_cosine,0.8490630984306335
trillionlabs/Tri-0.5B-Base,18,0.75,last_token,,en,zh,512,unmatched_cosine,0.7617214918136597
trillionlabs/Tri-0.5B-Base,18,0.75,last_token,,en,zh,512,cosine_margin,0.08734160661697388
trillionlabs/Tri-0.5B-Base,18,0.75,last_token,,ko,en,512,matched_cosine,0.8545246720314026
trillionlabs/Tri-0.5B-Base,18,0.75,last_token,,ko,en,512,unmatched_cosine,0.7725389003753662
trillionlabs/Tri-0.5B-Base,18,0.75,last_token,,ko,en,512,cosine_margin,0.08198577165603638
trillionlabs/Tri-0.5B-Base,18,0.75,last_token,,ko,ja,512,matched_cosine,0.8609831929206848
trillionlabs/Tri-0.5B-Base,18,0.75,last_token,,ko,ja,512,unmatched_cosine,0.787058413028717
trillionlabs/Tri-0.5B-Base,18,0.75,last_token,,ko,ja,512,cosine_margin,0.07392477989196777
trillionlabs/Tri-0.5B-Base,18,0.75,last_token,,ko,zh,512,matched_cosine,0.8761632442474365
trillionlabs/Tri-0.5B-Base,18,0.75,last_token,,ko,zh,512,unmatched_cosine,0.8085199594497681
trillionlabs/Tri-0.5B-Base,18,0.75,last_token,,ko,zh,512,cosine_margin,0.06764328479766846
trillionlabs/Tri-0.5B-Base,18,0.75,last_token,,ja,en,512,matched_cosine,0.7927654385566711
trillionlabs/Tri-0.5B-Base,18,0.75,last_token,,ja,en,512,unmatched_cosine,0.7147225141525269
trillionlabs/Tri-0.5B-Base,18,0.75,last_token,,ja,en,512,cosine_margin,0.07804292440414429
trillionlabs/Tri-0.5B-Base,18,0.75,last_token,,ja,ko,512,matched_cosine,0.8609831929206848
trillionlabs/Tri-0.5B-Base,18,0.75,last_token,,ja,ko,512,unmatched_cosine,0.7870369553565979
trillionlabs/Tri-0.5B-Base,18,0.75,last_token,,ja,ko,512,cosine_margin,0.07394623756408691
trillionlabs/Tri-0.5B-Base,18,0.75,last_token,,ja,zh,512,matched_cosine,0.8799585103988647
trillionlabs/Tri-0.5B-Base,18,0.75,last_token,,ja,zh,512,unmatched_cosine,0.8117052316665649
trillionlabs/Tri-0.5B-Base,18,0.75,last_token,,ja,zh,512,cosine_margin,0.0682532787322998
trillionlabs/Tri-0.5B-Base,18,0.75,last_token,,zh,en,512,matched_cosine,0.8490630984306335
trillionlabs/Tri-0.5B-Base,18,0.75,last_token,,zh,en,512,unmatched_cosine,0.7613908052444458
trillionlabs/Tri-0.5B-Base,18,0.75,last_token,,zh,en,512,cosine_margin,0.08767229318618774
trillionlabs/Tri-0.5B-Base,18,0.75,last_token,,zh,ko,512,matched_cosine,0.8761632442474365
trillionlabs/Tri-0.5B-Base,18,0.75,last_token,,zh,ko,512,unmatched_cosine,0.8085936307907104
trillionlabs/Tri-0.5B-Base,18,0.75,last_token,,zh,ko,512,cosine_margin,0.06756961345672607
trillionlabs/Tri-0.5B-Base,18,0.75,last_token,,zh,ja,512,matched_cosine,0.8799585103988647
trillionlabs/Tri-0.5B-Base,18,0.75,last_token,,zh,ja,512,unmatched_cosine,0.8103816509246826
trillionlabs/Tri-0.5B-Base,18,0.75,last_token,,zh,ja,512,cosine_margin,0.06957685947418213
trillionlabs/Tri-0.5B-Base,19,0.7916666666666666,last_token,en,,,512,centroid_norm,0.9149978160858154
trillionlabs/Tri-0.5B-Base,19,0.7916666666666666,last_token,en,,,512,within_language_cosine,0.8369024168488564
trillionlabs/Tri-0.5B-Base,19,0.7916666666666666,last_token,en,,,512,stable_rank,9.819401613385859
trillionlabs/Tri-0.5B-Base,19,0.7916666666666666,last_token,ko,,,512,centroid_norm,0.924123227596283
trillionlabs/Tri-0.5B-Base,19,0.7916666666666666,last_token,ko,,,512,within_language_cosine,0.8537180801660348
trillionlabs/Tri-0.5B-Base,19,0.7916666666666666,last_token,ko,,,512,stable_rank,10.155165603509118
trillionlabs/Tri-0.5B-Base,19,0.7916666666666666,last_token,ja,,,512,centroid_norm,0.9053952097892761
trillionlabs/Tri-0.5B-Base,19,0.7916666666666666,last_token,ja,,,512,within_language_cosine,0.8193877158566231
trillionlabs/Tri-0.5B-Base,19,0.7916666666666666,last_token,ja,,,512,stable_rank,4.605899081120077
trillionlabs/Tri-0.5B-Base,19,0.7916666666666666,last_token,zh,,,512,centroid_norm,0.933027446269989
trillionlabs/Tri-0.5B-Base,19,0.7916666666666666,last_token,zh,,,512,within_language_cosine,0.8702869154002568
trillionlabs/Tri-0.5B-Base,19,0.7916666666666666,last_token,zh,,,512,stable_rank,10.528835492249968
trillionlabs/Tri-0.5B-Base,19,0.7916666666666666,last_token,,en,ko,512,matched_cosine,0.8421521186828613
trillionlabs/Tri-0.5B-Base,19,0.7916666666666666,last_token,,en,ko,512,unmatched_cosine,0.753255307674408
trillionlabs/Tri-0.5B-Base,19,0.7916666666666666,last_token,,en,ko,512,cosine_margin,0.08889681100845337
trillionlabs/Tri-0.5B-Base,19,0.7916666666666666,last_token,,en,ja,512,matched_cosine,0.7657620310783386
trillionlabs/Tri-0.5B-Base,19,0.7916666666666666,last_token,,en,ja,512,unmatched_cosine,0.6814796924591064
trillionlabs/Tri-0.5B-Base,19,0.7916666666666666,last_token,,en,ja,512,cosine_margin,0.08428233861923218
trillionlabs/Tri-0.5B-Base,19,0.7916666666666666,last_token,,en,zh,512,matched_cosine,0.8171272277832031
trillionlabs/Tri-0.5B-Base,19,0.7916666666666666,last_token,,en,zh,512,unmatched_cosine,0.7267178297042847
trillionlabs/Tri-0.5B-Base,19,0.7916666666666666,last_token,,en,zh,512,cosine_margin,0.09040939807891846
trillionlabs/Tri-0.5B-Base,19,0.7916666666666666,last_token,,ko,en,512,matched_cosine,0.8421521186828613
trillionlabs/Tri-0.5B-Base,19,0.7916666666666666,last_token,,ko,en,512,unmatched_cosine,0.7525694370269775
trillionlabs/Tri-0.5B-Base,19,0.7916666666666666,last_token,,ko,en,512,cosine_margin,0.08958268165588379
trillionlabs/Tri-0.5B-Base,19,0.7916666666666666,last_token,,ko,ja,512,matched_cosine,0.8308484554290771
trillionlabs/Tri-0.5B-Base,19,0.7916666666666666,last_token,,ko,ja,512,unmatched_cosine,0.7470293045043945
trillionlabs/Tri-0.5B-Base,19,0.7916666666666666,last_token,,ko,ja,512,cosine_margin,0.08381915092468262
trillionlabs/Tri-0.5B-Base,19,0.7916666666666666,last_token,,ko,zh,512,matched_cosine,0.8475857973098755
trillionlabs/Tri-0.5B-Base,19,0.7916666666666666,last_token,,ko,zh,512,unmatched_cosine,0.7729843854904175
trillionlabs/Tri-0.5B-Base,19,0.7916666666666666,last_token,,ko,zh,512,cosine_margin,0.07460141181945801
trillionlabs/Tri-0.5B-Base,19,0.7916666666666666,last_token,,ja,en,512,matched_cosine,0.7657620310783386
trillionlabs/Tri-0.5B-Base,19,0.7916666666666666,last_token,,ja,en,512,unmatched_cosine,0.6813286542892456
trillionlabs/Tri-0.5B-Base,19,0.7916666666666666,last_token,,ja,en,512,cosine_margin,0.08443337678909302
trillionlabs/Tri-0.5B-Base,19,0.7916666666666666,last_token,,ja,ko,512,matched_cosine,0.8308484554290771
trillionlabs/Tri-0.5B-Base,19,0.7916666666666666,last_token,,ja,ko,512,unmatched_cosine,0.7482151985168457
trillionlabs/Tri-0.5B-Base,19,0.7916666666666666,last_token,,ja,ko,512,cosine_margin,0.08263325691223145
trillionlabs/Tri-0.5B-Base,19,0.7916666666666666,last_token,,ja,zh,512,matched_cosine,0.8700781464576721
trillionlabs/Tri-0.5B-Base,19,0.7916666666666666,last_token,,ja,zh,512,unmatched_cosine,0.7939879894256592
trillionlabs/Tri-0.5B-Base,19,0.7916666666666666,last_token,,ja,zh,512,cosine_margin,0.07609015703201294
trillionlabs/Tri-0.5B-Base,19,0.7916666666666666,last_token,,zh,en,512,matched_cosine,0.8171272277832031
trillionlabs/Tri-0.5B-Base,19,0.7916666666666666,last_token,,zh,en,512,unmatched_cosine,0.7265580892562866
trillionlabs/Tri-0.5B-Base,19,0.7916666666666666,last_token,,zh,en,512,cosine_margin,0.0905691385269165
trillionlabs/Tri-0.5B-Base,19,0.7916666666666666,last_token,,zh,ko,512,matched_cosine,0.8475857973098755
trillionlabs/Tri-0.5B-Base,19,0.7916666666666666,last_token,,zh,ko,512,unmatched_cosine,0.7728979587554932
trillionlabs/Tri-0.5B-Base,19,0.7916666666666666,last_token,,zh,ko,512,cosine_margin,0.07468783855438232
trillionlabs/Tri-0.5B-Base,19,0.7916666666666666,last_token,,zh,ja,512,matched_cosine,0.8700781464576721
trillionlabs/Tri-0.5B-Base,19,0.7916666666666666,last_token,,zh,ja,512,unmatched_cosine,0.7938647270202637
trillionlabs/Tri-0.5B-Base,19,0.7916666666666666,last_token,,zh,ja,512,cosine_margin,0.07621341943740845
trillionlabs/Tri-0.5B-Base,20,0.8333333333333334,last_token,en,,,512,centroid_norm,0.9009836316108704
trillionlabs/Tri-0.5B-Base,20,0.8333333333333334,last_token,en,,,512,within_language_cosine,0.8114031588261374
trillionlabs/Tri-0.5B-Base,20,0.8333333333333334,last_token,en,,,512,stable_rank,11.381327090042879
trillionlabs/Tri-0.5B-Base,20,0.8333333333333334,last_token,ko,,,512,centroid_norm,0.9105538129806519
trillionlabs/Tri-0.5B-Base,20,0.8333333333333334,last_token,ko,,,512,within_language_cosine,0.8287738120719178
trillionlabs/Tri-0.5B-Base,20,0.8333333333333334,last_token,ko,,,512,stable_rank,13.699208825550066
trillionlabs/Tri-0.5B-Base,20,0.8333333333333334,last_token,ja,,,512,centroid_norm,0.8952010273933411
trillionlabs/Tri-0.5B-Base,20,0.8333333333333334,last_token,ja,,,512,within_language_cosine,0.8009961869152091
trillionlabs/Tri-0.5B-Base,20,0.8333333333333334,last_token,ja,,,512,stable_rank,5.121781713206011
trillionlabs/Tri-0.5B-Base,20,0.8333333333333334,last_token,zh,,,512,centroid_norm,0.9211300611495972
trillionlabs/Tri-0.5B-Base,20,0.8333333333333334,last_token,zh,,,512,within_language_cosine,0.8481840667426003
trillionlabs/Tri-0.5B-Base,20,0.8333333333333334,last_token,zh,,,512,stable_rank,11.973491432106073
trillionlabs/Tri-0.5B-Base,20,0.8333333333333334,last_token,,en,ko,512,matched_cosine,0.8378494381904602
trillionlabs/Tri-0.5B-Base,20,0.8333333333333334,last_token,,en,ko,512,unmatched_cosine,0.7305397391319275
trillionlabs/Tri-0.5B-Base,20,0.8333333333333334,last_token,,en,ko,512,cosine_margin,0.10730969905853271
trillionlabs/Tri-0.5B-Base,20,0.8333333333333334,last_token,,en,ja,512,matched_cosine,0.7672243118286133
trillionlabs/Tri-0.5B-Base,20,0.8333333333333334,last_token,,en,ja,512,unmatched_cosine,0.6693146228790283
trillionlabs/Tri-0.5B-Base,20,0.8333333333333334,last_token,,en,ja,512,cosine_margin,0.09790968894958496
trillionlabs/Tri-0.5B-Base,20,0.8333333333333334,last_token,,en,zh,512,matched_cosine,0.8142333626747131
trillionlabs/Tri-0.5B-Base,20,0.8333333333333334,last_token,,en,zh,512,unmatched_cosine,0.7068248987197876
trillionlabs/Tri-0.5B-Base,20,0.8333333333333334,last_token,,en,zh,512,cosine_margin,0.10740846395492554
trillionlabs/Tri-0.5B-Base,20,0.8333333333333334,last_token,,ko,en,512,matched_cosine,0.8378494381904602
trillionlabs/Tri-0.5B-Base,20,0.8333333333333334,last_token,,ko,en,512,unmatched_cosine,0.7305397391319275
trillionlabs/Tri-0.5B-Base,20,0.8333333333333334,last_token,,ko,en,512,cosine_margin,0.10730969905853271
trillionlabs/Tri-0.5B-Base,20,0.8333333333333334,last_token,,ko,ja,512,matched_cosine,0.8298038244247437
trillionlabs/Tri-0.5B-Base,20,0.8333333333333334,last_token,,ko,ja,512,unmatched_cosine,0.732032835483551
trillionlabs/Tri-0.5B-Base,20,0.8333333333333334,last_token,,ko,ja,512,cosine_margin,0.09777098894119263
trillionlabs/Tri-0.5B-Base,20,0.8333333333333334,last_token,,ko,zh,512,matched_cosine,0.8442978858947754
trillionlabs/Tri-0.5B-Base,20,0.8333333333333334,last_token,,ko,zh,512,unmatched_cosine,0.7536301612854004
trillionlabs/Tri-0.5B-Base,20,0.8333333333333334,last_token,,ko,zh,512,cosine_margin,0.090667724609375
trillionlabs/Tri-0.5B-Base,20,0.8333333333333334,last_token,,ja,en,512,matched_cosine,0.7672243118286133
trillionlabs/Tri-0.5B-Base,20,0.8333333333333334,last_token,,ja,en,512,unmatched_cosine,0.6693146228790283
trillionlabs/Tri-0.5B-Base,20,0.8333333333333334,last_token,,ja,en,512,cosine_margin,0.09790968894958496
trillionlabs/Tri-0.5B-Base,20,0.8333333333333334,last_token,,ja,ko,512,matched_cosine,0.8298038244247437
trillionlabs/Tri-0.5B-Base,20,0.8333333333333334,last_token,,ja,ko,512,unmatched_cosine,0.732032835483551
trillionlabs/Tri-0.5B-Base,20,0.8333333333333334,last_token,,ja,ko,512,cosine_margin,0.09777098894119263
trillionlabs/Tri-0.5B-Base,20,0.8333333333333334,last_token,,ja,zh,512,matched_cosine,0.867806077003479
trillionlabs/Tri-0.5B-Base,20,0.8333333333333334,last_token,,ja,zh,512,unmatched_cosine,0.7785641551017761
trillionlabs/Tri-0.5B-Base,20,0.8333333333333334,last_token,,ja,zh,512,cosine_margin,0.08924192190170288
trillionlabs/Tri-0.5B-Base,20,0.8333333333333334,last_token,,zh,en,512,matched_cosine,0.8142333626747131
trillionlabs/Tri-0.5B-Base,20,0.8333333333333334,last_token,,zh,en,512,unmatched_cosine,0.7068248987197876
trillionlabs/Tri-0.5B-Base,20,0.8333333333333334,last_token,,zh,en,512,cosine_margin,0.10740846395492554
trillionlabs/Tri-0.5B-Base,20,0.8333333333333334,last_token,,zh,ko,512,matched_cosine,0.8442978858947754
trillionlabs/Tri-0.5B-Base,20,0.8333333333333334,last_token,,zh,ko,512,unmatched_cosine,0.7536301612854004
trillionlabs/Tri-0.5B-Base,20,0.8333333333333334,last_token,,zh,ko,512,cosine_margin,0.090667724609375
trillionlabs/Tri-0.5B-Base,20,0.8333333333333334,last_token,,zh,ja,512,matched_cosine,0.867806077003479
trillionlabs/Tri-0.5B-Base,20,0.8333333333333334,last_token,,zh,ja,512,unmatched_cosine,0.7785641551017761
trillionlabs/Tri-0.5B-Base,20,0.8333333333333334,last_token,,zh,ja,512,cosine_margin,0.08924192190170288
trillionlabs/Tri-0.5B-Base,21,0.875,last_token,en,,,512,centroid_norm,0.9008743166923523
trillionlabs/Tri-0.5B-Base,21,0.875,last_token,en,,,512,within_language_cosine,0.8112058396908635
trillionlabs/Tri-0.5B-Base,21,0.875,last_token,en,,,512,stable_rank,11.473449138776287
trillionlabs/Tri-0.5B-Base,21,0.875,last_token,ko,,,512,centroid_norm,0.9125165343284607
trillionlabs/Tri-0.5B-Base,21,0.875,last_token,ko,,,512,within_language_cosine,0.8323590004280822
trillionlabs/Tri-0.5B-Base,21,0.875,last_token,ko,,,512,stable_rank,13.404520900206276
trillionlabs/Tri-0.5B-Base,21,0.875,last_token,ja,,,512,centroid_norm,0.902617335319519
trillionlabs/Tri-0.5B-Base,21,0.875,last_token,ja,,,512,within_language_cosine,0.8143554209729696
trillionlabs/Tri-0.5B-Base,21,0.875,last_token,ja,,,512,stable_rank,4.812665740178904
trillionlabs/Tri-0.5B-Base,21,0.875,last_token,zh,,,512,centroid_norm,0.9242281913757324
trillionlabs/Tri-0.5B-Base,21,0.875,last_token,zh,,,512,within_language_cosine,0.8539124729582008
trillionlabs/Tri-0.5B-Base,21,0.875,last_token,zh,,,512,stable_rank,12.237808377935412
trillionlabs/Tri-0.5B-Base,21,0.875,last_token,,en,ko,512,matched_cosine,0.812923789024353
trillionlabs/Tri-0.5B-Base,21,0.875,last_token,,en,ko,512,unmatched_cosine,0.7083089351654053
trillionlabs/Tri-0.5B-Base,21,0.875,last_token,,en,ko,512,cosine_margin,0.10461485385894775
trillionlabs/Tri-0.5B-Base,21,0.875,last_token,,en,ja,512,matched_cosine,0.7096205949783325
trillionlabs/Tri-0.5B-Base,21,0.875,last_token,,en,ja,512,unmatched_cosine,0.6173277497291565
trillionlabs/Tri-0.5B-Base,21,0.875,last_token,,en,ja,512,cosine_margin,0.09229284524917603
trillionlabs/Tri-0.5B-Base,21,0.875,last_token,,en,zh,512,matched_cosine,0.7768412828445435
trillionlabs/Tri-0.5B-Base,21,0.875,last_token,,en,zh,512,unmatched_cosine,0.6724140644073486
trillionlabs/Tri-0.5B-Base,21,0.875,last_token,,en,zh,512,cosine_margin,0.10442721843719482
trillionlabs/Tri-0.5B-Base,21,0.875,last_token,,ko,en,512,matched_cosine,0.812923789024353
trillionlabs/Tri-0.5B-Base,21,0.875,last_token,,ko,en,512,unmatched_cosine,0.70667564868927
trillionlabs/Tri-0.5B-Base,21,0.875,last_token,,ko,en,512,cosine_margin,0.10624814033508301
trillionlabs/Tri-0.5B-Base,21,0.875,last_token,,ko,ja,512,matched_cosine,0.762726366519928
trillionlabs/Tri-0.5B-Base,21,0.875,last_token,,ko,ja,512,unmatched_cosine,0.6707626581192017
trillionlabs/Tri-0.5B-Base,21,0.875,last_token,,ko,ja,512,cosine_margin,0.09196370840072632
trillionlabs/Tri-0.5B-Base,21,0.875,last_token,,ko,zh,512,matched_cosine,0.7977545261383057
trillionlabs/Tri-0.5B-Base,21,0.875,last_token,,ko,zh,512,unmatched_cosine,0.7087754011154175
trillionlabs/Tri-0.5B-Base,21,0.875,last_token,,ko,zh,512,cosine_margin,0.08897912502288818
trillionlabs/Tri-0.5B-Base,21,0.875,last_token,,ja,en,512,matched_cosine,0.7096205949783325
trillionlabs/Tri-0.5B-Base,21,0.875,last_token,,ja,en,512,unmatched_cosine,0.6162001490592957
trillionlabs/Tri-0.5B-Base,21,0.875,last_token,,ja,en,512,cosine_margin,0.09342044591903687
trillionlabs/Tri-0.5B-Base,21,0.875,last_token,,ja,ko,512,matched_cosine,0.762726366519928
trillionlabs/Tri-0.5B-Base,21,0.875,last_token,,ja,ko,512,unmatched_cosine,0.6707310676574707
trillionlabs/Tri-0.5B-Base,21,0.875,last_token,,ja,ko,512,cosine_margin,0.09199529886245728
trillionlabs/Tri-0.5B-Base,21,0.875,last_token,,ja,zh,512,matched_cosine,0.8626834154129028
trillionlabs/Tri-0.5B-Base,21,0.875,last_token,,ja,zh,512,unmatched_cosine,0.778947114944458
trillionlabs/Tri-0.5B-Base,21,0.875,last_token,,ja,zh,512,cosine_margin,0.08373630046844482
trillionlabs/Tri-0.5B-Base,21,0.875,last_token,,zh,en,512,matched_cosine,0.7768412828445435
trillionlabs/Tri-0.5B-Base,21,0.875,last_token,,zh,en,512,unmatched_cosine,0.6711946725845337
trillionlabs/Tri-0.5B-Base,21,0.875,last_token,,zh,en,512,cosine_margin,0.10564661026000977
trillionlabs/Tri-0.5B-Base,21,0.875,last_token,,zh,ko,512,matched_cosine,0.7977545261383057
trillionlabs/Tri-0.5B-Base,21,0.875,last_token,,zh,ko,512,unmatched_cosine,0.7094604969024658
trillionlabs/Tri-0.5B-Base,21,0.875,last_token,,zh,ko,512,cosine_margin,0.08829402923583984
trillionlabs/Tri-0.5B-Base,21,0.875,last_token,,zh,ja,512,matched_cosine,0.8626834154129028
trillionlabs/Tri-0.5B-Base,21,0.875,last_token,,zh,ja,512,unmatched_cosine,0.7790433168411255
trillionlabs/Tri-0.5B-Base,21,0.875,last_token,,zh,ja,512,cosine_margin,0.08364009857177734
trillionlabs/Tri-0.5B-Base,22,0.9166666666666666,last_token,en,,,512,centroid_norm,0.8891740441322327
trillionlabs/Tri-0.5B-Base,22,0.9166666666666666,last_token,en,,,512,within_language_cosine,0.790220794379128
trillionlabs/Tri-0.5B-Base,22,0.9166666666666666,last_token,en,,,512,stable_rank,12.804027594449858
trillionlabs/Tri-0.5B-Base,22,0.9166666666666666,last_token,ko,,,512,centroid_norm,0.9000129103660583
trillionlabs/Tri-0.5B-Base,22,0.9166666666666666,last_token,ko,,,512,within_language_cosine,0.8096514140089898
trillionlabs/Tri-0.5B-Base,22,0.9166666666666666,last_token,ko,,,512,stable_rank,14.060024519713872
trillionlabs/Tri-0.5B-Base,22,0.9166666666666666,last_token,ja,,,512,centroid_norm,0.8952097296714783
trillionlabs/Tri-0.5B-Base,22,0.9166666666666666,last_token,ja,,,512,within_language_cosine,0.8010118338926431
trillionlabs/Tri-0.5B-Base,22,0.9166666666666666,last_token,ja,,,512,stable_rank,5.191231741357405
trillionlabs/Tri-0.5B-Base,22,0.9166666666666666,last_token,zh,,,512,centroid_norm,0.9166139960289001
trillionlabs/Tri-0.5B-Base,22,0.9166666666666666,last_token,zh,,,512,within_language_cosine,0.8398684746131971
trillionlabs/Tri-0.5B-Base,22,0.9166666666666666,last_token,zh,,,512,stable_rank,13.116528704970193
trillionlabs/Tri-0.5B-Base,22,0.9166666666666666,last_token,,en,ko,512,matched_cosine,0.7533535361289978
trillionlabs/Tri-0.5B-Base,22,0.9166666666666666,last_token,,en,ko,512,unmatched_cosine,0.641625702381134
trillionlabs/Tri-0.5B-Base,22,0.9166666666666666,last_token,,en,ko,512,cosine_margin,0.11172783374786377
trillionlabs/Tri-0.5B-Base,22,0.9166666666666666,last_token,,en,ja,512,matched_cosine,0.6704275608062744
trillionlabs/Tri-0.5B-Base,22,0.9166666666666666,last_token,,en,ja,512,unmatched_cosine,0.5747983455657959
trillionlabs/Tri-0.5B-Base,22,0.9166666666666666,last_token,,en,ja,512,cosine_margin,0.09562921524047852
trillionlabs/Tri-0.5B-Base,22,0.9166666666666666,last_token,,en,zh,512,matched_cosine,0.7217378616333008
trillionlabs/Tri-0.5B-Base,22,0.9166666666666666,last_token,,en,zh,512,unmatched_cosine,0.6141782402992249
trillionlabs/Tri-0.5B-Base,22,0.9166666666666666,last_token,,en,zh,512,cosine_margin,0.10755962133407593
trillionlabs/Tri-0.5B-Base,22,0.9166666666666666,last_token,,ko,en,512,matched_cosine,0.7533535361289978
trillionlabs/Tri-0.5B-Base,22,0.9166666666666666,last_token,,ko,en,512,unmatched_cosine,0.6412947177886963
trillionlabs/Tri-0.5B-Base,22,0.9166666666666666,last_token,,ko,en,512,cosine_margin,0.11205881834030151
trillionlabs/Tri-0.5B-Base,22,0.9166666666666666,last_token,,ko,ja,512,matched_cosine,0.6916718482971191
trillionlabs/Tri-0.5B-Base,22,0.9166666666666666,last_token,,ko,ja,512,unmatched_cosine,0.593968391418457
trillionlabs/Tri-0.5B-Base,22,0.9166666666666666,last_token,,ko,ja,512,cosine_margin,0.09770345687866211
trillionlabs/Tri-0.5B-Base,22,0.9166666666666666,last_token,,ko,zh,512,matched_cosine,0.7182421684265137
trillionlabs/Tri-0.5B-Base,22,0.9166666666666666,last_token,,ko,zh,512,unmatched_cosine,0.6234585642814636
trillionlabs/Tri-0.5B-Base,22,0.9166666666666666,last_token,,ko,zh,512,cosine_margin,0.09478360414505005
trillionlabs/Tri-0.5B-Base,22,0.9166666666666666,last_token,,ja,en,512,matched_cosine,0.6704275608062744
trillionlabs/Tri-0.5B-Base,22,0.9166666666666666,last_token,,ja,en,512,unmatched_cosine,0.57511305809021
trillionlabs/Tri-0.5B-Base,22,0.9166666666666666,last_token,,ja,en,512,cosine_margin,0.09531450271606445
trillionlabs/Tri-0.5B-Base,22,0.9166666666666666,last_token,,ja,ko,512,matched_cosine,0.6916718482971191
trillionlabs/Tri-0.5B-Base,22,0.9166666666666666,last_token,,ja,ko,512,unmatched_cosine,0.59398353099823
trillionlabs/Tri-0.5B-Base,22,0.9166666666666666,last_token,,ja,ko,512,cosine_margin,0.09768831729888916
trillionlabs/Tri-0.5B-Base,22,0.9166666666666666,last_token,,ja,zh,512,matched_cosine,0.8588869571685791
trillionlabs/Tri-0.5B-Base,22,0.9166666666666666,last_token,,ja,zh,512,unmatched_cosine,0.7713055610656738
trillionlabs/Tri-0.5B-Base,22,0.9166666666666666,last_token,,ja,zh,512,cosine_margin,0.08758139610290527
trillionlabs/Tri-0.5B-Base,22,0.9166666666666666,last_token,,zh,en,512,matched_cosine,0.7217378616333008
trillionlabs/Tri-0.5B-Base,22,0.9166666666666666,last_token,,zh,en,512,unmatched_cosine,0.6143332719802856
trillionlabs/Tri-0.5B-Base,22,0.9166666666666666,last_token,,zh,en,512,cosine_margin,0.10740458965301514
trillionlabs/Tri-0.5B-Base,22,0.9166666666666666,last_token,,zh,ko,512,matched_cosine,0.7182421684265137
trillionlabs/Tri-0.5B-Base,22,0.9166666666666666,last_token,,zh,ko,512,unmatched_cosine,0.6241334676742554
trillionlabs/Tri-0.5B-Base,22,0.9166666666666666,last_token,,zh,ko,512,cosine_margin,0.0941087007522583
trillionlabs/Tri-0.5B-Base,22,0.9166666666666666,last_token,,zh,ja,512,matched_cosine,0.8588869571685791
trillionlabs/Tri-0.5B-Base,22,0.9166666666666666,last_token,,zh,ja,512,unmatched_cosine,0.7713161706924438
trillionlabs/Tri-0.5B-Base,22,0.9166666666666666,last_token,,zh,ja,512,cosine_margin,0.08757078647613525
trillionlabs/Tri-0.5B-Base,23,0.9583333333333334,last_token,en,,,512,centroid_norm,0.8958938717842102
trillionlabs/Tri-0.5B-Base,23,0.9583333333333334,last_token,en,,,512,within_language_cosine,0.8022395841296172
trillionlabs/Tri-0.5B-Base,23,0.9583333333333334,last_token,en,,,512,stable_rank,13.84139337322413
trillionlabs/Tri-0.5B-Base,23,0.9583333333333334,last_token,ko,,,512,centroid_norm,0.8927518129348755
trillionlabs/Tri-0.5B-Base,23,0.9583333333333334,last_token,ko,,,512,within_language_cosine,0.7966085236133195
trillionlabs/Tri-0.5B-Base,23,0.9583333333333334,last_token,ko,,,512,stable_rank,8.56853366364647
trillionlabs/Tri-0.5B-Base,23,0.9583333333333334,last_token,ja,,,512,centroid_norm,0.8963772058486938
trillionlabs/Tri-0.5B-Base,23,0.9583333333333334,last_token,ja,,,512,within_language_cosine,0.8031075136068982
trillionlabs/Tri-0.5B-Base,23,0.9583333333333334,last_token,ja,,,512,stable_rank,5.4978957377522635
trillionlabs/Tri-0.5B-Base,23,0.9583333333333334,last_token,zh,,,512,centroid_norm,0.9134814143180847
trillionlabs/Tri-0.5B-Base,23,0.9583333333333334,last_token,zh,,,512,within_language_cosine,0.8341243019775868
trillionlabs/Tri-0.5B-Base,23,0.9583333333333334,last_token,zh,,,512,stable_rank,13.616519595349857
trillionlabs/Tri-0.5B-Base,23,0.9583333333333334,last_token,,en,ko,512,matched_cosine,0.6223959922790527
trillionlabs/Tri-0.5B-Base,23,0.9583333333333334,last_token,,en,ko,512,unmatched_cosine,0.5205218195915222
trillionlabs/Tri-0.5B-Base,23,0.9583333333333334,last_token,,en,ko,512,cosine_margin,0.10187417268753052
trillionlabs/Tri-0.5B-Base,23,0.9583333333333334,last_token,,en,ja,512,matched_cosine,0.5488302707672119
trillionlabs/Tri-0.5B-Base,23,0.9583333333333334,last_token,,en,ja,512,unmatched_cosine,0.4636405408382416
trillionlabs/Tri-0.5B-Base,23,0.9583333333333334,last_token,,en,ja,512,cosine_margin,0.08518972992897034
trillionlabs/Tri-0.5B-Base,23,0.9583333333333334,last_token,,en,zh,512,matched_cosine,0.5759099721908569
trillionlabs/Tri-0.5B-Base,23,0.9583333333333334,last_token,,en,zh,512,unmatched_cosine,0.4792587161064148
trillionlabs/Tri-0.5B-Base,23,0.9583333333333334,last_token,,en,zh,512,cosine_margin,0.09665125608444214
trillionlabs/Tri-0.5B-Base,23,0.9583333333333334,last_token,,ko,en,512,matched_cosine,0.6223959922790527
trillionlabs/Tri-0.5B-Base,23,0.9583333333333334,last_token,,ko,en,512,unmatched_cosine,0.5210379362106323
trillionlabs/Tri-0.5B-Base,23,0.9583333333333334,last_token,,ko,en,512,cosine_margin,0.10135805606842041
trillionlabs/Tri-0.5B-Base,23,0.9583333333333334,last_token,,ko,ja,512,matched_cosine,0.5084704756736755
trillionlabs/Tri-0.5B-Base,23,0.9583333333333334,last_token,,ko,ja,512,unmatched_cosine,0.4175887703895569
trillionlabs/Tri-0.5B-Base,23,0.9583333333333334,last_token,,ko,ja,512,cosine_margin,0.09088170528411865
trillionlabs/Tri-0.5B-Base,23,0.9583333333333334,last_token,,ko,zh,512,matched_cosine,0.5175976753234863
trillionlabs/Tri-0.5B-Base,23,0.9583333333333334,last_token,,ko,zh,512,unmatched_cosine,0.4297134578227997
trillionlabs/Tri-0.5B-Base,23,0.9583333333333334,last_token,,ko,zh,512,cosine_margin,0.08788421750068665
trillionlabs/Tri-0.5B-Base,23,0.9583333333333334,last_token,,ja,en,512,matched_cosine,0.5488302707672119
trillionlabs/Tri-0.5B-Base,23,0.9583333333333334,last_token,,ja,en,512,unmatched_cosine,0.4641234278678894
trillionlabs/Tri-0.5B-Base,23,0.9583333333333334,last_token,,ja,en,512,cosine_margin,0.08470684289932251
trillionlabs/Tri-0.5B-Base,23,0.9583333333333334,last_token,,ja,ko,512,matched_cosine,0.5084704756736755
trillionlabs/Tri-0.5B-Base,23,0.9583333333333334,last_token,,ja,ko,512,unmatched_cosine,0.4173496663570404
trillionlabs/Tri-0.5B-Base,23,0.9583333333333334,last_token,,ja,ko,512,cosine_margin,0.09112080931663513
trillionlabs/Tri-0.5B-Base,23,0.9583333333333334,last_token,,ja,zh,512,matched_cosine,0.8509277105331421
trillionlabs/Tri-0.5B-Base,23,0.9583333333333334,last_token,,ja,zh,512,unmatched_cosine,0.7683024406433105
trillionlabs/Tri-0.5B-Base,23,0.9583333333333334,last_token,,ja,zh,512,cosine_margin,0.08262526988983154
trillionlabs/Tri-0.5B-Base,23,0.9583333333333334,last_token,,zh,en,512,matched_cosine,0.5759099721908569
trillionlabs/Tri-0.5B-Base,23,0.9583333333333334,last_token,,zh,en,512,unmatched_cosine,0.47959932684898376
trillionlabs/Tri-0.5B-Base,23,0.9583333333333334,last_token,,zh,en,512,cosine_margin,0.09631064534187317
trillionlabs/Tri-0.5B-Base,23,0.9583333333333334,last_token,,zh,ko,512,matched_cosine,0.5175976753234863
trillionlabs/Tri-0.5B-Base,23,0.9583333333333334,last_token,,zh,ko,512,unmatched_cosine,0.4289676547050476
trillionlabs/Tri-0.5B-Base,23,0.9583333333333334,last_token,,zh,ko,512,cosine_margin,0.08863002061843872
trillionlabs/Tri-0.5B-Base,23,0.9583333333333334,last_token,,zh,ja,512,matched_cosine,0.8509277105331421
trillionlabs/Tri-0.5B-Base,23,0.9583333333333334,last_token,,zh,ja,512,unmatched_cosine,0.7681288719177246
trillionlabs/Tri-0.5B-Base,23,0.9583333333333334,last_token,,zh,ja,512,cosine_margin,0.08279883861541748
trillionlabs/Tri-0.5B-Base,24,1.0,last_token,en,,,512,centroid_norm,0.9187426567077637
trillionlabs/Tri-0.5B-Base,24,1.0,last_token,en,,,512,within_language_cosine,0.8437829661509295
trillionlabs/Tri-0.5B-Base,24,1.0,last_token,en,,,512,stable_rank,10.519324413894427
trillionlabs/Tri-0.5B-Base,24,1.0,last_token,ko,,,512,centroid_norm,0.8788525462150574
trillionlabs/Tri-0.5B-Base,24,1.0,last_token,ko,,,512,within_language_cosine,0.771936405428235
trillionlabs/Tri-0.5B-Base,24,1.0,last_token,ko,,,512,stable_rank,9.486111990461424
trillionlabs/Tri-0.5B-Base,24,1.0,last_token,ja,,,512,centroid_norm,0.9056837558746338
trillionlabs/Tri-0.5B-Base,24,1.0,last_token,ja,,,512,within_language_cosine,0.8199113521090692
trillionlabs/Tri-0.5B-Base,24,1.0,last_token,ja,,,512,stable_rank,10.910267711414374
trillionlabs/Tri-0.5B-Base,24,1.0,last_token,zh,,,512,centroid_norm,0.9132319092750549
trillionlabs/Tri-0.5B-Base,24,1.0,last_token,zh,,,512,within_language_cosine,0.8336676132888943
trillionlabs/Tri-0.5B-Base,24,1.0,last_token,zh,,,512,stable_rank,9.422224123094214
trillionlabs/Tri-0.5B-Base,24,1.0,last_token,,en,ko,512,matched_cosine,0.26690447330474854
trillionlabs/Tri-0.5B-Base,24,1.0,last_token,,en,ko,512,unmatched_cosine,0.17020085453987122
trillionlabs/Tri-0.5B-Base,24,1.0,last_token,,en,ko,512,cosine_margin,0.09670361876487732
trillionlabs/Tri-0.5B-Base,24,1.0,last_token,,en,ja,512,matched_cosine,0.1341288983821869
trillionlabs/Tri-0.5B-Base,24,1.0,last_token,,en,ja,512,unmatched_cosine,0.066773921251297
trillionlabs/Tri-0.5B-Base,24,1.0,last_token,,en,ja,512,cosine_margin,0.06735497713088989
trillionlabs/Tri-0.5B-Base,24,1.0,last_token,,en,zh,512,matched_cosine,0.21270985901355743
trillionlabs/Tri-0.5B-Base,24,1.0,last_token,,en,zh,512,unmatched_cosine,0.12890127301216125
trillionlabs/Tri-0.5B-Base,24,1.0,last_token,,en,zh,512,cosine_margin,0.08380858600139618
trillionlabs/Tri-0.5B-Base,24,1.0,last_token,,ko,en,512,matched_cosine,0.26690447330474854
trillionlabs/Tri-0.5B-Base,24,1.0,last_token,,ko,en,512,unmatched_cosine,0.1709306836128235
trillionlabs/Tri-0.5B-Base,24,1.0,last_token,,ko,en,512,cosine_margin,0.09597378969192505
trillionlabs/Tri-0.5B-Base,24,1.0,last_token,,ko,ja,512,matched_cosine,0.14890770614147186
trillionlabs/Tri-0.5B-Base,24,1.0,last_token,,ko,ja,512,unmatched_cosine,0.06384819746017456
trillionlabs/Tri-0.5B-Base,24,1.0,last_token,,ko,ja,512,cosine_margin,0.0850595086812973
trillionlabs/Tri-0.5B-Base,24,1.0,last_token,,ko,zh,512,matched_cosine,0.2597367465496063
trillionlabs/Tri-0.5B-Base,24,1.0,last_token,,ko,zh,512,unmatched_cosine,0.1648780256509781
trillionlabs/Tri-0.5B-Base,24,1.0,last_token,,ko,zh,512,cosine_margin,0.09485872089862823
trillionlabs/Tri-0.5B-Base,24,1.0,last_token,,ja,en,512,matched_cosine,0.1341288983821869
trillionlabs/Tri-0.5B-Base,24,1.0,last_token,,ja,en,512,unmatched_cosine,0.06707538664340973
trillionlabs/Tri-0.5B-Base,24,1.0,last_token,,ja,en,512,cosine_margin,0.06705351173877716
trillionlabs/Tri-0.5B-Base,24,1.0,last_token,,ja,ko,512,matched_cosine,0.14890770614147186
trillionlabs/Tri-0.5B-Base,24,1.0,last_token,,ja,ko,512,unmatched_cosine,0.06306038796901703
trillionlabs/Tri-0.5B-Base,24,1.0,last_token,,ja,ko,512,cosine_margin,0.08584731817245483
trillionlabs/Tri-0.5B-Base,24,1.0,last_token,,ja,zh,512,matched_cosine,0.5814632177352905
trillionlabs/Tri-0.5B-Base,24,1.0,last_token,,ja,zh,512,unmatched_cosine,0.5059759616851807
trillionlabs/Tri-0.5B-Base,24,1.0,last_token,,ja,zh,512,cosine_margin,0.07548725605010986
trillionlabs/Tri-0.5B-Base,24,1.0,last_token,,zh,en,512,matched_cosine,0.21270985901355743
trillionlabs/Tri-0.5B-Base,24,1.0,last_token,,zh,en,512,unmatched_cosine,0.12920111417770386
trillionlabs/Tri-0.5B-Base,24,1.0,last_token,,zh,en,512,cosine_margin,0.08350874483585358
trillionlabs/Tri-0.5B-Base,24,1.0,last_token,,zh,ko,512,matched_cosine,0.2597367465496063
trillionlabs/Tri-0.5B-Base,24,1.0,last_token,,zh,ko,512,unmatched_cosine,0.16495317220687866
trillionlabs/Tri-0.5B-Base,24,1.0,last_token,,zh,ko,512,cosine_margin,0.09478357434272766
trillionlabs/Tri-0.5B-Base,24,1.0,last_token,,zh,ja,512,matched_cosine,0.5814632177352905
trillionlabs/Tri-0.5B-Base,24,1.0,last_token,,zh,ja,512,unmatched_cosine,0.5064293146133423
trillionlabs/Tri-0.5B-Base,24,1.0,last_token,,zh,ja,512,cosine_margin,0.07503390312194824
trillionlabs/Tri-0.5B-Base,0,0.0,mean,en,,,512,centroid_norm,0.4070623219013214
trillionlabs/Tri-0.5B-Base,0,0.0,mean,en,,,512,within_language_cosine,0.16406705374820357
trillionlabs/Tri-0.5B-Base,0,0.0,mean,en,,,512,stable_rank,23.051329598089904
trillionlabs/Tri-0.5B-Base,0,0.0,mean,ko,,,512,centroid_norm,0.4447973966598511
trillionlabs/Tri-0.5B-Base,0,0.0,mean,ko,,,512,within_language_cosine,0.1962749384154079
trillionlabs/Tri-0.5B-Base,0,0.0,mean,ko,,,512,stable_rank,30.58766896565804
trillionlabs/Tri-0.5B-Base,0,0.0,mean,ja,,,512,centroid_norm,0.5924952626228333
trillionlabs/Tri-0.5B-Base,0,0.0,mean,ja,,,512,within_language_cosine,0.3497806855143866
trillionlabs/Tri-0.5B-Base,0,0.0,mean,ja,,,512,stable_rank,20.976336221166306
trillionlabs/Tri-0.5B-Base,0,0.0,mean,zh,,,512,centroid_norm,0.5269739031791687
trillionlabs/Tri-0.5B-Base,0,0.0,mean,zh,,,512,within_language_cosine,0.2762879672115796
trillionlabs/Tri-0.5B-Base,0,0.0,mean,zh,,,512,stable_rank,23.074336398605123
trillionlabs/Tri-0.5B-Base,0,0.0,mean,,en,ko,512,matched_cosine,0.3448193371295929
trillionlabs/Tri-0.5B-Base,0,0.0,mean,,en,ko,512,unmatched_cosine,0.10304531455039978
trillionlabs/Tri-0.5B-Base,0,0.0,mean,,en,ko,512,cosine_margin,0.24177402257919312
trillionlabs/Tri-0.5B-Base,0,0.0,mean,,en,ja,512,matched_cosine,0.25591418147087097
trillionlabs/Tri-0.5B-Base,0,0.0,mean,,en,ja,512,unmatched_cosine,0.07279308140277863
trillionlabs/Tri-0.5B-Base,0,0.0,mean,,en,ja,512,cosine_margin,0.18312110006809235
trillionlabs/Tri-0.5B-Base,0,0.0,mean,,en,zh,512,matched_cosine,0.29749298095703125
trillionlabs/Tri-0.5B-Base,0,0.0,mean,,en,zh,512,unmatched_cosine,0.07367794215679169
trillionlabs/Tri-0.5B-Base,0,0.0,mean,,en,zh,512,cosine_margin,0.22381503880023956
trillionlabs/Tri-0.5B-Base,0,0.0,mean,,ko,en,512,matched_cosine,0.3448193371295929
trillionlabs/Tri-0.5B-Base,0,0.0,mean,,ko,en,512,unmatched_cosine,0.10125011205673218
trillionlabs/Tri-0.5B-Base,0,0.0,mean,,ko,en,512,cosine_margin,0.24356922507286072
trillionlabs/Tri-0.5B-Base,0,0.0,mean,,ko,ja,512,matched_cosine,0.33780986070632935
trillionlabs/Tri-0.5B-Base,0,0.0,mean,,ko,ja,512,unmatched_cosine,0.1305965930223465
trillionlabs/Tri-0.5B-Base,0,0.0,mean,,ko,ja,512,cosine_margin,0.20721326768398285
trillionlabs/Tri-0.5B-Base,0,0.0,mean,,ko,zh,512,matched_cosine,0.31573593616485596
trillionlabs/Tri-0.5B-Base,0,0.0,mean,,ko,zh,512,unmatched_cosine,0.12126657366752625
trillionlabs/Tri-0.5B-Base,0,0.0,mean,,ko,zh,512,cosine_margin,0.1944693624973297
trillionlabs/Tri-0.5B-Base,0,0.0,mean,,ja,en,512,matched_cosine,0.25591418147087097
trillionlabs/Tri-0.5B-Base,0,0.0,mean,,ja,en,512,unmatched_cosine,0.0748722106218338
trillionlabs/Tri-0.5B-Base,0,0.0,mean,,ja,en,512,cosine_margin,0.18104197084903717
trillionlabs/Tri-0.5B-Base,0,0.0,mean,,ja,ko,512,matched_cosine,0.33780986070632935
trillionlabs/Tri-0.5B-Base,0,0.0,mean,,ja,ko,512,unmatched_cosine,0.13552209734916687
trillionlabs/Tri-0.5B-Base,0,0.0,mean,,ja,ko,512,cosine_margin,0.20228776335716248
trillionlabs/Tri-0.5B-Base,0,0.0,mean,,ja,zh,512,matched_cosine,0.385902464389801
trillionlabs/Tri-0.5B-Base,0,0.0,mean,,ja,zh,512,unmatched_cosine,0.17653419077396393
trillionlabs/Tri-0.5B-Base,0,0.0,mean,,ja,zh,512,cosine_margin,0.2093682736158371
trillionlabs/Tri-0.5B-Base,0,0.0,mean,,zh,en,512,matched_cosine,0.29749298095703125
trillionlabs/Tri-0.5B-Base,0,0.0,mean,,zh,en,512,unmatched_cosine,0.06981435418128967
trillionlabs/Tri-0.5B-Base,0,0.0,mean,,zh,en,512,cosine_margin,0.22767862677574158
trillionlabs/Tri-0.5B-Base,0,0.0,mean,,zh,ko,512,matched_cosine,0.31573593616485596
trillionlabs/Tri-0.5B-Base,0,0.0,mean,,zh,ko,512,unmatched_cosine,0.12144166231155396
trillionlabs/Tri-0.5B-Base,0,0.0,mean,,zh,ko,512,cosine_margin,0.194294273853302
trillionlabs/Tri-0.5B-Base,0,0.0,mean,,zh,ja,512,matched_cosine,0.385902464389801
trillionlabs/Tri-0.5B-Base,0,0.0,mean,,zh,ja,512,unmatched_cosine,0.17549386620521545
trillionlabs/Tri-0.5B-Base,0,0.0,mean,,zh,ja,512,cosine_margin,0.21040859818458557
trillionlabs/Tri-0.5B-Base,1,0.041666666666666664,mean,en,,,512,centroid_norm,0.9816281795501709
trillionlabs/Tri-0.5B-Base,1,0.041666666666666664,mean,en,,,512,within_language_cosine,0.9635226553900135
trillionlabs/Tri-0.5B-Base,1,0.041666666666666664,mean,en,,,512,stable_rank,20.260162290629484
trillionlabs/Tri-0.5B-Base,1,0.041666666666666664,mean,ko,,,512,centroid_norm,0.9744259119033813
trillionlabs/Tri-0.5B-Base,1,0.041666666666666664,mean,ko,,,512,within_language_cosine,0.9494069914995108
trillionlabs/Tri-0.5B-Base,1,0.041666666666666664,mean,ko,,,512,stable_rank,18.278097293082617
trillionlabs/Tri-0.5B-Base,1,0.041666666666666664,mean,ja,,,512,centroid_norm,0.977791428565979
trillionlabs/Tri-0.5B-Base,1,0.041666666666666664,mean,ja,,,512,within_language_cosine,0.9559900690664751
trillionlabs/Tri-0.5B-Base,1,0.041666666666666664,mean,ja,,,512,stable_rank,13.356421782122808
trillionlabs/Tri-0.5B-Base,1,0.041666666666666664,mean,zh,,,512,centroid_norm,0.9740946888923645
trillionlabs/Tri-0.5B-Base,1,0.041666666666666664,mean,zh,,,512,within_language_cosine,0.9487603293939579
trillionlabs/Tri-0.5B-Base,1,0.041666666666666664,mean,zh,,,512,stable_rank,14.644285761475711
trillionlabs/Tri-0.5B-Base,1,0.041666666666666664,mean,,en,ko,512,matched_cosine,0.9611510634422302
trillionlabs/Tri-0.5B-Base,1,0.041666666666666664,mean,,en,ko,512,unmatched_cosine,0.9447909593582153
trillionlabs/Tri-0.5B-Base,1,0.041666666666666664,mean,,en,ko,512,cosine_margin,0.016360104084014893
trillionlabs/Tri-0.5B-Base,1,0.041666666666666664,mean,,en,ja,512,matched_cosine,0.9579863548278809
trillionlabs/Tri-0.5B-Base,1,0.041666666666666664,mean,,en,ja,512,unmatched_cosine,0.9444853067398071
trillionlabs/Tri-0.5B-Base,1,0.041666666666666664,mean,,en,ja,512,cosine_margin,0.01350104808807373
trillionlabs/Tri-0.5B-Base,1,0.041666666666666664,mean,,en,zh,512,matched_cosine,0.9564751982688904
trillionlabs/Tri-0.5B-Base,1,0.041666666666666664,mean,,en,zh,512,unmatched_cosine,0.940066933631897
trillionlabs/Tri-0.5B-Base,1,0.041666666666666664,mean,,en,zh,512,cosine_margin,0.016408264636993408
trillionlabs/Tri-0.5B-Base,1,0.041666666666666664,mean,,ko,en,512,matched_cosine,0.9611510634422302
trillionlabs/Tri-0.5B-Base,1,0.041666666666666664,mean,,ko,en,512,unmatched_cosine,0.9447524547576904
trillionlabs/Tri-0.5B-Base,1,0.041666666666666664,mean,,ko,en,512,cosine_margin,0.016398608684539795
trillionlabs/Tri-0.5B-Base,1,0.041666666666666664,mean,,ko,ja,512,matched_cosine,0.9625271558761597
trillionlabs/Tri-0.5B-Base,1,0.041666666666666664,mean,,ko,ja,512,unmatched_cosine,0.9448229670524597
trillionlabs/Tri-0.5B-Base,1,0.041666666666666664,mean,,ko,ja,512,cosine_margin,0.01770418882369995
trillionlabs/Tri-0.5B-Base,1,0.041666666666666664,mean,,ko,zh,512,matched_cosine,0.9564675688743591
trillionlabs/Tri-0.5B-Base,1,0.041666666666666664,mean,,ko,zh,512,unmatched_cosine,0.939391016960144
trillionlabs/Tri-0.5B-Base,1,0.041666666666666664,mean,,ko,zh,512,cosine_margin,0.017076551914215088
trillionlabs/Tri-0.5B-Base,1,0.041666666666666664,mean,,ja,en,512,matched_cosine,0.9579863548278809
trillionlabs/Tri-0.5B-Base,1,0.041666666666666664,mean,,ja,en,512,unmatched_cosine,0.9445971250534058
trillionlabs/Tri-0.5B-Base,1,0.041666666666666664,mean,,ja,en,512,cosine_margin,0.013389229774475098
trillionlabs/Tri-0.5B-Base,1,0.041666666666666664,mean,,ja,ko,512,matched_cosine,0.9625271558761597
trillionlabs/Tri-0.5B-Base,1,0.041666666666666664,mean,,ja,ko,512,unmatched_cosine,0.9445080161094666
trillionlabs/Tri-0.5B-Base,1,0.041666666666666664,mean,,ja,ko,512,cosine_margin,0.018019139766693115
trillionlabs/Tri-0.5B-Base,1,0.041666666666666664,mean,,ja,zh,512,matched_cosine,0.9611400961875916
trillionlabs/Tri-0.5B-Base,1,0.041666666666666664,mean,,ja,zh,512,unmatched_cosine,0.9437301158905029
trillionlabs/Tri-0.5B-Base,1,0.041666666666666664,mean,,ja,zh,512,cosine_margin,0.017409980297088623
trillionlabs/Tri-0.5B-Base,1,0.041666666666666664,mean,,zh,en,512,matched_cosine,0.9564751982688904
trillionlabs/Tri-0.5B-Base,1,0.041666666666666664,mean,,zh,en,512,unmatched_cosine,0.9400767087936401
trillionlabs/Tri-0.5B-Base,1,0.041666666666666664,mean,,zh,en,512,cosine_margin,0.016398489475250244
trillionlabs/Tri-0.5B-Base,1,0.041666666666666664,mean,,zh,ko,512,matched_cosine,0.9564675688743591
trillionlabs/Tri-0.5B-Base,1,0.041666666666666664,mean,,zh,ko,512,unmatched_cosine,0.9395401477813721
trillionlabs/Tri-0.5B-Base,1,0.041666666666666664,mean,,zh,ko,512,cosine_margin,0.01692742109298706
trillionlabs/Tri-0.5B-Base,1,0.041666666666666664,mean,,zh,ja,512,matched_cosine,0.9611400961875916
trillionlabs/Tri-0.5B-Base,1,0.041666666666666664,mean,,zh,ja,512,unmatched_cosine,0.9438723921775818
trillionlabs/Tri-0.5B-Base,1,0.041666666666666664,mean,,zh,ja,512,cosine_margin,0.017267704010009766
trillionlabs/Tri-0.5B-Base,2,0.08333333333333333,mean,en,,,512,centroid_norm,0.9835433959960938
trillionlabs/Tri-0.5B-Base,2,0.08333333333333333,mean,en,,,512,within_language_cosine,0.967293696394172
trillionlabs/Tri-0.5B-Base,2,0.08333333333333333,mean,en,,,512,stable_rank,10.262516949267384
trillionlabs/Tri-0.5B-Base,2,0.08333333333333333,mean,ko,,,512,centroid_norm,0.978060245513916
trillionlabs/Tri-0.5B-Base,2,0.08333333333333333,mean,ko,,,512,within_language_cosine,0.9565169302684687
trillionlabs/Tri-0.5B-Base,2,0.08333333333333333,mean,ko,,,512,stable_rank,8.048922139574744
trillionlabs/Tri-0.5B-Base,2,0.08333333333333333,mean,ja,,,512,centroid_norm,0.9804540872573853
trillionlabs/Tri-0.5B-Base,2,0.08333333333333333,mean,ja,,,512,within_language_cosine,0.9612144873333537
trillionlabs/Tri-0.5B-Base,2,0.08333333333333333,mean,ja,,,512,stable_rank,8.233487807341865
trillionlabs/Tri-0.5B-Base,2,0.08333333333333333,mean,zh,,,512,centroid_norm,0.9792109131813049
trillionlabs/Tri-0.5B-Base,2,0.08333333333333333,mean,zh,,,512,within_language_cosine,0.9587734991323691
trillionlabs/Tri-0.5B-Base,2,0.08333333333333333,mean,zh,,,512,stable_rank,8.35954698858484
trillionlabs/Tri-0.5B-Base,2,0.08333333333333333,mean,,en,ko,512,matched_cosine,0.961104691028595
trillionlabs/Tri-0.5B-Base,2,0.08333333333333333,mean,,en,ko,512,unmatched_cosine,0.9462657570838928
trillionlabs/Tri-0.5B-Base,2,0.08333333333333333,mean,,en,ko,512,cosine_margin,0.014838933944702148
trillionlabs/Tri-0.5B-Base,2,0.08333333333333333,mean,,en,ja,512,matched_cosine,0.9544654488563538
trillionlabs/Tri-0.5B-Base,2,0.08333333333333333,mean,,en,ja,512,unmatched_cosine,0.9418929815292358
trillionlabs/Tri-0.5B-Base,2,0.08333333333333333,mean,,en,ja,512,cosine_margin,0.01257246732711792
trillionlabs/Tri-0.5B-Base,2,0.08333333333333333,mean,,en,zh,512,matched_cosine,0.954876184463501
trillionlabs/Tri-0.5B-Base,2,0.08333333333333333,mean,,en,zh,512,unmatched_cosine,0.9405219554901123
trillionlabs/Tri-0.5B-Base,2,0.08333333333333333,mean,,en,zh,512,cosine_margin,0.014354228973388672
trillionlabs/Tri-0.5B-Base,2,0.08333333333333333,mean,,ko,en,512,matched_cosine,0.961104691028595
trillionlabs/Tri-0.5B-Base,2,0.08333333333333333,mean,,ko,en,512,unmatched_cosine,0.9460839629173279
trillionlabs/Tri-0.5B-Base,2,0.08333333333333333,mean,,ko,en,512,cosine_margin,0.01502072811126709
trillionlabs/Tri-0.5B-Base,2,0.08333333333333333,mean,,ko,ja,512,matched_cosine,0.962530255317688
trillionlabs/Tri-0.5B-Base,2,0.08333333333333333,mean,,ko,ja,512,unmatched_cosine,0.9455145597457886
trillionlabs/Tri-0.5B-Base,2,0.08333333333333333,mean,,ko,ja,512,cosine_margin,0.017015695571899414
trillionlabs/Tri-0.5B-Base,2,0.08333333333333333,mean,,ko,zh,512,matched_cosine,0.9555606842041016
trillionlabs/Tri-0.5B-Base,2,0.08333333333333333,mean,,ko,zh,512,unmatched_cosine,0.9400686025619507
trillionlabs/Tri-0.5B-Base,2,0.08333333333333333,mean,,ko,zh,512,cosine_margin,0.015492081642150879
trillionlabs/Tri-0.5B-Base,2,0.08333333333333333,mean,,ja,en,512,matched_cosine,0.9544654488563538
trillionlabs/Tri-0.5B-Base,2,0.08333333333333333,mean,,ja,en,512,unmatched_cosine,0.9417910575866699
trillionlabs/Tri-0.5B-Base,2,0.08333333333333333,mean,,ja,en,512,cosine_margin,0.012674391269683838
trillionlabs/Tri-0.5B-Base,2,0.08333333333333333,mean,,ja,ko,512,matched_cosine,0.962530255317688
trillionlabs/Tri-0.5B-Base,2,0.08333333333333333,mean,,ja,ko,512,unmatched_cosine,0.9456318616867065
trillionlabs/Tri-0.5B-Base,2,0.08333333333333333,mean,,ja,ko,512,cosine_margin,0.016898393630981445
trillionlabs/Tri-0.5B-Base,2,0.08333333333333333,mean,,ja,zh,512,matched_cosine,0.9601728916168213
trillionlabs/Tri-0.5B-Base,2,0.08333333333333333,mean,,ja,zh,512,unmatched_cosine,0.9443499445915222
trillionlabs/Tri-0.5B-Base,2,0.08333333333333333,mean,,ja,zh,512,cosine_margin,0.015822947025299072
trillionlabs/Tri-0.5B-Base,2,0.08333333333333333,mean,,zh,en,512,matched_cosine,0.954876184463501
trillionlabs/Tri-0.5B-Base,2,0.08333333333333333,mean,,zh,en,512,unmatched_cosine,0.9404851198196411
trillionlabs/Tri-0.5B-Base,2,0.08333333333333333,mean,,zh,en,512,cosine_margin,0.014391064643859863
trillionlabs/Tri-0.5B-Base,2,0.08333333333333333,mean,,zh,ko,512,matched_cosine,0.9555606842041016
trillionlabs/Tri-0.5B-Base,2,0.08333333333333333,mean,,zh,ko,512,unmatched_cosine,0.9405680894851685
trillionlabs/Tri-0.5B-Base,2,0.08333333333333333,mean,,zh,ko,512,cosine_margin,0.014992594718933105
trillionlabs/Tri-0.5B-Base,2,0.08333333333333333,mean,,zh,ja,512,matched_cosine,0.9601728916168213
trillionlabs/Tri-0.5B-Base,2,0.08333333333333333,mean,,zh,ja,512,unmatched_cosine,0.944412112236023
trillionlabs/Tri-0.5B-Base,2,0.08333333333333333,mean,,zh,ja,512,cosine_margin,0.01576077938079834
trillionlabs/Tri-0.5B-Base,3,0.125,mean,en,,,512,centroid_norm,0.9822714328765869
trillionlabs/Tri-0.5B-Base,3,0.125,mean,en,,,512,within_language_cosine,0.96478844808739
trillionlabs/Tri-0.5B-Base,3,0.125,mean,en,,,512,stable_rank,10.369796202983233
trillionlabs/Tri-0.5B-Base,3,0.125,mean,ko,,,512,centroid_norm,0.9793395400047302
trillionlabs/Tri-0.5B-Base,3,0.125,mean,ko,,,512,within_language_cosine,0.9590259410163894
trillionlabs/Tri-0.5B-Base,3,0.125,mean,ko,,,512,stable_rank,8.166403089403909
trillionlabs/Tri-0.5B-Base,3,0.125,mean,ja,,,512,centroid_norm,0.981732964515686
trillionlabs/Tri-0.5B-Base,3,0.125,mean,ja,,,512,within_language_cosine,0.963728813275899
trillionlabs/Tri-0.5B-Base,3,0.125,mean,ja,,,512,stable_rank,9.654126953907406
trillionlabs/Tri-0.5B-Base,3,0.125,mean,zh,,,512,centroid_norm,0.9799993634223938
trillionlabs/Tri-0.5B-Base,3,0.125,mean,zh,,,512,within_language_cosine,0.9603212360299963
trillionlabs/Tri-0.5B-Base,3,0.125,mean,zh,,,512,stable_rank,7.928768577582526
trillionlabs/Tri-0.5B-Base,3,0.125,mean,,en,ko,512,matched_cosine,0.9541369676589966
trillionlabs/Tri-0.5B-Base,3,0.125,mean,,en,ko,512,unmatched_cosine,0.9377742409706116
trillionlabs/Tri-0.5B-Base,3,0.125,mean,,en,ko,512,cosine_margin,0.01636272668838501
trillionlabs/Tri-0.5B-Base,3,0.125,mean,,en,ja,512,matched_cosine,0.9470627307891846
trillionlabs/Tri-0.5B-Base,3,0.125,mean,,en,ja,512,unmatched_cosine,0.9328814744949341
trillionlabs/Tri-0.5B-Base,3,0.125,mean,,en,ja,512,cosine_margin,0.014181256294250488
trillionlabs/Tri-0.5B-Base,3,0.125,mean,,en,zh,512,matched_cosine,0.9483171701431274
trillionlabs/Tri-0.5B-Base,3,0.125,mean,,en,zh,512,unmatched_cosine,0.9321718811988831
trillionlabs/Tri-0.5B-Base,3,0.125,mean,,en,zh,512,cosine_margin,0.016145288944244385
trillionlabs/Tri-0.5B-Base,3,0.125,mean,,ko,en,512,matched_cosine,0.9541369676589966
trillionlabs/Tri-0.5B-Base,3,0.125,mean,,ko,en,512,unmatched_cosine,0.9377571940422058
trillionlabs/Tri-0.5B-Base,3,0.125,mean,,ko,en,512,cosine_margin,0.01637977361679077
trillionlabs/Tri-0.5B-Base,3,0.125,mean,,ko,ja,512,matched_cosine,0.9555321335792542
trillionlabs/Tri-0.5B-Base,3,0.125,mean,,ko,ja,512,unmatched_cosine,0.9382498264312744
trillionlabs/Tri-0.5B-Base,3,0.125,mean,,ko,ja,512,cosine_margin,0.017282307147979736
trillionlabs/Tri-0.5B-Base,3,0.125,mean,,ko,zh,512,matched_cosine,0.9460073709487915
trillionlabs/Tri-0.5B-Base,3,0.125,mean,,ko,zh,512,unmatched_cosine,0.9298597574234009
trillionlabs/Tri-0.5B-Base,3,0.125,mean,,ko,zh,512,cosine_margin,0.016147613525390625
trillionlabs/Tri-0.5B-Base,3,0.125,mean,,ja,en,512,matched_cosine,0.9470627307891846
trillionlabs/Tri-0.5B-Base,3,0.125,mean,,ja,en,512,unmatched_cosine,0.9329962730407715
trillionlabs/Tri-0.5B-Base,3,0.125,mean,,ja,en,512,cosine_margin,0.014066457748413086
trillionlabs/Tri-0.5B-Base,3,0.125,mean,,ja,ko,512,matched_cosine,0.9555321335792542
trillionlabs/Tri-0.5B-Base,3,0.125,mean,,ja,ko,512,unmatched_cosine,0.9382438659667969
trillionlabs/Tri-0.5B-Base,3,0.125,mean,,ja,ko,512,cosine_margin,0.017288267612457275
trillionlabs/Tri-0.5B-Base,3,0.125,mean,,ja,zh,512,matched_cosine,0.9577961564064026
trillionlabs/Tri-0.5B-Base,3,0.125,mean,,ja,zh,512,unmatched_cosine,0.9412476420402527
trillionlabs/Tri-0.5B-Base,3,0.125,mean,,ja,zh,512,cosine_margin,0.016548514366149902
trillionlabs/Tri-0.5B-Base,3,0.125,mean,,zh,en,512,matched_cosine,0.9483171701431274
trillionlabs/Tri-0.5B-Base,3,0.125,mean,,zh,en,512,unmatched_cosine,0.9322806000709534
trillionlabs/Tri-0.5B-Base,3,0.125,mean,,zh,en,512,cosine_margin,0.016036570072174072
trillionlabs/Tri-0.5B-Base,3,0.125,mean,,zh,ko,512,matched_cosine,0.9460073709487915
trillionlabs/Tri-0.5B-Base,3,0.125,mean,,zh,ko,512,unmatched_cosine,0.930036187171936
trillionlabs/Tri-0.5B-Base,3,0.125,mean,,zh,ko,512,cosine_margin,0.01597118377685547
trillionlabs/Tri-0.5B-Base,3,0.125,mean,,zh,ja,512,matched_cosine,0.9577961564064026
trillionlabs/Tri-0.5B-Base,3,0.125,mean,,zh,ja,512,unmatched_cosine,0.9413564205169678
trillionlabs/Tri-0.5B-Base,3,0.125,mean,,zh,ja,512,cosine_margin,0.016439735889434814
trillionlabs/Tri-0.5B-Base,4,0.16666666666666666,mean,en,,,512,centroid_norm,0.9762287139892578
trillionlabs/Tri-0.5B-Base,4,0.16666666666666666,mean,en,,,512,within_language_cosine,0.952930607207834
trillionlabs/Tri-0.5B-Base,4,0.16666666666666666,mean,en,,,512,stable_rank,13.86108359734587
trillionlabs/Tri-0.5B-Base,4,0.16666666666666666,mean,ko,,,512,centroid_norm,0.973597526550293
trillionlabs/Tri-0.5B-Base,4,0.16666666666666666,mean,ko,,,512,within_language_cosine,0.9477902167930529
trillionlabs/Tri-0.5B-Base,4,0.16666666666666666,mean,ko,,,512,stable_rank,10.994617304392484
trillionlabs/Tri-0.5B-Base,4,0.16666666666666666,mean,ja,,,512,centroid_norm,0.9766616821289062
trillionlabs/Tri-0.5B-Base,4,0.16666666666666666,mean,ja,,,512,within_language_cosine,0.9537778133982082
trillionlabs/Tri-0.5B-Base,4,0.16666666666666666,mean,ja,,,512,stable_rank,11.985180214007162
trillionlabs/Tri-0.5B-Base,4,0.16666666666666666,mean,zh,,,512,centroid_norm,0.9746680855751038
trillionlabs/Tri-0.5B-Base,4,0.16666666666666666,mean,zh,,,512,within_language_cosine,0.9498800438210923
trillionlabs/Tri-0.5B-Base,4,0.16666666666666666,mean,zh,,,512,stable_rank,10.098472667656393
trillionlabs/Tri-0.5B-Base,4,0.16666666666666666,mean,,en,ko,512,matched_cosine,0.9494413733482361
trillionlabs/Tri-0.5B-Base,4,0.16666666666666666,mean,,en,ko,512,unmatched_cosine,0.9263080358505249
trillionlabs/Tri-0.5B-Base,4,0.16666666666666666,mean,,en,ko,512,cosine_margin,0.02313333749771118
trillionlabs/Tri-0.5B-Base,4,0.16666666666666666,mean,,en,ja,512,matched_cosine,0.9420740604400635
trillionlabs/Tri-0.5B-Base,4,0.16666666666666666,mean,,en,ja,512,unmatched_cosine,0.9220371842384338
trillionlabs/Tri-0.5B-Base,4,0.16666666666666666,mean,,en,ja,512,cosine_margin,0.02003687620162964
trillionlabs/Tri-0.5B-Base,4,0.16666666666666666,mean,,en,zh,512,matched_cosine,0.9439969658851624
trillionlabs/Tri-0.5B-Base,4,0.16666666666666666,mean,,en,zh,512,unmatched_cosine,0.9215989708900452
trillionlabs/Tri-0.5B-Base,4,0.16666666666666666,mean,,en,zh,512,cosine_margin,0.022397994995117188
trillionlabs/Tri-0.5B-Base,4,0.16666666666666666,mean,,ko,en,512,matched_cosine,0.9494413733482361
trillionlabs/Tri-0.5B-Base,4,0.16666666666666666,mean,,ko,en,512,unmatched_cosine,0.9260733127593994
trillionlabs/Tri-0.5B-Base,4,0.16666666666666666,mean,,ko,en,512,cosine_margin,0.02336806058883667
trillionlabs/Tri-0.5B-Base,4,0.16666666666666666,mean,,ko,ja,512,matched_cosine,0.9516619443893433
trillionlabs/Tri-0.5B-Base,4,0.16666666666666666,mean,,ko,ja,512,unmatched_cosine,0.9280752539634705
trillionlabs/Tri-0.5B-Base,4,0.16666666666666666,mean,,ko,ja,512,cosine_margin,0.023586690425872803
trillionlabs/Tri-0.5B-Base,4,0.16666666666666666,mean,,ko,zh,512,matched_cosine,0.941508412361145
trillionlabs/Tri-0.5B-Base,4,0.16666666666666666,mean,,ko,zh,512,unmatched_cosine,0.9194467663764954
trillionlabs/Tri-0.5B-Base,4,0.16666666666666666,mean,,ko,zh,512,cosine_margin,0.022061645984649658
trillionlabs/Tri-0.5B-Base,4,0.16666666666666666,mean,,ja,en,512,matched_cosine,0.9420740604400635
trillionlabs/Tri-0.5B-Base,4,0.16666666666666666,mean,,ja,en,512,unmatched_cosine,0.921963095664978
trillionlabs/Tri-0.5B-Base,4,0.16666666666666666,mean,,ja,en,512,cosine_margin,0.02011096477508545
trillionlabs/Tri-0.5B-Base,4,0.16666666666666666,mean,,ja,ko,512,matched_cosine,0.9516619443893433
trillionlabs/Tri-0.5B-Base,4,0.16666666666666666,mean,,ja,ko,512,unmatched_cosine,0.9280291795730591
trillionlabs/Tri-0.5B-Base,4,0.16666666666666666,mean,,ja,ko,512,cosine_margin,0.02363276481628418
trillionlabs/Tri-0.5B-Base,4,0.16666666666666666,mean,,ja,zh,512,matched_cosine,0.9536643028259277
trillionlabs/Tri-0.5B-Base,4,0.16666666666666666,mean,,ja,zh,512,unmatched_cosine,0.9317707419395447
trillionlabs/Tri-0.5B-Base,4,0.16666666666666666,mean,,ja,zh,512,cosine_margin,0.021893560886383057
trillionlabs/Tri-0.5B-Base,4,0.16666666666666666,mean,,zh,en,512,matched_cosine,0.9439969658851624
trillionlabs/Tri-0.5B-Base,4,0.16666666666666666,mean,,zh,en,512,unmatched_cosine,0.9213220477104187
trillionlabs/Tri-0.5B-Base,4,0.16666666666666666,mean,,zh,en,512,cosine_margin,0.022674918174743652
trillionlabs/Tri-0.5B-Base,4,0.16666666666666666,mean,,zh,ko,512,matched_cosine,0.941508412361145
trillionlabs/Tri-0.5B-Base,4,0.16666666666666666,mean,,zh,ko,512,unmatched_cosine,0.9194616675376892
trillionlabs/Tri-0.5B-Base,4,0.16666666666666666,mean,,zh,ko,512,cosine_margin,0.02204674482345581
trillionlabs/Tri-0.5B-Base,4,0.16666666666666666,mean,,zh,ja,512,matched_cosine,0.9536643028259277
trillionlabs/Tri-0.5B-Base,4,0.16666666666666666,mean,,zh,ja,512,unmatched_cosine,0.9316139221191406
trillionlabs/Tri-0.5B-Base,4,0.16666666666666666,mean,,zh,ja,512,cosine_margin,0.02205038070678711
trillionlabs/Tri-0.5B-Base,5,0.20833333333333334,mean,en,,,512,centroid_norm,0.9750927090644836
trillionlabs/Tri-0.5B-Base,5,0.20833333333333334,mean,en,,,512,within_language_cosine,0.9507095127889554
trillionlabs/Tri-0.5B-Base,5,0.20833333333333334,mean,en,,,512,stable_rank,16.496076599750765
trillionlabs/Tri-0.5B-Base,5,0.20833333333333334,mean,ko,,,512,centroid_norm,0.9725009799003601
trillionlabs/Tri-0.5B-Base,5,0.20833333333333334,mean,ko,,,512,within_language_cosine,0.9456519558005136
trillionlabs/Tri-0.5B-Base,5,0.20833333333333334,mean,ko,,,512,stable_rank,11.73973873091683
trillionlabs/Tri-0.5B-Base,5,0.20833333333333334,mean,ja,,,512,centroid_norm,0.9754910469055176
trillionlabs/Tri-0.5B-Base,5,0.20833333333333334,mean,ja,,,512,within_language_cosine,0.9514879797769386
trillionlabs/Tri-0.5B-Base,5,0.20833333333333334,mean,ja,,,512,stable_rank,11.962656907306274
trillionlabs/Tri-0.5B-Base,5,0.20833333333333334,mean,zh,,,512,centroid_norm,0.9736540913581848
trillionlabs/Tri-0.5B-Base,5,0.20833333333333334,mean,zh,,,512,within_language_cosine,0.9479005817331213
trillionlabs/Tri-0.5B-Base,5,0.20833333333333334,mean,zh,,,512,stable_rank,10.939978200772657
trillionlabs/Tri-0.5B-Base,5,0.20833333333333334,mean,,en,ko,512,matched_cosine,0.9497365951538086
trillionlabs/Tri-0.5B-Base,5,0.20833333333333334,mean,,en,ko,512,unmatched_cosine,0.9247958064079285
trillionlabs/Tri-0.5B-Base,5,0.20833333333333334,mean,,en,ko,512,cosine_margin,0.024940788745880127
trillionlabs/Tri-0.5B-Base,5,0.20833333333333334,mean,,en,ja,512,matched_cosine,0.9424879550933838
trillionlabs/Tri-0.5B-Base,5,0.20833333333333334,mean,,en,ja,512,unmatched_cosine,0.9208111763000488
trillionlabs/Tri-0.5B-Base,5,0.20833333333333334,mean,,en,ja,512,cosine_margin,0.02167677879333496
trillionlabs/Tri-0.5B-Base,5,0.20833333333333334,mean,,en,zh,512,matched_cosine,0.9436790943145752
trillionlabs/Tri-0.5B-Base,5,0.20833333333333334,mean,,en,zh,512,unmatched_cosine,0.9194145798683167
trillionlabs/Tri-0.5B-Base,5,0.20833333333333334,mean,,en,zh,512,cosine_margin,0.024264514446258545
trillionlabs/Tri-0.5B-Base,5,0.20833333333333334,mean,,ko,en,512,matched_cosine,0.9497365951538086
trillionlabs/Tri-0.5B-Base,5,0.20833333333333334,mean,,ko,en,512,unmatched_cosine,0.9251605272293091
trillionlabs/Tri-0.5B-Base,5,0.20833333333333334,mean,,ko,en,512,cosine_margin,0.02457606792449951
trillionlabs/Tri-0.5B-Base,5,0.20833333333333334,mean,,ko,ja,512,matched_cosine,0.9521719813346863
trillionlabs/Tri-0.5B-Base,5,0.20833333333333334,mean,,ko,ja,512,unmatched_cosine,0.9267148375511169
trillionlabs/Tri-0.5B-Base,5,0.20833333333333334,mean,,ko,ja,512,cosine_margin,0.025457143783569336
trillionlabs/Tri-0.5B-Base,5,0.20833333333333334,mean,,ko,zh,512,matched_cosine,0.9405968189239502
trillionlabs/Tri-0.5B-Base,5,0.20833333333333334,mean,,ko,zh,512,unmatched_cosine,0.9169754981994629
trillionlabs/Tri-0.5B-Base,5,0.20833333333333334,mean,,ko,zh,512,cosine_margin,0.023621320724487305
trillionlabs/Tri-0.5B-Base,5,0.20833333333333334,mean,,ja,en,512,matched_cosine,0.9424879550933838
trillionlabs/Tri-0.5B-Base,5,0.20833333333333334,mean,,ja,en,512,unmatched_cosine,0.9209604263305664
trillionlabs/Tri-0.5B-Base,5,0.20833333333333334,mean,,ja,en,512,cosine_margin,0.021527528762817383
trillionlabs/Tri-0.5B-Base,5,0.20833333333333334,mean,,ja,ko,512,matched_cosine,0.9521719813346863
trillionlabs/Tri-0.5B-Base,5,0.20833333333333334,mean,,ja,ko,512,unmatched_cosine,0.9265225529670715
trillionlabs/Tri-0.5B-Base,5,0.20833333333333334,mean,,ja,ko,512,cosine_margin,0.025649428367614746
trillionlabs/Tri-0.5B-Base,5,0.20833333333333334,mean,,ja,zh,512,matched_cosine,0.9532577991485596
trillionlabs/Tri-0.5B-Base,5,0.20833333333333334,mean,,ja,zh,512,unmatched_cosine,0.9294829368591309
trillionlabs/Tri-0.5B-Base,5,0.20833333333333334,mean,,ja,zh,512,cosine_margin,0.02377486228942871
trillionlabs/Tri-0.5B-Base,5,0.20833333333333334,mean,,zh,en,512,matched_cosine,0.9436790943145752
trillionlabs/Tri-0.5B-Base,5,0.20833333333333334,mean,,zh,en,512,unmatched_cosine,0.9196692705154419
trillionlabs/Tri-0.5B-Base,5,0.20833333333333334,mean,,zh,en,512,cosine_margin,0.0240098237991333
trillionlabs/Tri-0.5B-Base,5,0.20833333333333334,mean,,zh,ko,512,matched_cosine,0.9405968189239502
trillionlabs/Tri-0.5B-Base,5,0.20833333333333334,mean,,zh,ko,512,unmatched_cosine,0.9168915748596191
trillionlabs/Tri-0.5B-Base,5,0.20833333333333334,mean,,zh,ko,512,cosine_margin,0.023705244064331055
trillionlabs/Tri-0.5B-Base,5,0.20833333333333334,mean,,zh,ja,512,matched_cosine,0.9532577991485596
trillionlabs/Tri-0.5B-Base,5,0.20833333333333334,mean,,zh,ja,512,unmatched_cosine,0.9294639229774475
trillionlabs/Tri-0.5B-Base,5,0.20833333333333334,mean,,zh,ja,512,cosine_margin,0.02379387617111206
trillionlabs/Tri-0.5B-Base,6,0.25,mean,en,,,512,centroid_norm,0.9669387936592102
trillionlabs/Tri-0.5B-Base,6,0.25,mean,en,,,512,within_language_cosine,0.9348434179496392
trillionlabs/Tri-0.5B-Base,6,0.25,mean,en,,,512,stable_rank,17.686474130119706
trillionlabs/Tri-0.5B-Base,6,0.25,mean,ko,,,512,centroid_norm,0.9642901420593262
trillionlabs/Tri-0.5B-Base,6,0.25,mean,ko,,,512,within_language_cosine,0.9297181967419887
trillionlabs/Tri-0.5B-Base,6,0.25,mean,ko,,,512,stable_rank,15.53083755175059
trillionlabs/Tri-0.5B-Base,6,0.25,mean,ja,,,512,centroid_norm,0.9685888290405273
trillionlabs/Tri-0.5B-Base,6,0.25,mean,ja,,,512,within_language_cosine,0.9380433442774584
trillionlabs/Tri-0.5B-Base,6,0.25,mean,ja,,,512,stable_rank,13.063925005146771
trillionlabs/Tri-0.5B-Base,6,0.25,mean,zh,,,512,centroid_norm,0.9666969180107117
trillionlabs/Tri-0.5B-Base,6,0.25,mean,zh,,,512,within_language_cosine,0.9343747252820755
trillionlabs/Tri-0.5B-Base,6,0.25,mean,zh,,,512,stable_rank,12.579363968524497
trillionlabs/Tri-0.5B-Base,6,0.25,mean,,en,ko,512,matched_cosine,0.9410525560379028
trillionlabs/Tri-0.5B-Base,6,0.25,mean,,en,ko,512,unmatched_cosine,0.9072133302688599
trillionlabs/Tri-0.5B-Base,6,0.25,mean,,en,ko,512,cosine_margin,0.03383922576904297
trillionlabs/Tri-0.5B-Base,6,0.25,mean,,en,ja,512,matched_cosine,0.9328042268753052
trillionlabs/Tri-0.5B-Base,6,0.25,mean,,en,ja,512,unmatched_cosine,0.9026915431022644
trillionlabs/Tri-0.5B-Base,6,0.25,mean,,en,ja,512,cosine_margin,0.03011268377304077
trillionlabs/Tri-0.5B-Base,6,0.25,mean,,en,zh,512,matched_cosine,0.9345327019691467
trillionlabs/Tri-0.5B-Base,6,0.25,mean,,en,zh,512,unmatched_cosine,0.9016245603561401
trillionlabs/Tri-0.5B-Base,6,0.25,mean,,en,zh,512,cosine_margin,0.03290814161300659
trillionlabs/Tri-0.5B-Base,6,0.25,mean,,ko,en,512,matched_cosine,0.9410525560379028
trillionlabs/Tri-0.5B-Base,6,0.25,mean,,ko,en,512,unmatched_cosine,0.9073247909545898
trillionlabs/Tri-0.5B-Base,6,0.25,mean,,ko,en,512,cosine_margin,0.03372776508331299
trillionlabs/Tri-0.5B-Base,6,0.25,mean,,ko,ja,512,matched_cosine,0.9442193508148193
trillionlabs/Tri-0.5B-Base,6,0.25,mean,,ko,ja,512,unmatched_cosine,0.9097452759742737
trillionlabs/Tri-0.5B-Base,6,0.25,mean,,ko,ja,512,cosine_margin,0.034474074840545654
trillionlabs/Tri-0.5B-Base,6,0.25,mean,,ko,zh,512,matched_cosine,0.9314124584197998
trillionlabs/Tri-0.5B-Base,6,0.25,mean,,ko,zh,512,unmatched_cosine,0.8996599316596985
trillionlabs/Tri-0.5B-Base,6,0.25,mean,,ko,zh,512,cosine_margin,0.03175252676010132
trillionlabs/Tri-0.5B-Base,6,0.25,mean,,ja,en,512,matched_cosine,0.9328042268753052
trillionlabs/Tri-0.5B-Base,6,0.25,mean,,ja,en,512,unmatched_cosine,0.9025331735610962
trillionlabs/Tri-0.5B-Base,6,0.25,mean,,ja,en,512,cosine_margin,0.030271053314208984
trillionlabs/Tri-0.5B-Base,6,0.25,mean,,ja,ko,512,matched_cosine,0.9442193508148193
trillionlabs/Tri-0.5B-Base,6,0.25,mean,,ja,ko,512,unmatched_cosine,0.9094428420066833
trillionlabs/Tri-0.5B-Base,6,0.25,mean,,ja,ko,512,cosine_margin,0.034776508808135986
trillionlabs/Tri-0.5B-Base,6,0.25,mean,,ja,zh,512,matched_cosine,0.9468796253204346
trillionlabs/Tri-0.5B-Base,6,0.25,mean,,ja,zh,512,unmatched_cosine,0.914701521396637
trillionlabs/Tri-0.5B-Base,6,0.25,mean,,ja,zh,512,cosine_margin,0.03217810392379761
trillionlabs/Tri-0.5B-Base,6,0.25,mean,,zh,en,512,matched_cosine,0.9345327019691467
trillionlabs/Tri-0.5B-Base,6,0.25,mean,,zh,en,512,unmatched_cosine,0.9013687372207642
trillionlabs/Tri-0.5B-Base,6,0.25,mean,,zh,en,512,cosine_margin,0.03316396474838257
trillionlabs/Tri-0.5B-Base,6,0.25,mean,,zh,ko,512,matched_cosine,0.9314124584197998
trillionlabs/Tri-0.5B-Base,6,0.25,mean,,zh,ko,512,unmatched_cosine,0.8993025422096252
trillionlabs/Tri-0.5B-Base,6,0.25,mean,,zh,ko,512,cosine_margin,0.03210991621017456
trillionlabs/Tri-0.5B-Base,6,0.25,mean,,zh,ja,512,matched_cosine,0.9468796253204346
trillionlabs/Tri-0.5B-Base,6,0.25,mean,,zh,ja,512,unmatched_cosine,0.9146525263786316
trillionlabs/Tri-0.5B-Base,6,0.25,mean,,zh,ja,512,cosine_margin,0.03222709894180298
trillionlabs/Tri-0.5B-Base,7,0.2916666666666667,mean,en,,,512,centroid_norm,0.996472179889679
trillionlabs/Tri-0.5B-Base,7,0.2916666666666667,mean,en,,,512,within_language_cosine,0.9929430340134234
trillionlabs/Tri-0.5B-Base,7,0.2916666666666667,mean,en,,,512,stable_rank,1.0114839403748015
trillionlabs/Tri-0.5B-Base,7,0.2916666666666667,mean,ko,,,512,centroid_norm,0.9979498386383057
trillionlabs/Tri-0.5B-Base,7,0.2916666666666667,mean,ko,,,512,within_language_cosine,0.9958958336518469
trillionlabs/Tri-0.5B-Base,7,0.2916666666666667,mean,ko,,,512,stable_rank,1.0055703192753913
trillionlabs/Tri-0.5B-Base,7,0.2916666666666667,mean,ja,,,512,centroid_norm,0.9979645609855652
trillionlabs/Tri-0.5B-Base,7,0.2916666666666667,mean,ja,,,512,within_language_cosine,0.9959253359680773
trillionlabs/Tri-0.5B-Base,7,0.2916666666666667,mean,ja,,,512,stable_rank,1.0076140804514588
trillionlabs/Tri-0.5B-Base,7,0.2916666666666667,mean,zh,,,512,centroid_norm,0.9974359273910522
trillionlabs/Tri-0.5B-Base,7,0.2916666666666667,mean,zh,,,512,within_language_cosine,0.9948683886145425
trillionlabs/Tri-0.5B-Base,7,0.2916666666666667,mean,zh,,,512,stable_rank,1.0069386476325046
trillionlabs/Tri-0.5B-Base,7,0.2916666666666667,mean,,en,ko,512,matched_cosine,0.995445191860199
trillionlabs/Tri-0.5B-Base,7,0.2916666666666667,mean,,en,ko,512,unmatched_cosine,0.9923136830329895
trillionlabs/Tri-0.5B-Base,7,0.2916666666666667,mean,,en,ko,512,cosine_margin,0.0031315088272094727
trillionlabs/Tri-0.5B-Base,7,0.2916666666666667,mean,,en,ja,512,matched_cosine,0.9959988594055176
trillionlabs/Tri-0.5B-Base,7,0.2916666666666667,mean,,en,ja,512,unmatched_cosine,0.9927496910095215
trillionlabs/Tri-0.5B-Base,7,0.2916666666666667,mean,,en,ja,512,cosine_margin,0.0032491683959960938
trillionlabs/Tri-0.5B-Base,7,0.2916666666666667,mean,,en,zh,512,matched_cosine,0.995274543762207
trillionlabs/Tri-0.5B-Base,7,0.2916666666666667,mean,,en,zh,512,unmatched_cosine,0.9917058944702148
trillionlabs/Tri-0.5B-Base,7,0.2916666666666667,mean,,en,zh,512,cosine_margin,0.0035686492919921875
trillionlabs/Tri-0.5B-Base,7,0.2916666666666667,mean,,ko,en,512,matched_cosine,0.995445191860199
trillionlabs/Tri-0.5B-Base,7,0.2916666666666667,mean,,ko,en,512,unmatched_cosine,0.992302656173706
trillionlabs/Tri-0.5B-Base,7,0.2916666666666667,mean,,ko,en,512,cosine_margin,0.00314253568649292
trillionlabs/Tri-0.5B-Base,7,0.2916666666666667,mean,,ko,ja,512,matched_cosine,0.9978674650192261
trillionlabs/Tri-0.5B-Base,7,0.2916666666666667,mean,,ko,ja,512,unmatched_cosine,0.9950019121170044
trillionlabs/Tri-0.5B-Base,7,0.2916666666666667,mean,,ko,ja,512,cosine_margin,0.0028655529022216797
trillionlabs/Tri-0.5B-Base,7,0.2916666666666667,mean,,ko,zh,512,matched_cosine,0.9969714879989624
trillionlabs/Tri-0.5B-Base,7,0.2916666666666667,mean,,ko,zh,512,unmatched_cosine,0.9941103458404541
trillionlabs/Tri-0.5B-Base,7,0.2916666666666667,mean,,ko,zh,512,cosine_margin,0.0028611421585083008
trillionlabs/Tri-0.5B-Base,7,0.2916666666666667,mean,,ja,en,512,matched_cosine,0.9959988594055176
trillionlabs/Tri-0.5B-Base,7,0.2916666666666667,mean,,ja,en,512,unmatched_cosine,0.9927123785018921
trillionlabs/Tri-0.5B-Base,7,0.2916666666666667,mean,,ja,en,512,cosine_margin,0.0032864809036254883
trillionlabs/Tri-0.5B-Base,7,0.2916666666666667,mean,,ja,ko,512,matched_cosine,0.9978674650192261
trillionlabs/Tri-0.5B-Base,7,0.2916666666666667,mean,,ja,ko,512,unmatched_cosine,0.9950270652770996
trillionlabs/Tri-0.5B-Base,7,0.2916666666666667,mean,,ja,ko,512,cosine_margin,0.002840399742126465
trillionlabs/Tri-0.5B-Base,7,0.2916666666666667,mean,,ja,zh,512,matched_cosine,0.9979634881019592
trillionlabs/Tri-0.5B-Base,7,0.2916666666666667,mean,,ja,zh,512,unmatched_cosine,0.9948165416717529
trillionlabs/Tri-0.5B-Base,7,0.2916666666666667,mean,,ja,zh,512,cosine_margin,0.003146946430206299
trillionlabs/Tri-0.5B-Base,7,0.2916666666666667,mean,,zh,en,512,matched_cosine,0.995274543762207
trillionlabs/Tri-0.5B-Base,7,0.2916666666666667,mean,,zh,en,512,unmatched_cosine,0.9915337562561035
trillionlabs/Tri-0.5B-Base,7,0.2916666666666667,mean,,zh,en,512,cosine_margin,0.0037407875061035156
trillionlabs/Tri-0.5B-Base,7,0.2916666666666667,mean,,zh,ko,512,matched_cosine,0.9969714879989624
trillionlabs/Tri-0.5B-Base,7,0.2916666666666667,mean,,zh,ko,512,unmatched_cosine,0.9940248727798462
trillionlabs/Tri-0.5B-Base,7,0.2916666666666667,mean,,zh,ko,512,cosine_margin,0.002946615219116211
trillionlabs/Tri-0.5B-Base,7,0.2916666666666667,mean,,zh,ja,512,matched_cosine,0.9979634881019592
trillionlabs/Tri-0.5B-Base,7,0.2916666666666667,mean,,zh,ja,512,unmatched_cosine,0.9947042465209961
trillionlabs/Tri-0.5B-Base,7,0.2916666666666667,mean,,zh,ja,512,cosine_margin,0.0032592415809631348
trillionlabs/Tri-0.5B-Base,8,0.3333333333333333,mean,en,,,512,centroid_norm,0.9962674975395203
trillionlabs/Tri-0.5B-Base,8,0.3333333333333333,mean,en,,,512,within_language_cosine,0.9925343015189273
trillionlabs/Tri-0.5B-Base,8,0.3333333333333333,mean,en,,,512,stable_rank,1.0122291819876852
trillionlabs/Tri-0.5B-Base,8,0.3333333333333333,mean,ko,,,512,centroid_norm,0.9978324174880981
trillionlabs/Tri-0.5B-Base,8,0.3333333333333333,mean,ko,,,512,within_language_cosine,0.9956610095477617
trillionlabs/Tri-0.5B-Base,8,0.3333333333333333,mean,ko,,,512,stable_rank,1.005804585249888
trillionlabs/Tri-0.5B-Base,8,0.3333333333333333,mean,ja,,,512,centroid_norm,0.997858464717865
trillionlabs/Tri-0.5B-Base,8,0.3333333333333333,mean,ja,,,512,within_language_cosine,0.9957130865108244
trillionlabs/Tri-0.5B-Base,8,0.3333333333333333,mean,ja,,,512,stable_rank,1.0079337359461964
trillionlabs/Tri-0.5B-Base,8,0.3333333333333333,mean,zh,,,512,centroid_norm,0.997299313545227
trillionlabs/Tri-0.5B-Base,8,0.3333333333333333,mean,zh,,,512,within_language_cosine,0.9945954026074793
trillionlabs/Tri-0.5B-Base,8,0.3333333333333333,mean,zh,,,512,stable_rank,1.0072498247316581
trillionlabs/Tri-0.5B-Base,8,0.3333333333333333,mean,,en,ko,512,matched_cosine,0.995276927947998
trillionlabs/Tri-0.5B-Base,8,0.3333333333333333,mean,,en,ko,512,unmatched_cosine,0.9920586347579956
trillionlabs/Tri-0.5B-Base,8,0.3333333333333333,mean,,en,ko,512,cosine_margin,0.0032182931900024414
trillionlabs/Tri-0.5B-Base,8,0.3333333333333333,mean,,en,ja,512,matched_cosine,0.995835542678833
trillionlabs/Tri-0.5B-Base,8,0.3333333333333333,mean,,en,ja,512,unmatched_cosine,0.9924259781837463
trillionlabs/Tri-0.5B-Base,8,0.3333333333333333,mean,,en,ja,512,cosine_margin,0.00340956449508667
trillionlabs/Tri-0.5B-Base,8,0.3333333333333333,mean,,en,zh,512,matched_cosine,0.9951162338256836
trillionlabs/Tri-0.5B-Base,8,0.3333333333333333,mean,,en,zh,512,unmatched_cosine,0.9914555549621582
trillionlabs/Tri-0.5B-Base,8,0.3333333333333333,mean,,en,zh,512,cosine_margin,0.0036606788635253906
trillionlabs/Tri-0.5B-Base,8,0.3333333333333333,mean,,ko,en,512,matched_cosine,0.995276927947998
trillionlabs/Tri-0.5B-Base,8,0.3333333333333333,mean,,ko,en,512,unmatched_cosine,0.9919189810752869
trillionlabs/Tri-0.5B-Base,8,0.3333333333333333,mean,,ko,en,512,cosine_margin,0.0033579468727111816
trillionlabs/Tri-0.5B-Base,8,0.3333333333333333,mean,,ko,ja,512,matched_cosine,0.9977976083755493
trillionlabs/Tri-0.5B-Base,8,0.3333333333333333,mean,,ko,ja,512,unmatched_cosine,0.9947792887687683
trillionlabs/Tri-0.5B-Base,8,0.3333333333333333,mean,,ko,ja,512,cosine_margin,0.003018319606781006
trillionlabs/Tri-0.5B-Base,8,0.3333333333333333,mean,,ko,zh,512,matched_cosine,0.9968729019165039
trillionlabs/Tri-0.5B-Base,8,0.3333333333333333,mean,,ko,zh,512,unmatched_cosine,0.9939405918121338
trillionlabs/Tri-0.5B-Base,8,0.3333333333333333,mean,,ko,zh,512,cosine_margin,0.002932310104370117
trillionlabs/Tri-0.5B-Base,8,0.3333333333333333,mean,,ja,en,512,matched_cosine,0.995835542678833
trillionlabs/Tri-0.5B-Base,8,0.3333333333333333,mean,,ja,en,512,unmatched_cosine,0.9924768805503845
trillionlabs/Tri-0.5B-Base,8,0.3333333333333333,mean,,ja,en,512,cosine_margin,0.0033586621284484863
trillionlabs/Tri-0.5B-Base,8,0.3333333333333333,mean,,ja,ko,512,matched_cosine,0.9977976083755493
trillionlabs/Tri-0.5B-Base,8,0.3333333333333333,mean,,ja,ko,512,unmatched_cosine,0.9948839545249939
trillionlabs/Tri-0.5B-Base,8,0.3333333333333333,mean,,ja,ko,512,cosine_margin,0.00291365385055542
trillionlabs/Tri-0.5B-Base,8,0.3333333333333333,mean,,ja,zh,512,matched_cosine,0.9978967905044556
trillionlabs/Tri-0.5B-Base,8,0.3333333333333333,mean,,ja,zh,512,unmatched_cosine,0.9946012496948242
trillionlabs/Tri-0.5B-Base,8,0.3333333333333333,mean,,ja,zh,512,cosine_margin,0.0032955408096313477
trillionlabs/Tri-0.5B-Base,8,0.3333333333333333,mean,,zh,en,512,matched_cosine,0.9951162338256836
trillionlabs/Tri-0.5B-Base,8,0.3333333333333333,mean,,zh,en,512,unmatched_cosine,0.9912914037704468
trillionlabs/Tri-0.5B-Base,8,0.3333333333333333,mean,,zh,en,512,cosine_margin,0.0038248300552368164
trillionlabs/Tri-0.5B-Base,8,0.3333333333333333,mean,,zh,ko,512,matched_cosine,0.9968729019165039
trillionlabs/Tri-0.5B-Base,8,0.3333333333333333,mean,,zh,ko,512,unmatched_cosine,0.9938245415687561
trillionlabs/Tri-0.5B-Base,8,0.3333333333333333,mean,,zh,ko,512,cosine_margin,0.0030483603477478027
trillionlabs/Tri-0.5B-Base,8,0.3333333333333333,mean,,zh,ja,512,matched_cosine,0.9978967905044556
trillionlabs/Tri-0.5B-Base,8,0.3333333333333333,mean,,zh,ja,512,unmatched_cosine,0.9944237470626831
trillionlabs/Tri-0.5B-Base,8,0.3333333333333333,mean,,zh,ja,512,cosine_margin,0.003473043441772461
trillionlabs/Tri-0.5B-Base,9,0.375,mean,en,,,512,centroid_norm,0.9960423111915588
trillionlabs/Tri-0.5B-Base,9,0.375,mean,en,,,512,within_language_cosine,0.9920848391060727
trillionlabs/Tri-0.5B-Base,9,0.375,mean,en,,,512,stable_rank,1.0130632291012027
trillionlabs/Tri-0.5B-Base,9,0.375,mean,ko,,,512,centroid_norm,0.9977121353149414
trillionlabs/Tri-0.5B-Base,9,0.375,mean,ko,,,512,within_language_cosine,0.9954205716426126
trillionlabs/Tri-0.5B-Base,9,0.375,mean,ko,,,512,stable_rank,1.0061543530090336
trillionlabs/Tri-0.5B-Base,9,0.375,mean,ja,,,512,centroid_norm,0.9977385401725769
trillionlabs/Tri-0.5B-Base,9,0.375,mean,ja,,,512,within_language_cosine,0.9954733652611302
trillionlabs/Tri-0.5B-Base,9,0.375,mean,ja,,,512,stable_rank,1.0084641104573047
trillionlabs/Tri-0.5B-Base,9,0.375,mean,zh,,,512,centroid_norm,0.9971776604652405
trillionlabs/Tri-0.5B-Base,9,0.375,mean,zh,,,512,within_language_cosine,0.9943522175230859
trillionlabs/Tri-0.5B-Base,9,0.375,mean,zh,,,512,stable_rank,1.0076561537696918
trillionlabs/Tri-0.5B-Base,9,0.375,mean,,en,ko,512,matched_cosine,0.9950048923492432
trillionlabs/Tri-0.5B-Base,9,0.375,mean,,en,ko,512,unmatched_cosine,0.9913771152496338
trillionlabs/Tri-0.5B-Base,9,0.375,mean,,en,ko,512,cosine_margin,0.003627777099609375
trillionlabs/Tri-0.5B-Base,9,0.375,mean,,en,ja,512,matched_cosine,0.9956045746803284
trillionlabs/Tri-0.5B-Base,9,0.375,mean,,en,ja,512,unmatched_cosine,0.991985023021698
trillionlabs/Tri-0.5B-Base,9,0.375,mean,,en,ja,512,cosine_margin,0.003619551658630371
trillionlabs/Tri-0.5B-Base,9,0.375,mean,,en,zh,512,matched_cosine,0.9948874711990356
trillionlabs/Tri-0.5B-Base,9,0.375,mean,,en,zh,512,unmatched_cosine,0.9908840656280518
trillionlabs/Tri-0.5B-Base,9,0.375,mean,,en,zh,512,cosine_margin,0.004003405570983887
trillionlabs/Tri-0.5B-Base,9,0.375,mean,,ko,en,512,matched_cosine,0.9950048923492432
trillionlabs/Tri-0.5B-Base,9,0.375,mean,,ko,en,512,unmatched_cosine,0.9915623068809509
trillionlabs/Tri-0.5B-Base,9,0.375,mean,,ko,en,512,cosine_margin,0.0034425854682922363
trillionlabs/Tri-0.5B-Base,9,0.375,mean,,ko,ja,512,matched_cosine,0.9977128505706787
trillionlabs/Tri-0.5B-Base,9,0.375,mean,,ko,ja,512,unmatched_cosine,0.9946838617324829
trillionlabs/Tri-0.5B-Base,9,0.375,mean,,ko,ja,512,cosine_margin,0.0030289888381958008
trillionlabs/Tri-0.5B-Base,9,0.375,mean,,ko,zh,512,matched_cosine,0.9967875480651855
trillionlabs/Tri-0.5B-Base,9,0.375,mean,,ko,zh,512,unmatched_cosine,0.9937031269073486
trillionlabs/Tri-0.5B-Base,9,0.375,mean,,ko,zh,512,cosine_margin,0.003084421157836914
trillionlabs/Tri-0.5B-Base,9,0.375,mean,,ja,en,512,matched_cosine,0.9956045746803284
trillionlabs/Tri-0.5B-Base,9,0.375,mean,,ja,en,512,unmatched_cosine,0.9920734167098999
trillionlabs/Tri-0.5B-Base,9,0.375,mean,,ja,en,512,cosine_margin,0.003531157970428467
trillionlabs/Tri-0.5B-Base,9,0.375,mean,,ja,ko,512,matched_cosine,0.9977128505706787
trillionlabs/Tri-0.5B-Base,9,0.375,mean,,ja,ko,512,unmatched_cosine,0.9946633577346802
trillionlabs/Tri-0.5B-Base,9,0.375,mean,,ja,ko,512,cosine_margin,0.003049492835998535
trillionlabs/Tri-0.5B-Base,9,0.375,mean,,ja,zh,512,matched_cosine,0.9978322386741638
trillionlabs/Tri-0.5B-Base,9,0.375,mean,,ja,zh,512,unmatched_cosine,0.9944339394569397
trillionlabs/Tri-0.5B-Base,9,0.375,mean,,ja,zh,512,cosine_margin,0.003398299217224121
trillionlabs/Tri-0.5B-Base,9,0.375,mean,,zh,en,512,matched_cosine,0.9948874711990356
trillionlabs/Tri-0.5B-Base,9,0.375,mean,,zh,en,512,unmatched_cosine,0.9909694194793701
trillionlabs/Tri-0.5B-Base,9,0.375,mean,,zh,en,512,cosine_margin,0.003918051719665527
trillionlabs/Tri-0.5B-Base,9,0.375,mean,,zh,ko,512,matched_cosine,0.9967875480651855
trillionlabs/Tri-0.5B-Base,9,0.375,mean,,zh,ko,512,unmatched_cosine,0.9936645030975342
trillionlabs/Tri-0.5B-Base,9,0.375,mean,,zh,ko,512,cosine_margin,0.003123044967651367
trillionlabs/Tri-0.5B-Base,9,0.375,mean,,zh,ja,512,matched_cosine,0.9978322386741638
trillionlabs/Tri-0.5B-Base,9,0.375,mean,,zh,ja,512,unmatched_cosine,0.9942723512649536
trillionlabs/Tri-0.5B-Base,9,0.375,mean,,zh,ja,512,cosine_margin,0.003559887409210205
trillionlabs/Tri-0.5B-Base,10,0.4166666666666667,mean,en,,,512,centroid_norm,0.9955635070800781
trillionlabs/Tri-0.5B-Base,10,0.4166666666666667,mean,en,,,512,within_language_cosine,0.9911293582207069
trillionlabs/Tri-0.5B-Base,10,0.4166666666666667,mean,en,,,512,stable_rank,1.01480139628153
trillionlabs/Tri-0.5B-Base,10,0.4166666666666667,mean,ko,,,512,centroid_norm,0.9974227547645569
trillionlabs/Tri-0.5B-Base,10,0.4166666666666667,mean,ko,,,512,within_language_cosine,0.9948420515265717
trillionlabs/Tri-0.5B-Base,10,0.4166666666666667,mean,ko,,,512,stable_rank,1.0067927990043635
trillionlabs/Tri-0.5B-Base,10,0.4166666666666667,mean,ja,,,512,centroid_norm,0.9974529147148132
trillionlabs/Tri-0.5B-Base,10,0.4166666666666667,mean,ja,,,512,within_language_cosine,0.9949023700273667
trillionlabs/Tri-0.5B-Base,10,0.4166666666666667,mean,ja,,,512,stable_rank,1.0094028558734887
trillionlabs/Tri-0.5B-Base,10,0.4166666666666667,mean,zh,,,512,centroid_norm,0.9968361258506775
trillionlabs/Tri-0.5B-Base,10,0.4166666666666667,mean,zh,,,512,within_language_cosine,0.9936698420873593
trillionlabs/Tri-0.5B-Base,10,0.4166666666666667,mean,zh,,,512,stable_rank,1.0085124152197722
trillionlabs/Tri-0.5B-Base,10,0.4166666666666667,mean,,en,ko,512,matched_cosine,0.9945815801620483
trillionlabs/Tri-0.5B-Base,10,0.4166666666666667,mean,,en,ko,512,unmatched_cosine,0.9907758235931396
trillionlabs/Tri-0.5B-Base,10,0.4166666666666667,mean,,en,ko,512,cosine_margin,0.0038057565689086914
trillionlabs/Tri-0.5B-Base,10,0.4166666666666667,mean,,en,ja,512,matched_cosine,0.9952548742294312
trillionlabs/Tri-0.5B-Base,10,0.4166666666666667,mean,,en,ja,512,unmatched_cosine,0.9913507699966431
trillionlabs/Tri-0.5B-Base,10,0.4166666666666667,mean,,en,ja,512,cosine_margin,0.003904104232788086
trillionlabs/Tri-0.5B-Base,10,0.4166666666666667,mean,,en,zh,512,matched_cosine,0.9945347309112549
trillionlabs/Tri-0.5B-Base,10,0.4166666666666667,mean,,en,zh,512,unmatched_cosine,0.9901019334793091
trillionlabs/Tri-0.5B-Base,10,0.4166666666666667,mean,,en,zh,512,cosine_margin,0.004432797431945801
trillionlabs/Tri-0.5B-Base,10,0.4166666666666667,mean,,ko,en,512,matched_cosine,0.9945815801620483
trillionlabs/Tri-0.5B-Base,10,0.4166666666666667,mean,,ko,en,512,unmatched_cosine,0.9903361797332764
trillionlabs/Tri-0.5B-Base,10,0.4166666666666667,mean,,ko,en,512,cosine_margin,0.004245400428771973
trillionlabs/Tri-0.5B-Base,10,0.4166666666666667,mean,,ko,ja,512,matched_cosine,0.9975390434265137
trillionlabs/Tri-0.5B-Base,10,0.4166666666666667,mean,,ko,ja,512,unmatched_cosine,0.9938575029373169
trillionlabs/Tri-0.5B-Base,10,0.4166666666666667,mean,,ko,ja,512,cosine_margin,0.0036815404891967773
trillionlabs/Tri-0.5B-Base,10,0.4166666666666667,mean,,ko,zh,512,matched_cosine,0.9965397119522095
trillionlabs/Tri-0.5B-Base,10,0.4166666666666667,mean,,ko,zh,512,unmatched_cosine,0.9926163554191589
trillionlabs/Tri-0.5B-Base,10,0.4166666666666667,mean,,ko,zh,512,cosine_margin,0.003923356533050537
trillionlabs/Tri-0.5B-Base,10,0.4166666666666667,mean,,ja,en,512,matched_cosine,0.9952548742294312
trillionlabs/Tri-0.5B-Base,10,0.4166666666666667,mean,,ja,en,512,unmatched_cosine,0.991012692451477
trillionlabs/Tri-0.5B-Base,10,0.4166666666666667,mean,,ja,en,512,cosine_margin,0.0042421817779541016
trillionlabs/Tri-0.5B-Base,10,0.4166666666666667,mean,,ja,ko,512,matched_cosine,0.9975390434265137
trillionlabs/Tri-0.5B-Base,10,0.4166666666666667,mean,,ja,ko,512,unmatched_cosine,0.994025707244873
trillionlabs/Tri-0.5B-Base,10,0.4166666666666667,mean,,ja,ko,512,cosine_margin,0.003513336181640625
trillionlabs/Tri-0.5B-Base,10,0.4166666666666667,mean,,ja,zh,512,matched_cosine,0.9976645112037659
trillionlabs/Tri-0.5B-Base,10,0.4166666666666667,mean,,ja,zh,512,unmatched_cosine,0.9935237765312195
trillionlabs/Tri-0.5B-Base,10,0.4166666666666667,mean,,ja,zh,512,cosine_margin,0.004140734672546387
trillionlabs/Tri-0.5B-Base,10,0.4166666666666667,mean,,zh,en,512,matched_cosine,0.9945347309112549
trillionlabs/Tri-0.5B-Base,10,0.4166666666666667,mean,,zh,en,512,unmatched_cosine,0.9898912906646729
trillionlabs/Tri-0.5B-Base,10,0.4166666666666667,mean,,zh,en,512,cosine_margin,0.004643440246582031
trillionlabs/Tri-0.5B-Base,10,0.4166666666666667,mean,,zh,ko,512,matched_cosine,0.9965397119522095
trillionlabs/Tri-0.5B-Base,10,0.4166666666666667,mean,,zh,ko,512,unmatched_cosine,0.9931468963623047
trillionlabs/Tri-0.5B-Base,10,0.4166666666666667,mean,,zh,ko,512,cosine_margin,0.003392815589904785
trillionlabs/Tri-0.5B-Base,10,0.4166666666666667,mean,,zh,ja,512,matched_cosine,0.9976645112037659
trillionlabs/Tri-0.5B-Base,10,0.4166666666666667,mean,,zh,ja,512,unmatched_cosine,0.9937905669212341
trillionlabs/Tri-0.5B-Base,10,0.4166666666666667,mean,,zh,ja,512,cosine_margin,0.0038739442825317383
trillionlabs/Tri-0.5B-Base,11,0.4583333333333333,mean,en,,,512,centroid_norm,0.9952801465988159
trillionlabs/Tri-0.5B-Base,11,0.4583333333333333,mean,en,,,512,within_language_cosine,0.9905641559518713
trillionlabs/Tri-0.5B-Base,11,0.4583333333333333,mean,en,,,512,stable_rank,1.0158371711093548
trillionlabs/Tri-0.5B-Base,11,0.4583333333333333,mean,ko,,,512,centroid_norm,0.9972593188285828
trillionlabs/Tri-0.5B-Base,11,0.4583333333333333,mean,ko,,,512,within_language_cosine,0.9945154358029599
trillionlabs/Tri-0.5B-Base,11,0.4583333333333333,mean,ko,,,512,stable_rank,1.0072206948965767
trillionlabs/Tri-0.5B-Base,11,0.4583333333333333,mean,ja,,,512,centroid_norm,0.9972848296165466
trillionlabs/Tri-0.5B-Base,11,0.4583333333333333,mean,ja,,,512,within_language_cosine,0.9945663780615521
trillionlabs/Tri-0.5B-Base,11,0.4583333333333333,mean,ja,,,512,stable_rank,1.009991376127871
trillionlabs/Tri-0.5B-Base,11,0.4583333333333333,mean,zh,,,512,centroid_norm,0.9966643452644348
trillionlabs/Tri-0.5B-Base,11,0.4583333333333333,mean,zh,,,512,within_language_cosine,0.9933267432882827
trillionlabs/Tri-0.5B-Base,11,0.4583333333333333,mean,zh,,,512,stable_rank,1.0090226708102181
trillionlabs/Tri-0.5B-Base,11,0.4583333333333333,mean,,en,ko,512,matched_cosine,0.9942343235015869
trillionlabs/Tri-0.5B-Base,11,0.4583333333333333,mean,,en,ko,512,unmatched_cosine,0.9899717569351196
trillionlabs/Tri-0.5B-Base,11,0.4583333333333333,mean,,en,ko,512,cosine_margin,0.004262566566467285
trillionlabs/Tri-0.5B-Base,11,0.4583333333333333,mean,,en,ja,512,matched_cosine,0.9949239492416382
trillionlabs/Tri-0.5B-Base,11,0.4583333333333333,mean,,en,ja,512,unmatched_cosine,0.9905412793159485
trillionlabs/Tri-0.5B-Base,11,0.4583333333333333,mean,,en,ja,512,cosine_margin,0.004382669925689697
trillionlabs/Tri-0.5B-Base,11,0.4583333333333333,mean,,en,zh,512,matched_cosine,0.9941803812980652
trillionlabs/Tri-0.5B-Base,11,0.4583333333333333,mean,,en,zh,512,unmatched_cosine,0.9891530275344849
trillionlabs/Tri-0.5B-Base,11,0.4583333333333333,mean,,en,zh,512,cosine_margin,0.005027353763580322
trillionlabs/Tri-0.5B-Base,11,0.4583333333333333,mean,,ko,en,512,matched_cosine,0.9942343235015869
trillionlabs/Tri-0.5B-Base,11,0.4583333333333333,mean,,ko,en,512,unmatched_cosine,0.9898990988731384
trillionlabs/Tri-0.5B-Base,11,0.4583333333333333,mean,,ko,en,512,cosine_margin,0.004335224628448486
trillionlabs/Tri-0.5B-Base,11,0.4583333333333333,mean,,ko,ja,512,matched_cosine,0.9974327087402344
trillionlabs/Tri-0.5B-Base,11,0.4583333333333333,mean,,ko,ja,512,unmatched_cosine,0.9936518669128418
trillionlabs/Tri-0.5B-Base,11,0.4583333333333333,mean,,ko,ja,512,cosine_margin,0.003780841827392578
trillionlabs/Tri-0.5B-Base,11,0.4583333333333333,mean,,ko,zh,512,matched_cosine,0.9964061975479126
trillionlabs/Tri-0.5B-Base,11,0.4583333333333333,mean,,ko,zh,512,unmatched_cosine,0.9923969507217407
trillionlabs/Tri-0.5B-Base,11,0.4583333333333333,mean,,ko,zh,512,cosine_margin,0.004009246826171875
trillionlabs/Tri-0.5B-Base,11,0.4583333333333333,mean,,ja,en,512,matched_cosine,0.9949239492416382
trillionlabs/Tri-0.5B-Base,11,0.4583333333333333,mean,,ja,en,512,unmatched_cosine,0.9903571009635925
trillionlabs/Tri-0.5B-Base,11,0.4583333333333333,mean,,ja,en,512,cosine_margin,0.004566848278045654
trillionlabs/Tri-0.5B-Base,11,0.4583333333333333,mean,,ja,ko,512,matched_cosine,0.9974327087402344
trillionlabs/Tri-0.5B-Base,11,0.4583333333333333,mean,,ja,ko,512,unmatched_cosine,0.9936670064926147
trillionlabs/Tri-0.5B-Base,11,0.4583333333333333,mean,,ja,ko,512,cosine_margin,0.003765702247619629
trillionlabs/Tri-0.5B-Base,11,0.4583333333333333,mean,,ja,zh,512,matched_cosine,0.9975707530975342
trillionlabs/Tri-0.5B-Base,11,0.4583333333333333,mean,,ja,zh,512,unmatched_cosine,0.9930559396743774
trillionlabs/Tri-0.5B-Base,11,0.4583333333333333,mean,,ja,zh,512,cosine_margin,0.004514813423156738
trillionlabs/Tri-0.5B-Base,11,0.4583333333333333,mean,,zh,en,512,matched_cosine,0.9941803812980652
trillionlabs/Tri-0.5B-Base,11,0.4583333333333333,mean,,zh,en,512,unmatched_cosine,0.9891330003738403
trillionlabs/Tri-0.5B-Base,11,0.4583333333333333,mean,,zh,en,512,cosine_margin,0.0050473809242248535
trillionlabs/Tri-0.5B-Base,11,0.4583333333333333,mean,,zh,ko,512,matched_cosine,0.9964061975479126
trillionlabs/Tri-0.5B-Base,11,0.4583333333333333,mean,,zh,ko,512,unmatched_cosine,0.9925418496131897
trillionlabs/Tri-0.5B-Base,11,0.4583333333333333,mean,,zh,ko,512,cosine_margin,0.0038643479347229004
trillionlabs/Tri-0.5B-Base,11,0.4583333333333333,mean,,zh,ja,512,matched_cosine,0.9975707530975342
trillionlabs/Tri-0.5B-Base,11,0.4583333333333333,mean,,zh,ja,512,unmatched_cosine,0.9932888746261597
trillionlabs/Tri-0.5B-Base,11,0.4583333333333333,mean,,zh,ja,512,cosine_margin,0.004281878471374512
trillionlabs/Tri-0.5B-Base,12,0.5,mean,en,,,512,centroid_norm,0.9948184490203857
trillionlabs/Tri-0.5B-Base,12,0.5,mean,en,,,512,within_language_cosine,0.9896435522986485
trillionlabs/Tri-0.5B-Base,12,0.5,mean,en,,,512,stable_rank,1.0176292333471393
trillionlabs/Tri-0.5B-Base,12,0.5,mean,ko,,,512,centroid_norm,0.9970012307167053
trillionlabs/Tri-0.5B-Base,12,0.5,mean,ko,,,512,within_language_cosine,0.9939996827605186
trillionlabs/Tri-0.5B-Base,12,0.5,mean,ko,,,512,stable_rank,1.0079589639828272
trillionlabs/Tri-0.5B-Base,12,0.5,mean,ja,,,512,centroid_norm,0.9970296621322632
trillionlabs/Tri-0.5B-Base,12,0.5,mean,ja,,,512,within_language_cosine,0.9940565374266145
trillionlabs/Tri-0.5B-Base,12,0.5,mean,ja,,,512,stable_rank,1.0109816961005347
trillionlabs/Tri-0.5B-Base,12,0.5,mean,zh,,,512,centroid_norm,0.9964060187339783
trillionlabs/Tri-0.5B-Base,12,0.5,mean,zh,,,512,within_language_cosine,0.9928109305245536
trillionlabs/Tri-0.5B-Base,12,0.5,mean,zh,,,512,stable_rank,1.00983569816459
trillionlabs/Tri-0.5B-Base,12,0.5,mean,,en,ko,512,matched_cosine,0.9935948848724365
trillionlabs/Tri-0.5B-Base,12,0.5,mean,,en,ko,512,unmatched_cosine,0.9889181852340698
trillionlabs/Tri-0.5B-Base,12,0.5,mean,,en,ko,512,cosine_margin,0.004676699638366699
trillionlabs/Tri-0.5B-Base,12,0.5,mean,,en,ja,512,matched_cosine,0.9943239688873291
trillionlabs/Tri-0.5B-Base,12,0.5,mean,,en,ja,512,unmatched_cosine,0.9894977807998657
trillionlabs/Tri-0.5B-Base,12,0.5,mean,,en,ja,512,cosine_margin,0.004826188087463379
trillionlabs/Tri-0.5B-Base,12,0.5,mean,,en,zh,512,matched_cosine,0.9935449361801147
trillionlabs/Tri-0.5B-Base,12,0.5,mean,,en,zh,512,unmatched_cosine,0.9883755445480347
trillionlabs/Tri-0.5B-Base,12,0.5,mean,,en,zh,512,cosine_margin,0.005169391632080078
trillionlabs/Tri-0.5B-Base,12,0.5,mean,,ko,en,512,matched_cosine,0.9935948848724365
trillionlabs/Tri-0.5B-Base,12,0.5,mean,,ko,en,512,unmatched_cosine,0.9887347221374512
trillionlabs/Tri-0.5B-Base,12,0.5,mean,,ko,en,512,cosine_margin,0.0048601627349853516
trillionlabs/Tri-0.5B-Base,12,0.5,mean,,ko,ja,512,matched_cosine,0.997272253036499
trillionlabs/Tri-0.5B-Base,12,0.5,mean,,ko,ja,512,unmatched_cosine,0.9929584264755249
trillionlabs/Tri-0.5B-Base,12,0.5,mean,,ko,ja,512,cosine_margin,0.004313826560974121
trillionlabs/Tri-0.5B-Base,12,0.5,mean,,ko,zh,512,matched_cosine,0.9961874485015869
trillionlabs/Tri-0.5B-Base,12,0.5,mean,,ko,zh,512,unmatched_cosine,0.9921501874923706
trillionlabs/Tri-0.5B-Base,12,0.5,mean,,ko,zh,512,cosine_margin,0.004037261009216309
trillionlabs/Tri-0.5B-Base,12,0.5,mean,,ja,en,512,matched_cosine,0.9943239688873291
trillionlabs/Tri-0.5B-Base,12,0.5,mean,,ja,en,512,unmatched_cosine,0.9892445206642151
trillionlabs/Tri-0.5B-Base,12,0.5,mean,,ja,en,512,cosine_margin,0.005079448223114014
trillionlabs/Tri-0.5B-Base,12,0.5,mean,,ja,ko,512,matched_cosine,0.997272253036499
trillionlabs/Tri-0.5B-Base,12,0.5,mean,,ja,ko,512,unmatched_cosine,0.9928684234619141
trillionlabs/Tri-0.5B-Base,12,0.5,mean,,ja,ko,512,cosine_margin,0.004403829574584961
trillionlabs/Tri-0.5B-Base,12,0.5,mean,,ja,zh,512,matched_cosine,0.9974302053451538
trillionlabs/Tri-0.5B-Base,12,0.5,mean,,ja,zh,512,unmatched_cosine,0.9927685260772705
trillionlabs/Tri-0.5B-Base,12,0.5,mean,,ja,zh,512,cosine_margin,0.004661679267883301
trillionlabs/Tri-0.5B-Base,12,0.5,mean,,zh,en,512,matched_cosine,0.9935449361801147
trillionlabs/Tri-0.5B-Base,12,0.5,mean,,zh,en,512,unmatched_cosine,0.988178014755249
trillionlabs/Tri-0.5B-Base,12,0.5,mean,,zh,en,512,cosine_margin,0.005366921424865723
trillionlabs/Tri-0.5B-Base,12,0.5,mean,,zh,ko,512,matched_cosine,0.9961874485015869
trillionlabs/Tri-0.5B-Base,12,0.5,mean,,zh,ko,512,unmatched_cosine,0.9918513298034668
trillionlabs/Tri-0.5B-Base,12,0.5,mean,,zh,ko,512,cosine_margin,0.004336118698120117
trillionlabs/Tri-0.5B-Base,12,0.5,mean,,zh,ja,512,matched_cosine,0.9974302053451538
trillionlabs/Tri-0.5B-Base,12,0.5,mean,,zh,ja,512,unmatched_cosine,0.9927091598510742
trillionlabs/Tri-0.5B-Base,12,0.5,mean,,zh,ja,512,cosine_margin,0.00472104549407959
trillionlabs/Tri-0.5B-Base,13,0.5416666666666666,mean,en,,,512,centroid_norm,0.9938327670097351
trillionlabs/Tri-0.5B-Base,13,0.5416666666666666,mean,en,,,512,within_language_cosine,0.9876795580242478
trillionlabs/Tri-0.5B-Base,13,0.5416666666666666,mean,en,,,512,stable_rank,1.0219618769583347
trillionlabs/Tri-0.5B-Base,13,0.5416666666666666,mean,ko,,,512,centroid_norm,0.9964852929115295
trillionlabs/Tri-0.5B-Base,13,0.5416666666666666,mean,ko,,,512,within_language_cosine,0.9929691919375305
trillionlabs/Tri-0.5B-Base,13,0.5416666666666666,mean,ko,,,512,stable_rank,1.009729695674797
trillionlabs/Tri-0.5B-Base,13,0.5416666666666666,mean,ja,,,512,centroid_norm,0.9965091347694397
trillionlabs/Tri-0.5B-Base,13,0.5416666666666666,mean,ja,,,512,within_language_cosine,0.9930167898039995
trillionlabs/Tri-0.5B-Base,13,0.5416666666666666,mean,ja,,,512,stable_rank,1.0134462292579172
trillionlabs/Tri-0.5B-Base,13,0.5416666666666666,mean,zh,,,512,centroid_norm,0.9957753419876099
trillionlabs/Tri-0.5B-Base,13,0.5416666666666666,mean,zh,,,512,within_language_cosine,0.9915520057752875
trillionlabs/Tri-0.5B-Base,13,0.5416666666666666,mean,zh,,,512,stable_rank,1.0121080208167799
trillionlabs/Tri-0.5B-Base,13,0.5416666666666666,mean,,en,ko,512,matched_cosine,0.9925544261932373
trillionlabs/Tri-0.5B-Base,13,0.5416666666666666,mean,,en,ko,512,unmatched_cosine,0.9868423342704773
trillionlabs/Tri-0.5B-Base,13,0.5416666666666666,mean,,en,ko,512,cosine_margin,0.00571209192276001
trillionlabs/Tri-0.5B-Base,13,0.5416666666666666,mean,,en,ja,512,matched_cosine,0.9934444427490234
trillionlabs/Tri-0.5B-Base,13,0.5416666666666666,mean,,en,ja,512,unmatched_cosine,0.9873005151748657
trillionlabs/Tri-0.5B-Base,13,0.5416666666666666,mean,,en,ja,512,cosine_margin,0.006143927574157715
trillionlabs/Tri-0.5B-Base,13,0.5416666666666666,mean,,en,zh,512,matched_cosine,0.9925781488418579
trillionlabs/Tri-0.5B-Base,13,0.5416666666666666,mean,,en,zh,512,unmatched_cosine,0.9858038425445557
trillionlabs/Tri-0.5B-Base,13,0.5416666666666666,mean,,en,zh,512,cosine_margin,0.006774306297302246
trillionlabs/Tri-0.5B-Base,13,0.5416666666666666,mean,,ko,en,512,matched_cosine,0.9925544261932373
trillionlabs/Tri-0.5B-Base,13,0.5416666666666666,mean,,ko,en,512,unmatched_cosine,0.986637532711029
trillionlabs/Tri-0.5B-Base,13,0.5416666666666666,mean,,ko,en,512,cosine_margin,0.005916893482208252
trillionlabs/Tri-0.5B-Base,13,0.5416666666666666,mean,,ko,ja,512,matched_cosine,0.9969027638435364
trillionlabs/Tri-0.5B-Base,13,0.5416666666666666,mean,,ko,ja,512,unmatched_cosine,0.991645097732544
trillionlabs/Tri-0.5B-Base,13,0.5416666666666666,mean,,ko,ja,512,cosine_margin,0.005257666110992432
trillionlabs/Tri-0.5B-Base,13,0.5416666666666666,mean,,ko,zh,512,matched_cosine,0.995596170425415
trillionlabs/Tri-0.5B-Base,13,0.5416666666666666,mean,,ko,zh,512,unmatched_cosine,0.9903299808502197
trillionlabs/Tri-0.5B-Base,13,0.5416666666666666,mean,,ko,zh,512,cosine_margin,0.0052661895751953125
trillionlabs/Tri-0.5B-Base,13,0.5416666666666666,mean,,ja,en,512,matched_cosine,0.9934444427490234
trillionlabs/Tri-0.5B-Base,13,0.5416666666666666,mean,,ja,en,512,unmatched_cosine,0.9871589541435242
trillionlabs/Tri-0.5B-Base,13,0.5416666666666666,mean,,ja,en,512,cosine_margin,0.006285488605499268
trillionlabs/Tri-0.5B-Base,13,0.5416666666666666,mean,,ja,ko,512,matched_cosine,0.9969027638435364
trillionlabs/Tri-0.5B-Base,13,0.5416666666666666,mean,,ja,ko,512,unmatched_cosine,0.9916988611221313
trillionlabs/Tri-0.5B-Base,13,0.5416666666666666,mean,,ja,ko,512,cosine_margin,0.005203902721405029
trillionlabs/Tri-0.5B-Base,13,0.5416666666666666,mean,,ja,zh,512,matched_cosine,0.9970062971115112
trillionlabs/Tri-0.5B-Base,13,0.5416666666666666,mean,,ja,zh,512,unmatched_cosine,0.9911778569221497
trillionlabs/Tri-0.5B-Base,13,0.5416666666666666,mean,,ja,zh,512,cosine_margin,0.005828440189361572
trillionlabs/Tri-0.5B-Base,13,0.5416666666666666,mean,,zh,en,512,matched_cosine,0.9925781488418579
trillionlabs/Tri-0.5B-Base,13,0.5416666666666666,mean,,zh,en,512,unmatched_cosine,0.9858811497688293
trillionlabs/Tri-0.5B-Base,13,0.5416666666666666,mean,,zh,en,512,cosine_margin,0.0066969990730285645
trillionlabs/Tri-0.5B-Base,13,0.5416666666666666,mean,,zh,ko,512,matched_cosine,0.995596170425415
trillionlabs/Tri-0.5B-Base,13,0.5416666666666666,mean,,zh,ko,512,unmatched_cosine,0.9905059933662415
trillionlabs/Tri-0.5B-Base,13,0.5416666666666666,mean,,zh,ko,512,cosine_margin,0.005090177059173584
trillionlabs/Tri-0.5B-Base,13,0.5416666666666666,mean,,zh,ja,512,matched_cosine,0.9970062971115112
trillionlabs/Tri-0.5B-Base,13,0.5416666666666666,mean,,zh,ja,512,unmatched_cosine,0.9913438558578491
trillionlabs/Tri-0.5B-Base,13,0.5416666666666666,mean,,zh,ja,512,cosine_margin,0.005662441253662109
trillionlabs/Tri-0.5B-Base,14,0.5833333333333334,mean,en,,,512,centroid_norm,0.9930233359336853
trillionlabs/Tri-0.5B-Base,14,0.5833333333333334,mean,en,,,512,within_language_cosine,0.9860681582337023
trillionlabs/Tri-0.5B-Base,14,0.5833333333333334,mean,en,,,512,stable_rank,1.0254648339242174
trillionlabs/Tri-0.5B-Base,14,0.5833333333333334,mean,ko,,,512,centroid_norm,0.9960166215896606
trillionlabs/Tri-0.5B-Base,14,0.5833333333333334,mean,ko,,,512,within_language_cosine,0.992033538519753
trillionlabs/Tri-0.5B-Base,14,0.5833333333333334,mean,ko,,,512,stable_rank,1.011158112987664
trillionlabs/Tri-0.5B-Base,14,0.5833333333333334,mean,ja,,,512,centroid_norm,0.9960181713104248
trillionlabs/Tri-0.5B-Base,14,0.5833333333333334,mean,ja,,,512,within_language_cosine,0.9920366440267245
trillionlabs/Tri-0.5B-Base,14,0.5833333333333334,mean,ja,,,512,stable_rank,1.0154350379097195
trillionlabs/Tri-0.5B-Base,14,0.5833333333333334,mean,zh,,,512,centroid_norm,0.9952251315116882
trillionlabs/Tri-0.5B-Base,14,0.5833333333333334,mean,zh,,,512,within_language_cosine,0.9904544479459699
trillionlabs/Tri-0.5B-Base,14,0.5833333333333334,mean,zh,,,512,stable_rank,1.0139703271257852
trillionlabs/Tri-0.5B-Base,14,0.5833333333333334,mean,,en,ko,512,matched_cosine,0.9916963577270508
trillionlabs/Tri-0.5B-Base,14,0.5833333333333334,mean,,en,ko,512,unmatched_cosine,0.9855555295944214
trillionlabs/Tri-0.5B-Base,14,0.5833333333333334,mean,,en,ko,512,cosine_margin,0.0061408281326293945
trillionlabs/Tri-0.5B-Base,14,0.5833333333333334,mean,,en,ja,512,matched_cosine,0.9926479458808899
trillionlabs/Tri-0.5B-Base,14,0.5833333333333334,mean,,en,ja,512,unmatched_cosine,0.986235499382019
trillionlabs/Tri-0.5B-Base,14,0.5833333333333334,mean,,en,ja,512,cosine_margin,0.00641244649887085
trillionlabs/Tri-0.5B-Base,14,0.5833333333333334,mean,,en,zh,512,matched_cosine,0.9917730093002319
trillionlabs/Tri-0.5B-Base,14,0.5833333333333334,mean,,en,zh,512,unmatched_cosine,0.9847414493560791
trillionlabs/Tri-0.5B-Base,14,0.5833333333333334,mean,,en,zh,512,cosine_margin,0.007031559944152832
trillionlabs/Tri-0.5B-Base,14,0.5833333333333334,mean,,ko,en,512,matched_cosine,0.9916963577270508
trillionlabs/Tri-0.5B-Base,14,0.5833333333333334,mean,,ko,en,512,unmatched_cosine,0.9852834343910217
trillionlabs/Tri-0.5B-Base,14,0.5833333333333334,mean,,ko,en,512,cosine_margin,0.006412923336029053
trillionlabs/Tri-0.5B-Base,14,0.5833333333333334,mean,,ko,ja,512,matched_cosine,0.9963263273239136
trillionlabs/Tri-0.5B-Base,14,0.5833333333333334,mean,,ko,ja,512,unmatched_cosine,0.990504264831543
trillionlabs/Tri-0.5B-Base,14,0.5833333333333334,mean,,ko,ja,512,cosine_margin,0.0058220624923706055
trillionlabs/Tri-0.5B-Base,14,0.5833333333333334,mean,,ko,zh,512,matched_cosine,0.9948924779891968
trillionlabs/Tri-0.5B-Base,14,0.5833333333333334,mean,,ko,zh,512,unmatched_cosine,0.9890827536582947
trillionlabs/Tri-0.5B-Base,14,0.5833333333333334,mean,,ko,zh,512,cosine_margin,0.0058097243309021
trillionlabs/Tri-0.5B-Base,14,0.5833333333333334,mean,,ja,en,512,matched_cosine,0.9926479458808899
trillionlabs/Tri-0.5B-Base,14,0.5833333333333334,mean,,ja,en,512,unmatched_cosine,0.9860002398490906
trillionlabs/Tri-0.5B-Base,14,0.5833333333333334,mean,,ja,en,512,cosine_margin,0.006647706031799316
trillionlabs/Tri-0.5B-Base,14,0.5833333333333334,mean,,ja,ko,512,matched_cosine,0.9963263273239136
trillionlabs/Tri-0.5B-Base,14,0.5833333333333334,mean,,ja,ko,512,unmatched_cosine,0.9905925989151001
trillionlabs/Tri-0.5B-Base,14,0.5833333333333334,mean,,ja,ko,512,cosine_margin,0.0057337284088134766
trillionlabs/Tri-0.5B-Base,14,0.5833333333333334,mean,,ja,zh,512,matched_cosine,0.9963533878326416
trillionlabs/Tri-0.5B-Base,14,0.5833333333333334,mean,,ja,zh,512,unmatched_cosine,0.9899545311927795
trillionlabs/Tri-0.5B-Base,14,0.5833333333333334,mean,,ja,zh,512,cosine_margin,0.0063988566398620605
trillionlabs/Tri-0.5B-Base,14,0.5833333333333334,mean,,zh,en,512,matched_cosine,0.9917730093002319
trillionlabs/Tri-0.5B-Base,14,0.5833333333333334,mean,,zh,en,512,unmatched_cosine,0.9848257303237915
trillionlabs/Tri-0.5B-Base,14,0.5833333333333334,mean,,zh,en,512,cosine_margin,0.00694727897644043
trillionlabs/Tri-0.5B-Base,14,0.5833333333333334,mean,,zh,ko,512,matched_cosine,0.9948924779891968
trillionlabs/Tri-0.5B-Base,14,0.5833333333333334,mean,,zh,ko,512,unmatched_cosine,0.9892696142196655
trillionlabs/Tri-0.5B-Base,14,0.5833333333333334,mean,,zh,ko,512,cosine_margin,0.00562286376953125
trillionlabs/Tri-0.5B-Base,14,0.5833333333333334,mean,,zh,ja,512,matched_cosine,0.9963533878326416
trillionlabs/Tri-0.5B-Base,14,0.5833333333333334,mean,,zh,ja,512,unmatched_cosine,0.99014812707901
trillionlabs/Tri-0.5B-Base,14,0.5833333333333334,mean,,zh,ja,512,cosine_margin,0.006205260753631592
trillionlabs/Tri-0.5B-Base,15,0.625,mean,en,,,512,centroid_norm,0.9917446970939636
trillionlabs/Tri-0.5B-Base,15,0.625,mean,en,,,512,within_language_cosine,0.9835253452368212
trillionlabs/Tri-0.5B-Base,15,0.625,mean,en,,,512,stable_rank,1.0321958617470623
trillionlabs/Tri-0.5B-Base,15,0.625,mean,ko,,,512,centroid_norm,0.995377242565155
trillionlabs/Tri-0.5B-Base,15,0.625,mean,ko,,,512,within_language_cosine,0.9907578320885825
trillionlabs/Tri-0.5B-Base,15,0.625,mean,ko,,,512,stable_rank,1.0134364732577865
trillionlabs/Tri-0.5B-Base,15,0.625,mean,ja,,,512,centroid_norm,0.9953432679176331
trillionlabs/Tri-0.5B-Base,15,0.625,mean,ja,,,512,within_language_cosine,0.9906899887055101
trillionlabs/Tri-0.5B-Base,15,0.625,mean,ja,,,512,stable_rank,1.0187397848555422
trillionlabs/Tri-0.5B-Base,15,0.625,mean,zh,,,512,centroid_norm,0.9944627285003662
trillionlabs/Tri-0.5B-Base,15,0.625,mean,zh,,,512,within_language_cosine,0.9889344814472236
trillionlabs/Tri-0.5B-Base,15,0.625,mean,zh,,,512,stable_rank,1.0172733842603967
trillionlabs/Tri-0.5B-Base,15,0.625,mean,,en,ko,512,matched_cosine,0.9901734590530396
trillionlabs/Tri-0.5B-Base,15,0.625,mean,,en,ko,512,unmatched_cosine,0.9829714298248291
trillionlabs/Tri-0.5B-Base,15,0.625,mean,,en,ko,512,cosine_margin,0.007202029228210449
trillionlabs/Tri-0.5B-Base,15,0.625,mean,,en,ja,512,matched_cosine,0.9912784099578857
trillionlabs/Tri-0.5B-Base,15,0.625,mean,,en,ja,512,unmatched_cosine,0.9840020537376404
trillionlabs/Tri-0.5B-Base,15,0.625,mean,,en,ja,512,cosine_margin,0.007276356220245361
trillionlabs/Tri-0.5B-Base,15,0.625,mean,,en,zh,512,matched_cosine,0.9905673861503601
trillionlabs/Tri-0.5B-Base,15,0.625,mean,,en,zh,512,unmatched_cosine,0.982848048210144
trillionlabs/Tri-0.5B-Base,15,0.625,mean,,en,zh,512,cosine_margin,0.0077193379402160645
trillionlabs/Tri-0.5B-Base,15,0.625,mean,,ko,en,512,matched_cosine,0.9901734590530396
trillionlabs/Tri-0.5B-Base,15,0.625,mean,,ko,en,512,unmatched_cosine,0.9830451607704163
trillionlabs/Tri-0.5B-Base,15,0.625,mean,,ko,en,512,cosine_margin,0.007128298282623291
trillionlabs/Tri-0.5B-Base,15,0.625,mean,,ko,ja,512,matched_cosine,0.9955508708953857
trillionlabs/Tri-0.5B-Base,15,0.625,mean,,ko,ja,512,unmatched_cosine,0.9891446828842163
trillionlabs/Tri-0.5B-Base,15,0.625,mean,,ko,ja,512,cosine_margin,0.006406188011169434
trillionlabs/Tri-0.5B-Base,15,0.625,mean,,ko,zh,512,matched_cosine,0.9937925338745117
trillionlabs/Tri-0.5B-Base,15,0.625,mean,,ko,zh,512,unmatched_cosine,0.987719714641571
trillionlabs/Tri-0.5B-Base,15,0.625,mean,,ko,zh,512,cosine_margin,0.006072819232940674
trillionlabs/Tri-0.5B-Base,15,0.625,mean,,ja,en,512,matched_cosine,0.9912784099578857
trillionlabs/Tri-0.5B-Base,15,0.625,mean,,ja,en,512,unmatched_cosine,0.9839482307434082
trillionlabs/Tri-0.5B-Base,15,0.625,mean,,ja,en,512,cosine_margin,0.007330179214477539
trillionlabs/Tri-0.5B-Base,15,0.625,mean,,ja,ko,512,matched_cosine,0.9955508708953857
trillionlabs/Tri-0.5B-Base,15,0.625,mean,,ja,ko,512,unmatched_cosine,0.9891786575317383
trillionlabs/Tri-0.5B-Base,15,0.625,mean,,ja,ko,512,cosine_margin,0.006372213363647461
trillionlabs/Tri-0.5B-Base,15,0.625,mean,,ja,zh,512,matched_cosine,0.9954385757446289
trillionlabs/Tri-0.5B-Base,15,0.625,mean,,ja,zh,512,unmatched_cosine,0.988917350769043
trillionlabs/Tri-0.5B-Base,15,0.625,mean,,ja,zh,512,cosine_margin,0.0065212249755859375
trillionlabs/Tri-0.5B-Base,15,0.625,mean,,zh,en,512,matched_cosine,0.9905673861503601
trillionlabs/Tri-0.5B-Base,15,0.625,mean,,zh,en,512,unmatched_cosine,0.9824563264846802
trillionlabs/Tri-0.5B-Base,15,0.625,mean,,zh,en,512,cosine_margin,0.008111059665679932
trillionlabs/Tri-0.5B-Base,15,0.625,mean,,zh,ko,512,matched_cosine,0.9937925338745117
trillionlabs/Tri-0.5B-Base,15,0.625,mean,,zh,ko,512,unmatched_cosine,0.9873848557472229
trillionlabs/Tri-0.5B-Base,15,0.625,mean,,zh,ko,512,cosine_margin,0.006407678127288818
trillionlabs/Tri-0.5B-Base,15,0.625,mean,,zh,ja,512,matched_cosine,0.9954385757446289
trillionlabs/Tri-0.5B-Base,15,0.625,mean,,zh,ja,512,unmatched_cosine,0.9887357950210571
trillionlabs/Tri-0.5B-Base,15,0.625,mean,,zh,ja,512,cosine_margin,0.006702780723571777
trillionlabs/Tri-0.5B-Base,16,0.6666666666666666,mean,en,,,512,centroid_norm,0.9892798066139221
trillionlabs/Tri-0.5B-Base,16,0.6666666666666666,mean,en,,,512,within_language_cosine,0.9786327981668909
trillionlabs/Tri-0.5B-Base,16,0.6666666666666666,mean,en,,,512,stable_rank,1.0449892523778412
trillionlabs/Tri-0.5B-Base,16,0.6666666666666666,mean,ko,,,512,centroid_norm,0.9941713809967041
trillionlabs/Tri-0.5B-Base,16,0.6666666666666666,mean,ko,,,512,within_language_cosine,0.9883539308073936
trillionlabs/Tri-0.5B-Base,16,0.6666666666666666,mean,ko,,,512,stable_rank,1.018212955455962
trillionlabs/Tri-0.5B-Base,16,0.6666666666666666,mean,ja,,,512,centroid_norm,0.9941391348838806
trillionlabs/Tri-0.5B-Base,16,0.6666666666666666,mean,ja,,,512,within_language_cosine,0.988289730422884
trillionlabs/Tri-0.5B-Base,16,0.6666666666666666,mean,ja,,,512,stable_rank,1.0252508598280614
trillionlabs/Tri-0.5B-Base,16,0.6666666666666666,mean,zh,,,512,centroid_norm,0.993061900138855
trillionlabs/Tri-0.5B-Base,16,0.6666666666666666,mean,zh,,,512,within_language_cosine,0.9861448403673863
trillionlabs/Tri-0.5B-Base,16,0.6666666666666666,mean,zh,,,512,stable_rank,1.023156714537538
trillionlabs/Tri-0.5B-Base,16,0.6666666666666666,mean,,en,ko,512,matched_cosine,0.987371027469635
trillionlabs/Tri-0.5B-Base,16,0.6666666666666666,mean,,en,ko,512,unmatched_cosine,0.9777541160583496
trillionlabs/Tri-0.5B-Base,16,0.6666666666666666,mean,,en,ko,512,cosine_margin,0.0096169114112854
trillionlabs/Tri-0.5B-Base,16,0.6666666666666666,mean,,en,ja,512,matched_cosine,0.9886767864227295
trillionlabs/Tri-0.5B-Base,16,0.6666666666666666,mean,,en,ja,512,unmatched_cosine,0.9789600372314453
trillionlabs/Tri-0.5B-Base,16,0.6666666666666666,mean,,en,ja,512,cosine_margin,0.00971674919128418
trillionlabs/Tri-0.5B-Base,16,0.6666666666666666,mean,,en,zh,512,matched_cosine,0.9879130125045776
trillionlabs/Tri-0.5B-Base,16,0.6666666666666666,mean,,en,zh,512,unmatched_cosine,0.9773304462432861
trillionlabs/Tri-0.5B-Base,16,0.6666666666666666,mean,,en,zh,512,cosine_margin,0.010582566261291504
trillionlabs/Tri-0.5B-Base,16,0.6666666666666666,mean,,ko,en,512,matched_cosine,0.987371027469635
trillionlabs/Tri-0.5B-Base,16,0.6666666666666666,mean,,ko,en,512,unmatched_cosine,0.978192150592804
trillionlabs/Tri-0.5B-Base,16,0.6666666666666666,mean,,ko,en,512,cosine_margin,0.009178876876831055
trillionlabs/Tri-0.5B-Base,16,0.6666666666666666,mean,,ko,ja,512,matched_cosine,0.9946325421333313
trillionlabs/Tri-0.5B-Base,16,0.6666666666666666,mean,,ko,ja,512,unmatched_cosine,0.9867311716079712
trillionlabs/Tri-0.5B-Base,16,0.6666666666666666,mean,,ko,ja,512,cosine_margin,0.007901370525360107
trillionlabs/Tri-0.5B-Base,16,0.6666666666666666,mean,,ko,zh,512,matched_cosine,0.9924221038818359
trillionlabs/Tri-0.5B-Base,16,0.6666666666666666,mean,,ko,zh,512,unmatched_cosine,0.9848437309265137
trillionlabs/Tri-0.5B-Base,16,0.6666666666666666,mean,,ko,zh,512,cosine_margin,0.007578372955322266
trillionlabs/Tri-0.5B-Base,16,0.6666666666666666,mean,,ja,en,512,matched_cosine,0.9886767864227295
trillionlabs/Tri-0.5B-Base,16,0.6666666666666666,mean,,ja,en,512,unmatched_cosine,0.9786995649337769
trillionlabs/Tri-0.5B-Base,16,0.6666666666666666,mean,,ja,en,512,cosine_margin,0.009977221488952637
trillionlabs/Tri-0.5B-Base,16,0.6666666666666666,mean,,ja,ko,512,matched_cosine,0.9946325421333313
trillionlabs/Tri-0.5B-Base,16,0.6666666666666666,mean,,ja,ko,512,unmatched_cosine,0.9862582087516785
trillionlabs/Tri-0.5B-Base,16,0.6666666666666666,mean,,ja,ko,512,cosine_margin,0.008374333381652832
trillionlabs/Tri-0.5B-Base,16,0.6666666666666666,mean,,ja,zh,512,matched_cosine,0.9943996071815491
trillionlabs/Tri-0.5B-Base,16,0.6666666666666666,mean,,ja,zh,512,unmatched_cosine,0.9856281280517578
trillionlabs/Tri-0.5B-Base,16,0.6666666666666666,mean,,ja,zh,512,cosine_margin,0.00877147912979126
trillionlabs/Tri-0.5B-Base,16,0.6666666666666666,mean,,zh,en,512,matched_cosine,0.9879130125045776
trillionlabs/Tri-0.5B-Base,16,0.6666666666666666,mean,,zh,en,512,unmatched_cosine,0.9772429466247559
trillionlabs/Tri-0.5B-Base,16,0.6666666666666666,mean,,zh,en,512,cosine_margin,0.010670065879821777
trillionlabs/Tri-0.5B-Base,16,0.6666666666666666,mean,,zh,ko,512,matched_cosine,0.9924221038818359
trillionlabs/Tri-0.5B-Base,16,0.6666666666666666,mean,,zh,ko,512,unmatched_cosine,0.9842177629470825
trillionlabs/Tri-0.5B-Base,16,0.6666666666666666,mean,,zh,ko,512,cosine_margin,0.008204340934753418
trillionlabs/Tri-0.5B-Base,16,0.6666666666666666,mean,,zh,ja,512,matched_cosine,0.9943996071815491
trillionlabs/Tri-0.5B-Base,16,0.6666666666666666,mean,,zh,ja,512,unmatched_cosine,0.9854230880737305
trillionlabs/Tri-0.5B-Base,16,0.6666666666666666,mean,,zh,ja,512,cosine_margin,0.008976519107818604
trillionlabs/Tri-0.5B-Base,17,0.7083333333333334,mean,en,,,512,centroid_norm,0.9861719012260437
trillionlabs/Tri-0.5B-Base,17,0.7083333333333334,mean,en,,,512,within_language_cosine,0.9724812666264065
trillionlabs/Tri-0.5B-Base,17,0.7083333333333334,mean,en,,,512,stable_rank,1.0623362569768766
trillionlabs/Tri-0.5B-Base,17,0.7083333333333334,mean,ko,,,512,centroid_norm,0.9927111268043518
trillionlabs/Tri-0.5B-Base,17,0.7083333333333334,mean,ko,,,512,within_language_cosine,0.9854469373968017
trillionlabs/Tri-0.5B-Base,17,0.7083333333333334,mean,ko,,,512,stable_rank,1.023811366674885
trillionlabs/Tri-0.5B-Base,17,0.7083333333333334,mean,ja,,,512,centroid_norm,0.9926828145980835
trillionlabs/Tri-0.5B-Base,17,0.7083333333333334,mean,ja,,,512,within_language_cosine,0.9853906799435849
trillionlabs/Tri-0.5B-Base,17,0.7083333333333334,mean,ja,,,512,stable_rank,1.0324310567511166
trillionlabs/Tri-0.5B-Base,17,0.7083333333333334,mean,zh,,,512,centroid_norm,0.9911680221557617
trillionlabs/Tri-0.5B-Base,17,0.7083333333333334,mean,zh,,,512,within_language_cosine,0.9823795923281555
trillionlabs/Tri-0.5B-Base,17,0.7083333333333334,mean,zh,,,512,stable_rank,1.031047798334621
trillionlabs/Tri-0.5B-Base,17,0.7083333333333334,mean,,en,ko,512,matched_cosine,0.9826356768608093
trillionlabs/Tri-0.5B-Base,17,0.7083333333333334,mean,,en,ko,512,unmatched_cosine,0.9703598022460938
trillionlabs/Tri-0.5B-Base,17,0.7083333333333334,mean,,en,ko,512,cosine_margin,0.012275874614715576
trillionlabs/Tri-0.5B-Base,17,0.7083333333333334,mean,,en,ja,512,matched_cosine,0.9833195209503174
trillionlabs/Tri-0.5B-Base,17,0.7083333333333334,mean,,en,ja,512,unmatched_cosine,0.9706075191497803
trillionlabs/Tri-0.5B-Base,17,0.7083333333333334,mean,,en,ja,512,cosine_margin,0.01271200180053711
trillionlabs/Tri-0.5B-Base,17,0.7083333333333334,mean,,en,zh,512,matched_cosine,0.9828323125839233
trillionlabs/Tri-0.5B-Base,17,0.7083333333333334,mean,,en,zh,512,unmatched_cosine,0.9689843654632568
trillionlabs/Tri-0.5B-Base,17,0.7083333333333334,mean,,en,zh,512,cosine_margin,0.013847947120666504
trillionlabs/Tri-0.5B-Base,17,0.7083333333333334,mean,,ko,en,512,matched_cosine,0.9826356768608093
trillionlabs/Tri-0.5B-Base,17,0.7083333333333334,mean,,ko,en,512,unmatched_cosine,0.9703131318092346
trillionlabs/Tri-0.5B-Base,17,0.7083333333333334,mean,,ko,en,512,cosine_margin,0.012322545051574707
trillionlabs/Tri-0.5B-Base,17,0.7083333333333334,mean,,ko,ja,512,matched_cosine,0.9920759201049805
trillionlabs/Tri-0.5B-Base,17,0.7083333333333334,mean,,ko,ja,512,unmatched_cosine,0.9813629388809204
trillionlabs/Tri-0.5B-Base,17,0.7083333333333334,mean,,ko,ja,512,cosine_margin,0.010712981224060059
trillionlabs/Tri-0.5B-Base,17,0.7083333333333334,mean,,ko,zh,512,matched_cosine,0.9893115758895874
trillionlabs/Tri-0.5B-Base,17,0.7083333333333334,mean,,ko,zh,512,unmatched_cosine,0.978771984577179
trillionlabs/Tri-0.5B-Base,17,0.7083333333333334,mean,,ko,zh,512,cosine_margin,0.010539591312408447
trillionlabs/Tri-0.5B-Base,17,0.7083333333333334,mean,,ja,en,512,matched_cosine,0.9833195209503174
trillionlabs/Tri-0.5B-Base,17,0.7083333333333334,mean,,ja,en,512,unmatched_cosine,0.9707929491996765
trillionlabs/Tri-0.5B-Base,17,0.7083333333333334,mean,,ja,en,512,cosine_margin,0.01252657175064087
trillionlabs/Tri-0.5B-Base,17,0.7083333333333334,mean,,ja,ko,512,matched_cosine,0.9920759201049805
trillionlabs/Tri-0.5B-Base,17,0.7083333333333334,mean,,ja,ko,512,unmatched_cosine,0.981471836566925
trillionlabs/Tri-0.5B-Base,17,0.7083333333333334,mean,,ja,ko,512,cosine_margin,0.01060408353805542
trillionlabs/Tri-0.5B-Base,17,0.7083333333333334,mean,,ja,zh,512,matched_cosine,0.9925202131271362
trillionlabs/Tri-0.5B-Base,17,0.7083333333333334,mean,,ja,zh,512,unmatched_cosine,0.981163740158081
trillionlabs/Tri-0.5B-Base,17,0.7083333333333334,mean,,ja,zh,512,cosine_margin,0.011356472969055176
trillionlabs/Tri-0.5B-Base,17,0.7083333333333334,mean,,zh,en,512,matched_cosine,0.9828323125839233
trillionlabs/Tri-0.5B-Base,17,0.7083333333333334,mean,,zh,en,512,unmatched_cosine,0.9687036275863647
trillionlabs/Tri-0.5B-Base,17,0.7083333333333334,mean,,zh,en,512,cosine_margin,0.014128684997558594
trillionlabs/Tri-0.5B-Base,17,0.7083333333333334,mean,,zh,ko,512,matched_cosine,0.9893115758895874
trillionlabs/Tri-0.5B-Base,17,0.7083333333333334,mean,,zh,ko,512,unmatched_cosine,0.9788162112236023
trillionlabs/Tri-0.5B-Base,17,0.7083333333333334,mean,,zh,ko,512,cosine_margin,0.010495364665985107
trillionlabs/Tri-0.5B-Base,17,0.7083333333333334,mean,,zh,ja,512,matched_cosine,0.9925202131271362
trillionlabs/Tri-0.5B-Base,17,0.7083333333333334,mean,,zh,ja,512,unmatched_cosine,0.9811919927597046
trillionlabs/Tri-0.5B-Base,17,0.7083333333333334,mean,,zh,ja,512,cosine_margin,0.01132822036743164
trillionlabs/Tri-0.5B-Base,18,0.75,mean,en,,,512,centroid_norm,0.9830011129379272
trillionlabs/Tri-0.5B-Base,18,0.75,mean,en,,,512,within_language_cosine,0.9662252228320695
trillionlabs/Tri-0.5B-Base,18,0.75,mean,en,,,512,stable_rank,1.077902772709879
trillionlabs/Tri-0.5B-Base,18,0.75,mean,ko,,,512,centroid_norm,0.9910077452659607
trillionlabs/Tri-0.5B-Base,18,0.75,mean,ko,,,512,within_language_cosine,0.9820612778635641
trillionlabs/Tri-0.5B-Base,18,0.75,mean,ko,,,512,stable_rank,1.030048604579718
trillionlabs/Tri-0.5B-Base,18,0.75,mean,ja,,,512,centroid_norm,0.9910253286361694
trillionlabs/Tri-0.5B-Base,18,0.75,mean,ja,,,512,within_language_cosine,0.9820962148169948
trillionlabs/Tri-0.5B-Base,18,0.75,mean,ja,,,512,stable_rank,1.0401969927567394
trillionlabs/Tri-0.5B-Base,18,0.75,mean,zh,,,512,centroid_norm,0.98903888463974
trillionlabs/Tri-0.5B-Base,18,0.75,mean,zh,,,512,within_language_cosine,0.9781552667487158
trillionlabs/Tri-0.5B-Base,18,0.75,mean,zh,,,512,stable_rank,1.0389762970758982
trillionlabs/Tri-0.5B-Base,18,0.75,mean,,en,ko,512,matched_cosine,0.9771398305892944
trillionlabs/Tri-0.5B-Base,18,0.75,mean,,en,ko,512,unmatched_cosine,0.963016927242279
trillionlabs/Tri-0.5B-Base,18,0.75,mean,,en,ko,512,cosine_margin,0.01412290334701538
trillionlabs/Tri-0.5B-Base,18,0.75,mean,,en,ja,512,matched_cosine,0.9790106415748596
trillionlabs/Tri-0.5B-Base,18,0.75,mean,,en,ja,512,unmatched_cosine,0.96468186378479
trillionlabs/Tri-0.5B-Base,18,0.75,mean,,en,ja,512,cosine_margin,0.01432877779006958
trillionlabs/Tri-0.5B-Base,18,0.75,mean,,en,zh,512,matched_cosine,0.978975772857666
trillionlabs/Tri-0.5B-Base,18,0.75,mean,,en,zh,512,unmatched_cosine,0.9627295732498169
trillionlabs/Tri-0.5B-Base,18,0.75,mean,,en,zh,512,cosine_margin,0.01624619960784912
trillionlabs/Tri-0.5B-Base,18,0.75,mean,,ko,en,512,matched_cosine,0.9771398305892944
trillionlabs/Tri-0.5B-Base,18,0.75,mean,,ko,en,512,unmatched_cosine,0.9632053375244141
trillionlabs/Tri-0.5B-Base,18,0.75,mean,,ko,en,512,cosine_margin,0.013934493064880371
trillionlabs/Tri-0.5B-Base,18,0.75,mean,,ko,ja,512,matched_cosine,0.9898698329925537
trillionlabs/Tri-0.5B-Base,18,0.75,mean,,ko,ja,512,unmatched_cosine,0.9773715734481812
trillionlabs/Tri-0.5B-Base,18,0.75,mean,,ko,ja,512,cosine_margin,0.012498259544372559
trillionlabs/Tri-0.5B-Base,18,0.75,mean,,ko,zh,512,matched_cosine,0.986125111579895
trillionlabs/Tri-0.5B-Base,18,0.75,mean,,ko,zh,512,unmatched_cosine,0.9734314680099487
trillionlabs/Tri-0.5B-Base,18,0.75,mean,,ko,zh,512,cosine_margin,0.012693643569946289
trillionlabs/Tri-0.5B-Base,18,0.75,mean,,ja,en,512,matched_cosine,0.9790106415748596
trillionlabs/Tri-0.5B-Base,18,0.75,mean,,ja,en,512,unmatched_cosine,0.9644318222999573
trillionlabs/Tri-0.5B-Base,18,0.75,mean,,ja,en,512,cosine_margin,0.014578819274902344
trillionlabs/Tri-0.5B-Base,18,0.75,mean,,ja,ko,512,matched_cosine,0.9898698329925537
trillionlabs/Tri-0.5B-Base,18,0.75,mean,,ja,ko,512,unmatched_cosine,0.9770967364311218
trillionlabs/Tri-0.5B-Base,18,0.75,mean,,ja,ko,512,cosine_margin,0.012773096561431885
trillionlabs/Tri-0.5B-Base,18,0.75,mean,,ja,zh,512,matched_cosine,0.991174578666687
trillionlabs/Tri-0.5B-Base,18,0.75,mean,,ja,zh,512,unmatched_cosine,0.9769112467765808
trillionlabs/Tri-0.5B-Base,18,0.75,mean,,ja,zh,512,cosine_margin,0.014263331890106201
trillionlabs/Tri-0.5B-Base,18,0.75,mean,,zh,en,512,matched_cosine,0.978975772857666
trillionlabs/Tri-0.5B-Base,18,0.75,mean,,zh,en,512,unmatched_cosine,0.9630604386329651
trillionlabs/Tri-0.5B-Base,18,0.75,mean,,zh,en,512,cosine_margin,0.015915334224700928
trillionlabs/Tri-0.5B-Base,18,0.75,mean,,zh,ko,512,matched_cosine,0.986125111579895
trillionlabs/Tri-0.5B-Base,18,0.75,mean,,zh,ko,512,unmatched_cosine,0.9735211133956909
trillionlabs/Tri-0.5B-Base,18,0.75,mean,,zh,ko,512,cosine_margin,0.012603998184204102
trillionlabs/Tri-0.5B-Base,18,0.75,mean,,zh,ja,512,matched_cosine,0.991174578666687
trillionlabs/Tri-0.5B-Base,18,0.75,mean,,zh,ja,512,unmatched_cosine,0.9777750968933105
trillionlabs/Tri-0.5B-Base,18,0.75,mean,,zh,ja,512,cosine_margin,0.013399481773376465
trillionlabs/Tri-0.5B-Base,19,0.7916666666666666,mean,en,,,512,centroid_norm,0.9780707955360413
trillionlabs/Tri-0.5B-Base,19,0.7916666666666666,mean,en,,,512,within_language_cosine,0.9565375938340875
trillionlabs/Tri-0.5B-Base,19,0.7916666666666666,mean,en,,,512,stable_rank,1.1044783436640726
trillionlabs/Tri-0.5B-Base,19,0.7916666666666666,mean,ko,,,512,centroid_norm,0.9885279536247253
trillionlabs/Tri-0.5B-Base,19,0.7916666666666666,mean,ko,,,512,within_language_cosine,0.9771429311972541
trillionlabs/Tri-0.5B-Base,19,0.7916666666666666,mean,ko,,,512,stable_rank,1.0393753956610583
trillionlabs/Tri-0.5B-Base,19,0.7916666666666666,mean,ja,,,512,centroid_norm,0.9883917570114136
trillionlabs/Tri-0.5B-Base,19,0.7916666666666666,mean,ja,,,512,within_language_cosine,0.9768730506971625
trillionlabs/Tri-0.5B-Base,19,0.7916666666666666,mean,ja,,,512,stable_rank,1.0522908242794324
trillionlabs/Tri-0.5B-Base,19,0.7916666666666666,mean,zh,,,512,centroid_norm,0.985717236995697
trillionlabs/Tri-0.5B-Base,19,0.7916666666666666,mean,zh,,,512,within_language_cosine,0.9715829390135763
trillionlabs/Tri-0.5B-Base,19,0.7916666666666666,mean,zh,,,512,stable_rank,1.0515173886572404
trillionlabs/Tri-0.5B-Base,19,0.7916666666666666,mean,,en,ko,512,matched_cosine,0.9687725305557251
trillionlabs/Tri-0.5B-Base,19,0.7916666666666666,mean,,en,ko,512,unmatched_cosine,0.9502223134040833
trillionlabs/Tri-0.5B-Base,19,0.7916666666666666,mean,,en,ko,512,cosine_margin,0.018550217151641846
trillionlabs/Tri-0.5B-Base,19,0.7916666666666666,mean,,en,ja,512,matched_cosine,0.9708234071731567
trillionlabs/Tri-0.5B-Base,19,0.7916666666666666,mean,,en,ja,512,unmatched_cosine,0.9519480466842651
trillionlabs/Tri-0.5B-Base,19,0.7916666666666666,mean,,en,ja,512,cosine_margin,0.0188753604888916
trillionlabs/Tri-0.5B-Base,19,0.7916666666666666,mean,,en,zh,512,matched_cosine,0.9693747758865356
trillionlabs/Tri-0.5B-Base,19,0.7916666666666666,mean,,en,zh,512,unmatched_cosine,0.947685718536377
trillionlabs/Tri-0.5B-Base,19,0.7916666666666666,mean,,en,zh,512,cosine_margin,0.02168905735015869
trillionlabs/Tri-0.5B-Base,19,0.7916666666666666,mean,,ko,en,512,matched_cosine,0.9687725305557251
trillionlabs/Tri-0.5B-Base,19,0.7916666666666666,mean,,ko,en,512,unmatched_cosine,0.9507931470870972
trillionlabs/Tri-0.5B-Base,19,0.7916666666666666,mean,,ko,en,512,cosine_margin,0.01797938346862793
trillionlabs/Tri-0.5B-Base,19,0.7916666666666666,mean,,ko,ja,512,matched_cosine,0.9840022325515747
trillionlabs/Tri-0.5B-Base,19,0.7916666666666666,mean,,ko,ja,512,unmatched_cosine,0.9683462381362915
trillionlabs/Tri-0.5B-Base,19,0.7916666666666666,mean,,ko,ja,512,cosine_margin,0.015655994415283203
trillionlabs/Tri-0.5B-Base,19,0.7916666666666666,mean,,ko,zh,512,matched_cosine,0.9775570631027222
trillionlabs/Tri-0.5B-Base,19,0.7916666666666666,mean,,ko,zh,512,unmatched_cosine,0.9616847634315491
trillionlabs/Tri-0.5B-Base,19,0.7916666666666666,mean,,ko,zh,512,cosine_margin,0.015872299671173096
trillionlabs/Tri-0.5B-Base,19,0.7916666666666666,mean,,ja,en,512,matched_cosine,0.9708234071731567
trillionlabs/Tri-0.5B-Base,19,0.7916666666666666,mean,,ja,en,512,unmatched_cosine,0.9521439075469971
trillionlabs/Tri-0.5B-Base,19,0.7916666666666666,mean,,ja,en,512,cosine_margin,0.018679499626159668
trillionlabs/Tri-0.5B-Base,19,0.7916666666666666,mean,,ja,ko,512,matched_cosine,0.9840022325515747
trillionlabs/Tri-0.5B-Base,19,0.7916666666666666,mean,,ja,ko,512,unmatched_cosine,0.9681997299194336
trillionlabs/Tri-0.5B-Base,19,0.7916666666666666,mean,,ja,ko,512,cosine_margin,0.015802502632141113
trillionlabs/Tri-0.5B-Base,19,0.7916666666666666,mean,,ja,zh,512,matched_cosine,0.9875588417053223
trillionlabs/Tri-0.5B-Base,19,0.7916666666666666,mean,,ja,zh,512,unmatched_cosine,0.9700783491134644
trillionlabs/Tri-0.5B-Base,19,0.7916666666666666,mean,,ja,zh,512,cosine_margin,0.01748049259185791
trillionlabs/Tri-0.5B-Base,19,0.7916666666666666,mean,,zh,en,512,matched_cosine,0.9693747758865356
trillionlabs/Tri-0.5B-Base,19,0.7916666666666666,mean,,zh,en,512,unmatched_cosine,0.948570966720581
trillionlabs/Tri-0.5B-Base,19,0.7916666666666666,mean,,zh,en,512,cosine_margin,0.02080380916595459
trillionlabs/Tri-0.5B-Base,19,0.7916666666666666,mean,,zh,ko,512,matched_cosine,0.9775570631027222
trillionlabs/Tri-0.5B-Base,19,0.7916666666666666,mean,,zh,ko,512,unmatched_cosine,0.9616889953613281
trillionlabs/Tri-0.5B-Base,19,0.7916666666666666,mean,,zh,ko,512,cosine_margin,0.015868067741394043
trillionlabs/Tri-0.5B-Base,19,0.7916666666666666,mean,,zh,ja,512,matched_cosine,0.9875588417053223
trillionlabs/Tri-0.5B-Base,19,0.7916666666666666,mean,,zh,ja,512,unmatched_cosine,0.9700303077697754
trillionlabs/Tri-0.5B-Base,19,0.7916666666666666,mean,,zh,ja,512,cosine_margin,0.017528533935546875
trillionlabs/Tri-0.5B-Base,20,0.8333333333333334,mean,en,,,512,centroid_norm,0.9715691804885864
trillionlabs/Tri-0.5B-Base,20,0.8333333333333334,mean,en,,,512,within_language_cosine,0.9438369661394631
trillionlabs/Tri-0.5B-Base,20,0.8333333333333334,mean,en,,,512,stable_rank,1.147250801631698
trillionlabs/Tri-0.5B-Base,20,0.8333333333333334,mean,ko,,,512,centroid_norm,0.9853090643882751
trillionlabs/Tri-0.5B-Base,20,0.8333333333333334,mean,ko,,,512,within_language_cosine,0.9707768210692882
trillionlabs/Tri-0.5B-Base,20,0.8333333333333334,mean,ko,,,512,stable_rank,1.0544744280793092
trillionlabs/Tri-0.5B-Base,20,0.8333333333333334,mean,ja,,,512,centroid_norm,0.9855345487594604
trillionlabs/Tri-0.5B-Base,20,0.8333333333333334,mean,ja,,,512,within_language_cosine,0.9712221029919887
trillionlabs/Tri-0.5B-Base,20,0.8333333333333334,mean,ja,,,512,stable_rank,1.0702599181500945
trillionlabs/Tri-0.5B-Base,20,0.8333333333333334,mean,zh,,,512,centroid_norm,0.9820083975791931
trillionlabs/Tri-0.5B-Base,20,0.8333333333333334,mean,zh,,,512,within_language_cosine,0.9642707242424474
trillionlabs/Tri-0.5B-Base,20,0.8333333333333334,mean,zh,,,512,stable_rank,1.0717526438687972
trillionlabs/Tri-0.5B-Base,20,0.8333333333333334,mean,,en,ko,512,matched_cosine,0.9618693590164185
trillionlabs/Tri-0.5B-Base,20,0.8333333333333334,mean,,en,ko,512,unmatched_cosine,0.9380642771720886
trillionlabs/Tri-0.5B-Base,20,0.8333333333333334,mean,,en,ko,512,cosine_margin,0.023805081844329834
trillionlabs/Tri-0.5B-Base,20,0.8333333333333334,mean,,en,ja,512,matched_cosine,0.9627777338027954
trillionlabs/Tri-0.5B-Base,20,0.8333333333333334,mean,,en,ja,512,unmatched_cosine,0.9390102624893188
trillionlabs/Tri-0.5B-Base,20,0.8333333333333334,mean,,en,ja,512,cosine_margin,0.023767471313476562
trillionlabs/Tri-0.5B-Base,20,0.8333333333333334,mean,,en,zh,512,matched_cosine,0.9614102840423584
trillionlabs/Tri-0.5B-Base,20,0.8333333333333334,mean,,en,zh,512,unmatched_cosine,0.9341495633125305
trillionlabs/Tri-0.5B-Base,20,0.8333333333333334,mean,,en,zh,512,cosine_margin,0.02726072072982788
trillionlabs/Tri-0.5B-Base,20,0.8333333333333334,mean,,ko,en,512,matched_cosine,0.9618693590164185
trillionlabs/Tri-0.5B-Base,20,0.8333333333333334,mean,,ko,en,512,unmatched_cosine,0.9380642771720886
trillionlabs/Tri-0.5B-Base,20,0.8333333333333334,mean,,ko,en,512,cosine_margin,0.023805081844329834
trillionlabs/Tri-0.5B-Base,20,0.8333333333333334,mean,,ko,ja,512,matched_cosine,0.9800512790679932
trillionlabs/Tri-0.5B-Base,20,0.8333333333333334,mean,,ko,ja,512,unmatched_cosine,0.960155725479126
trillionlabs/Tri-0.5B-Base,20,0.8333333333333334,mean,,ko,ja,512,cosine_margin,0.019895553588867188
trillionlabs/Tri-0.5B-Base,20,0.8333333333333334,mean,,ko,zh,512,matched_cosine,0.9716373085975647
trillionlabs/Tri-0.5B-Base,20,0.8333333333333334,mean,,ko,zh,512,unmatched_cosine,0.9517252445220947
trillionlabs/Tri-0.5B-Base,20,0.8333333333333334,mean,,ko,zh,512,cosine_margin,0.01991206407546997
trillionlabs/Tri-0.5B-Base,20,0.8333333333333334,mean,,ja,en,512,matched_cosine,0.9627777338027954
trillionlabs/Tri-0.5B-Base,20,0.8333333333333334,mean,,ja,en,512,unmatched_cosine,0.9390102624893188
trillionlabs/Tri-0.5B-Base,20,0.8333333333333334,mean,,ja,en,512,cosine_margin,0.023767471313476562
trillionlabs/Tri-0.5B-Base,20,0.8333333333333334,mean,,ja,ko,512,matched_cosine,0.9800512790679932
trillionlabs/Tri-0.5B-Base,20,0.8333333333333334,mean,,ja,ko,512,unmatched_cosine,0.960155725479126
trillionlabs/Tri-0.5B-Base,20,0.8333333333333334,mean,,ja,ko,512,cosine_margin,0.019895553588867188
trillionlabs/Tri-0.5B-Base,20,0.8333333333333334,mean,,ja,zh,512,matched_cosine,0.9852815866470337
trillionlabs/Tri-0.5B-Base,20,0.8333333333333334,mean,,ja,zh,512,unmatched_cosine,0.9634331464767456
trillionlabs/Tri-0.5B-Base,20,0.8333333333333334,mean,,ja,zh,512,cosine_margin,0.021848440170288086
trillionlabs/Tri-0.5B-Base,20,0.8333333333333334,mean,,zh,en,512,matched_cosine,0.9614102840423584
trillionlabs/Tri-0.5B-Base,20,0.8333333333333334,mean,,zh,en,512,unmatched_cosine,0.9341495633125305
trillionlabs/Tri-0.5B-Base,20,0.8333333333333334,mean,,zh,en,512,cosine_margin,0.02726072072982788
trillionlabs/Tri-0.5B-Base,20,0.8333333333333334,mean,,zh,ko,512,matched_cosine,0.9716373085975647
trillionlabs/Tri-0.5B-Base,20,0.8333333333333334,mean,,zh,ko,512,unmatched_cosine,0.9517252445220947
trillionlabs/Tri-0.5B-Base,20,0.8333333333333334,mean,,zh,ko,512,cosine_margin,0.01991206407546997
trillionlabs/Tri-0.5B-Base,20,0.8333333333333334,mean,,zh,ja,512,matched_cosine,0.9852815866470337
trillionlabs/Tri-0.5B-Base,20,0.8333333333333334,mean,,zh,ja,512,unmatched_cosine,0.9634331464767456
trillionlabs/Tri-0.5B-Base,20,0.8333333333333334,mean,,zh,ja,512,cosine_margin,0.021848440170288086
trillionlabs/Tri-0.5B-Base,21,0.875,mean,en,,,512,centroid_norm,0.9673585295677185
trillionlabs/Tri-0.5B-Base,21,0.875,mean,en,,,512,within_language_cosine,0.935656821891053
trillionlabs/Tri-0.5B-Base,21,0.875,mean,en,,,512,stable_rank,1.1747643469756694
trillionlabs/Tri-0.5B-Base,21,0.875,mean,ko,,,512,centroid_norm,0.982750654220581
trillionlabs/Tri-0.5B-Base,21,0.875,mean,ko,,,512,within_language_cosine,0.9657319249938845
trillionlabs/Tri-0.5B-Base,21,0.875,mean,ko,,,512,stable_rank,1.064038140887707
trillionlabs/Tri-0.5B-Base,21,0.875,mean,ja,,,512,centroid_norm,0.9831463694572449
trillionlabs/Tri-0.5B-Base,21,0.875,mean,ja,,,512,within_language_cosine,0.9665114072437623
trillionlabs/Tri-0.5B-Base,21,0.875,mean,ja,,,512,stable_rank,1.0817385981288254
trillionlabs/Tri-0.5B-Base,21,0.875,mean,zh,,,512,centroid_norm,0.9790967106819153
trillionlabs/Tri-0.5B-Base,21,0.875,mean,zh,,,512,within_language_cosine,0.9585494248601089
trillionlabs/Tri-0.5B-Base,21,0.875,mean,zh,,,512,stable_rank,1.084306341942623
trillionlabs/Tri-0.5B-Base,21,0.875,mean,,en,ko,512,matched_cosine,0.9511836767196655
trillionlabs/Tri-0.5B-Base,21,0.875,mean,,en,ko,512,unmatched_cosine,0.921911358833313
trillionlabs/Tri-0.5B-Base,21,0.875,mean,,en,ko,512,cosine_margin,0.02927231788635254
trillionlabs/Tri-0.5B-Base,21,0.875,mean,,en,ja,512,matched_cosine,0.9465106129646301
trillionlabs/Tri-0.5B-Base,21,0.875,mean,,en,ja,512,unmatched_cosine,0.9180206060409546
trillionlabs/Tri-0.5B-Base,21,0.875,mean,,en,ja,512,cosine_margin,0.028490006923675537
trillionlabs/Tri-0.5B-Base,21,0.875,mean,,en,zh,512,matched_cosine,0.9478200674057007
trillionlabs/Tri-0.5B-Base,21,0.875,mean,,en,zh,512,unmatched_cosine,0.914268970489502
trillionlabs/Tri-0.5B-Base,21,0.875,mean,,en,zh,512,cosine_margin,0.03355109691619873
trillionlabs/Tri-0.5B-Base,21,0.875,mean,,ko,en,512,matched_cosine,0.9511836767196655
trillionlabs/Tri-0.5B-Base,21,0.875,mean,,ko,en,512,unmatched_cosine,0.9212875366210938
trillionlabs/Tri-0.5B-Base,21,0.875,mean,,ko,en,512,cosine_margin,0.029896140098571777
trillionlabs/Tri-0.5B-Base,21,0.875,mean,,ko,ja,512,matched_cosine,0.9657264947891235
trillionlabs/Tri-0.5B-Base,21,0.875,mean,,ko,ja,512,unmatched_cosine,0.94167160987854
trillionlabs/Tri-0.5B-Base,21,0.875,mean,,ko,ja,512,cosine_margin,0.024054884910583496
trillionlabs/Tri-0.5B-Base,21,0.875,mean,,ko,zh,512,matched_cosine,0.958027720451355
trillionlabs/Tri-0.5B-Base,21,0.875,mean,,ko,zh,512,unmatched_cosine,0.9329383373260498
trillionlabs/Tri-0.5B-Base,21,0.875,mean,,ko,zh,512,cosine_margin,0.025089383125305176
trillionlabs/Tri-0.5B-Base,21,0.875,mean,,ja,en,512,matched_cosine,0.9465106129646301
trillionlabs/Tri-0.5B-Base,21,0.875,mean,,ja,en,512,unmatched_cosine,0.9175142049789429
trillionlabs/Tri-0.5B-Base,21,0.875,mean,,ja,en,512,cosine_margin,0.028996407985687256
trillionlabs/Tri-0.5B-Base,21,0.875,mean,,ja,ko,512,matched_cosine,0.9657264947891235
trillionlabs/Tri-0.5B-Base,21,0.875,mean,,ja,ko,512,unmatched_cosine,0.9418661594390869
trillionlabs/Tri-0.5B-Base,21,0.875,mean,,ja,ko,512,cosine_margin,0.02386033535003662
trillionlabs/Tri-0.5B-Base,21,0.875,mean,,ja,zh,512,matched_cosine,0.9809433221817017
trillionlabs/Tri-0.5B-Base,21,0.875,mean,,ja,zh,512,unmatched_cosine,0.9531824588775635
trillionlabs/Tri-0.5B-Base,21,0.875,mean,,ja,zh,512,cosine_margin,0.027760863304138184
trillionlabs/Tri-0.5B-Base,21,0.875,mean,,zh,en,512,matched_cosine,0.9478200674057007
trillionlabs/Tri-0.5B-Base,21,0.875,mean,,zh,en,512,unmatched_cosine,0.9145846962928772
trillionlabs/Tri-0.5B-Base,21,0.875,mean,,zh,en,512,cosine_margin,0.033235371112823486
trillionlabs/Tri-0.5B-Base,21,0.875,mean,,zh,ko,512,matched_cosine,0.958027720451355
trillionlabs/Tri-0.5B-Base,21,0.875,mean,,zh,ko,512,unmatched_cosine,0.9334440231323242
trillionlabs/Tri-0.5B-Base,21,0.875,mean,,zh,ko,512,cosine_margin,0.02458369731903076
trillionlabs/Tri-0.5B-Base,21,0.875,mean,,zh,ja,512,matched_cosine,0.9809433221817017
trillionlabs/Tri-0.5B-Base,21,0.875,mean,,zh,ja,512,unmatched_cosine,0.9534500241279602
trillionlabs/Tri-0.5B-Base,21,0.875,mean,,zh,ja,512,cosine_margin,0.027493298053741455
trillionlabs/Tri-0.5B-Base,22,0.9166666666666666,mean,en,,,512,centroid_norm,0.9614327549934387
trillionlabs/Tri-0.5B-Base,22,0.9166666666666666,mean,en,,,512,within_language_cosine,0.9242049066054611
trillionlabs/Tri-0.5B-Base,22,0.9166666666666666,mean,en,,,512,stable_rank,1.2169318602335766
trillionlabs/Tri-0.5B-Base,22,0.9166666666666666,mean,ko,,,512,centroid_norm,0.9801585078239441
trillionlabs/Tri-0.5B-Base,22,0.9166666666666666,mean,ko,,,512,within_language_cosine,0.96063375752966
trillionlabs/Tri-0.5B-Base,22,0.9166666666666666,mean,ko,,,512,stable_rank,1.0782051616050405
trillionlabs/Tri-0.5B-Base,22,0.9166666666666666,mean,ja,,,512,centroid_norm,0.9807921051979065
trillionlabs/Tri-0.5B-Base,22,0.9166666666666666,mean,ja,,,512,within_language_cosine,0.9618786477762659
trillionlabs/Tri-0.5B-Base,22,0.9166666666666666,mean,ja,,,512,stable_rank,1.0980760388332431
trillionlabs/Tri-0.5B-Base,22,0.9166666666666666,mean,zh,,,512,centroid_norm,0.9759867787361145
trillionlabs/Tri-0.5B-Base,22,0.9166666666666666,mean,zh,,,512,within_language_cosine,0.9524573160011007
trillionlabs/Tri-0.5B-Base,22,0.9166666666666666,mean,zh,,,512,stable_rank,1.1035361252866889
trillionlabs/Tri-0.5B-Base,22,0.9166666666666666,mean,,en,ko,512,matched_cosine,0.9281476736068726
trillionlabs/Tri-0.5B-Base,22,0.9166666666666666,mean,,en,ko,512,unmatched_cosine,0.8972110152244568
trillionlabs/Tri-0.5B-Base,22,0.9166666666666666,mean,,en,ko,512,cosine_margin,0.03093665838241577
trillionlabs/Tri-0.5B-Base,22,0.9166666666666666,mean,,en,ja,512,matched_cosine,0.9244167804718018
trillionlabs/Tri-0.5B-Base,22,0.9166666666666666,mean,,en,ja,512,unmatched_cosine,0.8934726715087891
trillionlabs/Tri-0.5B-Base,22,0.9166666666666666,mean,,en,ja,512,cosine_margin,0.030944108963012695
trillionlabs/Tri-0.5B-Base,22,0.9166666666666666,mean,,en,zh,512,matched_cosine,0.9264485836029053
trillionlabs/Tri-0.5B-Base,22,0.9166666666666666,mean,,en,zh,512,unmatched_cosine,0.8908808827400208
trillionlabs/Tri-0.5B-Base,22,0.9166666666666666,mean,,en,zh,512,cosine_margin,0.03556770086288452
trillionlabs/Tri-0.5B-Base,22,0.9166666666666666,mean,,ko,en,512,matched_cosine,0.9281476736068726
trillionlabs/Tri-0.5B-Base,22,0.9166666666666666,mean,,ko,en,512,unmatched_cosine,0.8979314565658569
trillionlabs/Tri-0.5B-Base,22,0.9166666666666666,mean,,ko,en,512,cosine_margin,0.030216217041015625
trillionlabs/Tri-0.5B-Base,22,0.9166666666666666,mean,,ko,ja,512,matched_cosine,0.9468585848808289
trillionlabs/Tri-0.5B-Base,22,0.9166666666666666,mean,,ko,ja,512,unmatched_cosine,0.9217253923416138
trillionlabs/Tri-0.5B-Base,22,0.9166666666666666,mean,,ko,ja,512,cosine_margin,0.025133192539215088
trillionlabs/Tri-0.5B-Base,22,0.9166666666666666,mean,,ko,zh,512,matched_cosine,0.9365261197090149
trillionlabs/Tri-0.5B-Base,22,0.9166666666666666,mean,,ko,zh,512,unmatched_cosine,0.9107219576835632
trillionlabs/Tri-0.5B-Base,22,0.9166666666666666,mean,,ko,zh,512,cosine_margin,0.02580416202545166
trillionlabs/Tri-0.5B-Base,22,0.9166666666666666,mean,,ja,en,512,matched_cosine,0.9244167804718018
trillionlabs/Tri-0.5B-Base,22,0.9166666666666666,mean,,ja,en,512,unmatched_cosine,0.8944025635719299
trillionlabs/Tri-0.5B-Base,22,0.9166666666666666,mean,,ja,en,512,cosine_margin,0.030014216899871826
trillionlabs/Tri-0.5B-Base,22,0.9166666666666666,mean,,ja,ko,512,matched_cosine,0.9468585848808289
trillionlabs/Tri-0.5B-Base,22,0.9166666666666666,mean,,ja,ko,512,unmatched_cosine,0.9226258993148804
trillionlabs/Tri-0.5B-Base,22,0.9166666666666666,mean,,ja,ko,512,cosine_margin,0.024232685565948486
trillionlabs/Tri-0.5B-Base,22,0.9166666666666666,mean,,ja,zh,512,matched_cosine,0.9786230325698853
trillionlabs/Tri-0.5B-Base,22,0.9166666666666666,mean,,ja,zh,512,unmatched_cosine,0.9490176439285278
trillionlabs/Tri-0.5B-Base,22,0.9166666666666666,mean,,ja,zh,512,cosine_margin,0.029605388641357422
trillionlabs/Tri-0.5B-Base,22,0.9166666666666666,mean,,zh,en,512,matched_cosine,0.9264485836029053
trillionlabs/Tri-0.5B-Base,22,0.9166666666666666,mean,,zh,en,512,unmatched_cosine,0.8914889097213745
trillionlabs/Tri-0.5B-Base,22,0.9166666666666666,mean,,zh,en,512,cosine_margin,0.03495967388153076
trillionlabs/Tri-0.5B-Base,22,0.9166666666666666,mean,,zh,ko,512,matched_cosine,0.9365261197090149
trillionlabs/Tri-0.5B-Base,22,0.9166666666666666,mean,,zh,ko,512,unmatched_cosine,0.9113298654556274
trillionlabs/Tri-0.5B-Base,22,0.9166666666666666,mean,,zh,ko,512,cosine_margin,0.02519625425338745
trillionlabs/Tri-0.5B-Base,22,0.9166666666666666,mean,,zh,ja,512,matched_cosine,0.9786230325698853
trillionlabs/Tri-0.5B-Base,22,0.9166666666666666,mean,,zh,ja,512,unmatched_cosine,0.9485416412353516
trillionlabs/Tri-0.5B-Base,22,0.9166666666666666,mean,,zh,ja,512,cosine_margin,0.03008139133453369
trillionlabs/Tri-0.5B-Base,23,0.9583333333333334,mean,en,,,512,centroid_norm,0.9567604660987854
trillionlabs/Tri-0.5B-Base,23,0.9583333333333334,mean,en,,,512,within_language_cosine,0.915224974869282
trillionlabs/Tri-0.5B-Base,23,0.9583333333333334,mean,en,,,512,stable_rank,1.2541641986896406
trillionlabs/Tri-0.5B-Base,23,0.9583333333333334,mean,ko,,,512,centroid_norm,0.9779456853866577
trillionlabs/Tri-0.5B-Base,23,0.9583333333333334,mean,ko,,,512,within_language_cosine,0.956292437947193
trillionlabs/Tri-0.5B-Base,23,0.9583333333333334,mean,ko,,,512,stable_rank,1.0922483850220333
trillionlabs/Tri-0.5B-Base,23,0.9583333333333334,mean,ja,,,512,centroid_norm,0.9795336127281189
trillionlabs/Tri-0.5B-Base,23,0.9583333333333334,mean,ja,,,512,within_language_cosine,0.9594068433907167
trillionlabs/Tri-0.5B-Base,23,0.9583333333333334,mean,ja,,,512,stable_rank,1.1129374020844098
trillionlabs/Tri-0.5B-Base,23,0.9583333333333334,mean,zh,,,512,centroid_norm,0.9743940234184265
trillionlabs/Tri-0.5B-Base,23,0.9583333333333334,mean,zh,,,512,within_language_cosine,0.9493448216387904
trillionlabs/Tri-0.5B-Base,23,0.9583333333333334,mean,zh,,,512,stable_rank,1.1204017598361788
trillionlabs/Tri-0.5B-Base,23,0.9583333333333334,mean,,en,ko,512,matched_cosine,0.8732486367225647
trillionlabs/Tri-0.5B-Base,23,0.9583333333333334,mean,,en,ko,512,unmatched_cosine,0.8408342599868774
trillionlabs/Tri-0.5B-Base,23,0.9583333333333334,mean,,en,ko,512,cosine_margin,0.032414376735687256
trillionlabs/Tri-0.5B-Base,23,0.9583333333333334,mean,,en,ja,512,matched_cosine,0.8630366325378418
trillionlabs/Tri-0.5B-Base,23,0.9583333333333334,mean,,en,ja,512,unmatched_cosine,0.8330541849136353
trillionlabs/Tri-0.5B-Base,23,0.9583333333333334,mean,,en,ja,512,cosine_margin,0.029982447624206543
trillionlabs/Tri-0.5B-Base,23,0.9583333333333334,mean,,en,zh,512,matched_cosine,0.8668643236160278
trillionlabs/Tri-0.5B-Base,23,0.9583333333333334,mean,,en,zh,512,unmatched_cosine,0.8301438093185425
trillionlabs/Tri-0.5B-Base,23,0.9583333333333334,mean,,en,zh,512,cosine_margin,0.03672051429748535
trillionlabs/Tri-0.5B-Base,23,0.9583333333333334,mean,,ko,en,512,matched_cosine,0.8732486367225647
trillionlabs/Tri-0.5B-Base,23,0.9583333333333334,mean,,ko,en,512,unmatched_cosine,0.8414479494094849
trillionlabs/Tri-0.5B-Base,23,0.9583333333333334,mean,,ko,en,512,cosine_margin,0.031800687313079834
trillionlabs/Tri-0.5B-Base,23,0.9583333333333334,mean,,ko,ja,512,matched_cosine,0.9072625041007996
trillionlabs/Tri-0.5B-Base,23,0.9583333333333334,mean,,ko,ja,512,unmatched_cosine,0.882990300655365
trillionlabs/Tri-0.5B-Base,23,0.9583333333333334,mean,,ko,ja,512,cosine_margin,0.02427220344543457
trillionlabs/Tri-0.5B-Base,23,0.9583333333333334,mean,,ko,zh,512,matched_cosine,0.8938915729522705
trillionlabs/Tri-0.5B-Base,23,0.9583333333333334,mean,,ko,zh,512,unmatched_cosine,0.868178129196167
trillionlabs/Tri-0.5B-Base,23,0.9583333333333334,mean,,ko,zh,512,cosine_margin,0.025713443756103516
trillionlabs/Tri-0.5B-Base,23,0.9583333333333334,mean,,ja,en,512,matched_cosine,0.8630366325378418
trillionlabs/Tri-0.5B-Base,23,0.9583333333333334,mean,,ja,en,512,unmatched_cosine,0.8331353664398193
trillionlabs/Tri-0.5B-Base,23,0.9583333333333334,mean,,ja,en,512,cosine_margin,0.02990126609802246
trillionlabs/Tri-0.5B-Base,23,0.9583333333333334,mean,,ja,ko,512,matched_cosine,0.9072625041007996
trillionlabs/Tri-0.5B-Base,23,0.9583333333333334,mean,,ja,ko,512,unmatched_cosine,0.8833913207054138
trillionlabs/Tri-0.5B-Base,23,0.9583333333333334,mean,,ja,ko,512,cosine_margin,0.023871183395385742
trillionlabs/Tri-0.5B-Base,23,0.9583333333333334,mean,,ja,zh,512,matched_cosine,0.9752339124679565
trillionlabs/Tri-0.5B-Base,23,0.9583333333333334,mean,,ja,zh,512,unmatched_cosine,0.9425348043441772
trillionlabs/Tri-0.5B-Base,23,0.9583333333333334,mean,,ja,zh,512,cosine_margin,0.0326991081237793
trillionlabs/Tri-0.5B-Base,23,0.9583333333333334,mean,,zh,en,512,matched_cosine,0.8668643236160278
trillionlabs/Tri-0.5B-Base,23,0.9583333333333334,mean,,zh,en,512,unmatched_cosine,0.8324028849601746
trillionlabs/Tri-0.5B-Base,23,0.9583333333333334,mean,,zh,en,512,cosine_margin,0.03446143865585327
trillionlabs/Tri-0.5B-Base,23,0.9583333333333334,mean,,zh,ko,512,matched_cosine,0.8938915729522705
trillionlabs/Tri-0.5B-Base,23,0.9583333333333334,mean,,zh,ko,512,unmatched_cosine,0.8691990375518799
trillionlabs/Tri-0.5B-Base,23,0.9583333333333334,mean,,zh,ko,512,cosine_margin,0.024692535400390625
trillionlabs/Tri-0.5B-Base,23,0.9583333333333334,mean,,zh,ja,512,matched_cosine,0.9752339124679565
trillionlabs/Tri-0.5B-Base,23,0.9583333333333334,mean,,zh,ja,512,unmatched_cosine,0.944031834602356
trillionlabs/Tri-0.5B-Base,23,0.9583333333333334,mean,,zh,ja,512,cosine_margin,0.031202077865600586
trillionlabs/Tri-0.5B-Base,24,1.0,mean,en,,,512,centroid_norm,0.8568676114082336
trillionlabs/Tri-0.5B-Base,24,1.0,mean,en,,,512,within_language_cosine,0.7337019410851884
trillionlabs/Tri-0.5B-Base,24,1.0,mean,en,,,512,stable_rank,8.026591050062795
trillionlabs/Tri-0.5B-Base,24,1.0,mean,ko,,,512,centroid_norm,0.9159157872200012
trillionlabs/Tri-0.5B-Base,24,1.0,mean,ko,,,512,within_language_cosine,0.8385864974467955
trillionlabs/Tri-0.5B-Base,24,1.0,mean,ko,,,512,stable_rank,8.960546331219756
trillionlabs/Tri-0.5B-Base,24,1.0,mean,ja,,,512,centroid_norm,0.9387544393539429
trillionlabs/Tri-0.5B-Base,24,1.0,mean,ja,,,512,within_language_cosine,0.881027550146771
trillionlabs/Tri-0.5B-Base,24,1.0,mean,ja,,,512,stable_rank,6.187510808351742
trillionlabs/Tri-0.5B-Base,24,1.0,mean,zh,,,512,centroid_norm,0.9311873316764832
trillionlabs/Tri-0.5B-Base,24,1.0,mean,zh,,,512,within_language_cosine,0.8668498358381238
trillionlabs/Tri-0.5B-Base,24,1.0,mean,zh,,,512,stable_rank,5.025542563011132
trillionlabs/Tri-0.5B-Base,24,1.0,mean,,en,ko,512,matched_cosine,0.173116073012352
trillionlabs/Tri-0.5B-Base,24,1.0,mean,,en,ko,512,unmatched_cosine,0.06826148927211761
trillionlabs/Tri-0.5B-Base,24,1.0,mean,,en,ko,512,cosine_margin,0.10485458374023438
trillionlabs/Tri-0.5B-Base,24,1.0,mean,,en,ja,512,matched_cosine,0.08676470816135406
trillionlabs/Tri-0.5B-Base,24,1.0,mean,,en,ja,512,unmatched_cosine,0.01557537354528904
trillionlabs/Tri-0.5B-Base,24,1.0,mean,,en,ja,512,cosine_margin,0.07118933461606503
trillionlabs/Tri-0.5B-Base,24,1.0,mean,,en,zh,512,matched_cosine,0.14994558691978455
trillionlabs/Tri-0.5B-Base,24,1.0,mean,,en,zh,512,unmatched_cosine,0.053730253130197525
trillionlabs/Tri-0.5B-Base,24,1.0,mean,,en,zh,512,cosine_margin,0.09621533378958702
trillionlabs/Tri-0.5B-Base,24,1.0,mean,,ko,en,512,matched_cosine,0.173116073012352
trillionlabs/Tri-0.5B-Base,24,1.0,mean,,ko,en,512,unmatched_cosine,0.06695385277271271
trillionlabs/Tri-0.5B-Base,24,1.0,mean,,ko,en,512,cosine_margin,0.10616222023963928
trillionlabs/Tri-0.5B-Base,24,1.0,mean,,ko,ja,512,matched_cosine,0.07166920602321625
trillionlabs/Tri-0.5B-Base,24,1.0,mean,,ko,ja,512,unmatched_cosine,0.0029767961241304874
trillionlabs/Tri-0.5B-Base,24,1.0,mean,,ko,ja,512,cosine_margin,0.06869240989908576
trillionlabs/Tri-0.5B-Base,24,1.0,mean,,ko,zh,512,matched_cosine,0.131730854511261
trillionlabs/Tri-0.5B-Base,24,1.0,mean,,ko,zh,512,unmatched_cosine,0.060422688722610474
trillionlabs/Tri-0.5B-Base,24,1.0,mean,,ko,zh,512,cosine_margin,0.07130816578865051
trillionlabs/Tri-0.5B-Base,24,1.0,mean,,ja,en,512,matched_cosine,0.08676470816135406
trillionlabs/Tri-0.5B-Base,24,1.0,mean,,ja,en,512,unmatched_cosine,0.015731748193502426
trillionlabs/Tri-0.5B-Base,24,1.0,mean,,ja,en,512,cosine_margin,0.07103295996785164
trillionlabs/Tri-0.5B-Base,24,1.0,mean,,ja,ko,512,matched_cosine,0.07166920602321625
trillionlabs/Tri-0.5B-Base,24,1.0,mean,,ja,ko,512,unmatched_cosine,0.002769589191302657
trillionlabs/Tri-0.5B-Base,24,1.0,mean,,ja,ko,512,cosine_margin,0.06889961683191359
trillionlabs/Tri-0.5B-Base,24,1.0,mean,,ja,zh,512,matched_cosine,0.6626109480857849
trillionlabs/Tri-0.5B-Base,24,1.0,mean,,ja,zh,512,unmatched_cosine,0.6067122220993042
trillionlabs/Tri-0.5B-Base,24,1.0,mean,,ja,zh,512,cosine_margin,0.05589872598648071
trillionlabs/Tri-0.5B-Base,24,1.0,mean,,zh,en,512,matched_cosine,0.14994558691978455
trillionlabs/Tri-0.5B-Base,24,1.0,mean,,zh,en,512,unmatched_cosine,0.05314489081501961
trillionlabs/Tri-0.5B-Base,24,1.0,mean,,zh,en,512,cosine_margin,0.09680069610476494
trillionlabs/Tri-0.5B-Base,24,1.0,mean,,zh,ko,512,matched_cosine,0.131730854511261
trillionlabs/Tri-0.5B-Base,24,1.0,mean,,zh,ko,512,unmatched_cosine,0.05989576876163483
trillionlabs/Tri-0.5B-Base,24,1.0,mean,,zh,ko,512,cosine_margin,0.07183508574962616
trillionlabs/Tri-0.5B-Base,24,1.0,mean,,zh,ja,512,matched_cosine,0.6626109480857849
trillionlabs/Tri-0.5B-Base,24,1.0,mean,,zh,ja,512,unmatched_cosine,0.6068531274795532
trillionlabs/Tri-0.5B-Base,24,1.0,mean,,zh,ja,512,cosine_margin,0.05575782060623169
