model,layer,normalized_depth,pooling,source_language,target_language,condition,metric,value,n
trillionlabs/Tri-0.5B-Base,0,0.0,last_token,en,ko,raw,r1,0.00390625,512
trillionlabs/Tri-0.5B-Base,0,0.0,last_token,en,ko,raw,r5,0.015625,512
trillionlabs/Tri-0.5B-Base,0,0.0,last_token,en,ko,raw,r10,0.04296875,512
trillionlabs/Tri-0.5B-Base,0,0.0,last_token,en,ko,raw,mrr,0.019485124674048074,512
trillionlabs/Tri-0.5B-Base,0,0.0,last_token,en,ja,raw,r1,0.001953125,512
trillionlabs/Tri-0.5B-Base,0,0.0,last_token,en,ja,raw,r5,0.01171875,512
trillionlabs/Tri-0.5B-Base,0,0.0,last_token,en,ja,raw,r10,0.01171875,512
trillionlabs/Tri-0.5B-Base,0,0.0,last_token,en,ja,raw,mrr,0.009718872319866958,512
trillionlabs/Tri-0.5B-Base,0,0.0,last_token,en,zh,raw,r1,0.0078125,512
trillionlabs/Tri-0.5B-Base,0,0.0,last_token,en,zh,raw,r5,0.029296875,512
trillionlabs/Tri-0.5B-Base,0,0.0,last_token,en,zh,raw,r10,0.04296875,512
trillionlabs/Tri-0.5B-Base,0,0.0,last_token,en,zh,raw,mrr,0.01989686972326079,512
trillionlabs/Tri-0.5B-Base,0,0.0,last_token,ko,en,raw,r1,0.00390625,512
trillionlabs/Tri-0.5B-Base,0,0.0,last_token,ko,en,raw,r5,0.015625,512
trillionlabs/Tri-0.5B-Base,0,0.0,last_token,ko,en,raw,r10,0.033203125,512
trillionlabs/Tri-0.5B-Base,0,0.0,last_token,ko,en,raw,mrr,0.01963767083477072,512
trillionlabs/Tri-0.5B-Base,0,0.0,last_token,ko,ja,raw,r1,0.001953125,512
trillionlabs/Tri-0.5B-Base,0,0.0,last_token,ko,ja,raw,r5,0.009765625,512
trillionlabs/Tri-0.5B-Base,0,0.0,last_token,ko,ja,raw,r10,0.009765625,512
trillionlabs/Tri-0.5B-Base,0,0.0,last_token,ko,ja,raw,mrr,0.009352532642148003,512
trillionlabs/Tri-0.5B-Base,0,0.0,last_token,ko,zh,raw,r1,0.001953125,512
trillionlabs/Tri-0.5B-Base,0,0.0,last_token,ko,zh,raw,r5,0.015625,512
trillionlabs/Tri-0.5B-Base,0,0.0,last_token,ko,zh,raw,r10,0.03125,512
trillionlabs/Tri-0.5B-Base,0,0.0,last_token,ko,zh,raw,mrr,0.01272162696384043,512
trillionlabs/Tri-0.5B-Base,0,0.0,last_token,ja,en,raw,r1,0.0,512
trillionlabs/Tri-0.5B-Base,0,0.0,last_token,ja,en,raw,r5,0.0,512
trillionlabs/Tri-0.5B-Base,0,0.0,last_token,ja,en,raw,r10,0.009765625,512
trillionlabs/Tri-0.5B-Base,0,0.0,last_token,ja,en,raw,mrr,0.005549159186088781,512
trillionlabs/Tri-0.5B-Base,0,0.0,last_token,ja,ko,raw,r1,0.0,512
trillionlabs/Tri-0.5B-Base,0,0.0,last_token,ja,ko,raw,r5,0.005859375,512
trillionlabs/Tri-0.5B-Base,0,0.0,last_token,ja,ko,raw,r10,0.005859375,512
trillionlabs/Tri-0.5B-Base,0,0.0,last_token,ja,ko,raw,mrr,0.006638898651371491,512
trillionlabs/Tri-0.5B-Base,0,0.0,last_token,ja,zh,raw,r1,0.0,512
trillionlabs/Tri-0.5B-Base,0,0.0,last_token,ja,zh,raw,r5,0.005859375,512
trillionlabs/Tri-0.5B-Base,0,0.0,last_token,ja,zh,raw,r10,0.01171875,512
trillionlabs/Tri-0.5B-Base,0,0.0,last_token,ja,zh,raw,mrr,0.006163294213209366,512
trillionlabs/Tri-0.5B-Base,0,0.0,last_token,zh,en,raw,r1,0.009765625,512
trillionlabs/Tri-0.5B-Base,0,0.0,last_token,zh,en,raw,r5,0.017578125,512
trillionlabs/Tri-0.5B-Base,0,0.0,last_token,zh,en,raw,r10,0.041015625,512
trillionlabs/Tri-0.5B-Base,0,0.0,last_token,zh,en,raw,mrr,0.02112778524862627,512
trillionlabs/Tri-0.5B-Base,0,0.0,last_token,zh,ko,raw,r1,0.001953125,512
trillionlabs/Tri-0.5B-Base,0,0.0,last_token,zh,ko,raw,r5,0.017578125,512
trillionlabs/Tri-0.5B-Base,0,0.0,last_token,zh,ko,raw,r10,0.01953125,512
trillionlabs/Tri-0.5B-Base,0,0.0,last_token,zh,ko,raw,mrr,0.014380264145328404,512
trillionlabs/Tri-0.5B-Base,0,0.0,last_token,zh,ja,raw,r1,0.001953125,512
trillionlabs/Tri-0.5B-Base,0,0.0,last_token,zh,ja,raw,r5,0.01171875,512
trillionlabs/Tri-0.5B-Base,0,0.0,last_token,zh,ja,raw,r10,0.01171875,512
trillionlabs/Tri-0.5B-Base,0,0.0,last_token,zh,ja,raw,mrr,0.009885857488867536,512
trillionlabs/Tri-0.5B-Base,1,0.041666666666666664,last_token,en,ko,raw,r1,0.025390625,512
trillionlabs/Tri-0.5B-Base,1,0.041666666666666664,last_token,en,ko,raw,r5,0.0546875,512
trillionlabs/Tri-0.5B-Base,1,0.041666666666666664,last_token,en,ko,raw,r10,0.0859375,512
trillionlabs/Tri-0.5B-Base,1,0.041666666666666664,last_token,en,ko,raw,mrr,0.05084175271561931,512
trillionlabs/Tri-0.5B-Base,1,0.041666666666666664,last_token,en,ja,raw,r1,0.001953125,512
trillionlabs/Tri-0.5B-Base,1,0.041666666666666664,last_token,en,ja,raw,r5,0.01171875,512
trillionlabs/Tri-0.5B-Base,1,0.041666666666666664,last_token,en,ja,raw,r10,0.02734375,512
trillionlabs/Tri-0.5B-Base,1,0.041666666666666664,last_token,en,ja,raw,mrr,0.017094826017448404,512
trillionlabs/Tri-0.5B-Base,1,0.041666666666666664,last_token,en,zh,raw,r1,0.01171875,512
trillionlabs/Tri-0.5B-Base,1,0.041666666666666664,last_token,en,zh,raw,r5,0.033203125,512
trillionlabs/Tri-0.5B-Base,1,0.041666666666666664,last_token,en,zh,raw,r10,0.060546875,512
trillionlabs/Tri-0.5B-Base,1,0.041666666666666664,last_token,en,zh,raw,mrr,0.029372712049688804,512
trillionlabs/Tri-0.5B-Base,1,0.041666666666666664,last_token,ko,en,raw,r1,0.021484375,512
trillionlabs/Tri-0.5B-Base,1,0.041666666666666664,last_token,ko,en,raw,r5,0.05859375,512
trillionlabs/Tri-0.5B-Base,1,0.041666666666666664,last_token,ko,en,raw,r10,0.08984375,512
trillionlabs/Tri-0.5B-Base,1,0.041666666666666664,last_token,ko,en,raw,mrr,0.051443219869696216,512
trillionlabs/Tri-0.5B-Base,1,0.041666666666666664,last_token,ko,ja,raw,r1,0.00390625,512
trillionlabs/Tri-0.5B-Base,1,0.041666666666666664,last_token,ko,ja,raw,r5,0.015625,512
trillionlabs/Tri-0.5B-Base,1,0.041666666666666664,last_token,ko,ja,raw,r10,0.03125,512
trillionlabs/Tri-0.5B-Base,1,0.041666666666666664,last_token,ko,ja,raw,mrr,0.018205263197553494,512
trillionlabs/Tri-0.5B-Base,1,0.041666666666666664,last_token,ko,zh,raw,r1,0.005859375,512
trillionlabs/Tri-0.5B-Base,1,0.041666666666666664,last_token,ko,zh,raw,r5,0.025390625,512
trillionlabs/Tri-0.5B-Base,1,0.041666666666666664,last_token,ko,zh,raw,r10,0.037109375,512
trillionlabs/Tri-0.5B-Base,1,0.041666666666666664,last_token,ko,zh,raw,mrr,0.023009878063984697,512
trillionlabs/Tri-0.5B-Base,1,0.041666666666666664,last_token,ja,en,raw,r1,0.001953125,512
trillionlabs/Tri-0.5B-Base,1,0.041666666666666664,last_token,ja,en,raw,r5,0.021484375,512
trillionlabs/Tri-0.5B-Base,1,0.041666666666666664,last_token,ja,en,raw,r10,0.029296875,512
trillionlabs/Tri-0.5B-Base,1,0.041666666666666664,last_token,ja,en,raw,mrr,0.018105354579906828,512
trillionlabs/Tri-0.5B-Base,1,0.041666666666666664,last_token,ja,ko,raw,r1,0.0,512
trillionlabs/Tri-0.5B-Base,1,0.041666666666666664,last_token,ja,ko,raw,r5,0.009765625,512
trillionlabs/Tri-0.5B-Base,1,0.041666666666666664,last_token,ja,ko,raw,r10,0.02734375,512
trillionlabs/Tri-0.5B-Base,1,0.041666666666666664,last_token,ja,ko,raw,mrr,0.01373348876956268,512
trillionlabs/Tri-0.5B-Base,1,0.041666666666666664,last_token,ja,zh,raw,r1,0.025390625,512
trillionlabs/Tri-0.5B-Base,1,0.041666666666666664,last_token,ja,zh,raw,r5,0.060546875,512
trillionlabs/Tri-0.5B-Base,1,0.041666666666666664,last_token,ja,zh,raw,r10,0.083984375,512
trillionlabs/Tri-0.5B-Base,1,0.041666666666666664,last_token,ja,zh,raw,mrr,0.0520542038613477,512
trillionlabs/Tri-0.5B-Base,1,0.041666666666666664,last_token,zh,en,raw,r1,0.0078125,512
trillionlabs/Tri-0.5B-Base,1,0.041666666666666664,last_token,zh,en,raw,r5,0.03515625,512
trillionlabs/Tri-0.5B-Base,1,0.041666666666666664,last_token,zh,en,raw,r10,0.0703125,512
trillionlabs/Tri-0.5B-Base,1,0.041666666666666664,last_token,zh,en,raw,mrr,0.03180935725931219,512
trillionlabs/Tri-0.5B-Base,1,0.041666666666666664,last_token,zh,ko,raw,r1,0.0078125,512
trillionlabs/Tri-0.5B-Base,1,0.041666666666666664,last_token,zh,ko,raw,r5,0.021484375,512
trillionlabs/Tri-0.5B-Base,1,0.041666666666666664,last_token,zh,ko,raw,r10,0.0390625,512
trillionlabs/Tri-0.5B-Base,1,0.041666666666666664,last_token,zh,ko,raw,mrr,0.02418402256668029,512
trillionlabs/Tri-0.5B-Base,1,0.041666666666666664,last_token,zh,ja,raw,r1,0.0234375,512
trillionlabs/Tri-0.5B-Base,1,0.041666666666666664,last_token,zh,ja,raw,r5,0.091796875,512
trillionlabs/Tri-0.5B-Base,1,0.041666666666666664,last_token,zh,ja,raw,r10,0.1015625,512
trillionlabs/Tri-0.5B-Base,1,0.041666666666666664,last_token,zh,ja,raw,mrr,0.060507473284163185,512
trillionlabs/Tri-0.5B-Base,2,0.08333333333333333,last_token,en,ko,raw,r1,0.041015625,512
trillionlabs/Tri-0.5B-Base,2,0.08333333333333333,last_token,en,ko,raw,r5,0.080078125,512
trillionlabs/Tri-0.5B-Base,2,0.08333333333333333,last_token,en,ko,raw,r10,0.119140625,512
trillionlabs/Tri-0.5B-Base,2,0.08333333333333333,last_token,en,ko,raw,mrr,0.07207092770966775,512
trillionlabs/Tri-0.5B-Base,2,0.08333333333333333,last_token,en,ja,raw,r1,0.01171875,512
trillionlabs/Tri-0.5B-Base,2,0.08333333333333333,last_token,en,ja,raw,r5,0.03125,512
trillionlabs/Tri-0.5B-Base,2,0.08333333333333333,last_token,en,ja,raw,r10,0.046875,512
trillionlabs/Tri-0.5B-Base,2,0.08333333333333333,last_token,en,ja,raw,mrr,0.027983315679603684,512
trillionlabs/Tri-0.5B-Base,2,0.08333333333333333,last_token,en,zh,raw,r1,0.02734375,512
trillionlabs/Tri-0.5B-Base,2,0.08333333333333333,last_token,en,zh,raw,r5,0.0546875,512
trillionlabs/Tri-0.5B-Base,2,0.08333333333333333,last_token,en,zh,raw,r10,0.09765625,512
trillionlabs/Tri-0.5B-Base,2,0.08333333333333333,last_token,en,zh,raw,mrr,0.054214819172034925,512
trillionlabs/Tri-0.5B-Base,2,0.08333333333333333,last_token,ko,en,raw,r1,0.029296875,512
trillionlabs/Tri-0.5B-Base,2,0.08333333333333333,last_token,ko,en,raw,r5,0.11328125,512
trillionlabs/Tri-0.5B-Base,2,0.08333333333333333,last_token,ko,en,raw,r10,0.146484375,512
trillionlabs/Tri-0.5B-Base,2,0.08333333333333333,last_token,ko,en,raw,mrr,0.07594780590279814,512
trillionlabs/Tri-0.5B-Base,2,0.08333333333333333,last_token,ko,ja,raw,r1,0.0078125,512
trillionlabs/Tri-0.5B-Base,2,0.08333333333333333,last_token,ko,ja,raw,r5,0.01953125,512
trillionlabs/Tri-0.5B-Base,2,0.08333333333333333,last_token,ko,ja,raw,r10,0.04296875,512
trillionlabs/Tri-0.5B-Base,2,0.08333333333333333,last_token,ko,ja,raw,mrr,0.025972510763326274,512
trillionlabs/Tri-0.5B-Base,2,0.08333333333333333,last_token,ko,zh,raw,r1,0.017578125,512
trillionlabs/Tri-0.5B-Base,2,0.08333333333333333,last_token,ko,zh,raw,r5,0.041015625,512
trillionlabs/Tri-0.5B-Base,2,0.08333333333333333,last_token,ko,zh,raw,r10,0.052734375,512
trillionlabs/Tri-0.5B-Base,2,0.08333333333333333,last_token,ko,zh,raw,mrr,0.038012489073180056,512
trillionlabs/Tri-0.5B-Base,2,0.08333333333333333,last_token,ja,en,raw,r1,0.01171875,512
trillionlabs/Tri-0.5B-Base,2,0.08333333333333333,last_token,ja,en,raw,r5,0.03515625,512
trillionlabs/Tri-0.5B-Base,2,0.08333333333333333,last_token,ja,en,raw,r10,0.068359375,512
trillionlabs/Tri-0.5B-Base,2,0.08333333333333333,last_token,ja,en,raw,mrr,0.03453826489399528,512
trillionlabs/Tri-0.5B-Base,2,0.08333333333333333,last_token,ja,ko,raw,r1,0.017578125,512
trillionlabs/Tri-0.5B-Base,2,0.08333333333333333,last_token,ja,ko,raw,r5,0.05078125,512
trillionlabs/Tri-0.5B-Base,2,0.08333333333333333,last_token,ja,ko,raw,r10,0.083984375,512
trillionlabs/Tri-0.5B-Base,2,0.08333333333333333,last_token,ja,ko,raw,mrr,0.04296320069562597,512
trillionlabs/Tri-0.5B-Base,2,0.08333333333333333,last_token,ja,zh,raw,r1,0.02734375,512
trillionlabs/Tri-0.5B-Base,2,0.08333333333333333,last_token,ja,zh,raw,r5,0.06640625,512
trillionlabs/Tri-0.5B-Base,2,0.08333333333333333,last_token,ja,zh,raw,r10,0.107421875,512
trillionlabs/Tri-0.5B-Base,2,0.08333333333333333,last_token,ja,zh,raw,mrr,0.058137321747132,512
trillionlabs/Tri-0.5B-Base,2,0.08333333333333333,last_token,zh,en,raw,r1,0.056640625,512
trillionlabs/Tri-0.5B-Base,2,0.08333333333333333,last_token,zh,en,raw,r5,0.119140625,512
trillionlabs/Tri-0.5B-Base,2,0.08333333333333333,last_token,zh,en,raw,r10,0.177734375,512
trillionlabs/Tri-0.5B-Base,2,0.08333333333333333,last_token,zh,en,raw,mrr,0.10012065120548752,512
trillionlabs/Tri-0.5B-Base,2,0.08333333333333333,last_token,zh,ko,raw,r1,0.01953125,512
trillionlabs/Tri-0.5B-Base,2,0.08333333333333333,last_token,zh,ko,raw,r5,0.05859375,512
trillionlabs/Tri-0.5B-Base,2,0.08333333333333333,last_token,zh,ko,raw,r10,0.08203125,512
trillionlabs/Tri-0.5B-Base,2,0.08333333333333333,last_token,zh,ko,raw,mrr,0.04862435336516284,512
trillionlabs/Tri-0.5B-Base,2,0.08333333333333333,last_token,zh,ja,raw,r1,0.021484375,512
trillionlabs/Tri-0.5B-Base,2,0.08333333333333333,last_token,zh,ja,raw,r5,0.05859375,512
trillionlabs/Tri-0.5B-Base,2,0.08333333333333333,last_token,zh,ja,raw,r10,0.09375,512
trillionlabs/Tri-0.5B-Base,2,0.08333333333333333,last_token,zh,ja,raw,mrr,0.049825359039645384,512
trillionlabs/Tri-0.5B-Base,3,0.125,last_token,en,ko,raw,r1,0.044921875,512
trillionlabs/Tri-0.5B-Base,3,0.125,last_token,en,ko,raw,r5,0.123046875,512
trillionlabs/Tri-0.5B-Base,3,0.125,last_token,en,ko,raw,r10,0.17578125,512
trillionlabs/Tri-0.5B-Base,3,0.125,last_token,en,ko,raw,mrr,0.09366198007301547,512
trillionlabs/Tri-0.5B-Base,3,0.125,last_token,en,ja,raw,r1,0.015625,512
trillionlabs/Tri-0.5B-Base,3,0.125,last_token,en,ja,raw,r5,0.0234375,512
trillionlabs/Tri-0.5B-Base,3,0.125,last_token,en,ja,raw,r10,0.048828125,512
trillionlabs/Tri-0.5B-Base,3,0.125,last_token,en,ja,raw,mrr,0.03231083130201477,512
trillionlabs/Tri-0.5B-Base,3,0.125,last_token,en,zh,raw,r1,0.037109375,512
trillionlabs/Tri-0.5B-Base,3,0.125,last_token,en,zh,raw,r5,0.091796875,512
trillionlabs/Tri-0.5B-Base,3,0.125,last_token,en,zh,raw,r10,0.126953125,512
trillionlabs/Tri-0.5B-Base,3,0.125,last_token,en,zh,raw,mrr,0.07207523082891748,512
trillionlabs/Tri-0.5B-Base,3,0.125,last_token,ko,en,raw,r1,0.046875,512
trillionlabs/Tri-0.5B-Base,3,0.125,last_token,ko,en,raw,r5,0.146484375,512
trillionlabs/Tri-0.5B-Base,3,0.125,last_token,ko,en,raw,r10,0.19140625,512
trillionlabs/Tri-0.5B-Base,3,0.125,last_token,ko,en,raw,mrr,0.09714341158262081,512
trillionlabs/Tri-0.5B-Base,3,0.125,last_token,ko,ja,raw,r1,0.013671875,512
trillionlabs/Tri-0.5B-Base,3,0.125,last_token,ko,ja,raw,r5,0.029296875,512
trillionlabs/Tri-0.5B-Base,3,0.125,last_token,ko,ja,raw,r10,0.046875,512
trillionlabs/Tri-0.5B-Base,3,0.125,last_token,ko,ja,raw,mrr,0.03207581968983535,512
trillionlabs/Tri-0.5B-Base,3,0.125,last_token,ko,zh,raw,r1,0.025390625,512
trillionlabs/Tri-0.5B-Base,3,0.125,last_token,ko,zh,raw,r5,0.052734375,512
trillionlabs/Tri-0.5B-Base,3,0.125,last_token,ko,zh,raw,r10,0.072265625,512
trillionlabs/Tri-0.5B-Base,3,0.125,last_token,ko,zh,raw,mrr,0.04817645721915774,512
trillionlabs/Tri-0.5B-Base,3,0.125,last_token,ja,en,raw,r1,0.0234375,512
trillionlabs/Tri-0.5B-Base,3,0.125,last_token,ja,en,raw,r5,0.0625,512
trillionlabs/Tri-0.5B-Base,3,0.125,last_token,ja,en,raw,r10,0.10546875,512
trillionlabs/Tri-0.5B-Base,3,0.125,last_token,ja,en,raw,mrr,0.05335797226240704,512
trillionlabs/Tri-0.5B-Base,3,0.125,last_token,ja,ko,raw,r1,0.025390625,512
trillionlabs/Tri-0.5B-Base,3,0.125,last_token,ja,ko,raw,r5,0.08203125,512
trillionlabs/Tri-0.5B-Base,3,0.125,last_token,ja,ko,raw,r10,0.1171875,512
trillionlabs/Tri-0.5B-Base,3,0.125,last_token,ja,ko,raw,mrr,0.06338058779098711,512
trillionlabs/Tri-0.5B-Base,3,0.125,last_token,ja,zh,raw,r1,0.0390625,512
trillionlabs/Tri-0.5B-Base,3,0.125,last_token,ja,zh,raw,r5,0.095703125,512
trillionlabs/Tri-0.5B-Base,3,0.125,last_token,ja,zh,raw,r10,0.15234375,512
trillionlabs/Tri-0.5B-Base,3,0.125,last_token,ja,zh,raw,mrr,0.07923136177883006,512
trillionlabs/Tri-0.5B-Base,3,0.125,last_token,zh,en,raw,r1,0.060546875,512
trillionlabs/Tri-0.5B-Base,3,0.125,last_token,zh,en,raw,r5,0.14453125,512
trillionlabs/Tri-0.5B-Base,3,0.125,last_token,zh,en,raw,r10,0.203125,512
trillionlabs/Tri-0.5B-Base,3,0.125,last_token,zh,en,raw,mrr,0.10987950422163201,512
trillionlabs/Tri-0.5B-Base,3,0.125,last_token,zh,ko,raw,r1,0.033203125,512
trillionlabs/Tri-0.5B-Base,3,0.125,last_token,zh,ko,raw,r5,0.08203125,512
trillionlabs/Tri-0.5B-Base,3,0.125,last_token,zh,ko,raw,r10,0.134765625,512
trillionlabs/Tri-0.5B-Base,3,0.125,last_token,zh,ko,raw,mrr,0.06811997509610544,512
trillionlabs/Tri-0.5B-Base,3,0.125,last_token,zh,ja,raw,r1,0.017578125,512
trillionlabs/Tri-0.5B-Base,3,0.125,last_token,zh,ja,raw,r5,0.064453125,512
trillionlabs/Tri-0.5B-Base,3,0.125,last_token,zh,ja,raw,r10,0.103515625,512
trillionlabs/Tri-0.5B-Base,3,0.125,last_token,zh,ja,raw,mrr,0.05050850691125312,512
trillionlabs/Tri-0.5B-Base,4,0.16666666666666666,last_token,en,ko,raw,r1,0.0546875,512
trillionlabs/Tri-0.5B-Base,4,0.16666666666666666,last_token,en,ko,raw,r5,0.119140625,512
trillionlabs/Tri-0.5B-Base,4,0.16666666666666666,last_token,en,ko,raw,r10,0.193359375,512
trillionlabs/Tri-0.5B-Base,4,0.16666666666666666,last_token,en,ko,raw,mrr,0.09955391561556037,512
trillionlabs/Tri-0.5B-Base,4,0.16666666666666666,last_token,en,ja,raw,r1,0.013671875,512
trillionlabs/Tri-0.5B-Base,4,0.16666666666666666,last_token,en,ja,raw,r5,0.025390625,512
trillionlabs/Tri-0.5B-Base,4,0.16666666666666666,last_token,en,ja,raw,r10,0.041015625,512
trillionlabs/Tri-0.5B-Base,4,0.16666666666666666,last_token,en,ja,raw,mrr,0.028862440071912805,512
trillionlabs/Tri-0.5B-Base,4,0.16666666666666666,last_token,en,zh,raw,r1,0.04296875,512
trillionlabs/Tri-0.5B-Base,4,0.16666666666666666,last_token,en,zh,raw,r5,0.076171875,512
trillionlabs/Tri-0.5B-Base,4,0.16666666666666666,last_token,en,zh,raw,r10,0.119140625,512
trillionlabs/Tri-0.5B-Base,4,0.16666666666666666,last_token,en,zh,raw,mrr,0.07217884001692038,512
trillionlabs/Tri-0.5B-Base,4,0.16666666666666666,last_token,ko,en,raw,r1,0.06640625,512
trillionlabs/Tri-0.5B-Base,4,0.16666666666666666,last_token,ko,en,raw,r5,0.134765625,512
trillionlabs/Tri-0.5B-Base,4,0.16666666666666666,last_token,ko,en,raw,r10,0.203125,512
trillionlabs/Tri-0.5B-Base,4,0.16666666666666666,last_token,ko,en,raw,mrr,0.11074139905830878,512
trillionlabs/Tri-0.5B-Base,4,0.16666666666666666,last_token,ko,ja,raw,r1,0.009765625,512
trillionlabs/Tri-0.5B-Base,4,0.16666666666666666,last_token,ko,ja,raw,r5,0.025390625,512
trillionlabs/Tri-0.5B-Base,4,0.16666666666666666,last_token,ko,ja,raw,r10,0.03515625,512
trillionlabs/Tri-0.5B-Base,4,0.16666666666666666,last_token,ko,ja,raw,mrr,0.027727708037388832,512
trillionlabs/Tri-0.5B-Base,4,0.16666666666666666,last_token,ko,zh,raw,r1,0.0234375,512
trillionlabs/Tri-0.5B-Base,4,0.16666666666666666,last_token,ko,zh,raw,r5,0.052734375,512
trillionlabs/Tri-0.5B-Base,4,0.16666666666666666,last_token,ko,zh,raw,r10,0.068359375,512
trillionlabs/Tri-0.5B-Base,4,0.16666666666666666,last_token,ko,zh,raw,mrr,0.04358147706998859,512
trillionlabs/Tri-0.5B-Base,4,0.16666666666666666,last_token,ja,en,raw,r1,0.01953125,512
trillionlabs/Tri-0.5B-Base,4,0.16666666666666666,last_token,ja,en,raw,r5,0.07421875,512
trillionlabs/Tri-0.5B-Base,4,0.16666666666666666,last_token,ja,en,raw,r10,0.10546875,512
trillionlabs/Tri-0.5B-Base,4,0.16666666666666666,last_token,ja,en,raw,mrr,0.056004747817431026,512
trillionlabs/Tri-0.5B-Base,4,0.16666666666666666,last_token,ja,ko,raw,r1,0.025390625,512
trillionlabs/Tri-0.5B-Base,4,0.16666666666666666,last_token,ja,ko,raw,r5,0.08203125,512
trillionlabs/Tri-0.5B-Base,4,0.16666666666666666,last_token,ja,ko,raw,r10,0.109375,512
trillionlabs/Tri-0.5B-Base,4,0.16666666666666666,last_token,ja,ko,raw,mrr,0.06042096654274274,512
trillionlabs/Tri-0.5B-Base,4,0.16666666666666666,last_token,ja,zh,raw,r1,0.0390625,512
trillionlabs/Tri-0.5B-Base,4,0.16666666666666666,last_token,ja,zh,raw,r5,0.09375,512
trillionlabs/Tri-0.5B-Base,4,0.16666666666666666,last_token,ja,zh,raw,r10,0.158203125,512
trillionlabs/Tri-0.5B-Base,4,0.16666666666666666,last_token,ja,zh,raw,mrr,0.08002144877232689,512
trillionlabs/Tri-0.5B-Base,4,0.16666666666666666,last_token,zh,en,raw,r1,0.076171875,512
trillionlabs/Tri-0.5B-Base,4,0.16666666666666666,last_token,zh,en,raw,r5,0.134765625,512
trillionlabs/Tri-0.5B-Base,4,0.16666666666666666,last_token,zh,en,raw,r10,0.2109375,512
trillionlabs/Tri-0.5B-Base,4,0.16666666666666666,last_token,zh,en,raw,mrr,0.12082287833855762,512
trillionlabs/Tri-0.5B-Base,4,0.16666666666666666,last_token,zh,ko,raw,r1,0.0234375,512
trillionlabs/Tri-0.5B-Base,4,0.16666666666666666,last_token,zh,ko,raw,r5,0.072265625,512
trillionlabs/Tri-0.5B-Base,4,0.16666666666666666,last_token,zh,ko,raw,r10,0.119140625,512
trillionlabs/Tri-0.5B-Base,4,0.16666666666666666,last_token,zh,ko,raw,mrr,0.06116481227398603,512
trillionlabs/Tri-0.5B-Base,4,0.16666666666666666,last_token,zh,ja,raw,r1,0.015625,512
trillionlabs/Tri-0.5B-Base,4,0.16666666666666666,last_token,zh,ja,raw,r5,0.068359375,512
trillionlabs/Tri-0.5B-Base,4,0.16666666666666666,last_token,zh,ja,raw,r10,0.11328125,512
trillionlabs/Tri-0.5B-Base,4,0.16666666666666666,last_token,zh,ja,raw,mrr,0.048900626086457996,512
trillionlabs/Tri-0.5B-Base,5,0.20833333333333334,last_token,en,ko,raw,r1,0.060546875,512
trillionlabs/Tri-0.5B-Base,5,0.20833333333333334,last_token,en,ko,raw,r5,0.134765625,512
trillionlabs/Tri-0.5B-Base,5,0.20833333333333334,last_token,en,ko,raw,r10,0.197265625,512
trillionlabs/Tri-0.5B-Base,5,0.20833333333333334,last_token,en,ko,raw,mrr,0.11056894158131553,512
trillionlabs/Tri-0.5B-Base,5,0.20833333333333334,last_token,en,ja,raw,r1,0.013671875,512
trillionlabs/Tri-0.5B-Base,5,0.20833333333333334,last_token,en,ja,raw,r5,0.021484375,512
trillionlabs/Tri-0.5B-Base,5,0.20833333333333334,last_token,en,ja,raw,r10,0.041015625,512
trillionlabs/Tri-0.5B-Base,5,0.20833333333333334,last_token,en,ja,raw,mrr,0.029530005118982728,512
trillionlabs/Tri-0.5B-Base,5,0.20833333333333334,last_token,en,zh,raw,r1,0.033203125,512
trillionlabs/Tri-0.5B-Base,5,0.20833333333333334,last_token,en,zh,raw,r5,0.09375,512
trillionlabs/Tri-0.5B-Base,5,0.20833333333333334,last_token,en,zh,raw,r10,0.142578125,512
trillionlabs/Tri-0.5B-Base,5,0.20833333333333334,last_token,en,zh,raw,mrr,0.07260351693588932,512
trillionlabs/Tri-0.5B-Base,5,0.20833333333333334,last_token,ko,en,raw,r1,0.060546875,512
trillionlabs/Tri-0.5B-Base,5,0.20833333333333334,last_token,ko,en,raw,r5,0.1484375,512
trillionlabs/Tri-0.5B-Base,5,0.20833333333333334,last_token,ko,en,raw,r10,0.205078125,512
trillionlabs/Tri-0.5B-Base,5,0.20833333333333334,last_token,ko,en,raw,mrr,0.10882631660329833,512
trillionlabs/Tri-0.5B-Base,5,0.20833333333333334,last_token,ko,ja,raw,r1,0.01171875,512
trillionlabs/Tri-0.5B-Base,5,0.20833333333333334,last_token,ko,ja,raw,r5,0.029296875,512
trillionlabs/Tri-0.5B-Base,5,0.20833333333333334,last_token,ko,ja,raw,r10,0.041015625,512
trillionlabs/Tri-0.5B-Base,5,0.20833333333333334,last_token,ko,ja,raw,mrr,0.02977707213537936,512
trillionlabs/Tri-0.5B-Base,5,0.20833333333333334,last_token,ko,zh,raw,r1,0.0234375,512
trillionlabs/Tri-0.5B-Base,5,0.20833333333333334,last_token,ko,zh,raw,r5,0.05078125,512
trillionlabs/Tri-0.5B-Base,5,0.20833333333333334,last_token,ko,zh,raw,r10,0.076171875,512
trillionlabs/Tri-0.5B-Base,5,0.20833333333333334,last_token,ko,zh,raw,mrr,0.046195171657081494,512
trillionlabs/Tri-0.5B-Base,5,0.20833333333333334,last_token,ja,en,raw,r1,0.025390625,512
trillionlabs/Tri-0.5B-Base,5,0.20833333333333334,last_token,ja,en,raw,r5,0.076171875,512
trillionlabs/Tri-0.5B-Base,5,0.20833333333333334,last_token,ja,en,raw,r10,0.11328125,512
trillionlabs/Tri-0.5B-Base,5,0.20833333333333334,last_token,ja,en,raw,mrr,0.059043362158867435,512
trillionlabs/Tri-0.5B-Base,5,0.20833333333333334,last_token,ja,ko,raw,r1,0.01953125,512
trillionlabs/Tri-0.5B-Base,5,0.20833333333333334,last_token,ja,ko,raw,r5,0.076171875,512
trillionlabs/Tri-0.5B-Base,5,0.20833333333333334,last_token,ja,ko,raw,r10,0.107421875,512
trillionlabs/Tri-0.5B-Base,5,0.20833333333333334,last_token,ja,ko,raw,mrr,0.05588867423519968,512
trillionlabs/Tri-0.5B-Base,5,0.20833333333333334,last_token,ja,zh,raw,r1,0.041015625,512
trillionlabs/Tri-0.5B-Base,5,0.20833333333333334,last_token,ja,zh,raw,r5,0.09375,512
trillionlabs/Tri-0.5B-Base,5,0.20833333333333334,last_token,ja,zh,raw,r10,0.140625,512
trillionlabs/Tri-0.5B-Base,5,0.20833333333333334,last_token,ja,zh,raw,mrr,0.0787821502066133,512
trillionlabs/Tri-0.5B-Base,5,0.20833333333333334,last_token,zh,en,raw,r1,0.0859375,512
trillionlabs/Tri-0.5B-Base,5,0.20833333333333334,last_token,zh,en,raw,r5,0.177734375,512
trillionlabs/Tri-0.5B-Base,5,0.20833333333333334,last_token,zh,en,raw,r10,0.248046875,512
trillionlabs/Tri-0.5B-Base,5,0.20833333333333334,last_token,zh,en,raw,mrr,0.1403121462959133,512
trillionlabs/Tri-0.5B-Base,5,0.20833333333333334,last_token,zh,ko,raw,r1,0.041015625,512
trillionlabs/Tri-0.5B-Base,5,0.20833333333333334,last_token,zh,ko,raw,r5,0.103515625,512
trillionlabs/Tri-0.5B-Base,5,0.20833333333333334,last_token,zh,ko,raw,r10,0.142578125,512
trillionlabs/Tri-0.5B-Base,5,0.20833333333333334,last_token,zh,ko,raw,mrr,0.07881403072789352,512
trillionlabs/Tri-0.5B-Base,5,0.20833333333333334,last_token,zh,ja,raw,r1,0.017578125,512
trillionlabs/Tri-0.5B-Base,5,0.20833333333333334,last_token,zh,ja,raw,r5,0.0703125,512
trillionlabs/Tri-0.5B-Base,5,0.20833333333333334,last_token,zh,ja,raw,r10,0.103515625,512
trillionlabs/Tri-0.5B-Base,5,0.20833333333333334,last_token,zh,ja,raw,mrr,0.049421544331083055,512
trillionlabs/Tri-0.5B-Base,6,0.25,last_token,en,ko,raw,r1,0.068359375,512
trillionlabs/Tri-0.5B-Base,6,0.25,last_token,en,ko,raw,r5,0.16015625,512
trillionlabs/Tri-0.5B-Base,6,0.25,last_token,en,ko,raw,r10,0.22265625,512
trillionlabs/Tri-0.5B-Base,6,0.25,last_token,en,ko,raw,mrr,0.12274323476550256,512
trillionlabs/Tri-0.5B-Base,6,0.25,last_token,en,ja,raw,r1,0.01953125,512
trillionlabs/Tri-0.5B-Base,6,0.25,last_token,en,ja,raw,r5,0.056640625,512
trillionlabs/Tri-0.5B-Base,6,0.25,last_token,en,ja,raw,r10,0.076171875,512
trillionlabs/Tri-0.5B-Base,6,0.25,last_token,en,ja,raw,mrr,0.04802597270167305,512
trillionlabs/Tri-0.5B-Base,6,0.25,last_token,en,zh,raw,r1,0.08203125,512
trillionlabs/Tri-0.5B-Base,6,0.25,last_token,en,zh,raw,r5,0.201171875,512
trillionlabs/Tri-0.5B-Base,6,0.25,last_token,en,zh,raw,r10,0.24609375,512
trillionlabs/Tri-0.5B-Base,6,0.25,last_token,en,zh,raw,mrr,0.14351192577645833,512
trillionlabs/Tri-0.5B-Base,6,0.25,last_token,ko,en,raw,r1,0.109375,512
trillionlabs/Tri-0.5B-Base,6,0.25,last_token,ko,en,raw,r5,0.21875,512
trillionlabs/Tri-0.5B-Base,6,0.25,last_token,ko,en,raw,r10,0.279296875,512
trillionlabs/Tri-0.5B-Base,6,0.25,last_token,ko,en,raw,mrr,0.17051514639411813,512
trillionlabs/Tri-0.5B-Base,6,0.25,last_token,ko,ja,raw,r1,0.033203125,512
trillionlabs/Tri-0.5B-Base,6,0.25,last_token,ko,ja,raw,r5,0.0625,512
trillionlabs/Tri-0.5B-Base,6,0.25,last_token,ko,ja,raw,r10,0.099609375,512
trillionlabs/Tri-0.5B-Base,6,0.25,last_token,ko,ja,raw,mrr,0.06012308849310684,512
trillionlabs/Tri-0.5B-Base,6,0.25,last_token,ko,zh,raw,r1,0.033203125,512
trillionlabs/Tri-0.5B-Base,6,0.25,last_token,ko,zh,raw,r5,0.09765625,512
trillionlabs/Tri-0.5B-Base,6,0.25,last_token,ko,zh,raw,r10,0.146484375,512
trillionlabs/Tri-0.5B-Base,6,0.25,last_token,ko,zh,raw,mrr,0.07167246809298777,512
trillionlabs/Tri-0.5B-Base,6,0.25,last_token,ja,en,raw,r1,0.05078125,512
trillionlabs/Tri-0.5B-Base,6,0.25,last_token,ja,en,raw,r5,0.1328125,512
trillionlabs/Tri-0.5B-Base,6,0.25,last_token,ja,en,raw,r10,0.1875,512
trillionlabs/Tri-0.5B-Base,6,0.25,last_token,ja,en,raw,mrr,0.0990468560471945,512
trillionlabs/Tri-0.5B-Base,6,0.25,last_token,ja,ko,raw,r1,0.06640625,512
trillionlabs/Tri-0.5B-Base,6,0.25,last_token,ja,ko,raw,r5,0.140625,512
trillionlabs/Tri-0.5B-Base,6,0.25,last_token,ja,ko,raw,r10,0.1875,512
trillionlabs/Tri-0.5B-Base,6,0.25,last_token,ja,ko,raw,mrr,0.11139774143953202,512
trillionlabs/Tri-0.5B-Base,6,0.25,last_token,ja,zh,raw,r1,0.0625,512
trillionlabs/Tri-0.5B-Base,6,0.25,last_token,ja,zh,raw,r5,0.15625,512
trillionlabs/Tri-0.5B-Base,6,0.25,last_token,ja,zh,raw,r10,0.212890625,512
trillionlabs/Tri-0.5B-Base,6,0.25,last_token,ja,zh,raw,mrr,0.11254839506315964,512
trillionlabs/Tri-0.5B-Base,6,0.25,last_token,zh,en,raw,r1,0.21484375,512
trillionlabs/Tri-0.5B-Base,6,0.25,last_token,zh,en,raw,r5,0.34375,512
trillionlabs/Tri-0.5B-Base,6,0.25,last_token,zh,en,raw,r10,0.421875,512
trillionlabs/Tri-0.5B-Base,6,0.25,last_token,zh,en,raw,mrr,0.2865332201899343,512
trillionlabs/Tri-0.5B-Base,6,0.25,last_token,zh,ko,raw,r1,0.05859375,512
trillionlabs/Tri-0.5B-Base,6,0.25,last_token,zh,ko,raw,r5,0.1328125,512
trillionlabs/Tri-0.5B-Base,6,0.25,last_token,zh,ko,raw,r10,0.162109375,512
trillionlabs/Tri-0.5B-Base,6,0.25,last_token,zh,ko,raw,mrr,0.10008406357723963,512
trillionlabs/Tri-0.5B-Base,6,0.25,last_token,zh,ja,raw,r1,0.03515625,512
trillionlabs/Tri-0.5B-Base,6,0.25,last_token,zh,ja,raw,r5,0.099609375,512
trillionlabs/Tri-0.5B-Base,6,0.25,last_token,zh,ja,raw,r10,0.125,512
trillionlabs/Tri-0.5B-Base,6,0.25,last_token,zh,ja,raw,mrr,0.07384465902731849,512
trillionlabs/Tri-0.5B-Base,7,0.2916666666666667,last_token,en,ko,raw,r1,0.56640625,512
trillionlabs/Tri-0.5B-Base,7,0.2916666666666667,last_token,en,ko,raw,r5,0.72265625,512
trillionlabs/Tri-0.5B-Base,7,0.2916666666666667,last_token,en,ko,raw,r10,0.783203125,512
trillionlabs/Tri-0.5B-Base,7,0.2916666666666667,last_token,en,ko,raw,mrr,0.6420261147614328,512
trillionlabs/Tri-0.5B-Base,7,0.2916666666666667,last_token,en,ja,raw,r1,0.359375,512
trillionlabs/Tri-0.5B-Base,7,0.2916666666666667,last_token,en,ja,raw,r5,0.53125,512
trillionlabs/Tri-0.5B-Base,7,0.2916666666666667,last_token,en,ja,raw,r10,0.626953125,512
trillionlabs/Tri-0.5B-Base,7,0.2916666666666667,last_token,en,ja,raw,mrr,0.4457681390349972,512
trillionlabs/Tri-0.5B-Base,7,0.2916666666666667,last_token,en,zh,raw,r1,0.5234375,512
trillionlabs/Tri-0.5B-Base,7,0.2916666666666667,last_token,en,zh,raw,r5,0.697265625,512
trillionlabs/Tri-0.5B-Base,7,0.2916666666666667,last_token,en,zh,raw,r10,0.74609375,512
trillionlabs/Tri-0.5B-Base,7,0.2916666666666667,last_token,en,zh,raw,mrr,0.6038183035139943,512
trillionlabs/Tri-0.5B-Base,7,0.2916666666666667,last_token,ko,en,raw,r1,0.4765625,512
trillionlabs/Tri-0.5B-Base,7,0.2916666666666667,last_token,ko,en,raw,r5,0.625,512
trillionlabs/Tri-0.5B-Base,7,0.2916666666666667,last_token,ko,en,raw,r10,0.6875,512
trillionlabs/Tri-0.5B-Base,7,0.2916666666666667,last_token,ko,en,raw,mrr,0.5500728277266224,512
trillionlabs/Tri-0.5B-Base,7,0.2916666666666667,last_token,ko,ja,raw,r1,0.330078125,512
trillionlabs/Tri-0.5B-Base,7,0.2916666666666667,last_token,ko,ja,raw,r5,0.501953125,512
trillionlabs/Tri-0.5B-Base,7,0.2916666666666667,last_token,ko,ja,raw,r10,0.57421875,512
trillionlabs/Tri-0.5B-Base,7,0.2916666666666667,last_token,ko,ja,raw,mrr,0.41441408260860124,512
trillionlabs/Tri-0.5B-Base,7,0.2916666666666667,last_token,ko,zh,raw,r1,0.23046875,512
trillionlabs/Tri-0.5B-Base,7,0.2916666666666667,last_token,ko,zh,raw,r5,0.412109375,512
trillionlabs/Tri-0.5B-Base,7,0.2916666666666667,last_token,ko,zh,raw,r10,0.490234375,512
trillionlabs/Tri-0.5B-Base,7,0.2916666666666667,last_token,ko,zh,raw,mrr,0.3204588676849415,512
trillionlabs/Tri-0.5B-Base,7,0.2916666666666667,last_token,ja,en,raw,r1,0.521484375,512
trillionlabs/Tri-0.5B-Base,7,0.2916666666666667,last_token,ja,en,raw,r5,0.70703125,512
trillionlabs/Tri-0.5B-Base,7,0.2916666666666667,last_token,ja,en,raw,r10,0.73828125,512
trillionlabs/Tri-0.5B-Base,7,0.2916666666666667,last_token,ja,en,raw,mrr,0.606827839994245,512
trillionlabs/Tri-0.5B-Base,7,0.2916666666666667,last_token,ja,ko,raw,r1,0.484375,512
trillionlabs/Tri-0.5B-Base,7,0.2916666666666667,last_token,ja,ko,raw,r5,0.65625,512
trillionlabs/Tri-0.5B-Base,7,0.2916666666666667,last_token,ja,ko,raw,r10,0.71484375,512
trillionlabs/Tri-0.5B-Base,7,0.2916666666666667,last_token,ja,ko,raw,mrr,0.5614512435973154,512
trillionlabs/Tri-0.5B-Base,7,0.2916666666666667,last_token,ja,zh,raw,r1,0.38671875,512
trillionlabs/Tri-0.5B-Base,7,0.2916666666666667,last_token,ja,zh,raw,r5,0.62890625,512
trillionlabs/Tri-0.5B-Base,7,0.2916666666666667,last_token,ja,zh,raw,r10,0.703125,512
trillionlabs/Tri-0.5B-Base,7,0.2916666666666667,last_token,ja,zh,raw,mrr,0.4971722535296057,512
trillionlabs/Tri-0.5B-Base,7,0.2916666666666667,last_token,zh,en,raw,r1,0.599609375,512
trillionlabs/Tri-0.5B-Base,7,0.2916666666666667,last_token,zh,en,raw,r5,0.7578125,512
trillionlabs/Tri-0.5B-Base,7,0.2916666666666667,last_token,zh,en,raw,r10,0.8046875,512
trillionlabs/Tri-0.5B-Base,7,0.2916666666666667,last_token,zh,en,raw,mrr,0.6694559545952683,512
trillionlabs/Tri-0.5B-Base,7,0.2916666666666667,last_token,zh,ko,raw,r1,0.419921875,512
trillionlabs/Tri-0.5B-Base,7,0.2916666666666667,last_token,zh,ko,raw,r5,0.587890625,512
trillionlabs/Tri-0.5B-Base,7,0.2916666666666667,last_token,zh,ko,raw,r10,0.658203125,512
trillionlabs/Tri-0.5B-Base,7,0.2916666666666667,last_token,zh,ko,raw,mrr,0.5003070245690272,512
trillionlabs/Tri-0.5B-Base,7,0.2916666666666667,last_token,zh,ja,raw,r1,0.302734375,512
trillionlabs/Tri-0.5B-Base,7,0.2916666666666667,last_token,zh,ja,raw,r5,0.478515625,512
trillionlabs/Tri-0.5B-Base,7,0.2916666666666667,last_token,zh,ja,raw,r10,0.5546875,512
trillionlabs/Tri-0.5B-Base,7,0.2916666666666667,last_token,zh,ja,raw,mrr,0.3848453883068178,512
trillionlabs/Tri-0.5B-Base,8,0.3333333333333333,last_token,en,ko,raw,r1,0.607421875,512
trillionlabs/Tri-0.5B-Base,8,0.3333333333333333,last_token,en,ko,raw,r5,0.765625,512
trillionlabs/Tri-0.5B-Base,8,0.3333333333333333,last_token,en,ko,raw,r10,0.802734375,512
trillionlabs/Tri-0.5B-Base,8,0.3333333333333333,last_token,en,ko,raw,mrr,0.6791331825182347,512
trillionlabs/Tri-0.5B-Base,8,0.3333333333333333,last_token,en,ja,raw,r1,0.37890625,512
trillionlabs/Tri-0.5B-Base,8,0.3333333333333333,last_token,en,ja,raw,r5,0.587890625,512
trillionlabs/Tri-0.5B-Base,8,0.3333333333333333,last_token,en,ja,raw,r10,0.638671875,512
trillionlabs/Tri-0.5B-Base,8,0.3333333333333333,last_token,en,ja,raw,mrr,0.47744695259801107,512
trillionlabs/Tri-0.5B-Base,8,0.3333333333333333,last_token,en,zh,raw,r1,0.5703125,512
trillionlabs/Tri-0.5B-Base,8,0.3333333333333333,last_token,en,zh,raw,r5,0.763671875,512
trillionlabs/Tri-0.5B-Base,8,0.3333333333333333,last_token,en,zh,raw,r10,0.826171875,512
trillionlabs/Tri-0.5B-Base,8,0.3333333333333333,last_token,en,zh,raw,mrr,0.6592459409550332,512
trillionlabs/Tri-0.5B-Base,8,0.3333333333333333,last_token,ko,en,raw,r1,0.50390625,512
trillionlabs/Tri-0.5B-Base,8,0.3333333333333333,last_token,ko,en,raw,r5,0.6640625,512
trillionlabs/Tri-0.5B-Base,8,0.3333333333333333,last_token,ko,en,raw,r10,0.724609375,512
trillionlabs/Tri-0.5B-Base,8,0.3333333333333333,last_token,ko,en,raw,mrr,0.5849795992812938,512
trillionlabs/Tri-0.5B-Base,8,0.3333333333333333,last_token,ko,ja,raw,r1,0.365234375,512
trillionlabs/Tri-0.5B-Base,8,0.3333333333333333,last_token,ko,ja,raw,r5,0.544921875,512
trillionlabs/Tri-0.5B-Base,8,0.3333333333333333,last_token,ko,ja,raw,r10,0.615234375,512
trillionlabs/Tri-0.5B-Base,8,0.3333333333333333,last_token,ko,ja,raw,mrr,0.44875482958070734,512
trillionlabs/Tri-0.5B-Base,8,0.3333333333333333,last_token,ko,zh,raw,r1,0.283203125,512
trillionlabs/Tri-0.5B-Base,8,0.3333333333333333,last_token,ko,zh,raw,r5,0.490234375,512
trillionlabs/Tri-0.5B-Base,8,0.3333333333333333,last_token,ko,zh,raw,r10,0.576171875,512
trillionlabs/Tri-0.5B-Base,8,0.3333333333333333,last_token,ko,zh,raw,mrr,0.37978852191140056,512
trillionlabs/Tri-0.5B-Base,8,0.3333333333333333,last_token,ja,en,raw,r1,0.52734375,512
trillionlabs/Tri-0.5B-Base,8,0.3333333333333333,last_token,ja,en,raw,r5,0.708984375,512
trillionlabs/Tri-0.5B-Base,8,0.3333333333333333,last_token,ja,en,raw,r10,0.779296875,512
trillionlabs/Tri-0.5B-Base,8,0.3333333333333333,last_token,ja,en,raw,mrr,0.6140896715778985,512
trillionlabs/Tri-0.5B-Base,8,0.3333333333333333,last_token,ja,ko,raw,r1,0.505859375,512
trillionlabs/Tri-0.5B-Base,8,0.3333333333333333,last_token,ja,ko,raw,r5,0.671875,512
trillionlabs/Tri-0.5B-Base,8,0.3333333333333333,last_token,ja,ko,raw,r10,0.732421875,512
trillionlabs/Tri-0.5B-Base,8,0.3333333333333333,last_token,ja,ko,raw,mrr,0.5846675723665229,512
trillionlabs/Tri-0.5B-Base,8,0.3333333333333333,last_token,ja,zh,raw,r1,0.421875,512
trillionlabs/Tri-0.5B-Base,8,0.3333333333333333,last_token,ja,zh,raw,r5,0.611328125,512
trillionlabs/Tri-0.5B-Base,8,0.3333333333333333,last_token,ja,zh,raw,r10,0.685546875,512
trillionlabs/Tri-0.5B-Base,8,0.3333333333333333,last_token,ja,zh,raw,mrr,0.5134093290101039,512
trillionlabs/Tri-0.5B-Base,8,0.3333333333333333,last_token,zh,en,raw,r1,0.623046875,512
trillionlabs/Tri-0.5B-Base,8,0.3333333333333333,last_token,zh,en,raw,r5,0.791015625,512
trillionlabs/Tri-0.5B-Base,8,0.3333333333333333,last_token,zh,en,raw,r10,0.830078125,512
trillionlabs/Tri-0.5B-Base,8,0.3333333333333333,last_token,zh,en,raw,mrr,0.6942466270792524,512
trillionlabs/Tri-0.5B-Base,8,0.3333333333333333,last_token,zh,ko,raw,r1,0.41015625,512
trillionlabs/Tri-0.5B-Base,8,0.3333333333333333,last_token,zh,ko,raw,r5,0.599609375,512
trillionlabs/Tri-0.5B-Base,8,0.3333333333333333,last_token,zh,ko,raw,r10,0.67578125,512
trillionlabs/Tri-0.5B-Base,8,0.3333333333333333,last_token,zh,ko,raw,mrr,0.49611929400757504,512
trillionlabs/Tri-0.5B-Base,8,0.3333333333333333,last_token,zh,ja,raw,r1,0.296875,512
trillionlabs/Tri-0.5B-Base,8,0.3333333333333333,last_token,zh,ja,raw,r5,0.486328125,512
trillionlabs/Tri-0.5B-Base,8,0.3333333333333333,last_token,zh,ja,raw,r10,0.56640625,512
trillionlabs/Tri-0.5B-Base,8,0.3333333333333333,last_token,zh,ja,raw,mrr,0.3878914304475566,512
trillionlabs/Tri-0.5B-Base,9,0.375,last_token,en,ko,raw,r1,0.6796875,512
trillionlabs/Tri-0.5B-Base,9,0.375,last_token,en,ko,raw,r5,0.798828125,512
trillionlabs/Tri-0.5B-Base,9,0.375,last_token,en,ko,raw,r10,0.837890625,512
trillionlabs/Tri-0.5B-Base,9,0.375,last_token,en,ko,raw,mrr,0.7359800015464888,512
trillionlabs/Tri-0.5B-Base,9,0.375,last_token,en,ja,raw,r1,0.498046875,512
trillionlabs/Tri-0.5B-Base,9,0.375,last_token,en,ja,raw,r5,0.681640625,512
trillionlabs/Tri-0.5B-Base,9,0.375,last_token,en,ja,raw,r10,0.74609375,512
trillionlabs/Tri-0.5B-Base,9,0.375,last_token,en,ja,raw,mrr,0.5854073132781289,512
trillionlabs/Tri-0.5B-Base,9,0.375,last_token,en,zh,raw,r1,0.689453125,512
trillionlabs/Tri-0.5B-Base,9,0.375,last_token,en,zh,raw,r5,0.837890625,512
trillionlabs/Tri-0.5B-Base,9,0.375,last_token,en,zh,raw,r10,0.8828125,512
trillionlabs/Tri-0.5B-Base,9,0.375,last_token,en,zh,raw,mrr,0.7596572208326782,512
trillionlabs/Tri-0.5B-Base,9,0.375,last_token,ko,en,raw,r1,0.59765625,512
trillionlabs/Tri-0.5B-Base,9,0.375,last_token,ko,en,raw,r5,0.748046875,512
trillionlabs/Tri-0.5B-Base,9,0.375,last_token,ko,en,raw,r10,0.802734375,512
trillionlabs/Tri-0.5B-Base,9,0.375,last_token,ko,en,raw,mrr,0.6689155671892697,512
trillionlabs/Tri-0.5B-Base,9,0.375,last_token,ko,ja,raw,r1,0.48046875,512
trillionlabs/Tri-0.5B-Base,9,0.375,last_token,ko,ja,raw,r5,0.650390625,512
trillionlabs/Tri-0.5B-Base,9,0.375,last_token,ko,ja,raw,r10,0.71875,512
trillionlabs/Tri-0.5B-Base,9,0.375,last_token,ko,ja,raw,mrr,0.5590137422327361,512
trillionlabs/Tri-0.5B-Base,9,0.375,last_token,ko,zh,raw,r1,0.412109375,512
trillionlabs/Tri-0.5B-Base,9,0.375,last_token,ko,zh,raw,r5,0.6328125,512
trillionlabs/Tri-0.5B-Base,9,0.375,last_token,ko,zh,raw,r10,0.705078125,512
trillionlabs/Tri-0.5B-Base,9,0.375,last_token,ko,zh,raw,mrr,0.5163631108830052,512
trillionlabs/Tri-0.5B-Base,9,0.375,last_token,ja,en,raw,r1,0.63671875,512
trillionlabs/Tri-0.5B-Base,9,0.375,last_token,ja,en,raw,r5,0.796875,512
trillionlabs/Tri-0.5B-Base,9,0.375,last_token,ja,en,raw,r10,0.826171875,512
trillionlabs/Tri-0.5B-Base,9,0.375,last_token,ja,en,raw,mrr,0.7110391957037484,512
trillionlabs/Tri-0.5B-Base,9,0.375,last_token,ja,ko,raw,r1,0.587890625,512
trillionlabs/Tri-0.5B-Base,9,0.375,last_token,ja,ko,raw,r5,0.75,512
trillionlabs/Tri-0.5B-Base,9,0.375,last_token,ja,ko,raw,r10,0.80078125,512
trillionlabs/Tri-0.5B-Base,9,0.375,last_token,ja,ko,raw,mrr,0.6674291255831081,512
trillionlabs/Tri-0.5B-Base,9,0.375,last_token,ja,zh,raw,r1,0.509765625,512
trillionlabs/Tri-0.5B-Base,9,0.375,last_token,ja,zh,raw,r5,0.7109375,512
trillionlabs/Tri-0.5B-Base,9,0.375,last_token,ja,zh,raw,r10,0.775390625,512
trillionlabs/Tri-0.5B-Base,9,0.375,last_token,ja,zh,raw,mrr,0.5998247085412012,512
trillionlabs/Tri-0.5B-Base,9,0.375,last_token,zh,en,raw,r1,0.716796875,512
trillionlabs/Tri-0.5B-Base,9,0.375,last_token,zh,en,raw,r5,0.84765625,512
trillionlabs/Tri-0.5B-Base,9,0.375,last_token,zh,en,raw,r10,0.875,512
trillionlabs/Tri-0.5B-Base,9,0.375,last_token,zh,en,raw,mrr,0.7753227567642186,512
trillionlabs/Tri-0.5B-Base,9,0.375,last_token,zh,ko,raw,r1,0.486328125,512
trillionlabs/Tri-0.5B-Base,9,0.375,last_token,zh,ko,raw,r5,0.673828125,512
trillionlabs/Tri-0.5B-Base,9,0.375,last_token,zh,ko,raw,r10,0.732421875,512
trillionlabs/Tri-0.5B-Base,9,0.375,last_token,zh,ko,raw,mrr,0.5692608454337593,512
trillionlabs/Tri-0.5B-Base,9,0.375,last_token,zh,ja,raw,r1,0.392578125,512
trillionlabs/Tri-0.5B-Base,9,0.375,last_token,zh,ja,raw,r5,0.591796875,512
trillionlabs/Tri-0.5B-Base,9,0.375,last_token,zh,ja,raw,r10,0.671875,512
trillionlabs/Tri-0.5B-Base,9,0.375,last_token,zh,ja,raw,mrr,0.48827602090556355,512
trillionlabs/Tri-0.5B-Base,10,0.4166666666666667,last_token,en,ko,raw,r1,0.71875,512
trillionlabs/Tri-0.5B-Base,10,0.4166666666666667,last_token,en,ko,raw,r5,0.83984375,512
trillionlabs/Tri-0.5B-Base,10,0.4166666666666667,last_token,en,ko,raw,r10,0.87109375,512
trillionlabs/Tri-0.5B-Base,10,0.4166666666666667,last_token,en,ko,raw,mrr,0.7733771360189268,512
trillionlabs/Tri-0.5B-Base,10,0.4166666666666667,last_token,en,ja,raw,r1,0.521484375,512
trillionlabs/Tri-0.5B-Base,10,0.4166666666666667,last_token,en,ja,raw,r5,0.701171875,512
trillionlabs/Tri-0.5B-Base,10,0.4166666666666667,last_token,en,ja,raw,r10,0.751953125,512
trillionlabs/Tri-0.5B-Base,10,0.4166666666666667,last_token,en,ja,raw,mrr,0.6039598780590955,512
trillionlabs/Tri-0.5B-Base,10,0.4166666666666667,last_token,en,zh,raw,r1,0.75,512
trillionlabs/Tri-0.5B-Base,10,0.4166666666666667,last_token,en,zh,raw,r5,0.87890625,512
trillionlabs/Tri-0.5B-Base,10,0.4166666666666667,last_token,en,zh,raw,r10,0.91015625,512
trillionlabs/Tri-0.5B-Base,10,0.4166666666666667,last_token,en,zh,raw,mrr,0.8073027376333318,512
trillionlabs/Tri-0.5B-Base,10,0.4166666666666667,last_token,ko,en,raw,r1,0.65625,512
trillionlabs/Tri-0.5B-Base,10,0.4166666666666667,last_token,ko,en,raw,r5,0.76953125,512
trillionlabs/Tri-0.5B-Base,10,0.4166666666666667,last_token,ko,en,raw,r10,0.8125,512
trillionlabs/Tri-0.5B-Base,10,0.4166666666666667,last_token,ko,en,raw,mrr,0.7128337629336301,512
trillionlabs/Tri-0.5B-Base,10,0.4166666666666667,last_token,ko,ja,raw,r1,0.515625,512
trillionlabs/Tri-0.5B-Base,10,0.4166666666666667,last_token,ko,ja,raw,r5,0.67578125,512
trillionlabs/Tri-0.5B-Base,10,0.4166666666666667,last_token,ko,ja,raw,r10,0.732421875,512
trillionlabs/Tri-0.5B-Base,10,0.4166666666666667,last_token,ko,ja,raw,mrr,0.5900946251949649,512
trillionlabs/Tri-0.5B-Base,10,0.4166666666666667,last_token,ko,zh,raw,r1,0.537109375,512
trillionlabs/Tri-0.5B-Base,10,0.4166666666666667,last_token,ko,zh,raw,r5,0.6953125,512
trillionlabs/Tri-0.5B-Base,10,0.4166666666666667,last_token,ko,zh,raw,r10,0.75390625,512
trillionlabs/Tri-0.5B-Base,10,0.4166666666666667,last_token,ko,zh,raw,mrr,0.6075873640264857,512
trillionlabs/Tri-0.5B-Base,10,0.4166666666666667,last_token,ja,en,raw,r1,0.6484375,512
trillionlabs/Tri-0.5B-Base,10,0.4166666666666667,last_token,ja,en,raw,r5,0.791015625,512
trillionlabs/Tri-0.5B-Base,10,0.4166666666666667,last_token,ja,en,raw,r10,0.837890625,512
trillionlabs/Tri-0.5B-Base,10,0.4166666666666667,last_token,ja,en,raw,mrr,0.7160140219132092,512
trillionlabs/Tri-0.5B-Base,10,0.4166666666666667,last_token,ja,ko,raw,r1,0.625,512
trillionlabs/Tri-0.5B-Base,10,0.4166666666666667,last_token,ja,ko,raw,r5,0.79296875,512
trillionlabs/Tri-0.5B-Base,10,0.4166666666666667,last_token,ja,ko,raw,r10,0.849609375,512
trillionlabs/Tri-0.5B-Base,10,0.4166666666666667,last_token,ja,ko,raw,mrr,0.7014188432764301,512
trillionlabs/Tri-0.5B-Base,10,0.4166666666666667,last_token,ja,zh,raw,r1,0.525390625,512
trillionlabs/Tri-0.5B-Base,10,0.4166666666666667,last_token,ja,zh,raw,r5,0.7421875,512
trillionlabs/Tri-0.5B-Base,10,0.4166666666666667,last_token,ja,zh,raw,r10,0.791015625,512
trillionlabs/Tri-0.5B-Base,10,0.4166666666666667,last_token,ja,zh,raw,mrr,0.6184497335659749,512
trillionlabs/Tri-0.5B-Base,10,0.4166666666666667,last_token,zh,en,raw,r1,0.73828125,512
trillionlabs/Tri-0.5B-Base,10,0.4166666666666667,last_token,zh,en,raw,r5,0.869140625,512
trillionlabs/Tri-0.5B-Base,10,0.4166666666666667,last_token,zh,en,raw,r10,0.88671875,512
trillionlabs/Tri-0.5B-Base,10,0.4166666666666667,last_token,zh,en,raw,mrr,0.798513019546323,512
trillionlabs/Tri-0.5B-Base,10,0.4166666666666667,last_token,zh,ko,raw,r1,0.552734375,512
trillionlabs/Tri-0.5B-Base,10,0.4166666666666667,last_token,zh,ko,raw,r5,0.728515625,512
trillionlabs/Tri-0.5B-Base,10,0.4166666666666667,last_token,zh,ko,raw,r10,0.77734375,512
trillionlabs/Tri-0.5B-Base,10,0.4166666666666667,last_token,zh,ko,raw,mrr,0.6308301592540739,512
trillionlabs/Tri-0.5B-Base,10,0.4166666666666667,last_token,zh,ja,raw,r1,0.392578125,512
trillionlabs/Tri-0.5B-Base,10,0.4166666666666667,last_token,zh,ja,raw,r5,0.62109375,512
trillionlabs/Tri-0.5B-Base,10,0.4166666666666667,last_token,zh,ja,raw,r10,0.677734375,512
trillionlabs/Tri-0.5B-Base,10,0.4166666666666667,last_token,zh,ja,raw,mrr,0.49953188140811183,512
trillionlabs/Tri-0.5B-Base,11,0.4583333333333333,last_token,en,ko,raw,r1,0.71875,512
trillionlabs/Tri-0.5B-Base,11,0.4583333333333333,last_token,en,ko,raw,r5,0.83984375,512
trillionlabs/Tri-0.5B-Base,11,0.4583333333333333,last_token,en,ko,raw,r10,0.8671875,512
trillionlabs/Tri-0.5B-Base,11,0.4583333333333333,last_token,en,ko,raw,mrr,0.7741259428403,512
trillionlabs/Tri-0.5B-Base,11,0.4583333333333333,last_token,en,ja,raw,r1,0.521484375,512
trillionlabs/Tri-0.5B-Base,11,0.4583333333333333,last_token,en,ja,raw,r5,0.693359375,512
trillionlabs/Tri-0.5B-Base,11,0.4583333333333333,last_token,en,ja,raw,r10,0.7421875,512
trillionlabs/Tri-0.5B-Base,11,0.4583333333333333,last_token,en,ja,raw,mrr,0.6030929518499232,512
trillionlabs/Tri-0.5B-Base,11,0.4583333333333333,last_token,en,zh,raw,r1,0.783203125,512
trillionlabs/Tri-0.5B-Base,11,0.4583333333333333,last_token,en,zh,raw,r5,0.8984375,512
trillionlabs/Tri-0.5B-Base,11,0.4583333333333333,last_token,en,zh,raw,r10,0.92578125,512
trillionlabs/Tri-0.5B-Base,11,0.4583333333333333,last_token,en,zh,raw,mrr,0.8340272197303518,512
trillionlabs/Tri-0.5B-Base,11,0.4583333333333333,last_token,ko,en,raw,r1,0.642578125,512
trillionlabs/Tri-0.5B-Base,11,0.4583333333333333,last_token,ko,en,raw,r5,0.794921875,512
trillionlabs/Tri-0.5B-Base,11,0.4583333333333333,last_token,ko,en,raw,r10,0.828125,512
trillionlabs/Tri-0.5B-Base,11,0.4583333333333333,last_token,ko,en,raw,mrr,0.7128433868868194,512
trillionlabs/Tri-0.5B-Base,11,0.4583333333333333,last_token,ko,ja,raw,r1,0.515625,512
trillionlabs/Tri-0.5B-Base,11,0.4583333333333333,last_token,ko,ja,raw,r5,0.673828125,512
trillionlabs/Tri-0.5B-Base,11,0.4583333333333333,last_token,ko,ja,raw,r10,0.724609375,512
trillionlabs/Tri-0.5B-Base,11,0.4583333333333333,last_token,ko,ja,raw,mrr,0.5885199422446352,512
trillionlabs/Tri-0.5B-Base,11,0.4583333333333333,last_token,ko,zh,raw,r1,0.544921875,512
trillionlabs/Tri-0.5B-Base,11,0.4583333333333333,last_token,ko,zh,raw,r5,0.724609375,512
trillionlabs/Tri-0.5B-Base,11,0.4583333333333333,last_token,ko,zh,raw,r10,0.78125,512
trillionlabs/Tri-0.5B-Base,11,0.4583333333333333,last_token,ko,zh,raw,mrr,0.6280338953980495,512
trillionlabs/Tri-0.5B-Base,11,0.4583333333333333,last_token,ja,en,raw,r1,0.638671875,512
trillionlabs/Tri-0.5B-Base,11,0.4583333333333333,last_token,ja,en,raw,r5,0.798828125,512
trillionlabs/Tri-0.5B-Base,11,0.4583333333333333,last_token,ja,en,raw,r10,0.849609375,512
trillionlabs/Tri-0.5B-Base,11,0.4583333333333333,last_token,ja,en,raw,mrr,0.7142392578208501,512
trillionlabs/Tri-0.5B-Base,11,0.4583333333333333,last_token,ja,ko,raw,r1,0.623046875,512
trillionlabs/Tri-0.5B-Base,11,0.4583333333333333,last_token,ja,ko,raw,r5,0.806640625,512
trillionlabs/Tri-0.5B-Base,11,0.4583333333333333,last_token,ja,ko,raw,r10,0.857421875,512
trillionlabs/Tri-0.5B-Base,11,0.4583333333333333,last_token,ja,ko,raw,mrr,0.7044498425105883,512
trillionlabs/Tri-0.5B-Base,11,0.4583333333333333,last_token,ja,zh,raw,r1,0.56640625,512
trillionlabs/Tri-0.5B-Base,11,0.4583333333333333,last_token,ja,zh,raw,r5,0.748046875,512
trillionlabs/Tri-0.5B-Base,11,0.4583333333333333,last_token,ja,zh,raw,r10,0.80078125,512
trillionlabs/Tri-0.5B-Base,11,0.4583333333333333,last_token,ja,zh,raw,mrr,0.6505172116509049,512
trillionlabs/Tri-0.5B-Base,11,0.4583333333333333,last_token,zh,en,raw,r1,0.76171875,512
trillionlabs/Tri-0.5B-Base,11,0.4583333333333333,last_token,zh,en,raw,r5,0.861328125,512
trillionlabs/Tri-0.5B-Base,11,0.4583333333333333,last_token,zh,en,raw,r10,0.896484375,512
trillionlabs/Tri-0.5B-Base,11,0.4583333333333333,last_token,zh,en,raw,mrr,0.8096281915078049,512
trillionlabs/Tri-0.5B-Base,11,0.4583333333333333,last_token,zh,ko,raw,r1,0.55078125,512
trillionlabs/Tri-0.5B-Base,11,0.4583333333333333,last_token,zh,ko,raw,r5,0.7265625,512
trillionlabs/Tri-0.5B-Base,11,0.4583333333333333,last_token,zh,ko,raw,r10,0.78125,512
trillionlabs/Tri-0.5B-Base,11,0.4583333333333333,last_token,zh,ko,raw,mrr,0.6281222286639454,512
trillionlabs/Tri-0.5B-Base,11,0.4583333333333333,last_token,zh,ja,raw,r1,0.41015625,512
trillionlabs/Tri-0.5B-Base,11,0.4583333333333333,last_token,zh,ja,raw,r5,0.62890625,512
trillionlabs/Tri-0.5B-Base,11,0.4583333333333333,last_token,zh,ja,raw,r10,0.68359375,512
trillionlabs/Tri-0.5B-Base,11,0.4583333333333333,last_token,zh,ja,raw,mrr,0.5093355330086746,512
trillionlabs/Tri-0.5B-Base,12,0.5,last_token,en,ko,raw,r1,0.75,512
trillionlabs/Tri-0.5B-Base,12,0.5,last_token,en,ko,raw,r5,0.86328125,512
trillionlabs/Tri-0.5B-Base,12,0.5,last_token,en,ko,raw,r10,0.888671875,512
trillionlabs/Tri-0.5B-Base,12,0.5,last_token,en,ko,raw,mrr,0.8001313930426277,512
trillionlabs/Tri-0.5B-Base,12,0.5,last_token,en,ja,raw,r1,0.587890625,512
trillionlabs/Tri-0.5B-Base,12,0.5,last_token,en,ja,raw,r5,0.775390625,512
trillionlabs/Tri-0.5B-Base,12,0.5,last_token,en,ja,raw,r10,0.837890625,512
trillionlabs/Tri-0.5B-Base,12,0.5,last_token,en,ja,raw,mrr,0.6757429575692548,512
trillionlabs/Tri-0.5B-Base,12,0.5,last_token,en,zh,raw,r1,0.845703125,512
trillionlabs/Tri-0.5B-Base,12,0.5,last_token,en,zh,raw,r5,0.923828125,512
trillionlabs/Tri-0.5B-Base,12,0.5,last_token,en,zh,raw,r10,0.94140625,512
trillionlabs/Tri-0.5B-Base,12,0.5,last_token,en,zh,raw,mrr,0.8783267631057973,512
trillionlabs/Tri-0.5B-Base,12,0.5,last_token,ko,en,raw,r1,0.708984375,512
trillionlabs/Tri-0.5B-Base,12,0.5,last_token,ko,en,raw,r5,0.828125,512
trillionlabs/Tri-0.5B-Base,12,0.5,last_token,ko,en,raw,r10,0.869140625,512
trillionlabs/Tri-0.5B-Base,12,0.5,last_token,ko,en,raw,mrr,0.765064817546377,512
trillionlabs/Tri-0.5B-Base,12,0.5,last_token,ko,ja,raw,r1,0.572265625,512
trillionlabs/Tri-0.5B-Base,12,0.5,last_token,ko,ja,raw,r5,0.724609375,512
trillionlabs/Tri-0.5B-Base,12,0.5,last_token,ko,ja,raw,r10,0.79296875,512
trillionlabs/Tri-0.5B-Base,12,0.5,last_token,ko,ja,raw,mrr,0.6461772196706125,512
trillionlabs/Tri-0.5B-Base,12,0.5,last_token,ko,zh,raw,r1,0.6015625,512
trillionlabs/Tri-0.5B-Base,12,0.5,last_token,ko,zh,raw,r5,0.76953125,512
trillionlabs/Tri-0.5B-Base,12,0.5,last_token,ko,zh,raw,r10,0.80859375,512
trillionlabs/Tri-0.5B-Base,12,0.5,last_token,ko,zh,raw,mrr,0.674901171325059,512
trillionlabs/Tri-0.5B-Base,12,0.5,last_token,ja,en,raw,r1,0.689453125,512
trillionlabs/Tri-0.5B-Base,12,0.5,last_token,ja,en,raw,r5,0.85546875,512
trillionlabs/Tri-0.5B-Base,12,0.5,last_token,ja,en,raw,r10,0.8984375,512
trillionlabs/Tri-0.5B-Base,12,0.5,last_token,ja,en,raw,mrr,0.7629974393325694,512
trillionlabs/Tri-0.5B-Base,12,0.5,last_token,ja,ko,raw,r1,0.662109375,512
trillionlabs/Tri-0.5B-Base,12,0.5,last_token,ja,ko,raw,r5,0.83203125,512
trillionlabs/Tri-0.5B-Base,12,0.5,last_token,ja,ko,raw,r10,0.859375,512
trillionlabs/Tri-0.5B-Base,12,0.5,last_token,ja,ko,raw,mrr,0.735288846931298,512
trillionlabs/Tri-0.5B-Base,12,0.5,last_token,ja,zh,raw,r1,0.609375,512
trillionlabs/Tri-0.5B-Base,12,0.5,last_token,ja,zh,raw,r5,0.80078125,512
trillionlabs/Tri-0.5B-Base,12,0.5,last_token,ja,zh,raw,r10,0.837890625,512
trillionlabs/Tri-0.5B-Base,12,0.5,last_token,ja,zh,raw,mrr,0.6953564075523504,512
trillionlabs/Tri-0.5B-Base,12,0.5,last_token,zh,en,raw,r1,0.79296875,512
trillionlabs/Tri-0.5B-Base,12,0.5,last_token,zh,en,raw,r5,0.890625,512
trillionlabs/Tri-0.5B-Base,12,0.5,last_token,zh,en,raw,r10,0.923828125,512
trillionlabs/Tri-0.5B-Base,12,0.5,last_token,zh,en,raw,mrr,0.83976237717215,512
trillionlabs/Tri-0.5B-Base,12,0.5,last_token,zh,ko,raw,r1,0.60546875,512
trillionlabs/Tri-0.5B-Base,12,0.5,last_token,zh,ko,raw,r5,0.76953125,512
trillionlabs/Tri-0.5B-Base,12,0.5,last_token,zh,ko,raw,r10,0.80859375,512
trillionlabs/Tri-0.5B-Base,12,0.5,last_token,zh,ko,raw,mrr,0.6775181847841418,512
trillionlabs/Tri-0.5B-Base,12,0.5,last_token,zh,ja,raw,r1,0.498046875,512
trillionlabs/Tri-0.5B-Base,12,0.5,last_token,zh,ja,raw,r5,0.69140625,512
trillionlabs/Tri-0.5B-Base,12,0.5,last_token,zh,ja,raw,r10,0.751953125,512
trillionlabs/Tri-0.5B-Base,12,0.5,last_token,zh,ja,raw,mrr,0.5878203265208299,512
trillionlabs/Tri-0.5B-Base,13,0.5416666666666666,last_token,en,ko,raw,r1,0.775390625,512
trillionlabs/Tri-0.5B-Base,13,0.5416666666666666,last_token,en,ko,raw,r5,0.875,512
trillionlabs/Tri-0.5B-Base,13,0.5416666666666666,last_token,en,ko,raw,r10,0.8984375,512
trillionlabs/Tri-0.5B-Base,13,0.5416666666666666,last_token,en,ko,raw,mrr,0.8178759830841489,512
trillionlabs/Tri-0.5B-Base,13,0.5416666666666666,last_token,en,ja,raw,r1,0.640625,512
trillionlabs/Tri-0.5B-Base,13,0.5416666666666666,last_token,en,ja,raw,r5,0.81640625,512
trillionlabs/Tri-0.5B-Base,13,0.5416666666666666,last_token,en,ja,raw,r10,0.873046875,512
trillionlabs/Tri-0.5B-Base,13,0.5416666666666666,last_token,en,ja,raw,mrr,0.7207681648258515,512
trillionlabs/Tri-0.5B-Base,13,0.5416666666666666,last_token,en,zh,raw,r1,0.83984375,512
trillionlabs/Tri-0.5B-Base,13,0.5416666666666666,last_token,en,zh,raw,r5,0.935546875,512
trillionlabs/Tri-0.5B-Base,13,0.5416666666666666,last_token,en,zh,raw,r10,0.955078125,512
trillionlabs/Tri-0.5B-Base,13,0.5416666666666666,last_token,en,zh,raw,mrr,0.8813928613946466,512
trillionlabs/Tri-0.5B-Base,13,0.5416666666666666,last_token,ko,en,raw,r1,0.736328125,512
trillionlabs/Tri-0.5B-Base,13,0.5416666666666666,last_token,ko,en,raw,r5,0.859375,512
trillionlabs/Tri-0.5B-Base,13,0.5416666666666666,last_token,ko,en,raw,r10,0.88671875,512
trillionlabs/Tri-0.5B-Base,13,0.5416666666666666,last_token,ko,en,raw,mrr,0.7932433073168366,512
trillionlabs/Tri-0.5B-Base,13,0.5416666666666666,last_token,ko,ja,raw,r1,0.595703125,512
trillionlabs/Tri-0.5B-Base,13,0.5416666666666666,last_token,ko,ja,raw,r5,0.75390625,512
trillionlabs/Tri-0.5B-Base,13,0.5416666666666666,last_token,ko,ja,raw,r10,0.81640625,512
trillionlabs/Tri-0.5B-Base,13,0.5416666666666666,last_token,ko,ja,raw,mrr,0.67225145207632,512
trillionlabs/Tri-0.5B-Base,13,0.5416666666666666,last_token,ko,zh,raw,r1,0.619140625,512
trillionlabs/Tri-0.5B-Base,13,0.5416666666666666,last_token,ko,zh,raw,r5,0.798828125,512
trillionlabs/Tri-0.5B-Base,13,0.5416666666666666,last_token,ko,zh,raw,r10,0.841796875,512
trillionlabs/Tri-0.5B-Base,13,0.5416666666666666,last_token,ko,zh,raw,mrr,0.7024408583981898,512
trillionlabs/Tri-0.5B-Base,13,0.5416666666666666,last_token,ja,en,raw,r1,0.720703125,512
trillionlabs/Tri-0.5B-Base,13,0.5416666666666666,last_token,ja,en,raw,r5,0.8671875,512
trillionlabs/Tri-0.5B-Base,13,0.5416666666666666,last_token,ja,en,raw,r10,0.908203125,512
trillionlabs/Tri-0.5B-Base,13,0.5416666666666666,last_token,ja,en,raw,mrr,0.7869503511507997,512
trillionlabs/Tri-0.5B-Base,13,0.5416666666666666,last_token,ja,ko,raw,r1,0.689453125,512
trillionlabs/Tri-0.5B-Base,13,0.5416666666666666,last_token,ja,ko,raw,r5,0.841796875,512
trillionlabs/Tri-0.5B-Base,13,0.5416666666666666,last_token,ja,ko,raw,r10,0.876953125,512
trillionlabs/Tri-0.5B-Base,13,0.5416666666666666,last_token,ja,ko,raw,mrr,0.7571911667983426,512
trillionlabs/Tri-0.5B-Base,13,0.5416666666666666,last_token,ja,zh,raw,r1,0.654296875,512
trillionlabs/Tri-0.5B-Base,13,0.5416666666666666,last_token,ja,zh,raw,r5,0.826171875,512
trillionlabs/Tri-0.5B-Base,13,0.5416666666666666,last_token,ja,zh,raw,r10,0.861328125,512
trillionlabs/Tri-0.5B-Base,13,0.5416666666666666,last_token,ja,zh,raw,mrr,0.7341942915298505,512
trillionlabs/Tri-0.5B-Base,13,0.5416666666666666,last_token,zh,en,raw,r1,0.8203125,512
trillionlabs/Tri-0.5B-Base,13,0.5416666666666666,last_token,zh,en,raw,r5,0.908203125,512
trillionlabs/Tri-0.5B-Base,13,0.5416666666666666,last_token,zh,en,raw,r10,0.92578125,512
trillionlabs/Tri-0.5B-Base,13,0.5416666666666666,last_token,zh,en,raw,mrr,0.8611373509788268,512
trillionlabs/Tri-0.5B-Base,13,0.5416666666666666,last_token,zh,ko,raw,r1,0.63671875,512
trillionlabs/Tri-0.5B-Base,13,0.5416666666666666,last_token,zh,ko,raw,r5,0.791015625,512
trillionlabs/Tri-0.5B-Base,13,0.5416666666666666,last_token,zh,ko,raw,r10,0.837890625,512
trillionlabs/Tri-0.5B-Base,13,0.5416666666666666,last_token,zh,ko,raw,mrr,0.7060981336397882,512
trillionlabs/Tri-0.5B-Base,13,0.5416666666666666,last_token,zh,ja,raw,r1,0.537109375,512
trillionlabs/Tri-0.5B-Base,13,0.5416666666666666,last_token,zh,ja,raw,r5,0.732421875,512
trillionlabs/Tri-0.5B-Base,13,0.5416666666666666,last_token,zh,ja,raw,r10,0.78515625,512
trillionlabs/Tri-0.5B-Base,13,0.5416666666666666,last_token,zh,ja,raw,mrr,0.627193192887959,512
trillionlabs/Tri-0.5B-Base,14,0.5833333333333334,last_token,en,ko,raw,r1,0.759765625,512
trillionlabs/Tri-0.5B-Base,14,0.5833333333333334,last_token,en,ko,raw,r5,0.873046875,512
trillionlabs/Tri-0.5B-Base,14,0.5833333333333334,last_token,en,ko,raw,r10,0.8984375,512
trillionlabs/Tri-0.5B-Base,14,0.5833333333333334,last_token,en,ko,raw,mrr,0.8073744284131078,512
trillionlabs/Tri-0.5B-Base,14,0.5833333333333334,last_token,en,ja,raw,r1,0.58984375,512
trillionlabs/Tri-0.5B-Base,14,0.5833333333333334,last_token,en,ja,raw,r5,0.771484375,512
trillionlabs/Tri-0.5B-Base,14,0.5833333333333334,last_token,en,ja,raw,r10,0.822265625,512
trillionlabs/Tri-0.5B-Base,14,0.5833333333333334,last_token,en,ja,raw,mrr,0.6721439530006177,512
trillionlabs/Tri-0.5B-Base,14,0.5833333333333334,last_token,en,zh,raw,r1,0.810546875,512
trillionlabs/Tri-0.5B-Base,14,0.5833333333333334,last_token,en,zh,raw,r5,0.927734375,512
trillionlabs/Tri-0.5B-Base,14,0.5833333333333334,last_token,en,zh,raw,r10,0.947265625,512
trillionlabs/Tri-0.5B-Base,14,0.5833333333333334,last_token,en,zh,raw,mrr,0.8620197566848495,512
trillionlabs/Tri-0.5B-Base,14,0.5833333333333334,last_token,ko,en,raw,r1,0.70703125,512
trillionlabs/Tri-0.5B-Base,14,0.5833333333333334,last_token,ko,en,raw,r5,0.84765625,512
trillionlabs/Tri-0.5B-Base,14,0.5833333333333334,last_token,ko,en,raw,r10,0.888671875,512
trillionlabs/Tri-0.5B-Base,14,0.5833333333333334,last_token,ko,en,raw,mrr,0.7717680353728283,512
trillionlabs/Tri-0.5B-Base,14,0.5833333333333334,last_token,ko,ja,raw,r1,0.572265625,512
trillionlabs/Tri-0.5B-Base,14,0.5833333333333334,last_token,ko,ja,raw,r5,0.7109375,512
trillionlabs/Tri-0.5B-Base,14,0.5833333333333334,last_token,ko,ja,raw,r10,0.76953125,512
trillionlabs/Tri-0.5B-Base,14,0.5833333333333334,last_token,ko,ja,raw,mrr,0.6409638878796706,512
trillionlabs/Tri-0.5B-Base,14,0.5833333333333334,last_token,ko,zh,raw,r1,0.607421875,512
trillionlabs/Tri-0.5B-Base,14,0.5833333333333334,last_token,ko,zh,raw,r5,0.779296875,512
trillionlabs/Tri-0.5B-Base,14,0.5833333333333334,last_token,ko,zh,raw,r10,0.82421875,512
trillionlabs/Tri-0.5B-Base,14,0.5833333333333334,last_token,ko,zh,raw,mrr,0.6888589465743193,512
trillionlabs/Tri-0.5B-Base,14,0.5833333333333334,last_token,ja,en,raw,r1,0.6796875,512
trillionlabs/Tri-0.5B-Base,14,0.5833333333333334,last_token,ja,en,raw,r5,0.84765625,512
trillionlabs/Tri-0.5B-Base,14,0.5833333333333334,last_token,ja,en,raw,r10,0.892578125,512
trillionlabs/Tri-0.5B-Base,14,0.5833333333333334,last_token,ja,en,raw,mrr,0.7569910388365562,512
trillionlabs/Tri-0.5B-Base,14,0.5833333333333334,last_token,ja,ko,raw,r1,0.6484375,512
trillionlabs/Tri-0.5B-Base,14,0.5833333333333334,last_token,ja,ko,raw,r5,0.833984375,512
trillionlabs/Tri-0.5B-Base,14,0.5833333333333334,last_token,ja,ko,raw,r10,0.87109375,512
trillionlabs/Tri-0.5B-Base,14,0.5833333333333334,last_token,ja,ko,raw,mrr,0.7310302121467959,512
trillionlabs/Tri-0.5B-Base,14,0.5833333333333334,last_token,ja,zh,raw,r1,0.6171875,512
trillionlabs/Tri-0.5B-Base,14,0.5833333333333334,last_token,ja,zh,raw,r5,0.80859375,512
trillionlabs/Tri-0.5B-Base,14,0.5833333333333334,last_token,ja,zh,raw,r10,0.84765625,512
trillionlabs/Tri-0.5B-Base,14,0.5833333333333334,last_token,ja,zh,raw,mrr,0.7036613673936967,512
trillionlabs/Tri-0.5B-Base,14,0.5833333333333334,last_token,zh,en,raw,r1,0.7890625,512
trillionlabs/Tri-0.5B-Base,14,0.5833333333333334,last_token,zh,en,raw,r5,0.87890625,512
trillionlabs/Tri-0.5B-Base,14,0.5833333333333334,last_token,zh,en,raw,r10,0.9140625,512
trillionlabs/Tri-0.5B-Base,14,0.5833333333333334,last_token,zh,en,raw,mrr,0.8325996809650382,512
trillionlabs/Tri-0.5B-Base,14,0.5833333333333334,last_token,zh,ko,raw,r1,0.6171875,512
trillionlabs/Tri-0.5B-Base,14,0.5833333333333334,last_token,zh,ko,raw,r5,0.76953125,512
trillionlabs/Tri-0.5B-Base,14,0.5833333333333334,last_token,zh,ko,raw,r10,0.8359375,512
trillionlabs/Tri-0.5B-Base,14,0.5833333333333334,last_token,zh,ko,raw,mrr,0.6894891711349962,512
trillionlabs/Tri-0.5B-Base,14,0.5833333333333334,last_token,zh,ja,raw,r1,0.498046875,512
trillionlabs/Tri-0.5B-Base,14,0.5833333333333334,last_token,zh,ja,raw,r5,0.673828125,512
trillionlabs/Tri-0.5B-Base,14,0.5833333333333334,last_token,zh,ja,raw,r10,0.728515625,512
trillionlabs/Tri-0.5B-Base,14,0.5833333333333334,last_token,zh,ja,raw,mrr,0.5829660900470761,512
trillionlabs/Tri-0.5B-Base,15,0.625,last_token,en,ko,raw,r1,0.705078125,512
trillionlabs/Tri-0.5B-Base,15,0.625,last_token,en,ko,raw,r5,0.849609375,512
trillionlabs/Tri-0.5B-Base,15,0.625,last_token,en,ko,raw,r10,0.8828125,512
trillionlabs/Tri-0.5B-Base,15,0.625,last_token,en,ko,raw,mrr,0.7694642743009976,512
trillionlabs/Tri-0.5B-Base,15,0.625,last_token,en,ja,raw,r1,0.4765625,512
trillionlabs/Tri-0.5B-Base,15,0.625,last_token,en,ja,raw,r5,0.6640625,512
trillionlabs/Tri-0.5B-Base,15,0.625,last_token,en,ja,raw,r10,0.740234375,512
trillionlabs/Tri-0.5B-Base,15,0.625,last_token,en,ja,raw,mrr,0.5699686406132287,512
trillionlabs/Tri-0.5B-Base,15,0.625,last_token,en,zh,raw,r1,0.783203125,512
trillionlabs/Tri-0.5B-Base,15,0.625,last_token,en,zh,raw,r5,0.90625,512
trillionlabs/Tri-0.5B-Base,15,0.625,last_token,en,zh,raw,r10,0.935546875,512
trillionlabs/Tri-0.5B-Base,15,0.625,last_token,en,zh,raw,mrr,0.8419150437458383,512
trillionlabs/Tri-0.5B-Base,15,0.625,last_token,ko,en,raw,r1,0.69921875,512
trillionlabs/Tri-0.5B-Base,15,0.625,last_token,ko,en,raw,r5,0.845703125,512
trillionlabs/Tri-0.5B-Base,15,0.625,last_token,ko,en,raw,r10,0.890625,512
trillionlabs/Tri-0.5B-Base,15,0.625,last_token,ko,en,raw,mrr,0.7678995989224184,512
trillionlabs/Tri-0.5B-Base,15,0.625,last_token,ko,ja,raw,r1,0.546875,512
trillionlabs/Tri-0.5B-Base,15,0.625,last_token,ko,ja,raw,r5,0.6875,512
trillionlabs/Tri-0.5B-Base,15,0.625,last_token,ko,ja,raw,r10,0.75,512
trillionlabs/Tri-0.5B-Base,15,0.625,last_token,ko,ja,raw,mrr,0.6175483160191514,512
trillionlabs/Tri-0.5B-Base,15,0.625,last_token,ko,zh,raw,r1,0.60546875,512
trillionlabs/Tri-0.5B-Base,15,0.625,last_token,ko,zh,raw,r5,0.7890625,512
trillionlabs/Tri-0.5B-Base,15,0.625,last_token,ko,zh,raw,r10,0.837890625,512
trillionlabs/Tri-0.5B-Base,15,0.625,last_token,ko,zh,raw,mrr,0.6886356880922423,512
trillionlabs/Tri-0.5B-Base,15,0.625,last_token,ja,en,raw,r1,0.666015625,512
trillionlabs/Tri-0.5B-Base,15,0.625,last_token,ja,en,raw,r5,0.84375,512
trillionlabs/Tri-0.5B-Base,15,0.625,last_token,ja,en,raw,r10,0.884765625,512
trillionlabs/Tri-0.5B-Base,15,0.625,last_token,ja,en,raw,mrr,0.7453469881908561,512
trillionlabs/Tri-0.5B-Base,15,0.625,last_token,ja,ko,raw,r1,0.650390625,512
trillionlabs/Tri-0.5B-Base,15,0.625,last_token,ja,ko,raw,r5,0.828125,512
trillionlabs/Tri-0.5B-Base,15,0.625,last_token,ja,ko,raw,r10,0.869140625,512
trillionlabs/Tri-0.5B-Base,15,0.625,last_token,ja,ko,raw,mrr,0.7315108212776543,512
trillionlabs/Tri-0.5B-Base,15,0.625,last_token,ja,zh,raw,r1,0.599609375,512
trillionlabs/Tri-0.5B-Base,15,0.625,last_token,ja,zh,raw,r5,0.806640625,512
trillionlabs/Tri-0.5B-Base,15,0.625,last_token,ja,zh,raw,r10,0.8515625,512
trillionlabs/Tri-0.5B-Base,15,0.625,last_token,ja,zh,raw,mrr,0.6967636964435004,512
trillionlabs/Tri-0.5B-Base,15,0.625,last_token,zh,en,raw,r1,0.78125,512
trillionlabs/Tri-0.5B-Base,15,0.625,last_token,zh,en,raw,r5,0.88671875,512
trillionlabs/Tri-0.5B-Base,15,0.625,last_token,zh,en,raw,r10,0.931640625,512
trillionlabs/Tri-0.5B-Base,15,0.625,last_token,zh,en,raw,mrr,0.8299916024351052,512
trillionlabs/Tri-0.5B-Base,15,0.625,last_token,zh,ko,raw,r1,0.59375,512
trillionlabs/Tri-0.5B-Base,15,0.625,last_token,zh,ko,raw,r5,0.77734375,512
trillionlabs/Tri-0.5B-Base,15,0.625,last_token,zh,ko,raw,r10,0.822265625,512
trillionlabs/Tri-0.5B-Base,15,0.625,last_token,zh,ko,raw,mrr,0.6749788750671541,512
trillionlabs/Tri-0.5B-Base,15,0.625,last_token,zh,ja,raw,r1,0.41796875,512
trillionlabs/Tri-0.5B-Base,15,0.625,last_token,zh,ja,raw,r5,0.640625,512
trillionlabs/Tri-0.5B-Base,15,0.625,last_token,zh,ja,raw,r10,0.6875,512
trillionlabs/Tri-0.5B-Base,15,0.625,last_token,zh,ja,raw,mrr,0.518959951046046,512
trillionlabs/Tri-0.5B-Base,16,0.6666666666666666,last_token,en,ko,raw,r1,0.744140625,512
trillionlabs/Tri-0.5B-Base,16,0.6666666666666666,last_token,en,ko,raw,r5,0.87890625,512
trillionlabs/Tri-0.5B-Base,16,0.6666666666666666,last_token,en,ko,raw,r10,0.904296875,512
trillionlabs/Tri-0.5B-Base,16,0.6666666666666666,last_token,en,ko,raw,mrr,0.8038280390150904,512
trillionlabs/Tri-0.5B-Base,16,0.6666666666666666,last_token,en,ja,raw,r1,0.568359375,512
trillionlabs/Tri-0.5B-Base,16,0.6666666666666666,last_token,en,ja,raw,r5,0.755859375,512
trillionlabs/Tri-0.5B-Base,16,0.6666666666666666,last_token,en,ja,raw,r10,0.8203125,512
trillionlabs/Tri-0.5B-Base,16,0.6666666666666666,last_token,en,ja,raw,mrr,0.6597063271134844,512
trillionlabs/Tri-0.5B-Base,16,0.6666666666666666,last_token,en,zh,raw,r1,0.7890625,512
trillionlabs/Tri-0.5B-Base,16,0.6666666666666666,last_token,en,zh,raw,r5,0.935546875,512
trillionlabs/Tri-0.5B-Base,16,0.6666666666666666,last_token,en,zh,raw,r10,0.96484375,512
trillionlabs/Tri-0.5B-Base,16,0.6666666666666666,last_token,en,zh,raw,mrr,0.8553255053261655,512
trillionlabs/Tri-0.5B-Base,16,0.6666666666666666,last_token,ko,en,raw,r1,0.71484375,512
trillionlabs/Tri-0.5B-Base,16,0.6666666666666666,last_token,ko,en,raw,r5,0.853515625,512
trillionlabs/Tri-0.5B-Base,16,0.6666666666666666,last_token,ko,en,raw,r10,0.890625,512
trillionlabs/Tri-0.5B-Base,16,0.6666666666666666,last_token,ko,en,raw,mrr,0.778258563099774,512
trillionlabs/Tri-0.5B-Base,16,0.6666666666666666,last_token,ko,ja,raw,r1,0.5546875,512
trillionlabs/Tri-0.5B-Base,16,0.6666666666666666,last_token,ko,ja,raw,r5,0.69921875,512
trillionlabs/Tri-0.5B-Base,16,0.6666666666666666,last_token,ko,ja,raw,r10,0.74609375,512
trillionlabs/Tri-0.5B-Base,16,0.6666666666666666,last_token,ko,ja,raw,mrr,0.6262196988156218,512
trillionlabs/Tri-0.5B-Base,16,0.6666666666666666,last_token,ko,zh,raw,r1,0.666015625,512
trillionlabs/Tri-0.5B-Base,16,0.6666666666666666,last_token,ko,zh,raw,r5,0.810546875,512
trillionlabs/Tri-0.5B-Base,16,0.6666666666666666,last_token,ko,zh,raw,r10,0.8671875,512
trillionlabs/Tri-0.5B-Base,16,0.6666666666666666,last_token,ko,zh,raw,mrr,0.7321354834174946,512
trillionlabs/Tri-0.5B-Base,16,0.6666666666666666,last_token,ja,en,raw,r1,0.681640625,512
trillionlabs/Tri-0.5B-Base,16,0.6666666666666666,last_token,ja,en,raw,r5,0.869140625,512
trillionlabs/Tri-0.5B-Base,16,0.6666666666666666,last_token,ja,en,raw,r10,0.91015625,512
trillionlabs/Tri-0.5B-Base,16,0.6666666666666666,last_token,ja,en,raw,mrr,0.7642634062550946,512
trillionlabs/Tri-0.5B-Base,16,0.6666666666666666,last_token,ja,ko,raw,r1,0.705078125,512
trillionlabs/Tri-0.5B-Base,16,0.6666666666666666,last_token,ja,ko,raw,r5,0.84765625,512
trillionlabs/Tri-0.5B-Base,16,0.6666666666666666,last_token,ja,ko,raw,r10,0.888671875,512
trillionlabs/Tri-0.5B-Base,16,0.6666666666666666,last_token,ja,ko,raw,mrr,0.7670505637636308,512
trillionlabs/Tri-0.5B-Base,16,0.6666666666666666,last_token,ja,zh,raw,r1,0.634765625,512
trillionlabs/Tri-0.5B-Base,16,0.6666666666666666,last_token,ja,zh,raw,r5,0.818359375,512
trillionlabs/Tri-0.5B-Base,16,0.6666666666666666,last_token,ja,zh,raw,r10,0.875,512
trillionlabs/Tri-0.5B-Base,16,0.6666666666666666,last_token,ja,zh,raw,mrr,0.7195686200015198,512
trillionlabs/Tri-0.5B-Base,16,0.6666666666666666,last_token,zh,en,raw,r1,0.78515625,512
trillionlabs/Tri-0.5B-Base,16,0.6666666666666666,last_token,zh,en,raw,r5,0.908203125,512
trillionlabs/Tri-0.5B-Base,16,0.6666666666666666,last_token,zh,en,raw,r10,0.951171875,512
trillionlabs/Tri-0.5B-Base,16,0.6666666666666666,last_token,zh,en,raw,mrr,0.8417682364349743,512
trillionlabs/Tri-0.5B-Base,16,0.6666666666666666,last_token,zh,ko,raw,r1,0.654296875,512
trillionlabs/Tri-0.5B-Base,16,0.6666666666666666,last_token,zh,ko,raw,r5,0.81640625,512
trillionlabs/Tri-0.5B-Base,16,0.6666666666666666,last_token,zh,ko,raw,r10,0.849609375,512
trillionlabs/Tri-0.5B-Base,16,0.6666666666666666,last_token,zh,ko,raw,mrr,0.7250600706152703,512
trillionlabs/Tri-0.5B-Base,16,0.6666666666666666,last_token,zh,ja,raw,r1,0.474609375,512
trillionlabs/Tri-0.5B-Base,16,0.6666666666666666,last_token,zh,ja,raw,r5,0.6484375,512
trillionlabs/Tri-0.5B-Base,16,0.6666666666666666,last_token,zh,ja,raw,r10,0.705078125,512
trillionlabs/Tri-0.5B-Base,16,0.6666666666666666,last_token,zh,ja,raw,mrr,0.5553340175980749,512
trillionlabs/Tri-0.5B-Base,17,0.7083333333333334,last_token,en,ko,raw,r1,0.703125,512
trillionlabs/Tri-0.5B-Base,17,0.7083333333333334,last_token,en,ko,raw,r5,0.859375,512
trillionlabs/Tri-0.5B-Base,17,0.7083333333333334,last_token,en,ko,raw,r10,0.892578125,512
trillionlabs/Tri-0.5B-Base,17,0.7083333333333334,last_token,en,ko,raw,mrr,0.771919764136184,512
trillionlabs/Tri-0.5B-Base,17,0.7083333333333334,last_token,en,ja,raw,r1,0.47265625,512
trillionlabs/Tri-0.5B-Base,17,0.7083333333333334,last_token,en,ja,raw,r5,0.69140625,512
trillionlabs/Tri-0.5B-Base,17,0.7083333333333334,last_token,en,ja,raw,r10,0.76171875,512
trillionlabs/Tri-0.5B-Base,17,0.7083333333333334,last_token,en,ja,raw,mrr,0.5772676620534727,512
trillionlabs/Tri-0.5B-Base,17,0.7083333333333334,last_token,en,zh,raw,r1,0.689453125,512
trillionlabs/Tri-0.5B-Base,17,0.7083333333333334,last_token,en,zh,raw,r5,0.896484375,512
trillionlabs/Tri-0.5B-Base,17,0.7083333333333334,last_token,en,zh,raw,r10,0.9375,512
trillionlabs/Tri-0.5B-Base,17,0.7083333333333334,last_token,en,zh,raw,mrr,0.7748376485449086,512
trillionlabs/Tri-0.5B-Base,17,0.7083333333333334,last_token,ko,en,raw,r1,0.689453125,512
trillionlabs/Tri-0.5B-Base,17,0.7083333333333334,last_token,ko,en,raw,r5,0.845703125,512
trillionlabs/Tri-0.5B-Base,17,0.7083333333333334,last_token,ko,en,raw,r10,0.880859375,512
trillionlabs/Tri-0.5B-Base,17,0.7083333333333334,last_token,ko,en,raw,mrr,0.7614531209315734,512
trillionlabs/Tri-0.5B-Base,17,0.7083333333333334,last_token,ko,ja,raw,r1,0.48046875,512
trillionlabs/Tri-0.5B-Base,17,0.7083333333333334,last_token,ko,ja,raw,r5,0.626953125,512
trillionlabs/Tri-0.5B-Base,17,0.7083333333333334,last_token,ko,ja,raw,r10,0.689453125,512
trillionlabs/Tri-0.5B-Base,17,0.7083333333333334,last_token,ko,ja,raw,mrr,0.547594162514643,512
trillionlabs/Tri-0.5B-Base,17,0.7083333333333334,last_token,ko,zh,raw,r1,0.58984375,512
trillionlabs/Tri-0.5B-Base,17,0.7083333333333334,last_token,ko,zh,raw,r5,0.759765625,512
trillionlabs/Tri-0.5B-Base,17,0.7083333333333334,last_token,ko,zh,raw,r10,0.83203125,512
trillionlabs/Tri-0.5B-Base,17,0.7083333333333334,last_token,ko,zh,raw,mrr,0.6723406464924883,512
trillionlabs/Tri-0.5B-Base,17,0.7083333333333334,last_token,ja,en,raw,r1,0.58984375,512
trillionlabs/Tri-0.5B-Base,17,0.7083333333333334,last_token,ja,en,raw,r5,0.84765625,512
trillionlabs/Tri-0.5B-Base,17,0.7083333333333334,last_token,ja,en,raw,r10,0.892578125,512
trillionlabs/Tri-0.5B-Base,17,0.7083333333333334,last_token,ja,en,raw,mrr,0.7007159727045562,512
trillionlabs/Tri-0.5B-Base,17,0.7083333333333334,last_token,ja,ko,raw,r1,0.58984375,512
trillionlabs/Tri-0.5B-Base,17,0.7083333333333334,last_token,ja,ko,raw,r5,0.798828125,512
trillionlabs/Tri-0.5B-Base,17,0.7083333333333334,last_token,ja,ko,raw,r10,0.841796875,512
trillionlabs/Tri-0.5B-Base,17,0.7083333333333334,last_token,ja,ko,raw,mrr,0.6834323580922255,512
trillionlabs/Tri-0.5B-Base,17,0.7083333333333334,last_token,ja,zh,raw,r1,0.607421875,512
trillionlabs/Tri-0.5B-Base,17,0.7083333333333334,last_token,ja,zh,raw,r5,0.80859375,512
trillionlabs/Tri-0.5B-Base,17,0.7083333333333334,last_token,ja,zh,raw,r10,0.865234375,512
trillionlabs/Tri-0.5B-Base,17,0.7083333333333334,last_token,ja,zh,raw,mrr,0.6943667546345714,512
trillionlabs/Tri-0.5B-Base,17,0.7083333333333334,last_token,zh,en,raw,r1,0.744140625,512
trillionlabs/Tri-0.5B-Base,17,0.7083333333333334,last_token,zh,en,raw,r5,0.890625,512
trillionlabs/Tri-0.5B-Base,17,0.7083333333333334,last_token,zh,en,raw,r10,0.927734375,512
trillionlabs/Tri-0.5B-Base,17,0.7083333333333334,last_token,zh,en,raw,mrr,0.8105187611786558,512
trillionlabs/Tri-0.5B-Base,17,0.7083333333333334,last_token,zh,ko,raw,r1,0.615234375,512
trillionlabs/Tri-0.5B-Base,17,0.7083333333333334,last_token,zh,ko,raw,r5,0.7890625,512
trillionlabs/Tri-0.5B-Base,17,0.7083333333333334,last_token,zh,ko,raw,r10,0.83984375,512
trillionlabs/Tri-0.5B-Base,17,0.7083333333333334,last_token,zh,ko,raw,mrr,0.6969875693958273,512
trillionlabs/Tri-0.5B-Base,17,0.7083333333333334,last_token,zh,ja,raw,r1,0.423828125,512
trillionlabs/Tri-0.5B-Base,17,0.7083333333333334,last_token,zh,ja,raw,r5,0.6171875,512
trillionlabs/Tri-0.5B-Base,17,0.7083333333333334,last_token,zh,ja,raw,r10,0.669921875,512
trillionlabs/Tri-0.5B-Base,17,0.7083333333333334,last_token,zh,ja,raw,mrr,0.5104660143359794,512
trillionlabs/Tri-0.5B-Base,18,0.75,last_token,en,ko,raw,r1,0.6484375,512
trillionlabs/Tri-0.5B-Base,18,0.75,last_token,en,ko,raw,r5,0.830078125,512
trillionlabs/Tri-0.5B-Base,18,0.75,last_token,en,ko,raw,r10,0.8828125,512
trillionlabs/Tri-0.5B-Base,18,0.75,last_token,en,ko,raw,mrr,0.7300497482490554,512
trillionlabs/Tri-0.5B-Base,18,0.75,last_token,en,ja,raw,r1,0.392578125,512
trillionlabs/Tri-0.5B-Base,18,0.75,last_token,en,ja,raw,r5,0.603515625,512
trillionlabs/Tri-0.5B-Base,18,0.75,last_token,en,ja,raw,r10,0.693359375,512
trillionlabs/Tri-0.5B-Base,18,0.75,last_token,en,ja,raw,mrr,0.49383280404132135,512
trillionlabs/Tri-0.5B-Base,18,0.75,last_token,en,zh,raw,r1,0.626953125,512
trillionlabs/Tri-0.5B-Base,18,0.75,last_token,en,zh,raw,r5,0.8671875,512
trillionlabs/Tri-0.5B-Base,18,0.75,last_token,en,zh,raw,r10,0.916015625,512
trillionlabs/Tri-0.5B-Base,18,0.75,last_token,en,zh,raw,mrr,0.7302772093957529,512
trillionlabs/Tri-0.5B-Base,18,0.75,last_token,ko,en,raw,r1,0.65234375,512
trillionlabs/Tri-0.5B-Base,18,0.75,last_token,ko,en,raw,r5,0.82421875,512
trillionlabs/Tri-0.5B-Base,18,0.75,last_token,ko,en,raw,r10,0.869140625,512
trillionlabs/Tri-0.5B-Base,18,0.75,last_token,ko,en,raw,mrr,0.7288541323801251,512
trillionlabs/Tri-0.5B-Base,18,0.75,last_token,ko,ja,raw,r1,0.380859375,512
trillionlabs/Tri-0.5B-Base,18,0.75,last_token,ko,ja,raw,r5,0.541015625,512
trillionlabs/Tri-0.5B-Base,18,0.75,last_token,ko,ja,raw,r10,0.587890625,512
trillionlabs/Tri-0.5B-Base,18,0.75,last_token,ko,ja,raw,mrr,0.457072472401329,512
trillionlabs/Tri-0.5B-Base,18,0.75,last_token,ko,zh,raw,r1,0.548828125,512
trillionlabs/Tri-0.5B-Base,18,0.75,last_token,ko,zh,raw,r5,0.748046875,512
trillionlabs/Tri-0.5B-Base,18,0.75,last_token,ko,zh,raw,r10,0.8203125,512
trillionlabs/Tri-0.5B-Base,18,0.75,last_token,ko,zh,raw,mrr,0.643403732312239,512
trillionlabs/Tri-0.5B-Base,18,0.75,last_token,ja,en,raw,r1,0.556640625,512
trillionlabs/Tri-0.5B-Base,18,0.75,last_token,ja,en,raw,r5,0.798828125,512
trillionlabs/Tri-0.5B-Base,18,0.75,last_token,ja,en,raw,r10,0.853515625,512
trillionlabs/Tri-0.5B-Base,18,0.75,last_token,ja,en,raw,mrr,0.6654825437608454,512
trillionlabs/Tri-0.5B-Base,18,0.75,last_token,ja,ko,raw,r1,0.5546875,512
trillionlabs/Tri-0.5B-Base,18,0.75,last_token,ja,ko,raw,r5,0.77734375,512
trillionlabs/Tri-0.5B-Base,18,0.75,last_token,ja,ko,raw,r10,0.837890625,512
trillionlabs/Tri-0.5B-Base,18,0.75,last_token,ja,ko,raw,mrr,0.6545426128985927,512
trillionlabs/Tri-0.5B-Base,18,0.75,last_token,ja,zh,raw,r1,0.583984375,512
trillionlabs/Tri-0.5B-Base,18,0.75,last_token,ja,zh,raw,r5,0.80078125,512
trillionlabs/Tri-0.5B-Base,18,0.75,last_token,ja,zh,raw,r10,0.876953125,512
trillionlabs/Tri-0.5B-Base,18,0.75,last_token,ja,zh,raw,mrr,0.6833274573694581,512
trillionlabs/Tri-0.5B-Base,18,0.75,last_token,zh,en,raw,r1,0.66796875,512
trillionlabs/Tri-0.5B-Base,18,0.75,last_token,zh,en,raw,r5,0.86328125,512
trillionlabs/Tri-0.5B-Base,18,0.75,last_token,zh,en,raw,r10,0.904296875,512
trillionlabs/Tri-0.5B-Base,18,0.75,last_token,zh,en,raw,mrr,0.7556173889889186,512
trillionlabs/Tri-0.5B-Base,18,0.75,last_token,zh,ko,raw,r1,0.56640625,512
trillionlabs/Tri-0.5B-Base,18,0.75,last_token,zh,ko,raw,r5,0.771484375,512
trillionlabs/Tri-0.5B-Base,18,0.75,last_token,zh,ko,raw,r10,0.830078125,512
trillionlabs/Tri-0.5B-Base,18,0.75,last_token,zh,ko,raw,mrr,0.6621403287582663,512
trillionlabs/Tri-0.5B-Base,18,0.75,last_token,zh,ja,raw,r1,0.37890625,512
trillionlabs/Tri-0.5B-Base,18,0.75,last_token,zh,ja,raw,r5,0.546875,512
trillionlabs/Tri-0.5B-Base,18,0.75,last_token,zh,ja,raw,r10,0.599609375,512
trillionlabs/Tri-0.5B-Base,18,0.75,last_token,zh,ja,raw,mrr,0.45866174762757606,512
trillionlabs/Tri-0.5B-Base,19,0.7916666666666666,last_token,en,ko,raw,r1,0.69921875,512
trillionlabs/Tri-0.5B-Base,19,0.7916666666666666,last_token,en,ko,raw,r5,0.859375,512
trillionlabs/Tri-0.5B-Base,19,0.7916666666666666,last_token,en,ko,raw,r10,0.8984375,512
trillionlabs/Tri-0.5B-Base,19,0.7916666666666666,last_token,en,ko,raw,mrr,0.7689449290889812,512
trillionlabs/Tri-0.5B-Base,19,0.7916666666666666,last_token,en,ja,raw,r1,0.41015625,512
trillionlabs/Tri-0.5B-Base,19,0.7916666666666666,last_token,en,ja,raw,r5,0.640625,512
trillionlabs/Tri-0.5B-Base,19,0.7916666666666666,last_token,en,ja,raw,r10,0.6875,512
trillionlabs/Tri-0.5B-Base,19,0.7916666666666666,last_token,en,ja,raw,mrr,0.507289464096973,512
trillionlabs/Tri-0.5B-Base,19,0.7916666666666666,last_token,en,zh,raw,r1,0.64453125,512
trillionlabs/Tri-0.5B-Base,19,0.7916666666666666,last_token,en,zh,raw,r5,0.869140625,512
trillionlabs/Tri-0.5B-Base,19,0.7916666666666666,last_token,en,zh,raw,r10,0.93359375,512
trillionlabs/Tri-0.5B-Base,19,0.7916666666666666,last_token,en,zh,raw,mrr,0.7432167119076265,512
trillionlabs/Tri-0.5B-Base,19,0.7916666666666666,last_token,ko,en,raw,r1,0.70703125,512
trillionlabs/Tri-0.5B-Base,19,0.7916666666666666,last_token,ko,en,raw,r5,0.8671875,512
trillionlabs/Tri-0.5B-Base,19,0.7916666666666666,last_token,ko,en,raw,r10,0.896484375,512
trillionlabs/Tri-0.5B-Base,19,0.7916666666666666,last_token,ko,en,raw,mrr,0.7793652438960504,512
trillionlabs/Tri-0.5B-Base,19,0.7916666666666666,last_token,ko,ja,raw,r1,0.400390625,512
trillionlabs/Tri-0.5B-Base,19,0.7916666666666666,last_token,ko,ja,raw,r5,0.552734375,512
trillionlabs/Tri-0.5B-Base,19,0.7916666666666666,last_token,ko,ja,raw,r10,0.59765625,512
trillionlabs/Tri-0.5B-Base,19,0.7916666666666666,last_token,ko,ja,raw,mrr,0.4720775058523283,512
trillionlabs/Tri-0.5B-Base,19,0.7916666666666666,last_token,ko,zh,raw,r1,0.55078125,512
trillionlabs/Tri-0.5B-Base,19,0.7916666666666666,last_token,ko,zh,raw,r5,0.75390625,512
trillionlabs/Tri-0.5B-Base,19,0.7916666666666666,last_token,ko,zh,raw,r10,0.833984375,512
trillionlabs/Tri-0.5B-Base,19,0.7916666666666666,last_token,ko,zh,raw,mrr,0.6445676357249721,512
trillionlabs/Tri-0.5B-Base,19,0.7916666666666666,last_token,ja,en,raw,r1,0.595703125,512
trillionlabs/Tri-0.5B-Base,19,0.7916666666666666,last_token,ja,en,raw,r5,0.84765625,512
trillionlabs/Tri-0.5B-Base,19,0.7916666666666666,last_token,ja,en,raw,r10,0.890625,512
trillionlabs/Tri-0.5B-Base,19,0.7916666666666666,last_token,ja,en,raw,mrr,0.7071251415127234,512
trillionlabs/Tri-0.5B-Base,19,0.7916666666666666,last_token,ja,ko,raw,r1,0.625,512
trillionlabs/Tri-0.5B-Base,19,0.7916666666666666,last_token,ja,ko,raw,r5,0.814453125,512
trillionlabs/Tri-0.5B-Base,19,0.7916666666666666,last_token,ja,ko,raw,r10,0.876953125,512
trillionlabs/Tri-0.5B-Base,19,0.7916666666666666,last_token,ja,ko,raw,mrr,0.7130005791106893,512
trillionlabs/Tri-0.5B-Base,19,0.7916666666666666,last_token,ja,zh,raw,r1,0.666015625,512
trillionlabs/Tri-0.5B-Base,19,0.7916666666666666,last_token,ja,zh,raw,r5,0.859375,512
trillionlabs/Tri-0.5B-Base,19,0.7916666666666666,last_token,ja,zh,raw,r10,0.912109375,512
trillionlabs/Tri-0.5B-Base,19,0.7916666666666666,last_token,ja,zh,raw,mrr,0.7554974175997146,512
trillionlabs/Tri-0.5B-Base,19,0.7916666666666666,last_token,zh,en,raw,r1,0.626953125,512
trillionlabs/Tri-0.5B-Base,19,0.7916666666666666,last_token,zh,en,raw,r5,0.88671875,512
trillionlabs/Tri-0.5B-Base,19,0.7916666666666666,last_token,zh,en,raw,r10,0.921875,512
trillionlabs/Tri-0.5B-Base,19,0.7916666666666666,last_token,zh,en,raw,mrr,0.7424660155563163,512
trillionlabs/Tri-0.5B-Base,19,0.7916666666666666,last_token,zh,ko,raw,r1,0.55859375,512
trillionlabs/Tri-0.5B-Base,19,0.7916666666666666,last_token,zh,ko,raw,r5,0.7578125,512
trillionlabs/Tri-0.5B-Base,19,0.7916666666666666,last_token,zh,ko,raw,r10,0.8359375,512
trillionlabs/Tri-0.5B-Base,19,0.7916666666666666,last_token,zh,ko,raw,mrr,0.6541302491453138,512
trillionlabs/Tri-0.5B-Base,19,0.7916666666666666,last_token,zh,ja,raw,r1,0.427734375,512
trillionlabs/Tri-0.5B-Base,19,0.7916666666666666,last_token,zh,ja,raw,r5,0.587890625,512
trillionlabs/Tri-0.5B-Base,19,0.7916666666666666,last_token,zh,ja,raw,r10,0.6171875,512
trillionlabs/Tri-0.5B-Base,19,0.7916666666666666,last_token,zh,ja,raw,mrr,0.5009272826410476,512
trillionlabs/Tri-0.5B-Base,20,0.8333333333333334,last_token,en,ko,raw,r1,0.77734375,512
trillionlabs/Tri-0.5B-Base,20,0.8333333333333334,last_token,en,ko,raw,r5,0.908203125,512
trillionlabs/Tri-0.5B-Base,20,0.8333333333333334,last_token,en,ko,raw,r10,0.923828125,512
trillionlabs/Tri-0.5B-Base,20,0.8333333333333334,last_token,en,ko,raw,mrr,0.8384619127418536,512
trillionlabs/Tri-0.5B-Base,20,0.8333333333333334,last_token,en,ja,raw,r1,0.578125,512
trillionlabs/Tri-0.5B-Base,20,0.8333333333333334,last_token,en,ja,raw,r5,0.759765625,512
trillionlabs/Tri-0.5B-Base,20,0.8333333333333334,last_token,en,ja,raw,r10,0.810546875,512
trillionlabs/Tri-0.5B-Base,20,0.8333333333333334,last_token,en,ja,raw,mrr,0.6599953545561386,512
trillionlabs/Tri-0.5B-Base,20,0.8333333333333334,last_token,en,zh,raw,r1,0.806640625,512
trillionlabs/Tri-0.5B-Base,20,0.8333333333333334,last_token,en,zh,raw,r5,0.947265625,512
trillionlabs/Tri-0.5B-Base,20,0.8333333333333334,last_token,en,zh,raw,r10,0.966796875,512
trillionlabs/Tri-0.5B-Base,20,0.8333333333333334,last_token,en,zh,raw,mrr,0.8672382135778289,512
trillionlabs/Tri-0.5B-Base,20,0.8333333333333334,last_token,ko,en,raw,r1,0.783203125,512
trillionlabs/Tri-0.5B-Base,20,0.8333333333333334,last_token,ko,en,raw,r5,0.904296875,512
trillionlabs/Tri-0.5B-Base,20,0.8333333333333334,last_token,ko,en,raw,r10,0.921875,512
trillionlabs/Tri-0.5B-Base,20,0.8333333333333334,last_token,ko,en,raw,mrr,0.8376375527730091,512
trillionlabs/Tri-0.5B-Base,20,0.8333333333333334,last_token,ko,ja,raw,r1,0.525390625,512
trillionlabs/Tri-0.5B-Base,20,0.8333333333333334,last_token,ko,ja,raw,r5,0.65234375,512
trillionlabs/Tri-0.5B-Base,20,0.8333333333333334,last_token,ko,ja,raw,r10,0.685546875,512
trillionlabs/Tri-0.5B-Base,20,0.8333333333333334,last_token,ko,ja,raw,mrr,0.5862206874286742,512
trillionlabs/Tri-0.5B-Base,20,0.8333333333333334,last_token,ko,zh,raw,r1,0.67578125,512
trillionlabs/Tri-0.5B-Base,20,0.8333333333333334,last_token,ko,zh,raw,r5,0.85546875,512
trillionlabs/Tri-0.5B-Base,20,0.8333333333333334,last_token,ko,zh,raw,r10,0.87890625,512
trillionlabs/Tri-0.5B-Base,20,0.8333333333333334,last_token,ko,zh,raw,mrr,0.7546981914432964,512
trillionlabs/Tri-0.5B-Base,20,0.8333333333333334,last_token,ja,en,raw,r1,0.703125,512
trillionlabs/Tri-0.5B-Base,20,0.8333333333333334,last_token,ja,en,raw,r5,0.896484375,512
trillionlabs/Tri-0.5B-Base,20,0.8333333333333334,last_token,ja,en,raw,r10,0.9296875,512
trillionlabs/Tri-0.5B-Base,20,0.8333333333333334,last_token,ja,en,raw,mrr,0.789604373171228,512
trillionlabs/Tri-0.5B-Base,20,0.8333333333333334,last_token,ja,ko,raw,r1,0.70703125,512
trillionlabs/Tri-0.5B-Base,20,0.8333333333333334,last_token,ja,ko,raw,r5,0.85546875,512
trillionlabs/Tri-0.5B-Base,20,0.8333333333333334,last_token,ja,ko,raw,r10,0.90625,512
trillionlabs/Tri-0.5B-Base,20,0.8333333333333334,last_token,ja,ko,raw,mrr,0.7731674443303915,512
trillionlabs/Tri-0.5B-Base,20,0.8333333333333334,last_token,ja,zh,raw,r1,0.734375,512
trillionlabs/Tri-0.5B-Base,20,0.8333333333333334,last_token,ja,zh,raw,r5,0.90234375,512
trillionlabs/Tri-0.5B-Base,20,0.8333333333333334,last_token,ja,zh,raw,r10,0.9375,512
trillionlabs/Tri-0.5B-Base,20,0.8333333333333334,last_token,ja,zh,raw,mrr,0.810075953223589,512
trillionlabs/Tri-0.5B-Base,20,0.8333333333333334,last_token,zh,en,raw,r1,0.767578125,512
trillionlabs/Tri-0.5B-Base,20,0.8333333333333334,last_token,zh,en,raw,r5,0.921875,512
trillionlabs/Tri-0.5B-Base,20,0.8333333333333334,last_token,zh,en,raw,r10,0.955078125,512
trillionlabs/Tri-0.5B-Base,20,0.8333333333333334,last_token,zh,en,raw,mrr,0.839179021560798,512
trillionlabs/Tri-0.5B-Base,20,0.8333333333333334,last_token,zh,ko,raw,r1,0.6640625,512
trillionlabs/Tri-0.5B-Base,20,0.8333333333333334,last_token,zh,ko,raw,r5,0.861328125,512
trillionlabs/Tri-0.5B-Base,20,0.8333333333333334,last_token,zh,ko,raw,r10,0.892578125,512
trillionlabs/Tri-0.5B-Base,20,0.8333333333333334,last_token,zh,ko,raw,mrr,0.7474430595558303,512
trillionlabs/Tri-0.5B-Base,20,0.8333333333333334,last_token,zh,ja,raw,r1,0.513671875,512
trillionlabs/Tri-0.5B-Base,20,0.8333333333333334,last_token,zh,ja,raw,r5,0.654296875,512
trillionlabs/Tri-0.5B-Base,20,0.8333333333333334,last_token,zh,ja,raw,r10,0.693359375,512
trillionlabs/Tri-0.5B-Base,20,0.8333333333333334,last_token,zh,ja,raw,mrr,0.5807819089025823,512
trillionlabs/Tri-0.5B-Base,21,0.875,last_token,en,ko,raw,r1,0.7421875,512
trillionlabs/Tri-0.5B-Base,21,0.875,last_token,en,ko,raw,r5,0.8828125,512
trillionlabs/Tri-0.5B-Base,21,0.875,last_token,en,ko,raw,r10,0.91796875,512
trillionlabs/Tri-0.5B-Base,21,0.875,last_token,en,ko,raw,mrr,0.807528107481768,512
trillionlabs/Tri-0.5B-Base,21,0.875,last_token,en,ja,raw,r1,0.55078125,512
trillionlabs/Tri-0.5B-Base,21,0.875,last_token,en,ja,raw,r5,0.75,512
trillionlabs/Tri-0.5B-Base,21,0.875,last_token,en,ja,raw,r10,0.806640625,512
trillionlabs/Tri-0.5B-Base,21,0.875,last_token,en,ja,raw,mrr,0.6361802751734806,512
trillionlabs/Tri-0.5B-Base,21,0.875,last_token,en,zh,raw,r1,0.72265625,512
trillionlabs/Tri-0.5B-Base,21,0.875,last_token,en,zh,raw,r5,0.9140625,512
trillionlabs/Tri-0.5B-Base,21,0.875,last_token,en,zh,raw,r10,0.94140625,512
trillionlabs/Tri-0.5B-Base,21,0.875,last_token,en,zh,raw,mrr,0.8070286658040222,512
trillionlabs/Tri-0.5B-Base,21,0.875,last_token,ko,en,raw,r1,0.7578125,512
trillionlabs/Tri-0.5B-Base,21,0.875,last_token,ko,en,raw,r5,0.892578125,512
trillionlabs/Tri-0.5B-Base,21,0.875,last_token,ko,en,raw,r10,0.921875,512
trillionlabs/Tri-0.5B-Base,21,0.875,last_token,ko,en,raw,mrr,0.8192079946229763,512
trillionlabs/Tri-0.5B-Base,21,0.875,last_token,ko,ja,raw,r1,0.51171875,512
trillionlabs/Tri-0.5B-Base,21,0.875,last_token,ko,ja,raw,r5,0.671875,512
trillionlabs/Tri-0.5B-Base,21,0.875,last_token,ko,ja,raw,r10,0.71875,512
trillionlabs/Tri-0.5B-Base,21,0.875,last_token,ko,ja,raw,mrr,0.5848790359047369,512
trillionlabs/Tri-0.5B-Base,21,0.875,last_token,ko,zh,raw,r1,0.595703125,512
trillionlabs/Tri-0.5B-Base,21,0.875,last_token,ko,zh,raw,r5,0.810546875,512
trillionlabs/Tri-0.5B-Base,21,0.875,last_token,ko,zh,raw,r10,0.8671875,512
trillionlabs/Tri-0.5B-Base,21,0.875,last_token,ko,zh,raw,mrr,0.6932145256877872,512
trillionlabs/Tri-0.5B-Base,21,0.875,last_token,ja,en,raw,r1,0.658203125,512
trillionlabs/Tri-0.5B-Base,21,0.875,last_token,ja,en,raw,r5,0.892578125,512
trillionlabs/Tri-0.5B-Base,21,0.875,last_token,ja,en,raw,r10,0.927734375,512
trillionlabs/Tri-0.5B-Base,21,0.875,last_token,ja,en,raw,mrr,0.7629620529630817,512
trillionlabs/Tri-0.5B-Base,21,0.875,last_token,ja,ko,raw,r1,0.638671875,512
trillionlabs/Tri-0.5B-Base,21,0.875,last_token,ja,ko,raw,r5,0.83203125,512
trillionlabs/Tri-0.5B-Base,21,0.875,last_token,ja,ko,raw,r10,0.8828125,512
trillionlabs/Tri-0.5B-Base,21,0.875,last_token,ja,ko,raw,mrr,0.721963008250347,512
trillionlabs/Tri-0.5B-Base,21,0.875,last_token,ja,zh,raw,r1,0.7265625,512
trillionlabs/Tri-0.5B-Base,21,0.875,last_token,ja,zh,raw,r5,0.888671875,512
trillionlabs/Tri-0.5B-Base,21,0.875,last_token,ja,zh,raw,r10,0.927734375,512
trillionlabs/Tri-0.5B-Base,21,0.875,last_token,ja,zh,raw,mrr,0.7995345044880716,512
trillionlabs/Tri-0.5B-Base,21,0.875,last_token,zh,en,raw,r1,0.748046875,512
trillionlabs/Tri-0.5B-Base,21,0.875,last_token,zh,en,raw,r5,0.92578125,512
trillionlabs/Tri-0.5B-Base,21,0.875,last_token,zh,en,raw,r10,0.94921875,512
trillionlabs/Tri-0.5B-Base,21,0.875,last_token,zh,en,raw,mrr,0.8268310885492196,512
trillionlabs/Tri-0.5B-Base,21,0.875,last_token,zh,ko,raw,r1,0.59765625,512
trillionlabs/Tri-0.5B-Base,21,0.875,last_token,zh,ko,raw,r5,0.8125,512
trillionlabs/Tri-0.5B-Base,21,0.875,last_token,zh,ko,raw,r10,0.865234375,512
trillionlabs/Tri-0.5B-Base,21,0.875,last_token,zh,ko,raw,mrr,0.6903816766622741,512
trillionlabs/Tri-0.5B-Base,21,0.875,last_token,zh,ja,raw,r1,0.501953125,512
trillionlabs/Tri-0.5B-Base,21,0.875,last_token,zh,ja,raw,r5,0.65625,512
trillionlabs/Tri-0.5B-Base,21,0.875,last_token,zh,ja,raw,r10,0.71484375,512
trillionlabs/Tri-0.5B-Base,21,0.875,last_token,zh,ja,raw,mrr,0.5777316604800586,512
trillionlabs/Tri-0.5B-Base,22,0.9166666666666666,last_token,en,ko,raw,r1,0.671875,512
trillionlabs/Tri-0.5B-Base,22,0.9166666666666666,last_token,en,ko,raw,r5,0.86328125,512
trillionlabs/Tri-0.5B-Base,22,0.9166666666666666,last_token,en,ko,raw,r10,0.8984375,512
trillionlabs/Tri-0.5B-Base,22,0.9166666666666666,last_token,en,ko,raw,mrr,0.7582817177413232,512
trillionlabs/Tri-0.5B-Base,22,0.9166666666666666,last_token,en,ja,raw,r1,0.5703125,512
trillionlabs/Tri-0.5B-Base,22,0.9166666666666666,last_token,en,ja,raw,r5,0.775390625,512
trillionlabs/Tri-0.5B-Base,22,0.9166666666666666,last_token,en,ja,raw,r10,0.837890625,512
trillionlabs/Tri-0.5B-Base,22,0.9166666666666666,last_token,en,ja,raw,mrr,0.660161889721832,512
trillionlabs/Tri-0.5B-Base,22,0.9166666666666666,last_token,en,zh,raw,r1,0.626953125,512
trillionlabs/Tri-0.5B-Base,22,0.9166666666666666,last_token,en,zh,raw,r5,0.845703125,512
trillionlabs/Tri-0.5B-Base,22,0.9166666666666666,last_token,en,zh,raw,r10,0.8984375,512
trillionlabs/Tri-0.5B-Base,22,0.9166666666666666,last_token,en,zh,raw,mrr,0.7262567317702547,512
trillionlabs/Tri-0.5B-Base,22,0.9166666666666666,last_token,ko,en,raw,r1,0.779296875,512
trillionlabs/Tri-0.5B-Base,22,0.9166666666666666,last_token,ko,en,raw,r5,0.912109375,512
trillionlabs/Tri-0.5B-Base,22,0.9166666666666666,last_token,ko,en,raw,r10,0.9375,512
trillionlabs/Tri-0.5B-Base,22,0.9166666666666666,last_token,ko,en,raw,mrr,0.8379591859664571,512
trillionlabs/Tri-0.5B-Base,22,0.9166666666666666,last_token,ko,ja,raw,r1,0.580078125,512
trillionlabs/Tri-0.5B-Base,22,0.9166666666666666,last_token,ko,ja,raw,r5,0.740234375,512
trillionlabs/Tri-0.5B-Base,22,0.9166666666666666,last_token,ko,ja,raw,r10,0.78515625,512
trillionlabs/Tri-0.5B-Base,22,0.9166666666666666,last_token,ko,ja,raw,mrr,0.6527326078804638,512
trillionlabs/Tri-0.5B-Base,22,0.9166666666666666,last_token,ko,zh,raw,r1,0.583984375,512
trillionlabs/Tri-0.5B-Base,22,0.9166666666666666,last_token,ko,zh,raw,r5,0.810546875,512
trillionlabs/Tri-0.5B-Base,22,0.9166666666666666,last_token,ko,zh,raw,r10,0.876953125,512
trillionlabs/Tri-0.5B-Base,22,0.9166666666666666,last_token,ko,zh,raw,mrr,0.6902965178788129,512
trillionlabs/Tri-0.5B-Base,22,0.9166666666666666,last_token,ja,en,raw,r1,0.701171875,512
trillionlabs/Tri-0.5B-Base,22,0.9166666666666666,last_token,ja,en,raw,r5,0.90234375,512
trillionlabs/Tri-0.5B-Base,22,0.9166666666666666,last_token,ja,en,raw,r10,0.9296875,512
trillionlabs/Tri-0.5B-Base,22,0.9166666666666666,last_token,ja,en,raw,mrr,0.7907188603990298,512
trillionlabs/Tri-0.5B-Base,22,0.9166666666666666,last_token,ja,ko,raw,r1,0.650390625,512
trillionlabs/Tri-0.5B-Base,22,0.9166666666666666,last_token,ja,ko,raw,r5,0.833984375,512
trillionlabs/Tri-0.5B-Base,22,0.9166666666666666,last_token,ja,ko,raw,r10,0.88671875,512
trillionlabs/Tri-0.5B-Base,22,0.9166666666666666,last_token,ja,ko,raw,mrr,0.7311592548217352,512
trillionlabs/Tri-0.5B-Base,22,0.9166666666666666,last_token,ja,zh,raw,r1,0.7265625,512
trillionlabs/Tri-0.5B-Base,22,0.9166666666666666,last_token,ja,zh,raw,r5,0.904296875,512
trillionlabs/Tri-0.5B-Base,22,0.9166666666666666,last_token,ja,zh,raw,r10,0.93359375,512
trillionlabs/Tri-0.5B-Base,22,0.9166666666666666,last_token,ja,zh,raw,mrr,0.8061109041805719,512
trillionlabs/Tri-0.5B-Base,22,0.9166666666666666,last_token,zh,en,raw,r1,0.76171875,512
trillionlabs/Tri-0.5B-Base,22,0.9166666666666666,last_token,zh,en,raw,r5,0.91796875,512
trillionlabs/Tri-0.5B-Base,22,0.9166666666666666,last_token,zh,en,raw,r10,0.955078125,512
trillionlabs/Tri-0.5B-Base,22,0.9166666666666666,last_token,zh,en,raw,mrr,0.8362554715141767,512
trillionlabs/Tri-0.5B-Base,22,0.9166666666666666,last_token,zh,ko,raw,r1,0.576171875,512
trillionlabs/Tri-0.5B-Base,22,0.9166666666666666,last_token,zh,ko,raw,r5,0.806640625,512
trillionlabs/Tri-0.5B-Base,22,0.9166666666666666,last_token,zh,ko,raw,r10,0.875,512
trillionlabs/Tri-0.5B-Base,22,0.9166666666666666,last_token,zh,ko,raw,mrr,0.6802076154327419,512
trillionlabs/Tri-0.5B-Base,22,0.9166666666666666,last_token,zh,ja,raw,r1,0.521484375,512
trillionlabs/Tri-0.5B-Base,22,0.9166666666666666,last_token,zh,ja,raw,r5,0.693359375,512
trillionlabs/Tri-0.5B-Base,22,0.9166666666666666,last_token,zh,ja,raw,r10,0.751953125,512
trillionlabs/Tri-0.5B-Base,22,0.9166666666666666,last_token,zh,ja,raw,mrr,0.6027164239281108,512
trillionlabs/Tri-0.5B-Base,23,0.9583333333333334,last_token,en,ko,raw,r1,0.376953125,512
trillionlabs/Tri-0.5B-Base,23,0.9583333333333334,last_token,en,ko,raw,r5,0.583984375,512
trillionlabs/Tri-0.5B-Base,23,0.9583333333333334,last_token,en,ko,raw,r10,0.69140625,512
trillionlabs/Tri-0.5B-Base,23,0.9583333333333334,last_token,en,ko,raw,mrr,0.47947264541890866,512
trillionlabs/Tri-0.5B-Base,23,0.9583333333333334,last_token,en,ja,raw,r1,0.21875,512
trillionlabs/Tri-0.5B-Base,23,0.9583333333333334,last_token,en,ja,raw,r5,0.484375,512
trillionlabs/Tri-0.5B-Base,23,0.9583333333333334,last_token,en,ja,raw,r10,0.599609375,512
trillionlabs/Tri-0.5B-Base,23,0.9583333333333334,last_token,en,ja,raw,mrr,0.3460980837281351,512
trillionlabs/Tri-0.5B-Base,23,0.9583333333333334,last_token,en,zh,raw,r1,0.154296875,512
trillionlabs/Tri-0.5B-Base,23,0.9583333333333334,last_token,en,zh,raw,r5,0.404296875,512
trillionlabs/Tri-0.5B-Base,23,0.9583333333333334,last_token,en,zh,raw,r10,0.587890625,512
trillionlabs/Tri-0.5B-Base,23,0.9583333333333334,last_token,en,zh,raw,mrr,0.2808612685223699,512
trillionlabs/Tri-0.5B-Base,23,0.9583333333333334,last_token,ko,en,raw,r1,0.806640625,512
trillionlabs/Tri-0.5B-Base,23,0.9583333333333334,last_token,ko,en,raw,r5,0.927734375,512
trillionlabs/Tri-0.5B-Base,23,0.9583333333333334,last_token,ko,en,raw,r10,0.94140625,512
trillionlabs/Tri-0.5B-Base,23,0.9583333333333334,last_token,ko,en,raw,mrr,0.8575640304128536,512
trillionlabs/Tri-0.5B-Base,23,0.9583333333333334,last_token,ko,ja,raw,r1,0.490234375,512
trillionlabs/Tri-0.5B-Base,23,0.9583333333333334,last_token,ko,ja,raw,r5,0.68359375,512
trillionlabs/Tri-0.5B-Base,23,0.9583333333333334,last_token,ko,ja,raw,r10,0.748046875,512
trillionlabs/Tri-0.5B-Base,23,0.9583333333333334,last_token,ko,ja,raw,mrr,0.5815775706922863,512
trillionlabs/Tri-0.5B-Base,23,0.9583333333333334,last_token,ko,zh,raw,r1,0.197265625,512
trillionlabs/Tri-0.5B-Base,23,0.9583333333333334,last_token,ko,zh,raw,r5,0.43359375,512
trillionlabs/Tri-0.5B-Base,23,0.9583333333333334,last_token,ko,zh,raw,r10,0.58203125,512
trillionlabs/Tri-0.5B-Base,23,0.9583333333333334,last_token,ko,zh,raw,mrr,0.3197247783062014,512
trillionlabs/Tri-0.5B-Base,23,0.9583333333333334,last_token,ja,en,raw,r1,0.615234375,512
trillionlabs/Tri-0.5B-Base,23,0.9583333333333334,last_token,ja,en,raw,r5,0.908203125,512
trillionlabs/Tri-0.5B-Base,23,0.9583333333333334,last_token,ja,en,raw,r10,0.93359375,512
trillionlabs/Tri-0.5B-Base,23,0.9583333333333334,last_token,ja,en,raw,mrr,0.7423537503011033,512
trillionlabs/Tri-0.5B-Base,23,0.9583333333333334,last_token,ja,ko,raw,r1,0.486328125,512
trillionlabs/Tri-0.5B-Base,23,0.9583333333333334,last_token,ja,ko,raw,r5,0.728515625,512
trillionlabs/Tri-0.5B-Base,23,0.9583333333333334,last_token,ja,ko,raw,r10,0.802734375,512
trillionlabs/Tri-0.5B-Base,23,0.9583333333333334,last_token,ja,ko,raw,mrr,0.5981657812982625,512
trillionlabs/Tri-0.5B-Base,23,0.9583333333333334,last_token,ja,zh,raw,r1,0.71484375,512
trillionlabs/Tri-0.5B-Base,23,0.9583333333333334,last_token,ja,zh,raw,r5,0.884765625,512
trillionlabs/Tri-0.5B-Base,23,0.9583333333333334,last_token,ja,zh,raw,r10,0.91796875,512
trillionlabs/Tri-0.5B-Base,23,0.9583333333333334,last_token,ja,zh,raw,mrr,0.7883125902038431,512
trillionlabs/Tri-0.5B-Base,23,0.9583333333333334,last_token,zh,en,raw,r1,0.630859375,512
trillionlabs/Tri-0.5B-Base,23,0.9583333333333334,last_token,zh,en,raw,r5,0.9375,512
trillionlabs/Tri-0.5B-Base,23,0.9583333333333334,last_token,zh,en,raw,r10,0.962890625,512
trillionlabs/Tri-0.5B-Base,23,0.9583333333333334,last_token,zh,en,raw,mrr,0.7739671573708147,512
trillionlabs/Tri-0.5B-Base,23,0.9583333333333334,last_token,zh,ko,raw,r1,0.361328125,512
trillionlabs/Tri-0.5B-Base,23,0.9583333333333334,last_token,zh,ko,raw,r5,0.658203125,512
trillionlabs/Tri-0.5B-Base,23,0.9583333333333334,last_token,zh,ko,raw,r10,0.759765625,512
trillionlabs/Tri-0.5B-Base,23,0.9583333333333334,last_token,zh,ko,raw,mrr,0.49881795535305956,512
trillionlabs/Tri-0.5B-Base,23,0.9583333333333334,last_token,zh,ja,raw,r1,0.5390625,512
trillionlabs/Tri-0.5B-Base,23,0.9583333333333334,last_token,zh,ja,raw,r5,0.71875,512
trillionlabs/Tri-0.5B-Base,23,0.9583333333333334,last_token,zh,ja,raw,r10,0.759765625,512
trillionlabs/Tri-0.5B-Base,23,0.9583333333333334,last_token,zh,ja,raw,mrr,0.6254651063063184,512
trillionlabs/Tri-0.5B-Base,24,1.0,last_token,en,ko,raw,r1,0.037109375,512
trillionlabs/Tri-0.5B-Base,24,1.0,last_token,en,ko,raw,r5,0.095703125,512
trillionlabs/Tri-0.5B-Base,24,1.0,last_token,en,ko,raw,r10,0.15625,512
trillionlabs/Tri-0.5B-Base,24,1.0,last_token,en,ko,raw,mrr,0.08092799574583848,512
trillionlabs/Tri-0.5B-Base,24,1.0,last_token,en,ja,raw,r1,0.064453125,512
trillionlabs/Tri-0.5B-Base,24,1.0,last_token,en,ja,raw,r5,0.173828125,512
trillionlabs/Tri-0.5B-Base,24,1.0,last_token,en,ja,raw,r10,0.29296875,512
trillionlabs/Tri-0.5B-Base,24,1.0,last_token,en,ja,raw,mrr,0.13551429998513886,512
trillionlabs/Tri-0.5B-Base,24,1.0,last_token,en,zh,raw,r1,0.01171875,512
trillionlabs/Tri-0.5B-Base,24,1.0,last_token,en,zh,raw,r5,0.107421875,512
trillionlabs/Tri-0.5B-Base,24,1.0,last_token,en,zh,raw,r10,0.173828125,512
trillionlabs/Tri-0.5B-Base,24,1.0,last_token,en,zh,raw,mrr,0.06766429280511563,512
trillionlabs/Tri-0.5B-Base,24,1.0,last_token,ko,en,raw,r1,0.619140625,512
trillionlabs/Tri-0.5B-Base,24,1.0,last_token,ko,en,raw,r5,0.865234375,512
trillionlabs/Tri-0.5B-Base,24,1.0,last_token,ko,en,raw,r10,0.912109375,512
trillionlabs/Tri-0.5B-Base,24,1.0,last_token,ko,en,raw,mrr,0.7262222713319382,512
trillionlabs/Tri-0.5B-Base,24,1.0,last_token,ko,ja,raw,r1,0.34375,512
trillionlabs/Tri-0.5B-Base,24,1.0,last_token,ko,ja,raw,r5,0.595703125,512
trillionlabs/Tri-0.5B-Base,24,1.0,last_token,ko,ja,raw,r10,0.677734375,512
trillionlabs/Tri-0.5B-Base,24,1.0,last_token,ko,ja,raw,mrr,0.4593835656177462,512
trillionlabs/Tri-0.5B-Base,24,1.0,last_token,ko,zh,raw,r1,0.2421875,512
trillionlabs/Tri-0.5B-Base,24,1.0,last_token,ko,zh,raw,r5,0.44921875,512
trillionlabs/Tri-0.5B-Base,24,1.0,last_token,ko,zh,raw,r10,0.5625,512
trillionlabs/Tri-0.5B-Base,24,1.0,last_token,ko,zh,raw,mrr,0.34908543308546613,512
trillionlabs/Tri-0.5B-Base,24,1.0,last_token,ja,en,raw,r1,0.330078125,512
trillionlabs/Tri-0.5B-Base,24,1.0,last_token,ja,en,raw,r5,0.6640625,512
trillionlabs/Tri-0.5B-Base,24,1.0,last_token,ja,en,raw,r10,0.7578125,512
trillionlabs/Tri-0.5B-Base,24,1.0,last_token,ja,en,raw,mrr,0.4792903341763929,512
trillionlabs/Tri-0.5B-Base,24,1.0,last_token,ja,ko,raw,r1,0.09375,512
trillionlabs/Tri-0.5B-Base,24,1.0,last_token,ja,ko,raw,r5,0.216796875,512
trillionlabs/Tri-0.5B-Base,24,1.0,last_token,ja,ko,raw,r10,0.30078125,512
trillionlabs/Tri-0.5B-Base,24,1.0,last_token,ja,ko,raw,mrr,0.1654699569289844,512
trillionlabs/Tri-0.5B-Base,24,1.0,last_token,ja,zh,raw,r1,0.525390625,512
trillionlabs/Tri-0.5B-Base,24,1.0,last_token,ja,zh,raw,r5,0.8046875,512
trillionlabs/Tri-0.5B-Base,24,1.0,last_token,ja,zh,raw,r10,0.87109375,512
trillionlabs/Tri-0.5B-Base,24,1.0,last_token,ja,zh,raw,mrr,0.6476299773547115,512
trillionlabs/Tri-0.5B-Base,24,1.0,last_token,zh,en,raw,r1,0.291015625,512
trillionlabs/Tri-0.5B-Base,24,1.0,last_token,zh,en,raw,r5,0.744140625,512
trillionlabs/Tri-0.5B-Base,24,1.0,last_token,zh,en,raw,r10,0.849609375,512
trillionlabs/Tri-0.5B-Base,24,1.0,last_token,zh,en,raw,mrr,0.49271704422929075,512
trillionlabs/Tri-0.5B-Base,24,1.0,last_token,zh,ko,raw,r1,0.216796875,512
trillionlabs/Tri-0.5B-Base,24,1.0,last_token,zh,ko,raw,r5,0.4609375,512
trillionlabs/Tri-0.5B-Base,24,1.0,last_token,zh,ko,raw,r10,0.552734375,512
trillionlabs/Tri-0.5B-Base,24,1.0,last_token,zh,ko,raw,mrr,0.3346618433277679,512
trillionlabs/Tri-0.5B-Base,24,1.0,last_token,zh,ja,raw,r1,0.013671875,512
trillionlabs/Tri-0.5B-Base,24,1.0,last_token,zh,ja,raw,r5,0.25390625,512
trillionlabs/Tri-0.5B-Base,24,1.0,last_token,zh,ja,raw,r10,0.400390625,512
trillionlabs/Tri-0.5B-Base,24,1.0,last_token,zh,ja,raw,mrr,0.13058264614029036,512
trillionlabs/Tri-0.5B-Base,0,0.0,mean,en,ko,raw,r1,0.740234375,512
trillionlabs/Tri-0.5B-Base,0,0.0,mean,en,ko,raw,r5,0.892578125,512
trillionlabs/Tri-0.5B-Base,0,0.0,mean,en,ko,raw,r10,0.943359375,512
trillionlabs/Tri-0.5B-Base,0,0.0,mean,en,ko,raw,mrr,0.8098210410829441,512
trillionlabs/Tri-0.5B-Base,0,0.0,mean,en,ja,raw,r1,0.623046875,512
trillionlabs/Tri-0.5B-Base,0,0.0,mean,en,ja,raw,r5,0.84765625,512
trillionlabs/Tri-0.5B-Base,0,0.0,mean,en,ja,raw,r10,0.904296875,512
trillionlabs/Tri-0.5B-Base,0,0.0,mean,en,ja,raw,mrr,0.7192451417167276,512
trillionlabs/Tri-0.5B-Base,0,0.0,mean,en,zh,raw,r1,0.720703125,512
trillionlabs/Tri-0.5B-Base,0,0.0,mean,en,zh,raw,r5,0.89453125,512
trillionlabs/Tri-0.5B-Base,0,0.0,mean,en,zh,raw,r10,0.93359375,512
trillionlabs/Tri-0.5B-Base,0,0.0,mean,en,zh,raw,mrr,0.7993470317372953,512
trillionlabs/Tri-0.5B-Base,0,0.0,mean,ko,en,raw,r1,0.71875,512
trillionlabs/Tri-0.5B-Base,0,0.0,mean,ko,en,raw,r5,0.892578125,512
trillionlabs/Tri-0.5B-Base,0,0.0,mean,ko,en,raw,r10,0.9296875,512
trillionlabs/Tri-0.5B-Base,0,0.0,mean,ko,en,raw,mrr,0.7912914018375772,512
trillionlabs/Tri-0.5B-Base,0,0.0,mean,ko,ja,raw,r1,0.712890625,512
trillionlabs/Tri-0.5B-Base,0,0.0,mean,ko,ja,raw,r5,0.859375,512
trillionlabs/Tri-0.5B-Base,0,0.0,mean,ko,ja,raw,r10,0.896484375,512
trillionlabs/Tri-0.5B-Base,0,0.0,mean,ko,ja,raw,mrr,0.7786907192186565,512
trillionlabs/Tri-0.5B-Base,0,0.0,mean,ko,zh,raw,r1,0.568359375,512
trillionlabs/Tri-0.5B-Base,0,0.0,mean,ko,zh,raw,r5,0.76171875,512
trillionlabs/Tri-0.5B-Base,0,0.0,mean,ko,zh,raw,r10,0.849609375,512
trillionlabs/Tri-0.5B-Base,0,0.0,mean,ko,zh,raw,mrr,0.6595557903678378,512
trillionlabs/Tri-0.5B-Base,0,0.0,mean,ja,en,raw,r1,0.46875,512
trillionlabs/Tri-0.5B-Base,0,0.0,mean,ja,en,raw,r5,0.6796875,512
trillionlabs/Tri-0.5B-Base,0,0.0,mean,ja,en,raw,r10,0.783203125,512
trillionlabs/Tri-0.5B-Base,0,0.0,mean,ja,en,raw,mrr,0.570679682635161,512
trillionlabs/Tri-0.5B-Base,0,0.0,mean,ja,ko,raw,r1,0.607421875,512
trillionlabs/Tri-0.5B-Base,0,0.0,mean,ja,ko,raw,r5,0.79296875,512
trillionlabs/Tri-0.5B-Base,0,0.0,mean,ja,ko,raw,r10,0.873046875,512
trillionlabs/Tri-0.5B-Base,0,0.0,mean,ja,ko,raw,mrr,0.694336725716187,512
trillionlabs/Tri-0.5B-Base,0,0.0,mean,ja,zh,raw,r1,0.546875,512
trillionlabs/Tri-0.5B-Base,0,0.0,mean,ja,zh,raw,r5,0.76171875,512
trillionlabs/Tri-0.5B-Base,0,0.0,mean,ja,zh,raw,r10,0.837890625,512
trillionlabs/Tri-0.5B-Base,0,0.0,mean,ja,zh,raw,mrr,0.6486067187210475,512
trillionlabs/Tri-0.5B-Base,0,0.0,mean,zh,en,raw,r1,0.685546875,512
trillionlabs/Tri-0.5B-Base,0,0.0,mean,zh,en,raw,r5,0.84765625,512
trillionlabs/Tri-0.5B-Base,0,0.0,mean,zh,en,raw,r10,0.8984375,512
trillionlabs/Tri-0.5B-Base,0,0.0,mean,zh,en,raw,mrr,0.7586842699010392,512
trillionlabs/Tri-0.5B-Base,0,0.0,mean,zh,ko,raw,r1,0.537109375,512
trillionlabs/Tri-0.5B-Base,0,0.0,mean,zh,ko,raw,r5,0.755859375,512
trillionlabs/Tri-0.5B-Base,0,0.0,mean,zh,ko,raw,r10,0.837890625,512
trillionlabs/Tri-0.5B-Base,0,0.0,mean,zh,ko,raw,mrr,0.6383352735450925,512
trillionlabs/Tri-0.5B-Base,0,0.0,mean,zh,ja,raw,r1,0.625,512
trillionlabs/Tri-0.5B-Base,0,0.0,mean,zh,ja,raw,r5,0.8125,512
trillionlabs/Tri-0.5B-Base,0,0.0,mean,zh,ja,raw,r10,0.8515625,512
trillionlabs/Tri-0.5B-Base,0,0.0,mean,zh,ja,raw,mrr,0.7071902983653852,512
trillionlabs/Tri-0.5B-Base,1,0.041666666666666664,mean,en,ko,raw,r1,0.27734375,512
trillionlabs/Tri-0.5B-Base,1,0.041666666666666664,mean,en,ko,raw,r5,0.400390625,512
trillionlabs/Tri-0.5B-Base,1,0.041666666666666664,mean,en,ko,raw,r10,0.462890625,512
trillionlabs/Tri-0.5B-Base,1,0.041666666666666664,mean,en,ko,raw,mrr,0.33942821403087603,512
trillionlabs/Tri-0.5B-Base,1,0.041666666666666664,mean,en,ja,raw,r1,0.21875,512
trillionlabs/Tri-0.5B-Base,1,0.041666666666666664,mean,en,ja,raw,r5,0.35546875,512
trillionlabs/Tri-0.5B-Base,1,0.041666666666666664,mean,en,ja,raw,r10,0.41796875,512
trillionlabs/Tri-0.5B-Base,1,0.041666666666666664,mean,en,ja,raw,mrr,0.29041125815414726,512
trillionlabs/Tri-0.5B-Base,1,0.041666666666666664,mean,en,zh,raw,r1,0.234375,512
trillionlabs/Tri-0.5B-Base,1,0.041666666666666664,mean,en,zh,raw,r5,0.36328125,512
trillionlabs/Tri-0.5B-Base,1,0.041666666666666664,mean,en,zh,raw,r10,0.423828125,512
trillionlabs/Tri-0.5B-Base,1,0.041666666666666664,mean,en,zh,raw,mrr,0.3040920203529299,512
trillionlabs/Tri-0.5B-Base,1,0.041666666666666664,mean,ko,en,raw,r1,0.669921875,512
trillionlabs/Tri-0.5B-Base,1,0.041666666666666664,mean,ko,en,raw,r5,0.87109375,512
trillionlabs/Tri-0.5B-Base,1,0.041666666666666664,mean,ko,en,raw,r10,0.908203125,512
trillionlabs/Tri-0.5B-Base,1,0.041666666666666664,mean,ko,en,raw,mrr,0.7592517181395806,512
trillionlabs/Tri-0.5B-Base,1,0.041666666666666664,mean,ko,ja,raw,r1,0.58203125,512
trillionlabs/Tri-0.5B-Base,1,0.041666666666666664,mean,ko,ja,raw,r5,0.732421875,512
trillionlabs/Tri-0.5B-Base,1,0.041666666666666664,mean,ko,ja,raw,r10,0.783203125,512
trillionlabs/Tri-0.5B-Base,1,0.041666666666666664,mean,ko,ja,raw,mrr,0.651226978728752,512
trillionlabs/Tri-0.5B-Base,1,0.041666666666666664,mean,ko,zh,raw,r1,0.36328125,512
trillionlabs/Tri-0.5B-Base,1,0.041666666666666664,mean,ko,zh,raw,r5,0.53125,512
trillionlabs/Tri-0.5B-Base,1,0.041666666666666664,mean,ko,zh,raw,r10,0.59375,512
trillionlabs/Tri-0.5B-Base,1,0.041666666666666664,mean,ko,zh,raw,mrr,0.4459853556771011,512
trillionlabs/Tri-0.5B-Base,1,0.041666666666666664,mean,ja,en,raw,r1,0.490234375,512
trillionlabs/Tri-0.5B-Base,1,0.041666666666666664,mean,ja,en,raw,r5,0.732421875,512
trillionlabs/Tri-0.5B-Base,1,0.041666666666666664,mean,ja,en,raw,r10,0.794921875,512
trillionlabs/Tri-0.5B-Base,1,0.041666666666666664,mean,ja,en,raw,mrr,0.600407792092374,512
trillionlabs/Tri-0.5B-Base,1,0.041666666666666664,mean,ja,ko,raw,r1,0.466796875,512
trillionlabs/Tri-0.5B-Base,1,0.041666666666666664,mean,ja,ko,raw,r5,0.62109375,512
trillionlabs/Tri-0.5B-Base,1,0.041666666666666664,mean,ja,ko,raw,r10,0.67578125,512
trillionlabs/Tri-0.5B-Base,1,0.041666666666666664,mean,ja,ko,raw,mrr,0.5449142096229211,512
trillionlabs/Tri-0.5B-Base,1,0.041666666666666664,mean,ja,zh,raw,r1,0.345703125,512
trillionlabs/Tri-0.5B-Base,1,0.041666666666666664,mean,ja,zh,raw,r5,0.55078125,512
trillionlabs/Tri-0.5B-Base,1,0.041666666666666664,mean,ja,zh,raw,r10,0.630859375,512
trillionlabs/Tri-0.5B-Base,1,0.041666666666666664,mean,ja,zh,raw,mrr,0.44356482585617923,512
trillionlabs/Tri-0.5B-Base,1,0.041666666666666664,mean,zh,en,raw,r1,0.681640625,512
trillionlabs/Tri-0.5B-Base,1,0.041666666666666664,mean,zh,en,raw,r5,0.83984375,512
trillionlabs/Tri-0.5B-Base,1,0.041666666666666664,mean,zh,en,raw,r10,0.880859375,512
trillionlabs/Tri-0.5B-Base,1,0.041666666666666664,mean,zh,en,raw,mrr,0.754700328736917,512
trillionlabs/Tri-0.5B-Base,1,0.041666666666666664,mean,zh,ko,raw,r1,0.38671875,512
trillionlabs/Tri-0.5B-Base,1,0.041666666666666664,mean,zh,ko,raw,r5,0.560546875,512
trillionlabs/Tri-0.5B-Base,1,0.041666666666666664,mean,zh,ko,raw,r10,0.625,512
trillionlabs/Tri-0.5B-Base,1,0.041666666666666664,mean,zh,ko,raw,mrr,0.4695538223162141,512
trillionlabs/Tri-0.5B-Base,1,0.041666666666666664,mean,zh,ja,raw,r1,0.53125,512
trillionlabs/Tri-0.5B-Base,1,0.041666666666666664,mean,zh,ja,raw,r5,0.6875,512
trillionlabs/Tri-0.5B-Base,1,0.041666666666666664,mean,zh,ja,raw,r10,0.75,512
trillionlabs/Tri-0.5B-Base,1,0.041666666666666664,mean,zh,ja,raw,mrr,0.605361422990035,512
trillionlabs/Tri-0.5B-Base,2,0.08333333333333333,mean,en,ko,raw,r1,0.310546875,512
trillionlabs/Tri-0.5B-Base,2,0.08333333333333333,mean,en,ko,raw,r5,0.4609375,512
trillionlabs/Tri-0.5B-Base,2,0.08333333333333333,mean,en,ko,raw,r10,0.546875,512
trillionlabs/Tri-0.5B-Base,2,0.08333333333333333,mean,en,ko,raw,mrr,0.3859946092576687,512
trillionlabs/Tri-0.5B-Base,2,0.08333333333333333,mean,en,ja,raw,r1,0.162109375,512
trillionlabs/Tri-0.5B-Base,2,0.08333333333333333,mean,en,ja,raw,r5,0.359375,512
trillionlabs/Tri-0.5B-Base,2,0.08333333333333333,mean,en,ja,raw,r10,0.451171875,512
trillionlabs/Tri-0.5B-Base,2,0.08333333333333333,mean,en,ja,raw,mrr,0.26387910375075585,512
trillionlabs/Tri-0.5B-Base,2,0.08333333333333333,mean,en,zh,raw,r1,0.17578125,512
trillionlabs/Tri-0.5B-Base,2,0.08333333333333333,mean,en,zh,raw,r5,0.40234375,512
trillionlabs/Tri-0.5B-Base,2,0.08333333333333333,mean,en,zh,raw,r10,0.49609375,512
trillionlabs/Tri-0.5B-Base,2,0.08333333333333333,mean,en,zh,raw,mrr,0.28395984382862327,512
trillionlabs/Tri-0.5B-Base,2,0.08333333333333333,mean,ko,en,raw,r1,0.748046875,512
trillionlabs/Tri-0.5B-Base,2,0.08333333333333333,mean,ko,en,raw,r5,0.8984375,512
trillionlabs/Tri-0.5B-Base,2,0.08333333333333333,mean,ko,en,raw,r10,0.921875,512
trillionlabs/Tri-0.5B-Base,2,0.08333333333333333,mean,ko,en,raw,mrr,0.8143250544004408,512
trillionlabs/Tri-0.5B-Base,2,0.08333333333333333,mean,ko,ja,raw,r1,0.611328125,512
trillionlabs/Tri-0.5B-Base,2,0.08333333333333333,mean,ko,ja,raw,r5,0.744140625,512
trillionlabs/Tri-0.5B-Base,2,0.08333333333333333,mean,ko,ja,raw,r10,0.81640625,512
trillionlabs/Tri-0.5B-Base,2,0.08333333333333333,mean,ko,ja,raw,mrr,0.6797673432532467,512
trillionlabs/Tri-0.5B-Base,2,0.08333333333333333,mean,ko,zh,raw,r1,0.42578125,512
trillionlabs/Tri-0.5B-Base,2,0.08333333333333333,mean,ko,zh,raw,r5,0.5859375,512
trillionlabs/Tri-0.5B-Base,2,0.08333333333333333,mean,ko,zh,raw,r10,0.64453125,512
trillionlabs/Tri-0.5B-Base,2,0.08333333333333333,mean,ko,zh,raw,mrr,0.501501258682073,512
trillionlabs/Tri-0.5B-Base,2,0.08333333333333333,mean,ja,en,raw,r1,0.56640625,512
trillionlabs/Tri-0.5B-Base,2,0.08333333333333333,mean,ja,en,raw,r5,0.775390625,512
trillionlabs/Tri-0.5B-Base,2,0.08333333333333333,mean,ja,en,raw,r10,0.822265625,512
trillionlabs/Tri-0.5B-Base,2,0.08333333333333333,mean,ja,en,raw,mrr,0.6593140447031429,512
trillionlabs/Tri-0.5B-Base,2,0.08333333333333333,mean,ja,ko,raw,r1,0.564453125,512
trillionlabs/Tri-0.5B-Base,2,0.08333333333333333,mean,ja,ko,raw,r5,0.734375,512
trillionlabs/Tri-0.5B-Base,2,0.08333333333333333,mean,ja,ko,raw,r10,0.794921875,512
trillionlabs/Tri-0.5B-Base,2,0.08333333333333333,mean,ja,ko,raw,mrr,0.644034440843023,512
trillionlabs/Tri-0.5B-Base,2,0.08333333333333333,mean,ja,zh,raw,r1,0.466796875,512
trillionlabs/Tri-0.5B-Base,2,0.08333333333333333,mean,ja,zh,raw,r5,0.65625,512
trillionlabs/Tri-0.5B-Base,2,0.08333333333333333,mean,ja,zh,raw,r10,0.7265625,512
trillionlabs/Tri-0.5B-Base,2,0.08333333333333333,mean,ja,zh,raw,mrr,0.5615442039126837,512
trillionlabs/Tri-0.5B-Base,2,0.08333333333333333,mean,zh,en,raw,r1,0.72265625,512
trillionlabs/Tri-0.5B-Base,2,0.08333333333333333,mean,zh,en,raw,r5,0.861328125,512
trillionlabs/Tri-0.5B-Base,2,0.08333333333333333,mean,zh,en,raw,r10,0.8984375,512
trillionlabs/Tri-0.5B-Base,2,0.08333333333333333,mean,zh,en,raw,mrr,0.7880676388873639,512
trillionlabs/Tri-0.5B-Base,2,0.08333333333333333,mean,zh,ko,raw,r1,0.40234375,512
trillionlabs/Tri-0.5B-Base,2,0.08333333333333333,mean,zh,ko,raw,r5,0.58203125,512
trillionlabs/Tri-0.5B-Base,2,0.08333333333333333,mean,zh,ko,raw,r10,0.673828125,512
trillionlabs/Tri-0.5B-Base,2,0.08333333333333333,mean,zh,ko,raw,mrr,0.4942878990453451,512
trillionlabs/Tri-0.5B-Base,2,0.08333333333333333,mean,zh,ja,raw,r1,0.50390625,512
trillionlabs/Tri-0.5B-Base,2,0.08333333333333333,mean,zh,ja,raw,r5,0.669921875,512
trillionlabs/Tri-0.5B-Base,2,0.08333333333333333,mean,zh,ja,raw,r10,0.732421875,512
trillionlabs/Tri-0.5B-Base,2,0.08333333333333333,mean,zh,ja,raw,mrr,0.5821414063670011,512
trillionlabs/Tri-0.5B-Base,3,0.125,mean,en,ko,raw,r1,0.404296875,512
trillionlabs/Tri-0.5B-Base,3,0.125,mean,en,ko,raw,r5,0.5859375,512
trillionlabs/Tri-0.5B-Base,3,0.125,mean,en,ko,raw,r10,0.65234375,512
trillionlabs/Tri-0.5B-Base,3,0.125,mean,en,ko,raw,mrr,0.4866243308992926,512
trillionlabs/Tri-0.5B-Base,3,0.125,mean,en,ja,raw,r1,0.234375,512
trillionlabs/Tri-0.5B-Base,3,0.125,mean,en,ja,raw,r5,0.408203125,512
trillionlabs/Tri-0.5B-Base,3,0.125,mean,en,ja,raw,r10,0.494140625,512
trillionlabs/Tri-0.5B-Base,3,0.125,mean,en,ja,raw,mrr,0.32373099255471616,512
trillionlabs/Tri-0.5B-Base,3,0.125,mean,en,zh,raw,r1,0.216796875,512
trillionlabs/Tri-0.5B-Base,3,0.125,mean,en,zh,raw,r5,0.447265625,512
trillionlabs/Tri-0.5B-Base,3,0.125,mean,en,zh,raw,r10,0.533203125,512
trillionlabs/Tri-0.5B-Base,3,0.125,mean,en,zh,raw,mrr,0.3269243808568034,512
trillionlabs/Tri-0.5B-Base,3,0.125,mean,ko,en,raw,r1,0.779296875,512
trillionlabs/Tri-0.5B-Base,3,0.125,mean,ko,en,raw,r5,0.908203125,512
trillionlabs/Tri-0.5B-Base,3,0.125,mean,ko,en,raw,r10,0.9375,512
trillionlabs/Tri-0.5B-Base,3,0.125,mean,ko,en,raw,mrr,0.8358030939266142,512
trillionlabs/Tri-0.5B-Base,3,0.125,mean,ko,ja,raw,r1,0.578125,512
trillionlabs/Tri-0.5B-Base,3,0.125,mean,ko,ja,raw,r5,0.76171875,512
trillionlabs/Tri-0.5B-Base,3,0.125,mean,ko,ja,raw,r10,0.8203125,512
trillionlabs/Tri-0.5B-Base,3,0.125,mean,ko,ja,raw,mrr,0.6598351640890832,512
trillionlabs/Tri-0.5B-Base,3,0.125,mean,ko,zh,raw,r1,0.37890625,512
trillionlabs/Tri-0.5B-Base,3,0.125,mean,ko,zh,raw,r5,0.5625,512
trillionlabs/Tri-0.5B-Base,3,0.125,mean,ko,zh,raw,r10,0.63671875,512
trillionlabs/Tri-0.5B-Base,3,0.125,mean,ko,zh,raw,mrr,0.4713747095296569,512
trillionlabs/Tri-0.5B-Base,3,0.125,mean,ja,en,raw,r1,0.67578125,512
trillionlabs/Tri-0.5B-Base,3,0.125,mean,ja,en,raw,r5,0.810546875,512
trillionlabs/Tri-0.5B-Base,3,0.125,mean,ja,en,raw,r10,0.87890625,512
trillionlabs/Tri-0.5B-Base,3,0.125,mean,ja,en,raw,mrr,0.7426512878976892,512
trillionlabs/Tri-0.5B-Base,3,0.125,mean,ja,ko,raw,r1,0.62109375,512
trillionlabs/Tri-0.5B-Base,3,0.125,mean,ja,ko,raw,r5,0.76953125,512
trillionlabs/Tri-0.5B-Base,3,0.125,mean,ja,ko,raw,r10,0.826171875,512
trillionlabs/Tri-0.5B-Base,3,0.125,mean,ja,ko,raw,mrr,0.6926704258937766,512
trillionlabs/Tri-0.5B-Base,3,0.125,mean,ja,zh,raw,r1,0.5234375,512
trillionlabs/Tri-0.5B-Base,3,0.125,mean,ja,zh,raw,r5,0.71484375,512
trillionlabs/Tri-0.5B-Base,3,0.125,mean,ja,zh,raw,r10,0.787109375,512
trillionlabs/Tri-0.5B-Base,3,0.125,mean,ja,zh,raw,mrr,0.6159537329203035,512
trillionlabs/Tri-0.5B-Base,3,0.125,mean,zh,en,raw,r1,0.794921875,512
trillionlabs/Tri-0.5B-Base,3,0.125,mean,zh,en,raw,r5,0.90625,512
trillionlabs/Tri-0.5B-Base,3,0.125,mean,zh,en,raw,r10,0.94140625,512
trillionlabs/Tri-0.5B-Base,3,0.125,mean,zh,en,raw,mrr,0.8453792032896762,512
trillionlabs/Tri-0.5B-Base,3,0.125,mean,zh,ko,raw,r1,0.462890625,512
trillionlabs/Tri-0.5B-Base,3,0.125,mean,zh,ko,raw,r5,0.65625,512
trillionlabs/Tri-0.5B-Base,3,0.125,mean,zh,ko,raw,r10,0.716796875,512
trillionlabs/Tri-0.5B-Base,3,0.125,mean,zh,ko,raw,mrr,0.5531870150596911,512
trillionlabs/Tri-0.5B-Base,3,0.125,mean,zh,ja,raw,r1,0.515625,512
trillionlabs/Tri-0.5B-Base,3,0.125,mean,zh,ja,raw,r5,0.7265625,512
trillionlabs/Tri-0.5B-Base,3,0.125,mean,zh,ja,raw,r10,0.7734375,512
trillionlabs/Tri-0.5B-Base,3,0.125,mean,zh,ja,raw,mrr,0.6068961421937594,512
trillionlabs/Tri-0.5B-Base,4,0.16666666666666666,mean,en,ko,raw,r1,0.576171875,512
trillionlabs/Tri-0.5B-Base,4,0.16666666666666666,mean,en,ko,raw,r5,0.716796875,512
trillionlabs/Tri-0.5B-Base,4,0.16666666666666666,mean,en,ko,raw,r10,0.75390625,512
trillionlabs/Tri-0.5B-Base,4,0.16666666666666666,mean,en,ko,raw,mrr,0.6447199022340009,512
trillionlabs/Tri-0.5B-Base,4,0.16666666666666666,mean,en,ja,raw,r1,0.400390625,512
trillionlabs/Tri-0.5B-Base,4,0.16666666666666666,mean,en,ja,raw,r5,0.619140625,512
trillionlabs/Tri-0.5B-Base,4,0.16666666666666666,mean,en,ja,raw,r10,0.708984375,512
trillionlabs/Tri-0.5B-Base,4,0.16666666666666666,mean,en,ja,raw,mrr,0.5023562884857544,512
trillionlabs/Tri-0.5B-Base,4,0.16666666666666666,mean,en,zh,raw,r1,0.37109375,512
trillionlabs/Tri-0.5B-Base,4,0.16666666666666666,mean,en,zh,raw,r5,0.6328125,512
trillionlabs/Tri-0.5B-Base,4,0.16666666666666666,mean,en,zh,raw,r10,0.681640625,512
trillionlabs/Tri-0.5B-Base,4,0.16666666666666666,mean,en,zh,raw,mrr,0.4873794334588386,512
trillionlabs/Tri-0.5B-Base,4,0.16666666666666666,mean,ko,en,raw,r1,0.853515625,512
trillionlabs/Tri-0.5B-Base,4,0.16666666666666666,mean,ko,en,raw,r5,0.94140625,512
trillionlabs/Tri-0.5B-Base,4,0.16666666666666666,mean,ko,en,raw,r10,0.962890625,512
trillionlabs/Tri-0.5B-Base,4,0.16666666666666666,mean,ko,en,raw,mrr,0.8955003273159092,512
trillionlabs/Tri-0.5B-Base,4,0.16666666666666666,mean,ko,ja,raw,r1,0.732421875,512
trillionlabs/Tri-0.5B-Base,4,0.16666666666666666,mean,ko,ja,raw,r5,0.869140625,512
trillionlabs/Tri-0.5B-Base,4,0.16666666666666666,mean,ko,ja,raw,r10,0.90234375,512
trillionlabs/Tri-0.5B-Base,4,0.16666666666666666,mean,ko,ja,raw,mrr,0.7909384538651552,512
trillionlabs/Tri-0.5B-Base,4,0.16666666666666666,mean,ko,zh,raw,r1,0.517578125,512
trillionlabs/Tri-0.5B-Base,4,0.16666666666666666,mean,ko,zh,raw,r5,0.681640625,512
trillionlabs/Tri-0.5B-Base,4,0.16666666666666666,mean,ko,zh,raw,r10,0.765625,512
trillionlabs/Tri-0.5B-Base,4,0.16666666666666666,mean,ko,zh,raw,mrr,0.6006994699959389,512
trillionlabs/Tri-0.5B-Base,4,0.16666666666666666,mean,ja,en,raw,r1,0.751953125,512
trillionlabs/Tri-0.5B-Base,4,0.16666666666666666,mean,ja,en,raw,r5,0.873046875,512
trillionlabs/Tri-0.5B-Base,4,0.16666666666666666,mean,ja,en,raw,r10,0.90625,512
trillionlabs/Tri-0.5B-Base,4,0.16666666666666666,mean,ja,en,raw,mrr,0.8076539514015902,512
trillionlabs/Tri-0.5B-Base,4,0.16666666666666666,mean,ja,ko,raw,r1,0.720703125,512
trillionlabs/Tri-0.5B-Base,4,0.16666666666666666,mean,ja,ko,raw,r5,0.861328125,512
trillionlabs/Tri-0.5B-Base,4,0.16666666666666666,mean,ja,ko,raw,r10,0.908203125,512
trillionlabs/Tri-0.5B-Base,4,0.16666666666666666,mean,ja,ko,raw,mrr,0.7816661808296125,512
trillionlabs/Tri-0.5B-Base,4,0.16666666666666666,mean,ja,zh,raw,r1,0.6484375,512
trillionlabs/Tri-0.5B-Base,4,0.16666666666666666,mean,ja,zh,raw,r5,0.814453125,512
trillionlabs/Tri-0.5B-Base,4,0.16666666666666666,mean,ja,zh,raw,r10,0.87109375,512
trillionlabs/Tri-0.5B-Base,4,0.16666666666666666,mean,ja,zh,raw,mrr,0.7284879171164256,512
trillionlabs/Tri-0.5B-Base,4,0.16666666666666666,mean,zh,en,raw,r1,0.83984375,512
trillionlabs/Tri-0.5B-Base,4,0.16666666666666666,mean,zh,en,raw,r5,0.93359375,512
trillionlabs/Tri-0.5B-Base,4,0.16666666666666666,mean,zh,en,raw,r10,0.95703125,512
trillionlabs/Tri-0.5B-Base,4,0.16666666666666666,mean,zh,en,raw,mrr,0.8818377876620815,512
trillionlabs/Tri-0.5B-Base,4,0.16666666666666666,mean,zh,ko,raw,r1,0.58984375,512
trillionlabs/Tri-0.5B-Base,4,0.16666666666666666,mean,zh,ko,raw,r5,0.765625,512
trillionlabs/Tri-0.5B-Base,4,0.16666666666666666,mean,zh,ko,raw,r10,0.8203125,512
trillionlabs/Tri-0.5B-Base,4,0.16666666666666666,mean,zh,ko,raw,mrr,0.6724003390140756,512
trillionlabs/Tri-0.5B-Base,4,0.16666666666666666,mean,zh,ja,raw,r1,0.673828125,512
trillionlabs/Tri-0.5B-Base,4,0.16666666666666666,mean,zh,ja,raw,r5,0.8125,512
trillionlabs/Tri-0.5B-Base,4,0.16666666666666666,mean,zh,ja,raw,r10,0.849609375,512
trillionlabs/Tri-0.5B-Base,4,0.16666666666666666,mean,zh,ja,raw,mrr,0.7398205131557092,512
trillionlabs/Tri-0.5B-Base,5,0.20833333333333334,mean,en,ko,raw,r1,0.61328125,512
trillionlabs/Tri-0.5B-Base,5,0.20833333333333334,mean,en,ko,raw,r5,0.775390625,512
trillionlabs/Tri-0.5B-Base,5,0.20833333333333334,mean,en,ko,raw,r10,0.82421875,512
trillionlabs/Tri-0.5B-Base,5,0.20833333333333334,mean,en,ko,raw,mrr,0.685838053297067,512
trillionlabs/Tri-0.5B-Base,5,0.20833333333333334,mean,en,ja,raw,r1,0.501953125,512
trillionlabs/Tri-0.5B-Base,5,0.20833333333333334,mean,en,ja,raw,r5,0.703125,512
trillionlabs/Tri-0.5B-Base,5,0.20833333333333334,mean,en,ja,raw,r10,0.740234375,512
trillionlabs/Tri-0.5B-Base,5,0.20833333333333334,mean,en,ja,raw,mrr,0.5949360263555512,512
trillionlabs/Tri-0.5B-Base,5,0.20833333333333334,mean,en,zh,raw,r1,0.451171875,512
trillionlabs/Tri-0.5B-Base,5,0.20833333333333334,mean,en,zh,raw,r5,0.666015625,512
trillionlabs/Tri-0.5B-Base,5,0.20833333333333334,mean,en,zh,raw,r10,0.7265625,512
trillionlabs/Tri-0.5B-Base,5,0.20833333333333334,mean,en,zh,raw,mrr,0.5483663523285226,512
trillionlabs/Tri-0.5B-Base,5,0.20833333333333334,mean,ko,en,raw,r1,0.884765625,512
trillionlabs/Tri-0.5B-Base,5,0.20833333333333334,mean,ko,en,raw,r5,0.9609375,512
trillionlabs/Tri-0.5B-Base,5,0.20833333333333334,mean,ko,en,raw,r10,0.970703125,512
trillionlabs/Tri-0.5B-Base,5,0.20833333333333334,mean,ko,en,raw,mrr,0.9195523141081294,512
trillionlabs/Tri-0.5B-Base,5,0.20833333333333334,mean,ko,ja,raw,r1,0.767578125,512
trillionlabs/Tri-0.5B-Base,5,0.20833333333333334,mean,ko,ja,raw,r5,0.88671875,512
trillionlabs/Tri-0.5B-Base,5,0.20833333333333334,mean,ko,ja,raw,r10,0.916015625,512
trillionlabs/Tri-0.5B-Base,5,0.20833333333333334,mean,ko,ja,raw,mrr,0.822329981809512,512
trillionlabs/Tri-0.5B-Base,5,0.20833333333333334,mean,ko,zh,raw,r1,0.53125,512
trillionlabs/Tri-0.5B-Base,5,0.20833333333333334,mean,ko,zh,raw,r5,0.712890625,512
trillionlabs/Tri-0.5B-Base,5,0.20833333333333334,mean,ko,zh,raw,r10,0.783203125,512
trillionlabs/Tri-0.5B-Base,5,0.20833333333333334,mean,ko,zh,raw,mrr,0.6154177305227772,512
trillionlabs/Tri-0.5B-Base,5,0.20833333333333334,mean,ja,en,raw,r1,0.7578125,512
trillionlabs/Tri-0.5B-Base,5,0.20833333333333334,mean,ja,en,raw,r5,0.88671875,512
trillionlabs/Tri-0.5B-Base,5,0.20833333333333334,mean,ja,en,raw,r10,0.921875,512
trillionlabs/Tri-0.5B-Base,5,0.20833333333333334,mean,ja,en,raw,mrr,0.8200428330061921,512
trillionlabs/Tri-0.5B-Base,5,0.20833333333333334,mean,ja,ko,raw,r1,0.763671875,512
trillionlabs/Tri-0.5B-Base,5,0.20833333333333334,mean,ja,ko,raw,r5,0.91015625,512
trillionlabs/Tri-0.5B-Base,5,0.20833333333333334,mean,ja,ko,raw,r10,0.931640625,512
trillionlabs/Tri-0.5B-Base,5,0.20833333333333334,mean,ja,ko,raw,mrr,0.8251496564655134,512
trillionlabs/Tri-0.5B-Base,5,0.20833333333333334,mean,ja,zh,raw,r1,0.70703125,512
trillionlabs/Tri-0.5B-Base,5,0.20833333333333334,mean,ja,zh,raw,r5,0.857421875,512
trillionlabs/Tri-0.5B-Base,5,0.20833333333333334,mean,ja,zh,raw,r10,0.904296875,512
trillionlabs/Tri-0.5B-Base,5,0.20833333333333334,mean,ja,zh,raw,mrr,0.7724267695092406,512
trillionlabs/Tri-0.5B-Base,5,0.20833333333333334,mean,zh,en,raw,r1,0.865234375,512
trillionlabs/Tri-0.5B-Base,5,0.20833333333333334,mean,zh,en,raw,r5,0.95703125,512
trillionlabs/Tri-0.5B-Base,5,0.20833333333333334,mean,zh,en,raw,r10,0.978515625,512
trillionlabs/Tri-0.5B-Base,5,0.20833333333333334,mean,zh,en,raw,mrr,0.9041498853423992,512
trillionlabs/Tri-0.5B-Base,5,0.20833333333333334,mean,zh,ko,raw,r1,0.662109375,512
trillionlabs/Tri-0.5B-Base,5,0.20833333333333334,mean,zh,ko,raw,r5,0.8125,512
trillionlabs/Tri-0.5B-Base,5,0.20833333333333334,mean,zh,ko,raw,r10,0.8515625,512
trillionlabs/Tri-0.5B-Base,5,0.20833333333333334,mean,zh,ko,raw,mrr,0.7310678373807307,512
trillionlabs/Tri-0.5B-Base,5,0.20833333333333334,mean,zh,ja,raw,r1,0.73046875,512
trillionlabs/Tri-0.5B-Base,5,0.20833333333333334,mean,zh,ja,raw,r5,0.84765625,512
trillionlabs/Tri-0.5B-Base,5,0.20833333333333334,mean,zh,ja,raw,r10,0.892578125,512
trillionlabs/Tri-0.5B-Base,5,0.20833333333333334,mean,zh,ja,raw,mrr,0.7868957162484056,512
trillionlabs/Tri-0.5B-Base,6,0.25,mean,en,ko,raw,r1,0.705078125,512
trillionlabs/Tri-0.5B-Base,6,0.25,mean,en,ko,raw,r5,0.826171875,512
trillionlabs/Tri-0.5B-Base,6,0.25,mean,en,ko,raw,r10,0.873046875,512
trillionlabs/Tri-0.5B-Base,6,0.25,mean,en,ko,raw,mrr,0.7633724655891975,512
trillionlabs/Tri-0.5B-Base,6,0.25,mean,en,ja,raw,r1,0.62890625,512
trillionlabs/Tri-0.5B-Base,6,0.25,mean,en,ja,raw,r5,0.806640625,512
trillionlabs/Tri-0.5B-Base,6,0.25,mean,en,ja,raw,r10,0.85546875,512
trillionlabs/Tri-0.5B-Base,6,0.25,mean,en,ja,raw,mrr,0.7113172827926959,512
trillionlabs/Tri-0.5B-Base,6,0.25,mean,en,zh,raw,r1,0.640625,512
trillionlabs/Tri-0.5B-Base,6,0.25,mean,en,zh,raw,r5,0.7734375,512
trillionlabs/Tri-0.5B-Base,6,0.25,mean,en,zh,raw,r10,0.8203125,512
trillionlabs/Tri-0.5B-Base,6,0.25,mean,en,zh,raw,mrr,0.7037827761187136,512
trillionlabs/Tri-0.5B-Base,6,0.25,mean,ko,en,raw,r1,0.91015625,512
trillionlabs/Tri-0.5B-Base,6,0.25,mean,ko,en,raw,r5,0.970703125,512
trillionlabs/Tri-0.5B-Base,6,0.25,mean,ko,en,raw,r10,0.98046875,512
trillionlabs/Tri-0.5B-Base,6,0.25,mean,ko,en,raw,mrr,0.9388765062684308,512
trillionlabs/Tri-0.5B-Base,6,0.25,mean,ko,ja,raw,r1,0.84375,512
trillionlabs/Tri-0.5B-Base,6,0.25,mean,ko,ja,raw,r5,0.9296875,512
trillionlabs/Tri-0.5B-Base,6,0.25,mean,ko,ja,raw,r10,0.955078125,512
trillionlabs/Tri-0.5B-Base,6,0.25,mean,ko,ja,raw,mrr,0.881231364110814,512
trillionlabs/Tri-0.5B-Base,6,0.25,mean,ko,zh,raw,r1,0.6328125,512
trillionlabs/Tri-0.5B-Base,6,0.25,mean,ko,zh,raw,r5,0.80078125,512
trillionlabs/Tri-0.5B-Base,6,0.25,mean,ko,zh,raw,r10,0.853515625,512
trillionlabs/Tri-0.5B-Base,6,0.25,mean,ko,zh,raw,mrr,0.7085044693744299,512
trillionlabs/Tri-0.5B-Base,6,0.25,mean,ja,en,raw,r1,0.810546875,512
trillionlabs/Tri-0.5B-Base,6,0.25,mean,ja,en,raw,r5,0.919921875,512
trillionlabs/Tri-0.5B-Base,6,0.25,mean,ja,en,raw,r10,0.94140625,512
trillionlabs/Tri-0.5B-Base,6,0.25,mean,ja,en,raw,mrr,0.8637677371115846,512
trillionlabs/Tri-0.5B-Base,6,0.25,mean,ja,ko,raw,r1,0.8203125,512
trillionlabs/Tri-0.5B-Base,6,0.25,mean,ja,ko,raw,r5,0.921875,512
trillionlabs/Tri-0.5B-Base,6,0.25,mean,ja,ko,raw,r10,0.951171875,512
trillionlabs/Tri-0.5B-Base,6,0.25,mean,ja,ko,raw,mrr,0.8681573525321533,512
trillionlabs/Tri-0.5B-Base,6,0.25,mean,ja,zh,raw,r1,0.79296875,512
trillionlabs/Tri-0.5B-Base,6,0.25,mean,ja,zh,raw,r5,0.9140625,512
trillionlabs/Tri-0.5B-Base,6,0.25,mean,ja,zh,raw,r10,0.9453125,512
trillionlabs/Tri-0.5B-Base,6,0.25,mean,ja,zh,raw,mrr,0.8504888118733084,512
trillionlabs/Tri-0.5B-Base,6,0.25,mean,zh,en,raw,r1,0.892578125,512
trillionlabs/Tri-0.5B-Base,6,0.25,mean,zh,en,raw,r5,0.962890625,512
trillionlabs/Tri-0.5B-Base,6,0.25,mean,zh,en,raw,r10,0.978515625,512
trillionlabs/Tri-0.5B-Base,6,0.25,mean,zh,en,raw,mrr,0.9241272490348856,512
trillionlabs/Tri-0.5B-Base,6,0.25,mean,zh,ko,raw,r1,0.71875,512
trillionlabs/Tri-0.5B-Base,6,0.25,mean,zh,ko,raw,r5,0.853515625,512
trillionlabs/Tri-0.5B-Base,6,0.25,mean,zh,ko,raw,r10,0.896484375,512
trillionlabs/Tri-0.5B-Base,6,0.25,mean,zh,ko,raw,mrr,0.7809630298829939,512
trillionlabs/Tri-0.5B-Base,6,0.25,mean,zh,ja,raw,r1,0.810546875,512
trillionlabs/Tri-0.5B-Base,6,0.25,mean,zh,ja,raw,r5,0.908203125,512
trillionlabs/Tri-0.5B-Base,6,0.25,mean,zh,ja,raw,r10,0.939453125,512
trillionlabs/Tri-0.5B-Base,6,0.25,mean,zh,ja,raw,mrr,0.8542252827540858,512
trillionlabs/Tri-0.5B-Base,7,0.2916666666666667,mean,en,ko,raw,r1,0.251953125,512
trillionlabs/Tri-0.5B-Base,7,0.2916666666666667,mean,en,ko,raw,r5,0.345703125,512
trillionlabs/Tri-0.5B-Base,7,0.2916666666666667,mean,en,ko,raw,r10,0.41015625,512
trillionlabs/Tri-0.5B-Base,7,0.2916666666666667,mean,en,ko,raw,mrr,0.30974982464693446,512
trillionlabs/Tri-0.5B-Base,7,0.2916666666666667,mean,en,ja,raw,r1,0.283203125,512
trillionlabs/Tri-0.5B-Base,7,0.2916666666666667,mean,en,ja,raw,r5,0.443359375,512
trillionlabs/Tri-0.5B-Base,7,0.2916666666666667,mean,en,ja,raw,r10,0.498046875,512
trillionlabs/Tri-0.5B-Base,7,0.2916666666666667,mean,en,ja,raw,mrr,0.3600476865900256,512
trillionlabs/Tri-0.5B-Base,7,0.2916666666666667,mean,en,zh,raw,r1,0.208984375,512
trillionlabs/Tri-0.5B-Base,7,0.2916666666666667,mean,en,zh,raw,r5,0.3359375,512
trillionlabs/Tri-0.5B-Base,7,0.2916666666666667,mean,en,zh,raw,r10,0.388671875,512
trillionlabs/Tri-0.5B-Base,7,0.2916666666666667,mean,en,zh,raw,mrr,0.27654369376032123,512
trillionlabs/Tri-0.5B-Base,7,0.2916666666666667,mean,ko,en,raw,r1,0.19140625,512
trillionlabs/Tri-0.5B-Base,7,0.2916666666666667,mean,ko,en,raw,r5,0.271484375,512
trillionlabs/Tri-0.5B-Base,7,0.2916666666666667,mean,ko,en,raw,r10,0.291015625,512
trillionlabs/Tri-0.5B-Base,7,0.2916666666666667,mean,ko,en,raw,mrr,0.23070675930688544,512
trillionlabs/Tri-0.5B-Base,7,0.2916666666666667,mean,ko,ja,raw,r1,0.255859375,512
trillionlabs/Tri-0.5B-Base,7,0.2916666666666667,mean,ko,ja,raw,r5,0.388671875,512
trillionlabs/Tri-0.5B-Base,7,0.2916666666666667,mean,ko,ja,raw,r10,0.447265625,512
trillionlabs/Tri-0.5B-Base,7,0.2916666666666667,mean,ko,ja,raw,mrr,0.32102743138748446,512
trillionlabs/Tri-0.5B-Base,7,0.2916666666666667,mean,ko,zh,raw,r1,0.15234375,512
trillionlabs/Tri-0.5B-Base,7,0.2916666666666667,mean,ko,zh,raw,r5,0.236328125,512
trillionlabs/Tri-0.5B-Base,7,0.2916666666666667,mean,ko,zh,raw,r10,0.3046875,512
trillionlabs/Tri-0.5B-Base,7,0.2916666666666667,mean,ko,zh,raw,mrr,0.2070017013650463,512
trillionlabs/Tri-0.5B-Base,7,0.2916666666666667,mean,ja,en,raw,r1,0.279296875,512
trillionlabs/Tri-0.5B-Base,7,0.2916666666666667,mean,ja,en,raw,r5,0.380859375,512
trillionlabs/Tri-0.5B-Base,7,0.2916666666666667,mean,ja,en,raw,r10,0.41015625,512
trillionlabs/Tri-0.5B-Base,7,0.2916666666666667,mean,ja,en,raw,mrr,0.3263918198971592,512
trillionlabs/Tri-0.5B-Base,7,0.2916666666666667,mean,ja,ko,raw,r1,0.39453125,512
trillionlabs/Tri-0.5B-Base,7,0.2916666666666667,mean,ja,ko,raw,r5,0.5390625,512
trillionlabs/Tri-0.5B-Base,7,0.2916666666666667,mean,ja,ko,raw,r10,0.626953125,512
trillionlabs/Tri-0.5B-Base,7,0.2916666666666667,mean,ja,ko,raw,mrr,0.46940294072473476,512
trillionlabs/Tri-0.5B-Base,7,0.2916666666666667,mean,ja,zh,raw,r1,0.44921875,512
trillionlabs/Tri-0.5B-Base,7,0.2916666666666667,mean,ja,zh,raw,r5,0.58203125,512
trillionlabs/Tri-0.5B-Base,7,0.2916666666666667,mean,ja,zh,raw,r10,0.62109375,512
trillionlabs/Tri-0.5B-Base,7,0.2916666666666667,mean,ja,zh,raw,mrr,0.512693241308899,512
trillionlabs/Tri-0.5B-Base,7,0.2916666666666667,mean,zh,en,raw,r1,0.240234375,512
trillionlabs/Tri-0.5B-Base,7,0.2916666666666667,mean,zh,en,raw,r5,0.328125,512
trillionlabs/Tri-0.5B-Base,7,0.2916666666666667,mean,zh,en,raw,r10,0.373046875,512
trillionlabs/Tri-0.5B-Base,7,0.2916666666666667,mean,zh,en,raw,mrr,0.288774142812081,512
trillionlabs/Tri-0.5B-Base,7,0.2916666666666667,mean,zh,ko,raw,r1,0.30859375,512
trillionlabs/Tri-0.5B-Base,7,0.2916666666666667,mean,zh,ko,raw,r5,0.48046875,512
trillionlabs/Tri-0.5B-Base,7,0.2916666666666667,mean,zh,ko,raw,r10,0.55859375,512
trillionlabs/Tri-0.5B-Base,7,0.2916666666666667,mean,zh,ko,raw,mrr,0.3943615278922947,512
trillionlabs/Tri-0.5B-Base,7,0.2916666666666667,mean,zh,ja,raw,r1,0.474609375,512
trillionlabs/Tri-0.5B-Base,7,0.2916666666666667,mean,zh,ja,raw,r5,0.609375,512
trillionlabs/Tri-0.5B-Base,7,0.2916666666666667,mean,zh,ja,raw,r10,0.658203125,512
trillionlabs/Tri-0.5B-Base,7,0.2916666666666667,mean,zh,ja,raw,mrr,0.540126727968867,512
trillionlabs/Tri-0.5B-Base,8,0.3333333333333333,mean,en,ko,raw,r1,0.287109375,512
trillionlabs/Tri-0.5B-Base,8,0.3333333333333333,mean,en,ko,raw,r5,0.375,512
trillionlabs/Tri-0.5B-Base,8,0.3333333333333333,mean,en,ko,raw,r10,0.43359375,512
trillionlabs/Tri-0.5B-Base,8,0.3333333333333333,mean,en,ko,raw,mrr,0.3391586575334732,512
trillionlabs/Tri-0.5B-Base,8,0.3333333333333333,mean,en,ja,raw,r1,0.298828125,512
trillionlabs/Tri-0.5B-Base,8,0.3333333333333333,mean,en,ja,raw,r5,0.44921875,512
trillionlabs/Tri-0.5B-Base,8,0.3333333333333333,mean,en,ja,raw,r10,0.505859375,512
trillionlabs/Tri-0.5B-Base,8,0.3333333333333333,mean,en,ja,raw,mrr,0.3771959345816339,512
trillionlabs/Tri-0.5B-Base,8,0.3333333333333333,mean,en,zh,raw,r1,0.220703125,512
trillionlabs/Tri-0.5B-Base,8,0.3333333333333333,mean,en,zh,raw,r5,0.3671875,512
trillionlabs/Tri-0.5B-Base,8,0.3333333333333333,mean,en,zh,raw,r10,0.4140625,512
trillionlabs/Tri-0.5B-Base,8,0.3333333333333333,mean,en,zh,raw,mrr,0.2945673047971861,512
trillionlabs/Tri-0.5B-Base,8,0.3333333333333333,mean,ko,en,raw,r1,0.20703125,512
trillionlabs/Tri-0.5B-Base,8,0.3333333333333333,mean,ko,en,raw,r5,0.275390625,512
trillionlabs/Tri-0.5B-Base,8,0.3333333333333333,mean,ko,en,raw,r10,0.302734375,512
trillionlabs/Tri-0.5B-Base,8,0.3333333333333333,mean,ko,en,raw,mrr,0.24464003750435476,512
trillionlabs/Tri-0.5B-Base,8,0.3333333333333333,mean,ko,ja,raw,r1,0.28125,512
trillionlabs/Tri-0.5B-Base,8,0.3333333333333333,mean,ko,ja,raw,r5,0.404296875,512
trillionlabs/Tri-0.5B-Base,8,0.3333333333333333,mean,ko,ja,raw,r10,0.455078125,512
trillionlabs/Tri-0.5B-Base,8,0.3333333333333333,mean,ko,ja,raw,mrr,0.340303781948039,512
trillionlabs/Tri-0.5B-Base,8,0.3333333333333333,mean,ko,zh,raw,r1,0.162109375,512
trillionlabs/Tri-0.5B-Base,8,0.3333333333333333,mean,ko,zh,raw,r5,0.25,512
trillionlabs/Tri-0.5B-Base,8,0.3333333333333333,mean,ko,zh,raw,r10,0.333984375,512
trillionlabs/Tri-0.5B-Base,8,0.3333333333333333,mean,ko,zh,raw,mrr,0.21768054349054297,512
trillionlabs/Tri-0.5B-Base,8,0.3333333333333333,mean,ja,en,raw,r1,0.291015625,512
trillionlabs/Tri-0.5B-Base,8,0.3333333333333333,mean,ja,en,raw,r5,0.388671875,512
trillionlabs/Tri-0.5B-Base,8,0.3333333333333333,mean,ja,en,raw,r10,0.419921875,512
trillionlabs/Tri-0.5B-Base,8,0.3333333333333333,mean,ja,en,raw,mrr,0.33748775235744577,512
trillionlabs/Tri-0.5B-Base,8,0.3333333333333333,mean,ja,ko,raw,r1,0.400390625,512
trillionlabs/Tri-0.5B-Base,8,0.3333333333333333,mean,ja,ko,raw,r5,0.5703125,512
trillionlabs/Tri-0.5B-Base,8,0.3333333333333333,mean,ja,ko,raw,r10,0.6484375,512
trillionlabs/Tri-0.5B-Base,8,0.3333333333333333,mean,ja,ko,raw,mrr,0.47951122608864283,512
trillionlabs/Tri-0.5B-Base,8,0.3333333333333333,mean,ja,zh,raw,r1,0.478515625,512
trillionlabs/Tri-0.5B-Base,8,0.3333333333333333,mean,ja,zh,raw,r5,0.591796875,512
trillionlabs/Tri-0.5B-Base,8,0.3333333333333333,mean,ja,zh,raw,r10,0.6328125,512
trillionlabs/Tri-0.5B-Base,8,0.3333333333333333,mean,ja,zh,raw,mrr,0.5331431064460166,512
trillionlabs/Tri-0.5B-Base,8,0.3333333333333333,mean,zh,en,raw,r1,0.2578125,512
trillionlabs/Tri-0.5B-Base,8,0.3333333333333333,mean,zh,en,raw,r5,0.34375,512
trillionlabs/Tri-0.5B-Base,8,0.3333333333333333,mean,zh,en,raw,r10,0.390625,512
trillionlabs/Tri-0.5B-Base,8,0.3333333333333333,mean,zh,en,raw,mrr,0.3038446427006552,512
trillionlabs/Tri-0.5B-Base,8,0.3333333333333333,mean,zh,ko,raw,r1,0.341796875,512
trillionlabs/Tri-0.5B-Base,8,0.3333333333333333,mean,zh,ko,raw,r5,0.505859375,512
trillionlabs/Tri-0.5B-Base,8,0.3333333333333333,mean,zh,ko,raw,r10,0.580078125,512
trillionlabs/Tri-0.5B-Base,8,0.3333333333333333,mean,zh,ko,raw,mrr,0.42147366316720525,512
trillionlabs/Tri-0.5B-Base,8,0.3333333333333333,mean,zh,ja,raw,r1,0.48828125,512
trillionlabs/Tri-0.5B-Base,8,0.3333333333333333,mean,zh,ja,raw,r5,0.619140625,512
trillionlabs/Tri-0.5B-Base,8,0.3333333333333333,mean,zh,ja,raw,r10,0.66015625,512
trillionlabs/Tri-0.5B-Base,8,0.3333333333333333,mean,zh,ja,raw,mrr,0.5544126219006331,512
trillionlabs/Tri-0.5B-Base,9,0.375,mean,en,ko,raw,r1,0.298828125,512
trillionlabs/Tri-0.5B-Base,9,0.375,mean,en,ko,raw,r5,0.390625,512
trillionlabs/Tri-0.5B-Base,9,0.375,mean,en,ko,raw,r10,0.439453125,512
trillionlabs/Tri-0.5B-Base,9,0.375,mean,en,ko,raw,mrr,0.34925130770368784,512
trillionlabs/Tri-0.5B-Base,9,0.375,mean,en,ja,raw,r1,0.328125,512
trillionlabs/Tri-0.5B-Base,9,0.375,mean,en,ja,raw,r5,0.484375,512
trillionlabs/Tri-0.5B-Base,9,0.375,mean,en,ja,raw,r10,0.517578125,512
trillionlabs/Tri-0.5B-Base,9,0.375,mean,en,ja,raw,mrr,0.40041716714253167,512
trillionlabs/Tri-0.5B-Base,9,0.375,mean,en,zh,raw,r1,0.240234375,512
trillionlabs/Tri-0.5B-Base,9,0.375,mean,en,zh,raw,r5,0.37890625,512
trillionlabs/Tri-0.5B-Base,9,0.375,mean,en,zh,raw,r10,0.4453125,512
trillionlabs/Tri-0.5B-Base,9,0.375,mean,en,zh,raw,mrr,0.3152909517611047,512
trillionlabs/Tri-0.5B-Base,9,0.375,mean,ko,en,raw,r1,0.205078125,512
trillionlabs/Tri-0.5B-Base,9,0.375,mean,ko,en,raw,r5,0.28125,512
trillionlabs/Tri-0.5B-Base,9,0.375,mean,ko,en,raw,r10,0.310546875,512
trillionlabs/Tri-0.5B-Base,9,0.375,mean,ko,en,raw,mrr,0.24675506763184724,512
trillionlabs/Tri-0.5B-Base,9,0.375,mean,ko,ja,raw,r1,0.29296875,512
trillionlabs/Tri-0.5B-Base,9,0.375,mean,ko,ja,raw,r5,0.423828125,512
trillionlabs/Tri-0.5B-Base,9,0.375,mean,ko,ja,raw,r10,0.46875,512
trillionlabs/Tri-0.5B-Base,9,0.375,mean,ko,ja,raw,mrr,0.3571660179690384,512
trillionlabs/Tri-0.5B-Base,9,0.375,mean,ko,zh,raw,r1,0.18359375,512
trillionlabs/Tri-0.5B-Base,9,0.375,mean,ko,zh,raw,r5,0.279296875,512
trillionlabs/Tri-0.5B-Base,9,0.375,mean,ko,zh,raw,r10,0.35546875,512
trillionlabs/Tri-0.5B-Base,9,0.375,mean,ko,zh,raw,mrr,0.24006529682216993,512
trillionlabs/Tri-0.5B-Base,9,0.375,mean,ja,en,raw,r1,0.298828125,512
trillionlabs/Tri-0.5B-Base,9,0.375,mean,ja,en,raw,r5,0.3828125,512
trillionlabs/Tri-0.5B-Base,9,0.375,mean,ja,en,raw,r10,0.416015625,512
trillionlabs/Tri-0.5B-Base,9,0.375,mean,ja,en,raw,mrr,0.345908514589458,512
trillionlabs/Tri-0.5B-Base,9,0.375,mean,ja,ko,raw,r1,0.416015625,512
trillionlabs/Tri-0.5B-Base,9,0.375,mean,ja,ko,raw,r5,0.595703125,512
trillionlabs/Tri-0.5B-Base,9,0.375,mean,ja,ko,raw,r10,0.66015625,512
trillionlabs/Tri-0.5B-Base,9,0.375,mean,ja,ko,raw,mrr,0.49657709245061493,512
trillionlabs/Tri-0.5B-Base,9,0.375,mean,ja,zh,raw,r1,0.494140625,512
trillionlabs/Tri-0.5B-Base,9,0.375,mean,ja,zh,raw,r5,0.619140625,512
trillionlabs/Tri-0.5B-Base,9,0.375,mean,ja,zh,raw,r10,0.654296875,512
trillionlabs/Tri-0.5B-Base,9,0.375,mean,ja,zh,raw,mrr,0.5539920936269036,512
trillionlabs/Tri-0.5B-Base,9,0.375,mean,zh,en,raw,r1,0.251953125,512
trillionlabs/Tri-0.5B-Base,9,0.375,mean,zh,en,raw,r5,0.349609375,512
trillionlabs/Tri-0.5B-Base,9,0.375,mean,zh,en,raw,r10,0.400390625,512
trillionlabs/Tri-0.5B-Base,9,0.375,mean,zh,en,raw,mrr,0.3043834291521466,512
trillionlabs/Tri-0.5B-Base,9,0.375,mean,zh,ko,raw,r1,0.36328125,512
trillionlabs/Tri-0.5B-Base,9,0.375,mean,zh,ko,raw,r5,0.5390625,512
trillionlabs/Tri-0.5B-Base,9,0.375,mean,zh,ko,raw,r10,0.595703125,512
trillionlabs/Tri-0.5B-Base,9,0.375,mean,zh,ko,raw,mrr,0.4436957882666116,512
trillionlabs/Tri-0.5B-Base,9,0.375,mean,zh,ja,raw,r1,0.498046875,512
trillionlabs/Tri-0.5B-Base,9,0.375,mean,zh,ja,raw,r5,0.630859375,512
trillionlabs/Tri-0.5B-Base,9,0.375,mean,zh,ja,raw,r10,0.673828125,512
trillionlabs/Tri-0.5B-Base,9,0.375,mean,zh,ja,raw,mrr,0.5634747985904339,512
trillionlabs/Tri-0.5B-Base,10,0.4166666666666667,mean,en,ko,raw,r1,0.31640625,512
trillionlabs/Tri-0.5B-Base,10,0.4166666666666667,mean,en,ko,raw,r5,0.421875,512
trillionlabs/Tri-0.5B-Base,10,0.4166666666666667,mean,en,ko,raw,r10,0.470703125,512
trillionlabs/Tri-0.5B-Base,10,0.4166666666666667,mean,en,ko,raw,mrr,0.3703750207112472,512
trillionlabs/Tri-0.5B-Base,10,0.4166666666666667,mean,en,ja,raw,r1,0.365234375,512
trillionlabs/Tri-0.5B-Base,10,0.4166666666666667,mean,en,ja,raw,r5,0.505859375,512
trillionlabs/Tri-0.5B-Base,10,0.4166666666666667,mean,en,ja,raw,r10,0.5546875,512
trillionlabs/Tri-0.5B-Base,10,0.4166666666666667,mean,en,ja,raw,mrr,0.4348426318529615,512
trillionlabs/Tri-0.5B-Base,10,0.4166666666666667,mean,en,zh,raw,r1,0.28515625,512
trillionlabs/Tri-0.5B-Base,10,0.4166666666666667,mean,en,zh,raw,r5,0.41796875,512
trillionlabs/Tri-0.5B-Base,10,0.4166666666666667,mean,en,zh,raw,r10,0.48046875,512
trillionlabs/Tri-0.5B-Base,10,0.4166666666666667,mean,en,zh,raw,mrr,0.3561025670860184,512
trillionlabs/Tri-0.5B-Base,10,0.4166666666666667,mean,ko,en,raw,r1,0.2265625,512
trillionlabs/Tri-0.5B-Base,10,0.4166666666666667,mean,ko,en,raw,r5,0.294921875,512
trillionlabs/Tri-0.5B-Base,10,0.4166666666666667,mean,ko,en,raw,r10,0.328125,512
trillionlabs/Tri-0.5B-Base,10,0.4166666666666667,mean,ko,en,raw,mrr,0.263593053903311,512
trillionlabs/Tri-0.5B-Base,10,0.4166666666666667,mean,ko,ja,raw,r1,0.3203125,512
trillionlabs/Tri-0.5B-Base,10,0.4166666666666667,mean,ko,ja,raw,r5,0.439453125,512
trillionlabs/Tri-0.5B-Base,10,0.4166666666666667,mean,ko,ja,raw,r10,0.484375,512
trillionlabs/Tri-0.5B-Base,10,0.4166666666666667,mean,ko,ja,raw,mrr,0.38518267912212256,512
trillionlabs/Tri-0.5B-Base,10,0.4166666666666667,mean,ko,zh,raw,r1,0.205078125,512
trillionlabs/Tri-0.5B-Base,10,0.4166666666666667,mean,ko,zh,raw,r5,0.318359375,512
trillionlabs/Tri-0.5B-Base,10,0.4166666666666667,mean,ko,zh,raw,r10,0.375,512
trillionlabs/Tri-0.5B-Base,10,0.4166666666666667,mean,ko,zh,raw,mrr,0.2644125360373054,512
trillionlabs/Tri-0.5B-Base,10,0.4166666666666667,mean,ja,en,raw,r1,0.30859375,512
trillionlabs/Tri-0.5B-Base,10,0.4166666666666667,mean,ja,en,raw,r5,0.41015625,512
trillionlabs/Tri-0.5B-Base,10,0.4166666666666667,mean,ja,en,raw,r10,0.4453125,512
trillionlabs/Tri-0.5B-Base,10,0.4166666666666667,mean,ja,en,raw,mrr,0.3597895098544565,512
trillionlabs/Tri-0.5B-Base,10,0.4166666666666667,mean,ja,ko,raw,r1,0.4453125,512
trillionlabs/Tri-0.5B-Base,10,0.4166666666666667,mean,ja,ko,raw,r5,0.625,512
trillionlabs/Tri-0.5B-Base,10,0.4166666666666667,mean,ja,ko,raw,r10,0.677734375,512
trillionlabs/Tri-0.5B-Base,10,0.4166666666666667,mean,ja,ko,raw,mrr,0.5252101507087864,512
trillionlabs/Tri-0.5B-Base,10,0.4166666666666667,mean,ja,zh,raw,r1,0.5234375,512
trillionlabs/Tri-0.5B-Base,10,0.4166666666666667,mean,ja,zh,raw,r5,0.62890625,512
trillionlabs/Tri-0.5B-Base,10,0.4166666666666667,mean,ja,zh,raw,r10,0.669921875,512
trillionlabs/Tri-0.5B-Base,10,0.4166666666666667,mean,ja,zh,raw,mrr,0.577400671423592,512
trillionlabs/Tri-0.5B-Base,10,0.4166666666666667,mean,zh,en,raw,r1,0.279296875,512
trillionlabs/Tri-0.5B-Base,10,0.4166666666666667,mean,zh,en,raw,r5,0.365234375,512
trillionlabs/Tri-0.5B-Base,10,0.4166666666666667,mean,zh,en,raw,r10,0.423828125,512
trillionlabs/Tri-0.5B-Base,10,0.4166666666666667,mean,zh,en,raw,mrr,0.3276791947923421,512
trillionlabs/Tri-0.5B-Base,10,0.4166666666666667,mean,zh,ko,raw,r1,0.3984375,512
trillionlabs/Tri-0.5B-Base,10,0.4166666666666667,mean,zh,ko,raw,r5,0.552734375,512
trillionlabs/Tri-0.5B-Base,10,0.4166666666666667,mean,zh,ko,raw,r10,0.6171875,512
trillionlabs/Tri-0.5B-Base,10,0.4166666666666667,mean,zh,ko,raw,mrr,0.4743429844787888,512
trillionlabs/Tri-0.5B-Base,10,0.4166666666666667,mean,zh,ja,raw,r1,0.533203125,512
trillionlabs/Tri-0.5B-Base,10,0.4166666666666667,mean,zh,ja,raw,r5,0.646484375,512
trillionlabs/Tri-0.5B-Base,10,0.4166666666666667,mean,zh,ja,raw,r10,0.693359375,512
trillionlabs/Tri-0.5B-Base,10,0.4166666666666667,mean,zh,ja,raw,mrr,0.5914690877373091,512
trillionlabs/Tri-0.5B-Base,11,0.4583333333333333,mean,en,ko,raw,r1,0.33984375,512
trillionlabs/Tri-0.5B-Base,11,0.4583333333333333,mean,en,ko,raw,r5,0.43359375,512
trillionlabs/Tri-0.5B-Base,11,0.4583333333333333,mean,en,ko,raw,r10,0.49609375,512
trillionlabs/Tri-0.5B-Base,11,0.4583333333333333,mean,en,ko,raw,mrr,0.3905906103545037,512
trillionlabs/Tri-0.5B-Base,11,0.4583333333333333,mean,en,ja,raw,r1,0.37109375,512
trillionlabs/Tri-0.5B-Base,11,0.4583333333333333,mean,en,ja,raw,r5,0.505859375,512
trillionlabs/Tri-0.5B-Base,11,0.4583333333333333,mean,en,ja,raw,r10,0.5625,512
trillionlabs/Tri-0.5B-Base,11,0.4583333333333333,mean,en,ja,raw,mrr,0.4432737653070773,512
trillionlabs/Tri-0.5B-Base,11,0.4583333333333333,mean,en,zh,raw,r1,0.294921875,512
trillionlabs/Tri-0.5B-Base,11,0.4583333333333333,mean,en,zh,raw,r5,0.4375,512
trillionlabs/Tri-0.5B-Base,11,0.4583333333333333,mean,en,zh,raw,r10,0.501953125,512
trillionlabs/Tri-0.5B-Base,11,0.4583333333333333,mean,en,zh,raw,mrr,0.36807949339064083,512
trillionlabs/Tri-0.5B-Base,11,0.4583333333333333,mean,ko,en,raw,r1,0.23046875,512
trillionlabs/Tri-0.5B-Base,11,0.4583333333333333,mean,ko,en,raw,r5,0.294921875,512
trillionlabs/Tri-0.5B-Base,11,0.4583333333333333,mean,ko,en,raw,r10,0.32421875,512
trillionlabs/Tri-0.5B-Base,11,0.4583333333333333,mean,ko,en,raw,mrr,0.26483827221240824,512
trillionlabs/Tri-0.5B-Base,11,0.4583333333333333,mean,ko,ja,raw,r1,0.326171875,512
trillionlabs/Tri-0.5B-Base,11,0.4583333333333333,mean,ko,ja,raw,r5,0.458984375,512
trillionlabs/Tri-0.5B-Base,11,0.4583333333333333,mean,ko,ja,raw,r10,0.490234375,512
trillionlabs/Tri-0.5B-Base,11,0.4583333333333333,mean,ko,ja,raw,mrr,0.3912644866723782,512
trillionlabs/Tri-0.5B-Base,11,0.4583333333333333,mean,ko,zh,raw,r1,0.228515625,512
trillionlabs/Tri-0.5B-Base,11,0.4583333333333333,mean,ko,zh,raw,r5,0.330078125,512
trillionlabs/Tri-0.5B-Base,11,0.4583333333333333,mean,ko,zh,raw,r10,0.390625,512
trillionlabs/Tri-0.5B-Base,11,0.4583333333333333,mean,ko,zh,raw,mrr,0.2832367299027799,512
trillionlabs/Tri-0.5B-Base,11,0.4583333333333333,mean,ja,en,raw,r1,0.3203125,512
trillionlabs/Tri-0.5B-Base,11,0.4583333333333333,mean,ja,en,raw,r5,0.41015625,512
trillionlabs/Tri-0.5B-Base,11,0.4583333333333333,mean,ja,en,raw,r10,0.443359375,512
trillionlabs/Tri-0.5B-Base,11,0.4583333333333333,mean,ja,en,raw,mrr,0.36712287939304206,512
trillionlabs/Tri-0.5B-Base,11,0.4583333333333333,mean,ja,ko,raw,r1,0.4609375,512
trillionlabs/Tri-0.5B-Base,11,0.4583333333333333,mean,ja,ko,raw,r5,0.638671875,512
trillionlabs/Tri-0.5B-Base,11,0.4583333333333333,mean,ja,ko,raw,r10,0.689453125,512
trillionlabs/Tri-0.5B-Base,11,0.4583333333333333,mean,ja,ko,raw,mrr,0.5404117500054966,512
trillionlabs/Tri-0.5B-Base,11,0.4583333333333333,mean,ja,zh,raw,r1,0.521484375,512
trillionlabs/Tri-0.5B-Base,11,0.4583333333333333,mean,ja,zh,raw,r5,0.634765625,512
trillionlabs/Tri-0.5B-Base,11,0.4583333333333333,mean,ja,zh,raw,r10,0.693359375,512
trillionlabs/Tri-0.5B-Base,11,0.4583333333333333,mean,ja,zh,raw,mrr,0.5820953305336696,512
trillionlabs/Tri-0.5B-Base,11,0.4583333333333333,mean,zh,en,raw,r1,0.26953125,512
trillionlabs/Tri-0.5B-Base,11,0.4583333333333333,mean,zh,en,raw,r5,0.3671875,512
trillionlabs/Tri-0.5B-Base,11,0.4583333333333333,mean,zh,en,raw,r10,0.419921875,512
trillionlabs/Tri-0.5B-Base,11,0.4583333333333333,mean,zh,en,raw,mrr,0.3210414115478019,512
trillionlabs/Tri-0.5B-Base,11,0.4583333333333333,mean,zh,ko,raw,r1,0.400390625,512
trillionlabs/Tri-0.5B-Base,11,0.4583333333333333,mean,zh,ko,raw,r5,0.568359375,512
trillionlabs/Tri-0.5B-Base,11,0.4583333333333333,mean,zh,ko,raw,r10,0.62890625,512
trillionlabs/Tri-0.5B-Base,11,0.4583333333333333,mean,zh,ko,raw,mrr,0.483301066007785,512
trillionlabs/Tri-0.5B-Base,11,0.4583333333333333,mean,zh,ja,raw,r1,0.541015625,512
trillionlabs/Tri-0.5B-Base,11,0.4583333333333333,mean,zh,ja,raw,r5,0.65625,512
trillionlabs/Tri-0.5B-Base,11,0.4583333333333333,mean,zh,ja,raw,r10,0.689453125,512
trillionlabs/Tri-0.5B-Base,11,0.4583333333333333,mean,zh,ja,raw,mrr,0.5996851388467828,512
trillionlabs/Tri-0.5B-Base,12,0.5,mean,en,ko,raw,r1,0.349609375,512
trillionlabs/Tri-0.5B-Base,12,0.5,mean,en,ko,raw,r5,0.462890625,512
trillionlabs/Tri-0.5B-Base,12,0.5,mean,en,ko,raw,r10,0.5078125,512
trillionlabs/Tri-0.5B-Base,12,0.5,mean,en,ko,raw,mrr,0.40561906558902894,512
trillionlabs/Tri-0.5B-Base,12,0.5,mean,en,ja,raw,r1,0.40234375,512
trillionlabs/Tri-0.5B-Base,12,0.5,mean,en,ja,raw,r5,0.52734375,512
trillionlabs/Tri-0.5B-Base,12,0.5,mean,en,ja,raw,r10,0.59375,512
trillionlabs/Tri-0.5B-Base,12,0.5,mean,en,ja,raw,mrr,0.4672688195106522,512
trillionlabs/Tri-0.5B-Base,12,0.5,mean,en,zh,raw,r1,0.318359375,512
trillionlabs/Tri-0.5B-Base,12,0.5,mean,en,zh,raw,r5,0.470703125,512
trillionlabs/Tri-0.5B-Base,12,0.5,mean,en,zh,raw,r10,0.5390625,512
trillionlabs/Tri-0.5B-Base,12,0.5,mean,en,zh,raw,mrr,0.3943453932372596,512
trillionlabs/Tri-0.5B-Base,12,0.5,mean,ko,en,raw,r1,0.234375,512
trillionlabs/Tri-0.5B-Base,12,0.5,mean,ko,en,raw,r5,0.296875,512
trillionlabs/Tri-0.5B-Base,12,0.5,mean,ko,en,raw,r10,0.3203125,512
trillionlabs/Tri-0.5B-Base,12,0.5,mean,ko,en,raw,mrr,0.2699944094489187,512
trillionlabs/Tri-0.5B-Base,12,0.5,mean,ko,ja,raw,r1,0.35546875,512
trillionlabs/Tri-0.5B-Base,12,0.5,mean,ko,ja,raw,r5,0.4765625,512
trillionlabs/Tri-0.5B-Base,12,0.5,mean,ko,ja,raw,r10,0.525390625,512
trillionlabs/Tri-0.5B-Base,12,0.5,mean,ko,ja,raw,mrr,0.41732571544335817,512
trillionlabs/Tri-0.5B-Base,12,0.5,mean,ko,zh,raw,r1,0.251953125,512
trillionlabs/Tri-0.5B-Base,12,0.5,mean,ko,zh,raw,r5,0.36328125,512
trillionlabs/Tri-0.5B-Base,12,0.5,mean,ko,zh,raw,r10,0.42578125,512
trillionlabs/Tri-0.5B-Base,12,0.5,mean,ko,zh,raw,mrr,0.31089330100396356,512
trillionlabs/Tri-0.5B-Base,12,0.5,mean,ja,en,raw,r1,0.33203125,512
trillionlabs/Tri-0.5B-Base,12,0.5,mean,ja,en,raw,r5,0.419921875,512
trillionlabs/Tri-0.5B-Base,12,0.5,mean,ja,en,raw,r10,0.455078125,512
trillionlabs/Tri-0.5B-Base,12,0.5,mean,ja,en,raw,mrr,0.3789154592964549,512
trillionlabs/Tri-0.5B-Base,12,0.5,mean,ja,ko,raw,r1,0.490234375,512
trillionlabs/Tri-0.5B-Base,12,0.5,mean,ja,ko,raw,r5,0.65625,512
trillionlabs/Tri-0.5B-Base,12,0.5,mean,ja,ko,raw,r10,0.703125,512
trillionlabs/Tri-0.5B-Base,12,0.5,mean,ja,ko,raw,mrr,0.5673584508755594,512
trillionlabs/Tri-0.5B-Base,12,0.5,mean,ja,zh,raw,r1,0.5390625,512
trillionlabs/Tri-0.5B-Base,12,0.5,mean,ja,zh,raw,r5,0.6640625,512
trillionlabs/Tri-0.5B-Base,12,0.5,mean,ja,zh,raw,r10,0.70703125,512
trillionlabs/Tri-0.5B-Base,12,0.5,mean,ja,zh,raw,mrr,0.5998969111807386,512
trillionlabs/Tri-0.5B-Base,12,0.5,mean,zh,en,raw,r1,0.275390625,512
trillionlabs/Tri-0.5B-Base,12,0.5,mean,zh,en,raw,r5,0.376953125,512
trillionlabs/Tri-0.5B-Base,12,0.5,mean,zh,en,raw,r10,0.421875,512
trillionlabs/Tri-0.5B-Base,12,0.5,mean,zh,en,raw,mrr,0.32611948418567177,512
trillionlabs/Tri-0.5B-Base,12,0.5,mean,zh,ko,raw,r1,0.4296875,512
trillionlabs/Tri-0.5B-Base,12,0.5,mean,zh,ko,raw,r5,0.576171875,512
trillionlabs/Tri-0.5B-Base,12,0.5,mean,zh,ko,raw,r10,0.65234375,512
trillionlabs/Tri-0.5B-Base,12,0.5,mean,zh,ko,raw,mrr,0.5067608886584112,512
trillionlabs/Tri-0.5B-Base,12,0.5,mean,zh,ja,raw,r1,0.552734375,512
trillionlabs/Tri-0.5B-Base,12,0.5,mean,zh,ja,raw,r5,0.662109375,512
trillionlabs/Tri-0.5B-Base,12,0.5,mean,zh,ja,raw,r10,0.6953125,512
trillionlabs/Tri-0.5B-Base,12,0.5,mean,zh,ja,raw,mrr,0.6080396151024474,512
trillionlabs/Tri-0.5B-Base,13,0.5416666666666666,mean,en,ko,raw,r1,0.384765625,512
trillionlabs/Tri-0.5B-Base,13,0.5416666666666666,mean,en,ko,raw,r5,0.49609375,512
trillionlabs/Tri-0.5B-Base,13,0.5416666666666666,mean,en,ko,raw,r10,0.537109375,512
trillionlabs/Tri-0.5B-Base,13,0.5416666666666666,mean,en,ko,raw,mrr,0.44065130769876765,512
trillionlabs/Tri-0.5B-Base,13,0.5416666666666666,mean,en,ja,raw,r1,0.43359375,512
trillionlabs/Tri-0.5B-Base,13,0.5416666666666666,mean,en,ja,raw,r5,0.57421875,512
trillionlabs/Tri-0.5B-Base,13,0.5416666666666666,mean,en,ja,raw,r10,0.62109375,512
trillionlabs/Tri-0.5B-Base,13,0.5416666666666666,mean,en,ja,raw,mrr,0.5025438984003245,512
trillionlabs/Tri-0.5B-Base,13,0.5416666666666666,mean,en,zh,raw,r1,0.37109375,512
trillionlabs/Tri-0.5B-Base,13,0.5416666666666666,mean,en,zh,raw,r5,0.51953125,512
trillionlabs/Tri-0.5B-Base,13,0.5416666666666666,mean,en,zh,raw,r10,0.59375,512
trillionlabs/Tri-0.5B-Base,13,0.5416666666666666,mean,en,zh,raw,mrr,0.4450630407966025,512
trillionlabs/Tri-0.5B-Base,13,0.5416666666666666,mean,ko,en,raw,r1,0.25390625,512
trillionlabs/Tri-0.5B-Base,13,0.5416666666666666,mean,ko,en,raw,r5,0.310546875,512
trillionlabs/Tri-0.5B-Base,13,0.5416666666666666,mean,ko,en,raw,r10,0.326171875,512
trillionlabs/Tri-0.5B-Base,13,0.5416666666666666,mean,ko,en,raw,mrr,0.2860264618581313,512
trillionlabs/Tri-0.5B-Base,13,0.5416666666666666,mean,ko,ja,raw,r1,0.38671875,512
trillionlabs/Tri-0.5B-Base,13,0.5416666666666666,mean,ko,ja,raw,r5,0.49609375,512
trillionlabs/Tri-0.5B-Base,13,0.5416666666666666,mean,ko,ja,raw,r10,0.55078125,512
trillionlabs/Tri-0.5B-Base,13,0.5416666666666666,mean,ko,ja,raw,mrr,0.4459631986042687,512
trillionlabs/Tri-0.5B-Base,13,0.5416666666666666,mean,ko,zh,raw,r1,0.2890625,512
trillionlabs/Tri-0.5B-Base,13,0.5416666666666666,mean,ko,zh,raw,r5,0.40234375,512
trillionlabs/Tri-0.5B-Base,13,0.5416666666666666,mean,ko,zh,raw,r10,0.458984375,512
trillionlabs/Tri-0.5B-Base,13,0.5416666666666666,mean,ko,zh,raw,mrr,0.34626531611861905,512
trillionlabs/Tri-0.5B-Base,13,0.5416666666666666,mean,ja,en,raw,r1,0.345703125,512
trillionlabs/Tri-0.5B-Base,13,0.5416666666666666,mean,ja,en,raw,r5,0.4296875,512
trillionlabs/Tri-0.5B-Base,13,0.5416666666666666,mean,ja,en,raw,r10,0.46484375,512
trillionlabs/Tri-0.5B-Base,13,0.5416666666666666,mean,ja,en,raw,mrr,0.38994783654590326,512
trillionlabs/Tri-0.5B-Base,13,0.5416666666666666,mean,ja,ko,raw,r1,0.54296875,512
trillionlabs/Tri-0.5B-Base,13,0.5416666666666666,mean,ja,ko,raw,r5,0.6875,512
trillionlabs/Tri-0.5B-Base,13,0.5416666666666666,mean,ja,ko,raw,r10,0.732421875,512
trillionlabs/Tri-0.5B-Base,13,0.5416666666666666,mean,ja,ko,raw,mrr,0.6148993248791004,512
trillionlabs/Tri-0.5B-Base,13,0.5416666666666666,mean,ja,zh,raw,r1,0.595703125,512
trillionlabs/Tri-0.5B-Base,13,0.5416666666666666,mean,ja,zh,raw,r5,0.693359375,512
trillionlabs/Tri-0.5B-Base,13,0.5416666666666666,mean,ja,zh,raw,r10,0.736328125,512
trillionlabs/Tri-0.5B-Base,13,0.5416666666666666,mean,ja,zh,raw,mrr,0.6428394482938706,512
trillionlabs/Tri-0.5B-Base,13,0.5416666666666666,mean,zh,en,raw,r1,0.302734375,512
trillionlabs/Tri-0.5B-Base,13,0.5416666666666666,mean,zh,en,raw,r5,0.396484375,512
trillionlabs/Tri-0.5B-Base,13,0.5416666666666666,mean,zh,en,raw,r10,0.43359375,512
trillionlabs/Tri-0.5B-Base,13,0.5416666666666666,mean,zh,en,raw,mrr,0.3523861704019625,512
trillionlabs/Tri-0.5B-Base,13,0.5416666666666666,mean,zh,ko,raw,r1,0.48046875,512
trillionlabs/Tri-0.5B-Base,13,0.5416666666666666,mean,zh,ko,raw,r5,0.609375,512
trillionlabs/Tri-0.5B-Base,13,0.5416666666666666,mean,zh,ko,raw,r10,0.6796875,512
trillionlabs/Tri-0.5B-Base,13,0.5416666666666666,mean,zh,ko,raw,mrr,0.5475185231440667,512
trillionlabs/Tri-0.5B-Base,13,0.5416666666666666,mean,zh,ja,raw,r1,0.58984375,512
trillionlabs/Tri-0.5B-Base,13,0.5416666666666666,mean,zh,ja,raw,r5,0.69140625,512
trillionlabs/Tri-0.5B-Base,13,0.5416666666666666,mean,zh,ja,raw,r10,0.716796875,512
trillionlabs/Tri-0.5B-Base,13,0.5416666666666666,mean,zh,ja,raw,mrr,0.6416017078006913,512
trillionlabs/Tri-0.5B-Base,14,0.5833333333333334,mean,en,ko,raw,r1,0.412109375,512
trillionlabs/Tri-0.5B-Base,14,0.5833333333333334,mean,en,ko,raw,r5,0.521484375,512
trillionlabs/Tri-0.5B-Base,14,0.5833333333333334,mean,en,ko,raw,r10,0.5546875,512
trillionlabs/Tri-0.5B-Base,14,0.5833333333333334,mean,en,ko,raw,mrr,0.46331429439877003,512
trillionlabs/Tri-0.5B-Base,14,0.5833333333333334,mean,en,ja,raw,r1,0.466796875,512
trillionlabs/Tri-0.5B-Base,14,0.5833333333333334,mean,en,ja,raw,r5,0.583984375,512
trillionlabs/Tri-0.5B-Base,14,0.5833333333333334,mean,en,ja,raw,r10,0.63671875,512
trillionlabs/Tri-0.5B-Base,14,0.5833333333333334,mean,en,ja,raw,mrr,0.5255364652348135,512
trillionlabs/Tri-0.5B-Base,14,0.5833333333333334,mean,en,zh,raw,r1,0.39453125,512
trillionlabs/Tri-0.5B-Base,14,0.5833333333333334,mean,en,zh,raw,r5,0.556640625,512
trillionlabs/Tri-0.5B-Base,14,0.5833333333333334,mean,en,zh,raw,r10,0.6171875,512
trillionlabs/Tri-0.5B-Base,14,0.5833333333333334,mean,en,zh,raw,mrr,0.47071420357367927,512
trillionlabs/Tri-0.5B-Base,14,0.5833333333333334,mean,ko,en,raw,r1,0.255859375,512
trillionlabs/Tri-0.5B-Base,14,0.5833333333333334,mean,ko,en,raw,r5,0.3203125,512
trillionlabs/Tri-0.5B-Base,14,0.5833333333333334,mean,ko,en,raw,r10,0.333984375,512
trillionlabs/Tri-0.5B-Base,14,0.5833333333333334,mean,ko,en,raw,mrr,0.29224558498543424,512
trillionlabs/Tri-0.5B-Base,14,0.5833333333333334,mean,ko,ja,raw,r1,0.390625,512
trillionlabs/Tri-0.5B-Base,14,0.5833333333333334,mean,ko,ja,raw,r5,0.48828125,512
trillionlabs/Tri-0.5B-Base,14,0.5833333333333334,mean,ko,ja,raw,r10,0.546875,512
trillionlabs/Tri-0.5B-Base,14,0.5833333333333334,mean,ko,ja,raw,mrr,0.4437705980260501,512
trillionlabs/Tri-0.5B-Base,14,0.5833333333333334,mean,ko,zh,raw,r1,0.29296875,512
trillionlabs/Tri-0.5B-Base,14,0.5833333333333334,mean,ko,zh,raw,r5,0.412109375,512
trillionlabs/Tri-0.5B-Base,14,0.5833333333333334,mean,ko,zh,raw,r10,0.462890625,512
trillionlabs/Tri-0.5B-Base,14,0.5833333333333334,mean,ko,zh,raw,mrr,0.35149381316194694,512
trillionlabs/Tri-0.5B-Base,14,0.5833333333333334,mean,ja,en,raw,r1,0.359375,512
trillionlabs/Tri-0.5B-Base,14,0.5833333333333334,mean,ja,en,raw,r5,0.4375,512
trillionlabs/Tri-0.5B-Base,14,0.5833333333333334,mean,ja,en,raw,r10,0.46875,512
trillionlabs/Tri-0.5B-Base,14,0.5833333333333334,mean,ja,en,raw,mrr,0.4011923478898285,512
trillionlabs/Tri-0.5B-Base,14,0.5833333333333334,mean,ja,ko,raw,r1,0.560546875,512
trillionlabs/Tri-0.5B-Base,14,0.5833333333333334,mean,ja,ko,raw,r5,0.705078125,512
trillionlabs/Tri-0.5B-Base,14,0.5833333333333334,mean,ja,ko,raw,r10,0.75,512
trillionlabs/Tri-0.5B-Base,14,0.5833333333333334,mean,ja,ko,raw,mrr,0.6308821481781164,512
trillionlabs/Tri-0.5B-Base,14,0.5833333333333334,mean,ja,zh,raw,r1,0.578125,512
trillionlabs/Tri-0.5B-Base,14,0.5833333333333334,mean,ja,zh,raw,r5,0.697265625,512
trillionlabs/Tri-0.5B-Base,14,0.5833333333333334,mean,ja,zh,raw,r10,0.732421875,512
trillionlabs/Tri-0.5B-Base,14,0.5833333333333334,mean,ja,zh,raw,mrr,0.6346061626554625,512
trillionlabs/Tri-0.5B-Base,14,0.5833333333333334,mean,zh,en,raw,r1,0.31640625,512
trillionlabs/Tri-0.5B-Base,14,0.5833333333333334,mean,zh,en,raw,r5,0.40625,512
trillionlabs/Tri-0.5B-Base,14,0.5833333333333334,mean,zh,en,raw,r10,0.44921875,512
trillionlabs/Tri-0.5B-Base,14,0.5833333333333334,mean,zh,en,raw,mrr,0.3660560914002523,512
trillionlabs/Tri-0.5B-Base,14,0.5833333333333334,mean,zh,ko,raw,r1,0.501953125,512
trillionlabs/Tri-0.5B-Base,14,0.5833333333333334,mean,zh,ko,raw,r5,0.642578125,512
trillionlabs/Tri-0.5B-Base,14,0.5833333333333334,mean,zh,ko,raw,r10,0.703125,512
trillionlabs/Tri-0.5B-Base,14,0.5833333333333334,mean,zh,ko,raw,mrr,0.5681598865047195,512
trillionlabs/Tri-0.5B-Base,14,0.5833333333333334,mean,zh,ja,raw,r1,0.583984375,512
trillionlabs/Tri-0.5B-Base,14,0.5833333333333334,mean,zh,ja,raw,r5,0.68359375,512
trillionlabs/Tri-0.5B-Base,14,0.5833333333333334,mean,zh,ja,raw,r10,0.716796875,512
trillionlabs/Tri-0.5B-Base,14,0.5833333333333334,mean,zh,ja,raw,mrr,0.6314793230192836,512
trillionlabs/Tri-0.5B-Base,15,0.625,mean,en,ko,raw,r1,0.451171875,512
trillionlabs/Tri-0.5B-Base,15,0.625,mean,en,ko,raw,r5,0.5546875,512
trillionlabs/Tri-0.5B-Base,15,0.625,mean,en,ko,raw,r10,0.580078125,512
trillionlabs/Tri-0.5B-Base,15,0.625,mean,en,ko,raw,mrr,0.5004142164286525,512
trillionlabs/Tri-0.5B-Base,15,0.625,mean,en,ja,raw,r1,0.521484375,512
trillionlabs/Tri-0.5B-Base,15,0.625,mean,en,ja,raw,r5,0.638671875,512
trillionlabs/Tri-0.5B-Base,15,0.625,mean,en,ja,raw,r10,0.67578125,512
trillionlabs/Tri-0.5B-Base,15,0.625,mean,en,ja,raw,mrr,0.577282622885531,512
trillionlabs/Tri-0.5B-Base,15,0.625,mean,en,zh,raw,r1,0.447265625,512
trillionlabs/Tri-0.5B-Base,15,0.625,mean,en,zh,raw,r5,0.6171875,512
trillionlabs/Tri-0.5B-Base,15,0.625,mean,en,zh,raw,r10,0.662109375,512
trillionlabs/Tri-0.5B-Base,15,0.625,mean,en,zh,raw,mrr,0.5290073835539986,512
trillionlabs/Tri-0.5B-Base,15,0.625,mean,ko,en,raw,r1,0.271484375,512
trillionlabs/Tri-0.5B-Base,15,0.625,mean,ko,en,raw,r5,0.314453125,512
trillionlabs/Tri-0.5B-Base,15,0.625,mean,ko,en,raw,r10,0.341796875,512
trillionlabs/Tri-0.5B-Base,15,0.625,mean,ko,en,raw,mrr,0.2992235730335239,512
trillionlabs/Tri-0.5B-Base,15,0.625,mean,ko,ja,raw,r1,0.404296875,512
trillionlabs/Tri-0.5B-Base,15,0.625,mean,ko,ja,raw,r5,0.515625,512
trillionlabs/Tri-0.5B-Base,15,0.625,mean,ko,ja,raw,r10,0.552734375,512
trillionlabs/Tri-0.5B-Base,15,0.625,mean,ko,ja,raw,mrr,0.45752478715720857,512
trillionlabs/Tri-0.5B-Base,15,0.625,mean,ko,zh,raw,r1,0.30078125,512
trillionlabs/Tri-0.5B-Base,15,0.625,mean,ko,zh,raw,r5,0.41015625,512
trillionlabs/Tri-0.5B-Base,15,0.625,mean,ko,zh,raw,r10,0.46484375,512
trillionlabs/Tri-0.5B-Base,15,0.625,mean,ko,zh,raw,mrr,0.35915087514960564,512
trillionlabs/Tri-0.5B-Base,15,0.625,mean,ja,en,raw,r1,0.3671875,512
trillionlabs/Tri-0.5B-Base,15,0.625,mean,ja,en,raw,r5,0.4453125,512
trillionlabs/Tri-0.5B-Base,15,0.625,mean,ja,en,raw,r10,0.48046875,512
trillionlabs/Tri-0.5B-Base,15,0.625,mean,ja,en,raw,mrr,0.4094512283385252,512
trillionlabs/Tri-0.5B-Base,15,0.625,mean,ja,ko,raw,r1,0.591796875,512
trillionlabs/Tri-0.5B-Base,15,0.625,mean,ja,ko,raw,r5,0.736328125,512
trillionlabs/Tri-0.5B-Base,15,0.625,mean,ja,ko,raw,r10,0.771484375,512
trillionlabs/Tri-0.5B-Base,15,0.625,mean,ja,ko,raw,mrr,0.6601015554126284,512
trillionlabs/Tri-0.5B-Base,15,0.625,mean,ja,zh,raw,r1,0.603515625,512
trillionlabs/Tri-0.5B-Base,15,0.625,mean,ja,zh,raw,r5,0.71875,512
trillionlabs/Tri-0.5B-Base,15,0.625,mean,ja,zh,raw,r10,0.75,512
trillionlabs/Tri-0.5B-Base,15,0.625,mean,ja,zh,raw,mrr,0.6556883314246273,512
trillionlabs/Tri-0.5B-Base,15,0.625,mean,zh,en,raw,r1,0.337890625,512
trillionlabs/Tri-0.5B-Base,15,0.625,mean,zh,en,raw,r5,0.435546875,512
trillionlabs/Tri-0.5B-Base,15,0.625,mean,zh,en,raw,r10,0.484375,512
trillionlabs/Tri-0.5B-Base,15,0.625,mean,zh,en,raw,mrr,0.38884868935766026,512
trillionlabs/Tri-0.5B-Base,15,0.625,mean,zh,ko,raw,r1,0.541015625,512
trillionlabs/Tri-0.5B-Base,15,0.625,mean,zh,ko,raw,r5,0.677734375,512
trillionlabs/Tri-0.5B-Base,15,0.625,mean,zh,ko,raw,r10,0.72265625,512
trillionlabs/Tri-0.5B-Base,15,0.625,mean,zh,ko,raw,mrr,0.6061763383818338,512
trillionlabs/Tri-0.5B-Base,15,0.625,mean,zh,ja,raw,r1,0.59375,512
trillionlabs/Tri-0.5B-Base,15,0.625,mean,zh,ja,raw,r5,0.6953125,512
trillionlabs/Tri-0.5B-Base,15,0.625,mean,zh,ja,raw,r10,0.732421875,512
trillionlabs/Tri-0.5B-Base,15,0.625,mean,zh,ja,raw,mrr,0.6409863429447865,512
trillionlabs/Tri-0.5B-Base,16,0.6666666666666666,mean,en,ko,raw,r1,0.470703125,512
trillionlabs/Tri-0.5B-Base,16,0.6666666666666666,mean,en,ko,raw,r5,0.587890625,512
trillionlabs/Tri-0.5B-Base,16,0.6666666666666666,mean,en,ko,raw,r10,0.626953125,512
trillionlabs/Tri-0.5B-Base,16,0.6666666666666666,mean,en,ko,raw,mrr,0.5337644809254769,512
trillionlabs/Tri-0.5B-Base,16,0.6666666666666666,mean,en,ja,raw,r1,0.560546875,512
trillionlabs/Tri-0.5B-Base,16,0.6666666666666666,mean,en,ja,raw,r5,0.6953125,512
trillionlabs/Tri-0.5B-Base,16,0.6666666666666666,mean,en,ja,raw,r10,0.732421875,512
trillionlabs/Tri-0.5B-Base,16,0.6666666666666666,mean,en,ja,raw,mrr,0.6248047110488455,512
trillionlabs/Tri-0.5B-Base,16,0.6666666666666666,mean,en,zh,raw,r1,0.517578125,512
trillionlabs/Tri-0.5B-Base,16,0.6666666666666666,mean,en,zh,raw,r5,0.666015625,512
trillionlabs/Tri-0.5B-Base,16,0.6666666666666666,mean,en,zh,raw,r10,0.712890625,512
trillionlabs/Tri-0.5B-Base,16,0.6666666666666666,mean,en,zh,raw,mrr,0.5872097316803294,512
trillionlabs/Tri-0.5B-Base,16,0.6666666666666666,mean,ko,en,raw,r1,0.267578125,512
trillionlabs/Tri-0.5B-Base,16,0.6666666666666666,mean,ko,en,raw,r5,0.32421875,512
trillionlabs/Tri-0.5B-Base,16,0.6666666666666666,mean,ko,en,raw,r10,0.34375,512
trillionlabs/Tri-0.5B-Base,16,0.6666666666666666,mean,ko,en,raw,mrr,0.300421440226713,512
trillionlabs/Tri-0.5B-Base,16,0.6666666666666666,mean,ko,ja,raw,r1,0.451171875,512
trillionlabs/Tri-0.5B-Base,16,0.6666666666666666,mean,ko,ja,raw,r5,0.552734375,512
trillionlabs/Tri-0.5B-Base,16,0.6666666666666666,mean,ko,ja,raw,r10,0.61328125,512
trillionlabs/Tri-0.5B-Base,16,0.6666666666666666,mean,ko,ja,raw,mrr,0.5017314682673613,512
trillionlabs/Tri-0.5B-Base,16,0.6666666666666666,mean,ko,zh,raw,r1,0.349609375,512
trillionlabs/Tri-0.5B-Base,16,0.6666666666666666,mean,ko,zh,raw,r5,0.4609375,512
trillionlabs/Tri-0.5B-Base,16,0.6666666666666666,mean,ko,zh,raw,r10,0.51953125,512
trillionlabs/Tri-0.5B-Base,16,0.6666666666666666,mean,ko,zh,raw,mrr,0.40954127396144446,512
trillionlabs/Tri-0.5B-Base,16,0.6666666666666666,mean,ja,en,raw,r1,0.3671875,512
trillionlabs/Tri-0.5B-Base,16,0.6666666666666666,mean,ja,en,raw,r5,0.451171875,512
trillionlabs/Tri-0.5B-Base,16,0.6666666666666666,mean,ja,en,raw,r10,0.484375,512
trillionlabs/Tri-0.5B-Base,16,0.6666666666666666,mean,ja,en,raw,mrr,0.40955699905786375,512
trillionlabs/Tri-0.5B-Base,16,0.6666666666666666,mean,ja,ko,raw,r1,0.658203125,512
trillionlabs/Tri-0.5B-Base,16,0.6666666666666666,mean,ja,ko,raw,r5,0.78515625,512
trillionlabs/Tri-0.5B-Base,16,0.6666666666666666,mean,ja,ko,raw,r10,0.83203125,512
trillionlabs/Tri-0.5B-Base,16,0.6666666666666666,mean,ja,ko,raw,mrr,0.7161057890012757,512
trillionlabs/Tri-0.5B-Base,16,0.6666666666666666,mean,ja,zh,raw,r1,0.626953125,512
trillionlabs/Tri-0.5B-Base,16,0.6666666666666666,mean,ja,zh,raw,r5,0.73046875,512
trillionlabs/Tri-0.5B-Base,16,0.6666666666666666,mean,ja,zh,raw,r10,0.771484375,512
trillionlabs/Tri-0.5B-Base,16,0.6666666666666666,mean,ja,zh,raw,mrr,0.6788825854382439,512
trillionlabs/Tri-0.5B-Base,16,0.6666666666666666,mean,zh,en,raw,r1,0.359375,512
trillionlabs/Tri-0.5B-Base,16,0.6666666666666666,mean,zh,en,raw,r5,0.455078125,512
trillionlabs/Tri-0.5B-Base,16,0.6666666666666666,mean,zh,en,raw,r10,0.498046875,512
trillionlabs/Tri-0.5B-Base,16,0.6666666666666666,mean,zh,en,raw,mrr,0.4080657658498587,512
trillionlabs/Tri-0.5B-Base,16,0.6666666666666666,mean,zh,ko,raw,r1,0.60546875,512
trillionlabs/Tri-0.5B-Base,16,0.6666666666666666,mean,zh,ko,raw,r5,0.728515625,512
trillionlabs/Tri-0.5B-Base,16,0.6666666666666666,mean,zh,ko,raw,r10,0.748046875,512
trillionlabs/Tri-0.5B-Base,16,0.6666666666666666,mean,zh,ko,raw,mrr,0.6622013005647462,512
trillionlabs/Tri-0.5B-Base,16,0.6666666666666666,mean,zh,ja,raw,r1,0.62109375,512
trillionlabs/Tri-0.5B-Base,16,0.6666666666666666,mean,zh,ja,raw,r5,0.728515625,512
trillionlabs/Tri-0.5B-Base,16,0.6666666666666666,mean,zh,ja,raw,r10,0.767578125,512
trillionlabs/Tri-0.5B-Base,16,0.6666666666666666,mean,zh,ja,raw,mrr,0.6731984581838693,512
trillionlabs/Tri-0.5B-Base,17,0.7083333333333334,mean,en,ko,raw,r1,0.49609375,512
trillionlabs/Tri-0.5B-Base,17,0.7083333333333334,mean,en,ko,raw,r5,0.619140625,512
trillionlabs/Tri-0.5B-Base,17,0.7083333333333334,mean,en,ko,raw,r10,0.68359375,512
trillionlabs/Tri-0.5B-Base,17,0.7083333333333334,mean,en,ko,raw,mrr,0.5624481217688089,512
trillionlabs/Tri-0.5B-Base,17,0.7083333333333334,mean,en,ja,raw,r1,0.5703125,512
trillionlabs/Tri-0.5B-Base,17,0.7083333333333334,mean,en,ja,raw,r5,0.701171875,512
trillionlabs/Tri-0.5B-Base,17,0.7083333333333334,mean,en,ja,raw,r10,0.7578125,512
trillionlabs/Tri-0.5B-Base,17,0.7083333333333334,mean,en,ja,raw,mrr,0.6353783002117332,512
trillionlabs/Tri-0.5B-Base,17,0.7083333333333334,mean,en,zh,raw,r1,0.5625,512
trillionlabs/Tri-0.5B-Base,17,0.7083333333333334,mean,en,zh,raw,r5,0.693359375,512
trillionlabs/Tri-0.5B-Base,17,0.7083333333333334,mean,en,zh,raw,r10,0.736328125,512
trillionlabs/Tri-0.5B-Base,17,0.7083333333333334,mean,en,zh,raw,mrr,0.6252918977914133,512
trillionlabs/Tri-0.5B-Base,17,0.7083333333333334,mean,ko,en,raw,r1,0.2421875,512
trillionlabs/Tri-0.5B-Base,17,0.7083333333333334,mean,ko,en,raw,r5,0.30078125,512
trillionlabs/Tri-0.5B-Base,17,0.7083333333333334,mean,ko,en,raw,r10,0.328125,512
trillionlabs/Tri-0.5B-Base,17,0.7083333333333334,mean,ko,en,raw,mrr,0.2746171897996619,512
trillionlabs/Tri-0.5B-Base,17,0.7083333333333334,mean,ko,ja,raw,r1,0.4140625,512
trillionlabs/Tri-0.5B-Base,17,0.7083333333333334,mean,ko,ja,raw,r5,0.529296875,512
trillionlabs/Tri-0.5B-Base,17,0.7083333333333334,mean,ko,ja,raw,r10,0.568359375,512
trillionlabs/Tri-0.5B-Base,17,0.7083333333333334,mean,ko,ja,raw,mrr,0.4686516607005329,512
trillionlabs/Tri-0.5B-Base,17,0.7083333333333334,mean,ko,zh,raw,r1,0.318359375,512
trillionlabs/Tri-0.5B-Base,17,0.7083333333333334,mean,ko,zh,raw,r5,0.408203125,512
trillionlabs/Tri-0.5B-Base,17,0.7083333333333334,mean,ko,zh,raw,r10,0.466796875,512
trillionlabs/Tri-0.5B-Base,17,0.7083333333333334,mean,ko,zh,raw,mrr,0.3682742714371031,512
trillionlabs/Tri-0.5B-Base,17,0.7083333333333334,mean,ja,en,raw,r1,0.330078125,512
trillionlabs/Tri-0.5B-Base,17,0.7083333333333334,mean,ja,en,raw,r5,0.40234375,512
trillionlabs/Tri-0.5B-Base,17,0.7083333333333334,mean,ja,en,raw,r10,0.435546875,512
trillionlabs/Tri-0.5B-Base,17,0.7083333333333334,mean,ja,en,raw,mrr,0.3693806593843866,512
trillionlabs/Tri-0.5B-Base,17,0.7083333333333334,mean,ja,ko,raw,r1,0.671875,512
trillionlabs/Tri-0.5B-Base,17,0.7083333333333334,mean,ja,ko,raw,r5,0.80078125,512
trillionlabs/Tri-0.5B-Base,17,0.7083333333333334,mean,ja,ko,raw,r10,0.841796875,512
trillionlabs/Tri-0.5B-Base,17,0.7083333333333334,mean,ja,ko,raw,mrr,0.7312453166914998,512
trillionlabs/Tri-0.5B-Base,17,0.7083333333333334,mean,ja,zh,raw,r1,0.615234375,512
trillionlabs/Tri-0.5B-Base,17,0.7083333333333334,mean,ja,zh,raw,r5,0.724609375,512
trillionlabs/Tri-0.5B-Base,17,0.7083333333333334,mean,ja,zh,raw,r10,0.751953125,512
trillionlabs/Tri-0.5B-Base,17,0.7083333333333334,mean,ja,zh,raw,mrr,0.6630062187782138,512
trillionlabs/Tri-0.5B-Base,17,0.7083333333333334,mean,zh,en,raw,r1,0.353515625,512
trillionlabs/Tri-0.5B-Base,17,0.7083333333333334,mean,zh,en,raw,r5,0.4453125,512
trillionlabs/Tri-0.5B-Base,17,0.7083333333333334,mean,zh,en,raw,r10,0.486328125,512
trillionlabs/Tri-0.5B-Base,17,0.7083333333333334,mean,zh,en,raw,mrr,0.4024340748968287,512
trillionlabs/Tri-0.5B-Base,17,0.7083333333333334,mean,zh,ko,raw,r1,0.615234375,512
trillionlabs/Tri-0.5B-Base,17,0.7083333333333334,mean,zh,ko,raw,r5,0.732421875,512
trillionlabs/Tri-0.5B-Base,17,0.7083333333333334,mean,zh,ko,raw,r10,0.775390625,512
trillionlabs/Tri-0.5B-Base,17,0.7083333333333334,mean,zh,ko,raw,mrr,0.6736001906977482,512
trillionlabs/Tri-0.5B-Base,17,0.7083333333333334,mean,zh,ja,raw,r1,0.626953125,512
trillionlabs/Tri-0.5B-Base,17,0.7083333333333334,mean,zh,ja,raw,r5,0.751953125,512
trillionlabs/Tri-0.5B-Base,17,0.7083333333333334,mean,zh,ja,raw,r10,0.775390625,512
trillionlabs/Tri-0.5B-Base,17,0.7083333333333334,mean,zh,ja,raw,mrr,0.6804807797259662,512
trillionlabs/Tri-0.5B-Base,18,0.75,mean,en,ko,raw,r1,0.470703125,512
trillionlabs/Tri-0.5B-Base,18,0.75,mean,en,ko,raw,r5,0.625,512
trillionlabs/Tri-0.5B-Base,18,0.75,mean,en,ko,raw,r10,0.68359375,512
trillionlabs/Tri-0.5B-Base,18,0.75,mean,en,ko,raw,mrr,0.5441201939129987,512
trillionlabs/Tri-0.5B-Base,18,0.75,mean,en,ja,raw,r1,0.55078125,512
trillionlabs/Tri-0.5B-Base,18,0.75,mean,en,ja,raw,r5,0.685546875,512
trillionlabs/Tri-0.5B-Base,18,0.75,mean,en,ja,raw,r10,0.734375,512
trillionlabs/Tri-0.5B-Base,18,0.75,mean,en,ja,raw,mrr,0.6170232686021746,512
trillionlabs/Tri-0.5B-Base,18,0.75,mean,en,zh,raw,r1,0.59375,512
trillionlabs/Tri-0.5B-Base,18,0.75,mean,en,zh,raw,r5,0.693359375,512
trillionlabs/Tri-0.5B-Base,18,0.75,mean,en,zh,raw,r10,0.736328125,512
trillionlabs/Tri-0.5B-Base,18,0.75,mean,en,zh,raw,mrr,0.6421945763531198,512
trillionlabs/Tri-0.5B-Base,18,0.75,mean,ko,en,raw,r1,0.216796875,512
trillionlabs/Tri-0.5B-Base,18,0.75,mean,ko,en,raw,r5,0.28125,512
trillionlabs/Tri-0.5B-Base,18,0.75,mean,ko,en,raw,r10,0.3046875,512
trillionlabs/Tri-0.5B-Base,18,0.75,mean,ko,en,raw,mrr,0.25219428752157175,512
trillionlabs/Tri-0.5B-Base,18,0.75,mean,ko,ja,raw,r1,0.41015625,512
trillionlabs/Tri-0.5B-Base,18,0.75,mean,ko,ja,raw,r5,0.5234375,512
trillionlabs/Tri-0.5B-Base,18,0.75,mean,ko,ja,raw,r10,0.576171875,512
trillionlabs/Tri-0.5B-Base,18,0.75,mean,ko,ja,raw,mrr,0.4692106142449927,512
trillionlabs/Tri-0.5B-Base,18,0.75,mean,ko,zh,raw,r1,0.302734375,512
trillionlabs/Tri-0.5B-Base,18,0.75,mean,ko,zh,raw,r5,0.392578125,512
trillionlabs/Tri-0.5B-Base,18,0.75,mean,ko,zh,raw,r10,0.4375,512
trillionlabs/Tri-0.5B-Base,18,0.75,mean,ko,zh,raw,mrr,0.35489819023763114,512
trillionlabs/Tri-0.5B-Base,18,0.75,mean,ja,en,raw,r1,0.31640625,512
trillionlabs/Tri-0.5B-Base,18,0.75,mean,ja,en,raw,r5,0.3828125,512
trillionlabs/Tri-0.5B-Base,18,0.75,mean,ja,en,raw,r10,0.427734375,512
trillionlabs/Tri-0.5B-Base,18,0.75,mean,ja,en,raw,mrr,0.35321989083583943,512
trillionlabs/Tri-0.5B-Base,18,0.75,mean,ja,ko,raw,r1,0.681640625,512
trillionlabs/Tri-0.5B-Base,18,0.75,mean,ja,ko,raw,r5,0.81640625,512
trillionlabs/Tri-0.5B-Base,18,0.75,mean,ja,ko,raw,r10,0.849609375,512
trillionlabs/Tri-0.5B-Base,18,0.75,mean,ja,ko,raw,mrr,0.7436688803219134,512
trillionlabs/Tri-0.5B-Base,18,0.75,mean,ja,zh,raw,r1,0.6015625,512
trillionlabs/Tri-0.5B-Base,18,0.75,mean,ja,zh,raw,r5,0.6953125,512
trillionlabs/Tri-0.5B-Base,18,0.75,mean,ja,zh,raw,r10,0.72265625,512
trillionlabs/Tri-0.5B-Base,18,0.75,mean,ja,zh,raw,mrr,0.6466661894377599,512
trillionlabs/Tri-0.5B-Base,18,0.75,mean,zh,en,raw,r1,0.359375,512
trillionlabs/Tri-0.5B-Base,18,0.75,mean,zh,en,raw,r5,0.451171875,512
trillionlabs/Tri-0.5B-Base,18,0.75,mean,zh,en,raw,r10,0.498046875,512
trillionlabs/Tri-0.5B-Base,18,0.75,mean,zh,en,raw,mrr,0.40987228582881746,512
trillionlabs/Tri-0.5B-Base,18,0.75,mean,zh,ko,raw,r1,0.607421875,512
trillionlabs/Tri-0.5B-Base,18,0.75,mean,zh,ko,raw,r5,0.73828125,512
trillionlabs/Tri-0.5B-Base,18,0.75,mean,zh,ko,raw,r10,0.78515625,512
trillionlabs/Tri-0.5B-Base,18,0.75,mean,zh,ko,raw,mrr,0.6692530628957238,512
trillionlabs/Tri-0.5B-Base,18,0.75,mean,zh,ja,raw,r1,0.65234375,512
trillionlabs/Tri-0.5B-Base,18,0.75,mean,zh,ja,raw,r5,0.74609375,512
trillionlabs/Tri-0.5B-Base,18,0.75,mean,zh,ja,raw,r10,0.783203125,512
trillionlabs/Tri-0.5B-Base,18,0.75,mean,zh,ja,raw,mrr,0.6992968524198212,512
trillionlabs/Tri-0.5B-Base,19,0.7916666666666666,mean,en,ko,raw,r1,0.478515625,512
trillionlabs/Tri-0.5B-Base,19,0.7916666666666666,mean,en,ko,raw,r5,0.63671875,512
trillionlabs/Tri-0.5B-Base,19,0.7916666666666666,mean,en,ko,raw,r10,0.685546875,512
trillionlabs/Tri-0.5B-Base,19,0.7916666666666666,mean,en,ko,raw,mrr,0.5518815857498807,512
trillionlabs/Tri-0.5B-Base,19,0.7916666666666666,mean,en,ja,raw,r1,0.54296875,512
trillionlabs/Tri-0.5B-Base,19,0.7916666666666666,mean,en,ja,raw,r5,0.681640625,512
trillionlabs/Tri-0.5B-Base,19,0.7916666666666666,mean,en,ja,raw,r10,0.734375,512
trillionlabs/Tri-0.5B-Base,19,0.7916666666666666,mean,en,ja,raw,mrr,0.6084110366001961,512
trillionlabs/Tri-0.5B-Base,19,0.7916666666666666,mean,en,zh,raw,r1,0.572265625,512
trillionlabs/Tri-0.5B-Base,19,0.7916666666666666,mean,en,zh,raw,r5,0.677734375,512
trillionlabs/Tri-0.5B-Base,19,0.7916666666666666,mean,en,zh,raw,r10,0.724609375,512
trillionlabs/Tri-0.5B-Base,19,0.7916666666666666,mean,en,zh,raw,mrr,0.6257246369796576,512
trillionlabs/Tri-0.5B-Base,19,0.7916666666666666,mean,ko,en,raw,r1,0.20703125,512
trillionlabs/Tri-0.5B-Base,19,0.7916666666666666,mean,ko,en,raw,r5,0.255859375,512
trillionlabs/Tri-0.5B-Base,19,0.7916666666666666,mean,ko,en,raw,r10,0.28125,512
trillionlabs/Tri-0.5B-Base,19,0.7916666666666666,mean,ko,en,raw,mrr,0.2363831634021432,512
trillionlabs/Tri-0.5B-Base,19,0.7916666666666666,mean,ko,ja,raw,r1,0.349609375,512
trillionlabs/Tri-0.5B-Base,19,0.7916666666666666,mean,ko,ja,raw,r5,0.4453125,512
trillionlabs/Tri-0.5B-Base,19,0.7916666666666666,mean,ko,ja,raw,r10,0.505859375,512
trillionlabs/Tri-0.5B-Base,19,0.7916666666666666,mean,ko,ja,raw,mrr,0.4027404427508706,512
trillionlabs/Tri-0.5B-Base,19,0.7916666666666666,mean,ko,zh,raw,r1,0.20703125,512
trillionlabs/Tri-0.5B-Base,19,0.7916666666666666,mean,ko,zh,raw,r5,0.314453125,512
trillionlabs/Tri-0.5B-Base,19,0.7916666666666666,mean,ko,zh,raw,r10,0.365234375,512
trillionlabs/Tri-0.5B-Base,19,0.7916666666666666,mean,ko,zh,raw,mrr,0.26299617983184576,512
trillionlabs/Tri-0.5B-Base,19,0.7916666666666666,mean,ja,en,raw,r1,0.294921875,512
trillionlabs/Tri-0.5B-Base,19,0.7916666666666666,mean,ja,en,raw,r5,0.373046875,512
trillionlabs/Tri-0.5B-Base,19,0.7916666666666666,mean,ja,en,raw,r10,0.419921875,512
trillionlabs/Tri-0.5B-Base,19,0.7916666666666666,mean,ja,en,raw,mrr,0.3392716751652872,512
trillionlabs/Tri-0.5B-Base,19,0.7916666666666666,mean,ja,ko,raw,r1,0.6796875,512
trillionlabs/Tri-0.5B-Base,19,0.7916666666666666,mean,ja,ko,raw,r5,0.814453125,512
trillionlabs/Tri-0.5B-Base,19,0.7916666666666666,mean,ja,ko,raw,r10,0.849609375,512
trillionlabs/Tri-0.5B-Base,19,0.7916666666666666,mean,ja,ko,raw,mrr,0.740708358740626,512
trillionlabs/Tri-0.5B-Base,19,0.7916666666666666,mean,ja,zh,raw,r1,0.58203125,512
trillionlabs/Tri-0.5B-Base,19,0.7916666666666666,mean,ja,zh,raw,r5,0.6484375,512
trillionlabs/Tri-0.5B-Base,19,0.7916666666666666,mean,ja,zh,raw,r10,0.69140625,512
trillionlabs/Tri-0.5B-Base,19,0.7916666666666666,mean,ja,zh,raw,mrr,0.6195965487317716,512
trillionlabs/Tri-0.5B-Base,19,0.7916666666666666,mean,zh,en,raw,r1,0.353515625,512
trillionlabs/Tri-0.5B-Base,19,0.7916666666666666,mean,zh,en,raw,r5,0.4453125,512
trillionlabs/Tri-0.5B-Base,19,0.7916666666666666,mean,zh,en,raw,r10,0.482421875,512
trillionlabs/Tri-0.5B-Base,19,0.7916666666666666,mean,zh,en,raw,mrr,0.3998791066257755,512
trillionlabs/Tri-0.5B-Base,19,0.7916666666666666,mean,zh,ko,raw,r1,0.591796875,512
trillionlabs/Tri-0.5B-Base,19,0.7916666666666666,mean,zh,ko,raw,r5,0.736328125,512
trillionlabs/Tri-0.5B-Base,19,0.7916666666666666,mean,zh,ko,raw,r10,0.787109375,512
trillionlabs/Tri-0.5B-Base,19,0.7916666666666666,mean,zh,ko,raw,mrr,0.6631087546281192,512
trillionlabs/Tri-0.5B-Base,19,0.7916666666666666,mean,zh,ja,raw,r1,0.640625,512
trillionlabs/Tri-0.5B-Base,19,0.7916666666666666,mean,zh,ja,raw,r5,0.734375,512
trillionlabs/Tri-0.5B-Base,19,0.7916666666666666,mean,zh,ja,raw,r10,0.779296875,512
trillionlabs/Tri-0.5B-Base,19,0.7916666666666666,mean,zh,ja,raw,mrr,0.689230482693054,512
trillionlabs/Tri-0.5B-Base,20,0.8333333333333334,mean,en,ko,raw,r1,0.5390625,512
trillionlabs/Tri-0.5B-Base,20,0.8333333333333334,mean,en,ko,raw,r5,0.685546875,512
trillionlabs/Tri-0.5B-Base,20,0.8333333333333334,mean,en,ko,raw,r10,0.724609375,512
trillionlabs/Tri-0.5B-Base,20,0.8333333333333334,mean,en,ko,raw,mrr,0.6059411131772268,512
trillionlabs/Tri-0.5B-Base,20,0.8333333333333334,mean,en,ja,raw,r1,0.578125,512
trillionlabs/Tri-0.5B-Base,20,0.8333333333333334,mean,en,ja,raw,r5,0.71484375,512
trillionlabs/Tri-0.5B-Base,20,0.8333333333333334,mean,en,ja,raw,r10,0.759765625,512
trillionlabs/Tri-0.5B-Base,20,0.8333333333333334,mean,en,ja,raw,mrr,0.6456020096255696,512
trillionlabs/Tri-0.5B-Base,20,0.8333333333333334,mean,en,zh,raw,r1,0.611328125,512
trillionlabs/Tri-0.5B-Base,20,0.8333333333333334,mean,en,zh,raw,r5,0.708984375,512
trillionlabs/Tri-0.5B-Base,20,0.8333333333333334,mean,en,zh,raw,r10,0.740234375,512
trillionlabs/Tri-0.5B-Base,20,0.8333333333333334,mean,en,zh,raw,mrr,0.6590545990815551,512
trillionlabs/Tri-0.5B-Base,20,0.8333333333333334,mean,ko,en,raw,r1,0.2265625,512
trillionlabs/Tri-0.5B-Base,20,0.8333333333333334,mean,ko,en,raw,r5,0.26171875,512
trillionlabs/Tri-0.5B-Base,20,0.8333333333333334,mean,ko,en,raw,r10,0.294921875,512
trillionlabs/Tri-0.5B-Base,20,0.8333333333333334,mean,ko,en,raw,mrr,0.2526572696233758,512
trillionlabs/Tri-0.5B-Base,20,0.8333333333333334,mean,ko,ja,raw,r1,0.396484375,512
trillionlabs/Tri-0.5B-Base,20,0.8333333333333334,mean,ko,ja,raw,r5,0.51171875,512
trillionlabs/Tri-0.5B-Base,20,0.8333333333333334,mean,ko,ja,raw,r10,0.55078125,512
trillionlabs/Tri-0.5B-Base,20,0.8333333333333334,mean,ko,ja,raw,mrr,0.4527920339114873,512
trillionlabs/Tri-0.5B-Base,20,0.8333333333333334,mean,ko,zh,raw,r1,0.23046875,512
trillionlabs/Tri-0.5B-Base,20,0.8333333333333334,mean,ko,zh,raw,r5,0.337890625,512
trillionlabs/Tri-0.5B-Base,20,0.8333333333333334,mean,ko,zh,raw,r10,0.384765625,512
trillionlabs/Tri-0.5B-Base,20,0.8333333333333334,mean,ko,zh,raw,mrr,0.28815873431182415,512
trillionlabs/Tri-0.5B-Base,20,0.8333333333333334,mean,ja,en,raw,r1,0.287109375,512
trillionlabs/Tri-0.5B-Base,20,0.8333333333333334,mean,ja,en,raw,r5,0.359375,512
trillionlabs/Tri-0.5B-Base,20,0.8333333333333334,mean,ja,en,raw,r10,0.390625,512
trillionlabs/Tri-0.5B-Base,20,0.8333333333333334,mean,ja,en,raw,mrr,0.32582317127439075,512
trillionlabs/Tri-0.5B-Base,20,0.8333333333333334,mean,ja,ko,raw,r1,0.720703125,512
trillionlabs/Tri-0.5B-Base,20,0.8333333333333334,mean,ja,ko,raw,r5,0.837890625,512
trillionlabs/Tri-0.5B-Base,20,0.8333333333333334,mean,ja,ko,raw,r10,0.865234375,512
trillionlabs/Tri-0.5B-Base,20,0.8333333333333334,mean,ja,ko,raw,mrr,0.7745817276143488,512
trillionlabs/Tri-0.5B-Base,20,0.8333333333333334,mean,ja,zh,raw,r1,0.591796875,512
trillionlabs/Tri-0.5B-Base,20,0.8333333333333334,mean,ja,zh,raw,r5,0.669921875,512
trillionlabs/Tri-0.5B-Base,20,0.8333333333333334,mean,ja,zh,raw,r10,0.705078125,512
trillionlabs/Tri-0.5B-Base,20,0.8333333333333334,mean,ja,zh,raw,mrr,0.6305825898534683,512
trillionlabs/Tri-0.5B-Base,20,0.8333333333333334,mean,zh,en,raw,r1,0.36328125,512
trillionlabs/Tri-0.5B-Base,20,0.8333333333333334,mean,zh,en,raw,r5,0.451171875,512
trillionlabs/Tri-0.5B-Base,20,0.8333333333333334,mean,zh,en,raw,r10,0.49609375,512
trillionlabs/Tri-0.5B-Base,20,0.8333333333333334,mean,zh,en,raw,mrr,0.4071559365464526,512
trillionlabs/Tri-0.5B-Base,20,0.8333333333333334,mean,zh,ko,raw,r1,0.638671875,512
trillionlabs/Tri-0.5B-Base,20,0.8333333333333334,mean,zh,ko,raw,r5,0.775390625,512
trillionlabs/Tri-0.5B-Base,20,0.8333333333333334,mean,zh,ko,raw,r10,0.8203125,512
trillionlabs/Tri-0.5B-Base,20,0.8333333333333334,mean,zh,ko,raw,mrr,0.7051937681476785,512
trillionlabs/Tri-0.5B-Base,20,0.8333333333333334,mean,zh,ja,raw,r1,0.66015625,512
trillionlabs/Tri-0.5B-Base,20,0.8333333333333334,mean,zh,ja,raw,r5,0.78125,512
trillionlabs/Tri-0.5B-Base,20,0.8333333333333334,mean,zh,ja,raw,r10,0.8125,512
trillionlabs/Tri-0.5B-Base,20,0.8333333333333334,mean,zh,ja,raw,mrr,0.7164634446486957,512
trillionlabs/Tri-0.5B-Base,21,0.875,mean,en,ko,raw,r1,0.455078125,512
trillionlabs/Tri-0.5B-Base,21,0.875,mean,en,ko,raw,r5,0.666015625,512
trillionlabs/Tri-0.5B-Base,21,0.875,mean,en,ko,raw,r10,0.703125,512
trillionlabs/Tri-0.5B-Base,21,0.875,mean,en,ko,raw,mrr,0.5518003027294596,512
trillionlabs/Tri-0.5B-Base,21,0.875,mean,en,ja,raw,r1,0.41796875,512
trillionlabs/Tri-0.5B-Base,21,0.875,mean,en,ja,raw,r5,0.625,512
trillionlabs/Tri-0.5B-Base,21,0.875,mean,en,ja,raw,r10,0.671875,512
trillionlabs/Tri-0.5B-Base,21,0.875,mean,en,ja,raw,mrr,0.5147593175293946,512
trillionlabs/Tri-0.5B-Base,21,0.875,mean,en,zh,raw,r1,0.5078125,512
trillionlabs/Tri-0.5B-Base,21,0.875,mean,en,zh,raw,r5,0.662109375,512
trillionlabs/Tri-0.5B-Base,21,0.875,mean,en,zh,raw,r10,0.69140625,512
trillionlabs/Tri-0.5B-Base,21,0.875,mean,en,zh,raw,mrr,0.5779104595504961,512
trillionlabs/Tri-0.5B-Base,21,0.875,mean,ko,en,raw,r1,0.2109375,512
trillionlabs/Tri-0.5B-Base,21,0.875,mean,ko,en,raw,r5,0.255859375,512
trillionlabs/Tri-0.5B-Base,21,0.875,mean,ko,en,raw,r10,0.275390625,512
trillionlabs/Tri-0.5B-Base,21,0.875,mean,ko,en,raw,mrr,0.23923151368824414,512
trillionlabs/Tri-0.5B-Base,21,0.875,mean,ko,ja,raw,r1,0.255859375,512
trillionlabs/Tri-0.5B-Base,21,0.875,mean,ko,ja,raw,r5,0.359375,512
trillionlabs/Tri-0.5B-Base,21,0.875,mean,ko,ja,raw,r10,0.400390625,512
trillionlabs/Tri-0.5B-Base,21,0.875,mean,ko,ja,raw,mrr,0.3086611253125947,512
trillionlabs/Tri-0.5B-Base,21,0.875,mean,ko,zh,raw,r1,0.125,512
trillionlabs/Tri-0.5B-Base,21,0.875,mean,ko,zh,raw,r5,0.2265625,512
trillionlabs/Tri-0.5B-Base,21,0.875,mean,ko,zh,raw,r10,0.28125,512
trillionlabs/Tri-0.5B-Base,21,0.875,mean,ko,zh,raw,mrr,0.1838357095050517,512
trillionlabs/Tri-0.5B-Base,21,0.875,mean,ja,en,raw,r1,0.25,512
trillionlabs/Tri-0.5B-Base,21,0.875,mean,ja,en,raw,r5,0.314453125,512
trillionlabs/Tri-0.5B-Base,21,0.875,mean,ja,en,raw,r10,0.337890625,512
trillionlabs/Tri-0.5B-Base,21,0.875,mean,ja,en,raw,mrr,0.28653641594065443,512
trillionlabs/Tri-0.5B-Base,21,0.875,mean,ja,ko,raw,r1,0.623046875,512
trillionlabs/Tri-0.5B-Base,21,0.875,mean,ja,ko,raw,r5,0.798828125,512
trillionlabs/Tri-0.5B-Base,21,0.875,mean,ja,ko,raw,r10,0.810546875,512
trillionlabs/Tri-0.5B-Base,21,0.875,mean,ja,ko,raw,mrr,0.697458444615431,512
trillionlabs/Tri-0.5B-Base,21,0.875,mean,ja,zh,raw,r1,0.576171875,512
trillionlabs/Tri-0.5B-Base,21,0.875,mean,ja,zh,raw,r5,0.64453125,512
trillionlabs/Tri-0.5B-Base,21,0.875,mean,ja,zh,raw,r10,0.673828125,512
trillionlabs/Tri-0.5B-Base,21,0.875,mean,ja,zh,raw,mrr,0.6138639976292188,512
trillionlabs/Tri-0.5B-Base,21,0.875,mean,zh,en,raw,r1,0.33984375,512
trillionlabs/Tri-0.5B-Base,21,0.875,mean,zh,en,raw,r5,0.412109375,512
trillionlabs/Tri-0.5B-Base,21,0.875,mean,zh,en,raw,r10,0.451171875,512
trillionlabs/Tri-0.5B-Base,21,0.875,mean,zh,en,raw,mrr,0.38138757073530527,512
trillionlabs/Tri-0.5B-Base,21,0.875,mean,zh,ko,raw,r1,0.5234375,512
trillionlabs/Tri-0.5B-Base,21,0.875,mean,zh,ko,raw,r5,0.74609375,512
trillionlabs/Tri-0.5B-Base,21,0.875,mean,zh,ko,raw,r10,0.7890625,512
trillionlabs/Tri-0.5B-Base,21,0.875,mean,zh,ko,raw,mrr,0.6246916107221473,512
trillionlabs/Tri-0.5B-Base,21,0.875,mean,zh,ja,raw,r1,0.640625,512
trillionlabs/Tri-0.5B-Base,21,0.875,mean,zh,ja,raw,r5,0.75,512
trillionlabs/Tri-0.5B-Base,21,0.875,mean,zh,ja,raw,r10,0.798828125,512
trillionlabs/Tri-0.5B-Base,21,0.875,mean,zh,ja,raw,mrr,0.695159691554782,512
trillionlabs/Tri-0.5B-Base,22,0.9166666666666666,mean,en,ko,raw,r1,0.33984375,512
trillionlabs/Tri-0.5B-Base,22,0.9166666666666666,mean,en,ko,raw,r5,0.595703125,512
trillionlabs/Tri-0.5B-Base,22,0.9166666666666666,mean,en,ko,raw,r10,0.689453125,512
trillionlabs/Tri-0.5B-Base,22,0.9166666666666666,mean,en,ko,raw,mrr,0.45577563640414037,512
trillionlabs/Tri-0.5B-Base,22,0.9166666666666666,mean,en,ja,raw,r1,0.279296875,512
trillionlabs/Tri-0.5B-Base,22,0.9166666666666666,mean,en,ja,raw,r5,0.55078125,512
trillionlabs/Tri-0.5B-Base,22,0.9166666666666666,mean,en,ja,raw,r10,0.646484375,512
trillionlabs/Tri-0.5B-Base,22,0.9166666666666666,mean,en,ja,raw,mrr,0.40712854760041184,512
trillionlabs/Tri-0.5B-Base,22,0.9166666666666666,mean,en,zh,raw,r1,0.322265625,512
trillionlabs/Tri-0.5B-Base,22,0.9166666666666666,mean,en,zh,raw,r5,0.537109375,512
trillionlabs/Tri-0.5B-Base,22,0.9166666666666666,mean,en,zh,raw,r10,0.642578125,512
trillionlabs/Tri-0.5B-Base,22,0.9166666666666666,mean,en,zh,raw,mrr,0.42552076736333955,512
trillionlabs/Tri-0.5B-Base,22,0.9166666666666666,mean,ko,en,raw,r1,0.154296875,512
trillionlabs/Tri-0.5B-Base,22,0.9166666666666666,mean,ko,en,raw,r5,0.205078125,512
trillionlabs/Tri-0.5B-Base,22,0.9166666666666666,mean,ko,en,raw,r10,0.23046875,512
trillionlabs/Tri-0.5B-Base,22,0.9166666666666666,mean,ko,en,raw,mrr,0.1849499829354671,512
trillionlabs/Tri-0.5B-Base,22,0.9166666666666666,mean,ko,ja,raw,r1,0.171875,512
trillionlabs/Tri-0.5B-Base,22,0.9166666666666666,mean,ko,ja,raw,r5,0.275390625,512
trillionlabs/Tri-0.5B-Base,22,0.9166666666666666,mean,ko,ja,raw,r10,0.30859375,512
trillionlabs/Tri-0.5B-Base,22,0.9166666666666666,mean,ko,ja,raw,mrr,0.2264767062600238,512
trillionlabs/Tri-0.5B-Base,22,0.9166666666666666,mean,ko,zh,raw,r1,0.068359375,512
trillionlabs/Tri-0.5B-Base,22,0.9166666666666666,mean,ko,zh,raw,r5,0.138671875,512
trillionlabs/Tri-0.5B-Base,22,0.9166666666666666,mean,ko,zh,raw,r10,0.185546875,512
trillionlabs/Tri-0.5B-Base,22,0.9166666666666666,mean,ko,zh,raw,mrr,0.11204513383006333,512
trillionlabs/Tri-0.5B-Base,22,0.9166666666666666,mean,ja,en,raw,r1,0.173828125,512
trillionlabs/Tri-0.5B-Base,22,0.9166666666666666,mean,ja,en,raw,r5,0.224609375,512
trillionlabs/Tri-0.5B-Base,22,0.9166666666666666,mean,ja,en,raw,r10,0.248046875,512
trillionlabs/Tri-0.5B-Base,22,0.9166666666666666,mean,ja,en,raw,mrr,0.20530246449594075,512
trillionlabs/Tri-0.5B-Base,22,0.9166666666666666,mean,ja,ko,raw,r1,0.462890625,512
trillionlabs/Tri-0.5B-Base,22,0.9166666666666666,mean,ja,ko,raw,r5,0.6640625,512
trillionlabs/Tri-0.5B-Base,22,0.9166666666666666,mean,ja,ko,raw,r10,0.708984375,512
trillionlabs/Tri-0.5B-Base,22,0.9166666666666666,mean,ja,ko,raw,mrr,0.5584885769508201,512
trillionlabs/Tri-0.5B-Base,22,0.9166666666666666,mean,ja,zh,raw,r1,0.578125,512
trillionlabs/Tri-0.5B-Base,22,0.9166666666666666,mean,ja,zh,raw,r5,0.638671875,512
trillionlabs/Tri-0.5B-Base,22,0.9166666666666666,mean,ja,zh,raw,r10,0.67578125,512
trillionlabs/Tri-0.5B-Base,22,0.9166666666666666,mean,ja,zh,raw,mrr,0.6130788829473963,512
trillionlabs/Tri-0.5B-Base,22,0.9166666666666666,mean,zh,en,raw,r1,0.265625,512
trillionlabs/Tri-0.5B-Base,22,0.9166666666666666,mean,zh,en,raw,r5,0.34765625,512
trillionlabs/Tri-0.5B-Base,22,0.9166666666666666,mean,zh,en,raw,r10,0.380859375,512
trillionlabs/Tri-0.5B-Base,22,0.9166666666666666,mean,zh,en,raw,mrr,0.3089327552075817,512
trillionlabs/Tri-0.5B-Base,22,0.9166666666666666,mean,zh,ko,raw,r1,0.33984375,512
trillionlabs/Tri-0.5B-Base,22,0.9166666666666666,mean,zh,ko,raw,r5,0.630859375,512
trillionlabs/Tri-0.5B-Base,22,0.9166666666666666,mean,zh,ko,raw,r10,0.728515625,512
trillionlabs/Tri-0.5B-Base,22,0.9166666666666666,mean,zh,ko,raw,mrr,0.4775822592233808,512
trillionlabs/Tri-0.5B-Base,22,0.9166666666666666,mean,zh,ja,raw,r1,0.6484375,512
trillionlabs/Tri-0.5B-Base,22,0.9166666666666666,mean,zh,ja,raw,r5,0.7734375,512
trillionlabs/Tri-0.5B-Base,22,0.9166666666666666,mean,zh,ja,raw,r10,0.802734375,512
trillionlabs/Tri-0.5B-Base,22,0.9166666666666666,mean,zh,ja,raw,mrr,0.7044373514685454,512
trillionlabs/Tri-0.5B-Base,23,0.9583333333333334,mean,en,ko,raw,r1,0.083984375,512
trillionlabs/Tri-0.5B-Base,23,0.9583333333333334,mean,en,ko,raw,r5,0.2421875,512
trillionlabs/Tri-0.5B-Base,23,0.9583333333333334,mean,en,ko,raw,r10,0.388671875,512
trillionlabs/Tri-0.5B-Base,23,0.9583333333333334,mean,en,ko,raw,mrr,0.18024697217969723,512
trillionlabs/Tri-0.5B-Base,23,0.9583333333333334,mean,en,ja,raw,r1,0.037109375,512
trillionlabs/Tri-0.5B-Base,23,0.9583333333333334,mean,en,ja,raw,r5,0.259765625,512
trillionlabs/Tri-0.5B-Base,23,0.9583333333333334,mean,en,ja,raw,r10,0.40625,512
trillionlabs/Tri-0.5B-Base,23,0.9583333333333334,mean,en,ja,raw,mrr,0.15440555706320652,512
trillionlabs/Tri-0.5B-Base,23,0.9583333333333334,mean,en,zh,raw,r1,0.044921875,512
trillionlabs/Tri-0.5B-Base,23,0.9583333333333334,mean,en,zh,raw,r5,0.134765625,512
trillionlabs/Tri-0.5B-Base,23,0.9583333333333334,mean,en,zh,raw,r10,0.24609375,512
trillionlabs/Tri-0.5B-Base,23,0.9583333333333334,mean,en,zh,raw,mrr,0.11462527697885339,512
trillionlabs/Tri-0.5B-Base,23,0.9583333333333334,mean,ko,en,raw,r1,0.0390625,512
trillionlabs/Tri-0.5B-Base,23,0.9583333333333334,mean,ko,en,raw,r5,0.06640625,512
trillionlabs/Tri-0.5B-Base,23,0.9583333333333334,mean,ko,en,raw,r10,0.095703125,512
trillionlabs/Tri-0.5B-Base,23,0.9583333333333334,mean,ko,en,raw,mrr,0.06220504139790483,512
trillionlabs/Tri-0.5B-Base,23,0.9583333333333334,mean,ko,ja,raw,r1,0.037109375,512
trillionlabs/Tri-0.5B-Base,23,0.9583333333333334,mean,ko,ja,raw,r5,0.10546875,512
trillionlabs/Tri-0.5B-Base,23,0.9583333333333334,mean,ko,ja,raw,r10,0.12890625,512
trillionlabs/Tri-0.5B-Base,23,0.9583333333333334,mean,ko,ja,raw,mrr,0.07697162172891915,512
trillionlabs/Tri-0.5B-Base,23,0.9583333333333334,mean,ko,zh,raw,r1,0.013671875,512
trillionlabs/Tri-0.5B-Base,23,0.9583333333333334,mean,ko,zh,raw,r5,0.048828125,512
trillionlabs/Tri-0.5B-Base,23,0.9583333333333334,mean,ko,zh,raw,r10,0.076171875,512
trillionlabs/Tri-0.5B-Base,23,0.9583333333333334,mean,ko,zh,raw,mrr,0.042337322690775864,512
trillionlabs/Tri-0.5B-Base,23,0.9583333333333334,mean,ja,en,raw,r1,0.021484375,512
trillionlabs/Tri-0.5B-Base,23,0.9583333333333334,mean,ja,en,raw,r5,0.048828125,512
trillionlabs/Tri-0.5B-Base,23,0.9583333333333334,mean,ja,en,raw,r10,0.0703125,512
trillionlabs/Tri-0.5B-Base,23,0.9583333333333334,mean,ja,en,raw,mrr,0.044199584820496324,512
trillionlabs/Tri-0.5B-Base,23,0.9583333333333334,mean,ja,ko,raw,r1,0.115234375,512
trillionlabs/Tri-0.5B-Base,23,0.9583333333333334,mean,ja,ko,raw,r5,0.224609375,512
trillionlabs/Tri-0.5B-Base,23,0.9583333333333334,mean,ja,ko,raw,r10,0.29296875,512
trillionlabs/Tri-0.5B-Base,23,0.9583333333333334,mean,ja,ko,raw,mrr,0.17876604494016646,512
trillionlabs/Tri-0.5B-Base,23,0.9583333333333334,mean,ja,zh,raw,r1,0.55859375,512
trillionlabs/Tri-0.5B-Base,23,0.9583333333333334,mean,ja,zh,raw,r5,0.634765625,512
trillionlabs/Tri-0.5B-Base,23,0.9583333333333334,mean,ja,zh,raw,r10,0.658203125,512
trillionlabs/Tri-0.5B-Base,23,0.9583333333333334,mean,ja,zh,raw,mrr,0.5982341181730723,512
trillionlabs/Tri-0.5B-Base,23,0.9583333333333334,mean,zh,en,raw,r1,0.072265625,512
trillionlabs/Tri-0.5B-Base,23,0.9583333333333334,mean,zh,en,raw,r5,0.111328125,512
trillionlabs/Tri-0.5B-Base,23,0.9583333333333334,mean,zh,en,raw,r10,0.13671875,512
trillionlabs/Tri-0.5B-Base,23,0.9583333333333334,mean,zh,en,raw,mrr,0.09630119006267725,512
trillionlabs/Tri-0.5B-Base,23,0.9583333333333334,mean,zh,ko,raw,r1,0.072265625,512
trillionlabs/Tri-0.5B-Base,23,0.9583333333333334,mean,zh,ko,raw,r5,0.216796875,512
trillionlabs/Tri-0.5B-Base,23,0.9583333333333334,mean,zh,ko,raw,r10,0.279296875,512
trillionlabs/Tri-0.5B-Base,23,0.9583333333333334,mean,zh,ko,raw,mrr,0.14873229232296564,512
trillionlabs/Tri-0.5B-Base,23,0.9583333333333334,mean,zh,ja,raw,r1,0.625,512
trillionlabs/Tri-0.5B-Base,23,0.9583333333333334,mean,zh,ja,raw,r5,0.759765625,512
trillionlabs/Tri-0.5B-Base,23,0.9583333333333334,mean,zh,ja,raw,r10,0.802734375,512
trillionlabs/Tri-0.5B-Base,23,0.9583333333333334,mean,zh,ja,raw,mrr,0.6883586529055206,512
trillionlabs/Tri-0.5B-Base,24,1.0,mean,en,ko,raw,r1,0.025390625,512
trillionlabs/Tri-0.5B-Base,24,1.0,mean,en,ko,raw,r5,0.24609375,512
trillionlabs/Tri-0.5B-Base,24,1.0,mean,en,ko,raw,r10,0.3984375,512
trillionlabs/Tri-0.5B-Base,24,1.0,mean,en,ko,raw,mrr,0.14625396575530877,512
trillionlabs/Tri-0.5B-Base,24,1.0,mean,en,ja,raw,r1,0.01171875,512
trillionlabs/Tri-0.5B-Base,24,1.0,mean,en,ja,raw,r5,0.33203125,512
trillionlabs/Tri-0.5B-Base,24,1.0,mean,en,ja,raw,r10,0.5390625,512
trillionlabs/Tri-0.5B-Base,24,1.0,mean,en,ja,raw,mrr,0.1467140332327614,512
trillionlabs/Tri-0.5B-Base,24,1.0,mean,en,zh,raw,r1,0.01171875,512
trillionlabs/Tri-0.5B-Base,24,1.0,mean,en,zh,raw,r5,0.14453125,512
trillionlabs/Tri-0.5B-Base,24,1.0,mean,en,zh,raw,r10,0.22265625,512
trillionlabs/Tri-0.5B-Base,24,1.0,mean,en,zh,raw,mrr,0.08705522306328393,512
trillionlabs/Tri-0.5B-Base,24,1.0,mean,ko,en,raw,r1,0.453125,512
trillionlabs/Tri-0.5B-Base,24,1.0,mean,ko,en,raw,r5,0.779296875,512
trillionlabs/Tri-0.5B-Base,24,1.0,mean,ko,en,raw,r10,0.869140625,512
trillionlabs/Tri-0.5B-Base,24,1.0,mean,ko,en,raw,mrr,0.6019287010779267,512
trillionlabs/Tri-0.5B-Base,24,1.0,mean,ko,ja,raw,r1,0.0859375,512
trillionlabs/Tri-0.5B-Base,24,1.0,mean,ko,ja,raw,r5,0.47265625,512
trillionlabs/Tri-0.5B-Base,24,1.0,mean,ko,ja,raw,r10,0.705078125,512
trillionlabs/Tri-0.5B-Base,24,1.0,mean,ko,ja,raw,mrr,0.2718636669922156,512
trillionlabs/Tri-0.5B-Base,24,1.0,mean,ko,zh,raw,r1,0.05078125,512
trillionlabs/Tri-0.5B-Base,24,1.0,mean,ko,zh,raw,r5,0.265625,512
trillionlabs/Tri-0.5B-Base,24,1.0,mean,ko,zh,raw,r10,0.44921875,512
trillionlabs/Tri-0.5B-Base,24,1.0,mean,ko,zh,raw,mrr,0.1696909457812725,512
trillionlabs/Tri-0.5B-Base,24,1.0,mean,ja,en,raw,r1,0.33984375,512
trillionlabs/Tri-0.5B-Base,24,1.0,mean,ja,en,raw,r5,0.591796875,512
trillionlabs/Tri-0.5B-Base,24,1.0,mean,ja,en,raw,r10,0.716796875,512
trillionlabs/Tri-0.5B-Base,24,1.0,mean,ja,en,raw,mrr,0.45869720579135986,512
trillionlabs/Tri-0.5B-Base,24,1.0,mean,ja,ko,raw,r1,0.02734375,512
trillionlabs/Tri-0.5B-Base,24,1.0,mean,ja,ko,raw,r5,0.25,512
trillionlabs/Tri-0.5B-Base,24,1.0,mean,ja,ko,raw,r10,0.3671875,512
trillionlabs/Tri-0.5B-Base,24,1.0,mean,ja,ko,raw,mrr,0.14643959357302663,512
trillionlabs/Tri-0.5B-Base,24,1.0,mean,ja,zh,raw,r1,0.125,512
trillionlabs/Tri-0.5B-Base,24,1.0,mean,ja,zh,raw,r5,0.427734375,512
trillionlabs/Tri-0.5B-Base,24,1.0,mean,ja,zh,raw,r10,0.548828125,512
trillionlabs/Tri-0.5B-Base,24,1.0,mean,ja,zh,raw,mrr,0.2705448573936269,512
trillionlabs/Tri-0.5B-Base,24,1.0,mean,zh,en,raw,r1,0.216796875,512
trillionlabs/Tri-0.5B-Base,24,1.0,mean,zh,en,raw,r5,0.537109375,512
trillionlabs/Tri-0.5B-Base,24,1.0,mean,zh,en,raw,r10,0.681640625,512
trillionlabs/Tri-0.5B-Base,24,1.0,mean,zh,en,raw,mrr,0.36251943554657406,512
trillionlabs/Tri-0.5B-Base,24,1.0,mean,zh,ko,raw,r1,0.11328125,512
trillionlabs/Tri-0.5B-Base,24,1.0,mean,zh,ko,raw,r5,0.287109375,512
trillionlabs/Tri-0.5B-Base,24,1.0,mean,zh,ko,raw,r10,0.376953125,512
trillionlabs/Tri-0.5B-Base,24,1.0,mean,zh,ko,raw,mrr,0.19839174796660952,512
trillionlabs/Tri-0.5B-Base,24,1.0,mean,zh,ja,raw,r1,0.029296875,512
trillionlabs/Tri-0.5B-Base,24,1.0,mean,zh,ja,raw,r5,0.197265625,512
trillionlabs/Tri-0.5B-Base,24,1.0,mean,zh,ja,raw,r10,0.33984375,512
trillionlabs/Tri-0.5B-Base,24,1.0,mean,zh,ja,raw,mrr,0.1255670302729355,512
