model,layer,normalized_depth,pooling,source_language,target_language,metric,n_train,n_eval,condition,status,value
trillionlabs/Tri-0.5B-Base,0,0.0,last_token,en,ko,r1,256,512,raw,ok,0.00390625
trillionlabs/Tri-0.5B-Base,0,0.0,last_token,en,ko,r1,256,512,aligned,ok,0.001953125
trillionlabs/Tri-0.5B-Base,0,0.0,last_token,en,ko,r1,256,512,delta,ok,-0.001953125
trillionlabs/Tri-0.5B-Base,0,0.0,last_token,en,ko,r5,256,512,raw,ok,0.015625
trillionlabs/Tri-0.5B-Base,0,0.0,last_token,en,ko,r5,256,512,aligned,ok,0.015625
trillionlabs/Tri-0.5B-Base,0,0.0,last_token,en,ko,r5,256,512,delta,ok,0.0
trillionlabs/Tri-0.5B-Base,0,0.0,last_token,en,ko,r10,256,512,raw,ok,0.04296875
trillionlabs/Tri-0.5B-Base,0,0.0,last_token,en,ko,r10,256,512,aligned,ok,0.017578125
trillionlabs/Tri-0.5B-Base,0,0.0,last_token,en,ko,r10,256,512,delta,ok,-0.025390625
trillionlabs/Tri-0.5B-Base,0,0.0,last_token,en,ko,mrr,256,512,raw,ok,0.019485124674048074
trillionlabs/Tri-0.5B-Base,0,0.0,last_token,en,ko,mrr,256,512,aligned,ok,0.013645711112704087
trillionlabs/Tri-0.5B-Base,0,0.0,last_token,en,ko,mrr,256,512,delta,ok,-0.005839413561343987
trillionlabs/Tri-0.5B-Base,0,0.0,last_token,ko,en,r1,256,512,raw,ok,0.00390625
trillionlabs/Tri-0.5B-Base,0,0.0,last_token,ko,en,r1,256,512,aligned,ok,0.001953125
trillionlabs/Tri-0.5B-Base,0,0.0,last_token,ko,en,r1,256,512,delta,ok,-0.001953125
trillionlabs/Tri-0.5B-Base,0,0.0,last_token,ko,en,r5,256,512,raw,ok,0.015625
trillionlabs/Tri-0.5B-Base,0,0.0,last_token,ko,en,r5,256,512,aligned,ok,0.013671875
trillionlabs/Tri-0.5B-Base,0,0.0,last_token,ko,en,r5,256,512,delta,ok,-0.001953125
trillionlabs/Tri-0.5B-Base,0,0.0,last_token,ko,en,r10,256,512,raw,ok,0.033203125
trillionlabs/Tri-0.5B-Base,0,0.0,last_token,ko,en,r10,256,512,aligned,ok,0.03125
trillionlabs/Tri-0.5B-Base,0,0.0,last_token,ko,en,r10,256,512,delta,ok,-0.001953125
trillionlabs/Tri-0.5B-Base,0,0.0,last_token,ko,en,mrr,256,512,raw,ok,0.01963767083477072
trillionlabs/Tri-0.5B-Base,0,0.0,last_token,ko,en,mrr,256,512,aligned,ok,0.013933124936447912
trillionlabs/Tri-0.5B-Base,0,0.0,last_token,ko,en,mrr,256,512,delta,ok,-0.005704545898322809
trillionlabs/Tri-0.5B-Base,0,0.0,last_token,en,ja,r1,256,512,raw,ok,0.001953125
trillionlabs/Tri-0.5B-Base,0,0.0,last_token,en,ja,r1,256,512,aligned,ok,0.001953125
trillionlabs/Tri-0.5B-Base,0,0.0,last_token,en,ja,r1,256,512,delta,ok,0.0
trillionlabs/Tri-0.5B-Base,0,0.0,last_token,en,ja,r5,256,512,raw,ok,0.01171875
trillionlabs/Tri-0.5B-Base,0,0.0,last_token,en,ja,r5,256,512,aligned,ok,0.01171875
trillionlabs/Tri-0.5B-Base,0,0.0,last_token,en,ja,r5,256,512,delta,ok,0.0
trillionlabs/Tri-0.5B-Base,0,0.0,last_token,en,ja,r10,256,512,raw,ok,0.01171875
trillionlabs/Tri-0.5B-Base,0,0.0,last_token,en,ja,r10,256,512,aligned,ok,0.01171875
trillionlabs/Tri-0.5B-Base,0,0.0,last_token,en,ja,r10,256,512,delta,ok,0.0
trillionlabs/Tri-0.5B-Base,0,0.0,last_token,en,ja,mrr,256,512,raw,ok,0.009718872319866958
trillionlabs/Tri-0.5B-Base,0,0.0,last_token,en,ja,mrr,256,512,aligned,ok,0.009511195771210491
trillionlabs/Tri-0.5B-Base,0,0.0,last_token,en,ja,mrr,256,512,delta,ok,-0.00020767654865646613
trillionlabs/Tri-0.5B-Base,0,0.0,last_token,ja,en,r1,256,512,raw,ok,0.0
trillionlabs/Tri-0.5B-Base,0,0.0,last_token,ja,en,r1,256,512,aligned,ok,0.0
trillionlabs/Tri-0.5B-Base,0,0.0,last_token,ja,en,r1,256,512,delta,ok,0.0
trillionlabs/Tri-0.5B-Base,0,0.0,last_token,ja,en,r5,256,512,raw,ok,0.0
trillionlabs/Tri-0.5B-Base,0,0.0,last_token,ja,en,r5,256,512,aligned,ok,0.0
trillionlabs/Tri-0.5B-Base,0,0.0,last_token,ja,en,r5,256,512,delta,ok,0.0
trillionlabs/Tri-0.5B-Base,0,0.0,last_token,ja,en,r10,256,512,raw,ok,0.009765625
trillionlabs/Tri-0.5B-Base,0,0.0,last_token,ja,en,r10,256,512,aligned,ok,0.009765625
trillionlabs/Tri-0.5B-Base,0,0.0,last_token,ja,en,r10,256,512,delta,ok,0.0
trillionlabs/Tri-0.5B-Base,0,0.0,last_token,ja,en,mrr,256,512,raw,ok,0.005549159186088781
trillionlabs/Tri-0.5B-Base,0,0.0,last_token,ja,en,mrr,256,512,aligned,ok,0.010354554101377707
trillionlabs/Tri-0.5B-Base,0,0.0,last_token,ja,en,mrr,256,512,delta,ok,0.0048053949152889255
trillionlabs/Tri-0.5B-Base,0,0.0,last_token,en,zh,r1,256,512,raw,ok,0.0078125
trillionlabs/Tri-0.5B-Base,0,0.0,last_token,en,zh,r1,256,512,aligned,ok,0.0
trillionlabs/Tri-0.5B-Base,0,0.0,last_token,en,zh,r1,256,512,delta,ok,-0.0078125
trillionlabs/Tri-0.5B-Base,0,0.0,last_token,en,zh,r5,256,512,raw,ok,0.029296875
trillionlabs/Tri-0.5B-Base,0,0.0,last_token,en,zh,r5,256,512,aligned,ok,0.03125
trillionlabs/Tri-0.5B-Base,0,0.0,last_token,en,zh,r5,256,512,delta,ok,0.001953125
trillionlabs/Tri-0.5B-Base,0,0.0,last_token,en,zh,r10,256,512,raw,ok,0.04296875
trillionlabs/Tri-0.5B-Base,0,0.0,last_token,en,zh,r10,256,512,aligned,ok,0.0390625
trillionlabs/Tri-0.5B-Base,0,0.0,last_token,en,zh,r10,256,512,delta,ok,-0.00390625
trillionlabs/Tri-0.5B-Base,0,0.0,last_token,en,zh,mrr,256,512,raw,ok,0.01989686972326079
trillionlabs/Tri-0.5B-Base,0,0.0,last_token,en,zh,mrr,256,512,aligned,ok,0.014429814152895452
trillionlabs/Tri-0.5B-Base,0,0.0,last_token,en,zh,mrr,256,512,delta,ok,-0.005467055570365337
trillionlabs/Tri-0.5B-Base,0,0.0,last_token,zh,en,r1,256,512,raw,ok,0.009765625
trillionlabs/Tri-0.5B-Base,0,0.0,last_token,zh,en,r1,256,512,aligned,ok,0.001953125
trillionlabs/Tri-0.5B-Base,0,0.0,last_token,zh,en,r1,256,512,delta,ok,-0.0078125
trillionlabs/Tri-0.5B-Base,0,0.0,last_token,zh,en,r5,256,512,raw,ok,0.017578125
trillionlabs/Tri-0.5B-Base,0,0.0,last_token,zh,en,r5,256,512,aligned,ok,0.01171875
trillionlabs/Tri-0.5B-Base,0,0.0,last_token,zh,en,r5,256,512,delta,ok,-0.005859375
trillionlabs/Tri-0.5B-Base,0,0.0,last_token,zh,en,r10,256,512,raw,ok,0.041015625
trillionlabs/Tri-0.5B-Base,0,0.0,last_token,zh,en,r10,256,512,aligned,ok,0.029296875
trillionlabs/Tri-0.5B-Base,0,0.0,last_token,zh,en,r10,256,512,delta,ok,-0.01171875
trillionlabs/Tri-0.5B-Base,0,0.0,last_token,zh,en,mrr,256,512,raw,ok,0.02112778524862627
trillionlabs/Tri-0.5B-Base,0,0.0,last_token,zh,en,mrr,256,512,aligned,ok,0.014416551538808154
trillionlabs/Tri-0.5B-Base,0,0.0,last_token,zh,en,mrr,256,512,delta,ok,-0.0067112337098181145
trillionlabs/Tri-0.5B-Base,0,0.0,last_token,ko,ja,r1,256,512,raw,ok,0.001953125
trillionlabs/Tri-0.5B-Base,0,0.0,last_token,ko,ja,r1,256,512,aligned,ok,0.001953125
trillionlabs/Tri-0.5B-Base,0,0.0,last_token,ko,ja,r1,256,512,delta,ok,0.0
trillionlabs/Tri-0.5B-Base,0,0.0,last_token,ko,ja,r5,256,512,raw,ok,0.009765625
trillionlabs/Tri-0.5B-Base,0,0.0,last_token,ko,ja,r5,256,512,aligned,ok,0.009765625
trillionlabs/Tri-0.5B-Base,0,0.0,last_token,ko,ja,r5,256,512,delta,ok,0.0
trillionlabs/Tri-0.5B-Base,0,0.0,last_token,ko,ja,r10,256,512,raw,ok,0.009765625
trillionlabs/Tri-0.5B-Base,0,0.0,last_token,ko,ja,r10,256,512,aligned,ok,0.009765625
trillionlabs/Tri-0.5B-Base,0,0.0,last_token,ko,ja,r10,256,512,delta,ok,0.0
trillionlabs/Tri-0.5B-Base,0,0.0,last_token,ko,ja,mrr,256,512,raw,ok,0.009352532642148003
trillionlabs/Tri-0.5B-Base,0,0.0,last_token,ko,ja,mrr,256,512,aligned,ok,0.009721722931442906
trillionlabs/Tri-0.5B-Base,0,0.0,last_token,ko,ja,mrr,256,512,delta,ok,0.0003691902892949024
trillionlabs/Tri-0.5B-Base,0,0.0,last_token,ja,ko,r1,256,512,raw,ok,0.0
trillionlabs/Tri-0.5B-Base,0,0.0,last_token,ja,ko,r1,256,512,aligned,ok,0.0
trillionlabs/Tri-0.5B-Base,0,0.0,last_token,ja,ko,r1,256,512,delta,ok,0.0
trillionlabs/Tri-0.5B-Base,0,0.0,last_token,ja,ko,r5,256,512,raw,ok,0.005859375
trillionlabs/Tri-0.5B-Base,0,0.0,last_token,ja,ko,r5,256,512,aligned,ok,0.005859375
trillionlabs/Tri-0.5B-Base,0,0.0,last_token,ja,ko,r5,256,512,delta,ok,0.0
trillionlabs/Tri-0.5B-Base,0,0.0,last_token,ja,ko,r10,256,512,raw,ok,0.005859375
trillionlabs/Tri-0.5B-Base,0,0.0,last_token,ja,ko,r10,256,512,aligned,ok,0.033203125
trillionlabs/Tri-0.5B-Base,0,0.0,last_token,ja,ko,r10,256,512,delta,ok,0.02734375
trillionlabs/Tri-0.5B-Base,0,0.0,last_token,ja,ko,mrr,256,512,raw,ok,0.006638898651371491
trillionlabs/Tri-0.5B-Base,0,0.0,last_token,ja,ko,mrr,256,512,aligned,ok,0.011053872056153397
trillionlabs/Tri-0.5B-Base,0,0.0,last_token,ja,ko,mrr,256,512,delta,ok,0.004414973404781906
trillionlabs/Tri-0.5B-Base,0,0.0,last_token,ko,zh,r1,256,512,raw,ok,0.001953125
trillionlabs/Tri-0.5B-Base,0,0.0,last_token,ko,zh,r1,256,512,aligned,ok,0.0
trillionlabs/Tri-0.5B-Base,0,0.0,last_token,ko,zh,r1,256,512,delta,ok,-0.001953125
trillionlabs/Tri-0.5B-Base,0,0.0,last_token,ko,zh,r5,256,512,raw,ok,0.015625
trillionlabs/Tri-0.5B-Base,0,0.0,last_token,ko,zh,r5,256,512,aligned,ok,0.0234375
trillionlabs/Tri-0.5B-Base,0,0.0,last_token,ko,zh,r5,256,512,delta,ok,0.0078125
trillionlabs/Tri-0.5B-Base,0,0.0,last_token,ko,zh,r10,256,512,raw,ok,0.03125
trillionlabs/Tri-0.5B-Base,0,0.0,last_token,ko,zh,r10,256,512,aligned,ok,0.052734375
trillionlabs/Tri-0.5B-Base,0,0.0,last_token,ko,zh,r10,256,512,delta,ok,0.021484375
trillionlabs/Tri-0.5B-Base,0,0.0,last_token,ko,zh,mrr,256,512,raw,ok,0.01272162696384043
trillionlabs/Tri-0.5B-Base,0,0.0,last_token,ko,zh,mrr,256,512,aligned,ok,0.01775056437685448
trillionlabs/Tri-0.5B-Base,0,0.0,last_token,ko,zh,mrr,256,512,delta,ok,0.005028937413014051
trillionlabs/Tri-0.5B-Base,0,0.0,last_token,zh,ko,r1,256,512,raw,ok,0.001953125
trillionlabs/Tri-0.5B-Base,0,0.0,last_token,zh,ko,r1,256,512,aligned,ok,0.0
trillionlabs/Tri-0.5B-Base,0,0.0,last_token,zh,ko,r1,256,512,delta,ok,-0.001953125
trillionlabs/Tri-0.5B-Base,0,0.0,last_token,zh,ko,r5,256,512,raw,ok,0.017578125
trillionlabs/Tri-0.5B-Base,0,0.0,last_token,zh,ko,r5,256,512,aligned,ok,0.013671875
trillionlabs/Tri-0.5B-Base,0,0.0,last_token,zh,ko,r5,256,512,delta,ok,-0.00390625
trillionlabs/Tri-0.5B-Base,0,0.0,last_token,zh,ko,r10,256,512,raw,ok,0.01953125
trillionlabs/Tri-0.5B-Base,0,0.0,last_token,zh,ko,r10,256,512,aligned,ok,0.015625
trillionlabs/Tri-0.5B-Base,0,0.0,last_token,zh,ko,r10,256,512,delta,ok,-0.00390625
trillionlabs/Tri-0.5B-Base,0,0.0,last_token,zh,ko,mrr,256,512,raw,ok,0.014380264145328404
trillionlabs/Tri-0.5B-Base,0,0.0,last_token,zh,ko,mrr,256,512,aligned,ok,0.013573944090814465
trillionlabs/Tri-0.5B-Base,0,0.0,last_token,zh,ko,mrr,256,512,delta,ok,-0.0008063200545139395
trillionlabs/Tri-0.5B-Base,0,0.0,last_token,ja,zh,r1,256,512,raw,ok,0.0
trillionlabs/Tri-0.5B-Base,0,0.0,last_token,ja,zh,r1,256,512,aligned,ok,0.0
trillionlabs/Tri-0.5B-Base,0,0.0,last_token,ja,zh,r1,256,512,delta,ok,0.0
trillionlabs/Tri-0.5B-Base,0,0.0,last_token,ja,zh,r5,256,512,raw,ok,0.005859375
trillionlabs/Tri-0.5B-Base,0,0.0,last_token,ja,zh,r5,256,512,aligned,ok,0.00390625
trillionlabs/Tri-0.5B-Base,0,0.0,last_token,ja,zh,r5,256,512,delta,ok,-0.001953125
trillionlabs/Tri-0.5B-Base,0,0.0,last_token,ja,zh,r10,256,512,raw,ok,0.01171875
trillionlabs/Tri-0.5B-Base,0,0.0,last_token,ja,zh,r10,256,512,aligned,ok,0.037109375
trillionlabs/Tri-0.5B-Base,0,0.0,last_token,ja,zh,r10,256,512,delta,ok,0.025390625
trillionlabs/Tri-0.5B-Base,0,0.0,last_token,ja,zh,mrr,256,512,raw,ok,0.006163294213209366
trillionlabs/Tri-0.5B-Base,0,0.0,last_token,ja,zh,mrr,256,512,aligned,ok,0.010667886326779156
trillionlabs/Tri-0.5B-Base,0,0.0,last_token,ja,zh,mrr,256,512,delta,ok,0.00450459211356979
trillionlabs/Tri-0.5B-Base,0,0.0,last_token,zh,ja,r1,256,512,raw,ok,0.001953125
trillionlabs/Tri-0.5B-Base,0,0.0,last_token,zh,ja,r1,256,512,aligned,ok,0.001953125
trillionlabs/Tri-0.5B-Base,0,0.0,last_token,zh,ja,r1,256,512,delta,ok,0.0
trillionlabs/Tri-0.5B-Base,0,0.0,last_token,zh,ja,r5,256,512,raw,ok,0.01171875
trillionlabs/Tri-0.5B-Base,0,0.0,last_token,zh,ja,r5,256,512,aligned,ok,0.01171875
trillionlabs/Tri-0.5B-Base,0,0.0,last_token,zh,ja,r5,256,512,delta,ok,0.0
trillionlabs/Tri-0.5B-Base,0,0.0,last_token,zh,ja,r10,256,512,raw,ok,0.01171875
trillionlabs/Tri-0.5B-Base,0,0.0,last_token,zh,ja,r10,256,512,aligned,ok,0.01171875
trillionlabs/Tri-0.5B-Base,0,0.0,last_token,zh,ja,r10,256,512,delta,ok,0.0
trillionlabs/Tri-0.5B-Base,0,0.0,last_token,zh,ja,mrr,256,512,raw,ok,0.009885857488867536
trillionlabs/Tri-0.5B-Base,0,0.0,last_token,zh,ja,mrr,256,512,aligned,ok,0.013803728166821017
trillionlabs/Tri-0.5B-Base,0,0.0,last_token,zh,ja,mrr,256,512,delta,ok,0.00391787067795348
trillionlabs/Tri-0.5B-Base,1,0.041666666666666664,last_token,en,ko,r1,256,512,raw,ok,0.025390625
trillionlabs/Tri-0.5B-Base,1,0.041666666666666664,last_token,en,ko,r1,256,512,aligned,ok,0.013671875
trillionlabs/Tri-0.5B-Base,1,0.041666666666666664,last_token,en,ko,r1,256,512,delta,ok,-0.01171875
trillionlabs/Tri-0.5B-Base,1,0.041666666666666664,last_token,en,ko,r5,256,512,raw,ok,0.05078125
trillionlabs/Tri-0.5B-Base,1,0.041666666666666664,last_token,en,ko,r5,256,512,aligned,ok,0.060546875
trillionlabs/Tri-0.5B-Base,1,0.041666666666666664,last_token,en,ko,r5,256,512,delta,ok,0.009765625
trillionlabs/Tri-0.5B-Base,1,0.041666666666666664,last_token,en,ko,r10,256,512,raw,ok,0.083984375
trillionlabs/Tri-0.5B-Base,1,0.041666666666666664,last_token,en,ko,r10,256,512,aligned,ok,0.083984375
trillionlabs/Tri-0.5B-Base,1,0.041666666666666664,last_token,en,ko,r10,256,512,delta,ok,0.0
trillionlabs/Tri-0.5B-Base,1,0.041666666666666664,last_token,en,ko,mrr,256,512,raw,ok,0.05009525622189117
trillionlabs/Tri-0.5B-Base,1,0.041666666666666664,last_token,en,ko,mrr,256,512,aligned,ok,0.04284737616885174
trillionlabs/Tri-0.5B-Base,1,0.041666666666666664,last_token,en,ko,mrr,256,512,delta,ok,-0.007247880053039432
trillionlabs/Tri-0.5B-Base,1,0.041666666666666664,last_token,ko,en,r1,256,512,raw,ok,0.025390625
trillionlabs/Tri-0.5B-Base,1,0.041666666666666664,last_token,ko,en,r1,256,512,aligned,ok,0.013671875
trillionlabs/Tri-0.5B-Base,1,0.041666666666666664,last_token,ko,en,r1,256,512,delta,ok,-0.01171875
trillionlabs/Tri-0.5B-Base,1,0.041666666666666664,last_token,ko,en,r5,256,512,raw,ok,0.05859375
trillionlabs/Tri-0.5B-Base,1,0.041666666666666664,last_token,ko,en,r5,256,512,aligned,ok,0.048828125
trillionlabs/Tri-0.5B-Base,1,0.041666666666666664,last_token,ko,en,r5,256,512,delta,ok,-0.009765625
trillionlabs/Tri-0.5B-Base,1,0.041666666666666664,last_token,ko,en,r10,256,512,raw,ok,0.08984375
trillionlabs/Tri-0.5B-Base,1,0.041666666666666664,last_token,ko,en,r10,256,512,aligned,ok,0.08984375
trillionlabs/Tri-0.5B-Base,1,0.041666666666666664,last_token,ko,en,r10,256,512,delta,ok,0.0
trillionlabs/Tri-0.5B-Base,1,0.041666666666666664,last_token,ko,en,mrr,256,512,raw,ok,0.053087850381531215
trillionlabs/Tri-0.5B-Base,1,0.041666666666666664,last_token,ko,en,mrr,256,512,aligned,ok,0.044478698582067176
trillionlabs/Tri-0.5B-Base,1,0.041666666666666664,last_token,ko,en,mrr,256,512,delta,ok,-0.008609151799464039
trillionlabs/Tri-0.5B-Base,1,0.041666666666666664,last_token,en,ja,r1,256,512,raw,ok,0.0
trillionlabs/Tri-0.5B-Base,1,0.041666666666666664,last_token,en,ja,r1,256,512,aligned,ok,0.017578125
trillionlabs/Tri-0.5B-Base,1,0.041666666666666664,last_token,en,ja,r1,256,512,delta,ok,0.017578125
trillionlabs/Tri-0.5B-Base,1,0.041666666666666664,last_token,en,ja,r5,256,512,raw,ok,0.01171875
trillionlabs/Tri-0.5B-Base,1,0.041666666666666664,last_token,en,ja,r5,256,512,aligned,ok,0.05078125
trillionlabs/Tri-0.5B-Base,1,0.041666666666666664,last_token,en,ja,r5,256,512,delta,ok,0.0390625
trillionlabs/Tri-0.5B-Base,1,0.041666666666666664,last_token,en,ja,r10,256,512,raw,ok,0.025390625
trillionlabs/Tri-0.5B-Base,1,0.041666666666666664,last_token,en,ja,r10,256,512,aligned,ok,0.095703125
trillionlabs/Tri-0.5B-Base,1,0.041666666666666664,last_token,en,ja,r10,256,512,delta,ok,0.0703125
trillionlabs/Tri-0.5B-Base,1,0.041666666666666664,last_token,en,ja,mrr,256,512,raw,ok,0.015748721628865255
trillionlabs/Tri-0.5B-Base,1,0.041666666666666664,last_token,en,ja,mrr,256,512,aligned,ok,0.04504205381215801
trillionlabs/Tri-0.5B-Base,1,0.041666666666666664,last_token,en,ja,mrr,256,512,delta,ok,0.029293332183292758
trillionlabs/Tri-0.5B-Base,1,0.041666666666666664,last_token,ja,en,r1,256,512,raw,ok,0.001953125
trillionlabs/Tri-0.5B-Base,1,0.041666666666666664,last_token,ja,en,r1,256,512,aligned,ok,0.015625
trillionlabs/Tri-0.5B-Base,1,0.041666666666666664,last_token,ja,en,r1,256,512,delta,ok,0.013671875
trillionlabs/Tri-0.5B-Base,1,0.041666666666666664,last_token,ja,en,r5,256,512,raw,ok,0.01953125
trillionlabs/Tri-0.5B-Base,1,0.041666666666666664,last_token,ja,en,r5,256,512,aligned,ok,0.056640625
trillionlabs/Tri-0.5B-Base,1,0.041666666666666664,last_token,ja,en,r5,256,512,delta,ok,0.037109375
trillionlabs/Tri-0.5B-Base,1,0.041666666666666664,last_token,ja,en,r10,256,512,raw,ok,0.03125
trillionlabs/Tri-0.5B-Base,1,0.041666666666666664,last_token,ja,en,r10,256,512,aligned,ok,0.091796875
trillionlabs/Tri-0.5B-Base,1,0.041666666666666664,last_token,ja,en,r10,256,512,delta,ok,0.060546875
trillionlabs/Tri-0.5B-Base,1,0.041666666666666664,last_token,ja,en,mrr,256,512,raw,ok,0.018050597875744128
trillionlabs/Tri-0.5B-Base,1,0.041666666666666664,last_token,ja,en,mrr,256,512,aligned,ok,0.047211029167968564
trillionlabs/Tri-0.5B-Base,1,0.041666666666666664,last_token,ja,en,mrr,256,512,delta,ok,0.029160431292224436
trillionlabs/Tri-0.5B-Base,1,0.041666666666666664,last_token,en,zh,r1,256,512,raw,ok,0.01171875
trillionlabs/Tri-0.5B-Base,1,0.041666666666666664,last_token,en,zh,r1,256,512,aligned,ok,0.017578125
trillionlabs/Tri-0.5B-Base,1,0.041666666666666664,last_token,en,zh,r1,256,512,delta,ok,0.005859375
trillionlabs/Tri-0.5B-Base,1,0.041666666666666664,last_token,en,zh,r5,256,512,raw,ok,0.033203125
trillionlabs/Tri-0.5B-Base,1,0.041666666666666664,last_token,en,zh,r5,256,512,aligned,ok,0.056640625
trillionlabs/Tri-0.5B-Base,1,0.041666666666666664,last_token,en,zh,r5,256,512,delta,ok,0.0234375
trillionlabs/Tri-0.5B-Base,1,0.041666666666666664,last_token,en,zh,r10,256,512,raw,ok,0.052734375
trillionlabs/Tri-0.5B-Base,1,0.041666666666666664,last_token,en,zh,r10,256,512,aligned,ok,0.08984375
trillionlabs/Tri-0.5B-Base,1,0.041666666666666664,last_token,en,zh,r10,256,512,delta,ok,0.037109375
trillionlabs/Tri-0.5B-Base,1,0.041666666666666664,last_token,en,zh,mrr,256,512,raw,ok,0.029980496897615058
trillionlabs/Tri-0.5B-Base,1,0.041666666666666664,last_token,en,zh,mrr,256,512,aligned,ok,0.04984462641974144
trillionlabs/Tri-0.5B-Base,1,0.041666666666666664,last_token,en,zh,mrr,256,512,delta,ok,0.01986412952212638
trillionlabs/Tri-0.5B-Base,1,0.041666666666666664,last_token,zh,en,r1,256,512,raw,ok,0.0078125
trillionlabs/Tri-0.5B-Base,1,0.041666666666666664,last_token,zh,en,r1,256,512,aligned,ok,0.013671875
trillionlabs/Tri-0.5B-Base,1,0.041666666666666664,last_token,zh,en,r1,256,512,delta,ok,0.005859375
trillionlabs/Tri-0.5B-Base,1,0.041666666666666664,last_token,zh,en,r5,256,512,raw,ok,0.041015625
trillionlabs/Tri-0.5B-Base,1,0.041666666666666664,last_token,zh,en,r5,256,512,aligned,ok,0.056640625
trillionlabs/Tri-0.5B-Base,1,0.041666666666666664,last_token,zh,en,r5,256,512,delta,ok,0.015625
trillionlabs/Tri-0.5B-Base,1,0.041666666666666664,last_token,zh,en,r10,256,512,raw,ok,0.072265625
trillionlabs/Tri-0.5B-Base,1,0.041666666666666664,last_token,zh,en,r10,256,512,aligned,ok,0.109375
trillionlabs/Tri-0.5B-Base,1,0.041666666666666664,last_token,zh,en,r10,256,512,delta,ok,0.037109375
trillionlabs/Tri-0.5B-Base,1,0.041666666666666664,last_token,zh,en,mrr,256,512,raw,ok,0.03248222766582047
trillionlabs/Tri-0.5B-Base,1,0.041666666666666664,last_token,zh,en,mrr,256,512,aligned,ok,0.050277578394360714
trillionlabs/Tri-0.5B-Base,1,0.041666666666666664,last_token,zh,en,mrr,256,512,delta,ok,0.017795350728540243
trillionlabs/Tri-0.5B-Base,1,0.041666666666666664,last_token,ko,ja,r1,256,512,raw,ok,0.00390625
trillionlabs/Tri-0.5B-Base,1,0.041666666666666664,last_token,ko,ja,r1,256,512,aligned,ok,0.005859375
trillionlabs/Tri-0.5B-Base,1,0.041666666666666664,last_token,ko,ja,r1,256,512,delta,ok,0.001953125
trillionlabs/Tri-0.5B-Base,1,0.041666666666666664,last_token,ko,ja,r5,256,512,raw,ok,0.015625
trillionlabs/Tri-0.5B-Base,1,0.041666666666666664,last_token,ko,ja,r5,256,512,aligned,ok,0.03125
trillionlabs/Tri-0.5B-Base,1,0.041666666666666664,last_token,ko,ja,r5,256,512,delta,ok,0.015625
trillionlabs/Tri-0.5B-Base,1,0.041666666666666664,last_token,ko,ja,r10,256,512,raw,ok,0.02734375
trillionlabs/Tri-0.5B-Base,1,0.041666666666666664,last_token,ko,ja,r10,256,512,aligned,ok,0.056640625
trillionlabs/Tri-0.5B-Base,1,0.041666666666666664,last_token,ko,ja,r10,256,512,delta,ok,0.029296875
trillionlabs/Tri-0.5B-Base,1,0.041666666666666664,last_token,ko,ja,mrr,256,512,raw,ok,0.01806456409939626
trillionlabs/Tri-0.5B-Base,1,0.041666666666666664,last_token,ko,ja,mrr,256,512,aligned,ok,0.029858626328281162
trillionlabs/Tri-0.5B-Base,1,0.041666666666666664,last_token,ko,ja,mrr,256,512,delta,ok,0.011794062228884902
trillionlabs/Tri-0.5B-Base,1,0.041666666666666664,last_token,ja,ko,r1,256,512,raw,ok,0.0
trillionlabs/Tri-0.5B-Base,1,0.041666666666666664,last_token,ja,ko,r1,256,512,aligned,ok,0.015625
trillionlabs/Tri-0.5B-Base,1,0.041666666666666664,last_token,ja,ko,r1,256,512,delta,ok,0.015625
trillionlabs/Tri-0.5B-Base,1,0.041666666666666664,last_token,ja,ko,r5,256,512,raw,ok,0.0078125
trillionlabs/Tri-0.5B-Base,1,0.041666666666666664,last_token,ja,ko,r5,256,512,aligned,ok,0.05859375
trillionlabs/Tri-0.5B-Base,1,0.041666666666666664,last_token,ja,ko,r5,256,512,delta,ok,0.05078125
trillionlabs/Tri-0.5B-Base,1,0.041666666666666664,last_token,ja,ko,r10,256,512,raw,ok,0.025390625
trillionlabs/Tri-0.5B-Base,1,0.041666666666666664,last_token,ja,ko,r10,256,512,aligned,ok,0.095703125
trillionlabs/Tri-0.5B-Base,1,0.041666666666666664,last_token,ja,ko,r10,256,512,delta,ok,0.0703125
trillionlabs/Tri-0.5B-Base,1,0.041666666666666664,last_token,ja,ko,mrr,256,512,raw,ok,0.013740255186517438
trillionlabs/Tri-0.5B-Base,1,0.041666666666666664,last_token,ja,ko,mrr,256,512,aligned,ok,0.047903666517380025
trillionlabs/Tri-0.5B-Base,1,0.041666666666666664,last_token,ja,ko,mrr,256,512,delta,ok,0.034163411330862585
trillionlabs/Tri-0.5B-Base,1,0.041666666666666664,last_token,ko,zh,r1,256,512,raw,ok,0.00390625
trillionlabs/Tri-0.5B-Base,1,0.041666666666666664,last_token,ko,zh,r1,256,512,aligned,ok,0.005859375
trillionlabs/Tri-0.5B-Base,1,0.041666666666666664,last_token,ko,zh,r1,256,512,delta,ok,0.001953125
trillionlabs/Tri-0.5B-Base,1,0.041666666666666664,last_token,ko,zh,r5,256,512,raw,ok,0.0234375
trillionlabs/Tri-0.5B-Base,1,0.041666666666666664,last_token,ko,zh,r5,256,512,aligned,ok,0.037109375
trillionlabs/Tri-0.5B-Base,1,0.041666666666666664,last_token,ko,zh,r5,256,512,delta,ok,0.013671875
trillionlabs/Tri-0.5B-Base,1,0.041666666666666664,last_token,ko,zh,r10,256,512,raw,ok,0.0390625
trillionlabs/Tri-0.5B-Base,1,0.041666666666666664,last_token,ko,zh,r10,256,512,aligned,ok,0.072265625
trillionlabs/Tri-0.5B-Base,1,0.041666666666666664,last_token,ko,zh,r10,256,512,delta,ok,0.033203125
trillionlabs/Tri-0.5B-Base,1,0.041666666666666664,last_token,ko,zh,mrr,256,512,raw,ok,0.02268912504640582
trillionlabs/Tri-0.5B-Base,1,0.041666666666666664,last_token,ko,zh,mrr,256,512,aligned,ok,0.032698966131258264
trillionlabs/Tri-0.5B-Base,1,0.041666666666666664,last_token,ko,zh,mrr,256,512,delta,ok,0.010009841084852443
trillionlabs/Tri-0.5B-Base,1,0.041666666666666664,last_token,zh,ko,r1,256,512,raw,ok,0.009765625
trillionlabs/Tri-0.5B-Base,1,0.041666666666666664,last_token,zh,ko,r1,256,512,aligned,ok,0.009765625
trillionlabs/Tri-0.5B-Base,1,0.041666666666666664,last_token,zh,ko,r1,256,512,delta,ok,0.0
trillionlabs/Tri-0.5B-Base,1,0.041666666666666664,last_token,zh,ko,r5,256,512,raw,ok,0.021484375
trillionlabs/Tri-0.5B-Base,1,0.041666666666666664,last_token,zh,ko,r5,256,512,aligned,ok,0.05859375
trillionlabs/Tri-0.5B-Base,1,0.041666666666666664,last_token,zh,ko,r5,256,512,delta,ok,0.037109375
trillionlabs/Tri-0.5B-Base,1,0.041666666666666664,last_token,zh,ko,r10,256,512,raw,ok,0.037109375
trillionlabs/Tri-0.5B-Base,1,0.041666666666666664,last_token,zh,ko,r10,256,512,aligned,ok,0.0859375
trillionlabs/Tri-0.5B-Base,1,0.041666666666666664,last_token,zh,ko,r10,256,512,delta,ok,0.048828125
trillionlabs/Tri-0.5B-Base,1,0.041666666666666664,last_token,zh,ko,mrr,256,512,raw,ok,0.025072171511382607
trillionlabs/Tri-0.5B-Base,1,0.041666666666666664,last_token,zh,ko,mrr,256,512,aligned,ok,0.04146293806375881
trillionlabs/Tri-0.5B-Base,1,0.041666666666666664,last_token,zh,ko,mrr,256,512,delta,ok,0.0163907665523762
trillionlabs/Tri-0.5B-Base,1,0.041666666666666664,last_token,ja,zh,r1,256,512,raw,ok,0.0234375
trillionlabs/Tri-0.5B-Base,1,0.041666666666666664,last_token,ja,zh,r1,256,512,aligned,ok,0.0234375
trillionlabs/Tri-0.5B-Base,1,0.041666666666666664,last_token,ja,zh,r1,256,512,delta,ok,0.0
trillionlabs/Tri-0.5B-Base,1,0.041666666666666664,last_token,ja,zh,r5,256,512,raw,ok,0.0625
trillionlabs/Tri-0.5B-Base,1,0.041666666666666664,last_token,ja,zh,r5,256,512,aligned,ok,0.068359375
trillionlabs/Tri-0.5B-Base,1,0.041666666666666664,last_token,ja,zh,r5,256,512,delta,ok,0.005859375
trillionlabs/Tri-0.5B-Base,1,0.041666666666666664,last_token,ja,zh,r10,256,512,raw,ok,0.083984375
trillionlabs/Tri-0.5B-Base,1,0.041666666666666664,last_token,ja,zh,r10,256,512,aligned,ok,0.08984375
trillionlabs/Tri-0.5B-Base,1,0.041666666666666664,last_token,ja,zh,r10,256,512,delta,ok,0.005859375
trillionlabs/Tri-0.5B-Base,1,0.041666666666666664,last_token,ja,zh,mrr,256,512,raw,ok,0.051263324242559
trillionlabs/Tri-0.5B-Base,1,0.041666666666666664,last_token,ja,zh,mrr,256,512,aligned,ok,0.0548013865937889
trillionlabs/Tri-0.5B-Base,1,0.041666666666666664,last_token,ja,zh,mrr,256,512,delta,ok,0.003538062351229901
trillionlabs/Tri-0.5B-Base,1,0.041666666666666664,last_token,zh,ja,r1,256,512,raw,ok,0.0234375
trillionlabs/Tri-0.5B-Base,1,0.041666666666666664,last_token,zh,ja,r1,256,512,aligned,ok,0.025390625
trillionlabs/Tri-0.5B-Base,1,0.041666666666666664,last_token,zh,ja,r1,256,512,delta,ok,0.001953125
trillionlabs/Tri-0.5B-Base,1,0.041666666666666664,last_token,zh,ja,r5,256,512,raw,ok,0.091796875
trillionlabs/Tri-0.5B-Base,1,0.041666666666666664,last_token,zh,ja,r5,256,512,aligned,ok,0.056640625
trillionlabs/Tri-0.5B-Base,1,0.041666666666666664,last_token,zh,ja,r5,256,512,delta,ok,-0.03515625
trillionlabs/Tri-0.5B-Base,1,0.041666666666666664,last_token,zh,ja,r10,256,512,raw,ok,0.103515625
trillionlabs/Tri-0.5B-Base,1,0.041666666666666664,last_token,zh,ja,r10,256,512,aligned,ok,0.0859375
trillionlabs/Tri-0.5B-Base,1,0.041666666666666664,last_token,zh,ja,r10,256,512,delta,ok,-0.017578125
trillionlabs/Tri-0.5B-Base,1,0.041666666666666664,last_token,zh,ja,mrr,256,512,raw,ok,0.060578500192829746
trillionlabs/Tri-0.5B-Base,1,0.041666666666666664,last_token,zh,ja,mrr,256,512,aligned,ok,0.05074806776605627
trillionlabs/Tri-0.5B-Base,1,0.041666666666666664,last_token,zh,ja,mrr,256,512,delta,ok,-0.009830432426773478
trillionlabs/Tri-0.5B-Base,2,0.08333333333333333,last_token,en,ko,r1,256,512,raw,ok,0.04296875
trillionlabs/Tri-0.5B-Base,2,0.08333333333333333,last_token,en,ko,r1,256,512,aligned,ok,0.01953125
trillionlabs/Tri-0.5B-Base,2,0.08333333333333333,last_token,en,ko,r1,256,512,delta,ok,-0.0234375
trillionlabs/Tri-0.5B-Base,2,0.08333333333333333,last_token,en,ko,r5,256,512,raw,ok,0.080078125
trillionlabs/Tri-0.5B-Base,2,0.08333333333333333,last_token,en,ko,r5,256,512,aligned,ok,0.091796875
trillionlabs/Tri-0.5B-Base,2,0.08333333333333333,last_token,en,ko,r5,256,512,delta,ok,0.01171875
trillionlabs/Tri-0.5B-Base,2,0.08333333333333333,last_token,en,ko,r10,256,512,raw,ok,0.123046875
trillionlabs/Tri-0.5B-Base,2,0.08333333333333333,last_token,en,ko,r10,256,512,aligned,ok,0.130859375
trillionlabs/Tri-0.5B-Base,2,0.08333333333333333,last_token,en,ko,r10,256,512,delta,ok,0.0078125
trillionlabs/Tri-0.5B-Base,2,0.08333333333333333,last_token,en,ko,mrr,256,512,raw,ok,0.07305431771432919
trillionlabs/Tri-0.5B-Base,2,0.08333333333333333,last_token,en,ko,mrr,256,512,aligned,ok,0.06109984240550446
trillionlabs/Tri-0.5B-Base,2,0.08333333333333333,last_token,en,ko,mrr,256,512,delta,ok,-0.011954475308824729
trillionlabs/Tri-0.5B-Base,2,0.08333333333333333,last_token,ko,en,r1,256,512,raw,ok,0.0390625
trillionlabs/Tri-0.5B-Base,2,0.08333333333333333,last_token,ko,en,r1,256,512,aligned,ok,0.0234375
trillionlabs/Tri-0.5B-Base,2,0.08333333333333333,last_token,ko,en,r1,256,512,delta,ok,-0.015625
trillionlabs/Tri-0.5B-Base,2,0.08333333333333333,last_token,ko,en,r5,256,512,raw,ok,0.123046875
trillionlabs/Tri-0.5B-Base,2,0.08333333333333333,last_token,ko,en,r5,256,512,aligned,ok,0.08203125
trillionlabs/Tri-0.5B-Base,2,0.08333333333333333,last_token,ko,en,r5,256,512,delta,ok,-0.041015625
trillionlabs/Tri-0.5B-Base,2,0.08333333333333333,last_token,ko,en,r10,256,512,raw,ok,0.1484375
trillionlabs/Tri-0.5B-Base,2,0.08333333333333333,last_token,ko,en,r10,256,512,aligned,ok,0.125
trillionlabs/Tri-0.5B-Base,2,0.08333333333333333,last_token,ko,en,r10,256,512,delta,ok,-0.0234375
trillionlabs/Tri-0.5B-Base,2,0.08333333333333333,last_token,ko,en,mrr,256,512,raw,ok,0.0816088216450988
trillionlabs/Tri-0.5B-Base,2,0.08333333333333333,last_token,ko,en,mrr,256,512,aligned,ok,0.061296689129686055
trillionlabs/Tri-0.5B-Base,2,0.08333333333333333,last_token,ko,en,mrr,256,512,delta,ok,-0.02031213251541275
trillionlabs/Tri-0.5B-Base,2,0.08333333333333333,last_token,en,ja,r1,256,512,raw,ok,0.013671875
trillionlabs/Tri-0.5B-Base,2,0.08333333333333333,last_token,en,ja,r1,256,512,aligned,ok,0.021484375
trillionlabs/Tri-0.5B-Base,2,0.08333333333333333,last_token,en,ja,r1,256,512,delta,ok,0.0078125
trillionlabs/Tri-0.5B-Base,2,0.08333333333333333,last_token,en,ja,r5,256,512,raw,ok,0.03125
trillionlabs/Tri-0.5B-Base,2,0.08333333333333333,last_token,en,ja,r5,256,512,aligned,ok,0.0703125
trillionlabs/Tri-0.5B-Base,2,0.08333333333333333,last_token,en,ja,r5,256,512,delta,ok,0.0390625
trillionlabs/Tri-0.5B-Base,2,0.08333333333333333,last_token,en,ja,r10,256,512,raw,ok,0.046875
trillionlabs/Tri-0.5B-Base,2,0.08333333333333333,last_token,en,ja,r10,256,512,aligned,ok,0.12890625
trillionlabs/Tri-0.5B-Base,2,0.08333333333333333,last_token,en,ja,r10,256,512,delta,ok,0.08203125
trillionlabs/Tri-0.5B-Base,2,0.08333333333333333,last_token,en,ja,mrr,256,512,raw,ok,0.028919603210183074
trillionlabs/Tri-0.5B-Base,2,0.08333333333333333,last_token,en,ja,mrr,256,512,aligned,ok,0.0569239680374448
trillionlabs/Tri-0.5B-Base,2,0.08333333333333333,last_token,en,ja,mrr,256,512,delta,ok,0.028004364827261728
trillionlabs/Tri-0.5B-Base,2,0.08333333333333333,last_token,ja,en,r1,256,512,raw,ok,0.01171875
trillionlabs/Tri-0.5B-Base,2,0.08333333333333333,last_token,ja,en,r1,256,512,aligned,ok,0.0234375
trillionlabs/Tri-0.5B-Base,2,0.08333333333333333,last_token,ja,en,r1,256,512,delta,ok,0.01171875
trillionlabs/Tri-0.5B-Base,2,0.08333333333333333,last_token,ja,en,r5,256,512,raw,ok,0.03515625
trillionlabs/Tri-0.5B-Base,2,0.08333333333333333,last_token,ja,en,r5,256,512,aligned,ok,0.06640625
trillionlabs/Tri-0.5B-Base,2,0.08333333333333333,last_token,ja,en,r5,256,512,delta,ok,0.03125
trillionlabs/Tri-0.5B-Base,2,0.08333333333333333,last_token,ja,en,r10,256,512,raw,ok,0.068359375
trillionlabs/Tri-0.5B-Base,2,0.08333333333333333,last_token,ja,en,r10,256,512,aligned,ok,0.115234375
trillionlabs/Tri-0.5B-Base,2,0.08333333333333333,last_token,ja,en,r10,256,512,delta,ok,0.046875
trillionlabs/Tri-0.5B-Base,2,0.08333333333333333,last_token,ja,en,mrr,256,512,raw,ok,0.03509465116099676
trillionlabs/Tri-0.5B-Base,2,0.08333333333333333,last_token,ja,en,mrr,256,512,aligned,ok,0.05714301528109876
trillionlabs/Tri-0.5B-Base,2,0.08333333333333333,last_token,ja,en,mrr,256,512,delta,ok,0.022048364120102
trillionlabs/Tri-0.5B-Base,2,0.08333333333333333,last_token,en,zh,r1,256,512,raw,ok,0.029296875
trillionlabs/Tri-0.5B-Base,2,0.08333333333333333,last_token,en,zh,r1,256,512,aligned,ok,0.037109375
trillionlabs/Tri-0.5B-Base,2,0.08333333333333333,last_token,en,zh,r1,256,512,delta,ok,0.0078125
trillionlabs/Tri-0.5B-Base,2,0.08333333333333333,last_token,en,zh,r5,256,512,raw,ok,0.0625
trillionlabs/Tri-0.5B-Base,2,0.08333333333333333,last_token,en,zh,r5,256,512,aligned,ok,0.115234375
trillionlabs/Tri-0.5B-Base,2,0.08333333333333333,last_token,en,zh,r5,256,512,delta,ok,0.052734375
trillionlabs/Tri-0.5B-Base,2,0.08333333333333333,last_token,en,zh,r10,256,512,raw,ok,0.095703125
trillionlabs/Tri-0.5B-Base,2,0.08333333333333333,last_token,en,zh,r10,256,512,aligned,ok,0.166015625
trillionlabs/Tri-0.5B-Base,2,0.08333333333333333,last_token,en,zh,r10,256,512,delta,ok,0.0703125
trillionlabs/Tri-0.5B-Base,2,0.08333333333333333,last_token,en,zh,mrr,256,512,raw,ok,0.05667234953175365
trillionlabs/Tri-0.5B-Base,2,0.08333333333333333,last_token,en,zh,mrr,256,512,aligned,ok,0.08382604975981992
trillionlabs/Tri-0.5B-Base,2,0.08333333333333333,last_token,en,zh,mrr,256,512,delta,ok,0.027153700228066263
trillionlabs/Tri-0.5B-Base,2,0.08333333333333333,last_token,zh,en,r1,256,512,raw,ok,0.056640625
trillionlabs/Tri-0.5B-Base,2,0.08333333333333333,last_token,zh,en,r1,256,512,aligned,ok,0.052734375
trillionlabs/Tri-0.5B-Base,2,0.08333333333333333,last_token,zh,en,r1,256,512,delta,ok,-0.00390625
trillionlabs/Tri-0.5B-Base,2,0.08333333333333333,last_token,zh,en,r5,256,512,raw,ok,0.115234375
trillionlabs/Tri-0.5B-Base,2,0.08333333333333333,last_token,zh,en,r5,256,512,aligned,ok,0.130859375
trillionlabs/Tri-0.5B-Base,2,0.08333333333333333,last_token,zh,en,r5,256,512,delta,ok,0.015625
trillionlabs/Tri-0.5B-Base,2,0.08333333333333333,last_token,zh,en,r10,256,512,raw,ok,0.1796875
trillionlabs/Tri-0.5B-Base,2,0.08333333333333333,last_token,zh,en,r10,256,512,aligned,ok,0.18359375
trillionlabs/Tri-0.5B-Base,2,0.08333333333333333,last_token,zh,en,r10,256,512,delta,ok,0.00390625
trillionlabs/Tri-0.5B-Base,2,0.08333333333333333,last_token,zh,en,mrr,256,512,raw,ok,0.10085524878288749
trillionlabs/Tri-0.5B-Base,2,0.08333333333333333,last_token,zh,en,mrr,256,512,aligned,ok,0.09858218538040557
trillionlabs/Tri-0.5B-Base,2,0.08333333333333333,last_token,zh,en,mrr,256,512,delta,ok,-0.0022730634024819146
trillionlabs/Tri-0.5B-Base,2,0.08333333333333333,last_token,ko,ja,r1,256,512,raw,ok,0.0078125
trillionlabs/Tri-0.5B-Base,2,0.08333333333333333,last_token,ko,ja,r1,256,512,aligned,ok,0.015625
trillionlabs/Tri-0.5B-Base,2,0.08333333333333333,last_token,ko,ja,r1,256,512,delta,ok,0.0078125
trillionlabs/Tri-0.5B-Base,2,0.08333333333333333,last_token,ko,ja,r5,256,512,raw,ok,0.021484375
trillionlabs/Tri-0.5B-Base,2,0.08333333333333333,last_token,ko,ja,r5,256,512,aligned,ok,0.052734375
trillionlabs/Tri-0.5B-Base,2,0.08333333333333333,last_token,ko,ja,r5,256,512,delta,ok,0.03125
trillionlabs/Tri-0.5B-Base,2,0.08333333333333333,last_token,ko,ja,r10,256,512,raw,ok,0.04296875
trillionlabs/Tri-0.5B-Base,2,0.08333333333333333,last_token,ko,ja,r10,256,512,aligned,ok,0.08984375
trillionlabs/Tri-0.5B-Base,2,0.08333333333333333,last_token,ko,ja,r10,256,512,delta,ok,0.046875
trillionlabs/Tri-0.5B-Base,2,0.08333333333333333,last_token,ko,ja,mrr,256,512,raw,ok,0.025791730605503424
trillionlabs/Tri-0.5B-Base,2,0.08333333333333333,last_token,ko,ja,mrr,256,512,aligned,ok,0.04263246487127009
trillionlabs/Tri-0.5B-Base,2,0.08333333333333333,last_token,ko,ja,mrr,256,512,delta,ok,0.01684073426576667
trillionlabs/Tri-0.5B-Base,2,0.08333333333333333,last_token,ja,ko,r1,256,512,raw,ok,0.015625
trillionlabs/Tri-0.5B-Base,2,0.08333333333333333,last_token,ja,ko,r1,256,512,aligned,ok,0.015625
trillionlabs/Tri-0.5B-Base,2,0.08333333333333333,last_token,ja,ko,r1,256,512,delta,ok,0.0
trillionlabs/Tri-0.5B-Base,2,0.08333333333333333,last_token,ja,ko,r5,256,512,raw,ok,0.048828125
trillionlabs/Tri-0.5B-Base,2,0.08333333333333333,last_token,ja,ko,r5,256,512,aligned,ok,0.068359375
trillionlabs/Tri-0.5B-Base,2,0.08333333333333333,last_token,ja,ko,r5,256,512,delta,ok,0.01953125
trillionlabs/Tri-0.5B-Base,2,0.08333333333333333,last_token,ja,ko,r10,256,512,raw,ok,0.087890625
trillionlabs/Tri-0.5B-Base,2,0.08333333333333333,last_token,ja,ko,r10,256,512,aligned,ok,0.115234375
trillionlabs/Tri-0.5B-Base,2,0.08333333333333333,last_token,ja,ko,r10,256,512,delta,ok,0.02734375
trillionlabs/Tri-0.5B-Base,2,0.08333333333333333,last_token,ja,ko,mrr,256,512,raw,ok,0.042460044182867064
trillionlabs/Tri-0.5B-Base,2,0.08333333333333333,last_token,ja,ko,mrr,256,512,aligned,ok,0.05236851102081336
trillionlabs/Tri-0.5B-Base,2,0.08333333333333333,last_token,ja,ko,mrr,256,512,delta,ok,0.009908466837946293
trillionlabs/Tri-0.5B-Base,2,0.08333333333333333,last_token,ko,zh,r1,256,512,raw,ok,0.013671875
trillionlabs/Tri-0.5B-Base,2,0.08333333333333333,last_token,ko,zh,r1,256,512,aligned,ok,0.015625
trillionlabs/Tri-0.5B-Base,2,0.08333333333333333,last_token,ko,zh,r1,256,512,delta,ok,0.001953125
trillionlabs/Tri-0.5B-Base,2,0.08333333333333333,last_token,ko,zh,r5,256,512,raw,ok,0.041015625
trillionlabs/Tri-0.5B-Base,2,0.08333333333333333,last_token,ko,zh,r5,256,512,aligned,ok,0.052734375
trillionlabs/Tri-0.5B-Base,2,0.08333333333333333,last_token,ko,zh,r5,256,512,delta,ok,0.01171875
trillionlabs/Tri-0.5B-Base,2,0.08333333333333333,last_token,ko,zh,r10,256,512,raw,ok,0.048828125
trillionlabs/Tri-0.5B-Base,2,0.08333333333333333,last_token,ko,zh,r10,256,512,aligned,ok,0.091796875
trillionlabs/Tri-0.5B-Base,2,0.08333333333333333,last_token,ko,zh,r10,256,512,delta,ok,0.04296875
trillionlabs/Tri-0.5B-Base,2,0.08333333333333333,last_token,ko,zh,mrr,256,512,raw,ok,0.035314805694997606
trillionlabs/Tri-0.5B-Base,2,0.08333333333333333,last_token,ko,zh,mrr,256,512,aligned,ok,0.04470672806670225
trillionlabs/Tri-0.5B-Base,2,0.08333333333333333,last_token,ko,zh,mrr,256,512,delta,ok,0.009391922371704643
trillionlabs/Tri-0.5B-Base,2,0.08333333333333333,last_token,zh,ko,r1,256,512,raw,ok,0.017578125
trillionlabs/Tri-0.5B-Base,2,0.08333333333333333,last_token,zh,ko,r1,256,512,aligned,ok,0.013671875
trillionlabs/Tri-0.5B-Base,2,0.08333333333333333,last_token,zh,ko,r1,256,512,delta,ok,-0.00390625
trillionlabs/Tri-0.5B-Base,2,0.08333333333333333,last_token,zh,ko,r5,256,512,raw,ok,0.05859375
trillionlabs/Tri-0.5B-Base,2,0.08333333333333333,last_token,zh,ko,r5,256,512,aligned,ok,0.06640625
trillionlabs/Tri-0.5B-Base,2,0.08333333333333333,last_token,zh,ko,r5,256,512,delta,ok,0.0078125
trillionlabs/Tri-0.5B-Base,2,0.08333333333333333,last_token,zh,ko,r10,256,512,raw,ok,0.083984375
trillionlabs/Tri-0.5B-Base,2,0.08333333333333333,last_token,zh,ko,r10,256,512,aligned,ok,0.10546875
trillionlabs/Tri-0.5B-Base,2,0.08333333333333333,last_token,zh,ko,r10,256,512,delta,ok,0.021484375
trillionlabs/Tri-0.5B-Base,2,0.08333333333333333,last_token,zh,ko,mrr,256,512,raw,ok,0.04829544747876479
trillionlabs/Tri-0.5B-Base,2,0.08333333333333333,last_token,zh,ko,mrr,256,512,aligned,ok,0.04782570845158151
trillionlabs/Tri-0.5B-Base,2,0.08333333333333333,last_token,zh,ko,mrr,256,512,delta,ok,-0.0004697390271832802
trillionlabs/Tri-0.5B-Base,2,0.08333333333333333,last_token,ja,zh,r1,256,512,raw,ok,0.025390625
trillionlabs/Tri-0.5B-Base,2,0.08333333333333333,last_token,ja,zh,r1,256,512,aligned,ok,0.017578125
trillionlabs/Tri-0.5B-Base,2,0.08333333333333333,last_token,ja,zh,r1,256,512,delta,ok,-0.0078125
trillionlabs/Tri-0.5B-Base,2,0.08333333333333333,last_token,ja,zh,r5,256,512,raw,ok,0.068359375
trillionlabs/Tri-0.5B-Base,2,0.08333333333333333,last_token,ja,zh,r5,256,512,aligned,ok,0.07421875
trillionlabs/Tri-0.5B-Base,2,0.08333333333333333,last_token,ja,zh,r5,256,512,delta,ok,0.005859375
trillionlabs/Tri-0.5B-Base,2,0.08333333333333333,last_token,ja,zh,r10,256,512,raw,ok,0.103515625
trillionlabs/Tri-0.5B-Base,2,0.08333333333333333,last_token,ja,zh,r10,256,512,aligned,ok,0.115234375
trillionlabs/Tri-0.5B-Base,2,0.08333333333333333,last_token,ja,zh,r10,256,512,delta,ok,0.01171875
trillionlabs/Tri-0.5B-Base,2,0.08333333333333333,last_token,ja,zh,mrr,256,512,raw,ok,0.05685646909395694
trillionlabs/Tri-0.5B-Base,2,0.08333333333333333,last_token,ja,zh,mrr,256,512,aligned,ok,0.05407169826218451
trillionlabs/Tri-0.5B-Base,2,0.08333333333333333,last_token,ja,zh,mrr,256,512,delta,ok,-0.0027847708317724276
trillionlabs/Tri-0.5B-Base,2,0.08333333333333333,last_token,zh,ja,r1,256,512,raw,ok,0.0234375
trillionlabs/Tri-0.5B-Base,2,0.08333333333333333,last_token,zh,ja,r1,256,512,aligned,ok,0.02734375
trillionlabs/Tri-0.5B-Base,2,0.08333333333333333,last_token,zh,ja,r1,256,512,delta,ok,0.00390625
trillionlabs/Tri-0.5B-Base,2,0.08333333333333333,last_token,zh,ja,r5,256,512,raw,ok,0.056640625
trillionlabs/Tri-0.5B-Base,2,0.08333333333333333,last_token,zh,ja,r5,256,512,aligned,ok,0.072265625
trillionlabs/Tri-0.5B-Base,2,0.08333333333333333,last_token,zh,ja,r5,256,512,delta,ok,0.015625
trillionlabs/Tri-0.5B-Base,2,0.08333333333333333,last_token,zh,ja,r10,256,512,raw,ok,0.087890625
trillionlabs/Tri-0.5B-Base,2,0.08333333333333333,last_token,zh,ja,r10,256,512,aligned,ok,0.111328125
trillionlabs/Tri-0.5B-Base,2,0.08333333333333333,last_token,zh,ja,r10,256,512,delta,ok,0.0234375
trillionlabs/Tri-0.5B-Base,2,0.08333333333333333,last_token,zh,ja,mrr,256,512,raw,ok,0.05025456688377737
trillionlabs/Tri-0.5B-Base,2,0.08333333333333333,last_token,zh,ja,mrr,256,512,aligned,ok,0.06069090752592654
trillionlabs/Tri-0.5B-Base,2,0.08333333333333333,last_token,zh,ja,mrr,256,512,delta,ok,0.01043634064214917
trillionlabs/Tri-0.5B-Base,3,0.125,last_token,en,ko,r1,256,512,raw,ok,0.05078125
trillionlabs/Tri-0.5B-Base,3,0.125,last_token,en,ko,r1,256,512,aligned,ok,0.0234375
trillionlabs/Tri-0.5B-Base,3,0.125,last_token,en,ko,r1,256,512,delta,ok,-0.02734375
trillionlabs/Tri-0.5B-Base,3,0.125,last_token,en,ko,r5,256,512,raw,ok,0.12890625
trillionlabs/Tri-0.5B-Base,3,0.125,last_token,en,ko,r5,256,512,aligned,ok,0.095703125
trillionlabs/Tri-0.5B-Base,3,0.125,last_token,en,ko,r5,256,512,delta,ok,-0.033203125
trillionlabs/Tri-0.5B-Base,3,0.125,last_token,en,ko,r10,256,512,raw,ok,0.166015625
trillionlabs/Tri-0.5B-Base,3,0.125,last_token,en,ko,r10,256,512,aligned,ok,0.138671875
trillionlabs/Tri-0.5B-Base,3,0.125,last_token,en,ko,r10,256,512,delta,ok,-0.02734375
trillionlabs/Tri-0.5B-Base,3,0.125,last_token,en,ko,mrr,256,512,raw,ok,0.09614447234048362
trillionlabs/Tri-0.5B-Base,3,0.125,last_token,en,ko,mrr,256,512,aligned,ok,0.07049339458922864
trillionlabs/Tri-0.5B-Base,3,0.125,last_token,en,ko,mrr,256,512,delta,ok,-0.025651077751254983
trillionlabs/Tri-0.5B-Base,3,0.125,last_token,ko,en,r1,256,512,raw,ok,0.044921875
trillionlabs/Tri-0.5B-Base,3,0.125,last_token,ko,en,r1,256,512,aligned,ok,0.0234375
trillionlabs/Tri-0.5B-Base,3,0.125,last_token,ko,en,r1,256,512,delta,ok,-0.021484375
trillionlabs/Tri-0.5B-Base,3,0.125,last_token,ko,en,r5,256,512,raw,ok,0.1484375
trillionlabs/Tri-0.5B-Base,3,0.125,last_token,ko,en,r5,256,512,aligned,ok,0.08203125
trillionlabs/Tri-0.5B-Base,3,0.125,last_token,ko,en,r5,256,512,delta,ok,-0.06640625
trillionlabs/Tri-0.5B-Base,3,0.125,last_token,ko,en,r10,256,512,raw,ok,0.189453125
trillionlabs/Tri-0.5B-Base,3,0.125,last_token,ko,en,r10,256,512,aligned,ok,0.12890625
trillionlabs/Tri-0.5B-Base,3,0.125,last_token,ko,en,r10,256,512,delta,ok,-0.060546875
trillionlabs/Tri-0.5B-Base,3,0.125,last_token,ko,en,mrr,256,512,raw,ok,0.09733531807639412
trillionlabs/Tri-0.5B-Base,3,0.125,last_token,ko,en,mrr,256,512,aligned,ok,0.06515184416309641
trillionlabs/Tri-0.5B-Base,3,0.125,last_token,ko,en,mrr,256,512,delta,ok,-0.032183473913297705
trillionlabs/Tri-0.5B-Base,3,0.125,last_token,en,ja,r1,256,512,raw,ok,0.015625
trillionlabs/Tri-0.5B-Base,3,0.125,last_token,en,ja,r1,256,512,aligned,ok,0.02734375
trillionlabs/Tri-0.5B-Base,3,0.125,last_token,en,ja,r1,256,512,delta,ok,0.01171875
trillionlabs/Tri-0.5B-Base,3,0.125,last_token,en,ja,r5,256,512,raw,ok,0.0234375
trillionlabs/Tri-0.5B-Base,3,0.125,last_token,en,ja,r5,256,512,aligned,ok,0.08984375
trillionlabs/Tri-0.5B-Base,3,0.125,last_token,en,ja,r5,256,512,delta,ok,0.06640625
trillionlabs/Tri-0.5B-Base,3,0.125,last_token,en,ja,r10,256,512,raw,ok,0.052734375
trillionlabs/Tri-0.5B-Base,3,0.125,last_token,en,ja,r10,256,512,aligned,ok,0.125
trillionlabs/Tri-0.5B-Base,3,0.125,last_token,en,ja,r10,256,512,delta,ok,0.072265625
trillionlabs/Tri-0.5B-Base,3,0.125,last_token,en,ja,mrr,256,512,raw,ok,0.03247126868878679
trillionlabs/Tri-0.5B-Base,3,0.125,last_token,en,ja,mrr,256,512,aligned,ok,0.0643682392252746
trillionlabs/Tri-0.5B-Base,3,0.125,last_token,en,ja,mrr,256,512,delta,ok,0.03189697053648781
trillionlabs/Tri-0.5B-Base,3,0.125,last_token,ja,en,r1,256,512,raw,ok,0.01953125
trillionlabs/Tri-0.5B-Base,3,0.125,last_token,ja,en,r1,256,512,aligned,ok,0.033203125
trillionlabs/Tri-0.5B-Base,3,0.125,last_token,ja,en,r1,256,512,delta,ok,0.013671875
trillionlabs/Tri-0.5B-Base,3,0.125,last_token,ja,en,r5,256,512,raw,ok,0.056640625
trillionlabs/Tri-0.5B-Base,3,0.125,last_token,ja,en,r5,256,512,aligned,ok,0.09375
trillionlabs/Tri-0.5B-Base,3,0.125,last_token,ja,en,r5,256,512,delta,ok,0.037109375
trillionlabs/Tri-0.5B-Base,3,0.125,last_token,ja,en,r10,256,512,raw,ok,0.10546875
trillionlabs/Tri-0.5B-Base,3,0.125,last_token,ja,en,r10,256,512,aligned,ok,0.13671875
trillionlabs/Tri-0.5B-Base,3,0.125,last_token,ja,en,r10,256,512,delta,ok,0.03125
trillionlabs/Tri-0.5B-Base,3,0.125,last_token,ja,en,mrr,256,512,raw,ok,0.050831069657256
trillionlabs/Tri-0.5B-Base,3,0.125,last_token,ja,en,mrr,256,512,aligned,ok,0.07317901033979096
trillionlabs/Tri-0.5B-Base,3,0.125,last_token,ja,en,mrr,256,512,delta,ok,0.022347940682534963
trillionlabs/Tri-0.5B-Base,3,0.125,last_token,en,zh,r1,256,512,raw,ok,0.037109375
trillionlabs/Tri-0.5B-Base,3,0.125,last_token,en,zh,r1,256,512,aligned,ok,0.044921875
trillionlabs/Tri-0.5B-Base,3,0.125,last_token,en,zh,r1,256,512,delta,ok,0.0078125
trillionlabs/Tri-0.5B-Base,3,0.125,last_token,en,zh,r5,256,512,raw,ok,0.091796875
trillionlabs/Tri-0.5B-Base,3,0.125,last_token,en,zh,r5,256,512,aligned,ok,0.107421875
trillionlabs/Tri-0.5B-Base,3,0.125,last_token,en,zh,r5,256,512,delta,ok,0.015625
trillionlabs/Tri-0.5B-Base,3,0.125,last_token,en,zh,r10,256,512,raw,ok,0.130859375
trillionlabs/Tri-0.5B-Base,3,0.125,last_token,en,zh,r10,256,512,aligned,ok,0.1640625
trillionlabs/Tri-0.5B-Base,3,0.125,last_token,en,zh,r10,256,512,delta,ok,0.033203125
trillionlabs/Tri-0.5B-Base,3,0.125,last_token,en,zh,mrr,256,512,raw,ok,0.07300483583391645
trillionlabs/Tri-0.5B-Base,3,0.125,last_token,en,zh,mrr,256,512,aligned,ok,0.08731220763551181
trillionlabs/Tri-0.5B-Base,3,0.125,last_token,en,zh,mrr,256,512,delta,ok,0.014307371801595359
trillionlabs/Tri-0.5B-Base,3,0.125,last_token,zh,en,r1,256,512,raw,ok,0.05859375
trillionlabs/Tri-0.5B-Base,3,0.125,last_token,zh,en,r1,256,512,aligned,ok,0.0703125
trillionlabs/Tri-0.5B-Base,3,0.125,last_token,zh,en,r1,256,512,delta,ok,0.01171875
trillionlabs/Tri-0.5B-Base,3,0.125,last_token,zh,en,r5,256,512,raw,ok,0.146484375
trillionlabs/Tri-0.5B-Base,3,0.125,last_token,zh,en,r5,256,512,aligned,ok,0.1640625
trillionlabs/Tri-0.5B-Base,3,0.125,last_token,zh,en,r5,256,512,delta,ok,0.017578125
trillionlabs/Tri-0.5B-Base,3,0.125,last_token,zh,en,r10,256,512,raw,ok,0.205078125
trillionlabs/Tri-0.5B-Base,3,0.125,last_token,zh,en,r10,256,512,aligned,ok,0.205078125
trillionlabs/Tri-0.5B-Base,3,0.125,last_token,zh,en,r10,256,512,delta,ok,0.0
trillionlabs/Tri-0.5B-Base,3,0.125,last_token,zh,en,mrr,256,512,raw,ok,0.10915643652274039
trillionlabs/Tri-0.5B-Base,3,0.125,last_token,zh,en,mrr,256,512,aligned,ok,0.12279335235975315
trillionlabs/Tri-0.5B-Base,3,0.125,last_token,zh,en,mrr,256,512,delta,ok,0.013636915837012764
trillionlabs/Tri-0.5B-Base,3,0.125,last_token,ko,ja,r1,256,512,raw,ok,0.013671875
trillionlabs/Tri-0.5B-Base,3,0.125,last_token,ko,ja,r1,256,512,aligned,ok,0.017578125
trillionlabs/Tri-0.5B-Base,3,0.125,last_token,ko,ja,r1,256,512,delta,ok,0.00390625
trillionlabs/Tri-0.5B-Base,3,0.125,last_token,ko,ja,r5,256,512,raw,ok,0.02734375
trillionlabs/Tri-0.5B-Base,3,0.125,last_token,ko,ja,r5,256,512,aligned,ok,0.056640625
trillionlabs/Tri-0.5B-Base,3,0.125,last_token,ko,ja,r5,256,512,delta,ok,0.029296875
trillionlabs/Tri-0.5B-Base,3,0.125,last_token,ko,ja,r10,256,512,raw,ok,0.044921875
trillionlabs/Tri-0.5B-Base,3,0.125,last_token,ko,ja,r10,256,512,aligned,ok,0.0859375
trillionlabs/Tri-0.5B-Base,3,0.125,last_token,ko,ja,r10,256,512,delta,ok,0.041015625
trillionlabs/Tri-0.5B-Base,3,0.125,last_token,ko,ja,mrr,256,512,raw,ok,0.031674228746250074
trillionlabs/Tri-0.5B-Base,3,0.125,last_token,ko,ja,mrr,256,512,aligned,ok,0.046891912970266826
trillionlabs/Tri-0.5B-Base,3,0.125,last_token,ko,ja,mrr,256,512,delta,ok,0.015217684224016752
trillionlabs/Tri-0.5B-Base,3,0.125,last_token,ja,ko,r1,256,512,raw,ok,0.025390625
trillionlabs/Tri-0.5B-Base,3,0.125,last_token,ja,ko,r1,256,512,aligned,ok,0.03515625
trillionlabs/Tri-0.5B-Base,3,0.125,last_token,ja,ko,r1,256,512,delta,ok,0.009765625
trillionlabs/Tri-0.5B-Base,3,0.125,last_token,ja,ko,r5,256,512,raw,ok,0.080078125
trillionlabs/Tri-0.5B-Base,3,0.125,last_token,ja,ko,r5,256,512,aligned,ok,0.09765625
trillionlabs/Tri-0.5B-Base,3,0.125,last_token,ja,ko,r5,256,512,delta,ok,0.017578125
trillionlabs/Tri-0.5B-Base,3,0.125,last_token,ja,ko,r10,256,512,raw,ok,0.123046875
trillionlabs/Tri-0.5B-Base,3,0.125,last_token,ja,ko,r10,256,512,aligned,ok,0.13671875
trillionlabs/Tri-0.5B-Base,3,0.125,last_token,ja,ko,r10,256,512,delta,ok,0.013671875
trillionlabs/Tri-0.5B-Base,3,0.125,last_token,ja,ko,mrr,256,512,raw,ok,0.06275775799086145
trillionlabs/Tri-0.5B-Base,3,0.125,last_token,ja,ko,mrr,256,512,aligned,ok,0.07155106622526941
trillionlabs/Tri-0.5B-Base,3,0.125,last_token,ja,ko,mrr,256,512,delta,ok,0.008793308234407965
trillionlabs/Tri-0.5B-Base,3,0.125,last_token,ko,zh,r1,256,512,raw,ok,0.025390625
trillionlabs/Tri-0.5B-Base,3,0.125,last_token,ko,zh,r1,256,512,aligned,ok,0.017578125
trillionlabs/Tri-0.5B-Base,3,0.125,last_token,ko,zh,r1,256,512,delta,ok,-0.0078125
trillionlabs/Tri-0.5B-Base,3,0.125,last_token,ko,zh,r5,256,512,raw,ok,0.052734375
trillionlabs/Tri-0.5B-Base,3,0.125,last_token,ko,zh,r5,256,512,aligned,ok,0.0546875
trillionlabs/Tri-0.5B-Base,3,0.125,last_token,ko,zh,r5,256,512,delta,ok,0.001953125
trillionlabs/Tri-0.5B-Base,3,0.125,last_token,ko,zh,r10,256,512,raw,ok,0.076171875
trillionlabs/Tri-0.5B-Base,3,0.125,last_token,ko,zh,r10,256,512,aligned,ok,0.099609375
trillionlabs/Tri-0.5B-Base,3,0.125,last_token,ko,zh,r10,256,512,delta,ok,0.0234375
trillionlabs/Tri-0.5B-Base,3,0.125,last_token,ko,zh,mrr,256,512,raw,ok,0.04864467474242597
trillionlabs/Tri-0.5B-Base,3,0.125,last_token,ko,zh,mrr,256,512,aligned,ok,0.05024769054283186
trillionlabs/Tri-0.5B-Base,3,0.125,last_token,ko,zh,mrr,256,512,delta,ok,0.0016030158004058936
trillionlabs/Tri-0.5B-Base,3,0.125,last_token,zh,ko,r1,256,512,raw,ok,0.037109375
trillionlabs/Tri-0.5B-Base,3,0.125,last_token,zh,ko,r1,256,512,aligned,ok,0.03125
trillionlabs/Tri-0.5B-Base,3,0.125,last_token,zh,ko,r1,256,512,delta,ok,-0.005859375
trillionlabs/Tri-0.5B-Base,3,0.125,last_token,zh,ko,r5,256,512,raw,ok,0.076171875
trillionlabs/Tri-0.5B-Base,3,0.125,last_token,zh,ko,r5,256,512,aligned,ok,0.087890625
trillionlabs/Tri-0.5B-Base,3,0.125,last_token,zh,ko,r5,256,512,delta,ok,0.01171875
trillionlabs/Tri-0.5B-Base,3,0.125,last_token,zh,ko,r10,256,512,raw,ok,0.134765625
trillionlabs/Tri-0.5B-Base,3,0.125,last_token,zh,ko,r10,256,512,aligned,ok,0.15234375
trillionlabs/Tri-0.5B-Base,3,0.125,last_token,zh,ko,r10,256,512,delta,ok,0.017578125
trillionlabs/Tri-0.5B-Base,3,0.125,last_token,zh,ko,mrr,256,512,raw,ok,0.07159242176138021
trillionlabs/Tri-0.5B-Base,3,0.125,last_token,zh,ko,mrr,256,512,aligned,ok,0.0721331709455407
trillionlabs/Tri-0.5B-Base,3,0.125,last_token,zh,ko,mrr,256,512,delta,ok,0.0005407491841604856
trillionlabs/Tri-0.5B-Base,3,0.125,last_token,ja,zh,r1,256,512,raw,ok,0.0390625
trillionlabs/Tri-0.5B-Base,3,0.125,last_token,ja,zh,r1,256,512,aligned,ok,0.01953125
trillionlabs/Tri-0.5B-Base,3,0.125,last_token,ja,zh,r1,256,512,delta,ok,-0.01953125
trillionlabs/Tri-0.5B-Base,3,0.125,last_token,ja,zh,r5,256,512,raw,ok,0.08984375
trillionlabs/Tri-0.5B-Base,3,0.125,last_token,ja,zh,r5,256,512,aligned,ok,0.064453125
trillionlabs/Tri-0.5B-Base,3,0.125,last_token,ja,zh,r5,256,512,delta,ok,-0.025390625
trillionlabs/Tri-0.5B-Base,3,0.125,last_token,ja,zh,r10,256,512,raw,ok,0.1484375
trillionlabs/Tri-0.5B-Base,3,0.125,last_token,ja,zh,r10,256,512,aligned,ok,0.111328125
trillionlabs/Tri-0.5B-Base,3,0.125,last_token,ja,zh,r10,256,512,delta,ok,-0.037109375
trillionlabs/Tri-0.5B-Base,3,0.125,last_token,ja,zh,mrr,256,512,raw,ok,0.07920111378813993
trillionlabs/Tri-0.5B-Base,3,0.125,last_token,ja,zh,mrr,256,512,aligned,ok,0.05384306696878406
trillionlabs/Tri-0.5B-Base,3,0.125,last_token,ja,zh,mrr,256,512,delta,ok,-0.02535804681935587
trillionlabs/Tri-0.5B-Base,3,0.125,last_token,zh,ja,r1,256,512,raw,ok,0.017578125
trillionlabs/Tri-0.5B-Base,3,0.125,last_token,zh,ja,r1,256,512,aligned,ok,0.0390625
trillionlabs/Tri-0.5B-Base,3,0.125,last_token,zh,ja,r1,256,512,delta,ok,0.021484375
trillionlabs/Tri-0.5B-Base,3,0.125,last_token,zh,ja,r5,256,512,raw,ok,0.064453125
trillionlabs/Tri-0.5B-Base,3,0.125,last_token,zh,ja,r5,256,512,aligned,ok,0.08203125
trillionlabs/Tri-0.5B-Base,3,0.125,last_token,zh,ja,r5,256,512,delta,ok,0.017578125
trillionlabs/Tri-0.5B-Base,3,0.125,last_token,zh,ja,r10,256,512,raw,ok,0.099609375
trillionlabs/Tri-0.5B-Base,3,0.125,last_token,zh,ja,r10,256,512,aligned,ok,0.123046875
trillionlabs/Tri-0.5B-Base,3,0.125,last_token,zh,ja,r10,256,512,delta,ok,0.0234375
trillionlabs/Tri-0.5B-Base,3,0.125,last_token,zh,ja,mrr,256,512,raw,ok,0.0496523103973316
trillionlabs/Tri-0.5B-Base,3,0.125,last_token,zh,ja,mrr,256,512,aligned,ok,0.07450598495064446
trillionlabs/Tri-0.5B-Base,3,0.125,last_token,zh,ja,mrr,256,512,delta,ok,0.02485367455331286
trillionlabs/Tri-0.5B-Base,4,0.16666666666666666,last_token,en,ko,r1,256,512,raw,ok,0.05078125
trillionlabs/Tri-0.5B-Base,4,0.16666666666666666,last_token,en,ko,r1,256,512,aligned,ok,0.037109375
trillionlabs/Tri-0.5B-Base,4,0.16666666666666666,last_token,en,ko,r1,256,512,delta,ok,-0.013671875
trillionlabs/Tri-0.5B-Base,4,0.16666666666666666,last_token,en,ko,r5,256,512,raw,ok,0.12109375
trillionlabs/Tri-0.5B-Base,4,0.16666666666666666,last_token,en,ko,r5,256,512,aligned,ok,0.09765625
trillionlabs/Tri-0.5B-Base,4,0.16666666666666666,last_token,en,ko,r5,256,512,delta,ok,-0.0234375
trillionlabs/Tri-0.5B-Base,4,0.16666666666666666,last_token,en,ko,r10,256,512,raw,ok,0.18359375
trillionlabs/Tri-0.5B-Base,4,0.16666666666666666,last_token,en,ko,r10,256,512,aligned,ok,0.1484375
trillionlabs/Tri-0.5B-Base,4,0.16666666666666666,last_token,en,ko,r10,256,512,delta,ok,-0.03515625
trillionlabs/Tri-0.5B-Base,4,0.16666666666666666,last_token,en,ko,mrr,256,512,raw,ok,0.09786048162662639
trillionlabs/Tri-0.5B-Base,4,0.16666666666666666,last_token,en,ko,mrr,256,512,aligned,ok,0.07885484716892613
trillionlabs/Tri-0.5B-Base,4,0.16666666666666666,last_token,en,ko,mrr,256,512,delta,ok,-0.01900563445770026
trillionlabs/Tri-0.5B-Base,4,0.16666666666666666,last_token,ko,en,r1,256,512,raw,ok,0.05859375
trillionlabs/Tri-0.5B-Base,4,0.16666666666666666,last_token,ko,en,r1,256,512,aligned,ok,0.03515625
trillionlabs/Tri-0.5B-Base,4,0.16666666666666666,last_token,ko,en,r1,256,512,delta,ok,-0.0234375
trillionlabs/Tri-0.5B-Base,4,0.16666666666666666,last_token,ko,en,r5,256,512,raw,ok,0.14453125
trillionlabs/Tri-0.5B-Base,4,0.16666666666666666,last_token,ko,en,r5,256,512,aligned,ok,0.099609375
trillionlabs/Tri-0.5B-Base,4,0.16666666666666666,last_token,ko,en,r5,256,512,delta,ok,-0.044921875
trillionlabs/Tri-0.5B-Base,4,0.16666666666666666,last_token,ko,en,r10,256,512,raw,ok,0.205078125
trillionlabs/Tri-0.5B-Base,4,0.16666666666666666,last_token,ko,en,r10,256,512,aligned,ok,0.13671875
trillionlabs/Tri-0.5B-Base,4,0.16666666666666666,last_token,ko,en,r10,256,512,delta,ok,-0.068359375
trillionlabs/Tri-0.5B-Base,4,0.16666666666666666,last_token,ko,en,mrr,256,512,raw,ok,0.10786143044462665
trillionlabs/Tri-0.5B-Base,4,0.16666666666666666,last_token,ko,en,mrr,256,512,aligned,ok,0.07522848120426254
trillionlabs/Tri-0.5B-Base,4,0.16666666666666666,last_token,ko,en,mrr,256,512,delta,ok,-0.03263294924036411
trillionlabs/Tri-0.5B-Base,4,0.16666666666666666,last_token,en,ja,r1,256,512,raw,ok,0.013671875
trillionlabs/Tri-0.5B-Base,4,0.16666666666666666,last_token,en,ja,r1,256,512,aligned,ok,0.037109375
trillionlabs/Tri-0.5B-Base,4,0.16666666666666666,last_token,en,ja,r1,256,512,delta,ok,0.0234375
trillionlabs/Tri-0.5B-Base,4,0.16666666666666666,last_token,en,ja,r5,256,512,raw,ok,0.02734375
trillionlabs/Tri-0.5B-Base,4,0.16666666666666666,last_token,en,ja,r5,256,512,aligned,ok,0.09765625
trillionlabs/Tri-0.5B-Base,4,0.16666666666666666,last_token,en,ja,r5,256,512,delta,ok,0.0703125
trillionlabs/Tri-0.5B-Base,4,0.16666666666666666,last_token,en,ja,r10,256,512,raw,ok,0.03515625
trillionlabs/Tri-0.5B-Base,4,0.16666666666666666,last_token,en,ja,r10,256,512,aligned,ok,0.123046875
trillionlabs/Tri-0.5B-Base,4,0.16666666666666666,last_token,en,ja,r10,256,512,delta,ok,0.087890625
trillionlabs/Tri-0.5B-Base,4,0.16666666666666666,last_token,en,ja,mrr,256,512,raw,ok,0.02975061156581624
trillionlabs/Tri-0.5B-Base,4,0.16666666666666666,last_token,en,ja,mrr,256,512,aligned,ok,0.07412011602144754
trillionlabs/Tri-0.5B-Base,4,0.16666666666666666,last_token,en,ja,mrr,256,512,delta,ok,0.0443695044556313
trillionlabs/Tri-0.5B-Base,4,0.16666666666666666,last_token,ja,en,r1,256,512,raw,ok,0.0234375
trillionlabs/Tri-0.5B-Base,4,0.16666666666666666,last_token,ja,en,r1,256,512,aligned,ok,0.02734375
trillionlabs/Tri-0.5B-Base,4,0.16666666666666666,last_token,ja,en,r1,256,512,delta,ok,0.00390625
trillionlabs/Tri-0.5B-Base,4,0.16666666666666666,last_token,ja,en,r5,256,512,raw,ok,0.072265625
trillionlabs/Tri-0.5B-Base,4,0.16666666666666666,last_token,ja,en,r5,256,512,aligned,ok,0.103515625
trillionlabs/Tri-0.5B-Base,4,0.16666666666666666,last_token,ja,en,r5,256,512,delta,ok,0.03125
trillionlabs/Tri-0.5B-Base,4,0.16666666666666666,last_token,ja,en,r10,256,512,raw,ok,0.103515625
trillionlabs/Tri-0.5B-Base,4,0.16666666666666666,last_token,ja,en,r10,256,512,aligned,ok,0.158203125
trillionlabs/Tri-0.5B-Base,4,0.16666666666666666,last_token,ja,en,r10,256,512,delta,ok,0.0546875
trillionlabs/Tri-0.5B-Base,4,0.16666666666666666,last_token,ja,en,mrr,256,512,raw,ok,0.05769723686097285
trillionlabs/Tri-0.5B-Base,4,0.16666666666666666,last_token,ja,en,mrr,256,512,aligned,ok,0.0760780828907395
trillionlabs/Tri-0.5B-Base,4,0.16666666666666666,last_token,ja,en,mrr,256,512,delta,ok,0.018380846029766654
trillionlabs/Tri-0.5B-Base,4,0.16666666666666666,last_token,en,zh,r1,256,512,raw,ok,0.041015625
trillionlabs/Tri-0.5B-Base,4,0.16666666666666666,last_token,en,zh,r1,256,512,aligned,ok,0.0390625
trillionlabs/Tri-0.5B-Base,4,0.16666666666666666,last_token,en,zh,r1,256,512,delta,ok,-0.001953125
trillionlabs/Tri-0.5B-Base,4,0.16666666666666666,last_token,en,zh,r5,256,512,raw,ok,0.08203125
trillionlabs/Tri-0.5B-Base,4,0.16666666666666666,last_token,en,zh,r5,256,512,aligned,ok,0.109375
trillionlabs/Tri-0.5B-Base,4,0.16666666666666666,last_token,en,zh,r5,256,512,delta,ok,0.02734375
trillionlabs/Tri-0.5B-Base,4,0.16666666666666666,last_token,en,zh,r10,256,512,raw,ok,0.123046875
trillionlabs/Tri-0.5B-Base,4,0.16666666666666666,last_token,en,zh,r10,256,512,aligned,ok,0.173828125
trillionlabs/Tri-0.5B-Base,4,0.16666666666666666,last_token,en,zh,r10,256,512,delta,ok,0.05078125
trillionlabs/Tri-0.5B-Base,4,0.16666666666666666,last_token,en,zh,mrr,256,512,raw,ok,0.07200280184582535
trillionlabs/Tri-0.5B-Base,4,0.16666666666666666,last_token,en,zh,mrr,256,512,aligned,ok,0.08649865924926546
trillionlabs/Tri-0.5B-Base,4,0.16666666666666666,last_token,en,zh,mrr,256,512,delta,ok,0.014495857403440116
trillionlabs/Tri-0.5B-Base,4,0.16666666666666666,last_token,zh,en,r1,256,512,raw,ok,0.068359375
trillionlabs/Tri-0.5B-Base,4,0.16666666666666666,last_token,zh,en,r1,256,512,aligned,ok,0.068359375
trillionlabs/Tri-0.5B-Base,4,0.16666666666666666,last_token,zh,en,r1,256,512,delta,ok,0.0
trillionlabs/Tri-0.5B-Base,4,0.16666666666666666,last_token,zh,en,r5,256,512,raw,ok,0.146484375
trillionlabs/Tri-0.5B-Base,4,0.16666666666666666,last_token,zh,en,r5,256,512,aligned,ok,0.177734375
trillionlabs/Tri-0.5B-Base,4,0.16666666666666666,last_token,zh,en,r5,256,512,delta,ok,0.03125
trillionlabs/Tri-0.5B-Base,4,0.16666666666666666,last_token,zh,en,r10,256,512,raw,ok,0.21484375
trillionlabs/Tri-0.5B-Base,4,0.16666666666666666,last_token,zh,en,r10,256,512,aligned,ok,0.234375
trillionlabs/Tri-0.5B-Base,4,0.16666666666666666,last_token,zh,en,r10,256,512,delta,ok,0.01953125
trillionlabs/Tri-0.5B-Base,4,0.16666666666666666,last_token,zh,en,mrr,256,512,raw,ok,0.11809048763214793
trillionlabs/Tri-0.5B-Base,4,0.16666666666666666,last_token,zh,en,mrr,256,512,aligned,ok,0.1251523495077012
trillionlabs/Tri-0.5B-Base,4,0.16666666666666666,last_token,zh,en,mrr,256,512,delta,ok,0.007061861875553285
trillionlabs/Tri-0.5B-Base,4,0.16666666666666666,last_token,ko,ja,r1,256,512,raw,ok,0.009765625
trillionlabs/Tri-0.5B-Base,4,0.16666666666666666,last_token,ko,ja,r1,256,512,aligned,ok,0.017578125
trillionlabs/Tri-0.5B-Base,4,0.16666666666666666,last_token,ko,ja,r1,256,512,delta,ok,0.0078125
trillionlabs/Tri-0.5B-Base,4,0.16666666666666666,last_token,ko,ja,r5,256,512,raw,ok,0.025390625
trillionlabs/Tri-0.5B-Base,4,0.16666666666666666,last_token,ko,ja,r5,256,512,aligned,ok,0.060546875
trillionlabs/Tri-0.5B-Base,4,0.16666666666666666,last_token,ko,ja,r5,256,512,delta,ok,0.03515625
trillionlabs/Tri-0.5B-Base,4,0.16666666666666666,last_token,ko,ja,r10,256,512,raw,ok,0.033203125
trillionlabs/Tri-0.5B-Base,4,0.16666666666666666,last_token,ko,ja,r10,256,512,aligned,ok,0.103515625
trillionlabs/Tri-0.5B-Base,4,0.16666666666666666,last_token,ko,ja,r10,256,512,delta,ok,0.0703125
trillionlabs/Tri-0.5B-Base,4,0.16666666666666666,last_token,ko,ja,mrr,256,512,raw,ok,0.027489370776578384
trillionlabs/Tri-0.5B-Base,4,0.16666666666666666,last_token,ko,ja,mrr,256,512,aligned,ok,0.04921891046535344
trillionlabs/Tri-0.5B-Base,4,0.16666666666666666,last_token,ko,ja,mrr,256,512,delta,ok,0.021729539688775057
trillionlabs/Tri-0.5B-Base,4,0.16666666666666666,last_token,ja,ko,r1,256,512,raw,ok,0.025390625
trillionlabs/Tri-0.5B-Base,4,0.16666666666666666,last_token,ja,ko,r1,256,512,aligned,ok,0.029296875
trillionlabs/Tri-0.5B-Base,4,0.16666666666666666,last_token,ja,ko,r1,256,512,delta,ok,0.00390625
trillionlabs/Tri-0.5B-Base,4,0.16666666666666666,last_token,ja,ko,r5,256,512,raw,ok,0.08203125
trillionlabs/Tri-0.5B-Base,4,0.16666666666666666,last_token,ja,ko,r5,256,512,aligned,ok,0.103515625
trillionlabs/Tri-0.5B-Base,4,0.16666666666666666,last_token,ja,ko,r5,256,512,delta,ok,0.021484375
trillionlabs/Tri-0.5B-Base,4,0.16666666666666666,last_token,ja,ko,r10,256,512,raw,ok,0.115234375
trillionlabs/Tri-0.5B-Base,4,0.16666666666666666,last_token,ja,ko,r10,256,512,aligned,ok,0.14453125
trillionlabs/Tri-0.5B-Base,4,0.16666666666666666,last_token,ja,ko,r10,256,512,delta,ok,0.029296875
trillionlabs/Tri-0.5B-Base,4,0.16666666666666666,last_token,ja,ko,mrr,256,512,raw,ok,0.061462512420102935
trillionlabs/Tri-0.5B-Base,4,0.16666666666666666,last_token,ja,ko,mrr,256,512,aligned,ok,0.07110875222391956
trillionlabs/Tri-0.5B-Base,4,0.16666666666666666,last_token,ja,ko,mrr,256,512,delta,ok,0.009646239803816625
trillionlabs/Tri-0.5B-Base,4,0.16666666666666666,last_token,ko,zh,r1,256,512,raw,ok,0.021484375
trillionlabs/Tri-0.5B-Base,4,0.16666666666666666,last_token,ko,zh,r1,256,512,aligned,ok,0.015625
trillionlabs/Tri-0.5B-Base,4,0.16666666666666666,last_token,ko,zh,r1,256,512,delta,ok,-0.005859375
trillionlabs/Tri-0.5B-Base,4,0.16666666666666666,last_token,ko,zh,r5,256,512,raw,ok,0.0546875
trillionlabs/Tri-0.5B-Base,4,0.16666666666666666,last_token,ko,zh,r5,256,512,aligned,ok,0.0625
trillionlabs/Tri-0.5B-Base,4,0.16666666666666666,last_token,ko,zh,r5,256,512,delta,ok,0.0078125
trillionlabs/Tri-0.5B-Base,4,0.16666666666666666,last_token,ko,zh,r10,256,512,raw,ok,0.0703125
trillionlabs/Tri-0.5B-Base,4,0.16666666666666666,last_token,ko,zh,r10,256,512,aligned,ok,0.1171875
trillionlabs/Tri-0.5B-Base,4,0.16666666666666666,last_token,ko,zh,r10,256,512,delta,ok,0.046875
trillionlabs/Tri-0.5B-Base,4,0.16666666666666666,last_token,ko,zh,mrr,256,512,raw,ok,0.04348629297585989
trillionlabs/Tri-0.5B-Base,4,0.16666666666666666,last_token,ko,zh,mrr,256,512,aligned,ok,0.048845249081319195
trillionlabs/Tri-0.5B-Base,4,0.16666666666666666,last_token,ko,zh,mrr,256,512,delta,ok,0.005358956105459306
trillionlabs/Tri-0.5B-Base,4,0.16666666666666666,last_token,zh,ko,r1,256,512,raw,ok,0.025390625
trillionlabs/Tri-0.5B-Base,4,0.16666666666666666,last_token,zh,ko,r1,256,512,aligned,ok,0.029296875
trillionlabs/Tri-0.5B-Base,4,0.16666666666666666,last_token,zh,ko,r1,256,512,delta,ok,0.00390625
trillionlabs/Tri-0.5B-Base,4,0.16666666666666666,last_token,zh,ko,r5,256,512,raw,ok,0.072265625
trillionlabs/Tri-0.5B-Base,4,0.16666666666666666,last_token,zh,ko,r5,256,512,aligned,ok,0.1015625
trillionlabs/Tri-0.5B-Base,4,0.16666666666666666,last_token,zh,ko,r5,256,512,delta,ok,0.029296875
trillionlabs/Tri-0.5B-Base,4,0.16666666666666666,last_token,zh,ko,r10,256,512,raw,ok,0.115234375
trillionlabs/Tri-0.5B-Base,4,0.16666666666666666,last_token,zh,ko,r10,256,512,aligned,ok,0.15625
trillionlabs/Tri-0.5B-Base,4,0.16666666666666666,last_token,zh,ko,r10,256,512,delta,ok,0.041015625
trillionlabs/Tri-0.5B-Base,4,0.16666666666666666,last_token,zh,ko,mrr,256,512,raw,ok,0.06227084663924317
trillionlabs/Tri-0.5B-Base,4,0.16666666666666666,last_token,zh,ko,mrr,256,512,aligned,ok,0.07418745073545867
trillionlabs/Tri-0.5B-Base,4,0.16666666666666666,last_token,zh,ko,mrr,256,512,delta,ok,0.011916604096215498
trillionlabs/Tri-0.5B-Base,4,0.16666666666666666,last_token,ja,zh,r1,256,512,raw,ok,0.0390625
trillionlabs/Tri-0.5B-Base,4,0.16666666666666666,last_token,ja,zh,r1,256,512,aligned,ok,0.0234375
trillionlabs/Tri-0.5B-Base,4,0.16666666666666666,last_token,ja,zh,r1,256,512,delta,ok,-0.015625
trillionlabs/Tri-0.5B-Base,4,0.16666666666666666,last_token,ja,zh,r5,256,512,raw,ok,0.091796875
trillionlabs/Tri-0.5B-Base,4,0.16666666666666666,last_token,ja,zh,r5,256,512,aligned,ok,0.083984375
trillionlabs/Tri-0.5B-Base,4,0.16666666666666666,last_token,ja,zh,r5,256,512,delta,ok,-0.0078125
trillionlabs/Tri-0.5B-Base,4,0.16666666666666666,last_token,ja,zh,r10,256,512,raw,ok,0.1640625
trillionlabs/Tri-0.5B-Base,4,0.16666666666666666,last_token,ja,zh,r10,256,512,aligned,ok,0.123046875
trillionlabs/Tri-0.5B-Base,4,0.16666666666666666,last_token,ja,zh,r10,256,512,delta,ok,-0.041015625
trillionlabs/Tri-0.5B-Base,4,0.16666666666666666,last_token,ja,zh,mrr,256,512,raw,ok,0.07902017593607044
trillionlabs/Tri-0.5B-Base,4,0.16666666666666666,last_token,ja,zh,mrr,256,512,aligned,ok,0.06334775760082179
trillionlabs/Tri-0.5B-Base,4,0.16666666666666666,last_token,ja,zh,mrr,256,512,delta,ok,-0.015672418335248656
trillionlabs/Tri-0.5B-Base,4,0.16666666666666666,last_token,zh,ja,r1,256,512,raw,ok,0.015625
trillionlabs/Tri-0.5B-Base,4,0.16666666666666666,last_token,zh,ja,r1,256,512,aligned,ok,0.029296875
trillionlabs/Tri-0.5B-Base,4,0.16666666666666666,last_token,zh,ja,r1,256,512,delta,ok,0.013671875
trillionlabs/Tri-0.5B-Base,4,0.16666666666666666,last_token,zh,ja,r5,256,512,raw,ok,0.078125
trillionlabs/Tri-0.5B-Base,4,0.16666666666666666,last_token,zh,ja,r5,256,512,aligned,ok,0.08984375
trillionlabs/Tri-0.5B-Base,4,0.16666666666666666,last_token,zh,ja,r5,256,512,delta,ok,0.01171875
trillionlabs/Tri-0.5B-Base,4,0.16666666666666666,last_token,zh,ja,r10,256,512,raw,ok,0.111328125
trillionlabs/Tri-0.5B-Base,4,0.16666666666666666,last_token,zh,ja,r10,256,512,aligned,ok,0.134765625
trillionlabs/Tri-0.5B-Base,4,0.16666666666666666,last_token,zh,ja,r10,256,512,delta,ok,0.0234375
trillionlabs/Tri-0.5B-Base,4,0.16666666666666666,last_token,zh,ja,mrr,256,512,raw,ok,0.04902925749825347
trillionlabs/Tri-0.5B-Base,4,0.16666666666666666,last_token,zh,ja,mrr,256,512,aligned,ok,0.06956374411111434
trillionlabs/Tri-0.5B-Base,4,0.16666666666666666,last_token,zh,ja,mrr,256,512,delta,ok,0.020534486612860864
trillionlabs/Tri-0.5B-Base,5,0.20833333333333334,last_token,en,ko,r1,256,512,raw,ok,0.060546875
trillionlabs/Tri-0.5B-Base,5,0.20833333333333334,last_token,en,ko,r1,256,512,aligned,ok,0.048828125
trillionlabs/Tri-0.5B-Base,5,0.20833333333333334,last_token,en,ko,r1,256,512,delta,ok,-0.01171875
trillionlabs/Tri-0.5B-Base,5,0.20833333333333334,last_token,en,ko,r5,256,512,raw,ok,0.138671875
trillionlabs/Tri-0.5B-Base,5,0.20833333333333334,last_token,en,ko,r5,256,512,aligned,ok,0.11328125
trillionlabs/Tri-0.5B-Base,5,0.20833333333333334,last_token,en,ko,r5,256,512,delta,ok,-0.025390625
trillionlabs/Tri-0.5B-Base,5,0.20833333333333334,last_token,en,ko,r10,256,512,raw,ok,0.193359375
trillionlabs/Tri-0.5B-Base,5,0.20833333333333334,last_token,en,ko,r10,256,512,aligned,ok,0.193359375
trillionlabs/Tri-0.5B-Base,5,0.20833333333333334,last_token,en,ko,r10,256,512,delta,ok,0.0
trillionlabs/Tri-0.5B-Base,5,0.20833333333333334,last_token,en,ko,mrr,256,512,raw,ok,0.11071293355526418
trillionlabs/Tri-0.5B-Base,5,0.20833333333333334,last_token,en,ko,mrr,256,512,aligned,ok,0.0911956416677988
trillionlabs/Tri-0.5B-Base,5,0.20833333333333334,last_token,en,ko,mrr,256,512,delta,ok,-0.019517291887465385
trillionlabs/Tri-0.5B-Base,5,0.20833333333333334,last_token,ko,en,r1,256,512,raw,ok,0.05859375
trillionlabs/Tri-0.5B-Base,5,0.20833333333333334,last_token,ko,en,r1,256,512,aligned,ok,0.033203125
trillionlabs/Tri-0.5B-Base,5,0.20833333333333334,last_token,ko,en,r1,256,512,delta,ok,-0.025390625
trillionlabs/Tri-0.5B-Base,5,0.20833333333333334,last_token,ko,en,r5,256,512,raw,ok,0.142578125
trillionlabs/Tri-0.5B-Base,5,0.20833333333333334,last_token,ko,en,r5,256,512,aligned,ok,0.107421875
trillionlabs/Tri-0.5B-Base,5,0.20833333333333334,last_token,ko,en,r5,256,512,delta,ok,-0.03515625
trillionlabs/Tri-0.5B-Base,5,0.20833333333333334,last_token,ko,en,r10,256,512,raw,ok,0.201171875
trillionlabs/Tri-0.5B-Base,5,0.20833333333333334,last_token,ko,en,r10,256,512,aligned,ok,0.142578125
trillionlabs/Tri-0.5B-Base,5,0.20833333333333334,last_token,ko,en,r10,256,512,delta,ok,-0.05859375
trillionlabs/Tri-0.5B-Base,5,0.20833333333333334,last_token,ko,en,mrr,256,512,raw,ok,0.10786991722344656
trillionlabs/Tri-0.5B-Base,5,0.20833333333333334,last_token,ko,en,mrr,256,512,aligned,ok,0.07578326080017642
trillionlabs/Tri-0.5B-Base,5,0.20833333333333334,last_token,ko,en,mrr,256,512,delta,ok,-0.032086656423270146
trillionlabs/Tri-0.5B-Base,5,0.20833333333333334,last_token,en,ja,r1,256,512,raw,ok,0.013671875
trillionlabs/Tri-0.5B-Base,5,0.20833333333333334,last_token,en,ja,r1,256,512,aligned,ok,0.037109375
trillionlabs/Tri-0.5B-Base,5,0.20833333333333334,last_token,en,ja,r1,256,512,delta,ok,0.0234375
trillionlabs/Tri-0.5B-Base,5,0.20833333333333334,last_token,en,ja,r5,256,512,raw,ok,0.025390625
trillionlabs/Tri-0.5B-Base,5,0.20833333333333334,last_token,en,ja,r5,256,512,aligned,ok,0.099609375
trillionlabs/Tri-0.5B-Base,5,0.20833333333333334,last_token,en,ja,r5,256,512,delta,ok,0.07421875
trillionlabs/Tri-0.5B-Base,5,0.20833333333333334,last_token,en,ja,r10,256,512,raw,ok,0.044921875
trillionlabs/Tri-0.5B-Base,5,0.20833333333333334,last_token,en,ja,r10,256,512,aligned,ok,0.14453125
trillionlabs/Tri-0.5B-Base,5,0.20833333333333334,last_token,en,ja,r10,256,512,delta,ok,0.099609375
trillionlabs/Tri-0.5B-Base,5,0.20833333333333334,last_token,en,ja,mrr,256,512,raw,ok,0.030012206725555886
trillionlabs/Tri-0.5B-Base,5,0.20833333333333334,last_token,en,ja,mrr,256,512,aligned,ok,0.07771742132982637
trillionlabs/Tri-0.5B-Base,5,0.20833333333333334,last_token,en,ja,mrr,256,512,delta,ok,0.047705214604270484
trillionlabs/Tri-0.5B-Base,5,0.20833333333333334,last_token,ja,en,r1,256,512,raw,ok,0.0234375
trillionlabs/Tri-0.5B-Base,5,0.20833333333333334,last_token,ja,en,r1,256,512,aligned,ok,0.033203125
trillionlabs/Tri-0.5B-Base,5,0.20833333333333334,last_token,ja,en,r1,256,512,delta,ok,0.009765625
trillionlabs/Tri-0.5B-Base,5,0.20833333333333334,last_token,ja,en,r5,256,512,raw,ok,0.068359375
trillionlabs/Tri-0.5B-Base,5,0.20833333333333334,last_token,ja,en,r5,256,512,aligned,ok,0.11328125
trillionlabs/Tri-0.5B-Base,5,0.20833333333333334,last_token,ja,en,r5,256,512,delta,ok,0.044921875
trillionlabs/Tri-0.5B-Base,5,0.20833333333333334,last_token,ja,en,r10,256,512,raw,ok,0.115234375
trillionlabs/Tri-0.5B-Base,5,0.20833333333333334,last_token,ja,en,r10,256,512,aligned,ok,0.154296875
trillionlabs/Tri-0.5B-Base,5,0.20833333333333334,last_token,ja,en,r10,256,512,delta,ok,0.0390625
trillionlabs/Tri-0.5B-Base,5,0.20833333333333334,last_token,ja,en,mrr,256,512,raw,ok,0.05786811032690677
trillionlabs/Tri-0.5B-Base,5,0.20833333333333334,last_token,ja,en,mrr,256,512,aligned,ok,0.08297594323628102
trillionlabs/Tri-0.5B-Base,5,0.20833333333333334,last_token,ja,en,mrr,256,512,delta,ok,0.025107832909374246
trillionlabs/Tri-0.5B-Base,5,0.20833333333333334,last_token,en,zh,r1,256,512,raw,ok,0.037109375
trillionlabs/Tri-0.5B-Base,5,0.20833333333333334,last_token,en,zh,r1,256,512,aligned,ok,0.056640625
trillionlabs/Tri-0.5B-Base,5,0.20833333333333334,last_token,en,zh,r1,256,512,delta,ok,0.01953125
trillionlabs/Tri-0.5B-Base,5,0.20833333333333334,last_token,en,zh,r5,256,512,raw,ok,0.1015625
trillionlabs/Tri-0.5B-Base,5,0.20833333333333334,last_token,en,zh,r5,256,512,aligned,ok,0.123046875
trillionlabs/Tri-0.5B-Base,5,0.20833333333333334,last_token,en,zh,r5,256,512,delta,ok,0.021484375
trillionlabs/Tri-0.5B-Base,5,0.20833333333333334,last_token,en,zh,r10,256,512,raw,ok,0.150390625
trillionlabs/Tri-0.5B-Base,5,0.20833333333333334,last_token,en,zh,r10,256,512,aligned,ok,0.19921875
trillionlabs/Tri-0.5B-Base,5,0.20833333333333334,last_token,en,zh,r10,256,512,delta,ok,0.048828125
trillionlabs/Tri-0.5B-Base,5,0.20833333333333334,last_token,en,zh,mrr,256,512,raw,ok,0.07653045500812006
trillionlabs/Tri-0.5B-Base,5,0.20833333333333334,last_token,en,zh,mrr,256,512,aligned,ok,0.1030065714748949
trillionlabs/Tri-0.5B-Base,5,0.20833333333333334,last_token,en,zh,mrr,256,512,delta,ok,0.02647611646677485
trillionlabs/Tri-0.5B-Base,5,0.20833333333333334,last_token,zh,en,r1,256,512,raw,ok,0.083984375
trillionlabs/Tri-0.5B-Base,5,0.20833333333333334,last_token,zh,en,r1,256,512,aligned,ok,0.076171875
trillionlabs/Tri-0.5B-Base,5,0.20833333333333334,last_token,zh,en,r1,256,512,delta,ok,-0.0078125
trillionlabs/Tri-0.5B-Base,5,0.20833333333333334,last_token,zh,en,r5,256,512,raw,ok,0.169921875
trillionlabs/Tri-0.5B-Base,5,0.20833333333333334,last_token,zh,en,r5,256,512,aligned,ok,0.1953125
trillionlabs/Tri-0.5B-Base,5,0.20833333333333334,last_token,zh,en,r5,256,512,delta,ok,0.025390625
trillionlabs/Tri-0.5B-Base,5,0.20833333333333334,last_token,zh,en,r10,256,512,raw,ok,0.244140625
trillionlabs/Tri-0.5B-Base,5,0.20833333333333334,last_token,zh,en,r10,256,512,aligned,ok,0.2421875
trillionlabs/Tri-0.5B-Base,5,0.20833333333333334,last_token,zh,en,r10,256,512,delta,ok,-0.001953125
trillionlabs/Tri-0.5B-Base,5,0.20833333333333334,last_token,zh,en,mrr,256,512,raw,ok,0.13882163863692323
trillionlabs/Tri-0.5B-Base,5,0.20833333333333334,last_token,zh,en,mrr,256,512,aligned,ok,0.13537625208242887
trillionlabs/Tri-0.5B-Base,5,0.20833333333333334,last_token,zh,en,mrr,256,512,delta,ok,-0.003445386554494362
trillionlabs/Tri-0.5B-Base,5,0.20833333333333334,last_token,ko,ja,r1,256,512,raw,ok,0.01171875
trillionlabs/Tri-0.5B-Base,5,0.20833333333333334,last_token,ko,ja,r1,256,512,aligned,ok,0.025390625
trillionlabs/Tri-0.5B-Base,5,0.20833333333333334,last_token,ko,ja,r1,256,512,delta,ok,0.013671875
trillionlabs/Tri-0.5B-Base,5,0.20833333333333334,last_token,ko,ja,r5,256,512,raw,ok,0.02734375
trillionlabs/Tri-0.5B-Base,5,0.20833333333333334,last_token,ko,ja,r5,256,512,aligned,ok,0.0703125
trillionlabs/Tri-0.5B-Base,5,0.20833333333333334,last_token,ko,ja,r5,256,512,delta,ok,0.04296875
trillionlabs/Tri-0.5B-Base,5,0.20833333333333334,last_token,ko,ja,r10,256,512,raw,ok,0.041015625
trillionlabs/Tri-0.5B-Base,5,0.20833333333333334,last_token,ko,ja,r10,256,512,aligned,ok,0.11328125
trillionlabs/Tri-0.5B-Base,5,0.20833333333333334,last_token,ko,ja,r10,256,512,delta,ok,0.072265625
trillionlabs/Tri-0.5B-Base,5,0.20833333333333334,last_token,ko,ja,mrr,256,512,raw,ok,0.03011258802061862
trillionlabs/Tri-0.5B-Base,5,0.20833333333333334,last_token,ko,ja,mrr,256,512,aligned,ok,0.058050135562140726
trillionlabs/Tri-0.5B-Base,5,0.20833333333333334,last_token,ko,ja,mrr,256,512,delta,ok,0.027937547541522105
trillionlabs/Tri-0.5B-Base,5,0.20833333333333334,last_token,ja,ko,r1,256,512,raw,ok,0.021484375
trillionlabs/Tri-0.5B-Base,5,0.20833333333333334,last_token,ja,ko,r1,256,512,aligned,ok,0.0390625
trillionlabs/Tri-0.5B-Base,5,0.20833333333333334,last_token,ja,ko,r1,256,512,delta,ok,0.017578125
trillionlabs/Tri-0.5B-Base,5,0.20833333333333334,last_token,ja,ko,r5,256,512,raw,ok,0.076171875
trillionlabs/Tri-0.5B-Base,5,0.20833333333333334,last_token,ja,ko,r5,256,512,aligned,ok,0.119140625
trillionlabs/Tri-0.5B-Base,5,0.20833333333333334,last_token,ja,ko,r5,256,512,delta,ok,0.04296875
trillionlabs/Tri-0.5B-Base,5,0.20833333333333334,last_token,ja,ko,r10,256,512,raw,ok,0.11328125
trillionlabs/Tri-0.5B-Base,5,0.20833333333333334,last_token,ja,ko,r10,256,512,aligned,ok,0.162109375
trillionlabs/Tri-0.5B-Base,5,0.20833333333333334,last_token,ja,ko,r10,256,512,delta,ok,0.048828125
trillionlabs/Tri-0.5B-Base,5,0.20833333333333334,last_token,ja,ko,mrr,256,512,raw,ok,0.05733781235911339
trillionlabs/Tri-0.5B-Base,5,0.20833333333333334,last_token,ja,ko,mrr,256,512,aligned,ok,0.08277443211730717
trillionlabs/Tri-0.5B-Base,5,0.20833333333333334,last_token,ja,ko,mrr,256,512,delta,ok,0.025436619758193786
trillionlabs/Tri-0.5B-Base,5,0.20833333333333334,last_token,ko,zh,r1,256,512,raw,ok,0.021484375
trillionlabs/Tri-0.5B-Base,5,0.20833333333333334,last_token,ko,zh,r1,256,512,aligned,ok,0.017578125
trillionlabs/Tri-0.5B-Base,5,0.20833333333333334,last_token,ko,zh,r1,256,512,delta,ok,-0.00390625
trillionlabs/Tri-0.5B-Base,5,0.20833333333333334,last_token,ko,zh,r5,256,512,raw,ok,0.052734375
trillionlabs/Tri-0.5B-Base,5,0.20833333333333334,last_token,ko,zh,r5,256,512,aligned,ok,0.056640625
trillionlabs/Tri-0.5B-Base,5,0.20833333333333334,last_token,ko,zh,r5,256,512,delta,ok,0.00390625
trillionlabs/Tri-0.5B-Base,5,0.20833333333333334,last_token,ko,zh,r10,256,512,raw,ok,0.0859375
trillionlabs/Tri-0.5B-Base,5,0.20833333333333334,last_token,ko,zh,r10,256,512,aligned,ok,0.111328125
trillionlabs/Tri-0.5B-Base,5,0.20833333333333334,last_token,ko,zh,r10,256,512,delta,ok,0.025390625
trillionlabs/Tri-0.5B-Base,5,0.20833333333333334,last_token,ko,zh,mrr,256,512,raw,ok,0.046062814269838964
trillionlabs/Tri-0.5B-Base,5,0.20833333333333334,last_token,ko,zh,mrr,256,512,aligned,ok,0.050810237385773074
trillionlabs/Tri-0.5B-Base,5,0.20833333333333334,last_token,ko,zh,mrr,256,512,delta,ok,0.00474742311593411
trillionlabs/Tri-0.5B-Base,5,0.20833333333333334,last_token,zh,ko,r1,256,512,raw,ok,0.04296875
trillionlabs/Tri-0.5B-Base,5,0.20833333333333334,last_token,zh,ko,r1,256,512,aligned,ok,0.037109375
trillionlabs/Tri-0.5B-Base,5,0.20833333333333334,last_token,zh,ko,r1,256,512,delta,ok,-0.005859375
trillionlabs/Tri-0.5B-Base,5,0.20833333333333334,last_token,zh,ko,r5,256,512,raw,ok,0.10546875
trillionlabs/Tri-0.5B-Base,5,0.20833333333333334,last_token,zh,ko,r5,256,512,aligned,ok,0.107421875
trillionlabs/Tri-0.5B-Base,5,0.20833333333333334,last_token,zh,ko,r5,256,512,delta,ok,0.001953125
trillionlabs/Tri-0.5B-Base,5,0.20833333333333334,last_token,zh,ko,r10,256,512,raw,ok,0.146484375
trillionlabs/Tri-0.5B-Base,5,0.20833333333333334,last_token,zh,ko,r10,256,512,aligned,ok,0.15234375
trillionlabs/Tri-0.5B-Base,5,0.20833333333333334,last_token,zh,ko,r10,256,512,delta,ok,0.005859375
trillionlabs/Tri-0.5B-Base,5,0.20833333333333334,last_token,zh,ko,mrr,256,512,raw,ok,0.08180136425507967
trillionlabs/Tri-0.5B-Base,5,0.20833333333333334,last_token,zh,ko,mrr,256,512,aligned,ok,0.08096390930874281
trillionlabs/Tri-0.5B-Base,5,0.20833333333333334,last_token,zh,ko,mrr,256,512,delta,ok,-0.0008374549463368575
trillionlabs/Tri-0.5B-Base,5,0.20833333333333334,last_token,ja,zh,r1,256,512,raw,ok,0.041015625
trillionlabs/Tri-0.5B-Base,5,0.20833333333333334,last_token,ja,zh,r1,256,512,aligned,ok,0.025390625
trillionlabs/Tri-0.5B-Base,5,0.20833333333333334,last_token,ja,zh,r1,256,512,delta,ok,-0.015625
trillionlabs/Tri-0.5B-Base,5,0.20833333333333334,last_token,ja,zh,r5,256,512,raw,ok,0.095703125
trillionlabs/Tri-0.5B-Base,5,0.20833333333333334,last_token,ja,zh,r5,256,512,aligned,ok,0.09375
trillionlabs/Tri-0.5B-Base,5,0.20833333333333334,last_token,ja,zh,r5,256,512,delta,ok,-0.001953125
trillionlabs/Tri-0.5B-Base,5,0.20833333333333334,last_token,ja,zh,r10,256,512,raw,ok,0.1484375
trillionlabs/Tri-0.5B-Base,5,0.20833333333333334,last_token,ja,zh,r10,256,512,aligned,ok,0.1328125
trillionlabs/Tri-0.5B-Base,5,0.20833333333333334,last_token,ja,zh,r10,256,512,delta,ok,-0.015625
trillionlabs/Tri-0.5B-Base,5,0.20833333333333334,last_token,ja,zh,mrr,256,512,raw,ok,0.07853807669834645
trillionlabs/Tri-0.5B-Base,5,0.20833333333333334,last_token,ja,zh,mrr,256,512,aligned,ok,0.06845586844067011
trillionlabs/Tri-0.5B-Base,5,0.20833333333333334,last_token,ja,zh,mrr,256,512,delta,ok,-0.010082208257676334
trillionlabs/Tri-0.5B-Base,5,0.20833333333333334,last_token,zh,ja,r1,256,512,raw,ok,0.017578125
trillionlabs/Tri-0.5B-Base,5,0.20833333333333334,last_token,zh,ja,r1,256,512,aligned,ok,0.037109375
trillionlabs/Tri-0.5B-Base,5,0.20833333333333334,last_token,zh,ja,r1,256,512,delta,ok,0.01953125
trillionlabs/Tri-0.5B-Base,5,0.20833333333333334,last_token,zh,ja,r5,256,512,raw,ok,0.0703125
trillionlabs/Tri-0.5B-Base,5,0.20833333333333334,last_token,zh,ja,r5,256,512,aligned,ok,0.09765625
trillionlabs/Tri-0.5B-Base,5,0.20833333333333334,last_token,zh,ja,r5,256,512,delta,ok,0.02734375
trillionlabs/Tri-0.5B-Base,5,0.20833333333333334,last_token,zh,ja,r10,256,512,raw,ok,0.099609375
trillionlabs/Tri-0.5B-Base,5,0.20833333333333334,last_token,zh,ja,r10,256,512,aligned,ok,0.1484375
trillionlabs/Tri-0.5B-Base,5,0.20833333333333334,last_token,zh,ja,r10,256,512,delta,ok,0.048828125
trillionlabs/Tri-0.5B-Base,5,0.20833333333333334,last_token,zh,ja,mrr,256,512,raw,ok,0.04933292287811887
trillionlabs/Tri-0.5B-Base,5,0.20833333333333334,last_token,zh,ja,mrr,256,512,aligned,ok,0.07420526597818777
trillionlabs/Tri-0.5B-Base,5,0.20833333333333334,last_token,zh,ja,mrr,256,512,delta,ok,0.024872343100068903
trillionlabs/Tri-0.5B-Base,6,0.25,last_token,en,ko,r1,256,512,raw,ok,0.068359375
trillionlabs/Tri-0.5B-Base,6,0.25,last_token,en,ko,r1,256,512,aligned,ok,0.0703125
trillionlabs/Tri-0.5B-Base,6,0.25,last_token,en,ko,r1,256,512,delta,ok,0.001953125
trillionlabs/Tri-0.5B-Base,6,0.25,last_token,en,ko,r5,256,512,raw,ok,0.158203125
trillionlabs/Tri-0.5B-Base,6,0.25,last_token,en,ko,r5,256,512,aligned,ok,0.162109375
trillionlabs/Tri-0.5B-Base,6,0.25,last_token,en,ko,r5,256,512,delta,ok,0.00390625
trillionlabs/Tri-0.5B-Base,6,0.25,last_token,en,ko,r10,256,512,raw,ok,0.21875
trillionlabs/Tri-0.5B-Base,6,0.25,last_token,en,ko,r10,256,512,aligned,ok,0.212890625
trillionlabs/Tri-0.5B-Base,6,0.25,last_token,en,ko,r10,256,512,delta,ok,-0.005859375
trillionlabs/Tri-0.5B-Base,6,0.25,last_token,en,ko,mrr,256,512,raw,ok,0.123427821280629
trillionlabs/Tri-0.5B-Base,6,0.25,last_token,en,ko,mrr,256,512,aligned,ok,0.1247387131083019
trillionlabs/Tri-0.5B-Base,6,0.25,last_token,en,ko,mrr,256,512,delta,ok,0.001310891827672897
trillionlabs/Tri-0.5B-Base,6,0.25,last_token,ko,en,r1,256,512,raw,ok,0.111328125
trillionlabs/Tri-0.5B-Base,6,0.25,last_token,ko,en,r1,256,512,aligned,ok,0.041015625
trillionlabs/Tri-0.5B-Base,6,0.25,last_token,ko,en,r1,256,512,delta,ok,-0.0703125
trillionlabs/Tri-0.5B-Base,6,0.25,last_token,ko,en,r5,256,512,raw,ok,0.21875
trillionlabs/Tri-0.5B-Base,6,0.25,last_token,ko,en,r5,256,512,aligned,ok,0.146484375
trillionlabs/Tri-0.5B-Base,6,0.25,last_token,ko,en,r5,256,512,delta,ok,-0.072265625
trillionlabs/Tri-0.5B-Base,6,0.25,last_token,ko,en,r10,256,512,raw,ok,0.279296875
trillionlabs/Tri-0.5B-Base,6,0.25,last_token,ko,en,r10,256,512,aligned,ok,0.228515625
trillionlabs/Tri-0.5B-Base,6,0.25,last_token,ko,en,r10,256,512,delta,ok,-0.05078125
trillionlabs/Tri-0.5B-Base,6,0.25,last_token,ko,en,mrr,256,512,raw,ok,0.17088400723972041
trillionlabs/Tri-0.5B-Base,6,0.25,last_token,ko,en,mrr,256,512,aligned,ok,0.09917261639193914
trillionlabs/Tri-0.5B-Base,6,0.25,last_token,ko,en,mrr,256,512,delta,ok,-0.07171139084778128
trillionlabs/Tri-0.5B-Base,6,0.25,last_token,en,ja,r1,256,512,raw,ok,0.0234375
trillionlabs/Tri-0.5B-Base,6,0.25,last_token,en,ja,r1,256,512,aligned,ok,0.0625
trillionlabs/Tri-0.5B-Base,6,0.25,last_token,en,ja,r1,256,512,delta,ok,0.0390625
trillionlabs/Tri-0.5B-Base,6,0.25,last_token,en,ja,r5,256,512,raw,ok,0.05078125
trillionlabs/Tri-0.5B-Base,6,0.25,last_token,en,ja,r5,256,512,aligned,ok,0.1875
trillionlabs/Tri-0.5B-Base,6,0.25,last_token,en,ja,r5,256,512,delta,ok,0.13671875
trillionlabs/Tri-0.5B-Base,6,0.25,last_token,en,ja,r10,256,512,raw,ok,0.076171875
trillionlabs/Tri-0.5B-Base,6,0.25,last_token,en,ja,r10,256,512,aligned,ok,0.275390625
trillionlabs/Tri-0.5B-Base,6,0.25,last_token,en,ja,r10,256,512,delta,ok,0.19921875
trillionlabs/Tri-0.5B-Base,6,0.25,last_token,en,ja,mrr,256,512,raw,ok,0.04861861417864669
trillionlabs/Tri-0.5B-Base,6,0.25,last_token,en,ja,mrr,256,512,aligned,ok,0.12912968942256312
trillionlabs/Tri-0.5B-Base,6,0.25,last_token,en,ja,mrr,256,512,delta,ok,0.08051107524391643
trillionlabs/Tri-0.5B-Base,6,0.25,last_token,ja,en,r1,256,512,raw,ok,0.048828125
trillionlabs/Tri-0.5B-Base,6,0.25,last_token,ja,en,r1,256,512,aligned,ok,0.083984375
trillionlabs/Tri-0.5B-Base,6,0.25,last_token,ja,en,r1,256,512,delta,ok,0.03515625
trillionlabs/Tri-0.5B-Base,6,0.25,last_token,ja,en,r5,256,512,raw,ok,0.123046875
trillionlabs/Tri-0.5B-Base,6,0.25,last_token,ja,en,r5,256,512,aligned,ok,0.203125
trillionlabs/Tri-0.5B-Base,6,0.25,last_token,ja,en,r5,256,512,delta,ok,0.080078125
trillionlabs/Tri-0.5B-Base,6,0.25,last_token,ja,en,r10,256,512,raw,ok,0.197265625
trillionlabs/Tri-0.5B-Base,6,0.25,last_token,ja,en,r10,256,512,aligned,ok,0.271484375
trillionlabs/Tri-0.5B-Base,6,0.25,last_token,ja,en,r10,256,512,delta,ok,0.07421875
trillionlabs/Tri-0.5B-Base,6,0.25,last_token,ja,en,mrr,256,512,raw,ok,0.09779130541614942
trillionlabs/Tri-0.5B-Base,6,0.25,last_token,ja,en,mrr,256,512,aligned,ok,0.1525262016706465
trillionlabs/Tri-0.5B-Base,6,0.25,last_token,ja,en,mrr,256,512,delta,ok,0.054734896254497095
trillionlabs/Tri-0.5B-Base,6,0.25,last_token,en,zh,r1,256,512,raw,ok,0.09375
trillionlabs/Tri-0.5B-Base,6,0.25,last_token,en,zh,r1,256,512,aligned,ok,0.125
trillionlabs/Tri-0.5B-Base,6,0.25,last_token,en,zh,r1,256,512,delta,ok,0.03125
trillionlabs/Tri-0.5B-Base,6,0.25,last_token,en,zh,r5,256,512,raw,ok,0.197265625
trillionlabs/Tri-0.5B-Base,6,0.25,last_token,en,zh,r5,256,512,aligned,ok,0.23828125
trillionlabs/Tri-0.5B-Base,6,0.25,last_token,en,zh,r5,256,512,delta,ok,0.041015625
trillionlabs/Tri-0.5B-Base,6,0.25,last_token,en,zh,r10,256,512,raw,ok,0.248046875
trillionlabs/Tri-0.5B-Base,6,0.25,last_token,en,zh,r10,256,512,aligned,ok,0.322265625
trillionlabs/Tri-0.5B-Base,6,0.25,last_token,en,zh,r10,256,512,delta,ok,0.07421875
trillionlabs/Tri-0.5B-Base,6,0.25,last_token,en,zh,mrr,256,512,raw,ok,0.15218519613573142
trillionlabs/Tri-0.5B-Base,6,0.25,last_token,en,zh,mrr,256,512,aligned,ok,0.19059542060208312
trillionlabs/Tri-0.5B-Base,6,0.25,last_token,en,zh,mrr,256,512,delta,ok,0.0384102244663517
trillionlabs/Tri-0.5B-Base,6,0.25,last_token,zh,en,r1,256,512,raw,ok,0.212890625
trillionlabs/Tri-0.5B-Base,6,0.25,last_token,zh,en,r1,256,512,aligned,ok,0.146484375
trillionlabs/Tri-0.5B-Base,6,0.25,last_token,zh,en,r1,256,512,delta,ok,-0.06640625
trillionlabs/Tri-0.5B-Base,6,0.25,last_token,zh,en,r5,256,512,raw,ok,0.34765625
trillionlabs/Tri-0.5B-Base,6,0.25,last_token,zh,en,r5,256,512,aligned,ok,0.279296875
trillionlabs/Tri-0.5B-Base,6,0.25,last_token,zh,en,r5,256,512,delta,ok,-0.068359375
trillionlabs/Tri-0.5B-Base,6,0.25,last_token,zh,en,r10,256,512,raw,ok,0.43359375
trillionlabs/Tri-0.5B-Base,6,0.25,last_token,zh,en,r10,256,512,aligned,ok,0.365234375
trillionlabs/Tri-0.5B-Base,6,0.25,last_token,zh,en,r10,256,512,delta,ok,-0.068359375
trillionlabs/Tri-0.5B-Base,6,0.25,last_token,zh,en,mrr,256,512,raw,ok,0.28614467437201674
trillionlabs/Tri-0.5B-Base,6,0.25,last_token,zh,en,mrr,256,512,aligned,ok,0.21891543436731317
trillionlabs/Tri-0.5B-Base,6,0.25,last_token,zh,en,mrr,256,512,delta,ok,-0.06722924000470357
trillionlabs/Tri-0.5B-Base,6,0.25,last_token,ko,ja,r1,256,512,raw,ok,0.03125
trillionlabs/Tri-0.5B-Base,6,0.25,last_token,ko,ja,r1,256,512,aligned,ok,0.041015625
trillionlabs/Tri-0.5B-Base,6,0.25,last_token,ko,ja,r1,256,512,delta,ok,0.009765625
trillionlabs/Tri-0.5B-Base,6,0.25,last_token,ko,ja,r5,256,512,raw,ok,0.05859375
trillionlabs/Tri-0.5B-Base,6,0.25,last_token,ko,ja,r5,256,512,aligned,ok,0.1328125
trillionlabs/Tri-0.5B-Base,6,0.25,last_token,ko,ja,r5,256,512,delta,ok,0.07421875
trillionlabs/Tri-0.5B-Base,6,0.25,last_token,ko,ja,r10,256,512,raw,ok,0.09765625
trillionlabs/Tri-0.5B-Base,6,0.25,last_token,ko,ja,r10,256,512,aligned,ok,0.189453125
trillionlabs/Tri-0.5B-Base,6,0.25,last_token,ko,ja,r10,256,512,delta,ok,0.091796875
trillionlabs/Tri-0.5B-Base,6,0.25,last_token,ko,ja,mrr,256,512,raw,ok,0.05862510721511139
trillionlabs/Tri-0.5B-Base,6,0.25,last_token,ko,ja,mrr,256,512,aligned,ok,0.09270131926410707
trillionlabs/Tri-0.5B-Base,6,0.25,last_token,ko,ja,mrr,256,512,delta,ok,0.034076212048995684
trillionlabs/Tri-0.5B-Base,6,0.25,last_token,ja,ko,r1,256,512,raw,ok,0.0703125
trillionlabs/Tri-0.5B-Base,6,0.25,last_token,ja,ko,r1,256,512,aligned,ok,0.06640625
trillionlabs/Tri-0.5B-Base,6,0.25,last_token,ja,ko,r1,256,512,delta,ok,-0.00390625
trillionlabs/Tri-0.5B-Base,6,0.25,last_token,ja,ko,r5,256,512,raw,ok,0.138671875
trillionlabs/Tri-0.5B-Base,6,0.25,last_token,ja,ko,r5,256,512,aligned,ok,0.1875
trillionlabs/Tri-0.5B-Base,6,0.25,last_token,ja,ko,r5,256,512,delta,ok,0.048828125
trillionlabs/Tri-0.5B-Base,6,0.25,last_token,ja,ko,r10,256,512,raw,ok,0.1875
trillionlabs/Tri-0.5B-Base,6,0.25,last_token,ja,ko,r10,256,512,aligned,ok,0.244140625
trillionlabs/Tri-0.5B-Base,6,0.25,last_token,ja,ko,r10,256,512,delta,ok,0.056640625
trillionlabs/Tri-0.5B-Base,6,0.25,last_token,ja,ko,mrr,256,512,raw,ok,0.11271713806031784
trillionlabs/Tri-0.5B-Base,6,0.25,last_token,ja,ko,mrr,256,512,aligned,ok,0.13012203544369327
trillionlabs/Tri-0.5B-Base,6,0.25,last_token,ja,ko,mrr,256,512,delta,ok,0.01740489738337543
trillionlabs/Tri-0.5B-Base,6,0.25,last_token,ko,zh,r1,256,512,raw,ok,0.033203125
trillionlabs/Tri-0.5B-Base,6,0.25,last_token,ko,zh,r1,256,512,aligned,ok,0.021484375
trillionlabs/Tri-0.5B-Base,6,0.25,last_token,ko,zh,r1,256,512,delta,ok,-0.01171875
trillionlabs/Tri-0.5B-Base,6,0.25,last_token,ko,zh,r5,256,512,raw,ok,0.107421875
trillionlabs/Tri-0.5B-Base,6,0.25,last_token,ko,zh,r5,256,512,aligned,ok,0.08203125
trillionlabs/Tri-0.5B-Base,6,0.25,last_token,ko,zh,r5,256,512,delta,ok,-0.025390625
trillionlabs/Tri-0.5B-Base,6,0.25,last_token,ko,zh,r10,256,512,raw,ok,0.142578125
trillionlabs/Tri-0.5B-Base,6,0.25,last_token,ko,zh,r10,256,512,aligned,ok,0.130859375
trillionlabs/Tri-0.5B-Base,6,0.25,last_token,ko,zh,r10,256,512,delta,ok,-0.01171875
trillionlabs/Tri-0.5B-Base,6,0.25,last_token,ko,zh,mrr,256,512,raw,ok,0.07239503980475956
trillionlabs/Tri-0.5B-Base,6,0.25,last_token,ko,zh,mrr,256,512,aligned,ok,0.06343995323295279
trillionlabs/Tri-0.5B-Base,6,0.25,last_token,ko,zh,mrr,256,512,delta,ok,-0.00895508657180677
trillionlabs/Tri-0.5B-Base,6,0.25,last_token,zh,ko,r1,256,512,raw,ok,0.056640625
trillionlabs/Tri-0.5B-Base,6,0.25,last_token,zh,ko,r1,256,512,aligned,ok,0.044921875
trillionlabs/Tri-0.5B-Base,6,0.25,last_token,zh,ko,r1,256,512,delta,ok,-0.01171875
trillionlabs/Tri-0.5B-Base,6,0.25,last_token,zh,ko,r5,256,512,raw,ok,0.12890625
trillionlabs/Tri-0.5B-Base,6,0.25,last_token,zh,ko,r5,256,512,aligned,ok,0.1328125
trillionlabs/Tri-0.5B-Base,6,0.25,last_token,zh,ko,r5,256,512,delta,ok,0.00390625
trillionlabs/Tri-0.5B-Base,6,0.25,last_token,zh,ko,r10,256,512,raw,ok,0.158203125
trillionlabs/Tri-0.5B-Base,6,0.25,last_token,zh,ko,r10,256,512,aligned,ok,0.1953125
trillionlabs/Tri-0.5B-Base,6,0.25,last_token,zh,ko,r10,256,512,delta,ok,0.037109375
trillionlabs/Tri-0.5B-Base,6,0.25,last_token,zh,ko,mrr,256,512,raw,ok,0.09665938550686941
trillionlabs/Tri-0.5B-Base,6,0.25,last_token,zh,ko,mrr,256,512,aligned,ok,0.09762911740095778
trillionlabs/Tri-0.5B-Base,6,0.25,last_token,zh,ko,mrr,256,512,delta,ok,0.0009697318940883742
trillionlabs/Tri-0.5B-Base,6,0.25,last_token,ja,zh,r1,256,512,raw,ok,0.060546875
trillionlabs/Tri-0.5B-Base,6,0.25,last_token,ja,zh,r1,256,512,aligned,ok,0.041015625
trillionlabs/Tri-0.5B-Base,6,0.25,last_token,ja,zh,r1,256,512,delta,ok,-0.01953125
trillionlabs/Tri-0.5B-Base,6,0.25,last_token,ja,zh,r5,256,512,raw,ok,0.1484375
trillionlabs/Tri-0.5B-Base,6,0.25,last_token,ja,zh,r5,256,512,aligned,ok,0.146484375
trillionlabs/Tri-0.5B-Base,6,0.25,last_token,ja,zh,r5,256,512,delta,ok,-0.001953125
trillionlabs/Tri-0.5B-Base,6,0.25,last_token,ja,zh,r10,256,512,raw,ok,0.21875
trillionlabs/Tri-0.5B-Base,6,0.25,last_token,ja,zh,r10,256,512,aligned,ok,0.212890625
trillionlabs/Tri-0.5B-Base,6,0.25,last_token,ja,zh,r10,256,512,delta,ok,-0.005859375
trillionlabs/Tri-0.5B-Base,6,0.25,last_token,ja,zh,mrr,256,512,raw,ok,0.11170310132265457
trillionlabs/Tri-0.5B-Base,6,0.25,last_token,ja,zh,mrr,256,512,aligned,ok,0.10117401689260247
trillionlabs/Tri-0.5B-Base,6,0.25,last_token,ja,zh,mrr,256,512,delta,ok,-0.0105290844300521
trillionlabs/Tri-0.5B-Base,6,0.25,last_token,zh,ja,r1,256,512,raw,ok,0.02734375
trillionlabs/Tri-0.5B-Base,6,0.25,last_token,zh,ja,r1,256,512,aligned,ok,0.0390625
trillionlabs/Tri-0.5B-Base,6,0.25,last_token,zh,ja,r1,256,512,delta,ok,0.01171875
trillionlabs/Tri-0.5B-Base,6,0.25,last_token,zh,ja,r5,256,512,raw,ok,0.095703125
trillionlabs/Tri-0.5B-Base,6,0.25,last_token,zh,ja,r5,256,512,aligned,ok,0.15625
trillionlabs/Tri-0.5B-Base,6,0.25,last_token,zh,ja,r5,256,512,delta,ok,0.060546875
trillionlabs/Tri-0.5B-Base,6,0.25,last_token,zh,ja,r10,256,512,raw,ok,0.123046875
trillionlabs/Tri-0.5B-Base,6,0.25,last_token,zh,ja,r10,256,512,aligned,ok,0.22265625
trillionlabs/Tri-0.5B-Base,6,0.25,last_token,zh,ja,r10,256,512,delta,ok,0.099609375
trillionlabs/Tri-0.5B-Base,6,0.25,last_token,zh,ja,mrr,256,512,raw,ok,0.06866318983931897
trillionlabs/Tri-0.5B-Base,6,0.25,last_token,zh,ja,mrr,256,512,aligned,ok,0.10279381733581433
trillionlabs/Tri-0.5B-Base,6,0.25,last_token,zh,ja,mrr,256,512,delta,ok,0.034130627496495355
trillionlabs/Tri-0.5B-Base,7,0.2916666666666667,last_token,en,ko,r1,256,512,raw,ok,0.5703125
trillionlabs/Tri-0.5B-Base,7,0.2916666666666667,last_token,en,ko,r1,256,512,aligned,ok,0.466796875
trillionlabs/Tri-0.5B-Base,7,0.2916666666666667,last_token,en,ko,r1,256,512,delta,ok,-0.103515625
trillionlabs/Tri-0.5B-Base,7,0.2916666666666667,last_token,en,ko,r5,256,512,raw,ok,0.716796875
trillionlabs/Tri-0.5B-Base,7,0.2916666666666667,last_token,en,ko,r5,256,512,aligned,ok,0.724609375
trillionlabs/Tri-0.5B-Base,7,0.2916666666666667,last_token,en,ko,r5,256,512,delta,ok,0.0078125
trillionlabs/Tri-0.5B-Base,7,0.2916666666666667,last_token,en,ko,r10,256,512,raw,ok,0.779296875
trillionlabs/Tri-0.5B-Base,7,0.2916666666666667,last_token,en,ko,r10,256,512,aligned,ok,0.802734375
trillionlabs/Tri-0.5B-Base,7,0.2916666666666667,last_token,en,ko,r10,256,512,delta,ok,0.0234375
trillionlabs/Tri-0.5B-Base,7,0.2916666666666667,last_token,en,ko,mrr,256,512,raw,ok,0.6449094053873939
trillionlabs/Tri-0.5B-Base,7,0.2916666666666667,last_token,en,ko,mrr,256,512,aligned,ok,0.5798921022489192
trillionlabs/Tri-0.5B-Base,7,0.2916666666666667,last_token,en,ko,mrr,256,512,delta,ok,-0.06501730313847476
trillionlabs/Tri-0.5B-Base,7,0.2916666666666667,last_token,ko,en,r1,256,512,raw,ok,0.47265625
trillionlabs/Tri-0.5B-Base,7,0.2916666666666667,last_token,ko,en,r1,256,512,aligned,ok,0.41015625
trillionlabs/Tri-0.5B-Base,7,0.2916666666666667,last_token,ko,en,r1,256,512,delta,ok,-0.0625
trillionlabs/Tri-0.5B-Base,7,0.2916666666666667,last_token,ko,en,r5,256,512,raw,ok,0.625
trillionlabs/Tri-0.5B-Base,7,0.2916666666666667,last_token,ko,en,r5,256,512,aligned,ok,0.646484375
trillionlabs/Tri-0.5B-Base,7,0.2916666666666667,last_token,ko,en,r5,256,512,delta,ok,0.021484375
trillionlabs/Tri-0.5B-Base,7,0.2916666666666667,last_token,ko,en,r10,256,512,raw,ok,0.6875
trillionlabs/Tri-0.5B-Base,7,0.2916666666666667,last_token,ko,en,r10,256,512,aligned,ok,0.759765625
trillionlabs/Tri-0.5B-Base,7,0.2916666666666667,last_token,ko,en,r10,256,512,delta,ok,0.072265625
trillionlabs/Tri-0.5B-Base,7,0.2916666666666667,last_token,ko,en,mrr,256,512,raw,ok,0.5486903150891684
trillionlabs/Tri-0.5B-Base,7,0.2916666666666667,last_token,ko,en,mrr,256,512,aligned,ok,0.5262577204763889
trillionlabs/Tri-0.5B-Base,7,0.2916666666666667,last_token,ko,en,mrr,256,512,delta,ok,-0.022432594612779577
trillionlabs/Tri-0.5B-Base,7,0.2916666666666667,last_token,en,ja,r1,256,512,raw,ok,0.361328125
trillionlabs/Tri-0.5B-Base,7,0.2916666666666667,last_token,en,ja,r1,256,512,aligned,ok,0.4921875
trillionlabs/Tri-0.5B-Base,7,0.2916666666666667,last_token,en,ja,r1,256,512,delta,ok,0.130859375
trillionlabs/Tri-0.5B-Base,7,0.2916666666666667,last_token,en,ja,r5,256,512,raw,ok,0.537109375
trillionlabs/Tri-0.5B-Base,7,0.2916666666666667,last_token,en,ja,r5,256,512,aligned,ok,0.76171875
trillionlabs/Tri-0.5B-Base,7,0.2916666666666667,last_token,en,ja,r5,256,512,delta,ok,0.224609375
trillionlabs/Tri-0.5B-Base,7,0.2916666666666667,last_token,en,ja,r10,256,512,raw,ok,0.623046875
trillionlabs/Tri-0.5B-Base,7,0.2916666666666667,last_token,en,ja,r10,256,512,aligned,ok,0.84765625
trillionlabs/Tri-0.5B-Base,7,0.2916666666666667,last_token,en,ja,r10,256,512,delta,ok,0.224609375
trillionlabs/Tri-0.5B-Base,7,0.2916666666666667,last_token,en,ja,mrr,256,512,raw,ok,0.4474976242352521
trillionlabs/Tri-0.5B-Base,7,0.2916666666666667,last_token,en,ja,mrr,256,512,aligned,ok,0.6093448500071066
trillionlabs/Tri-0.5B-Base,7,0.2916666666666667,last_token,en,ja,mrr,256,512,delta,ok,0.1618472257718545
trillionlabs/Tri-0.5B-Base,7,0.2916666666666667,last_token,ja,en,r1,256,512,raw,ok,0.529296875
trillionlabs/Tri-0.5B-Base,7,0.2916666666666667,last_token,ja,en,r1,256,512,aligned,ok,0.5234375
trillionlabs/Tri-0.5B-Base,7,0.2916666666666667,last_token,ja,en,r1,256,512,delta,ok,-0.005859375
trillionlabs/Tri-0.5B-Base,7,0.2916666666666667,last_token,ja,en,r5,256,512,raw,ok,0.71484375
trillionlabs/Tri-0.5B-Base,7,0.2916666666666667,last_token,ja,en,r5,256,512,aligned,ok,0.779296875
trillionlabs/Tri-0.5B-Base,7,0.2916666666666667,last_token,ja,en,r5,256,512,delta,ok,0.064453125
trillionlabs/Tri-0.5B-Base,7,0.2916666666666667,last_token,ja,en,r10,256,512,raw,ok,0.744140625
trillionlabs/Tri-0.5B-Base,7,0.2916666666666667,last_token,ja,en,r10,256,512,aligned,ok,0.865234375
trillionlabs/Tri-0.5B-Base,7,0.2916666666666667,last_token,ja,en,r10,256,512,delta,ok,0.12109375
trillionlabs/Tri-0.5B-Base,7,0.2916666666666667,last_token,ja,en,mrr,256,512,raw,ok,0.6115906953982976
trillionlabs/Tri-0.5B-Base,7,0.2916666666666667,last_token,ja,en,mrr,256,512,aligned,ok,0.6399511513274128
trillionlabs/Tri-0.5B-Base,7,0.2916666666666667,last_token,ja,en,mrr,256,512,delta,ok,0.02836045592911518
trillionlabs/Tri-0.5B-Base,7,0.2916666666666667,last_token,en,zh,r1,256,512,raw,ok,0.52734375
trillionlabs/Tri-0.5B-Base,7,0.2916666666666667,last_token,en,zh,r1,256,512,aligned,ok,0.53125
trillionlabs/Tri-0.5B-Base,7,0.2916666666666667,last_token,en,zh,r1,256,512,delta,ok,0.00390625
trillionlabs/Tri-0.5B-Base,7,0.2916666666666667,last_token,en,zh,r5,256,512,raw,ok,0.7109375
trillionlabs/Tri-0.5B-Base,7,0.2916666666666667,last_token,en,zh,r5,256,512,aligned,ok,0.765625
trillionlabs/Tri-0.5B-Base,7,0.2916666666666667,last_token,en,zh,r5,256,512,delta,ok,0.0546875
trillionlabs/Tri-0.5B-Base,7,0.2916666666666667,last_token,en,zh,r10,256,512,raw,ok,0.751953125
trillionlabs/Tri-0.5B-Base,7,0.2916666666666667,last_token,en,zh,r10,256,512,aligned,ok,0.849609375
trillionlabs/Tri-0.5B-Base,7,0.2916666666666667,last_token,en,zh,r10,256,512,delta,ok,0.09765625
trillionlabs/Tri-0.5B-Base,7,0.2916666666666667,last_token,en,zh,mrr,256,512,raw,ok,0.6090655721802793
trillionlabs/Tri-0.5B-Base,7,0.2916666666666667,last_token,en,zh,mrr,256,512,aligned,ok,0.6433350790076459
trillionlabs/Tri-0.5B-Base,7,0.2916666666666667,last_token,en,zh,mrr,256,512,delta,ok,0.034269506827366514
trillionlabs/Tri-0.5B-Base,7,0.2916666666666667,last_token,zh,en,r1,256,512,raw,ok,0.603515625
trillionlabs/Tri-0.5B-Base,7,0.2916666666666667,last_token,zh,en,r1,256,512,aligned,ok,0.5546875
trillionlabs/Tri-0.5B-Base,7,0.2916666666666667,last_token,zh,en,r1,256,512,delta,ok,-0.048828125
trillionlabs/Tri-0.5B-Base,7,0.2916666666666667,last_token,zh,en,r5,256,512,raw,ok,0.767578125
trillionlabs/Tri-0.5B-Base,7,0.2916666666666667,last_token,zh,en,r5,256,512,aligned,ok,0.798828125
trillionlabs/Tri-0.5B-Base,7,0.2916666666666667,last_token,zh,en,r5,256,512,delta,ok,0.03125
trillionlabs/Tri-0.5B-Base,7,0.2916666666666667,last_token,zh,en,r10,256,512,raw,ok,0.8046875
trillionlabs/Tri-0.5B-Base,7,0.2916666666666667,last_token,zh,en,r10,256,512,aligned,ok,0.85546875
trillionlabs/Tri-0.5B-Base,7,0.2916666666666667,last_token,zh,en,r10,256,512,delta,ok,0.05078125
trillionlabs/Tri-0.5B-Base,7,0.2916666666666667,last_token,zh,en,mrr,256,512,raw,ok,0.6749777424014607
trillionlabs/Tri-0.5B-Base,7,0.2916666666666667,last_token,zh,en,mrr,256,512,aligned,ok,0.6633622541814185
trillionlabs/Tri-0.5B-Base,7,0.2916666666666667,last_token,zh,en,mrr,256,512,delta,ok,-0.011615488220042214
trillionlabs/Tri-0.5B-Base,7,0.2916666666666667,last_token,ko,ja,r1,256,512,raw,ok,0.330078125
trillionlabs/Tri-0.5B-Base,7,0.2916666666666667,last_token,ko,ja,r1,256,512,aligned,ok,0.373046875
trillionlabs/Tri-0.5B-Base,7,0.2916666666666667,last_token,ko,ja,r1,256,512,delta,ok,0.04296875
trillionlabs/Tri-0.5B-Base,7,0.2916666666666667,last_token,ko,ja,r5,256,512,raw,ok,0.509765625
trillionlabs/Tri-0.5B-Base,7,0.2916666666666667,last_token,ko,ja,r5,256,512,aligned,ok,0.62109375
trillionlabs/Tri-0.5B-Base,7,0.2916666666666667,last_token,ko,ja,r5,256,512,delta,ok,0.111328125
trillionlabs/Tri-0.5B-Base,7,0.2916666666666667,last_token,ko,ja,r10,256,512,raw,ok,0.578125
trillionlabs/Tri-0.5B-Base,7,0.2916666666666667,last_token,ko,ja,r10,256,512,aligned,ok,0.728515625
trillionlabs/Tri-0.5B-Base,7,0.2916666666666667,last_token,ko,ja,r10,256,512,delta,ok,0.150390625
trillionlabs/Tri-0.5B-Base,7,0.2916666666666667,last_token,ko,ja,mrr,256,512,raw,ok,0.4185315418994029
trillionlabs/Tri-0.5B-Base,7,0.2916666666666667,last_token,ko,ja,mrr,256,512,aligned,ok,0.4895028331554176
trillionlabs/Tri-0.5B-Base,7,0.2916666666666667,last_token,ko,ja,mrr,256,512,delta,ok,0.0709712912560147
trillionlabs/Tri-0.5B-Base,7,0.2916666666666667,last_token,ja,ko,r1,256,512,raw,ok,0.482421875
trillionlabs/Tri-0.5B-Base,7,0.2916666666666667,last_token,ja,ko,r1,256,512,aligned,ok,0.44921875
trillionlabs/Tri-0.5B-Base,7,0.2916666666666667,last_token,ja,ko,r1,256,512,delta,ok,-0.033203125
trillionlabs/Tri-0.5B-Base,7,0.2916666666666667,last_token,ja,ko,r5,256,512,raw,ok,0.65625
trillionlabs/Tri-0.5B-Base,7,0.2916666666666667,last_token,ja,ko,r5,256,512,aligned,ok,0.689453125
trillionlabs/Tri-0.5B-Base,7,0.2916666666666667,last_token,ja,ko,r5,256,512,delta,ok,0.033203125
trillionlabs/Tri-0.5B-Base,7,0.2916666666666667,last_token,ja,ko,r10,256,512,raw,ok,0.71484375
trillionlabs/Tri-0.5B-Base,7,0.2916666666666667,last_token,ja,ko,r10,256,512,aligned,ok,0.771484375
trillionlabs/Tri-0.5B-Base,7,0.2916666666666667,last_token,ja,ko,r10,256,512,delta,ok,0.056640625
trillionlabs/Tri-0.5B-Base,7,0.2916666666666667,last_token,ja,ko,mrr,256,512,raw,ok,0.5614751203883497
trillionlabs/Tri-0.5B-Base,7,0.2916666666666667,last_token,ja,ko,mrr,256,512,aligned,ok,0.5562929008926002
trillionlabs/Tri-0.5B-Base,7,0.2916666666666667,last_token,ja,ko,mrr,256,512,delta,ok,-0.005182219495749485
trillionlabs/Tri-0.5B-Base,7,0.2916666666666667,last_token,ko,zh,r1,256,512,raw,ok,0.25
trillionlabs/Tri-0.5B-Base,7,0.2916666666666667,last_token,ko,zh,r1,256,512,aligned,ok,0.298828125
trillionlabs/Tri-0.5B-Base,7,0.2916666666666667,last_token,ko,zh,r1,256,512,delta,ok,0.048828125
trillionlabs/Tri-0.5B-Base,7,0.2916666666666667,last_token,ko,zh,r5,256,512,raw,ok,0.423828125
trillionlabs/Tri-0.5B-Base,7,0.2916666666666667,last_token,ko,zh,r5,256,512,aligned,ok,0.568359375
trillionlabs/Tri-0.5B-Base,7,0.2916666666666667,last_token,ko,zh,r5,256,512,delta,ok,0.14453125
trillionlabs/Tri-0.5B-Base,7,0.2916666666666667,last_token,ko,zh,r10,256,512,raw,ok,0.501953125
trillionlabs/Tri-0.5B-Base,7,0.2916666666666667,last_token,ko,zh,r10,256,512,aligned,ok,0.66015625
trillionlabs/Tri-0.5B-Base,7,0.2916666666666667,last_token,ko,zh,r10,256,512,delta,ok,0.158203125
trillionlabs/Tri-0.5B-Base,7,0.2916666666666667,last_token,ko,zh,mrr,256,512,raw,ok,0.3376911826303274
trillionlabs/Tri-0.5B-Base,7,0.2916666666666667,last_token,ko,zh,mrr,256,512,aligned,ok,0.4156200908588341
trillionlabs/Tri-0.5B-Base,7,0.2916666666666667,last_token,ko,zh,mrr,256,512,delta,ok,0.07792890822850673
trillionlabs/Tri-0.5B-Base,7,0.2916666666666667,last_token,zh,ko,r1,256,512,raw,ok,0.423828125
trillionlabs/Tri-0.5B-Base,7,0.2916666666666667,last_token,zh,ko,r1,256,512,aligned,ok,0.326171875
trillionlabs/Tri-0.5B-Base,7,0.2916666666666667,last_token,zh,ko,r1,256,512,delta,ok,-0.09765625
trillionlabs/Tri-0.5B-Base,7,0.2916666666666667,last_token,zh,ko,r5,256,512,raw,ok,0.591796875
trillionlabs/Tri-0.5B-Base,7,0.2916666666666667,last_token,zh,ko,r5,256,512,aligned,ok,0.5703125
trillionlabs/Tri-0.5B-Base,7,0.2916666666666667,last_token,zh,ko,r5,256,512,delta,ok,-0.021484375
trillionlabs/Tri-0.5B-Base,7,0.2916666666666667,last_token,zh,ko,r10,256,512,raw,ok,0.66796875
trillionlabs/Tri-0.5B-Base,7,0.2916666666666667,last_token,zh,ko,r10,256,512,aligned,ok,0.677734375
trillionlabs/Tri-0.5B-Base,7,0.2916666666666667,last_token,zh,ko,r10,256,512,delta,ok,0.009765625
trillionlabs/Tri-0.5B-Base,7,0.2916666666666667,last_token,zh,ko,mrr,256,512,raw,ok,0.5022495282886029
trillionlabs/Tri-0.5B-Base,7,0.2916666666666667,last_token,zh,ko,mrr,256,512,aligned,ok,0.4424193045880578
trillionlabs/Tri-0.5B-Base,7,0.2916666666666667,last_token,zh,ko,mrr,256,512,delta,ok,-0.05983022370054514
trillionlabs/Tri-0.5B-Base,7,0.2916666666666667,last_token,ja,zh,r1,256,512,raw,ok,0.396484375
trillionlabs/Tri-0.5B-Base,7,0.2916666666666667,last_token,ja,zh,r1,256,512,aligned,ok,0.42578125
trillionlabs/Tri-0.5B-Base,7,0.2916666666666667,last_token,ja,zh,r1,256,512,delta,ok,0.029296875
trillionlabs/Tri-0.5B-Base,7,0.2916666666666667,last_token,ja,zh,r5,256,512,raw,ok,0.62109375
trillionlabs/Tri-0.5B-Base,7,0.2916666666666667,last_token,ja,zh,r5,256,512,aligned,ok,0.6875
trillionlabs/Tri-0.5B-Base,7,0.2916666666666667,last_token,ja,zh,r5,256,512,delta,ok,0.06640625
trillionlabs/Tri-0.5B-Base,7,0.2916666666666667,last_token,ja,zh,r10,256,512,raw,ok,0.69921875
trillionlabs/Tri-0.5B-Base,7,0.2916666666666667,last_token,ja,zh,r10,256,512,aligned,ok,0.767578125
trillionlabs/Tri-0.5B-Base,7,0.2916666666666667,last_token,ja,zh,r10,256,512,delta,ok,0.068359375
trillionlabs/Tri-0.5B-Base,7,0.2916666666666667,last_token,ja,zh,mrr,256,512,raw,ok,0.5053298288117509
trillionlabs/Tri-0.5B-Base,7,0.2916666666666667,last_token,ja,zh,mrr,256,512,aligned,ok,0.5457769265190296
trillionlabs/Tri-0.5B-Base,7,0.2916666666666667,last_token,ja,zh,mrr,256,512,delta,ok,0.04044709770727872
trillionlabs/Tri-0.5B-Base,7,0.2916666666666667,last_token,zh,ja,r1,256,512,raw,ok,0.30078125
trillionlabs/Tri-0.5B-Base,7,0.2916666666666667,last_token,zh,ja,r1,256,512,aligned,ok,0.396484375
trillionlabs/Tri-0.5B-Base,7,0.2916666666666667,last_token,zh,ja,r1,256,512,delta,ok,0.095703125
trillionlabs/Tri-0.5B-Base,7,0.2916666666666667,last_token,zh,ja,r5,256,512,raw,ok,0.4765625
trillionlabs/Tri-0.5B-Base,7,0.2916666666666667,last_token,zh,ja,r5,256,512,aligned,ok,0.658203125
trillionlabs/Tri-0.5B-Base,7,0.2916666666666667,last_token,zh,ja,r5,256,512,delta,ok,0.181640625
trillionlabs/Tri-0.5B-Base,7,0.2916666666666667,last_token,zh,ja,r10,256,512,raw,ok,0.578125
trillionlabs/Tri-0.5B-Base,7,0.2916666666666667,last_token,zh,ja,r10,256,512,aligned,ok,0.759765625
trillionlabs/Tri-0.5B-Base,7,0.2916666666666667,last_token,zh,ja,r10,256,512,delta,ok,0.181640625
trillionlabs/Tri-0.5B-Base,7,0.2916666666666667,last_token,zh,ja,mrr,256,512,raw,ok,0.38536317397798636
trillionlabs/Tri-0.5B-Base,7,0.2916666666666667,last_token,zh,ja,mrr,256,512,aligned,ok,0.51778356710912
trillionlabs/Tri-0.5B-Base,7,0.2916666666666667,last_token,zh,ja,mrr,256,512,delta,ok,0.13242039313113363
trillionlabs/Tri-0.5B-Base,8,0.3333333333333333,last_token,en,ko,r1,256,512,raw,ok,0.62109375
trillionlabs/Tri-0.5B-Base,8,0.3333333333333333,last_token,en,ko,r1,256,512,aligned,ok,0.533203125
trillionlabs/Tri-0.5B-Base,8,0.3333333333333333,last_token,en,ko,r1,256,512,delta,ok,-0.087890625
trillionlabs/Tri-0.5B-Base,8,0.3333333333333333,last_token,en,ko,r5,256,512,raw,ok,0.763671875
trillionlabs/Tri-0.5B-Base,8,0.3333333333333333,last_token,en,ko,r5,256,512,aligned,ok,0.77734375
trillionlabs/Tri-0.5B-Base,8,0.3333333333333333,last_token,en,ko,r5,256,512,delta,ok,0.013671875
trillionlabs/Tri-0.5B-Base,8,0.3333333333333333,last_token,en,ko,r10,256,512,raw,ok,0.80078125
trillionlabs/Tri-0.5B-Base,8,0.3333333333333333,last_token,en,ko,r10,256,512,aligned,ok,0.857421875
trillionlabs/Tri-0.5B-Base,8,0.3333333333333333,last_token,en,ko,r10,256,512,delta,ok,0.056640625
trillionlabs/Tri-0.5B-Base,8,0.3333333333333333,last_token,en,ko,mrr,256,512,raw,ok,0.6852768785547662
trillionlabs/Tri-0.5B-Base,8,0.3333333333333333,last_token,en,ko,mrr,256,512,aligned,ok,0.6360795777499558
trillionlabs/Tri-0.5B-Base,8,0.3333333333333333,last_token,en,ko,mrr,256,512,delta,ok,-0.04919730080481033
trillionlabs/Tri-0.5B-Base,8,0.3333333333333333,last_token,ko,en,r1,256,512,raw,ok,0.50390625
trillionlabs/Tri-0.5B-Base,8,0.3333333333333333,last_token,ko,en,r1,256,512,aligned,ok,0.474609375
trillionlabs/Tri-0.5B-Base,8,0.3333333333333333,last_token,ko,en,r1,256,512,delta,ok,-0.029296875
trillionlabs/Tri-0.5B-Base,8,0.3333333333333333,last_token,ko,en,r5,256,512,raw,ok,0.671875
trillionlabs/Tri-0.5B-Base,8,0.3333333333333333,last_token,ko,en,r5,256,512,aligned,ok,0.72265625
trillionlabs/Tri-0.5B-Base,8,0.3333333333333333,last_token,ko,en,r5,256,512,delta,ok,0.05078125
trillionlabs/Tri-0.5B-Base,8,0.3333333333333333,last_token,ko,en,r10,256,512,raw,ok,0.71875
trillionlabs/Tri-0.5B-Base,8,0.3333333333333333,last_token,ko,en,r10,256,512,aligned,ok,0.8125
trillionlabs/Tri-0.5B-Base,8,0.3333333333333333,last_token,ko,en,r10,256,512,delta,ok,0.09375
trillionlabs/Tri-0.5B-Base,8,0.3333333333333333,last_token,ko,en,mrr,256,512,raw,ok,0.5867710047231802
trillionlabs/Tri-0.5B-Base,8,0.3333333333333333,last_token,ko,en,mrr,256,512,aligned,ok,0.5897733773859899
trillionlabs/Tri-0.5B-Base,8,0.3333333333333333,last_token,ko,en,mrr,256,512,delta,ok,0.0030023726628096714
trillionlabs/Tri-0.5B-Base,8,0.3333333333333333,last_token,en,ja,r1,256,512,raw,ok,0.388671875
trillionlabs/Tri-0.5B-Base,8,0.3333333333333333,last_token,en,ja,r1,256,512,aligned,ok,0.498046875
trillionlabs/Tri-0.5B-Base,8,0.3333333333333333,last_token,en,ja,r1,256,512,delta,ok,0.109375
trillionlabs/Tri-0.5B-Base,8,0.3333333333333333,last_token,en,ja,r5,256,512,raw,ok,0.587890625
trillionlabs/Tri-0.5B-Base,8,0.3333333333333333,last_token,en,ja,r5,256,512,aligned,ok,0.740234375
trillionlabs/Tri-0.5B-Base,8,0.3333333333333333,last_token,en,ja,r5,256,512,delta,ok,0.15234375
trillionlabs/Tri-0.5B-Base,8,0.3333333333333333,last_token,en,ja,r10,256,512,raw,ok,0.630859375
trillionlabs/Tri-0.5B-Base,8,0.3333333333333333,last_token,en,ja,r10,256,512,aligned,ok,0.845703125
trillionlabs/Tri-0.5B-Base,8,0.3333333333333333,last_token,en,ja,r10,256,512,delta,ok,0.21484375
trillionlabs/Tri-0.5B-Base,8,0.3333333333333333,last_token,en,ja,mrr,256,512,raw,ok,0.48741333018631217
trillionlabs/Tri-0.5B-Base,8,0.3333333333333333,last_token,en,ja,mrr,256,512,aligned,ok,0.6070830326028542
trillionlabs/Tri-0.5B-Base,8,0.3333333333333333,last_token,en,ja,mrr,256,512,delta,ok,0.11966970241654207
trillionlabs/Tri-0.5B-Base,8,0.3333333333333333,last_token,ja,en,r1,256,512,raw,ok,0.53515625
trillionlabs/Tri-0.5B-Base,8,0.3333333333333333,last_token,ja,en,r1,256,512,aligned,ok,0.4921875
trillionlabs/Tri-0.5B-Base,8,0.3333333333333333,last_token,ja,en,r1,256,512,delta,ok,-0.04296875
trillionlabs/Tri-0.5B-Base,8,0.3333333333333333,last_token,ja,en,r5,256,512,raw,ok,0.712890625
trillionlabs/Tri-0.5B-Base,8,0.3333333333333333,last_token,ja,en,r5,256,512,aligned,ok,0.796875
trillionlabs/Tri-0.5B-Base,8,0.3333333333333333,last_token,ja,en,r5,256,512,delta,ok,0.083984375
trillionlabs/Tri-0.5B-Base,8,0.3333333333333333,last_token,ja,en,r10,256,512,raw,ok,0.77734375
trillionlabs/Tri-0.5B-Base,8,0.3333333333333333,last_token,ja,en,r10,256,512,aligned,ok,0.875
trillionlabs/Tri-0.5B-Base,8,0.3333333333333333,last_token,ja,en,r10,256,512,delta,ok,0.09765625
trillionlabs/Tri-0.5B-Base,8,0.3333333333333333,last_token,ja,en,mrr,256,512,raw,ok,0.6191887374785128
trillionlabs/Tri-0.5B-Base,8,0.3333333333333333,last_token,ja,en,mrr,256,512,aligned,ok,0.62372844896373
trillionlabs/Tri-0.5B-Base,8,0.3333333333333333,last_token,ja,en,mrr,256,512,delta,ok,0.004539711485217257
trillionlabs/Tri-0.5B-Base,8,0.3333333333333333,last_token,en,zh,r1,256,512,raw,ok,0.59375
trillionlabs/Tri-0.5B-Base,8,0.3333333333333333,last_token,en,zh,r1,256,512,aligned,ok,0.57421875
trillionlabs/Tri-0.5B-Base,8,0.3333333333333333,last_token,en,zh,r1,256,512,delta,ok,-0.01953125
trillionlabs/Tri-0.5B-Base,8,0.3333333333333333,last_token,en,zh,r5,256,512,raw,ok,0.76953125
trillionlabs/Tri-0.5B-Base,8,0.3333333333333333,last_token,en,zh,r5,256,512,aligned,ok,0.80078125
trillionlabs/Tri-0.5B-Base,8,0.3333333333333333,last_token,en,zh,r5,256,512,delta,ok,0.03125
trillionlabs/Tri-0.5B-Base,8,0.3333333333333333,last_token,en,zh,r10,256,512,raw,ok,0.833984375
trillionlabs/Tri-0.5B-Base,8,0.3333333333333333,last_token,en,zh,r10,256,512,aligned,ok,0.869140625
trillionlabs/Tri-0.5B-Base,8,0.3333333333333333,last_token,en,zh,r10,256,512,delta,ok,0.03515625
trillionlabs/Tri-0.5B-Base,8,0.3333333333333333,last_token,en,zh,mrr,256,512,raw,ok,0.6726628502087498
trillionlabs/Tri-0.5B-Base,8,0.3333333333333333,last_token,en,zh,mrr,256,512,aligned,ok,0.6801688085290827
trillionlabs/Tri-0.5B-Base,8,0.3333333333333333,last_token,en,zh,mrr,256,512,delta,ok,0.007505958320332851
trillionlabs/Tri-0.5B-Base,8,0.3333333333333333,last_token,zh,en,r1,256,512,raw,ok,0.626953125
trillionlabs/Tri-0.5B-Base,8,0.3333333333333333,last_token,zh,en,r1,256,512,aligned,ok,0.58203125
trillionlabs/Tri-0.5B-Base,8,0.3333333333333333,last_token,zh,en,r1,256,512,delta,ok,-0.044921875
trillionlabs/Tri-0.5B-Base,8,0.3333333333333333,last_token,zh,en,r5,256,512,raw,ok,0.79296875
trillionlabs/Tri-0.5B-Base,8,0.3333333333333333,last_token,zh,en,r5,256,512,aligned,ok,0.822265625
trillionlabs/Tri-0.5B-Base,8,0.3333333333333333,last_token,zh,en,r5,256,512,delta,ok,0.029296875
trillionlabs/Tri-0.5B-Base,8,0.3333333333333333,last_token,zh,en,r10,256,512,raw,ok,0.830078125
trillionlabs/Tri-0.5B-Base,8,0.3333333333333333,last_token,zh,en,r10,256,512,aligned,ok,0.865234375
trillionlabs/Tri-0.5B-Base,8,0.3333333333333333,last_token,zh,en,r10,256,512,delta,ok,0.03515625
trillionlabs/Tri-0.5B-Base,8,0.3333333333333333,last_token,zh,en,mrr,256,512,raw,ok,0.6997783008922247
trillionlabs/Tri-0.5B-Base,8,0.3333333333333333,last_token,zh,en,mrr,256,512,aligned,ok,0.6875698120934173
trillionlabs/Tri-0.5B-Base,8,0.3333333333333333,last_token,zh,en,mrr,256,512,delta,ok,-0.012208488798807426
trillionlabs/Tri-0.5B-Base,8,0.3333333333333333,last_token,ko,ja,r1,256,512,raw,ok,0.3671875
trillionlabs/Tri-0.5B-Base,8,0.3333333333333333,last_token,ko,ja,r1,256,512,aligned,ok,0.388671875
trillionlabs/Tri-0.5B-Base,8,0.3333333333333333,last_token,ko,ja,r1,256,512,delta,ok,0.021484375
trillionlabs/Tri-0.5B-Base,8,0.3333333333333333,last_token,ko,ja,r5,256,512,raw,ok,0.5546875
trillionlabs/Tri-0.5B-Base,8,0.3333333333333333,last_token,ko,ja,r5,256,512,aligned,ok,0.62109375
trillionlabs/Tri-0.5B-Base,8,0.3333333333333333,last_token,ko,ja,r5,256,512,delta,ok,0.06640625
trillionlabs/Tri-0.5B-Base,8,0.3333333333333333,last_token,ko,ja,r10,256,512,raw,ok,0.6171875
trillionlabs/Tri-0.5B-Base,8,0.3333333333333333,last_token,ko,ja,r10,256,512,aligned,ok,0.744140625
trillionlabs/Tri-0.5B-Base,8,0.3333333333333333,last_token,ko,ja,r10,256,512,delta,ok,0.126953125
trillionlabs/Tri-0.5B-Base,8,0.3333333333333333,last_token,ko,ja,mrr,256,512,raw,ok,0.45676107672264354
trillionlabs/Tri-0.5B-Base,8,0.3333333333333333,last_token,ko,ja,mrr,256,512,aligned,ok,0.5053324142273039
trillionlabs/Tri-0.5B-Base,8,0.3333333333333333,last_token,ko,ja,mrr,256,512,delta,ok,0.04857133750466036
trillionlabs/Tri-0.5B-Base,8,0.3333333333333333,last_token,ja,ko,r1,256,512,raw,ok,0.5
trillionlabs/Tri-0.5B-Base,8,0.3333333333333333,last_token,ja,ko,r1,256,512,aligned,ok,0.435546875
trillionlabs/Tri-0.5B-Base,8,0.3333333333333333,last_token,ja,ko,r1,256,512,delta,ok,-0.064453125
trillionlabs/Tri-0.5B-Base,8,0.3333333333333333,last_token,ja,ko,r5,256,512,raw,ok,0.67578125
trillionlabs/Tri-0.5B-Base,8,0.3333333333333333,last_token,ja,ko,r5,256,512,aligned,ok,0.66015625
trillionlabs/Tri-0.5B-Base,8,0.3333333333333333,last_token,ja,ko,r5,256,512,delta,ok,-0.015625
trillionlabs/Tri-0.5B-Base,8,0.3333333333333333,last_token,ja,ko,r10,256,512,raw,ok,0.736328125
trillionlabs/Tri-0.5B-Base,8,0.3333333333333333,last_token,ja,ko,r10,256,512,aligned,ok,0.765625
trillionlabs/Tri-0.5B-Base,8,0.3333333333333333,last_token,ja,ko,r10,256,512,delta,ok,0.029296875
trillionlabs/Tri-0.5B-Base,8,0.3333333333333333,last_token,ja,ko,mrr,256,512,raw,ok,0.5801194740352758
trillionlabs/Tri-0.5B-Base,8,0.3333333333333333,last_token,ja,ko,mrr,256,512,aligned,ok,0.5450924837849187
trillionlabs/Tri-0.5B-Base,8,0.3333333333333333,last_token,ja,ko,mrr,256,512,delta,ok,-0.03502699025035705
trillionlabs/Tri-0.5B-Base,8,0.3333333333333333,last_token,ko,zh,r1,256,512,raw,ok,0.29296875
trillionlabs/Tri-0.5B-Base,8,0.3333333333333333,last_token,ko,zh,r1,256,512,aligned,ok,0.330078125
trillionlabs/Tri-0.5B-Base,8,0.3333333333333333,last_token,ko,zh,r1,256,512,delta,ok,0.037109375
trillionlabs/Tri-0.5B-Base,8,0.3333333333333333,last_token,ko,zh,r5,256,512,raw,ok,0.498046875
trillionlabs/Tri-0.5B-Base,8,0.3333333333333333,last_token,ko,zh,r5,256,512,aligned,ok,0.59375
trillionlabs/Tri-0.5B-Base,8,0.3333333333333333,last_token,ko,zh,r5,256,512,delta,ok,0.095703125
trillionlabs/Tri-0.5B-Base,8,0.3333333333333333,last_token,ko,zh,r10,256,512,raw,ok,0.57421875
trillionlabs/Tri-0.5B-Base,8,0.3333333333333333,last_token,ko,zh,r10,256,512,aligned,ok,0.6796875
trillionlabs/Tri-0.5B-Base,8,0.3333333333333333,last_token,ko,zh,r10,256,512,delta,ok,0.10546875
trillionlabs/Tri-0.5B-Base,8,0.3333333333333333,last_token,ko,zh,mrr,256,512,raw,ok,0.3901824145114251
trillionlabs/Tri-0.5B-Base,8,0.3333333333333333,last_token,ko,zh,mrr,256,512,aligned,ok,0.4457087029169736
trillionlabs/Tri-0.5B-Base,8,0.3333333333333333,last_token,ko,zh,mrr,256,512,delta,ok,0.05552628840554852
trillionlabs/Tri-0.5B-Base,8,0.3333333333333333,last_token,zh,ko,r1,256,512,raw,ok,0.41015625
trillionlabs/Tri-0.5B-Base,8,0.3333333333333333,last_token,zh,ko,r1,256,512,aligned,ok,0.349609375
trillionlabs/Tri-0.5B-Base,8,0.3333333333333333,last_token,zh,ko,r1,256,512,delta,ok,-0.060546875
trillionlabs/Tri-0.5B-Base,8,0.3333333333333333,last_token,zh,ko,r5,256,512,raw,ok,0.59765625
trillionlabs/Tri-0.5B-Base,8,0.3333333333333333,last_token,zh,ko,r5,256,512,aligned,ok,0.599609375
trillionlabs/Tri-0.5B-Base,8,0.3333333333333333,last_token,zh,ko,r5,256,512,delta,ok,0.001953125
trillionlabs/Tri-0.5B-Base,8,0.3333333333333333,last_token,zh,ko,r10,256,512,raw,ok,0.6640625
trillionlabs/Tri-0.5B-Base,8,0.3333333333333333,last_token,zh,ko,r10,256,512,aligned,ok,0.701171875
trillionlabs/Tri-0.5B-Base,8,0.3333333333333333,last_token,zh,ko,r10,256,512,delta,ok,0.037109375
trillionlabs/Tri-0.5B-Base,8,0.3333333333333333,last_token,zh,ko,mrr,256,512,raw,ok,0.4959665307523747
trillionlabs/Tri-0.5B-Base,8,0.3333333333333333,last_token,zh,ko,mrr,256,512,aligned,ok,0.46617489671669954
trillionlabs/Tri-0.5B-Base,8,0.3333333333333333,last_token,zh,ko,mrr,256,512,delta,ok,-0.02979163403567514
trillionlabs/Tri-0.5B-Base,8,0.3333333333333333,last_token,ja,zh,r1,256,512,raw,ok,0.4140625
trillionlabs/Tri-0.5B-Base,8,0.3333333333333333,last_token,ja,zh,r1,256,512,aligned,ok,0.37890625
trillionlabs/Tri-0.5B-Base,8,0.3333333333333333,last_token,ja,zh,r1,256,512,delta,ok,-0.03515625
trillionlabs/Tri-0.5B-Base,8,0.3333333333333333,last_token,ja,zh,r5,256,512,raw,ok,0.607421875
trillionlabs/Tri-0.5B-Base,8,0.3333333333333333,last_token,ja,zh,r5,256,512,aligned,ok,0.65625
trillionlabs/Tri-0.5B-Base,8,0.3333333333333333,last_token,ja,zh,r5,256,512,delta,ok,0.048828125
trillionlabs/Tri-0.5B-Base,8,0.3333333333333333,last_token,ja,zh,r10,256,512,raw,ok,0.6953125
trillionlabs/Tri-0.5B-Base,8,0.3333333333333333,last_token,ja,zh,r10,256,512,aligned,ok,0.7578125
trillionlabs/Tri-0.5B-Base,8,0.3333333333333333,last_token,ja,zh,r10,256,512,delta,ok,0.0625
trillionlabs/Tri-0.5B-Base,8,0.3333333333333333,last_token,ja,zh,mrr,256,512,raw,ok,0.5095850723359079
trillionlabs/Tri-0.5B-Base,8,0.3333333333333333,last_token,ja,zh,mrr,256,512,aligned,ok,0.5082400122260784
trillionlabs/Tri-0.5B-Base,8,0.3333333333333333,last_token,ja,zh,mrr,256,512,delta,ok,-0.0013450601098294879
trillionlabs/Tri-0.5B-Base,8,0.3333333333333333,last_token,zh,ja,r1,256,512,raw,ok,0.294921875
trillionlabs/Tri-0.5B-Base,8,0.3333333333333333,last_token,zh,ja,r1,256,512,aligned,ok,0.388671875
trillionlabs/Tri-0.5B-Base,8,0.3333333333333333,last_token,zh,ja,r1,256,512,delta,ok,0.09375
trillionlabs/Tri-0.5B-Base,8,0.3333333333333333,last_token,zh,ja,r5,256,512,raw,ok,0.4921875
trillionlabs/Tri-0.5B-Base,8,0.3333333333333333,last_token,zh,ja,r5,256,512,aligned,ok,0.662109375
trillionlabs/Tri-0.5B-Base,8,0.3333333333333333,last_token,zh,ja,r5,256,512,delta,ok,0.169921875
trillionlabs/Tri-0.5B-Base,8,0.3333333333333333,last_token,zh,ja,r10,256,512,raw,ok,0.560546875
trillionlabs/Tri-0.5B-Base,8,0.3333333333333333,last_token,zh,ja,r10,256,512,aligned,ok,0.767578125
trillionlabs/Tri-0.5B-Base,8,0.3333333333333333,last_token,zh,ja,r10,256,512,delta,ok,0.20703125
trillionlabs/Tri-0.5B-Base,8,0.3333333333333333,last_token,zh,ja,mrr,256,512,raw,ok,0.3904470744253079
trillionlabs/Tri-0.5B-Base,8,0.3333333333333333,last_token,zh,ja,mrr,256,512,aligned,ok,0.5107067557033318
trillionlabs/Tri-0.5B-Base,8,0.3333333333333333,last_token,zh,ja,mrr,256,512,delta,ok,0.12025968127802389
trillionlabs/Tri-0.5B-Base,9,0.375,last_token,en,ko,r1,256,512,raw,ok,0.68359375
trillionlabs/Tri-0.5B-Base,9,0.375,last_token,en,ko,r1,256,512,aligned,ok,0.62109375
trillionlabs/Tri-0.5B-Base,9,0.375,last_token,en,ko,r1,256,512,delta,ok,-0.0625
trillionlabs/Tri-0.5B-Base,9,0.375,last_token,en,ko,r5,256,512,raw,ok,0.8046875
trillionlabs/Tri-0.5B-Base,9,0.375,last_token,en,ko,r5,256,512,aligned,ok,0.80859375
trillionlabs/Tri-0.5B-Base,9,0.375,last_token,en,ko,r5,256,512,delta,ok,0.00390625
trillionlabs/Tri-0.5B-Base,9,0.375,last_token,en,ko,r10,256,512,raw,ok,0.845703125
trillionlabs/Tri-0.5B-Base,9,0.375,last_token,en,ko,r10,256,512,aligned,ok,0.880859375
trillionlabs/Tri-0.5B-Base,9,0.375,last_token,en,ko,r10,256,512,delta,ok,0.03515625
trillionlabs/Tri-0.5B-Base,9,0.375,last_token,en,ko,mrr,256,512,raw,ok,0.7392734057948609
trillionlabs/Tri-0.5B-Base,9,0.375,last_token,en,ko,mrr,256,512,aligned,ok,0.7073159632668798
trillionlabs/Tri-0.5B-Base,9,0.375,last_token,en,ko,mrr,256,512,delta,ok,-0.03195744252798105
trillionlabs/Tri-0.5B-Base,9,0.375,last_token,ko,en,r1,256,512,raw,ok,0.59765625
trillionlabs/Tri-0.5B-Base,9,0.375,last_token,ko,en,r1,256,512,aligned,ok,0.59375
trillionlabs/Tri-0.5B-Base,9,0.375,last_token,ko,en,r1,256,512,delta,ok,-0.00390625
trillionlabs/Tri-0.5B-Base,9,0.375,last_token,ko,en,r5,256,512,raw,ok,0.75
trillionlabs/Tri-0.5B-Base,9,0.375,last_token,ko,en,r5,256,512,aligned,ok,0.794921875
trillionlabs/Tri-0.5B-Base,9,0.375,last_token,ko,en,r5,256,512,delta,ok,0.044921875
trillionlabs/Tri-0.5B-Base,9,0.375,last_token,ko,en,r10,256,512,raw,ok,0.8046875
trillionlabs/Tri-0.5B-Base,9,0.375,last_token,ko,en,r10,256,512,aligned,ok,0.86328125
trillionlabs/Tri-0.5B-Base,9,0.375,last_token,ko,en,r10,256,512,delta,ok,0.05859375
trillionlabs/Tri-0.5B-Base,9,0.375,last_token,ko,en,mrr,256,512,raw,ok,0.6685730007128662
trillionlabs/Tri-0.5B-Base,9,0.375,last_token,ko,en,mrr,256,512,aligned,ok,0.6887085639205204
trillionlabs/Tri-0.5B-Base,9,0.375,last_token,ko,en,mrr,256,512,delta,ok,0.020135563207654195
trillionlabs/Tri-0.5B-Base,9,0.375,last_token,en,ja,r1,256,512,raw,ok,0.490234375
trillionlabs/Tri-0.5B-Base,9,0.375,last_token,en,ja,r1,256,512,aligned,ok,0.55859375
trillionlabs/Tri-0.5B-Base,9,0.375,last_token,en,ja,r1,256,512,delta,ok,0.068359375
trillionlabs/Tri-0.5B-Base,9,0.375,last_token,en,ja,r5,256,512,raw,ok,0.681640625
trillionlabs/Tri-0.5B-Base,9,0.375,last_token,en,ja,r5,256,512,aligned,ok,0.822265625
trillionlabs/Tri-0.5B-Base,9,0.375,last_token,en,ja,r5,256,512,delta,ok,0.140625
trillionlabs/Tri-0.5B-Base,9,0.375,last_token,en,ja,r10,256,512,raw,ok,0.751953125
trillionlabs/Tri-0.5B-Base,9,0.375,last_token,en,ja,r10,256,512,aligned,ok,0.890625
trillionlabs/Tri-0.5B-Base,9,0.375,last_token,en,ja,r10,256,512,delta,ok,0.138671875
trillionlabs/Tri-0.5B-Base,9,0.375,last_token,en,ja,mrr,256,512,raw,ok,0.5805112924740088
trillionlabs/Tri-0.5B-Base,9,0.375,last_token,en,ja,mrr,256,512,aligned,ok,0.6729417826033265
trillionlabs/Tri-0.5B-Base,9,0.375,last_token,en,ja,mrr,256,512,delta,ok,0.0924304901293177
trillionlabs/Tri-0.5B-Base,9,0.375,last_token,ja,en,r1,256,512,raw,ok,0.642578125
trillionlabs/Tri-0.5B-Base,9,0.375,last_token,ja,en,r1,256,512,aligned,ok,0.583984375
trillionlabs/Tri-0.5B-Base,9,0.375,last_token,ja,en,r1,256,512,delta,ok,-0.05859375
trillionlabs/Tri-0.5B-Base,9,0.375,last_token,ja,en,r5,256,512,raw,ok,0.796875
trillionlabs/Tri-0.5B-Base,9,0.375,last_token,ja,en,r5,256,512,aligned,ok,0.853515625
trillionlabs/Tri-0.5B-Base,9,0.375,last_token,ja,en,r5,256,512,delta,ok,0.056640625
trillionlabs/Tri-0.5B-Base,9,0.375,last_token,ja,en,r10,256,512,raw,ok,0.828125
trillionlabs/Tri-0.5B-Base,9,0.375,last_token,ja,en,r10,256,512,aligned,ok,0.91796875
trillionlabs/Tri-0.5B-Base,9,0.375,last_token,ja,en,r10,256,512,delta,ok,0.08984375
trillionlabs/Tri-0.5B-Base,9,0.375,last_token,ja,en,mrr,256,512,raw,ok,0.7162663969844012
trillionlabs/Tri-0.5B-Base,9,0.375,last_token,ja,en,mrr,256,512,aligned,ok,0.700171896101
trillionlabs/Tri-0.5B-Base,9,0.375,last_token,ja,en,mrr,256,512,delta,ok,-0.016094500883401253
trillionlabs/Tri-0.5B-Base,9,0.375,last_token,en,zh,r1,256,512,raw,ok,0.689453125
trillionlabs/Tri-0.5B-Base,9,0.375,last_token,en,zh,r1,256,512,aligned,ok,0.681640625
trillionlabs/Tri-0.5B-Base,9,0.375,last_token,en,zh,r1,256,512,delta,ok,-0.0078125
trillionlabs/Tri-0.5B-Base,9,0.375,last_token,en,zh,r5,256,512,raw,ok,0.841796875
trillionlabs/Tri-0.5B-Base,9,0.375,last_token,en,zh,r5,256,512,aligned,ok,0.8515625
trillionlabs/Tri-0.5B-Base,9,0.375,last_token,en,zh,r5,256,512,delta,ok,0.009765625
trillionlabs/Tri-0.5B-Base,9,0.375,last_token,en,zh,r10,256,512,raw,ok,0.875
trillionlabs/Tri-0.5B-Base,9,0.375,last_token,en,zh,r10,256,512,aligned,ok,0.88671875
trillionlabs/Tri-0.5B-Base,9,0.375,last_token,en,zh,r10,256,512,delta,ok,0.01171875
trillionlabs/Tri-0.5B-Base,9,0.375,last_token,en,zh,mrr,256,512,raw,ok,0.7589552764315102
trillionlabs/Tri-0.5B-Base,9,0.375,last_token,en,zh,mrr,256,512,aligned,ok,0.7589988548099835
trillionlabs/Tri-0.5B-Base,9,0.375,last_token,en,zh,mrr,256,512,delta,ok,4.357837847335233e-05
trillionlabs/Tri-0.5B-Base,9,0.375,last_token,zh,en,r1,256,512,raw,ok,0.7109375
trillionlabs/Tri-0.5B-Base,9,0.375,last_token,zh,en,r1,256,512,aligned,ok,0.669921875
trillionlabs/Tri-0.5B-Base,9,0.375,last_token,zh,en,r1,256,512,delta,ok,-0.041015625
trillionlabs/Tri-0.5B-Base,9,0.375,last_token,zh,en,r5,256,512,raw,ok,0.853515625
trillionlabs/Tri-0.5B-Base,9,0.375,last_token,zh,en,r5,256,512,aligned,ok,0.876953125
trillionlabs/Tri-0.5B-Base,9,0.375,last_token,zh,en,r5,256,512,delta,ok,0.0234375
trillionlabs/Tri-0.5B-Base,9,0.375,last_token,zh,en,r10,256,512,raw,ok,0.880859375
trillionlabs/Tri-0.5B-Base,9,0.375,last_token,zh,en,r10,256,512,aligned,ok,0.91796875
trillionlabs/Tri-0.5B-Base,9,0.375,last_token,zh,en,r10,256,512,delta,ok,0.037109375
trillionlabs/Tri-0.5B-Base,9,0.375,last_token,zh,en,mrr,256,512,raw,ok,0.7733821301162053
trillionlabs/Tri-0.5B-Base,9,0.375,last_token,zh,en,mrr,256,512,aligned,ok,0.7590208083717712
trillionlabs/Tri-0.5B-Base,9,0.375,last_token,zh,en,mrr,256,512,delta,ok,-0.014361321744434052
trillionlabs/Tri-0.5B-Base,9,0.375,last_token,ko,ja,r1,256,512,raw,ok,0.482421875
trillionlabs/Tri-0.5B-Base,9,0.375,last_token,ko,ja,r1,256,512,aligned,ok,0.48046875
trillionlabs/Tri-0.5B-Base,9,0.375,last_token,ko,ja,r1,256,512,delta,ok,-0.001953125
trillionlabs/Tri-0.5B-Base,9,0.375,last_token,ko,ja,r5,256,512,raw,ok,0.65625
trillionlabs/Tri-0.5B-Base,9,0.375,last_token,ko,ja,r5,256,512,aligned,ok,0.73828125
trillionlabs/Tri-0.5B-Base,9,0.375,last_token,ko,ja,r5,256,512,delta,ok,0.08203125
trillionlabs/Tri-0.5B-Base,9,0.375,last_token,ko,ja,r10,256,512,raw,ok,0.724609375
trillionlabs/Tri-0.5B-Base,9,0.375,last_token,ko,ja,r10,256,512,aligned,ok,0.8046875
trillionlabs/Tri-0.5B-Base,9,0.375,last_token,ko,ja,r10,256,512,delta,ok,0.080078125
trillionlabs/Tri-0.5B-Base,9,0.375,last_token,ko,ja,mrr,256,512,raw,ok,0.561031786702429
trillionlabs/Tri-0.5B-Base,9,0.375,last_token,ko,ja,mrr,256,512,aligned,ok,0.5981418633488786
trillionlabs/Tri-0.5B-Base,9,0.375,last_token,ko,ja,mrr,256,512,delta,ok,0.03711007664644961
trillionlabs/Tri-0.5B-Base,9,0.375,last_token,ja,ko,r1,256,512,raw,ok,0.587890625
trillionlabs/Tri-0.5B-Base,9,0.375,last_token,ja,ko,r1,256,512,aligned,ok,0.52734375
trillionlabs/Tri-0.5B-Base,9,0.375,last_token,ja,ko,r1,256,512,delta,ok,-0.060546875
trillionlabs/Tri-0.5B-Base,9,0.375,last_token,ja,ko,r5,256,512,raw,ok,0.751953125
trillionlabs/Tri-0.5B-Base,9,0.375,last_token,ja,ko,r5,256,512,aligned,ok,0.732421875
trillionlabs/Tri-0.5B-Base,9,0.375,last_token,ja,ko,r5,256,512,delta,ok,-0.01953125
trillionlabs/Tri-0.5B-Base,9,0.375,last_token,ja,ko,r10,256,512,raw,ok,0.802734375
trillionlabs/Tri-0.5B-Base,9,0.375,last_token,ja,ko,r10,256,512,aligned,ok,0.818359375
trillionlabs/Tri-0.5B-Base,9,0.375,last_token,ja,ko,r10,256,512,delta,ok,0.015625
trillionlabs/Tri-0.5B-Base,9,0.375,last_token,ja,ko,mrr,256,512,raw,ok,0.6677813038241451
trillionlabs/Tri-0.5B-Base,9,0.375,last_token,ja,ko,mrr,256,512,aligned,ok,0.6278025470871659
trillionlabs/Tri-0.5B-Base,9,0.375,last_token,ja,ko,mrr,256,512,delta,ok,-0.03997875673697926
trillionlabs/Tri-0.5B-Base,9,0.375,last_token,ko,zh,r1,256,512,raw,ok,0.416015625
trillionlabs/Tri-0.5B-Base,9,0.375,last_token,ko,zh,r1,256,512,aligned,ok,0.4140625
trillionlabs/Tri-0.5B-Base,9,0.375,last_token,ko,zh,r1,256,512,delta,ok,-0.001953125
trillionlabs/Tri-0.5B-Base,9,0.375,last_token,ko,zh,r5,256,512,raw,ok,0.62109375
trillionlabs/Tri-0.5B-Base,9,0.375,last_token,ko,zh,r5,256,512,aligned,ok,0.6875
trillionlabs/Tri-0.5B-Base,9,0.375,last_token,ko,zh,r5,256,512,delta,ok,0.06640625
trillionlabs/Tri-0.5B-Base,9,0.375,last_token,ko,zh,r10,256,512,raw,ok,0.705078125
trillionlabs/Tri-0.5B-Base,9,0.375,last_token,ko,zh,r10,256,512,aligned,ok,0.771484375
trillionlabs/Tri-0.5B-Base,9,0.375,last_token,ko,zh,r10,256,512,delta,ok,0.06640625
trillionlabs/Tri-0.5B-Base,9,0.375,last_token,ko,zh,mrr,256,512,raw,ok,0.5176361502839109
trillionlabs/Tri-0.5B-Base,9,0.375,last_token,ko,zh,mrr,256,512,aligned,ok,0.5407054932458062
trillionlabs/Tri-0.5B-Base,9,0.375,last_token,ko,zh,mrr,256,512,delta,ok,0.023069342961895334
trillionlabs/Tri-0.5B-Base,9,0.375,last_token,zh,ko,r1,256,512,raw,ok,0.482421875
trillionlabs/Tri-0.5B-Base,9,0.375,last_token,zh,ko,r1,256,512,aligned,ok,0.453125
trillionlabs/Tri-0.5B-Base,9,0.375,last_token,zh,ko,r1,256,512,delta,ok,-0.029296875
trillionlabs/Tri-0.5B-Base,9,0.375,last_token,zh,ko,r5,256,512,raw,ok,0.67578125
trillionlabs/Tri-0.5B-Base,9,0.375,last_token,zh,ko,r5,256,512,aligned,ok,0.68359375
trillionlabs/Tri-0.5B-Base,9,0.375,last_token,zh,ko,r5,256,512,delta,ok,0.0078125
trillionlabs/Tri-0.5B-Base,9,0.375,last_token,zh,ko,r10,256,512,raw,ok,0.73046875
trillionlabs/Tri-0.5B-Base,9,0.375,last_token,zh,ko,r10,256,512,aligned,ok,0.763671875
trillionlabs/Tri-0.5B-Base,9,0.375,last_token,zh,ko,r10,256,512,delta,ok,0.033203125
trillionlabs/Tri-0.5B-Base,9,0.375,last_token,zh,ko,mrr,256,512,raw,ok,0.5666008500192445
trillionlabs/Tri-0.5B-Base,9,0.375,last_token,zh,ko,mrr,256,512,aligned,ok,0.5615156711493434
trillionlabs/Tri-0.5B-Base,9,0.375,last_token,zh,ko,mrr,256,512,delta,ok,-0.005085178869901119
trillionlabs/Tri-0.5B-Base,9,0.375,last_token,ja,zh,r1,256,512,raw,ok,0.51171875
trillionlabs/Tri-0.5B-Base,9,0.375,last_token,ja,zh,r1,256,512,aligned,ok,0.451171875
trillionlabs/Tri-0.5B-Base,9,0.375,last_token,ja,zh,r1,256,512,delta,ok,-0.060546875
trillionlabs/Tri-0.5B-Base,9,0.375,last_token,ja,zh,r5,256,512,raw,ok,0.712890625
trillionlabs/Tri-0.5B-Base,9,0.375,last_token,ja,zh,r5,256,512,aligned,ok,0.716796875
trillionlabs/Tri-0.5B-Base,9,0.375,last_token,ja,zh,r5,256,512,delta,ok,0.00390625
trillionlabs/Tri-0.5B-Base,9,0.375,last_token,ja,zh,r10,256,512,raw,ok,0.78125
trillionlabs/Tri-0.5B-Base,9,0.375,last_token,ja,zh,r10,256,512,aligned,ok,0.814453125
trillionlabs/Tri-0.5B-Base,9,0.375,last_token,ja,zh,r10,256,512,delta,ok,0.033203125
trillionlabs/Tri-0.5B-Base,9,0.375,last_token,ja,zh,mrr,256,512,raw,ok,0.6002170924816651
trillionlabs/Tri-0.5B-Base,9,0.375,last_token,ja,zh,mrr,256,512,aligned,ok,0.5722047562978798
trillionlabs/Tri-0.5B-Base,9,0.375,last_token,ja,zh,mrr,256,512,delta,ok,-0.02801233618378529
trillionlabs/Tri-0.5B-Base,9,0.375,last_token,zh,ja,r1,256,512,raw,ok,0.396484375
trillionlabs/Tri-0.5B-Base,9,0.375,last_token,zh,ja,r1,256,512,aligned,ok,0.4609375
trillionlabs/Tri-0.5B-Base,9,0.375,last_token,zh,ja,r1,256,512,delta,ok,0.064453125
trillionlabs/Tri-0.5B-Base,9,0.375,last_token,zh,ja,r5,256,512,raw,ok,0.591796875
trillionlabs/Tri-0.5B-Base,9,0.375,last_token,zh,ja,r5,256,512,aligned,ok,0.720703125
trillionlabs/Tri-0.5B-Base,9,0.375,last_token,zh,ja,r5,256,512,delta,ok,0.12890625
trillionlabs/Tri-0.5B-Base,9,0.375,last_token,zh,ja,r10,256,512,raw,ok,0.66796875
trillionlabs/Tri-0.5B-Base,9,0.375,last_token,zh,ja,r10,256,512,aligned,ok,0.810546875
trillionlabs/Tri-0.5B-Base,9,0.375,last_token,zh,ja,r10,256,512,delta,ok,0.142578125
trillionlabs/Tri-0.5B-Base,9,0.375,last_token,zh,ja,mrr,256,512,raw,ok,0.49034036572938655
trillionlabs/Tri-0.5B-Base,9,0.375,last_token,zh,ja,mrr,256,512,aligned,ok,0.5796180219204974
trillionlabs/Tri-0.5B-Base,9,0.375,last_token,zh,ja,mrr,256,512,delta,ok,0.08927765619111083
trillionlabs/Tri-0.5B-Base,10,0.4166666666666667,last_token,en,ko,r1,256,512,raw,ok,0.720703125
trillionlabs/Tri-0.5B-Base,10,0.4166666666666667,last_token,en,ko,r1,256,512,aligned,ok,0.630859375
trillionlabs/Tri-0.5B-Base,10,0.4166666666666667,last_token,en,ko,r1,256,512,delta,ok,-0.08984375
trillionlabs/Tri-0.5B-Base,10,0.4166666666666667,last_token,en,ko,r5,256,512,raw,ok,0.8359375
trillionlabs/Tri-0.5B-Base,10,0.4166666666666667,last_token,en,ko,r5,256,512,aligned,ok,0.84765625
trillionlabs/Tri-0.5B-Base,10,0.4166666666666667,last_token,en,ko,r5,256,512,delta,ok,0.01171875
trillionlabs/Tri-0.5B-Base,10,0.4166666666666667,last_token,en,ko,r10,256,512,raw,ok,0.869140625
trillionlabs/Tri-0.5B-Base,10,0.4166666666666667,last_token,en,ko,r10,256,512,aligned,ok,0.88671875
trillionlabs/Tri-0.5B-Base,10,0.4166666666666667,last_token,en,ko,r10,256,512,delta,ok,0.017578125
trillionlabs/Tri-0.5B-Base,10,0.4166666666666667,last_token,en,ko,mrr,256,512,raw,ok,0.7737823874972756
trillionlabs/Tri-0.5B-Base,10,0.4166666666666667,last_token,en,ko,mrr,256,512,aligned,ok,0.7225595611567701
trillionlabs/Tri-0.5B-Base,10,0.4166666666666667,last_token,en,ko,mrr,256,512,delta,ok,-0.051222826340505456
trillionlabs/Tri-0.5B-Base,10,0.4166666666666667,last_token,ko,en,r1,256,512,raw,ok,0.65234375
trillionlabs/Tri-0.5B-Base,10,0.4166666666666667,last_token,ko,en,r1,256,512,aligned,ok,0.62109375
trillionlabs/Tri-0.5B-Base,10,0.4166666666666667,last_token,ko,en,r1,256,512,delta,ok,-0.03125
trillionlabs/Tri-0.5B-Base,10,0.4166666666666667,last_token,ko,en,r5,256,512,raw,ok,0.78125
trillionlabs/Tri-0.5B-Base,10,0.4166666666666667,last_token,ko,en,r5,256,512,aligned,ok,0.818359375
trillionlabs/Tri-0.5B-Base,10,0.4166666666666667,last_token,ko,en,r5,256,512,delta,ok,0.037109375
trillionlabs/Tri-0.5B-Base,10,0.4166666666666667,last_token,ko,en,r10,256,512,raw,ok,0.814453125
trillionlabs/Tri-0.5B-Base,10,0.4166666666666667,last_token,ko,en,r10,256,512,aligned,ok,0.869140625
trillionlabs/Tri-0.5B-Base,10,0.4166666666666667,last_token,ko,en,r10,256,512,delta,ok,0.0546875
trillionlabs/Tri-0.5B-Base,10,0.4166666666666667,last_token,ko,en,mrr,256,512,raw,ok,0.7116718758883724
trillionlabs/Tri-0.5B-Base,10,0.4166666666666667,last_token,ko,en,mrr,256,512,aligned,ok,0.7100550792169398
trillionlabs/Tri-0.5B-Base,10,0.4166666666666667,last_token,ko,en,mrr,256,512,delta,ok,-0.0016167966714326631
trillionlabs/Tri-0.5B-Base,10,0.4166666666666667,last_token,en,ja,r1,256,512,raw,ok,0.521484375
trillionlabs/Tri-0.5B-Base,10,0.4166666666666667,last_token,en,ja,r1,256,512,aligned,ok,0.58984375
trillionlabs/Tri-0.5B-Base,10,0.4166666666666667,last_token,en,ja,r1,256,512,delta,ok,0.068359375
trillionlabs/Tri-0.5B-Base,10,0.4166666666666667,last_token,en,ja,r5,256,512,raw,ok,0.701171875
trillionlabs/Tri-0.5B-Base,10,0.4166666666666667,last_token,en,ja,r5,256,512,aligned,ok,0.837890625
trillionlabs/Tri-0.5B-Base,10,0.4166666666666667,last_token,en,ja,r5,256,512,delta,ok,0.13671875
trillionlabs/Tri-0.5B-Base,10,0.4166666666666667,last_token,en,ja,r10,256,512,raw,ok,0.7421875
trillionlabs/Tri-0.5B-Base,10,0.4166666666666667,last_token,en,ja,r10,256,512,aligned,ok,0.904296875
trillionlabs/Tri-0.5B-Base,10,0.4166666666666667,last_token,en,ja,r10,256,512,delta,ok,0.162109375
trillionlabs/Tri-0.5B-Base,10,0.4166666666666667,last_token,en,ja,mrr,256,512,raw,ok,0.6044820933179601
trillionlabs/Tri-0.5B-Base,10,0.4166666666666667,last_token,en,ja,mrr,256,512,aligned,ok,0.6921035697876947
trillionlabs/Tri-0.5B-Base,10,0.4166666666666667,last_token,en,ja,mrr,256,512,delta,ok,0.08762147646973462
trillionlabs/Tri-0.5B-Base,10,0.4166666666666667,last_token,ja,en,r1,256,512,raw,ok,0.64453125
trillionlabs/Tri-0.5B-Base,10,0.4166666666666667,last_token,ja,en,r1,256,512,aligned,ok,0.587890625
trillionlabs/Tri-0.5B-Base,10,0.4166666666666667,last_token,ja,en,r1,256,512,delta,ok,-0.056640625
trillionlabs/Tri-0.5B-Base,10,0.4166666666666667,last_token,ja,en,r5,256,512,raw,ok,0.787109375
trillionlabs/Tri-0.5B-Base,10,0.4166666666666667,last_token,ja,en,r5,256,512,aligned,ok,0.853515625
trillionlabs/Tri-0.5B-Base,10,0.4166666666666667,last_token,ja,en,r5,256,512,delta,ok,0.06640625
trillionlabs/Tri-0.5B-Base,10,0.4166666666666667,last_token,ja,en,r10,256,512,raw,ok,0.845703125
trillionlabs/Tri-0.5B-Base,10,0.4166666666666667,last_token,ja,en,r10,256,512,aligned,ok,0.90234375
trillionlabs/Tri-0.5B-Base,10,0.4166666666666667,last_token,ja,en,r10,256,512,delta,ok,0.056640625
trillionlabs/Tri-0.5B-Base,10,0.4166666666666667,last_token,ja,en,mrr,256,512,raw,ok,0.715386137353009
trillionlabs/Tri-0.5B-Base,10,0.4166666666666667,last_token,ja,en,mrr,256,512,aligned,ok,0.7059622924672047
trillionlabs/Tri-0.5B-Base,10,0.4166666666666667,last_token,ja,en,mrr,256,512,delta,ok,-0.009423844885804389
trillionlabs/Tri-0.5B-Base,10,0.4166666666666667,last_token,en,zh,r1,256,512,raw,ok,0.7578125
trillionlabs/Tri-0.5B-Base,10,0.4166666666666667,last_token,en,zh,r1,256,512,aligned,ok,0.669921875
trillionlabs/Tri-0.5B-Base,10,0.4166666666666667,last_token,en,zh,r1,256,512,delta,ok,-0.087890625
trillionlabs/Tri-0.5B-Base,10,0.4166666666666667,last_token,en,zh,r5,256,512,raw,ok,0.876953125
trillionlabs/Tri-0.5B-Base,10,0.4166666666666667,last_token,en,zh,r5,256,512,aligned,ok,0.86328125
trillionlabs/Tri-0.5B-Base,10,0.4166666666666667,last_token,en,zh,r5,256,512,delta,ok,-0.013671875
trillionlabs/Tri-0.5B-Base,10,0.4166666666666667,last_token,en,zh,r10,256,512,raw,ok,0.9140625
trillionlabs/Tri-0.5B-Base,10,0.4166666666666667,last_token,en,zh,r10,256,512,aligned,ok,0.912109375
trillionlabs/Tri-0.5B-Base,10,0.4166666666666667,last_token,en,zh,r10,256,512,delta,ok,-0.001953125
trillionlabs/Tri-0.5B-Base,10,0.4166666666666667,last_token,en,zh,mrr,256,512,raw,ok,0.8119631098467768
trillionlabs/Tri-0.5B-Base,10,0.4166666666666667,last_token,en,zh,mrr,256,512,aligned,ok,0.7590658214983002
trillionlabs/Tri-0.5B-Base,10,0.4166666666666667,last_token,en,zh,mrr,256,512,delta,ok,-0.05289728834847662
trillionlabs/Tri-0.5B-Base,10,0.4166666666666667,last_token,zh,en,r1,256,512,raw,ok,0.732421875
trillionlabs/Tri-0.5B-Base,10,0.4166666666666667,last_token,zh,en,r1,256,512,aligned,ok,0.66796875
trillionlabs/Tri-0.5B-Base,10,0.4166666666666667,last_token,zh,en,r1,256,512,delta,ok,-0.064453125
trillionlabs/Tri-0.5B-Base,10,0.4166666666666667,last_token,zh,en,r5,256,512,raw,ok,0.865234375
trillionlabs/Tri-0.5B-Base,10,0.4166666666666667,last_token,zh,en,r5,256,512,aligned,ok,0.880859375
trillionlabs/Tri-0.5B-Base,10,0.4166666666666667,last_token,zh,en,r5,256,512,delta,ok,0.015625
trillionlabs/Tri-0.5B-Base,10,0.4166666666666667,last_token,zh,en,r10,256,512,raw,ok,0.89453125
trillionlabs/Tri-0.5B-Base,10,0.4166666666666667,last_token,zh,en,r10,256,512,aligned,ok,0.91796875
trillionlabs/Tri-0.5B-Base,10,0.4166666666666667,last_token,zh,en,r10,256,512,delta,ok,0.0234375
trillionlabs/Tri-0.5B-Base,10,0.4166666666666667,last_token,zh,en,mrr,256,512,raw,ok,0.7957241974576413
trillionlabs/Tri-0.5B-Base,10,0.4166666666666667,last_token,zh,en,mrr,256,512,aligned,ok,0.7598488778670669
trillionlabs/Tri-0.5B-Base,10,0.4166666666666667,last_token,zh,en,mrr,256,512,delta,ok,-0.03587531959057444
trillionlabs/Tri-0.5B-Base,10,0.4166666666666667,last_token,ko,ja,r1,256,512,raw,ok,0.529296875
trillionlabs/Tri-0.5B-Base,10,0.4166666666666667,last_token,ko,ja,r1,256,512,aligned,ok,0.529296875
trillionlabs/Tri-0.5B-Base,10,0.4166666666666667,last_token,ko,ja,r1,256,512,delta,ok,0.0
trillionlabs/Tri-0.5B-Base,10,0.4166666666666667,last_token,ko,ja,r5,256,512,raw,ok,0.673828125
trillionlabs/Tri-0.5B-Base,10,0.4166666666666667,last_token,ko,ja,r5,256,512,aligned,ok,0.740234375
trillionlabs/Tri-0.5B-Base,10,0.4166666666666667,last_token,ko,ja,r5,256,512,delta,ok,0.06640625
trillionlabs/Tri-0.5B-Base,10,0.4166666666666667,last_token,ko,ja,r10,256,512,raw,ok,0.736328125
trillionlabs/Tri-0.5B-Base,10,0.4166666666666667,last_token,ko,ja,r10,256,512,aligned,ok,0.8125
trillionlabs/Tri-0.5B-Base,10,0.4166666666666667,last_token,ko,ja,r10,256,512,delta,ok,0.076171875
trillionlabs/Tri-0.5B-Base,10,0.4166666666666667,last_token,ko,ja,mrr,256,512,raw,ok,0.5968601614479803
trillionlabs/Tri-0.5B-Base,10,0.4166666666666667,last_token,ko,ja,mrr,256,512,aligned,ok,0.6271205388843447
trillionlabs/Tri-0.5B-Base,10,0.4166666666666667,last_token,ko,ja,mrr,256,512,delta,ok,0.03026037743636445
trillionlabs/Tri-0.5B-Base,10,0.4166666666666667,last_token,ja,ko,r1,256,512,raw,ok,0.630859375
trillionlabs/Tri-0.5B-Base,10,0.4166666666666667,last_token,ja,ko,r1,256,512,aligned,ok,0.53125
trillionlabs/Tri-0.5B-Base,10,0.4166666666666667,last_token,ja,ko,r1,256,512,delta,ok,-0.099609375
trillionlabs/Tri-0.5B-Base,10,0.4166666666666667,last_token,ja,ko,r5,256,512,raw,ok,0.79296875
trillionlabs/Tri-0.5B-Base,10,0.4166666666666667,last_token,ja,ko,r5,256,512,aligned,ok,0.7578125
trillionlabs/Tri-0.5B-Base,10,0.4166666666666667,last_token,ja,ko,r5,256,512,delta,ok,-0.03515625
trillionlabs/Tri-0.5B-Base,10,0.4166666666666667,last_token,ja,ko,r10,256,512,raw,ok,0.84765625
trillionlabs/Tri-0.5B-Base,10,0.4166666666666667,last_token,ja,ko,r10,256,512,aligned,ok,0.822265625
trillionlabs/Tri-0.5B-Base,10,0.4166666666666667,last_token,ja,ko,r10,256,512,delta,ok,-0.025390625
trillionlabs/Tri-0.5B-Base,10,0.4166666666666667,last_token,ja,ko,mrr,256,512,raw,ok,0.7048920004934078
trillionlabs/Tri-0.5B-Base,10,0.4166666666666667,last_token,ja,ko,mrr,256,512,aligned,ok,0.6348800222405127
trillionlabs/Tri-0.5B-Base,10,0.4166666666666667,last_token,ja,ko,mrr,256,512,delta,ok,-0.07001197825289518
trillionlabs/Tri-0.5B-Base,10,0.4166666666666667,last_token,ko,zh,r1,256,512,raw,ok,0.53515625
trillionlabs/Tri-0.5B-Base,10,0.4166666666666667,last_token,ko,zh,r1,256,512,aligned,ok,0.4453125
trillionlabs/Tri-0.5B-Base,10,0.4166666666666667,last_token,ko,zh,r1,256,512,delta,ok,-0.08984375
trillionlabs/Tri-0.5B-Base,10,0.4166666666666667,last_token,ko,zh,r5,256,512,raw,ok,0.69140625
trillionlabs/Tri-0.5B-Base,10,0.4166666666666667,last_token,ko,zh,r5,256,512,aligned,ok,0.6875
trillionlabs/Tri-0.5B-Base,10,0.4166666666666667,last_token,ko,zh,r5,256,512,delta,ok,-0.00390625
trillionlabs/Tri-0.5B-Base,10,0.4166666666666667,last_token,ko,zh,r10,256,512,raw,ok,0.755859375
trillionlabs/Tri-0.5B-Base,10,0.4166666666666667,last_token,ko,zh,r10,256,512,aligned,ok,0.7578125
trillionlabs/Tri-0.5B-Base,10,0.4166666666666667,last_token,ko,zh,r10,256,512,delta,ok,0.001953125
trillionlabs/Tri-0.5B-Base,10,0.4166666666666667,last_token,ko,zh,mrr,256,512,raw,ok,0.6083001640245553
trillionlabs/Tri-0.5B-Base,10,0.4166666666666667,last_token,ko,zh,mrr,256,512,aligned,ok,0.5557636446683006
trillionlabs/Tri-0.5B-Base,10,0.4166666666666667,last_token,ko,zh,mrr,256,512,delta,ok,-0.052536519356254696
trillionlabs/Tri-0.5B-Base,10,0.4166666666666667,last_token,zh,ko,r1,256,512,raw,ok,0.5546875
trillionlabs/Tri-0.5B-Base,10,0.4166666666666667,last_token,zh,ko,r1,256,512,aligned,ok,0.455078125
trillionlabs/Tri-0.5B-Base,10,0.4166666666666667,last_token,zh,ko,r1,256,512,delta,ok,-0.099609375
trillionlabs/Tri-0.5B-Base,10,0.4166666666666667,last_token,zh,ko,r5,256,512,raw,ok,0.728515625
trillionlabs/Tri-0.5B-Base,10,0.4166666666666667,last_token,zh,ko,r5,256,512,aligned,ok,0.71484375
trillionlabs/Tri-0.5B-Base,10,0.4166666666666667,last_token,zh,ko,r5,256,512,delta,ok,-0.013671875
trillionlabs/Tri-0.5B-Base,10,0.4166666666666667,last_token,zh,ko,r10,256,512,raw,ok,0.7734375
trillionlabs/Tri-0.5B-Base,10,0.4166666666666667,last_token,zh,ko,r10,256,512,aligned,ok,0.79296875
trillionlabs/Tri-0.5B-Base,10,0.4166666666666667,last_token,zh,ko,r10,256,512,delta,ok,0.01953125
trillionlabs/Tri-0.5B-Base,10,0.4166666666666667,last_token,zh,ko,mrr,256,512,raw,ok,0.6318469000629188
trillionlabs/Tri-0.5B-Base,10,0.4166666666666667,last_token,zh,ko,mrr,256,512,aligned,ok,0.5752595550124648
trillionlabs/Tri-0.5B-Base,10,0.4166666666666667,last_token,zh,ko,mrr,256,512,delta,ok,-0.05658734505045393
trillionlabs/Tri-0.5B-Base,10,0.4166666666666667,last_token,ja,zh,r1,256,512,raw,ok,0.52734375
trillionlabs/Tri-0.5B-Base,10,0.4166666666666667,last_token,ja,zh,r1,256,512,aligned,ok,0.4375
trillionlabs/Tri-0.5B-Base,10,0.4166666666666667,last_token,ja,zh,r1,256,512,delta,ok,-0.08984375
trillionlabs/Tri-0.5B-Base,10,0.4166666666666667,last_token,ja,zh,r5,256,512,raw,ok,0.7421875
trillionlabs/Tri-0.5B-Base,10,0.4166666666666667,last_token,ja,zh,r5,256,512,aligned,ok,0.7265625
trillionlabs/Tri-0.5B-Base,10,0.4166666666666667,last_token,ja,zh,r5,256,512,delta,ok,-0.015625
trillionlabs/Tri-0.5B-Base,10,0.4166666666666667,last_token,ja,zh,r10,256,512,raw,ok,0.7890625
trillionlabs/Tri-0.5B-Base,10,0.4166666666666667,last_token,ja,zh,r10,256,512,aligned,ok,0.8046875
trillionlabs/Tri-0.5B-Base,10,0.4166666666666667,last_token,ja,zh,r10,256,512,delta,ok,0.015625
trillionlabs/Tri-0.5B-Base,10,0.4166666666666667,last_token,ja,zh,mrr,256,512,raw,ok,0.6180409053934104
trillionlabs/Tri-0.5B-Base,10,0.4166666666666667,last_token,ja,zh,mrr,256,512,aligned,ok,0.5647502218187372
trillionlabs/Tri-0.5B-Base,10,0.4166666666666667,last_token,ja,zh,mrr,256,512,delta,ok,-0.05329068357467315
trillionlabs/Tri-0.5B-Base,10,0.4166666666666667,last_token,zh,ja,r1,256,512,raw,ok,0.404296875
trillionlabs/Tri-0.5B-Base,10,0.4166666666666667,last_token,zh,ja,r1,256,512,aligned,ok,0.44921875
trillionlabs/Tri-0.5B-Base,10,0.4166666666666667,last_token,zh,ja,r1,256,512,delta,ok,0.044921875
trillionlabs/Tri-0.5B-Base,10,0.4166666666666667,last_token,zh,ja,r5,256,512,raw,ok,0.615234375
trillionlabs/Tri-0.5B-Base,10,0.4166666666666667,last_token,zh,ja,r5,256,512,aligned,ok,0.724609375
trillionlabs/Tri-0.5B-Base,10,0.4166666666666667,last_token,zh,ja,r5,256,512,delta,ok,0.109375
trillionlabs/Tri-0.5B-Base,10,0.4166666666666667,last_token,zh,ja,r10,256,512,raw,ok,0.677734375
trillionlabs/Tri-0.5B-Base,10,0.4166666666666667,last_token,zh,ja,r10,256,512,aligned,ok,0.82421875
trillionlabs/Tri-0.5B-Base,10,0.4166666666666667,last_token,zh,ja,r10,256,512,delta,ok,0.146484375
trillionlabs/Tri-0.5B-Base,10,0.4166666666666667,last_token,zh,ja,mrr,256,512,raw,ok,0.5055031278298867
trillionlabs/Tri-0.5B-Base,10,0.4166666666666667,last_token,zh,ja,mrr,256,512,aligned,ok,0.5728668256792984
trillionlabs/Tri-0.5B-Base,10,0.4166666666666667,last_token,zh,ja,mrr,256,512,delta,ok,0.06736369784941165
trillionlabs/Tri-0.5B-Base,11,0.4583333333333333,last_token,en,ko,r1,256,512,raw,ok,0.720703125
trillionlabs/Tri-0.5B-Base,11,0.4583333333333333,last_token,en,ko,r1,256,512,aligned,ok,0.619140625
trillionlabs/Tri-0.5B-Base,11,0.4583333333333333,last_token,en,ko,r1,256,512,delta,ok,-0.1015625
trillionlabs/Tri-0.5B-Base,11,0.4583333333333333,last_token,en,ko,r5,256,512,raw,ok,0.833984375
trillionlabs/Tri-0.5B-Base,11,0.4583333333333333,last_token,en,ko,r5,256,512,aligned,ok,0.8359375
trillionlabs/Tri-0.5B-Base,11,0.4583333333333333,last_token,en,ko,r5,256,512,delta,ok,0.001953125
trillionlabs/Tri-0.5B-Base,11,0.4583333333333333,last_token,en,ko,r10,256,512,raw,ok,0.869140625
trillionlabs/Tri-0.5B-Base,11,0.4583333333333333,last_token,en,ko,r10,256,512,aligned,ok,0.880859375
trillionlabs/Tri-0.5B-Base,11,0.4583333333333333,last_token,en,ko,r10,256,512,delta,ok,0.01171875
trillionlabs/Tri-0.5B-Base,11,0.4583333333333333,last_token,en,ko,mrr,256,512,raw,ok,0.7741375354763002
trillionlabs/Tri-0.5B-Base,11,0.4583333333333333,last_token,en,ko,mrr,256,512,aligned,ok,0.719512212650371
trillionlabs/Tri-0.5B-Base,11,0.4583333333333333,last_token,en,ko,mrr,256,512,delta,ok,-0.054625322825929135
trillionlabs/Tri-0.5B-Base,11,0.4583333333333333,last_token,ko,en,r1,256,512,raw,ok,0.64453125
trillionlabs/Tri-0.5B-Base,11,0.4583333333333333,last_token,ko,en,r1,256,512,aligned,ok,0.60546875
trillionlabs/Tri-0.5B-Base,11,0.4583333333333333,last_token,ko,en,r1,256,512,delta,ok,-0.0390625
trillionlabs/Tri-0.5B-Base,11,0.4583333333333333,last_token,ko,en,r5,256,512,raw,ok,0.791015625
trillionlabs/Tri-0.5B-Base,11,0.4583333333333333,last_token,ko,en,r5,256,512,aligned,ok,0.828125
trillionlabs/Tri-0.5B-Base,11,0.4583333333333333,last_token,ko,en,r5,256,512,delta,ok,0.037109375
trillionlabs/Tri-0.5B-Base,11,0.4583333333333333,last_token,ko,en,r10,256,512,raw,ok,0.82421875
trillionlabs/Tri-0.5B-Base,11,0.4583333333333333,last_token,ko,en,r10,256,512,aligned,ok,0.873046875
trillionlabs/Tri-0.5B-Base,11,0.4583333333333333,last_token,ko,en,r10,256,512,delta,ok,0.048828125
trillionlabs/Tri-0.5B-Base,11,0.4583333333333333,last_token,ko,en,mrr,256,512,raw,ok,0.7151008531950043
trillionlabs/Tri-0.5B-Base,11,0.4583333333333333,last_token,ko,en,mrr,256,512,aligned,ok,0.7033524453463372
trillionlabs/Tri-0.5B-Base,11,0.4583333333333333,last_token,ko,en,mrr,256,512,delta,ok,-0.011748407848667042
trillionlabs/Tri-0.5B-Base,11,0.4583333333333333,last_token,en,ja,r1,256,512,raw,ok,0.51953125
trillionlabs/Tri-0.5B-Base,11,0.4583333333333333,last_token,en,ja,r1,256,512,aligned,ok,0.59375
trillionlabs/Tri-0.5B-Base,11,0.4583333333333333,last_token,en,ja,r1,256,512,delta,ok,0.07421875
trillionlabs/Tri-0.5B-Base,11,0.4583333333333333,last_token,en,ja,r5,256,512,raw,ok,0.693359375
trillionlabs/Tri-0.5B-Base,11,0.4583333333333333,last_token,en,ja,r5,256,512,aligned,ok,0.8203125
trillionlabs/Tri-0.5B-Base,11,0.4583333333333333,last_token,en,ja,r5,256,512,delta,ok,0.126953125
trillionlabs/Tri-0.5B-Base,11,0.4583333333333333,last_token,en,ja,r10,256,512,raw,ok,0.740234375
trillionlabs/Tri-0.5B-Base,11,0.4583333333333333,last_token,en,ja,r10,256,512,aligned,ok,0.89453125
trillionlabs/Tri-0.5B-Base,11,0.4583333333333333,last_token,en,ja,r10,256,512,delta,ok,0.154296875
trillionlabs/Tri-0.5B-Base,11,0.4583333333333333,last_token,en,ja,mrr,256,512,raw,ok,0.6013297302580441
trillionlabs/Tri-0.5B-Base,11,0.4583333333333333,last_token,en,ja,mrr,256,512,aligned,ok,0.695319642967215
trillionlabs/Tri-0.5B-Base,11,0.4583333333333333,last_token,en,ja,mrr,256,512,delta,ok,0.0939899127091709
trillionlabs/Tri-0.5B-Base,11,0.4583333333333333,last_token,ja,en,r1,256,512,raw,ok,0.64453125
trillionlabs/Tri-0.5B-Base,11,0.4583333333333333,last_token,ja,en,r1,256,512,aligned,ok,0.564453125
trillionlabs/Tri-0.5B-Base,11,0.4583333333333333,last_token,ja,en,r1,256,512,delta,ok,-0.080078125
trillionlabs/Tri-0.5B-Base,11,0.4583333333333333,last_token,ja,en,r5,256,512,raw,ok,0.80859375
trillionlabs/Tri-0.5B-Base,11,0.4583333333333333,last_token,ja,en,r5,256,512,aligned,ok,0.833984375
trillionlabs/Tri-0.5B-Base,11,0.4583333333333333,last_token,ja,en,r5,256,512,delta,ok,0.025390625
trillionlabs/Tri-0.5B-Base,11,0.4583333333333333,last_token,ja,en,r10,256,512,raw,ok,0.849609375
trillionlabs/Tri-0.5B-Base,11,0.4583333333333333,last_token,ja,en,r10,256,512,aligned,ok,0.8984375
trillionlabs/Tri-0.5B-Base,11,0.4583333333333333,last_token,ja,en,r10,256,512,delta,ok,0.048828125
trillionlabs/Tri-0.5B-Base,11,0.4583333333333333,last_token,ja,en,mrr,256,512,raw,ok,0.7187178996872937
trillionlabs/Tri-0.5B-Base,11,0.4583333333333333,last_token,ja,en,mrr,256,512,aligned,ok,0.6907900256195274
trillionlabs/Tri-0.5B-Base,11,0.4583333333333333,last_token,ja,en,mrr,256,512,delta,ok,-0.027927874067766312
trillionlabs/Tri-0.5B-Base,11,0.4583333333333333,last_token,en,zh,r1,256,512,raw,ok,0.794921875
trillionlabs/Tri-0.5B-Base,11,0.4583333333333333,last_token,en,zh,r1,256,512,aligned,ok,0.6953125
trillionlabs/Tri-0.5B-Base,11,0.4583333333333333,last_token,en,zh,r1,256,512,delta,ok,-0.099609375
trillionlabs/Tri-0.5B-Base,11,0.4583333333333333,last_token,en,zh,r5,256,512,raw,ok,0.900390625
trillionlabs/Tri-0.5B-Base,11,0.4583333333333333,last_token,en,zh,r5,256,512,aligned,ok,0.873046875
trillionlabs/Tri-0.5B-Base,11,0.4583333333333333,last_token,en,zh,r5,256,512,delta,ok,-0.02734375
trillionlabs/Tri-0.5B-Base,11,0.4583333333333333,last_token,en,zh,r10,256,512,raw,ok,0.923828125
trillionlabs/Tri-0.5B-Base,11,0.4583333333333333,last_token,en,zh,r10,256,512,aligned,ok,0.9296875
trillionlabs/Tri-0.5B-Base,11,0.4583333333333333,last_token,en,zh,r10,256,512,delta,ok,0.005859375
trillionlabs/Tri-0.5B-Base,11,0.4583333333333333,last_token,en,zh,mrr,256,512,raw,ok,0.8410339959240075
trillionlabs/Tri-0.5B-Base,11,0.4583333333333333,last_token,en,zh,mrr,256,512,aligned,ok,0.7752661955312758
trillionlabs/Tri-0.5B-Base,11,0.4583333333333333,last_token,en,zh,mrr,256,512,delta,ok,-0.06576780039273167
trillionlabs/Tri-0.5B-Base,11,0.4583333333333333,last_token,zh,en,r1,256,512,raw,ok,0.7578125
trillionlabs/Tri-0.5B-Base,11,0.4583333333333333,last_token,zh,en,r1,256,512,aligned,ok,0.6640625
trillionlabs/Tri-0.5B-Base,11,0.4583333333333333,last_token,zh,en,r1,256,512,delta,ok,-0.09375
trillionlabs/Tri-0.5B-Base,11,0.4583333333333333,last_token,zh,en,r5,256,512,raw,ok,0.859375
trillionlabs/Tri-0.5B-Base,11,0.4583333333333333,last_token,zh,en,r5,256,512,aligned,ok,0.880859375
trillionlabs/Tri-0.5B-Base,11,0.4583333333333333,last_token,zh,en,r5,256,512,delta,ok,0.021484375
trillionlabs/Tri-0.5B-Base,11,0.4583333333333333,last_token,zh,en,r10,256,512,raw,ok,0.900390625
trillionlabs/Tri-0.5B-Base,11,0.4583333333333333,last_token,zh,en,r10,256,512,aligned,ok,0.927734375
trillionlabs/Tri-0.5B-Base,11,0.4583333333333333,last_token,zh,en,r10,256,512,delta,ok,0.02734375
trillionlabs/Tri-0.5B-Base,11,0.4583333333333333,last_token,zh,en,mrr,256,512,raw,ok,0.8082957038640247
trillionlabs/Tri-0.5B-Base,11,0.4583333333333333,last_token,zh,en,mrr,256,512,aligned,ok,0.7607234489577352
trillionlabs/Tri-0.5B-Base,11,0.4583333333333333,last_token,zh,en,mrr,256,512,delta,ok,-0.04757225490628947
trillionlabs/Tri-0.5B-Base,11,0.4583333333333333,last_token,ko,ja,r1,256,512,raw,ok,0.517578125
trillionlabs/Tri-0.5B-Base,11,0.4583333333333333,last_token,ko,ja,r1,256,512,aligned,ok,0.5234375
trillionlabs/Tri-0.5B-Base,11,0.4583333333333333,last_token,ko,ja,r1,256,512,delta,ok,0.005859375
trillionlabs/Tri-0.5B-Base,11,0.4583333333333333,last_token,ko,ja,r5,256,512,raw,ok,0.6796875
trillionlabs/Tri-0.5B-Base,11,0.4583333333333333,last_token,ko,ja,r5,256,512,aligned,ok,0.751953125
trillionlabs/Tri-0.5B-Base,11,0.4583333333333333,last_token,ko,ja,r5,256,512,delta,ok,0.072265625
trillionlabs/Tri-0.5B-Base,11,0.4583333333333333,last_token,ko,ja,r10,256,512,raw,ok,0.728515625
trillionlabs/Tri-0.5B-Base,11,0.4583333333333333,last_token,ko,ja,r10,256,512,aligned,ok,0.8203125
trillionlabs/Tri-0.5B-Base,11,0.4583333333333333,last_token,ko,ja,r10,256,512,delta,ok,0.091796875
trillionlabs/Tri-0.5B-Base,11,0.4583333333333333,last_token,ko,ja,mrr,256,512,raw,ok,0.5911281367458531
trillionlabs/Tri-0.5B-Base,11,0.4583333333333333,last_token,ko,ja,mrr,256,512,aligned,ok,0.6259076915908992
trillionlabs/Tri-0.5B-Base,11,0.4583333333333333,last_token,ko,ja,mrr,256,512,delta,ok,0.034779554845046134
trillionlabs/Tri-0.5B-Base,11,0.4583333333333333,last_token,ja,ko,r1,256,512,raw,ok,0.6171875
trillionlabs/Tri-0.5B-Base,11,0.4583333333333333,last_token,ja,ko,r1,256,512,aligned,ok,0.53125
trillionlabs/Tri-0.5B-Base,11,0.4583333333333333,last_token,ja,ko,r1,256,512,delta,ok,-0.0859375
trillionlabs/Tri-0.5B-Base,11,0.4583333333333333,last_token,ja,ko,r5,256,512,raw,ok,0.806640625
trillionlabs/Tri-0.5B-Base,11,0.4583333333333333,last_token,ja,ko,r5,256,512,aligned,ok,0.759765625
trillionlabs/Tri-0.5B-Base,11,0.4583333333333333,last_token,ja,ko,r5,256,512,delta,ok,-0.046875
trillionlabs/Tri-0.5B-Base,11,0.4583333333333333,last_token,ja,ko,r10,256,512,raw,ok,0.853515625
trillionlabs/Tri-0.5B-Base,11,0.4583333333333333,last_token,ja,ko,r10,256,512,aligned,ok,0.82421875
trillionlabs/Tri-0.5B-Base,11,0.4583333333333333,last_token,ja,ko,r10,256,512,delta,ok,-0.029296875
trillionlabs/Tri-0.5B-Base,11,0.4583333333333333,last_token,ja,ko,mrr,256,512,raw,ok,0.7013878977655719
trillionlabs/Tri-0.5B-Base,11,0.4583333333333333,last_token,ja,ko,mrr,256,512,aligned,ok,0.6318609953862971
trillionlabs/Tri-0.5B-Base,11,0.4583333333333333,last_token,ja,ko,mrr,256,512,delta,ok,-0.06952690237927472
trillionlabs/Tri-0.5B-Base,11,0.4583333333333333,last_token,ko,zh,r1,256,512,raw,ok,0.544921875
trillionlabs/Tri-0.5B-Base,11,0.4583333333333333,last_token,ko,zh,r1,256,512,aligned,ok,0.44921875
trillionlabs/Tri-0.5B-Base,11,0.4583333333333333,last_token,ko,zh,r1,256,512,delta,ok,-0.095703125
trillionlabs/Tri-0.5B-Base,11,0.4583333333333333,last_token,ko,zh,r5,256,512,raw,ok,0.734375
trillionlabs/Tri-0.5B-Base,11,0.4583333333333333,last_token,ko,zh,r5,256,512,aligned,ok,0.701171875
trillionlabs/Tri-0.5B-Base,11,0.4583333333333333,last_token,ko,zh,r5,256,512,delta,ok,-0.033203125
trillionlabs/Tri-0.5B-Base,11,0.4583333333333333,last_token,ko,zh,r10,256,512,raw,ok,0.775390625
trillionlabs/Tri-0.5B-Base,11,0.4583333333333333,last_token,ko,zh,r10,256,512,aligned,ok,0.791015625
trillionlabs/Tri-0.5B-Base,11,0.4583333333333333,last_token,ko,zh,r10,256,512,delta,ok,0.015625
trillionlabs/Tri-0.5B-Base,11,0.4583333333333333,last_token,ko,zh,mrr,256,512,raw,ok,0.62818944881155
trillionlabs/Tri-0.5B-Base,11,0.4583333333333333,last_token,ko,zh,mrr,256,512,aligned,ok,0.5648901644380295
trillionlabs/Tri-0.5B-Base,11,0.4583333333333333,last_token,ko,zh,mrr,256,512,delta,ok,-0.0632992843735205
trillionlabs/Tri-0.5B-Base,11,0.4583333333333333,last_token,zh,ko,r1,256,512,raw,ok,0.552734375
trillionlabs/Tri-0.5B-Base,11,0.4583333333333333,last_token,zh,ko,r1,256,512,aligned,ok,0.48046875
trillionlabs/Tri-0.5B-Base,11,0.4583333333333333,last_token,zh,ko,r1,256,512,delta,ok,-0.072265625
trillionlabs/Tri-0.5B-Base,11,0.4583333333333333,last_token,zh,ko,r5,256,512,raw,ok,0.71875
trillionlabs/Tri-0.5B-Base,11,0.4583333333333333,last_token,zh,ko,r5,256,512,aligned,ok,0.73046875
trillionlabs/Tri-0.5B-Base,11,0.4583333333333333,last_token,zh,ko,r5,256,512,delta,ok,0.01171875
trillionlabs/Tri-0.5B-Base,11,0.4583333333333333,last_token,zh,ko,r10,256,512,raw,ok,0.779296875
trillionlabs/Tri-0.5B-Base,11,0.4583333333333333,last_token,zh,ko,r10,256,512,aligned,ok,0.791015625
trillionlabs/Tri-0.5B-Base,11,0.4583333333333333,last_token,zh,ko,r10,256,512,delta,ok,0.01171875
trillionlabs/Tri-0.5B-Base,11,0.4583333333333333,last_token,zh,ko,mrr,256,512,raw,ok,0.6294553492916686
trillionlabs/Tri-0.5B-Base,11,0.4583333333333333,last_token,zh,ko,mrr,256,512,aligned,ok,0.5869742370076881
trillionlabs/Tri-0.5B-Base,11,0.4583333333333333,last_token,zh,ko,mrr,256,512,delta,ok,-0.04248111228398044
trillionlabs/Tri-0.5B-Base,11,0.4583333333333333,last_token,ja,zh,r1,256,512,raw,ok,0.56640625
trillionlabs/Tri-0.5B-Base,11,0.4583333333333333,last_token,ja,zh,r1,256,512,aligned,ok,0.431640625
trillionlabs/Tri-0.5B-Base,11,0.4583333333333333,last_token,ja,zh,r1,256,512,delta,ok,-0.134765625
trillionlabs/Tri-0.5B-Base,11,0.4583333333333333,last_token,ja,zh,r5,256,512,raw,ok,0.755859375
trillionlabs/Tri-0.5B-Base,11,0.4583333333333333,last_token,ja,zh,r5,256,512,aligned,ok,0.7109375
trillionlabs/Tri-0.5B-Base,11,0.4583333333333333,last_token,ja,zh,r5,256,512,delta,ok,-0.044921875
trillionlabs/Tri-0.5B-Base,11,0.4583333333333333,last_token,ja,zh,r10,256,512,raw,ok,0.798828125
trillionlabs/Tri-0.5B-Base,11,0.4583333333333333,last_token,ja,zh,r10,256,512,aligned,ok,0.80859375
trillionlabs/Tri-0.5B-Base,11,0.4583333333333333,last_token,ja,zh,r10,256,512,delta,ok,0.009765625
trillionlabs/Tri-0.5B-Base,11,0.4583333333333333,last_token,ja,zh,mrr,256,512,raw,ok,0.6512956934791447
trillionlabs/Tri-0.5B-Base,11,0.4583333333333333,last_token,ja,zh,mrr,256,512,aligned,ok,0.5569053182821837
trillionlabs/Tri-0.5B-Base,11,0.4583333333333333,last_token,ja,zh,mrr,256,512,delta,ok,-0.09439037519696103
trillionlabs/Tri-0.5B-Base,11,0.4583333333333333,last_token,zh,ja,r1,256,512,raw,ok,0.419921875
trillionlabs/Tri-0.5B-Base,11,0.4583333333333333,last_token,zh,ja,r1,256,512,aligned,ok,0.4375
trillionlabs/Tri-0.5B-Base,11,0.4583333333333333,last_token,zh,ja,r1,256,512,delta,ok,0.017578125
trillionlabs/Tri-0.5B-Base,11,0.4583333333333333,last_token,zh,ja,r5,256,512,raw,ok,0.634765625
trillionlabs/Tri-0.5B-Base,11,0.4583333333333333,last_token,zh,ja,r5,256,512,aligned,ok,0.73046875
trillionlabs/Tri-0.5B-Base,11,0.4583333333333333,last_token,zh,ja,r5,256,512,delta,ok,0.095703125
trillionlabs/Tri-0.5B-Base,11,0.4583333333333333,last_token,zh,ja,r10,256,512,raw,ok,0.68359375
trillionlabs/Tri-0.5B-Base,11,0.4583333333333333,last_token,zh,ja,r10,256,512,aligned,ok,0.810546875
trillionlabs/Tri-0.5B-Base,11,0.4583333333333333,last_token,zh,ja,r10,256,512,delta,ok,0.126953125
trillionlabs/Tri-0.5B-Base,11,0.4583333333333333,last_token,zh,ja,mrr,256,512,raw,ok,0.51467817691916
trillionlabs/Tri-0.5B-Base,11,0.4583333333333333,last_token,zh,ja,mrr,256,512,aligned,ok,0.5705536691667689
trillionlabs/Tri-0.5B-Base,11,0.4583333333333333,last_token,zh,ja,mrr,256,512,delta,ok,0.055875492247608904
trillionlabs/Tri-0.5B-Base,12,0.5,last_token,en,ko,r1,256,512,raw,ok,0.74609375
trillionlabs/Tri-0.5B-Base,12,0.5,last_token,en,ko,r1,256,512,aligned,ok,0.666015625
trillionlabs/Tri-0.5B-Base,12,0.5,last_token,en,ko,r1,256,512,delta,ok,-0.080078125
trillionlabs/Tri-0.5B-Base,12,0.5,last_token,en,ko,r5,256,512,raw,ok,0.865234375
trillionlabs/Tri-0.5B-Base,12,0.5,last_token,en,ko,r5,256,512,aligned,ok,0.849609375
trillionlabs/Tri-0.5B-Base,12,0.5,last_token,en,ko,r5,256,512,delta,ok,-0.015625
trillionlabs/Tri-0.5B-Base,12,0.5,last_token,en,ko,r10,256,512,raw,ok,0.890625
trillionlabs/Tri-0.5B-Base,12,0.5,last_token,en,ko,r10,256,512,aligned,ok,0.89453125
trillionlabs/Tri-0.5B-Base,12,0.5,last_token,en,ko,r10,256,512,delta,ok,0.00390625
trillionlabs/Tri-0.5B-Base,12,0.5,last_token,en,ko,mrr,256,512,raw,ok,0.7978691003507858
trillionlabs/Tri-0.5B-Base,12,0.5,last_token,en,ko,mrr,256,512,aligned,ok,0.7505431730116635
trillionlabs/Tri-0.5B-Base,12,0.5,last_token,en,ko,mrr,256,512,delta,ok,-0.04732592733912233
trillionlabs/Tri-0.5B-Base,12,0.5,last_token,ko,en,r1,256,512,raw,ok,0.701171875
trillionlabs/Tri-0.5B-Base,12,0.5,last_token,ko,en,r1,256,512,aligned,ok,0.6328125
trillionlabs/Tri-0.5B-Base,12,0.5,last_token,ko,en,r1,256,512,delta,ok,-0.068359375
trillionlabs/Tri-0.5B-Base,12,0.5,last_token,ko,en,r5,256,512,raw,ok,0.830078125
trillionlabs/Tri-0.5B-Base,12,0.5,last_token,ko,en,r5,256,512,aligned,ok,0.830078125
trillionlabs/Tri-0.5B-Base,12,0.5,last_token,ko,en,r5,256,512,delta,ok,0.0
trillionlabs/Tri-0.5B-Base,12,0.5,last_token,ko,en,r10,256,512,raw,ok,0.8671875
trillionlabs/Tri-0.5B-Base,12,0.5,last_token,ko,en,r10,256,512,aligned,ok,0.884765625
trillionlabs/Tri-0.5B-Base,12,0.5,last_token,ko,en,r10,256,512,delta,ok,0.017578125
trillionlabs/Tri-0.5B-Base,12,0.5,last_token,ko,en,mrr,256,512,raw,ok,0.7609292667034598
trillionlabs/Tri-0.5B-Base,12,0.5,last_token,ko,en,mrr,256,512,aligned,ok,0.7223434601812339
trillionlabs/Tri-0.5B-Base,12,0.5,last_token,ko,en,mrr,256,512,delta,ok,-0.038585806522225985
trillionlabs/Tri-0.5B-Base,12,0.5,last_token,en,ja,r1,256,512,raw,ok,0.595703125
trillionlabs/Tri-0.5B-Base,12,0.5,last_token,en,ja,r1,256,512,aligned,ok,0.625
trillionlabs/Tri-0.5B-Base,12,0.5,last_token,en,ja,r1,256,512,delta,ok,0.029296875
trillionlabs/Tri-0.5B-Base,12,0.5,last_token,en,ja,r5,256,512,raw,ok,0.767578125
trillionlabs/Tri-0.5B-Base,12,0.5,last_token,en,ja,r5,256,512,aligned,ok,0.884765625
trillionlabs/Tri-0.5B-Base,12,0.5,last_token,en,ja,r5,256,512,delta,ok,0.1171875
trillionlabs/Tri-0.5B-Base,12,0.5,last_token,en,ja,r10,256,512,raw,ok,0.833984375
trillionlabs/Tri-0.5B-Base,12,0.5,last_token,en,ja,r10,256,512,aligned,ok,0.931640625
trillionlabs/Tri-0.5B-Base,12,0.5,last_token,en,ja,r10,256,512,delta,ok,0.09765625
trillionlabs/Tri-0.5B-Base,12,0.5,last_token,en,ja,mrr,256,512,raw,ok,0.6803728322863518
trillionlabs/Tri-0.5B-Base,12,0.5,last_token,en,ja,mrr,256,512,aligned,ok,0.7327558620675483
trillionlabs/Tri-0.5B-Base,12,0.5,last_token,en,ja,mrr,256,512,delta,ok,0.052383029781196466
trillionlabs/Tri-0.5B-Base,12,0.5,last_token,ja,en,r1,256,512,raw,ok,0.69140625
trillionlabs/Tri-0.5B-Base,12,0.5,last_token,ja,en,r1,256,512,aligned,ok,0.634765625
trillionlabs/Tri-0.5B-Base,12,0.5,last_token,ja,en,r1,256,512,delta,ok,-0.056640625
trillionlabs/Tri-0.5B-Base,12,0.5,last_token,ja,en,r5,256,512,raw,ok,0.859375
trillionlabs/Tri-0.5B-Base,12,0.5,last_token,ja,en,r5,256,512,aligned,ok,0.884765625
trillionlabs/Tri-0.5B-Base,12,0.5,last_token,ja,en,r5,256,512,delta,ok,0.025390625
trillionlabs/Tri-0.5B-Base,12,0.5,last_token,ja,en,r10,256,512,raw,ok,0.896484375
trillionlabs/Tri-0.5B-Base,12,0.5,last_token,ja,en,r10,256,512,aligned,ok,0.931640625
trillionlabs/Tri-0.5B-Base,12,0.5,last_token,ja,en,r10,256,512,delta,ok,0.03515625
trillionlabs/Tri-0.5B-Base,12,0.5,last_token,ja,en,mrr,256,512,raw,ok,0.7636672953971505
trillionlabs/Tri-0.5B-Base,12,0.5,last_token,ja,en,mrr,256,512,aligned,ok,0.7427848593808826
trillionlabs/Tri-0.5B-Base,12,0.5,last_token,ja,en,mrr,256,512,delta,ok,-0.020882436016267936
trillionlabs/Tri-0.5B-Base,12,0.5,last_token,en,zh,r1,256,512,raw,ok,0.841796875
trillionlabs/Tri-0.5B-Base,12,0.5,last_token,en,zh,r1,256,512,aligned,ok,0.75
trillionlabs/Tri-0.5B-Base,12,0.5,last_token,en,zh,r1,256,512,delta,ok,-0.091796875
trillionlabs/Tri-0.5B-Base,12,0.5,last_token,en,zh,r5,256,512,raw,ok,0.921875
trillionlabs/Tri-0.5B-Base,12,0.5,last_token,en,zh,r5,256,512,aligned,ok,0.892578125
trillionlabs/Tri-0.5B-Base,12,0.5,last_token,en,zh,r5,256,512,delta,ok,-0.029296875
trillionlabs/Tri-0.5B-Base,12,0.5,last_token,en,zh,r10,256,512,raw,ok,0.94140625
trillionlabs/Tri-0.5B-Base,12,0.5,last_token,en,zh,r10,256,512,aligned,ok,0.947265625
trillionlabs/Tri-0.5B-Base,12,0.5,last_token,en,zh,r10,256,512,delta,ok,0.005859375
trillionlabs/Tri-0.5B-Base,12,0.5,last_token,en,zh,mrr,256,512,raw,ok,0.876436419938553
trillionlabs/Tri-0.5B-Base,12,0.5,last_token,en,zh,mrr,256,512,aligned,ok,0.8153619360635695
trillionlabs/Tri-0.5B-Base,12,0.5,last_token,en,zh,mrr,256,512,delta,ok,-0.06107448387498349
trillionlabs/Tri-0.5B-Base,12,0.5,last_token,zh,en,r1,256,512,raw,ok,0.79296875
trillionlabs/Tri-0.5B-Base,12,0.5,last_token,zh,en,r1,256,512,aligned,ok,0.763671875
trillionlabs/Tri-0.5B-Base,12,0.5,last_token,zh,en,r1,256,512,delta,ok,-0.029296875
trillionlabs/Tri-0.5B-Base,12,0.5,last_token,zh,en,r5,256,512,raw,ok,0.890625
trillionlabs/Tri-0.5B-Base,12,0.5,last_token,zh,en,r5,256,512,aligned,ok,0.91796875
trillionlabs/Tri-0.5B-Base,12,0.5,last_token,zh,en,r5,256,512,delta,ok,0.02734375
trillionlabs/Tri-0.5B-Base,12,0.5,last_token,zh,en,r10,256,512,raw,ok,0.927734375
trillionlabs/Tri-0.5B-Base,12,0.5,last_token,zh,en,r10,256,512,aligned,ok,0.94921875
trillionlabs/Tri-0.5B-Base,12,0.5,last_token,zh,en,r10,256,512,delta,ok,0.021484375
trillionlabs/Tri-0.5B-Base,12,0.5,last_token,zh,en,mrr,256,512,raw,ok,0.8404438122736457
trillionlabs/Tri-0.5B-Base,12,0.5,last_token,zh,en,mrr,256,512,aligned,ok,0.8298097498027057
trillionlabs/Tri-0.5B-Base,12,0.5,last_token,zh,en,mrr,256,512,delta,ok,-0.010634062470940009
trillionlabs/Tri-0.5B-Base,12,0.5,last_token,ko,ja,r1,256,512,raw,ok,0.58203125
trillionlabs/Tri-0.5B-Base,12,0.5,last_token,ko,ja,r1,256,512,aligned,ok,0.544921875
trillionlabs/Tri-0.5B-Base,12,0.5,last_token,ko,ja,r1,256,512,delta,ok,-0.037109375
trillionlabs/Tri-0.5B-Base,12,0.5,last_token,ko,ja,r5,256,512,raw,ok,0.728515625
trillionlabs/Tri-0.5B-Base,12,0.5,last_token,ko,ja,r5,256,512,aligned,ok,0.78125
trillionlabs/Tri-0.5B-Base,12,0.5,last_token,ko,ja,r5,256,512,delta,ok,0.052734375
trillionlabs/Tri-0.5B-Base,12,0.5,last_token,ko,ja,r10,256,512,raw,ok,0.796875
trillionlabs/Tri-0.5B-Base,12,0.5,last_token,ko,ja,r10,256,512,aligned,ok,0.830078125
trillionlabs/Tri-0.5B-Base,12,0.5,last_token,ko,ja,r10,256,512,delta,ok,0.033203125
trillionlabs/Tri-0.5B-Base,12,0.5,last_token,ko,ja,mrr,256,512,raw,ok,0.6508490626816523
trillionlabs/Tri-0.5B-Base,12,0.5,last_token,ko,ja,mrr,256,512,aligned,ok,0.6477051574133357
trillionlabs/Tri-0.5B-Base,12,0.5,last_token,ko,ja,mrr,256,512,delta,ok,-0.003143905268316649
trillionlabs/Tri-0.5B-Base,12,0.5,last_token,ja,ko,r1,256,512,raw,ok,0.666015625
trillionlabs/Tri-0.5B-Base,12,0.5,last_token,ja,ko,r1,256,512,aligned,ok,0.544921875
trillionlabs/Tri-0.5B-Base,12,0.5,last_token,ja,ko,r1,256,512,delta,ok,-0.12109375
trillionlabs/Tri-0.5B-Base,12,0.5,last_token,ja,ko,r5,256,512,raw,ok,0.83203125
trillionlabs/Tri-0.5B-Base,12,0.5,last_token,ja,ko,r5,256,512,aligned,ok,0.75
trillionlabs/Tri-0.5B-Base,12,0.5,last_token,ja,ko,r5,256,512,delta,ok,-0.08203125
trillionlabs/Tri-0.5B-Base,12,0.5,last_token,ja,ko,r10,256,512,raw,ok,0.86328125
trillionlabs/Tri-0.5B-Base,12,0.5,last_token,ja,ko,r10,256,512,aligned,ok,0.833984375
trillionlabs/Tri-0.5B-Base,12,0.5,last_token,ja,ko,r10,256,512,delta,ok,-0.029296875
trillionlabs/Tri-0.5B-Base,12,0.5,last_token,ja,ko,mrr,256,512,raw,ok,0.7376251492736959
trillionlabs/Tri-0.5B-Base,12,0.5,last_token,ja,ko,mrr,256,512,aligned,ok,0.6433181134063748
trillionlabs/Tri-0.5B-Base,12,0.5,last_token,ja,ko,mrr,256,512,delta,ok,-0.09430703586732114
trillionlabs/Tri-0.5B-Base,12,0.5,last_token,ko,zh,r1,256,512,raw,ok,0.599609375
trillionlabs/Tri-0.5B-Base,12,0.5,last_token,ko,zh,r1,256,512,aligned,ok,0.490234375
trillionlabs/Tri-0.5B-Base,12,0.5,last_token,ko,zh,r1,256,512,delta,ok,-0.109375
trillionlabs/Tri-0.5B-Base,12,0.5,last_token,ko,zh,r5,256,512,raw,ok,0.75390625
trillionlabs/Tri-0.5B-Base,12,0.5,last_token,ko,zh,r5,256,512,aligned,ok,0.732421875
trillionlabs/Tri-0.5B-Base,12,0.5,last_token,ko,zh,r5,256,512,delta,ok,-0.021484375
trillionlabs/Tri-0.5B-Base,12,0.5,last_token,ko,zh,r10,256,512,raw,ok,0.8046875
trillionlabs/Tri-0.5B-Base,12,0.5,last_token,ko,zh,r10,256,512,aligned,ok,0.8125
trillionlabs/Tri-0.5B-Base,12,0.5,last_token,ko,zh,r10,256,512,delta,ok,0.0078125
trillionlabs/Tri-0.5B-Base,12,0.5,last_token,ko,zh,mrr,256,512,raw,ok,0.6749571061174106
trillionlabs/Tri-0.5B-Base,12,0.5,last_token,ko,zh,mrr,256,512,aligned,ok,0.5995597336234665
trillionlabs/Tri-0.5B-Base,12,0.5,last_token,ko,zh,mrr,256,512,delta,ok,-0.07539737249394407
trillionlabs/Tri-0.5B-Base,12,0.5,last_token,zh,ko,r1,256,512,raw,ok,0.6015625
trillionlabs/Tri-0.5B-Base,12,0.5,last_token,zh,ko,r1,256,512,aligned,ok,0.513671875
trillionlabs/Tri-0.5B-Base,12,0.5,last_token,zh,ko,r1,256,512,delta,ok,-0.087890625
trillionlabs/Tri-0.5B-Base,12,0.5,last_token,zh,ko,r5,256,512,raw,ok,0.76953125
trillionlabs/Tri-0.5B-Base,12,0.5,last_token,zh,ko,r5,256,512,aligned,ok,0.734375
trillionlabs/Tri-0.5B-Base,12,0.5,last_token,zh,ko,r5,256,512,delta,ok,-0.03515625
trillionlabs/Tri-0.5B-Base,12,0.5,last_token,zh,ko,r10,256,512,raw,ok,0.80859375
trillionlabs/Tri-0.5B-Base,12,0.5,last_token,zh,ko,r10,256,512,aligned,ok,0.810546875
trillionlabs/Tri-0.5B-Base,12,0.5,last_token,zh,ko,r10,256,512,delta,ok,0.001953125
trillionlabs/Tri-0.5B-Base,12,0.5,last_token,zh,ko,mrr,256,512,raw,ok,0.6756620049780646
trillionlabs/Tri-0.5B-Base,12,0.5,last_token,zh,ko,mrr,256,512,aligned,ok,0.6204897656476966
trillionlabs/Tri-0.5B-Base,12,0.5,last_token,zh,ko,mrr,256,512,delta,ok,-0.05517223933036797
trillionlabs/Tri-0.5B-Base,12,0.5,last_token,ja,zh,r1,256,512,raw,ok,0.611328125
trillionlabs/Tri-0.5B-Base,12,0.5,last_token,ja,zh,r1,256,512,aligned,ok,0.4921875
trillionlabs/Tri-0.5B-Base,12,0.5,last_token,ja,zh,r1,256,512,delta,ok,-0.119140625
trillionlabs/Tri-0.5B-Base,12,0.5,last_token,ja,zh,r5,256,512,raw,ok,0.80078125
trillionlabs/Tri-0.5B-Base,12,0.5,last_token,ja,zh,r5,256,512,aligned,ok,0.775390625
trillionlabs/Tri-0.5B-Base,12,0.5,last_token,ja,zh,r5,256,512,delta,ok,-0.025390625
trillionlabs/Tri-0.5B-Base,12,0.5,last_token,ja,zh,r10,256,512,raw,ok,0.8359375
trillionlabs/Tri-0.5B-Base,12,0.5,last_token,ja,zh,r10,256,512,aligned,ok,0.859375
trillionlabs/Tri-0.5B-Base,12,0.5,last_token,ja,zh,r10,256,512,delta,ok,0.0234375
trillionlabs/Tri-0.5B-Base,12,0.5,last_token,ja,zh,mrr,256,512,raw,ok,0.6955457116267827
trillionlabs/Tri-0.5B-Base,12,0.5,last_token,ja,zh,mrr,256,512,aligned,ok,0.6158623007240649
trillionlabs/Tri-0.5B-Base,12,0.5,last_token,ja,zh,mrr,256,512,delta,ok,-0.0796834109027178
trillionlabs/Tri-0.5B-Base,12,0.5,last_token,zh,ja,r1,256,512,raw,ok,0.48828125
trillionlabs/Tri-0.5B-Base,12,0.5,last_token,zh,ja,r1,256,512,aligned,ok,0.51171875
trillionlabs/Tri-0.5B-Base,12,0.5,last_token,zh,ja,r1,256,512,delta,ok,0.0234375
trillionlabs/Tri-0.5B-Base,12,0.5,last_token,zh,ja,r5,256,512,raw,ok,0.689453125
trillionlabs/Tri-0.5B-Base,12,0.5,last_token,zh,ja,r5,256,512,aligned,ok,0.77734375
trillionlabs/Tri-0.5B-Base,12,0.5,last_token,zh,ja,r5,256,512,delta,ok,0.087890625
trillionlabs/Tri-0.5B-Base,12,0.5,last_token,zh,ja,r10,256,512,raw,ok,0.75
trillionlabs/Tri-0.5B-Base,12,0.5,last_token,zh,ja,r10,256,512,aligned,ok,0.84765625
trillionlabs/Tri-0.5B-Base,12,0.5,last_token,zh,ja,r10,256,512,delta,ok,0.09765625
trillionlabs/Tri-0.5B-Base,12,0.5,last_token,zh,ja,mrr,256,512,raw,ok,0.5844925934156263
trillionlabs/Tri-0.5B-Base,12,0.5,last_token,zh,ja,mrr,256,512,aligned,ok,0.6269665501558799
trillionlabs/Tri-0.5B-Base,12,0.5,last_token,zh,ja,mrr,256,512,delta,ok,0.04247395674025356
trillionlabs/Tri-0.5B-Base,13,0.5416666666666666,last_token,en,ko,r1,256,512,raw,ok,0.77734375
trillionlabs/Tri-0.5B-Base,13,0.5416666666666666,last_token,en,ko,r1,256,512,aligned,ok,0.701171875
trillionlabs/Tri-0.5B-Base,13,0.5416666666666666,last_token,en,ko,r1,256,512,delta,ok,-0.076171875
trillionlabs/Tri-0.5B-Base,13,0.5416666666666666,last_token,en,ko,r5,256,512,raw,ok,0.880859375
trillionlabs/Tri-0.5B-Base,13,0.5416666666666666,last_token,en,ko,r5,256,512,aligned,ok,0.869140625
trillionlabs/Tri-0.5B-Base,13,0.5416666666666666,last_token,en,ko,r5,256,512,delta,ok,-0.01171875
trillionlabs/Tri-0.5B-Base,13,0.5416666666666666,last_token,en,ko,r10,256,512,raw,ok,0.90234375
trillionlabs/Tri-0.5B-Base,13,0.5416666666666666,last_token,en,ko,r10,256,512,aligned,ok,0.904296875
trillionlabs/Tri-0.5B-Base,13,0.5416666666666666,last_token,en,ko,r10,256,512,delta,ok,0.001953125
trillionlabs/Tri-0.5B-Base,13,0.5416666666666666,last_token,en,ko,mrr,256,512,raw,ok,0.8199633264387267
trillionlabs/Tri-0.5B-Base,13,0.5416666666666666,last_token,en,ko,mrr,256,512,aligned,ok,0.7780234888127375
trillionlabs/Tri-0.5B-Base,13,0.5416666666666666,last_token,en,ko,mrr,256,512,delta,ok,-0.041939837625989185
trillionlabs/Tri-0.5B-Base,13,0.5416666666666666,last_token,ko,en,r1,256,512,raw,ok,0.728515625
trillionlabs/Tri-0.5B-Base,13,0.5416666666666666,last_token,ko,en,r1,256,512,aligned,ok,0.66796875
trillionlabs/Tri-0.5B-Base,13,0.5416666666666666,last_token,ko,en,r1,256,512,delta,ok,-0.060546875
trillionlabs/Tri-0.5B-Base,13,0.5416666666666666,last_token,ko,en,r5,256,512,raw,ok,0.857421875
trillionlabs/Tri-0.5B-Base,13,0.5416666666666666,last_token,ko,en,r5,256,512,aligned,ok,0.8515625
trillionlabs/Tri-0.5B-Base,13,0.5416666666666666,last_token,ko,en,r5,256,512,delta,ok,-0.005859375
trillionlabs/Tri-0.5B-Base,13,0.5416666666666666,last_token,ko,en,r10,256,512,raw,ok,0.888671875
trillionlabs/Tri-0.5B-Base,13,0.5416666666666666,last_token,ko,en,r10,256,512,aligned,ok,0.90625
trillionlabs/Tri-0.5B-Base,13,0.5416666666666666,last_token,ko,en,r10,256,512,delta,ok,0.017578125
trillionlabs/Tri-0.5B-Base,13,0.5416666666666666,last_token,ko,en,mrr,256,512,raw,ok,0.7899231556438528
trillionlabs/Tri-0.5B-Base,13,0.5416666666666666,last_token,ko,en,mrr,256,512,aligned,ok,0.7528833489472263
trillionlabs/Tri-0.5B-Base,13,0.5416666666666666,last_token,ko,en,mrr,256,512,delta,ok,-0.03703980669662654
trillionlabs/Tri-0.5B-Base,13,0.5416666666666666,last_token,en,ja,r1,256,512,raw,ok,0.642578125
trillionlabs/Tri-0.5B-Base,13,0.5416666666666666,last_token,en,ja,r1,256,512,aligned,ok,0.669921875
trillionlabs/Tri-0.5B-Base,13,0.5416666666666666,last_token,en,ja,r1,256,512,delta,ok,0.02734375
trillionlabs/Tri-0.5B-Base,13,0.5416666666666666,last_token,en,ja,r5,256,512,raw,ok,0.8203125
trillionlabs/Tri-0.5B-Base,13,0.5416666666666666,last_token,en,ja,r5,256,512,aligned,ok,0.91015625
trillionlabs/Tri-0.5B-Base,13,0.5416666666666666,last_token,en,ja,r5,256,512,delta,ok,0.08984375
trillionlabs/Tri-0.5B-Base,13,0.5416666666666666,last_token,en,ja,r10,256,512,raw,ok,0.873046875
trillionlabs/Tri-0.5B-Base,13,0.5416666666666666,last_token,en,ja,r10,256,512,aligned,ok,0.953125
trillionlabs/Tri-0.5B-Base,13,0.5416666666666666,last_token,en,ja,r10,256,512,delta,ok,0.080078125
trillionlabs/Tri-0.5B-Base,13,0.5416666666666666,last_token,en,ja,mrr,256,512,raw,ok,0.7213558485137807
trillionlabs/Tri-0.5B-Base,13,0.5416666666666666,last_token,en,ja,mrr,256,512,aligned,ok,0.7744846690608496
trillionlabs/Tri-0.5B-Base,13,0.5416666666666666,last_token,en,ja,mrr,256,512,delta,ok,0.05312882054706891
trillionlabs/Tri-0.5B-Base,13,0.5416666666666666,last_token,ja,en,r1,256,512,raw,ok,0.712890625
trillionlabs/Tri-0.5B-Base,13,0.5416666666666666,last_token,ja,en,r1,256,512,aligned,ok,0.6640625
trillionlabs/Tri-0.5B-Base,13,0.5416666666666666,last_token,ja,en,r1,256,512,delta,ok,-0.048828125
trillionlabs/Tri-0.5B-Base,13,0.5416666666666666,last_token,ja,en,r5,256,512,raw,ok,0.873046875
trillionlabs/Tri-0.5B-Base,13,0.5416666666666666,last_token,ja,en,r5,256,512,aligned,ok,0.8984375
trillionlabs/Tri-0.5B-Base,13,0.5416666666666666,last_token,ja,en,r5,256,512,delta,ok,0.025390625
trillionlabs/Tri-0.5B-Base,13,0.5416666666666666,last_token,ja,en,r10,256,512,raw,ok,0.908203125
trillionlabs/Tri-0.5B-Base,13,0.5416666666666666,last_token,ja,en,r10,256,512,aligned,ok,0.939453125
trillionlabs/Tri-0.5B-Base,13,0.5416666666666666,last_token,ja,en,r10,256,512,delta,ok,0.03125
trillionlabs/Tri-0.5B-Base,13,0.5416666666666666,last_token,ja,en,mrr,256,512,raw,ok,0.7834646141725774
trillionlabs/Tri-0.5B-Base,13,0.5416666666666666,last_token,ja,en,mrr,256,512,aligned,ok,0.7702900013280236
trillionlabs/Tri-0.5B-Base,13,0.5416666666666666,last_token,ja,en,mrr,256,512,delta,ok,-0.01317461284455379
trillionlabs/Tri-0.5B-Base,13,0.5416666666666666,last_token,en,zh,r1,256,512,raw,ok,0.837890625
trillionlabs/Tri-0.5B-Base,13,0.5416666666666666,last_token,en,zh,r1,256,512,aligned,ok,0.765625
trillionlabs/Tri-0.5B-Base,13,0.5416666666666666,last_token,en,zh,r1,256,512,delta,ok,-0.072265625
trillionlabs/Tri-0.5B-Base,13,0.5416666666666666,last_token,en,zh,r5,256,512,raw,ok,0.94140625
trillionlabs/Tri-0.5B-Base,13,0.5416666666666666,last_token,en,zh,r5,256,512,aligned,ok,0.912109375
trillionlabs/Tri-0.5B-Base,13,0.5416666666666666,last_token,en,zh,r5,256,512,delta,ok,-0.029296875
trillionlabs/Tri-0.5B-Base,13,0.5416666666666666,last_token,en,zh,r10,256,512,raw,ok,0.953125
trillionlabs/Tri-0.5B-Base,13,0.5416666666666666,last_token,en,zh,r10,256,512,aligned,ok,0.958984375
trillionlabs/Tri-0.5B-Base,13,0.5416666666666666,last_token,en,zh,r10,256,512,delta,ok,0.005859375
trillionlabs/Tri-0.5B-Base,13,0.5416666666666666,last_token,en,zh,mrr,256,512,raw,ok,0.8802458309420167
trillionlabs/Tri-0.5B-Base,13,0.5416666666666666,last_token,en,zh,mrr,256,512,aligned,ok,0.8358352443583927
trillionlabs/Tri-0.5B-Base,13,0.5416666666666666,last_token,en,zh,mrr,256,512,delta,ok,-0.04441058658362396
trillionlabs/Tri-0.5B-Base,13,0.5416666666666666,last_token,zh,en,r1,256,512,raw,ok,0.818359375
trillionlabs/Tri-0.5B-Base,13,0.5416666666666666,last_token,zh,en,r1,256,512,aligned,ok,0.783203125
trillionlabs/Tri-0.5B-Base,13,0.5416666666666666,last_token,zh,en,r1,256,512,delta,ok,-0.03515625
trillionlabs/Tri-0.5B-Base,13,0.5416666666666666,last_token,zh,en,r5,256,512,raw,ok,0.908203125
trillionlabs/Tri-0.5B-Base,13,0.5416666666666666,last_token,zh,en,r5,256,512,aligned,ok,0.9375
trillionlabs/Tri-0.5B-Base,13,0.5416666666666666,last_token,zh,en,r5,256,512,delta,ok,0.029296875
trillionlabs/Tri-0.5B-Base,13,0.5416666666666666,last_token,zh,en,r10,256,512,raw,ok,0.9296875
trillionlabs/Tri-0.5B-Base,13,0.5416666666666666,last_token,zh,en,r10,256,512,aligned,ok,0.95703125
trillionlabs/Tri-0.5B-Base,13,0.5416666666666666,last_token,zh,en,r10,256,512,delta,ok,0.02734375
trillionlabs/Tri-0.5B-Base,13,0.5416666666666666,last_token,zh,en,mrr,256,512,raw,ok,0.8593115787617782
trillionlabs/Tri-0.5B-Base,13,0.5416666666666666,last_token,zh,en,mrr,256,512,aligned,ok,0.8488733725852626
trillionlabs/Tri-0.5B-Base,13,0.5416666666666666,last_token,zh,en,mrr,256,512,delta,ok,-0.010438206176515585
trillionlabs/Tri-0.5B-Base,13,0.5416666666666666,last_token,ko,ja,r1,256,512,raw,ok,0.59375
trillionlabs/Tri-0.5B-Base,13,0.5416666666666666,last_token,ko,ja,r1,256,512,aligned,ok,0.576171875
trillionlabs/Tri-0.5B-Base,13,0.5416666666666666,last_token,ko,ja,r1,256,512,delta,ok,-0.017578125
trillionlabs/Tri-0.5B-Base,13,0.5416666666666666,last_token,ko,ja,r5,256,512,raw,ok,0.755859375
trillionlabs/Tri-0.5B-Base,13,0.5416666666666666,last_token,ko,ja,r5,256,512,aligned,ok,0.806640625
trillionlabs/Tri-0.5B-Base,13,0.5416666666666666,last_token,ko,ja,r5,256,512,delta,ok,0.05078125
trillionlabs/Tri-0.5B-Base,13,0.5416666666666666,last_token,ko,ja,r10,256,512,raw,ok,0.81640625
trillionlabs/Tri-0.5B-Base,13,0.5416666666666666,last_token,ko,ja,r10,256,512,aligned,ok,0.875
trillionlabs/Tri-0.5B-Base,13,0.5416666666666666,last_token,ko,ja,r10,256,512,delta,ok,0.05859375
trillionlabs/Tri-0.5B-Base,13,0.5416666666666666,last_token,ko,ja,mrr,256,512,raw,ok,0.67234954450818
trillionlabs/Tri-0.5B-Base,13,0.5416666666666666,last_token,ko,ja,mrr,256,512,aligned,ok,0.6773164922130601
trillionlabs/Tri-0.5B-Base,13,0.5416666666666666,last_token,ko,ja,mrr,256,512,delta,ok,0.004966947704880154
trillionlabs/Tri-0.5B-Base,13,0.5416666666666666,last_token,ja,ko,r1,256,512,raw,ok,0.689453125
trillionlabs/Tri-0.5B-Base,13,0.5416666666666666,last_token,ja,ko,r1,256,512,aligned,ok,0.587890625
trillionlabs/Tri-0.5B-Base,13,0.5416666666666666,last_token,ja,ko,r1,256,512,delta,ok,-0.1015625
trillionlabs/Tri-0.5B-Base,13,0.5416666666666666,last_token,ja,ko,r5,256,512,raw,ok,0.84375
trillionlabs/Tri-0.5B-Base,13,0.5416666666666666,last_token,ja,ko,r5,256,512,aligned,ok,0.8046875
trillionlabs/Tri-0.5B-Base,13,0.5416666666666666,last_token,ja,ko,r5,256,512,delta,ok,-0.0390625
trillionlabs/Tri-0.5B-Base,13,0.5416666666666666,last_token,ja,ko,r10,256,512,raw,ok,0.87109375
trillionlabs/Tri-0.5B-Base,13,0.5416666666666666,last_token,ja,ko,r10,256,512,aligned,ok,0.849609375
trillionlabs/Tri-0.5B-Base,13,0.5416666666666666,last_token,ja,ko,r10,256,512,delta,ok,-0.021484375
trillionlabs/Tri-0.5B-Base,13,0.5416666666666666,last_token,ja,ko,mrr,256,512,raw,ok,0.7584792791670989
trillionlabs/Tri-0.5B-Base,13,0.5416666666666666,last_token,ja,ko,mrr,256,512,aligned,ok,0.6900709693765084
trillionlabs/Tri-0.5B-Base,13,0.5416666666666666,last_token,ja,ko,mrr,256,512,delta,ok,-0.06840830979059054
trillionlabs/Tri-0.5B-Base,13,0.5416666666666666,last_token,ko,zh,r1,256,512,raw,ok,0.615234375
trillionlabs/Tri-0.5B-Base,13,0.5416666666666666,last_token,ko,zh,r1,256,512,aligned,ok,0.51171875
trillionlabs/Tri-0.5B-Base,13,0.5416666666666666,last_token,ko,zh,r1,256,512,delta,ok,-0.103515625
trillionlabs/Tri-0.5B-Base,13,0.5416666666666666,last_token,ko,zh,r5,256,512,raw,ok,0.80078125
trillionlabs/Tri-0.5B-Base,13,0.5416666666666666,last_token,ko,zh,r5,256,512,aligned,ok,0.775390625
trillionlabs/Tri-0.5B-Base,13,0.5416666666666666,last_token,ko,zh,r5,256,512,delta,ok,-0.025390625
trillionlabs/Tri-0.5B-Base,13,0.5416666666666666,last_token,ko,zh,r10,256,512,raw,ok,0.84765625
trillionlabs/Tri-0.5B-Base,13,0.5416666666666666,last_token,ko,zh,r10,256,512,aligned,ok,0.83984375
trillionlabs/Tri-0.5B-Base,13,0.5416666666666666,last_token,ko,zh,r10,256,512,delta,ok,-0.0078125
trillionlabs/Tri-0.5B-Base,13,0.5416666666666666,last_token,ko,zh,mrr,256,512,raw,ok,0.6994687967228634
trillionlabs/Tri-0.5B-Base,13,0.5416666666666666,last_token,ko,zh,mrr,256,512,aligned,ok,0.6243447494985112
trillionlabs/Tri-0.5B-Base,13,0.5416666666666666,last_token,ko,zh,mrr,256,512,delta,ok,-0.07512404722435229
trillionlabs/Tri-0.5B-Base,13,0.5416666666666666,last_token,zh,ko,r1,256,512,raw,ok,0.6328125
trillionlabs/Tri-0.5B-Base,13,0.5416666666666666,last_token,zh,ko,r1,256,512,aligned,ok,0.564453125
trillionlabs/Tri-0.5B-Base,13,0.5416666666666666,last_token,zh,ko,r1,256,512,delta,ok,-0.068359375
trillionlabs/Tri-0.5B-Base,13,0.5416666666666666,last_token,zh,ko,r5,256,512,raw,ok,0.78515625
trillionlabs/Tri-0.5B-Base,13,0.5416666666666666,last_token,zh,ko,r5,256,512,aligned,ok,0.78125
trillionlabs/Tri-0.5B-Base,13,0.5416666666666666,last_token,zh,ko,r5,256,512,delta,ok,-0.00390625
trillionlabs/Tri-0.5B-Base,13,0.5416666666666666,last_token,zh,ko,r10,256,512,raw,ok,0.837890625
trillionlabs/Tri-0.5B-Base,13,0.5416666666666666,last_token,zh,ko,r10,256,512,aligned,ok,0.83984375
trillionlabs/Tri-0.5B-Base,13,0.5416666666666666,last_token,zh,ko,r10,256,512,delta,ok,0.001953125
trillionlabs/Tri-0.5B-Base,13,0.5416666666666666,last_token,zh,ko,mrr,256,512,raw,ok,0.703487001689929
trillionlabs/Tri-0.5B-Base,13,0.5416666666666666,last_token,zh,ko,mrr,256,512,aligned,ok,0.6615366600117647
trillionlabs/Tri-0.5B-Base,13,0.5416666666666666,last_token,zh,ko,mrr,256,512,delta,ok,-0.04195034167816425
trillionlabs/Tri-0.5B-Base,13,0.5416666666666666,last_token,ja,zh,r1,256,512,raw,ok,0.658203125
trillionlabs/Tri-0.5B-Base,13,0.5416666666666666,last_token,ja,zh,r1,256,512,aligned,ok,0.5234375
trillionlabs/Tri-0.5B-Base,13,0.5416666666666666,last_token,ja,zh,r1,256,512,delta,ok,-0.134765625
trillionlabs/Tri-0.5B-Base,13,0.5416666666666666,last_token,ja,zh,r5,256,512,raw,ok,0.828125
trillionlabs/Tri-0.5B-Base,13,0.5416666666666666,last_token,ja,zh,r5,256,512,aligned,ok,0.8046875
trillionlabs/Tri-0.5B-Base,13,0.5416666666666666,last_token,ja,zh,r5,256,512,delta,ok,-0.0234375
trillionlabs/Tri-0.5B-Base,13,0.5416666666666666,last_token,ja,zh,r10,256,512,raw,ok,0.86328125
trillionlabs/Tri-0.5B-Base,13,0.5416666666666666,last_token,ja,zh,r10,256,512,aligned,ok,0.875
trillionlabs/Tri-0.5B-Base,13,0.5416666666666666,last_token,ja,zh,r10,256,512,delta,ok,0.01171875
trillionlabs/Tri-0.5B-Base,13,0.5416666666666666,last_token,ja,zh,mrr,256,512,raw,ok,0.7358639010941395
trillionlabs/Tri-0.5B-Base,13,0.5416666666666666,last_token,ja,zh,mrr,256,512,aligned,ok,0.640752685893573
trillionlabs/Tri-0.5B-Base,13,0.5416666666666666,last_token,ja,zh,mrr,256,512,delta,ok,-0.09511121520056642
trillionlabs/Tri-0.5B-Base,13,0.5416666666666666,last_token,zh,ja,r1,256,512,raw,ok,0.537109375
trillionlabs/Tri-0.5B-Base,13,0.5416666666666666,last_token,zh,ja,r1,256,512,aligned,ok,0.564453125
trillionlabs/Tri-0.5B-Base,13,0.5416666666666666,last_token,zh,ja,r1,256,512,delta,ok,0.02734375
trillionlabs/Tri-0.5B-Base,13,0.5416666666666666,last_token,zh,ja,r5,256,512,raw,ok,0.732421875
trillionlabs/Tri-0.5B-Base,13,0.5416666666666666,last_token,zh,ja,r5,256,512,aligned,ok,0.8125
trillionlabs/Tri-0.5B-Base,13,0.5416666666666666,last_token,zh,ja,r5,256,512,delta,ok,0.080078125
trillionlabs/Tri-0.5B-Base,13,0.5416666666666666,last_token,zh,ja,r10,256,512,raw,ok,0.783203125
trillionlabs/Tri-0.5B-Base,13,0.5416666666666666,last_token,zh,ja,r10,256,512,aligned,ok,0.865234375
trillionlabs/Tri-0.5B-Base,13,0.5416666666666666,last_token,zh,ja,r10,256,512,delta,ok,0.08203125
trillionlabs/Tri-0.5B-Base,13,0.5416666666666666,last_token,zh,ja,mrr,256,512,raw,ok,0.6268195337358339
trillionlabs/Tri-0.5B-Base,13,0.5416666666666666,last_token,zh,ja,mrr,256,512,aligned,ok,0.6729311251361545
trillionlabs/Tri-0.5B-Base,13,0.5416666666666666,last_token,zh,ja,mrr,256,512,delta,ok,0.04611159140032062
trillionlabs/Tri-0.5B-Base,14,0.5833333333333334,last_token,en,ko,r1,256,512,raw,ok,0.7578125
trillionlabs/Tri-0.5B-Base,14,0.5833333333333334,last_token,en,ko,r1,256,512,aligned,ok,0.69140625
trillionlabs/Tri-0.5B-Base,14,0.5833333333333334,last_token,en,ko,r1,256,512,delta,ok,-0.06640625
trillionlabs/Tri-0.5B-Base,14,0.5833333333333334,last_token,en,ko,r5,256,512,raw,ok,0.87109375
trillionlabs/Tri-0.5B-Base,14,0.5833333333333334,last_token,en,ko,r5,256,512,aligned,ok,0.861328125
trillionlabs/Tri-0.5B-Base,14,0.5833333333333334,last_token,en,ko,r5,256,512,delta,ok,-0.009765625
trillionlabs/Tri-0.5B-Base,14,0.5833333333333334,last_token,en,ko,r10,256,512,raw,ok,0.900390625
trillionlabs/Tri-0.5B-Base,14,0.5833333333333334,last_token,en,ko,r10,256,512,aligned,ok,0.90234375
trillionlabs/Tri-0.5B-Base,14,0.5833333333333334,last_token,en,ko,r10,256,512,delta,ok,0.001953125
trillionlabs/Tri-0.5B-Base,14,0.5833333333333334,last_token,en,ko,mrr,256,512,raw,ok,0.8066109528244159
trillionlabs/Tri-0.5B-Base,14,0.5833333333333334,last_token,en,ko,mrr,256,512,aligned,ok,0.7695740497844317
trillionlabs/Tri-0.5B-Base,14,0.5833333333333334,last_token,en,ko,mrr,256,512,delta,ok,-0.03703690303998419
trillionlabs/Tri-0.5B-Base,14,0.5833333333333334,last_token,ko,en,r1,256,512,raw,ok,0.7109375
trillionlabs/Tri-0.5B-Base,14,0.5833333333333334,last_token,ko,en,r1,256,512,aligned,ok,0.654296875
trillionlabs/Tri-0.5B-Base,14,0.5833333333333334,last_token,ko,en,r1,256,512,delta,ok,-0.056640625
trillionlabs/Tri-0.5B-Base,14,0.5833333333333334,last_token,ko,en,r5,256,512,raw,ok,0.849609375
trillionlabs/Tri-0.5B-Base,14,0.5833333333333334,last_token,ko,en,r5,256,512,aligned,ok,0.861328125
trillionlabs/Tri-0.5B-Base,14,0.5833333333333334,last_token,ko,en,r5,256,512,delta,ok,0.01171875
trillionlabs/Tri-0.5B-Base,14,0.5833333333333334,last_token,ko,en,r10,256,512,raw,ok,0.88671875
trillionlabs/Tri-0.5B-Base,14,0.5833333333333334,last_token,ko,en,r10,256,512,aligned,ok,0.904296875
trillionlabs/Tri-0.5B-Base,14,0.5833333333333334,last_token,ko,en,r10,256,512,delta,ok,0.017578125
trillionlabs/Tri-0.5B-Base,14,0.5833333333333334,last_token,ko,en,mrr,256,512,raw,ok,0.7723832414536973
trillionlabs/Tri-0.5B-Base,14,0.5833333333333334,last_token,ko,en,mrr,256,512,aligned,ok,0.748344237583586
trillionlabs/Tri-0.5B-Base,14,0.5833333333333334,last_token,ko,en,mrr,256,512,delta,ok,-0.024039003870111264
trillionlabs/Tri-0.5B-Base,14,0.5833333333333334,last_token,en,ja,r1,256,512,raw,ok,0.5859375
trillionlabs/Tri-0.5B-Base,14,0.5833333333333334,last_token,en,ja,r1,256,512,aligned,ok,0.646484375
trillionlabs/Tri-0.5B-Base,14,0.5833333333333334,last_token,en,ja,r1,256,512,delta,ok,0.060546875
trillionlabs/Tri-0.5B-Base,14,0.5833333333333334,last_token,en,ja,r5,256,512,raw,ok,0.765625
trillionlabs/Tri-0.5B-Base,14,0.5833333333333334,last_token,en,ja,r5,256,512,aligned,ok,0.87890625
trillionlabs/Tri-0.5B-Base,14,0.5833333333333334,last_token,en,ja,r5,256,512,delta,ok,0.11328125
trillionlabs/Tri-0.5B-Base,14,0.5833333333333334,last_token,en,ja,r10,256,512,raw,ok,0.818359375
trillionlabs/Tri-0.5B-Base,14,0.5833333333333334,last_token,en,ja,r10,256,512,aligned,ok,0.939453125
trillionlabs/Tri-0.5B-Base,14,0.5833333333333334,last_token,en,ja,r10,256,512,delta,ok,0.12109375
trillionlabs/Tri-0.5B-Base,14,0.5833333333333334,last_token,en,ja,mrr,256,512,raw,ok,0.6691921303876569
trillionlabs/Tri-0.5B-Base,14,0.5833333333333334,last_token,en,ja,mrr,256,512,aligned,ok,0.7512179683975975
trillionlabs/Tri-0.5B-Base,14,0.5833333333333334,last_token,en,ja,mrr,256,512,delta,ok,0.08202583800994057
trillionlabs/Tri-0.5B-Base,14,0.5833333333333334,last_token,ja,en,r1,256,512,raw,ok,0.685546875
trillionlabs/Tri-0.5B-Base,14,0.5833333333333334,last_token,ja,en,r1,256,512,aligned,ok,0.630859375
trillionlabs/Tri-0.5B-Base,14,0.5833333333333334,last_token,ja,en,r1,256,512,delta,ok,-0.0546875
trillionlabs/Tri-0.5B-Base,14,0.5833333333333334,last_token,ja,en,r5,256,512,raw,ok,0.84765625
trillionlabs/Tri-0.5B-Base,14,0.5833333333333334,last_token,ja,en,r5,256,512,aligned,ok,0.875
trillionlabs/Tri-0.5B-Base,14,0.5833333333333334,last_token,ja,en,r5,256,512,delta,ok,0.02734375
trillionlabs/Tri-0.5B-Base,14,0.5833333333333334,last_token,ja,en,r10,256,512,raw,ok,0.89453125
trillionlabs/Tri-0.5B-Base,14,0.5833333333333334,last_token,ja,en,r10,256,512,aligned,ok,0.939453125
trillionlabs/Tri-0.5B-Base,14,0.5833333333333334,last_token,ja,en,r10,256,512,delta,ok,0.044921875
trillionlabs/Tri-0.5B-Base,14,0.5833333333333334,last_token,ja,en,mrr,256,512,raw,ok,0.7621776799264142
trillionlabs/Tri-0.5B-Base,14,0.5833333333333334,last_token,ja,en,mrr,256,512,aligned,ok,0.7418687285506789
trillionlabs/Tri-0.5B-Base,14,0.5833333333333334,last_token,ja,en,mrr,256,512,delta,ok,-0.020308951375735296
trillionlabs/Tri-0.5B-Base,14,0.5833333333333334,last_token,en,zh,r1,256,512,raw,ok,0.810546875
trillionlabs/Tri-0.5B-Base,14,0.5833333333333334,last_token,en,zh,r1,256,512,aligned,ok,0.7578125
trillionlabs/Tri-0.5B-Base,14,0.5833333333333334,last_token,en,zh,r1,256,512,delta,ok,-0.052734375
trillionlabs/Tri-0.5B-Base,14,0.5833333333333334,last_token,en,zh,r5,256,512,raw,ok,0.9296875
trillionlabs/Tri-0.5B-Base,14,0.5833333333333334,last_token,en,zh,r5,256,512,aligned,ok,0.91796875
trillionlabs/Tri-0.5B-Base,14,0.5833333333333334,last_token,en,zh,r5,256,512,delta,ok,-0.01171875
trillionlabs/Tri-0.5B-Base,14,0.5833333333333334,last_token,en,zh,r10,256,512,raw,ok,0.9453125
trillionlabs/Tri-0.5B-Base,14,0.5833333333333334,last_token,en,zh,r10,256,512,aligned,ok,0.94921875
trillionlabs/Tri-0.5B-Base,14,0.5833333333333334,last_token,en,zh,r10,256,512,delta,ok,0.00390625
trillionlabs/Tri-0.5B-Base,14,0.5833333333333334,last_token,en,zh,mrr,256,512,raw,ok,0.8615893601707166
trillionlabs/Tri-0.5B-Base,14,0.5833333333333334,last_token,en,zh,mrr,256,512,aligned,ok,0.8307325565262321
trillionlabs/Tri-0.5B-Base,14,0.5833333333333334,last_token,en,zh,mrr,256,512,delta,ok,-0.03085680364448451
trillionlabs/Tri-0.5B-Base,14,0.5833333333333334,last_token,zh,en,r1,256,512,raw,ok,0.783203125
trillionlabs/Tri-0.5B-Base,14,0.5833333333333334,last_token,zh,en,r1,256,512,aligned,ok,0.765625
trillionlabs/Tri-0.5B-Base,14,0.5833333333333334,last_token,zh,en,r1,256,512,delta,ok,-0.017578125
trillionlabs/Tri-0.5B-Base,14,0.5833333333333334,last_token,zh,en,r5,256,512,raw,ok,0.884765625
trillionlabs/Tri-0.5B-Base,14,0.5833333333333334,last_token,zh,en,r5,256,512,aligned,ok,0.93359375
trillionlabs/Tri-0.5B-Base,14,0.5833333333333334,last_token,zh,en,r5,256,512,delta,ok,0.048828125
trillionlabs/Tri-0.5B-Base,14,0.5833333333333334,last_token,zh,en,r10,256,512,raw,ok,0.916015625
trillionlabs/Tri-0.5B-Base,14,0.5833333333333334,last_token,zh,en,r10,256,512,aligned,ok,0.951171875
trillionlabs/Tri-0.5B-Base,14,0.5833333333333334,last_token,zh,en,r10,256,512,delta,ok,0.03515625
trillionlabs/Tri-0.5B-Base,14,0.5833333333333334,last_token,zh,en,mrr,256,512,raw,ok,0.8299779750995678
trillionlabs/Tri-0.5B-Base,14,0.5833333333333334,last_token,zh,en,mrr,256,512,aligned,ok,0.8402012610803807
trillionlabs/Tri-0.5B-Base,14,0.5833333333333334,last_token,zh,en,mrr,256,512,delta,ok,0.010223285980812902
trillionlabs/Tri-0.5B-Base,14,0.5833333333333334,last_token,ko,ja,r1,256,512,raw,ok,0.5703125
trillionlabs/Tri-0.5B-Base,14,0.5833333333333334,last_token,ko,ja,r1,256,512,aligned,ok,0.576171875
trillionlabs/Tri-0.5B-Base,14,0.5833333333333334,last_token,ko,ja,r1,256,512,delta,ok,0.005859375
trillionlabs/Tri-0.5B-Base,14,0.5833333333333334,last_token,ko,ja,r5,256,512,raw,ok,0.71484375
trillionlabs/Tri-0.5B-Base,14,0.5833333333333334,last_token,ko,ja,r5,256,512,aligned,ok,0.79296875
trillionlabs/Tri-0.5B-Base,14,0.5833333333333334,last_token,ko,ja,r5,256,512,delta,ok,0.078125
trillionlabs/Tri-0.5B-Base,14,0.5833333333333334,last_token,ko,ja,r10,256,512,raw,ok,0.7734375
trillionlabs/Tri-0.5B-Base,14,0.5833333333333334,last_token,ko,ja,r10,256,512,aligned,ok,0.869140625
trillionlabs/Tri-0.5B-Base,14,0.5833333333333334,last_token,ko,ja,r10,256,512,delta,ok,0.095703125
trillionlabs/Tri-0.5B-Base,14,0.5833333333333334,last_token,ko,ja,mrr,256,512,raw,ok,0.6405915425314156
trillionlabs/Tri-0.5B-Base,14,0.5833333333333334,last_token,ko,ja,mrr,256,512,aligned,ok,0.6725918899712877
trillionlabs/Tri-0.5B-Base,14,0.5833333333333334,last_token,ko,ja,mrr,256,512,delta,ok,0.03200034743987212
trillionlabs/Tri-0.5B-Base,14,0.5833333333333334,last_token,ja,ko,r1,256,512,raw,ok,0.65234375
trillionlabs/Tri-0.5B-Base,14,0.5833333333333334,last_token,ja,ko,r1,256,512,aligned,ok,0.59765625
trillionlabs/Tri-0.5B-Base,14,0.5833333333333334,last_token,ja,ko,r1,256,512,delta,ok,-0.0546875
trillionlabs/Tri-0.5B-Base,14,0.5833333333333334,last_token,ja,ko,r5,256,512,raw,ok,0.83203125
trillionlabs/Tri-0.5B-Base,14,0.5833333333333334,last_token,ja,ko,r5,256,512,aligned,ok,0.79296875
trillionlabs/Tri-0.5B-Base,14,0.5833333333333334,last_token,ja,ko,r5,256,512,delta,ok,-0.0390625
trillionlabs/Tri-0.5B-Base,14,0.5833333333333334,last_token,ja,ko,r10,256,512,raw,ok,0.869140625
trillionlabs/Tri-0.5B-Base,14,0.5833333333333334,last_token,ja,ko,r10,256,512,aligned,ok,0.84765625
trillionlabs/Tri-0.5B-Base,14,0.5833333333333334,last_token,ja,ko,r10,256,512,delta,ok,-0.021484375
trillionlabs/Tri-0.5B-Base,14,0.5833333333333334,last_token,ja,ko,mrr,256,512,raw,ok,0.733087847500721
trillionlabs/Tri-0.5B-Base,14,0.5833333333333334,last_token,ja,ko,mrr,256,512,aligned,ok,0.6854182315409938
trillionlabs/Tri-0.5B-Base,14,0.5833333333333334,last_token,ja,ko,mrr,256,512,delta,ok,-0.047669615959727185
trillionlabs/Tri-0.5B-Base,14,0.5833333333333334,last_token,ko,zh,r1,256,512,raw,ok,0.61328125
trillionlabs/Tri-0.5B-Base,14,0.5833333333333334,last_token,ko,zh,r1,256,512,aligned,ok,0.5390625
trillionlabs/Tri-0.5B-Base,14,0.5833333333333334,last_token,ko,zh,r1,256,512,delta,ok,-0.07421875
trillionlabs/Tri-0.5B-Base,14,0.5833333333333334,last_token,ko,zh,r5,256,512,raw,ok,0.783203125
trillionlabs/Tri-0.5B-Base,14,0.5833333333333334,last_token,ko,zh,r5,256,512,aligned,ok,0.748046875
trillionlabs/Tri-0.5B-Base,14,0.5833333333333334,last_token,ko,zh,r5,256,512,delta,ok,-0.03515625
trillionlabs/Tri-0.5B-Base,14,0.5833333333333334,last_token,ko,zh,r10,256,512,raw,ok,0.83203125
trillionlabs/Tri-0.5B-Base,14,0.5833333333333334,last_token,ko,zh,r10,256,512,aligned,ok,0.8359375
trillionlabs/Tri-0.5B-Base,14,0.5833333333333334,last_token,ko,zh,r10,256,512,delta,ok,0.00390625
trillionlabs/Tri-0.5B-Base,14,0.5833333333333334,last_token,ko,zh,mrr,256,512,raw,ok,0.6932841403831733
trillionlabs/Tri-0.5B-Base,14,0.5833333333333334,last_token,ko,zh,mrr,256,512,aligned,ok,0.6364400626303901
trillionlabs/Tri-0.5B-Base,14,0.5833333333333334,last_token,ko,zh,mrr,256,512,delta,ok,-0.05684407775278322
trillionlabs/Tri-0.5B-Base,14,0.5833333333333334,last_token,zh,ko,r1,256,512,raw,ok,0.615234375
trillionlabs/Tri-0.5B-Base,14,0.5833333333333334,last_token,zh,ko,r1,256,512,aligned,ok,0.564453125
trillionlabs/Tri-0.5B-Base,14,0.5833333333333334,last_token,zh,ko,r1,256,512,delta,ok,-0.05078125
trillionlabs/Tri-0.5B-Base,14,0.5833333333333334,last_token,zh,ko,r5,256,512,raw,ok,0.771484375
trillionlabs/Tri-0.5B-Base,14,0.5833333333333334,last_token,zh,ko,r5,256,512,aligned,ok,0.779296875
trillionlabs/Tri-0.5B-Base,14,0.5833333333333334,last_token,zh,ko,r5,256,512,delta,ok,0.0078125
trillionlabs/Tri-0.5B-Base,14,0.5833333333333334,last_token,zh,ko,r10,256,512,raw,ok,0.833984375
trillionlabs/Tri-0.5B-Base,14,0.5833333333333334,last_token,zh,ko,r10,256,512,aligned,ok,0.84765625
trillionlabs/Tri-0.5B-Base,14,0.5833333333333334,last_token,zh,ko,r10,256,512,delta,ok,0.013671875
trillionlabs/Tri-0.5B-Base,14,0.5833333333333334,last_token,zh,ko,mrr,256,512,raw,ok,0.6878999317403578
trillionlabs/Tri-0.5B-Base,14,0.5833333333333334,last_token,zh,ko,mrr,256,512,aligned,ok,0.6598035112300475
trillionlabs/Tri-0.5B-Base,14,0.5833333333333334,last_token,zh,ko,mrr,256,512,delta,ok,-0.02809642051031025
trillionlabs/Tri-0.5B-Base,14,0.5833333333333334,last_token,ja,zh,r1,256,512,raw,ok,0.60546875
trillionlabs/Tri-0.5B-Base,14,0.5833333333333334,last_token,ja,zh,r1,256,512,aligned,ok,0.501953125
trillionlabs/Tri-0.5B-Base,14,0.5833333333333334,last_token,ja,zh,r1,256,512,delta,ok,-0.103515625
trillionlabs/Tri-0.5B-Base,14,0.5833333333333334,last_token,ja,zh,r5,256,512,raw,ok,0.8046875
trillionlabs/Tri-0.5B-Base,14,0.5833333333333334,last_token,ja,zh,r5,256,512,aligned,ok,0.771484375
trillionlabs/Tri-0.5B-Base,14,0.5833333333333334,last_token,ja,zh,r5,256,512,delta,ok,-0.033203125
trillionlabs/Tri-0.5B-Base,14,0.5833333333333334,last_token,ja,zh,r10,256,512,raw,ok,0.849609375
trillionlabs/Tri-0.5B-Base,14,0.5833333333333334,last_token,ja,zh,r10,256,512,aligned,ok,0.87109375
trillionlabs/Tri-0.5B-Base,14,0.5833333333333334,last_token,ja,zh,r10,256,512,delta,ok,0.021484375
trillionlabs/Tri-0.5B-Base,14,0.5833333333333334,last_token,ja,zh,mrr,256,512,raw,ok,0.6971072777742068
trillionlabs/Tri-0.5B-Base,14,0.5833333333333334,last_token,ja,zh,mrr,256,512,aligned,ok,0.623649870621887
trillionlabs/Tri-0.5B-Base,14,0.5833333333333334,last_token,ja,zh,mrr,256,512,delta,ok,-0.07345740715231974
trillionlabs/Tri-0.5B-Base,14,0.5833333333333334,last_token,zh,ja,r1,256,512,raw,ok,0.49609375
trillionlabs/Tri-0.5B-Base,14,0.5833333333333334,last_token,zh,ja,r1,256,512,aligned,ok,0.533203125
trillionlabs/Tri-0.5B-Base,14,0.5833333333333334,last_token,zh,ja,r1,256,512,delta,ok,0.037109375
trillionlabs/Tri-0.5B-Base,14,0.5833333333333334,last_token,zh,ja,r5,256,512,raw,ok,0.673828125
trillionlabs/Tri-0.5B-Base,14,0.5833333333333334,last_token,zh,ja,r5,256,512,aligned,ok,0.791015625
trillionlabs/Tri-0.5B-Base,14,0.5833333333333334,last_token,zh,ja,r5,256,512,delta,ok,0.1171875
trillionlabs/Tri-0.5B-Base,14,0.5833333333333334,last_token,zh,ja,r10,256,512,raw,ok,0.73046875
trillionlabs/Tri-0.5B-Base,14,0.5833333333333334,last_token,zh,ja,r10,256,512,aligned,ok,0.861328125
trillionlabs/Tri-0.5B-Base,14,0.5833333333333334,last_token,zh,ja,r10,256,512,delta,ok,0.130859375
trillionlabs/Tri-0.5B-Base,14,0.5833333333333334,last_token,zh,ja,mrr,256,512,raw,ok,0.5845818792956599
trillionlabs/Tri-0.5B-Base,14,0.5833333333333334,last_token,zh,ja,mrr,256,512,aligned,ok,0.6497817836031028
trillionlabs/Tri-0.5B-Base,14,0.5833333333333334,last_token,zh,ja,mrr,256,512,delta,ok,0.06519990430744294
trillionlabs/Tri-0.5B-Base,15,0.625,last_token,en,ko,r1,256,512,raw,ok,0.70703125
trillionlabs/Tri-0.5B-Base,15,0.625,last_token,en,ko,r1,256,512,aligned,ok,0.677734375
trillionlabs/Tri-0.5B-Base,15,0.625,last_token,en,ko,r1,256,512,delta,ok,-0.029296875
trillionlabs/Tri-0.5B-Base,15,0.625,last_token,en,ko,r5,256,512,raw,ok,0.853515625
trillionlabs/Tri-0.5B-Base,15,0.625,last_token,en,ko,r5,256,512,aligned,ok,0.861328125
trillionlabs/Tri-0.5B-Base,15,0.625,last_token,en,ko,r5,256,512,delta,ok,0.0078125
trillionlabs/Tri-0.5B-Base,15,0.625,last_token,en,ko,r10,256,512,raw,ok,0.884765625
trillionlabs/Tri-0.5B-Base,15,0.625,last_token,en,ko,r10,256,512,aligned,ok,0.8984375
trillionlabs/Tri-0.5B-Base,15,0.625,last_token,en,ko,r10,256,512,delta,ok,0.013671875
trillionlabs/Tri-0.5B-Base,15,0.625,last_token,en,ko,mrr,256,512,raw,ok,0.7696079013452879
trillionlabs/Tri-0.5B-Base,15,0.625,last_token,en,ko,mrr,256,512,aligned,ok,0.7594126162774069
trillionlabs/Tri-0.5B-Base,15,0.625,last_token,en,ko,mrr,256,512,delta,ok,-0.010195285067881033
trillionlabs/Tri-0.5B-Base,15,0.625,last_token,ko,en,r1,256,512,raw,ok,0.689453125
trillionlabs/Tri-0.5B-Base,15,0.625,last_token,ko,en,r1,256,512,aligned,ok,0.6875
trillionlabs/Tri-0.5B-Base,15,0.625,last_token,ko,en,r1,256,512,delta,ok,-0.001953125
trillionlabs/Tri-0.5B-Base,15,0.625,last_token,ko,en,r5,256,512,raw,ok,0.84375
trillionlabs/Tri-0.5B-Base,15,0.625,last_token,ko,en,r5,256,512,aligned,ok,0.857421875
trillionlabs/Tri-0.5B-Base,15,0.625,last_token,ko,en,r5,256,512,delta,ok,0.013671875
trillionlabs/Tri-0.5B-Base,15,0.625,last_token,ko,en,r10,256,512,raw,ok,0.890625
trillionlabs/Tri-0.5B-Base,15,0.625,last_token,ko,en,r10,256,512,aligned,ok,0.912109375
trillionlabs/Tri-0.5B-Base,15,0.625,last_token,ko,en,r10,256,512,delta,ok,0.021484375
trillionlabs/Tri-0.5B-Base,15,0.625,last_token,ko,en,mrr,256,512,raw,ok,0.7622996447654897
trillionlabs/Tri-0.5B-Base,15,0.625,last_token,ko,en,mrr,256,512,aligned,ok,0.766129661185785
trillionlabs/Tri-0.5B-Base,15,0.625,last_token,ko,en,mrr,256,512,delta,ok,0.0038300164202952347
trillionlabs/Tri-0.5B-Base,15,0.625,last_token,en,ja,r1,256,512,raw,ok,0.48046875
trillionlabs/Tri-0.5B-Base,15,0.625,last_token,en,ja,r1,256,512,aligned,ok,0.62890625
trillionlabs/Tri-0.5B-Base,15,0.625,last_token,en,ja,r1,256,512,delta,ok,0.1484375
trillionlabs/Tri-0.5B-Base,15,0.625,last_token,en,ja,r5,256,512,raw,ok,0.66015625
trillionlabs/Tri-0.5B-Base,15,0.625,last_token,en,ja,r5,256,512,aligned,ok,0.87890625
trillionlabs/Tri-0.5B-Base,15,0.625,last_token,en,ja,r5,256,512,delta,ok,0.21875
trillionlabs/Tri-0.5B-Base,15,0.625,last_token,en,ja,r10,256,512,raw,ok,0.744140625
trillionlabs/Tri-0.5B-Base,15,0.625,last_token,en,ja,r10,256,512,aligned,ok,0.93359375
trillionlabs/Tri-0.5B-Base,15,0.625,last_token,en,ja,r10,256,512,delta,ok,0.189453125
trillionlabs/Tri-0.5B-Base,15,0.625,last_token,en,ja,mrr,256,512,raw,ok,0.5710431905113457
trillionlabs/Tri-0.5B-Base,15,0.625,last_token,en,ja,mrr,256,512,aligned,ok,0.7367130029640732
trillionlabs/Tri-0.5B-Base,15,0.625,last_token,en,ja,mrr,256,512,delta,ok,0.1656698124527275
trillionlabs/Tri-0.5B-Base,15,0.625,last_token,ja,en,r1,256,512,raw,ok,0.671875
trillionlabs/Tri-0.5B-Base,15,0.625,last_token,ja,en,r1,256,512,aligned,ok,0.66796875
trillionlabs/Tri-0.5B-Base,15,0.625,last_token,ja,en,r1,256,512,delta,ok,-0.00390625
trillionlabs/Tri-0.5B-Base,15,0.625,last_token,ja,en,r5,256,512,raw,ok,0.84375
trillionlabs/Tri-0.5B-Base,15,0.625,last_token,ja,en,r5,256,512,aligned,ok,0.880859375
trillionlabs/Tri-0.5B-Base,15,0.625,last_token,ja,en,r5,256,512,delta,ok,0.037109375
trillionlabs/Tri-0.5B-Base,15,0.625,last_token,ja,en,r10,256,512,raw,ok,0.888671875
trillionlabs/Tri-0.5B-Base,15,0.625,last_token,ja,en,r10,256,512,aligned,ok,0.927734375
trillionlabs/Tri-0.5B-Base,15,0.625,last_token,ja,en,r10,256,512,delta,ok,0.0390625
trillionlabs/Tri-0.5B-Base,15,0.625,last_token,ja,en,mrr,256,512,raw,ok,0.7490241070448882
trillionlabs/Tri-0.5B-Base,15,0.625,last_token,ja,en,mrr,256,512,aligned,ok,0.7604671984373116
trillionlabs/Tri-0.5B-Base,15,0.625,last_token,ja,en,mrr,256,512,delta,ok,0.011443091392423388
trillionlabs/Tri-0.5B-Base,15,0.625,last_token,en,zh,r1,256,512,raw,ok,0.78515625
trillionlabs/Tri-0.5B-Base,15,0.625,last_token,en,zh,r1,256,512,aligned,ok,0.744140625
trillionlabs/Tri-0.5B-Base,15,0.625,last_token,en,zh,r1,256,512,delta,ok,-0.041015625
trillionlabs/Tri-0.5B-Base,15,0.625,last_token,en,zh,r5,256,512,raw,ok,0.908203125
trillionlabs/Tri-0.5B-Base,15,0.625,last_token,en,zh,r5,256,512,aligned,ok,0.916015625
trillionlabs/Tri-0.5B-Base,15,0.625,last_token,en,zh,r5,256,512,delta,ok,0.0078125
trillionlabs/Tri-0.5B-Base,15,0.625,last_token,en,zh,r10,256,512,raw,ok,0.935546875
trillionlabs/Tri-0.5B-Base,15,0.625,last_token,en,zh,r10,256,512,aligned,ok,0.94921875
trillionlabs/Tri-0.5B-Base,15,0.625,last_token,en,zh,r10,256,512,delta,ok,0.013671875
trillionlabs/Tri-0.5B-Base,15,0.625,last_token,en,zh,mrr,256,512,raw,ok,0.8436379896758714
trillionlabs/Tri-0.5B-Base,15,0.625,last_token,en,zh,mrr,256,512,aligned,ok,0.8229772829241371
trillionlabs/Tri-0.5B-Base,15,0.625,last_token,en,zh,mrr,256,512,delta,ok,-0.02066070675173437
trillionlabs/Tri-0.5B-Base,15,0.625,last_token,zh,en,r1,256,512,raw,ok,0.77734375
trillionlabs/Tri-0.5B-Base,15,0.625,last_token,zh,en,r1,256,512,aligned,ok,0.787109375
trillionlabs/Tri-0.5B-Base,15,0.625,last_token,zh,en,r1,256,512,delta,ok,0.009765625
trillionlabs/Tri-0.5B-Base,15,0.625,last_token,zh,en,r5,256,512,raw,ok,0.888671875
trillionlabs/Tri-0.5B-Base,15,0.625,last_token,zh,en,r5,256,512,aligned,ok,0.93359375
trillionlabs/Tri-0.5B-Base,15,0.625,last_token,zh,en,r5,256,512,delta,ok,0.044921875
trillionlabs/Tri-0.5B-Base,15,0.625,last_token,zh,en,r10,256,512,raw,ok,0.927734375
trillionlabs/Tri-0.5B-Base,15,0.625,last_token,zh,en,r10,256,512,aligned,ok,0.962890625
trillionlabs/Tri-0.5B-Base,15,0.625,last_token,zh,en,r10,256,512,delta,ok,0.03515625
trillionlabs/Tri-0.5B-Base,15,0.625,last_token,zh,en,mrr,256,512,raw,ok,0.8291821366431398
trillionlabs/Tri-0.5B-Base,15,0.625,last_token,zh,en,mrr,256,512,aligned,ok,0.8521185138442939
trillionlabs/Tri-0.5B-Base,15,0.625,last_token,zh,en,mrr,256,512,delta,ok,0.022936377201154157
trillionlabs/Tri-0.5B-Base,15,0.625,last_token,ko,ja,r1,256,512,raw,ok,0.55078125
trillionlabs/Tri-0.5B-Base,15,0.625,last_token,ko,ja,r1,256,512,aligned,ok,0.583984375
trillionlabs/Tri-0.5B-Base,15,0.625,last_token,ko,ja,r1,256,512,delta,ok,0.033203125
trillionlabs/Tri-0.5B-Base,15,0.625,last_token,ko,ja,r5,256,512,raw,ok,0.6875
trillionlabs/Tri-0.5B-Base,15,0.625,last_token,ko,ja,r5,256,512,aligned,ok,0.802734375
trillionlabs/Tri-0.5B-Base,15,0.625,last_token,ko,ja,r5,256,512,delta,ok,0.115234375
trillionlabs/Tri-0.5B-Base,15,0.625,last_token,ko,ja,r10,256,512,raw,ok,0.75
trillionlabs/Tri-0.5B-Base,15,0.625,last_token,ko,ja,r10,256,512,aligned,ok,0.86328125
trillionlabs/Tri-0.5B-Base,15,0.625,last_token,ko,ja,r10,256,512,delta,ok,0.11328125
trillionlabs/Tri-0.5B-Base,15,0.625,last_token,ko,ja,mrr,256,512,raw,ok,0.6185657848948422
trillionlabs/Tri-0.5B-Base,15,0.625,last_token,ko,ja,mrr,256,512,aligned,ok,0.6830319587137086
trillionlabs/Tri-0.5B-Base,15,0.625,last_token,ko,ja,mrr,256,512,delta,ok,0.06446617381886643
trillionlabs/Tri-0.5B-Base,15,0.625,last_token,ja,ko,r1,256,512,raw,ok,0.658203125
trillionlabs/Tri-0.5B-Base,15,0.625,last_token,ja,ko,r1,256,512,aligned,ok,0.583984375
trillionlabs/Tri-0.5B-Base,15,0.625,last_token,ja,ko,r1,256,512,delta,ok,-0.07421875
trillionlabs/Tri-0.5B-Base,15,0.625,last_token,ja,ko,r5,256,512,raw,ok,0.830078125
trillionlabs/Tri-0.5B-Base,15,0.625,last_token,ja,ko,r5,256,512,aligned,ok,0.787109375
trillionlabs/Tri-0.5B-Base,15,0.625,last_token,ja,ko,r5,256,512,delta,ok,-0.04296875
trillionlabs/Tri-0.5B-Base,15,0.625,last_token,ja,ko,r10,256,512,raw,ok,0.869140625
trillionlabs/Tri-0.5B-Base,15,0.625,last_token,ja,ko,r10,256,512,aligned,ok,0.837890625
trillionlabs/Tri-0.5B-Base,15,0.625,last_token,ja,ko,r10,256,512,delta,ok,-0.03125
trillionlabs/Tri-0.5B-Base,15,0.625,last_token,ja,ko,mrr,256,512,raw,ok,0.7358435056065233
trillionlabs/Tri-0.5B-Base,15,0.625,last_token,ja,ko,mrr,256,512,aligned,ok,0.6758075493438618
trillionlabs/Tri-0.5B-Base,15,0.625,last_token,ja,ko,mrr,256,512,delta,ok,-0.06003595626266156
trillionlabs/Tri-0.5B-Base,15,0.625,last_token,ko,zh,r1,256,512,raw,ok,0.615234375
trillionlabs/Tri-0.5B-Base,15,0.625,last_token,ko,zh,r1,256,512,aligned,ok,0.55078125
trillionlabs/Tri-0.5B-Base,15,0.625,last_token,ko,zh,r1,256,512,delta,ok,-0.064453125
trillionlabs/Tri-0.5B-Base,15,0.625,last_token,ko,zh,r5,256,512,raw,ok,0.787109375
trillionlabs/Tri-0.5B-Base,15,0.625,last_token,ko,zh,r5,256,512,aligned,ok,0.75390625
trillionlabs/Tri-0.5B-Base,15,0.625,last_token,ko,zh,r5,256,512,delta,ok,-0.033203125
trillionlabs/Tri-0.5B-Base,15,0.625,last_token,ko,zh,r10,256,512,raw,ok,0.833984375
trillionlabs/Tri-0.5B-Base,15,0.625,last_token,ko,zh,r10,256,512,aligned,ok,0.83203125
trillionlabs/Tri-0.5B-Base,15,0.625,last_token,ko,zh,r10,256,512,delta,ok,-0.001953125
trillionlabs/Tri-0.5B-Base,15,0.625,last_token,ko,zh,mrr,256,512,raw,ok,0.6946959133323244
trillionlabs/Tri-0.5B-Base,15,0.625,last_token,ko,zh,mrr,256,512,aligned,ok,0.649168962180382
trillionlabs/Tri-0.5B-Base,15,0.625,last_token,ko,zh,mrr,256,512,delta,ok,-0.045526951151942385
trillionlabs/Tri-0.5B-Base,15,0.625,last_token,zh,ko,r1,256,512,raw,ok,0.595703125
trillionlabs/Tri-0.5B-Base,15,0.625,last_token,zh,ko,r1,256,512,aligned,ok,0.5703125
trillionlabs/Tri-0.5B-Base,15,0.625,last_token,zh,ko,r1,256,512,delta,ok,-0.025390625
trillionlabs/Tri-0.5B-Base,15,0.625,last_token,zh,ko,r5,256,512,raw,ok,0.76953125
trillionlabs/Tri-0.5B-Base,15,0.625,last_token,zh,ko,r5,256,512,aligned,ok,0.78125
trillionlabs/Tri-0.5B-Base,15,0.625,last_token,zh,ko,r5,256,512,delta,ok,0.01171875
trillionlabs/Tri-0.5B-Base,15,0.625,last_token,zh,ko,r10,256,512,raw,ok,0.818359375
trillionlabs/Tri-0.5B-Base,15,0.625,last_token,zh,ko,r10,256,512,aligned,ok,0.83984375
trillionlabs/Tri-0.5B-Base,15,0.625,last_token,zh,ko,r10,256,512,delta,ok,0.021484375
trillionlabs/Tri-0.5B-Base,15,0.625,last_token,zh,ko,mrr,256,512,raw,ok,0.6765458694471619
trillionlabs/Tri-0.5B-Base,15,0.625,last_token,zh,ko,mrr,256,512,aligned,ok,0.66662311229971
trillionlabs/Tri-0.5B-Base,15,0.625,last_token,zh,ko,mrr,256,512,delta,ok,-0.009922757147451833
trillionlabs/Tri-0.5B-Base,15,0.625,last_token,ja,zh,r1,256,512,raw,ok,0.58984375
trillionlabs/Tri-0.5B-Base,15,0.625,last_token,ja,zh,r1,256,512,aligned,ok,0.5234375
trillionlabs/Tri-0.5B-Base,15,0.625,last_token,ja,zh,r1,256,512,delta,ok,-0.06640625
trillionlabs/Tri-0.5B-Base,15,0.625,last_token,ja,zh,r5,256,512,raw,ok,0.80859375
trillionlabs/Tri-0.5B-Base,15,0.625,last_token,ja,zh,r5,256,512,aligned,ok,0.787109375
trillionlabs/Tri-0.5B-Base,15,0.625,last_token,ja,zh,r5,256,512,delta,ok,-0.021484375
trillionlabs/Tri-0.5B-Base,15,0.625,last_token,ja,zh,r10,256,512,raw,ok,0.8515625
trillionlabs/Tri-0.5B-Base,15,0.625,last_token,ja,zh,r10,256,512,aligned,ok,0.873046875
trillionlabs/Tri-0.5B-Base,15,0.625,last_token,ja,zh,r10,256,512,delta,ok,0.021484375
trillionlabs/Tri-0.5B-Base,15,0.625,last_token,ja,zh,mrr,256,512,raw,ok,0.6900802329729225
trillionlabs/Tri-0.5B-Base,15,0.625,last_token,ja,zh,mrr,256,512,aligned,ok,0.6437491341295616
trillionlabs/Tri-0.5B-Base,15,0.625,last_token,ja,zh,mrr,256,512,delta,ok,-0.04633109884336095
trillionlabs/Tri-0.5B-Base,15,0.625,last_token,zh,ja,r1,256,512,raw,ok,0.427734375
trillionlabs/Tri-0.5B-Base,15,0.625,last_token,zh,ja,r1,256,512,aligned,ok,0.5390625
trillionlabs/Tri-0.5B-Base,15,0.625,last_token,zh,ja,r1,256,512,delta,ok,0.111328125
trillionlabs/Tri-0.5B-Base,15,0.625,last_token,zh,ja,r5,256,512,raw,ok,0.634765625
trillionlabs/Tri-0.5B-Base,15,0.625,last_token,zh,ja,r5,256,512,aligned,ok,0.80859375
trillionlabs/Tri-0.5B-Base,15,0.625,last_token,zh,ja,r5,256,512,delta,ok,0.173828125
trillionlabs/Tri-0.5B-Base,15,0.625,last_token,zh,ja,r10,256,512,raw,ok,0.693359375
trillionlabs/Tri-0.5B-Base,15,0.625,last_token,zh,ja,r10,256,512,aligned,ok,0.865234375
trillionlabs/Tri-0.5B-Base,15,0.625,last_token,zh,ja,r10,256,512,delta,ok,0.171875
trillionlabs/Tri-0.5B-Base,15,0.625,last_token,zh,ja,mrr,256,512,raw,ok,0.5251161047154858
trillionlabs/Tri-0.5B-Base,15,0.625,last_token,zh,ja,mrr,256,512,aligned,ok,0.6583428372535918
trillionlabs/Tri-0.5B-Base,15,0.625,last_token,zh,ja,mrr,256,512,delta,ok,0.13322673253810602
trillionlabs/Tri-0.5B-Base,16,0.6666666666666666,last_token,en,ko,r1,256,512,raw,ok,0.7421875
trillionlabs/Tri-0.5B-Base,16,0.6666666666666666,last_token,en,ko,r1,256,512,aligned,ok,0.712890625
trillionlabs/Tri-0.5B-Base,16,0.6666666666666666,last_token,en,ko,r1,256,512,delta,ok,-0.029296875
trillionlabs/Tri-0.5B-Base,16,0.6666666666666666,last_token,en,ko,r5,256,512,raw,ok,0.875
trillionlabs/Tri-0.5B-Base,16,0.6666666666666666,last_token,en,ko,r5,256,512,aligned,ok,0.888671875
trillionlabs/Tri-0.5B-Base,16,0.6666666666666666,last_token,en,ko,r5,256,512,delta,ok,0.013671875
trillionlabs/Tri-0.5B-Base,16,0.6666666666666666,last_token,en,ko,r10,256,512,raw,ok,0.90234375
trillionlabs/Tri-0.5B-Base,16,0.6666666666666666,last_token,en,ko,r10,256,512,aligned,ok,0.908203125
trillionlabs/Tri-0.5B-Base,16,0.6666666666666666,last_token,en,ko,r10,256,512,delta,ok,0.005859375
trillionlabs/Tri-0.5B-Base,16,0.6666666666666666,last_token,en,ko,mrr,256,512,raw,ok,0.8029470868980739
trillionlabs/Tri-0.5B-Base,16,0.6666666666666666,last_token,en,ko,mrr,256,512,aligned,ok,0.7870390427932792
trillionlabs/Tri-0.5B-Base,16,0.6666666666666666,last_token,en,ko,mrr,256,512,delta,ok,-0.01590804410479474
trillionlabs/Tri-0.5B-Base,16,0.6666666666666666,last_token,ko,en,r1,256,512,raw,ok,0.71484375
trillionlabs/Tri-0.5B-Base,16,0.6666666666666666,last_token,ko,en,r1,256,512,aligned,ok,0.70703125
trillionlabs/Tri-0.5B-Base,16,0.6666666666666666,last_token,ko,en,r1,256,512,delta,ok,-0.0078125
trillionlabs/Tri-0.5B-Base,16,0.6666666666666666,last_token,ko,en,r5,256,512,raw,ok,0.853515625
trillionlabs/Tri-0.5B-Base,16,0.6666666666666666,last_token,ko,en,r5,256,512,aligned,ok,0.880859375
trillionlabs/Tri-0.5B-Base,16,0.6666666666666666,last_token,ko,en,r5,256,512,delta,ok,0.02734375
trillionlabs/Tri-0.5B-Base,16,0.6666666666666666,last_token,ko,en,r10,256,512,raw,ok,0.884765625
trillionlabs/Tri-0.5B-Base,16,0.6666666666666666,last_token,ko,en,r10,256,512,aligned,ok,0.919921875
trillionlabs/Tri-0.5B-Base,16,0.6666666666666666,last_token,ko,en,r10,256,512,delta,ok,0.03515625
trillionlabs/Tri-0.5B-Base,16,0.6666666666666666,last_token,ko,en,mrr,256,512,raw,ok,0.7785420808056055
trillionlabs/Tri-0.5B-Base,16,0.6666666666666666,last_token,ko,en,mrr,256,512,aligned,ok,0.7864035131672639
trillionlabs/Tri-0.5B-Base,16,0.6666666666666666,last_token,ko,en,mrr,256,512,delta,ok,0.007861432361658371
trillionlabs/Tri-0.5B-Base,16,0.6666666666666666,last_token,en,ja,r1,256,512,raw,ok,0.5703125
trillionlabs/Tri-0.5B-Base,16,0.6666666666666666,last_token,en,ja,r1,256,512,aligned,ok,0.654296875
trillionlabs/Tri-0.5B-Base,16,0.6666666666666666,last_token,en,ja,r1,256,512,delta,ok,0.083984375
trillionlabs/Tri-0.5B-Base,16,0.6666666666666666,last_token,en,ja,r5,256,512,raw,ok,0.759765625
trillionlabs/Tri-0.5B-Base,16,0.6666666666666666,last_token,en,ja,r5,256,512,aligned,ok,0.88671875
trillionlabs/Tri-0.5B-Base,16,0.6666666666666666,last_token,en,ja,r5,256,512,delta,ok,0.126953125
trillionlabs/Tri-0.5B-Base,16,0.6666666666666666,last_token,en,ja,r10,256,512,raw,ok,0.81640625
trillionlabs/Tri-0.5B-Base,16,0.6666666666666666,last_token,en,ja,r10,256,512,aligned,ok,0.9296875
trillionlabs/Tri-0.5B-Base,16,0.6666666666666666,last_token,en,ja,r10,256,512,delta,ok,0.11328125
trillionlabs/Tri-0.5B-Base,16,0.6666666666666666,last_token,en,ja,mrr,256,512,raw,ok,0.6622892470232875
trillionlabs/Tri-0.5B-Base,16,0.6666666666666666,last_token,en,ja,mrr,256,512,aligned,ok,0.7557194997322316
trillionlabs/Tri-0.5B-Base,16,0.6666666666666666,last_token,en,ja,mrr,256,512,delta,ok,0.09343025270894412
trillionlabs/Tri-0.5B-Base,16,0.6666666666666666,last_token,ja,en,r1,256,512,raw,ok,0.68359375
trillionlabs/Tri-0.5B-Base,16,0.6666666666666666,last_token,ja,en,r1,256,512,aligned,ok,0.68359375
trillionlabs/Tri-0.5B-Base,16,0.6666666666666666,last_token,ja,en,r1,256,512,delta,ok,0.0
trillionlabs/Tri-0.5B-Base,16,0.6666666666666666,last_token,ja,en,r5,256,512,raw,ok,0.869140625
trillionlabs/Tri-0.5B-Base,16,0.6666666666666666,last_token,ja,en,r5,256,512,aligned,ok,0.888671875
trillionlabs/Tri-0.5B-Base,16,0.6666666666666666,last_token,ja,en,r5,256,512,delta,ok,0.01953125
trillionlabs/Tri-0.5B-Base,16,0.6666666666666666,last_token,ja,en,r10,256,512,raw,ok,0.90625
trillionlabs/Tri-0.5B-Base,16,0.6666666666666666,last_token,ja,en,r10,256,512,aligned,ok,0.923828125
trillionlabs/Tri-0.5B-Base,16,0.6666666666666666,last_token,ja,en,r10,256,512,delta,ok,0.017578125
trillionlabs/Tri-0.5B-Base,16,0.6666666666666666,last_token,ja,en,mrr,256,512,raw,ok,0.7654188058463324
trillionlabs/Tri-0.5B-Base,16,0.6666666666666666,last_token,ja,en,mrr,256,512,aligned,ok,0.7732133726831378
trillionlabs/Tri-0.5B-Base,16,0.6666666666666666,last_token,ja,en,mrr,256,512,delta,ok,0.007794566836805461
trillionlabs/Tri-0.5B-Base,16,0.6666666666666666,last_token,en,zh,r1,256,512,raw,ok,0.794921875
trillionlabs/Tri-0.5B-Base,16,0.6666666666666666,last_token,en,zh,r1,256,512,aligned,ok,0.759765625
trillionlabs/Tri-0.5B-Base,16,0.6666666666666666,last_token,en,zh,r1,256,512,delta,ok,-0.03515625
trillionlabs/Tri-0.5B-Base,16,0.6666666666666666,last_token,en,zh,r5,256,512,raw,ok,0.939453125
trillionlabs/Tri-0.5B-Base,16,0.6666666666666666,last_token,en,zh,r5,256,512,aligned,ok,0.9140625
trillionlabs/Tri-0.5B-Base,16,0.6666666666666666,last_token,en,zh,r5,256,512,delta,ok,-0.025390625
trillionlabs/Tri-0.5B-Base,16,0.6666666666666666,last_token,en,zh,r10,256,512,raw,ok,0.966796875
trillionlabs/Tri-0.5B-Base,16,0.6666666666666666,last_token,en,zh,r10,256,512,aligned,ok,0.96484375
trillionlabs/Tri-0.5B-Base,16,0.6666666666666666,last_token,en,zh,r10,256,512,delta,ok,-0.001953125
trillionlabs/Tri-0.5B-Base,16,0.6666666666666666,last_token,en,zh,mrr,256,512,raw,ok,0.859271966005198
trillionlabs/Tri-0.5B-Base,16,0.6666666666666666,last_token,en,zh,mrr,256,512,aligned,ok,0.8366351909006609
trillionlabs/Tri-0.5B-Base,16,0.6666666666666666,last_token,en,zh,mrr,256,512,delta,ok,-0.0226367751045371
trillionlabs/Tri-0.5B-Base,16,0.6666666666666666,last_token,zh,en,r1,256,512,raw,ok,0.78515625
trillionlabs/Tri-0.5B-Base,16,0.6666666666666666,last_token,zh,en,r1,256,512,aligned,ok,0.794921875
trillionlabs/Tri-0.5B-Base,16,0.6666666666666666,last_token,zh,en,r1,256,512,delta,ok,0.009765625
trillionlabs/Tri-0.5B-Base,16,0.6666666666666666,last_token,zh,en,r5,256,512,raw,ok,0.90625
trillionlabs/Tri-0.5B-Base,16,0.6666666666666666,last_token,zh,en,r5,256,512,aligned,ok,0.939453125
trillionlabs/Tri-0.5B-Base,16,0.6666666666666666,last_token,zh,en,r5,256,512,delta,ok,0.033203125
trillionlabs/Tri-0.5B-Base,16,0.6666666666666666,last_token,zh,en,r10,256,512,raw,ok,0.943359375
trillionlabs/Tri-0.5B-Base,16,0.6666666666666666,last_token,zh,en,r10,256,512,aligned,ok,0.966796875
trillionlabs/Tri-0.5B-Base,16,0.6666666666666666,last_token,zh,en,r10,256,512,delta,ok,0.0234375
trillionlabs/Tri-0.5B-Base,16,0.6666666666666666,last_token,zh,en,mrr,256,512,raw,ok,0.8422237797932526
trillionlabs/Tri-0.5B-Base,16,0.6666666666666666,last_token,zh,en,mrr,256,512,aligned,ok,0.8595858954487627
trillionlabs/Tri-0.5B-Base,16,0.6666666666666666,last_token,zh,en,mrr,256,512,delta,ok,0.017362115655510157
trillionlabs/Tri-0.5B-Base,16,0.6666666666666666,last_token,ko,ja,r1,256,512,raw,ok,0.556640625
trillionlabs/Tri-0.5B-Base,16,0.6666666666666666,last_token,ko,ja,r1,256,512,aligned,ok,0.630859375
trillionlabs/Tri-0.5B-Base,16,0.6666666666666666,last_token,ko,ja,r1,256,512,delta,ok,0.07421875
trillionlabs/Tri-0.5B-Base,16,0.6666666666666666,last_token,ko,ja,r5,256,512,raw,ok,0.703125
trillionlabs/Tri-0.5B-Base,16,0.6666666666666666,last_token,ko,ja,r5,256,512,aligned,ok,0.830078125
trillionlabs/Tri-0.5B-Base,16,0.6666666666666666,last_token,ko,ja,r5,256,512,delta,ok,0.126953125
trillionlabs/Tri-0.5B-Base,16,0.6666666666666666,last_token,ko,ja,r10,256,512,raw,ok,0.751953125
trillionlabs/Tri-0.5B-Base,16,0.6666666666666666,last_token,ko,ja,r10,256,512,aligned,ok,0.876953125
trillionlabs/Tri-0.5B-Base,16,0.6666666666666666,last_token,ko,ja,r10,256,512,delta,ok,0.125
trillionlabs/Tri-0.5B-Base,16,0.6666666666666666,last_token,ko,ja,mrr,256,512,raw,ok,0.6270084249842256
trillionlabs/Tri-0.5B-Base,16,0.6666666666666666,last_token,ko,ja,mrr,256,512,aligned,ok,0.7176272314079872
trillionlabs/Tri-0.5B-Base,16,0.6666666666666666,last_token,ko,ja,mrr,256,512,delta,ok,0.09061880642376163
trillionlabs/Tri-0.5B-Base,16,0.6666666666666666,last_token,ja,ko,r1,256,512,raw,ok,0.7109375
trillionlabs/Tri-0.5B-Base,16,0.6666666666666666,last_token,ja,ko,r1,256,512,aligned,ok,0.6015625
trillionlabs/Tri-0.5B-Base,16,0.6666666666666666,last_token,ja,ko,r1,256,512,delta,ok,-0.109375
trillionlabs/Tri-0.5B-Base,16,0.6666666666666666,last_token,ja,ko,r5,256,512,raw,ok,0.849609375
trillionlabs/Tri-0.5B-Base,16,0.6666666666666666,last_token,ja,ko,r5,256,512,aligned,ok,0.796875
trillionlabs/Tri-0.5B-Base,16,0.6666666666666666,last_token,ja,ko,r5,256,512,delta,ok,-0.052734375
trillionlabs/Tri-0.5B-Base,16,0.6666666666666666,last_token,ja,ko,r10,256,512,raw,ok,0.884765625
trillionlabs/Tri-0.5B-Base,16,0.6666666666666666,last_token,ja,ko,r10,256,512,aligned,ok,0.869140625
trillionlabs/Tri-0.5B-Base,16,0.6666666666666666,last_token,ja,ko,r10,256,512,delta,ok,-0.015625
trillionlabs/Tri-0.5B-Base,16,0.6666666666666666,last_token,ja,ko,mrr,256,512,raw,ok,0.7706990442115307
trillionlabs/Tri-0.5B-Base,16,0.6666666666666666,last_token,ja,ko,mrr,256,512,aligned,ok,0.6959724187512288
trillionlabs/Tri-0.5B-Base,16,0.6666666666666666,last_token,ja,ko,mrr,256,512,delta,ok,-0.07472662546030184
trillionlabs/Tri-0.5B-Base,16,0.6666666666666666,last_token,ko,zh,r1,256,512,raw,ok,0.669921875
trillionlabs/Tri-0.5B-Base,16,0.6666666666666666,last_token,ko,zh,r1,256,512,aligned,ok,0.568359375
trillionlabs/Tri-0.5B-Base,16,0.6666666666666666,last_token,ko,zh,r1,256,512,delta,ok,-0.1015625
trillionlabs/Tri-0.5B-Base,16,0.6666666666666666,last_token,ko,zh,r5,256,512,raw,ok,0.8125
trillionlabs/Tri-0.5B-Base,16,0.6666666666666666,last_token,ko,zh,r5,256,512,aligned,ok,0.806640625
trillionlabs/Tri-0.5B-Base,16,0.6666666666666666,last_token,ko,zh,r5,256,512,delta,ok,-0.005859375
trillionlabs/Tri-0.5B-Base,16,0.6666666666666666,last_token,ko,zh,r10,256,512,raw,ok,0.869140625
trillionlabs/Tri-0.5B-Base,16,0.6666666666666666,last_token,ko,zh,r10,256,512,aligned,ok,0.853515625
trillionlabs/Tri-0.5B-Base,16,0.6666666666666666,last_token,ko,zh,r10,256,512,delta,ok,-0.015625
trillionlabs/Tri-0.5B-Base,16,0.6666666666666666,last_token,ko,zh,mrr,256,512,raw,ok,0.733871360209412
trillionlabs/Tri-0.5B-Base,16,0.6666666666666666,last_token,ko,zh,mrr,256,512,aligned,ok,0.668831910750366
trillionlabs/Tri-0.5B-Base,16,0.6666666666666666,last_token,ko,zh,mrr,256,512,delta,ok,-0.06503944945904605
trillionlabs/Tri-0.5B-Base,16,0.6666666666666666,last_token,zh,ko,r1,256,512,raw,ok,0.658203125
trillionlabs/Tri-0.5B-Base,16,0.6666666666666666,last_token,zh,ko,r1,256,512,aligned,ok,0.58984375
trillionlabs/Tri-0.5B-Base,16,0.6666666666666666,last_token,zh,ko,r1,256,512,delta,ok,-0.068359375
trillionlabs/Tri-0.5B-Base,16,0.6666666666666666,last_token,zh,ko,r5,256,512,raw,ok,0.8203125
trillionlabs/Tri-0.5B-Base,16,0.6666666666666666,last_token,zh,ko,r5,256,512,aligned,ok,0.806640625
trillionlabs/Tri-0.5B-Base,16,0.6666666666666666,last_token,zh,ko,r5,256,512,delta,ok,-0.013671875
trillionlabs/Tri-0.5B-Base,16,0.6666666666666666,last_token,zh,ko,r10,256,512,raw,ok,0.84765625
trillionlabs/Tri-0.5B-Base,16,0.6666666666666666,last_token,zh,ko,r10,256,512,aligned,ok,0.865234375
trillionlabs/Tri-0.5B-Base,16,0.6666666666666666,last_token,zh,ko,r10,256,512,delta,ok,0.017578125
trillionlabs/Tri-0.5B-Base,16,0.6666666666666666,last_token,zh,ko,mrr,256,512,raw,ok,0.7271582956759481
trillionlabs/Tri-0.5B-Base,16,0.6666666666666666,last_token,zh,ko,mrr,256,512,aligned,ok,0.687419456847098
trillionlabs/Tri-0.5B-Base,16,0.6666666666666666,last_token,zh,ko,mrr,256,512,delta,ok,-0.0397388388288501
trillionlabs/Tri-0.5B-Base,16,0.6666666666666666,last_token,ja,zh,r1,256,512,raw,ok,0.640625
trillionlabs/Tri-0.5B-Base,16,0.6666666666666666,last_token,ja,zh,r1,256,512,aligned,ok,0.5546875
trillionlabs/Tri-0.5B-Base,16,0.6666666666666666,last_token,ja,zh,r1,256,512,delta,ok,-0.0859375
trillionlabs/Tri-0.5B-Base,16,0.6666666666666666,last_token,ja,zh,r5,256,512,raw,ok,0.826171875
trillionlabs/Tri-0.5B-Base,16,0.6666666666666666,last_token,ja,zh,r5,256,512,aligned,ok,0.802734375
trillionlabs/Tri-0.5B-Base,16,0.6666666666666666,last_token,ja,zh,r5,256,512,delta,ok,-0.0234375
trillionlabs/Tri-0.5B-Base,16,0.6666666666666666,last_token,ja,zh,r10,256,512,raw,ok,0.880859375
trillionlabs/Tri-0.5B-Base,16,0.6666666666666666,last_token,ja,zh,r10,256,512,aligned,ok,0.873046875
trillionlabs/Tri-0.5B-Base,16,0.6666666666666666,last_token,ja,zh,r10,256,512,delta,ok,-0.0078125
trillionlabs/Tri-0.5B-Base,16,0.6666666666666666,last_token,ja,zh,mrr,256,512,raw,ok,0.7227231286824409
trillionlabs/Tri-0.5B-Base,16,0.6666666666666666,last_token,ja,zh,mrr,256,512,aligned,ok,0.6684784784349962
trillionlabs/Tri-0.5B-Base,16,0.6666666666666666,last_token,ja,zh,mrr,256,512,delta,ok,-0.05424465024744474
trillionlabs/Tri-0.5B-Base,16,0.6666666666666666,last_token,zh,ja,r1,256,512,raw,ok,0.47265625
trillionlabs/Tri-0.5B-Base,16,0.6666666666666666,last_token,zh,ja,r1,256,512,aligned,ok,0.58203125
trillionlabs/Tri-0.5B-Base,16,0.6666666666666666,last_token,zh,ja,r1,256,512,delta,ok,0.109375
trillionlabs/Tri-0.5B-Base,16,0.6666666666666666,last_token,zh,ja,r5,256,512,raw,ok,0.646484375
trillionlabs/Tri-0.5B-Base,16,0.6666666666666666,last_token,zh,ja,r5,256,512,aligned,ok,0.8203125
trillionlabs/Tri-0.5B-Base,16,0.6666666666666666,last_token,zh,ja,r5,256,512,delta,ok,0.173828125
trillionlabs/Tri-0.5B-Base,16,0.6666666666666666,last_token,zh,ja,r10,256,512,raw,ok,0.705078125
trillionlabs/Tri-0.5B-Base,16,0.6666666666666666,last_token,zh,ja,r10,256,512,aligned,ok,0.876953125
trillionlabs/Tri-0.5B-Base,16,0.6666666666666666,last_token,zh,ja,r10,256,512,delta,ok,0.171875
trillionlabs/Tri-0.5B-Base,16,0.6666666666666666,last_token,zh,ja,mrr,256,512,raw,ok,0.5539671222610324
trillionlabs/Tri-0.5B-Base,16,0.6666666666666666,last_token,zh,ja,mrr,256,512,aligned,ok,0.691525932432987
trillionlabs/Tri-0.5B-Base,16,0.6666666666666666,last_token,zh,ja,mrr,256,512,delta,ok,0.1375588101719546
trillionlabs/Tri-0.5B-Base,17,0.7083333333333334,last_token,en,ko,r1,256,512,raw,ok,0.703125
trillionlabs/Tri-0.5B-Base,17,0.7083333333333334,last_token,en,ko,r1,256,512,aligned,ok,0.70703125
trillionlabs/Tri-0.5B-Base,17,0.7083333333333334,last_token,en,ko,r1,256,512,delta,ok,0.00390625
trillionlabs/Tri-0.5B-Base,17,0.7083333333333334,last_token,en,ko,r5,256,512,raw,ok,0.859375
trillionlabs/Tri-0.5B-Base,17,0.7083333333333334,last_token,en,ko,r5,256,512,aligned,ok,0.876953125
trillionlabs/Tri-0.5B-Base,17,0.7083333333333334,last_token,en,ko,r5,256,512,delta,ok,0.017578125
trillionlabs/Tri-0.5B-Base,17,0.7083333333333334,last_token,en,ko,r10,256,512,raw,ok,0.892578125
trillionlabs/Tri-0.5B-Base,17,0.7083333333333334,last_token,en,ko,r10,256,512,aligned,ok,0.900390625
trillionlabs/Tri-0.5B-Base,17,0.7083333333333334,last_token,en,ko,r10,256,512,delta,ok,0.0078125
trillionlabs/Tri-0.5B-Base,17,0.7083333333333334,last_token,en,ko,mrr,256,512,raw,ok,0.7729913104838757
trillionlabs/Tri-0.5B-Base,17,0.7083333333333334,last_token,en,ko,mrr,256,512,aligned,ok,0.7793681712111641
trillionlabs/Tri-0.5B-Base,17,0.7083333333333334,last_token,en,ko,mrr,256,512,delta,ok,0.00637686072728838
trillionlabs/Tri-0.5B-Base,17,0.7083333333333334,last_token,ko,en,r1,256,512,raw,ok,0.6953125
trillionlabs/Tri-0.5B-Base,17,0.7083333333333334,last_token,ko,en,r1,256,512,aligned,ok,0.69140625
trillionlabs/Tri-0.5B-Base,17,0.7083333333333334,last_token,ko,en,r1,256,512,delta,ok,-0.00390625
trillionlabs/Tri-0.5B-Base,17,0.7083333333333334,last_token,ko,en,r5,256,512,raw,ok,0.849609375
trillionlabs/Tri-0.5B-Base,17,0.7083333333333334,last_token,ko,en,r5,256,512,aligned,ok,0.88671875
trillionlabs/Tri-0.5B-Base,17,0.7083333333333334,last_token,ko,en,r5,256,512,delta,ok,0.037109375
trillionlabs/Tri-0.5B-Base,17,0.7083333333333334,last_token,ko,en,r10,256,512,raw,ok,0.880859375
trillionlabs/Tri-0.5B-Base,17,0.7083333333333334,last_token,ko,en,r10,256,512,aligned,ok,0.9140625
trillionlabs/Tri-0.5B-Base,17,0.7083333333333334,last_token,ko,en,r10,256,512,delta,ok,0.033203125
trillionlabs/Tri-0.5B-Base,17,0.7083333333333334,last_token,ko,en,mrr,256,512,raw,ok,0.7639496304058977
trillionlabs/Tri-0.5B-Base,17,0.7083333333333334,last_token,ko,en,mrr,256,512,aligned,ok,0.7754221914795176
trillionlabs/Tri-0.5B-Base,17,0.7083333333333334,last_token,ko,en,mrr,256,512,delta,ok,0.011472561073619936
trillionlabs/Tri-0.5B-Base,17,0.7083333333333334,last_token,en,ja,r1,256,512,raw,ok,0.4765625
trillionlabs/Tri-0.5B-Base,17,0.7083333333333334,last_token,en,ja,r1,256,512,aligned,ok,0.609375
trillionlabs/Tri-0.5B-Base,17,0.7083333333333334,last_token,en,ja,r1,256,512,delta,ok,0.1328125
trillionlabs/Tri-0.5B-Base,17,0.7083333333333334,last_token,en,ja,r5,256,512,raw,ok,0.6953125
trillionlabs/Tri-0.5B-Base,17,0.7083333333333334,last_token,en,ja,r5,256,512,aligned,ok,0.869140625
trillionlabs/Tri-0.5B-Base,17,0.7083333333333334,last_token,en,ja,r5,256,512,delta,ok,0.173828125
trillionlabs/Tri-0.5B-Base,17,0.7083333333333334,last_token,en,ja,r10,256,512,raw,ok,0.76953125
trillionlabs/Tri-0.5B-Base,17,0.7083333333333334,last_token,en,ja,r10,256,512,aligned,ok,0.908203125
trillionlabs/Tri-0.5B-Base,17,0.7083333333333334,last_token,en,ja,r10,256,512,delta,ok,0.138671875
trillionlabs/Tri-0.5B-Base,17,0.7083333333333334,last_token,en,ja,mrr,256,512,raw,ok,0.5813651121781684
trillionlabs/Tri-0.5B-Base,17,0.7083333333333334,last_token,en,ja,mrr,256,512,aligned,ok,0.71980430551151
trillionlabs/Tri-0.5B-Base,17,0.7083333333333334,last_token,en,ja,mrr,256,512,delta,ok,0.13843919333334154
trillionlabs/Tri-0.5B-Base,17,0.7083333333333334,last_token,ja,en,r1,256,512,raw,ok,0.60546875
trillionlabs/Tri-0.5B-Base,17,0.7083333333333334,last_token,ja,en,r1,256,512,aligned,ok,0.619140625
trillionlabs/Tri-0.5B-Base,17,0.7083333333333334,last_token,ja,en,r1,256,512,delta,ok,0.013671875
trillionlabs/Tri-0.5B-Base,17,0.7083333333333334,last_token,ja,en,r5,256,512,raw,ok,0.849609375
trillionlabs/Tri-0.5B-Base,17,0.7083333333333334,last_token,ja,en,r5,256,512,aligned,ok,0.869140625
trillionlabs/Tri-0.5B-Base,17,0.7083333333333334,last_token,ja,en,r5,256,512,delta,ok,0.01953125
trillionlabs/Tri-0.5B-Base,17,0.7083333333333334,last_token,ja,en,r10,256,512,raw,ok,0.892578125
trillionlabs/Tri-0.5B-Base,17,0.7083333333333334,last_token,ja,en,r10,256,512,aligned,ok,0.9140625
trillionlabs/Tri-0.5B-Base,17,0.7083333333333334,last_token,ja,en,r10,256,512,delta,ok,0.021484375
trillionlabs/Tri-0.5B-Base,17,0.7083333333333334,last_token,ja,en,mrr,256,512,raw,ok,0.710405807040174
trillionlabs/Tri-0.5B-Base,17,0.7083333333333334,last_token,ja,en,mrr,256,512,aligned,ok,0.725377623117254
trillionlabs/Tri-0.5B-Base,17,0.7083333333333334,last_token,ja,en,mrr,256,512,delta,ok,0.01497181607707998
trillionlabs/Tri-0.5B-Base,17,0.7083333333333334,last_token,en,zh,r1,256,512,raw,ok,0.6796875
trillionlabs/Tri-0.5B-Base,17,0.7083333333333334,last_token,en,zh,r1,256,512,aligned,ok,0.76171875
trillionlabs/Tri-0.5B-Base,17,0.7083333333333334,last_token,en,zh,r1,256,512,delta,ok,0.08203125
trillionlabs/Tri-0.5B-Base,17,0.7083333333333334,last_token,en,zh,r5,256,512,raw,ok,0.900390625
trillionlabs/Tri-0.5B-Base,17,0.7083333333333334,last_token,en,zh,r5,256,512,aligned,ok,0.921875
trillionlabs/Tri-0.5B-Base,17,0.7083333333333334,last_token,en,zh,r5,256,512,delta,ok,0.021484375
trillionlabs/Tri-0.5B-Base,17,0.7083333333333334,last_token,en,zh,r10,256,512,raw,ok,0.943359375
trillionlabs/Tri-0.5B-Base,17,0.7083333333333334,last_token,en,zh,r10,256,512,aligned,ok,0.94921875
trillionlabs/Tri-0.5B-Base,17,0.7083333333333334,last_token,en,zh,r10,256,512,delta,ok,0.005859375
trillionlabs/Tri-0.5B-Base,17,0.7083333333333334,last_token,en,zh,mrr,256,512,raw,ok,0.7714820445664985
trillionlabs/Tri-0.5B-Base,17,0.7083333333333334,last_token,en,zh,mrr,256,512,aligned,ok,0.835978699131642
trillionlabs/Tri-0.5B-Base,17,0.7083333333333334,last_token,en,zh,mrr,256,512,delta,ok,0.06449665456514353
trillionlabs/Tri-0.5B-Base,17,0.7083333333333334,last_token,zh,en,r1,256,512,raw,ok,0.7421875
trillionlabs/Tri-0.5B-Base,17,0.7083333333333334,last_token,zh,en,r1,256,512,aligned,ok,0.7890625
trillionlabs/Tri-0.5B-Base,17,0.7083333333333334,last_token,zh,en,r1,256,512,delta,ok,0.046875
trillionlabs/Tri-0.5B-Base,17,0.7083333333333334,last_token,zh,en,r5,256,512,raw,ok,0.89453125
trillionlabs/Tri-0.5B-Base,17,0.7083333333333334,last_token,zh,en,r5,256,512,aligned,ok,0.92578125
trillionlabs/Tri-0.5B-Base,17,0.7083333333333334,last_token,zh,en,r5,256,512,delta,ok,0.03125
trillionlabs/Tri-0.5B-Base,17,0.7083333333333334,last_token,zh,en,r10,256,512,raw,ok,0.92578125
trillionlabs/Tri-0.5B-Base,17,0.7083333333333334,last_token,zh,en,r10,256,512,aligned,ok,0.9609375
trillionlabs/Tri-0.5B-Base,17,0.7083333333333334,last_token,zh,en,r10,256,512,delta,ok,0.03515625
trillionlabs/Tri-0.5B-Base,17,0.7083333333333334,last_token,zh,en,mrr,256,512,raw,ok,0.8111160293494508
trillionlabs/Tri-0.5B-Base,17,0.7083333333333334,last_token,zh,en,mrr,256,512,aligned,ok,0.8493746881274296
trillionlabs/Tri-0.5B-Base,17,0.7083333333333334,last_token,zh,en,mrr,256,512,delta,ok,0.03825865877797874
trillionlabs/Tri-0.5B-Base,17,0.7083333333333334,last_token,ko,ja,r1,256,512,raw,ok,0.478515625
trillionlabs/Tri-0.5B-Base,17,0.7083333333333334,last_token,ko,ja,r1,256,512,aligned,ok,0.59765625
trillionlabs/Tri-0.5B-Base,17,0.7083333333333334,last_token,ko,ja,r1,256,512,delta,ok,0.119140625
trillionlabs/Tri-0.5B-Base,17,0.7083333333333334,last_token,ko,ja,r5,256,512,raw,ok,0.6328125
trillionlabs/Tri-0.5B-Base,17,0.7083333333333334,last_token,ko,ja,r5,256,512,aligned,ok,0.796875
trillionlabs/Tri-0.5B-Base,17,0.7083333333333334,last_token,ko,ja,r5,256,512,delta,ok,0.1640625
trillionlabs/Tri-0.5B-Base,17,0.7083333333333334,last_token,ko,ja,r10,256,512,raw,ok,0.6953125
trillionlabs/Tri-0.5B-Base,17,0.7083333333333334,last_token,ko,ja,r10,256,512,aligned,ok,0.84765625
trillionlabs/Tri-0.5B-Base,17,0.7083333333333334,last_token,ko,ja,r10,256,512,delta,ok,0.15234375
trillionlabs/Tri-0.5B-Base,17,0.7083333333333334,last_token,ko,ja,mrr,256,512,raw,ok,0.5485233369167033
trillionlabs/Tri-0.5B-Base,17,0.7083333333333334,last_token,ko,ja,mrr,256,512,aligned,ok,0.6910319053990528
trillionlabs/Tri-0.5B-Base,17,0.7083333333333334,last_token,ko,ja,mrr,256,512,delta,ok,0.1425085684823495
trillionlabs/Tri-0.5B-Base,17,0.7083333333333334,last_token,ja,ko,r1,256,512,raw,ok,0.58984375
trillionlabs/Tri-0.5B-Base,17,0.7083333333333334,last_token,ja,ko,r1,256,512,aligned,ok,0.564453125
trillionlabs/Tri-0.5B-Base,17,0.7083333333333334,last_token,ja,ko,r1,256,512,delta,ok,-0.025390625
trillionlabs/Tri-0.5B-Base,17,0.7083333333333334,last_token,ja,ko,r5,256,512,raw,ok,0.796875
trillionlabs/Tri-0.5B-Base,17,0.7083333333333334,last_token,ja,ko,r5,256,512,aligned,ok,0.787109375
trillionlabs/Tri-0.5B-Base,17,0.7083333333333334,last_token,ja,ko,r5,256,512,delta,ok,-0.009765625
trillionlabs/Tri-0.5B-Base,17,0.7083333333333334,last_token,ja,ko,r10,256,512,raw,ok,0.8359375
trillionlabs/Tri-0.5B-Base,17,0.7083333333333334,last_token,ja,ko,r10,256,512,aligned,ok,0.845703125
trillionlabs/Tri-0.5B-Base,17,0.7083333333333334,last_token,ja,ko,r10,256,512,delta,ok,0.009765625
trillionlabs/Tri-0.5B-Base,17,0.7083333333333334,last_token,ja,ko,mrr,256,512,raw,ok,0.683769761749704
trillionlabs/Tri-0.5B-Base,17,0.7083333333333334,last_token,ja,ko,mrr,256,512,aligned,ok,0.6633498504430048
trillionlabs/Tri-0.5B-Base,17,0.7083333333333334,last_token,ja,ko,mrr,256,512,delta,ok,-0.02041991130669929
trillionlabs/Tri-0.5B-Base,17,0.7083333333333334,last_token,ko,zh,r1,256,512,raw,ok,0.591796875
trillionlabs/Tri-0.5B-Base,17,0.7083333333333334,last_token,ko,zh,r1,256,512,aligned,ok,0.568359375
trillionlabs/Tri-0.5B-Base,17,0.7083333333333334,last_token,ko,zh,r1,256,512,delta,ok,-0.0234375
trillionlabs/Tri-0.5B-Base,17,0.7083333333333334,last_token,ko,zh,r5,256,512,raw,ok,0.767578125
trillionlabs/Tri-0.5B-Base,17,0.7083333333333334,last_token,ko,zh,r5,256,512,aligned,ok,0.787109375
trillionlabs/Tri-0.5B-Base,17,0.7083333333333334,last_token,ko,zh,r5,256,512,delta,ok,0.01953125
trillionlabs/Tri-0.5B-Base,17,0.7083333333333334,last_token,ko,zh,r10,256,512,raw,ok,0.837890625
trillionlabs/Tri-0.5B-Base,17,0.7083333333333334,last_token,ko,zh,r10,256,512,aligned,ok,0.853515625
trillionlabs/Tri-0.5B-Base,17,0.7083333333333334,last_token,ko,zh,r10,256,512,delta,ok,0.015625
trillionlabs/Tri-0.5B-Base,17,0.7083333333333334,last_token,ko,zh,mrr,256,512,raw,ok,0.674271868921404
trillionlabs/Tri-0.5B-Base,17,0.7083333333333334,last_token,ko,zh,mrr,256,512,aligned,ok,0.6677451858920477
trillionlabs/Tri-0.5B-Base,17,0.7083333333333334,last_token,ko,zh,mrr,256,512,delta,ok,-0.006526683029356328
trillionlabs/Tri-0.5B-Base,17,0.7083333333333334,last_token,zh,ko,r1,256,512,raw,ok,0.6171875
trillionlabs/Tri-0.5B-Base,17,0.7083333333333334,last_token,zh,ko,r1,256,512,aligned,ok,0.576171875
trillionlabs/Tri-0.5B-Base,17,0.7083333333333334,last_token,zh,ko,r1,256,512,delta,ok,-0.041015625
trillionlabs/Tri-0.5B-Base,17,0.7083333333333334,last_token,zh,ko,r5,256,512,raw,ok,0.78515625
trillionlabs/Tri-0.5B-Base,17,0.7083333333333334,last_token,zh,ko,r5,256,512,aligned,ok,0.806640625
trillionlabs/Tri-0.5B-Base,17,0.7083333333333334,last_token,zh,ko,r5,256,512,delta,ok,0.021484375
trillionlabs/Tri-0.5B-Base,17,0.7083333333333334,last_token,zh,ko,r10,256,512,raw,ok,0.83984375
trillionlabs/Tri-0.5B-Base,17,0.7083333333333334,last_token,zh,ko,r10,256,512,aligned,ok,0.849609375
trillionlabs/Tri-0.5B-Base,17,0.7083333333333334,last_token,zh,ko,r10,256,512,delta,ok,0.009765625
trillionlabs/Tri-0.5B-Base,17,0.7083333333333334,last_token,zh,ko,mrr,256,512,raw,ok,0.6971803168758718
trillionlabs/Tri-0.5B-Base,17,0.7083333333333334,last_token,zh,ko,mrr,256,512,aligned,ok,0.6763954046274937
trillionlabs/Tri-0.5B-Base,17,0.7083333333333334,last_token,zh,ko,mrr,256,512,delta,ok,-0.020784912248378085
trillionlabs/Tri-0.5B-Base,17,0.7083333333333334,last_token,ja,zh,r1,256,512,raw,ok,0.607421875
trillionlabs/Tri-0.5B-Base,17,0.7083333333333334,last_token,ja,zh,r1,256,512,aligned,ok,0.51953125
trillionlabs/Tri-0.5B-Base,17,0.7083333333333334,last_token,ja,zh,r1,256,512,delta,ok,-0.087890625
trillionlabs/Tri-0.5B-Base,17,0.7083333333333334,last_token,ja,zh,r5,256,512,raw,ok,0.80859375
trillionlabs/Tri-0.5B-Base,17,0.7083333333333334,last_token,ja,zh,r5,256,512,aligned,ok,0.783203125
trillionlabs/Tri-0.5B-Base,17,0.7083333333333334,last_token,ja,zh,r5,256,512,delta,ok,-0.025390625
trillionlabs/Tri-0.5B-Base,17,0.7083333333333334,last_token,ja,zh,r10,256,512,raw,ok,0.86328125
trillionlabs/Tri-0.5B-Base,17,0.7083333333333334,last_token,ja,zh,r10,256,512,aligned,ok,0.853515625
trillionlabs/Tri-0.5B-Base,17,0.7083333333333334,last_token,ja,zh,r10,256,512,delta,ok,-0.009765625
trillionlabs/Tri-0.5B-Base,17,0.7083333333333334,last_token,ja,zh,mrr,256,512,raw,ok,0.6939105727773315
trillionlabs/Tri-0.5B-Base,17,0.7083333333333334,last_token,ja,zh,mrr,256,512,aligned,ok,0.6365086760200336
trillionlabs/Tri-0.5B-Base,17,0.7083333333333334,last_token,ja,zh,mrr,256,512,delta,ok,-0.0574018967572979
trillionlabs/Tri-0.5B-Base,17,0.7083333333333334,last_token,zh,ja,r1,256,512,raw,ok,0.427734375
trillionlabs/Tri-0.5B-Base,17,0.7083333333333334,last_token,zh,ja,r1,256,512,aligned,ok,0.548828125
trillionlabs/Tri-0.5B-Base,17,0.7083333333333334,last_token,zh,ja,r1,256,512,delta,ok,0.12109375
trillionlabs/Tri-0.5B-Base,17,0.7083333333333334,last_token,zh,ja,r5,256,512,raw,ok,0.61328125
trillionlabs/Tri-0.5B-Base,17,0.7083333333333334,last_token,zh,ja,r5,256,512,aligned,ok,0.796875
trillionlabs/Tri-0.5B-Base,17,0.7083333333333334,last_token,zh,ja,r5,256,512,delta,ok,0.18359375
trillionlabs/Tri-0.5B-Base,17,0.7083333333333334,last_token,zh,ja,r10,256,512,raw,ok,0.669921875
trillionlabs/Tri-0.5B-Base,17,0.7083333333333334,last_token,zh,ja,r10,256,512,aligned,ok,0.84765625
trillionlabs/Tri-0.5B-Base,17,0.7083333333333334,last_token,zh,ja,r10,256,512,delta,ok,0.177734375
trillionlabs/Tri-0.5B-Base,17,0.7083333333333334,last_token,zh,ja,mrr,256,512,raw,ok,0.5123569856832543
trillionlabs/Tri-0.5B-Base,17,0.7083333333333334,last_token,zh,ja,mrr,256,512,aligned,ok,0.6590397768215724
trillionlabs/Tri-0.5B-Base,17,0.7083333333333334,last_token,zh,ja,mrr,256,512,delta,ok,0.14668279113831817
trillionlabs/Tri-0.5B-Base,18,0.75,last_token,en,ko,r1,256,512,raw,ok,0.654296875
trillionlabs/Tri-0.5B-Base,18,0.75,last_token,en,ko,r1,256,512,aligned,ok,0.671875
trillionlabs/Tri-0.5B-Base,18,0.75,last_token,en,ko,r1,256,512,delta,ok,0.017578125
trillionlabs/Tri-0.5B-Base,18,0.75,last_token,en,ko,r5,256,512,raw,ok,0.83203125
trillionlabs/Tri-0.5B-Base,18,0.75,last_token,en,ko,r5,256,512,aligned,ok,0.84375
trillionlabs/Tri-0.5B-Base,18,0.75,last_token,en,ko,r5,256,512,delta,ok,0.01171875
trillionlabs/Tri-0.5B-Base,18,0.75,last_token,en,ko,r10,256,512,raw,ok,0.880859375
trillionlabs/Tri-0.5B-Base,18,0.75,last_token,en,ko,r10,256,512,aligned,ok,0.892578125
trillionlabs/Tri-0.5B-Base,18,0.75,last_token,en,ko,r10,256,512,delta,ok,0.01171875
trillionlabs/Tri-0.5B-Base,18,0.75,last_token,en,ko,mrr,256,512,raw,ok,0.7342246808761188
trillionlabs/Tri-0.5B-Base,18,0.75,last_token,en,ko,mrr,256,512,aligned,ok,0.749936891379003
trillionlabs/Tri-0.5B-Base,18,0.75,last_token,en,ko,mrr,256,512,delta,ok,0.015712210502884183
trillionlabs/Tri-0.5B-Base,18,0.75,last_token,ko,en,r1,256,512,raw,ok,0.64453125
trillionlabs/Tri-0.5B-Base,18,0.75,last_token,ko,en,r1,256,512,aligned,ok,0.6484375
trillionlabs/Tri-0.5B-Base,18,0.75,last_token,ko,en,r1,256,512,delta,ok,0.00390625
trillionlabs/Tri-0.5B-Base,18,0.75,last_token,ko,en,r5,256,512,raw,ok,0.8203125
trillionlabs/Tri-0.5B-Base,18,0.75,last_token,ko,en,r5,256,512,aligned,ok,0.86328125
trillionlabs/Tri-0.5B-Base,18,0.75,last_token,ko,en,r5,256,512,delta,ok,0.04296875
trillionlabs/Tri-0.5B-Base,18,0.75,last_token,ko,en,r10,256,512,raw,ok,0.873046875
trillionlabs/Tri-0.5B-Base,18,0.75,last_token,ko,en,r10,256,512,aligned,ok,0.91015625
trillionlabs/Tri-0.5B-Base,18,0.75,last_token,ko,en,r10,256,512,delta,ok,0.037109375
trillionlabs/Tri-0.5B-Base,18,0.75,last_token,ko,en,mrr,256,512,raw,ok,0.7243784860202136
trillionlabs/Tri-0.5B-Base,18,0.75,last_token,ko,en,mrr,256,512,aligned,ok,0.740147852757512
trillionlabs/Tri-0.5B-Base,18,0.75,last_token,ko,en,mrr,256,512,delta,ok,0.01576936673729845
trillionlabs/Tri-0.5B-Base,18,0.75,last_token,en,ja,r1,256,512,raw,ok,0.404296875
trillionlabs/Tri-0.5B-Base,18,0.75,last_token,en,ja,r1,256,512,aligned,ok,0.5703125
trillionlabs/Tri-0.5B-Base,18,0.75,last_token,en,ja,r1,256,512,delta,ok,0.166015625
trillionlabs/Tri-0.5B-Base,18,0.75,last_token,en,ja,r5,256,512,raw,ok,0.61328125
trillionlabs/Tri-0.5B-Base,18,0.75,last_token,en,ja,r5,256,512,aligned,ok,0.798828125
trillionlabs/Tri-0.5B-Base,18,0.75,last_token,en,ja,r5,256,512,delta,ok,0.185546875
trillionlabs/Tri-0.5B-Base,18,0.75,last_token,en,ja,r10,256,512,raw,ok,0.6953125
trillionlabs/Tri-0.5B-Base,18,0.75,last_token,en,ja,r10,256,512,aligned,ok,0.880859375
trillionlabs/Tri-0.5B-Base,18,0.75,last_token,en,ja,r10,256,512,delta,ok,0.185546875
trillionlabs/Tri-0.5B-Base,18,0.75,last_token,en,ja,mrr,256,512,raw,ok,0.5030798829067682
trillionlabs/Tri-0.5B-Base,18,0.75,last_token,en,ja,mrr,256,512,aligned,ok,0.6780651725139606
trillionlabs/Tri-0.5B-Base,18,0.75,last_token,en,ja,mrr,256,512,delta,ok,0.1749852896071924
trillionlabs/Tri-0.5B-Base,18,0.75,last_token,ja,en,r1,256,512,raw,ok,0.548828125
trillionlabs/Tri-0.5B-Base,18,0.75,last_token,ja,en,r1,256,512,aligned,ok,0.560546875
trillionlabs/Tri-0.5B-Base,18,0.75,last_token,ja,en,r1,256,512,delta,ok,0.01171875
trillionlabs/Tri-0.5B-Base,18,0.75,last_token,ja,en,r5,256,512,raw,ok,0.798828125
trillionlabs/Tri-0.5B-Base,18,0.75,last_token,ja,en,r5,256,512,aligned,ok,0.79296875
trillionlabs/Tri-0.5B-Base,18,0.75,last_token,ja,en,r5,256,512,delta,ok,-0.005859375
trillionlabs/Tri-0.5B-Base,18,0.75,last_token,ja,en,r10,256,512,raw,ok,0.859375
trillionlabs/Tri-0.5B-Base,18,0.75,last_token,ja,en,r10,256,512,aligned,ok,0.865234375
trillionlabs/Tri-0.5B-Base,18,0.75,last_token,ja,en,r10,256,512,delta,ok,0.005859375
trillionlabs/Tri-0.5B-Base,18,0.75,last_token,ja,en,mrr,256,512,raw,ok,0.661736079654678
trillionlabs/Tri-0.5B-Base,18,0.75,last_token,ja,en,mrr,256,512,aligned,ok,0.6645462356479847
trillionlabs/Tri-0.5B-Base,18,0.75,last_token,ja,en,mrr,256,512,delta,ok,0.0028101559933066955
trillionlabs/Tri-0.5B-Base,18,0.75,last_token,en,zh,r1,256,512,raw,ok,0.640625
trillionlabs/Tri-0.5B-Base,18,0.75,last_token,en,zh,r1,256,512,aligned,ok,0.74609375
trillionlabs/Tri-0.5B-Base,18,0.75,last_token,en,zh,r1,256,512,delta,ok,0.10546875
trillionlabs/Tri-0.5B-Base,18,0.75,last_token,en,zh,r5,256,512,raw,ok,0.857421875
trillionlabs/Tri-0.5B-Base,18,0.75,last_token,en,zh,r5,256,512,aligned,ok,0.908203125
trillionlabs/Tri-0.5B-Base,18,0.75,last_token,en,zh,r5,256,512,delta,ok,0.05078125
trillionlabs/Tri-0.5B-Base,18,0.75,last_token,en,zh,r10,256,512,raw,ok,0.921875
trillionlabs/Tri-0.5B-Base,18,0.75,last_token,en,zh,r10,256,512,aligned,ok,0.9375
trillionlabs/Tri-0.5B-Base,18,0.75,last_token,en,zh,r10,256,512,delta,ok,0.015625
trillionlabs/Tri-0.5B-Base,18,0.75,last_token,en,zh,mrr,256,512,raw,ok,0.7400608352032941
trillionlabs/Tri-0.5B-Base,18,0.75,last_token,en,zh,mrr,256,512,aligned,ok,0.8207747420585818
trillionlabs/Tri-0.5B-Base,18,0.75,last_token,en,zh,mrr,256,512,delta,ok,0.08071390685528768
trillionlabs/Tri-0.5B-Base,18,0.75,last_token,zh,en,r1,256,512,raw,ok,0.66796875
trillionlabs/Tri-0.5B-Base,18,0.75,last_token,zh,en,r1,256,512,aligned,ok,0.76171875
trillionlabs/Tri-0.5B-Base,18,0.75,last_token,zh,en,r1,256,512,delta,ok,0.09375
trillionlabs/Tri-0.5B-Base,18,0.75,last_token,zh,en,r5,256,512,raw,ok,0.86328125
trillionlabs/Tri-0.5B-Base,18,0.75,last_token,zh,en,r5,256,512,aligned,ok,0.9140625
trillionlabs/Tri-0.5B-Base,18,0.75,last_token,zh,en,r5,256,512,delta,ok,0.05078125
trillionlabs/Tri-0.5B-Base,18,0.75,last_token,zh,en,r10,256,512,raw,ok,0.908203125
trillionlabs/Tri-0.5B-Base,18,0.75,last_token,zh,en,r10,256,512,aligned,ok,0.958984375
trillionlabs/Tri-0.5B-Base,18,0.75,last_token,zh,en,r10,256,512,delta,ok,0.05078125
trillionlabs/Tri-0.5B-Base,18,0.75,last_token,zh,en,mrr,256,512,raw,ok,0.7565350490372234
trillionlabs/Tri-0.5B-Base,18,0.75,last_token,zh,en,mrr,256,512,aligned,ok,0.8268676177756933
trillionlabs/Tri-0.5B-Base,18,0.75,last_token,zh,en,mrr,256,512,delta,ok,0.07033256873846994
trillionlabs/Tri-0.5B-Base,18,0.75,last_token,ko,ja,r1,256,512,raw,ok,0.384765625
trillionlabs/Tri-0.5B-Base,18,0.75,last_token,ko,ja,r1,256,512,aligned,ok,0.517578125
trillionlabs/Tri-0.5B-Base,18,0.75,last_token,ko,ja,r1,256,512,delta,ok,0.1328125
trillionlabs/Tri-0.5B-Base,18,0.75,last_token,ko,ja,r5,256,512,raw,ok,0.54296875
trillionlabs/Tri-0.5B-Base,18,0.75,last_token,ko,ja,r5,256,512,aligned,ok,0.7578125
trillionlabs/Tri-0.5B-Base,18,0.75,last_token,ko,ja,r5,256,512,delta,ok,0.21484375
trillionlabs/Tri-0.5B-Base,18,0.75,last_token,ko,ja,r10,256,512,raw,ok,0.603515625
trillionlabs/Tri-0.5B-Base,18,0.75,last_token,ko,ja,r10,256,512,aligned,ok,0.818359375
trillionlabs/Tri-0.5B-Base,18,0.75,last_token,ko,ja,r10,256,512,delta,ok,0.21484375
trillionlabs/Tri-0.5B-Base,18,0.75,last_token,ko,ja,mrr,256,512,raw,ok,0.4612226342663232
trillionlabs/Tri-0.5B-Base,18,0.75,last_token,ko,ja,mrr,256,512,aligned,ok,0.6225593915842094
trillionlabs/Tri-0.5B-Base,18,0.75,last_token,ko,ja,mrr,256,512,delta,ok,0.16133675731788616
trillionlabs/Tri-0.5B-Base,18,0.75,last_token,ja,ko,r1,256,512,raw,ok,0.5546875
trillionlabs/Tri-0.5B-Base,18,0.75,last_token,ja,ko,r1,256,512,aligned,ok,0.486328125
trillionlabs/Tri-0.5B-Base,18,0.75,last_token,ja,ko,r1,256,512,delta,ok,-0.068359375
trillionlabs/Tri-0.5B-Base,18,0.75,last_token,ja,ko,r5,256,512,raw,ok,0.78125
trillionlabs/Tri-0.5B-Base,18,0.75,last_token,ja,ko,r5,256,512,aligned,ok,0.701171875
trillionlabs/Tri-0.5B-Base,18,0.75,last_token,ja,ko,r5,256,512,delta,ok,-0.080078125
trillionlabs/Tri-0.5B-Base,18,0.75,last_token,ja,ko,r10,256,512,raw,ok,0.837890625
trillionlabs/Tri-0.5B-Base,18,0.75,last_token,ja,ko,r10,256,512,aligned,ok,0.775390625
trillionlabs/Tri-0.5B-Base,18,0.75,last_token,ja,ko,r10,256,512,delta,ok,-0.0625
trillionlabs/Tri-0.5B-Base,18,0.75,last_token,ja,ko,mrr,256,512,raw,ok,0.6548201644071323
trillionlabs/Tri-0.5B-Base,18,0.75,last_token,ja,ko,mrr,256,512,aligned,ok,0.5922266165954431
trillionlabs/Tri-0.5B-Base,18,0.75,last_token,ja,ko,mrr,256,512,delta,ok,-0.06259354781168924
trillionlabs/Tri-0.5B-Base,18,0.75,last_token,ko,zh,r1,256,512,raw,ok,0.5625
trillionlabs/Tri-0.5B-Base,18,0.75,last_token,ko,zh,r1,256,512,aligned,ok,0.521484375
trillionlabs/Tri-0.5B-Base,18,0.75,last_token,ko,zh,r1,256,512,delta,ok,-0.041015625
trillionlabs/Tri-0.5B-Base,18,0.75,last_token,ko,zh,r5,256,512,raw,ok,0.75
trillionlabs/Tri-0.5B-Base,18,0.75,last_token,ko,zh,r5,256,512,aligned,ok,0.771484375
trillionlabs/Tri-0.5B-Base,18,0.75,last_token,ko,zh,r5,256,512,delta,ok,0.021484375
trillionlabs/Tri-0.5B-Base,18,0.75,last_token,ko,zh,r10,256,512,raw,ok,0.8203125
trillionlabs/Tri-0.5B-Base,18,0.75,last_token,ko,zh,r10,256,512,aligned,ok,0.8359375
trillionlabs/Tri-0.5B-Base,18,0.75,last_token,ko,zh,r10,256,512,delta,ok,0.015625
trillionlabs/Tri-0.5B-Base,18,0.75,last_token,ko,zh,mrr,256,512,raw,ok,0.6503753922914475
trillionlabs/Tri-0.5B-Base,18,0.75,last_token,ko,zh,mrr,256,512,aligned,ok,0.6321345570524881
trillionlabs/Tri-0.5B-Base,18,0.75,last_token,ko,zh,mrr,256,512,delta,ok,-0.018240835238959363
trillionlabs/Tri-0.5B-Base,18,0.75,last_token,zh,ko,r1,256,512,raw,ok,0.57421875
trillionlabs/Tri-0.5B-Base,18,0.75,last_token,zh,ko,r1,256,512,aligned,ok,0.53515625
trillionlabs/Tri-0.5B-Base,18,0.75,last_token,zh,ko,r1,256,512,delta,ok,-0.0390625
trillionlabs/Tri-0.5B-Base,18,0.75,last_token,zh,ko,r5,256,512,raw,ok,0.775390625
trillionlabs/Tri-0.5B-Base,18,0.75,last_token,zh,ko,r5,256,512,aligned,ok,0.76953125
trillionlabs/Tri-0.5B-Base,18,0.75,last_token,zh,ko,r5,256,512,delta,ok,-0.005859375
trillionlabs/Tri-0.5B-Base,18,0.75,last_token,zh,ko,r10,256,512,raw,ok,0.82421875
trillionlabs/Tri-0.5B-Base,18,0.75,last_token,zh,ko,r10,256,512,aligned,ok,0.837890625
trillionlabs/Tri-0.5B-Base,18,0.75,last_token,zh,ko,r10,256,512,delta,ok,0.013671875
trillionlabs/Tri-0.5B-Base,18,0.75,last_token,zh,ko,mrr,256,512,raw,ok,0.6657368395017247
trillionlabs/Tri-0.5B-Base,18,0.75,last_token,zh,ko,mrr,256,512,aligned,ok,0.6423199808581035
trillionlabs/Tri-0.5B-Base,18,0.75,last_token,zh,ko,mrr,256,512,delta,ok,-0.023416858643621197
trillionlabs/Tri-0.5B-Base,18,0.75,last_token,ja,zh,r1,256,512,raw,ok,0.58203125
trillionlabs/Tri-0.5B-Base,18,0.75,last_token,ja,zh,r1,256,512,aligned,ok,0.443359375
trillionlabs/Tri-0.5B-Base,18,0.75,last_token,ja,zh,r1,256,512,delta,ok,-0.138671875
trillionlabs/Tri-0.5B-Base,18,0.75,last_token,ja,zh,r5,256,512,raw,ok,0.80859375
trillionlabs/Tri-0.5B-Base,18,0.75,last_token,ja,zh,r5,256,512,aligned,ok,0.716796875
trillionlabs/Tri-0.5B-Base,18,0.75,last_token,ja,zh,r5,256,512,delta,ok,-0.091796875
trillionlabs/Tri-0.5B-Base,18,0.75,last_token,ja,zh,r10,256,512,raw,ok,0.87890625
trillionlabs/Tri-0.5B-Base,18,0.75,last_token,ja,zh,r10,256,512,aligned,ok,0.791015625
trillionlabs/Tri-0.5B-Base,18,0.75,last_token,ja,zh,r10,256,512,delta,ok,-0.087890625
trillionlabs/Tri-0.5B-Base,18,0.75,last_token,ja,zh,mrr,256,512,raw,ok,0.6832892203855033
trillionlabs/Tri-0.5B-Base,18,0.75,last_token,ja,zh,mrr,256,512,aligned,ok,0.568360632077018
trillionlabs/Tri-0.5B-Base,18,0.75,last_token,ja,zh,mrr,256,512,delta,ok,-0.11492858830848529
trillionlabs/Tri-0.5B-Base,18,0.75,last_token,zh,ja,r1,256,512,raw,ok,0.384765625
trillionlabs/Tri-0.5B-Base,18,0.75,last_token,zh,ja,r1,256,512,aligned,ok,0.498046875
trillionlabs/Tri-0.5B-Base,18,0.75,last_token,zh,ja,r1,256,512,delta,ok,0.11328125
trillionlabs/Tri-0.5B-Base,18,0.75,last_token,zh,ja,r5,256,512,raw,ok,0.55078125
trillionlabs/Tri-0.5B-Base,18,0.75,last_token,zh,ja,r5,256,512,aligned,ok,0.751953125
trillionlabs/Tri-0.5B-Base,18,0.75,last_token,zh,ja,r5,256,512,delta,ok,0.201171875
trillionlabs/Tri-0.5B-Base,18,0.75,last_token,zh,ja,r10,256,512,raw,ok,0.595703125
trillionlabs/Tri-0.5B-Base,18,0.75,last_token,zh,ja,r10,256,512,aligned,ok,0.814453125
trillionlabs/Tri-0.5B-Base,18,0.75,last_token,zh,ja,r10,256,512,delta,ok,0.21875
trillionlabs/Tri-0.5B-Base,18,0.75,last_token,zh,ja,mrr,256,512,raw,ok,0.4626223874045362
trillionlabs/Tri-0.5B-Base,18,0.75,last_token,zh,ja,mrr,256,512,aligned,ok,0.6095993855503291
trillionlabs/Tri-0.5B-Base,18,0.75,last_token,zh,ja,mrr,256,512,delta,ok,0.1469769981457929
trillionlabs/Tri-0.5B-Base,19,0.7916666666666666,last_token,en,ko,r1,256,512,raw,ok,0.7109375
trillionlabs/Tri-0.5B-Base,19,0.7916666666666666,last_token,en,ko,r1,256,512,aligned,ok,0.6875
trillionlabs/Tri-0.5B-Base,19,0.7916666666666666,last_token,en,ko,r1,256,512,delta,ok,-0.0234375
trillionlabs/Tri-0.5B-Base,19,0.7916666666666666,last_token,en,ko,r5,256,512,raw,ok,0.865234375
trillionlabs/Tri-0.5B-Base,19,0.7916666666666666,last_token,en,ko,r5,256,512,aligned,ok,0.861328125
trillionlabs/Tri-0.5B-Base,19,0.7916666666666666,last_token,en,ko,r5,256,512,delta,ok,-0.00390625
trillionlabs/Tri-0.5B-Base,19,0.7916666666666666,last_token,en,ko,r10,256,512,raw,ok,0.896484375
trillionlabs/Tri-0.5B-Base,19,0.7916666666666666,last_token,en,ko,r10,256,512,aligned,ok,0.90625
trillionlabs/Tri-0.5B-Base,19,0.7916666666666666,last_token,en,ko,r10,256,512,delta,ok,0.009765625
trillionlabs/Tri-0.5B-Base,19,0.7916666666666666,last_token,en,ko,mrr,256,512,raw,ok,0.7788378333924151
trillionlabs/Tri-0.5B-Base,19,0.7916666666666666,last_token,en,ko,mrr,256,512,aligned,ok,0.7661694121018789
trillionlabs/Tri-0.5B-Base,19,0.7916666666666666,last_token,en,ko,mrr,256,512,delta,ok,-0.012668421290536136
trillionlabs/Tri-0.5B-Base,19,0.7916666666666666,last_token,ko,en,r1,256,512,raw,ok,0.705078125
trillionlabs/Tri-0.5B-Base,19,0.7916666666666666,last_token,ko,en,r1,256,512,aligned,ok,0.693359375
trillionlabs/Tri-0.5B-Base,19,0.7916666666666666,last_token,ko,en,r1,256,512,delta,ok,-0.01171875
trillionlabs/Tri-0.5B-Base,19,0.7916666666666666,last_token,ko,en,r5,256,512,raw,ok,0.8671875
trillionlabs/Tri-0.5B-Base,19,0.7916666666666666,last_token,ko,en,r5,256,512,aligned,ok,0.8671875
trillionlabs/Tri-0.5B-Base,19,0.7916666666666666,last_token,ko,en,r5,256,512,delta,ok,0.0
trillionlabs/Tri-0.5B-Base,19,0.7916666666666666,last_token,ko,en,r10,256,512,raw,ok,0.8984375
trillionlabs/Tri-0.5B-Base,19,0.7916666666666666,last_token,ko,en,r10,256,512,aligned,ok,0.916015625
trillionlabs/Tri-0.5B-Base,19,0.7916666666666666,last_token,ko,en,r10,256,512,delta,ok,0.017578125
trillionlabs/Tri-0.5B-Base,19,0.7916666666666666,last_token,ko,en,mrr,256,512,raw,ok,0.7781282293132317
trillionlabs/Tri-0.5B-Base,19,0.7916666666666666,last_token,ko,en,mrr,256,512,aligned,ok,0.7699548486736093
trillionlabs/Tri-0.5B-Base,19,0.7916666666666666,last_token,ko,en,mrr,256,512,delta,ok,-0.008173380639622363
trillionlabs/Tri-0.5B-Base,19,0.7916666666666666,last_token,en,ja,r1,256,512,raw,ok,0.41796875
trillionlabs/Tri-0.5B-Base,19,0.7916666666666666,last_token,en,ja,r1,256,512,aligned,ok,0.55859375
trillionlabs/Tri-0.5B-Base,19,0.7916666666666666,last_token,en,ja,r1,256,512,delta,ok,0.140625
trillionlabs/Tri-0.5B-Base,19,0.7916666666666666,last_token,en,ja,r5,256,512,raw,ok,0.6484375
trillionlabs/Tri-0.5B-Base,19,0.7916666666666666,last_token,en,ja,r5,256,512,aligned,ok,0.794921875
trillionlabs/Tri-0.5B-Base,19,0.7916666666666666,last_token,en,ja,r5,256,512,delta,ok,0.146484375
trillionlabs/Tri-0.5B-Base,19,0.7916666666666666,last_token,en,ja,r10,256,512,raw,ok,0.6953125
trillionlabs/Tri-0.5B-Base,19,0.7916666666666666,last_token,en,ja,r10,256,512,aligned,ok,0.87890625
trillionlabs/Tri-0.5B-Base,19,0.7916666666666666,last_token,en,ja,r10,256,512,delta,ok,0.18359375
trillionlabs/Tri-0.5B-Base,19,0.7916666666666666,last_token,en,ja,mrr,256,512,raw,ok,0.5146228410236546
trillionlabs/Tri-0.5B-Base,19,0.7916666666666666,last_token,en,ja,mrr,256,512,aligned,ok,0.6635757615593664
trillionlabs/Tri-0.5B-Base,19,0.7916666666666666,last_token,en,ja,mrr,256,512,delta,ok,0.14895292053571174
trillionlabs/Tri-0.5B-Base,19,0.7916666666666666,last_token,ja,en,r1,256,512,raw,ok,0.591796875
trillionlabs/Tri-0.5B-Base,19,0.7916666666666666,last_token,ja,en,r1,256,512,aligned,ok,0.556640625
trillionlabs/Tri-0.5B-Base,19,0.7916666666666666,last_token,ja,en,r1,256,512,delta,ok,-0.03515625
trillionlabs/Tri-0.5B-Base,19,0.7916666666666666,last_token,ja,en,r5,256,512,raw,ok,0.84765625
trillionlabs/Tri-0.5B-Base,19,0.7916666666666666,last_token,ja,en,r5,256,512,aligned,ok,0.77734375
trillionlabs/Tri-0.5B-Base,19,0.7916666666666666,last_token,ja,en,r5,256,512,delta,ok,-0.0703125
trillionlabs/Tri-0.5B-Base,19,0.7916666666666666,last_token,ja,en,r10,256,512,raw,ok,0.892578125
trillionlabs/Tri-0.5B-Base,19,0.7916666666666666,last_token,ja,en,r10,256,512,aligned,ok,0.8515625
trillionlabs/Tri-0.5B-Base,19,0.7916666666666666,last_token,ja,en,r10,256,512,delta,ok,-0.041015625
trillionlabs/Tri-0.5B-Base,19,0.7916666666666666,last_token,ja,en,mrr,256,512,raw,ok,0.7040834106513011
trillionlabs/Tri-0.5B-Base,19,0.7916666666666666,last_token,ja,en,mrr,256,512,aligned,ok,0.6544155562577851
trillionlabs/Tri-0.5B-Base,19,0.7916666666666666,last_token,ja,en,mrr,256,512,delta,ok,-0.04966785439351595
trillionlabs/Tri-0.5B-Base,19,0.7916666666666666,last_token,en,zh,r1,256,512,raw,ok,0.6484375
trillionlabs/Tri-0.5B-Base,19,0.7916666666666666,last_token,en,zh,r1,256,512,aligned,ok,0.736328125
trillionlabs/Tri-0.5B-Base,19,0.7916666666666666,last_token,en,zh,r1,256,512,delta,ok,0.087890625
trillionlabs/Tri-0.5B-Base,19,0.7916666666666666,last_token,en,zh,r5,256,512,raw,ok,0.87109375
trillionlabs/Tri-0.5B-Base,19,0.7916666666666666,last_token,en,zh,r5,256,512,aligned,ok,0.923828125
trillionlabs/Tri-0.5B-Base,19,0.7916666666666666,last_token,en,zh,r5,256,512,delta,ok,0.052734375
trillionlabs/Tri-0.5B-Base,19,0.7916666666666666,last_token,en,zh,r10,256,512,raw,ok,0.9375
trillionlabs/Tri-0.5B-Base,19,0.7916666666666666,last_token,en,zh,r10,256,512,aligned,ok,0.958984375
trillionlabs/Tri-0.5B-Base,19,0.7916666666666666,last_token,en,zh,r10,256,512,delta,ok,0.021484375
trillionlabs/Tri-0.5B-Base,19,0.7916666666666666,last_token,en,zh,mrr,256,512,raw,ok,0.7458629618123629
trillionlabs/Tri-0.5B-Base,19,0.7916666666666666,last_token,en,zh,mrr,256,512,aligned,ok,0.8143165689527552
trillionlabs/Tri-0.5B-Base,19,0.7916666666666666,last_token,en,zh,mrr,256,512,delta,ok,0.06845360714039228
trillionlabs/Tri-0.5B-Base,19,0.7916666666666666,last_token,zh,en,r1,256,512,raw,ok,0.625
trillionlabs/Tri-0.5B-Base,19,0.7916666666666666,last_token,zh,en,r1,256,512,aligned,ok,0.76953125
trillionlabs/Tri-0.5B-Base,19,0.7916666666666666,last_token,zh,en,r1,256,512,delta,ok,0.14453125
trillionlabs/Tri-0.5B-Base,19,0.7916666666666666,last_token,zh,en,r5,256,512,raw,ok,0.890625
trillionlabs/Tri-0.5B-Base,19,0.7916666666666666,last_token,zh,en,r5,256,512,aligned,ok,0.931640625
trillionlabs/Tri-0.5B-Base,19,0.7916666666666666,last_token,zh,en,r5,256,512,delta,ok,0.041015625
trillionlabs/Tri-0.5B-Base,19,0.7916666666666666,last_token,zh,en,r10,256,512,raw,ok,0.919921875
trillionlabs/Tri-0.5B-Base,19,0.7916666666666666,last_token,zh,en,r10,256,512,aligned,ok,0.9609375
trillionlabs/Tri-0.5B-Base,19,0.7916666666666666,last_token,zh,en,r10,256,512,delta,ok,0.041015625
trillionlabs/Tri-0.5B-Base,19,0.7916666666666666,last_token,zh,en,mrr,256,512,raw,ok,0.7424121792533568
trillionlabs/Tri-0.5B-Base,19,0.7916666666666666,last_token,zh,en,mrr,256,512,aligned,ok,0.8392211333335063
trillionlabs/Tri-0.5B-Base,19,0.7916666666666666,last_token,zh,en,mrr,256,512,delta,ok,0.09680895408014956
trillionlabs/Tri-0.5B-Base,19,0.7916666666666666,last_token,ko,ja,r1,256,512,raw,ok,0.40234375
trillionlabs/Tri-0.5B-Base,19,0.7916666666666666,last_token,ko,ja,r1,256,512,aligned,ok,0.5625
trillionlabs/Tri-0.5B-Base,19,0.7916666666666666,last_token,ko,ja,r1,256,512,delta,ok,0.16015625
trillionlabs/Tri-0.5B-Base,19,0.7916666666666666,last_token,ko,ja,r5,256,512,raw,ok,0.556640625
trillionlabs/Tri-0.5B-Base,19,0.7916666666666666,last_token,ko,ja,r5,256,512,aligned,ok,0.755859375
trillionlabs/Tri-0.5B-Base,19,0.7916666666666666,last_token,ko,ja,r5,256,512,delta,ok,0.19921875
trillionlabs/Tri-0.5B-Base,19,0.7916666666666666,last_token,ko,ja,r10,256,512,raw,ok,0.60546875
trillionlabs/Tri-0.5B-Base,19,0.7916666666666666,last_token,ko,ja,r10,256,512,aligned,ok,0.826171875
trillionlabs/Tri-0.5B-Base,19,0.7916666666666666,last_token,ko,ja,r10,256,512,delta,ok,0.220703125
trillionlabs/Tri-0.5B-Base,19,0.7916666666666666,last_token,ko,ja,mrr,256,512,raw,ok,0.4750130748909707
trillionlabs/Tri-0.5B-Base,19,0.7916666666666666,last_token,ko,ja,mrr,256,512,aligned,ok,0.65249948173043
trillionlabs/Tri-0.5B-Base,19,0.7916666666666666,last_token,ko,ja,mrr,256,512,delta,ok,0.17748640683945932
trillionlabs/Tri-0.5B-Base,19,0.7916666666666666,last_token,ja,ko,r1,256,512,raw,ok,0.623046875
trillionlabs/Tri-0.5B-Base,19,0.7916666666666666,last_token,ja,ko,r1,256,512,aligned,ok,0.451171875
trillionlabs/Tri-0.5B-Base,19,0.7916666666666666,last_token,ja,ko,r1,256,512,delta,ok,-0.171875
trillionlabs/Tri-0.5B-Base,19,0.7916666666666666,last_token,ja,ko,r5,256,512,raw,ok,0.81640625
trillionlabs/Tri-0.5B-Base,19,0.7916666666666666,last_token,ja,ko,r5,256,512,aligned,ok,0.716796875
trillionlabs/Tri-0.5B-Base,19,0.7916666666666666,last_token,ja,ko,r5,256,512,delta,ok,-0.099609375
trillionlabs/Tri-0.5B-Base,19,0.7916666666666666,last_token,ja,ko,r10,256,512,raw,ok,0.87109375
trillionlabs/Tri-0.5B-Base,19,0.7916666666666666,last_token,ja,ko,r10,256,512,aligned,ok,0.791015625
trillionlabs/Tri-0.5B-Base,19,0.7916666666666666,last_token,ja,ko,r10,256,512,delta,ok,-0.080078125
trillionlabs/Tri-0.5B-Base,19,0.7916666666666666,last_token,ja,ko,mrr,256,512,raw,ok,0.7116418762934864
trillionlabs/Tri-0.5B-Base,19,0.7916666666666666,last_token,ja,ko,mrr,256,512,aligned,ok,0.5703120851156729
trillionlabs/Tri-0.5B-Base,19,0.7916666666666666,last_token,ja,ko,mrr,256,512,delta,ok,-0.14132979117781352
trillionlabs/Tri-0.5B-Base,19,0.7916666666666666,last_token,ko,zh,r1,256,512,raw,ok,0.5625
trillionlabs/Tri-0.5B-Base,19,0.7916666666666666,last_token,ko,zh,r1,256,512,aligned,ok,0.578125
trillionlabs/Tri-0.5B-Base,19,0.7916666666666666,last_token,ko,zh,r1,256,512,delta,ok,0.015625
trillionlabs/Tri-0.5B-Base,19,0.7916666666666666,last_token,ko,zh,r5,256,512,raw,ok,0.74609375
trillionlabs/Tri-0.5B-Base,19,0.7916666666666666,last_token,ko,zh,r5,256,512,aligned,ok,0.7890625
trillionlabs/Tri-0.5B-Base,19,0.7916666666666666,last_token,ko,zh,r5,256,512,delta,ok,0.04296875
trillionlabs/Tri-0.5B-Base,19,0.7916666666666666,last_token,ko,zh,r10,256,512,raw,ok,0.83203125
trillionlabs/Tri-0.5B-Base,19,0.7916666666666666,last_token,ko,zh,r10,256,512,aligned,ok,0.857421875
trillionlabs/Tri-0.5B-Base,19,0.7916666666666666,last_token,ko,zh,r10,256,512,delta,ok,0.025390625
trillionlabs/Tri-0.5B-Base,19,0.7916666666666666,last_token,ko,zh,mrr,256,512,raw,ok,0.6488401321535822
trillionlabs/Tri-0.5B-Base,19,0.7916666666666666,last_token,ko,zh,mrr,256,512,aligned,ok,0.6782757838577077
trillionlabs/Tri-0.5B-Base,19,0.7916666666666666,last_token,ko,zh,mrr,256,512,delta,ok,0.029435651704125543
trillionlabs/Tri-0.5B-Base,19,0.7916666666666666,last_token,zh,ko,r1,256,512,raw,ok,0.546875
trillionlabs/Tri-0.5B-Base,19,0.7916666666666666,last_token,zh,ko,r1,256,512,aligned,ok,0.576171875
trillionlabs/Tri-0.5B-Base,19,0.7916666666666666,last_token,zh,ko,r1,256,512,delta,ok,0.029296875
trillionlabs/Tri-0.5B-Base,19,0.7916666666666666,last_token,zh,ko,r5,256,512,raw,ok,0.755859375
trillionlabs/Tri-0.5B-Base,19,0.7916666666666666,last_token,zh,ko,r5,256,512,aligned,ok,0.78515625
trillionlabs/Tri-0.5B-Base,19,0.7916666666666666,last_token,zh,ko,r5,256,512,delta,ok,0.029296875
trillionlabs/Tri-0.5B-Base,19,0.7916666666666666,last_token,zh,ko,r10,256,512,raw,ok,0.8359375
trillionlabs/Tri-0.5B-Base,19,0.7916666666666666,last_token,zh,ko,r10,256,512,aligned,ok,0.869140625
trillionlabs/Tri-0.5B-Base,19,0.7916666666666666,last_token,zh,ko,r10,256,512,delta,ok,0.033203125
trillionlabs/Tri-0.5B-Base,19,0.7916666666666666,last_token,zh,ko,mrr,256,512,raw,ok,0.6480220499403954
trillionlabs/Tri-0.5B-Base,19,0.7916666666666666,last_token,zh,ko,mrr,256,512,aligned,ok,0.6766730866373473
trillionlabs/Tri-0.5B-Base,19,0.7916666666666666,last_token,zh,ko,mrr,256,512,delta,ok,0.028651036696951904
trillionlabs/Tri-0.5B-Base,19,0.7916666666666666,last_token,ja,zh,r1,256,512,raw,ok,0.673828125
trillionlabs/Tri-0.5B-Base,19,0.7916666666666666,last_token,ja,zh,r1,256,512,aligned,ok,0.41796875
trillionlabs/Tri-0.5B-Base,19,0.7916666666666666,last_token,ja,zh,r1,256,512,delta,ok,-0.255859375
trillionlabs/Tri-0.5B-Base,19,0.7916666666666666,last_token,ja,zh,r5,256,512,raw,ok,0.85546875
trillionlabs/Tri-0.5B-Base,19,0.7916666666666666,last_token,ja,zh,r5,256,512,aligned,ok,0.712890625
trillionlabs/Tri-0.5B-Base,19,0.7916666666666666,last_token,ja,zh,r5,256,512,delta,ok,-0.142578125
trillionlabs/Tri-0.5B-Base,19,0.7916666666666666,last_token,ja,zh,r10,256,512,raw,ok,0.916015625
trillionlabs/Tri-0.5B-Base,19,0.7916666666666666,last_token,ja,zh,r10,256,512,aligned,ok,0.802734375
trillionlabs/Tri-0.5B-Base,19,0.7916666666666666,last_token,ja,zh,r10,256,512,delta,ok,-0.11328125
trillionlabs/Tri-0.5B-Base,19,0.7916666666666666,last_token,ja,zh,mrr,256,512,raw,ok,0.7602975526870601
trillionlabs/Tri-0.5B-Base,19,0.7916666666666666,last_token,ja,zh,mrr,256,512,aligned,ok,0.5540519307121288
trillionlabs/Tri-0.5B-Base,19,0.7916666666666666,last_token,ja,zh,mrr,256,512,delta,ok,-0.20624562197493135
trillionlabs/Tri-0.5B-Base,19,0.7916666666666666,last_token,zh,ja,r1,256,512,raw,ok,0.4296875
trillionlabs/Tri-0.5B-Base,19,0.7916666666666666,last_token,zh,ja,r1,256,512,aligned,ok,0.498046875
trillionlabs/Tri-0.5B-Base,19,0.7916666666666666,last_token,zh,ja,r1,256,512,delta,ok,0.068359375
trillionlabs/Tri-0.5B-Base,19,0.7916666666666666,last_token,zh,ja,r5,256,512,raw,ok,0.5859375
trillionlabs/Tri-0.5B-Base,19,0.7916666666666666,last_token,zh,ja,r5,256,512,aligned,ok,0.765625
trillionlabs/Tri-0.5B-Base,19,0.7916666666666666,last_token,zh,ja,r5,256,512,delta,ok,0.1796875
trillionlabs/Tri-0.5B-Base,19,0.7916666666666666,last_token,zh,ja,r10,256,512,raw,ok,0.619140625
trillionlabs/Tri-0.5B-Base,19,0.7916666666666666,last_token,zh,ja,r10,256,512,aligned,ok,0.82421875
trillionlabs/Tri-0.5B-Base,19,0.7916666666666666,last_token,zh,ja,r10,256,512,delta,ok,0.205078125
trillionlabs/Tri-0.5B-Base,19,0.7916666666666666,last_token,zh,ja,mrr,256,512,raw,ok,0.5019929417593989
trillionlabs/Tri-0.5B-Base,19,0.7916666666666666,last_token,zh,ja,mrr,256,512,aligned,ok,0.6154995793537944
trillionlabs/Tri-0.5B-Base,19,0.7916666666666666,last_token,zh,ja,mrr,256,512,delta,ok,0.1135066375943955
trillionlabs/Tri-0.5B-Base,20,0.8333333333333334,last_token,en,ko,r1,256,512,raw,ok,0.78125
trillionlabs/Tri-0.5B-Base,20,0.8333333333333334,last_token,en,ko,r1,256,512,aligned,ok,0.7265625
trillionlabs/Tri-0.5B-Base,20,0.8333333333333334,last_token,en,ko,r1,256,512,delta,ok,-0.0546875
trillionlabs/Tri-0.5B-Base,20,0.8333333333333334,last_token,en,ko,r5,256,512,raw,ok,0.91015625
trillionlabs/Tri-0.5B-Base,20,0.8333333333333334,last_token,en,ko,r5,256,512,aligned,ok,0.900390625
trillionlabs/Tri-0.5B-Base,20,0.8333333333333334,last_token,en,ko,r5,256,512,delta,ok,-0.009765625
trillionlabs/Tri-0.5B-Base,20,0.8333333333333334,last_token,en,ko,r10,256,512,raw,ok,0.92578125
trillionlabs/Tri-0.5B-Base,20,0.8333333333333334,last_token,en,ko,r10,256,512,aligned,ok,0.921875
trillionlabs/Tri-0.5B-Base,20,0.8333333333333334,last_token,en,ko,r10,256,512,delta,ok,-0.00390625
trillionlabs/Tri-0.5B-Base,20,0.8333333333333334,last_token,en,ko,mrr,256,512,raw,ok,0.8395867516365942
trillionlabs/Tri-0.5B-Base,20,0.8333333333333334,last_token,en,ko,mrr,256,512,aligned,ok,0.802750991816437
trillionlabs/Tri-0.5B-Base,20,0.8333333333333334,last_token,en,ko,mrr,256,512,delta,ok,-0.03683575982015719
trillionlabs/Tri-0.5B-Base,20,0.8333333333333334,last_token,ko,en,r1,256,512,raw,ok,0.787109375
trillionlabs/Tri-0.5B-Base,20,0.8333333333333334,last_token,ko,en,r1,256,512,aligned,ok,0.734375
trillionlabs/Tri-0.5B-Base,20,0.8333333333333334,last_token,ko,en,r1,256,512,delta,ok,-0.052734375
trillionlabs/Tri-0.5B-Base,20,0.8333333333333334,last_token,ko,en,r5,256,512,raw,ok,0.904296875
trillionlabs/Tri-0.5B-Base,20,0.8333333333333334,last_token,ko,en,r5,256,512,aligned,ok,0.904296875
trillionlabs/Tri-0.5B-Base,20,0.8333333333333334,last_token,ko,en,r5,256,512,delta,ok,0.0
trillionlabs/Tri-0.5B-Base,20,0.8333333333333334,last_token,ko,en,r10,256,512,raw,ok,0.923828125
trillionlabs/Tri-0.5B-Base,20,0.8333333333333334,last_token,ko,en,r10,256,512,aligned,ok,0.943359375
trillionlabs/Tri-0.5B-Base,20,0.8333333333333334,last_token,ko,en,r10,256,512,delta,ok,0.01953125
trillionlabs/Tri-0.5B-Base,20,0.8333333333333334,last_token,ko,en,mrr,256,512,raw,ok,0.8402132350034437
trillionlabs/Tri-0.5B-Base,20,0.8333333333333334,last_token,ko,en,mrr,256,512,aligned,ok,0.8108679952888613
trillionlabs/Tri-0.5B-Base,20,0.8333333333333334,last_token,ko,en,mrr,256,512,delta,ok,-0.02934523971458236
trillionlabs/Tri-0.5B-Base,20,0.8333333333333334,last_token,en,ja,r1,256,512,raw,ok,0.58984375
trillionlabs/Tri-0.5B-Base,20,0.8333333333333334,last_token,en,ja,r1,256,512,aligned,ok,0.595703125
trillionlabs/Tri-0.5B-Base,20,0.8333333333333334,last_token,en,ja,r1,256,512,delta,ok,0.005859375
trillionlabs/Tri-0.5B-Base,20,0.8333333333333334,last_token,en,ja,r5,256,512,raw,ok,0.765625
trillionlabs/Tri-0.5B-Base,20,0.8333333333333334,last_token,en,ja,r5,256,512,aligned,ok,0.833984375
trillionlabs/Tri-0.5B-Base,20,0.8333333333333334,last_token,en,ja,r5,256,512,delta,ok,0.068359375
trillionlabs/Tri-0.5B-Base,20,0.8333333333333334,last_token,en,ja,r10,256,512,raw,ok,0.8046875
trillionlabs/Tri-0.5B-Base,20,0.8333333333333334,last_token,en,ja,r10,256,512,aligned,ok,0.91015625
trillionlabs/Tri-0.5B-Base,20,0.8333333333333334,last_token,en,ja,r10,256,512,delta,ok,0.10546875
trillionlabs/Tri-0.5B-Base,20,0.8333333333333334,last_token,en,ja,mrr,256,512,raw,ok,0.6673191663586888
trillionlabs/Tri-0.5B-Base,20,0.8333333333333334,last_token,en,ja,mrr,256,512,aligned,ok,0.6985290701662324
trillionlabs/Tri-0.5B-Base,20,0.8333333333333334,last_token,en,ja,mrr,256,512,delta,ok,0.031209903807543626
trillionlabs/Tri-0.5B-Base,20,0.8333333333333334,last_token,ja,en,r1,256,512,raw,ok,0.705078125
trillionlabs/Tri-0.5B-Base,20,0.8333333333333334,last_token,ja,en,r1,256,512,aligned,ok,0.564453125
trillionlabs/Tri-0.5B-Base,20,0.8333333333333334,last_token,ja,en,r1,256,512,delta,ok,-0.140625
trillionlabs/Tri-0.5B-Base,20,0.8333333333333334,last_token,ja,en,r5,256,512,raw,ok,0.8984375
trillionlabs/Tri-0.5B-Base,20,0.8333333333333334,last_token,ja,en,r5,256,512,aligned,ok,0.802734375
trillionlabs/Tri-0.5B-Base,20,0.8333333333333334,last_token,ja,en,r5,256,512,delta,ok,-0.095703125
trillionlabs/Tri-0.5B-Base,20,0.8333333333333334,last_token,ja,en,r10,256,512,raw,ok,0.9296875
trillionlabs/Tri-0.5B-Base,20,0.8333333333333334,last_token,ja,en,r10,256,512,aligned,ok,0.875
trillionlabs/Tri-0.5B-Base,20,0.8333333333333334,last_token,ja,en,r10,256,512,delta,ok,-0.0546875
trillionlabs/Tri-0.5B-Base,20,0.8333333333333334,last_token,ja,en,mrr,256,512,raw,ok,0.7917060524589907
trillionlabs/Tri-0.5B-Base,20,0.8333333333333334,last_token,ja,en,mrr,256,512,aligned,ok,0.6737244621172471
trillionlabs/Tri-0.5B-Base,20,0.8333333333333334,last_token,ja,en,mrr,256,512,delta,ok,-0.1179815903417436
trillionlabs/Tri-0.5B-Base,20,0.8333333333333334,last_token,en,zh,r1,256,512,raw,ok,0.798828125
trillionlabs/Tri-0.5B-Base,20,0.8333333333333334,last_token,en,zh,r1,256,512,aligned,ok,0.775390625
trillionlabs/Tri-0.5B-Base,20,0.8333333333333334,last_token,en,zh,r1,256,512,delta,ok,-0.0234375
trillionlabs/Tri-0.5B-Base,20,0.8333333333333334,last_token,en,zh,r5,256,512,raw,ok,0.947265625
trillionlabs/Tri-0.5B-Base,20,0.8333333333333334,last_token,en,zh,r5,256,512,aligned,ok,0.951171875
trillionlabs/Tri-0.5B-Base,20,0.8333333333333334,last_token,en,zh,r5,256,512,delta,ok,0.00390625
trillionlabs/Tri-0.5B-Base,20,0.8333333333333334,last_token,en,zh,r10,256,512,raw,ok,0.96875
trillionlabs/Tri-0.5B-Base,20,0.8333333333333334,last_token,en,zh,r10,256,512,aligned,ok,0.978515625
trillionlabs/Tri-0.5B-Base,20,0.8333333333333334,last_token,en,zh,r10,256,512,delta,ok,0.009765625
trillionlabs/Tri-0.5B-Base,20,0.8333333333333334,last_token,en,zh,mrr,256,512,raw,ok,0.8642383672428418
trillionlabs/Tri-0.5B-Base,20,0.8333333333333334,last_token,en,zh,mrr,256,512,aligned,ok,0.8513545272329459
trillionlabs/Tri-0.5B-Base,20,0.8333333333333334,last_token,en,zh,mrr,256,512,delta,ok,-0.012883840009895842
trillionlabs/Tri-0.5B-Base,20,0.8333333333333334,last_token,zh,en,r1,256,512,raw,ok,0.771484375
trillionlabs/Tri-0.5B-Base,20,0.8333333333333334,last_token,zh,en,r1,256,512,aligned,ok,0.80078125
trillionlabs/Tri-0.5B-Base,20,0.8333333333333334,last_token,zh,en,r1,256,512,delta,ok,0.029296875
trillionlabs/Tri-0.5B-Base,20,0.8333333333333334,last_token,zh,en,r5,256,512,raw,ok,0.923828125
trillionlabs/Tri-0.5B-Base,20,0.8333333333333334,last_token,zh,en,r5,256,512,aligned,ok,0.951171875
trillionlabs/Tri-0.5B-Base,20,0.8333333333333334,last_token,zh,en,r5,256,512,delta,ok,0.02734375
trillionlabs/Tri-0.5B-Base,20,0.8333333333333334,last_token,zh,en,r10,256,512,raw,ok,0.953125
trillionlabs/Tri-0.5B-Base,20,0.8333333333333334,last_token,zh,en,r10,256,512,aligned,ok,0.982421875
trillionlabs/Tri-0.5B-Base,20,0.8333333333333334,last_token,zh,en,r10,256,512,delta,ok,0.029296875
trillionlabs/Tri-0.5B-Base,20,0.8333333333333334,last_token,zh,en,mrr,256,512,raw,ok,0.8419994791823658
trillionlabs/Tri-0.5B-Base,20,0.8333333333333334,last_token,zh,en,mrr,256,512,aligned,ok,0.8643078031994048
trillionlabs/Tri-0.5B-Base,20,0.8333333333333334,last_token,zh,en,mrr,256,512,delta,ok,0.022308324017038972
trillionlabs/Tri-0.5B-Base,20,0.8333333333333334,last_token,ko,ja,r1,256,512,raw,ok,0.5390625
trillionlabs/Tri-0.5B-Base,20,0.8333333333333334,last_token,ko,ja,r1,256,512,aligned,ok,0.607421875
trillionlabs/Tri-0.5B-Base,20,0.8333333333333334,last_token,ko,ja,r1,256,512,delta,ok,0.068359375
trillionlabs/Tri-0.5B-Base,20,0.8333333333333334,last_token,ko,ja,r5,256,512,raw,ok,0.650390625
trillionlabs/Tri-0.5B-Base,20,0.8333333333333334,last_token,ko,ja,r5,256,512,aligned,ok,0.7890625
trillionlabs/Tri-0.5B-Base,20,0.8333333333333334,last_token,ko,ja,r5,256,512,delta,ok,0.138671875
trillionlabs/Tri-0.5B-Base,20,0.8333333333333334,last_token,ko,ja,r10,256,512,raw,ok,0.685546875
trillionlabs/Tri-0.5B-Base,20,0.8333333333333334,last_token,ko,ja,r10,256,512,aligned,ok,0.841796875
trillionlabs/Tri-0.5B-Base,20,0.8333333333333334,last_token,ko,ja,r10,256,512,delta,ok,0.15625
trillionlabs/Tri-0.5B-Base,20,0.8333333333333334,last_token,ko,ja,mrr,256,512,raw,ok,0.593860334454674
trillionlabs/Tri-0.5B-Base,20,0.8333333333333334,last_token,ko,ja,mrr,256,512,aligned,ok,0.693031755853159
trillionlabs/Tri-0.5B-Base,20,0.8333333333333334,last_token,ko,ja,mrr,256,512,delta,ok,0.099171421398485
trillionlabs/Tri-0.5B-Base,20,0.8333333333333334,last_token,ja,ko,r1,256,512,raw,ok,0.705078125
trillionlabs/Tri-0.5B-Base,20,0.8333333333333334,last_token,ja,ko,r1,256,512,aligned,ok,0.525390625
trillionlabs/Tri-0.5B-Base,20,0.8333333333333334,last_token,ja,ko,r1,256,512,delta,ok,-0.1796875
trillionlabs/Tri-0.5B-Base,20,0.8333333333333334,last_token,ja,ko,r5,256,512,raw,ok,0.85546875
trillionlabs/Tri-0.5B-Base,20,0.8333333333333334,last_token,ja,ko,r5,256,512,aligned,ok,0.7578125
trillionlabs/Tri-0.5B-Base,20,0.8333333333333334,last_token,ja,ko,r5,256,512,delta,ok,-0.09765625
trillionlabs/Tri-0.5B-Base,20,0.8333333333333334,last_token,ja,ko,r10,256,512,raw,ok,0.900390625
trillionlabs/Tri-0.5B-Base,20,0.8333333333333334,last_token,ja,ko,r10,256,512,aligned,ok,0.806640625
trillionlabs/Tri-0.5B-Base,20,0.8333333333333334,last_token,ja,ko,r10,256,512,delta,ok,-0.09375
trillionlabs/Tri-0.5B-Base,20,0.8333333333333334,last_token,ja,ko,mrr,256,512,raw,ok,0.7733615661245774
trillionlabs/Tri-0.5B-Base,20,0.8333333333333334,last_token,ja,ko,mrr,256,512,aligned,ok,0.6286472151805271
trillionlabs/Tri-0.5B-Base,20,0.8333333333333334,last_token,ja,ko,mrr,256,512,delta,ok,-0.14471435094405027
trillionlabs/Tri-0.5B-Base,20,0.8333333333333334,last_token,ko,zh,r1,256,512,raw,ok,0.6875
trillionlabs/Tri-0.5B-Base,20,0.8333333333333334,last_token,ko,zh,r1,256,512,aligned,ok,0.642578125
trillionlabs/Tri-0.5B-Base,20,0.8333333333333334,last_token,ko,zh,r1,256,512,delta,ok,-0.044921875
trillionlabs/Tri-0.5B-Base,20,0.8333333333333334,last_token,ko,zh,r5,256,512,raw,ok,0.85546875
trillionlabs/Tri-0.5B-Base,20,0.8333333333333334,last_token,ko,zh,r5,256,512,aligned,ok,0.841796875
trillionlabs/Tri-0.5B-Base,20,0.8333333333333334,last_token,ko,zh,r5,256,512,delta,ok,-0.013671875
trillionlabs/Tri-0.5B-Base,20,0.8333333333333334,last_token,ko,zh,r10,256,512,raw,ok,0.888671875
trillionlabs/Tri-0.5B-Base,20,0.8333333333333334,last_token,ko,zh,r10,256,512,aligned,ok,0.90234375
trillionlabs/Tri-0.5B-Base,20,0.8333333333333334,last_token,ko,zh,r10,256,512,delta,ok,0.013671875
trillionlabs/Tri-0.5B-Base,20,0.8333333333333334,last_token,ko,zh,mrr,256,512,raw,ok,0.7627404640455617
trillionlabs/Tri-0.5B-Base,20,0.8333333333333334,last_token,ko,zh,mrr,256,512,aligned,ok,0.7332165100818422
trillionlabs/Tri-0.5B-Base,20,0.8333333333333334,last_token,ko,zh,mrr,256,512,delta,ok,-0.02952395396371954
trillionlabs/Tri-0.5B-Base,20,0.8333333333333334,last_token,zh,ko,r1,256,512,raw,ok,0.666015625
trillionlabs/Tri-0.5B-Base,20,0.8333333333333334,last_token,zh,ko,r1,256,512,aligned,ok,0.619140625
trillionlabs/Tri-0.5B-Base,20,0.8333333333333334,last_token,zh,ko,r1,256,512,delta,ok,-0.046875
trillionlabs/Tri-0.5B-Base,20,0.8333333333333334,last_token,zh,ko,r5,256,512,raw,ok,0.859375
trillionlabs/Tri-0.5B-Base,20,0.8333333333333334,last_token,zh,ko,r5,256,512,aligned,ok,0.8515625
trillionlabs/Tri-0.5B-Base,20,0.8333333333333334,last_token,zh,ko,r5,256,512,delta,ok,-0.0078125
trillionlabs/Tri-0.5B-Base,20,0.8333333333333334,last_token,zh,ko,r10,256,512,raw,ok,0.892578125
trillionlabs/Tri-0.5B-Base,20,0.8333333333333334,last_token,zh,ko,r10,256,512,aligned,ok,0.912109375
trillionlabs/Tri-0.5B-Base,20,0.8333333333333334,last_token,zh,ko,r10,256,512,delta,ok,0.01953125
trillionlabs/Tri-0.5B-Base,20,0.8333333333333334,last_token,zh,ko,mrr,256,512,raw,ok,0.7485993425301012
trillionlabs/Tri-0.5B-Base,20,0.8333333333333334,last_token,zh,ko,mrr,256,512,aligned,ok,0.7238790301333667
trillionlabs/Tri-0.5B-Base,20,0.8333333333333334,last_token,zh,ko,mrr,256,512,delta,ok,-0.024720312396734445
trillionlabs/Tri-0.5B-Base,20,0.8333333333333334,last_token,ja,zh,r1,256,512,raw,ok,0.73828125
trillionlabs/Tri-0.5B-Base,20,0.8333333333333334,last_token,ja,zh,r1,256,512,aligned,ok,0.48046875
trillionlabs/Tri-0.5B-Base,20,0.8333333333333334,last_token,ja,zh,r1,256,512,delta,ok,-0.2578125
trillionlabs/Tri-0.5B-Base,20,0.8333333333333334,last_token,ja,zh,r5,256,512,raw,ok,0.90234375
trillionlabs/Tri-0.5B-Base,20,0.8333333333333334,last_token,ja,zh,r5,256,512,aligned,ok,0.74609375
trillionlabs/Tri-0.5B-Base,20,0.8333333333333334,last_token,ja,zh,r5,256,512,delta,ok,-0.15625
trillionlabs/Tri-0.5B-Base,20,0.8333333333333334,last_token,ja,zh,r10,256,512,raw,ok,0.931640625
trillionlabs/Tri-0.5B-Base,20,0.8333333333333334,last_token,ja,zh,r10,256,512,aligned,ok,0.8359375
trillionlabs/Tri-0.5B-Base,20,0.8333333333333334,last_token,ja,zh,r10,256,512,delta,ok,-0.095703125
trillionlabs/Tri-0.5B-Base,20,0.8333333333333334,last_token,ja,zh,mrr,256,512,raw,ok,0.8110238682021305
trillionlabs/Tri-0.5B-Base,20,0.8333333333333334,last_token,ja,zh,mrr,256,512,aligned,ok,0.606993730974819
trillionlabs/Tri-0.5B-Base,20,0.8333333333333334,last_token,ja,zh,mrr,256,512,delta,ok,-0.20403013722731145
trillionlabs/Tri-0.5B-Base,20,0.8333333333333334,last_token,zh,ja,r1,256,512,raw,ok,0.5078125
trillionlabs/Tri-0.5B-Base,20,0.8333333333333334,last_token,zh,ja,r1,256,512,aligned,ok,0.552734375
trillionlabs/Tri-0.5B-Base,20,0.8333333333333334,last_token,zh,ja,r1,256,512,delta,ok,0.044921875
trillionlabs/Tri-0.5B-Base,20,0.8333333333333334,last_token,zh,ja,r5,256,512,raw,ok,0.654296875
trillionlabs/Tri-0.5B-Base,20,0.8333333333333334,last_token,zh,ja,r5,256,512,aligned,ok,0.798828125
trillionlabs/Tri-0.5B-Base,20,0.8333333333333334,last_token,zh,ja,r5,256,512,delta,ok,0.14453125
trillionlabs/Tri-0.5B-Base,20,0.8333333333333334,last_token,zh,ja,r10,256,512,raw,ok,0.6953125
trillionlabs/Tri-0.5B-Base,20,0.8333333333333334,last_token,zh,ja,r10,256,512,aligned,ok,0.8671875
trillionlabs/Tri-0.5B-Base,20,0.8333333333333334,last_token,zh,ja,r10,256,512,delta,ok,0.171875
trillionlabs/Tri-0.5B-Base,20,0.8333333333333334,last_token,zh,ja,mrr,256,512,raw,ok,0.577135101910109
trillionlabs/Tri-0.5B-Base,20,0.8333333333333334,last_token,zh,ja,mrr,256,512,aligned,ok,0.6661227866126436
trillionlabs/Tri-0.5B-Base,20,0.8333333333333334,last_token,zh,ja,mrr,256,512,delta,ok,0.0889876847025346
trillionlabs/Tri-0.5B-Base,21,0.875,last_token,en,ko,r1,256,512,raw,ok,0.736328125
trillionlabs/Tri-0.5B-Base,21,0.875,last_token,en,ko,r1,256,512,aligned,ok,0.708984375
trillionlabs/Tri-0.5B-Base,21,0.875,last_token,en,ko,r1,256,512,delta,ok,-0.02734375
trillionlabs/Tri-0.5B-Base,21,0.875,last_token,en,ko,r5,256,512,raw,ok,0.888671875
trillionlabs/Tri-0.5B-Base,21,0.875,last_token,en,ko,r5,256,512,aligned,ok,0.890625
trillionlabs/Tri-0.5B-Base,21,0.875,last_token,en,ko,r5,256,512,delta,ok,0.001953125
trillionlabs/Tri-0.5B-Base,21,0.875,last_token,en,ko,r10,256,512,raw,ok,0.91796875
trillionlabs/Tri-0.5B-Base,21,0.875,last_token,en,ko,r10,256,512,aligned,ok,0.92578125
trillionlabs/Tri-0.5B-Base,21,0.875,last_token,en,ko,r10,256,512,delta,ok,0.0078125
trillionlabs/Tri-0.5B-Base,21,0.875,last_token,en,ko,mrr,256,512,raw,ok,0.8058495188411249
trillionlabs/Tri-0.5B-Base,21,0.875,last_token,en,ko,mrr,256,512,aligned,ok,0.7924018009735508
trillionlabs/Tri-0.5B-Base,21,0.875,last_token,en,ko,mrr,256,512,delta,ok,-0.013447717867574038
trillionlabs/Tri-0.5B-Base,21,0.875,last_token,ko,en,r1,256,512,raw,ok,0.759765625
trillionlabs/Tri-0.5B-Base,21,0.875,last_token,ko,en,r1,256,512,aligned,ok,0.712890625
trillionlabs/Tri-0.5B-Base,21,0.875,last_token,ko,en,r1,256,512,delta,ok,-0.046875
trillionlabs/Tri-0.5B-Base,21,0.875,last_token,ko,en,r5,256,512,raw,ok,0.892578125
trillionlabs/Tri-0.5B-Base,21,0.875,last_token,ko,en,r5,256,512,aligned,ok,0.912109375
trillionlabs/Tri-0.5B-Base,21,0.875,last_token,ko,en,r5,256,512,delta,ok,0.01953125
trillionlabs/Tri-0.5B-Base,21,0.875,last_token,ko,en,r10,256,512,raw,ok,0.919921875
trillionlabs/Tri-0.5B-Base,21,0.875,last_token,ko,en,r10,256,512,aligned,ok,0.943359375
trillionlabs/Tri-0.5B-Base,21,0.875,last_token,ko,en,r10,256,512,delta,ok,0.0234375
trillionlabs/Tri-0.5B-Base,21,0.875,last_token,ko,en,mrr,256,512,raw,ok,0.8202131326152262
trillionlabs/Tri-0.5B-Base,21,0.875,last_token,ko,en,mrr,256,512,aligned,ok,0.7971651869702305
trillionlabs/Tri-0.5B-Base,21,0.875,last_token,ko,en,mrr,256,512,delta,ok,-0.023047945644995682
trillionlabs/Tri-0.5B-Base,21,0.875,last_token,en,ja,r1,256,512,raw,ok,0.5390625
trillionlabs/Tri-0.5B-Base,21,0.875,last_token,en,ja,r1,256,512,aligned,ok,0.587890625
trillionlabs/Tri-0.5B-Base,21,0.875,last_token,en,ja,r1,256,512,delta,ok,0.048828125
trillionlabs/Tri-0.5B-Base,21,0.875,last_token,en,ja,r5,256,512,raw,ok,0.74609375
trillionlabs/Tri-0.5B-Base,21,0.875,last_token,en,ja,r5,256,512,aligned,ok,0.826171875
trillionlabs/Tri-0.5B-Base,21,0.875,last_token,en,ja,r5,256,512,delta,ok,0.080078125
trillionlabs/Tri-0.5B-Base,21,0.875,last_token,en,ja,r10,256,512,raw,ok,0.798828125
trillionlabs/Tri-0.5B-Base,21,0.875,last_token,en,ja,r10,256,512,aligned,ok,0.892578125
trillionlabs/Tri-0.5B-Base,21,0.875,last_token,en,ja,r10,256,512,delta,ok,0.09375
trillionlabs/Tri-0.5B-Base,21,0.875,last_token,en,ja,mrr,256,512,raw,ok,0.6313859691124815
trillionlabs/Tri-0.5B-Base,21,0.875,last_token,en,ja,mrr,256,512,aligned,ok,0.6934192593901711
trillionlabs/Tri-0.5B-Base,21,0.875,last_token,en,ja,mrr,256,512,delta,ok,0.06203329027768967
trillionlabs/Tri-0.5B-Base,21,0.875,last_token,ja,en,r1,256,512,raw,ok,0.654296875
trillionlabs/Tri-0.5B-Base,21,0.875,last_token,ja,en,r1,256,512,aligned,ok,0.51953125
trillionlabs/Tri-0.5B-Base,21,0.875,last_token,ja,en,r1,256,512,delta,ok,-0.134765625
trillionlabs/Tri-0.5B-Base,21,0.875,last_token,ja,en,r5,256,512,raw,ok,0.890625
trillionlabs/Tri-0.5B-Base,21,0.875,last_token,ja,en,r5,256,512,aligned,ok,0.76171875
trillionlabs/Tri-0.5B-Base,21,0.875,last_token,ja,en,r5,256,512,delta,ok,-0.12890625
trillionlabs/Tri-0.5B-Base,21,0.875,last_token,ja,en,r10,256,512,raw,ok,0.9296875
trillionlabs/Tri-0.5B-Base,21,0.875,last_token,ja,en,r10,256,512,aligned,ok,0.84765625
trillionlabs/Tri-0.5B-Base,21,0.875,last_token,ja,en,r10,256,512,delta,ok,-0.08203125
trillionlabs/Tri-0.5B-Base,21,0.875,last_token,ja,en,mrr,256,512,raw,ok,0.7591174035942885
trillionlabs/Tri-0.5B-Base,21,0.875,last_token,ja,en,mrr,256,512,aligned,ok,0.6358966924441851
trillionlabs/Tri-0.5B-Base,21,0.875,last_token,ja,en,mrr,256,512,delta,ok,-0.12322071115010336
trillionlabs/Tri-0.5B-Base,21,0.875,last_token,en,zh,r1,256,512,raw,ok,0.73046875
trillionlabs/Tri-0.5B-Base,21,0.875,last_token,en,zh,r1,256,512,aligned,ok,0.75390625
trillionlabs/Tri-0.5B-Base,21,0.875,last_token,en,zh,r1,256,512,delta,ok,0.0234375
trillionlabs/Tri-0.5B-Base,21,0.875,last_token,en,zh,r5,256,512,raw,ok,0.912109375
trillionlabs/Tri-0.5B-Base,21,0.875,last_token,en,zh,r5,256,512,aligned,ok,0.9453125
trillionlabs/Tri-0.5B-Base,21,0.875,last_token,en,zh,r5,256,512,delta,ok,0.033203125
trillionlabs/Tri-0.5B-Base,21,0.875,last_token,en,zh,r10,256,512,raw,ok,0.9453125
trillionlabs/Tri-0.5B-Base,21,0.875,last_token,en,zh,r10,256,512,aligned,ok,0.98046875
trillionlabs/Tri-0.5B-Base,21,0.875,last_token,en,zh,r10,256,512,delta,ok,0.03515625
trillionlabs/Tri-0.5B-Base,21,0.875,last_token,en,zh,mrr,256,512,raw,ok,0.809526370163005
trillionlabs/Tri-0.5B-Base,21,0.875,last_token,en,zh,mrr,256,512,aligned,ok,0.8367097754561776
trillionlabs/Tri-0.5B-Base,21,0.875,last_token,en,zh,mrr,256,512,delta,ok,0.027183405293172647
trillionlabs/Tri-0.5B-Base,21,0.875,last_token,zh,en,r1,256,512,raw,ok,0.7421875
trillionlabs/Tri-0.5B-Base,21,0.875,last_token,zh,en,r1,256,512,aligned,ok,0.794921875
trillionlabs/Tri-0.5B-Base,21,0.875,last_token,zh,en,r1,256,512,delta,ok,0.052734375
trillionlabs/Tri-0.5B-Base,21,0.875,last_token,zh,en,r5,256,512,raw,ok,0.927734375
trillionlabs/Tri-0.5B-Base,21,0.875,last_token,zh,en,r5,256,512,aligned,ok,0.958984375
trillionlabs/Tri-0.5B-Base,21,0.875,last_token,zh,en,r5,256,512,delta,ok,0.03125
trillionlabs/Tri-0.5B-Base,21,0.875,last_token,zh,en,r10,256,512,raw,ok,0.94921875
trillionlabs/Tri-0.5B-Base,21,0.875,last_token,zh,en,r10,256,512,aligned,ok,0.978515625
trillionlabs/Tri-0.5B-Base,21,0.875,last_token,zh,en,r10,256,512,delta,ok,0.029296875
trillionlabs/Tri-0.5B-Base,21,0.875,last_token,zh,en,mrr,256,512,raw,ok,0.8256697826814763
trillionlabs/Tri-0.5B-Base,21,0.875,last_token,zh,en,mrr,256,512,aligned,ok,0.8625202416218042
trillionlabs/Tri-0.5B-Base,21,0.875,last_token,zh,en,mrr,256,512,delta,ok,0.0368504589403279
trillionlabs/Tri-0.5B-Base,21,0.875,last_token,ko,ja,r1,256,512,raw,ok,0.517578125
trillionlabs/Tri-0.5B-Base,21,0.875,last_token,ko,ja,r1,256,512,aligned,ok,0.5703125
trillionlabs/Tri-0.5B-Base,21,0.875,last_token,ko,ja,r1,256,512,delta,ok,0.052734375
trillionlabs/Tri-0.5B-Base,21,0.875,last_token,ko,ja,r5,256,512,raw,ok,0.669921875
trillionlabs/Tri-0.5B-Base,21,0.875,last_token,ko,ja,r5,256,512,aligned,ok,0.765625
trillionlabs/Tri-0.5B-Base,21,0.875,last_token,ko,ja,r5,256,512,delta,ok,0.095703125
trillionlabs/Tri-0.5B-Base,21,0.875,last_token,ko,ja,r10,256,512,raw,ok,0.73046875
trillionlabs/Tri-0.5B-Base,21,0.875,last_token,ko,ja,r10,256,512,aligned,ok,0.81640625
trillionlabs/Tri-0.5B-Base,21,0.875,last_token,ko,ja,r10,256,512,delta,ok,0.0859375
trillionlabs/Tri-0.5B-Base,21,0.875,last_token,ko,ja,mrr,256,512,raw,ok,0.5898074740892133
trillionlabs/Tri-0.5B-Base,21,0.875,last_token,ko,ja,mrr,256,512,aligned,ok,0.6591345121219931
trillionlabs/Tri-0.5B-Base,21,0.875,last_token,ko,ja,mrr,256,512,delta,ok,0.06932703803277984
trillionlabs/Tri-0.5B-Base,21,0.875,last_token,ja,ko,r1,256,512,raw,ok,0.630859375
trillionlabs/Tri-0.5B-Base,21,0.875,last_token,ja,ko,r1,256,512,aligned,ok,0.466796875
trillionlabs/Tri-0.5B-Base,21,0.875,last_token,ja,ko,r1,256,512,delta,ok,-0.1640625
trillionlabs/Tri-0.5B-Base,21,0.875,last_token,ja,ko,r5,256,512,raw,ok,0.828125
trillionlabs/Tri-0.5B-Base,21,0.875,last_token,ja,ko,r5,256,512,aligned,ok,0.703125
trillionlabs/Tri-0.5B-Base,21,0.875,last_token,ja,ko,r5,256,512,delta,ok,-0.125
trillionlabs/Tri-0.5B-Base,21,0.875,last_token,ja,ko,r10,256,512,raw,ok,0.8828125
trillionlabs/Tri-0.5B-Base,21,0.875,last_token,ja,ko,r10,256,512,aligned,ok,0.763671875
trillionlabs/Tri-0.5B-Base,21,0.875,last_token,ja,ko,r10,256,512,delta,ok,-0.119140625
trillionlabs/Tri-0.5B-Base,21,0.875,last_token,ja,ko,mrr,256,512,raw,ok,0.7192609999319715
trillionlabs/Tri-0.5B-Base,21,0.875,last_token,ja,ko,mrr,256,512,aligned,ok,0.5759326305539008
trillionlabs/Tri-0.5B-Base,21,0.875,last_token,ja,ko,mrr,256,512,delta,ok,-0.1433283693780707
trillionlabs/Tri-0.5B-Base,21,0.875,last_token,ko,zh,r1,256,512,raw,ok,0.599609375
trillionlabs/Tri-0.5B-Base,21,0.875,last_token,ko,zh,r1,256,512,aligned,ok,0.609375
trillionlabs/Tri-0.5B-Base,21,0.875,last_token,ko,zh,r1,256,512,delta,ok,0.009765625
trillionlabs/Tri-0.5B-Base,21,0.875,last_token,ko,zh,r5,256,512,raw,ok,0.810546875
trillionlabs/Tri-0.5B-Base,21,0.875,last_token,ko,zh,r5,256,512,aligned,ok,0.82421875
trillionlabs/Tri-0.5B-Base,21,0.875,last_token,ko,zh,r5,256,512,delta,ok,0.013671875
trillionlabs/Tri-0.5B-Base,21,0.875,last_token,ko,zh,r10,256,512,raw,ok,0.87109375
trillionlabs/Tri-0.5B-Base,21,0.875,last_token,ko,zh,r10,256,512,aligned,ok,0.892578125
trillionlabs/Tri-0.5B-Base,21,0.875,last_token,ko,zh,r10,256,512,delta,ok,0.021484375
trillionlabs/Tri-0.5B-Base,21,0.875,last_token,ko,zh,mrr,256,512,raw,ok,0.6971688129655605
trillionlabs/Tri-0.5B-Base,21,0.875,last_token,ko,zh,mrr,256,512,aligned,ok,0.7088828433698402
trillionlabs/Tri-0.5B-Base,21,0.875,last_token,ko,zh,mrr,256,512,delta,ok,0.011714030404279652
trillionlabs/Tri-0.5B-Base,21,0.875,last_token,zh,ko,r1,256,512,raw,ok,0.59375
trillionlabs/Tri-0.5B-Base,21,0.875,last_token,zh,ko,r1,256,512,aligned,ok,0.607421875
trillionlabs/Tri-0.5B-Base,21,0.875,last_token,zh,ko,r1,256,512,delta,ok,0.013671875
trillionlabs/Tri-0.5B-Base,21,0.875,last_token,zh,ko,r5,256,512,raw,ok,0.8125
trillionlabs/Tri-0.5B-Base,21,0.875,last_token,zh,ko,r5,256,512,aligned,ok,0.845703125
trillionlabs/Tri-0.5B-Base,21,0.875,last_token,zh,ko,r5,256,512,delta,ok,0.033203125
trillionlabs/Tri-0.5B-Base,21,0.875,last_token,zh,ko,r10,256,512,raw,ok,0.857421875
trillionlabs/Tri-0.5B-Base,21,0.875,last_token,zh,ko,r10,256,512,aligned,ok,0.900390625
trillionlabs/Tri-0.5B-Base,21,0.875,last_token,zh,ko,r10,256,512,delta,ok,0.04296875
trillionlabs/Tri-0.5B-Base,21,0.875,last_token,zh,ko,mrr,256,512,raw,ok,0.6881705394615598
trillionlabs/Tri-0.5B-Base,21,0.875,last_token,zh,ko,mrr,256,512,aligned,ok,0.7115206973252985
trillionlabs/Tri-0.5B-Base,21,0.875,last_token,zh,ko,mrr,256,512,delta,ok,0.02335015786373873
trillionlabs/Tri-0.5B-Base,21,0.875,last_token,ja,zh,r1,256,512,raw,ok,0.724609375
trillionlabs/Tri-0.5B-Base,21,0.875,last_token,ja,zh,r1,256,512,aligned,ok,0.4609375
trillionlabs/Tri-0.5B-Base,21,0.875,last_token,ja,zh,r1,256,512,delta,ok,-0.263671875
trillionlabs/Tri-0.5B-Base,21,0.875,last_token,ja,zh,r5,256,512,raw,ok,0.890625
trillionlabs/Tri-0.5B-Base,21,0.875,last_token,ja,zh,r5,256,512,aligned,ok,0.72265625
trillionlabs/Tri-0.5B-Base,21,0.875,last_token,ja,zh,r5,256,512,delta,ok,-0.16796875
trillionlabs/Tri-0.5B-Base,21,0.875,last_token,ja,zh,r10,256,512,raw,ok,0.9296875
trillionlabs/Tri-0.5B-Base,21,0.875,last_token,ja,zh,r10,256,512,aligned,ok,0.83203125
trillionlabs/Tri-0.5B-Base,21,0.875,last_token,ja,zh,r10,256,512,delta,ok,-0.09765625
trillionlabs/Tri-0.5B-Base,21,0.875,last_token,ja,zh,mrr,256,512,raw,ok,0.7998116112035458
trillionlabs/Tri-0.5B-Base,21,0.875,last_token,ja,zh,mrr,256,512,aligned,ok,0.5816647994333775
trillionlabs/Tri-0.5B-Base,21,0.875,last_token,ja,zh,mrr,256,512,delta,ok,-0.21814681177016837
trillionlabs/Tri-0.5B-Base,21,0.875,last_token,zh,ja,r1,256,512,raw,ok,0.50390625
trillionlabs/Tri-0.5B-Base,21,0.875,last_token,zh,ja,r1,256,512,aligned,ok,0.53515625
trillionlabs/Tri-0.5B-Base,21,0.875,last_token,zh,ja,r1,256,512,delta,ok,0.03125
trillionlabs/Tri-0.5B-Base,21,0.875,last_token,zh,ja,r5,256,512,raw,ok,0.662109375
trillionlabs/Tri-0.5B-Base,21,0.875,last_token,zh,ja,r5,256,512,aligned,ok,0.7890625
trillionlabs/Tri-0.5B-Base,21,0.875,last_token,zh,ja,r5,256,512,delta,ok,0.126953125
trillionlabs/Tri-0.5B-Base,21,0.875,last_token,zh,ja,r10,256,512,raw,ok,0.720703125
trillionlabs/Tri-0.5B-Base,21,0.875,last_token,zh,ja,r10,256,512,aligned,ok,0.857421875
trillionlabs/Tri-0.5B-Base,21,0.875,last_token,zh,ja,r10,256,512,delta,ok,0.13671875
trillionlabs/Tri-0.5B-Base,21,0.875,last_token,zh,ja,mrr,256,512,raw,ok,0.579932327557668
trillionlabs/Tri-0.5B-Base,21,0.875,last_token,zh,ja,mrr,256,512,aligned,ok,0.6503931071771207
trillionlabs/Tri-0.5B-Base,21,0.875,last_token,zh,ja,mrr,256,512,delta,ok,0.07046077961945274
trillionlabs/Tri-0.5B-Base,22,0.9166666666666666,last_token,en,ko,r1,256,512,raw,ok,0.666015625
trillionlabs/Tri-0.5B-Base,22,0.9166666666666666,last_token,en,ko,r1,256,512,aligned,ok,0.716796875
trillionlabs/Tri-0.5B-Base,22,0.9166666666666666,last_token,en,ko,r1,256,512,delta,ok,0.05078125
trillionlabs/Tri-0.5B-Base,22,0.9166666666666666,last_token,en,ko,r5,256,512,raw,ok,0.861328125
trillionlabs/Tri-0.5B-Base,22,0.9166666666666666,last_token,en,ko,r5,256,512,aligned,ok,0.90625
trillionlabs/Tri-0.5B-Base,22,0.9166666666666666,last_token,en,ko,r5,256,512,delta,ok,0.044921875
trillionlabs/Tri-0.5B-Base,22,0.9166666666666666,last_token,en,ko,r10,256,512,raw,ok,0.90625
trillionlabs/Tri-0.5B-Base,22,0.9166666666666666,last_token,en,ko,r10,256,512,aligned,ok,0.93359375
trillionlabs/Tri-0.5B-Base,22,0.9166666666666666,last_token,en,ko,r10,256,512,delta,ok,0.02734375
trillionlabs/Tri-0.5B-Base,22,0.9166666666666666,last_token,en,ko,mrr,256,512,raw,ok,0.7568620529883016
trillionlabs/Tri-0.5B-Base,22,0.9166666666666666,last_token,en,ko,mrr,256,512,aligned,ok,0.8008740763575366
trillionlabs/Tri-0.5B-Base,22,0.9166666666666666,last_token,en,ko,mrr,256,512,delta,ok,0.04401202336923504
trillionlabs/Tri-0.5B-Base,22,0.9166666666666666,last_token,ko,en,r1,256,512,raw,ok,0.7890625
trillionlabs/Tri-0.5B-Base,22,0.9166666666666666,last_token,ko,en,r1,256,512,aligned,ok,0.728515625
trillionlabs/Tri-0.5B-Base,22,0.9166666666666666,last_token,ko,en,r1,256,512,delta,ok,-0.060546875
trillionlabs/Tri-0.5B-Base,22,0.9166666666666666,last_token,ko,en,r5,256,512,raw,ok,0.912109375
trillionlabs/Tri-0.5B-Base,22,0.9166666666666666,last_token,ko,en,r5,256,512,aligned,ok,0.919921875
trillionlabs/Tri-0.5B-Base,22,0.9166666666666666,last_token,ko,en,r5,256,512,delta,ok,0.0078125
trillionlabs/Tri-0.5B-Base,22,0.9166666666666666,last_token,ko,en,r10,256,512,raw,ok,0.939453125
trillionlabs/Tri-0.5B-Base,22,0.9166666666666666,last_token,ko,en,r10,256,512,aligned,ok,0.951171875
trillionlabs/Tri-0.5B-Base,22,0.9166666666666666,last_token,ko,en,r10,256,512,delta,ok,0.01171875
trillionlabs/Tri-0.5B-Base,22,0.9166666666666666,last_token,ko,en,mrr,256,512,raw,ok,0.8427235597520524
trillionlabs/Tri-0.5B-Base,22,0.9166666666666666,last_token,ko,en,mrr,256,512,aligned,ok,0.8107536511828711
trillionlabs/Tri-0.5B-Base,22,0.9166666666666666,last_token,ko,en,mrr,256,512,delta,ok,-0.03196990856918125
trillionlabs/Tri-0.5B-Base,22,0.9166666666666666,last_token,en,ja,r1,256,512,raw,ok,0.552734375
trillionlabs/Tri-0.5B-Base,22,0.9166666666666666,last_token,en,ja,r1,256,512,aligned,ok,0.580078125
trillionlabs/Tri-0.5B-Base,22,0.9166666666666666,last_token,en,ja,r1,256,512,delta,ok,0.02734375
trillionlabs/Tri-0.5B-Base,22,0.9166666666666666,last_token,en,ja,r5,256,512,raw,ok,0.7734375
trillionlabs/Tri-0.5B-Base,22,0.9166666666666666,last_token,en,ja,r5,256,512,aligned,ok,0.84375
trillionlabs/Tri-0.5B-Base,22,0.9166666666666666,last_token,en,ja,r5,256,512,delta,ok,0.0703125
trillionlabs/Tri-0.5B-Base,22,0.9166666666666666,last_token,en,ja,r10,256,512,raw,ok,0.830078125
trillionlabs/Tri-0.5B-Base,22,0.9166666666666666,last_token,en,ja,r10,256,512,aligned,ok,0.892578125
trillionlabs/Tri-0.5B-Base,22,0.9166666666666666,last_token,en,ja,r10,256,512,delta,ok,0.0625
trillionlabs/Tri-0.5B-Base,22,0.9166666666666666,last_token,en,ja,mrr,256,512,raw,ok,0.6483749559731995
trillionlabs/Tri-0.5B-Base,22,0.9166666666666666,last_token,en,ja,mrr,256,512,aligned,ok,0.6941400677941791
trillionlabs/Tri-0.5B-Base,22,0.9166666666666666,last_token,en,ja,mrr,256,512,delta,ok,0.04576511182097964
trillionlabs/Tri-0.5B-Base,22,0.9166666666666666,last_token,ja,en,r1,256,512,raw,ok,0.701171875
trillionlabs/Tri-0.5B-Base,22,0.9166666666666666,last_token,ja,en,r1,256,512,aligned,ok,0.525390625
trillionlabs/Tri-0.5B-Base,22,0.9166666666666666,last_token,ja,en,r1,256,512,delta,ok,-0.17578125
trillionlabs/Tri-0.5B-Base,22,0.9166666666666666,last_token,ja,en,r5,256,512,raw,ok,0.900390625
trillionlabs/Tri-0.5B-Base,22,0.9166666666666666,last_token,ja,en,r5,256,512,aligned,ok,0.77734375
trillionlabs/Tri-0.5B-Base,22,0.9166666666666666,last_token,ja,en,r5,256,512,delta,ok,-0.123046875
trillionlabs/Tri-0.5B-Base,22,0.9166666666666666,last_token,ja,en,r10,256,512,raw,ok,0.9296875
trillionlabs/Tri-0.5B-Base,22,0.9166666666666666,last_token,ja,en,r10,256,512,aligned,ok,0.8515625
trillionlabs/Tri-0.5B-Base,22,0.9166666666666666,last_token,ja,en,r10,256,512,delta,ok,-0.078125
trillionlabs/Tri-0.5B-Base,22,0.9166666666666666,last_token,ja,en,mrr,256,512,raw,ok,0.7900406501821545
trillionlabs/Tri-0.5B-Base,22,0.9166666666666666,last_token,ja,en,mrr,256,512,aligned,ok,0.6410710552271286
trillionlabs/Tri-0.5B-Base,22,0.9166666666666666,last_token,ja,en,mrr,256,512,delta,ok,-0.14896959495502593
trillionlabs/Tri-0.5B-Base,22,0.9166666666666666,last_token,en,zh,r1,256,512,raw,ok,0.634765625
trillionlabs/Tri-0.5B-Base,22,0.9166666666666666,last_token,en,zh,r1,256,512,aligned,ok,0.751953125
trillionlabs/Tri-0.5B-Base,22,0.9166666666666666,last_token,en,zh,r1,256,512,delta,ok,0.1171875
trillionlabs/Tri-0.5B-Base,22,0.9166666666666666,last_token,en,zh,r5,256,512,raw,ok,0.845703125
trillionlabs/Tri-0.5B-Base,22,0.9166666666666666,last_token,en,zh,r5,256,512,aligned,ok,0.9375
trillionlabs/Tri-0.5B-Base,22,0.9166666666666666,last_token,en,zh,r5,256,512,delta,ok,0.091796875
trillionlabs/Tri-0.5B-Base,22,0.9166666666666666,last_token,en,zh,r10,256,512,raw,ok,0.90625
trillionlabs/Tri-0.5B-Base,22,0.9166666666666666,last_token,en,zh,r10,256,512,aligned,ok,0.9765625
trillionlabs/Tri-0.5B-Base,22,0.9166666666666666,last_token,en,zh,r10,256,512,delta,ok,0.0703125
trillionlabs/Tri-0.5B-Base,22,0.9166666666666666,last_token,en,zh,mrr,256,512,raw,ok,0.7274901852608782
trillionlabs/Tri-0.5B-Base,22,0.9166666666666666,last_token,en,zh,mrr,256,512,aligned,ok,0.8349683801815402
trillionlabs/Tri-0.5B-Base,22,0.9166666666666666,last_token,en,zh,mrr,256,512,delta,ok,0.10747819492066202
trillionlabs/Tri-0.5B-Base,22,0.9166666666666666,last_token,zh,en,r1,256,512,raw,ok,0.759765625
trillionlabs/Tri-0.5B-Base,22,0.9166666666666666,last_token,zh,en,r1,256,512,aligned,ok,0.78515625
trillionlabs/Tri-0.5B-Base,22,0.9166666666666666,last_token,zh,en,r1,256,512,delta,ok,0.025390625
trillionlabs/Tri-0.5B-Base,22,0.9166666666666666,last_token,zh,en,r5,256,512,raw,ok,0.919921875
trillionlabs/Tri-0.5B-Base,22,0.9166666666666666,last_token,zh,en,r5,256,512,aligned,ok,0.94921875
trillionlabs/Tri-0.5B-Base,22,0.9166666666666666,last_token,zh,en,r5,256,512,delta,ok,0.029296875
trillionlabs/Tri-0.5B-Base,22,0.9166666666666666,last_token,zh,en,r10,256,512,raw,ok,0.95703125
trillionlabs/Tri-0.5B-Base,22,0.9166666666666666,last_token,zh,en,r10,256,512,aligned,ok,0.98046875
trillionlabs/Tri-0.5B-Base,22,0.9166666666666666,last_token,zh,en,r10,256,512,delta,ok,0.0234375
trillionlabs/Tri-0.5B-Base,22,0.9166666666666666,last_token,zh,en,mrr,256,512,raw,ok,0.8348230716452973
trillionlabs/Tri-0.5B-Base,22,0.9166666666666666,last_token,zh,en,mrr,256,512,aligned,ok,0.8533042123862437
trillionlabs/Tri-0.5B-Base,22,0.9166666666666666,last_token,zh,en,mrr,256,512,delta,ok,0.01848114074094631
trillionlabs/Tri-0.5B-Base,22,0.9166666666666666,last_token,ko,ja,r1,256,512,raw,ok,0.572265625
trillionlabs/Tri-0.5B-Base,22,0.9166666666666666,last_token,ko,ja,r1,256,512,aligned,ok,0.568359375
trillionlabs/Tri-0.5B-Base,22,0.9166666666666666,last_token,ko,ja,r1,256,512,delta,ok,-0.00390625
trillionlabs/Tri-0.5B-Base,22,0.9166666666666666,last_token,ko,ja,r5,256,512,raw,ok,0.732421875
trillionlabs/Tri-0.5B-Base,22,0.9166666666666666,last_token,ko,ja,r5,256,512,aligned,ok,0.765625
trillionlabs/Tri-0.5B-Base,22,0.9166666666666666,last_token,ko,ja,r5,256,512,delta,ok,0.033203125
trillionlabs/Tri-0.5B-Base,22,0.9166666666666666,last_token,ko,ja,r10,256,512,raw,ok,0.783203125
trillionlabs/Tri-0.5B-Base,22,0.9166666666666666,last_token,ko,ja,r10,256,512,aligned,ok,0.822265625
trillionlabs/Tri-0.5B-Base,22,0.9166666666666666,last_token,ko,ja,r10,256,512,delta,ok,0.0390625
trillionlabs/Tri-0.5B-Base,22,0.9166666666666666,last_token,ko,ja,mrr,256,512,raw,ok,0.6472730562216343
trillionlabs/Tri-0.5B-Base,22,0.9166666666666666,last_token,ko,ja,mrr,256,512,aligned,ok,0.6599532012105994
trillionlabs/Tri-0.5B-Base,22,0.9166666666666666,last_token,ko,ja,mrr,256,512,delta,ok,0.01268014498896508
trillionlabs/Tri-0.5B-Base,22,0.9166666666666666,last_token,ja,ko,r1,256,512,raw,ok,0.6484375
trillionlabs/Tri-0.5B-Base,22,0.9166666666666666,last_token,ja,ko,r1,256,512,aligned,ok,0.484375
trillionlabs/Tri-0.5B-Base,22,0.9166666666666666,last_token,ja,ko,r1,256,512,delta,ok,-0.1640625
trillionlabs/Tri-0.5B-Base,22,0.9166666666666666,last_token,ja,ko,r5,256,512,raw,ok,0.833984375
trillionlabs/Tri-0.5B-Base,22,0.9166666666666666,last_token,ja,ko,r5,256,512,aligned,ok,0.697265625
trillionlabs/Tri-0.5B-Base,22,0.9166666666666666,last_token,ja,ko,r5,256,512,delta,ok,-0.13671875
trillionlabs/Tri-0.5B-Base,22,0.9166666666666666,last_token,ja,ko,r10,256,512,raw,ok,0.888671875
trillionlabs/Tri-0.5B-Base,22,0.9166666666666666,last_token,ja,ko,r10,256,512,aligned,ok,0.771484375
trillionlabs/Tri-0.5B-Base,22,0.9166666666666666,last_token,ja,ko,r10,256,512,delta,ok,-0.1171875
trillionlabs/Tri-0.5B-Base,22,0.9166666666666666,last_token,ja,ko,mrr,256,512,raw,ok,0.7291221361394584
trillionlabs/Tri-0.5B-Base,22,0.9166666666666666,last_token,ja,ko,mrr,256,512,aligned,ok,0.5874408272971883
trillionlabs/Tri-0.5B-Base,22,0.9166666666666666,last_token,ja,ko,mrr,256,512,delta,ok,-0.14168130884227015
trillionlabs/Tri-0.5B-Base,22,0.9166666666666666,last_token,ko,zh,r1,256,512,raw,ok,0.58984375
trillionlabs/Tri-0.5B-Base,22,0.9166666666666666,last_token,ko,zh,r1,256,512,aligned,ok,0.630859375
trillionlabs/Tri-0.5B-Base,22,0.9166666666666666,last_token,ko,zh,r1,256,512,delta,ok,0.041015625
trillionlabs/Tri-0.5B-Base,22,0.9166666666666666,last_token,ko,zh,r5,256,512,raw,ok,0.81640625
trillionlabs/Tri-0.5B-Base,22,0.9166666666666666,last_token,ko,zh,r5,256,512,aligned,ok,0.8359375
trillionlabs/Tri-0.5B-Base,22,0.9166666666666666,last_token,ko,zh,r5,256,512,delta,ok,0.01953125
trillionlabs/Tri-0.5B-Base,22,0.9166666666666666,last_token,ko,zh,r10,256,512,raw,ok,0.875
trillionlabs/Tri-0.5B-Base,22,0.9166666666666666,last_token,ko,zh,r10,256,512,aligned,ok,0.904296875
trillionlabs/Tri-0.5B-Base,22,0.9166666666666666,last_token,ko,zh,r10,256,512,delta,ok,0.029296875
trillionlabs/Tri-0.5B-Base,22,0.9166666666666666,last_token,ko,zh,mrr,256,512,raw,ok,0.6924383084633033
trillionlabs/Tri-0.5B-Base,22,0.9166666666666666,last_token,ko,zh,mrr,256,512,aligned,ok,0.7254750355282225
trillionlabs/Tri-0.5B-Base,22,0.9166666666666666,last_token,ko,zh,mrr,256,512,delta,ok,0.033036727064919114
trillionlabs/Tri-0.5B-Base,22,0.9166666666666666,last_token,zh,ko,r1,256,512,raw,ok,0.587890625
trillionlabs/Tri-0.5B-Base,22,0.9166666666666666,last_token,zh,ko,r1,256,512,aligned,ok,0.609375
trillionlabs/Tri-0.5B-Base,22,0.9166666666666666,last_token,zh,ko,r1,256,512,delta,ok,0.021484375
trillionlabs/Tri-0.5B-Base,22,0.9166666666666666,last_token,zh,ko,r5,256,512,raw,ok,0.818359375
trillionlabs/Tri-0.5B-Base,22,0.9166666666666666,last_token,zh,ko,r5,256,512,aligned,ok,0.841796875
trillionlabs/Tri-0.5B-Base,22,0.9166666666666666,last_token,zh,ko,r5,256,512,delta,ok,0.0234375
trillionlabs/Tri-0.5B-Base,22,0.9166666666666666,last_token,zh,ko,r10,256,512,raw,ok,0.8671875
trillionlabs/Tri-0.5B-Base,22,0.9166666666666666,last_token,zh,ko,r10,256,512,aligned,ok,0.9140625
trillionlabs/Tri-0.5B-Base,22,0.9166666666666666,last_token,zh,ko,r10,256,512,delta,ok,0.046875
trillionlabs/Tri-0.5B-Base,22,0.9166666666666666,last_token,zh,ko,mrr,256,512,raw,ok,0.6890254929182269
trillionlabs/Tri-0.5B-Base,22,0.9166666666666666,last_token,zh,ko,mrr,256,512,aligned,ok,0.7164887691175834
trillionlabs/Tri-0.5B-Base,22,0.9166666666666666,last_token,zh,ko,mrr,256,512,delta,ok,0.027463276199356512
trillionlabs/Tri-0.5B-Base,22,0.9166666666666666,last_token,ja,zh,r1,256,512,raw,ok,0.7265625
trillionlabs/Tri-0.5B-Base,22,0.9166666666666666,last_token,ja,zh,r1,256,512,aligned,ok,0.490234375
trillionlabs/Tri-0.5B-Base,22,0.9166666666666666,last_token,ja,zh,r1,256,512,delta,ok,-0.236328125
trillionlabs/Tri-0.5B-Base,22,0.9166666666666666,last_token,ja,zh,r5,256,512,raw,ok,0.904296875
trillionlabs/Tri-0.5B-Base,22,0.9166666666666666,last_token,ja,zh,r5,256,512,aligned,ok,0.736328125
trillionlabs/Tri-0.5B-Base,22,0.9166666666666666,last_token,ja,zh,r5,256,512,delta,ok,-0.16796875
trillionlabs/Tri-0.5B-Base,22,0.9166666666666666,last_token,ja,zh,r10,256,512,raw,ok,0.935546875
trillionlabs/Tri-0.5B-Base,22,0.9166666666666666,last_token,ja,zh,r10,256,512,aligned,ok,0.8359375
trillionlabs/Tri-0.5B-Base,22,0.9166666666666666,last_token,ja,zh,r10,256,512,delta,ok,-0.099609375
trillionlabs/Tri-0.5B-Base,22,0.9166666666666666,last_token,ja,zh,mrr,256,512,raw,ok,0.8065285744311756
trillionlabs/Tri-0.5B-Base,22,0.9166666666666666,last_token,ja,zh,mrr,256,512,aligned,ok,0.6022768256557716
trillionlabs/Tri-0.5B-Base,22,0.9166666666666666,last_token,ja,zh,mrr,256,512,delta,ok,-0.20425174877540409
trillionlabs/Tri-0.5B-Base,22,0.9166666666666666,last_token,zh,ja,r1,256,512,raw,ok,0.525390625
trillionlabs/Tri-0.5B-Base,22,0.9166666666666666,last_token,zh,ja,r1,256,512,aligned,ok,0.552734375
trillionlabs/Tri-0.5B-Base,22,0.9166666666666666,last_token,zh,ja,r1,256,512,delta,ok,0.02734375
trillionlabs/Tri-0.5B-Base,22,0.9166666666666666,last_token,zh,ja,r5,256,512,raw,ok,0.689453125
trillionlabs/Tri-0.5B-Base,22,0.9166666666666666,last_token,zh,ja,r5,256,512,aligned,ok,0.810546875
trillionlabs/Tri-0.5B-Base,22,0.9166666666666666,last_token,zh,ja,r5,256,512,delta,ok,0.12109375
trillionlabs/Tri-0.5B-Base,22,0.9166666666666666,last_token,zh,ja,r10,256,512,raw,ok,0.75
trillionlabs/Tri-0.5B-Base,22,0.9166666666666666,last_token,zh,ja,r10,256,512,aligned,ok,0.87109375
trillionlabs/Tri-0.5B-Base,22,0.9166666666666666,last_token,zh,ja,r10,256,512,delta,ok,0.12109375
trillionlabs/Tri-0.5B-Base,22,0.9166666666666666,last_token,zh,ja,mrr,256,512,raw,ok,0.6036276319257396
trillionlabs/Tri-0.5B-Base,22,0.9166666666666666,last_token,zh,ja,mrr,256,512,aligned,ok,0.6645165709193132
trillionlabs/Tri-0.5B-Base,22,0.9166666666666666,last_token,zh,ja,mrr,256,512,delta,ok,0.060888938993573505
trillionlabs/Tri-0.5B-Base,23,0.9583333333333334,last_token,en,ko,r1,256,512,raw,ok,0.38671875
trillionlabs/Tri-0.5B-Base,23,0.9583333333333334,last_token,en,ko,r1,256,512,aligned,ok,0.6953125
trillionlabs/Tri-0.5B-Base,23,0.9583333333333334,last_token,en,ko,r1,256,512,delta,ok,0.30859375
trillionlabs/Tri-0.5B-Base,23,0.9583333333333334,last_token,en,ko,r5,256,512,raw,ok,0.587890625
trillionlabs/Tri-0.5B-Base,23,0.9583333333333334,last_token,en,ko,r5,256,512,aligned,ok,0.888671875
trillionlabs/Tri-0.5B-Base,23,0.9583333333333334,last_token,en,ko,r5,256,512,delta,ok,0.30078125
trillionlabs/Tri-0.5B-Base,23,0.9583333333333334,last_token,en,ko,r10,256,512,raw,ok,0.69140625
trillionlabs/Tri-0.5B-Base,23,0.9583333333333334,last_token,en,ko,r10,256,512,aligned,ok,0.93359375
trillionlabs/Tri-0.5B-Base,23,0.9583333333333334,last_token,en,ko,r10,256,512,delta,ok,0.2421875
trillionlabs/Tri-0.5B-Base,23,0.9583333333333334,last_token,en,ko,mrr,256,512,raw,ok,0.48318719156906476
trillionlabs/Tri-0.5B-Base,23,0.9583333333333334,last_token,en,ko,mrr,256,512,aligned,ok,0.7811791955665073
trillionlabs/Tri-0.5B-Base,23,0.9583333333333334,last_token,en,ko,mrr,256,512,delta,ok,0.2979920039974425
trillionlabs/Tri-0.5B-Base,23,0.9583333333333334,last_token,ko,en,r1,256,512,raw,ok,0.80859375
trillionlabs/Tri-0.5B-Base,23,0.9583333333333334,last_token,ko,en,r1,256,512,aligned,ok,0.69921875
trillionlabs/Tri-0.5B-Base,23,0.9583333333333334,last_token,ko,en,r1,256,512,delta,ok,-0.109375
trillionlabs/Tri-0.5B-Base,23,0.9583333333333334,last_token,ko,en,r5,256,512,raw,ok,0.92578125
trillionlabs/Tri-0.5B-Base,23,0.9583333333333334,last_token,ko,en,r5,256,512,aligned,ok,0.900390625
trillionlabs/Tri-0.5B-Base,23,0.9583333333333334,last_token,ko,en,r5,256,512,delta,ok,-0.025390625
trillionlabs/Tri-0.5B-Base,23,0.9583333333333334,last_token,ko,en,r10,256,512,raw,ok,0.94140625
trillionlabs/Tri-0.5B-Base,23,0.9583333333333334,last_token,ko,en,r10,256,512,aligned,ok,0.93359375
trillionlabs/Tri-0.5B-Base,23,0.9583333333333334,last_token,ko,en,r10,256,512,delta,ok,-0.0078125
trillionlabs/Tri-0.5B-Base,23,0.9583333333333334,last_token,ko,en,mrr,256,512,raw,ok,0.8591690352431525
trillionlabs/Tri-0.5B-Base,23,0.9583333333333334,last_token,ko,en,mrr,256,512,aligned,ok,0.7861915803289272
trillionlabs/Tri-0.5B-Base,23,0.9583333333333334,last_token,ko,en,mrr,256,512,delta,ok,-0.07297745491422525
trillionlabs/Tri-0.5B-Base,23,0.9583333333333334,last_token,en,ja,r1,256,512,raw,ok,0.212890625
trillionlabs/Tri-0.5B-Base,23,0.9583333333333334,last_token,en,ja,r1,256,512,aligned,ok,0.5625
trillionlabs/Tri-0.5B-Base,23,0.9583333333333334,last_token,en,ja,r1,256,512,delta,ok,0.349609375
trillionlabs/Tri-0.5B-Base,23,0.9583333333333334,last_token,en,ja,r5,256,512,raw,ok,0.48046875
trillionlabs/Tri-0.5B-Base,23,0.9583333333333334,last_token,en,ja,r5,256,512,aligned,ok,0.822265625
trillionlabs/Tri-0.5B-Base,23,0.9583333333333334,last_token,en,ja,r5,256,512,delta,ok,0.341796875
trillionlabs/Tri-0.5B-Base,23,0.9583333333333334,last_token,en,ja,r10,256,512,raw,ok,0.599609375
trillionlabs/Tri-0.5B-Base,23,0.9583333333333334,last_token,en,ja,r10,256,512,aligned,ok,0.890625
trillionlabs/Tri-0.5B-Base,23,0.9583333333333334,last_token,en,ja,r10,256,512,delta,ok,0.291015625
trillionlabs/Tri-0.5B-Base,23,0.9583333333333334,last_token,en,ja,mrr,256,512,raw,ok,0.3435655778464327
trillionlabs/Tri-0.5B-Base,23,0.9583333333333334,last_token,en,ja,mrr,256,512,aligned,ok,0.6769980555424432
trillionlabs/Tri-0.5B-Base,23,0.9583333333333334,last_token,en,ja,mrr,256,512,delta,ok,0.3334324776960105
trillionlabs/Tri-0.5B-Base,23,0.9583333333333334,last_token,ja,en,r1,256,512,raw,ok,0.62109375
trillionlabs/Tri-0.5B-Base,23,0.9583333333333334,last_token,ja,en,r1,256,512,aligned,ok,0.490234375
trillionlabs/Tri-0.5B-Base,23,0.9583333333333334,last_token,ja,en,r1,256,512,delta,ok,-0.130859375
trillionlabs/Tri-0.5B-Base,23,0.9583333333333334,last_token,ja,en,r5,256,512,raw,ok,0.90234375
trillionlabs/Tri-0.5B-Base,23,0.9583333333333334,last_token,ja,en,r5,256,512,aligned,ok,0.76953125
trillionlabs/Tri-0.5B-Base,23,0.9583333333333334,last_token,ja,en,r5,256,512,delta,ok,-0.1328125
trillionlabs/Tri-0.5B-Base,23,0.9583333333333334,last_token,ja,en,r10,256,512,raw,ok,0.9375
trillionlabs/Tri-0.5B-Base,23,0.9583333333333334,last_token,ja,en,r10,256,512,aligned,ok,0.841796875
trillionlabs/Tri-0.5B-Base,23,0.9583333333333334,last_token,ja,en,r10,256,512,delta,ok,-0.095703125
trillionlabs/Tri-0.5B-Base,23,0.9583333333333334,last_token,ja,en,mrr,256,512,raw,ok,0.7456078553666751
trillionlabs/Tri-0.5B-Base,23,0.9583333333333334,last_token,ja,en,mrr,256,512,aligned,ok,0.6174332383056174
trillionlabs/Tri-0.5B-Base,23,0.9583333333333334,last_token,ja,en,mrr,256,512,delta,ok,-0.1281746170610577
trillionlabs/Tri-0.5B-Base,23,0.9583333333333334,last_token,en,zh,r1,256,512,raw,ok,0.15625
trillionlabs/Tri-0.5B-Base,23,0.9583333333333334,last_token,en,zh,r1,256,512,aligned,ok,0.73828125
trillionlabs/Tri-0.5B-Base,23,0.9583333333333334,last_token,en,zh,r1,256,512,delta,ok,0.58203125
trillionlabs/Tri-0.5B-Base,23,0.9583333333333334,last_token,en,zh,r5,256,512,raw,ok,0.4140625
trillionlabs/Tri-0.5B-Base,23,0.9583333333333334,last_token,en,zh,r5,256,512,aligned,ok,0.93359375
trillionlabs/Tri-0.5B-Base,23,0.9583333333333334,last_token,en,zh,r5,256,512,delta,ok,0.51953125
trillionlabs/Tri-0.5B-Base,23,0.9583333333333334,last_token,en,zh,r10,256,512,raw,ok,0.576171875
trillionlabs/Tri-0.5B-Base,23,0.9583333333333334,last_token,en,zh,r10,256,512,aligned,ok,0.974609375
trillionlabs/Tri-0.5B-Base,23,0.9583333333333334,last_token,en,zh,r10,256,512,delta,ok,0.3984375
trillionlabs/Tri-0.5B-Base,23,0.9583333333333334,last_token,en,zh,mrr,256,512,raw,ok,0.2827375792424935
trillionlabs/Tri-0.5B-Base,23,0.9583333333333334,last_token,en,zh,mrr,256,512,aligned,ok,0.8237136512271346
trillionlabs/Tri-0.5B-Base,23,0.9583333333333334,last_token,en,zh,mrr,256,512,delta,ok,0.540976071984641
trillionlabs/Tri-0.5B-Base,23,0.9583333333333334,last_token,zh,en,r1,256,512,raw,ok,0.634765625
trillionlabs/Tri-0.5B-Base,23,0.9583333333333334,last_token,zh,en,r1,256,512,aligned,ok,0.763671875
trillionlabs/Tri-0.5B-Base,23,0.9583333333333334,last_token,zh,en,r1,256,512,delta,ok,0.12890625
trillionlabs/Tri-0.5B-Base,23,0.9583333333333334,last_token,zh,en,r5,256,512,raw,ok,0.935546875
trillionlabs/Tri-0.5B-Base,23,0.9583333333333334,last_token,zh,en,r5,256,512,aligned,ok,0.927734375
trillionlabs/Tri-0.5B-Base,23,0.9583333333333334,last_token,zh,en,r5,256,512,delta,ok,-0.0078125
trillionlabs/Tri-0.5B-Base,23,0.9583333333333334,last_token,zh,en,r10,256,512,raw,ok,0.958984375
trillionlabs/Tri-0.5B-Base,23,0.9583333333333334,last_token,zh,en,r10,256,512,aligned,ok,0.97265625
trillionlabs/Tri-0.5B-Base,23,0.9583333333333334,last_token,zh,en,r10,256,512,delta,ok,0.013671875
trillionlabs/Tri-0.5B-Base,23,0.9583333333333334,last_token,zh,en,mrr,256,512,raw,ok,0.7759035273994663
trillionlabs/Tri-0.5B-Base,23,0.9583333333333334,last_token,zh,en,mrr,256,512,aligned,ok,0.8408770932243497
trillionlabs/Tri-0.5B-Base,23,0.9583333333333334,last_token,zh,en,mrr,256,512,delta,ok,0.06497356582488334
trillionlabs/Tri-0.5B-Base,23,0.9583333333333334,last_token,ko,ja,r1,256,512,raw,ok,0.486328125
trillionlabs/Tri-0.5B-Base,23,0.9583333333333334,last_token,ko,ja,r1,256,512,aligned,ok,0.5625
trillionlabs/Tri-0.5B-Base,23,0.9583333333333334,last_token,ko,ja,r1,256,512,delta,ok,0.076171875
trillionlabs/Tri-0.5B-Base,23,0.9583333333333334,last_token,ko,ja,r5,256,512,raw,ok,0.6796875
trillionlabs/Tri-0.5B-Base,23,0.9583333333333334,last_token,ko,ja,r5,256,512,aligned,ok,0.75
trillionlabs/Tri-0.5B-Base,23,0.9583333333333334,last_token,ko,ja,r5,256,512,delta,ok,0.0703125
trillionlabs/Tri-0.5B-Base,23,0.9583333333333334,last_token,ko,ja,r10,256,512,raw,ok,0.75390625
trillionlabs/Tri-0.5B-Base,23,0.9583333333333334,last_token,ko,ja,r10,256,512,aligned,ok,0.802734375
trillionlabs/Tri-0.5B-Base,23,0.9583333333333334,last_token,ko,ja,r10,256,512,delta,ok,0.048828125
trillionlabs/Tri-0.5B-Base,23,0.9583333333333334,last_token,ko,ja,mrr,256,512,raw,ok,0.5807938631185855
trillionlabs/Tri-0.5B-Base,23,0.9583333333333334,last_token,ko,ja,mrr,256,512,aligned,ok,0.6531025752001769
trillionlabs/Tri-0.5B-Base,23,0.9583333333333334,last_token,ko,ja,mrr,256,512,delta,ok,0.0723087120815914
trillionlabs/Tri-0.5B-Base,23,0.9583333333333334,last_token,ja,ko,r1,256,512,raw,ok,0.4921875
trillionlabs/Tri-0.5B-Base,23,0.9583333333333334,last_token,ja,ko,r1,256,512,aligned,ok,0.482421875
trillionlabs/Tri-0.5B-Base,23,0.9583333333333334,last_token,ja,ko,r1,256,512,delta,ok,-0.009765625
trillionlabs/Tri-0.5B-Base,23,0.9583333333333334,last_token,ja,ko,r5,256,512,raw,ok,0.734375
trillionlabs/Tri-0.5B-Base,23,0.9583333333333334,last_token,ja,ko,r5,256,512,aligned,ok,0.693359375
trillionlabs/Tri-0.5B-Base,23,0.9583333333333334,last_token,ja,ko,r5,256,512,delta,ok,-0.041015625
trillionlabs/Tri-0.5B-Base,23,0.9583333333333334,last_token,ja,ko,r10,256,512,raw,ok,0.806640625
trillionlabs/Tri-0.5B-Base,23,0.9583333333333334,last_token,ja,ko,r10,256,512,aligned,ok,0.759765625
trillionlabs/Tri-0.5B-Base,23,0.9583333333333334,last_token,ja,ko,r10,256,512,delta,ok,-0.046875
trillionlabs/Tri-0.5B-Base,23,0.9583333333333334,last_token,ja,ko,mrr,256,512,raw,ok,0.6025232590410026
trillionlabs/Tri-0.5B-Base,23,0.9583333333333334,last_token,ja,ko,mrr,256,512,aligned,ok,0.579537668038631
trillionlabs/Tri-0.5B-Base,23,0.9583333333333334,last_token,ja,ko,mrr,256,512,delta,ok,-0.02298559100237152
trillionlabs/Tri-0.5B-Base,23,0.9583333333333334,last_token,ko,zh,r1,256,512,raw,ok,0.208984375
trillionlabs/Tri-0.5B-Base,23,0.9583333333333334,last_token,ko,zh,r1,256,512,aligned,ok,0.619140625
trillionlabs/Tri-0.5B-Base,23,0.9583333333333334,last_token,ko,zh,r1,256,512,delta,ok,0.41015625
trillionlabs/Tri-0.5B-Base,23,0.9583333333333334,last_token,ko,zh,r5,256,512,raw,ok,0.443359375
trillionlabs/Tri-0.5B-Base,23,0.9583333333333334,last_token,ko,zh,r5,256,512,aligned,ok,0.82421875
trillionlabs/Tri-0.5B-Base,23,0.9583333333333334,last_token,ko,zh,r5,256,512,delta,ok,0.380859375
trillionlabs/Tri-0.5B-Base,23,0.9583333333333334,last_token,ko,zh,r10,256,512,raw,ok,0.583984375
trillionlabs/Tri-0.5B-Base,23,0.9583333333333334,last_token,ko,zh,r10,256,512,aligned,ok,0.904296875
trillionlabs/Tri-0.5B-Base,23,0.9583333333333334,last_token,ko,zh,r10,256,512,delta,ok,0.3203125
trillionlabs/Tri-0.5B-Base,23,0.9583333333333334,last_token,ko,zh,mrr,256,512,raw,ok,0.32882565656081864
trillionlabs/Tri-0.5B-Base,23,0.9583333333333334,last_token,ko,zh,mrr,256,512,aligned,ok,0.7132203775566217
trillionlabs/Tri-0.5B-Base,23,0.9583333333333334,last_token,ko,zh,mrr,256,512,delta,ok,0.3843947209958031
trillionlabs/Tri-0.5B-Base,23,0.9583333333333334,last_token,zh,ko,r1,256,512,raw,ok,0.361328125
trillionlabs/Tri-0.5B-Base,23,0.9583333333333334,last_token,zh,ko,r1,256,512,aligned,ok,0.59765625
trillionlabs/Tri-0.5B-Base,23,0.9583333333333334,last_token,zh,ko,r1,256,512,delta,ok,0.236328125
trillionlabs/Tri-0.5B-Base,23,0.9583333333333334,last_token,zh,ko,r5,256,512,raw,ok,0.658203125
trillionlabs/Tri-0.5B-Base,23,0.9583333333333334,last_token,zh,ko,r5,256,512,aligned,ok,0.818359375
trillionlabs/Tri-0.5B-Base,23,0.9583333333333334,last_token,zh,ko,r5,256,512,delta,ok,0.16015625
trillionlabs/Tri-0.5B-Base,23,0.9583333333333334,last_token,zh,ko,r10,256,512,raw,ok,0.7578125
trillionlabs/Tri-0.5B-Base,23,0.9583333333333334,last_token,zh,ko,r10,256,512,aligned,ok,0.904296875
trillionlabs/Tri-0.5B-Base,23,0.9583333333333334,last_token,zh,ko,r10,256,512,delta,ok,0.146484375
trillionlabs/Tri-0.5B-Base,23,0.9583333333333334,last_token,zh,ko,mrr,256,512,raw,ok,0.4998430788982233
trillionlabs/Tri-0.5B-Base,23,0.9583333333333334,last_token,zh,ko,mrr,256,512,aligned,ok,0.6977628983190046
trillionlabs/Tri-0.5B-Base,23,0.9583333333333334,last_token,zh,ko,mrr,256,512,delta,ok,0.1979198194207813
trillionlabs/Tri-0.5B-Base,23,0.9583333333333334,last_token,ja,zh,r1,256,512,raw,ok,0.712890625
trillionlabs/Tri-0.5B-Base,23,0.9583333333333334,last_token,ja,zh,r1,256,512,aligned,ok,0.451171875
trillionlabs/Tri-0.5B-Base,23,0.9583333333333334,last_token,ja,zh,r1,256,512,delta,ok,-0.26171875
trillionlabs/Tri-0.5B-Base,23,0.9583333333333334,last_token,ja,zh,r5,256,512,raw,ok,0.88671875
trillionlabs/Tri-0.5B-Base,23,0.9583333333333334,last_token,ja,zh,r5,256,512,aligned,ok,0.734375
trillionlabs/Tri-0.5B-Base,23,0.9583333333333334,last_token,ja,zh,r5,256,512,delta,ok,-0.15234375
trillionlabs/Tri-0.5B-Base,23,0.9583333333333334,last_token,ja,zh,r10,256,512,raw,ok,0.916015625
trillionlabs/Tri-0.5B-Base,23,0.9583333333333334,last_token,ja,zh,r10,256,512,aligned,ok,0.826171875
trillionlabs/Tri-0.5B-Base,23,0.9583333333333334,last_token,ja,zh,r10,256,512,delta,ok,-0.08984375
trillionlabs/Tri-0.5B-Base,23,0.9583333333333334,last_token,ja,zh,mrr,256,512,raw,ok,0.788078599662954
trillionlabs/Tri-0.5B-Base,23,0.9583333333333334,last_token,ja,zh,mrr,256,512,aligned,ok,0.5786407218236124
trillionlabs/Tri-0.5B-Base,23,0.9583333333333334,last_token,ja,zh,mrr,256,512,delta,ok,-0.20943787783934165
trillionlabs/Tri-0.5B-Base,23,0.9583333333333334,last_token,zh,ja,r1,256,512,raw,ok,0.537109375
trillionlabs/Tri-0.5B-Base,23,0.9583333333333334,last_token,zh,ja,r1,256,512,aligned,ok,0.501953125
trillionlabs/Tri-0.5B-Base,23,0.9583333333333334,last_token,zh,ja,r1,256,512,delta,ok,-0.03515625
trillionlabs/Tri-0.5B-Base,23,0.9583333333333334,last_token,zh,ja,r5,256,512,raw,ok,0.71875
trillionlabs/Tri-0.5B-Base,23,0.9583333333333334,last_token,zh,ja,r5,256,512,aligned,ok,0.79296875
trillionlabs/Tri-0.5B-Base,23,0.9583333333333334,last_token,zh,ja,r5,256,512,delta,ok,0.07421875
trillionlabs/Tri-0.5B-Base,23,0.9583333333333334,last_token,zh,ja,r10,256,512,raw,ok,0.755859375
trillionlabs/Tri-0.5B-Base,23,0.9583333333333334,last_token,zh,ja,r10,256,512,aligned,ok,0.857421875
trillionlabs/Tri-0.5B-Base,23,0.9583333333333334,last_token,zh,ja,r10,256,512,delta,ok,0.1015625
trillionlabs/Tri-0.5B-Base,23,0.9583333333333334,last_token,zh,ja,mrr,256,512,raw,ok,0.6240530268980347
trillionlabs/Tri-0.5B-Base,23,0.9583333333333334,last_token,zh,ja,mrr,256,512,aligned,ok,0.6349130455336524
trillionlabs/Tri-0.5B-Base,23,0.9583333333333334,last_token,zh,ja,mrr,256,512,delta,ok,0.010860018635617696
trillionlabs/Tri-0.5B-Base,24,1.0,last_token,en,ko,r1,256,512,raw,ok,0.041015625
trillionlabs/Tri-0.5B-Base,24,1.0,last_token,en,ko,r1,256,512,aligned,ok,0.671875
trillionlabs/Tri-0.5B-Base,24,1.0,last_token,en,ko,r1,256,512,delta,ok,0.630859375
trillionlabs/Tri-0.5B-Base,24,1.0,last_token,en,ko,r5,256,512,raw,ok,0.103515625
trillionlabs/Tri-0.5B-Base,24,1.0,last_token,en,ko,r5,256,512,aligned,ok,0.861328125
trillionlabs/Tri-0.5B-Base,24,1.0,last_token,en,ko,r5,256,512,delta,ok,0.7578125
trillionlabs/Tri-0.5B-Base,24,1.0,last_token,en,ko,r10,256,512,raw,ok,0.158203125
trillionlabs/Tri-0.5B-Base,24,1.0,last_token,en,ko,r10,256,512,aligned,ok,0.919921875
trillionlabs/Tri-0.5B-Base,24,1.0,last_token,en,ko,r10,256,512,delta,ok,0.76171875
trillionlabs/Tri-0.5B-Base,24,1.0,last_token,en,ko,mrr,256,512,raw,ok,0.08460161251619777
trillionlabs/Tri-0.5B-Base,24,1.0,last_token,en,ko,mrr,256,512,aligned,ok,0.7610056871639295
trillionlabs/Tri-0.5B-Base,24,1.0,last_token,en,ko,mrr,256,512,delta,ok,0.6764040746477317
trillionlabs/Tri-0.5B-Base,24,1.0,last_token,ko,en,r1,256,512,raw,ok,0.623046875
trillionlabs/Tri-0.5B-Base,24,1.0,last_token,ko,en,r1,256,512,aligned,ok,0.677734375
trillionlabs/Tri-0.5B-Base,24,1.0,last_token,ko,en,r1,256,512,delta,ok,0.0546875
trillionlabs/Tri-0.5B-Base,24,1.0,last_token,ko,en,r5,256,512,raw,ok,0.86328125
trillionlabs/Tri-0.5B-Base,24,1.0,last_token,ko,en,r5,256,512,aligned,ok,0.884765625
trillionlabs/Tri-0.5B-Base,24,1.0,last_token,ko,en,r5,256,512,delta,ok,0.021484375
trillionlabs/Tri-0.5B-Base,24,1.0,last_token,ko,en,r10,256,512,raw,ok,0.91015625
trillionlabs/Tri-0.5B-Base,24,1.0,last_token,ko,en,r10,256,512,aligned,ok,0.92578125
trillionlabs/Tri-0.5B-Base,24,1.0,last_token,ko,en,r10,256,512,delta,ok,0.015625
trillionlabs/Tri-0.5B-Base,24,1.0,last_token,ko,en,mrr,256,512,raw,ok,0.7289201577878737
trillionlabs/Tri-0.5B-Base,24,1.0,last_token,ko,en,mrr,256,512,aligned,ok,0.7686727565022219
trillionlabs/Tri-0.5B-Base,24,1.0,last_token,ko,en,mrr,256,512,delta,ok,0.03975259871434822
trillionlabs/Tri-0.5B-Base,24,1.0,last_token,en,ja,r1,256,512,raw,ok,0.06640625
trillionlabs/Tri-0.5B-Base,24,1.0,last_token,en,ja,r1,256,512,aligned,ok,0.607421875
trillionlabs/Tri-0.5B-Base,24,1.0,last_token,en,ja,r1,256,512,delta,ok,0.541015625
trillionlabs/Tri-0.5B-Base,24,1.0,last_token,en,ja,r5,256,512,raw,ok,0.16796875
trillionlabs/Tri-0.5B-Base,24,1.0,last_token,en,ja,r5,256,512,aligned,ok,0.85546875
trillionlabs/Tri-0.5B-Base,24,1.0,last_token,en,ja,r5,256,512,delta,ok,0.6875
trillionlabs/Tri-0.5B-Base,24,1.0,last_token,en,ja,r10,256,512,raw,ok,0.287109375
trillionlabs/Tri-0.5B-Base,24,1.0,last_token,en,ja,r10,256,512,aligned,ok,0.916015625
trillionlabs/Tri-0.5B-Base,24,1.0,last_token,en,ja,r10,256,512,delta,ok,0.62890625
trillionlabs/Tri-0.5B-Base,24,1.0,last_token,en,ja,mrr,256,512,raw,ok,0.1335150677401427
trillionlabs/Tri-0.5B-Base,24,1.0,last_token,en,ja,mrr,256,512,aligned,ok,0.7197276959841803
trillionlabs/Tri-0.5B-Base,24,1.0,last_token,en,ja,mrr,256,512,delta,ok,0.5862126282440376
trillionlabs/Tri-0.5B-Base,24,1.0,last_token,ja,en,r1,256,512,raw,ok,0.322265625
trillionlabs/Tri-0.5B-Base,24,1.0,last_token,ja,en,r1,256,512,aligned,ok,0.634765625
trillionlabs/Tri-0.5B-Base,24,1.0,last_token,ja,en,r1,256,512,delta,ok,0.3125
trillionlabs/Tri-0.5B-Base,24,1.0,last_token,ja,en,r5,256,512,raw,ok,0.662109375
trillionlabs/Tri-0.5B-Base,24,1.0,last_token,ja,en,r5,256,512,aligned,ok,0.8828125
trillionlabs/Tri-0.5B-Base,24,1.0,last_token,ja,en,r5,256,512,delta,ok,0.220703125
trillionlabs/Tri-0.5B-Base,24,1.0,last_token,ja,en,r10,256,512,raw,ok,0.7578125
trillionlabs/Tri-0.5B-Base,24,1.0,last_token,ja,en,r10,256,512,aligned,ok,0.939453125
trillionlabs/Tri-0.5B-Base,24,1.0,last_token,ja,en,r10,256,512,delta,ok,0.181640625
trillionlabs/Tri-0.5B-Base,24,1.0,last_token,ja,en,mrr,256,512,raw,ok,0.47558380079186646
trillionlabs/Tri-0.5B-Base,24,1.0,last_token,ja,en,mrr,256,512,aligned,ok,0.749016009054823
trillionlabs/Tri-0.5B-Base,24,1.0,last_token,ja,en,mrr,256,512,delta,ok,0.27343220826295656
trillionlabs/Tri-0.5B-Base,24,1.0,last_token,en,zh,r1,256,512,raw,ok,0.01171875
trillionlabs/Tri-0.5B-Base,24,1.0,last_token,en,zh,r1,256,512,aligned,ok,0.732421875
trillionlabs/Tri-0.5B-Base,24,1.0,last_token,en,zh,r1,256,512,delta,ok,0.720703125
trillionlabs/Tri-0.5B-Base,24,1.0,last_token,en,zh,r5,256,512,raw,ok,0.107421875
trillionlabs/Tri-0.5B-Base,24,1.0,last_token,en,zh,r5,256,512,aligned,ok,0.9296875
trillionlabs/Tri-0.5B-Base,24,1.0,last_token,en,zh,r5,256,512,delta,ok,0.822265625
trillionlabs/Tri-0.5B-Base,24,1.0,last_token,en,zh,r10,256,512,raw,ok,0.16796875
trillionlabs/Tri-0.5B-Base,24,1.0,last_token,en,zh,r10,256,512,aligned,ok,0.96875
trillionlabs/Tri-0.5B-Base,24,1.0,last_token,en,zh,r10,256,512,delta,ok,0.80078125
trillionlabs/Tri-0.5B-Base,24,1.0,last_token,en,zh,mrr,256,512,raw,ok,0.06759000779109413
trillionlabs/Tri-0.5B-Base,24,1.0,last_token,en,zh,mrr,256,512,aligned,ok,0.8210356386090808
trillionlabs/Tri-0.5B-Base,24,1.0,last_token,en,zh,mrr,256,512,delta,ok,0.7534456308179867
trillionlabs/Tri-0.5B-Base,24,1.0,last_token,zh,en,r1,256,512,raw,ok,0.298828125
trillionlabs/Tri-0.5B-Base,24,1.0,last_token,zh,en,r1,256,512,aligned,ok,0.7109375
trillionlabs/Tri-0.5B-Base,24,1.0,last_token,zh,en,r1,256,512,delta,ok,0.412109375
trillionlabs/Tri-0.5B-Base,24,1.0,last_token,zh,en,r5,256,512,raw,ok,0.736328125
trillionlabs/Tri-0.5B-Base,24,1.0,last_token,zh,en,r5,256,512,aligned,ok,0.919921875
trillionlabs/Tri-0.5B-Base,24,1.0,last_token,zh,en,r5,256,512,delta,ok,0.18359375
trillionlabs/Tri-0.5B-Base,24,1.0,last_token,zh,en,r10,256,512,raw,ok,0.84375
trillionlabs/Tri-0.5B-Base,24,1.0,last_token,zh,en,r10,256,512,aligned,ok,0.9765625
trillionlabs/Tri-0.5B-Base,24,1.0,last_token,zh,en,r10,256,512,delta,ok,0.1328125
trillionlabs/Tri-0.5B-Base,24,1.0,last_token,zh,en,mrr,256,512,raw,ok,0.4956032144733409
trillionlabs/Tri-0.5B-Base,24,1.0,last_token,zh,en,mrr,256,512,aligned,ok,0.8051487161838724
trillionlabs/Tri-0.5B-Base,24,1.0,last_token,zh,en,mrr,256,512,delta,ok,0.3095455017105315
trillionlabs/Tri-0.5B-Base,24,1.0,last_token,ko,ja,r1,256,512,raw,ok,0.34375
trillionlabs/Tri-0.5B-Base,24,1.0,last_token,ko,ja,r1,256,512,aligned,ok,0.564453125
trillionlabs/Tri-0.5B-Base,24,1.0,last_token,ko,ja,r1,256,512,delta,ok,0.220703125
trillionlabs/Tri-0.5B-Base,24,1.0,last_token,ko,ja,r5,256,512,raw,ok,0.595703125
trillionlabs/Tri-0.5B-Base,24,1.0,last_token,ko,ja,r5,256,512,aligned,ok,0.80859375
trillionlabs/Tri-0.5B-Base,24,1.0,last_token,ko,ja,r5,256,512,delta,ok,0.212890625
trillionlabs/Tri-0.5B-Base,24,1.0,last_token,ko,ja,r10,256,512,raw,ok,0.673828125
trillionlabs/Tri-0.5B-Base,24,1.0,last_token,ko,ja,r10,256,512,aligned,ok,0.873046875
trillionlabs/Tri-0.5B-Base,24,1.0,last_token,ko,ja,r10,256,512,delta,ok,0.19921875
trillionlabs/Tri-0.5B-Base,24,1.0,last_token,ko,ja,mrr,256,512,raw,ok,0.4587126415148495
trillionlabs/Tri-0.5B-Base,24,1.0,last_token,ko,ja,mrr,256,512,aligned,ok,0.6724655943083713
trillionlabs/Tri-0.5B-Base,24,1.0,last_token,ko,ja,mrr,256,512,delta,ok,0.2137529527935218
trillionlabs/Tri-0.5B-Base,24,1.0,last_token,ja,ko,r1,256,512,raw,ok,0.08984375
trillionlabs/Tri-0.5B-Base,24,1.0,last_token,ja,ko,r1,256,512,aligned,ok,0.638671875
trillionlabs/Tri-0.5B-Base,24,1.0,last_token,ja,ko,r1,256,512,delta,ok,0.548828125
trillionlabs/Tri-0.5B-Base,24,1.0,last_token,ja,ko,r5,256,512,raw,ok,0.21484375
trillionlabs/Tri-0.5B-Base,24,1.0,last_token,ja,ko,r5,256,512,aligned,ok,0.818359375
trillionlabs/Tri-0.5B-Base,24,1.0,last_token,ja,ko,r5,256,512,delta,ok,0.603515625
trillionlabs/Tri-0.5B-Base,24,1.0,last_token,ja,ko,r10,256,512,raw,ok,0.296875
trillionlabs/Tri-0.5B-Base,24,1.0,last_token,ja,ko,r10,256,512,aligned,ok,0.87890625
trillionlabs/Tri-0.5B-Base,24,1.0,last_token,ja,ko,r10,256,512,delta,ok,0.58203125
trillionlabs/Tri-0.5B-Base,24,1.0,last_token,ja,ko,mrr,256,512,raw,ok,0.16378939370161844
trillionlabs/Tri-0.5B-Base,24,1.0,last_token,ja,ko,mrr,256,512,aligned,ok,0.7243664393775651
trillionlabs/Tri-0.5B-Base,24,1.0,last_token,ja,ko,mrr,256,512,delta,ok,0.5605770456759467
trillionlabs/Tri-0.5B-Base,24,1.0,last_token,ko,zh,r1,256,512,raw,ok,0.244140625
trillionlabs/Tri-0.5B-Base,24,1.0,last_token,ko,zh,r1,256,512,aligned,ok,0.5859375
trillionlabs/Tri-0.5B-Base,24,1.0,last_token,ko,zh,r1,256,512,delta,ok,0.341796875
trillionlabs/Tri-0.5B-Base,24,1.0,last_token,ko,zh,r5,256,512,raw,ok,0.45703125
trillionlabs/Tri-0.5B-Base,24,1.0,last_token,ko,zh,r5,256,512,aligned,ok,0.826171875
trillionlabs/Tri-0.5B-Base,24,1.0,last_token,ko,zh,r5,256,512,delta,ok,0.369140625
trillionlabs/Tri-0.5B-Base,24,1.0,last_token,ko,zh,r10,256,512,raw,ok,0.5703125
trillionlabs/Tri-0.5B-Base,24,1.0,last_token,ko,zh,r10,256,512,aligned,ok,0.896484375
trillionlabs/Tri-0.5B-Base,24,1.0,last_token,ko,zh,r10,256,512,delta,ok,0.326171875
trillionlabs/Tri-0.5B-Base,24,1.0,last_token,ko,zh,mrr,256,512,raw,ok,0.3506078960310205
trillionlabs/Tri-0.5B-Base,24,1.0,last_token,ko,zh,mrr,256,512,aligned,ok,0.6933022111285391
trillionlabs/Tri-0.5B-Base,24,1.0,last_token,ko,zh,mrr,256,512,delta,ok,0.3426943150975186
trillionlabs/Tri-0.5B-Base,24,1.0,last_token,zh,ko,r1,256,512,raw,ok,0.228515625
trillionlabs/Tri-0.5B-Base,24,1.0,last_token,zh,ko,r1,256,512,aligned,ok,0.576171875
trillionlabs/Tri-0.5B-Base,24,1.0,last_token,zh,ko,r1,256,512,delta,ok,0.34765625
trillionlabs/Tri-0.5B-Base,24,1.0,last_token,zh,ko,r5,256,512,raw,ok,0.4609375
trillionlabs/Tri-0.5B-Base,24,1.0,last_token,zh,ko,r5,256,512,aligned,ok,0.822265625
trillionlabs/Tri-0.5B-Base,24,1.0,last_token,zh,ko,r5,256,512,delta,ok,0.361328125
trillionlabs/Tri-0.5B-Base,24,1.0,last_token,zh,ko,r10,256,512,raw,ok,0.556640625
trillionlabs/Tri-0.5B-Base,24,1.0,last_token,zh,ko,r10,256,512,aligned,ok,0.875
trillionlabs/Tri-0.5B-Base,24,1.0,last_token,zh,ko,r10,256,512,delta,ok,0.318359375
trillionlabs/Tri-0.5B-Base,24,1.0,last_token,zh,ko,mrr,256,512,raw,ok,0.3408948559136512
trillionlabs/Tri-0.5B-Base,24,1.0,last_token,zh,ko,mrr,256,512,aligned,ok,0.6859747158129581
trillionlabs/Tri-0.5B-Base,24,1.0,last_token,zh,ko,mrr,256,512,delta,ok,0.3450798598993069
trillionlabs/Tri-0.5B-Base,24,1.0,last_token,ja,zh,r1,256,512,raw,ok,0.544921875
trillionlabs/Tri-0.5B-Base,24,1.0,last_token,ja,zh,r1,256,512,aligned,ok,0.6171875
trillionlabs/Tri-0.5B-Base,24,1.0,last_token,ja,zh,r1,256,512,delta,ok,0.072265625
trillionlabs/Tri-0.5B-Base,24,1.0,last_token,ja,zh,r5,256,512,raw,ok,0.810546875
trillionlabs/Tri-0.5B-Base,24,1.0,last_token,ja,zh,r5,256,512,aligned,ok,0.869140625
trillionlabs/Tri-0.5B-Base,24,1.0,last_token,ja,zh,r5,256,512,delta,ok,0.05859375
trillionlabs/Tri-0.5B-Base,24,1.0,last_token,ja,zh,r10,256,512,raw,ok,0.88671875
trillionlabs/Tri-0.5B-Base,24,1.0,last_token,ja,zh,r10,256,512,aligned,ok,0.931640625
trillionlabs/Tri-0.5B-Base,24,1.0,last_token,ja,zh,r10,256,512,delta,ok,0.044921875
trillionlabs/Tri-0.5B-Base,24,1.0,last_token,ja,zh,mrr,256,512,raw,ok,0.659606849429989
trillionlabs/Tri-0.5B-Base,24,1.0,last_token,ja,zh,mrr,256,512,aligned,ok,0.7276527791404777
trillionlabs/Tri-0.5B-Base,24,1.0,last_token,ja,zh,mrr,256,512,delta,ok,0.06804592971048862
trillionlabs/Tri-0.5B-Base,24,1.0,last_token,zh,ja,r1,256,512,raw,ok,0.013671875
trillionlabs/Tri-0.5B-Base,24,1.0,last_token,zh,ja,r1,256,512,aligned,ok,0.564453125
trillionlabs/Tri-0.5B-Base,24,1.0,last_token,zh,ja,r1,256,512,delta,ok,0.55078125
trillionlabs/Tri-0.5B-Base,24,1.0,last_token,zh,ja,r5,256,512,raw,ok,0.25390625
trillionlabs/Tri-0.5B-Base,24,1.0,last_token,zh,ja,r5,256,512,aligned,ok,0.83203125
trillionlabs/Tri-0.5B-Base,24,1.0,last_token,zh,ja,r5,256,512,delta,ok,0.578125
trillionlabs/Tri-0.5B-Base,24,1.0,last_token,zh,ja,r10,256,512,raw,ok,0.400390625
trillionlabs/Tri-0.5B-Base,24,1.0,last_token,zh,ja,r10,256,512,aligned,ok,0.916015625
trillionlabs/Tri-0.5B-Base,24,1.0,last_token,zh,ja,r10,256,512,delta,ok,0.515625
trillionlabs/Tri-0.5B-Base,24,1.0,last_token,zh,ja,mrr,256,512,raw,ok,0.13054845039936303
trillionlabs/Tri-0.5B-Base,24,1.0,last_token,zh,ja,mrr,256,512,aligned,ok,0.6846004594023078
trillionlabs/Tri-0.5B-Base,24,1.0,last_token,zh,ja,mrr,256,512,delta,ok,0.5540520090029448
trillionlabs/Tri-0.5B-Base,0,0.0,mean,en,ko,r1,256,512,raw,ok,0.740234375
trillionlabs/Tri-0.5B-Base,0,0.0,mean,en,ko,r1,256,512,aligned,ok,0.2890625
trillionlabs/Tri-0.5B-Base,0,0.0,mean,en,ko,r1,256,512,delta,ok,-0.451171875
trillionlabs/Tri-0.5B-Base,0,0.0,mean,en,ko,r5,256,512,raw,ok,0.892578125
trillionlabs/Tri-0.5B-Base,0,0.0,mean,en,ko,r5,256,512,aligned,ok,0.541015625
trillionlabs/Tri-0.5B-Base,0,0.0,mean,en,ko,r5,256,512,delta,ok,-0.3515625
trillionlabs/Tri-0.5B-Base,0,0.0,mean,en,ko,r10,256,512,raw,ok,0.94140625
trillionlabs/Tri-0.5B-Base,0,0.0,mean,en,ko,r10,256,512,aligned,ok,0.67578125
trillionlabs/Tri-0.5B-Base,0,0.0,mean,en,ko,r10,256,512,delta,ok,-0.265625
trillionlabs/Tri-0.5B-Base,0,0.0,mean,en,ko,mrr,256,512,raw,ok,0.8098202006248467
trillionlabs/Tri-0.5B-Base,0,0.0,mean,en,ko,mrr,256,512,aligned,ok,0.414038714641926
trillionlabs/Tri-0.5B-Base,0,0.0,mean,en,ko,mrr,256,512,delta,ok,-0.39578148598292073
trillionlabs/Tri-0.5B-Base,0,0.0,mean,ko,en,r1,256,512,raw,ok,0.71875
trillionlabs/Tri-0.5B-Base,0,0.0,mean,ko,en,r1,256,512,aligned,ok,0.283203125
trillionlabs/Tri-0.5B-Base,0,0.0,mean,ko,en,r1,256,512,delta,ok,-0.435546875
trillionlabs/Tri-0.5B-Base,0,0.0,mean,ko,en,r5,256,512,raw,ok,0.892578125
trillionlabs/Tri-0.5B-Base,0,0.0,mean,ko,en,r5,256,512,aligned,ok,0.576171875
trillionlabs/Tri-0.5B-Base,0,0.0,mean,ko,en,r5,256,512,delta,ok,-0.31640625
trillionlabs/Tri-0.5B-Base,0,0.0,mean,ko,en,r10,256,512,raw,ok,0.9296875
trillionlabs/Tri-0.5B-Base,0,0.0,mean,ko,en,r10,256,512,aligned,ok,0.673828125
trillionlabs/Tri-0.5B-Base,0,0.0,mean,ko,en,r10,256,512,delta,ok,-0.255859375
trillionlabs/Tri-0.5B-Base,0,0.0,mean,ko,en,mrr,256,512,raw,ok,0.7912949584496467
trillionlabs/Tri-0.5B-Base,0,0.0,mean,ko,en,mrr,256,512,aligned,ok,0.41189466068261626
trillionlabs/Tri-0.5B-Base,0,0.0,mean,ko,en,mrr,256,512,delta,ok,-0.37940029776703044
trillionlabs/Tri-0.5B-Base,0,0.0,mean,en,ja,r1,256,512,raw,ok,0.623046875
trillionlabs/Tri-0.5B-Base,0,0.0,mean,en,ja,r1,256,512,aligned,ok,0.25390625
trillionlabs/Tri-0.5B-Base,0,0.0,mean,en,ja,r1,256,512,delta,ok,-0.369140625
trillionlabs/Tri-0.5B-Base,0,0.0,mean,en,ja,r5,256,512,raw,ok,0.84765625
trillionlabs/Tri-0.5B-Base,0,0.0,mean,en,ja,r5,256,512,aligned,ok,0.49609375
trillionlabs/Tri-0.5B-Base,0,0.0,mean,en,ja,r5,256,512,delta,ok,-0.3515625
trillionlabs/Tri-0.5B-Base,0,0.0,mean,en,ja,r10,256,512,raw,ok,0.90234375
trillionlabs/Tri-0.5B-Base,0,0.0,mean,en,ja,r10,256,512,aligned,ok,0.5859375
trillionlabs/Tri-0.5B-Base,0,0.0,mean,en,ja,r10,256,512,delta,ok,-0.31640625
trillionlabs/Tri-0.5B-Base,0,0.0,mean,en,ja,mrr,256,512,raw,ok,0.718796710549245
trillionlabs/Tri-0.5B-Base,0,0.0,mean,en,ja,mrr,256,512,aligned,ok,0.3672745181189919
trillionlabs/Tri-0.5B-Base,0,0.0,mean,en,ja,mrr,256,512,delta,ok,-0.35152219243025307
trillionlabs/Tri-0.5B-Base,0,0.0,mean,ja,en,r1,256,512,raw,ok,0.466796875
trillionlabs/Tri-0.5B-Base,0,0.0,mean,ja,en,r1,256,512,aligned,ok,0.25390625
trillionlabs/Tri-0.5B-Base,0,0.0,mean,ja,en,r1,256,512,delta,ok,-0.212890625
trillionlabs/Tri-0.5B-Base,0,0.0,mean,ja,en,r5,256,512,raw,ok,0.6796875
trillionlabs/Tri-0.5B-Base,0,0.0,mean,ja,en,r5,256,512,aligned,ok,0.470703125
trillionlabs/Tri-0.5B-Base,0,0.0,mean,ja,en,r5,256,512,delta,ok,-0.208984375
trillionlabs/Tri-0.5B-Base,0,0.0,mean,ja,en,r10,256,512,raw,ok,0.78125
trillionlabs/Tri-0.5B-Base,0,0.0,mean,ja,en,r10,256,512,aligned,ok,0.59375
trillionlabs/Tri-0.5B-Base,0,0.0,mean,ja,en,r10,256,512,delta,ok,-0.1875
trillionlabs/Tri-0.5B-Base,0,0.0,mean,ja,en,mrr,256,512,raw,ok,0.5696638016488285
trillionlabs/Tri-0.5B-Base,0,0.0,mean,ja,en,mrr,256,512,aligned,ok,0.36819760627494347
trillionlabs/Tri-0.5B-Base,0,0.0,mean,ja,en,mrr,256,512,delta,ok,-0.201466195373885
trillionlabs/Tri-0.5B-Base,0,0.0,mean,en,zh,r1,256,512,raw,ok,0.720703125
trillionlabs/Tri-0.5B-Base,0,0.0,mean,en,zh,r1,256,512,aligned,ok,0.37109375
trillionlabs/Tri-0.5B-Base,0,0.0,mean,en,zh,r1,256,512,delta,ok,-0.349609375
trillionlabs/Tri-0.5B-Base,0,0.0,mean,en,zh,r5,256,512,raw,ok,0.89453125
trillionlabs/Tri-0.5B-Base,0,0.0,mean,en,zh,r5,256,512,aligned,ok,0.61328125
trillionlabs/Tri-0.5B-Base,0,0.0,mean,en,zh,r5,256,512,delta,ok,-0.28125
trillionlabs/Tri-0.5B-Base,0,0.0,mean,en,zh,r10,256,512,raw,ok,0.93359375
trillionlabs/Tri-0.5B-Base,0,0.0,mean,en,zh,r10,256,512,aligned,ok,0.732421875
trillionlabs/Tri-0.5B-Base,0,0.0,mean,en,zh,r10,256,512,delta,ok,-0.201171875
trillionlabs/Tri-0.5B-Base,0,0.0,mean,en,zh,mrr,256,512,raw,ok,0.7993159555116036
trillionlabs/Tri-0.5B-Base,0,0.0,mean,en,zh,mrr,256,512,aligned,ok,0.48528453520020187
trillionlabs/Tri-0.5B-Base,0,0.0,mean,en,zh,mrr,256,512,delta,ok,-0.31403142031140174
trillionlabs/Tri-0.5B-Base,0,0.0,mean,zh,en,r1,256,512,raw,ok,0.685546875
trillionlabs/Tri-0.5B-Base,0,0.0,mean,zh,en,r1,256,512,aligned,ok,0.375
trillionlabs/Tri-0.5B-Base,0,0.0,mean,zh,en,r1,256,512,delta,ok,-0.310546875
trillionlabs/Tri-0.5B-Base,0,0.0,mean,zh,en,r5,256,512,raw,ok,0.84765625
trillionlabs/Tri-0.5B-Base,0,0.0,mean,zh,en,r5,256,512,aligned,ok,0.6171875
trillionlabs/Tri-0.5B-Base,0,0.0,mean,zh,en,r5,256,512,delta,ok,-0.23046875
trillionlabs/Tri-0.5B-Base,0,0.0,mean,zh,en,r10,256,512,raw,ok,0.8984375
trillionlabs/Tri-0.5B-Base,0,0.0,mean,zh,en,r10,256,512,aligned,ok,0.716796875
trillionlabs/Tri-0.5B-Base,0,0.0,mean,zh,en,r10,256,512,delta,ok,-0.181640625
trillionlabs/Tri-0.5B-Base,0,0.0,mean,zh,en,mrr,256,512,raw,ok,0.7586830130871046
trillionlabs/Tri-0.5B-Base,0,0.0,mean,zh,en,mrr,256,512,aligned,ok,0.4978340123038615
trillionlabs/Tri-0.5B-Base,0,0.0,mean,zh,en,mrr,256,512,delta,ok,-0.26084900078324313
trillionlabs/Tri-0.5B-Base,0,0.0,mean,ko,ja,r1,256,512,raw,ok,0.712890625
trillionlabs/Tri-0.5B-Base,0,0.0,mean,ko,ja,r1,256,512,aligned,ok,0.251953125
trillionlabs/Tri-0.5B-Base,0,0.0,mean,ko,ja,r1,256,512,delta,ok,-0.4609375
trillionlabs/Tri-0.5B-Base,0,0.0,mean,ko,ja,r5,256,512,raw,ok,0.859375
trillionlabs/Tri-0.5B-Base,0,0.0,mean,ko,ja,r5,256,512,aligned,ok,0.48046875
trillionlabs/Tri-0.5B-Base,0,0.0,mean,ko,ja,r5,256,512,delta,ok,-0.37890625
trillionlabs/Tri-0.5B-Base,0,0.0,mean,ko,ja,r10,256,512,raw,ok,0.89453125
trillionlabs/Tri-0.5B-Base,0,0.0,mean,ko,ja,r10,256,512,aligned,ok,0.587890625
trillionlabs/Tri-0.5B-Base,0,0.0,mean,ko,ja,r10,256,512,delta,ok,-0.306640625
trillionlabs/Tri-0.5B-Base,0,0.0,mean,ko,ja,mrr,256,512,raw,ok,0.7787972708704431
trillionlabs/Tri-0.5B-Base,0,0.0,mean,ko,ja,mrr,256,512,aligned,ok,0.3662328339755976
trillionlabs/Tri-0.5B-Base,0,0.0,mean,ko,ja,mrr,256,512,delta,ok,-0.41256443689484557
trillionlabs/Tri-0.5B-Base,0,0.0,mean,ja,ko,r1,256,512,raw,ok,0.607421875
trillionlabs/Tri-0.5B-Base,0,0.0,mean,ja,ko,r1,256,512,aligned,ok,0.240234375
trillionlabs/Tri-0.5B-Base,0,0.0,mean,ja,ko,r1,256,512,delta,ok,-0.3671875
trillionlabs/Tri-0.5B-Base,0,0.0,mean,ja,ko,r5,256,512,raw,ok,0.79296875
trillionlabs/Tri-0.5B-Base,0,0.0,mean,ja,ko,r5,256,512,aligned,ok,0.486328125
trillionlabs/Tri-0.5B-Base,0,0.0,mean,ja,ko,r5,256,512,delta,ok,-0.306640625
trillionlabs/Tri-0.5B-Base,0,0.0,mean,ja,ko,r10,256,512,raw,ok,0.873046875
trillionlabs/Tri-0.5B-Base,0,0.0,mean,ja,ko,r10,256,512,aligned,ok,0.587890625
trillionlabs/Tri-0.5B-Base,0,0.0,mean,ja,ko,r10,256,512,delta,ok,-0.28515625
trillionlabs/Tri-0.5B-Base,0,0.0,mean,ja,ko,mrr,256,512,raw,ok,0.6943325789307065
trillionlabs/Tri-0.5B-Base,0,0.0,mean,ja,ko,mrr,256,512,aligned,ok,0.3589741811678376
trillionlabs/Tri-0.5B-Base,0,0.0,mean,ja,ko,mrr,256,512,delta,ok,-0.33535839776286896
trillionlabs/Tri-0.5B-Base,0,0.0,mean,ko,zh,r1,256,512,raw,ok,0.568359375
trillionlabs/Tri-0.5B-Base,0,0.0,mean,ko,zh,r1,256,512,aligned,ok,0.1875
trillionlabs/Tri-0.5B-Base,0,0.0,mean,ko,zh,r1,256,512,delta,ok,-0.380859375
trillionlabs/Tri-0.5B-Base,0,0.0,mean,ko,zh,r5,256,512,raw,ok,0.763671875
trillionlabs/Tri-0.5B-Base,0,0.0,mean,ko,zh,r5,256,512,aligned,ok,0.412109375
trillionlabs/Tri-0.5B-Base,0,0.0,mean,ko,zh,r5,256,512,delta,ok,-0.3515625
trillionlabs/Tri-0.5B-Base,0,0.0,mean,ko,zh,r10,256,512,raw,ok,0.849609375
trillionlabs/Tri-0.5B-Base,0,0.0,mean,ko,zh,r10,256,512,aligned,ok,0.533203125
trillionlabs/Tri-0.5B-Base,0,0.0,mean,ko,zh,r10,256,512,delta,ok,-0.31640625
trillionlabs/Tri-0.5B-Base,0,0.0,mean,ko,zh,mrr,256,512,raw,ok,0.659628229549214
trillionlabs/Tri-0.5B-Base,0,0.0,mean,ko,zh,mrr,256,512,aligned,ok,0.2959836789216057
trillionlabs/Tri-0.5B-Base,0,0.0,mean,ko,zh,mrr,256,512,delta,ok,-0.36364455062760825
trillionlabs/Tri-0.5B-Base,0,0.0,mean,zh,ko,r1,256,512,raw,ok,0.537109375
trillionlabs/Tri-0.5B-Base,0,0.0,mean,zh,ko,r1,256,512,aligned,ok,0.20703125
trillionlabs/Tri-0.5B-Base,0,0.0,mean,zh,ko,r1,256,512,delta,ok,-0.330078125
trillionlabs/Tri-0.5B-Base,0,0.0,mean,zh,ko,r5,256,512,raw,ok,0.755859375
trillionlabs/Tri-0.5B-Base,0,0.0,mean,zh,ko,r5,256,512,aligned,ok,0.400390625
trillionlabs/Tri-0.5B-Base,0,0.0,mean,zh,ko,r5,256,512,delta,ok,-0.35546875
trillionlabs/Tri-0.5B-Base,0,0.0,mean,zh,ko,r10,256,512,raw,ok,0.837890625
trillionlabs/Tri-0.5B-Base,0,0.0,mean,zh,ko,r10,256,512,aligned,ok,0.513671875
trillionlabs/Tri-0.5B-Base,0,0.0,mean,zh,ko,r10,256,512,delta,ok,-0.32421875
trillionlabs/Tri-0.5B-Base,0,0.0,mean,zh,ko,mrr,256,512,raw,ok,0.6384770319460922
trillionlabs/Tri-0.5B-Base,0,0.0,mean,zh,ko,mrr,256,512,aligned,ok,0.30519584297977403
trillionlabs/Tri-0.5B-Base,0,0.0,mean,zh,ko,mrr,256,512,delta,ok,-0.33328118896631814
trillionlabs/Tri-0.5B-Base,0,0.0,mean,ja,zh,r1,256,512,raw,ok,0.546875
trillionlabs/Tri-0.5B-Base,0,0.0,mean,ja,zh,r1,256,512,aligned,ok,0.263671875
trillionlabs/Tri-0.5B-Base,0,0.0,mean,ja,zh,r1,256,512,delta,ok,-0.283203125
trillionlabs/Tri-0.5B-Base,0,0.0,mean,ja,zh,r5,256,512,raw,ok,0.76171875
trillionlabs/Tri-0.5B-Base,0,0.0,mean,ja,zh,r5,256,512,aligned,ok,0.48046875
trillionlabs/Tri-0.5B-Base,0,0.0,mean,ja,zh,r5,256,512,delta,ok,-0.28125
trillionlabs/Tri-0.5B-Base,0,0.0,mean,ja,zh,r10,256,512,raw,ok,0.837890625
trillionlabs/Tri-0.5B-Base,0,0.0,mean,ja,zh,r10,256,512,aligned,ok,0.599609375
trillionlabs/Tri-0.5B-Base,0,0.0,mean,ja,zh,r10,256,512,delta,ok,-0.23828125
trillionlabs/Tri-0.5B-Base,0,0.0,mean,ja,zh,mrr,256,512,raw,ok,0.6486125393956225
trillionlabs/Tri-0.5B-Base,0,0.0,mean,ja,zh,mrr,256,512,aligned,ok,0.37444795571581946
trillionlabs/Tri-0.5B-Base,0,0.0,mean,ja,zh,mrr,256,512,delta,ok,-0.274164583679803
trillionlabs/Tri-0.5B-Base,0,0.0,mean,zh,ja,r1,256,512,raw,ok,0.625
trillionlabs/Tri-0.5B-Base,0,0.0,mean,zh,ja,r1,256,512,aligned,ok,0.25
trillionlabs/Tri-0.5B-Base,0,0.0,mean,zh,ja,r1,256,512,delta,ok,-0.375
trillionlabs/Tri-0.5B-Base,0,0.0,mean,zh,ja,r5,256,512,raw,ok,0.8125
trillionlabs/Tri-0.5B-Base,0,0.0,mean,zh,ja,r5,256,512,aligned,ok,0.49609375
trillionlabs/Tri-0.5B-Base,0,0.0,mean,zh,ja,r5,256,512,delta,ok,-0.31640625
trillionlabs/Tri-0.5B-Base,0,0.0,mean,zh,ja,r10,256,512,raw,ok,0.849609375
trillionlabs/Tri-0.5B-Base,0,0.0,mean,zh,ja,r10,256,512,aligned,ok,0.595703125
trillionlabs/Tri-0.5B-Base,0,0.0,mean,zh,ja,r10,256,512,delta,ok,-0.25390625
trillionlabs/Tri-0.5B-Base,0,0.0,mean,zh,ja,mrr,256,512,raw,ok,0.7071528691132989
trillionlabs/Tri-0.5B-Base,0,0.0,mean,zh,ja,mrr,256,512,aligned,ok,0.3641972465820431
trillionlabs/Tri-0.5B-Base,0,0.0,mean,zh,ja,mrr,256,512,delta,ok,-0.3429556225312558
trillionlabs/Tri-0.5B-Base,1,0.041666666666666664,mean,en,ko,r1,256,512,raw,ok,0.275390625
trillionlabs/Tri-0.5B-Base,1,0.041666666666666664,mean,en,ko,r1,256,512,aligned,ok,0.49609375
trillionlabs/Tri-0.5B-Base,1,0.041666666666666664,mean,en,ko,r1,256,512,delta,ok,0.220703125
trillionlabs/Tri-0.5B-Base,1,0.041666666666666664,mean,en,ko,r5,256,512,raw,ok,0.40625
trillionlabs/Tri-0.5B-Base,1,0.041666666666666664,mean,en,ko,r5,256,512,aligned,ok,0.765625
trillionlabs/Tri-0.5B-Base,1,0.041666666666666664,mean,en,ko,r5,256,512,delta,ok,0.359375
trillionlabs/Tri-0.5B-Base,1,0.041666666666666664,mean,en,ko,r10,256,512,raw,ok,0.470703125
trillionlabs/Tri-0.5B-Base,1,0.041666666666666664,mean,en,ko,r10,256,512,aligned,ok,0.83203125
trillionlabs/Tri-0.5B-Base,1,0.041666666666666664,mean,en,ko,r10,256,512,delta,ok,0.361328125
trillionlabs/Tri-0.5B-Base,1,0.041666666666666664,mean,en,ko,mrr,256,512,raw,ok,0.3401042027781308
trillionlabs/Tri-0.5B-Base,1,0.041666666666666664,mean,en,ko,mrr,256,512,aligned,ok,0.616487058480925
trillionlabs/Tri-0.5B-Base,1,0.041666666666666664,mean,en,ko,mrr,256,512,delta,ok,0.2763828557027942
trillionlabs/Tri-0.5B-Base,1,0.041666666666666664,mean,ko,en,r1,256,512,raw,ok,0.671875
trillionlabs/Tri-0.5B-Base,1,0.041666666666666664,mean,ko,en,r1,256,512,aligned,ok,0.494140625
trillionlabs/Tri-0.5B-Base,1,0.041666666666666664,mean,ko,en,r1,256,512,delta,ok,-0.177734375
trillionlabs/Tri-0.5B-Base,1,0.041666666666666664,mean,ko,en,r5,256,512,raw,ok,0.87109375
trillionlabs/Tri-0.5B-Base,1,0.041666666666666664,mean,ko,en,r5,256,512,aligned,ok,0.732421875
trillionlabs/Tri-0.5B-Base,1,0.041666666666666664,mean,ko,en,r5,256,512,delta,ok,-0.138671875
trillionlabs/Tri-0.5B-Base,1,0.041666666666666664,mean,ko,en,r10,256,512,raw,ok,0.91015625
trillionlabs/Tri-0.5B-Base,1,0.041666666666666664,mean,ko,en,r10,256,512,aligned,ok,0.837890625
trillionlabs/Tri-0.5B-Base,1,0.041666666666666664,mean,ko,en,r10,256,512,delta,ok,-0.072265625
trillionlabs/Tri-0.5B-Base,1,0.041666666666666664,mean,ko,en,mrr,256,512,raw,ok,0.75994831181408
trillionlabs/Tri-0.5B-Base,1,0.041666666666666664,mean,ko,en,mrr,256,512,aligned,ok,0.608174253522228
trillionlabs/Tri-0.5B-Base,1,0.041666666666666664,mean,ko,en,mrr,256,512,delta,ok,-0.15177405829185198
trillionlabs/Tri-0.5B-Base,1,0.041666666666666664,mean,en,ja,r1,256,512,raw,ok,0.212890625
trillionlabs/Tri-0.5B-Base,1,0.041666666666666664,mean,en,ja,r1,256,512,aligned,ok,0.435546875
trillionlabs/Tri-0.5B-Base,1,0.041666666666666664,mean,en,ja,r1,256,512,delta,ok,0.22265625
trillionlabs/Tri-0.5B-Base,1,0.041666666666666664,mean,en,ja,r5,256,512,raw,ok,0.357421875
trillionlabs/Tri-0.5B-Base,1,0.041666666666666664,mean,en,ja,r5,256,512,aligned,ok,0.669921875
trillionlabs/Tri-0.5B-Base,1,0.041666666666666664,mean,en,ja,r5,256,512,delta,ok,0.3125
trillionlabs/Tri-0.5B-Base,1,0.041666666666666664,mean,en,ja,r10,256,512,raw,ok,0.421875
trillionlabs/Tri-0.5B-Base,1,0.041666666666666664,mean,en,ja,r10,256,512,aligned,ok,0.76171875
trillionlabs/Tri-0.5B-Base,1,0.041666666666666664,mean,en,ja,r10,256,512,delta,ok,0.33984375
trillionlabs/Tri-0.5B-Base,1,0.041666666666666664,mean,en,ja,mrr,256,512,raw,ok,0.2881960392233881
trillionlabs/Tri-0.5B-Base,1,0.041666666666666664,mean,en,ja,mrr,256,512,aligned,ok,0.5474680104315888
trillionlabs/Tri-0.5B-Base,1,0.041666666666666664,mean,en,ja,mrr,256,512,delta,ok,0.25927197120820067
trillionlabs/Tri-0.5B-Base,1,0.041666666666666664,mean,ja,en,r1,256,512,raw,ok,0.4921875
trillionlabs/Tri-0.5B-Base,1,0.041666666666666664,mean,ja,en,r1,256,512,aligned,ok,0.392578125
trillionlabs/Tri-0.5B-Base,1,0.041666666666666664,mean,ja,en,r1,256,512,delta,ok,-0.099609375
trillionlabs/Tri-0.5B-Base,1,0.041666666666666664,mean,ja,en,r5,256,512,raw,ok,0.734375
trillionlabs/Tri-0.5B-Base,1,0.041666666666666664,mean,ja,en,r5,256,512,aligned,ok,0.646484375
trillionlabs/Tri-0.5B-Base,1,0.041666666666666664,mean,ja,en,r5,256,512,delta,ok,-0.087890625
trillionlabs/Tri-0.5B-Base,1,0.041666666666666664,mean,ja,en,r10,256,512,raw,ok,0.79296875
trillionlabs/Tri-0.5B-Base,1,0.041666666666666664,mean,ja,en,r10,256,512,aligned,ok,0.77734375
trillionlabs/Tri-0.5B-Base,1,0.041666666666666664,mean,ja,en,r10,256,512,delta,ok,-0.015625
trillionlabs/Tri-0.5B-Base,1,0.041666666666666664,mean,ja,en,mrr,256,512,raw,ok,0.6018296932652547
trillionlabs/Tri-0.5B-Base,1,0.041666666666666664,mean,ja,en,mrr,256,512,aligned,ok,0.5124772657139438
trillionlabs/Tri-0.5B-Base,1,0.041666666666666664,mean,ja,en,mrr,256,512,delta,ok,-0.0893524275513109
trillionlabs/Tri-0.5B-Base,1,0.041666666666666664,mean,en,zh,r1,256,512,raw,ok,0.234375
trillionlabs/Tri-0.5B-Base,1,0.041666666666666664,mean,en,zh,r1,256,512,aligned,ok,0.556640625
trillionlabs/Tri-0.5B-Base,1,0.041666666666666664,mean,en,zh,r1,256,512,delta,ok,0.322265625
trillionlabs/Tri-0.5B-Base,1,0.041666666666666664,mean,en,zh,r5,256,512,raw,ok,0.36328125
trillionlabs/Tri-0.5B-Base,1,0.041666666666666664,mean,en,zh,r5,256,512,aligned,ok,0.80859375
trillionlabs/Tri-0.5B-Base,1,0.041666666666666664,mean,en,zh,r5,256,512,delta,ok,0.4453125
trillionlabs/Tri-0.5B-Base,1,0.041666666666666664,mean,en,zh,r10,256,512,raw,ok,0.4296875
trillionlabs/Tri-0.5B-Base,1,0.041666666666666664,mean,en,zh,r10,256,512,aligned,ok,0.87109375
trillionlabs/Tri-0.5B-Base,1,0.041666666666666664,mean,en,zh,r10,256,512,delta,ok,0.44140625
trillionlabs/Tri-0.5B-Base,1,0.041666666666666664,mean,en,zh,mrr,256,512,raw,ok,0.3039599881627636
trillionlabs/Tri-0.5B-Base,1,0.041666666666666664,mean,en,zh,mrr,256,512,aligned,ok,0.6637722020264147
trillionlabs/Tri-0.5B-Base,1,0.041666666666666664,mean,en,zh,mrr,256,512,delta,ok,0.35981221386365114
trillionlabs/Tri-0.5B-Base,1,0.041666666666666664,mean,zh,en,r1,256,512,raw,ok,0.677734375
trillionlabs/Tri-0.5B-Base,1,0.041666666666666664,mean,zh,en,r1,256,512,aligned,ok,0.5078125
trillionlabs/Tri-0.5B-Base,1,0.041666666666666664,mean,zh,en,r1,256,512,delta,ok,-0.169921875
trillionlabs/Tri-0.5B-Base,1,0.041666666666666664,mean,zh,en,r5,256,512,raw,ok,0.83984375
trillionlabs/Tri-0.5B-Base,1,0.041666666666666664,mean,zh,en,r5,256,512,aligned,ok,0.7578125
trillionlabs/Tri-0.5B-Base,1,0.041666666666666664,mean,zh,en,r5,256,512,delta,ok,-0.08203125
trillionlabs/Tri-0.5B-Base,1,0.041666666666666664,mean,zh,en,r10,256,512,raw,ok,0.880859375
trillionlabs/Tri-0.5B-Base,1,0.041666666666666664,mean,zh,en,r10,256,512,aligned,ok,0.833984375
trillionlabs/Tri-0.5B-Base,1,0.041666666666666664,mean,zh,en,r10,256,512,delta,ok,-0.046875
trillionlabs/Tri-0.5B-Base,1,0.041666666666666664,mean,zh,en,mrr,256,512,raw,ok,0.7527491134028825
trillionlabs/Tri-0.5B-Base,1,0.041666666666666664,mean,zh,en,mrr,256,512,aligned,ok,0.6248193728261511
trillionlabs/Tri-0.5B-Base,1,0.041666666666666664,mean,zh,en,mrr,256,512,delta,ok,-0.12792974057673145
trillionlabs/Tri-0.5B-Base,1,0.041666666666666664,mean,ko,ja,r1,256,512,raw,ok,0.5859375
trillionlabs/Tri-0.5B-Base,1,0.041666666666666664,mean,ko,ja,r1,256,512,aligned,ok,0.396484375
trillionlabs/Tri-0.5B-Base,1,0.041666666666666664,mean,ko,ja,r1,256,512,delta,ok,-0.189453125
trillionlabs/Tri-0.5B-Base,1,0.041666666666666664,mean,ko,ja,r5,256,512,raw,ok,0.732421875
trillionlabs/Tri-0.5B-Base,1,0.041666666666666664,mean,ko,ja,r5,256,512,aligned,ok,0.623046875
trillionlabs/Tri-0.5B-Base,1,0.041666666666666664,mean,ko,ja,r5,256,512,delta,ok,-0.109375
trillionlabs/Tri-0.5B-Base,1,0.041666666666666664,mean,ko,ja,r10,256,512,raw,ok,0.78125
trillionlabs/Tri-0.5B-Base,1,0.041666666666666664,mean,ko,ja,r10,256,512,aligned,ok,0.744140625
trillionlabs/Tri-0.5B-Base,1,0.041666666666666664,mean,ko,ja,r10,256,512,delta,ok,-0.037109375
trillionlabs/Tri-0.5B-Base,1,0.041666666666666664,mean,ko,ja,mrr,256,512,raw,ok,0.6540290292218538
trillionlabs/Tri-0.5B-Base,1,0.041666666666666664,mean,ko,ja,mrr,256,512,aligned,ok,0.5075084594484116
trillionlabs/Tri-0.5B-Base,1,0.041666666666666664,mean,ko,ja,mrr,256,512,delta,ok,-0.1465205697734422
trillionlabs/Tri-0.5B-Base,1,0.041666666666666664,mean,ja,ko,r1,256,512,raw,ok,0.46875
trillionlabs/Tri-0.5B-Base,1,0.041666666666666664,mean,ja,ko,r1,256,512,aligned,ok,0.380859375
trillionlabs/Tri-0.5B-Base,1,0.041666666666666664,mean,ja,ko,r1,256,512,delta,ok,-0.087890625
trillionlabs/Tri-0.5B-Base,1,0.041666666666666664,mean,ja,ko,r5,256,512,raw,ok,0.625
trillionlabs/Tri-0.5B-Base,1,0.041666666666666664,mean,ja,ko,r5,256,512,aligned,ok,0.6328125
trillionlabs/Tri-0.5B-Base,1,0.041666666666666664,mean,ja,ko,r5,256,512,delta,ok,0.0078125
trillionlabs/Tri-0.5B-Base,1,0.041666666666666664,mean,ja,ko,r10,256,512,raw,ok,0.677734375
trillionlabs/Tri-0.5B-Base,1,0.041666666666666664,mean,ja,ko,r10,256,512,aligned,ok,0.720703125
trillionlabs/Tri-0.5B-Base,1,0.041666666666666664,mean,ja,ko,r10,256,512,delta,ok,0.04296875
trillionlabs/Tri-0.5B-Base,1,0.041666666666666664,mean,ja,ko,mrr,256,512,raw,ok,0.5453616890608418
trillionlabs/Tri-0.5B-Base,1,0.041666666666666664,mean,ja,ko,mrr,256,512,aligned,ok,0.4975883435359649
trillionlabs/Tri-0.5B-Base,1,0.041666666666666664,mean,ja,ko,mrr,256,512,delta,ok,-0.04777334552487689
trillionlabs/Tri-0.5B-Base,1,0.041666666666666664,mean,ko,zh,r1,256,512,raw,ok,0.365234375
trillionlabs/Tri-0.5B-Base,1,0.041666666666666664,mean,ko,zh,r1,256,512,aligned,ok,0.291015625
trillionlabs/Tri-0.5B-Base,1,0.041666666666666664,mean,ko,zh,r1,256,512,delta,ok,-0.07421875
trillionlabs/Tri-0.5B-Base,1,0.041666666666666664,mean,ko,zh,r5,256,512,raw,ok,0.537109375
trillionlabs/Tri-0.5B-Base,1,0.041666666666666664,mean,ko,zh,r5,256,512,aligned,ok,0.552734375
trillionlabs/Tri-0.5B-Base,1,0.041666666666666664,mean,ko,zh,r5,256,512,delta,ok,0.015625
trillionlabs/Tri-0.5B-Base,1,0.041666666666666664,mean,ko,zh,r10,256,512,raw,ok,0.595703125
trillionlabs/Tri-0.5B-Base,1,0.041666666666666664,mean,ko,zh,r10,256,512,aligned,ok,0.6640625
trillionlabs/Tri-0.5B-Base,1,0.041666666666666664,mean,ko,zh,r10,256,512,delta,ok,0.068359375
trillionlabs/Tri-0.5B-Base,1,0.041666666666666664,mean,ko,zh,mrr,256,512,raw,ok,0.44848939965587414
trillionlabs/Tri-0.5B-Base,1,0.041666666666666664,mean,ko,zh,mrr,256,512,aligned,ok,0.41088918907001265
trillionlabs/Tri-0.5B-Base,1,0.041666666666666664,mean,ko,zh,mrr,256,512,delta,ok,-0.03760021058586149
trillionlabs/Tri-0.5B-Base,1,0.041666666666666664,mean,zh,ko,r1,256,512,raw,ok,0.388671875
trillionlabs/Tri-0.5B-Base,1,0.041666666666666664,mean,zh,ko,r1,256,512,aligned,ok,0.263671875
trillionlabs/Tri-0.5B-Base,1,0.041666666666666664,mean,zh,ko,r1,256,512,delta,ok,-0.125
trillionlabs/Tri-0.5B-Base,1,0.041666666666666664,mean,zh,ko,r5,256,512,raw,ok,0.5546875
trillionlabs/Tri-0.5B-Base,1,0.041666666666666664,mean,zh,ko,r5,256,512,aligned,ok,0.529296875
trillionlabs/Tri-0.5B-Base,1,0.041666666666666664,mean,zh,ko,r5,256,512,delta,ok,-0.025390625
trillionlabs/Tri-0.5B-Base,1,0.041666666666666664,mean,zh,ko,r10,256,512,raw,ok,0.625
trillionlabs/Tri-0.5B-Base,1,0.041666666666666664,mean,zh,ko,r10,256,512,aligned,ok,0.640625
trillionlabs/Tri-0.5B-Base,1,0.041666666666666664,mean,zh,ko,r10,256,512,delta,ok,0.015625
trillionlabs/Tri-0.5B-Base,1,0.041666666666666664,mean,zh,ko,mrr,256,512,raw,ok,0.4704326900856198
trillionlabs/Tri-0.5B-Base,1,0.041666666666666664,mean,zh,ko,mrr,256,512,aligned,ok,0.387520873520272
trillionlabs/Tri-0.5B-Base,1,0.041666666666666664,mean,zh,ko,mrr,256,512,delta,ok,-0.0829118165653478
trillionlabs/Tri-0.5B-Base,1,0.041666666666666664,mean,ja,zh,r1,256,512,raw,ok,0.3515625
trillionlabs/Tri-0.5B-Base,1,0.041666666666666664,mean,ja,zh,r1,256,512,aligned,ok,0.306640625
trillionlabs/Tri-0.5B-Base,1,0.041666666666666664,mean,ja,zh,r1,256,512,delta,ok,-0.044921875
trillionlabs/Tri-0.5B-Base,1,0.041666666666666664,mean,ja,zh,r5,256,512,raw,ok,0.55078125
trillionlabs/Tri-0.5B-Base,1,0.041666666666666664,mean,ja,zh,r5,256,512,aligned,ok,0.5859375
trillionlabs/Tri-0.5B-Base,1,0.041666666666666664,mean,ja,zh,r5,256,512,delta,ok,0.03515625
trillionlabs/Tri-0.5B-Base,1,0.041666666666666664,mean,ja,zh,r10,256,512,raw,ok,0.625
trillionlabs/Tri-0.5B-Base,1,0.041666666666666664,mean,ja,zh,r10,256,512,aligned,ok,0.6953125
trillionlabs/Tri-0.5B-Base,1,0.041666666666666664,mean,ja,zh,r10,256,512,delta,ok,0.0703125
trillionlabs/Tri-0.5B-Base,1,0.041666666666666664,mean,ja,zh,mrr,256,512,raw,ok,0.4465186958008368
trillionlabs/Tri-0.5B-Base,1,0.041666666666666664,mean,ja,zh,mrr,256,512,aligned,ok,0.4378110019212409
trillionlabs/Tri-0.5B-Base,1,0.041666666666666664,mean,ja,zh,mrr,256,512,delta,ok,-0.008707693879595912
trillionlabs/Tri-0.5B-Base,1,0.041666666666666664,mean,zh,ja,r1,256,512,raw,ok,0.53515625
trillionlabs/Tri-0.5B-Base,1,0.041666666666666664,mean,zh,ja,r1,256,512,aligned,ok,0.318359375
trillionlabs/Tri-0.5B-Base,1,0.041666666666666664,mean,zh,ja,r1,256,512,delta,ok,-0.216796875
trillionlabs/Tri-0.5B-Base,1,0.041666666666666664,mean,zh,ja,r5,256,512,raw,ok,0.69140625
trillionlabs/Tri-0.5B-Base,1,0.041666666666666664,mean,zh,ja,r5,256,512,aligned,ok,0.603515625
trillionlabs/Tri-0.5B-Base,1,0.041666666666666664,mean,zh,ja,r5,256,512,delta,ok,-0.087890625
trillionlabs/Tri-0.5B-Base,1,0.041666666666666664,mean,zh,ja,r10,256,512,raw,ok,0.75
trillionlabs/Tri-0.5B-Base,1,0.041666666666666664,mean,zh,ja,r10,256,512,aligned,ok,0.708984375
trillionlabs/Tri-0.5B-Base,1,0.041666666666666664,mean,zh,ja,r10,256,512,delta,ok,-0.041015625
trillionlabs/Tri-0.5B-Base,1,0.041666666666666664,mean,zh,ja,mrr,256,512,raw,ok,0.6068251851574077
trillionlabs/Tri-0.5B-Base,1,0.041666666666666664,mean,zh,ja,mrr,256,512,aligned,ok,0.44826360842534074
trillionlabs/Tri-0.5B-Base,1,0.041666666666666664,mean,zh,ja,mrr,256,512,delta,ok,-0.15856157673206694
trillionlabs/Tri-0.5B-Base,2,0.08333333333333333,mean,en,ko,r1,256,512,raw,ok,0.30859375
trillionlabs/Tri-0.5B-Base,2,0.08333333333333333,mean,en,ko,r1,256,512,aligned,ok,0.486328125
trillionlabs/Tri-0.5B-Base,2,0.08333333333333333,mean,en,ko,r1,256,512,delta,ok,0.177734375
trillionlabs/Tri-0.5B-Base,2,0.08333333333333333,mean,en,ko,r5,256,512,raw,ok,0.462890625
trillionlabs/Tri-0.5B-Base,2,0.08333333333333333,mean,en,ko,r5,256,512,aligned,ok,0.716796875
trillionlabs/Tri-0.5B-Base,2,0.08333333333333333,mean,en,ko,r5,256,512,delta,ok,0.25390625
trillionlabs/Tri-0.5B-Base,2,0.08333333333333333,mean,en,ko,r10,256,512,raw,ok,0.548828125
trillionlabs/Tri-0.5B-Base,2,0.08333333333333333,mean,en,ko,r10,256,512,aligned,ok,0.791015625
trillionlabs/Tri-0.5B-Base,2,0.08333333333333333,mean,en,ko,r10,256,512,delta,ok,0.2421875
trillionlabs/Tri-0.5B-Base,2,0.08333333333333333,mean,en,ko,mrr,256,512,raw,ok,0.3851410077443791
trillionlabs/Tri-0.5B-Base,2,0.08333333333333333,mean,en,ko,mrr,256,512,aligned,ok,0.5893317215215161
trillionlabs/Tri-0.5B-Base,2,0.08333333333333333,mean,en,ko,mrr,256,512,delta,ok,0.20419071377713705
trillionlabs/Tri-0.5B-Base,2,0.08333333333333333,mean,ko,en,r1,256,512,raw,ok,0.751953125
trillionlabs/Tri-0.5B-Base,2,0.08333333333333333,mean,ko,en,r1,256,512,aligned,ok,0.44140625
trillionlabs/Tri-0.5B-Base,2,0.08333333333333333,mean,ko,en,r1,256,512,delta,ok,-0.310546875
trillionlabs/Tri-0.5B-Base,2,0.08333333333333333,mean,ko,en,r5,256,512,raw,ok,0.8984375
trillionlabs/Tri-0.5B-Base,2,0.08333333333333333,mean,ko,en,r5,256,512,aligned,ok,0.66015625
trillionlabs/Tri-0.5B-Base,2,0.08333333333333333,mean,ko,en,r5,256,512,delta,ok,-0.23828125
trillionlabs/Tri-0.5B-Base,2,0.08333333333333333,mean,ko,en,r10,256,512,raw,ok,0.923828125
trillionlabs/Tri-0.5B-Base,2,0.08333333333333333,mean,ko,en,r10,256,512,aligned,ok,0.751953125
trillionlabs/Tri-0.5B-Base,2,0.08333333333333333,mean,ko,en,r10,256,512,delta,ok,-0.171875
trillionlabs/Tri-0.5B-Base,2,0.08333333333333333,mean,ko,en,mrr,256,512,raw,ok,0.8164119393609619
trillionlabs/Tri-0.5B-Base,2,0.08333333333333333,mean,ko,en,mrr,256,512,aligned,ok,0.5462815954862388
trillionlabs/Tri-0.5B-Base,2,0.08333333333333333,mean,ko,en,mrr,256,512,delta,ok,-0.2701303438747231
trillionlabs/Tri-0.5B-Base,2,0.08333333333333333,mean,en,ja,r1,256,512,raw,ok,0.16015625
trillionlabs/Tri-0.5B-Base,2,0.08333333333333333,mean,en,ja,r1,256,512,aligned,ok,0.423828125
trillionlabs/Tri-0.5B-Base,2,0.08333333333333333,mean,en,ja,r1,256,512,delta,ok,0.263671875
trillionlabs/Tri-0.5B-Base,2,0.08333333333333333,mean,en,ja,r5,256,512,raw,ok,0.35546875
trillionlabs/Tri-0.5B-Base,2,0.08333333333333333,mean,en,ja,r5,256,512,aligned,ok,0.6640625
trillionlabs/Tri-0.5B-Base,2,0.08333333333333333,mean,en,ja,r5,256,512,delta,ok,0.30859375
trillionlabs/Tri-0.5B-Base,2,0.08333333333333333,mean,en,ja,r10,256,512,raw,ok,0.443359375
trillionlabs/Tri-0.5B-Base,2,0.08333333333333333,mean,en,ja,r10,256,512,aligned,ok,0.755859375
trillionlabs/Tri-0.5B-Base,2,0.08333333333333333,mean,en,ja,r10,256,512,delta,ok,0.3125
trillionlabs/Tri-0.5B-Base,2,0.08333333333333333,mean,en,ja,mrr,256,512,raw,ok,0.2624535970639268
trillionlabs/Tri-0.5B-Base,2,0.08333333333333333,mean,en,ja,mrr,256,512,aligned,ok,0.5325965534381809
trillionlabs/Tri-0.5B-Base,2,0.08333333333333333,mean,en,ja,mrr,256,512,delta,ok,0.2701429563742541
trillionlabs/Tri-0.5B-Base,2,0.08333333333333333,mean,ja,en,r1,256,512,raw,ok,0.56640625
trillionlabs/Tri-0.5B-Base,2,0.08333333333333333,mean,ja,en,r1,256,512,aligned,ok,0.34765625
trillionlabs/Tri-0.5B-Base,2,0.08333333333333333,mean,ja,en,r1,256,512,delta,ok,-0.21875
trillionlabs/Tri-0.5B-Base,2,0.08333333333333333,mean,ja,en,r5,256,512,raw,ok,0.779296875
trillionlabs/Tri-0.5B-Base,2,0.08333333333333333,mean,ja,en,r5,256,512,aligned,ok,0.615234375
trillionlabs/Tri-0.5B-Base,2,0.08333333333333333,mean,ja,en,r5,256,512,delta,ok,-0.1640625
trillionlabs/Tri-0.5B-Base,2,0.08333333333333333,mean,ja,en,r10,256,512,raw,ok,0.82421875
trillionlabs/Tri-0.5B-Base,2,0.08333333333333333,mean,ja,en,r10,256,512,aligned,ok,0.705078125
trillionlabs/Tri-0.5B-Base,2,0.08333333333333333,mean,ja,en,r10,256,512,delta,ok,-0.119140625
trillionlabs/Tri-0.5B-Base,2,0.08333333333333333,mean,ja,en,mrr,256,512,raw,ok,0.6607434157964143
trillionlabs/Tri-0.5B-Base,2,0.08333333333333333,mean,ja,en,mrr,256,512,aligned,ok,0.47659824445408316
trillionlabs/Tri-0.5B-Base,2,0.08333333333333333,mean,ja,en,mrr,256,512,delta,ok,-0.1841451713423311
trillionlabs/Tri-0.5B-Base,2,0.08333333333333333,mean,en,zh,r1,256,512,raw,ok,0.17578125
trillionlabs/Tri-0.5B-Base,2,0.08333333333333333,mean,en,zh,r1,256,512,aligned,ok,0.51953125
trillionlabs/Tri-0.5B-Base,2,0.08333333333333333,mean,en,zh,r1,256,512,delta,ok,0.34375
trillionlabs/Tri-0.5B-Base,2,0.08333333333333333,mean,en,zh,r5,256,512,raw,ok,0.404296875
trillionlabs/Tri-0.5B-Base,2,0.08333333333333333,mean,en,zh,r5,256,512,aligned,ok,0.771484375
trillionlabs/Tri-0.5B-Base,2,0.08333333333333333,mean,en,zh,r5,256,512,delta,ok,0.3671875
trillionlabs/Tri-0.5B-Base,2,0.08333333333333333,mean,en,zh,r10,256,512,raw,ok,0.4921875
trillionlabs/Tri-0.5B-Base,2,0.08333333333333333,mean,en,zh,r10,256,512,aligned,ok,0.828125
trillionlabs/Tri-0.5B-Base,2,0.08333333333333333,mean,en,zh,r10,256,512,delta,ok,0.3359375
trillionlabs/Tri-0.5B-Base,2,0.08333333333333333,mean,en,zh,mrr,256,512,raw,ok,0.28423286739312625
trillionlabs/Tri-0.5B-Base,2,0.08333333333333333,mean,en,zh,mrr,256,512,aligned,ok,0.637571678690304
trillionlabs/Tri-0.5B-Base,2,0.08333333333333333,mean,en,zh,mrr,256,512,delta,ok,0.3533388112971777
trillionlabs/Tri-0.5B-Base,2,0.08333333333333333,mean,zh,en,r1,256,512,raw,ok,0.72265625
trillionlabs/Tri-0.5B-Base,2,0.08333333333333333,mean,zh,en,r1,256,512,aligned,ok,0.4921875
trillionlabs/Tri-0.5B-Base,2,0.08333333333333333,mean,zh,en,r1,256,512,delta,ok,-0.23046875
trillionlabs/Tri-0.5B-Base,2,0.08333333333333333,mean,zh,en,r5,256,512,raw,ok,0.861328125
trillionlabs/Tri-0.5B-Base,2,0.08333333333333333,mean,zh,en,r5,256,512,aligned,ok,0.712890625
trillionlabs/Tri-0.5B-Base,2,0.08333333333333333,mean,zh,en,r5,256,512,delta,ok,-0.1484375
trillionlabs/Tri-0.5B-Base,2,0.08333333333333333,mean,zh,en,r10,256,512,raw,ok,0.90234375
trillionlabs/Tri-0.5B-Base,2,0.08333333333333333,mean,zh,en,r10,256,512,aligned,ok,0.79296875
trillionlabs/Tri-0.5B-Base,2,0.08333333333333333,mean,zh,en,r10,256,512,delta,ok,-0.109375
trillionlabs/Tri-0.5B-Base,2,0.08333333333333333,mean,zh,en,mrr,256,512,raw,ok,0.7881350654299999
trillionlabs/Tri-0.5B-Base,2,0.08333333333333333,mean,zh,en,mrr,256,512,aligned,ok,0.5941188422312117
trillionlabs/Tri-0.5B-Base,2,0.08333333333333333,mean,zh,en,mrr,256,512,delta,ok,-0.1940162231987882
trillionlabs/Tri-0.5B-Base,2,0.08333333333333333,mean,ko,ja,r1,256,512,raw,ok,0.61328125
trillionlabs/Tri-0.5B-Base,2,0.08333333333333333,mean,ko,ja,r1,256,512,aligned,ok,0.361328125
trillionlabs/Tri-0.5B-Base,2,0.08333333333333333,mean,ko,ja,r1,256,512,delta,ok,-0.251953125
trillionlabs/Tri-0.5B-Base,2,0.08333333333333333,mean,ko,ja,r5,256,512,raw,ok,0.748046875
trillionlabs/Tri-0.5B-Base,2,0.08333333333333333,mean,ko,ja,r5,256,512,aligned,ok,0.646484375
trillionlabs/Tri-0.5B-Base,2,0.08333333333333333,mean,ko,ja,r5,256,512,delta,ok,-0.1015625
trillionlabs/Tri-0.5B-Base,2,0.08333333333333333,mean,ko,ja,r10,256,512,raw,ok,0.814453125
trillionlabs/Tri-0.5B-Base,2,0.08333333333333333,mean,ko,ja,r10,256,512,aligned,ok,0.744140625
trillionlabs/Tri-0.5B-Base,2,0.08333333333333333,mean,ko,ja,r10,256,512,delta,ok,-0.0703125
trillionlabs/Tri-0.5B-Base,2,0.08333333333333333,mean,ko,ja,mrr,256,512,raw,ok,0.68072523132172
trillionlabs/Tri-0.5B-Base,2,0.08333333333333333,mean,ko,ja,mrr,256,512,aligned,ok,0.4914097729661283
trillionlabs/Tri-0.5B-Base,2,0.08333333333333333,mean,ko,ja,mrr,256,512,delta,ok,-0.18931545835559171
trillionlabs/Tri-0.5B-Base,2,0.08333333333333333,mean,ja,ko,r1,256,512,raw,ok,0.564453125
trillionlabs/Tri-0.5B-Base,2,0.08333333333333333,mean,ja,ko,r1,256,512,aligned,ok,0.384765625
trillionlabs/Tri-0.5B-Base,2,0.08333333333333333,mean,ja,ko,r1,256,512,delta,ok,-0.1796875
trillionlabs/Tri-0.5B-Base,2,0.08333333333333333,mean,ja,ko,r5,256,512,raw,ok,0.736328125
trillionlabs/Tri-0.5B-Base,2,0.08333333333333333,mean,ja,ko,r5,256,512,aligned,ok,0.61328125
trillionlabs/Tri-0.5B-Base,2,0.08333333333333333,mean,ja,ko,r5,256,512,delta,ok,-0.123046875
trillionlabs/Tri-0.5B-Base,2,0.08333333333333333,mean,ja,ko,r10,256,512,raw,ok,0.79296875
trillionlabs/Tri-0.5B-Base,2,0.08333333333333333,mean,ja,ko,r10,256,512,aligned,ok,0.689453125
trillionlabs/Tri-0.5B-Base,2,0.08333333333333333,mean,ja,ko,r10,256,512,delta,ok,-0.103515625
trillionlabs/Tri-0.5B-Base,2,0.08333333333333333,mean,ja,ko,mrr,256,512,raw,ok,0.6445032707693842
trillionlabs/Tri-0.5B-Base,2,0.08333333333333333,mean,ja,ko,mrr,256,512,aligned,ok,0.49429115258442635
trillionlabs/Tri-0.5B-Base,2,0.08333333333333333,mean,ja,ko,mrr,256,512,delta,ok,-0.15021211818495783
trillionlabs/Tri-0.5B-Base,2,0.08333333333333333,mean,ko,zh,r1,256,512,raw,ok,0.427734375
trillionlabs/Tri-0.5B-Base,2,0.08333333333333333,mean,ko,zh,r1,256,512,aligned,ok,0.271484375
trillionlabs/Tri-0.5B-Base,2,0.08333333333333333,mean,ko,zh,r1,256,512,delta,ok,-0.15625
trillionlabs/Tri-0.5B-Base,2,0.08333333333333333,mean,ko,zh,r5,256,512,raw,ok,0.58203125
trillionlabs/Tri-0.5B-Base,2,0.08333333333333333,mean,ko,zh,r5,256,512,aligned,ok,0.505859375
trillionlabs/Tri-0.5B-Base,2,0.08333333333333333,mean,ko,zh,r5,256,512,delta,ok,-0.076171875
trillionlabs/Tri-0.5B-Base,2,0.08333333333333333,mean,ko,zh,r10,256,512,raw,ok,0.646484375
trillionlabs/Tri-0.5B-Base,2,0.08333333333333333,mean,ko,zh,r10,256,512,aligned,ok,0.599609375
trillionlabs/Tri-0.5B-Base,2,0.08333333333333333,mean,ko,zh,r10,256,512,delta,ok,-0.046875
trillionlabs/Tri-0.5B-Base,2,0.08333333333333333,mean,ko,zh,mrr,256,512,raw,ok,0.502530100166993
trillionlabs/Tri-0.5B-Base,2,0.08333333333333333,mean,ko,zh,mrr,256,512,aligned,ok,0.3806547605227958
trillionlabs/Tri-0.5B-Base,2,0.08333333333333333,mean,ko,zh,mrr,256,512,delta,ok,-0.12187533964419717
trillionlabs/Tri-0.5B-Base,2,0.08333333333333333,mean,zh,ko,r1,256,512,raw,ok,0.404296875
trillionlabs/Tri-0.5B-Base,2,0.08333333333333333,mean,zh,ko,r1,256,512,aligned,ok,0.244140625
trillionlabs/Tri-0.5B-Base,2,0.08333333333333333,mean,zh,ko,r1,256,512,delta,ok,-0.16015625
trillionlabs/Tri-0.5B-Base,2,0.08333333333333333,mean,zh,ko,r5,256,512,raw,ok,0.583984375
trillionlabs/Tri-0.5B-Base,2,0.08333333333333333,mean,zh,ko,r5,256,512,aligned,ok,0.455078125
trillionlabs/Tri-0.5B-Base,2,0.08333333333333333,mean,zh,ko,r5,256,512,delta,ok,-0.12890625
trillionlabs/Tri-0.5B-Base,2,0.08333333333333333,mean,zh,ko,r10,256,512,raw,ok,0.673828125
trillionlabs/Tri-0.5B-Base,2,0.08333333333333333,mean,zh,ko,r10,256,512,aligned,ok,0.548828125
trillionlabs/Tri-0.5B-Base,2,0.08333333333333333,mean,zh,ko,r10,256,512,delta,ok,-0.125
trillionlabs/Tri-0.5B-Base,2,0.08333333333333333,mean,zh,ko,mrr,256,512,raw,ok,0.4954795733116983
trillionlabs/Tri-0.5B-Base,2,0.08333333333333333,mean,zh,ko,mrr,256,512,aligned,ok,0.35039278664300244
trillionlabs/Tri-0.5B-Base,2,0.08333333333333333,mean,zh,ko,mrr,256,512,delta,ok,-0.14508678666869584
trillionlabs/Tri-0.5B-Base,2,0.08333333333333333,mean,ja,zh,r1,256,512,raw,ok,0.474609375
trillionlabs/Tri-0.5B-Base,2,0.08333333333333333,mean,ja,zh,r1,256,512,aligned,ok,0.337890625
trillionlabs/Tri-0.5B-Base,2,0.08333333333333333,mean,ja,zh,r1,256,512,delta,ok,-0.13671875
trillionlabs/Tri-0.5B-Base,2,0.08333333333333333,mean,ja,zh,r5,256,512,raw,ok,0.65625
trillionlabs/Tri-0.5B-Base,2,0.08333333333333333,mean,ja,zh,r5,256,512,aligned,ok,0.548828125
trillionlabs/Tri-0.5B-Base,2,0.08333333333333333,mean,ja,zh,r5,256,512,delta,ok,-0.107421875
trillionlabs/Tri-0.5B-Base,2,0.08333333333333333,mean,ja,zh,r10,256,512,raw,ok,0.73046875
trillionlabs/Tri-0.5B-Base,2,0.08333333333333333,mean,ja,zh,r10,256,512,aligned,ok,0.66015625
trillionlabs/Tri-0.5B-Base,2,0.08333333333333333,mean,ja,zh,r10,256,512,delta,ok,-0.0703125
trillionlabs/Tri-0.5B-Base,2,0.08333333333333333,mean,ja,zh,mrr,256,512,raw,ok,0.5653911250951295
trillionlabs/Tri-0.5B-Base,2,0.08333333333333333,mean,ja,zh,mrr,256,512,aligned,ok,0.4400028381038463
trillionlabs/Tri-0.5B-Base,2,0.08333333333333333,mean,ja,zh,mrr,256,512,delta,ok,-0.12538828699128313
trillionlabs/Tri-0.5B-Base,2,0.08333333333333333,mean,zh,ja,r1,256,512,raw,ok,0.509765625
trillionlabs/Tri-0.5B-Base,2,0.08333333333333333,mean,zh,ja,r1,256,512,aligned,ok,0.291015625
trillionlabs/Tri-0.5B-Base,2,0.08333333333333333,mean,zh,ja,r1,256,512,delta,ok,-0.21875
trillionlabs/Tri-0.5B-Base,2,0.08333333333333333,mean,zh,ja,r5,256,512,raw,ok,0.67578125
trillionlabs/Tri-0.5B-Base,2,0.08333333333333333,mean,zh,ja,r5,256,512,aligned,ok,0.55859375
trillionlabs/Tri-0.5B-Base,2,0.08333333333333333,mean,zh,ja,r5,256,512,delta,ok,-0.1171875
trillionlabs/Tri-0.5B-Base,2,0.08333333333333333,mean,zh,ja,r10,256,512,raw,ok,0.73046875
trillionlabs/Tri-0.5B-Base,2,0.08333333333333333,mean,zh,ja,r10,256,512,aligned,ok,0.666015625
trillionlabs/Tri-0.5B-Base,2,0.08333333333333333,mean,zh,ja,r10,256,512,delta,ok,-0.064453125
trillionlabs/Tri-0.5B-Base,2,0.08333333333333333,mean,zh,ja,mrr,256,512,raw,ok,0.5850034407816818
trillionlabs/Tri-0.5B-Base,2,0.08333333333333333,mean,zh,ja,mrr,256,512,aligned,ok,0.4192655299107034
trillionlabs/Tri-0.5B-Base,2,0.08333333333333333,mean,zh,ja,mrr,256,512,delta,ok,-0.16573791087097833
trillionlabs/Tri-0.5B-Base,3,0.125,mean,en,ko,r1,256,512,raw,ok,0.40234375
trillionlabs/Tri-0.5B-Base,3,0.125,mean,en,ko,r1,256,512,aligned,ok,0.5859375
trillionlabs/Tri-0.5B-Base,3,0.125,mean,en,ko,r1,256,512,delta,ok,0.18359375
trillionlabs/Tri-0.5B-Base,3,0.125,mean,en,ko,r5,256,512,raw,ok,0.5859375
trillionlabs/Tri-0.5B-Base,3,0.125,mean,en,ko,r5,256,512,aligned,ok,0.798828125
trillionlabs/Tri-0.5B-Base,3,0.125,mean,en,ko,r5,256,512,delta,ok,0.212890625
trillionlabs/Tri-0.5B-Base,3,0.125,mean,en,ko,r10,256,512,raw,ok,0.65234375
trillionlabs/Tri-0.5B-Base,3,0.125,mean,en,ko,r10,256,512,aligned,ok,0.86328125
trillionlabs/Tri-0.5B-Base,3,0.125,mean,en,ko,r10,256,512,delta,ok,0.2109375
trillionlabs/Tri-0.5B-Base,3,0.125,mean,en,ko,mrr,256,512,raw,ok,0.48530963341467886
trillionlabs/Tri-0.5B-Base,3,0.125,mean,en,ko,mrr,256,512,aligned,ok,0.6815614362129017
trillionlabs/Tri-0.5B-Base,3,0.125,mean,en,ko,mrr,256,512,delta,ok,0.1962518027982228
trillionlabs/Tri-0.5B-Base,3,0.125,mean,ko,en,r1,256,512,raw,ok,0.779296875
trillionlabs/Tri-0.5B-Base,3,0.125,mean,ko,en,r1,256,512,aligned,ok,0.51953125
trillionlabs/Tri-0.5B-Base,3,0.125,mean,ko,en,r1,256,512,delta,ok,-0.259765625
trillionlabs/Tri-0.5B-Base,3,0.125,mean,ko,en,r5,256,512,raw,ok,0.91015625
trillionlabs/Tri-0.5B-Base,3,0.125,mean,ko,en,r5,256,512,aligned,ok,0.77734375
trillionlabs/Tri-0.5B-Base,3,0.125,mean,ko,en,r5,256,512,delta,ok,-0.1328125
trillionlabs/Tri-0.5B-Base,3,0.125,mean,ko,en,r10,256,512,raw,ok,0.939453125
trillionlabs/Tri-0.5B-Base,3,0.125,mean,ko,en,r10,256,512,aligned,ok,0.83984375
trillionlabs/Tri-0.5B-Base,3,0.125,mean,ko,en,r10,256,512,delta,ok,-0.099609375
trillionlabs/Tri-0.5B-Base,3,0.125,mean,ko,en,mrr,256,512,raw,ok,0.8361399570854302
trillionlabs/Tri-0.5B-Base,3,0.125,mean,ko,en,mrr,256,512,aligned,ok,0.6355852402744904
trillionlabs/Tri-0.5B-Base,3,0.125,mean,ko,en,mrr,256,512,delta,ok,-0.20055471681093984
trillionlabs/Tri-0.5B-Base,3,0.125,mean,en,ja,r1,256,512,raw,ok,0.234375
trillionlabs/Tri-0.5B-Base,3,0.125,mean,en,ja,r1,256,512,aligned,ok,0.537109375
trillionlabs/Tri-0.5B-Base,3,0.125,mean,en,ja,r1,256,512,delta,ok,0.302734375
trillionlabs/Tri-0.5B-Base,3,0.125,mean,en,ja,r5,256,512,raw,ok,0.408203125
trillionlabs/Tri-0.5B-Base,3,0.125,mean,en,ja,r5,256,512,aligned,ok,0.755859375
trillionlabs/Tri-0.5B-Base,3,0.125,mean,en,ja,r5,256,512,delta,ok,0.34765625
trillionlabs/Tri-0.5B-Base,3,0.125,mean,en,ja,r10,256,512,raw,ok,0.498046875
trillionlabs/Tri-0.5B-Base,3,0.125,mean,en,ja,r10,256,512,aligned,ok,0.83984375
trillionlabs/Tri-0.5B-Base,3,0.125,mean,en,ja,r10,256,512,delta,ok,0.341796875
trillionlabs/Tri-0.5B-Base,3,0.125,mean,en,ja,mrr,256,512,raw,ok,0.32633026217745964
trillionlabs/Tri-0.5B-Base,3,0.125,mean,en,ja,mrr,256,512,aligned,ok,0.6371730501616825
trillionlabs/Tri-0.5B-Base,3,0.125,mean,en,ja,mrr,256,512,delta,ok,0.3108427879842228
trillionlabs/Tri-0.5B-Base,3,0.125,mean,ja,en,r1,256,512,raw,ok,0.673828125
trillionlabs/Tri-0.5B-Base,3,0.125,mean,ja,en,r1,256,512,aligned,ok,0.521484375
trillionlabs/Tri-0.5B-Base,3,0.125,mean,ja,en,r1,256,512,delta,ok,-0.15234375
trillionlabs/Tri-0.5B-Base,3,0.125,mean,ja,en,r5,256,512,raw,ok,0.810546875
trillionlabs/Tri-0.5B-Base,3,0.125,mean,ja,en,r5,256,512,aligned,ok,0.736328125
trillionlabs/Tri-0.5B-Base,3,0.125,mean,ja,en,r5,256,512,delta,ok,-0.07421875
trillionlabs/Tri-0.5B-Base,3,0.125,mean,ja,en,r10,256,512,raw,ok,0.876953125
trillionlabs/Tri-0.5B-Base,3,0.125,mean,ja,en,r10,256,512,aligned,ok,0.806640625
trillionlabs/Tri-0.5B-Base,3,0.125,mean,ja,en,r10,256,512,delta,ok,-0.0703125
trillionlabs/Tri-0.5B-Base,3,0.125,mean,ja,en,mrr,256,512,raw,ok,0.7410614858742306
trillionlabs/Tri-0.5B-Base,3,0.125,mean,ja,en,mrr,256,512,aligned,ok,0.6221647447328587
trillionlabs/Tri-0.5B-Base,3,0.125,mean,ja,en,mrr,256,512,delta,ok,-0.11889674114137194
trillionlabs/Tri-0.5B-Base,3,0.125,mean,en,zh,r1,256,512,raw,ok,0.212890625
trillionlabs/Tri-0.5B-Base,3,0.125,mean,en,zh,r1,256,512,aligned,ok,0.626953125
trillionlabs/Tri-0.5B-Base,3,0.125,mean,en,zh,r1,256,512,delta,ok,0.4140625
trillionlabs/Tri-0.5B-Base,3,0.125,mean,en,zh,r5,256,512,raw,ok,0.453125
trillionlabs/Tri-0.5B-Base,3,0.125,mean,en,zh,r5,256,512,aligned,ok,0.806640625
trillionlabs/Tri-0.5B-Base,3,0.125,mean,en,zh,r5,256,512,delta,ok,0.353515625
trillionlabs/Tri-0.5B-Base,3,0.125,mean,en,zh,r10,256,512,raw,ok,0.5390625
trillionlabs/Tri-0.5B-Base,3,0.125,mean,en,zh,r10,256,512,aligned,ok,0.875
trillionlabs/Tri-0.5B-Base,3,0.125,mean,en,zh,r10,256,512,delta,ok,0.3359375
trillionlabs/Tri-0.5B-Base,3,0.125,mean,en,zh,mrr,256,512,raw,ok,0.3255708621165986
trillionlabs/Tri-0.5B-Base,3,0.125,mean,en,zh,mrr,256,512,aligned,ok,0.7096525759947692
trillionlabs/Tri-0.5B-Base,3,0.125,mean,en,zh,mrr,256,512,delta,ok,0.3840817138781706
trillionlabs/Tri-0.5B-Base,3,0.125,mean,zh,en,r1,256,512,raw,ok,0.798828125
trillionlabs/Tri-0.5B-Base,3,0.125,mean,zh,en,r1,256,512,aligned,ok,0.548828125
trillionlabs/Tri-0.5B-Base,3,0.125,mean,zh,en,r1,256,512,delta,ok,-0.25
trillionlabs/Tri-0.5B-Base,3,0.125,mean,zh,en,r5,256,512,raw,ok,0.904296875
trillionlabs/Tri-0.5B-Base,3,0.125,mean,zh,en,r5,256,512,aligned,ok,0.806640625
trillionlabs/Tri-0.5B-Base,3,0.125,mean,zh,en,r5,256,512,delta,ok,-0.09765625
trillionlabs/Tri-0.5B-Base,3,0.125,mean,zh,en,r10,256,512,raw,ok,0.94140625
trillionlabs/Tri-0.5B-Base,3,0.125,mean,zh,en,r10,256,512,aligned,ok,0.85546875
trillionlabs/Tri-0.5B-Base,3,0.125,mean,zh,en,r10,256,512,delta,ok,-0.0859375
trillionlabs/Tri-0.5B-Base,3,0.125,mean,zh,en,mrr,256,512,raw,ok,0.8469465011740382
trillionlabs/Tri-0.5B-Base,3,0.125,mean,zh,en,mrr,256,512,aligned,ok,0.6607620805640071
trillionlabs/Tri-0.5B-Base,3,0.125,mean,zh,en,mrr,256,512,delta,ok,-0.18618442061003115
trillionlabs/Tri-0.5B-Base,3,0.125,mean,ko,ja,r1,256,512,raw,ok,0.58203125
trillionlabs/Tri-0.5B-Base,3,0.125,mean,ko,ja,r1,256,512,aligned,ok,0.466796875
trillionlabs/Tri-0.5B-Base,3,0.125,mean,ko,ja,r1,256,512,delta,ok,-0.115234375
trillionlabs/Tri-0.5B-Base,3,0.125,mean,ko,ja,r5,256,512,raw,ok,0.76171875
trillionlabs/Tri-0.5B-Base,3,0.125,mean,ko,ja,r5,256,512,aligned,ok,0.736328125
trillionlabs/Tri-0.5B-Base,3,0.125,mean,ko,ja,r5,256,512,delta,ok,-0.025390625
trillionlabs/Tri-0.5B-Base,3,0.125,mean,ko,ja,r10,256,512,raw,ok,0.822265625
trillionlabs/Tri-0.5B-Base,3,0.125,mean,ko,ja,r10,256,512,aligned,ok,0.833984375
trillionlabs/Tri-0.5B-Base,3,0.125,mean,ko,ja,r10,256,512,delta,ok,0.01171875
trillionlabs/Tri-0.5B-Base,3,0.125,mean,ko,ja,mrr,256,512,raw,ok,0.662161032386011
trillionlabs/Tri-0.5B-Base,3,0.125,mean,ko,ja,mrr,256,512,aligned,ok,0.5964133629735202
trillionlabs/Tri-0.5B-Base,3,0.125,mean,ko,ja,mrr,256,512,delta,ok,-0.06574766941249077
trillionlabs/Tri-0.5B-Base,3,0.125,mean,ja,ko,r1,256,512,raw,ok,0.623046875
trillionlabs/Tri-0.5B-Base,3,0.125,mean,ja,ko,r1,256,512,aligned,ok,0.48828125
trillionlabs/Tri-0.5B-Base,3,0.125,mean,ja,ko,r1,256,512,delta,ok,-0.134765625
trillionlabs/Tri-0.5B-Base,3,0.125,mean,ja,ko,r5,256,512,raw,ok,0.76953125
trillionlabs/Tri-0.5B-Base,3,0.125,mean,ja,ko,r5,256,512,aligned,ok,0.744140625
trillionlabs/Tri-0.5B-Base,3,0.125,mean,ja,ko,r5,256,512,delta,ok,-0.025390625
trillionlabs/Tri-0.5B-Base,3,0.125,mean,ja,ko,r10,256,512,raw,ok,0.828125
trillionlabs/Tri-0.5B-Base,3,0.125,mean,ja,ko,r10,256,512,aligned,ok,0.822265625
trillionlabs/Tri-0.5B-Base,3,0.125,mean,ja,ko,r10,256,512,delta,ok,-0.005859375
trillionlabs/Tri-0.5B-Base,3,0.125,mean,ja,ko,mrr,256,512,raw,ok,0.6920370885830183
trillionlabs/Tri-0.5B-Base,3,0.125,mean,ja,ko,mrr,256,512,aligned,ok,0.6070212426713875
trillionlabs/Tri-0.5B-Base,3,0.125,mean,ja,ko,mrr,256,512,delta,ok,-0.0850158459116308
trillionlabs/Tri-0.5B-Base,3,0.125,mean,ko,zh,r1,256,512,raw,ok,0.376953125
trillionlabs/Tri-0.5B-Base,3,0.125,mean,ko,zh,r1,256,512,aligned,ok,0.3515625
trillionlabs/Tri-0.5B-Base,3,0.125,mean,ko,zh,r1,256,512,delta,ok,-0.025390625
trillionlabs/Tri-0.5B-Base,3,0.125,mean,ko,zh,r5,256,512,raw,ok,0.564453125
trillionlabs/Tri-0.5B-Base,3,0.125,mean,ko,zh,r5,256,512,aligned,ok,0.6171875
trillionlabs/Tri-0.5B-Base,3,0.125,mean,ko,zh,r5,256,512,delta,ok,0.052734375
trillionlabs/Tri-0.5B-Base,3,0.125,mean,ko,zh,r10,256,512,raw,ok,0.6328125
trillionlabs/Tri-0.5B-Base,3,0.125,mean,ko,zh,r10,256,512,aligned,ok,0.697265625
trillionlabs/Tri-0.5B-Base,3,0.125,mean,ko,zh,r10,256,512,delta,ok,0.064453125
trillionlabs/Tri-0.5B-Base,3,0.125,mean,ko,zh,mrr,256,512,raw,ok,0.47013232892427054
trillionlabs/Tri-0.5B-Base,3,0.125,mean,ko,zh,mrr,256,512,aligned,ok,0.4757304858551266
trillionlabs/Tri-0.5B-Base,3,0.125,mean,ko,zh,mrr,256,512,delta,ok,0.00559815693085608
trillionlabs/Tri-0.5B-Base,3,0.125,mean,zh,ko,r1,256,512,raw,ok,0.462890625
trillionlabs/Tri-0.5B-Base,3,0.125,mean,zh,ko,r1,256,512,aligned,ok,0.32421875
trillionlabs/Tri-0.5B-Base,3,0.125,mean,zh,ko,r1,256,512,delta,ok,-0.138671875
trillionlabs/Tri-0.5B-Base,3,0.125,mean,zh,ko,r5,256,512,raw,ok,0.662109375
trillionlabs/Tri-0.5B-Base,3,0.125,mean,zh,ko,r5,256,512,aligned,ok,0.56640625
trillionlabs/Tri-0.5B-Base,3,0.125,mean,zh,ko,r5,256,512,delta,ok,-0.095703125
trillionlabs/Tri-0.5B-Base,3,0.125,mean,zh,ko,r10,256,512,raw,ok,0.71484375
trillionlabs/Tri-0.5B-Base,3,0.125,mean,zh,ko,r10,256,512,aligned,ok,0.673828125
trillionlabs/Tri-0.5B-Base,3,0.125,mean,zh,ko,r10,256,512,delta,ok,-0.041015625
trillionlabs/Tri-0.5B-Base,3,0.125,mean,zh,ko,mrr,256,512,raw,ok,0.5530189120445359
trillionlabs/Tri-0.5B-Base,3,0.125,mean,zh,ko,mrr,256,512,aligned,ok,0.44470558668400606
trillionlabs/Tri-0.5B-Base,3,0.125,mean,zh,ko,mrr,256,512,delta,ok,-0.10831332536052984
trillionlabs/Tri-0.5B-Base,3,0.125,mean,ja,zh,r1,256,512,raw,ok,0.5234375
trillionlabs/Tri-0.5B-Base,3,0.125,mean,ja,zh,r1,256,512,aligned,ok,0.439453125
trillionlabs/Tri-0.5B-Base,3,0.125,mean,ja,zh,r1,256,512,delta,ok,-0.083984375
trillionlabs/Tri-0.5B-Base,3,0.125,mean,ja,zh,r5,256,512,raw,ok,0.72265625
trillionlabs/Tri-0.5B-Base,3,0.125,mean,ja,zh,r5,256,512,aligned,ok,0.669921875
trillionlabs/Tri-0.5B-Base,3,0.125,mean,ja,zh,r5,256,512,delta,ok,-0.052734375
trillionlabs/Tri-0.5B-Base,3,0.125,mean,ja,zh,r10,256,512,raw,ok,0.783203125
trillionlabs/Tri-0.5B-Base,3,0.125,mean,ja,zh,r10,256,512,aligned,ok,0.744140625
trillionlabs/Tri-0.5B-Base,3,0.125,mean,ja,zh,r10,256,512,delta,ok,-0.0390625
trillionlabs/Tri-0.5B-Base,3,0.125,mean,ja,zh,mrr,256,512,raw,ok,0.6161171027354481
trillionlabs/Tri-0.5B-Base,3,0.125,mean,ja,zh,mrr,256,512,aligned,ok,0.548742364326924
trillionlabs/Tri-0.5B-Base,3,0.125,mean,ja,zh,mrr,256,512,delta,ok,-0.06737473840852404
trillionlabs/Tri-0.5B-Base,3,0.125,mean,zh,ja,r1,256,512,raw,ok,0.517578125
trillionlabs/Tri-0.5B-Base,3,0.125,mean,zh,ja,r1,256,512,aligned,ok,0.40625
trillionlabs/Tri-0.5B-Base,3,0.125,mean,zh,ja,r1,256,512,delta,ok,-0.111328125
trillionlabs/Tri-0.5B-Base,3,0.125,mean,zh,ja,r5,256,512,raw,ok,0.724609375
trillionlabs/Tri-0.5B-Base,3,0.125,mean,zh,ja,r5,256,512,aligned,ok,0.658203125
trillionlabs/Tri-0.5B-Base,3,0.125,mean,zh,ja,r5,256,512,delta,ok,-0.06640625
trillionlabs/Tri-0.5B-Base,3,0.125,mean,zh,ja,r10,256,512,raw,ok,0.7734375
trillionlabs/Tri-0.5B-Base,3,0.125,mean,zh,ja,r10,256,512,aligned,ok,0.759765625
trillionlabs/Tri-0.5B-Base,3,0.125,mean,zh,ja,r10,256,512,delta,ok,-0.013671875
trillionlabs/Tri-0.5B-Base,3,0.125,mean,zh,ja,mrr,256,512,raw,ok,0.6069340776443573
trillionlabs/Tri-0.5B-Base,3,0.125,mean,zh,ja,mrr,256,512,aligned,ok,0.5255803480127683
trillionlabs/Tri-0.5B-Base,3,0.125,mean,zh,ja,mrr,256,512,delta,ok,-0.08135372963158893
trillionlabs/Tri-0.5B-Base,4,0.16666666666666666,mean,en,ko,r1,256,512,raw,ok,0.57421875
trillionlabs/Tri-0.5B-Base,4,0.16666666666666666,mean,en,ko,r1,256,512,aligned,ok,0.708984375
trillionlabs/Tri-0.5B-Base,4,0.16666666666666666,mean,en,ko,r1,256,512,delta,ok,0.134765625
trillionlabs/Tri-0.5B-Base,4,0.16666666666666666,mean,en,ko,r5,256,512,raw,ok,0.71875
trillionlabs/Tri-0.5B-Base,4,0.16666666666666666,mean,en,ko,r5,256,512,aligned,ok,0.884765625
trillionlabs/Tri-0.5B-Base,4,0.16666666666666666,mean,en,ko,r5,256,512,delta,ok,0.166015625
trillionlabs/Tri-0.5B-Base,4,0.16666666666666666,mean,en,ko,r10,256,512,raw,ok,0.75390625
trillionlabs/Tri-0.5B-Base,4,0.16666666666666666,mean,en,ko,r10,256,512,aligned,ok,0.931640625
trillionlabs/Tri-0.5B-Base,4,0.16666666666666666,mean,en,ko,r10,256,512,delta,ok,0.177734375
trillionlabs/Tri-0.5B-Base,4,0.16666666666666666,mean,en,ko,mrr,256,512,raw,ok,0.6433230142867078
trillionlabs/Tri-0.5B-Base,4,0.16666666666666666,mean,en,ko,mrr,256,512,aligned,ok,0.7900623570710149
trillionlabs/Tri-0.5B-Base,4,0.16666666666666666,mean,en,ko,mrr,256,512,delta,ok,0.14673934278430711
trillionlabs/Tri-0.5B-Base,4,0.16666666666666666,mean,ko,en,r1,256,512,raw,ok,0.8515625
trillionlabs/Tri-0.5B-Base,4,0.16666666666666666,mean,ko,en,r1,256,512,aligned,ok,0.67578125
trillionlabs/Tri-0.5B-Base,4,0.16666666666666666,mean,ko,en,r1,256,512,delta,ok,-0.17578125
trillionlabs/Tri-0.5B-Base,4,0.16666666666666666,mean,ko,en,r5,256,512,raw,ok,0.94140625
trillionlabs/Tri-0.5B-Base,4,0.16666666666666666,mean,ko,en,r5,256,512,aligned,ok,0.873046875
trillionlabs/Tri-0.5B-Base,4,0.16666666666666666,mean,ko,en,r5,256,512,delta,ok,-0.068359375
trillionlabs/Tri-0.5B-Base,4,0.16666666666666666,mean,ko,en,r10,256,512,raw,ok,0.96484375
trillionlabs/Tri-0.5B-Base,4,0.16666666666666666,mean,ko,en,r10,256,512,aligned,ok,0.91796875
trillionlabs/Tri-0.5B-Base,4,0.16666666666666666,mean,ko,en,r10,256,512,delta,ok,-0.046875
trillionlabs/Tri-0.5B-Base,4,0.16666666666666666,mean,ko,en,mrr,256,512,raw,ok,0.8946752799212789
trillionlabs/Tri-0.5B-Base,4,0.16666666666666666,mean,ko,en,mrr,256,512,aligned,ok,0.762317534908036
trillionlabs/Tri-0.5B-Base,4,0.16666666666666666,mean,ko,en,mrr,256,512,delta,ok,-0.13235774501324293
trillionlabs/Tri-0.5B-Base,4,0.16666666666666666,mean,en,ja,r1,256,512,raw,ok,0.41015625
trillionlabs/Tri-0.5B-Base,4,0.16666666666666666,mean,en,ja,r1,256,512,aligned,ok,0.619140625
trillionlabs/Tri-0.5B-Base,4,0.16666666666666666,mean,en,ja,r1,256,512,delta,ok,0.208984375
trillionlabs/Tri-0.5B-Base,4,0.16666666666666666,mean,en,ja,r5,256,512,raw,ok,0.626953125
trillionlabs/Tri-0.5B-Base,4,0.16666666666666666,mean,en,ja,r5,256,512,aligned,ok,0.83203125
trillionlabs/Tri-0.5B-Base,4,0.16666666666666666,mean,en,ja,r5,256,512,delta,ok,0.205078125
trillionlabs/Tri-0.5B-Base,4,0.16666666666666666,mean,en,ja,r10,256,512,raw,ok,0.71875
trillionlabs/Tri-0.5B-Base,4,0.16666666666666666,mean,en,ja,r10,256,512,aligned,ok,0.89453125
trillionlabs/Tri-0.5B-Base,4,0.16666666666666666,mean,en,ja,r10,256,512,delta,ok,0.17578125
trillionlabs/Tri-0.5B-Base,4,0.16666666666666666,mean,en,ja,mrr,256,512,raw,ok,0.5084720542999643
trillionlabs/Tri-0.5B-Base,4,0.16666666666666666,mean,en,ja,mrr,256,512,aligned,ok,0.7179916920993894
trillionlabs/Tri-0.5B-Base,4,0.16666666666666666,mean,en,ja,mrr,256,512,delta,ok,0.20951963779942506
trillionlabs/Tri-0.5B-Base,4,0.16666666666666666,mean,ja,en,r1,256,512,raw,ok,0.748046875
trillionlabs/Tri-0.5B-Base,4,0.16666666666666666,mean,ja,en,r1,256,512,aligned,ok,0.60546875
trillionlabs/Tri-0.5B-Base,4,0.16666666666666666,mean,ja,en,r1,256,512,delta,ok,-0.142578125
trillionlabs/Tri-0.5B-Base,4,0.16666666666666666,mean,ja,en,r5,256,512,raw,ok,0.873046875
trillionlabs/Tri-0.5B-Base,4,0.16666666666666666,mean,ja,en,r5,256,512,aligned,ok,0.822265625
trillionlabs/Tri-0.5B-Base,4,0.16666666666666666,mean,ja,en,r5,256,512,delta,ok,-0.05078125
trillionlabs/Tri-0.5B-Base,4,0.16666666666666666,mean,ja,en,r10,256,512,raw,ok,0.90625
trillionlabs/Tri-0.5B-Base,4,0.16666666666666666,mean,ja,en,r10,256,512,aligned,ok,0.892578125
trillionlabs/Tri-0.5B-Base,4,0.16666666666666666,mean,ja,en,r10,256,512,delta,ok,-0.013671875
trillionlabs/Tri-0.5B-Base,4,0.16666666666666666,mean,ja,en,mrr,256,512,raw,ok,0.805374219130655
trillionlabs/Tri-0.5B-Base,4,0.16666666666666666,mean,ja,en,mrr,256,512,aligned,ok,0.7053808297527646
trillionlabs/Tri-0.5B-Base,4,0.16666666666666666,mean,ja,en,mrr,256,512,delta,ok,-0.09999338937789037
trillionlabs/Tri-0.5B-Base,4,0.16666666666666666,mean,en,zh,r1,256,512,raw,ok,0.376953125
trillionlabs/Tri-0.5B-Base,4,0.16666666666666666,mean,en,zh,r1,256,512,aligned,ok,0.720703125
trillionlabs/Tri-0.5B-Base,4,0.16666666666666666,mean,en,zh,r1,256,512,delta,ok,0.34375
trillionlabs/Tri-0.5B-Base,4,0.16666666666666666,mean,en,zh,r5,256,512,raw,ok,0.634765625
trillionlabs/Tri-0.5B-Base,4,0.16666666666666666,mean,en,zh,r5,256,512,aligned,ok,0.87109375
trillionlabs/Tri-0.5B-Base,4,0.16666666666666666,mean,en,zh,r5,256,512,delta,ok,0.236328125
trillionlabs/Tri-0.5B-Base,4,0.16666666666666666,mean,en,zh,r10,256,512,raw,ok,0.6875
trillionlabs/Tri-0.5B-Base,4,0.16666666666666666,mean,en,zh,r10,256,512,aligned,ok,0.931640625
trillionlabs/Tri-0.5B-Base,4,0.16666666666666666,mean,en,zh,r10,256,512,delta,ok,0.244140625
trillionlabs/Tri-0.5B-Base,4,0.16666666666666666,mean,en,zh,mrr,256,512,raw,ok,0.4915206337820396
trillionlabs/Tri-0.5B-Base,4,0.16666666666666666,mean,en,zh,mrr,256,512,aligned,ok,0.7930595275302017
trillionlabs/Tri-0.5B-Base,4,0.16666666666666666,mean,en,zh,mrr,256,512,delta,ok,0.3015388937481621
trillionlabs/Tri-0.5B-Base,4,0.16666666666666666,mean,zh,en,r1,256,512,raw,ok,0.83984375
trillionlabs/Tri-0.5B-Base,4,0.16666666666666666,mean,zh,en,r1,256,512,aligned,ok,0.666015625
trillionlabs/Tri-0.5B-Base,4,0.16666666666666666,mean,zh,en,r1,256,512,delta,ok,-0.173828125
trillionlabs/Tri-0.5B-Base,4,0.16666666666666666,mean,zh,en,r5,256,512,raw,ok,0.93359375
trillionlabs/Tri-0.5B-Base,4,0.16666666666666666,mean,zh,en,r5,256,512,aligned,ok,0.888671875
trillionlabs/Tri-0.5B-Base,4,0.16666666666666666,mean,zh,en,r5,256,512,delta,ok,-0.044921875
trillionlabs/Tri-0.5B-Base,4,0.16666666666666666,mean,zh,en,r10,256,512,raw,ok,0.955078125
trillionlabs/Tri-0.5B-Base,4,0.16666666666666666,mean,zh,en,r10,256,512,aligned,ok,0.923828125
trillionlabs/Tri-0.5B-Base,4,0.16666666666666666,mean,zh,en,r10,256,512,delta,ok,-0.03125
trillionlabs/Tri-0.5B-Base,4,0.16666666666666666,mean,zh,en,mrr,256,512,raw,ok,0.8830428729801243
trillionlabs/Tri-0.5B-Base,4,0.16666666666666666,mean,zh,en,mrr,256,512,aligned,ok,0.7595268886189366
trillionlabs/Tri-0.5B-Base,4,0.16666666666666666,mean,zh,en,mrr,256,512,delta,ok,-0.12351598436118771
trillionlabs/Tri-0.5B-Base,4,0.16666666666666666,mean,ko,ja,r1,256,512,raw,ok,0.732421875
trillionlabs/Tri-0.5B-Base,4,0.16666666666666666,mean,ko,ja,r1,256,512,aligned,ok,0.625
trillionlabs/Tri-0.5B-Base,4,0.16666666666666666,mean,ko,ja,r1,256,512,delta,ok,-0.107421875
trillionlabs/Tri-0.5B-Base,4,0.16666666666666666,mean,ko,ja,r5,256,512,raw,ok,0.8671875
trillionlabs/Tri-0.5B-Base,4,0.16666666666666666,mean,ko,ja,r5,256,512,aligned,ok,0.861328125
trillionlabs/Tri-0.5B-Base,4,0.16666666666666666,mean,ko,ja,r5,256,512,delta,ok,-0.005859375
trillionlabs/Tri-0.5B-Base,4,0.16666666666666666,mean,ko,ja,r10,256,512,raw,ok,0.896484375
trillionlabs/Tri-0.5B-Base,4,0.16666666666666666,mean,ko,ja,r10,256,512,aligned,ok,0.912109375
trillionlabs/Tri-0.5B-Base,4,0.16666666666666666,mean,ko,ja,r10,256,512,delta,ok,0.015625
trillionlabs/Tri-0.5B-Base,4,0.16666666666666666,mean,ko,ja,mrr,256,512,raw,ok,0.7908879850895487
trillionlabs/Tri-0.5B-Base,4,0.16666666666666666,mean,ko,ja,mrr,256,512,aligned,ok,0.726148612836961
trillionlabs/Tri-0.5B-Base,4,0.16666666666666666,mean,ko,ja,mrr,256,512,delta,ok,-0.06473937225258775
trillionlabs/Tri-0.5B-Base,4,0.16666666666666666,mean,ja,ko,r1,256,512,raw,ok,0.720703125
trillionlabs/Tri-0.5B-Base,4,0.16666666666666666,mean,ja,ko,r1,256,512,aligned,ok,0.630859375
trillionlabs/Tri-0.5B-Base,4,0.16666666666666666,mean,ja,ko,r1,256,512,delta,ok,-0.08984375
trillionlabs/Tri-0.5B-Base,4,0.16666666666666666,mean,ja,ko,r5,256,512,raw,ok,0.86328125
trillionlabs/Tri-0.5B-Base,4,0.16666666666666666,mean,ja,ko,r5,256,512,aligned,ok,0.830078125
trillionlabs/Tri-0.5B-Base,4,0.16666666666666666,mean,ja,ko,r5,256,512,delta,ok,-0.033203125
trillionlabs/Tri-0.5B-Base,4,0.16666666666666666,mean,ja,ko,r10,256,512,raw,ok,0.91015625
trillionlabs/Tri-0.5B-Base,4,0.16666666666666666,mean,ja,ko,r10,256,512,aligned,ok,0.8984375
trillionlabs/Tri-0.5B-Base,4,0.16666666666666666,mean,ja,ko,r10,256,512,delta,ok,-0.01171875
trillionlabs/Tri-0.5B-Base,4,0.16666666666666666,mean,ja,ko,mrr,256,512,raw,ok,0.7816141912697414
trillionlabs/Tri-0.5B-Base,4,0.16666666666666666,mean,ja,ko,mrr,256,512,aligned,ok,0.7236385092663671
trillionlabs/Tri-0.5B-Base,4,0.16666666666666666,mean,ja,ko,mrr,256,512,delta,ok,-0.05797568200337433
trillionlabs/Tri-0.5B-Base,4,0.16666666666666666,mean,ko,zh,r1,256,512,raw,ok,0.517578125
trillionlabs/Tri-0.5B-Base,4,0.16666666666666666,mean,ko,zh,r1,256,512,aligned,ok,0.5078125
trillionlabs/Tri-0.5B-Base,4,0.16666666666666666,mean,ko,zh,r1,256,512,delta,ok,-0.009765625
trillionlabs/Tri-0.5B-Base,4,0.16666666666666666,mean,ko,zh,r5,256,512,raw,ok,0.68359375
trillionlabs/Tri-0.5B-Base,4,0.16666666666666666,mean,ko,zh,r5,256,512,aligned,ok,0.734375
trillionlabs/Tri-0.5B-Base,4,0.16666666666666666,mean,ko,zh,r5,256,512,delta,ok,0.05078125
trillionlabs/Tri-0.5B-Base,4,0.16666666666666666,mean,ko,zh,r10,256,512,raw,ok,0.76171875
trillionlabs/Tri-0.5B-Base,4,0.16666666666666666,mean,ko,zh,r10,256,512,aligned,ok,0.822265625
trillionlabs/Tri-0.5B-Base,4,0.16666666666666666,mean,ko,zh,r10,256,512,delta,ok,0.060546875
trillionlabs/Tri-0.5B-Base,4,0.16666666666666666,mean,ko,zh,mrr,256,512,raw,ok,0.6009619143945818
trillionlabs/Tri-0.5B-Base,4,0.16666666666666666,mean,ko,zh,mrr,256,512,aligned,ok,0.6118644161810134
trillionlabs/Tri-0.5B-Base,4,0.16666666666666666,mean,ko,zh,mrr,256,512,delta,ok,0.010902501786431595
trillionlabs/Tri-0.5B-Base,4,0.16666666666666666,mean,zh,ko,r1,256,512,raw,ok,0.587890625
trillionlabs/Tri-0.5B-Base,4,0.16666666666666666,mean,zh,ko,r1,256,512,aligned,ok,0.451171875
trillionlabs/Tri-0.5B-Base,4,0.16666666666666666,mean,zh,ko,r1,256,512,delta,ok,-0.13671875
trillionlabs/Tri-0.5B-Base,4,0.16666666666666666,mean,zh,ko,r5,256,512,raw,ok,0.76171875
trillionlabs/Tri-0.5B-Base,4,0.16666666666666666,mean,zh,ko,r5,256,512,aligned,ok,0.712890625
trillionlabs/Tri-0.5B-Base,4,0.16666666666666666,mean,zh,ko,r5,256,512,delta,ok,-0.048828125
trillionlabs/Tri-0.5B-Base,4,0.16666666666666666,mean,zh,ko,r10,256,512,raw,ok,0.822265625
trillionlabs/Tri-0.5B-Base,4,0.16666666666666666,mean,zh,ko,r10,256,512,aligned,ok,0.798828125
trillionlabs/Tri-0.5B-Base,4,0.16666666666666666,mean,zh,ko,r10,256,512,delta,ok,-0.0234375
trillionlabs/Tri-0.5B-Base,4,0.16666666666666666,mean,zh,ko,mrr,256,512,raw,ok,0.6708192374945962
trillionlabs/Tri-0.5B-Base,4,0.16666666666666666,mean,zh,ko,mrr,256,512,aligned,ok,0.5697951470563474
trillionlabs/Tri-0.5B-Base,4,0.16666666666666666,mean,zh,ko,mrr,256,512,delta,ok,-0.10102409043824878
trillionlabs/Tri-0.5B-Base,4,0.16666666666666666,mean,ja,zh,r1,256,512,raw,ok,0.654296875
trillionlabs/Tri-0.5B-Base,4,0.16666666666666666,mean,ja,zh,r1,256,512,aligned,ok,0.5625
trillionlabs/Tri-0.5B-Base,4,0.16666666666666666,mean,ja,zh,r1,256,512,delta,ok,-0.091796875
trillionlabs/Tri-0.5B-Base,4,0.16666666666666666,mean,ja,zh,r5,256,512,raw,ok,0.8203125
trillionlabs/Tri-0.5B-Base,4,0.16666666666666666,mean,ja,zh,r5,256,512,aligned,ok,0.771484375
trillionlabs/Tri-0.5B-Base,4,0.16666666666666666,mean,ja,zh,r5,256,512,delta,ok,-0.048828125
trillionlabs/Tri-0.5B-Base,4,0.16666666666666666,mean,ja,zh,r10,256,512,raw,ok,0.87109375
trillionlabs/Tri-0.5B-Base,4,0.16666666666666666,mean,ja,zh,r10,256,512,aligned,ok,0.837890625
trillionlabs/Tri-0.5B-Base,4,0.16666666666666666,mean,ja,zh,r10,256,512,delta,ok,-0.033203125
trillionlabs/Tri-0.5B-Base,4,0.16666666666666666,mean,ja,zh,mrr,256,512,raw,ok,0.7303005035882648
trillionlabs/Tri-0.5B-Base,4,0.16666666666666666,mean,ja,zh,mrr,256,512,aligned,ok,0.6609443660678052
trillionlabs/Tri-0.5B-Base,4,0.16666666666666666,mean,ja,zh,mrr,256,512,delta,ok,-0.06935613752045966
trillionlabs/Tri-0.5B-Base,4,0.16666666666666666,mean,zh,ja,r1,256,512,raw,ok,0.671875
trillionlabs/Tri-0.5B-Base,4,0.16666666666666666,mean,zh,ja,r1,256,512,aligned,ok,0.515625
trillionlabs/Tri-0.5B-Base,4,0.16666666666666666,mean,zh,ja,r1,256,512,delta,ok,-0.15625
trillionlabs/Tri-0.5B-Base,4,0.16666666666666666,mean,zh,ja,r5,256,512,raw,ok,0.806640625
trillionlabs/Tri-0.5B-Base,4,0.16666666666666666,mean,zh,ja,r5,256,512,aligned,ok,0.7734375
trillionlabs/Tri-0.5B-Base,4,0.16666666666666666,mean,zh,ja,r5,256,512,delta,ok,-0.033203125
trillionlabs/Tri-0.5B-Base,4,0.16666666666666666,mean,zh,ja,r10,256,512,raw,ok,0.845703125
trillionlabs/Tri-0.5B-Base,4,0.16666666666666666,mean,zh,ja,r10,256,512,aligned,ok,0.833984375
trillionlabs/Tri-0.5B-Base,4,0.16666666666666666,mean,zh,ja,r10,256,512,delta,ok,-0.01171875
trillionlabs/Tri-0.5B-Base,4,0.16666666666666666,mean,zh,ja,mrr,256,512,raw,ok,0.7385288435474684
trillionlabs/Tri-0.5B-Base,4,0.16666666666666666,mean,zh,ja,mrr,256,512,aligned,ok,0.6315502716414956
trillionlabs/Tri-0.5B-Base,4,0.16666666666666666,mean,zh,ja,mrr,256,512,delta,ok,-0.10697857190597282
trillionlabs/Tri-0.5B-Base,5,0.20833333333333334,mean,en,ko,r1,256,512,raw,ok,0.625
trillionlabs/Tri-0.5B-Base,5,0.20833333333333334,mean,en,ko,r1,256,512,aligned,ok,0.7734375
trillionlabs/Tri-0.5B-Base,5,0.20833333333333334,mean,en,ko,r1,256,512,delta,ok,0.1484375
trillionlabs/Tri-0.5B-Base,5,0.20833333333333334,mean,en,ko,r5,256,512,raw,ok,0.775390625
trillionlabs/Tri-0.5B-Base,5,0.20833333333333334,mean,en,ko,r5,256,512,aligned,ok,0.916015625
trillionlabs/Tri-0.5B-Base,5,0.20833333333333334,mean,en,ko,r5,256,512,delta,ok,0.140625
trillionlabs/Tri-0.5B-Base,5,0.20833333333333334,mean,en,ko,r10,256,512,raw,ok,0.822265625
trillionlabs/Tri-0.5B-Base,5,0.20833333333333334,mean,en,ko,r10,256,512,aligned,ok,0.958984375
trillionlabs/Tri-0.5B-Base,5,0.20833333333333334,mean,en,ko,r10,256,512,delta,ok,0.13671875
trillionlabs/Tri-0.5B-Base,5,0.20833333333333334,mean,en,ko,mrr,256,512,raw,ok,0.6929546462236282
trillionlabs/Tri-0.5B-Base,5,0.20833333333333334,mean,en,ko,mrr,256,512,aligned,ok,0.8370565794571485
trillionlabs/Tri-0.5B-Base,5,0.20833333333333334,mean,en,ko,mrr,256,512,delta,ok,0.14410193323352027
trillionlabs/Tri-0.5B-Base,5,0.20833333333333334,mean,ko,en,r1,256,512,raw,ok,0.888671875
trillionlabs/Tri-0.5B-Base,5,0.20833333333333334,mean,ko,en,r1,256,512,aligned,ok,0.73046875
trillionlabs/Tri-0.5B-Base,5,0.20833333333333334,mean,ko,en,r1,256,512,delta,ok,-0.158203125
trillionlabs/Tri-0.5B-Base,5,0.20833333333333334,mean,ko,en,r5,256,512,raw,ok,0.958984375
trillionlabs/Tri-0.5B-Base,5,0.20833333333333334,mean,ko,en,r5,256,512,aligned,ok,0.912109375
trillionlabs/Tri-0.5B-Base,5,0.20833333333333334,mean,ko,en,r5,256,512,delta,ok,-0.046875
trillionlabs/Tri-0.5B-Base,5,0.20833333333333334,mean,ko,en,r10,256,512,raw,ok,0.970703125
trillionlabs/Tri-0.5B-Base,5,0.20833333333333334,mean,ko,en,r10,256,512,aligned,ok,0.953125
trillionlabs/Tri-0.5B-Base,5,0.20833333333333334,mean,ko,en,r10,256,512,delta,ok,-0.017578125
trillionlabs/Tri-0.5B-Base,5,0.20833333333333334,mean,ko,en,mrr,256,512,raw,ok,0.9211537721526657
trillionlabs/Tri-0.5B-Base,5,0.20833333333333334,mean,ko,en,mrr,256,512,aligned,ok,0.8127645398880523
trillionlabs/Tri-0.5B-Base,5,0.20833333333333334,mean,ko,en,mrr,256,512,delta,ok,-0.10838923226461339
trillionlabs/Tri-0.5B-Base,5,0.20833333333333334,mean,en,ja,r1,256,512,raw,ok,0.501953125
trillionlabs/Tri-0.5B-Base,5,0.20833333333333334,mean,en,ja,r1,256,512,aligned,ok,0.6875
trillionlabs/Tri-0.5B-Base,5,0.20833333333333334,mean,en,ja,r1,256,512,delta,ok,0.185546875
trillionlabs/Tri-0.5B-Base,5,0.20833333333333334,mean,en,ja,r5,256,512,raw,ok,0.697265625
trillionlabs/Tri-0.5B-Base,5,0.20833333333333334,mean,en,ja,r5,256,512,aligned,ok,0.880859375
trillionlabs/Tri-0.5B-Base,5,0.20833333333333334,mean,en,ja,r5,256,512,delta,ok,0.18359375
trillionlabs/Tri-0.5B-Base,5,0.20833333333333334,mean,en,ja,r10,256,512,raw,ok,0.73828125
trillionlabs/Tri-0.5B-Base,5,0.20833333333333334,mean,en,ja,r10,256,512,aligned,ok,0.92578125
trillionlabs/Tri-0.5B-Base,5,0.20833333333333334,mean,en,ja,r10,256,512,delta,ok,0.1875
trillionlabs/Tri-0.5B-Base,5,0.20833333333333334,mean,en,ja,mrr,256,512,raw,ok,0.5924219425034912
trillionlabs/Tri-0.5B-Base,5,0.20833333333333334,mean,en,ja,mrr,256,512,aligned,ok,0.7729333038094817
trillionlabs/Tri-0.5B-Base,5,0.20833333333333334,mean,en,ja,mrr,256,512,delta,ok,0.18051136130599044
trillionlabs/Tri-0.5B-Base,5,0.20833333333333334,mean,ja,en,r1,256,512,raw,ok,0.751953125
trillionlabs/Tri-0.5B-Base,5,0.20833333333333334,mean,ja,en,r1,256,512,aligned,ok,0.662109375
trillionlabs/Tri-0.5B-Base,5,0.20833333333333334,mean,ja,en,r1,256,512,delta,ok,-0.08984375
trillionlabs/Tri-0.5B-Base,5,0.20833333333333334,mean,ja,en,r5,256,512,raw,ok,0.888671875
trillionlabs/Tri-0.5B-Base,5,0.20833333333333334,mean,ja,en,r5,256,512,aligned,ok,0.869140625
trillionlabs/Tri-0.5B-Base,5,0.20833333333333334,mean,ja,en,r5,256,512,delta,ok,-0.01953125
trillionlabs/Tri-0.5B-Base,5,0.20833333333333334,mean,ja,en,r10,256,512,raw,ok,0.919921875
trillionlabs/Tri-0.5B-Base,5,0.20833333333333334,mean,ja,en,r10,256,512,aligned,ok,0.9375
trillionlabs/Tri-0.5B-Base,5,0.20833333333333334,mean,ja,en,r10,256,512,delta,ok,0.017578125
trillionlabs/Tri-0.5B-Base,5,0.20833333333333334,mean,ja,en,mrr,256,512,raw,ok,0.8180680488708122
trillionlabs/Tri-0.5B-Base,5,0.20833333333333334,mean,ja,en,mrr,256,512,aligned,ok,0.7540394756717559
trillionlabs/Tri-0.5B-Base,5,0.20833333333333334,mean,ja,en,mrr,256,512,delta,ok,-0.0640285731990563
trillionlabs/Tri-0.5B-Base,5,0.20833333333333334,mean,en,zh,r1,256,512,raw,ok,0.4453125
trillionlabs/Tri-0.5B-Base,5,0.20833333333333334,mean,en,zh,r1,256,512,aligned,ok,0.783203125
trillionlabs/Tri-0.5B-Base,5,0.20833333333333334,mean,en,zh,r1,256,512,delta,ok,0.337890625
trillionlabs/Tri-0.5B-Base,5,0.20833333333333334,mean,en,zh,r5,256,512,raw,ok,0.658203125
trillionlabs/Tri-0.5B-Base,5,0.20833333333333334,mean,en,zh,r5,256,512,aligned,ok,0.923828125
trillionlabs/Tri-0.5B-Base,5,0.20833333333333334,mean,en,zh,r5,256,512,delta,ok,0.265625
trillionlabs/Tri-0.5B-Base,5,0.20833333333333334,mean,en,zh,r10,256,512,raw,ok,0.728515625
trillionlabs/Tri-0.5B-Base,5,0.20833333333333334,mean,en,zh,r10,256,512,aligned,ok,0.94921875
trillionlabs/Tri-0.5B-Base,5,0.20833333333333334,mean,en,zh,r10,256,512,delta,ok,0.220703125
trillionlabs/Tri-0.5B-Base,5,0.20833333333333334,mean,en,zh,mrr,256,512,raw,ok,0.5445907105129708
trillionlabs/Tri-0.5B-Base,5,0.20833333333333334,mean,en,zh,mrr,256,512,aligned,ok,0.8445931049430371
trillionlabs/Tri-0.5B-Base,5,0.20833333333333334,mean,en,zh,mrr,256,512,delta,ok,0.30000239443006627
trillionlabs/Tri-0.5B-Base,5,0.20833333333333334,mean,zh,en,r1,256,512,raw,ok,0.8671875
trillionlabs/Tri-0.5B-Base,5,0.20833333333333334,mean,zh,en,r1,256,512,aligned,ok,0.72265625
trillionlabs/Tri-0.5B-Base,5,0.20833333333333334,mean,zh,en,r1,256,512,delta,ok,-0.14453125
trillionlabs/Tri-0.5B-Base,5,0.20833333333333334,mean,zh,en,r5,256,512,raw,ok,0.958984375
trillionlabs/Tri-0.5B-Base,5,0.20833333333333334,mean,zh,en,r5,256,512,aligned,ok,0.90234375
trillionlabs/Tri-0.5B-Base,5,0.20833333333333334,mean,zh,en,r5,256,512,delta,ok,-0.056640625
trillionlabs/Tri-0.5B-Base,5,0.20833333333333334,mean,zh,en,r10,256,512,raw,ok,0.978515625
trillionlabs/Tri-0.5B-Base,5,0.20833333333333334,mean,zh,en,r10,256,512,aligned,ok,0.953125
trillionlabs/Tri-0.5B-Base,5,0.20833333333333334,mean,zh,en,r10,256,512,delta,ok,-0.025390625
trillionlabs/Tri-0.5B-Base,5,0.20833333333333334,mean,zh,en,mrr,256,512,raw,ok,0.905133778719886
trillionlabs/Tri-0.5B-Base,5,0.20833333333333334,mean,zh,en,mrr,256,512,aligned,ok,0.8047933000051888
trillionlabs/Tri-0.5B-Base,5,0.20833333333333334,mean,zh,en,mrr,256,512,delta,ok,-0.1003404787146972
trillionlabs/Tri-0.5B-Base,5,0.20833333333333334,mean,ko,ja,r1,256,512,raw,ok,0.765625
trillionlabs/Tri-0.5B-Base,5,0.20833333333333334,mean,ko,ja,r1,256,512,aligned,ok,0.701171875
trillionlabs/Tri-0.5B-Base,5,0.20833333333333334,mean,ko,ja,r1,256,512,delta,ok,-0.064453125
trillionlabs/Tri-0.5B-Base,5,0.20833333333333334,mean,ko,ja,r5,256,512,raw,ok,0.884765625
trillionlabs/Tri-0.5B-Base,5,0.20833333333333334,mean,ko,ja,r5,256,512,aligned,ok,0.89453125
trillionlabs/Tri-0.5B-Base,5,0.20833333333333334,mean,ko,ja,r5,256,512,delta,ok,0.009765625
trillionlabs/Tri-0.5B-Base,5,0.20833333333333334,mean,ko,ja,r10,256,512,raw,ok,0.916015625
trillionlabs/Tri-0.5B-Base,5,0.20833333333333334,mean,ko,ja,r10,256,512,aligned,ok,0.931640625
trillionlabs/Tri-0.5B-Base,5,0.20833333333333334,mean,ko,ja,r10,256,512,delta,ok,0.015625
trillionlabs/Tri-0.5B-Base,5,0.20833333333333334,mean,ko,ja,mrr,256,512,raw,ok,0.821511103236481
trillionlabs/Tri-0.5B-Base,5,0.20833333333333334,mean,ko,ja,mrr,256,512,aligned,ok,0.7838230110921908
trillionlabs/Tri-0.5B-Base,5,0.20833333333333334,mean,ko,ja,mrr,256,512,delta,ok,-0.03768809214429025
trillionlabs/Tri-0.5B-Base,5,0.20833333333333334,mean,ja,ko,r1,256,512,raw,ok,0.763671875
trillionlabs/Tri-0.5B-Base,5,0.20833333333333334,mean,ja,ko,r1,256,512,aligned,ok,0.685546875
trillionlabs/Tri-0.5B-Base,5,0.20833333333333334,mean,ja,ko,r1,256,512,delta,ok,-0.078125
trillionlabs/Tri-0.5B-Base,5,0.20833333333333334,mean,ja,ko,r5,256,512,raw,ok,0.90625
trillionlabs/Tri-0.5B-Base,5,0.20833333333333334,mean,ja,ko,r5,256,512,aligned,ok,0.875
trillionlabs/Tri-0.5B-Base,5,0.20833333333333334,mean,ja,ko,r5,256,512,delta,ok,-0.03125
trillionlabs/Tri-0.5B-Base,5,0.20833333333333334,mean,ja,ko,r10,256,512,raw,ok,0.9296875
trillionlabs/Tri-0.5B-Base,5,0.20833333333333334,mean,ja,ko,r10,256,512,aligned,ok,0.9296875
trillionlabs/Tri-0.5B-Base,5,0.20833333333333334,mean,ja,ko,r10,256,512,delta,ok,0.0
trillionlabs/Tri-0.5B-Base,5,0.20833333333333334,mean,ja,ko,mrr,256,512,raw,ok,0.8247896773622259
trillionlabs/Tri-0.5B-Base,5,0.20833333333333334,mean,ja,ko,mrr,256,512,aligned,ok,0.7702024854643214
trillionlabs/Tri-0.5B-Base,5,0.20833333333333334,mean,ja,ko,mrr,256,512,delta,ok,-0.05458719189790451
trillionlabs/Tri-0.5B-Base,5,0.20833333333333334,mean,ko,zh,r1,256,512,raw,ok,0.53125
trillionlabs/Tri-0.5B-Base,5,0.20833333333333334,mean,ko,zh,r1,256,512,aligned,ok,0.583984375
trillionlabs/Tri-0.5B-Base,5,0.20833333333333334,mean,ko,zh,r1,256,512,delta,ok,0.052734375
trillionlabs/Tri-0.5B-Base,5,0.20833333333333334,mean,ko,zh,r5,256,512,raw,ok,0.70703125
trillionlabs/Tri-0.5B-Base,5,0.20833333333333334,mean,ko,zh,r5,256,512,aligned,ok,0.78515625
trillionlabs/Tri-0.5B-Base,5,0.20833333333333334,mean,ko,zh,r5,256,512,delta,ok,0.078125
trillionlabs/Tri-0.5B-Base,5,0.20833333333333334,mean,ko,zh,r10,256,512,raw,ok,0.783203125
trillionlabs/Tri-0.5B-Base,5,0.20833333333333334,mean,ko,zh,r10,256,512,aligned,ok,0.8359375
trillionlabs/Tri-0.5B-Base,5,0.20833333333333334,mean,ko,zh,r10,256,512,delta,ok,0.052734375
trillionlabs/Tri-0.5B-Base,5,0.20833333333333334,mean,ko,zh,mrr,256,512,raw,ok,0.6150732092273745
trillionlabs/Tri-0.5B-Base,5,0.20833333333333334,mean,ko,zh,mrr,256,512,aligned,ok,0.6755875955229046
trillionlabs/Tri-0.5B-Base,5,0.20833333333333334,mean,ko,zh,mrr,256,512,delta,ok,0.060514386295530076
trillionlabs/Tri-0.5B-Base,5,0.20833333333333334,mean,zh,ko,r1,256,512,raw,ok,0.66015625
trillionlabs/Tri-0.5B-Base,5,0.20833333333333334,mean,zh,ko,r1,256,512,aligned,ok,0.52734375
trillionlabs/Tri-0.5B-Base,5,0.20833333333333334,mean,zh,ko,r1,256,512,delta,ok,-0.1328125
trillionlabs/Tri-0.5B-Base,5,0.20833333333333334,mean,zh,ko,r5,256,512,raw,ok,0.80859375
trillionlabs/Tri-0.5B-Base,5,0.20833333333333334,mean,zh,ko,r5,256,512,aligned,ok,0.78125
trillionlabs/Tri-0.5B-Base,5,0.20833333333333334,mean,zh,ko,r5,256,512,delta,ok,-0.02734375
trillionlabs/Tri-0.5B-Base,5,0.20833333333333334,mean,zh,ko,r10,256,512,raw,ok,0.853515625
trillionlabs/Tri-0.5B-Base,5,0.20833333333333334,mean,zh,ko,r10,256,512,aligned,ok,0.8359375
trillionlabs/Tri-0.5B-Base,5,0.20833333333333334,mean,zh,ko,r10,256,512,delta,ok,-0.017578125
trillionlabs/Tri-0.5B-Base,5,0.20833333333333334,mean,zh,ko,mrr,256,512,raw,ok,0.7293603512654568
trillionlabs/Tri-0.5B-Base,5,0.20833333333333334,mean,zh,ko,mrr,256,512,aligned,ok,0.6385418815950261
trillionlabs/Tri-0.5B-Base,5,0.20833333333333334,mean,zh,ko,mrr,256,512,delta,ok,-0.09081846967043072
trillionlabs/Tri-0.5B-Base,5,0.20833333333333334,mean,ja,zh,r1,256,512,raw,ok,0.69921875
trillionlabs/Tri-0.5B-Base,5,0.20833333333333334,mean,ja,zh,r1,256,512,aligned,ok,0.587890625
trillionlabs/Tri-0.5B-Base,5,0.20833333333333334,mean,ja,zh,r1,256,512,delta,ok,-0.111328125
trillionlabs/Tri-0.5B-Base,5,0.20833333333333334,mean,ja,zh,r5,256,512,raw,ok,0.861328125
trillionlabs/Tri-0.5B-Base,5,0.20833333333333334,mean,ja,zh,r5,256,512,aligned,ok,0.828125
trillionlabs/Tri-0.5B-Base,5,0.20833333333333334,mean,ja,zh,r5,256,512,delta,ok,-0.033203125
trillionlabs/Tri-0.5B-Base,5,0.20833333333333334,mean,ja,zh,r10,256,512,raw,ok,0.904296875
trillionlabs/Tri-0.5B-Base,5,0.20833333333333334,mean,ja,zh,r10,256,512,aligned,ok,0.876953125
trillionlabs/Tri-0.5B-Base,5,0.20833333333333334,mean,ja,zh,r10,256,512,delta,ok,-0.02734375
trillionlabs/Tri-0.5B-Base,5,0.20833333333333334,mean,ja,zh,mrr,256,512,raw,ok,0.7697408608674052
trillionlabs/Tri-0.5B-Base,5,0.20833333333333334,mean,ja,zh,mrr,256,512,aligned,ok,0.6932370831904819
trillionlabs/Tri-0.5B-Base,5,0.20833333333333334,mean,ja,zh,mrr,256,512,delta,ok,-0.07650377767692329
trillionlabs/Tri-0.5B-Base,5,0.20833333333333334,mean,zh,ja,r1,256,512,raw,ok,0.7265625
trillionlabs/Tri-0.5B-Base,5,0.20833333333333334,mean,zh,ja,r1,256,512,aligned,ok,0.568359375
trillionlabs/Tri-0.5B-Base,5,0.20833333333333334,mean,zh,ja,r1,256,512,delta,ok,-0.158203125
trillionlabs/Tri-0.5B-Base,5,0.20833333333333334,mean,zh,ja,r5,256,512,raw,ok,0.845703125
trillionlabs/Tri-0.5B-Base,5,0.20833333333333334,mean,zh,ja,r5,256,512,aligned,ok,0.822265625
trillionlabs/Tri-0.5B-Base,5,0.20833333333333334,mean,zh,ja,r5,256,512,delta,ok,-0.0234375
trillionlabs/Tri-0.5B-Base,5,0.20833333333333334,mean,zh,ja,r10,256,512,raw,ok,0.890625
trillionlabs/Tri-0.5B-Base,5,0.20833333333333334,mean,zh,ja,r10,256,512,aligned,ok,0.880859375
trillionlabs/Tri-0.5B-Base,5,0.20833333333333334,mean,zh,ja,r10,256,512,delta,ok,-0.009765625
trillionlabs/Tri-0.5B-Base,5,0.20833333333333334,mean,zh,ja,mrr,256,512,raw,ok,0.7849483695415563
trillionlabs/Tri-0.5B-Base,5,0.20833333333333334,mean,zh,ja,mrr,256,512,aligned,ok,0.6788330465640302
trillionlabs/Tri-0.5B-Base,5,0.20833333333333334,mean,zh,ja,mrr,256,512,delta,ok,-0.10611532297752613
trillionlabs/Tri-0.5B-Base,6,0.25,mean,en,ko,r1,256,512,raw,ok,0.703125
trillionlabs/Tri-0.5B-Base,6,0.25,mean,en,ko,r1,256,512,aligned,ok,0.84375
trillionlabs/Tri-0.5B-Base,6,0.25,mean,en,ko,r1,256,512,delta,ok,0.140625
trillionlabs/Tri-0.5B-Base,6,0.25,mean,en,ko,r5,256,512,raw,ok,0.83203125
trillionlabs/Tri-0.5B-Base,6,0.25,mean,en,ko,r5,256,512,aligned,ok,0.962890625
trillionlabs/Tri-0.5B-Base,6,0.25,mean,en,ko,r5,256,512,delta,ok,0.130859375
trillionlabs/Tri-0.5B-Base,6,0.25,mean,en,ko,r10,256,512,raw,ok,0.87890625
trillionlabs/Tri-0.5B-Base,6,0.25,mean,en,ko,r10,256,512,aligned,ok,0.978515625
trillionlabs/Tri-0.5B-Base,6,0.25,mean,en,ko,r10,256,512,delta,ok,0.099609375
trillionlabs/Tri-0.5B-Base,6,0.25,mean,en,ko,mrr,256,512,raw,ok,0.7644914527656355
trillionlabs/Tri-0.5B-Base,6,0.25,mean,en,ko,mrr,256,512,aligned,ok,0.8952994637917251
trillionlabs/Tri-0.5B-Base,6,0.25,mean,en,ko,mrr,256,512,delta,ok,0.13080801102608963
trillionlabs/Tri-0.5B-Base,6,0.25,mean,ko,en,r1,256,512,raw,ok,0.904296875
trillionlabs/Tri-0.5B-Base,6,0.25,mean,ko,en,r1,256,512,aligned,ok,0.830078125
trillionlabs/Tri-0.5B-Base,6,0.25,mean,ko,en,r1,256,512,delta,ok,-0.07421875
trillionlabs/Tri-0.5B-Base,6,0.25,mean,ko,en,r5,256,512,raw,ok,0.970703125
trillionlabs/Tri-0.5B-Base,6,0.25,mean,ko,en,r5,256,512,aligned,ok,0.958984375
trillionlabs/Tri-0.5B-Base,6,0.25,mean,ko,en,r5,256,512,delta,ok,-0.01171875
trillionlabs/Tri-0.5B-Base,6,0.25,mean,ko,en,r10,256,512,raw,ok,0.98046875
trillionlabs/Tri-0.5B-Base,6,0.25,mean,ko,en,r10,256,512,aligned,ok,0.984375
trillionlabs/Tri-0.5B-Base,6,0.25,mean,ko,en,r10,256,512,delta,ok,0.00390625
trillionlabs/Tri-0.5B-Base,6,0.25,mean,ko,en,mrr,256,512,raw,ok,0.9361330317775703
trillionlabs/Tri-0.5B-Base,6,0.25,mean,ko,en,mrr,256,512,aligned,ok,0.8883084282176332
trillionlabs/Tri-0.5B-Base,6,0.25,mean,ko,en,mrr,256,512,delta,ok,-0.04782460355993712
trillionlabs/Tri-0.5B-Base,6,0.25,mean,en,ja,r1,256,512,raw,ok,0.6328125
trillionlabs/Tri-0.5B-Base,6,0.25,mean,en,ja,r1,256,512,aligned,ok,0.810546875
trillionlabs/Tri-0.5B-Base,6,0.25,mean,en,ja,r1,256,512,delta,ok,0.177734375
trillionlabs/Tri-0.5B-Base,6,0.25,mean,en,ja,r5,256,512,raw,ok,0.806640625
trillionlabs/Tri-0.5B-Base,6,0.25,mean,en,ja,r5,256,512,aligned,ok,0.931640625
trillionlabs/Tri-0.5B-Base,6,0.25,mean,en,ja,r5,256,512,delta,ok,0.125
trillionlabs/Tri-0.5B-Base,6,0.25,mean,en,ja,r10,256,512,raw,ok,0.8515625
trillionlabs/Tri-0.5B-Base,6,0.25,mean,en,ja,r10,256,512,aligned,ok,0.97265625
trillionlabs/Tri-0.5B-Base,6,0.25,mean,en,ja,r10,256,512,delta,ok,0.12109375
trillionlabs/Tri-0.5B-Base,6,0.25,mean,en,ja,mrr,256,512,raw,ok,0.712115782329804
trillionlabs/Tri-0.5B-Base,6,0.25,mean,en,ja,mrr,256,512,aligned,ok,0.8670026830358715
trillionlabs/Tri-0.5B-Base,6,0.25,mean,en,ja,mrr,256,512,delta,ok,0.15488690070606748
trillionlabs/Tri-0.5B-Base,6,0.25,mean,ja,en,r1,256,512,raw,ok,0.80859375
trillionlabs/Tri-0.5B-Base,6,0.25,mean,ja,en,r1,256,512,aligned,ok,0.76953125
trillionlabs/Tri-0.5B-Base,6,0.25,mean,ja,en,r1,256,512,delta,ok,-0.0390625
trillionlabs/Tri-0.5B-Base,6,0.25,mean,ja,en,r5,256,512,raw,ok,0.919921875
trillionlabs/Tri-0.5B-Base,6,0.25,mean,ja,en,r5,256,512,aligned,ok,0.92578125
trillionlabs/Tri-0.5B-Base,6,0.25,mean,ja,en,r5,256,512,delta,ok,0.005859375
trillionlabs/Tri-0.5B-Base,6,0.25,mean,ja,en,r10,256,512,raw,ok,0.94140625
trillionlabs/Tri-0.5B-Base,6,0.25,mean,ja,en,r10,256,512,aligned,ok,0.955078125
trillionlabs/Tri-0.5B-Base,6,0.25,mean,ja,en,r10,256,512,delta,ok,0.013671875
trillionlabs/Tri-0.5B-Base,6,0.25,mean,ja,en,mrr,256,512,raw,ok,0.8629164736399133
trillionlabs/Tri-0.5B-Base,6,0.25,mean,ja,en,mrr,256,512,aligned,ok,0.8399872659018862
trillionlabs/Tri-0.5B-Base,6,0.25,mean,ja,en,mrr,256,512,delta,ok,-0.02292920773802709
trillionlabs/Tri-0.5B-Base,6,0.25,mean,en,zh,r1,256,512,raw,ok,0.638671875
trillionlabs/Tri-0.5B-Base,6,0.25,mean,en,zh,r1,256,512,aligned,ok,0.857421875
trillionlabs/Tri-0.5B-Base,6,0.25,mean,en,zh,r1,256,512,delta,ok,0.21875
trillionlabs/Tri-0.5B-Base,6,0.25,mean,en,zh,r5,256,512,raw,ok,0.775390625
trillionlabs/Tri-0.5B-Base,6,0.25,mean,en,zh,r5,256,512,aligned,ok,0.958984375
trillionlabs/Tri-0.5B-Base,6,0.25,mean,en,zh,r5,256,512,delta,ok,0.18359375
trillionlabs/Tri-0.5B-Base,6,0.25,mean,en,zh,r10,256,512,raw,ok,0.81640625
trillionlabs/Tri-0.5B-Base,6,0.25,mean,en,zh,r10,256,512,aligned,ok,0.978515625
trillionlabs/Tri-0.5B-Base,6,0.25,mean,en,zh,r10,256,512,delta,ok,0.162109375
trillionlabs/Tri-0.5B-Base,6,0.25,mean,en,zh,mrr,256,512,raw,ok,0.701817610898292
trillionlabs/Tri-0.5B-Base,6,0.25,mean,en,zh,mrr,256,512,aligned,ok,0.90367930062266
trillionlabs/Tri-0.5B-Base,6,0.25,mean,en,zh,mrr,256,512,delta,ok,0.20186168972436802
trillionlabs/Tri-0.5B-Base,6,0.25,mean,zh,en,r1,256,512,raw,ok,0.890625
trillionlabs/Tri-0.5B-Base,6,0.25,mean,zh,en,r1,256,512,aligned,ok,0.8125
trillionlabs/Tri-0.5B-Base,6,0.25,mean,zh,en,r1,256,512,delta,ok,-0.078125
trillionlabs/Tri-0.5B-Base,6,0.25,mean,zh,en,r5,256,512,raw,ok,0.9609375
trillionlabs/Tri-0.5B-Base,6,0.25,mean,zh,en,r5,256,512,aligned,ok,0.958984375
trillionlabs/Tri-0.5B-Base,6,0.25,mean,zh,en,r5,256,512,delta,ok,-0.001953125
trillionlabs/Tri-0.5B-Base,6,0.25,mean,zh,en,r10,256,512,raw,ok,0.9765625
trillionlabs/Tri-0.5B-Base,6,0.25,mean,zh,en,r10,256,512,aligned,ok,0.9765625
trillionlabs/Tri-0.5B-Base,6,0.25,mean,zh,en,r10,256,512,delta,ok,0.0
trillionlabs/Tri-0.5B-Base,6,0.25,mean,zh,en,mrr,256,512,raw,ok,0.9227004896270117
trillionlabs/Tri-0.5B-Base,6,0.25,mean,zh,en,mrr,256,512,aligned,ok,0.8745452871814711
trillionlabs/Tri-0.5B-Base,6,0.25,mean,zh,en,mrr,256,512,delta,ok,-0.04815520244554061
trillionlabs/Tri-0.5B-Base,6,0.25,mean,ko,ja,r1,256,512,raw,ok,0.841796875
trillionlabs/Tri-0.5B-Base,6,0.25,mean,ko,ja,r1,256,512,aligned,ok,0.779296875
trillionlabs/Tri-0.5B-Base,6,0.25,mean,ko,ja,r1,256,512,delta,ok,-0.0625
trillionlabs/Tri-0.5B-Base,6,0.25,mean,ko,ja,r5,256,512,raw,ok,0.931640625
trillionlabs/Tri-0.5B-Base,6,0.25,mean,ko,ja,r5,256,512,aligned,ok,0.93359375
trillionlabs/Tri-0.5B-Base,6,0.25,mean,ko,ja,r5,256,512,delta,ok,0.001953125
trillionlabs/Tri-0.5B-Base,6,0.25,mean,ko,ja,r10,256,512,raw,ok,0.955078125
trillionlabs/Tri-0.5B-Base,6,0.25,mean,ko,ja,r10,256,512,aligned,ok,0.9609375
trillionlabs/Tri-0.5B-Base,6,0.25,mean,ko,ja,r10,256,512,delta,ok,0.005859375
trillionlabs/Tri-0.5B-Base,6,0.25,mean,ko,ja,mrr,256,512,raw,ok,0.8802385990148294
trillionlabs/Tri-0.5B-Base,6,0.25,mean,ko,ja,mrr,256,512,aligned,ok,0.8478053100823053
trillionlabs/Tri-0.5B-Base,6,0.25,mean,ko,ja,mrr,256,512,delta,ok,-0.03243328893252406
trillionlabs/Tri-0.5B-Base,6,0.25,mean,ja,ko,r1,256,512,raw,ok,0.818359375
trillionlabs/Tri-0.5B-Base,6,0.25,mean,ja,ko,r1,256,512,aligned,ok,0.759765625
trillionlabs/Tri-0.5B-Base,6,0.25,mean,ja,ko,r1,256,512,delta,ok,-0.05859375
trillionlabs/Tri-0.5B-Base,6,0.25,mean,ja,ko,r5,256,512,raw,ok,0.923828125
trillionlabs/Tri-0.5B-Base,6,0.25,mean,ja,ko,r5,256,512,aligned,ok,0.92578125
trillionlabs/Tri-0.5B-Base,6,0.25,mean,ja,ko,r5,256,512,delta,ok,0.001953125
trillionlabs/Tri-0.5B-Base,6,0.25,mean,ja,ko,r10,256,512,raw,ok,0.953125
trillionlabs/Tri-0.5B-Base,6,0.25,mean,ja,ko,r10,256,512,aligned,ok,0.958984375
trillionlabs/Tri-0.5B-Base,6,0.25,mean,ja,ko,r10,256,512,delta,ok,0.005859375
trillionlabs/Tri-0.5B-Base,6,0.25,mean,ja,ko,mrr,256,512,raw,ok,0.8680669172880582
trillionlabs/Tri-0.5B-Base,6,0.25,mean,ja,ko,mrr,256,512,aligned,ok,0.8327481990264677
trillionlabs/Tri-0.5B-Base,6,0.25,mean,ja,ko,mrr,256,512,delta,ok,-0.0353187182615905
trillionlabs/Tri-0.5B-Base,6,0.25,mean,ko,zh,r1,256,512,raw,ok,0.64453125
trillionlabs/Tri-0.5B-Base,6,0.25,mean,ko,zh,r1,256,512,aligned,ok,0.685546875
trillionlabs/Tri-0.5B-Base,6,0.25,mean,ko,zh,r1,256,512,delta,ok,0.041015625
trillionlabs/Tri-0.5B-Base,6,0.25,mean,ko,zh,r5,256,512,raw,ok,0.80078125
trillionlabs/Tri-0.5B-Base,6,0.25,mean,ko,zh,r5,256,512,aligned,ok,0.84375
trillionlabs/Tri-0.5B-Base,6,0.25,mean,ko,zh,r5,256,512,delta,ok,0.04296875
trillionlabs/Tri-0.5B-Base,6,0.25,mean,ko,zh,r10,256,512,raw,ok,0.853515625
trillionlabs/Tri-0.5B-Base,6,0.25,mean,ko,zh,r10,256,512,aligned,ok,0.900390625
trillionlabs/Tri-0.5B-Base,6,0.25,mean,ko,zh,r10,256,512,delta,ok,0.046875
trillionlabs/Tri-0.5B-Base,6,0.25,mean,ko,zh,mrr,256,512,raw,ok,0.7150987302850965
trillionlabs/Tri-0.5B-Base,6,0.25,mean,ko,zh,mrr,256,512,aligned,ok,0.7610726243083389
trillionlabs/Tri-0.5B-Base,6,0.25,mean,ko,zh,mrr,256,512,delta,ok,0.04597389402324237
trillionlabs/Tri-0.5B-Base,6,0.25,mean,zh,ko,r1,256,512,raw,ok,0.71875
trillionlabs/Tri-0.5B-Base,6,0.25,mean,zh,ko,r1,256,512,aligned,ok,0.642578125
trillionlabs/Tri-0.5B-Base,6,0.25,mean,zh,ko,r1,256,512,delta,ok,-0.076171875
trillionlabs/Tri-0.5B-Base,6,0.25,mean,zh,ko,r5,256,512,raw,ok,0.85546875
trillionlabs/Tri-0.5B-Base,6,0.25,mean,zh,ko,r5,256,512,aligned,ok,0.841796875
trillionlabs/Tri-0.5B-Base,6,0.25,mean,zh,ko,r5,256,512,delta,ok,-0.013671875
trillionlabs/Tri-0.5B-Base,6,0.25,mean,zh,ko,r10,256,512,raw,ok,0.900390625
trillionlabs/Tri-0.5B-Base,6,0.25,mean,zh,ko,r10,256,512,aligned,ok,0.8984375
trillionlabs/Tri-0.5B-Base,6,0.25,mean,zh,ko,r10,256,512,delta,ok,-0.001953125
trillionlabs/Tri-0.5B-Base,6,0.25,mean,zh,ko,mrr,256,512,raw,ok,0.7815287910852979
trillionlabs/Tri-0.5B-Base,6,0.25,mean,zh,ko,mrr,256,512,aligned,ok,0.7322159906521416
trillionlabs/Tri-0.5B-Base,6,0.25,mean,zh,ko,mrr,256,512,delta,ok,-0.049312800433156334
trillionlabs/Tri-0.5B-Base,6,0.25,mean,ja,zh,r1,256,512,raw,ok,0.80078125
trillionlabs/Tri-0.5B-Base,6,0.25,mean,ja,zh,r1,256,512,aligned,ok,0.705078125
trillionlabs/Tri-0.5B-Base,6,0.25,mean,ja,zh,r1,256,512,delta,ok,-0.095703125
trillionlabs/Tri-0.5B-Base,6,0.25,mean,ja,zh,r5,256,512,raw,ok,0.9140625
trillionlabs/Tri-0.5B-Base,6,0.25,mean,ja,zh,r5,256,512,aligned,ok,0.880859375
trillionlabs/Tri-0.5B-Base,6,0.25,mean,ja,zh,r5,256,512,delta,ok,-0.033203125
trillionlabs/Tri-0.5B-Base,6,0.25,mean,ja,zh,r10,256,512,raw,ok,0.9453125
trillionlabs/Tri-0.5B-Base,6,0.25,mean,ja,zh,r10,256,512,aligned,ok,0.93359375
trillionlabs/Tri-0.5B-Base,6,0.25,mean,ja,zh,r10,256,512,delta,ok,-0.01171875
trillionlabs/Tri-0.5B-Base,6,0.25,mean,ja,zh,mrr,256,512,raw,ok,0.8548624643527365
trillionlabs/Tri-0.5B-Base,6,0.25,mean,ja,zh,mrr,256,512,aligned,ok,0.7847568386088215
trillionlabs/Tri-0.5B-Base,6,0.25,mean,ja,zh,mrr,256,512,delta,ok,-0.07010562574391499
trillionlabs/Tri-0.5B-Base,6,0.25,mean,zh,ja,r1,256,512,raw,ok,0.80859375
trillionlabs/Tri-0.5B-Base,6,0.25,mean,zh,ja,r1,256,512,aligned,ok,0.677734375
trillionlabs/Tri-0.5B-Base,6,0.25,mean,zh,ja,r1,256,512,delta,ok,-0.130859375
trillionlabs/Tri-0.5B-Base,6,0.25,mean,zh,ja,r5,256,512,raw,ok,0.908203125
trillionlabs/Tri-0.5B-Base,6,0.25,mean,zh,ja,r5,256,512,aligned,ok,0.87890625
trillionlabs/Tri-0.5B-Base,6,0.25,mean,zh,ja,r5,256,512,delta,ok,-0.029296875
trillionlabs/Tri-0.5B-Base,6,0.25,mean,zh,ja,r10,256,512,raw,ok,0.939453125
trillionlabs/Tri-0.5B-Base,6,0.25,mean,zh,ja,r10,256,512,aligned,ok,0.927734375
trillionlabs/Tri-0.5B-Base,6,0.25,mean,zh,ja,r10,256,512,delta,ok,-0.01171875
trillionlabs/Tri-0.5B-Base,6,0.25,mean,zh,ja,mrr,256,512,raw,ok,0.8526528607810369
trillionlabs/Tri-0.5B-Base,6,0.25,mean,zh,ja,mrr,256,512,aligned,ok,0.764940042432878
trillionlabs/Tri-0.5B-Base,6,0.25,mean,zh,ja,mrr,256,512,delta,ok,-0.0877128183481588
trillionlabs/Tri-0.5B-Base,7,0.2916666666666667,mean,en,ko,r1,256,512,raw,ok,0.267578125
trillionlabs/Tri-0.5B-Base,7,0.2916666666666667,mean,en,ko,r1,256,512,aligned,ok,0.37109375
trillionlabs/Tri-0.5B-Base,7,0.2916666666666667,mean,en,ko,r1,256,512,delta,ok,0.103515625
trillionlabs/Tri-0.5B-Base,7,0.2916666666666667,mean,en,ko,r5,256,512,raw,ok,0.3515625
trillionlabs/Tri-0.5B-Base,7,0.2916666666666667,mean,en,ko,r5,256,512,aligned,ok,0.41796875
trillionlabs/Tri-0.5B-Base,7,0.2916666666666667,mean,en,ko,r5,256,512,delta,ok,0.06640625
trillionlabs/Tri-0.5B-Base,7,0.2916666666666667,mean,en,ko,r10,256,512,raw,ok,0.423828125
trillionlabs/Tri-0.5B-Base,7,0.2916666666666667,mean,en,ko,r10,256,512,aligned,ok,0.4375
trillionlabs/Tri-0.5B-Base,7,0.2916666666666667,mean,en,ko,r10,256,512,delta,ok,0.013671875
trillionlabs/Tri-0.5B-Base,7,0.2916666666666667,mean,en,ko,mrr,256,512,raw,ok,0.32234809071910275
trillionlabs/Tri-0.5B-Base,7,0.2916666666666667,mean,en,ko,mrr,256,512,aligned,ok,0.39997457357511856
trillionlabs/Tri-0.5B-Base,7,0.2916666666666667,mean,en,ko,mrr,256,512,delta,ok,0.07762648285601581
trillionlabs/Tri-0.5B-Base,7,0.2916666666666667,mean,ko,en,r1,256,512,raw,ok,0.1875
trillionlabs/Tri-0.5B-Base,7,0.2916666666666667,mean,ko,en,r1,256,512,aligned,ok,0.177734375
trillionlabs/Tri-0.5B-Base,7,0.2916666666666667,mean,ko,en,r1,256,512,delta,ok,-0.009765625
trillionlabs/Tri-0.5B-Base,7,0.2916666666666667,mean,ko,en,r5,256,512,raw,ok,0.26953125
trillionlabs/Tri-0.5B-Base,7,0.2916666666666667,mean,ko,en,r5,256,512,aligned,ok,0.23828125
trillionlabs/Tri-0.5B-Base,7,0.2916666666666667,mean,ko,en,r5,256,512,delta,ok,-0.03125
trillionlabs/Tri-0.5B-Base,7,0.2916666666666667,mean,ko,en,r10,256,512,raw,ok,0.291015625
trillionlabs/Tri-0.5B-Base,7,0.2916666666666667,mean,ko,en,r10,256,512,aligned,ok,0.28515625
trillionlabs/Tri-0.5B-Base,7,0.2916666666666667,mean,ko,en,r10,256,512,delta,ok,-0.005859375
trillionlabs/Tri-0.5B-Base,7,0.2916666666666667,mean,ko,en,mrr,256,512,raw,ok,0.22906829282197383
trillionlabs/Tri-0.5B-Base,7,0.2916666666666667,mean,ko,en,mrr,256,512,aligned,ok,0.21411685752686432
trillionlabs/Tri-0.5B-Base,7,0.2916666666666667,mean,ko,en,mrr,256,512,delta,ok,-0.014951435295109505
trillionlabs/Tri-0.5B-Base,7,0.2916666666666667,mean,en,ja,r1,256,512,raw,ok,0.279296875
trillionlabs/Tri-0.5B-Base,7,0.2916666666666667,mean,en,ja,r1,256,512,aligned,ok,0.29296875
trillionlabs/Tri-0.5B-Base,7,0.2916666666666667,mean,en,ja,r1,256,512,delta,ok,0.013671875
trillionlabs/Tri-0.5B-Base,7,0.2916666666666667,mean,en,ja,r5,256,512,raw,ok,0.43359375
trillionlabs/Tri-0.5B-Base,7,0.2916666666666667,mean,en,ja,r5,256,512,aligned,ok,0.38671875
trillionlabs/Tri-0.5B-Base,7,0.2916666666666667,mean,en,ja,r5,256,512,delta,ok,-0.046875
trillionlabs/Tri-0.5B-Base,7,0.2916666666666667,mean,en,ja,r10,256,512,raw,ok,0.49609375
trillionlabs/Tri-0.5B-Base,7,0.2916666666666667,mean,en,ja,r10,256,512,aligned,ok,0.421875
trillionlabs/Tri-0.5B-Base,7,0.2916666666666667,mean,en,ja,r10,256,512,delta,ok,-0.07421875
trillionlabs/Tri-0.5B-Base,7,0.2916666666666667,mean,en,ja,mrr,256,512,raw,ok,0.35911629267985434
trillionlabs/Tri-0.5B-Base,7,0.2916666666666667,mean,en,ja,mrr,256,512,aligned,ok,0.3401811406437679
trillionlabs/Tri-0.5B-Base,7,0.2916666666666667,mean,en,ja,mrr,256,512,delta,ok,-0.018935152036086422
trillionlabs/Tri-0.5B-Base,7,0.2916666666666667,mean,ja,en,r1,256,512,raw,ok,0.28515625
trillionlabs/Tri-0.5B-Base,7,0.2916666666666667,mean,ja,en,r1,256,512,aligned,ok,0.177734375
trillionlabs/Tri-0.5B-Base,7,0.2916666666666667,mean,ja,en,r1,256,512,delta,ok,-0.107421875
trillionlabs/Tri-0.5B-Base,7,0.2916666666666667,mean,ja,en,r5,256,512,raw,ok,0.375
trillionlabs/Tri-0.5B-Base,7,0.2916666666666667,mean,ja,en,r5,256,512,aligned,ok,0.25390625
trillionlabs/Tri-0.5B-Base,7,0.2916666666666667,mean,ja,en,r5,256,512,delta,ok,-0.12109375
trillionlabs/Tri-0.5B-Base,7,0.2916666666666667,mean,ja,en,r10,256,512,raw,ok,0.416015625
trillionlabs/Tri-0.5B-Base,7,0.2916666666666667,mean,ja,en,r10,256,512,aligned,ok,0.310546875
trillionlabs/Tri-0.5B-Base,7,0.2916666666666667,mean,ja,en,r10,256,512,delta,ok,-0.10546875
trillionlabs/Tri-0.5B-Base,7,0.2916666666666667,mean,ja,en,mrr,256,512,raw,ok,0.3289036808504913
trillionlabs/Tri-0.5B-Base,7,0.2916666666666667,mean,ja,en,mrr,256,512,aligned,ok,0.2210015173410047
trillionlabs/Tri-0.5B-Base,7,0.2916666666666667,mean,ja,en,mrr,256,512,delta,ok,-0.10790216350948661
trillionlabs/Tri-0.5B-Base,7,0.2916666666666667,mean,en,zh,r1,256,512,raw,ok,0.20703125
trillionlabs/Tri-0.5B-Base,7,0.2916666666666667,mean,en,zh,r1,256,512,aligned,ok,0.333984375
trillionlabs/Tri-0.5B-Base,7,0.2916666666666667,mean,en,zh,r1,256,512,delta,ok,0.126953125
trillionlabs/Tri-0.5B-Base,7,0.2916666666666667,mean,en,zh,r5,256,512,raw,ok,0.33203125
trillionlabs/Tri-0.5B-Base,7,0.2916666666666667,mean,en,zh,r5,256,512,aligned,ok,0.4140625
trillionlabs/Tri-0.5B-Base,7,0.2916666666666667,mean,en,zh,r5,256,512,delta,ok,0.08203125
trillionlabs/Tri-0.5B-Base,7,0.2916666666666667,mean,en,zh,r10,256,512,raw,ok,0.400390625
trillionlabs/Tri-0.5B-Base,7,0.2916666666666667,mean,en,zh,r10,256,512,aligned,ok,0.435546875
trillionlabs/Tri-0.5B-Base,7,0.2916666666666667,mean,en,zh,r10,256,512,delta,ok,0.03515625
trillionlabs/Tri-0.5B-Base,7,0.2916666666666667,mean,en,zh,mrr,256,512,raw,ok,0.2763909636810976
trillionlabs/Tri-0.5B-Base,7,0.2916666666666667,mean,en,zh,mrr,256,512,aligned,ok,0.3736214196946166
trillionlabs/Tri-0.5B-Base,7,0.2916666666666667,mean,en,zh,mrr,256,512,delta,ok,0.09723045601351898
trillionlabs/Tri-0.5B-Base,7,0.2916666666666667,mean,zh,en,r1,256,512,raw,ok,0.244140625
trillionlabs/Tri-0.5B-Base,7,0.2916666666666667,mean,zh,en,r1,256,512,aligned,ok,0.18359375
trillionlabs/Tri-0.5B-Base,7,0.2916666666666667,mean,zh,en,r1,256,512,delta,ok,-0.060546875
trillionlabs/Tri-0.5B-Base,7,0.2916666666666667,mean,zh,en,r5,256,512,raw,ok,0.34375
trillionlabs/Tri-0.5B-Base,7,0.2916666666666667,mean,zh,en,r5,256,512,aligned,ok,0.259765625
trillionlabs/Tri-0.5B-Base,7,0.2916666666666667,mean,zh,en,r5,256,512,delta,ok,-0.083984375
trillionlabs/Tri-0.5B-Base,7,0.2916666666666667,mean,zh,en,r10,256,512,raw,ok,0.384765625
trillionlabs/Tri-0.5B-Base,7,0.2916666666666667,mean,zh,en,r10,256,512,aligned,ok,0.306640625
trillionlabs/Tri-0.5B-Base,7,0.2916666666666667,mean,zh,en,r10,256,512,delta,ok,-0.078125
trillionlabs/Tri-0.5B-Base,7,0.2916666666666667,mean,zh,en,mrr,256,512,raw,ok,0.2937136916330942
trillionlabs/Tri-0.5B-Base,7,0.2916666666666667,mean,zh,en,mrr,256,512,aligned,ok,0.22664584452005584
trillionlabs/Tri-0.5B-Base,7,0.2916666666666667,mean,zh,en,mrr,256,512,delta,ok,-0.06706784711303834
trillionlabs/Tri-0.5B-Base,7,0.2916666666666667,mean,ko,ja,r1,256,512,raw,ok,0.263671875
trillionlabs/Tri-0.5B-Base,7,0.2916666666666667,mean,ko,ja,r1,256,512,aligned,ok,0.251953125
trillionlabs/Tri-0.5B-Base,7,0.2916666666666667,mean,ko,ja,r1,256,512,delta,ok,-0.01171875
trillionlabs/Tri-0.5B-Base,7,0.2916666666666667,mean,ko,ja,r5,256,512,raw,ok,0.392578125
trillionlabs/Tri-0.5B-Base,7,0.2916666666666667,mean,ko,ja,r5,256,512,aligned,ok,0.31640625
trillionlabs/Tri-0.5B-Base,7,0.2916666666666667,mean,ko,ja,r5,256,512,delta,ok,-0.076171875
trillionlabs/Tri-0.5B-Base,7,0.2916666666666667,mean,ko,ja,r10,256,512,raw,ok,0.44921875
trillionlabs/Tri-0.5B-Base,7,0.2916666666666667,mean,ko,ja,r10,256,512,aligned,ok,0.3515625
trillionlabs/Tri-0.5B-Base,7,0.2916666666666667,mean,ko,ja,r10,256,512,delta,ok,-0.09765625
trillionlabs/Tri-0.5B-Base,7,0.2916666666666667,mean,ko,ja,mrr,256,512,raw,ok,0.32603366804328715
trillionlabs/Tri-0.5B-Base,7,0.2916666666666667,mean,ko,ja,mrr,256,512,aligned,ok,0.28922534111906434
trillionlabs/Tri-0.5B-Base,7,0.2916666666666667,mean,ko,ja,mrr,256,512,delta,ok,-0.03680832692422281
trillionlabs/Tri-0.5B-Base,7,0.2916666666666667,mean,ja,ko,r1,256,512,raw,ok,0.390625
trillionlabs/Tri-0.5B-Base,7,0.2916666666666667,mean,ja,ko,r1,256,512,aligned,ok,0.265625
trillionlabs/Tri-0.5B-Base,7,0.2916666666666667,mean,ja,ko,r1,256,512,delta,ok,-0.125
trillionlabs/Tri-0.5B-Base,7,0.2916666666666667,mean,ja,ko,r5,256,512,raw,ok,0.537109375
trillionlabs/Tri-0.5B-Base,7,0.2916666666666667,mean,ja,ko,r5,256,512,aligned,ok,0.36328125
trillionlabs/Tri-0.5B-Base,7,0.2916666666666667,mean,ja,ko,r5,256,512,delta,ok,-0.173828125
trillionlabs/Tri-0.5B-Base,7,0.2916666666666667,mean,ja,ko,r10,256,512,raw,ok,0.62890625
trillionlabs/Tri-0.5B-Base,7,0.2916666666666667,mean,ja,ko,r10,256,512,aligned,ok,0.396484375
trillionlabs/Tri-0.5B-Base,7,0.2916666666666667,mean,ja,ko,r10,256,512,delta,ok,-0.232421875
trillionlabs/Tri-0.5B-Base,7,0.2916666666666667,mean,ja,ko,mrr,256,512,raw,ok,0.4667132525320031
trillionlabs/Tri-0.5B-Base,7,0.2916666666666667,mean,ja,ko,mrr,256,512,aligned,ok,0.31768327051307094
trillionlabs/Tri-0.5B-Base,7,0.2916666666666667,mean,ja,ko,mrr,256,512,delta,ok,-0.14902998201893214
trillionlabs/Tri-0.5B-Base,7,0.2916666666666667,mean,ko,zh,r1,256,512,raw,ok,0.15234375
trillionlabs/Tri-0.5B-Base,7,0.2916666666666667,mean,ko,zh,r1,256,512,aligned,ok,0.220703125
trillionlabs/Tri-0.5B-Base,7,0.2916666666666667,mean,ko,zh,r1,256,512,delta,ok,0.068359375
trillionlabs/Tri-0.5B-Base,7,0.2916666666666667,mean,ko,zh,r5,256,512,raw,ok,0.234375
trillionlabs/Tri-0.5B-Base,7,0.2916666666666667,mean,ko,zh,r5,256,512,aligned,ok,0.279296875
trillionlabs/Tri-0.5B-Base,7,0.2916666666666667,mean,ko,zh,r5,256,512,delta,ok,0.044921875
trillionlabs/Tri-0.5B-Base,7,0.2916666666666667,mean,ko,zh,r10,256,512,raw,ok,0.306640625
trillionlabs/Tri-0.5B-Base,7,0.2916666666666667,mean,ko,zh,r10,256,512,aligned,ok,0.32421875
trillionlabs/Tri-0.5B-Base,7,0.2916666666666667,mean,ko,zh,r10,256,512,delta,ok,0.017578125
trillionlabs/Tri-0.5B-Base,7,0.2916666666666667,mean,ko,zh,mrr,256,512,raw,ok,0.20661250923299956
trillionlabs/Tri-0.5B-Base,7,0.2916666666666667,mean,ko,zh,mrr,256,512,aligned,ok,0.2570863570747909
trillionlabs/Tri-0.5B-Base,7,0.2916666666666667,mean,ko,zh,mrr,256,512,delta,ok,0.05047384784179132
trillionlabs/Tri-0.5B-Base,7,0.2916666666666667,mean,zh,ko,r1,256,512,raw,ok,0.3203125
trillionlabs/Tri-0.5B-Base,7,0.2916666666666667,mean,zh,ko,r1,256,512,aligned,ok,0.23046875
trillionlabs/Tri-0.5B-Base,7,0.2916666666666667,mean,zh,ko,r1,256,512,delta,ok,-0.08984375
trillionlabs/Tri-0.5B-Base,7,0.2916666666666667,mean,zh,ko,r5,256,512,raw,ok,0.48046875
trillionlabs/Tri-0.5B-Base,7,0.2916666666666667,mean,zh,ko,r5,256,512,aligned,ok,0.318359375
trillionlabs/Tri-0.5B-Base,7,0.2916666666666667,mean,zh,ko,r5,256,512,delta,ok,-0.162109375
trillionlabs/Tri-0.5B-Base,7,0.2916666666666667,mean,zh,ko,r10,256,512,raw,ok,0.552734375
trillionlabs/Tri-0.5B-Base,7,0.2916666666666667,mean,zh,ko,r10,256,512,aligned,ok,0.365234375
trillionlabs/Tri-0.5B-Base,7,0.2916666666666667,mean,zh,ko,r10,256,512,delta,ok,-0.1875
trillionlabs/Tri-0.5B-Base,7,0.2916666666666667,mean,zh,ko,mrr,256,512,raw,ok,0.4000048854911222
trillionlabs/Tri-0.5B-Base,7,0.2916666666666667,mean,zh,ko,mrr,256,512,aligned,ok,0.28033221322269397
trillionlabs/Tri-0.5B-Base,7,0.2916666666666667,mean,zh,ko,mrr,256,512,delta,ok,-0.1196726722684282
trillionlabs/Tri-0.5B-Base,7,0.2916666666666667,mean,ja,zh,r1,256,512,raw,ok,0.453125
trillionlabs/Tri-0.5B-Base,7,0.2916666666666667,mean,ja,zh,r1,256,512,aligned,ok,0.240234375
trillionlabs/Tri-0.5B-Base,7,0.2916666666666667,mean,ja,zh,r1,256,512,delta,ok,-0.212890625
trillionlabs/Tri-0.5B-Base,7,0.2916666666666667,mean,ja,zh,r5,256,512,raw,ok,0.572265625
trillionlabs/Tri-0.5B-Base,7,0.2916666666666667,mean,ja,zh,r5,256,512,aligned,ok,0.306640625
trillionlabs/Tri-0.5B-Base,7,0.2916666666666667,mean,ja,zh,r5,256,512,delta,ok,-0.265625
trillionlabs/Tri-0.5B-Base,7,0.2916666666666667,mean,ja,zh,r10,256,512,raw,ok,0.6171875
trillionlabs/Tri-0.5B-Base,7,0.2916666666666667,mean,ja,zh,r10,256,512,aligned,ok,0.3515625
trillionlabs/Tri-0.5B-Base,7,0.2916666666666667,mean,ja,zh,r10,256,512,delta,ok,-0.265625
trillionlabs/Tri-0.5B-Base,7,0.2916666666666667,mean,ja,zh,mrr,256,512,raw,ok,0.5123288843404203
trillionlabs/Tri-0.5B-Base,7,0.2916666666666667,mean,ja,zh,mrr,256,512,aligned,ok,0.28396438406684804
trillionlabs/Tri-0.5B-Base,7,0.2916666666666667,mean,ja,zh,mrr,256,512,delta,ok,-0.2283645002735723
trillionlabs/Tri-0.5B-Base,7,0.2916666666666667,mean,zh,ja,r1,256,512,raw,ok,0.47265625
trillionlabs/Tri-0.5B-Base,7,0.2916666666666667,mean,zh,ja,r1,256,512,aligned,ok,0.234375
trillionlabs/Tri-0.5B-Base,7,0.2916666666666667,mean,zh,ja,r1,256,512,delta,ok,-0.23828125
trillionlabs/Tri-0.5B-Base,7,0.2916666666666667,mean,zh,ja,r5,256,512,raw,ok,0.6171875
trillionlabs/Tri-0.5B-Base,7,0.2916666666666667,mean,zh,ja,r5,256,512,aligned,ok,0.33984375
trillionlabs/Tri-0.5B-Base,7,0.2916666666666667,mean,zh,ja,r5,256,512,delta,ok,-0.27734375
trillionlabs/Tri-0.5B-Base,7,0.2916666666666667,mean,zh,ja,r10,256,512,raw,ok,0.658203125
trillionlabs/Tri-0.5B-Base,7,0.2916666666666667,mean,zh,ja,r10,256,512,aligned,ok,0.3828125
trillionlabs/Tri-0.5B-Base,7,0.2916666666666667,mean,zh,ja,r10,256,512,delta,ok,-0.275390625
trillionlabs/Tri-0.5B-Base,7,0.2916666666666667,mean,zh,ja,mrr,256,512,raw,ok,0.5379198137279763
trillionlabs/Tri-0.5B-Base,7,0.2916666666666667,mean,zh,ja,mrr,256,512,aligned,ok,0.2886997594340573
trillionlabs/Tri-0.5B-Base,7,0.2916666666666667,mean,zh,ja,mrr,256,512,delta,ok,-0.24922005429391897
trillionlabs/Tri-0.5B-Base,8,0.3333333333333333,mean,en,ko,r1,256,512,raw,ok,0.2734375
trillionlabs/Tri-0.5B-Base,8,0.3333333333333333,mean,en,ko,r1,256,512,aligned,ok,0.390625
trillionlabs/Tri-0.5B-Base,8,0.3333333333333333,mean,en,ko,r1,256,512,delta,ok,0.1171875
trillionlabs/Tri-0.5B-Base,8,0.3333333333333333,mean,en,ko,r5,256,512,raw,ok,0.373046875
trillionlabs/Tri-0.5B-Base,8,0.3333333333333333,mean,en,ko,r5,256,512,aligned,ok,0.43359375
trillionlabs/Tri-0.5B-Base,8,0.3333333333333333,mean,en,ko,r5,256,512,delta,ok,0.060546875
trillionlabs/Tri-0.5B-Base,8,0.3333333333333333,mean,en,ko,r10,256,512,raw,ok,0.42578125
trillionlabs/Tri-0.5B-Base,8,0.3333333333333333,mean,en,ko,r10,256,512,aligned,ok,0.447265625
trillionlabs/Tri-0.5B-Base,8,0.3333333333333333,mean,en,ko,r10,256,512,delta,ok,0.021484375
trillionlabs/Tri-0.5B-Base,8,0.3333333333333333,mean,en,ko,mrr,256,512,raw,ok,0.33135895693905637
trillionlabs/Tri-0.5B-Base,8,0.3333333333333333,mean,en,ko,mrr,256,512,aligned,ok,0.41503905487830783
trillionlabs/Tri-0.5B-Base,8,0.3333333333333333,mean,en,ko,mrr,256,512,delta,ok,0.08368009793925146
trillionlabs/Tri-0.5B-Base,8,0.3333333333333333,mean,ko,en,r1,256,512,raw,ok,0.203125
trillionlabs/Tri-0.5B-Base,8,0.3333333333333333,mean,ko,en,r1,256,512,aligned,ok,0.173828125
trillionlabs/Tri-0.5B-Base,8,0.3333333333333333,mean,ko,en,r1,256,512,delta,ok,-0.029296875
trillionlabs/Tri-0.5B-Base,8,0.3333333333333333,mean,ko,en,r5,256,512,raw,ok,0.271484375
trillionlabs/Tri-0.5B-Base,8,0.3333333333333333,mean,ko,en,r5,256,512,aligned,ok,0.232421875
trillionlabs/Tri-0.5B-Base,8,0.3333333333333333,mean,ko,en,r5,256,512,delta,ok,-0.0390625
trillionlabs/Tri-0.5B-Base,8,0.3333333333333333,mean,ko,en,r10,256,512,raw,ok,0.298828125
trillionlabs/Tri-0.5B-Base,8,0.3333333333333333,mean,ko,en,r10,256,512,aligned,ok,0.2890625
trillionlabs/Tri-0.5B-Base,8,0.3333333333333333,mean,ko,en,r10,256,512,delta,ok,-0.009765625
trillionlabs/Tri-0.5B-Base,8,0.3333333333333333,mean,ko,en,mrr,256,512,raw,ok,0.23942436786271964
trillionlabs/Tri-0.5B-Base,8,0.3333333333333333,mean,ko,en,mrr,256,512,aligned,ok,0.21227827374635633
trillionlabs/Tri-0.5B-Base,8,0.3333333333333333,mean,ko,en,mrr,256,512,delta,ok,-0.027146094116363317
trillionlabs/Tri-0.5B-Base,8,0.3333333333333333,mean,en,ja,r1,256,512,raw,ok,0.29296875
trillionlabs/Tri-0.5B-Base,8,0.3333333333333333,mean,en,ja,r1,256,512,aligned,ok,0.3046875
trillionlabs/Tri-0.5B-Base,8,0.3333333333333333,mean,en,ja,r1,256,512,delta,ok,0.01171875
trillionlabs/Tri-0.5B-Base,8,0.3333333333333333,mean,en,ja,r5,256,512,raw,ok,0.447265625
trillionlabs/Tri-0.5B-Base,8,0.3333333333333333,mean,en,ja,r5,256,512,aligned,ok,0.392578125
trillionlabs/Tri-0.5B-Base,8,0.3333333333333333,mean,en,ja,r5,256,512,delta,ok,-0.0546875
trillionlabs/Tri-0.5B-Base,8,0.3333333333333333,mean,en,ja,r10,256,512,raw,ok,0.505859375
trillionlabs/Tri-0.5B-Base,8,0.3333333333333333,mean,en,ja,r10,256,512,aligned,ok,0.427734375
trillionlabs/Tri-0.5B-Base,8,0.3333333333333333,mean,en,ja,r10,256,512,delta,ok,-0.078125
trillionlabs/Tri-0.5B-Base,8,0.3333333333333333,mean,en,ja,mrr,256,512,raw,ok,0.3727184720611648
trillionlabs/Tri-0.5B-Base,8,0.3333333333333333,mean,en,ja,mrr,256,512,aligned,ok,0.3499552486690775
trillionlabs/Tri-0.5B-Base,8,0.3333333333333333,mean,en,ja,mrr,256,512,delta,ok,-0.022763223392087306
trillionlabs/Tri-0.5B-Base,8,0.3333333333333333,mean,ja,en,r1,256,512,raw,ok,0.291015625
trillionlabs/Tri-0.5B-Base,8,0.3333333333333333,mean,ja,en,r1,256,512,aligned,ok,0.171875
trillionlabs/Tri-0.5B-Base,8,0.3333333333333333,mean,ja,en,r1,256,512,delta,ok,-0.119140625
trillionlabs/Tri-0.5B-Base,8,0.3333333333333333,mean,ja,en,r5,256,512,raw,ok,0.3828125
trillionlabs/Tri-0.5B-Base,8,0.3333333333333333,mean,ja,en,r5,256,512,aligned,ok,0.255859375
trillionlabs/Tri-0.5B-Base,8,0.3333333333333333,mean,ja,en,r5,256,512,delta,ok,-0.126953125
trillionlabs/Tri-0.5B-Base,8,0.3333333333333333,mean,ja,en,r10,256,512,raw,ok,0.41796875
trillionlabs/Tri-0.5B-Base,8,0.3333333333333333,mean,ja,en,r10,256,512,aligned,ok,0.322265625
trillionlabs/Tri-0.5B-Base,8,0.3333333333333333,mean,ja,en,r10,256,512,delta,ok,-0.095703125
trillionlabs/Tri-0.5B-Base,8,0.3333333333333333,mean,ja,en,mrr,256,512,raw,ok,0.3347219074101201
trillionlabs/Tri-0.5B-Base,8,0.3333333333333333,mean,ja,en,mrr,256,512,aligned,ok,0.22170609938212513
trillionlabs/Tri-0.5B-Base,8,0.3333333333333333,mean,ja,en,mrr,256,512,delta,ok,-0.11301580802799496
trillionlabs/Tri-0.5B-Base,8,0.3333333333333333,mean,en,zh,r1,256,512,raw,ok,0.208984375
trillionlabs/Tri-0.5B-Base,8,0.3333333333333333,mean,en,zh,r1,256,512,aligned,ok,0.337890625
trillionlabs/Tri-0.5B-Base,8,0.3333333333333333,mean,en,zh,r1,256,512,delta,ok,0.12890625
trillionlabs/Tri-0.5B-Base,8,0.3333333333333333,mean,en,zh,r5,256,512,raw,ok,0.365234375
trillionlabs/Tri-0.5B-Base,8,0.3333333333333333,mean,en,zh,r5,256,512,aligned,ok,0.42578125
trillionlabs/Tri-0.5B-Base,8,0.3333333333333333,mean,en,zh,r5,256,512,delta,ok,0.060546875
trillionlabs/Tri-0.5B-Base,8,0.3333333333333333,mean,en,zh,r10,256,512,raw,ok,0.419921875
trillionlabs/Tri-0.5B-Base,8,0.3333333333333333,mean,en,zh,r10,256,512,aligned,ok,0.4453125
trillionlabs/Tri-0.5B-Base,8,0.3333333333333333,mean,en,zh,r10,256,512,delta,ok,0.025390625
trillionlabs/Tri-0.5B-Base,8,0.3333333333333333,mean,en,zh,mrr,256,512,raw,ok,0.2878287811373438
trillionlabs/Tri-0.5B-Base,8,0.3333333333333333,mean,en,zh,mrr,256,512,aligned,ok,0.3794049243710663
trillionlabs/Tri-0.5B-Base,8,0.3333333333333333,mean,en,zh,mrr,256,512,delta,ok,0.09157614323372254
trillionlabs/Tri-0.5B-Base,8,0.3333333333333333,mean,zh,en,r1,256,512,raw,ok,0.259765625
trillionlabs/Tri-0.5B-Base,8,0.3333333333333333,mean,zh,en,r1,256,512,aligned,ok,0.18359375
trillionlabs/Tri-0.5B-Base,8,0.3333333333333333,mean,zh,en,r1,256,512,delta,ok,-0.076171875
trillionlabs/Tri-0.5B-Base,8,0.3333333333333333,mean,zh,en,r5,256,512,raw,ok,0.349609375
trillionlabs/Tri-0.5B-Base,8,0.3333333333333333,mean,zh,en,r5,256,512,aligned,ok,0.265625
trillionlabs/Tri-0.5B-Base,8,0.3333333333333333,mean,zh,en,r5,256,512,delta,ok,-0.083984375
trillionlabs/Tri-0.5B-Base,8,0.3333333333333333,mean,zh,en,r10,256,512,raw,ok,0.390625
trillionlabs/Tri-0.5B-Base,8,0.3333333333333333,mean,zh,en,r10,256,512,aligned,ok,0.31640625
trillionlabs/Tri-0.5B-Base,8,0.3333333333333333,mean,zh,en,r10,256,512,delta,ok,-0.07421875
trillionlabs/Tri-0.5B-Base,8,0.3333333333333333,mean,zh,en,mrr,256,512,raw,ok,0.30862170361110747
trillionlabs/Tri-0.5B-Base,8,0.3333333333333333,mean,zh,en,mrr,256,512,aligned,ok,0.22709558623604253
trillionlabs/Tri-0.5B-Base,8,0.3333333333333333,mean,zh,en,mrr,256,512,delta,ok,-0.08152611737506493
trillionlabs/Tri-0.5B-Base,8,0.3333333333333333,mean,ko,ja,r1,256,512,raw,ok,0.28125
trillionlabs/Tri-0.5B-Base,8,0.3333333333333333,mean,ko,ja,r1,256,512,aligned,ok,0.2421875
trillionlabs/Tri-0.5B-Base,8,0.3333333333333333,mean,ko,ja,r1,256,512,delta,ok,-0.0390625
trillionlabs/Tri-0.5B-Base,8,0.3333333333333333,mean,ko,ja,r5,256,512,raw,ok,0.3984375
trillionlabs/Tri-0.5B-Base,8,0.3333333333333333,mean,ko,ja,r5,256,512,aligned,ok,0.318359375
trillionlabs/Tri-0.5B-Base,8,0.3333333333333333,mean,ko,ja,r5,256,512,delta,ok,-0.080078125
trillionlabs/Tri-0.5B-Base,8,0.3333333333333333,mean,ko,ja,r10,256,512,raw,ok,0.453125
trillionlabs/Tri-0.5B-Base,8,0.3333333333333333,mean,ko,ja,r10,256,512,aligned,ok,0.353515625
trillionlabs/Tri-0.5B-Base,8,0.3333333333333333,mean,ko,ja,r10,256,512,delta,ok,-0.099609375
trillionlabs/Tri-0.5B-Base,8,0.3333333333333333,mean,ko,ja,mrr,256,512,raw,ok,0.34248361906731317
trillionlabs/Tri-0.5B-Base,8,0.3333333333333333,mean,ko,ja,mrr,256,512,aligned,ok,0.2876683980352515
trillionlabs/Tri-0.5B-Base,8,0.3333333333333333,mean,ko,ja,mrr,256,512,delta,ok,-0.054815221032061656
trillionlabs/Tri-0.5B-Base,8,0.3333333333333333,mean,ja,ko,r1,256,512,raw,ok,0.40234375
trillionlabs/Tri-0.5B-Base,8,0.3333333333333333,mean,ja,ko,r1,256,512,aligned,ok,0.291015625
trillionlabs/Tri-0.5B-Base,8,0.3333333333333333,mean,ja,ko,r1,256,512,delta,ok,-0.111328125
trillionlabs/Tri-0.5B-Base,8,0.3333333333333333,mean,ja,ko,r5,256,512,raw,ok,0.56640625
trillionlabs/Tri-0.5B-Base,8,0.3333333333333333,mean,ja,ko,r5,256,512,aligned,ok,0.3828125
trillionlabs/Tri-0.5B-Base,8,0.3333333333333333,mean,ja,ko,r5,256,512,delta,ok,-0.18359375
trillionlabs/Tri-0.5B-Base,8,0.3333333333333333,mean,ja,ko,r10,256,512,raw,ok,0.63671875
trillionlabs/Tri-0.5B-Base,8,0.3333333333333333,mean,ja,ko,r10,256,512,aligned,ok,0.412109375
trillionlabs/Tri-0.5B-Base,8,0.3333333333333333,mean,ja,ko,r10,256,512,delta,ok,-0.224609375
trillionlabs/Tri-0.5B-Base,8,0.3333333333333333,mean,ja,ko,mrr,256,512,raw,ok,0.48047114230276233
trillionlabs/Tri-0.5B-Base,8,0.3333333333333333,mean,ja,ko,mrr,256,512,aligned,ok,0.33740016784874277
trillionlabs/Tri-0.5B-Base,8,0.3333333333333333,mean,ja,ko,mrr,256,512,delta,ok,-0.14307097445401956
trillionlabs/Tri-0.5B-Base,8,0.3333333333333333,mean,ko,zh,r1,256,512,raw,ok,0.1640625
trillionlabs/Tri-0.5B-Base,8,0.3333333333333333,mean,ko,zh,r1,256,512,aligned,ok,0.228515625
trillionlabs/Tri-0.5B-Base,8,0.3333333333333333,mean,ko,zh,r1,256,512,delta,ok,0.064453125
trillionlabs/Tri-0.5B-Base,8,0.3333333333333333,mean,ko,zh,r5,256,512,raw,ok,0.24609375
trillionlabs/Tri-0.5B-Base,8,0.3333333333333333,mean,ko,zh,r5,256,512,aligned,ok,0.296875
trillionlabs/Tri-0.5B-Base,8,0.3333333333333333,mean,ko,zh,r5,256,512,delta,ok,0.05078125
trillionlabs/Tri-0.5B-Base,8,0.3333333333333333,mean,ko,zh,r10,256,512,raw,ok,0.333984375
trillionlabs/Tri-0.5B-Base,8,0.3333333333333333,mean,ko,zh,r10,256,512,aligned,ok,0.33203125
trillionlabs/Tri-0.5B-Base,8,0.3333333333333333,mean,ko,zh,r10,256,512,delta,ok,-0.001953125
trillionlabs/Tri-0.5B-Base,8,0.3333333333333333,mean,ko,zh,mrr,256,512,raw,ok,0.21866693070639576
trillionlabs/Tri-0.5B-Base,8,0.3333333333333333,mean,ko,zh,mrr,256,512,aligned,ok,0.2681897097180014
trillionlabs/Tri-0.5B-Base,8,0.3333333333333333,mean,ko,zh,mrr,256,512,delta,ok,0.04952277901160562
trillionlabs/Tri-0.5B-Base,8,0.3333333333333333,mean,zh,ko,r1,256,512,raw,ok,0.34765625
trillionlabs/Tri-0.5B-Base,8,0.3333333333333333,mean,zh,ko,r1,256,512,aligned,ok,0.240234375
trillionlabs/Tri-0.5B-Base,8,0.3333333333333333,mean,zh,ko,r1,256,512,delta,ok,-0.107421875
trillionlabs/Tri-0.5B-Base,8,0.3333333333333333,mean,zh,ko,r5,256,512,raw,ok,0.505859375
trillionlabs/Tri-0.5B-Base,8,0.3333333333333333,mean,zh,ko,r5,256,512,aligned,ok,0.3359375
trillionlabs/Tri-0.5B-Base,8,0.3333333333333333,mean,zh,ko,r5,256,512,delta,ok,-0.169921875
trillionlabs/Tri-0.5B-Base,8,0.3333333333333333,mean,zh,ko,r10,256,512,raw,ok,0.576171875
trillionlabs/Tri-0.5B-Base,8,0.3333333333333333,mean,zh,ko,r10,256,512,aligned,ok,0.375
trillionlabs/Tri-0.5B-Base,8,0.3333333333333333,mean,zh,ko,r10,256,512,delta,ok,-0.201171875
trillionlabs/Tri-0.5B-Base,8,0.3333333333333333,mean,zh,ko,mrr,256,512,raw,ok,0.4242205181609708
trillionlabs/Tri-0.5B-Base,8,0.3333333333333333,mean,zh,ko,mrr,256,512,aligned,ok,0.29108386114225887
trillionlabs/Tri-0.5B-Base,8,0.3333333333333333,mean,zh,ko,mrr,256,512,delta,ok,-0.1331366570187119
trillionlabs/Tri-0.5B-Base,8,0.3333333333333333,mean,ja,zh,r1,256,512,raw,ok,0.474609375
trillionlabs/Tri-0.5B-Base,8,0.3333333333333333,mean,ja,zh,r1,256,512,aligned,ok,0.244140625
trillionlabs/Tri-0.5B-Base,8,0.3333333333333333,mean,ja,zh,r1,256,512,delta,ok,-0.23046875
trillionlabs/Tri-0.5B-Base,8,0.3333333333333333,mean,ja,zh,r5,256,512,raw,ok,0.58203125
trillionlabs/Tri-0.5B-Base,8,0.3333333333333333,mean,ja,zh,r5,256,512,aligned,ok,0.326171875
trillionlabs/Tri-0.5B-Base,8,0.3333333333333333,mean,ja,zh,r5,256,512,delta,ok,-0.255859375
trillionlabs/Tri-0.5B-Base,8,0.3333333333333333,mean,ja,zh,r10,256,512,raw,ok,0.6328125
trillionlabs/Tri-0.5B-Base,8,0.3333333333333333,mean,ja,zh,r10,256,512,aligned,ok,0.369140625
trillionlabs/Tri-0.5B-Base,8,0.3333333333333333,mean,ja,zh,r10,256,512,delta,ok,-0.263671875
trillionlabs/Tri-0.5B-Base,8,0.3333333333333333,mean,ja,zh,mrr,256,512,raw,ok,0.5297428884745568
trillionlabs/Tri-0.5B-Base,8,0.3333333333333333,mean,ja,zh,mrr,256,512,aligned,ok,0.29093613802598606
trillionlabs/Tri-0.5B-Base,8,0.3333333333333333,mean,ja,zh,mrr,256,512,delta,ok,-0.2388067504485707
trillionlabs/Tri-0.5B-Base,8,0.3333333333333333,mean,zh,ja,r1,256,512,raw,ok,0.494140625
trillionlabs/Tri-0.5B-Base,8,0.3333333333333333,mean,zh,ja,r1,256,512,aligned,ok,0.255859375
trillionlabs/Tri-0.5B-Base,8,0.3333333333333333,mean,zh,ja,r1,256,512,delta,ok,-0.23828125
trillionlabs/Tri-0.5B-Base,8,0.3333333333333333,mean,zh,ja,r5,256,512,raw,ok,0.626953125
trillionlabs/Tri-0.5B-Base,8,0.3333333333333333,mean,zh,ja,r5,256,512,aligned,ok,0.3515625
trillionlabs/Tri-0.5B-Base,8,0.3333333333333333,mean,zh,ja,r5,256,512,delta,ok,-0.275390625
trillionlabs/Tri-0.5B-Base,8,0.3333333333333333,mean,zh,ja,r10,256,512,raw,ok,0.666015625
trillionlabs/Tri-0.5B-Base,8,0.3333333333333333,mean,zh,ja,r10,256,512,aligned,ok,0.392578125
trillionlabs/Tri-0.5B-Base,8,0.3333333333333333,mean,zh,ja,r10,256,512,delta,ok,-0.2734375
trillionlabs/Tri-0.5B-Base,8,0.3333333333333333,mean,zh,ja,mrr,256,512,raw,ok,0.5544019044874726
trillionlabs/Tri-0.5B-Base,8,0.3333333333333333,mean,zh,ja,mrr,256,512,aligned,ok,0.30646474475647273
trillionlabs/Tri-0.5B-Base,8,0.3333333333333333,mean,zh,ja,mrr,256,512,delta,ok,-0.2479371597309999
trillionlabs/Tri-0.5B-Base,9,0.375,mean,en,ko,r1,256,512,raw,ok,0.29296875
trillionlabs/Tri-0.5B-Base,9,0.375,mean,en,ko,r1,256,512,aligned,ok,0.392578125
trillionlabs/Tri-0.5B-Base,9,0.375,mean,en,ko,r1,256,512,delta,ok,0.099609375
trillionlabs/Tri-0.5B-Base,9,0.375,mean,en,ko,r5,256,512,raw,ok,0.392578125
trillionlabs/Tri-0.5B-Base,9,0.375,mean,en,ko,r5,256,512,aligned,ok,0.44140625
trillionlabs/Tri-0.5B-Base,9,0.375,mean,en,ko,r5,256,512,delta,ok,0.048828125
trillionlabs/Tri-0.5B-Base,9,0.375,mean,en,ko,r10,256,512,raw,ok,0.447265625
trillionlabs/Tri-0.5B-Base,9,0.375,mean,en,ko,r10,256,512,aligned,ok,0.458984375
trillionlabs/Tri-0.5B-Base,9,0.375,mean,en,ko,r10,256,512,delta,ok,0.01171875
trillionlabs/Tri-0.5B-Base,9,0.375,mean,en,ko,mrr,256,512,raw,ok,0.34675305225563413
trillionlabs/Tri-0.5B-Base,9,0.375,mean,en,ko,mrr,256,512,aligned,ok,0.421278041865345
trillionlabs/Tri-0.5B-Base,9,0.375,mean,en,ko,mrr,256,512,delta,ok,0.07452498960971088
trillionlabs/Tri-0.5B-Base,9,0.375,mean,ko,en,r1,256,512,raw,ok,0.203125
trillionlabs/Tri-0.5B-Base,9,0.375,mean,ko,en,r1,256,512,aligned,ok,0.185546875
trillionlabs/Tri-0.5B-Base,9,0.375,mean,ko,en,r1,256,512,delta,ok,-0.017578125
trillionlabs/Tri-0.5B-Base,9,0.375,mean,ko,en,r5,256,512,raw,ok,0.27734375
trillionlabs/Tri-0.5B-Base,9,0.375,mean,ko,en,r5,256,512,aligned,ok,0.236328125
trillionlabs/Tri-0.5B-Base,9,0.375,mean,ko,en,r5,256,512,delta,ok,-0.041015625
trillionlabs/Tri-0.5B-Base,9,0.375,mean,ko,en,r10,256,512,raw,ok,0.302734375
trillionlabs/Tri-0.5B-Base,9,0.375,mean,ko,en,r10,256,512,aligned,ok,0.291015625
trillionlabs/Tri-0.5B-Base,9,0.375,mean,ko,en,r10,256,512,delta,ok,-0.01171875
trillionlabs/Tri-0.5B-Base,9,0.375,mean,ko,en,mrr,256,512,raw,ok,0.24352126357078122
trillionlabs/Tri-0.5B-Base,9,0.375,mean,ko,en,mrr,256,512,aligned,ok,0.22002408436641846
trillionlabs/Tri-0.5B-Base,9,0.375,mean,ko,en,mrr,256,512,delta,ok,-0.023497179204362756
trillionlabs/Tri-0.5B-Base,9,0.375,mean,en,ja,r1,256,512,raw,ok,0.33203125
trillionlabs/Tri-0.5B-Base,9,0.375,mean,en,ja,r1,256,512,aligned,ok,0.330078125
trillionlabs/Tri-0.5B-Base,9,0.375,mean,en,ja,r1,256,512,delta,ok,-0.001953125
trillionlabs/Tri-0.5B-Base,9,0.375,mean,en,ja,r5,256,512,raw,ok,0.474609375
trillionlabs/Tri-0.5B-Base,9,0.375,mean,en,ja,r5,256,512,aligned,ok,0.40625
trillionlabs/Tri-0.5B-Base,9,0.375,mean,en,ja,r5,256,512,delta,ok,-0.068359375
trillionlabs/Tri-0.5B-Base,9,0.375,mean,en,ja,r10,256,512,raw,ok,0.51953125
trillionlabs/Tri-0.5B-Base,9,0.375,mean,en,ja,r10,256,512,aligned,ok,0.447265625
trillionlabs/Tri-0.5B-Base,9,0.375,mean,en,ja,r10,256,512,delta,ok,-0.072265625
trillionlabs/Tri-0.5B-Base,9,0.375,mean,en,ja,mrr,256,512,raw,ok,0.4025217906159698
trillionlabs/Tri-0.5B-Base,9,0.375,mean,en,ja,mrr,256,512,aligned,ok,0.3704072870430859
trillionlabs/Tri-0.5B-Base,9,0.375,mean,en,ja,mrr,256,512,delta,ok,-0.03211450357288392
trillionlabs/Tri-0.5B-Base,9,0.375,mean,ja,en,r1,256,512,raw,ok,0.296875
trillionlabs/Tri-0.5B-Base,9,0.375,mean,ja,en,r1,256,512,aligned,ok,0.18359375
trillionlabs/Tri-0.5B-Base,9,0.375,mean,ja,en,r1,256,512,delta,ok,-0.11328125
trillionlabs/Tri-0.5B-Base,9,0.375,mean,ja,en,r5,256,512,raw,ok,0.390625
trillionlabs/Tri-0.5B-Base,9,0.375,mean,ja,en,r5,256,512,aligned,ok,0.2734375
trillionlabs/Tri-0.5B-Base,9,0.375,mean,ja,en,r5,256,512,delta,ok,-0.1171875
trillionlabs/Tri-0.5B-Base,9,0.375,mean,ja,en,r10,256,512,raw,ok,0.423828125
trillionlabs/Tri-0.5B-Base,9,0.375,mean,ja,en,r10,256,512,aligned,ok,0.326171875
trillionlabs/Tri-0.5B-Base,9,0.375,mean,ja,en,r10,256,512,delta,ok,-0.09765625
trillionlabs/Tri-0.5B-Base,9,0.375,mean,ja,en,mrr,256,512,raw,ok,0.3429420007180723
trillionlabs/Tri-0.5B-Base,9,0.375,mean,ja,en,mrr,256,512,aligned,ok,0.23266996475405605
trillionlabs/Tri-0.5B-Base,9,0.375,mean,ja,en,mrr,256,512,delta,ok,-0.11027203596401625
trillionlabs/Tri-0.5B-Base,9,0.375,mean,en,zh,r1,256,512,raw,ok,0.2421875
trillionlabs/Tri-0.5B-Base,9,0.375,mean,en,zh,r1,256,512,aligned,ok,0.34765625
trillionlabs/Tri-0.5B-Base,9,0.375,mean,en,zh,r1,256,512,delta,ok,0.10546875
trillionlabs/Tri-0.5B-Base,9,0.375,mean,en,zh,r5,256,512,raw,ok,0.38671875
trillionlabs/Tri-0.5B-Base,9,0.375,mean,en,zh,r5,256,512,aligned,ok,0.443359375
trillionlabs/Tri-0.5B-Base,9,0.375,mean,en,zh,r5,256,512,delta,ok,0.056640625
trillionlabs/Tri-0.5B-Base,9,0.375,mean,en,zh,r10,256,512,raw,ok,0.44921875
trillionlabs/Tri-0.5B-Base,9,0.375,mean,en,zh,r10,256,512,aligned,ok,0.466796875
trillionlabs/Tri-0.5B-Base,9,0.375,mean,en,zh,r10,256,512,delta,ok,0.017578125
trillionlabs/Tri-0.5B-Base,9,0.375,mean,en,zh,mrr,256,512,raw,ok,0.3168278003900929
trillionlabs/Tri-0.5B-Base,9,0.375,mean,en,zh,mrr,256,512,aligned,ok,0.3960774341106529
trillionlabs/Tri-0.5B-Base,9,0.375,mean,en,zh,mrr,256,512,delta,ok,0.07924963372055999
trillionlabs/Tri-0.5B-Base,9,0.375,mean,zh,en,r1,256,512,raw,ok,0.259765625
trillionlabs/Tri-0.5B-Base,9,0.375,mean,zh,en,r1,256,512,aligned,ok,0.19140625
trillionlabs/Tri-0.5B-Base,9,0.375,mean,zh,en,r1,256,512,delta,ok,-0.068359375
trillionlabs/Tri-0.5B-Base,9,0.375,mean,zh,en,r5,256,512,raw,ok,0.349609375
trillionlabs/Tri-0.5B-Base,9,0.375,mean,zh,en,r5,256,512,aligned,ok,0.275390625
trillionlabs/Tri-0.5B-Base,9,0.375,mean,zh,en,r5,256,512,delta,ok,-0.07421875
trillionlabs/Tri-0.5B-Base,9,0.375,mean,zh,en,r10,256,512,raw,ok,0.390625
trillionlabs/Tri-0.5B-Base,9,0.375,mean,zh,en,r10,256,512,aligned,ok,0.314453125
trillionlabs/Tri-0.5B-Base,9,0.375,mean,zh,en,r10,256,512,delta,ok,-0.076171875
trillionlabs/Tri-0.5B-Base,9,0.375,mean,zh,en,mrr,256,512,raw,ok,0.30845365099687005
trillionlabs/Tri-0.5B-Base,9,0.375,mean,zh,en,mrr,256,512,aligned,ok,0.2364772360280575
trillionlabs/Tri-0.5B-Base,9,0.375,mean,zh,en,mrr,256,512,delta,ok,-0.07197641496881255
trillionlabs/Tri-0.5B-Base,9,0.375,mean,ko,ja,r1,256,512,raw,ok,0.302734375
trillionlabs/Tri-0.5B-Base,9,0.375,mean,ko,ja,r1,256,512,aligned,ok,0.255859375
trillionlabs/Tri-0.5B-Base,9,0.375,mean,ko,ja,r1,256,512,delta,ok,-0.046875
trillionlabs/Tri-0.5B-Base,9,0.375,mean,ko,ja,r5,256,512,raw,ok,0.42578125
trillionlabs/Tri-0.5B-Base,9,0.375,mean,ko,ja,r5,256,512,aligned,ok,0.337890625
trillionlabs/Tri-0.5B-Base,9,0.375,mean,ko,ja,r5,256,512,delta,ok,-0.087890625
trillionlabs/Tri-0.5B-Base,9,0.375,mean,ko,ja,r10,256,512,raw,ok,0.470703125
trillionlabs/Tri-0.5B-Base,9,0.375,mean,ko,ja,r10,256,512,aligned,ok,0.380859375
trillionlabs/Tri-0.5B-Base,9,0.375,mean,ko,ja,r10,256,512,delta,ok,-0.08984375
trillionlabs/Tri-0.5B-Base,9,0.375,mean,ko,ja,mrr,256,512,raw,ok,0.3631648748284412
trillionlabs/Tri-0.5B-Base,9,0.375,mean,ko,ja,mrr,256,512,aligned,ok,0.3038545272372535
trillionlabs/Tri-0.5B-Base,9,0.375,mean,ko,ja,mrr,256,512,delta,ok,-0.059310347591187695
trillionlabs/Tri-0.5B-Base,9,0.375,mean,ja,ko,r1,256,512,raw,ok,0.421875
trillionlabs/Tri-0.5B-Base,9,0.375,mean,ja,ko,r1,256,512,aligned,ok,0.302734375
trillionlabs/Tri-0.5B-Base,9,0.375,mean,ja,ko,r1,256,512,delta,ok,-0.119140625
trillionlabs/Tri-0.5B-Base,9,0.375,mean,ja,ko,r5,256,512,raw,ok,0.58203125
trillionlabs/Tri-0.5B-Base,9,0.375,mean,ja,ko,r5,256,512,aligned,ok,0.390625
trillionlabs/Tri-0.5B-Base,9,0.375,mean,ja,ko,r5,256,512,delta,ok,-0.19140625
trillionlabs/Tri-0.5B-Base,9,0.375,mean,ja,ko,r10,256,512,raw,ok,0.650390625
trillionlabs/Tri-0.5B-Base,9,0.375,mean,ja,ko,r10,256,512,aligned,ok,0.419921875
trillionlabs/Tri-0.5B-Base,9,0.375,mean,ja,ko,r10,256,512,delta,ok,-0.23046875
trillionlabs/Tri-0.5B-Base,9,0.375,mean,ja,ko,mrr,256,512,raw,ok,0.4998758202480809
trillionlabs/Tri-0.5B-Base,9,0.375,mean,ja,ko,mrr,256,512,aligned,ok,0.3489745335803677
trillionlabs/Tri-0.5B-Base,9,0.375,mean,ja,ko,mrr,256,512,delta,ok,-0.15090128666771324
trillionlabs/Tri-0.5B-Base,9,0.375,mean,ko,zh,r1,256,512,raw,ok,0.181640625
trillionlabs/Tri-0.5B-Base,9,0.375,mean,ko,zh,r1,256,512,aligned,ok,0.24609375
trillionlabs/Tri-0.5B-Base,9,0.375,mean,ko,zh,r1,256,512,delta,ok,0.064453125
trillionlabs/Tri-0.5B-Base,9,0.375,mean,ko,zh,r5,256,512,raw,ok,0.28515625
trillionlabs/Tri-0.5B-Base,9,0.375,mean,ko,zh,r5,256,512,aligned,ok,0.314453125
trillionlabs/Tri-0.5B-Base,9,0.375,mean,ko,zh,r5,256,512,delta,ok,0.029296875
trillionlabs/Tri-0.5B-Base,9,0.375,mean,ko,zh,r10,256,512,raw,ok,0.36328125
trillionlabs/Tri-0.5B-Base,9,0.375,mean,ko,zh,r10,256,512,aligned,ok,0.345703125
trillionlabs/Tri-0.5B-Base,9,0.375,mean,ko,zh,r10,256,512,delta,ok,-0.017578125
trillionlabs/Tri-0.5B-Base,9,0.375,mean,ko,zh,mrr,256,512,raw,ok,0.23828705034379355
trillionlabs/Tri-0.5B-Base,9,0.375,mean,ko,zh,mrr,256,512,aligned,ok,0.28443335306986095
trillionlabs/Tri-0.5B-Base,9,0.375,mean,ko,zh,mrr,256,512,delta,ok,0.0461463027260674
trillionlabs/Tri-0.5B-Base,9,0.375,mean,zh,ko,r1,256,512,raw,ok,0.37109375
trillionlabs/Tri-0.5B-Base,9,0.375,mean,zh,ko,r1,256,512,aligned,ok,0.259765625
trillionlabs/Tri-0.5B-Base,9,0.375,mean,zh,ko,r1,256,512,delta,ok,-0.111328125
trillionlabs/Tri-0.5B-Base,9,0.375,mean,zh,ko,r5,256,512,raw,ok,0.525390625
trillionlabs/Tri-0.5B-Base,9,0.375,mean,zh,ko,r5,256,512,aligned,ok,0.349609375
trillionlabs/Tri-0.5B-Base,9,0.375,mean,zh,ko,r5,256,512,delta,ok,-0.17578125
trillionlabs/Tri-0.5B-Base,9,0.375,mean,zh,ko,r10,256,512,raw,ok,0.59765625
trillionlabs/Tri-0.5B-Base,9,0.375,mean,zh,ko,r10,256,512,aligned,ok,0.3828125
trillionlabs/Tri-0.5B-Base,9,0.375,mean,zh,ko,r10,256,512,delta,ok,-0.21484375
trillionlabs/Tri-0.5B-Base,9,0.375,mean,zh,ko,mrr,256,512,raw,ok,0.44531330445625
trillionlabs/Tri-0.5B-Base,9,0.375,mean,zh,ko,mrr,256,512,aligned,ok,0.3078869049644548
trillionlabs/Tri-0.5B-Base,9,0.375,mean,zh,ko,mrr,256,512,delta,ok,-0.1374263994917952
trillionlabs/Tri-0.5B-Base,9,0.375,mean,ja,zh,r1,256,512,raw,ok,0.494140625
trillionlabs/Tri-0.5B-Base,9,0.375,mean,ja,zh,r1,256,512,aligned,ok,0.255859375
trillionlabs/Tri-0.5B-Base,9,0.375,mean,ja,zh,r1,256,512,delta,ok,-0.23828125
trillionlabs/Tri-0.5B-Base,9,0.375,mean,ja,zh,r5,256,512,raw,ok,0.6015625
trillionlabs/Tri-0.5B-Base,9,0.375,mean,ja,zh,r5,256,512,aligned,ok,0.345703125
trillionlabs/Tri-0.5B-Base,9,0.375,mean,ja,zh,r5,256,512,delta,ok,-0.255859375
trillionlabs/Tri-0.5B-Base,9,0.375,mean,ja,zh,r10,256,512,raw,ok,0.66015625
trillionlabs/Tri-0.5B-Base,9,0.375,mean,ja,zh,r10,256,512,aligned,ok,0.384765625
trillionlabs/Tri-0.5B-Base,9,0.375,mean,ja,zh,r10,256,512,delta,ok,-0.275390625
trillionlabs/Tri-0.5B-Base,9,0.375,mean,ja,zh,mrr,256,512,raw,ok,0.552516828201091
trillionlabs/Tri-0.5B-Base,9,0.375,mean,ja,zh,mrr,256,512,aligned,ok,0.3069046999260072
trillionlabs/Tri-0.5B-Base,9,0.375,mean,ja,zh,mrr,256,512,delta,ok,-0.24561212827508383
trillionlabs/Tri-0.5B-Base,9,0.375,mean,zh,ja,r1,256,512,raw,ok,0.51171875
trillionlabs/Tri-0.5B-Base,9,0.375,mean,zh,ja,r1,256,512,aligned,ok,0.25390625
trillionlabs/Tri-0.5B-Base,9,0.375,mean,zh,ja,r1,256,512,delta,ok,-0.2578125
trillionlabs/Tri-0.5B-Base,9,0.375,mean,zh,ja,r5,256,512,raw,ok,0.642578125
trillionlabs/Tri-0.5B-Base,9,0.375,mean,zh,ja,r5,256,512,aligned,ok,0.361328125
trillionlabs/Tri-0.5B-Base,9,0.375,mean,zh,ja,r5,256,512,delta,ok,-0.28125
trillionlabs/Tri-0.5B-Base,9,0.375,mean,zh,ja,r10,256,512,raw,ok,0.67578125
trillionlabs/Tri-0.5B-Base,9,0.375,mean,zh,ja,r10,256,512,aligned,ok,0.412109375
trillionlabs/Tri-0.5B-Base,9,0.375,mean,zh,ja,r10,256,512,delta,ok,-0.263671875
trillionlabs/Tri-0.5B-Base,9,0.375,mean,zh,ja,mrr,256,512,raw,ok,0.5702167261848461
trillionlabs/Tri-0.5B-Base,9,0.375,mean,zh,ja,mrr,256,512,aligned,ok,0.30819439989414016
trillionlabs/Tri-0.5B-Base,9,0.375,mean,zh,ja,mrr,256,512,delta,ok,-0.26202232629070593
trillionlabs/Tri-0.5B-Base,10,0.4166666666666667,mean,en,ko,r1,256,512,raw,ok,0.326171875
trillionlabs/Tri-0.5B-Base,10,0.4166666666666667,mean,en,ko,r1,256,512,aligned,ok,0.3984375
trillionlabs/Tri-0.5B-Base,10,0.4166666666666667,mean,en,ko,r1,256,512,delta,ok,0.072265625
trillionlabs/Tri-0.5B-Base,10,0.4166666666666667,mean,en,ko,r5,256,512,raw,ok,0.419921875
trillionlabs/Tri-0.5B-Base,10,0.4166666666666667,mean,en,ko,r5,256,512,aligned,ok,0.455078125
trillionlabs/Tri-0.5B-Base,10,0.4166666666666667,mean,en,ko,r5,256,512,delta,ok,0.03515625
trillionlabs/Tri-0.5B-Base,10,0.4166666666666667,mean,en,ko,r10,256,512,raw,ok,0.470703125
trillionlabs/Tri-0.5B-Base,10,0.4166666666666667,mean,en,ko,r10,256,512,aligned,ok,0.470703125
trillionlabs/Tri-0.5B-Base,10,0.4166666666666667,mean,en,ko,r10,256,512,delta,ok,0.0
trillionlabs/Tri-0.5B-Base,10,0.4166666666666667,mean,en,ko,mrr,256,512,raw,ok,0.37514619339742006
trillionlabs/Tri-0.5B-Base,10,0.4166666666666667,mean,en,ko,mrr,256,512,aligned,ok,0.42958210960249943
trillionlabs/Tri-0.5B-Base,10,0.4166666666666667,mean,en,ko,mrr,256,512,delta,ok,0.05443591620507937
trillionlabs/Tri-0.5B-Base,10,0.4166666666666667,mean,ko,en,r1,256,512,raw,ok,0.22265625
trillionlabs/Tri-0.5B-Base,10,0.4166666666666667,mean,ko,en,r1,256,512,aligned,ok,0.19140625
trillionlabs/Tri-0.5B-Base,10,0.4166666666666667,mean,ko,en,r1,256,512,delta,ok,-0.03125
trillionlabs/Tri-0.5B-Base,10,0.4166666666666667,mean,ko,en,r5,256,512,raw,ok,0.291015625
trillionlabs/Tri-0.5B-Base,10,0.4166666666666667,mean,ko,en,r5,256,512,aligned,ok,0.24609375
trillionlabs/Tri-0.5B-Base,10,0.4166666666666667,mean,ko,en,r5,256,512,delta,ok,-0.044921875
trillionlabs/Tri-0.5B-Base,10,0.4166666666666667,mean,ko,en,r10,256,512,raw,ok,0.31640625
trillionlabs/Tri-0.5B-Base,10,0.4166666666666667,mean,ko,en,r10,256,512,aligned,ok,0.302734375
trillionlabs/Tri-0.5B-Base,10,0.4166666666666667,mean,ko,en,r10,256,512,delta,ok,-0.013671875
trillionlabs/Tri-0.5B-Base,10,0.4166666666666667,mean,ko,en,mrr,256,512,raw,ok,0.2587873051836651
trillionlabs/Tri-0.5B-Base,10,0.4166666666666667,mean,ko,en,mrr,256,512,aligned,ok,0.22611067053909728
trillionlabs/Tri-0.5B-Base,10,0.4166666666666667,mean,ko,en,mrr,256,512,delta,ok,-0.032676634644567826
trillionlabs/Tri-0.5B-Base,10,0.4166666666666667,mean,en,ja,r1,256,512,raw,ok,0.3671875
trillionlabs/Tri-0.5B-Base,10,0.4166666666666667,mean,en,ja,r1,256,512,aligned,ok,0.33203125
trillionlabs/Tri-0.5B-Base,10,0.4166666666666667,mean,en,ja,r1,256,512,delta,ok,-0.03515625
trillionlabs/Tri-0.5B-Base,10,0.4166666666666667,mean,en,ja,r5,256,512,raw,ok,0.5078125
trillionlabs/Tri-0.5B-Base,10,0.4166666666666667,mean,en,ja,r5,256,512,aligned,ok,0.41796875
trillionlabs/Tri-0.5B-Base,10,0.4166666666666667,mean,en,ja,r5,256,512,delta,ok,-0.08984375
trillionlabs/Tri-0.5B-Base,10,0.4166666666666667,mean,en,ja,r10,256,512,raw,ok,0.552734375
trillionlabs/Tri-0.5B-Base,10,0.4166666666666667,mean,en,ja,r10,256,512,aligned,ok,0.45703125
trillionlabs/Tri-0.5B-Base,10,0.4166666666666667,mean,en,ja,r10,256,512,delta,ok,-0.095703125
trillionlabs/Tri-0.5B-Base,10,0.4166666666666667,mean,en,ja,mrr,256,512,raw,ok,0.43604108423289484
trillionlabs/Tri-0.5B-Base,10,0.4166666666666667,mean,en,ja,mrr,256,512,aligned,ok,0.3753784450494616
trillionlabs/Tri-0.5B-Base,10,0.4166666666666667,mean,en,ja,mrr,256,512,delta,ok,-0.06066263918343323
trillionlabs/Tri-0.5B-Base,10,0.4166666666666667,mean,ja,en,r1,256,512,raw,ok,0.302734375
trillionlabs/Tri-0.5B-Base,10,0.4166666666666667,mean,ja,en,r1,256,512,aligned,ok,0.18359375
trillionlabs/Tri-0.5B-Base,10,0.4166666666666667,mean,ja,en,r1,256,512,delta,ok,-0.119140625
trillionlabs/Tri-0.5B-Base,10,0.4166666666666667,mean,ja,en,r5,256,512,raw,ok,0.408203125
trillionlabs/Tri-0.5B-Base,10,0.4166666666666667,mean,ja,en,r5,256,512,aligned,ok,0.283203125
trillionlabs/Tri-0.5B-Base,10,0.4166666666666667,mean,ja,en,r5,256,512,delta,ok,-0.125
trillionlabs/Tri-0.5B-Base,10,0.4166666666666667,mean,ja,en,r10,256,512,raw,ok,0.44140625
trillionlabs/Tri-0.5B-Base,10,0.4166666666666667,mean,ja,en,r10,256,512,aligned,ok,0.3359375
trillionlabs/Tri-0.5B-Base,10,0.4166666666666667,mean,ja,en,r10,256,512,delta,ok,-0.10546875
trillionlabs/Tri-0.5B-Base,10,0.4166666666666667,mean,ja,en,mrr,256,512,raw,ok,0.3568183306500462
trillionlabs/Tri-0.5B-Base,10,0.4166666666666667,mean,ja,en,mrr,256,512,aligned,ok,0.23490138546020722
trillionlabs/Tri-0.5B-Base,10,0.4166666666666667,mean,ja,en,mrr,256,512,delta,ok,-0.12191694518983898
trillionlabs/Tri-0.5B-Base,10,0.4166666666666667,mean,en,zh,r1,256,512,raw,ok,0.27734375
trillionlabs/Tri-0.5B-Base,10,0.4166666666666667,mean,en,zh,r1,256,512,aligned,ok,0.373046875
trillionlabs/Tri-0.5B-Base,10,0.4166666666666667,mean,en,zh,r1,256,512,delta,ok,0.095703125
trillionlabs/Tri-0.5B-Base,10,0.4166666666666667,mean,en,zh,r5,256,512,raw,ok,0.421875
trillionlabs/Tri-0.5B-Base,10,0.4166666666666667,mean,en,zh,r5,256,512,aligned,ok,0.458984375
trillionlabs/Tri-0.5B-Base,10,0.4166666666666667,mean,en,zh,r5,256,512,delta,ok,0.037109375
trillionlabs/Tri-0.5B-Base,10,0.4166666666666667,mean,en,zh,r10,256,512,raw,ok,0.484375
trillionlabs/Tri-0.5B-Base,10,0.4166666666666667,mean,en,zh,r10,256,512,aligned,ok,0.48046875
trillionlabs/Tri-0.5B-Base,10,0.4166666666666667,mean,en,zh,r10,256,512,delta,ok,-0.00390625
trillionlabs/Tri-0.5B-Base,10,0.4166666666666667,mean,en,zh,mrr,256,512,raw,ok,0.3541271640088572
trillionlabs/Tri-0.5B-Base,10,0.4166666666666667,mean,en,zh,mrr,256,512,aligned,ok,0.4163153089781554
trillionlabs/Tri-0.5B-Base,10,0.4166666666666667,mean,en,zh,mrr,256,512,delta,ok,0.0621881449692982
trillionlabs/Tri-0.5B-Base,10,0.4166666666666667,mean,zh,en,r1,256,512,raw,ok,0.275390625
trillionlabs/Tri-0.5B-Base,10,0.4166666666666667,mean,zh,en,r1,256,512,aligned,ok,0.19921875
trillionlabs/Tri-0.5B-Base,10,0.4166666666666667,mean,zh,en,r1,256,512,delta,ok,-0.076171875
trillionlabs/Tri-0.5B-Base,10,0.4166666666666667,mean,zh,en,r5,256,512,raw,ok,0.3671875
trillionlabs/Tri-0.5B-Base,10,0.4166666666666667,mean,zh,en,r5,256,512,aligned,ok,0.2734375
trillionlabs/Tri-0.5B-Base,10,0.4166666666666667,mean,zh,en,r5,256,512,delta,ok,-0.09375
trillionlabs/Tri-0.5B-Base,10,0.4166666666666667,mean,zh,en,r10,256,512,raw,ok,0.419921875
trillionlabs/Tri-0.5B-Base,10,0.4166666666666667,mean,zh,en,r10,256,512,aligned,ok,0.314453125
trillionlabs/Tri-0.5B-Base,10,0.4166666666666667,mean,zh,en,r10,256,512,delta,ok,-0.10546875
trillionlabs/Tri-0.5B-Base,10,0.4166666666666667,mean,zh,en,mrr,256,512,raw,ok,0.3266272643159984
trillionlabs/Tri-0.5B-Base,10,0.4166666666666667,mean,zh,en,mrr,256,512,aligned,ok,0.24022925296908115
trillionlabs/Tri-0.5B-Base,10,0.4166666666666667,mean,zh,en,mrr,256,512,delta,ok,-0.08639801134691727
trillionlabs/Tri-0.5B-Base,10,0.4166666666666667,mean,ko,ja,r1,256,512,raw,ok,0.32421875
trillionlabs/Tri-0.5B-Base,10,0.4166666666666667,mean,ko,ja,r1,256,512,aligned,ok,0.263671875
trillionlabs/Tri-0.5B-Base,10,0.4166666666666667,mean,ko,ja,r1,256,512,delta,ok,-0.060546875
trillionlabs/Tri-0.5B-Base,10,0.4166666666666667,mean,ko,ja,r5,256,512,raw,ok,0.443359375
trillionlabs/Tri-0.5B-Base,10,0.4166666666666667,mean,ko,ja,r5,256,512,aligned,ok,0.34375
trillionlabs/Tri-0.5B-Base,10,0.4166666666666667,mean,ko,ja,r5,256,512,delta,ok,-0.099609375
trillionlabs/Tri-0.5B-Base,10,0.4166666666666667,mean,ko,ja,r10,256,512,raw,ok,0.482421875
trillionlabs/Tri-0.5B-Base,10,0.4166666666666667,mean,ko,ja,r10,256,512,aligned,ok,0.3984375
trillionlabs/Tri-0.5B-Base,10,0.4166666666666667,mean,ko,ja,r10,256,512,delta,ok,-0.083984375
trillionlabs/Tri-0.5B-Base,10,0.4166666666666667,mean,ko,ja,mrr,256,512,raw,ok,0.38482603053965936
trillionlabs/Tri-0.5B-Base,10,0.4166666666666667,mean,ko,ja,mrr,256,512,aligned,ok,0.3115081442527368
trillionlabs/Tri-0.5B-Base,10,0.4166666666666667,mean,ko,ja,mrr,256,512,delta,ok,-0.07331788628692254
trillionlabs/Tri-0.5B-Base,10,0.4166666666666667,mean,ja,ko,r1,256,512,raw,ok,0.453125
trillionlabs/Tri-0.5B-Base,10,0.4166666666666667,mean,ja,ko,r1,256,512,aligned,ok,0.3203125
trillionlabs/Tri-0.5B-Base,10,0.4166666666666667,mean,ja,ko,r1,256,512,delta,ok,-0.1328125
trillionlabs/Tri-0.5B-Base,10,0.4166666666666667,mean,ja,ko,r5,256,512,raw,ok,0.615234375
trillionlabs/Tri-0.5B-Base,10,0.4166666666666667,mean,ja,ko,r5,256,512,aligned,ok,0.39453125
trillionlabs/Tri-0.5B-Base,10,0.4166666666666667,mean,ja,ko,r5,256,512,delta,ok,-0.220703125
trillionlabs/Tri-0.5B-Base,10,0.4166666666666667,mean,ja,ko,r10,256,512,raw,ok,0.67578125
trillionlabs/Tri-0.5B-Base,10,0.4166666666666667,mean,ja,ko,r10,256,512,aligned,ok,0.431640625
trillionlabs/Tri-0.5B-Base,10,0.4166666666666667,mean,ja,ko,r10,256,512,delta,ok,-0.244140625
trillionlabs/Tri-0.5B-Base,10,0.4166666666666667,mean,ja,ko,mrr,256,512,raw,ok,0.5284288147650458
trillionlabs/Tri-0.5B-Base,10,0.4166666666666667,mean,ja,ko,mrr,256,512,aligned,ok,0.36310431078217253
trillionlabs/Tri-0.5B-Base,10,0.4166666666666667,mean,ja,ko,mrr,256,512,delta,ok,-0.16532450398287324
trillionlabs/Tri-0.5B-Base,10,0.4166666666666667,mean,ko,zh,r1,256,512,raw,ok,0.201171875
trillionlabs/Tri-0.5B-Base,10,0.4166666666666667,mean,ko,zh,r1,256,512,aligned,ok,0.2578125
trillionlabs/Tri-0.5B-Base,10,0.4166666666666667,mean,ko,zh,r1,256,512,delta,ok,0.056640625
trillionlabs/Tri-0.5B-Base,10,0.4166666666666667,mean,ko,zh,r5,256,512,raw,ok,0.3203125
trillionlabs/Tri-0.5B-Base,10,0.4166666666666667,mean,ko,zh,r5,256,512,aligned,ok,0.328125
trillionlabs/Tri-0.5B-Base,10,0.4166666666666667,mean,ko,zh,r5,256,512,delta,ok,0.0078125
trillionlabs/Tri-0.5B-Base,10,0.4166666666666667,mean,ko,zh,r10,256,512,raw,ok,0.375
trillionlabs/Tri-0.5B-Base,10,0.4166666666666667,mean,ko,zh,r10,256,512,aligned,ok,0.359375
trillionlabs/Tri-0.5B-Base,10,0.4166666666666667,mean,ko,zh,r10,256,512,delta,ok,-0.015625
trillionlabs/Tri-0.5B-Base,10,0.4166666666666667,mean,ko,zh,mrr,256,512,raw,ok,0.2613736074329394
trillionlabs/Tri-0.5B-Base,10,0.4166666666666667,mean,ko,zh,mrr,256,512,aligned,ok,0.29731577705836676
trillionlabs/Tri-0.5B-Base,10,0.4166666666666667,mean,ko,zh,mrr,256,512,delta,ok,0.035942169625427345
trillionlabs/Tri-0.5B-Base,10,0.4166666666666667,mean,zh,ko,r1,256,512,raw,ok,0.3828125
trillionlabs/Tri-0.5B-Base,10,0.4166666666666667,mean,zh,ko,r1,256,512,aligned,ok,0.265625
trillionlabs/Tri-0.5B-Base,10,0.4166666666666667,mean,zh,ko,r1,256,512,delta,ok,-0.1171875
trillionlabs/Tri-0.5B-Base,10,0.4166666666666667,mean,zh,ko,r5,256,512,raw,ok,0.548828125
trillionlabs/Tri-0.5B-Base,10,0.4166666666666667,mean,zh,ko,r5,256,512,aligned,ok,0.36328125
trillionlabs/Tri-0.5B-Base,10,0.4166666666666667,mean,zh,ko,r5,256,512,delta,ok,-0.185546875
trillionlabs/Tri-0.5B-Base,10,0.4166666666666667,mean,zh,ko,r10,256,512,raw,ok,0.611328125
trillionlabs/Tri-0.5B-Base,10,0.4166666666666667,mean,zh,ko,r10,256,512,aligned,ok,0.392578125
trillionlabs/Tri-0.5B-Base,10,0.4166666666666667,mean,zh,ko,r10,256,512,delta,ok,-0.21875
trillionlabs/Tri-0.5B-Base,10,0.4166666666666667,mean,zh,ko,mrr,256,512,raw,ok,0.46452499516473156
trillionlabs/Tri-0.5B-Base,10,0.4166666666666667,mean,zh,ko,mrr,256,512,aligned,ok,0.3144914911906761
trillionlabs/Tri-0.5B-Base,10,0.4166666666666667,mean,zh,ko,mrr,256,512,delta,ok,-0.15003350397405546
trillionlabs/Tri-0.5B-Base,10,0.4166666666666667,mean,ja,zh,r1,256,512,raw,ok,0.517578125
trillionlabs/Tri-0.5B-Base,10,0.4166666666666667,mean,ja,zh,r1,256,512,aligned,ok,0.26953125
trillionlabs/Tri-0.5B-Base,10,0.4166666666666667,mean,ja,zh,r1,256,512,delta,ok,-0.248046875
trillionlabs/Tri-0.5B-Base,10,0.4166666666666667,mean,ja,zh,r5,256,512,raw,ok,0.619140625
trillionlabs/Tri-0.5B-Base,10,0.4166666666666667,mean,ja,zh,r5,256,512,aligned,ok,0.357421875
trillionlabs/Tri-0.5B-Base,10,0.4166666666666667,mean,ja,zh,r5,256,512,delta,ok,-0.26171875
trillionlabs/Tri-0.5B-Base,10,0.4166666666666667,mean,ja,zh,r10,256,512,raw,ok,0.6796875
trillionlabs/Tri-0.5B-Base,10,0.4166666666666667,mean,ja,zh,r10,256,512,aligned,ok,0.390625
trillionlabs/Tri-0.5B-Base,10,0.4166666666666667,mean,ja,zh,r10,256,512,delta,ok,-0.2890625
trillionlabs/Tri-0.5B-Base,10,0.4166666666666667,mean,ja,zh,mrr,256,512,raw,ok,0.5732016964973838
trillionlabs/Tri-0.5B-Base,10,0.4166666666666667,mean,ja,zh,mrr,256,512,aligned,ok,0.3151634567846383
trillionlabs/Tri-0.5B-Base,10,0.4166666666666667,mean,ja,zh,mrr,256,512,delta,ok,-0.25803823971274553
trillionlabs/Tri-0.5B-Base,10,0.4166666666666667,mean,zh,ja,r1,256,512,raw,ok,0.541015625
trillionlabs/Tri-0.5B-Base,10,0.4166666666666667,mean,zh,ja,r1,256,512,aligned,ok,0.275390625
trillionlabs/Tri-0.5B-Base,10,0.4166666666666667,mean,zh,ja,r1,256,512,delta,ok,-0.265625
trillionlabs/Tri-0.5B-Base,10,0.4166666666666667,mean,zh,ja,r5,256,512,raw,ok,0.646484375
trillionlabs/Tri-0.5B-Base,10,0.4166666666666667,mean,zh,ja,r5,256,512,aligned,ok,0.3671875
trillionlabs/Tri-0.5B-Base,10,0.4166666666666667,mean,zh,ja,r5,256,512,delta,ok,-0.279296875
trillionlabs/Tri-0.5B-Base,10,0.4166666666666667,mean,zh,ja,r10,256,512,raw,ok,0.689453125
trillionlabs/Tri-0.5B-Base,10,0.4166666666666667,mean,zh,ja,r10,256,512,aligned,ok,0.412109375
trillionlabs/Tri-0.5B-Base,10,0.4166666666666667,mean,zh,ja,r10,256,512,delta,ok,-0.27734375
trillionlabs/Tri-0.5B-Base,10,0.4166666666666667,mean,zh,ja,mrr,256,512,raw,ok,0.5946229710607137
trillionlabs/Tri-0.5B-Base,10,0.4166666666666667,mean,zh,ja,mrr,256,512,aligned,ok,0.32555778748759867
trillionlabs/Tri-0.5B-Base,10,0.4166666666666667,mean,zh,ja,mrr,256,512,delta,ok,-0.26906518357311504
trillionlabs/Tri-0.5B-Base,11,0.4583333333333333,mean,en,ko,r1,256,512,raw,ok,0.341796875
trillionlabs/Tri-0.5B-Base,11,0.4583333333333333,mean,en,ko,r1,256,512,aligned,ok,0.396484375
trillionlabs/Tri-0.5B-Base,11,0.4583333333333333,mean,en,ko,r1,256,512,delta,ok,0.0546875
trillionlabs/Tri-0.5B-Base,11,0.4583333333333333,mean,en,ko,r5,256,512,raw,ok,0.439453125
trillionlabs/Tri-0.5B-Base,11,0.4583333333333333,mean,en,ko,r5,256,512,aligned,ok,0.462890625
trillionlabs/Tri-0.5B-Base,11,0.4583333333333333,mean,en,ko,r5,256,512,delta,ok,0.0234375
trillionlabs/Tri-0.5B-Base,11,0.4583333333333333,mean,en,ko,r10,256,512,raw,ok,0.49609375
trillionlabs/Tri-0.5B-Base,11,0.4583333333333333,mean,en,ko,r10,256,512,aligned,ok,0.478515625
trillionlabs/Tri-0.5B-Base,11,0.4583333333333333,mean,en,ko,r10,256,512,delta,ok,-0.017578125
trillionlabs/Tri-0.5B-Base,11,0.4583333333333333,mean,en,ko,mrr,256,512,raw,ok,0.39274695208223587
trillionlabs/Tri-0.5B-Base,11,0.4583333333333333,mean,en,ko,mrr,256,512,aligned,ok,0.43043458024386605
trillionlabs/Tri-0.5B-Base,11,0.4583333333333333,mean,en,ko,mrr,256,512,delta,ok,0.03768762816163018
trillionlabs/Tri-0.5B-Base,11,0.4583333333333333,mean,ko,en,r1,256,512,raw,ok,0.228515625
trillionlabs/Tri-0.5B-Base,11,0.4583333333333333,mean,ko,en,r1,256,512,aligned,ok,0.185546875
trillionlabs/Tri-0.5B-Base,11,0.4583333333333333,mean,ko,en,r1,256,512,delta,ok,-0.04296875
trillionlabs/Tri-0.5B-Base,11,0.4583333333333333,mean,ko,en,r5,256,512,raw,ok,0.287109375
trillionlabs/Tri-0.5B-Base,11,0.4583333333333333,mean,ko,en,r5,256,512,aligned,ok,0.24609375
trillionlabs/Tri-0.5B-Base,11,0.4583333333333333,mean,ko,en,r5,256,512,delta,ok,-0.041015625
trillionlabs/Tri-0.5B-Base,11,0.4583333333333333,mean,ko,en,r10,256,512,raw,ok,0.318359375
trillionlabs/Tri-0.5B-Base,11,0.4583333333333333,mean,ko,en,r10,256,512,aligned,ok,0.310546875
trillionlabs/Tri-0.5B-Base,11,0.4583333333333333,mean,ko,en,r10,256,512,delta,ok,-0.0078125
trillionlabs/Tri-0.5B-Base,11,0.4583333333333333,mean,ko,en,mrr,256,512,raw,ok,0.2625980856125148
trillionlabs/Tri-0.5B-Base,11,0.4583333333333333,mean,ko,en,mrr,256,512,aligned,ok,0.22304732668003804
trillionlabs/Tri-0.5B-Base,11,0.4583333333333333,mean,ko,en,mrr,256,512,delta,ok,-0.039550758932476754
trillionlabs/Tri-0.5B-Base,11,0.4583333333333333,mean,en,ja,r1,256,512,raw,ok,0.376953125
trillionlabs/Tri-0.5B-Base,11,0.4583333333333333,mean,en,ja,r1,256,512,aligned,ok,0.33984375
trillionlabs/Tri-0.5B-Base,11,0.4583333333333333,mean,en,ja,r1,256,512,delta,ok,-0.037109375
trillionlabs/Tri-0.5B-Base,11,0.4583333333333333,mean,en,ja,r5,256,512,raw,ok,0.515625
trillionlabs/Tri-0.5B-Base,11,0.4583333333333333,mean,en,ja,r5,256,512,aligned,ok,0.439453125
trillionlabs/Tri-0.5B-Base,11,0.4583333333333333,mean,en,ja,r5,256,512,delta,ok,-0.076171875
trillionlabs/Tri-0.5B-Base,11,0.4583333333333333,mean,en,ja,r10,256,512,raw,ok,0.552734375
trillionlabs/Tri-0.5B-Base,11,0.4583333333333333,mean,en,ja,r10,256,512,aligned,ok,0.46484375
trillionlabs/Tri-0.5B-Base,11,0.4583333333333333,mean,en,ja,r10,256,512,delta,ok,-0.087890625
trillionlabs/Tri-0.5B-Base,11,0.4583333333333333,mean,en,ja,mrr,256,512,raw,ok,0.4460645095696051
trillionlabs/Tri-0.5B-Base,11,0.4583333333333333,mean,en,ja,mrr,256,512,aligned,ok,0.3848873404843585
trillionlabs/Tri-0.5B-Base,11,0.4583333333333333,mean,en,ja,mrr,256,512,delta,ok,-0.06117716908524656
trillionlabs/Tri-0.5B-Base,11,0.4583333333333333,mean,ja,en,r1,256,512,raw,ok,0.314453125
trillionlabs/Tri-0.5B-Base,11,0.4583333333333333,mean,ja,en,r1,256,512,aligned,ok,0.19140625
trillionlabs/Tri-0.5B-Base,11,0.4583333333333333,mean,ja,en,r1,256,512,delta,ok,-0.123046875
trillionlabs/Tri-0.5B-Base,11,0.4583333333333333,mean,ja,en,r5,256,512,raw,ok,0.412109375
trillionlabs/Tri-0.5B-Base,11,0.4583333333333333,mean,ja,en,r5,256,512,aligned,ok,0.2890625
trillionlabs/Tri-0.5B-Base,11,0.4583333333333333,mean,ja,en,r5,256,512,delta,ok,-0.123046875
trillionlabs/Tri-0.5B-Base,11,0.4583333333333333,mean,ja,en,r10,256,512,raw,ok,0.4453125
trillionlabs/Tri-0.5B-Base,11,0.4583333333333333,mean,ja,en,r10,256,512,aligned,ok,0.33984375
trillionlabs/Tri-0.5B-Base,11,0.4583333333333333,mean,ja,en,r10,256,512,delta,ok,-0.10546875
trillionlabs/Tri-0.5B-Base,11,0.4583333333333333,mean,ja,en,mrr,256,512,raw,ok,0.3635447999799405
trillionlabs/Tri-0.5B-Base,11,0.4583333333333333,mean,ja,en,mrr,256,512,aligned,ok,0.2394231867234093
trillionlabs/Tri-0.5B-Base,11,0.4583333333333333,mean,ja,en,mrr,256,512,delta,ok,-0.1241216132565312
trillionlabs/Tri-0.5B-Base,11,0.4583333333333333,mean,en,zh,r1,256,512,raw,ok,0.302734375
trillionlabs/Tri-0.5B-Base,11,0.4583333333333333,mean,en,zh,r1,256,512,aligned,ok,0.384765625
trillionlabs/Tri-0.5B-Base,11,0.4583333333333333,mean,en,zh,r1,256,512,delta,ok,0.08203125
trillionlabs/Tri-0.5B-Base,11,0.4583333333333333,mean,en,zh,r5,256,512,raw,ok,0.435546875
trillionlabs/Tri-0.5B-Base,11,0.4583333333333333,mean,en,zh,r5,256,512,aligned,ok,0.462890625
trillionlabs/Tri-0.5B-Base,11,0.4583333333333333,mean,en,zh,r5,256,512,delta,ok,0.02734375
trillionlabs/Tri-0.5B-Base,11,0.4583333333333333,mean,en,zh,r10,256,512,raw,ok,0.501953125
trillionlabs/Tri-0.5B-Base,11,0.4583333333333333,mean,en,zh,r10,256,512,aligned,ok,0.482421875
trillionlabs/Tri-0.5B-Base,11,0.4583333333333333,mean,en,zh,r10,256,512,delta,ok,-0.01953125
trillionlabs/Tri-0.5B-Base,11,0.4583333333333333,mean,en,zh,mrr,256,512,raw,ok,0.37350839149698606
trillionlabs/Tri-0.5B-Base,11,0.4583333333333333,mean,en,zh,mrr,256,512,aligned,ok,0.42506988943246515
trillionlabs/Tri-0.5B-Base,11,0.4583333333333333,mean,en,zh,mrr,256,512,delta,ok,0.051561497935479095
trillionlabs/Tri-0.5B-Base,11,0.4583333333333333,mean,zh,en,r1,256,512,raw,ok,0.279296875
trillionlabs/Tri-0.5B-Base,11,0.4583333333333333,mean,zh,en,r1,256,512,aligned,ok,0.1953125
trillionlabs/Tri-0.5B-Base,11,0.4583333333333333,mean,zh,en,r1,256,512,delta,ok,-0.083984375
trillionlabs/Tri-0.5B-Base,11,0.4583333333333333,mean,zh,en,r5,256,512,raw,ok,0.36328125
trillionlabs/Tri-0.5B-Base,11,0.4583333333333333,mean,zh,en,r5,256,512,aligned,ok,0.279296875
trillionlabs/Tri-0.5B-Base,11,0.4583333333333333,mean,zh,en,r5,256,512,delta,ok,-0.083984375
trillionlabs/Tri-0.5B-Base,11,0.4583333333333333,mean,zh,en,r10,256,512,raw,ok,0.419921875
trillionlabs/Tri-0.5B-Base,11,0.4583333333333333,mean,zh,en,r10,256,512,aligned,ok,0.318359375
trillionlabs/Tri-0.5B-Base,11,0.4583333333333333,mean,zh,en,r10,256,512,delta,ok,-0.1015625
trillionlabs/Tri-0.5B-Base,11,0.4583333333333333,mean,zh,en,mrr,256,512,raw,ok,0.3276537895736805
trillionlabs/Tri-0.5B-Base,11,0.4583333333333333,mean,zh,en,mrr,256,512,aligned,ok,0.24057280402573594
trillionlabs/Tri-0.5B-Base,11,0.4583333333333333,mean,zh,en,mrr,256,512,delta,ok,-0.08708098554794458
trillionlabs/Tri-0.5B-Base,11,0.4583333333333333,mean,ko,ja,r1,256,512,raw,ok,0.3359375
trillionlabs/Tri-0.5B-Base,11,0.4583333333333333,mean,ko,ja,r1,256,512,aligned,ok,0.279296875
trillionlabs/Tri-0.5B-Base,11,0.4583333333333333,mean,ko,ja,r1,256,512,delta,ok,-0.056640625
trillionlabs/Tri-0.5B-Base,11,0.4583333333333333,mean,ko,ja,r5,256,512,raw,ok,0.447265625
trillionlabs/Tri-0.5B-Base,11,0.4583333333333333,mean,ko,ja,r5,256,512,aligned,ok,0.35546875
trillionlabs/Tri-0.5B-Base,11,0.4583333333333333,mean,ko,ja,r5,256,512,delta,ok,-0.091796875
trillionlabs/Tri-0.5B-Base,11,0.4583333333333333,mean,ko,ja,r10,256,512,raw,ok,0.49609375
trillionlabs/Tri-0.5B-Base,11,0.4583333333333333,mean,ko,ja,r10,256,512,aligned,ok,0.40234375
trillionlabs/Tri-0.5B-Base,11,0.4583333333333333,mean,ko,ja,r10,256,512,delta,ok,-0.09375
trillionlabs/Tri-0.5B-Base,11,0.4583333333333333,mean,ko,ja,mrr,256,512,raw,ok,0.3961775664895525
trillionlabs/Tri-0.5B-Base,11,0.4583333333333333,mean,ko,ja,mrr,256,512,aligned,ok,0.3230318260071615
trillionlabs/Tri-0.5B-Base,11,0.4583333333333333,mean,ko,ja,mrr,256,512,delta,ok,-0.07314574048239098
trillionlabs/Tri-0.5B-Base,11,0.4583333333333333,mean,ja,ko,r1,256,512,raw,ok,0.451171875
trillionlabs/Tri-0.5B-Base,11,0.4583333333333333,mean,ja,ko,r1,256,512,aligned,ok,0.32421875
trillionlabs/Tri-0.5B-Base,11,0.4583333333333333,mean,ja,ko,r1,256,512,delta,ok,-0.126953125
trillionlabs/Tri-0.5B-Base,11,0.4583333333333333,mean,ja,ko,r5,256,512,raw,ok,0.62890625
trillionlabs/Tri-0.5B-Base,11,0.4583333333333333,mean,ja,ko,r5,256,512,aligned,ok,0.412109375
trillionlabs/Tri-0.5B-Base,11,0.4583333333333333,mean,ja,ko,r5,256,512,delta,ok,-0.216796875
trillionlabs/Tri-0.5B-Base,11,0.4583333333333333,mean,ja,ko,r10,256,512,raw,ok,0.6875
trillionlabs/Tri-0.5B-Base,11,0.4583333333333333,mean,ja,ko,r10,256,512,aligned,ok,0.4453125
trillionlabs/Tri-0.5B-Base,11,0.4583333333333333,mean,ja,ko,r10,256,512,delta,ok,-0.2421875
trillionlabs/Tri-0.5B-Base,11,0.4583333333333333,mean,ja,ko,mrr,256,512,raw,ok,0.5341824753162298
trillionlabs/Tri-0.5B-Base,11,0.4583333333333333,mean,ja,ko,mrr,256,512,aligned,ok,0.36995927350531277
trillionlabs/Tri-0.5B-Base,11,0.4583333333333333,mean,ja,ko,mrr,256,512,delta,ok,-0.16422320181091699
trillionlabs/Tri-0.5B-Base,11,0.4583333333333333,mean,ko,zh,r1,256,512,raw,ok,0.224609375
trillionlabs/Tri-0.5B-Base,11,0.4583333333333333,mean,ko,zh,r1,256,512,aligned,ok,0.265625
trillionlabs/Tri-0.5B-Base,11,0.4583333333333333,mean,ko,zh,r1,256,512,delta,ok,0.041015625
trillionlabs/Tri-0.5B-Base,11,0.4583333333333333,mean,ko,zh,r5,256,512,raw,ok,0.3359375
trillionlabs/Tri-0.5B-Base,11,0.4583333333333333,mean,ko,zh,r5,256,512,aligned,ok,0.330078125
trillionlabs/Tri-0.5B-Base,11,0.4583333333333333,mean,ko,zh,r5,256,512,delta,ok,-0.005859375
trillionlabs/Tri-0.5B-Base,11,0.4583333333333333,mean,ko,zh,r10,256,512,raw,ok,0.39453125
trillionlabs/Tri-0.5B-Base,11,0.4583333333333333,mean,ko,zh,r10,256,512,aligned,ok,0.365234375
trillionlabs/Tri-0.5B-Base,11,0.4583333333333333,mean,ko,zh,r10,256,512,delta,ok,-0.029296875
trillionlabs/Tri-0.5B-Base,11,0.4583333333333333,mean,ko,zh,mrr,256,512,raw,ok,0.2820439956370736
trillionlabs/Tri-0.5B-Base,11,0.4583333333333333,mean,ko,zh,mrr,256,512,aligned,ok,0.30589355928557604
trillionlabs/Tri-0.5B-Base,11,0.4583333333333333,mean,ko,zh,mrr,256,512,delta,ok,0.023849563648502436
trillionlabs/Tri-0.5B-Base,11,0.4583333333333333,mean,zh,ko,r1,256,512,raw,ok,0.396484375
trillionlabs/Tri-0.5B-Base,11,0.4583333333333333,mean,zh,ko,r1,256,512,aligned,ok,0.2734375
trillionlabs/Tri-0.5B-Base,11,0.4583333333333333,mean,zh,ko,r1,256,512,delta,ok,-0.123046875
trillionlabs/Tri-0.5B-Base,11,0.4583333333333333,mean,zh,ko,r5,256,512,raw,ok,0.568359375
trillionlabs/Tri-0.5B-Base,11,0.4583333333333333,mean,zh,ko,r5,256,512,aligned,ok,0.369140625
trillionlabs/Tri-0.5B-Base,11,0.4583333333333333,mean,zh,ko,r5,256,512,delta,ok,-0.19921875
trillionlabs/Tri-0.5B-Base,11,0.4583333333333333,mean,zh,ko,r10,256,512,raw,ok,0.623046875
trillionlabs/Tri-0.5B-Base,11,0.4583333333333333,mean,zh,ko,r10,256,512,aligned,ok,0.400390625
trillionlabs/Tri-0.5B-Base,11,0.4583333333333333,mean,zh,ko,r10,256,512,delta,ok,-0.22265625
trillionlabs/Tri-0.5B-Base,11,0.4583333333333333,mean,zh,ko,mrr,256,512,raw,ok,0.47885412091698853
trillionlabs/Tri-0.5B-Base,11,0.4583333333333333,mean,zh,ko,mrr,256,512,aligned,ok,0.3202560669183495
trillionlabs/Tri-0.5B-Base,11,0.4583333333333333,mean,zh,ko,mrr,256,512,delta,ok,-0.15859805399863902
trillionlabs/Tri-0.5B-Base,11,0.4583333333333333,mean,ja,zh,r1,256,512,raw,ok,0.51953125
trillionlabs/Tri-0.5B-Base,11,0.4583333333333333,mean,ja,zh,r1,256,512,aligned,ok,0.27734375
trillionlabs/Tri-0.5B-Base,11,0.4583333333333333,mean,ja,zh,r1,256,512,delta,ok,-0.2421875
trillionlabs/Tri-0.5B-Base,11,0.4583333333333333,mean,ja,zh,r5,256,512,raw,ok,0.638671875
trillionlabs/Tri-0.5B-Base,11,0.4583333333333333,mean,ja,zh,r5,256,512,aligned,ok,0.373046875
trillionlabs/Tri-0.5B-Base,11,0.4583333333333333,mean,ja,zh,r5,256,512,delta,ok,-0.265625
trillionlabs/Tri-0.5B-Base,11,0.4583333333333333,mean,ja,zh,r10,256,512,raw,ok,0.68359375
trillionlabs/Tri-0.5B-Base,11,0.4583333333333333,mean,ja,zh,r10,256,512,aligned,ok,0.400390625
trillionlabs/Tri-0.5B-Base,11,0.4583333333333333,mean,ja,zh,r10,256,512,delta,ok,-0.283203125
trillionlabs/Tri-0.5B-Base,11,0.4583333333333333,mean,ja,zh,mrr,256,512,raw,ok,0.5777616979421194
trillionlabs/Tri-0.5B-Base,11,0.4583333333333333,mean,ja,zh,mrr,256,512,aligned,ok,0.3263038086537129
trillionlabs/Tri-0.5B-Base,11,0.4583333333333333,mean,ja,zh,mrr,256,512,delta,ok,-0.2514578892884065
trillionlabs/Tri-0.5B-Base,11,0.4583333333333333,mean,zh,ja,r1,256,512,raw,ok,0.546875
trillionlabs/Tri-0.5B-Base,11,0.4583333333333333,mean,zh,ja,r1,256,512,aligned,ok,0.275390625
trillionlabs/Tri-0.5B-Base,11,0.4583333333333333,mean,zh,ja,r1,256,512,delta,ok,-0.271484375
trillionlabs/Tri-0.5B-Base,11,0.4583333333333333,mean,zh,ja,r5,256,512,raw,ok,0.6484375
trillionlabs/Tri-0.5B-Base,11,0.4583333333333333,mean,zh,ja,r5,256,512,aligned,ok,0.375
trillionlabs/Tri-0.5B-Base,11,0.4583333333333333,mean,zh,ja,r5,256,512,delta,ok,-0.2734375
trillionlabs/Tri-0.5B-Base,11,0.4583333333333333,mean,zh,ja,r10,256,512,raw,ok,0.697265625
trillionlabs/Tri-0.5B-Base,11,0.4583333333333333,mean,zh,ja,r10,256,512,aligned,ok,0.419921875
trillionlabs/Tri-0.5B-Base,11,0.4583333333333333,mean,zh,ja,r10,256,512,delta,ok,-0.27734375
trillionlabs/Tri-0.5B-Base,11,0.4583333333333333,mean,zh,ja,mrr,256,512,raw,ok,0.5989592978234408
trillionlabs/Tri-0.5B-Base,11,0.4583333333333333,mean,zh,ja,mrr,256,512,aligned,ok,0.3271113673682181
trillionlabs/Tri-0.5B-Base,11,0.4583333333333333,mean,zh,ja,mrr,256,512,delta,ok,-0.2718479304552227
trillionlabs/Tri-0.5B-Base,12,0.5,mean,en,ko,r1,256,512,raw,ok,0.349609375
trillionlabs/Tri-0.5B-Base,12,0.5,mean,en,ko,r1,256,512,aligned,ok,0.40625
trillionlabs/Tri-0.5B-Base,12,0.5,mean,en,ko,r1,256,512,delta,ok,0.056640625
trillionlabs/Tri-0.5B-Base,12,0.5,mean,en,ko,r5,256,512,raw,ok,0.474609375
trillionlabs/Tri-0.5B-Base,12,0.5,mean,en,ko,r5,256,512,aligned,ok,0.47265625
trillionlabs/Tri-0.5B-Base,12,0.5,mean,en,ko,r5,256,512,delta,ok,-0.001953125
trillionlabs/Tri-0.5B-Base,12,0.5,mean,en,ko,r10,256,512,raw,ok,0.51953125
trillionlabs/Tri-0.5B-Base,12,0.5,mean,en,ko,r10,256,512,aligned,ok,0.4921875
trillionlabs/Tri-0.5B-Base,12,0.5,mean,en,ko,r10,256,512,delta,ok,-0.02734375
trillionlabs/Tri-0.5B-Base,12,0.5,mean,en,ko,mrr,256,512,raw,ok,0.40909469948501637
trillionlabs/Tri-0.5B-Base,12,0.5,mean,en,ko,mrr,256,512,aligned,ok,0.44181103317710485
trillionlabs/Tri-0.5B-Base,12,0.5,mean,en,ko,mrr,256,512,delta,ok,0.032716333692088484
trillionlabs/Tri-0.5B-Base,12,0.5,mean,ko,en,r1,256,512,raw,ok,0.23828125
trillionlabs/Tri-0.5B-Base,12,0.5,mean,ko,en,r1,256,512,aligned,ok,0.185546875
trillionlabs/Tri-0.5B-Base,12,0.5,mean,ko,en,r1,256,512,delta,ok,-0.052734375
trillionlabs/Tri-0.5B-Base,12,0.5,mean,ko,en,r5,256,512,raw,ok,0.296875
trillionlabs/Tri-0.5B-Base,12,0.5,mean,ko,en,r5,256,512,aligned,ok,0.263671875
trillionlabs/Tri-0.5B-Base,12,0.5,mean,ko,en,r5,256,512,delta,ok,-0.033203125
trillionlabs/Tri-0.5B-Base,12,0.5,mean,ko,en,r10,256,512,raw,ok,0.3203125
trillionlabs/Tri-0.5B-Base,12,0.5,mean,ko,en,r10,256,512,aligned,ok,0.310546875
trillionlabs/Tri-0.5B-Base,12,0.5,mean,ko,en,r10,256,512,delta,ok,-0.009765625
trillionlabs/Tri-0.5B-Base,12,0.5,mean,ko,en,mrr,256,512,raw,ok,0.27191542182871686
trillionlabs/Tri-0.5B-Base,12,0.5,mean,ko,en,mrr,256,512,aligned,ok,0.2278260671229062
trillionlabs/Tri-0.5B-Base,12,0.5,mean,ko,en,mrr,256,512,delta,ok,-0.04408935470581066
trillionlabs/Tri-0.5B-Base,12,0.5,mean,en,ja,r1,256,512,raw,ok,0.404296875
trillionlabs/Tri-0.5B-Base,12,0.5,mean,en,ja,r1,256,512,aligned,ok,0.34375
trillionlabs/Tri-0.5B-Base,12,0.5,mean,en,ja,r1,256,512,delta,ok,-0.060546875
trillionlabs/Tri-0.5B-Base,12,0.5,mean,en,ja,r5,256,512,raw,ok,0.537109375
trillionlabs/Tri-0.5B-Base,12,0.5,mean,en,ja,r5,256,512,aligned,ok,0.451171875
trillionlabs/Tri-0.5B-Base,12,0.5,mean,en,ja,r5,256,512,delta,ok,-0.0859375
trillionlabs/Tri-0.5B-Base,12,0.5,mean,en,ja,r10,256,512,raw,ok,0.58984375
trillionlabs/Tri-0.5B-Base,12,0.5,mean,en,ja,r10,256,512,aligned,ok,0.48046875
trillionlabs/Tri-0.5B-Base,12,0.5,mean,en,ja,r10,256,512,delta,ok,-0.109375
trillionlabs/Tri-0.5B-Base,12,0.5,mean,en,ja,mrr,256,512,raw,ok,0.47002330138231185
trillionlabs/Tri-0.5B-Base,12,0.5,mean,en,ja,mrr,256,512,aligned,ok,0.38991944737513096
trillionlabs/Tri-0.5B-Base,12,0.5,mean,en,ja,mrr,256,512,delta,ok,-0.0801038540071809
trillionlabs/Tri-0.5B-Base,12,0.5,mean,ja,en,r1,256,512,raw,ok,0.330078125
trillionlabs/Tri-0.5B-Base,12,0.5,mean,ja,en,r1,256,512,aligned,ok,0.201171875
trillionlabs/Tri-0.5B-Base,12,0.5,mean,ja,en,r1,256,512,delta,ok,-0.12890625
trillionlabs/Tri-0.5B-Base,12,0.5,mean,ja,en,r5,256,512,raw,ok,0.423828125
trillionlabs/Tri-0.5B-Base,12,0.5,mean,ja,en,r5,256,512,aligned,ok,0.306640625
trillionlabs/Tri-0.5B-Base,12,0.5,mean,ja,en,r5,256,512,delta,ok,-0.1171875
trillionlabs/Tri-0.5B-Base,12,0.5,mean,ja,en,r10,256,512,raw,ok,0.453125
trillionlabs/Tri-0.5B-Base,12,0.5,mean,ja,en,r10,256,512,aligned,ok,0.3515625
trillionlabs/Tri-0.5B-Base,12,0.5,mean,ja,en,r10,256,512,delta,ok,-0.1015625
trillionlabs/Tri-0.5B-Base,12,0.5,mean,ja,en,mrr,256,512,raw,ok,0.3763642477338214
trillionlabs/Tri-0.5B-Base,12,0.5,mean,ja,en,mrr,256,512,aligned,ok,0.25126594128426805
trillionlabs/Tri-0.5B-Base,12,0.5,mean,ja,en,mrr,256,512,delta,ok,-0.12509830644955333
trillionlabs/Tri-0.5B-Base,12,0.5,mean,en,zh,r1,256,512,raw,ok,0.328125
trillionlabs/Tri-0.5B-Base,12,0.5,mean,en,zh,r1,256,512,aligned,ok,0.412109375
trillionlabs/Tri-0.5B-Base,12,0.5,mean,en,zh,r1,256,512,delta,ok,0.083984375
trillionlabs/Tri-0.5B-Base,12,0.5,mean,en,zh,r5,256,512,raw,ok,0.46875
trillionlabs/Tri-0.5B-Base,12,0.5,mean,en,zh,r5,256,512,aligned,ok,0.48046875
trillionlabs/Tri-0.5B-Base,12,0.5,mean,en,zh,r5,256,512,delta,ok,0.01171875
trillionlabs/Tri-0.5B-Base,12,0.5,mean,en,zh,r10,256,512,raw,ok,0.541015625
trillionlabs/Tri-0.5B-Base,12,0.5,mean,en,zh,r10,256,512,aligned,ok,0.498046875
trillionlabs/Tri-0.5B-Base,12,0.5,mean,en,zh,r10,256,512,delta,ok,-0.04296875
trillionlabs/Tri-0.5B-Base,12,0.5,mean,en,zh,mrr,256,512,raw,ok,0.4004692472752641
trillionlabs/Tri-0.5B-Base,12,0.5,mean,en,zh,mrr,256,512,aligned,ok,0.4468538236996415
trillionlabs/Tri-0.5B-Base,12,0.5,mean,en,zh,mrr,256,512,delta,ok,0.04638457642437738
trillionlabs/Tri-0.5B-Base,12,0.5,mean,zh,en,r1,256,512,raw,ok,0.28125
trillionlabs/Tri-0.5B-Base,12,0.5,mean,zh,en,r1,256,512,aligned,ok,0.19921875
trillionlabs/Tri-0.5B-Base,12,0.5,mean,zh,en,r1,256,512,delta,ok,-0.08203125
trillionlabs/Tri-0.5B-Base,12,0.5,mean,zh,en,r5,256,512,raw,ok,0.375
trillionlabs/Tri-0.5B-Base,12,0.5,mean,zh,en,r5,256,512,aligned,ok,0.28515625
trillionlabs/Tri-0.5B-Base,12,0.5,mean,zh,en,r5,256,512,delta,ok,-0.08984375
trillionlabs/Tri-0.5B-Base,12,0.5,mean,zh,en,r10,256,512,raw,ok,0.427734375
trillionlabs/Tri-0.5B-Base,12,0.5,mean,zh,en,r10,256,512,aligned,ok,0.318359375
trillionlabs/Tri-0.5B-Base,12,0.5,mean,zh,en,r10,256,512,delta,ok,-0.109375
trillionlabs/Tri-0.5B-Base,12,0.5,mean,zh,en,mrr,256,512,raw,ok,0.3323459386812637
trillionlabs/Tri-0.5B-Base,12,0.5,mean,zh,en,mrr,256,512,aligned,ok,0.244544802851492
trillionlabs/Tri-0.5B-Base,12,0.5,mean,zh,en,mrr,256,512,delta,ok,-0.08780113582977173
trillionlabs/Tri-0.5B-Base,12,0.5,mean,ko,ja,r1,256,512,raw,ok,0.359375
trillionlabs/Tri-0.5B-Base,12,0.5,mean,ko,ja,r1,256,512,aligned,ok,0.294921875
trillionlabs/Tri-0.5B-Base,12,0.5,mean,ko,ja,r1,256,512,delta,ok,-0.064453125
trillionlabs/Tri-0.5B-Base,12,0.5,mean,ko,ja,r5,256,512,raw,ok,0.48046875
trillionlabs/Tri-0.5B-Base,12,0.5,mean,ko,ja,r5,256,512,aligned,ok,0.376953125
trillionlabs/Tri-0.5B-Base,12,0.5,mean,ko,ja,r5,256,512,delta,ok,-0.103515625
trillionlabs/Tri-0.5B-Base,12,0.5,mean,ko,ja,r10,256,512,raw,ok,0.51953125
trillionlabs/Tri-0.5B-Base,12,0.5,mean,ko,ja,r10,256,512,aligned,ok,0.41796875
trillionlabs/Tri-0.5B-Base,12,0.5,mean,ko,ja,r10,256,512,delta,ok,-0.1015625
trillionlabs/Tri-0.5B-Base,12,0.5,mean,ko,ja,mrr,256,512,raw,ok,0.4183070961895717
trillionlabs/Tri-0.5B-Base,12,0.5,mean,ko,ja,mrr,256,512,aligned,ok,0.3387873981280681
trillionlabs/Tri-0.5B-Base,12,0.5,mean,ko,ja,mrr,256,512,delta,ok,-0.07951969806150361
trillionlabs/Tri-0.5B-Base,12,0.5,mean,ja,ko,r1,256,512,raw,ok,0.494140625
trillionlabs/Tri-0.5B-Base,12,0.5,mean,ja,ko,r1,256,512,aligned,ok,0.33984375
trillionlabs/Tri-0.5B-Base,12,0.5,mean,ja,ko,r1,256,512,delta,ok,-0.154296875
trillionlabs/Tri-0.5B-Base,12,0.5,mean,ja,ko,r5,256,512,raw,ok,0.6484375
trillionlabs/Tri-0.5B-Base,12,0.5,mean,ja,ko,r5,256,512,aligned,ok,0.423828125
trillionlabs/Tri-0.5B-Base,12,0.5,mean,ja,ko,r5,256,512,delta,ok,-0.224609375
trillionlabs/Tri-0.5B-Base,12,0.5,mean,ja,ko,r10,256,512,raw,ok,0.703125
trillionlabs/Tri-0.5B-Base,12,0.5,mean,ja,ko,r10,256,512,aligned,ok,0.458984375
trillionlabs/Tri-0.5B-Base,12,0.5,mean,ja,ko,r10,256,512,delta,ok,-0.244140625
trillionlabs/Tri-0.5B-Base,12,0.5,mean,ja,ko,mrr,256,512,raw,ok,0.5687692968230715
trillionlabs/Tri-0.5B-Base,12,0.5,mean,ja,ko,mrr,256,512,aligned,ok,0.38389184685171995
trillionlabs/Tri-0.5B-Base,12,0.5,mean,ja,ko,mrr,256,512,delta,ok,-0.18487744997135158
trillionlabs/Tri-0.5B-Base,12,0.5,mean,ko,zh,r1,256,512,raw,ok,0.2578125
trillionlabs/Tri-0.5B-Base,12,0.5,mean,ko,zh,r1,256,512,aligned,ok,0.271484375
trillionlabs/Tri-0.5B-Base,12,0.5,mean,ko,zh,r1,256,512,delta,ok,0.013671875
trillionlabs/Tri-0.5B-Base,12,0.5,mean,ko,zh,r5,256,512,raw,ok,0.353515625
trillionlabs/Tri-0.5B-Base,12,0.5,mean,ko,zh,r5,256,512,aligned,ok,0.34375
trillionlabs/Tri-0.5B-Base,12,0.5,mean,ko,zh,r5,256,512,delta,ok,-0.009765625
trillionlabs/Tri-0.5B-Base,12,0.5,mean,ko,zh,r10,256,512,raw,ok,0.416015625
trillionlabs/Tri-0.5B-Base,12,0.5,mean,ko,zh,r10,256,512,aligned,ok,0.38671875
trillionlabs/Tri-0.5B-Base,12,0.5,mean,ko,zh,r10,256,512,delta,ok,-0.029296875
trillionlabs/Tri-0.5B-Base,12,0.5,mean,ko,zh,mrr,256,512,raw,ok,0.3149888010526737
trillionlabs/Tri-0.5B-Base,12,0.5,mean,ko,zh,mrr,256,512,aligned,ok,0.3135156968282901
trillionlabs/Tri-0.5B-Base,12,0.5,mean,ko,zh,mrr,256,512,delta,ok,-0.0014731042243835701
trillionlabs/Tri-0.5B-Base,12,0.5,mean,zh,ko,r1,256,512,raw,ok,0.42578125
trillionlabs/Tri-0.5B-Base,12,0.5,mean,zh,ko,r1,256,512,aligned,ok,0.275390625
trillionlabs/Tri-0.5B-Base,12,0.5,mean,zh,ko,r1,256,512,delta,ok,-0.150390625
trillionlabs/Tri-0.5B-Base,12,0.5,mean,zh,ko,r5,256,512,raw,ok,0.58203125
trillionlabs/Tri-0.5B-Base,12,0.5,mean,zh,ko,r5,256,512,aligned,ok,0.376953125
trillionlabs/Tri-0.5B-Base,12,0.5,mean,zh,ko,r5,256,512,delta,ok,-0.205078125
trillionlabs/Tri-0.5B-Base,12,0.5,mean,zh,ko,r10,256,512,raw,ok,0.658203125
trillionlabs/Tri-0.5B-Base,12,0.5,mean,zh,ko,r10,256,512,aligned,ok,0.416015625
trillionlabs/Tri-0.5B-Base,12,0.5,mean,zh,ko,r10,256,512,delta,ok,-0.2421875
trillionlabs/Tri-0.5B-Base,12,0.5,mean,zh,ko,mrr,256,512,raw,ok,0.5054113350403312
trillionlabs/Tri-0.5B-Base,12,0.5,mean,zh,ko,mrr,256,512,aligned,ok,0.3230597250023409
trillionlabs/Tri-0.5B-Base,12,0.5,mean,zh,ko,mrr,256,512,delta,ok,-0.18235161003799027
trillionlabs/Tri-0.5B-Base,12,0.5,mean,ja,zh,r1,256,512,raw,ok,0.537109375
trillionlabs/Tri-0.5B-Base,12,0.5,mean,ja,zh,r1,256,512,aligned,ok,0.2890625
trillionlabs/Tri-0.5B-Base,12,0.5,mean,ja,zh,r1,256,512,delta,ok,-0.248046875
trillionlabs/Tri-0.5B-Base,12,0.5,mean,ja,zh,r5,256,512,raw,ok,0.662109375
trillionlabs/Tri-0.5B-Base,12,0.5,mean,ja,zh,r5,256,512,aligned,ok,0.38671875
trillionlabs/Tri-0.5B-Base,12,0.5,mean,ja,zh,r5,256,512,delta,ok,-0.275390625
trillionlabs/Tri-0.5B-Base,12,0.5,mean,ja,zh,r10,256,512,raw,ok,0.7109375
trillionlabs/Tri-0.5B-Base,12,0.5,mean,ja,zh,r10,256,512,aligned,ok,0.423828125
trillionlabs/Tri-0.5B-Base,12,0.5,mean,ja,zh,r10,256,512,delta,ok,-0.287109375
trillionlabs/Tri-0.5B-Base,12,0.5,mean,ja,zh,mrr,256,512,raw,ok,0.5977675142914239
trillionlabs/Tri-0.5B-Base,12,0.5,mean,ja,zh,mrr,256,512,aligned,ok,0.34058098214943
trillionlabs/Tri-0.5B-Base,12,0.5,mean,ja,zh,mrr,256,512,delta,ok,-0.25718653214199394
trillionlabs/Tri-0.5B-Base,12,0.5,mean,zh,ja,r1,256,512,raw,ok,0.5546875
trillionlabs/Tri-0.5B-Base,12,0.5,mean,zh,ja,r1,256,512,aligned,ok,0.2890625
trillionlabs/Tri-0.5B-Base,12,0.5,mean,zh,ja,r1,256,512,delta,ok,-0.265625
trillionlabs/Tri-0.5B-Base,12,0.5,mean,zh,ja,r5,256,512,raw,ok,0.66015625
trillionlabs/Tri-0.5B-Base,12,0.5,mean,zh,ja,r5,256,512,aligned,ok,0.396484375
trillionlabs/Tri-0.5B-Base,12,0.5,mean,zh,ja,r5,256,512,delta,ok,-0.263671875
trillionlabs/Tri-0.5B-Base,12,0.5,mean,zh,ja,r10,256,512,raw,ok,0.689453125
trillionlabs/Tri-0.5B-Base,12,0.5,mean,zh,ja,r10,256,512,aligned,ok,0.423828125
trillionlabs/Tri-0.5B-Base,12,0.5,mean,zh,ja,r10,256,512,delta,ok,-0.265625
trillionlabs/Tri-0.5B-Base,12,0.5,mean,zh,ja,mrr,256,512,raw,ok,0.6071153531383605
trillionlabs/Tri-0.5B-Base,12,0.5,mean,zh,ja,mrr,256,512,aligned,ok,0.3402067319105355
trillionlabs/Tri-0.5B-Base,12,0.5,mean,zh,ja,mrr,256,512,delta,ok,-0.266908621227825
trillionlabs/Tri-0.5B-Base,13,0.5416666666666666,mean,en,ko,r1,256,512,raw,ok,0.3828125
trillionlabs/Tri-0.5B-Base,13,0.5416666666666666,mean,en,ko,r1,256,512,aligned,ok,0.419921875
trillionlabs/Tri-0.5B-Base,13,0.5416666666666666,mean,en,ko,r1,256,512,delta,ok,0.037109375
trillionlabs/Tri-0.5B-Base,13,0.5416666666666666,mean,en,ko,r5,256,512,raw,ok,0.509765625
trillionlabs/Tri-0.5B-Base,13,0.5416666666666666,mean,en,ko,r5,256,512,aligned,ok,0.4921875
trillionlabs/Tri-0.5B-Base,13,0.5416666666666666,mean,en,ko,r5,256,512,delta,ok,-0.017578125
trillionlabs/Tri-0.5B-Base,13,0.5416666666666666,mean,en,ko,r10,256,512,raw,ok,0.537109375
trillionlabs/Tri-0.5B-Base,13,0.5416666666666666,mean,en,ko,r10,256,512,aligned,ok,0.5078125
trillionlabs/Tri-0.5B-Base,13,0.5416666666666666,mean,en,ko,r10,256,512,delta,ok,-0.029296875
trillionlabs/Tri-0.5B-Base,13,0.5416666666666666,mean,en,ko,mrr,256,512,raw,ok,0.4423989431445552
trillionlabs/Tri-0.5B-Base,13,0.5416666666666666,mean,en,ko,mrr,256,512,aligned,ok,0.45327667197750543
trillionlabs/Tri-0.5B-Base,13,0.5416666666666666,mean,en,ko,mrr,256,512,delta,ok,0.01087772883295024
trillionlabs/Tri-0.5B-Base,13,0.5416666666666666,mean,ko,en,r1,256,512,raw,ok,0.251953125
trillionlabs/Tri-0.5B-Base,13,0.5416666666666666,mean,ko,en,r1,256,512,aligned,ok,0.201171875
trillionlabs/Tri-0.5B-Base,13,0.5416666666666666,mean,ko,en,r1,256,512,delta,ok,-0.05078125
trillionlabs/Tri-0.5B-Base,13,0.5416666666666666,mean,ko,en,r5,256,512,raw,ok,0.3046875
trillionlabs/Tri-0.5B-Base,13,0.5416666666666666,mean,ko,en,r5,256,512,aligned,ok,0.2734375
trillionlabs/Tri-0.5B-Base,13,0.5416666666666666,mean,ko,en,r5,256,512,delta,ok,-0.03125
trillionlabs/Tri-0.5B-Base,13,0.5416666666666666,mean,ko,en,r10,256,512,raw,ok,0.33203125
trillionlabs/Tri-0.5B-Base,13,0.5416666666666666,mean,ko,en,r10,256,512,aligned,ok,0.322265625
trillionlabs/Tri-0.5B-Base,13,0.5416666666666666,mean,ko,en,r10,256,512,delta,ok,-0.009765625
trillionlabs/Tri-0.5B-Base,13,0.5416666666666666,mean,ko,en,mrr,256,512,raw,ok,0.2848745049845758
trillionlabs/Tri-0.5B-Base,13,0.5416666666666666,mean,ko,en,mrr,256,512,aligned,ok,0.24030770519531508
trillionlabs/Tri-0.5B-Base,13,0.5416666666666666,mean,ko,en,mrr,256,512,delta,ok,-0.0445667997892607
trillionlabs/Tri-0.5B-Base,13,0.5416666666666666,mean,en,ja,r1,256,512,raw,ok,0.44921875
trillionlabs/Tri-0.5B-Base,13,0.5416666666666666,mean,en,ja,r1,256,512,aligned,ok,0.369140625
trillionlabs/Tri-0.5B-Base,13,0.5416666666666666,mean,en,ja,r1,256,512,delta,ok,-0.080078125
trillionlabs/Tri-0.5B-Base,13,0.5416666666666666,mean,en,ja,r5,256,512,raw,ok,0.58203125
trillionlabs/Tri-0.5B-Base,13,0.5416666666666666,mean,en,ja,r5,256,512,aligned,ok,0.4609375
trillionlabs/Tri-0.5B-Base,13,0.5416666666666666,mean,en,ja,r5,256,512,delta,ok,-0.12109375
trillionlabs/Tri-0.5B-Base,13,0.5416666666666666,mean,en,ja,r10,256,512,raw,ok,0.625
trillionlabs/Tri-0.5B-Base,13,0.5416666666666666,mean,en,ja,r10,256,512,aligned,ok,0.501953125
trillionlabs/Tri-0.5B-Base,13,0.5416666666666666,mean,en,ja,r10,256,512,delta,ok,-0.123046875
trillionlabs/Tri-0.5B-Base,13,0.5416666666666666,mean,en,ja,mrr,256,512,raw,ok,0.5093012273489425
trillionlabs/Tri-0.5B-Base,13,0.5416666666666666,mean,en,ja,mrr,256,512,aligned,ok,0.41470479247367753
trillionlabs/Tri-0.5B-Base,13,0.5416666666666666,mean,en,ja,mrr,256,512,delta,ok,-0.09459643487526492
trillionlabs/Tri-0.5B-Base,13,0.5416666666666666,mean,ja,en,r1,256,512,raw,ok,0.35546875
trillionlabs/Tri-0.5B-Base,13,0.5416666666666666,mean,ja,en,r1,256,512,aligned,ok,0.21484375
trillionlabs/Tri-0.5B-Base,13,0.5416666666666666,mean,ja,en,r1,256,512,delta,ok,-0.140625
trillionlabs/Tri-0.5B-Base,13,0.5416666666666666,mean,ja,en,r5,256,512,raw,ok,0.431640625
trillionlabs/Tri-0.5B-Base,13,0.5416666666666666,mean,ja,en,r5,256,512,aligned,ok,0.3203125
trillionlabs/Tri-0.5B-Base,13,0.5416666666666666,mean,ja,en,r5,256,512,delta,ok,-0.111328125
trillionlabs/Tri-0.5B-Base,13,0.5416666666666666,mean,ja,en,r10,256,512,raw,ok,0.458984375
trillionlabs/Tri-0.5B-Base,13,0.5416666666666666,mean,ja,en,r10,256,512,aligned,ok,0.35546875
trillionlabs/Tri-0.5B-Base,13,0.5416666666666666,mean,ja,en,r10,256,512,delta,ok,-0.103515625
trillionlabs/Tri-0.5B-Base,13,0.5416666666666666,mean,ja,en,mrr,256,512,raw,ok,0.3960017496911738
trillionlabs/Tri-0.5B-Base,13,0.5416666666666666,mean,ja,en,mrr,256,512,aligned,ok,0.2655364308622525
trillionlabs/Tri-0.5B-Base,13,0.5416666666666666,mean,ja,en,mrr,256,512,delta,ok,-0.13046531882892132
trillionlabs/Tri-0.5B-Base,13,0.5416666666666666,mean,en,zh,r1,256,512,raw,ok,0.37109375
trillionlabs/Tri-0.5B-Base,13,0.5416666666666666,mean,en,zh,r1,256,512,aligned,ok,0.427734375
trillionlabs/Tri-0.5B-Base,13,0.5416666666666666,mean,en,zh,r1,256,512,delta,ok,0.056640625
trillionlabs/Tri-0.5B-Base,13,0.5416666666666666,mean,en,zh,r5,256,512,raw,ok,0.53125
trillionlabs/Tri-0.5B-Base,13,0.5416666666666666,mean,en,zh,r5,256,512,aligned,ok,0.486328125
trillionlabs/Tri-0.5B-Base,13,0.5416666666666666,mean,en,zh,r5,256,512,delta,ok,-0.044921875
trillionlabs/Tri-0.5B-Base,13,0.5416666666666666,mean,en,zh,r10,256,512,raw,ok,0.59765625
trillionlabs/Tri-0.5B-Base,13,0.5416666666666666,mean,en,zh,r10,256,512,aligned,ok,0.515625
trillionlabs/Tri-0.5B-Base,13,0.5416666666666666,mean,en,zh,r10,256,512,delta,ok,-0.08203125
trillionlabs/Tri-0.5B-Base,13,0.5416666666666666,mean,en,zh,mrr,256,512,raw,ok,0.44822477830365476
trillionlabs/Tri-0.5B-Base,13,0.5416666666666666,mean,en,zh,mrr,256,512,aligned,ok,0.46002486618821187
trillionlabs/Tri-0.5B-Base,13,0.5416666666666666,mean,en,zh,mrr,256,512,delta,ok,0.011800087884557109
trillionlabs/Tri-0.5B-Base,13,0.5416666666666666,mean,zh,en,r1,256,512,raw,ok,0.306640625
trillionlabs/Tri-0.5B-Base,13,0.5416666666666666,mean,zh,en,r1,256,512,aligned,ok,0.208984375
trillionlabs/Tri-0.5B-Base,13,0.5416666666666666,mean,zh,en,r1,256,512,delta,ok,-0.09765625
trillionlabs/Tri-0.5B-Base,13,0.5416666666666666,mean,zh,en,r5,256,512,raw,ok,0.390625
trillionlabs/Tri-0.5B-Base,13,0.5416666666666666,mean,zh,en,r5,256,512,aligned,ok,0.298828125
trillionlabs/Tri-0.5B-Base,13,0.5416666666666666,mean,zh,en,r5,256,512,delta,ok,-0.091796875
trillionlabs/Tri-0.5B-Base,13,0.5416666666666666,mean,zh,en,r10,256,512,raw,ok,0.439453125
trillionlabs/Tri-0.5B-Base,13,0.5416666666666666,mean,zh,en,r10,256,512,aligned,ok,0.3359375
trillionlabs/Tri-0.5B-Base,13,0.5416666666666666,mean,zh,en,r10,256,512,delta,ok,-0.103515625
trillionlabs/Tri-0.5B-Base,13,0.5416666666666666,mean,zh,en,mrr,256,512,raw,ok,0.3549148257009224
trillionlabs/Tri-0.5B-Base,13,0.5416666666666666,mean,zh,en,mrr,256,512,aligned,ok,0.2531620690360822
trillionlabs/Tri-0.5B-Base,13,0.5416666666666666,mean,zh,en,mrr,256,512,delta,ok,-0.10175275666484024
trillionlabs/Tri-0.5B-Base,13,0.5416666666666666,mean,ko,ja,r1,256,512,raw,ok,0.39453125
trillionlabs/Tri-0.5B-Base,13,0.5416666666666666,mean,ko,ja,r1,256,512,aligned,ok,0.306640625
trillionlabs/Tri-0.5B-Base,13,0.5416666666666666,mean,ko,ja,r1,256,512,delta,ok,-0.087890625
trillionlabs/Tri-0.5B-Base,13,0.5416666666666666,mean,ko,ja,r5,256,512,raw,ok,0.509765625
trillionlabs/Tri-0.5B-Base,13,0.5416666666666666,mean,ko,ja,r5,256,512,aligned,ok,0.400390625
trillionlabs/Tri-0.5B-Base,13,0.5416666666666666,mean,ko,ja,r5,256,512,delta,ok,-0.109375
trillionlabs/Tri-0.5B-Base,13,0.5416666666666666,mean,ko,ja,r10,256,512,raw,ok,0.55078125
trillionlabs/Tri-0.5B-Base,13,0.5416666666666666,mean,ko,ja,r10,256,512,aligned,ok,0.43359375
trillionlabs/Tri-0.5B-Base,13,0.5416666666666666,mean,ko,ja,r10,256,512,delta,ok,-0.1171875
trillionlabs/Tri-0.5B-Base,13,0.5416666666666666,mean,ko,ja,mrr,256,512,raw,ok,0.4504096703632935
trillionlabs/Tri-0.5B-Base,13,0.5416666666666666,mean,ko,ja,mrr,256,512,aligned,ok,0.3534559090551006
trillionlabs/Tri-0.5B-Base,13,0.5416666666666666,mean,ko,ja,mrr,256,512,delta,ok,-0.09695376130819289
trillionlabs/Tri-0.5B-Base,13,0.5416666666666666,mean,ja,ko,r1,256,512,raw,ok,0.5546875
trillionlabs/Tri-0.5B-Base,13,0.5416666666666666,mean,ja,ko,r1,256,512,aligned,ok,0.357421875
trillionlabs/Tri-0.5B-Base,13,0.5416666666666666,mean,ja,ko,r1,256,512,delta,ok,-0.197265625
trillionlabs/Tri-0.5B-Base,13,0.5416666666666666,mean,ja,ko,r5,256,512,raw,ok,0.685546875
trillionlabs/Tri-0.5B-Base,13,0.5416666666666666,mean,ja,ko,r5,256,512,aligned,ok,0.44921875
trillionlabs/Tri-0.5B-Base,13,0.5416666666666666,mean,ja,ko,r5,256,512,delta,ok,-0.236328125
trillionlabs/Tri-0.5B-Base,13,0.5416666666666666,mean,ja,ko,r10,256,512,raw,ok,0.73828125
trillionlabs/Tri-0.5B-Base,13,0.5416666666666666,mean,ja,ko,r10,256,512,aligned,ok,0.4765625
trillionlabs/Tri-0.5B-Base,13,0.5416666666666666,mean,ja,ko,r10,256,512,delta,ok,-0.26171875
trillionlabs/Tri-0.5B-Base,13,0.5416666666666666,mean,ja,ko,mrr,256,512,raw,ok,0.6195605770247319
trillionlabs/Tri-0.5B-Base,13,0.5416666666666666,mean,ja,ko,mrr,256,512,aligned,ok,0.401639961932327
trillionlabs/Tri-0.5B-Base,13,0.5416666666666666,mean,ja,ko,mrr,256,512,delta,ok,-0.2179206150924049
trillionlabs/Tri-0.5B-Base,13,0.5416666666666666,mean,ko,zh,r1,256,512,raw,ok,0.296875
trillionlabs/Tri-0.5B-Base,13,0.5416666666666666,mean,ko,zh,r1,256,512,aligned,ok,0.29296875
trillionlabs/Tri-0.5B-Base,13,0.5416666666666666,mean,ko,zh,r1,256,512,delta,ok,-0.00390625
trillionlabs/Tri-0.5B-Base,13,0.5416666666666666,mean,ko,zh,r5,256,512,raw,ok,0.38671875
trillionlabs/Tri-0.5B-Base,13,0.5416666666666666,mean,ko,zh,r5,256,512,aligned,ok,0.365234375
trillionlabs/Tri-0.5B-Base,13,0.5416666666666666,mean,ko,zh,r5,256,512,delta,ok,-0.021484375
trillionlabs/Tri-0.5B-Base,13,0.5416666666666666,mean,ko,zh,r10,256,512,raw,ok,0.458984375
trillionlabs/Tri-0.5B-Base,13,0.5416666666666666,mean,ko,zh,r10,256,512,aligned,ok,0.396484375
trillionlabs/Tri-0.5B-Base,13,0.5416666666666666,mean,ko,zh,r10,256,512,delta,ok,-0.0625
trillionlabs/Tri-0.5B-Base,13,0.5416666666666666,mean,ko,zh,mrr,256,512,raw,ok,0.3487737955479087
trillionlabs/Tri-0.5B-Base,13,0.5416666666666666,mean,ko,zh,mrr,256,512,aligned,ok,0.33175377251889776
trillionlabs/Tri-0.5B-Base,13,0.5416666666666666,mean,ko,zh,mrr,256,512,delta,ok,-0.017020023029010956
trillionlabs/Tri-0.5B-Base,13,0.5416666666666666,mean,zh,ko,r1,256,512,raw,ok,0.486328125
trillionlabs/Tri-0.5B-Base,13,0.5416666666666666,mean,zh,ko,r1,256,512,aligned,ok,0.29296875
trillionlabs/Tri-0.5B-Base,13,0.5416666666666666,mean,zh,ko,r1,256,512,delta,ok,-0.193359375
trillionlabs/Tri-0.5B-Base,13,0.5416666666666666,mean,zh,ko,r5,256,512,raw,ok,0.62109375
trillionlabs/Tri-0.5B-Base,13,0.5416666666666666,mean,zh,ko,r5,256,512,aligned,ok,0.392578125
trillionlabs/Tri-0.5B-Base,13,0.5416666666666666,mean,zh,ko,r5,256,512,delta,ok,-0.228515625
trillionlabs/Tri-0.5B-Base,13,0.5416666666666666,mean,zh,ko,r10,256,512,raw,ok,0.6875
trillionlabs/Tri-0.5B-Base,13,0.5416666666666666,mean,zh,ko,r10,256,512,aligned,ok,0.43359375
trillionlabs/Tri-0.5B-Base,13,0.5416666666666666,mean,zh,ko,r10,256,512,delta,ok,-0.25390625
trillionlabs/Tri-0.5B-Base,13,0.5416666666666666,mean,zh,ko,mrr,256,512,raw,ok,0.5505756008675529
trillionlabs/Tri-0.5B-Base,13,0.5416666666666666,mean,zh,ko,mrr,256,512,aligned,ok,0.3427684786029974
trillionlabs/Tri-0.5B-Base,13,0.5416666666666666,mean,zh,ko,mrr,256,512,delta,ok,-0.20780712226455544
trillionlabs/Tri-0.5B-Base,13,0.5416666666666666,mean,ja,zh,r1,256,512,raw,ok,0.58203125
trillionlabs/Tri-0.5B-Base,13,0.5416666666666666,mean,ja,zh,r1,256,512,aligned,ok,0.3046875
trillionlabs/Tri-0.5B-Base,13,0.5416666666666666,mean,ja,zh,r1,256,512,delta,ok,-0.27734375
trillionlabs/Tri-0.5B-Base,13,0.5416666666666666,mean,ja,zh,r5,256,512,raw,ok,0.685546875
trillionlabs/Tri-0.5B-Base,13,0.5416666666666666,mean,ja,zh,r5,256,512,aligned,ok,0.3984375
trillionlabs/Tri-0.5B-Base,13,0.5416666666666666,mean,ja,zh,r5,256,512,delta,ok,-0.287109375
trillionlabs/Tri-0.5B-Base,13,0.5416666666666666,mean,ja,zh,r10,256,512,raw,ok,0.734375
trillionlabs/Tri-0.5B-Base,13,0.5416666666666666,mean,ja,zh,r10,256,512,aligned,ok,0.43359375
trillionlabs/Tri-0.5B-Base,13,0.5416666666666666,mean,ja,zh,r10,256,512,delta,ok,-0.30078125
trillionlabs/Tri-0.5B-Base,13,0.5416666666666666,mean,ja,zh,mrr,256,512,raw,ok,0.6338740583434194
trillionlabs/Tri-0.5B-Base,13,0.5416666666666666,mean,ja,zh,mrr,256,512,aligned,ok,0.3561434618688907
trillionlabs/Tri-0.5B-Base,13,0.5416666666666666,mean,ja,zh,mrr,256,512,delta,ok,-0.2777305964745287
trillionlabs/Tri-0.5B-Base,13,0.5416666666666666,mean,zh,ja,r1,256,512,raw,ok,0.6015625
trillionlabs/Tri-0.5B-Base,13,0.5416666666666666,mean,zh,ja,r1,256,512,aligned,ok,0.294921875
trillionlabs/Tri-0.5B-Base,13,0.5416666666666666,mean,zh,ja,r1,256,512,delta,ok,-0.306640625
trillionlabs/Tri-0.5B-Base,13,0.5416666666666666,mean,zh,ja,r5,256,512,raw,ok,0.69140625
trillionlabs/Tri-0.5B-Base,13,0.5416666666666666,mean,zh,ja,r5,256,512,aligned,ok,0.408203125
trillionlabs/Tri-0.5B-Base,13,0.5416666666666666,mean,zh,ja,r5,256,512,delta,ok,-0.283203125
trillionlabs/Tri-0.5B-Base,13,0.5416666666666666,mean,zh,ja,r10,256,512,raw,ok,0.716796875
trillionlabs/Tri-0.5B-Base,13,0.5416666666666666,mean,zh,ja,r10,256,512,aligned,ok,0.451171875
trillionlabs/Tri-0.5B-Base,13,0.5416666666666666,mean,zh,ja,r10,256,512,delta,ok,-0.265625
trillionlabs/Tri-0.5B-Base,13,0.5416666666666666,mean,zh,ja,mrr,256,512,raw,ok,0.6457522498489988
trillionlabs/Tri-0.5B-Base,13,0.5416666666666666,mean,zh,ja,mrr,256,512,aligned,ok,0.35129862136122636
trillionlabs/Tri-0.5B-Base,13,0.5416666666666666,mean,zh,ja,mrr,256,512,delta,ok,-0.29445362848777246
trillionlabs/Tri-0.5B-Base,14,0.5833333333333334,mean,en,ko,r1,256,512,raw,ok,0.412109375
trillionlabs/Tri-0.5B-Base,14,0.5833333333333334,mean,en,ko,r1,256,512,aligned,ok,0.431640625
trillionlabs/Tri-0.5B-Base,14,0.5833333333333334,mean,en,ko,r1,256,512,delta,ok,0.01953125
trillionlabs/Tri-0.5B-Base,14,0.5833333333333334,mean,en,ko,r5,256,512,raw,ok,0.5234375
trillionlabs/Tri-0.5B-Base,14,0.5833333333333334,mean,en,ko,r5,256,512,aligned,ok,0.498046875
trillionlabs/Tri-0.5B-Base,14,0.5833333333333334,mean,en,ko,r5,256,512,delta,ok,-0.025390625
trillionlabs/Tri-0.5B-Base,14,0.5833333333333334,mean,en,ko,r10,256,512,raw,ok,0.552734375
trillionlabs/Tri-0.5B-Base,14,0.5833333333333334,mean,en,ko,r10,256,512,aligned,ok,0.513671875
trillionlabs/Tri-0.5B-Base,14,0.5833333333333334,mean,en,ko,r10,256,512,delta,ok,-0.0390625
trillionlabs/Tri-0.5B-Base,14,0.5833333333333334,mean,en,ko,mrr,256,512,raw,ok,0.4654155802985374
trillionlabs/Tri-0.5B-Base,14,0.5833333333333334,mean,en,ko,mrr,256,512,aligned,ok,0.462479543870019
trillionlabs/Tri-0.5B-Base,14,0.5833333333333334,mean,en,ko,mrr,256,512,delta,ok,-0.002936036428518418
trillionlabs/Tri-0.5B-Base,14,0.5833333333333334,mean,ko,en,r1,256,512,raw,ok,0.263671875
trillionlabs/Tri-0.5B-Base,14,0.5833333333333334,mean,ko,en,r1,256,512,aligned,ok,0.201171875
trillionlabs/Tri-0.5B-Base,14,0.5833333333333334,mean,ko,en,r1,256,512,delta,ok,-0.0625
trillionlabs/Tri-0.5B-Base,14,0.5833333333333334,mean,ko,en,r5,256,512,raw,ok,0.3125
trillionlabs/Tri-0.5B-Base,14,0.5833333333333334,mean,ko,en,r5,256,512,aligned,ok,0.267578125
trillionlabs/Tri-0.5B-Base,14,0.5833333333333334,mean,ko,en,r5,256,512,delta,ok,-0.044921875
trillionlabs/Tri-0.5B-Base,14,0.5833333333333334,mean,ko,en,r10,256,512,raw,ok,0.3359375
trillionlabs/Tri-0.5B-Base,14,0.5833333333333334,mean,ko,en,r10,256,512,aligned,ok,0.314453125
trillionlabs/Tri-0.5B-Base,14,0.5833333333333334,mean,ko,en,r10,256,512,delta,ok,-0.021484375
trillionlabs/Tri-0.5B-Base,14,0.5833333333333334,mean,ko,en,mrr,256,512,raw,ok,0.29468526942372725
trillionlabs/Tri-0.5B-Base,14,0.5833333333333334,mean,ko,en,mrr,256,512,aligned,ok,0.24251424512019462
trillionlabs/Tri-0.5B-Base,14,0.5833333333333334,mean,ko,en,mrr,256,512,delta,ok,-0.052171024303532626
trillionlabs/Tri-0.5B-Base,14,0.5833333333333334,mean,en,ja,r1,256,512,raw,ok,0.466796875
trillionlabs/Tri-0.5B-Base,14,0.5833333333333334,mean,en,ja,r1,256,512,aligned,ok,0.376953125
trillionlabs/Tri-0.5B-Base,14,0.5833333333333334,mean,en,ja,r1,256,512,delta,ok,-0.08984375
trillionlabs/Tri-0.5B-Base,14,0.5833333333333334,mean,en,ja,r5,256,512,raw,ok,0.59375
trillionlabs/Tri-0.5B-Base,14,0.5833333333333334,mean,en,ja,r5,256,512,aligned,ok,0.462890625
trillionlabs/Tri-0.5B-Base,14,0.5833333333333334,mean,en,ja,r5,256,512,delta,ok,-0.130859375
trillionlabs/Tri-0.5B-Base,14,0.5833333333333334,mean,en,ja,r10,256,512,raw,ok,0.638671875
trillionlabs/Tri-0.5B-Base,14,0.5833333333333334,mean,en,ja,r10,256,512,aligned,ok,0.4921875
trillionlabs/Tri-0.5B-Base,14,0.5833333333333334,mean,en,ja,r10,256,512,delta,ok,-0.146484375
trillionlabs/Tri-0.5B-Base,14,0.5833333333333334,mean,en,ja,mrr,256,512,raw,ok,0.527357174542574
trillionlabs/Tri-0.5B-Base,14,0.5833333333333334,mean,en,ja,mrr,256,512,aligned,ok,0.4200497889945926
trillionlabs/Tri-0.5B-Base,14,0.5833333333333334,mean,en,ja,mrr,256,512,delta,ok,-0.10730738554798142
trillionlabs/Tri-0.5B-Base,14,0.5833333333333334,mean,ja,en,r1,256,512,raw,ok,0.361328125
trillionlabs/Tri-0.5B-Base,14,0.5833333333333334,mean,ja,en,r1,256,512,aligned,ok,0.216796875
trillionlabs/Tri-0.5B-Base,14,0.5833333333333334,mean,ja,en,r1,256,512,delta,ok,-0.14453125
trillionlabs/Tri-0.5B-Base,14,0.5833333333333334,mean,ja,en,r5,256,512,raw,ok,0.435546875
trillionlabs/Tri-0.5B-Base,14,0.5833333333333334,mean,ja,en,r5,256,512,aligned,ok,0.3203125
trillionlabs/Tri-0.5B-Base,14,0.5833333333333334,mean,ja,en,r5,256,512,delta,ok,-0.115234375
trillionlabs/Tri-0.5B-Base,14,0.5833333333333334,mean,ja,en,r10,256,512,raw,ok,0.474609375
trillionlabs/Tri-0.5B-Base,14,0.5833333333333334,mean,ja,en,r10,256,512,aligned,ok,0.35546875
trillionlabs/Tri-0.5B-Base,14,0.5833333333333334,mean,ja,en,r10,256,512,delta,ok,-0.119140625
trillionlabs/Tri-0.5B-Base,14,0.5833333333333334,mean,ja,en,mrr,256,512,raw,ok,0.40145480285585877
trillionlabs/Tri-0.5B-Base,14,0.5833333333333334,mean,ja,en,mrr,256,512,aligned,ok,0.2654543212347367
trillionlabs/Tri-0.5B-Base,14,0.5833333333333334,mean,ja,en,mrr,256,512,delta,ok,-0.13600048162112205
trillionlabs/Tri-0.5B-Base,14,0.5833333333333334,mean,en,zh,r1,256,512,raw,ok,0.404296875
trillionlabs/Tri-0.5B-Base,14,0.5833333333333334,mean,en,zh,r1,256,512,aligned,ok,0.41796875
trillionlabs/Tri-0.5B-Base,14,0.5833333333333334,mean,en,zh,r1,256,512,delta,ok,0.013671875
trillionlabs/Tri-0.5B-Base,14,0.5833333333333334,mean,en,zh,r5,256,512,raw,ok,0.572265625
trillionlabs/Tri-0.5B-Base,14,0.5833333333333334,mean,en,zh,r5,256,512,aligned,ok,0.486328125
trillionlabs/Tri-0.5B-Base,14,0.5833333333333334,mean,en,zh,r5,256,512,delta,ok,-0.0859375
trillionlabs/Tri-0.5B-Base,14,0.5833333333333334,mean,en,zh,r10,256,512,raw,ok,0.623046875
trillionlabs/Tri-0.5B-Base,14,0.5833333333333334,mean,en,zh,r10,256,512,aligned,ok,0.5078125
trillionlabs/Tri-0.5B-Base,14,0.5833333333333334,mean,en,zh,r10,256,512,delta,ok,-0.115234375
trillionlabs/Tri-0.5B-Base,14,0.5833333333333334,mean,en,zh,mrr,256,512,raw,ok,0.47956617691843406
trillionlabs/Tri-0.5B-Base,14,0.5833333333333334,mean,en,zh,mrr,256,512,aligned,ok,0.4527047843406058
trillionlabs/Tri-0.5B-Base,14,0.5833333333333334,mean,en,zh,mrr,256,512,delta,ok,-0.02686139257782827
trillionlabs/Tri-0.5B-Base,14,0.5833333333333334,mean,zh,en,r1,256,512,raw,ok,0.314453125
trillionlabs/Tri-0.5B-Base,14,0.5833333333333334,mean,zh,en,r1,256,512,aligned,ok,0.20703125
trillionlabs/Tri-0.5B-Base,14,0.5833333333333334,mean,zh,en,r1,256,512,delta,ok,-0.107421875
trillionlabs/Tri-0.5B-Base,14,0.5833333333333334,mean,zh,en,r5,256,512,raw,ok,0.4140625
trillionlabs/Tri-0.5B-Base,14,0.5833333333333334,mean,zh,en,r5,256,512,aligned,ok,0.296875
trillionlabs/Tri-0.5B-Base,14,0.5833333333333334,mean,zh,en,r5,256,512,delta,ok,-0.1171875
trillionlabs/Tri-0.5B-Base,14,0.5833333333333334,mean,zh,en,r10,256,512,raw,ok,0.45703125
trillionlabs/Tri-0.5B-Base,14,0.5833333333333334,mean,zh,en,r10,256,512,aligned,ok,0.33203125
trillionlabs/Tri-0.5B-Base,14,0.5833333333333334,mean,zh,en,r10,256,512,delta,ok,-0.125
trillionlabs/Tri-0.5B-Base,14,0.5833333333333334,mean,zh,en,mrr,256,512,raw,ok,0.36610335844832054
trillionlabs/Tri-0.5B-Base,14,0.5833333333333334,mean,zh,en,mrr,256,512,aligned,ok,0.25328975120354535
trillionlabs/Tri-0.5B-Base,14,0.5833333333333334,mean,zh,en,mrr,256,512,delta,ok,-0.11281360724477518
trillionlabs/Tri-0.5B-Base,14,0.5833333333333334,mean,ko,ja,r1,256,512,raw,ok,0.392578125
trillionlabs/Tri-0.5B-Base,14,0.5833333333333334,mean,ko,ja,r1,256,512,aligned,ok,0.314453125
trillionlabs/Tri-0.5B-Base,14,0.5833333333333334,mean,ko,ja,r1,256,512,delta,ok,-0.078125
trillionlabs/Tri-0.5B-Base,14,0.5833333333333334,mean,ko,ja,r5,256,512,raw,ok,0.501953125
trillionlabs/Tri-0.5B-Base,14,0.5833333333333334,mean,ko,ja,r5,256,512,aligned,ok,0.40625
trillionlabs/Tri-0.5B-Base,14,0.5833333333333334,mean,ko,ja,r5,256,512,delta,ok,-0.095703125
trillionlabs/Tri-0.5B-Base,14,0.5833333333333334,mean,ko,ja,r10,256,512,raw,ok,0.544921875
trillionlabs/Tri-0.5B-Base,14,0.5833333333333334,mean,ko,ja,r10,256,512,aligned,ok,0.439453125
trillionlabs/Tri-0.5B-Base,14,0.5833333333333334,mean,ko,ja,r10,256,512,delta,ok,-0.10546875
trillionlabs/Tri-0.5B-Base,14,0.5833333333333334,mean,ko,ja,mrr,256,512,raw,ok,0.44684771661038747
trillionlabs/Tri-0.5B-Base,14,0.5833333333333334,mean,ko,ja,mrr,256,512,aligned,ok,0.35935039479583075
trillionlabs/Tri-0.5B-Base,14,0.5833333333333334,mean,ko,ja,mrr,256,512,delta,ok,-0.08749732181455672
trillionlabs/Tri-0.5B-Base,14,0.5833333333333334,mean,ja,ko,r1,256,512,raw,ok,0.55859375
trillionlabs/Tri-0.5B-Base,14,0.5833333333333334,mean,ja,ko,r1,256,512,aligned,ok,0.357421875
trillionlabs/Tri-0.5B-Base,14,0.5833333333333334,mean,ja,ko,r1,256,512,delta,ok,-0.201171875
trillionlabs/Tri-0.5B-Base,14,0.5833333333333334,mean,ja,ko,r5,256,512,raw,ok,0.701171875
trillionlabs/Tri-0.5B-Base,14,0.5833333333333334,mean,ja,ko,r5,256,512,aligned,ok,0.44140625
trillionlabs/Tri-0.5B-Base,14,0.5833333333333334,mean,ja,ko,r5,256,512,delta,ok,-0.259765625
trillionlabs/Tri-0.5B-Base,14,0.5833333333333334,mean,ja,ko,r10,256,512,raw,ok,0.75
trillionlabs/Tri-0.5B-Base,14,0.5833333333333334,mean,ja,ko,r10,256,512,aligned,ok,0.4765625
trillionlabs/Tri-0.5B-Base,14,0.5833333333333334,mean,ja,ko,r10,256,512,delta,ok,-0.2734375
trillionlabs/Tri-0.5B-Base,14,0.5833333333333334,mean,ja,ko,mrr,256,512,raw,ok,0.6289927592637043
trillionlabs/Tri-0.5B-Base,14,0.5833333333333334,mean,ja,ko,mrr,256,512,aligned,ok,0.40087134212159736
trillionlabs/Tri-0.5B-Base,14,0.5833333333333334,mean,ja,ko,mrr,256,512,delta,ok,-0.22812141714210699
trillionlabs/Tri-0.5B-Base,14,0.5833333333333334,mean,ko,zh,r1,256,512,raw,ok,0.291015625
trillionlabs/Tri-0.5B-Base,14,0.5833333333333334,mean,ko,zh,r1,256,512,aligned,ok,0.296875
trillionlabs/Tri-0.5B-Base,14,0.5833333333333334,mean,ko,zh,r1,256,512,delta,ok,0.005859375
trillionlabs/Tri-0.5B-Base,14,0.5833333333333334,mean,ko,zh,r5,256,512,raw,ok,0.404296875
trillionlabs/Tri-0.5B-Base,14,0.5833333333333334,mean,ko,zh,r5,256,512,aligned,ok,0.361328125
trillionlabs/Tri-0.5B-Base,14,0.5833333333333334,mean,ko,zh,r5,256,512,delta,ok,-0.04296875
trillionlabs/Tri-0.5B-Base,14,0.5833333333333334,mean,ko,zh,r10,256,512,raw,ok,0.462890625
trillionlabs/Tri-0.5B-Base,14,0.5833333333333334,mean,ko,zh,r10,256,512,aligned,ok,0.3984375
trillionlabs/Tri-0.5B-Base,14,0.5833333333333334,mean,ko,zh,r10,256,512,delta,ok,-0.064453125
trillionlabs/Tri-0.5B-Base,14,0.5833333333333334,mean,ko,zh,mrr,256,512,raw,ok,0.34764286858543847
trillionlabs/Tri-0.5B-Base,14,0.5833333333333334,mean,ko,zh,mrr,256,512,aligned,ok,0.33525807079937664
trillionlabs/Tri-0.5B-Base,14,0.5833333333333334,mean,ko,zh,mrr,256,512,delta,ok,-0.01238479778606183
trillionlabs/Tri-0.5B-Base,14,0.5833333333333334,mean,zh,ko,r1,256,512,raw,ok,0.5078125
trillionlabs/Tri-0.5B-Base,14,0.5833333333333334,mean,zh,ko,r1,256,512,aligned,ok,0.30078125
trillionlabs/Tri-0.5B-Base,14,0.5833333333333334,mean,zh,ko,r1,256,512,delta,ok,-0.20703125
trillionlabs/Tri-0.5B-Base,14,0.5833333333333334,mean,zh,ko,r5,256,512,raw,ok,0.642578125
trillionlabs/Tri-0.5B-Base,14,0.5833333333333334,mean,zh,ko,r5,256,512,aligned,ok,0.39453125
trillionlabs/Tri-0.5B-Base,14,0.5833333333333334,mean,zh,ko,r5,256,512,delta,ok,-0.248046875
trillionlabs/Tri-0.5B-Base,14,0.5833333333333334,mean,zh,ko,r10,256,512,raw,ok,0.708984375
trillionlabs/Tri-0.5B-Base,14,0.5833333333333334,mean,zh,ko,r10,256,512,aligned,ok,0.44140625
trillionlabs/Tri-0.5B-Base,14,0.5833333333333334,mean,zh,ko,r10,256,512,delta,ok,-0.267578125
trillionlabs/Tri-0.5B-Base,14,0.5833333333333334,mean,zh,ko,mrr,256,512,raw,ok,0.571892037341063
trillionlabs/Tri-0.5B-Base,14,0.5833333333333334,mean,zh,ko,mrr,256,512,aligned,ok,0.34958307882340145
trillionlabs/Tri-0.5B-Base,14,0.5833333333333334,mean,zh,ko,mrr,256,512,delta,ok,-0.22230895851766153
trillionlabs/Tri-0.5B-Base,14,0.5833333333333334,mean,ja,zh,r1,256,512,raw,ok,0.591796875
trillionlabs/Tri-0.5B-Base,14,0.5833333333333334,mean,ja,zh,r1,256,512,aligned,ok,0.314453125
trillionlabs/Tri-0.5B-Base,14,0.5833333333333334,mean,ja,zh,r1,256,512,delta,ok,-0.27734375
trillionlabs/Tri-0.5B-Base,14,0.5833333333333334,mean,ja,zh,r5,256,512,raw,ok,0.697265625
trillionlabs/Tri-0.5B-Base,14,0.5833333333333334,mean,ja,zh,r5,256,512,aligned,ok,0.408203125
trillionlabs/Tri-0.5B-Base,14,0.5833333333333334,mean,ja,zh,r5,256,512,delta,ok,-0.2890625
trillionlabs/Tri-0.5B-Base,14,0.5833333333333334,mean,ja,zh,r10,256,512,raw,ok,0.734375
trillionlabs/Tri-0.5B-Base,14,0.5833333333333334,mean,ja,zh,r10,256,512,aligned,ok,0.4296875
trillionlabs/Tri-0.5B-Base,14,0.5833333333333334,mean,ja,zh,r10,256,512,delta,ok,-0.3046875
trillionlabs/Tri-0.5B-Base,14,0.5833333333333334,mean,ja,zh,mrr,256,512,raw,ok,0.6415877738683153
trillionlabs/Tri-0.5B-Base,14,0.5833333333333334,mean,ja,zh,mrr,256,512,aligned,ok,0.361835316657694
trillionlabs/Tri-0.5B-Base,14,0.5833333333333334,mean,ja,zh,mrr,256,512,delta,ok,-0.27975245721062136
trillionlabs/Tri-0.5B-Base,14,0.5833333333333334,mean,zh,ja,r1,256,512,raw,ok,0.583984375
trillionlabs/Tri-0.5B-Base,14,0.5833333333333334,mean,zh,ja,r1,256,512,aligned,ok,0.298828125
trillionlabs/Tri-0.5B-Base,14,0.5833333333333334,mean,zh,ja,r1,256,512,delta,ok,-0.28515625
trillionlabs/Tri-0.5B-Base,14,0.5833333333333334,mean,zh,ja,r5,256,512,raw,ok,0.6796875
trillionlabs/Tri-0.5B-Base,14,0.5833333333333334,mean,zh,ja,r5,256,512,aligned,ok,0.427734375
trillionlabs/Tri-0.5B-Base,14,0.5833333333333334,mean,zh,ja,r5,256,512,delta,ok,-0.251953125
trillionlabs/Tri-0.5B-Base,14,0.5833333333333334,mean,zh,ja,r10,256,512,raw,ok,0.720703125
trillionlabs/Tri-0.5B-Base,14,0.5833333333333334,mean,zh,ja,r10,256,512,aligned,ok,0.45703125
trillionlabs/Tri-0.5B-Base,14,0.5833333333333334,mean,zh,ja,r10,256,512,delta,ok,-0.263671875
trillionlabs/Tri-0.5B-Base,14,0.5833333333333334,mean,zh,ja,mrr,256,512,raw,ok,0.6297682531426797
trillionlabs/Tri-0.5B-Base,14,0.5833333333333334,mean,zh,ja,mrr,256,512,aligned,ok,0.35639342708938315
trillionlabs/Tri-0.5B-Base,14,0.5833333333333334,mean,zh,ja,mrr,256,512,delta,ok,-0.27337482605329655
trillionlabs/Tri-0.5B-Base,15,0.625,mean,en,ko,r1,256,512,raw,ok,0.455078125
trillionlabs/Tri-0.5B-Base,15,0.625,mean,en,ko,r1,256,512,aligned,ok,0.4296875
trillionlabs/Tri-0.5B-Base,15,0.625,mean,en,ko,r1,256,512,delta,ok,-0.025390625
trillionlabs/Tri-0.5B-Base,15,0.625,mean,en,ko,r5,256,512,raw,ok,0.556640625
trillionlabs/Tri-0.5B-Base,15,0.625,mean,en,ko,r5,256,512,aligned,ok,0.5078125
trillionlabs/Tri-0.5B-Base,15,0.625,mean,en,ko,r5,256,512,delta,ok,-0.048828125
trillionlabs/Tri-0.5B-Base,15,0.625,mean,en,ko,r10,256,512,raw,ok,0.587890625
trillionlabs/Tri-0.5B-Base,15,0.625,mean,en,ko,r10,256,512,aligned,ok,0.533203125
trillionlabs/Tri-0.5B-Base,15,0.625,mean,en,ko,r10,256,512,delta,ok,-0.0546875
trillionlabs/Tri-0.5B-Base,15,0.625,mean,en,ko,mrr,256,512,raw,ok,0.5036550846812334
trillionlabs/Tri-0.5B-Base,15,0.625,mean,en,ko,mrr,256,512,aligned,ok,0.4680197498643619
trillionlabs/Tri-0.5B-Base,15,0.625,mean,en,ko,mrr,256,512,delta,ok,-0.03563533481687153
trillionlabs/Tri-0.5B-Base,15,0.625,mean,ko,en,r1,256,512,raw,ok,0.26953125
trillionlabs/Tri-0.5B-Base,15,0.625,mean,ko,en,r1,256,512,aligned,ok,0.205078125
trillionlabs/Tri-0.5B-Base,15,0.625,mean,ko,en,r1,256,512,delta,ok,-0.064453125
trillionlabs/Tri-0.5B-Base,15,0.625,mean,ko,en,r5,256,512,raw,ok,0.30859375
trillionlabs/Tri-0.5B-Base,15,0.625,mean,ko,en,r5,256,512,aligned,ok,0.27734375
trillionlabs/Tri-0.5B-Base,15,0.625,mean,ko,en,r5,256,512,delta,ok,-0.03125
trillionlabs/Tri-0.5B-Base,15,0.625,mean,ko,en,r10,256,512,raw,ok,0.337890625
trillionlabs/Tri-0.5B-Base,15,0.625,mean,ko,en,r10,256,512,aligned,ok,0.314453125
trillionlabs/Tri-0.5B-Base,15,0.625,mean,ko,en,r10,256,512,delta,ok,-0.0234375
trillionlabs/Tri-0.5B-Base,15,0.625,mean,ko,en,mrr,256,512,raw,ok,0.29739789429335506
trillionlabs/Tri-0.5B-Base,15,0.625,mean,ko,en,mrr,256,512,aligned,ok,0.2449836018646946
trillionlabs/Tri-0.5B-Base,15,0.625,mean,ko,en,mrr,256,512,delta,ok,-0.05241429242866047
trillionlabs/Tri-0.5B-Base,15,0.625,mean,en,ja,r1,256,512,raw,ok,0.521484375
trillionlabs/Tri-0.5B-Base,15,0.625,mean,en,ja,r1,256,512,aligned,ok,0.390625
trillionlabs/Tri-0.5B-Base,15,0.625,mean,en,ja,r1,256,512,delta,ok,-0.130859375
trillionlabs/Tri-0.5B-Base,15,0.625,mean,en,ja,r5,256,512,raw,ok,0.63671875
trillionlabs/Tri-0.5B-Base,15,0.625,mean,en,ja,r5,256,512,aligned,ok,0.4921875
trillionlabs/Tri-0.5B-Base,15,0.625,mean,en,ja,r5,256,512,delta,ok,-0.14453125
trillionlabs/Tri-0.5B-Base,15,0.625,mean,en,ja,r10,256,512,raw,ok,0.689453125
trillionlabs/Tri-0.5B-Base,15,0.625,mean,en,ja,r10,256,512,aligned,ok,0.51953125
trillionlabs/Tri-0.5B-Base,15,0.625,mean,en,ja,r10,256,512,delta,ok,-0.169921875
trillionlabs/Tri-0.5B-Base,15,0.625,mean,en,ja,mrr,256,512,raw,ok,0.5784094406305991
trillionlabs/Tri-0.5B-Base,15,0.625,mean,en,ja,mrr,256,512,aligned,ok,0.439521537430273
trillionlabs/Tri-0.5B-Base,15,0.625,mean,en,ja,mrr,256,512,delta,ok,-0.13888790320032607
trillionlabs/Tri-0.5B-Base,15,0.625,mean,ja,en,r1,256,512,raw,ok,0.365234375
trillionlabs/Tri-0.5B-Base,15,0.625,mean,ja,en,r1,256,512,aligned,ok,0.232421875
trillionlabs/Tri-0.5B-Base,15,0.625,mean,ja,en,r1,256,512,delta,ok,-0.1328125
trillionlabs/Tri-0.5B-Base,15,0.625,mean,ja,en,r5,256,512,raw,ok,0.447265625
trillionlabs/Tri-0.5B-Base,15,0.625,mean,ja,en,r5,256,512,aligned,ok,0.32421875
trillionlabs/Tri-0.5B-Base,15,0.625,mean,ja,en,r5,256,512,delta,ok,-0.123046875
trillionlabs/Tri-0.5B-Base,15,0.625,mean,ja,en,r10,256,512,raw,ok,0.490234375
trillionlabs/Tri-0.5B-Base,15,0.625,mean,ja,en,r10,256,512,aligned,ok,0.36328125
trillionlabs/Tri-0.5B-Base,15,0.625,mean,ja,en,r10,256,512,delta,ok,-0.126953125
trillionlabs/Tri-0.5B-Base,15,0.625,mean,ja,en,mrr,256,512,raw,ok,0.4076934261989541
trillionlabs/Tri-0.5B-Base,15,0.625,mean,ja,en,mrr,256,512,aligned,ok,0.2756913133537726
trillionlabs/Tri-0.5B-Base,15,0.625,mean,ja,en,mrr,256,512,delta,ok,-0.13200211284518149
trillionlabs/Tri-0.5B-Base,15,0.625,mean,en,zh,r1,256,512,raw,ok,0.458984375
trillionlabs/Tri-0.5B-Base,15,0.625,mean,en,zh,r1,256,512,aligned,ok,0.4375
trillionlabs/Tri-0.5B-Base,15,0.625,mean,en,zh,r1,256,512,delta,ok,-0.021484375
trillionlabs/Tri-0.5B-Base,15,0.625,mean,en,zh,r5,256,512,raw,ok,0.626953125
trillionlabs/Tri-0.5B-Base,15,0.625,mean,en,zh,r5,256,512,aligned,ok,0.49609375
trillionlabs/Tri-0.5B-Base,15,0.625,mean,en,zh,r5,256,512,delta,ok,-0.130859375
trillionlabs/Tri-0.5B-Base,15,0.625,mean,en,zh,r10,256,512,raw,ok,0.66796875
trillionlabs/Tri-0.5B-Base,15,0.625,mean,en,zh,r10,256,512,aligned,ok,0.51953125
trillionlabs/Tri-0.5B-Base,15,0.625,mean,en,zh,r10,256,512,delta,ok,-0.1484375
trillionlabs/Tri-0.5B-Base,15,0.625,mean,en,zh,mrr,256,512,raw,ok,0.5364125555231526
trillionlabs/Tri-0.5B-Base,15,0.625,mean,en,zh,mrr,256,512,aligned,ok,0.4664762371195569
trillionlabs/Tri-0.5B-Base,15,0.625,mean,en,zh,mrr,256,512,delta,ok,-0.06993631840359571
trillionlabs/Tri-0.5B-Base,15,0.625,mean,zh,en,r1,256,512,raw,ok,0.34375
trillionlabs/Tri-0.5B-Base,15,0.625,mean,zh,en,r1,256,512,aligned,ok,0.212890625
trillionlabs/Tri-0.5B-Base,15,0.625,mean,zh,en,r1,256,512,delta,ok,-0.130859375
trillionlabs/Tri-0.5B-Base,15,0.625,mean,zh,en,r5,256,512,raw,ok,0.443359375
trillionlabs/Tri-0.5B-Base,15,0.625,mean,zh,en,r5,256,512,aligned,ok,0.302734375
trillionlabs/Tri-0.5B-Base,15,0.625,mean,zh,en,r5,256,512,delta,ok,-0.140625
trillionlabs/Tri-0.5B-Base,15,0.625,mean,zh,en,r10,256,512,raw,ok,0.484375
trillionlabs/Tri-0.5B-Base,15,0.625,mean,zh,en,r10,256,512,aligned,ok,0.3359375
trillionlabs/Tri-0.5B-Base,15,0.625,mean,zh,en,r10,256,512,delta,ok,-0.1484375
trillionlabs/Tri-0.5B-Base,15,0.625,mean,zh,en,mrr,256,512,raw,ok,0.3932316809611942
trillionlabs/Tri-0.5B-Base,15,0.625,mean,zh,en,mrr,256,512,aligned,ok,0.2577776697493921
trillionlabs/Tri-0.5B-Base,15,0.625,mean,zh,en,mrr,256,512,delta,ok,-0.13545401121180212
trillionlabs/Tri-0.5B-Base,15,0.625,mean,ko,ja,r1,256,512,raw,ok,0.40625
trillionlabs/Tri-0.5B-Base,15,0.625,mean,ko,ja,r1,256,512,aligned,ok,0.322265625
trillionlabs/Tri-0.5B-Base,15,0.625,mean,ko,ja,r1,256,512,delta,ok,-0.083984375
trillionlabs/Tri-0.5B-Base,15,0.625,mean,ko,ja,r5,256,512,raw,ok,0.521484375
trillionlabs/Tri-0.5B-Base,15,0.625,mean,ko,ja,r5,256,512,aligned,ok,0.40625
trillionlabs/Tri-0.5B-Base,15,0.625,mean,ko,ja,r5,256,512,delta,ok,-0.115234375
trillionlabs/Tri-0.5B-Base,15,0.625,mean,ko,ja,r10,256,512,raw,ok,0.546875
trillionlabs/Tri-0.5B-Base,15,0.625,mean,ko,ja,r10,256,512,aligned,ok,0.4453125
trillionlabs/Tri-0.5B-Base,15,0.625,mean,ko,ja,r10,256,512,delta,ok,-0.1015625
trillionlabs/Tri-0.5B-Base,15,0.625,mean,ko,ja,mrr,256,512,raw,ok,0.46171405314481884
trillionlabs/Tri-0.5B-Base,15,0.625,mean,ko,ja,mrr,256,512,aligned,ok,0.3652481539178408
trillionlabs/Tri-0.5B-Base,15,0.625,mean,ko,ja,mrr,256,512,delta,ok,-0.09646589922697801
trillionlabs/Tri-0.5B-Base,15,0.625,mean,ja,ko,r1,256,512,raw,ok,0.591796875
trillionlabs/Tri-0.5B-Base,15,0.625,mean,ja,ko,r1,256,512,aligned,ok,0.375
trillionlabs/Tri-0.5B-Base,15,0.625,mean,ja,ko,r1,256,512,delta,ok,-0.216796875
trillionlabs/Tri-0.5B-Base,15,0.625,mean,ja,ko,r5,256,512,raw,ok,0.744140625
trillionlabs/Tri-0.5B-Base,15,0.625,mean,ja,ko,r5,256,512,aligned,ok,0.455078125
trillionlabs/Tri-0.5B-Base,15,0.625,mean,ja,ko,r5,256,512,delta,ok,-0.2890625
trillionlabs/Tri-0.5B-Base,15,0.625,mean,ja,ko,r10,256,512,raw,ok,0.783203125
trillionlabs/Tri-0.5B-Base,15,0.625,mean,ja,ko,r10,256,512,aligned,ok,0.48046875
trillionlabs/Tri-0.5B-Base,15,0.625,mean,ja,ko,r10,256,512,delta,ok,-0.302734375
trillionlabs/Tri-0.5B-Base,15,0.625,mean,ja,ko,mrr,256,512,raw,ok,0.6606328093569295
trillionlabs/Tri-0.5B-Base,15,0.625,mean,ja,ko,mrr,256,512,aligned,ok,0.41533623372492484
trillionlabs/Tri-0.5B-Base,15,0.625,mean,ja,ko,mrr,256,512,delta,ok,-0.24529657563200463
trillionlabs/Tri-0.5B-Base,15,0.625,mean,ko,zh,r1,256,512,raw,ok,0.3046875
trillionlabs/Tri-0.5B-Base,15,0.625,mean,ko,zh,r1,256,512,aligned,ok,0.30078125
trillionlabs/Tri-0.5B-Base,15,0.625,mean,ko,zh,r1,256,512,delta,ok,-0.00390625
trillionlabs/Tri-0.5B-Base,15,0.625,mean,ko,zh,r5,256,512,raw,ok,0.419921875
trillionlabs/Tri-0.5B-Base,15,0.625,mean,ko,zh,r5,256,512,aligned,ok,0.376953125
trillionlabs/Tri-0.5B-Base,15,0.625,mean,ko,zh,r5,256,512,delta,ok,-0.04296875
trillionlabs/Tri-0.5B-Base,15,0.625,mean,ko,zh,r10,256,512,raw,ok,0.46484375
trillionlabs/Tri-0.5B-Base,15,0.625,mean,ko,zh,r10,256,512,aligned,ok,0.3984375
trillionlabs/Tri-0.5B-Base,15,0.625,mean,ko,zh,r10,256,512,delta,ok,-0.06640625
trillionlabs/Tri-0.5B-Base,15,0.625,mean,ko,zh,mrr,256,512,raw,ok,0.3615031715057092
trillionlabs/Tri-0.5B-Base,15,0.625,mean,ko,zh,mrr,256,512,aligned,ok,0.33975632385160026
trillionlabs/Tri-0.5B-Base,15,0.625,mean,ko,zh,mrr,256,512,delta,ok,-0.021746847654108947
trillionlabs/Tri-0.5B-Base,15,0.625,mean,zh,ko,r1,256,512,raw,ok,0.537109375
trillionlabs/Tri-0.5B-Base,15,0.625,mean,zh,ko,r1,256,512,aligned,ok,0.306640625
trillionlabs/Tri-0.5B-Base,15,0.625,mean,zh,ko,r1,256,512,delta,ok,-0.23046875
trillionlabs/Tri-0.5B-Base,15,0.625,mean,zh,ko,r5,256,512,raw,ok,0.681640625
trillionlabs/Tri-0.5B-Base,15,0.625,mean,zh,ko,r5,256,512,aligned,ok,0.41015625
trillionlabs/Tri-0.5B-Base,15,0.625,mean,zh,ko,r5,256,512,delta,ok,-0.271484375
trillionlabs/Tri-0.5B-Base,15,0.625,mean,zh,ko,r10,256,512,raw,ok,0.734375
trillionlabs/Tri-0.5B-Base,15,0.625,mean,zh,ko,r10,256,512,aligned,ok,0.451171875
trillionlabs/Tri-0.5B-Base,15,0.625,mean,zh,ko,r10,256,512,delta,ok,-0.283203125
trillionlabs/Tri-0.5B-Base,15,0.625,mean,zh,ko,mrr,256,512,raw,ok,0.6047104300908664
trillionlabs/Tri-0.5B-Base,15,0.625,mean,zh,ko,mrr,256,512,aligned,ok,0.3573018416756967
trillionlabs/Tri-0.5B-Base,15,0.625,mean,zh,ko,mrr,256,512,delta,ok,-0.24740858841516977
trillionlabs/Tri-0.5B-Base,15,0.625,mean,ja,zh,r1,256,512,raw,ok,0.6015625
trillionlabs/Tri-0.5B-Base,15,0.625,mean,ja,zh,r1,256,512,aligned,ok,0.318359375
trillionlabs/Tri-0.5B-Base,15,0.625,mean,ja,zh,r1,256,512,delta,ok,-0.283203125
trillionlabs/Tri-0.5B-Base,15,0.625,mean,ja,zh,r5,256,512,raw,ok,0.72265625
trillionlabs/Tri-0.5B-Base,15,0.625,mean,ja,zh,r5,256,512,aligned,ok,0.416015625
trillionlabs/Tri-0.5B-Base,15,0.625,mean,ja,zh,r5,256,512,delta,ok,-0.306640625
trillionlabs/Tri-0.5B-Base,15,0.625,mean,ja,zh,r10,256,512,raw,ok,0.74609375
trillionlabs/Tri-0.5B-Base,15,0.625,mean,ja,zh,r10,256,512,aligned,ok,0.4375
trillionlabs/Tri-0.5B-Base,15,0.625,mean,ja,zh,r10,256,512,delta,ok,-0.30859375
trillionlabs/Tri-0.5B-Base,15,0.625,mean,ja,zh,mrr,256,512,raw,ok,0.6564415055643875
trillionlabs/Tri-0.5B-Base,15,0.625,mean,ja,zh,mrr,256,512,aligned,ok,0.36850070972142157
trillionlabs/Tri-0.5B-Base,15,0.625,mean,ja,zh,mrr,256,512,delta,ok,-0.28794079584296595
trillionlabs/Tri-0.5B-Base,15,0.625,mean,zh,ja,r1,256,512,raw,ok,0.58984375
trillionlabs/Tri-0.5B-Base,15,0.625,mean,zh,ja,r1,256,512,aligned,ok,0.318359375
trillionlabs/Tri-0.5B-Base,15,0.625,mean,zh,ja,r1,256,512,delta,ok,-0.271484375
trillionlabs/Tri-0.5B-Base,15,0.625,mean,zh,ja,r5,256,512,raw,ok,0.68359375
trillionlabs/Tri-0.5B-Base,15,0.625,mean,zh,ja,r5,256,512,aligned,ok,0.427734375
trillionlabs/Tri-0.5B-Base,15,0.625,mean,zh,ja,r5,256,512,delta,ok,-0.255859375
trillionlabs/Tri-0.5B-Base,15,0.625,mean,zh,ja,r10,256,512,raw,ok,0.73828125
trillionlabs/Tri-0.5B-Base,15,0.625,mean,zh,ja,r10,256,512,aligned,ok,0.466796875
trillionlabs/Tri-0.5B-Base,15,0.625,mean,zh,ja,r10,256,512,delta,ok,-0.271484375
trillionlabs/Tri-0.5B-Base,15,0.625,mean,zh,ja,mrr,256,512,raw,ok,0.6374881836957498
trillionlabs/Tri-0.5B-Base,15,0.625,mean,zh,ja,mrr,256,512,aligned,ok,0.3729843698037036
trillionlabs/Tri-0.5B-Base,15,0.625,mean,zh,ja,mrr,256,512,delta,ok,-0.2645038138920462
trillionlabs/Tri-0.5B-Base,16,0.6666666666666666,mean,en,ko,r1,256,512,raw,ok,0.4765625
trillionlabs/Tri-0.5B-Base,16,0.6666666666666666,mean,en,ko,r1,256,512,aligned,ok,0.4453125
trillionlabs/Tri-0.5B-Base,16,0.6666666666666666,mean,en,ko,r1,256,512,delta,ok,-0.03125
trillionlabs/Tri-0.5B-Base,16,0.6666666666666666,mean,en,ko,r5,256,512,raw,ok,0.595703125
trillionlabs/Tri-0.5B-Base,16,0.6666666666666666,mean,en,ko,r5,256,512,aligned,ok,0.521484375
trillionlabs/Tri-0.5B-Base,16,0.6666666666666666,mean,en,ko,r5,256,512,delta,ok,-0.07421875
trillionlabs/Tri-0.5B-Base,16,0.6666666666666666,mean,en,ko,r10,256,512,raw,ok,0.642578125
trillionlabs/Tri-0.5B-Base,16,0.6666666666666666,mean,en,ko,r10,256,512,aligned,ok,0.546875
trillionlabs/Tri-0.5B-Base,16,0.6666666666666666,mean,en,ko,r10,256,512,delta,ok,-0.095703125
trillionlabs/Tri-0.5B-Base,16,0.6666666666666666,mean,en,ko,mrr,256,512,raw,ok,0.5403666087637741
trillionlabs/Tri-0.5B-Base,16,0.6666666666666666,mean,en,ko,mrr,256,512,aligned,ok,0.48534981334904836
trillionlabs/Tri-0.5B-Base,16,0.6666666666666666,mean,en,ko,mrr,256,512,delta,ok,-0.055016795414725705
trillionlabs/Tri-0.5B-Base,16,0.6666666666666666,mean,ko,en,r1,256,512,raw,ok,0.271484375
trillionlabs/Tri-0.5B-Base,16,0.6666666666666666,mean,ko,en,r1,256,512,aligned,ok,0.205078125
trillionlabs/Tri-0.5B-Base,16,0.6666666666666666,mean,ko,en,r1,256,512,delta,ok,-0.06640625
trillionlabs/Tri-0.5B-Base,16,0.6666666666666666,mean,ko,en,r5,256,512,raw,ok,0.322265625
trillionlabs/Tri-0.5B-Base,16,0.6666666666666666,mean,ko,en,r5,256,512,aligned,ok,0.291015625
trillionlabs/Tri-0.5B-Base,16,0.6666666666666666,mean,ko,en,r5,256,512,delta,ok,-0.03125
trillionlabs/Tri-0.5B-Base,16,0.6666666666666666,mean,ko,en,r10,256,512,raw,ok,0.341796875
trillionlabs/Tri-0.5B-Base,16,0.6666666666666666,mean,ko,en,r10,256,512,aligned,ok,0.330078125
trillionlabs/Tri-0.5B-Base,16,0.6666666666666666,mean,ko,en,r10,256,512,delta,ok,-0.01171875
trillionlabs/Tri-0.5B-Base,16,0.6666666666666666,mean,ko,en,mrr,256,512,raw,ok,0.3012096624939973
trillionlabs/Tri-0.5B-Base,16,0.6666666666666666,mean,ko,en,mrr,256,512,aligned,ok,0.24837802172863493
trillionlabs/Tri-0.5B-Base,16,0.6666666666666666,mean,ko,en,mrr,256,512,delta,ok,-0.05283164076536234
trillionlabs/Tri-0.5B-Base,16,0.6666666666666666,mean,en,ja,r1,256,512,raw,ok,0.55859375
trillionlabs/Tri-0.5B-Base,16,0.6666666666666666,mean,en,ja,r1,256,512,aligned,ok,0.416015625
trillionlabs/Tri-0.5B-Base,16,0.6666666666666666,mean,en,ja,r1,256,512,delta,ok,-0.142578125
trillionlabs/Tri-0.5B-Base,16,0.6666666666666666,mean,en,ja,r5,256,512,raw,ok,0.6953125
trillionlabs/Tri-0.5B-Base,16,0.6666666666666666,mean,en,ja,r5,256,512,aligned,ok,0.509765625
trillionlabs/Tri-0.5B-Base,16,0.6666666666666666,mean,en,ja,r5,256,512,delta,ok,-0.185546875
trillionlabs/Tri-0.5B-Base,16,0.6666666666666666,mean,en,ja,r10,256,512,raw,ok,0.734375
trillionlabs/Tri-0.5B-Base,16,0.6666666666666666,mean,en,ja,r10,256,512,aligned,ok,0.544921875
trillionlabs/Tri-0.5B-Base,16,0.6666666666666666,mean,en,ja,r10,256,512,delta,ok,-0.189453125
trillionlabs/Tri-0.5B-Base,16,0.6666666666666666,mean,en,ja,mrr,256,512,raw,ok,0.6232191777233111
trillionlabs/Tri-0.5B-Base,16,0.6666666666666666,mean,en,ja,mrr,256,512,aligned,ok,0.46219201448361147
trillionlabs/Tri-0.5B-Base,16,0.6666666666666666,mean,en,ja,mrr,256,512,delta,ok,-0.16102716323969968
trillionlabs/Tri-0.5B-Base,16,0.6666666666666666,mean,ja,en,r1,256,512,raw,ok,0.369140625
trillionlabs/Tri-0.5B-Base,16,0.6666666666666666,mean,ja,en,r1,256,512,aligned,ok,0.234375
trillionlabs/Tri-0.5B-Base,16,0.6666666666666666,mean,ja,en,r1,256,512,delta,ok,-0.134765625
trillionlabs/Tri-0.5B-Base,16,0.6666666666666666,mean,ja,en,r5,256,512,raw,ok,0.44921875
trillionlabs/Tri-0.5B-Base,16,0.6666666666666666,mean,ja,en,r5,256,512,aligned,ok,0.328125
trillionlabs/Tri-0.5B-Base,16,0.6666666666666666,mean,ja,en,r5,256,512,delta,ok,-0.12109375
trillionlabs/Tri-0.5B-Base,16,0.6666666666666666,mean,ja,en,r10,256,512,raw,ok,0.4921875
trillionlabs/Tri-0.5B-Base,16,0.6666666666666666,mean,ja,en,r10,256,512,aligned,ok,0.373046875
trillionlabs/Tri-0.5B-Base,16,0.6666666666666666,mean,ja,en,r10,256,512,delta,ok,-0.119140625
trillionlabs/Tri-0.5B-Base,16,0.6666666666666666,mean,ja,en,mrr,256,512,raw,ok,0.4102109532076448
trillionlabs/Tri-0.5B-Base,16,0.6666666666666666,mean,ja,en,mrr,256,512,aligned,ok,0.28251122143092866
trillionlabs/Tri-0.5B-Base,16,0.6666666666666666,mean,ja,en,mrr,256,512,delta,ok,-0.12769973177671612
trillionlabs/Tri-0.5B-Base,16,0.6666666666666666,mean,en,zh,r1,256,512,raw,ok,0.52734375
trillionlabs/Tri-0.5B-Base,16,0.6666666666666666,mean,en,zh,r1,256,512,aligned,ok,0.439453125
trillionlabs/Tri-0.5B-Base,16,0.6666666666666666,mean,en,zh,r1,256,512,delta,ok,-0.087890625
trillionlabs/Tri-0.5B-Base,16,0.6666666666666666,mean,en,zh,r5,256,512,raw,ok,0.66796875
trillionlabs/Tri-0.5B-Base,16,0.6666666666666666,mean,en,zh,r5,256,512,aligned,ok,0.509765625
trillionlabs/Tri-0.5B-Base,16,0.6666666666666666,mean,en,zh,r5,256,512,delta,ok,-0.158203125
trillionlabs/Tri-0.5B-Base,16,0.6666666666666666,mean,en,zh,r10,256,512,raw,ok,0.71875
trillionlabs/Tri-0.5B-Base,16,0.6666666666666666,mean,en,zh,r10,256,512,aligned,ok,0.53515625
trillionlabs/Tri-0.5B-Base,16,0.6666666666666666,mean,en,zh,r10,256,512,delta,ok,-0.18359375
trillionlabs/Tri-0.5B-Base,16,0.6666666666666666,mean,en,zh,mrr,256,512,raw,ok,0.595164368040086
trillionlabs/Tri-0.5B-Base,16,0.6666666666666666,mean,en,zh,mrr,256,512,aligned,ok,0.47640279107176386
trillionlabs/Tri-0.5B-Base,16,0.6666666666666666,mean,en,zh,mrr,256,512,delta,ok,-0.11876157696832212
trillionlabs/Tri-0.5B-Base,16,0.6666666666666666,mean,zh,en,r1,256,512,raw,ok,0.359375
trillionlabs/Tri-0.5B-Base,16,0.6666666666666666,mean,zh,en,r1,256,512,aligned,ok,0.21875
trillionlabs/Tri-0.5B-Base,16,0.6666666666666666,mean,zh,en,r1,256,512,delta,ok,-0.140625
trillionlabs/Tri-0.5B-Base,16,0.6666666666666666,mean,zh,en,r5,256,512,raw,ok,0.44921875
trillionlabs/Tri-0.5B-Base,16,0.6666666666666666,mean,zh,en,r5,256,512,aligned,ok,0.310546875
trillionlabs/Tri-0.5B-Base,16,0.6666666666666666,mean,zh,en,r5,256,512,delta,ok,-0.138671875
trillionlabs/Tri-0.5B-Base,16,0.6666666666666666,mean,zh,en,r10,256,512,raw,ok,0.498046875
trillionlabs/Tri-0.5B-Base,16,0.6666666666666666,mean,zh,en,r10,256,512,aligned,ok,0.341796875
trillionlabs/Tri-0.5B-Base,16,0.6666666666666666,mean,zh,en,r10,256,512,delta,ok,-0.15625
trillionlabs/Tri-0.5B-Base,16,0.6666666666666666,mean,zh,en,mrr,256,512,raw,ok,0.4080782911101356
trillionlabs/Tri-0.5B-Base,16,0.6666666666666666,mean,zh,en,mrr,256,512,aligned,ok,0.2640911864330062
trillionlabs/Tri-0.5B-Base,16,0.6666666666666666,mean,zh,en,mrr,256,512,delta,ok,-0.14398710467712938
trillionlabs/Tri-0.5B-Base,16,0.6666666666666666,mean,ko,ja,r1,256,512,raw,ok,0.4453125
trillionlabs/Tri-0.5B-Base,16,0.6666666666666666,mean,ko,ja,r1,256,512,aligned,ok,0.337890625
trillionlabs/Tri-0.5B-Base,16,0.6666666666666666,mean,ko,ja,r1,256,512,delta,ok,-0.107421875
trillionlabs/Tri-0.5B-Base,16,0.6666666666666666,mean,ko,ja,r5,256,512,raw,ok,0.55078125
trillionlabs/Tri-0.5B-Base,16,0.6666666666666666,mean,ko,ja,r5,256,512,aligned,ok,0.439453125
trillionlabs/Tri-0.5B-Base,16,0.6666666666666666,mean,ko,ja,r5,256,512,delta,ok,-0.111328125
trillionlabs/Tri-0.5B-Base,16,0.6666666666666666,mean,ko,ja,r10,256,512,raw,ok,0.607421875
trillionlabs/Tri-0.5B-Base,16,0.6666666666666666,mean,ko,ja,r10,256,512,aligned,ok,0.4609375
trillionlabs/Tri-0.5B-Base,16,0.6666666666666666,mean,ko,ja,r10,256,512,delta,ok,-0.146484375
trillionlabs/Tri-0.5B-Base,16,0.6666666666666666,mean,ko,ja,mrr,256,512,raw,ok,0.5002617131880787
trillionlabs/Tri-0.5B-Base,16,0.6666666666666666,mean,ko,ja,mrr,256,512,aligned,ok,0.3862543827240603
trillionlabs/Tri-0.5B-Base,16,0.6666666666666666,mean,ko,ja,mrr,256,512,delta,ok,-0.11400733046401834
trillionlabs/Tri-0.5B-Base,16,0.6666666666666666,mean,ja,ko,r1,256,512,raw,ok,0.654296875
trillionlabs/Tri-0.5B-Base,16,0.6666666666666666,mean,ja,ko,r1,256,512,aligned,ok,0.390625
trillionlabs/Tri-0.5B-Base,16,0.6666666666666666,mean,ja,ko,r1,256,512,delta,ok,-0.263671875
trillionlabs/Tri-0.5B-Base,16,0.6666666666666666,mean,ja,ko,r5,256,512,raw,ok,0.787109375
trillionlabs/Tri-0.5B-Base,16,0.6666666666666666,mean,ja,ko,r5,256,512,aligned,ok,0.470703125
trillionlabs/Tri-0.5B-Base,16,0.6666666666666666,mean,ja,ko,r5,256,512,delta,ok,-0.31640625
trillionlabs/Tri-0.5B-Base,16,0.6666666666666666,mean,ja,ko,r10,256,512,raw,ok,0.833984375
trillionlabs/Tri-0.5B-Base,16,0.6666666666666666,mean,ja,ko,r10,256,512,aligned,ok,0.4921875
trillionlabs/Tri-0.5B-Base,16,0.6666666666666666,mean,ja,ko,r10,256,512,delta,ok,-0.341796875
trillionlabs/Tri-0.5B-Base,16,0.6666666666666666,mean,ja,ko,mrr,256,512,raw,ok,0.7162450450893061
trillionlabs/Tri-0.5B-Base,16,0.6666666666666666,mean,ja,ko,mrr,256,512,aligned,ok,0.43089192036816015
trillionlabs/Tri-0.5B-Base,16,0.6666666666666666,mean,ja,ko,mrr,256,512,delta,ok,-0.28535312472114593
trillionlabs/Tri-0.5B-Base,16,0.6666666666666666,mean,ko,zh,r1,256,512,raw,ok,0.3515625
trillionlabs/Tri-0.5B-Base,16,0.6666666666666666,mean,ko,zh,r1,256,512,aligned,ok,0.314453125
trillionlabs/Tri-0.5B-Base,16,0.6666666666666666,mean,ko,zh,r1,256,512,delta,ok,-0.037109375
trillionlabs/Tri-0.5B-Base,16,0.6666666666666666,mean,ko,zh,r5,256,512,raw,ok,0.46484375
trillionlabs/Tri-0.5B-Base,16,0.6666666666666666,mean,ko,zh,r5,256,512,aligned,ok,0.3984375
trillionlabs/Tri-0.5B-Base,16,0.6666666666666666,mean,ko,zh,r5,256,512,delta,ok,-0.06640625
trillionlabs/Tri-0.5B-Base,16,0.6666666666666666,mean,ko,zh,r10,256,512,raw,ok,0.521484375
trillionlabs/Tri-0.5B-Base,16,0.6666666666666666,mean,ko,zh,r10,256,512,aligned,ok,0.4296875
trillionlabs/Tri-0.5B-Base,16,0.6666666666666666,mean,ko,zh,r10,256,512,delta,ok,-0.091796875
trillionlabs/Tri-0.5B-Base,16,0.6666666666666666,mean,ko,zh,mrr,256,512,raw,ok,0.41006454904323103
trillionlabs/Tri-0.5B-Base,16,0.6666666666666666,mean,ko,zh,mrr,256,512,aligned,ok,0.35751529803048776
trillionlabs/Tri-0.5B-Base,16,0.6666666666666666,mean,ko,zh,mrr,256,512,delta,ok,-0.05254925101274327
trillionlabs/Tri-0.5B-Base,16,0.6666666666666666,mean,zh,ko,r1,256,512,raw,ok,0.60546875
trillionlabs/Tri-0.5B-Base,16,0.6666666666666666,mean,zh,ko,r1,256,512,aligned,ok,0.3359375
trillionlabs/Tri-0.5B-Base,16,0.6666666666666666,mean,zh,ko,r1,256,512,delta,ok,-0.26953125
trillionlabs/Tri-0.5B-Base,16,0.6666666666666666,mean,zh,ko,r5,256,512,raw,ok,0.7265625
trillionlabs/Tri-0.5B-Base,16,0.6666666666666666,mean,zh,ko,r5,256,512,aligned,ok,0.43359375
trillionlabs/Tri-0.5B-Base,16,0.6666666666666666,mean,zh,ko,r5,256,512,delta,ok,-0.29296875
trillionlabs/Tri-0.5B-Base,16,0.6666666666666666,mean,zh,ko,r10,256,512,raw,ok,0.7578125
trillionlabs/Tri-0.5B-Base,16,0.6666666666666666,mean,zh,ko,r10,256,512,aligned,ok,0.47265625
trillionlabs/Tri-0.5B-Base,16,0.6666666666666666,mean,zh,ko,r10,256,512,delta,ok,-0.28515625
trillionlabs/Tri-0.5B-Base,16,0.6666666666666666,mean,zh,ko,mrr,256,512,raw,ok,0.6614359513248521
trillionlabs/Tri-0.5B-Base,16,0.6666666666666666,mean,zh,ko,mrr,256,512,aligned,ok,0.38469658627879794
trillionlabs/Tri-0.5B-Base,16,0.6666666666666666,mean,zh,ko,mrr,256,512,delta,ok,-0.2767393650460542
trillionlabs/Tri-0.5B-Base,16,0.6666666666666666,mean,ja,zh,r1,256,512,raw,ok,0.634765625
trillionlabs/Tri-0.5B-Base,16,0.6666666666666666,mean,ja,zh,r1,256,512,aligned,ok,0.345703125
trillionlabs/Tri-0.5B-Base,16,0.6666666666666666,mean,ja,zh,r1,256,512,delta,ok,-0.2890625
trillionlabs/Tri-0.5B-Base,16,0.6666666666666666,mean,ja,zh,r5,256,512,raw,ok,0.736328125
trillionlabs/Tri-0.5B-Base,16,0.6666666666666666,mean,ja,zh,r5,256,512,aligned,ok,0.4140625
trillionlabs/Tri-0.5B-Base,16,0.6666666666666666,mean,ja,zh,r5,256,512,delta,ok,-0.322265625
trillionlabs/Tri-0.5B-Base,16,0.6666666666666666,mean,ja,zh,r10,256,512,raw,ok,0.771484375
trillionlabs/Tri-0.5B-Base,16,0.6666666666666666,mean,ja,zh,r10,256,512,aligned,ok,0.44921875
trillionlabs/Tri-0.5B-Base,16,0.6666666666666666,mean,ja,zh,r10,256,512,delta,ok,-0.322265625
trillionlabs/Tri-0.5B-Base,16,0.6666666666666666,mean,ja,zh,mrr,256,512,raw,ok,0.6851883888668091
trillionlabs/Tri-0.5B-Base,16,0.6666666666666666,mean,ja,zh,mrr,256,512,aligned,ok,0.38753343277205315
trillionlabs/Tri-0.5B-Base,16,0.6666666666666666,mean,ja,zh,mrr,256,512,delta,ok,-0.29765495609475595
trillionlabs/Tri-0.5B-Base,16,0.6666666666666666,mean,zh,ja,r1,256,512,raw,ok,0.619140625
trillionlabs/Tri-0.5B-Base,16,0.6666666666666666,mean,zh,ja,r1,256,512,aligned,ok,0.330078125
trillionlabs/Tri-0.5B-Base,16,0.6666666666666666,mean,zh,ja,r1,256,512,delta,ok,-0.2890625
trillionlabs/Tri-0.5B-Base,16,0.6666666666666666,mean,zh,ja,r5,256,512,raw,ok,0.728515625
trillionlabs/Tri-0.5B-Base,16,0.6666666666666666,mean,zh,ja,r5,256,512,aligned,ok,0.45703125
trillionlabs/Tri-0.5B-Base,16,0.6666666666666666,mean,zh,ja,r5,256,512,delta,ok,-0.271484375
trillionlabs/Tri-0.5B-Base,16,0.6666666666666666,mean,zh,ja,r10,256,512,raw,ok,0.771484375
trillionlabs/Tri-0.5B-Base,16,0.6666666666666666,mean,zh,ja,r10,256,512,aligned,ok,0.478515625
trillionlabs/Tri-0.5B-Base,16,0.6666666666666666,mean,zh,ja,r10,256,512,delta,ok,-0.29296875
trillionlabs/Tri-0.5B-Base,16,0.6666666666666666,mean,zh,ja,mrr,256,512,raw,ok,0.6686064131044537
trillionlabs/Tri-0.5B-Base,16,0.6666666666666666,mean,zh,ja,mrr,256,512,aligned,ok,0.3904660572817646
trillionlabs/Tri-0.5B-Base,16,0.6666666666666666,mean,zh,ja,mrr,256,512,delta,ok,-0.2781403558226891
trillionlabs/Tri-0.5B-Base,17,0.7083333333333334,mean,en,ko,r1,256,512,raw,ok,0.49609375
trillionlabs/Tri-0.5B-Base,17,0.7083333333333334,mean,en,ko,r1,256,512,aligned,ok,0.45703125
trillionlabs/Tri-0.5B-Base,17,0.7083333333333334,mean,en,ko,r1,256,512,delta,ok,-0.0390625
trillionlabs/Tri-0.5B-Base,17,0.7083333333333334,mean,en,ko,r5,256,512,raw,ok,0.630859375
trillionlabs/Tri-0.5B-Base,17,0.7083333333333334,mean,en,ko,r5,256,512,aligned,ok,0.529296875
trillionlabs/Tri-0.5B-Base,17,0.7083333333333334,mean,en,ko,r5,256,512,delta,ok,-0.1015625
trillionlabs/Tri-0.5B-Base,17,0.7083333333333334,mean,en,ko,r10,256,512,raw,ok,0.6875
trillionlabs/Tri-0.5B-Base,17,0.7083333333333334,mean,en,ko,r10,256,512,aligned,ok,0.548828125
trillionlabs/Tri-0.5B-Base,17,0.7083333333333334,mean,en,ko,r10,256,512,delta,ok,-0.138671875
trillionlabs/Tri-0.5B-Base,17,0.7083333333333334,mean,en,ko,mrr,256,512,raw,ok,0.5660818204955319
trillionlabs/Tri-0.5B-Base,17,0.7083333333333334,mean,en,ko,mrr,256,512,aligned,ok,0.49459659670413714
trillionlabs/Tri-0.5B-Base,17,0.7083333333333334,mean,en,ko,mrr,256,512,delta,ok,-0.07148522379139477
trillionlabs/Tri-0.5B-Base,17,0.7083333333333334,mean,ko,en,r1,256,512,raw,ok,0.240234375
trillionlabs/Tri-0.5B-Base,17,0.7083333333333334,mean,ko,en,r1,256,512,aligned,ok,0.193359375
trillionlabs/Tri-0.5B-Base,17,0.7083333333333334,mean,ko,en,r1,256,512,delta,ok,-0.046875
trillionlabs/Tri-0.5B-Base,17,0.7083333333333334,mean,ko,en,r5,256,512,raw,ok,0.302734375
trillionlabs/Tri-0.5B-Base,17,0.7083333333333334,mean,ko,en,r5,256,512,aligned,ok,0.2890625
trillionlabs/Tri-0.5B-Base,17,0.7083333333333334,mean,ko,en,r5,256,512,delta,ok,-0.013671875
trillionlabs/Tri-0.5B-Base,17,0.7083333333333334,mean,ko,en,r10,256,512,raw,ok,0.32421875
trillionlabs/Tri-0.5B-Base,17,0.7083333333333334,mean,ko,en,r10,256,512,aligned,ok,0.328125
trillionlabs/Tri-0.5B-Base,17,0.7083333333333334,mean,ko,en,r10,256,512,delta,ok,0.00390625
trillionlabs/Tri-0.5B-Base,17,0.7083333333333334,mean,ko,en,mrr,256,512,raw,ok,0.27479740941394565
trillionlabs/Tri-0.5B-Base,17,0.7083333333333334,mean,ko,en,mrr,256,512,aligned,ok,0.24245243560656177
trillionlabs/Tri-0.5B-Base,17,0.7083333333333334,mean,ko,en,mrr,256,512,delta,ok,-0.03234497380738388
trillionlabs/Tri-0.5B-Base,17,0.7083333333333334,mean,en,ja,r1,256,512,raw,ok,0.56640625
trillionlabs/Tri-0.5B-Base,17,0.7083333333333334,mean,en,ja,r1,256,512,aligned,ok,0.439453125
trillionlabs/Tri-0.5B-Base,17,0.7083333333333334,mean,en,ja,r1,256,512,delta,ok,-0.126953125
trillionlabs/Tri-0.5B-Base,17,0.7083333333333334,mean,en,ja,r5,256,512,raw,ok,0.71484375
trillionlabs/Tri-0.5B-Base,17,0.7083333333333334,mean,en,ja,r5,256,512,aligned,ok,0.505859375
trillionlabs/Tri-0.5B-Base,17,0.7083333333333334,mean,en,ja,r5,256,512,delta,ok,-0.208984375
trillionlabs/Tri-0.5B-Base,17,0.7083333333333334,mean,en,ja,r10,256,512,raw,ok,0.765625
trillionlabs/Tri-0.5B-Base,17,0.7083333333333334,mean,en,ja,r10,256,512,aligned,ok,0.552734375
trillionlabs/Tri-0.5B-Base,17,0.7083333333333334,mean,en,ja,r10,256,512,delta,ok,-0.212890625
trillionlabs/Tri-0.5B-Base,17,0.7083333333333334,mean,en,ja,mrr,256,512,raw,ok,0.637119024673816
trillionlabs/Tri-0.5B-Base,17,0.7083333333333334,mean,en,ja,mrr,256,512,aligned,ok,0.47657757356525776
trillionlabs/Tri-0.5B-Base,17,0.7083333333333334,mean,en,ja,mrr,256,512,delta,ok,-0.16054145110855822
trillionlabs/Tri-0.5B-Base,17,0.7083333333333334,mean,ja,en,r1,256,512,raw,ok,0.333984375
trillionlabs/Tri-0.5B-Base,17,0.7083333333333334,mean,ja,en,r1,256,512,aligned,ok,0.22265625
trillionlabs/Tri-0.5B-Base,17,0.7083333333333334,mean,ja,en,r1,256,512,delta,ok,-0.111328125
trillionlabs/Tri-0.5B-Base,17,0.7083333333333334,mean,ja,en,r5,256,512,raw,ok,0.3984375
trillionlabs/Tri-0.5B-Base,17,0.7083333333333334,mean,ja,en,r5,256,512,aligned,ok,0.33203125
trillionlabs/Tri-0.5B-Base,17,0.7083333333333334,mean,ja,en,r5,256,512,delta,ok,-0.06640625
trillionlabs/Tri-0.5B-Base,17,0.7083333333333334,mean,ja,en,r10,256,512,raw,ok,0.435546875
trillionlabs/Tri-0.5B-Base,17,0.7083333333333334,mean,ja,en,r10,256,512,aligned,ok,0.3671875
trillionlabs/Tri-0.5B-Base,17,0.7083333333333334,mean,ja,en,r10,256,512,delta,ok,-0.068359375
trillionlabs/Tri-0.5B-Base,17,0.7083333333333334,mean,ja,en,mrr,256,512,raw,ok,0.3702717762750141
trillionlabs/Tri-0.5B-Base,17,0.7083333333333334,mean,ja,en,mrr,256,512,aligned,ok,0.2753957788416871
trillionlabs/Tri-0.5B-Base,17,0.7083333333333334,mean,ja,en,mrr,256,512,delta,ok,-0.09487599743332703
trillionlabs/Tri-0.5B-Base,17,0.7083333333333334,mean,en,zh,r1,256,512,raw,ok,0.57421875
trillionlabs/Tri-0.5B-Base,17,0.7083333333333334,mean,en,zh,r1,256,512,aligned,ok,0.4453125
trillionlabs/Tri-0.5B-Base,17,0.7083333333333334,mean,en,zh,r1,256,512,delta,ok,-0.12890625
trillionlabs/Tri-0.5B-Base,17,0.7083333333333334,mean,en,zh,r5,256,512,raw,ok,0.6953125
trillionlabs/Tri-0.5B-Base,17,0.7083333333333334,mean,en,zh,r5,256,512,aligned,ok,0.515625
trillionlabs/Tri-0.5B-Base,17,0.7083333333333334,mean,en,zh,r5,256,512,delta,ok,-0.1796875
trillionlabs/Tri-0.5B-Base,17,0.7083333333333334,mean,en,zh,r10,256,512,raw,ok,0.744140625
trillionlabs/Tri-0.5B-Base,17,0.7083333333333334,mean,en,zh,r10,256,512,aligned,ok,0.54296875
trillionlabs/Tri-0.5B-Base,17,0.7083333333333334,mean,en,zh,r10,256,512,delta,ok,-0.201171875
trillionlabs/Tri-0.5B-Base,17,0.7083333333333334,mean,en,zh,mrr,256,512,raw,ok,0.6301106555257436
trillionlabs/Tri-0.5B-Base,17,0.7083333333333334,mean,en,zh,mrr,256,512,aligned,ok,0.48179563802468534
trillionlabs/Tri-0.5B-Base,17,0.7083333333333334,mean,en,zh,mrr,256,512,delta,ok,-0.1483150175010583
trillionlabs/Tri-0.5B-Base,17,0.7083333333333334,mean,zh,en,r1,256,512,raw,ok,0.353515625
trillionlabs/Tri-0.5B-Base,17,0.7083333333333334,mean,zh,en,r1,256,512,aligned,ok,0.23046875
trillionlabs/Tri-0.5B-Base,17,0.7083333333333334,mean,zh,en,r1,256,512,delta,ok,-0.123046875
trillionlabs/Tri-0.5B-Base,17,0.7083333333333334,mean,zh,en,r5,256,512,raw,ok,0.4453125
trillionlabs/Tri-0.5B-Base,17,0.7083333333333334,mean,zh,en,r5,256,512,aligned,ok,0.296875
trillionlabs/Tri-0.5B-Base,17,0.7083333333333334,mean,zh,en,r5,256,512,delta,ok,-0.1484375
trillionlabs/Tri-0.5B-Base,17,0.7083333333333334,mean,zh,en,r10,256,512,raw,ok,0.49609375
trillionlabs/Tri-0.5B-Base,17,0.7083333333333334,mean,zh,en,r10,256,512,aligned,ok,0.337890625
trillionlabs/Tri-0.5B-Base,17,0.7083333333333334,mean,zh,en,r10,256,512,delta,ok,-0.158203125
trillionlabs/Tri-0.5B-Base,17,0.7083333333333334,mean,zh,en,mrr,256,512,raw,ok,0.4017210633714966
trillionlabs/Tri-0.5B-Base,17,0.7083333333333334,mean,zh,en,mrr,256,512,aligned,ok,0.27074883642771724
trillionlabs/Tri-0.5B-Base,17,0.7083333333333334,mean,zh,en,mrr,256,512,delta,ok,-0.13097222694377936
trillionlabs/Tri-0.5B-Base,17,0.7083333333333334,mean,ko,ja,r1,256,512,raw,ok,0.4140625
trillionlabs/Tri-0.5B-Base,17,0.7083333333333334,mean,ko,ja,r1,256,512,aligned,ok,0.34765625
trillionlabs/Tri-0.5B-Base,17,0.7083333333333334,mean,ko,ja,r1,256,512,delta,ok,-0.06640625
trillionlabs/Tri-0.5B-Base,17,0.7083333333333334,mean,ko,ja,r5,256,512,raw,ok,0.5234375
trillionlabs/Tri-0.5B-Base,17,0.7083333333333334,mean,ko,ja,r5,256,512,aligned,ok,0.447265625
trillionlabs/Tri-0.5B-Base,17,0.7083333333333334,mean,ko,ja,r5,256,512,delta,ok,-0.076171875
trillionlabs/Tri-0.5B-Base,17,0.7083333333333334,mean,ko,ja,r10,256,512,raw,ok,0.5703125
trillionlabs/Tri-0.5B-Base,17,0.7083333333333334,mean,ko,ja,r10,256,512,aligned,ok,0.470703125
trillionlabs/Tri-0.5B-Base,17,0.7083333333333334,mean,ko,ja,r10,256,512,delta,ok,-0.099609375
trillionlabs/Tri-0.5B-Base,17,0.7083333333333334,mean,ko,ja,mrr,256,512,raw,ok,0.46977165142588
trillionlabs/Tri-0.5B-Base,17,0.7083333333333334,mean,ko,ja,mrr,256,512,aligned,ok,0.39575365464207996
trillionlabs/Tri-0.5B-Base,17,0.7083333333333334,mean,ko,ja,mrr,256,512,delta,ok,-0.07401799678380006
trillionlabs/Tri-0.5B-Base,17,0.7083333333333334,mean,ja,ko,r1,256,512,raw,ok,0.669921875
trillionlabs/Tri-0.5B-Base,17,0.7083333333333334,mean,ja,ko,r1,256,512,aligned,ok,0.396484375
trillionlabs/Tri-0.5B-Base,17,0.7083333333333334,mean,ja,ko,r1,256,512,delta,ok,-0.2734375
trillionlabs/Tri-0.5B-Base,17,0.7083333333333334,mean,ja,ko,r5,256,512,raw,ok,0.806640625
trillionlabs/Tri-0.5B-Base,17,0.7083333333333334,mean,ja,ko,r5,256,512,aligned,ok,0.482421875
trillionlabs/Tri-0.5B-Base,17,0.7083333333333334,mean,ja,ko,r5,256,512,delta,ok,-0.32421875
trillionlabs/Tri-0.5B-Base,17,0.7083333333333334,mean,ja,ko,r10,256,512,raw,ok,0.84765625
trillionlabs/Tri-0.5B-Base,17,0.7083333333333334,mean,ja,ko,r10,256,512,aligned,ok,0.505859375
trillionlabs/Tri-0.5B-Base,17,0.7083333333333334,mean,ja,ko,r10,256,512,delta,ok,-0.341796875
trillionlabs/Tri-0.5B-Base,17,0.7083333333333334,mean,ja,ko,mrr,256,512,raw,ok,0.7318149422763149
trillionlabs/Tri-0.5B-Base,17,0.7083333333333334,mean,ja,ko,mrr,256,512,aligned,ok,0.4381289348506577
trillionlabs/Tri-0.5B-Base,17,0.7083333333333334,mean,ja,ko,mrr,256,512,delta,ok,-0.29368600742565726
trillionlabs/Tri-0.5B-Base,17,0.7083333333333334,mean,ko,zh,r1,256,512,raw,ok,0.318359375
trillionlabs/Tri-0.5B-Base,17,0.7083333333333334,mean,ko,zh,r1,256,512,aligned,ok,0.3125
trillionlabs/Tri-0.5B-Base,17,0.7083333333333334,mean,ko,zh,r1,256,512,delta,ok,-0.005859375
trillionlabs/Tri-0.5B-Base,17,0.7083333333333334,mean,ko,zh,r5,256,512,raw,ok,0.40234375
trillionlabs/Tri-0.5B-Base,17,0.7083333333333334,mean,ko,zh,r5,256,512,aligned,ok,0.40625
trillionlabs/Tri-0.5B-Base,17,0.7083333333333334,mean,ko,zh,r5,256,512,delta,ok,0.00390625
trillionlabs/Tri-0.5B-Base,17,0.7083333333333334,mean,ko,zh,r10,256,512,raw,ok,0.46875
trillionlabs/Tri-0.5B-Base,17,0.7083333333333334,mean,ko,zh,r10,256,512,aligned,ok,0.439453125
trillionlabs/Tri-0.5B-Base,17,0.7083333333333334,mean,ko,zh,r10,256,512,delta,ok,-0.029296875
trillionlabs/Tri-0.5B-Base,17,0.7083333333333334,mean,ko,zh,mrr,256,512,raw,ok,0.36799025131904467
trillionlabs/Tri-0.5B-Base,17,0.7083333333333334,mean,ko,zh,mrr,256,512,aligned,ok,0.3606299919379554
trillionlabs/Tri-0.5B-Base,17,0.7083333333333334,mean,ko,zh,mrr,256,512,delta,ok,-0.007360259381089251
trillionlabs/Tri-0.5B-Base,17,0.7083333333333334,mean,zh,ko,r1,256,512,raw,ok,0.615234375
trillionlabs/Tri-0.5B-Base,17,0.7083333333333334,mean,zh,ko,r1,256,512,aligned,ok,0.33203125
trillionlabs/Tri-0.5B-Base,17,0.7083333333333334,mean,zh,ko,r1,256,512,delta,ok,-0.283203125
trillionlabs/Tri-0.5B-Base,17,0.7083333333333334,mean,zh,ko,r5,256,512,raw,ok,0.734375
trillionlabs/Tri-0.5B-Base,17,0.7083333333333334,mean,zh,ko,r5,256,512,aligned,ok,0.451171875
trillionlabs/Tri-0.5B-Base,17,0.7083333333333334,mean,zh,ko,r5,256,512,delta,ok,-0.283203125
trillionlabs/Tri-0.5B-Base,17,0.7083333333333334,mean,zh,ko,r10,256,512,raw,ok,0.77734375
trillionlabs/Tri-0.5B-Base,17,0.7083333333333334,mean,zh,ko,r10,256,512,aligned,ok,0.48828125
trillionlabs/Tri-0.5B-Base,17,0.7083333333333334,mean,zh,ko,r10,256,512,delta,ok,-0.2890625
trillionlabs/Tri-0.5B-Base,17,0.7083333333333334,mean,zh,ko,mrr,256,512,raw,ok,0.6739368125393437
trillionlabs/Tri-0.5B-Base,17,0.7083333333333334,mean,zh,ko,mrr,256,512,aligned,ok,0.3892181438939889
trillionlabs/Tri-0.5B-Base,17,0.7083333333333334,mean,zh,ko,mrr,256,512,delta,ok,-0.2847186686453548
trillionlabs/Tri-0.5B-Base,17,0.7083333333333334,mean,ja,zh,r1,256,512,raw,ok,0.615234375
trillionlabs/Tri-0.5B-Base,17,0.7083333333333334,mean,ja,zh,r1,256,512,aligned,ok,0.3359375
trillionlabs/Tri-0.5B-Base,17,0.7083333333333334,mean,ja,zh,r1,256,512,delta,ok,-0.279296875
trillionlabs/Tri-0.5B-Base,17,0.7083333333333334,mean,ja,zh,r5,256,512,raw,ok,0.7109375
trillionlabs/Tri-0.5B-Base,17,0.7083333333333334,mean,ja,zh,r5,256,512,aligned,ok,0.41015625
trillionlabs/Tri-0.5B-Base,17,0.7083333333333334,mean,ja,zh,r5,256,512,delta,ok,-0.30078125
trillionlabs/Tri-0.5B-Base,17,0.7083333333333334,mean,ja,zh,r10,256,512,raw,ok,0.751953125
trillionlabs/Tri-0.5B-Base,17,0.7083333333333334,mean,ja,zh,r10,256,512,aligned,ok,0.443359375
trillionlabs/Tri-0.5B-Base,17,0.7083333333333334,mean,ja,zh,r10,256,512,delta,ok,-0.30859375
trillionlabs/Tri-0.5B-Base,17,0.7083333333333334,mean,ja,zh,mrr,256,512,raw,ok,0.6612352521415352
trillionlabs/Tri-0.5B-Base,17,0.7083333333333334,mean,ja,zh,mrr,256,512,aligned,ok,0.38018790899830146
trillionlabs/Tri-0.5B-Base,17,0.7083333333333334,mean,ja,zh,mrr,256,512,delta,ok,-0.28104734314323376
trillionlabs/Tri-0.5B-Base,17,0.7083333333333334,mean,zh,ja,r1,256,512,raw,ok,0.623046875
trillionlabs/Tri-0.5B-Base,17,0.7083333333333334,mean,zh,ja,r1,256,512,aligned,ok,0.34765625
trillionlabs/Tri-0.5B-Base,17,0.7083333333333334,mean,zh,ja,r1,256,512,delta,ok,-0.275390625
trillionlabs/Tri-0.5B-Base,17,0.7083333333333334,mean,zh,ja,r5,256,512,raw,ok,0.74609375
trillionlabs/Tri-0.5B-Base,17,0.7083333333333334,mean,zh,ja,r5,256,512,aligned,ok,0.462890625
trillionlabs/Tri-0.5B-Base,17,0.7083333333333334,mean,zh,ja,r5,256,512,delta,ok,-0.283203125
trillionlabs/Tri-0.5B-Base,17,0.7083333333333334,mean,zh,ja,r10,256,512,raw,ok,0.78125
trillionlabs/Tri-0.5B-Base,17,0.7083333333333334,mean,zh,ja,r10,256,512,aligned,ok,0.486328125
trillionlabs/Tri-0.5B-Base,17,0.7083333333333334,mean,zh,ja,r10,256,512,delta,ok,-0.294921875
trillionlabs/Tri-0.5B-Base,17,0.7083333333333334,mean,zh,ja,mrr,256,512,raw,ok,0.6783229080516159
trillionlabs/Tri-0.5B-Base,17,0.7083333333333334,mean,zh,ja,mrr,256,512,aligned,ok,0.4009946622461979
trillionlabs/Tri-0.5B-Base,17,0.7083333333333334,mean,zh,ja,mrr,256,512,delta,ok,-0.277328245805418
trillionlabs/Tri-0.5B-Base,18,0.75,mean,en,ko,r1,256,512,raw,ok,0.474609375
trillionlabs/Tri-0.5B-Base,18,0.75,mean,en,ko,r1,256,512,aligned,ok,0.45703125
trillionlabs/Tri-0.5B-Base,18,0.75,mean,en,ko,r1,256,512,delta,ok,-0.017578125
trillionlabs/Tri-0.5B-Base,18,0.75,mean,en,ko,r5,256,512,raw,ok,0.62109375
trillionlabs/Tri-0.5B-Base,18,0.75,mean,en,ko,r5,256,512,aligned,ok,0.5390625
trillionlabs/Tri-0.5B-Base,18,0.75,mean,en,ko,r5,256,512,delta,ok,-0.08203125
trillionlabs/Tri-0.5B-Base,18,0.75,mean,en,ko,r10,256,512,raw,ok,0.685546875
trillionlabs/Tri-0.5B-Base,18,0.75,mean,en,ko,r10,256,512,aligned,ok,0.556640625
trillionlabs/Tri-0.5B-Base,18,0.75,mean,en,ko,r10,256,512,delta,ok,-0.12890625
trillionlabs/Tri-0.5B-Base,18,0.75,mean,en,ko,mrr,256,512,raw,ok,0.5458093672988158
trillionlabs/Tri-0.5B-Base,18,0.75,mean,en,ko,mrr,256,512,aligned,ok,0.4970619544569305
trillionlabs/Tri-0.5B-Base,18,0.75,mean,en,ko,mrr,256,512,delta,ok,-0.048747412841885274
trillionlabs/Tri-0.5B-Base,18,0.75,mean,ko,en,r1,256,512,raw,ok,0.216796875
trillionlabs/Tri-0.5B-Base,18,0.75,mean,ko,en,r1,256,512,aligned,ok,0.19921875
trillionlabs/Tri-0.5B-Base,18,0.75,mean,ko,en,r1,256,512,delta,ok,-0.017578125
trillionlabs/Tri-0.5B-Base,18,0.75,mean,ko,en,r5,256,512,raw,ok,0.279296875
trillionlabs/Tri-0.5B-Base,18,0.75,mean,ko,en,r5,256,512,aligned,ok,0.291015625
trillionlabs/Tri-0.5B-Base,18,0.75,mean,ko,en,r5,256,512,delta,ok,0.01171875
trillionlabs/Tri-0.5B-Base,18,0.75,mean,ko,en,r10,256,512,raw,ok,0.302734375
trillionlabs/Tri-0.5B-Base,18,0.75,mean,ko,en,r10,256,512,aligned,ok,0.333984375
trillionlabs/Tri-0.5B-Base,18,0.75,mean,ko,en,r10,256,512,delta,ok,0.03125
trillionlabs/Tri-0.5B-Base,18,0.75,mean,ko,en,mrr,256,512,raw,ok,0.251281270897002
trillionlabs/Tri-0.5B-Base,18,0.75,mean,ko,en,mrr,256,512,aligned,ok,0.24844298579890148
trillionlabs/Tri-0.5B-Base,18,0.75,mean,ko,en,mrr,256,512,delta,ok,-0.002838285098100496
trillionlabs/Tri-0.5B-Base,18,0.75,mean,en,ja,r1,256,512,raw,ok,0.544921875
trillionlabs/Tri-0.5B-Base,18,0.75,mean,en,ja,r1,256,512,aligned,ok,0.4296875
trillionlabs/Tri-0.5B-Base,18,0.75,mean,en,ja,r1,256,512,delta,ok,-0.115234375
trillionlabs/Tri-0.5B-Base,18,0.75,mean,en,ja,r5,256,512,raw,ok,0.68359375
trillionlabs/Tri-0.5B-Base,18,0.75,mean,en,ja,r5,256,512,aligned,ok,0.51171875
trillionlabs/Tri-0.5B-Base,18,0.75,mean,en,ja,r5,256,512,delta,ok,-0.171875
trillionlabs/Tri-0.5B-Base,18,0.75,mean,en,ja,r10,256,512,raw,ok,0.740234375
trillionlabs/Tri-0.5B-Base,18,0.75,mean,en,ja,r10,256,512,aligned,ok,0.5546875
trillionlabs/Tri-0.5B-Base,18,0.75,mean,en,ja,r10,256,512,delta,ok,-0.185546875
trillionlabs/Tri-0.5B-Base,18,0.75,mean,en,ja,mrr,256,512,raw,ok,0.6153952936342284
trillionlabs/Tri-0.5B-Base,18,0.75,mean,en,ja,mrr,256,512,aligned,ok,0.4738529756690237
trillionlabs/Tri-0.5B-Base,18,0.75,mean,en,ja,mrr,256,512,delta,ok,-0.14154231796520472
trillionlabs/Tri-0.5B-Base,18,0.75,mean,ja,en,r1,256,512,raw,ok,0.30859375
trillionlabs/Tri-0.5B-Base,18,0.75,mean,ja,en,r1,256,512,aligned,ok,0.21875
trillionlabs/Tri-0.5B-Base,18,0.75,mean,ja,en,r1,256,512,delta,ok,-0.08984375
trillionlabs/Tri-0.5B-Base,18,0.75,mean,ja,en,r5,256,512,raw,ok,0.380859375
trillionlabs/Tri-0.5B-Base,18,0.75,mean,ja,en,r5,256,512,aligned,ok,0.326171875
trillionlabs/Tri-0.5B-Base,18,0.75,mean,ja,en,r5,256,512,delta,ok,-0.0546875
trillionlabs/Tri-0.5B-Base,18,0.75,mean,ja,en,r10,256,512,raw,ok,0.419921875
trillionlabs/Tri-0.5B-Base,18,0.75,mean,ja,en,r10,256,512,aligned,ok,0.373046875
trillionlabs/Tri-0.5B-Base,18,0.75,mean,ja,en,r10,256,512,delta,ok,-0.046875
trillionlabs/Tri-0.5B-Base,18,0.75,mean,ja,en,mrr,256,512,raw,ok,0.3488584244848468
trillionlabs/Tri-0.5B-Base,18,0.75,mean,ja,en,mrr,256,512,aligned,ok,0.27269001316546704
trillionlabs/Tri-0.5B-Base,18,0.75,mean,ja,en,mrr,256,512,delta,ok,-0.07616841131937974
trillionlabs/Tri-0.5B-Base,18,0.75,mean,en,zh,r1,256,512,raw,ok,0.58984375
trillionlabs/Tri-0.5B-Base,18,0.75,mean,en,zh,r1,256,512,aligned,ok,0.451171875
trillionlabs/Tri-0.5B-Base,18,0.75,mean,en,zh,r1,256,512,delta,ok,-0.138671875
trillionlabs/Tri-0.5B-Base,18,0.75,mean,en,zh,r5,256,512,raw,ok,0.69140625
trillionlabs/Tri-0.5B-Base,18,0.75,mean,en,zh,r5,256,512,aligned,ok,0.5234375
trillionlabs/Tri-0.5B-Base,18,0.75,mean,en,zh,r5,256,512,delta,ok,-0.16796875
trillionlabs/Tri-0.5B-Base,18,0.75,mean,en,zh,r10,256,512,raw,ok,0.7421875
trillionlabs/Tri-0.5B-Base,18,0.75,mean,en,zh,r10,256,512,aligned,ok,0.546875
trillionlabs/Tri-0.5B-Base,18,0.75,mean,en,zh,r10,256,512,delta,ok,-0.1953125
trillionlabs/Tri-0.5B-Base,18,0.75,mean,en,zh,mrr,256,512,raw,ok,0.6401228433145113
trillionlabs/Tri-0.5B-Base,18,0.75,mean,en,zh,mrr,256,512,aligned,ok,0.48831264062318325
trillionlabs/Tri-0.5B-Base,18,0.75,mean,en,zh,mrr,256,512,delta,ok,-0.15181020269132806
trillionlabs/Tri-0.5B-Base,18,0.75,mean,zh,en,r1,256,512,raw,ok,0.357421875
trillionlabs/Tri-0.5B-Base,18,0.75,mean,zh,en,r1,256,512,aligned,ok,0.224609375
trillionlabs/Tri-0.5B-Base,18,0.75,mean,zh,en,r1,256,512,delta,ok,-0.1328125
trillionlabs/Tri-0.5B-Base,18,0.75,mean,zh,en,r5,256,512,raw,ok,0.45703125
trillionlabs/Tri-0.5B-Base,18,0.75,mean,zh,en,r5,256,512,aligned,ok,0.30078125
trillionlabs/Tri-0.5B-Base,18,0.75,mean,zh,en,r5,256,512,delta,ok,-0.15625
trillionlabs/Tri-0.5B-Base,18,0.75,mean,zh,en,r10,256,512,raw,ok,0.494140625
trillionlabs/Tri-0.5B-Base,18,0.75,mean,zh,en,r10,256,512,aligned,ok,0.345703125
trillionlabs/Tri-0.5B-Base,18,0.75,mean,zh,en,r10,256,512,delta,ok,-0.1484375
trillionlabs/Tri-0.5B-Base,18,0.75,mean,zh,en,mrr,256,512,raw,ok,0.408641636053492
trillionlabs/Tri-0.5B-Base,18,0.75,mean,zh,en,mrr,256,512,aligned,ok,0.2676736066033514
trillionlabs/Tri-0.5B-Base,18,0.75,mean,zh,en,mrr,256,512,delta,ok,-0.14096802945014064
trillionlabs/Tri-0.5B-Base,18,0.75,mean,ko,ja,r1,256,512,raw,ok,0.4140625
trillionlabs/Tri-0.5B-Base,18,0.75,mean,ko,ja,r1,256,512,aligned,ok,0.3359375
trillionlabs/Tri-0.5B-Base,18,0.75,mean,ko,ja,r1,256,512,delta,ok,-0.078125
trillionlabs/Tri-0.5B-Base,18,0.75,mean,ko,ja,r5,256,512,raw,ok,0.52734375
trillionlabs/Tri-0.5B-Base,18,0.75,mean,ko,ja,r5,256,512,aligned,ok,0.443359375
trillionlabs/Tri-0.5B-Base,18,0.75,mean,ko,ja,r5,256,512,delta,ok,-0.083984375
trillionlabs/Tri-0.5B-Base,18,0.75,mean,ko,ja,r10,256,512,raw,ok,0.564453125
trillionlabs/Tri-0.5B-Base,18,0.75,mean,ko,ja,r10,256,512,aligned,ok,0.46875
trillionlabs/Tri-0.5B-Base,18,0.75,mean,ko,ja,r10,256,512,delta,ok,-0.095703125
trillionlabs/Tri-0.5B-Base,18,0.75,mean,ko,ja,mrr,256,512,raw,ok,0.47303255653504683
trillionlabs/Tri-0.5B-Base,18,0.75,mean,ko,ja,mrr,256,512,aligned,ok,0.38974976739111933
trillionlabs/Tri-0.5B-Base,18,0.75,mean,ko,ja,mrr,256,512,delta,ok,-0.0832827891439275
trillionlabs/Tri-0.5B-Base,18,0.75,mean,ja,ko,r1,256,512,raw,ok,0.6875
trillionlabs/Tri-0.5B-Base,18,0.75,mean,ja,ko,r1,256,512,aligned,ok,0.388671875
trillionlabs/Tri-0.5B-Base,18,0.75,mean,ja,ko,r1,256,512,delta,ok,-0.298828125
trillionlabs/Tri-0.5B-Base,18,0.75,mean,ja,ko,r5,256,512,raw,ok,0.818359375
trillionlabs/Tri-0.5B-Base,18,0.75,mean,ja,ko,r5,256,512,aligned,ok,0.470703125
trillionlabs/Tri-0.5B-Base,18,0.75,mean,ja,ko,r5,256,512,delta,ok,-0.34765625
trillionlabs/Tri-0.5B-Base,18,0.75,mean,ja,ko,r10,256,512,raw,ok,0.85546875
trillionlabs/Tri-0.5B-Base,18,0.75,mean,ja,ko,r10,256,512,aligned,ok,0.5
trillionlabs/Tri-0.5B-Base,18,0.75,mean,ja,ko,r10,256,512,delta,ok,-0.35546875
trillionlabs/Tri-0.5B-Base,18,0.75,mean,ja,ko,mrr,256,512,raw,ok,0.7464879213155172
trillionlabs/Tri-0.5B-Base,18,0.75,mean,ja,ko,mrr,256,512,aligned,ok,0.4298266321067371
trillionlabs/Tri-0.5B-Base,18,0.75,mean,ja,ko,mrr,256,512,delta,ok,-0.3166612892087801
trillionlabs/Tri-0.5B-Base,18,0.75,mean,ko,zh,r1,256,512,raw,ok,0.310546875
trillionlabs/Tri-0.5B-Base,18,0.75,mean,ko,zh,r1,256,512,aligned,ok,0.314453125
trillionlabs/Tri-0.5B-Base,18,0.75,mean,ko,zh,r1,256,512,delta,ok,0.00390625
trillionlabs/Tri-0.5B-Base,18,0.75,mean,ko,zh,r5,256,512,raw,ok,0.392578125
trillionlabs/Tri-0.5B-Base,18,0.75,mean,ko,zh,r5,256,512,aligned,ok,0.41015625
trillionlabs/Tri-0.5B-Base,18,0.75,mean,ko,zh,r5,256,512,delta,ok,0.017578125
trillionlabs/Tri-0.5B-Base,18,0.75,mean,ko,zh,r10,256,512,raw,ok,0.439453125
trillionlabs/Tri-0.5B-Base,18,0.75,mean,ko,zh,r10,256,512,aligned,ok,0.44140625
trillionlabs/Tri-0.5B-Base,18,0.75,mean,ko,zh,r10,256,512,delta,ok,0.001953125
trillionlabs/Tri-0.5B-Base,18,0.75,mean,ko,zh,mrr,256,512,raw,ok,0.35825717774637794
trillionlabs/Tri-0.5B-Base,18,0.75,mean,ko,zh,mrr,256,512,aligned,ok,0.36352279732352377
trillionlabs/Tri-0.5B-Base,18,0.75,mean,ko,zh,mrr,256,512,delta,ok,0.00526561957714583
trillionlabs/Tri-0.5B-Base,18,0.75,mean,zh,ko,r1,256,512,raw,ok,0.60546875
trillionlabs/Tri-0.5B-Base,18,0.75,mean,zh,ko,r1,256,512,aligned,ok,0.33984375
trillionlabs/Tri-0.5B-Base,18,0.75,mean,zh,ko,r1,256,512,delta,ok,-0.265625
trillionlabs/Tri-0.5B-Base,18,0.75,mean,zh,ko,r5,256,512,raw,ok,0.732421875
trillionlabs/Tri-0.5B-Base,18,0.75,mean,zh,ko,r5,256,512,aligned,ok,0.458984375
trillionlabs/Tri-0.5B-Base,18,0.75,mean,zh,ko,r5,256,512,delta,ok,-0.2734375
trillionlabs/Tri-0.5B-Base,18,0.75,mean,zh,ko,r10,256,512,raw,ok,0.77734375
trillionlabs/Tri-0.5B-Base,18,0.75,mean,zh,ko,r10,256,512,aligned,ok,0.490234375
trillionlabs/Tri-0.5B-Base,18,0.75,mean,zh,ko,r10,256,512,delta,ok,-0.287109375
trillionlabs/Tri-0.5B-Base,18,0.75,mean,zh,ko,mrr,256,512,raw,ok,0.6659613875869385
trillionlabs/Tri-0.5B-Base,18,0.75,mean,zh,ko,mrr,256,512,aligned,ok,0.395589876252765
trillionlabs/Tri-0.5B-Base,18,0.75,mean,zh,ko,mrr,256,512,delta,ok,-0.2703715113341735
trillionlabs/Tri-0.5B-Base,18,0.75,mean,ja,zh,r1,256,512,raw,ok,0.603515625
trillionlabs/Tri-0.5B-Base,18,0.75,mean,ja,zh,r1,256,512,aligned,ok,0.3359375
trillionlabs/Tri-0.5B-Base,18,0.75,mean,ja,zh,r1,256,512,delta,ok,-0.267578125
trillionlabs/Tri-0.5B-Base,18,0.75,mean,ja,zh,r5,256,512,raw,ok,0.689453125
trillionlabs/Tri-0.5B-Base,18,0.75,mean,ja,zh,r5,256,512,aligned,ok,0.404296875
trillionlabs/Tri-0.5B-Base,18,0.75,mean,ja,zh,r5,256,512,delta,ok,-0.28515625
trillionlabs/Tri-0.5B-Base,18,0.75,mean,ja,zh,r10,256,512,raw,ok,0.720703125
trillionlabs/Tri-0.5B-Base,18,0.75,mean,ja,zh,r10,256,512,aligned,ok,0.44140625
trillionlabs/Tri-0.5B-Base,18,0.75,mean,ja,zh,r10,256,512,delta,ok,-0.279296875
trillionlabs/Tri-0.5B-Base,18,0.75,mean,ja,zh,mrr,256,512,raw,ok,0.6456959188327308
trillionlabs/Tri-0.5B-Base,18,0.75,mean,ja,zh,mrr,256,512,aligned,ok,0.37888744693023085
trillionlabs/Tri-0.5B-Base,18,0.75,mean,ja,zh,mrr,256,512,delta,ok,-0.26680847190249996
trillionlabs/Tri-0.5B-Base,18,0.75,mean,zh,ja,r1,256,512,raw,ok,0.650390625
trillionlabs/Tri-0.5B-Base,18,0.75,mean,zh,ja,r1,256,512,aligned,ok,0.353515625
trillionlabs/Tri-0.5B-Base,18,0.75,mean,zh,ja,r1,256,512,delta,ok,-0.296875
trillionlabs/Tri-0.5B-Base,18,0.75,mean,zh,ja,r5,256,512,raw,ok,0.736328125
trillionlabs/Tri-0.5B-Base,18,0.75,mean,zh,ja,r5,256,512,aligned,ok,0.466796875
trillionlabs/Tri-0.5B-Base,18,0.75,mean,zh,ja,r5,256,512,delta,ok,-0.26953125
trillionlabs/Tri-0.5B-Base,18,0.75,mean,zh,ja,r10,256,512,raw,ok,0.783203125
trillionlabs/Tri-0.5B-Base,18,0.75,mean,zh,ja,r10,256,512,aligned,ok,0.50390625
trillionlabs/Tri-0.5B-Base,18,0.75,mean,zh,ja,r10,256,512,delta,ok,-0.279296875
trillionlabs/Tri-0.5B-Base,18,0.75,mean,zh,ja,mrr,256,512,raw,ok,0.696516030551444
trillionlabs/Tri-0.5B-Base,18,0.75,mean,zh,ja,mrr,256,512,aligned,ok,0.40751160399940334
trillionlabs/Tri-0.5B-Base,18,0.75,mean,zh,ja,mrr,256,512,delta,ok,-0.2890044265520406
trillionlabs/Tri-0.5B-Base,19,0.7916666666666666,mean,en,ko,r1,256,512,raw,ok,0.46484375
trillionlabs/Tri-0.5B-Base,19,0.7916666666666666,mean,en,ko,r1,256,512,aligned,ok,0.466796875
trillionlabs/Tri-0.5B-Base,19,0.7916666666666666,mean,en,ko,r1,256,512,delta,ok,0.001953125
trillionlabs/Tri-0.5B-Base,19,0.7916666666666666,mean,en,ko,r5,256,512,raw,ok,0.623046875
trillionlabs/Tri-0.5B-Base,19,0.7916666666666666,mean,en,ko,r5,256,512,aligned,ok,0.541015625
trillionlabs/Tri-0.5B-Base,19,0.7916666666666666,mean,en,ko,r5,256,512,delta,ok,-0.08203125
trillionlabs/Tri-0.5B-Base,19,0.7916666666666666,mean,en,ko,r10,256,512,raw,ok,0.68359375
trillionlabs/Tri-0.5B-Base,19,0.7916666666666666,mean,en,ko,r10,256,512,aligned,ok,0.556640625
trillionlabs/Tri-0.5B-Base,19,0.7916666666666666,mean,en,ko,r10,256,512,delta,ok,-0.126953125
trillionlabs/Tri-0.5B-Base,19,0.7916666666666666,mean,en,ko,mrr,256,512,raw,ok,0.5429655604864358
trillionlabs/Tri-0.5B-Base,19,0.7916666666666666,mean,en,ko,mrr,256,512,aligned,ok,0.504236981329286
trillionlabs/Tri-0.5B-Base,19,0.7916666666666666,mean,en,ko,mrr,256,512,delta,ok,-0.03872857915714989
trillionlabs/Tri-0.5B-Base,19,0.7916666666666666,mean,ko,en,r1,256,512,raw,ok,0.205078125
trillionlabs/Tri-0.5B-Base,19,0.7916666666666666,mean,ko,en,r1,256,512,aligned,ok,0.205078125
trillionlabs/Tri-0.5B-Base,19,0.7916666666666666,mean,ko,en,r1,256,512,delta,ok,0.0
trillionlabs/Tri-0.5B-Base,19,0.7916666666666666,mean,ko,en,r5,256,512,raw,ok,0.24609375
trillionlabs/Tri-0.5B-Base,19,0.7916666666666666,mean,ko,en,r5,256,512,aligned,ok,0.30078125
trillionlabs/Tri-0.5B-Base,19,0.7916666666666666,mean,ko,en,r5,256,512,delta,ok,0.0546875
trillionlabs/Tri-0.5B-Base,19,0.7916666666666666,mean,ko,en,r10,256,512,raw,ok,0.275390625
trillionlabs/Tri-0.5B-Base,19,0.7916666666666666,mean,ko,en,r10,256,512,aligned,ok,0.328125
trillionlabs/Tri-0.5B-Base,19,0.7916666666666666,mean,ko,en,r10,256,512,delta,ok,0.052734375
trillionlabs/Tri-0.5B-Base,19,0.7916666666666666,mean,ko,en,mrr,256,512,raw,ok,0.23345475656852435
trillionlabs/Tri-0.5B-Base,19,0.7916666666666666,mean,ko,en,mrr,256,512,aligned,ok,0.2560565159467891
trillionlabs/Tri-0.5B-Base,19,0.7916666666666666,mean,ko,en,mrr,256,512,delta,ok,0.022601759378264724
trillionlabs/Tri-0.5B-Base,19,0.7916666666666666,mean,en,ja,r1,256,512,raw,ok,0.537109375
trillionlabs/Tri-0.5B-Base,19,0.7916666666666666,mean,en,ja,r1,256,512,aligned,ok,0.439453125
trillionlabs/Tri-0.5B-Base,19,0.7916666666666666,mean,en,ja,r1,256,512,delta,ok,-0.09765625
trillionlabs/Tri-0.5B-Base,19,0.7916666666666666,mean,en,ja,r5,256,512,raw,ok,0.6796875
trillionlabs/Tri-0.5B-Base,19,0.7916666666666666,mean,en,ja,r5,256,512,aligned,ok,0.513671875
trillionlabs/Tri-0.5B-Base,19,0.7916666666666666,mean,en,ja,r5,256,512,delta,ok,-0.166015625
trillionlabs/Tri-0.5B-Base,19,0.7916666666666666,mean,en,ja,r10,256,512,raw,ok,0.736328125
trillionlabs/Tri-0.5B-Base,19,0.7916666666666666,mean,en,ja,r10,256,512,aligned,ok,0.546875
trillionlabs/Tri-0.5B-Base,19,0.7916666666666666,mean,en,ja,r10,256,512,delta,ok,-0.189453125
trillionlabs/Tri-0.5B-Base,19,0.7916666666666666,mean,en,ja,mrr,256,512,raw,ok,0.6071488195892386
trillionlabs/Tri-0.5B-Base,19,0.7916666666666666,mean,en,ja,mrr,256,512,aligned,ok,0.4786384247231893
trillionlabs/Tri-0.5B-Base,19,0.7916666666666666,mean,en,ja,mrr,256,512,delta,ok,-0.12851039486604932
trillionlabs/Tri-0.5B-Base,19,0.7916666666666666,mean,ja,en,r1,256,512,raw,ok,0.28515625
trillionlabs/Tri-0.5B-Base,19,0.7916666666666666,mean,ja,en,r1,256,512,aligned,ok,0.22265625
trillionlabs/Tri-0.5B-Base,19,0.7916666666666666,mean,ja,en,r1,256,512,delta,ok,-0.0625
trillionlabs/Tri-0.5B-Base,19,0.7916666666666666,mean,ja,en,r5,256,512,raw,ok,0.361328125
trillionlabs/Tri-0.5B-Base,19,0.7916666666666666,mean,ja,en,r5,256,512,aligned,ok,0.330078125
trillionlabs/Tri-0.5B-Base,19,0.7916666666666666,mean,ja,en,r5,256,512,delta,ok,-0.03125
trillionlabs/Tri-0.5B-Base,19,0.7916666666666666,mean,ja,en,r10,256,512,raw,ok,0.40625
trillionlabs/Tri-0.5B-Base,19,0.7916666666666666,mean,ja,en,r10,256,512,aligned,ok,0.380859375
trillionlabs/Tri-0.5B-Base,19,0.7916666666666666,mean,ja,en,r10,256,512,delta,ok,-0.025390625
trillionlabs/Tri-0.5B-Base,19,0.7916666666666666,mean,ja,en,mrr,256,512,raw,ok,0.32960411061472517
trillionlabs/Tri-0.5B-Base,19,0.7916666666666666,mean,ja,en,mrr,256,512,aligned,ok,0.27778029218698563
trillionlabs/Tri-0.5B-Base,19,0.7916666666666666,mean,ja,en,mrr,256,512,delta,ok,-0.05182381842773953
trillionlabs/Tri-0.5B-Base,19,0.7916666666666666,mean,en,zh,r1,256,512,raw,ok,0.5625
trillionlabs/Tri-0.5B-Base,19,0.7916666666666666,mean,en,zh,r1,256,512,aligned,ok,0.44921875
trillionlabs/Tri-0.5B-Base,19,0.7916666666666666,mean,en,zh,r1,256,512,delta,ok,-0.11328125
trillionlabs/Tri-0.5B-Base,19,0.7916666666666666,mean,en,zh,r5,256,512,raw,ok,0.685546875
trillionlabs/Tri-0.5B-Base,19,0.7916666666666666,mean,en,zh,r5,256,512,aligned,ok,0.53125
trillionlabs/Tri-0.5B-Base,19,0.7916666666666666,mean,en,zh,r5,256,512,delta,ok,-0.154296875
trillionlabs/Tri-0.5B-Base,19,0.7916666666666666,mean,en,zh,r10,256,512,raw,ok,0.72265625
trillionlabs/Tri-0.5B-Base,19,0.7916666666666666,mean,en,zh,r10,256,512,aligned,ok,0.5546875
trillionlabs/Tri-0.5B-Base,19,0.7916666666666666,mean,en,zh,r10,256,512,delta,ok,-0.16796875
trillionlabs/Tri-0.5B-Base,19,0.7916666666666666,mean,en,zh,mrr,256,512,raw,ok,0.6210935927786783
trillionlabs/Tri-0.5B-Base,19,0.7916666666666666,mean,en,zh,mrr,256,512,aligned,ok,0.4893490323873871
trillionlabs/Tri-0.5B-Base,19,0.7916666666666666,mean,en,zh,mrr,256,512,delta,ok,-0.13174456039129118
trillionlabs/Tri-0.5B-Base,19,0.7916666666666666,mean,zh,en,r1,256,512,raw,ok,0.3515625
trillionlabs/Tri-0.5B-Base,19,0.7916666666666666,mean,zh,en,r1,256,512,aligned,ok,0.22265625
trillionlabs/Tri-0.5B-Base,19,0.7916666666666666,mean,zh,en,r1,256,512,delta,ok,-0.12890625
trillionlabs/Tri-0.5B-Base,19,0.7916666666666666,mean,zh,en,r5,256,512,raw,ok,0.4453125
trillionlabs/Tri-0.5B-Base,19,0.7916666666666666,mean,zh,en,r5,256,512,aligned,ok,0.318359375
trillionlabs/Tri-0.5B-Base,19,0.7916666666666666,mean,zh,en,r5,256,512,delta,ok,-0.126953125
trillionlabs/Tri-0.5B-Base,19,0.7916666666666666,mean,zh,en,r10,256,512,raw,ok,0.474609375
trillionlabs/Tri-0.5B-Base,19,0.7916666666666666,mean,zh,en,r10,256,512,aligned,ok,0.36328125
trillionlabs/Tri-0.5B-Base,19,0.7916666666666666,mean,zh,en,r10,256,512,delta,ok,-0.111328125
trillionlabs/Tri-0.5B-Base,19,0.7916666666666666,mean,zh,en,mrr,256,512,raw,ok,0.39845099514424154
trillionlabs/Tri-0.5B-Base,19,0.7916666666666666,mean,zh,en,mrr,256,512,aligned,ok,0.27102078123695605
trillionlabs/Tri-0.5B-Base,19,0.7916666666666666,mean,zh,en,mrr,256,512,delta,ok,-0.12743021390728548
trillionlabs/Tri-0.5B-Base,19,0.7916666666666666,mean,ko,ja,r1,256,512,raw,ok,0.359375
trillionlabs/Tri-0.5B-Base,19,0.7916666666666666,mean,ko,ja,r1,256,512,aligned,ok,0.33984375
trillionlabs/Tri-0.5B-Base,19,0.7916666666666666,mean,ko,ja,r1,256,512,delta,ok,-0.01953125
trillionlabs/Tri-0.5B-Base,19,0.7916666666666666,mean,ko,ja,r5,256,512,raw,ok,0.451171875
trillionlabs/Tri-0.5B-Base,19,0.7916666666666666,mean,ko,ja,r5,256,512,aligned,ok,0.435546875
trillionlabs/Tri-0.5B-Base,19,0.7916666666666666,mean,ko,ja,r5,256,512,delta,ok,-0.015625
trillionlabs/Tri-0.5B-Base,19,0.7916666666666666,mean,ko,ja,r10,256,512,raw,ok,0.50390625
trillionlabs/Tri-0.5B-Base,19,0.7916666666666666,mean,ko,ja,r10,256,512,aligned,ok,0.4765625
trillionlabs/Tri-0.5B-Base,19,0.7916666666666666,mean,ko,ja,r10,256,512,delta,ok,-0.02734375
trillionlabs/Tri-0.5B-Base,19,0.7916666666666666,mean,ko,ja,mrr,256,512,raw,ok,0.4099846391492764
trillionlabs/Tri-0.5B-Base,19,0.7916666666666666,mean,ko,ja,mrr,256,512,aligned,ok,0.3904171584890236
trillionlabs/Tri-0.5B-Base,19,0.7916666666666666,mean,ko,ja,mrr,256,512,delta,ok,-0.019567480660252823
trillionlabs/Tri-0.5B-Base,19,0.7916666666666666,mean,ja,ko,r1,256,512,raw,ok,0.685546875
trillionlabs/Tri-0.5B-Base,19,0.7916666666666666,mean,ja,ko,r1,256,512,aligned,ok,0.3828125
trillionlabs/Tri-0.5B-Base,19,0.7916666666666666,mean,ja,ko,r1,256,512,delta,ok,-0.302734375
trillionlabs/Tri-0.5B-Base,19,0.7916666666666666,mean,ja,ko,r5,256,512,raw,ok,0.8203125
trillionlabs/Tri-0.5B-Base,19,0.7916666666666666,mean,ja,ko,r5,256,512,aligned,ok,0.46484375
trillionlabs/Tri-0.5B-Base,19,0.7916666666666666,mean,ja,ko,r5,256,512,delta,ok,-0.35546875
trillionlabs/Tri-0.5B-Base,19,0.7916666666666666,mean,ja,ko,r10,256,512,raw,ok,0.85546875
trillionlabs/Tri-0.5B-Base,19,0.7916666666666666,mean,ja,ko,r10,256,512,aligned,ok,0.50390625
trillionlabs/Tri-0.5B-Base,19,0.7916666666666666,mean,ja,ko,r10,256,512,delta,ok,-0.3515625
trillionlabs/Tri-0.5B-Base,19,0.7916666666666666,mean,ja,ko,mrr,256,512,raw,ok,0.7452498527102683
trillionlabs/Tri-0.5B-Base,19,0.7916666666666666,mean,ja,ko,mrr,256,512,aligned,ok,0.4279313997277234
trillionlabs/Tri-0.5B-Base,19,0.7916666666666666,mean,ja,ko,mrr,256,512,delta,ok,-0.3173184529825449
trillionlabs/Tri-0.5B-Base,19,0.7916666666666666,mean,ko,zh,r1,256,512,raw,ok,0.203125
trillionlabs/Tri-0.5B-Base,19,0.7916666666666666,mean,ko,zh,r1,256,512,aligned,ok,0.322265625
trillionlabs/Tri-0.5B-Base,19,0.7916666666666666,mean,ko,zh,r1,256,512,delta,ok,0.119140625
trillionlabs/Tri-0.5B-Base,19,0.7916666666666666,mean,ko,zh,r5,256,512,raw,ok,0.322265625
trillionlabs/Tri-0.5B-Base,19,0.7916666666666666,mean,ko,zh,r5,256,512,aligned,ok,0.412109375
trillionlabs/Tri-0.5B-Base,19,0.7916666666666666,mean,ko,zh,r5,256,512,delta,ok,0.08984375
trillionlabs/Tri-0.5B-Base,19,0.7916666666666666,mean,ko,zh,r10,256,512,raw,ok,0.361328125
trillionlabs/Tri-0.5B-Base,19,0.7916666666666666,mean,ko,zh,r10,256,512,aligned,ok,0.44140625
trillionlabs/Tri-0.5B-Base,19,0.7916666666666666,mean,ko,zh,r10,256,512,delta,ok,0.080078125
trillionlabs/Tri-0.5B-Base,19,0.7916666666666666,mean,ko,zh,mrr,256,512,raw,ok,0.26134946488871486
trillionlabs/Tri-0.5B-Base,19,0.7916666666666666,mean,ko,zh,mrr,256,512,aligned,ok,0.3694825574081147
trillionlabs/Tri-0.5B-Base,19,0.7916666666666666,mean,ko,zh,mrr,256,512,delta,ok,0.10813309251939984
trillionlabs/Tri-0.5B-Base,19,0.7916666666666666,mean,zh,ko,r1,256,512,raw,ok,0.5859375
trillionlabs/Tri-0.5B-Base,19,0.7916666666666666,mean,zh,ko,r1,256,512,aligned,ok,0.359375
trillionlabs/Tri-0.5B-Base,19,0.7916666666666666,mean,zh,ko,r1,256,512,delta,ok,-0.2265625
trillionlabs/Tri-0.5B-Base,19,0.7916666666666666,mean,zh,ko,r5,256,512,raw,ok,0.740234375
trillionlabs/Tri-0.5B-Base,19,0.7916666666666666,mean,zh,ko,r5,256,512,aligned,ok,0.46484375
trillionlabs/Tri-0.5B-Base,19,0.7916666666666666,mean,zh,ko,r5,256,512,delta,ok,-0.275390625
trillionlabs/Tri-0.5B-Base,19,0.7916666666666666,mean,zh,ko,r10,256,512,raw,ok,0.77734375
trillionlabs/Tri-0.5B-Base,19,0.7916666666666666,mean,zh,ko,r10,256,512,aligned,ok,0.490234375
trillionlabs/Tri-0.5B-Base,19,0.7916666666666666,mean,zh,ko,r10,256,512,delta,ok,-0.287109375
trillionlabs/Tri-0.5B-Base,19,0.7916666666666666,mean,zh,ko,mrr,256,512,raw,ok,0.6601913930102347
trillionlabs/Tri-0.5B-Base,19,0.7916666666666666,mean,zh,ko,mrr,256,512,aligned,ok,0.4110982752962067
trillionlabs/Tri-0.5B-Base,19,0.7916666666666666,mean,zh,ko,mrr,256,512,delta,ok,-0.24909311771402798
trillionlabs/Tri-0.5B-Base,19,0.7916666666666666,mean,ja,zh,r1,256,512,raw,ok,0.572265625
trillionlabs/Tri-0.5B-Base,19,0.7916666666666666,mean,ja,zh,r1,256,512,aligned,ok,0.34375
trillionlabs/Tri-0.5B-Base,19,0.7916666666666666,mean,ja,zh,r1,256,512,delta,ok,-0.228515625
trillionlabs/Tri-0.5B-Base,19,0.7916666666666666,mean,ja,zh,r5,256,512,raw,ok,0.646484375
trillionlabs/Tri-0.5B-Base,19,0.7916666666666666,mean,ja,zh,r5,256,512,aligned,ok,0.423828125
trillionlabs/Tri-0.5B-Base,19,0.7916666666666666,mean,ja,zh,r5,256,512,delta,ok,-0.22265625
trillionlabs/Tri-0.5B-Base,19,0.7916666666666666,mean,ja,zh,r10,256,512,raw,ok,0.681640625
trillionlabs/Tri-0.5B-Base,19,0.7916666666666666,mean,ja,zh,r10,256,512,aligned,ok,0.451171875
trillionlabs/Tri-0.5B-Base,19,0.7916666666666666,mean,ja,zh,r10,256,512,delta,ok,-0.23046875
trillionlabs/Tri-0.5B-Base,19,0.7916666666666666,mean,ja,zh,mrr,256,512,raw,ok,0.6152500917445567
trillionlabs/Tri-0.5B-Base,19,0.7916666666666666,mean,ja,zh,mrr,256,512,aligned,ok,0.38747883971824604
trillionlabs/Tri-0.5B-Base,19,0.7916666666666666,mean,ja,zh,mrr,256,512,delta,ok,-0.22777125202631066
trillionlabs/Tri-0.5B-Base,19,0.7916666666666666,mean,zh,ja,r1,256,512,raw,ok,0.6328125
trillionlabs/Tri-0.5B-Base,19,0.7916666666666666,mean,zh,ja,r1,256,512,aligned,ok,0.33203125
trillionlabs/Tri-0.5B-Base,19,0.7916666666666666,mean,zh,ja,r1,256,512,delta,ok,-0.30078125
trillionlabs/Tri-0.5B-Base,19,0.7916666666666666,mean,zh,ja,r5,256,512,raw,ok,0.73828125
trillionlabs/Tri-0.5B-Base,19,0.7916666666666666,mean,zh,ja,r5,256,512,aligned,ok,0.45703125
trillionlabs/Tri-0.5B-Base,19,0.7916666666666666,mean,zh,ja,r5,256,512,delta,ok,-0.28125
trillionlabs/Tri-0.5B-Base,19,0.7916666666666666,mean,zh,ja,r10,256,512,raw,ok,0.77734375
trillionlabs/Tri-0.5B-Base,19,0.7916666666666666,mean,zh,ja,r10,256,512,aligned,ok,0.501953125
trillionlabs/Tri-0.5B-Base,19,0.7916666666666666,mean,zh,ja,r10,256,512,delta,ok,-0.275390625
trillionlabs/Tri-0.5B-Base,19,0.7916666666666666,mean,zh,ja,mrr,256,512,raw,ok,0.6837195760582931
trillionlabs/Tri-0.5B-Base,19,0.7916666666666666,mean,zh,ja,mrr,256,512,aligned,ok,0.3953165090420955
trillionlabs/Tri-0.5B-Base,19,0.7916666666666666,mean,zh,ja,mrr,256,512,delta,ok,-0.28840306701619767
trillionlabs/Tri-0.5B-Base,20,0.8333333333333334,mean,en,ko,r1,256,512,raw,ok,0.52734375
trillionlabs/Tri-0.5B-Base,20,0.8333333333333334,mean,en,ko,r1,256,512,aligned,ok,0.490234375
trillionlabs/Tri-0.5B-Base,20,0.8333333333333334,mean,en,ko,r1,256,512,delta,ok,-0.037109375
trillionlabs/Tri-0.5B-Base,20,0.8333333333333334,mean,en,ko,r5,256,512,raw,ok,0.67578125
trillionlabs/Tri-0.5B-Base,20,0.8333333333333334,mean,en,ko,r5,256,512,aligned,ok,0.5625
trillionlabs/Tri-0.5B-Base,20,0.8333333333333334,mean,en,ko,r5,256,512,delta,ok,-0.11328125
trillionlabs/Tri-0.5B-Base,20,0.8333333333333334,mean,en,ko,r10,256,512,raw,ok,0.724609375
trillionlabs/Tri-0.5B-Base,20,0.8333333333333334,mean,en,ko,r10,256,512,aligned,ok,0.580078125
trillionlabs/Tri-0.5B-Base,20,0.8333333333333334,mean,en,ko,r10,256,512,delta,ok,-0.14453125
trillionlabs/Tri-0.5B-Base,20,0.8333333333333334,mean,en,ko,mrr,256,512,raw,ok,0.5976777900923709
trillionlabs/Tri-0.5B-Base,20,0.8333333333333334,mean,en,ko,mrr,256,512,aligned,ok,0.5261275033508153
trillionlabs/Tri-0.5B-Base,20,0.8333333333333334,mean,en,ko,mrr,256,512,delta,ok,-0.07155028674155561
trillionlabs/Tri-0.5B-Base,20,0.8333333333333334,mean,ko,en,r1,256,512,raw,ok,0.220703125
trillionlabs/Tri-0.5B-Base,20,0.8333333333333334,mean,ko,en,r1,256,512,aligned,ok,0.220703125
trillionlabs/Tri-0.5B-Base,20,0.8333333333333334,mean,ko,en,r1,256,512,delta,ok,0.0
trillionlabs/Tri-0.5B-Base,20,0.8333333333333334,mean,ko,en,r5,256,512,raw,ok,0.255859375
trillionlabs/Tri-0.5B-Base,20,0.8333333333333334,mean,ko,en,r5,256,512,aligned,ok,0.314453125
trillionlabs/Tri-0.5B-Base,20,0.8333333333333334,mean,ko,en,r5,256,512,delta,ok,0.05859375
trillionlabs/Tri-0.5B-Base,20,0.8333333333333334,mean,ko,en,r10,256,512,raw,ok,0.291015625
trillionlabs/Tri-0.5B-Base,20,0.8333333333333334,mean,ko,en,r10,256,512,aligned,ok,0.341796875
trillionlabs/Tri-0.5B-Base,20,0.8333333333333334,mean,ko,en,r10,256,512,delta,ok,0.05078125
trillionlabs/Tri-0.5B-Base,20,0.8333333333333334,mean,ko,en,mrr,256,512,raw,ok,0.24732397082996735
trillionlabs/Tri-0.5B-Base,20,0.8333333333333334,mean,ko,en,mrr,256,512,aligned,ok,0.2691780098949298
trillionlabs/Tri-0.5B-Base,20,0.8333333333333334,mean,ko,en,mrr,256,512,delta,ok,0.021854039064962444
trillionlabs/Tri-0.5B-Base,20,0.8333333333333334,mean,en,ja,r1,256,512,raw,ok,0.5703125
trillionlabs/Tri-0.5B-Base,20,0.8333333333333334,mean,en,ja,r1,256,512,aligned,ok,0.453125
trillionlabs/Tri-0.5B-Base,20,0.8333333333333334,mean,en,ja,r1,256,512,delta,ok,-0.1171875
trillionlabs/Tri-0.5B-Base,20,0.8333333333333334,mean,en,ja,r5,256,512,raw,ok,0.71484375
trillionlabs/Tri-0.5B-Base,20,0.8333333333333334,mean,en,ja,r5,256,512,aligned,ok,0.52734375
trillionlabs/Tri-0.5B-Base,20,0.8333333333333334,mean,en,ja,r5,256,512,delta,ok,-0.1875
trillionlabs/Tri-0.5B-Base,20,0.8333333333333334,mean,en,ja,r10,256,512,raw,ok,0.75390625
trillionlabs/Tri-0.5B-Base,20,0.8333333333333334,mean,en,ja,r10,256,512,aligned,ok,0.564453125
trillionlabs/Tri-0.5B-Base,20,0.8333333333333334,mean,en,ja,r10,256,512,delta,ok,-0.189453125
trillionlabs/Tri-0.5B-Base,20,0.8333333333333334,mean,en,ja,mrr,256,512,raw,ok,0.6438474580688935
trillionlabs/Tri-0.5B-Base,20,0.8333333333333334,mean,en,ja,mrr,256,512,aligned,ok,0.49173999933584195
trillionlabs/Tri-0.5B-Base,20,0.8333333333333334,mean,en,ja,mrr,256,512,delta,ok,-0.1521074587330516
trillionlabs/Tri-0.5B-Base,20,0.8333333333333334,mean,ja,en,r1,256,512,raw,ok,0.28125
trillionlabs/Tri-0.5B-Base,20,0.8333333333333334,mean,ja,en,r1,256,512,aligned,ok,0.232421875
trillionlabs/Tri-0.5B-Base,20,0.8333333333333334,mean,ja,en,r1,256,512,delta,ok,-0.048828125
trillionlabs/Tri-0.5B-Base,20,0.8333333333333334,mean,ja,en,r5,256,512,raw,ok,0.345703125
trillionlabs/Tri-0.5B-Base,20,0.8333333333333334,mean,ja,en,r5,256,512,aligned,ok,0.349609375
trillionlabs/Tri-0.5B-Base,20,0.8333333333333334,mean,ja,en,r5,256,512,delta,ok,0.00390625
trillionlabs/Tri-0.5B-Base,20,0.8333333333333334,mean,ja,en,r10,256,512,raw,ok,0.38671875
trillionlabs/Tri-0.5B-Base,20,0.8333333333333334,mean,ja,en,r10,256,512,aligned,ok,0.3828125
trillionlabs/Tri-0.5B-Base,20,0.8333333333333334,mean,ja,en,r10,256,512,delta,ok,-0.00390625
trillionlabs/Tri-0.5B-Base,20,0.8333333333333334,mean,ja,en,mrr,256,512,raw,ok,0.3198072260902785
trillionlabs/Tri-0.5B-Base,20,0.8333333333333334,mean,ja,en,mrr,256,512,aligned,ok,0.2868228755153551
trillionlabs/Tri-0.5B-Base,20,0.8333333333333334,mean,ja,en,mrr,256,512,delta,ok,-0.03298435057492338
trillionlabs/Tri-0.5B-Base,20,0.8333333333333334,mean,en,zh,r1,256,512,raw,ok,0.603515625
trillionlabs/Tri-0.5B-Base,20,0.8333333333333334,mean,en,zh,r1,256,512,aligned,ok,0.470703125
trillionlabs/Tri-0.5B-Base,20,0.8333333333333334,mean,en,zh,r1,256,512,delta,ok,-0.1328125
trillionlabs/Tri-0.5B-Base,20,0.8333333333333334,mean,en,zh,r5,256,512,raw,ok,0.71484375
trillionlabs/Tri-0.5B-Base,20,0.8333333333333334,mean,en,zh,r5,256,512,aligned,ok,0.533203125
trillionlabs/Tri-0.5B-Base,20,0.8333333333333334,mean,en,zh,r5,256,512,delta,ok,-0.181640625
trillionlabs/Tri-0.5B-Base,20,0.8333333333333334,mean,en,zh,r10,256,512,raw,ok,0.744140625
trillionlabs/Tri-0.5B-Base,20,0.8333333333333334,mean,en,zh,r10,256,512,aligned,ok,0.56640625
trillionlabs/Tri-0.5B-Base,20,0.8333333333333334,mean,en,zh,r10,256,512,delta,ok,-0.177734375
trillionlabs/Tri-0.5B-Base,20,0.8333333333333334,mean,en,zh,mrr,256,512,raw,ok,0.654654167318232
trillionlabs/Tri-0.5B-Base,20,0.8333333333333334,mean,en,zh,mrr,256,512,aligned,ok,0.5062938878497989
trillionlabs/Tri-0.5B-Base,20,0.8333333333333334,mean,en,zh,mrr,256,512,delta,ok,-0.1483602794684331
trillionlabs/Tri-0.5B-Base,20,0.8333333333333334,mean,zh,en,r1,256,512,raw,ok,0.361328125
trillionlabs/Tri-0.5B-Base,20,0.8333333333333334,mean,zh,en,r1,256,512,aligned,ok,0.244140625
trillionlabs/Tri-0.5B-Base,20,0.8333333333333334,mean,zh,en,r1,256,512,delta,ok,-0.1171875
trillionlabs/Tri-0.5B-Base,20,0.8333333333333334,mean,zh,en,r5,256,512,raw,ok,0.4453125
trillionlabs/Tri-0.5B-Base,20,0.8333333333333334,mean,zh,en,r5,256,512,aligned,ok,0.33984375
trillionlabs/Tri-0.5B-Base,20,0.8333333333333334,mean,zh,en,r5,256,512,delta,ok,-0.10546875
trillionlabs/Tri-0.5B-Base,20,0.8333333333333334,mean,zh,en,r10,256,512,raw,ok,0.474609375
trillionlabs/Tri-0.5B-Base,20,0.8333333333333334,mean,zh,en,r10,256,512,aligned,ok,0.37109375
trillionlabs/Tri-0.5B-Base,20,0.8333333333333334,mean,zh,en,r10,256,512,delta,ok,-0.103515625
trillionlabs/Tri-0.5B-Base,20,0.8333333333333334,mean,zh,en,mrr,256,512,raw,ok,0.40486170988751824
trillionlabs/Tri-0.5B-Base,20,0.8333333333333334,mean,zh,en,mrr,256,512,aligned,ok,0.29317011899036566
trillionlabs/Tri-0.5B-Base,20,0.8333333333333334,mean,zh,en,mrr,256,512,delta,ok,-0.11169159089715258
trillionlabs/Tri-0.5B-Base,20,0.8333333333333334,mean,ko,ja,r1,256,512,raw,ok,0.392578125
trillionlabs/Tri-0.5B-Base,20,0.8333333333333334,mean,ko,ja,r1,256,512,aligned,ok,0.365234375
trillionlabs/Tri-0.5B-Base,20,0.8333333333333334,mean,ko,ja,r1,256,512,delta,ok,-0.02734375
trillionlabs/Tri-0.5B-Base,20,0.8333333333333334,mean,ko,ja,r5,256,512,raw,ok,0.509765625
trillionlabs/Tri-0.5B-Base,20,0.8333333333333334,mean,ko,ja,r5,256,512,aligned,ok,0.4609375
trillionlabs/Tri-0.5B-Base,20,0.8333333333333334,mean,ko,ja,r5,256,512,delta,ok,-0.048828125
trillionlabs/Tri-0.5B-Base,20,0.8333333333333334,mean,ko,ja,r10,256,512,raw,ok,0.55078125
trillionlabs/Tri-0.5B-Base,20,0.8333333333333334,mean,ko,ja,r10,256,512,aligned,ok,0.50390625
trillionlabs/Tri-0.5B-Base,20,0.8333333333333334,mean,ko,ja,r10,256,512,delta,ok,-0.046875
trillionlabs/Tri-0.5B-Base,20,0.8333333333333334,mean,ko,ja,mrr,256,512,raw,ok,0.4496309241175759
trillionlabs/Tri-0.5B-Base,20,0.8333333333333334,mean,ko,ja,mrr,256,512,aligned,ok,0.4137052792829415
trillionlabs/Tri-0.5B-Base,20,0.8333333333333334,mean,ko,ja,mrr,256,512,delta,ok,-0.035925644834634396
trillionlabs/Tri-0.5B-Base,20,0.8333333333333334,mean,ja,ko,r1,256,512,raw,ok,0.716796875
trillionlabs/Tri-0.5B-Base,20,0.8333333333333334,mean,ja,ko,r1,256,512,aligned,ok,0.40625
trillionlabs/Tri-0.5B-Base,20,0.8333333333333334,mean,ja,ko,r1,256,512,delta,ok,-0.310546875
trillionlabs/Tri-0.5B-Base,20,0.8333333333333334,mean,ja,ko,r5,256,512,raw,ok,0.845703125
trillionlabs/Tri-0.5B-Base,20,0.8333333333333334,mean,ja,ko,r5,256,512,aligned,ok,0.490234375
trillionlabs/Tri-0.5B-Base,20,0.8333333333333334,mean,ja,ko,r5,256,512,delta,ok,-0.35546875
trillionlabs/Tri-0.5B-Base,20,0.8333333333333334,mean,ja,ko,r10,256,512,raw,ok,0.87109375
trillionlabs/Tri-0.5B-Base,20,0.8333333333333334,mean,ja,ko,r10,256,512,aligned,ok,0.5078125
trillionlabs/Tri-0.5B-Base,20,0.8333333333333334,mean,ja,ko,r10,256,512,delta,ok,-0.36328125
trillionlabs/Tri-0.5B-Base,20,0.8333333333333334,mean,ja,ko,mrr,256,512,raw,ok,0.7750483712009858
trillionlabs/Tri-0.5B-Base,20,0.8333333333333334,mean,ja,ko,mrr,256,512,aligned,ok,0.4481989801202261
trillionlabs/Tri-0.5B-Base,20,0.8333333333333334,mean,ja,ko,mrr,256,512,delta,ok,-0.3268493910807597
trillionlabs/Tri-0.5B-Base,20,0.8333333333333334,mean,ko,zh,r1,256,512,raw,ok,0.224609375
trillionlabs/Tri-0.5B-Base,20,0.8333333333333334,mean,ko,zh,r1,256,512,aligned,ok,0.333984375
trillionlabs/Tri-0.5B-Base,20,0.8333333333333334,mean,ko,zh,r1,256,512,delta,ok,0.109375
trillionlabs/Tri-0.5B-Base,20,0.8333333333333334,mean,ko,zh,r5,256,512,raw,ok,0.341796875
trillionlabs/Tri-0.5B-Base,20,0.8333333333333334,mean,ko,zh,r5,256,512,aligned,ok,0.423828125
trillionlabs/Tri-0.5B-Base,20,0.8333333333333334,mean,ko,zh,r5,256,512,delta,ok,0.08203125
trillionlabs/Tri-0.5B-Base,20,0.8333333333333334,mean,ko,zh,r10,256,512,raw,ok,0.3828125
trillionlabs/Tri-0.5B-Base,20,0.8333333333333334,mean,ko,zh,r10,256,512,aligned,ok,0.447265625
trillionlabs/Tri-0.5B-Base,20,0.8333333333333334,mean,ko,zh,r10,256,512,delta,ok,0.064453125
trillionlabs/Tri-0.5B-Base,20,0.8333333333333334,mean,ko,zh,mrr,256,512,raw,ok,0.2832289902449023
trillionlabs/Tri-0.5B-Base,20,0.8333333333333334,mean,ko,zh,mrr,256,512,aligned,ok,0.38333079658827857
trillionlabs/Tri-0.5B-Base,20,0.8333333333333334,mean,ko,zh,mrr,256,512,delta,ok,0.10010180634337629
trillionlabs/Tri-0.5B-Base,20,0.8333333333333334,mean,zh,ko,r1,256,512,raw,ok,0.642578125
trillionlabs/Tri-0.5B-Base,20,0.8333333333333334,mean,zh,ko,r1,256,512,aligned,ok,0.376953125
trillionlabs/Tri-0.5B-Base,20,0.8333333333333334,mean,zh,ko,r1,256,512,delta,ok,-0.265625
trillionlabs/Tri-0.5B-Base,20,0.8333333333333334,mean,zh,ko,r5,256,512,raw,ok,0.763671875
trillionlabs/Tri-0.5B-Base,20,0.8333333333333334,mean,zh,ko,r5,256,512,aligned,ok,0.48046875
trillionlabs/Tri-0.5B-Base,20,0.8333333333333334,mean,zh,ko,r5,256,512,delta,ok,-0.283203125
trillionlabs/Tri-0.5B-Base,20,0.8333333333333334,mean,zh,ko,r10,256,512,raw,ok,0.814453125
trillionlabs/Tri-0.5B-Base,20,0.8333333333333334,mean,zh,ko,r10,256,512,aligned,ok,0.50390625
trillionlabs/Tri-0.5B-Base,20,0.8333333333333334,mean,zh,ko,r10,256,512,delta,ok,-0.310546875
trillionlabs/Tri-0.5B-Base,20,0.8333333333333334,mean,zh,ko,mrr,256,512,raw,ok,0.7038336983137798
trillionlabs/Tri-0.5B-Base,20,0.8333333333333334,mean,zh,ko,mrr,256,512,aligned,ok,0.4287663440811854
trillionlabs/Tri-0.5B-Base,20,0.8333333333333334,mean,zh,ko,mrr,256,512,delta,ok,-0.27506735423259443
trillionlabs/Tri-0.5B-Base,20,0.8333333333333334,mean,ja,zh,r1,256,512,raw,ok,0.583984375
trillionlabs/Tri-0.5B-Base,20,0.8333333333333334,mean,ja,zh,r1,256,512,aligned,ok,0.345703125
trillionlabs/Tri-0.5B-Base,20,0.8333333333333334,mean,ja,zh,r1,256,512,delta,ok,-0.23828125
trillionlabs/Tri-0.5B-Base,20,0.8333333333333334,mean,ja,zh,r5,256,512,raw,ok,0.65625
trillionlabs/Tri-0.5B-Base,20,0.8333333333333334,mean,ja,zh,r5,256,512,aligned,ok,0.435546875
trillionlabs/Tri-0.5B-Base,20,0.8333333333333334,mean,ja,zh,r5,256,512,delta,ok,-0.220703125
trillionlabs/Tri-0.5B-Base,20,0.8333333333333334,mean,ja,zh,r10,256,512,raw,ok,0.693359375
trillionlabs/Tri-0.5B-Base,20,0.8333333333333334,mean,ja,zh,r10,256,512,aligned,ok,0.46484375
trillionlabs/Tri-0.5B-Base,20,0.8333333333333334,mean,ja,zh,r10,256,512,delta,ok,-0.228515625
trillionlabs/Tri-0.5B-Base,20,0.8333333333333334,mean,ja,zh,mrr,256,512,raw,ok,0.6248964611834701
trillionlabs/Tri-0.5B-Base,20,0.8333333333333334,mean,ja,zh,mrr,256,512,aligned,ok,0.39484574223573765
trillionlabs/Tri-0.5B-Base,20,0.8333333333333334,mean,ja,zh,mrr,256,512,delta,ok,-0.23005071894773244
trillionlabs/Tri-0.5B-Base,20,0.8333333333333334,mean,zh,ja,r1,256,512,raw,ok,0.658203125
trillionlabs/Tri-0.5B-Base,20,0.8333333333333334,mean,zh,ja,r1,256,512,aligned,ok,0.35546875
trillionlabs/Tri-0.5B-Base,20,0.8333333333333334,mean,zh,ja,r1,256,512,delta,ok,-0.302734375
trillionlabs/Tri-0.5B-Base,20,0.8333333333333334,mean,zh,ja,r5,256,512,raw,ok,0.76953125
trillionlabs/Tri-0.5B-Base,20,0.8333333333333334,mean,zh,ja,r5,256,512,aligned,ok,0.4921875
trillionlabs/Tri-0.5B-Base,20,0.8333333333333334,mean,zh,ja,r5,256,512,delta,ok,-0.27734375
trillionlabs/Tri-0.5B-Base,20,0.8333333333333334,mean,zh,ja,r10,256,512,raw,ok,0.806640625
trillionlabs/Tri-0.5B-Base,20,0.8333333333333334,mean,zh,ja,r10,256,512,aligned,ok,0.537109375
trillionlabs/Tri-0.5B-Base,20,0.8333333333333334,mean,zh,ja,r10,256,512,delta,ok,-0.26953125
trillionlabs/Tri-0.5B-Base,20,0.8333333333333334,mean,zh,ja,mrr,256,512,raw,ok,0.7143589353668574
trillionlabs/Tri-0.5B-Base,20,0.8333333333333334,mean,zh,ja,mrr,256,512,aligned,ok,0.41815611381915246
trillionlabs/Tri-0.5B-Base,20,0.8333333333333334,mean,zh,ja,mrr,256,512,delta,ok,-0.2962028215477049
trillionlabs/Tri-0.5B-Base,21,0.875,mean,en,ko,r1,256,512,raw,ok,0.458984375
trillionlabs/Tri-0.5B-Base,21,0.875,mean,en,ko,r1,256,512,aligned,ok,0.474609375
trillionlabs/Tri-0.5B-Base,21,0.875,mean,en,ko,r1,256,512,delta,ok,0.015625
trillionlabs/Tri-0.5B-Base,21,0.875,mean,en,ko,r5,256,512,raw,ok,0.6640625
trillionlabs/Tri-0.5B-Base,21,0.875,mean,en,ko,r5,256,512,aligned,ok,0.5625
trillionlabs/Tri-0.5B-Base,21,0.875,mean,en,ko,r5,256,512,delta,ok,-0.1015625
trillionlabs/Tri-0.5B-Base,21,0.875,mean,en,ko,r10,256,512,raw,ok,0.697265625
trillionlabs/Tri-0.5B-Base,21,0.875,mean,en,ko,r10,256,512,aligned,ok,0.580078125
trillionlabs/Tri-0.5B-Base,21,0.875,mean,en,ko,r10,256,512,delta,ok,-0.1171875
trillionlabs/Tri-0.5B-Base,21,0.875,mean,en,ko,mrr,256,512,raw,ok,0.5517510359357192
trillionlabs/Tri-0.5B-Base,21,0.875,mean,en,ko,mrr,256,512,aligned,ok,0.51788633902987
trillionlabs/Tri-0.5B-Base,21,0.875,mean,en,ko,mrr,256,512,delta,ok,-0.033864696905849145
trillionlabs/Tri-0.5B-Base,21,0.875,mean,ko,en,r1,256,512,raw,ok,0.20703125
trillionlabs/Tri-0.5B-Base,21,0.875,mean,ko,en,r1,256,512,aligned,ok,0.21875
trillionlabs/Tri-0.5B-Base,21,0.875,mean,ko,en,r1,256,512,delta,ok,0.01171875
trillionlabs/Tri-0.5B-Base,21,0.875,mean,ko,en,r5,256,512,raw,ok,0.248046875
trillionlabs/Tri-0.5B-Base,21,0.875,mean,ko,en,r5,256,512,aligned,ok,0.3046875
trillionlabs/Tri-0.5B-Base,21,0.875,mean,ko,en,r5,256,512,delta,ok,0.056640625
trillionlabs/Tri-0.5B-Base,21,0.875,mean,ko,en,r10,256,512,raw,ok,0.267578125
trillionlabs/Tri-0.5B-Base,21,0.875,mean,ko,en,r10,256,512,aligned,ok,0.33984375
trillionlabs/Tri-0.5B-Base,21,0.875,mean,ko,en,r10,256,512,delta,ok,0.072265625
trillionlabs/Tri-0.5B-Base,21,0.875,mean,ko,en,mrr,256,512,raw,ok,0.2345777833529024
trillionlabs/Tri-0.5B-Base,21,0.875,mean,ko,en,mrr,256,512,aligned,ok,0.26630920476534514
trillionlabs/Tri-0.5B-Base,21,0.875,mean,ko,en,mrr,256,512,delta,ok,0.03173142141244273
trillionlabs/Tri-0.5B-Base,21,0.875,mean,en,ja,r1,256,512,raw,ok,0.423828125
trillionlabs/Tri-0.5B-Base,21,0.875,mean,en,ja,r1,256,512,aligned,ok,0.453125
trillionlabs/Tri-0.5B-Base,21,0.875,mean,en,ja,r1,256,512,delta,ok,0.029296875
trillionlabs/Tri-0.5B-Base,21,0.875,mean,en,ja,r5,256,512,raw,ok,0.626953125
trillionlabs/Tri-0.5B-Base,21,0.875,mean,en,ja,r5,256,512,aligned,ok,0.533203125
trillionlabs/Tri-0.5B-Base,21,0.875,mean,en,ja,r5,256,512,delta,ok,-0.09375
trillionlabs/Tri-0.5B-Base,21,0.875,mean,en,ja,r10,256,512,raw,ok,0.669921875
trillionlabs/Tri-0.5B-Base,21,0.875,mean,en,ja,r10,256,512,aligned,ok,0.56640625
trillionlabs/Tri-0.5B-Base,21,0.875,mean,en,ja,r10,256,512,delta,ok,-0.103515625
trillionlabs/Tri-0.5B-Base,21,0.875,mean,en,ja,mrr,256,512,raw,ok,0.5177879565721935
trillionlabs/Tri-0.5B-Base,21,0.875,mean,en,ja,mrr,256,512,aligned,ok,0.493241490653923
trillionlabs/Tri-0.5B-Base,21,0.875,mean,en,ja,mrr,256,512,delta,ok,-0.024546465918270477
trillionlabs/Tri-0.5B-Base,21,0.875,mean,ja,en,r1,256,512,raw,ok,0.251953125
trillionlabs/Tri-0.5B-Base,21,0.875,mean,ja,en,r1,256,512,aligned,ok,0.228515625
trillionlabs/Tri-0.5B-Base,21,0.875,mean,ja,en,r1,256,512,delta,ok,-0.0234375
trillionlabs/Tri-0.5B-Base,21,0.875,mean,ja,en,r5,256,512,raw,ok,0.3125
trillionlabs/Tri-0.5B-Base,21,0.875,mean,ja,en,r5,256,512,aligned,ok,0.33203125
trillionlabs/Tri-0.5B-Base,21,0.875,mean,ja,en,r5,256,512,delta,ok,0.01953125
trillionlabs/Tri-0.5B-Base,21,0.875,mean,ja,en,r10,256,512,raw,ok,0.326171875
trillionlabs/Tri-0.5B-Base,21,0.875,mean,ja,en,r10,256,512,aligned,ok,0.38671875
trillionlabs/Tri-0.5B-Base,21,0.875,mean,ja,en,r10,256,512,delta,ok,0.060546875
trillionlabs/Tri-0.5B-Base,21,0.875,mean,ja,en,mrr,256,512,raw,ok,0.28505991125741686
trillionlabs/Tri-0.5B-Base,21,0.875,mean,ja,en,mrr,256,512,aligned,ok,0.28181286573344067
trillionlabs/Tri-0.5B-Base,21,0.875,mean,ja,en,mrr,256,512,delta,ok,-0.0032470455239761997
trillionlabs/Tri-0.5B-Base,21,0.875,mean,en,zh,r1,256,512,raw,ok,0.51953125
trillionlabs/Tri-0.5B-Base,21,0.875,mean,en,zh,r1,256,512,aligned,ok,0.4609375
trillionlabs/Tri-0.5B-Base,21,0.875,mean,en,zh,r1,256,512,delta,ok,-0.05859375
trillionlabs/Tri-0.5B-Base,21,0.875,mean,en,zh,r5,256,512,raw,ok,0.66015625
trillionlabs/Tri-0.5B-Base,21,0.875,mean,en,zh,r5,256,512,aligned,ok,0.541015625
trillionlabs/Tri-0.5B-Base,21,0.875,mean,en,zh,r5,256,512,delta,ok,-0.119140625
trillionlabs/Tri-0.5B-Base,21,0.875,mean,en,zh,r10,256,512,raw,ok,0.703125
trillionlabs/Tri-0.5B-Base,21,0.875,mean,en,zh,r10,256,512,aligned,ok,0.568359375
trillionlabs/Tri-0.5B-Base,21,0.875,mean,en,zh,r10,256,512,delta,ok,-0.134765625
trillionlabs/Tri-0.5B-Base,21,0.875,mean,en,zh,mrr,256,512,raw,ok,0.5826876327359323
trillionlabs/Tri-0.5B-Base,21,0.875,mean,en,zh,mrr,256,512,aligned,ok,0.5011896312191741
trillionlabs/Tri-0.5B-Base,21,0.875,mean,en,zh,mrr,256,512,delta,ok,-0.08149800151675812
trillionlabs/Tri-0.5B-Base,21,0.875,mean,zh,en,r1,256,512,raw,ok,0.341796875
trillionlabs/Tri-0.5B-Base,21,0.875,mean,zh,en,r1,256,512,aligned,ok,0.2265625
trillionlabs/Tri-0.5B-Base,21,0.875,mean,zh,en,r1,256,512,delta,ok,-0.115234375
trillionlabs/Tri-0.5B-Base,21,0.875,mean,zh,en,r5,256,512,raw,ok,0.41015625
trillionlabs/Tri-0.5B-Base,21,0.875,mean,zh,en,r5,256,512,aligned,ok,0.3359375
trillionlabs/Tri-0.5B-Base,21,0.875,mean,zh,en,r5,256,512,delta,ok,-0.07421875
trillionlabs/Tri-0.5B-Base,21,0.875,mean,zh,en,r10,256,512,raw,ok,0.44140625
trillionlabs/Tri-0.5B-Base,21,0.875,mean,zh,en,r10,256,512,aligned,ok,0.37890625
trillionlabs/Tri-0.5B-Base,21,0.875,mean,zh,en,r10,256,512,delta,ok,-0.0625
trillionlabs/Tri-0.5B-Base,21,0.875,mean,zh,en,mrr,256,512,raw,ok,0.380343064592193
trillionlabs/Tri-0.5B-Base,21,0.875,mean,zh,en,mrr,256,512,aligned,ok,0.28094789632016137
trillionlabs/Tri-0.5B-Base,21,0.875,mean,zh,en,mrr,256,512,delta,ok,-0.09939516827203165
trillionlabs/Tri-0.5B-Base,21,0.875,mean,ko,ja,r1,256,512,raw,ok,0.259765625
trillionlabs/Tri-0.5B-Base,21,0.875,mean,ko,ja,r1,256,512,aligned,ok,0.353515625
trillionlabs/Tri-0.5B-Base,21,0.875,mean,ko,ja,r1,256,512,delta,ok,0.09375
trillionlabs/Tri-0.5B-Base,21,0.875,mean,ko,ja,r5,256,512,raw,ok,0.35546875
trillionlabs/Tri-0.5B-Base,21,0.875,mean,ko,ja,r5,256,512,aligned,ok,0.455078125
trillionlabs/Tri-0.5B-Base,21,0.875,mean,ko,ja,r5,256,512,delta,ok,0.099609375
trillionlabs/Tri-0.5B-Base,21,0.875,mean,ko,ja,r10,256,512,raw,ok,0.408203125
trillionlabs/Tri-0.5B-Base,21,0.875,mean,ko,ja,r10,256,512,aligned,ok,0.5
trillionlabs/Tri-0.5B-Base,21,0.875,mean,ko,ja,r10,256,512,delta,ok,0.091796875
trillionlabs/Tri-0.5B-Base,21,0.875,mean,ko,ja,mrr,256,512,raw,ok,0.31251745443775975
trillionlabs/Tri-0.5B-Base,21,0.875,mean,ko,ja,mrr,256,512,aligned,ok,0.40346160722551466
trillionlabs/Tri-0.5B-Base,21,0.875,mean,ko,ja,mrr,256,512,delta,ok,0.09094415278775492
trillionlabs/Tri-0.5B-Base,21,0.875,mean,ja,ko,r1,256,512,raw,ok,0.626953125
trillionlabs/Tri-0.5B-Base,21,0.875,mean,ja,ko,r1,256,512,aligned,ok,0.384765625
trillionlabs/Tri-0.5B-Base,21,0.875,mean,ja,ko,r1,256,512,delta,ok,-0.2421875
trillionlabs/Tri-0.5B-Base,21,0.875,mean,ja,ko,r5,256,512,raw,ok,0.79296875
trillionlabs/Tri-0.5B-Base,21,0.875,mean,ja,ko,r5,256,512,aligned,ok,0.48046875
trillionlabs/Tri-0.5B-Base,21,0.875,mean,ja,ko,r5,256,512,delta,ok,-0.3125
trillionlabs/Tri-0.5B-Base,21,0.875,mean,ja,ko,r10,256,512,raw,ok,0.818359375
trillionlabs/Tri-0.5B-Base,21,0.875,mean,ja,ko,r10,256,512,aligned,ok,0.505859375
trillionlabs/Tri-0.5B-Base,21,0.875,mean,ja,ko,r10,256,512,delta,ok,-0.3125
trillionlabs/Tri-0.5B-Base,21,0.875,mean,ja,ko,mrr,256,512,raw,ok,0.6994194063726135
trillionlabs/Tri-0.5B-Base,21,0.875,mean,ja,ko,mrr,256,512,aligned,ok,0.43387250141150013
trillionlabs/Tri-0.5B-Base,21,0.875,mean,ja,ko,mrr,256,512,delta,ok,-0.26554690496111333
trillionlabs/Tri-0.5B-Base,21,0.875,mean,ko,zh,r1,256,512,raw,ok,0.130859375
trillionlabs/Tri-0.5B-Base,21,0.875,mean,ko,zh,r1,256,512,aligned,ok,0.32421875
trillionlabs/Tri-0.5B-Base,21,0.875,mean,ko,zh,r1,256,512,delta,ok,0.193359375
trillionlabs/Tri-0.5B-Base,21,0.875,mean,ko,zh,r5,256,512,raw,ok,0.232421875
trillionlabs/Tri-0.5B-Base,21,0.875,mean,ko,zh,r5,256,512,aligned,ok,0.408203125
trillionlabs/Tri-0.5B-Base,21,0.875,mean,ko,zh,r5,256,512,delta,ok,0.17578125
trillionlabs/Tri-0.5B-Base,21,0.875,mean,ko,zh,r10,256,512,raw,ok,0.28125
trillionlabs/Tri-0.5B-Base,21,0.875,mean,ko,zh,r10,256,512,aligned,ok,0.443359375
trillionlabs/Tri-0.5B-Base,21,0.875,mean,ko,zh,r10,256,512,delta,ok,0.162109375
trillionlabs/Tri-0.5B-Base,21,0.875,mean,ko,zh,mrr,256,512,raw,ok,0.18805495130952854
trillionlabs/Tri-0.5B-Base,21,0.875,mean,ko,zh,mrr,256,512,aligned,ok,0.37168717717179545
trillionlabs/Tri-0.5B-Base,21,0.875,mean,ko,zh,mrr,256,512,delta,ok,0.1836322258622669
trillionlabs/Tri-0.5B-Base,21,0.875,mean,zh,ko,r1,256,512,raw,ok,0.5234375
trillionlabs/Tri-0.5B-Base,21,0.875,mean,zh,ko,r1,256,512,aligned,ok,0.373046875
trillionlabs/Tri-0.5B-Base,21,0.875,mean,zh,ko,r1,256,512,delta,ok,-0.150390625
trillionlabs/Tri-0.5B-Base,21,0.875,mean,zh,ko,r5,256,512,raw,ok,0.748046875
trillionlabs/Tri-0.5B-Base,21,0.875,mean,zh,ko,r5,256,512,aligned,ok,0.470703125
trillionlabs/Tri-0.5B-Base,21,0.875,mean,zh,ko,r5,256,512,delta,ok,-0.27734375
trillionlabs/Tri-0.5B-Base,21,0.875,mean,zh,ko,r10,256,512,raw,ok,0.783203125
trillionlabs/Tri-0.5B-Base,21,0.875,mean,zh,ko,r10,256,512,aligned,ok,0.49609375
trillionlabs/Tri-0.5B-Base,21,0.875,mean,zh,ko,r10,256,512,delta,ok,-0.287109375
trillionlabs/Tri-0.5B-Base,21,0.875,mean,zh,ko,mrr,256,512,raw,ok,0.6239571546755125
trillionlabs/Tri-0.5B-Base,21,0.875,mean,zh,ko,mrr,256,512,aligned,ok,0.423609830160605
trillionlabs/Tri-0.5B-Base,21,0.875,mean,zh,ko,mrr,256,512,delta,ok,-0.2003473245149075
trillionlabs/Tri-0.5B-Base,21,0.875,mean,ja,zh,r1,256,512,raw,ok,0.572265625
trillionlabs/Tri-0.5B-Base,21,0.875,mean,ja,zh,r1,256,512,aligned,ok,0.32421875
trillionlabs/Tri-0.5B-Base,21,0.875,mean,ja,zh,r1,256,512,delta,ok,-0.248046875
trillionlabs/Tri-0.5B-Base,21,0.875,mean,ja,zh,r5,256,512,raw,ok,0.64453125
trillionlabs/Tri-0.5B-Base,21,0.875,mean,ja,zh,r5,256,512,aligned,ok,0.431640625
trillionlabs/Tri-0.5B-Base,21,0.875,mean,ja,zh,r5,256,512,delta,ok,-0.212890625
trillionlabs/Tri-0.5B-Base,21,0.875,mean,ja,zh,r10,256,512,raw,ok,0.6640625
trillionlabs/Tri-0.5B-Base,21,0.875,mean,ja,zh,r10,256,512,aligned,ok,0.46484375
trillionlabs/Tri-0.5B-Base,21,0.875,mean,ja,zh,r10,256,512,delta,ok,-0.19921875
trillionlabs/Tri-0.5B-Base,21,0.875,mean,ja,zh,mrr,256,512,raw,ok,0.609976659045052
trillionlabs/Tri-0.5B-Base,21,0.875,mean,ja,zh,mrr,256,512,aligned,ok,0.379998013029624
trillionlabs/Tri-0.5B-Base,21,0.875,mean,ja,zh,mrr,256,512,delta,ok,-0.22997864601542806
trillionlabs/Tri-0.5B-Base,21,0.875,mean,zh,ja,r1,256,512,raw,ok,0.62890625
trillionlabs/Tri-0.5B-Base,21,0.875,mean,zh,ja,r1,256,512,aligned,ok,0.34375
trillionlabs/Tri-0.5B-Base,21,0.875,mean,zh,ja,r1,256,512,delta,ok,-0.28515625
trillionlabs/Tri-0.5B-Base,21,0.875,mean,zh,ja,r5,256,512,raw,ok,0.748046875
trillionlabs/Tri-0.5B-Base,21,0.875,mean,zh,ja,r5,256,512,aligned,ok,0.470703125
trillionlabs/Tri-0.5B-Base,21,0.875,mean,zh,ja,r5,256,512,delta,ok,-0.27734375
trillionlabs/Tri-0.5B-Base,21,0.875,mean,zh,ja,r10,256,512,raw,ok,0.78515625
trillionlabs/Tri-0.5B-Base,21,0.875,mean,zh,ja,r10,256,512,aligned,ok,0.51953125
trillionlabs/Tri-0.5B-Base,21,0.875,mean,zh,ja,r10,256,512,delta,ok,-0.265625
trillionlabs/Tri-0.5B-Base,21,0.875,mean,zh,ja,mrr,256,512,raw,ok,0.6877237374863713
trillionlabs/Tri-0.5B-Base,21,0.875,mean,zh,ja,mrr,256,512,aligned,ok,0.40609494086782816
trillionlabs/Tri-0.5B-Base,21,0.875,mean,zh,ja,mrr,256,512,delta,ok,-0.2816287966185431
trillionlabs/Tri-0.5B-Base,22,0.9166666666666666,mean,en,ko,r1,256,512,raw,ok,0.328125
trillionlabs/Tri-0.5B-Base,22,0.9166666666666666,mean,en,ko,r1,256,512,aligned,ok,0.486328125
trillionlabs/Tri-0.5B-Base,22,0.9166666666666666,mean,en,ko,r1,256,512,delta,ok,0.158203125
trillionlabs/Tri-0.5B-Base,22,0.9166666666666666,mean,en,ko,r5,256,512,raw,ok,0.5859375
trillionlabs/Tri-0.5B-Base,22,0.9166666666666666,mean,en,ko,r5,256,512,aligned,ok,0.564453125
trillionlabs/Tri-0.5B-Base,22,0.9166666666666666,mean,en,ko,r5,256,512,delta,ok,-0.021484375
trillionlabs/Tri-0.5B-Base,22,0.9166666666666666,mean,en,ko,r10,256,512,raw,ok,0.68359375
trillionlabs/Tri-0.5B-Base,22,0.9166666666666666,mean,en,ko,r10,256,512,aligned,ok,0.5859375
trillionlabs/Tri-0.5B-Base,22,0.9166666666666666,mean,en,ko,r10,256,512,delta,ok,-0.09765625
trillionlabs/Tri-0.5B-Base,22,0.9166666666666666,mean,en,ko,mrr,256,512,raw,ok,0.44870729693714156
trillionlabs/Tri-0.5B-Base,22,0.9166666666666666,mean,en,ko,mrr,256,512,aligned,ok,0.5229422386732059
trillionlabs/Tri-0.5B-Base,22,0.9166666666666666,mean,en,ko,mrr,256,512,delta,ok,0.07423494173606432
trillionlabs/Tri-0.5B-Base,22,0.9166666666666666,mean,ko,en,r1,256,512,raw,ok,0.14453125
trillionlabs/Tri-0.5B-Base,22,0.9166666666666666,mean,ko,en,r1,256,512,aligned,ok,0.208984375
trillionlabs/Tri-0.5B-Base,22,0.9166666666666666,mean,ko,en,r1,256,512,delta,ok,0.064453125
trillionlabs/Tri-0.5B-Base,22,0.9166666666666666,mean,ko,en,r5,256,512,raw,ok,0.201171875
trillionlabs/Tri-0.5B-Base,22,0.9166666666666666,mean,ko,en,r5,256,512,aligned,ok,0.310546875
trillionlabs/Tri-0.5B-Base,22,0.9166666666666666,mean,ko,en,r5,256,512,delta,ok,0.109375
trillionlabs/Tri-0.5B-Base,22,0.9166666666666666,mean,ko,en,r10,256,512,raw,ok,0.228515625
trillionlabs/Tri-0.5B-Base,22,0.9166666666666666,mean,ko,en,r10,256,512,aligned,ok,0.353515625
trillionlabs/Tri-0.5B-Base,22,0.9166666666666666,mean,ko,en,r10,256,512,delta,ok,0.125
trillionlabs/Tri-0.5B-Base,22,0.9166666666666666,mean,ko,en,mrr,256,512,raw,ok,0.17867936166680842
trillionlabs/Tri-0.5B-Base,22,0.9166666666666666,mean,ko,en,mrr,256,512,aligned,ok,0.2620246101192052
trillionlabs/Tri-0.5B-Base,22,0.9166666666666666,mean,ko,en,mrr,256,512,delta,ok,0.08334524845239677
trillionlabs/Tri-0.5B-Base,22,0.9166666666666666,mean,en,ja,r1,256,512,raw,ok,0.28515625
trillionlabs/Tri-0.5B-Base,22,0.9166666666666666,mean,en,ja,r1,256,512,aligned,ok,0.44921875
trillionlabs/Tri-0.5B-Base,22,0.9166666666666666,mean,en,ja,r1,256,512,delta,ok,0.1640625
trillionlabs/Tri-0.5B-Base,22,0.9166666666666666,mean,en,ja,r5,256,512,raw,ok,0.552734375
trillionlabs/Tri-0.5B-Base,22,0.9166666666666666,mean,en,ja,r5,256,512,aligned,ok,0.5234375
trillionlabs/Tri-0.5B-Base,22,0.9166666666666666,mean,en,ja,r5,256,512,delta,ok,-0.029296875
trillionlabs/Tri-0.5B-Base,22,0.9166666666666666,mean,en,ja,r10,256,512,raw,ok,0.65234375
trillionlabs/Tri-0.5B-Base,22,0.9166666666666666,mean,en,ja,r10,256,512,aligned,ok,0.560546875
trillionlabs/Tri-0.5B-Base,22,0.9166666666666666,mean,en,ja,r10,256,512,delta,ok,-0.091796875
trillionlabs/Tri-0.5B-Base,22,0.9166666666666666,mean,en,ja,mrr,256,512,raw,ok,0.4107660480919604
trillionlabs/Tri-0.5B-Base,22,0.9166666666666666,mean,en,ja,mrr,256,512,aligned,ok,0.49097639979027247
trillionlabs/Tri-0.5B-Base,22,0.9166666666666666,mean,en,ja,mrr,256,512,delta,ok,0.08021035169831209
trillionlabs/Tri-0.5B-Base,22,0.9166666666666666,mean,ja,en,r1,256,512,raw,ok,0.162109375
trillionlabs/Tri-0.5B-Base,22,0.9166666666666666,mean,ja,en,r1,256,512,aligned,ok,0.216796875
trillionlabs/Tri-0.5B-Base,22,0.9166666666666666,mean,ja,en,r1,256,512,delta,ok,0.0546875
trillionlabs/Tri-0.5B-Base,22,0.9166666666666666,mean,ja,en,r5,256,512,raw,ok,0.224609375
trillionlabs/Tri-0.5B-Base,22,0.9166666666666666,mean,ja,en,r5,256,512,aligned,ok,0.341796875
trillionlabs/Tri-0.5B-Base,22,0.9166666666666666,mean,ja,en,r5,256,512,delta,ok,0.1171875
trillionlabs/Tri-0.5B-Base,22,0.9166666666666666,mean,ja,en,r10,256,512,raw,ok,0.240234375
trillionlabs/Tri-0.5B-Base,22,0.9166666666666666,mean,ja,en,r10,256,512,aligned,ok,0.37890625
trillionlabs/Tri-0.5B-Base,22,0.9166666666666666,mean,ja,en,r10,256,512,delta,ok,0.138671875
trillionlabs/Tri-0.5B-Base,22,0.9166666666666666,mean,ja,en,mrr,256,512,raw,ok,0.19885282333248644
trillionlabs/Tri-0.5B-Base,22,0.9166666666666666,mean,ja,en,mrr,256,512,aligned,ok,0.27355092214236026
trillionlabs/Tri-0.5B-Base,22,0.9166666666666666,mean,ja,en,mrr,256,512,delta,ok,0.07469809880987383
trillionlabs/Tri-0.5B-Base,22,0.9166666666666666,mean,en,zh,r1,256,512,raw,ok,0.34375
trillionlabs/Tri-0.5B-Base,22,0.9166666666666666,mean,en,zh,r1,256,512,aligned,ok,0.44921875
trillionlabs/Tri-0.5B-Base,22,0.9166666666666666,mean,en,zh,r1,256,512,delta,ok,0.10546875
trillionlabs/Tri-0.5B-Base,22,0.9166666666666666,mean,en,zh,r5,256,512,raw,ok,0.54296875
trillionlabs/Tri-0.5B-Base,22,0.9166666666666666,mean,en,zh,r5,256,512,aligned,ok,0.53125
trillionlabs/Tri-0.5B-Base,22,0.9166666666666666,mean,en,zh,r5,256,512,delta,ok,-0.01171875
trillionlabs/Tri-0.5B-Base,22,0.9166666666666666,mean,en,zh,r10,256,512,raw,ok,0.658203125
trillionlabs/Tri-0.5B-Base,22,0.9166666666666666,mean,en,zh,r10,256,512,aligned,ok,0.568359375
trillionlabs/Tri-0.5B-Base,22,0.9166666666666666,mean,en,zh,r10,256,512,delta,ok,-0.08984375
trillionlabs/Tri-0.5B-Base,22,0.9166666666666666,mean,en,zh,mrr,256,512,raw,ok,0.4364756192814746
trillionlabs/Tri-0.5B-Base,22,0.9166666666666666,mean,en,zh,mrr,256,512,aligned,ok,0.4932176347892853
trillionlabs/Tri-0.5B-Base,22,0.9166666666666666,mean,en,zh,mrr,256,512,delta,ok,0.05674201550781072
trillionlabs/Tri-0.5B-Base,22,0.9166666666666666,mean,zh,en,r1,256,512,raw,ok,0.263671875
trillionlabs/Tri-0.5B-Base,22,0.9166666666666666,mean,zh,en,r1,256,512,aligned,ok,0.22265625
trillionlabs/Tri-0.5B-Base,22,0.9166666666666666,mean,zh,en,r1,256,512,delta,ok,-0.041015625
trillionlabs/Tri-0.5B-Base,22,0.9166666666666666,mean,zh,en,r5,256,512,raw,ok,0.33984375
trillionlabs/Tri-0.5B-Base,22,0.9166666666666666,mean,zh,en,r5,256,512,aligned,ok,0.330078125
trillionlabs/Tri-0.5B-Base,22,0.9166666666666666,mean,zh,en,r5,256,512,delta,ok,-0.009765625
trillionlabs/Tri-0.5B-Base,22,0.9166666666666666,mean,zh,en,r10,256,512,raw,ok,0.37109375
trillionlabs/Tri-0.5B-Base,22,0.9166666666666666,mean,zh,en,r10,256,512,aligned,ok,0.3828125
trillionlabs/Tri-0.5B-Base,22,0.9166666666666666,mean,zh,en,r10,256,512,delta,ok,0.01171875
trillionlabs/Tri-0.5B-Base,22,0.9166666666666666,mean,zh,en,mrr,256,512,raw,ok,0.3042862113894237
trillionlabs/Tri-0.5B-Base,22,0.9166666666666666,mean,zh,en,mrr,256,512,aligned,ok,0.27930731644195034
trillionlabs/Tri-0.5B-Base,22,0.9166666666666666,mean,zh,en,mrr,256,512,delta,ok,-0.02497889494747335
trillionlabs/Tri-0.5B-Base,22,0.9166666666666666,mean,ko,ja,r1,256,512,raw,ok,0.162109375
trillionlabs/Tri-0.5B-Base,22,0.9166666666666666,mean,ko,ja,r1,256,512,aligned,ok,0.357421875
trillionlabs/Tri-0.5B-Base,22,0.9166666666666666,mean,ko,ja,r1,256,512,delta,ok,0.1953125
trillionlabs/Tri-0.5B-Base,22,0.9166666666666666,mean,ko,ja,r5,256,512,raw,ok,0.279296875
trillionlabs/Tri-0.5B-Base,22,0.9166666666666666,mean,ko,ja,r5,256,512,aligned,ok,0.458984375
trillionlabs/Tri-0.5B-Base,22,0.9166666666666666,mean,ko,ja,r5,256,512,delta,ok,0.1796875
trillionlabs/Tri-0.5B-Base,22,0.9166666666666666,mean,ko,ja,r10,256,512,raw,ok,0.3125
trillionlabs/Tri-0.5B-Base,22,0.9166666666666666,mean,ko,ja,r10,256,512,aligned,ok,0.4921875
trillionlabs/Tri-0.5B-Base,22,0.9166666666666666,mean,ko,ja,r10,256,512,delta,ok,0.1796875
trillionlabs/Tri-0.5B-Base,22,0.9166666666666666,mean,ko,ja,mrr,256,512,raw,ok,0.2228482343299517
trillionlabs/Tri-0.5B-Base,22,0.9166666666666666,mean,ko,ja,mrr,256,512,aligned,ok,0.4071243730814078
trillionlabs/Tri-0.5B-Base,22,0.9166666666666666,mean,ko,ja,mrr,256,512,delta,ok,0.1842761387514561
trillionlabs/Tri-0.5B-Base,22,0.9166666666666666,mean,ja,ko,r1,256,512,raw,ok,0.458984375
trillionlabs/Tri-0.5B-Base,22,0.9166666666666666,mean,ja,ko,r1,256,512,aligned,ok,0.376953125
trillionlabs/Tri-0.5B-Base,22,0.9166666666666666,mean,ja,ko,r1,256,512,delta,ok,-0.08203125
trillionlabs/Tri-0.5B-Base,22,0.9166666666666666,mean,ja,ko,r5,256,512,raw,ok,0.6640625
trillionlabs/Tri-0.5B-Base,22,0.9166666666666666,mean,ja,ko,r5,256,512,aligned,ok,0.47265625
trillionlabs/Tri-0.5B-Base,22,0.9166666666666666,mean,ja,ko,r5,256,512,delta,ok,-0.19140625
trillionlabs/Tri-0.5B-Base,22,0.9166666666666666,mean,ja,ko,r10,256,512,raw,ok,0.7109375
trillionlabs/Tri-0.5B-Base,22,0.9166666666666666,mean,ja,ko,r10,256,512,aligned,ok,0.509765625
trillionlabs/Tri-0.5B-Base,22,0.9166666666666666,mean,ja,ko,r10,256,512,delta,ok,-0.201171875
trillionlabs/Tri-0.5B-Base,22,0.9166666666666666,mean,ja,ko,mrr,256,512,raw,ok,0.5552170321125454
trillionlabs/Tri-0.5B-Base,22,0.9166666666666666,mean,ja,ko,mrr,256,512,aligned,ok,0.42563734514768714
trillionlabs/Tri-0.5B-Base,22,0.9166666666666666,mean,ja,ko,mrr,256,512,delta,ok,-0.12957968696485822
trillionlabs/Tri-0.5B-Base,22,0.9166666666666666,mean,ko,zh,r1,256,512,raw,ok,0.0703125
trillionlabs/Tri-0.5B-Base,22,0.9166666666666666,mean,ko,zh,r1,256,512,aligned,ok,0.3203125
trillionlabs/Tri-0.5B-Base,22,0.9166666666666666,mean,ko,zh,r1,256,512,delta,ok,0.25
trillionlabs/Tri-0.5B-Base,22,0.9166666666666666,mean,ko,zh,r5,256,512,raw,ok,0.140625
trillionlabs/Tri-0.5B-Base,22,0.9166666666666666,mean,ko,zh,r5,256,512,aligned,ok,0.419921875
trillionlabs/Tri-0.5B-Base,22,0.9166666666666666,mean,ko,zh,r5,256,512,delta,ok,0.279296875
trillionlabs/Tri-0.5B-Base,22,0.9166666666666666,mean,ko,zh,r10,256,512,raw,ok,0.185546875
trillionlabs/Tri-0.5B-Base,22,0.9166666666666666,mean,ko,zh,r10,256,512,aligned,ok,0.451171875
trillionlabs/Tri-0.5B-Base,22,0.9166666666666666,mean,ko,zh,r10,256,512,delta,ok,0.265625
trillionlabs/Tri-0.5B-Base,22,0.9166666666666666,mean,ko,zh,mrr,256,512,raw,ok,0.11287309340600779
trillionlabs/Tri-0.5B-Base,22,0.9166666666666666,mean,ko,zh,mrr,256,512,aligned,ok,0.3754358836604541
trillionlabs/Tri-0.5B-Base,22,0.9166666666666666,mean,ko,zh,mrr,256,512,delta,ok,0.2625627902544463
trillionlabs/Tri-0.5B-Base,22,0.9166666666666666,mean,zh,ko,r1,256,512,raw,ok,0.337890625
trillionlabs/Tri-0.5B-Base,22,0.9166666666666666,mean,zh,ko,r1,256,512,aligned,ok,0.375
trillionlabs/Tri-0.5B-Base,22,0.9166666666666666,mean,zh,ko,r1,256,512,delta,ok,0.037109375
trillionlabs/Tri-0.5B-Base,22,0.9166666666666666,mean,zh,ko,r5,256,512,raw,ok,0.63671875
trillionlabs/Tri-0.5B-Base,22,0.9166666666666666,mean,zh,ko,r5,256,512,aligned,ok,0.46875
trillionlabs/Tri-0.5B-Base,22,0.9166666666666666,mean,zh,ko,r5,256,512,delta,ok,-0.16796875
trillionlabs/Tri-0.5B-Base,22,0.9166666666666666,mean,zh,ko,r10,256,512,raw,ok,0.734375
trillionlabs/Tri-0.5B-Base,22,0.9166666666666666,mean,zh,ko,r10,256,512,aligned,ok,0.501953125
trillionlabs/Tri-0.5B-Base,22,0.9166666666666666,mean,zh,ko,r10,256,512,delta,ok,-0.232421875
trillionlabs/Tri-0.5B-Base,22,0.9166666666666666,mean,zh,ko,mrr,256,512,raw,ok,0.47601846417864285
trillionlabs/Tri-0.5B-Base,22,0.9166666666666666,mean,zh,ko,mrr,256,512,aligned,ok,0.42522514434147785
trillionlabs/Tri-0.5B-Base,22,0.9166666666666666,mean,zh,ko,mrr,256,512,delta,ok,-0.05079331983716501
trillionlabs/Tri-0.5B-Base,22,0.9166666666666666,mean,ja,zh,r1,256,512,raw,ok,0.578125
trillionlabs/Tri-0.5B-Base,22,0.9166666666666666,mean,ja,zh,r1,256,512,aligned,ok,0.33203125
trillionlabs/Tri-0.5B-Base,22,0.9166666666666666,mean,ja,zh,r1,256,512,delta,ok,-0.24609375
trillionlabs/Tri-0.5B-Base,22,0.9166666666666666,mean,ja,zh,r5,256,512,raw,ok,0.63671875
trillionlabs/Tri-0.5B-Base,22,0.9166666666666666,mean,ja,zh,r5,256,512,aligned,ok,0.43359375
trillionlabs/Tri-0.5B-Base,22,0.9166666666666666,mean,ja,zh,r5,256,512,delta,ok,-0.203125
trillionlabs/Tri-0.5B-Base,22,0.9166666666666666,mean,ja,zh,r10,256,512,raw,ok,0.6640625
trillionlabs/Tri-0.5B-Base,22,0.9166666666666666,mean,ja,zh,r10,256,512,aligned,ok,0.453125
trillionlabs/Tri-0.5B-Base,22,0.9166666666666666,mean,ja,zh,r10,256,512,delta,ok,-0.2109375
trillionlabs/Tri-0.5B-Base,22,0.9166666666666666,mean,ja,zh,mrr,256,512,raw,ok,0.6100104329486402
trillionlabs/Tri-0.5B-Base,22,0.9166666666666666,mean,ja,zh,mrr,256,512,aligned,ok,0.3813082843851239
trillionlabs/Tri-0.5B-Base,22,0.9166666666666666,mean,ja,zh,mrr,256,512,delta,ok,-0.22870214856351634
trillionlabs/Tri-0.5B-Base,22,0.9166666666666666,mean,zh,ja,r1,256,512,raw,ok,0.64453125
trillionlabs/Tri-0.5B-Base,22,0.9166666666666666,mean,zh,ja,r1,256,512,aligned,ok,0.34765625
trillionlabs/Tri-0.5B-Base,22,0.9166666666666666,mean,zh,ja,r1,256,512,delta,ok,-0.296875
trillionlabs/Tri-0.5B-Base,22,0.9166666666666666,mean,zh,ja,r5,256,512,raw,ok,0.7734375
trillionlabs/Tri-0.5B-Base,22,0.9166666666666666,mean,zh,ja,r5,256,512,aligned,ok,0.478515625
trillionlabs/Tri-0.5B-Base,22,0.9166666666666666,mean,zh,ja,r5,256,512,delta,ok,-0.294921875
trillionlabs/Tri-0.5B-Base,22,0.9166666666666666,mean,zh,ja,r10,256,512,raw,ok,0.802734375
trillionlabs/Tri-0.5B-Base,22,0.9166666666666666,mean,zh,ja,r10,256,512,aligned,ok,0.53125
trillionlabs/Tri-0.5B-Base,22,0.9166666666666666,mean,zh,ja,r10,256,512,delta,ok,-0.271484375
trillionlabs/Tri-0.5B-Base,22,0.9166666666666666,mean,zh,ja,mrr,256,512,raw,ok,0.7015213390587496
trillionlabs/Tri-0.5B-Base,22,0.9166666666666666,mean,zh,ja,mrr,256,512,aligned,ok,0.4148694803714536
trillionlabs/Tri-0.5B-Base,22,0.9166666666666666,mean,zh,ja,mrr,256,512,delta,ok,-0.286651858687296
trillionlabs/Tri-0.5B-Base,23,0.9583333333333334,mean,en,ko,r1,256,512,raw,ok,0.072265625
trillionlabs/Tri-0.5B-Base,23,0.9583333333333334,mean,en,ko,r1,256,512,aligned,ok,0.46875
trillionlabs/Tri-0.5B-Base,23,0.9583333333333334,mean,en,ko,r1,256,512,delta,ok,0.396484375
trillionlabs/Tri-0.5B-Base,23,0.9583333333333334,mean,en,ko,r5,256,512,raw,ok,0.24609375
trillionlabs/Tri-0.5B-Base,23,0.9583333333333334,mean,en,ko,r5,256,512,aligned,ok,0.560546875
trillionlabs/Tri-0.5B-Base,23,0.9583333333333334,mean,en,ko,r5,256,512,delta,ok,0.314453125
trillionlabs/Tri-0.5B-Base,23,0.9583333333333334,mean,en,ko,r10,256,512,raw,ok,0.390625
trillionlabs/Tri-0.5B-Base,23,0.9583333333333334,mean,en,ko,r10,256,512,aligned,ok,0.578125
trillionlabs/Tri-0.5B-Base,23,0.9583333333333334,mean,en,ko,r10,256,512,delta,ok,0.1875
trillionlabs/Tri-0.5B-Base,23,0.9583333333333334,mean,en,ko,mrr,256,512,raw,ok,0.17308271989896667
trillionlabs/Tri-0.5B-Base,23,0.9583333333333334,mean,en,ko,mrr,256,512,aligned,ok,0.5119091935336157
trillionlabs/Tri-0.5B-Base,23,0.9583333333333334,mean,en,ko,mrr,256,512,delta,ok,0.3388264736346491
trillionlabs/Tri-0.5B-Base,23,0.9583333333333334,mean,ko,en,r1,256,512,raw,ok,0.0390625
trillionlabs/Tri-0.5B-Base,23,0.9583333333333334,mean,ko,en,r1,256,512,aligned,ok,0.203125
trillionlabs/Tri-0.5B-Base,23,0.9583333333333334,mean,ko,en,r1,256,512,delta,ok,0.1640625
trillionlabs/Tri-0.5B-Base,23,0.9583333333333334,mean,ko,en,r5,256,512,raw,ok,0.064453125
trillionlabs/Tri-0.5B-Base,23,0.9583333333333334,mean,ko,en,r5,256,512,aligned,ok,0.3046875
trillionlabs/Tri-0.5B-Base,23,0.9583333333333334,mean,ko,en,r5,256,512,delta,ok,0.240234375
trillionlabs/Tri-0.5B-Base,23,0.9583333333333334,mean,ko,en,r10,256,512,raw,ok,0.09765625
trillionlabs/Tri-0.5B-Base,23,0.9583333333333334,mean,ko,en,r10,256,512,aligned,ok,0.345703125
trillionlabs/Tri-0.5B-Base,23,0.9583333333333334,mean,ko,en,r10,256,512,delta,ok,0.248046875
trillionlabs/Tri-0.5B-Base,23,0.9583333333333334,mean,ko,en,mrr,256,512,raw,ok,0.06105664610466058
trillionlabs/Tri-0.5B-Base,23,0.9583333333333334,mean,ko,en,mrr,256,512,aligned,ok,0.2573284786633199
trillionlabs/Tri-0.5B-Base,23,0.9583333333333334,mean,ko,en,mrr,256,512,delta,ok,0.19627183255865935
trillionlabs/Tri-0.5B-Base,23,0.9583333333333334,mean,en,ja,r1,256,512,raw,ok,0.037109375
trillionlabs/Tri-0.5B-Base,23,0.9583333333333334,mean,en,ja,r1,256,512,aligned,ok,0.451171875
trillionlabs/Tri-0.5B-Base,23,0.9583333333333334,mean,en,ja,r1,256,512,delta,ok,0.4140625
trillionlabs/Tri-0.5B-Base,23,0.9583333333333334,mean,en,ja,r5,256,512,raw,ok,0.267578125
trillionlabs/Tri-0.5B-Base,23,0.9583333333333334,mean,en,ja,r5,256,512,aligned,ok,0.51953125
trillionlabs/Tri-0.5B-Base,23,0.9583333333333334,mean,en,ja,r5,256,512,delta,ok,0.251953125
trillionlabs/Tri-0.5B-Base,23,0.9583333333333334,mean,en,ja,r10,256,512,raw,ok,0.41015625
trillionlabs/Tri-0.5B-Base,23,0.9583333333333334,mean,en,ja,r10,256,512,aligned,ok,0.5546875
trillionlabs/Tri-0.5B-Base,23,0.9583333333333334,mean,en,ja,r10,256,512,delta,ok,0.14453125
trillionlabs/Tri-0.5B-Base,23,0.9583333333333334,mean,en,ja,mrr,256,512,raw,ok,0.15471023224463556
trillionlabs/Tri-0.5B-Base,23,0.9583333333333334,mean,en,ja,mrr,256,512,aligned,ok,0.490842947062861
trillionlabs/Tri-0.5B-Base,23,0.9583333333333334,mean,en,ja,mrr,256,512,delta,ok,0.3361327148182255
trillionlabs/Tri-0.5B-Base,23,0.9583333333333334,mean,ja,en,r1,256,512,raw,ok,0.021484375
trillionlabs/Tri-0.5B-Base,23,0.9583333333333334,mean,ja,en,r1,256,512,aligned,ok,0.216796875
trillionlabs/Tri-0.5B-Base,23,0.9583333333333334,mean,ja,en,r1,256,512,delta,ok,0.1953125
trillionlabs/Tri-0.5B-Base,23,0.9583333333333334,mean,ja,en,r5,256,512,raw,ok,0.05078125
trillionlabs/Tri-0.5B-Base,23,0.9583333333333334,mean,ja,en,r5,256,512,aligned,ok,0.33984375
trillionlabs/Tri-0.5B-Base,23,0.9583333333333334,mean,ja,en,r5,256,512,delta,ok,0.2890625
trillionlabs/Tri-0.5B-Base,23,0.9583333333333334,mean,ja,en,r10,256,512,raw,ok,0.068359375
trillionlabs/Tri-0.5B-Base,23,0.9583333333333334,mean,ja,en,r10,256,512,aligned,ok,0.375
trillionlabs/Tri-0.5B-Base,23,0.9583333333333334,mean,ja,en,r10,256,512,delta,ok,0.306640625
trillionlabs/Tri-0.5B-Base,23,0.9583333333333334,mean,ja,en,mrr,256,512,raw,ok,0.04373834055804014
trillionlabs/Tri-0.5B-Base,23,0.9583333333333334,mean,ja,en,mrr,256,512,aligned,ok,0.2737204167703149
trillionlabs/Tri-0.5B-Base,23,0.9583333333333334,mean,ja,en,mrr,256,512,delta,ok,0.22998207621227473
trillionlabs/Tri-0.5B-Base,23,0.9583333333333334,mean,en,zh,r1,256,512,raw,ok,0.044921875
trillionlabs/Tri-0.5B-Base,23,0.9583333333333334,mean,en,zh,r1,256,512,aligned,ok,0.4375
trillionlabs/Tri-0.5B-Base,23,0.9583333333333334,mean,en,zh,r1,256,512,delta,ok,0.392578125
trillionlabs/Tri-0.5B-Base,23,0.9583333333333334,mean,en,zh,r5,256,512,raw,ok,0.142578125
trillionlabs/Tri-0.5B-Base,23,0.9583333333333334,mean,en,zh,r5,256,512,aligned,ok,0.529296875
trillionlabs/Tri-0.5B-Base,23,0.9583333333333334,mean,en,zh,r5,256,512,delta,ok,0.38671875
trillionlabs/Tri-0.5B-Base,23,0.9583333333333334,mean,en,zh,r10,256,512,raw,ok,0.2578125
trillionlabs/Tri-0.5B-Base,23,0.9583333333333334,mean,en,zh,r10,256,512,aligned,ok,0.560546875
trillionlabs/Tri-0.5B-Base,23,0.9583333333333334,mean,en,zh,r10,256,512,delta,ok,0.302734375
trillionlabs/Tri-0.5B-Base,23,0.9583333333333334,mean,en,zh,mrr,256,512,raw,ok,0.11545592857811549
trillionlabs/Tri-0.5B-Base,23,0.9583333333333334,mean,en,zh,mrr,256,512,aligned,ok,0.48297451310416223
trillionlabs/Tri-0.5B-Base,23,0.9583333333333334,mean,en,zh,mrr,256,512,delta,ok,0.36751858452604674
trillionlabs/Tri-0.5B-Base,23,0.9583333333333334,mean,zh,en,r1,256,512,raw,ok,0.0703125
trillionlabs/Tri-0.5B-Base,23,0.9583333333333334,mean,zh,en,r1,256,512,aligned,ok,0.21875
trillionlabs/Tri-0.5B-Base,23,0.9583333333333334,mean,zh,en,r1,256,512,delta,ok,0.1484375
trillionlabs/Tri-0.5B-Base,23,0.9583333333333334,mean,zh,en,r5,256,512,raw,ok,0.107421875
trillionlabs/Tri-0.5B-Base,23,0.9583333333333334,mean,zh,en,r5,256,512,aligned,ok,0.333984375
trillionlabs/Tri-0.5B-Base,23,0.9583333333333334,mean,zh,en,r5,256,512,delta,ok,0.2265625
trillionlabs/Tri-0.5B-Base,23,0.9583333333333334,mean,zh,en,r10,256,512,raw,ok,0.1328125
trillionlabs/Tri-0.5B-Base,23,0.9583333333333334,mean,zh,en,r10,256,512,aligned,ok,0.3671875
trillionlabs/Tri-0.5B-Base,23,0.9583333333333334,mean,zh,en,r10,256,512,delta,ok,0.234375
trillionlabs/Tri-0.5B-Base,23,0.9583333333333334,mean,zh,en,mrr,256,512,raw,ok,0.09466001216167316
trillionlabs/Tri-0.5B-Base,23,0.9583333333333334,mean,zh,en,mrr,256,512,aligned,ok,0.27543137319136646
trillionlabs/Tri-0.5B-Base,23,0.9583333333333334,mean,zh,en,mrr,256,512,delta,ok,0.1807713610296933
trillionlabs/Tri-0.5B-Base,23,0.9583333333333334,mean,ko,ja,r1,256,512,raw,ok,0.0390625
trillionlabs/Tri-0.5B-Base,23,0.9583333333333334,mean,ko,ja,r1,256,512,aligned,ok,0.333984375
trillionlabs/Tri-0.5B-Base,23,0.9583333333333334,mean,ko,ja,r1,256,512,delta,ok,0.294921875
trillionlabs/Tri-0.5B-Base,23,0.9583333333333334,mean,ko,ja,r5,256,512,raw,ok,0.10546875
trillionlabs/Tri-0.5B-Base,23,0.9583333333333334,mean,ko,ja,r5,256,512,aligned,ok,0.443359375
trillionlabs/Tri-0.5B-Base,23,0.9583333333333334,mean,ko,ja,r5,256,512,delta,ok,0.337890625
trillionlabs/Tri-0.5B-Base,23,0.9583333333333334,mean,ko,ja,r10,256,512,raw,ok,0.1328125
trillionlabs/Tri-0.5B-Base,23,0.9583333333333334,mean,ko,ja,r10,256,512,aligned,ok,0.48046875
trillionlabs/Tri-0.5B-Base,23,0.9583333333333334,mean,ko,ja,r10,256,512,delta,ok,0.34765625
trillionlabs/Tri-0.5B-Base,23,0.9583333333333334,mean,ko,ja,mrr,256,512,raw,ok,0.07892106381983265
trillionlabs/Tri-0.5B-Base,23,0.9583333333333334,mean,ko,ja,mrr,256,512,aligned,ok,0.38800199567226357
trillionlabs/Tri-0.5B-Base,23,0.9583333333333334,mean,ko,ja,mrr,256,512,delta,ok,0.3090809318524309
trillionlabs/Tri-0.5B-Base,23,0.9583333333333334,mean,ja,ko,r1,256,512,raw,ok,0.119140625
trillionlabs/Tri-0.5B-Base,23,0.9583333333333334,mean,ja,ko,r1,256,512,aligned,ok,0.357421875
trillionlabs/Tri-0.5B-Base,23,0.9583333333333334,mean,ja,ko,r1,256,512,delta,ok,0.23828125
trillionlabs/Tri-0.5B-Base,23,0.9583333333333334,mean,ja,ko,r5,256,512,raw,ok,0.236328125
trillionlabs/Tri-0.5B-Base,23,0.9583333333333334,mean,ja,ko,r5,256,512,aligned,ok,0.46875
trillionlabs/Tri-0.5B-Base,23,0.9583333333333334,mean,ja,ko,r5,256,512,delta,ok,0.232421875
trillionlabs/Tri-0.5B-Base,23,0.9583333333333334,mean,ja,ko,r10,256,512,raw,ok,0.294921875
trillionlabs/Tri-0.5B-Base,23,0.9583333333333334,mean,ja,ko,r10,256,512,aligned,ok,0.5
trillionlabs/Tri-0.5B-Base,23,0.9583333333333334,mean,ja,ko,r10,256,512,delta,ok,0.205078125
trillionlabs/Tri-0.5B-Base,23,0.9583333333333334,mean,ja,ko,mrr,256,512,raw,ok,0.1825431023974053
trillionlabs/Tri-0.5B-Base,23,0.9583333333333334,mean,ja,ko,mrr,256,512,aligned,ok,0.41025523859685403
trillionlabs/Tri-0.5B-Base,23,0.9583333333333334,mean,ja,ko,mrr,256,512,delta,ok,0.22771213619944874
trillionlabs/Tri-0.5B-Base,23,0.9583333333333334,mean,ko,zh,r1,256,512,raw,ok,0.013671875
trillionlabs/Tri-0.5B-Base,23,0.9583333333333334,mean,ko,zh,r1,256,512,aligned,ok,0.306640625
trillionlabs/Tri-0.5B-Base,23,0.9583333333333334,mean,ko,zh,r1,256,512,delta,ok,0.29296875
trillionlabs/Tri-0.5B-Base,23,0.9583333333333334,mean,ko,zh,r5,256,512,raw,ok,0.05078125
trillionlabs/Tri-0.5B-Base,23,0.9583333333333334,mean,ko,zh,r5,256,512,aligned,ok,0.40234375
trillionlabs/Tri-0.5B-Base,23,0.9583333333333334,mean,ko,zh,r5,256,512,delta,ok,0.3515625
trillionlabs/Tri-0.5B-Base,23,0.9583333333333334,mean,ko,zh,r10,256,512,raw,ok,0.078125
trillionlabs/Tri-0.5B-Base,23,0.9583333333333334,mean,ko,zh,r10,256,512,aligned,ok,0.439453125
trillionlabs/Tri-0.5B-Base,23,0.9583333333333334,mean,ko,zh,r10,256,512,delta,ok,0.361328125
trillionlabs/Tri-0.5B-Base,23,0.9583333333333334,mean,ko,zh,mrr,256,512,raw,ok,0.04267038786646474
trillionlabs/Tri-0.5B-Base,23,0.9583333333333334,mean,ko,zh,mrr,256,512,aligned,ok,0.35877975450740784
trillionlabs/Tri-0.5B-Base,23,0.9583333333333334,mean,ko,zh,mrr,256,512,delta,ok,0.31610936664094313
trillionlabs/Tri-0.5B-Base,23,0.9583333333333334,mean,zh,ko,r1,256,512,raw,ok,0.076171875
trillionlabs/Tri-0.5B-Base,23,0.9583333333333334,mean,zh,ko,r1,256,512,aligned,ok,0.349609375
trillionlabs/Tri-0.5B-Base,23,0.9583333333333334,mean,zh,ko,r1,256,512,delta,ok,0.2734375
trillionlabs/Tri-0.5B-Base,23,0.9583333333333334,mean,zh,ko,r5,256,512,raw,ok,0.21875
trillionlabs/Tri-0.5B-Base,23,0.9583333333333334,mean,zh,ko,r5,256,512,aligned,ok,0.458984375
trillionlabs/Tri-0.5B-Base,23,0.9583333333333334,mean,zh,ko,r5,256,512,delta,ok,0.240234375
trillionlabs/Tri-0.5B-Base,23,0.9583333333333334,mean,zh,ko,r10,256,512,raw,ok,0.279296875
trillionlabs/Tri-0.5B-Base,23,0.9583333333333334,mean,zh,ko,r10,256,512,aligned,ok,0.48828125
trillionlabs/Tri-0.5B-Base,23,0.9583333333333334,mean,zh,ko,r10,256,512,delta,ok,0.208984375
trillionlabs/Tri-0.5B-Base,23,0.9583333333333334,mean,zh,ko,mrr,256,512,raw,ok,0.15046573191113005
trillionlabs/Tri-0.5B-Base,23,0.9583333333333334,mean,zh,ko,mrr,256,512,aligned,ok,0.40615142750007865
trillionlabs/Tri-0.5B-Base,23,0.9583333333333334,mean,zh,ko,mrr,256,512,delta,ok,0.2556856955889486
trillionlabs/Tri-0.5B-Base,23,0.9583333333333334,mean,ja,zh,r1,256,512,raw,ok,0.556640625
trillionlabs/Tri-0.5B-Base,23,0.9583333333333334,mean,ja,zh,r1,256,512,aligned,ok,0.31640625
trillionlabs/Tri-0.5B-Base,23,0.9583333333333334,mean,ja,zh,r1,256,512,delta,ok,-0.240234375
trillionlabs/Tri-0.5B-Base,23,0.9583333333333334,mean,ja,zh,r5,256,512,raw,ok,0.6328125
trillionlabs/Tri-0.5B-Base,23,0.9583333333333334,mean,ja,zh,r5,256,512,aligned,ok,0.408203125
trillionlabs/Tri-0.5B-Base,23,0.9583333333333334,mean,ja,zh,r5,256,512,delta,ok,-0.224609375
trillionlabs/Tri-0.5B-Base,23,0.9583333333333334,mean,ja,zh,r10,256,512,raw,ok,0.65625
trillionlabs/Tri-0.5B-Base,23,0.9583333333333334,mean,ja,zh,r10,256,512,aligned,ok,0.44140625
trillionlabs/Tri-0.5B-Base,23,0.9583333333333334,mean,ja,zh,r10,256,512,delta,ok,-0.21484375
trillionlabs/Tri-0.5B-Base,23,0.9583333333333334,mean,ja,zh,mrr,256,512,raw,ok,0.5955340562837821
trillionlabs/Tri-0.5B-Base,23,0.9583333333333334,mean,ja,zh,mrr,256,512,aligned,ok,0.36541044157071473
trillionlabs/Tri-0.5B-Base,23,0.9583333333333334,mean,ja,zh,mrr,256,512,delta,ok,-0.23012361471306736
trillionlabs/Tri-0.5B-Base,23,0.9583333333333334,mean,zh,ja,r1,256,512,raw,ok,0.615234375
trillionlabs/Tri-0.5B-Base,23,0.9583333333333334,mean,zh,ja,r1,256,512,aligned,ok,0.333984375
trillionlabs/Tri-0.5B-Base,23,0.9583333333333334,mean,zh,ja,r1,256,512,delta,ok,-0.28125
trillionlabs/Tri-0.5B-Base,23,0.9583333333333334,mean,zh,ja,r5,256,512,raw,ok,0.75390625
trillionlabs/Tri-0.5B-Base,23,0.9583333333333334,mean,zh,ja,r5,256,512,aligned,ok,0.46875
trillionlabs/Tri-0.5B-Base,23,0.9583333333333334,mean,zh,ja,r5,256,512,delta,ok,-0.28515625
trillionlabs/Tri-0.5B-Base,23,0.9583333333333334,mean,zh,ja,r10,256,512,raw,ok,0.79296875
trillionlabs/Tri-0.5B-Base,23,0.9583333333333334,mean,zh,ja,r10,256,512,aligned,ok,0.5234375
trillionlabs/Tri-0.5B-Base,23,0.9583333333333334,mean,zh,ja,r10,256,512,delta,ok,-0.26953125
trillionlabs/Tri-0.5B-Base,23,0.9583333333333334,mean,zh,ja,mrr,256,512,raw,ok,0.6817248184190046
trillionlabs/Tri-0.5B-Base,23,0.9583333333333334,mean,zh,ja,mrr,256,512,aligned,ok,0.4009028169971084
trillionlabs/Tri-0.5B-Base,23,0.9583333333333334,mean,zh,ja,mrr,256,512,delta,ok,-0.2808220014218962
trillionlabs/Tri-0.5B-Base,24,1.0,mean,en,ko,r1,256,512,raw,ok,0.025390625
trillionlabs/Tri-0.5B-Base,24,1.0,mean,en,ko,r1,256,512,aligned,ok,0.734375
trillionlabs/Tri-0.5B-Base,24,1.0,mean,en,ko,r1,256,512,delta,ok,0.708984375
trillionlabs/Tri-0.5B-Base,24,1.0,mean,en,ko,r5,256,512,raw,ok,0.2421875
trillionlabs/Tri-0.5B-Base,24,1.0,mean,en,ko,r5,256,512,aligned,ok,0.93359375
trillionlabs/Tri-0.5B-Base,24,1.0,mean,en,ko,r5,256,512,delta,ok,0.69140625
trillionlabs/Tri-0.5B-Base,24,1.0,mean,en,ko,r10,256,512,raw,ok,0.3984375
trillionlabs/Tri-0.5B-Base,24,1.0,mean,en,ko,r10,256,512,aligned,ok,0.962890625
trillionlabs/Tri-0.5B-Base,24,1.0,mean,en,ko,r10,256,512,delta,ok,0.564453125
trillionlabs/Tri-0.5B-Base,24,1.0,mean,en,ko,mrr,256,512,raw,ok,0.14555618067615184
trillionlabs/Tri-0.5B-Base,24,1.0,mean,en,ko,mrr,256,512,aligned,ok,0.8232620174735717
trillionlabs/Tri-0.5B-Base,24,1.0,mean,en,ko,mrr,256,512,delta,ok,0.6777058367974199
trillionlabs/Tri-0.5B-Base,24,1.0,mean,ko,en,r1,256,512,raw,ok,0.443359375
trillionlabs/Tri-0.5B-Base,24,1.0,mean,ko,en,r1,256,512,aligned,ok,0.810546875
trillionlabs/Tri-0.5B-Base,24,1.0,mean,ko,en,r1,256,512,delta,ok,0.3671875
trillionlabs/Tri-0.5B-Base,24,1.0,mean,ko,en,r5,256,512,raw,ok,0.783203125
trillionlabs/Tri-0.5B-Base,24,1.0,mean,ko,en,r5,256,512,aligned,ok,0.953125
trillionlabs/Tri-0.5B-Base,24,1.0,mean,ko,en,r5,256,512,delta,ok,0.169921875
trillionlabs/Tri-0.5B-Base,24,1.0,mean,ko,en,r10,256,512,raw,ok,0.87109375
trillionlabs/Tri-0.5B-Base,24,1.0,mean,ko,en,r10,256,512,aligned,ok,0.978515625
trillionlabs/Tri-0.5B-Base,24,1.0,mean,ko,en,r10,256,512,delta,ok,0.107421875
trillionlabs/Tri-0.5B-Base,24,1.0,mean,ko,en,mrr,256,512,raw,ok,0.5960056639157087
trillionlabs/Tri-0.5B-Base,24,1.0,mean,ko,en,mrr,256,512,aligned,ok,0.8697967797442095
trillionlabs/Tri-0.5B-Base,24,1.0,mean,ko,en,mrr,256,512,delta,ok,0.2737911158285008
trillionlabs/Tri-0.5B-Base,24,1.0,mean,en,ja,r1,256,512,raw,ok,0.01171875
trillionlabs/Tri-0.5B-Base,24,1.0,mean,en,ja,r1,256,512,aligned,ok,0.6875
trillionlabs/Tri-0.5B-Base,24,1.0,mean,en,ja,r1,256,512,delta,ok,0.67578125
trillionlabs/Tri-0.5B-Base,24,1.0,mean,en,ja,r5,256,512,raw,ok,0.33203125
trillionlabs/Tri-0.5B-Base,24,1.0,mean,en,ja,r5,256,512,aligned,ok,0.875
trillionlabs/Tri-0.5B-Base,24,1.0,mean,en,ja,r5,256,512,delta,ok,0.54296875
trillionlabs/Tri-0.5B-Base,24,1.0,mean,en,ja,r10,256,512,raw,ok,0.537109375
trillionlabs/Tri-0.5B-Base,24,1.0,mean,en,ja,r10,256,512,aligned,ok,0.93359375
trillionlabs/Tri-0.5B-Base,24,1.0,mean,en,ja,r10,256,512,delta,ok,0.396484375
trillionlabs/Tri-0.5B-Base,24,1.0,mean,en,ja,mrr,256,512,raw,ok,0.14729923944681445
trillionlabs/Tri-0.5B-Base,24,1.0,mean,en,ja,mrr,256,512,aligned,ok,0.7761649548708723
trillionlabs/Tri-0.5B-Base,24,1.0,mean,en,ja,mrr,256,512,delta,ok,0.6288657154240579
trillionlabs/Tri-0.5B-Base,24,1.0,mean,ja,en,r1,256,512,raw,ok,0.33984375
trillionlabs/Tri-0.5B-Base,24,1.0,mean,ja,en,r1,256,512,aligned,ok,0.66015625
trillionlabs/Tri-0.5B-Base,24,1.0,mean,ja,en,r1,256,512,delta,ok,0.3203125
trillionlabs/Tri-0.5B-Base,24,1.0,mean,ja,en,r5,256,512,raw,ok,0.587890625
trillionlabs/Tri-0.5B-Base,24,1.0,mean,ja,en,r5,256,512,aligned,ok,0.892578125
trillionlabs/Tri-0.5B-Base,24,1.0,mean,ja,en,r5,256,512,delta,ok,0.3046875
trillionlabs/Tri-0.5B-Base,24,1.0,mean,ja,en,r10,256,512,raw,ok,0.71875
trillionlabs/Tri-0.5B-Base,24,1.0,mean,ja,en,r10,256,512,aligned,ok,0.923828125
trillionlabs/Tri-0.5B-Base,24,1.0,mean,ja,en,r10,256,512,delta,ok,0.205078125
trillionlabs/Tri-0.5B-Base,24,1.0,mean,ja,en,mrr,256,512,raw,ok,0.45753905057090904
trillionlabs/Tri-0.5B-Base,24,1.0,mean,ja,en,mrr,256,512,aligned,ok,0.7639455811490485
trillionlabs/Tri-0.5B-Base,24,1.0,mean,ja,en,mrr,256,512,delta,ok,0.3064065305781395
trillionlabs/Tri-0.5B-Base,24,1.0,mean,en,zh,r1,256,512,raw,ok,0.01171875
trillionlabs/Tri-0.5B-Base,24,1.0,mean,en,zh,r1,256,512,aligned,ok,0.775390625
trillionlabs/Tri-0.5B-Base,24,1.0,mean,en,zh,r1,256,512,delta,ok,0.763671875
trillionlabs/Tri-0.5B-Base,24,1.0,mean,en,zh,r5,256,512,raw,ok,0.146484375
trillionlabs/Tri-0.5B-Base,24,1.0,mean,en,zh,r5,256,512,aligned,ok,0.94140625
trillionlabs/Tri-0.5B-Base,24,1.0,mean,en,zh,r5,256,512,delta,ok,0.794921875
trillionlabs/Tri-0.5B-Base,24,1.0,mean,en,zh,r10,256,512,raw,ok,0.22265625
trillionlabs/Tri-0.5B-Base,24,1.0,mean,en,zh,r10,256,512,aligned,ok,0.96875
trillionlabs/Tri-0.5B-Base,24,1.0,mean,en,zh,r10,256,512,delta,ok,0.74609375
trillionlabs/Tri-0.5B-Base,24,1.0,mean,en,zh,mrr,256,512,raw,ok,0.0877973911032938
trillionlabs/Tri-0.5B-Base,24,1.0,mean,en,zh,mrr,256,512,aligned,ok,0.8505193248172199
trillionlabs/Tri-0.5B-Base,24,1.0,mean,en,zh,mrr,256,512,delta,ok,0.7627219337139262
trillionlabs/Tri-0.5B-Base,24,1.0,mean,zh,en,r1,256,512,raw,ok,0.216796875
trillionlabs/Tri-0.5B-Base,24,1.0,mean,zh,en,r1,256,512,aligned,ok,0.724609375
trillionlabs/Tri-0.5B-Base,24,1.0,mean,zh,en,r1,256,512,delta,ok,0.5078125
trillionlabs/Tri-0.5B-Base,24,1.0,mean,zh,en,r5,256,512,raw,ok,0.54296875
trillionlabs/Tri-0.5B-Base,24,1.0,mean,zh,en,r5,256,512,aligned,ok,0.927734375
trillionlabs/Tri-0.5B-Base,24,1.0,mean,zh,en,r5,256,512,delta,ok,0.384765625
trillionlabs/Tri-0.5B-Base,24,1.0,mean,zh,en,r10,256,512,raw,ok,0.681640625
trillionlabs/Tri-0.5B-Base,24,1.0,mean,zh,en,r10,256,512,aligned,ok,0.96484375
trillionlabs/Tri-0.5B-Base,24,1.0,mean,zh,en,r10,256,512,delta,ok,0.283203125
trillionlabs/Tri-0.5B-Base,24,1.0,mean,zh,en,mrr,256,512,raw,ok,0.3614420646243547
trillionlabs/Tri-0.5B-Base,24,1.0,mean,zh,en,mrr,256,512,aligned,ok,0.8169877186531461
trillionlabs/Tri-0.5B-Base,24,1.0,mean,zh,en,mrr,256,512,delta,ok,0.45554565402879144
trillionlabs/Tri-0.5B-Base,24,1.0,mean,ko,ja,r1,256,512,raw,ok,0.0859375
trillionlabs/Tri-0.5B-Base,24,1.0,mean,ko,ja,r1,256,512,aligned,ok,0.79296875
trillionlabs/Tri-0.5B-Base,24,1.0,mean,ko,ja,r1,256,512,delta,ok,0.70703125
trillionlabs/Tri-0.5B-Base,24,1.0,mean,ko,ja,r5,256,512,raw,ok,0.47265625
trillionlabs/Tri-0.5B-Base,24,1.0,mean,ko,ja,r5,256,512,aligned,ok,0.91796875
trillionlabs/Tri-0.5B-Base,24,1.0,mean,ko,ja,r5,256,512,delta,ok,0.4453125
trillionlabs/Tri-0.5B-Base,24,1.0,mean,ko,ja,r10,256,512,raw,ok,0.697265625
trillionlabs/Tri-0.5B-Base,24,1.0,mean,ko,ja,r10,256,512,aligned,ok,0.955078125
trillionlabs/Tri-0.5B-Base,24,1.0,mean,ko,ja,r10,256,512,delta,ok,0.2578125
trillionlabs/Tri-0.5B-Base,24,1.0,mean,ko,ja,mrr,256,512,raw,ok,0.27110759044584054
trillionlabs/Tri-0.5B-Base,24,1.0,mean,ko,ja,mrr,256,512,aligned,ok,0.8511303189442649
trillionlabs/Tri-0.5B-Base,24,1.0,mean,ko,ja,mrr,256,512,delta,ok,0.5800227284984244
trillionlabs/Tri-0.5B-Base,24,1.0,mean,ja,ko,r1,256,512,raw,ok,0.02734375
trillionlabs/Tri-0.5B-Base,24,1.0,mean,ja,ko,r1,256,512,aligned,ok,0.755859375
trillionlabs/Tri-0.5B-Base,24,1.0,mean,ja,ko,r1,256,512,delta,ok,0.728515625
trillionlabs/Tri-0.5B-Base,24,1.0,mean,ja,ko,r5,256,512,raw,ok,0.248046875
trillionlabs/Tri-0.5B-Base,24,1.0,mean,ja,ko,r5,256,512,aligned,ok,0.90625
trillionlabs/Tri-0.5B-Base,24,1.0,mean,ja,ko,r5,256,512,delta,ok,0.658203125
trillionlabs/Tri-0.5B-Base,24,1.0,mean,ja,ko,r10,256,512,raw,ok,0.375
trillionlabs/Tri-0.5B-Base,24,1.0,mean,ja,ko,r10,256,512,aligned,ok,0.95703125
trillionlabs/Tri-0.5B-Base,24,1.0,mean,ja,ko,r10,256,512,delta,ok,0.58203125
trillionlabs/Tri-0.5B-Base,24,1.0,mean,ja,ko,mrr,256,512,raw,ok,0.146184305285555
trillionlabs/Tri-0.5B-Base,24,1.0,mean,ja,ko,mrr,256,512,aligned,ok,0.8253684969675619
trillionlabs/Tri-0.5B-Base,24,1.0,mean,ja,ko,mrr,256,512,delta,ok,0.6791841916820068
trillionlabs/Tri-0.5B-Base,24,1.0,mean,ko,zh,r1,256,512,raw,ok,0.048828125
trillionlabs/Tri-0.5B-Base,24,1.0,mean,ko,zh,r1,256,512,aligned,ok,0.724609375
trillionlabs/Tri-0.5B-Base,24,1.0,mean,ko,zh,r1,256,512,delta,ok,0.67578125
trillionlabs/Tri-0.5B-Base,24,1.0,mean,ko,zh,r5,256,512,raw,ok,0.26953125
trillionlabs/Tri-0.5B-Base,24,1.0,mean,ko,zh,r5,256,512,aligned,ok,0.89453125
trillionlabs/Tri-0.5B-Base,24,1.0,mean,ko,zh,r5,256,512,delta,ok,0.625
trillionlabs/Tri-0.5B-Base,24,1.0,mean,ko,zh,r10,256,512,raw,ok,0.453125
trillionlabs/Tri-0.5B-Base,24,1.0,mean,ko,zh,r10,256,512,aligned,ok,0.943359375
trillionlabs/Tri-0.5B-Base,24,1.0,mean,ko,zh,r10,256,512,delta,ok,0.490234375
trillionlabs/Tri-0.5B-Base,24,1.0,mean,ko,zh,mrr,256,512,raw,ok,0.1684767953077749
trillionlabs/Tri-0.5B-Base,24,1.0,mean,ko,zh,mrr,256,512,aligned,ok,0.8011158157437115
trillionlabs/Tri-0.5B-Base,24,1.0,mean,ko,zh,mrr,256,512,delta,ok,0.6326390204359366
trillionlabs/Tri-0.5B-Base,24,1.0,mean,zh,ko,r1,256,512,raw,ok,0.115234375
trillionlabs/Tri-0.5B-Base,24,1.0,mean,zh,ko,r1,256,512,aligned,ok,0.64453125
trillionlabs/Tri-0.5B-Base,24,1.0,mean,zh,ko,r1,256,512,delta,ok,0.529296875
trillionlabs/Tri-0.5B-Base,24,1.0,mean,zh,ko,r5,256,512,raw,ok,0.287109375
trillionlabs/Tri-0.5B-Base,24,1.0,mean,zh,ko,r5,256,512,aligned,ok,0.87109375
trillionlabs/Tri-0.5B-Base,24,1.0,mean,zh,ko,r5,256,512,delta,ok,0.583984375
trillionlabs/Tri-0.5B-Base,24,1.0,mean,zh,ko,r10,256,512,raw,ok,0.380859375
trillionlabs/Tri-0.5B-Base,24,1.0,mean,zh,ko,r10,256,512,aligned,ok,0.919921875
trillionlabs/Tri-0.5B-Base,24,1.0,mean,zh,ko,r10,256,512,delta,ok,0.5390625
trillionlabs/Tri-0.5B-Base,24,1.0,mean,zh,ko,mrr,256,512,raw,ok,0.19891927635798828
trillionlabs/Tri-0.5B-Base,24,1.0,mean,zh,ko,mrr,256,512,aligned,ok,0.7454998000084583
trillionlabs/Tri-0.5B-Base,24,1.0,mean,zh,ko,mrr,256,512,delta,ok,0.5465805236504699
trillionlabs/Tri-0.5B-Base,24,1.0,mean,ja,zh,r1,256,512,raw,ok,0.125
trillionlabs/Tri-0.5B-Base,24,1.0,mean,ja,zh,r1,256,512,aligned,ok,0.6953125
trillionlabs/Tri-0.5B-Base,24,1.0,mean,ja,zh,r1,256,512,delta,ok,0.5703125
trillionlabs/Tri-0.5B-Base,24,1.0,mean,ja,zh,r5,256,512,raw,ok,0.423828125
trillionlabs/Tri-0.5B-Base,24,1.0,mean,ja,zh,r5,256,512,aligned,ok,0.912109375
trillionlabs/Tri-0.5B-Base,24,1.0,mean,ja,zh,r5,256,512,delta,ok,0.48828125
trillionlabs/Tri-0.5B-Base,24,1.0,mean,ja,zh,r10,256,512,raw,ok,0.556640625
trillionlabs/Tri-0.5B-Base,24,1.0,mean,ja,zh,r10,256,512,aligned,ok,0.96484375
trillionlabs/Tri-0.5B-Base,24,1.0,mean,ja,zh,r10,256,512,delta,ok,0.408203125
trillionlabs/Tri-0.5B-Base,24,1.0,mean,ja,zh,mrr,256,512,raw,ok,0.2707226803412689
trillionlabs/Tri-0.5B-Base,24,1.0,mean,ja,zh,mrr,256,512,aligned,ok,0.7897777619375823
trillionlabs/Tri-0.5B-Base,24,1.0,mean,ja,zh,mrr,256,512,delta,ok,0.5190550815963134
trillionlabs/Tri-0.5B-Base,24,1.0,mean,zh,ja,r1,256,512,raw,ok,0.033203125
trillionlabs/Tri-0.5B-Base,24,1.0,mean,zh,ja,r1,256,512,aligned,ok,0.666015625
trillionlabs/Tri-0.5B-Base,24,1.0,mean,zh,ja,r1,256,512,delta,ok,0.6328125
trillionlabs/Tri-0.5B-Base,24,1.0,mean,zh,ja,r5,256,512,raw,ok,0.1953125
trillionlabs/Tri-0.5B-Base,24,1.0,mean,zh,ja,r5,256,512,aligned,ok,0.884765625
trillionlabs/Tri-0.5B-Base,24,1.0,mean,zh,ja,r5,256,512,delta,ok,0.689453125
trillionlabs/Tri-0.5B-Base,24,1.0,mean,zh,ja,r10,256,512,raw,ok,0.341796875
trillionlabs/Tri-0.5B-Base,24,1.0,mean,zh,ja,r10,256,512,aligned,ok,0.935546875
trillionlabs/Tri-0.5B-Base,24,1.0,mean,zh,ja,r10,256,512,delta,ok,0.59375
trillionlabs/Tri-0.5B-Base,24,1.0,mean,zh,ja,mrr,256,512,raw,ok,0.12836924197409794
trillionlabs/Tri-0.5B-Base,24,1.0,mean,zh,ja,mrr,256,512,aligned,ok,0.7630801656042544
trillionlabs/Tri-0.5B-Base,24,1.0,mean,zh,ja,mrr,256,512,delta,ok,0.6347109236301565
